ISO-10303-21;
HEADER;
FILE_DESCRIPTION(('STEP AP203'),'1');
FILE_NAME('347920040.stp','2026-04-10T19:01:05',('TraceParts'),('TraceParts S.A.S.'),'Spatial InterOp 3D',' ',' ');
FILE_SCHEMA(('CONFIG_CONTROL_DESIGN'));
ENDSEC;
DATA;
#1=DESIGN_CONTEXT('',#27,'design');
#2=APPLICATION_PROTOCOL_DEFINITION('INTERNATIONAL STANDARD','config_control_design',1994,#27);
#3=PRODUCT_CATEGORY_RELATIONSHIP('NONE','NONE',#28,#29);
#4=DATE_AND_TIME(#30,#31);
#5=DATE_TIME_ROLE('creation_date');
#6=DATE_TIME_ROLE('classification_date');
#7=PERSON_AND_ORGANIZATION_ROLE('creator');
#8=PERSON_AND_ORGANIZATION_ROLE('design_supplier');
#9=PERSON_AND_ORGANIZATION_ROLE('classification_officer');
#10=PERSON_AND_ORGANIZATION_ROLE('design_owner');
#11=APPROVAL_PERSON_ORGANIZATION(#32,#33,#34);
#12=APPROVAL_DATE_TIME(#4,#33);
#13=CC_DESIGN_APPROVAL(#33,(#35,#36,#37));
#14=CC_DESIGN_DATE_AND_TIME_ASSIGNMENT(#4,#5,(#37));
#15=CC_DESIGN_DATE_AND_TIME_ASSIGNMENT(#4,#6,(#35));
#16=CC_DESIGN_PERSON_AND_ORGANIZATION_ASSIGNMENT(#32,#10,(#38));
#17=CC_DESIGN_PERSON_AND_ORGANIZATION_ASSIGNMENT(#32,#7,(#37));
#18=CC_DESIGN_PERSON_AND_ORGANIZATION_ASSIGNMENT(#32,#7,(#36));
#19=CC_DESIGN_PERSON_AND_ORGANIZATION_ASSIGNMENT(#32,#8,(#36));
#20=CC_DESIGN_SECURITY_CLASSIFICATION(#35,(#36));
#21=CC_DESIGN_PERSON_AND_ORGANIZATION_ASSIGNMENT(#32,#9,(#35));
#22=SHAPE_DEFINITION_REPRESENTATION(#39,#40);
#23= (GEOMETRIC_REPRESENTATION_CONTEXT(3)GLOBAL_UNCERTAINTY_ASSIGNED_CONTEXT((#43))GLOBAL_UNIT_ASSIGNED_CONTEXT((#45,#46,#47))REPRESENTATION_CONTEXT('NONE','WORKSPACE'));
#27=APPLICATION_CONTEXT('CONFIGURATION CONTROLLED 3D DESIGNS OF MECHANICAL PARTS AND ASSEMBLIES');
#28=PRODUCT_CATEGORY('part','NONE');
#29=PRODUCT_RELATED_PRODUCT_CATEGORY('detail',' ',(#38));
#30=CALENDAR_DATE(2026,10,3);
#31=LOCAL_TIME(21,1,5.0,#49);
#32=PERSON_AND_ORGANIZATION(#50,#51);
#33=APPROVAL(#52,'SOLID MODEL');
#34=APPROVAL_ROLE('APPROVED');
#35=SECURITY_CLASSIFICATION('','',#53);
#36=PRODUCT_DEFINITION_FORMATION_WITH_SPECIFIED_SOURCE(' ','NONE',#38,.NOT_KNOWN.);
#37=PRODUCT_DEFINITION('','NONE',#36,#1);
#38=PRODUCT('1','','PART--DESC',(#54));
#39=PRODUCT_DEFINITION_SHAPE('NONE','NONE',#37);
#40=ADVANCED_BREP_SHAPE_REPRESENTATION('1',(#55,#56),#23);
#43=UNCERTAINTY_MEASURE_WITH_UNIT(LENGTH_MEASURE(1.0E-06),#45,'','');
#45= (CONVERSION_BASED_UNIT('MILLIMETRE',#59)LENGTH_UNIT()NAMED_UNIT(#62));
#46= (NAMED_UNIT(#64)PLANE_ANGLE_UNIT()SI_UNIT($,.RADIAN.));
#47= (NAMED_UNIT(#64)SOLID_ANGLE_UNIT()SI_UNIT($,.STERADIAN.));
#49=COORDINATED_UNIVERSAL_TIME_OFFSET(1,0,.AHEAD.);
#50=PERSON('','UNSPECIFIED',$,$,$,$);
#51=ORGANIZATION('UNSPECIFIED','UNSPECIFIED','UNSPECIFIED');
#52=APPROVAL_STATUS('approved');
#53=SECURITY_CLASSIFICATION_LEVEL('unclassified');
#54=MECHANICAL_CONTEXT('',#27,'mechanical');
#55=MANIFOLD_SOLID_BREP('1',#70);
#56=AXIS2_PLACEMENT_3D('',#71,#72,#73);
#59=LENGTH_MEASURE_WITH_UNIT(LENGTH_MEASURE(1.0),#74);
#62=DIMENSIONAL_EXPONENTS(1.0,0.0,0.0,0.0,0.0,0.0,0.0);
#64=DIMENSIONAL_EXPONENTS(0.0,0.0,0.0,0.0,0.0,0.0,0.0);
#70=CLOSED_SHELL('',(#75,#76,#77,#78,#79,#80,#81,#82,#83,#84,#85,#86,#87,#88,#89,#90,#91,#92,#93,#94,#95,#96,#97,#98,#99,#100,#101,#102,#103,#104,#105,#106,#107,#108,#109,#110,#111,#112,#113,#114,#115,#116,#117,#118,#119,#120,#121,#122,#123,#124,#125,#126,#127,#128,#129,#130,#131,#132,#133,#134,#135,#136,#137,#138,#139,#140,#141,#142,#143,#144,#145,#146,#147,#148,#149,#150,#151,#152,#153,#154,#155,#156,#157,#158,#159,#160,#161,#162,#163,#164,#165,#166,#167,#168,#169,#170,#171,#172,#173,#174,#175,#176,#177,#178,#179,#180,#181,#182,#183,#184,#185,#186,#187,#188,#189,#190,#191,#192,#193,#194,#195,#196,#197,#198,#199,#200,#201,#202,#203,#204,#205,#206,#207,#208,#209,#210,#211,#212,#213,#214,#215,#216,#217,#218,#219,#220,#221,#222,#223,#224,#225,#226,#227,#228,#229,#230,#231,#232,#233,#234,#235,#236,#237,#238,#239,#240,#241,#242,#243,#244,#245,#246,#247,#248,#249,#250,#251,#252,#253,#254,#255,#256,#257,#258,#259,#260,#261,#262,#263,#264,#265,#266,#267,#268,#269,#270,#271,#272,#273,#274,#275,#276,#277,#278,#279,#280,#281,#282,#283,#284,#285,#286,#287,#288,#289,#290,#291,#292,#293,#294,#295,#296,#297,#298,#299,#300,#301,#302,#303,#304,#305,#306,#307,#308,#309,#310,#311,#312,#313,#314,#315,#316,#317,#318,#319,#320,#321,#322,#323,#324,#325,#326,#327,#328,#329,#330,#331,#332,#333,#334,#335,#336,#337,#338,#339,#340,#341,#342,#343,#344,#345,#346,#347,#348,#349,#350,#351,#352,#353,#354,#355,#356,#357,#358,#359,#360,#361,#362,#363,#364,#365,#366,#367,#368,#369,#370,#371,#372,#373,#374,#375,#376,#377,#378,#379,#380,#381,#382,#383,#384,#385,#386,#387,#388,#389,#390,#391,#392,#393,#394,#395,#396,#397,#398,#399,#400,#401,#402,#403,#404,#405,#406,#407,#408,#409,#410,#411,#412,#413,#414,#415,#416,#417,#418,#419,#420,#421,#422,#423,#424,#425,#426,#427,#428,#429,#430,#431,#432,#433,#434,#435,#436,#437,#438,#439,#440,#441,#442,#443,#444,#445,#446,#447,#448,#449,#450,#451,#452,#453,#454,#455,#456,#457,#458,#459,#460,#461,#462,#463,#464,#465,#466,#467,#468,#469,#470,#471,#472,#473,#474,#475,#476,#477,#478,#479,#480,#481,#482,#483,#484,#485,#486,#487,#488,#489,#490,#491,#492,#493,#494,#495,#496,#497,#498,#499,#500,#501,#502,#503,#504,#505,#506,#507,#508,#509,#510,#511,#512,#513,#514,#515,#516,#517,#518,#519,#520,#521,#522,#523,#524,#525,#526,#527,#528,#529,#530,#531,#532,#533,#534,#535,#536,#537,#538,#539,#540,#541,#542,#543,#544,#545,#546,#547,#548,#549,#550,#551,#552,#553,#554,#555,#556,#557,#558,#559,#560,#561,#562,#563,#564,#565,#566,#567,#568,#569,#570,#571,#572,#573,#574,#575,#576,#577,#578,#579,#580,#581,#582,#583,#584,#585,#586,#587,#588,#589,#590,#591,#592,#593,#594,#595,#596,#597,#598,#599,#600,#601,#602,#603,#604,#605,#606,#607,#608,#609,#610,#611,#612,#613,#614,#615,#616,#617,#618,#619,#620,#621,#622,#623,#624,#625,#626,#627,#628,#629,#630,#631,#632,#633,#634,#635,#636,#637,#638,#639,#640,#641,#642,#643,#644,#645,#646,#647,#648,#649,#650,#651));
#71=CARTESIAN_POINT('',(0.0,0.0,0.0));
#72=DIRECTION('',(0.0,0.0,1.0));
#73=DIRECTION('',(1.0,0.0,0.0));
#74= (NAMED_UNIT(#62)LENGTH_UNIT()SI_UNIT(.MILLI.,.METRE.));
#75=ADVANCED_FACE('',(#653),#654,.T.);
#76=ADVANCED_FACE('',(#655),#656,.T.);
#77=ADVANCED_FACE('',(#657),#658,.T.);
#78=ADVANCED_FACE('',(#659),#660,.T.);
#79=ADVANCED_FACE('',(#661),#662,.T.);
#80=ADVANCED_FACE('',(#663),#664,.T.);
#81=ADVANCED_FACE('',(#665),#666,.T.);
#82=ADVANCED_FACE('',(#667),#668,.T.);
#83=ADVANCED_FACE('',(#669),#670,.T.);
#84=ADVANCED_FACE('',(#671),#672,.T.);
#85=ADVANCED_FACE('',(#673),#674,.T.);
#86=ADVANCED_FACE('',(#675),#676,.F.);
#87=ADVANCED_FACE('',(#677),#678,.T.);
#88=ADVANCED_FACE('',(#679),#680,.T.);
#89=ADVANCED_FACE('',(#681),#682,.T.);
#90=ADVANCED_FACE('',(#683),#684,.T.);
#91=ADVANCED_FACE('',(#685),#686,.T.);
#92=ADVANCED_FACE('',(#687),#688,.F.);
#93=ADVANCED_FACE('',(#689),#690,.F.);
#94=ADVANCED_FACE('',(#691),#692,.T.);
#95=ADVANCED_FACE('',(#693),#694,.F.);
#96=ADVANCED_FACE('',(#695),#696,.T.);
#97=ADVANCED_FACE('',(#697),#698,.F.);
#98=ADVANCED_FACE('',(#699),#700,.T.);
#99=ADVANCED_FACE('',(#701),#702,.F.);
#100=ADVANCED_FACE('',(#703),#704,.F.);
#101=ADVANCED_FACE('',(#705),#706,.F.);
#102=ADVANCED_FACE('',(#707),#708,.T.);
#103=ADVANCED_FACE('',(#709),#710,.T.);
#104=ADVANCED_FACE('',(#711),#712,.T.);
#105=ADVANCED_FACE('',(#713),#714,.T.);
#106=ADVANCED_FACE('',(#715),#716,.F.);
#107=ADVANCED_FACE('',(#717),#718,.F.);
#108=ADVANCED_FACE('',(#719),#720,.T.);
#109=ADVANCED_FACE('',(#721),#722,.T.);
#110=ADVANCED_FACE('',(#723),#724,.T.);
#111=ADVANCED_FACE('',(#725),#726,.T.);
#112=ADVANCED_FACE('',(#727),#728,.F.);
#113=ADVANCED_FACE('',(#729),#730,.F.);
#114=ADVANCED_FACE('',(#731),#732,.F.);
#115=ADVANCED_FACE('',(#733),#734,.T.);
#116=ADVANCED_FACE('',(#735),#736,.T.);
#117=ADVANCED_FACE('',(#737),#738,.T.);
#118=ADVANCED_FACE('',(#739),#740,.T.);
#119=ADVANCED_FACE('',(#741),#742,.T.);
#120=ADVANCED_FACE('',(#743),#744,.T.);
#121=ADVANCED_FACE('',(#745),#746,.T.);
#122=ADVANCED_FACE('',(#747),#748,.T.);
#123=ADVANCED_FACE('',(#749),#750,.F.);
#124=ADVANCED_FACE('',(#751),#752,.F.);
#125=ADVANCED_FACE('',(#753),#754,.F.);
#126=ADVANCED_FACE('',(#755),#756,.T.);
#127=ADVANCED_FACE('',(#757),#758,.F.);
#128=ADVANCED_FACE('',(#759),#760,.F.);
#129=ADVANCED_FACE('',(#761),#762,.T.);
#130=ADVANCED_FACE('',(#763),#764,.F.);
#131=ADVANCED_FACE('',(#765),#766,.F.);
#132=ADVANCED_FACE('',(#767),#768,.T.);
#133=ADVANCED_FACE('',(#769),#770,.F.);
#134=ADVANCED_FACE('',(#771),#772,.T.);
#135=ADVANCED_FACE('',(#773),#774,.F.);
#136=ADVANCED_FACE('',(#775),#776,.T.);
#137=ADVANCED_FACE('',(#777),#778,.F.);
#138=ADVANCED_FACE('',(#779),#780,.F.);
#139=ADVANCED_FACE('',(#781),#782,.F.);
#140=ADVANCED_FACE('',(#783),#784,.T.);
#141=ADVANCED_FACE('',(#785),#786,.T.);
#142=ADVANCED_FACE('',(#787),#788,.T.);
#143=ADVANCED_FACE('',(#789),#790,.T.);
#144=ADVANCED_FACE('',(#791),#792,.F.);
#145=ADVANCED_FACE('',(#793),#794,.F.);
#146=ADVANCED_FACE('',(#795),#796,.T.);
#147=ADVANCED_FACE('',(#797),#798,.T.);
#148=ADVANCED_FACE('',(#799),#800,.T.);
#149=ADVANCED_FACE('',(#801),#802,.T.);
#150=ADVANCED_FACE('',(#803),#804,.F.);
#151=ADVANCED_FACE('',(#805),#806,.F.);
#152=ADVANCED_FACE('',(#807),#808,.F.);
#153=ADVANCED_FACE('',(#809),#810,.T.);
#154=ADVANCED_FACE('',(#811),#812,.T.);
#155=ADVANCED_FACE('',(#813),#814,.T.);
#156=ADVANCED_FACE('',(#815),#816,.T.);
#157=ADVANCED_FACE('',(#817),#818,.T.);
#158=ADVANCED_FACE('',(#819),#820,.T.);
#159=ADVANCED_FACE('',(#821),#822,.T.);
#160=ADVANCED_FACE('',(#823),#824,.T.);
#161=ADVANCED_FACE('',(#825),#826,.F.);
#162=ADVANCED_FACE('',(#827),#828,.F.);
#163=ADVANCED_FACE('',(#829),#830,.F.);
#164=ADVANCED_FACE('',(#831),#832,.T.);
#165=ADVANCED_FACE('',(#833),#834,.F.);
#166=ADVANCED_FACE('',(#835),#836,.F.);
#167=ADVANCED_FACE('',(#837),#838,.T.);
#168=ADVANCED_FACE('',(#839),#840,.F.);
#169=ADVANCED_FACE('',(#841),#842,.F.);
#170=ADVANCED_FACE('',(#843),#844,.T.);
#171=ADVANCED_FACE('',(#845),#846,.F.);
#172=ADVANCED_FACE('',(#847),#848,.T.);
#173=ADVANCED_FACE('',(#849),#850,.F.);
#174=ADVANCED_FACE('',(#851),#852,.T.);
#175=ADVANCED_FACE('',(#853),#854,.F.);
#176=ADVANCED_FACE('',(#855),#856,.F.);
#177=ADVANCED_FACE('',(#857),#858,.F.);
#178=ADVANCED_FACE('',(#859),#860,.T.);
#179=ADVANCED_FACE('',(#861),#862,.T.);
#180=ADVANCED_FACE('',(#863),#864,.T.);
#181=ADVANCED_FACE('',(#865),#866,.T.);
#182=ADVANCED_FACE('',(#867),#868,.F.);
#183=ADVANCED_FACE('',(#869),#870,.F.);
#184=ADVANCED_FACE('',(#871),#872,.T.);
#185=ADVANCED_FACE('',(#873),#874,.T.);
#186=ADVANCED_FACE('',(#875),#876,.T.);
#187=ADVANCED_FACE('',(#877),#878,.T.);
#188=ADVANCED_FACE('',(#879),#880,.F.);
#189=ADVANCED_FACE('',(#881),#882,.F.);
#190=ADVANCED_FACE('',(#883),#884,.F.);
#191=ADVANCED_FACE('',(#885),#886,.T.);
#192=ADVANCED_FACE('',(#887),#888,.T.);
#193=ADVANCED_FACE('',(#889),#890,.T.);
#194=ADVANCED_FACE('',(#891),#892,.T.);
#195=ADVANCED_FACE('',(#893),#894,.T.);
#196=ADVANCED_FACE('',(#895),#896,.T.);
#197=ADVANCED_FACE('',(#897),#898,.T.);
#198=ADVANCED_FACE('',(#899),#900,.T.);
#199=ADVANCED_FACE('',(#901),#902,.F.);
#200=ADVANCED_FACE('',(#903),#904,.F.);
#201=ADVANCED_FACE('',(#905),#906,.F.);
#202=ADVANCED_FACE('',(#907),#908,.T.);
#203=ADVANCED_FACE('',(#909),#910,.F.);
#204=ADVANCED_FACE('',(#911),#912,.F.);
#205=ADVANCED_FACE('',(#913),#914,.T.);
#206=ADVANCED_FACE('',(#915),#916,.F.);
#207=ADVANCED_FACE('',(#917),#918,.F.);
#208=ADVANCED_FACE('',(#919),#920,.T.);
#209=ADVANCED_FACE('',(#921),#922,.F.);
#210=ADVANCED_FACE('',(#923),#924,.T.);
#211=ADVANCED_FACE('',(#925),#926,.F.);
#212=ADVANCED_FACE('',(#927),#928,.T.);
#213=ADVANCED_FACE('',(#929),#930,.F.);
#214=ADVANCED_FACE('',(#931),#932,.F.);
#215=ADVANCED_FACE('',(#933),#934,.F.);
#216=ADVANCED_FACE('',(#935),#936,.T.);
#217=ADVANCED_FACE('',(#937),#938,.T.);
#218=ADVANCED_FACE('',(#939),#940,.T.);
#219=ADVANCED_FACE('',(#941),#942,.T.);
#220=ADVANCED_FACE('',(#943),#944,.F.);
#221=ADVANCED_FACE('',(#945),#946,.F.);
#222=ADVANCED_FACE('',(#947),#948,.T.);
#223=ADVANCED_FACE('',(#949),#950,.T.);
#224=ADVANCED_FACE('',(#951),#952,.T.);
#225=ADVANCED_FACE('',(#953),#954,.T.);
#226=ADVANCED_FACE('',(#955),#956,.F.);
#227=ADVANCED_FACE('',(#957),#958,.F.);
#228=ADVANCED_FACE('',(#959),#960,.F.);
#229=ADVANCED_FACE('',(#961),#962,.T.);
#230=ADVANCED_FACE('',(#963),#964,.T.);
#231=ADVANCED_FACE('',(#965),#966,.T.);
#232=ADVANCED_FACE('',(#967),#968,.T.);
#233=ADVANCED_FACE('',(#969),#970,.T.);
#234=ADVANCED_FACE('',(#971),#972,.T.);
#235=ADVANCED_FACE('',(#973),#974,.T.);
#236=ADVANCED_FACE('',(#975),#976,.T.);
#237=ADVANCED_FACE('',(#977),#978,.F.);
#238=ADVANCED_FACE('',(#979),#980,.F.);
#239=ADVANCED_FACE('',(#981),#982,.F.);
#240=ADVANCED_FACE('',(#983),#984,.T.);
#241=ADVANCED_FACE('',(#985),#986,.F.);
#242=ADVANCED_FACE('',(#987),#988,.F.);
#243=ADVANCED_FACE('',(#989),#990,.F.);
#244=ADVANCED_FACE('',(#991),#992,.F.);
#245=ADVANCED_FACE('',(#993),#994,.F.);
#246=ADVANCED_FACE('',(#995),#996,.T.);
#247=ADVANCED_FACE('',(#997),#998,.T.);
#248=ADVANCED_FACE('',(#999),#1000,.T.);
#249=ADVANCED_FACE('',(#1001),#1002,.T.);
#250=ADVANCED_FACE('',(#1003),#1004,.T.);
#251=ADVANCED_FACE('',(#1005),#1006,.T.);
#252=ADVANCED_FACE('',(#1007),#1008,.T.);
#253=ADVANCED_FACE('',(#1009),#1010,.T.);
#254=ADVANCED_FACE('',(#1011),#1012,.T.);
#255=ADVANCED_FACE('',(#1013),#1014,.T.);
#256=ADVANCED_FACE('',(#1015),#1016,.F.);
#257=ADVANCED_FACE('',(#1017),#1018,.T.);
#258=ADVANCED_FACE('',(#1019),#1020,.T.);
#259=ADVANCED_FACE('',(#1021),#1022,.T.);
#260=ADVANCED_FACE('',(#1023),#1024,.T.);
#261=ADVANCED_FACE('',(#1025),#1026,.T.);
#262=ADVANCED_FACE('',(#1027),#1028,.T.);
#263=ADVANCED_FACE('',(#1029),#1030,.T.);
#264=ADVANCED_FACE('',(#1031),#1032,.T.);
#265=ADVANCED_FACE('',(#1033),#1034,.F.);
#266=ADVANCED_FACE('',(#1035),#1036,.T.);
#267=ADVANCED_FACE('',(#1037),#1038,.T.);
#268=ADVANCED_FACE('',(#1039),#1040,.T.);
#269=ADVANCED_FACE('',(#1041),#1042,.T.);
#270=ADVANCED_FACE('',(#1043),#1044,.T.);
#271=ADVANCED_FACE('',(#1045),#1046,.T.);
#272=ADVANCED_FACE('',(#1047),#1048,.T.);
#273=ADVANCED_FACE('',(#1049),#1050,.T.);
#274=ADVANCED_FACE('',(#1051),#1052,.T.);
#275=ADVANCED_FACE('',(#1053),#1054,.T.);
#276=ADVANCED_FACE('',(#1055),#1056,.F.);
#277=ADVANCED_FACE('',(#1057),#1058,.T.);
#278=ADVANCED_FACE('',(#1059),#1060,.T.);
#279=ADVANCED_FACE('',(#1061),#1062,.T.);
#280=ADVANCED_FACE('',(#1063),#1064,.T.);
#281=ADVANCED_FACE('',(#1065),#1066,.T.);
#282=ADVANCED_FACE('',(#1067),#1068,.T.);
#283=ADVANCED_FACE('',(#1069),#1070,.T.);
#284=ADVANCED_FACE('',(#1071),#1072,.T.);
#285=ADVANCED_FACE('',(#1073),#1074,.F.);
#286=ADVANCED_FACE('',(#1075),#1076,.T.);
#287=ADVANCED_FACE('',(#1077),#1078,.T.);
#288=ADVANCED_FACE('',(#1079),#1080,.T.);
#289=ADVANCED_FACE('',(#1081),#1082,.T.);
#290=ADVANCED_FACE('',(#1083),#1084,.T.);
#291=ADVANCED_FACE('',(#1085),#1086,.T.);
#292=ADVANCED_FACE('',(#1087),#1088,.T.);
#293=ADVANCED_FACE('',(#1089),#1090,.T.);
#294=ADVANCED_FACE('',(#1091),#1092,.T.);
#295=ADVANCED_FACE('',(#1093),#1094,.T.);
#296=ADVANCED_FACE('',(#1095),#1096,.T.);
#297=ADVANCED_FACE('',(#1097),#1098,.T.);
#298=ADVANCED_FACE('',(#1099),#1100,.F.);
#299=ADVANCED_FACE('',(#1101),#1102,.F.);
#300=ADVANCED_FACE('',(#1103),#1104,.F.);
#301=ADVANCED_FACE('',(#1105),#1106,.F.);
#302=ADVANCED_FACE('',(#1107),#1108,.F.);
#303=ADVANCED_FACE('',(#1109),#1110,.F.);
#304=ADVANCED_FACE('',(#1111),#1112,.F.);
#305=ADVANCED_FACE('',(#1113),#1114,.F.);
#306=ADVANCED_FACE('',(#1115),#1116,.F.);
#307=ADVANCED_FACE('',(#1117),#1118,.T.);
#308=ADVANCED_FACE('',(#1119),#1120,.T.);
#309=ADVANCED_FACE('',(#1121),#1122,.F.);
#310=ADVANCED_FACE('',(#1123),#1124,.T.);
#311=ADVANCED_FACE('',(#1125),#1126,.F.);
#312=ADVANCED_FACE('',(#1127),#1128,.T.);
#313=ADVANCED_FACE('',(#1129),#1130,.T.);
#314=ADVANCED_FACE('',(#1131),#1132,.T.);
#315=ADVANCED_FACE('',(#1133),#1134,.T.);
#316=ADVANCED_FACE('',(#1135),#1136,.T.);
#317=ADVANCED_FACE('',(#1137),#1138,.T.);
#318=ADVANCED_FACE('',(#1139),#1140,.F.);
#319=ADVANCED_FACE('',(#1141),#1142,.T.);
#320=ADVANCED_FACE('',(#1143),#1144,.T.);
#321=ADVANCED_FACE('',(#1145),#1146,.T.);
#322=ADVANCED_FACE('',(#1147),#1148,.T.);
#323=ADVANCED_FACE('',(#1149),#1150,.T.);
#324=ADVANCED_FACE('',(#1151),#1152,.T.);
#325=ADVANCED_FACE('',(#1153),#1154,.T.);
#326=ADVANCED_FACE('',(#1155),#1156,.F.);
#327=ADVANCED_FACE('',(#1157),#1158,.T.);
#328=ADVANCED_FACE('',(#1159),#1160,.T.);
#329=ADVANCED_FACE('',(#1161),#1162,.T.);
#330=ADVANCED_FACE('',(#1163),#1164,.F.);
#331=ADVANCED_FACE('',(#1165),#1166,.T.);
#332=ADVANCED_FACE('',(#1167),#1168,.F.);
#333=ADVANCED_FACE('',(#1169),#1170,.T.);
#334=ADVANCED_FACE('',(#1171),#1172,.T.);
#335=ADVANCED_FACE('',(#1173),#1174,.T.);
#336=ADVANCED_FACE('',(#1175),#1176,.T.);
#337=ADVANCED_FACE('',(#1177),#1178,.T.);
#338=ADVANCED_FACE('',(#1179),#1180,.T.);
#339=ADVANCED_FACE('',(#1181),#1182,.F.);
#340=ADVANCED_FACE('',(#1183),#1184,.T.);
#341=ADVANCED_FACE('',(#1185),#1186,.F.);
#342=ADVANCED_FACE('',(#1187),#1188,.T.);
#343=ADVANCED_FACE('',(#1189),#1190,.T.);
#344=ADVANCED_FACE('',(#1191),#1192,.T.);
#345=ADVANCED_FACE('',(#1193),#1194,.T.);
#346=ADVANCED_FACE('',(#1195),#1196,.T.);
#347=ADVANCED_FACE('',(#1197),#1198,.T.);
#348=ADVANCED_FACE('',(#1199),#1200,.F.);
#349=ADVANCED_FACE('',(#1201),#1202,.T.);
#350=ADVANCED_FACE('',(#1203),#1204,.T.);
#351=ADVANCED_FACE('',(#1205),#1206,.T.);
#352=ADVANCED_FACE('',(#1207),#1208,.T.);
#353=ADVANCED_FACE('',(#1209),#1210,.T.);
#354=ADVANCED_FACE('',(#1211),#1212,.T.);
#355=ADVANCED_FACE('',(#1213),#1214,.T.);
#356=ADVANCED_FACE('',(#1215),#1216,.F.);
#357=ADVANCED_FACE('',(#1217),#1218,.T.);
#358=ADVANCED_FACE('',(#1219),#1220,.T.);
#359=ADVANCED_FACE('',(#1221),#1222,.T.);
#360=ADVANCED_FACE('',(#1223),#1224,.F.);
#361=ADVANCED_FACE('',(#1225),#1226,.T.);
#362=ADVANCED_FACE('',(#1227),#1228,.T.);
#363=ADVANCED_FACE('',(#1229),#1230,.F.);
#364=ADVANCED_FACE('',(#1231),#1232,.T.);
#365=ADVANCED_FACE('',(#1233),#1234,.F.);
#366=ADVANCED_FACE('',(#1235),#1236,.F.);
#367=ADVANCED_FACE('',(#1237),#1238,.F.);
#368=ADVANCED_FACE('',(#1239),#1240,.F.);
#369=ADVANCED_FACE('',(#1241),#1242,.F.);
#370=ADVANCED_FACE('',(#1243),#1244,.F.);
#371=ADVANCED_FACE('',(#1245),#1246,.T.);
#372=ADVANCED_FACE('',(#1247),#1248,.T.);
#373=ADVANCED_FACE('',(#1249),#1250,.T.);
#374=ADVANCED_FACE('',(#1251),#1252,.T.);
#375=ADVANCED_FACE('',(#1253),#1254,.T.);
#376=ADVANCED_FACE('',(#1255),#1256,.T.);
#377=ADVANCED_FACE('',(#1257),#1258,.T.);
#378=ADVANCED_FACE('',(#1259),#1260,.T.);
#379=ADVANCED_FACE('',(#1261),#1262,.T.);
#380=ADVANCED_FACE('',(#1263),#1264,.F.);
#381=ADVANCED_FACE('',(#1265),#1266,.T.);
#382=ADVANCED_FACE('',(#1267),#1268,.F.);
#383=ADVANCED_FACE('',(#1269),#1270,.F.);
#384=ADVANCED_FACE('',(#1271),#1272,.F.);
#385=ADVANCED_FACE('',(#1273),#1274,.T.);
#386=ADVANCED_FACE('',(#1275),#1276,.F.);
#387=ADVANCED_FACE('',(#1277),#1278,.T.);
#388=ADVANCED_FACE('',(#1279),#1280,.F.);
#389=ADVANCED_FACE('',(#1281),#1282,.T.);
#390=ADVANCED_FACE('',(#1283),#1284,.F.);
#391=ADVANCED_FACE('',(#1285),#1286,.T.);
#392=ADVANCED_FACE('',(#1287),#1288,.T.);
#393=ADVANCED_FACE('',(#1289),#1290,.T.);
#394=ADVANCED_FACE('',(#1291),#1292,.T.);
#395=ADVANCED_FACE('',(#1293),#1294,.T.);
#396=ADVANCED_FACE('',(#1295),#1296,.T.);
#397=ADVANCED_FACE('',(#1297),#1298,.T.);
#398=ADVANCED_FACE('',(#1299),#1300,.T.);
#399=ADVANCED_FACE('',(#1301),#1302,.F.);
#400=ADVANCED_FACE('',(#1303),#1304,.F.);
#401=ADVANCED_FACE('',(#1305),#1306,.F.);
#402=ADVANCED_FACE('',(#1307),#1308,.F.);
#403=ADVANCED_FACE('',(#1309),#1310,.T.);
#404=ADVANCED_FACE('',(#1311),#1312,.T.);
#405=ADVANCED_FACE('',(#1313),#1314,.T.);
#406=ADVANCED_FACE('',(#1315),#1316,.F.);
#407=ADVANCED_FACE('',(#1317),#1318,.T.);
#408=ADVANCED_FACE('',(#1319),#1320,.T.);
#409=ADVANCED_FACE('',(#1321),#1322,.F.);
#410=ADVANCED_FACE('',(#1323),#1324,.T.);
#411=ADVANCED_FACE('',(#1325),#1326,.T.);
#412=ADVANCED_FACE('',(#1327),#1328,.T.);
#413=ADVANCED_FACE('',(#1329),#1330,.F.);
#414=ADVANCED_FACE('',(#1331),#1332,.T.);
#415=ADVANCED_FACE('',(#1333),#1334,.T.);
#416=ADVANCED_FACE('',(#1335),#1336,.T.);
#417=ADVANCED_FACE('',(#1337),#1338,.T.);
#418=ADVANCED_FACE('',(#1339),#1340,.T.);
#419=ADVANCED_FACE('',(#1341),#1342,.T.);
#420=ADVANCED_FACE('',(#1343),#1344,.T.);
#421=ADVANCED_FACE('',(#1345),#1346,.T.);
#422=ADVANCED_FACE('',(#1347),#1348,.T.);
#423=ADVANCED_FACE('',(#1349),#1350,.T.);
#424=ADVANCED_FACE('',(#1351),#1352,.T.);
#425=ADVANCED_FACE('',(#1353),#1354,.T.);
#426=ADVANCED_FACE('',(#1355),#1356,.T.);
#427=ADVANCED_FACE('',(#1357),#1358,.T.);
#428=ADVANCED_FACE('',(#1359),#1360,.T.);
#429=ADVANCED_FACE('',(#1361),#1362,.T.);
#430=ADVANCED_FACE('',(#1363),#1364,.T.);
#431=ADVANCED_FACE('',(#1365),#1366,.T.);
#432=ADVANCED_FACE('',(#1367),#1368,.T.);
#433=ADVANCED_FACE('',(#1369),#1370,.T.);
#434=ADVANCED_FACE('',(#1371),#1372,.T.);
#435=ADVANCED_FACE('',(#1373),#1374,.F.);
#436=ADVANCED_FACE('',(#1375),#1376,.T.);
#437=ADVANCED_FACE('',(#1377),#1378,.T.);
#438=ADVANCED_FACE('',(#1379),#1380,.T.);
#439=ADVANCED_FACE('',(#1381),#1382,.F.);
#440=ADVANCED_FACE('',(#1383),#1384,.T.);
#441=ADVANCED_FACE('',(#1385),#1386,.T.);
#442=ADVANCED_FACE('',(#1387),#1388,.F.);
#443=ADVANCED_FACE('',(#1389),#1390,.T.);
#444=ADVANCED_FACE('',(#1391),#1392,.T.);
#445=ADVANCED_FACE('',(#1393),#1394,.T.);
#446=ADVANCED_FACE('',(#1395),#1396,.F.);
#447=ADVANCED_FACE('',(#1397),#1398,.T.);
#448=ADVANCED_FACE('',(#1399),#1400,.T.);
#449=ADVANCED_FACE('',(#1401),#1402,.T.);
#450=ADVANCED_FACE('',(#1403),#1404,.T.);
#451=ADVANCED_FACE('',(#1405),#1406,.T.);
#452=ADVANCED_FACE('',(#1407),#1408,.T.);
#453=ADVANCED_FACE('',(#1409),#1410,.T.);
#454=ADVANCED_FACE('',(#1411),#1412,.T.);
#455=ADVANCED_FACE('',(#1413),#1414,.T.);
#456=ADVANCED_FACE('',(#1415),#1416,.T.);
#457=ADVANCED_FACE('',(#1417),#1418,.T.);
#458=ADVANCED_FACE('',(#1419),#1420,.T.);
#459=ADVANCED_FACE('',(#1421),#1422,.T.);
#460=ADVANCED_FACE('',(#1423),#1424,.T.);
#461=ADVANCED_FACE('',(#1425),#1426,.T.);
#462=ADVANCED_FACE('',(#1427),#1428,.T.);
#463=ADVANCED_FACE('',(#1429),#1430,.T.);
#464=ADVANCED_FACE('',(#1431),#1432,.T.);
#465=ADVANCED_FACE('',(#1433),#1434,.T.);
#466=ADVANCED_FACE('',(#1435),#1436,.T.);
#467=ADVANCED_FACE('',(#1437),#1438,.T.);
#468=ADVANCED_FACE('',(#1439),#1440,.T.);
#469=ADVANCED_FACE('',(#1441,#1442),#1443,.T.);
#470=ADVANCED_FACE('',(#1444),#1445,.T.);
#471=ADVANCED_FACE('',(#1446),#1447,.T.);
#472=ADVANCED_FACE('',(#1448),#1449,.T.);
#473=ADVANCED_FACE('',(#1450),#1451,.T.);
#474=ADVANCED_FACE('',(#1452),#1453,.T.);
#475=ADVANCED_FACE('',(#1454),#1455,.T.);
#476=ADVANCED_FACE('',(#1456),#1457,.T.);
#477=ADVANCED_FACE('',(#1458),#1459,.T.);
#478=ADVANCED_FACE('',(#1460),#1461,.T.);
#479=ADVANCED_FACE('',(#1462),#1463,.T.);
#480=ADVANCED_FACE('',(#1464),#1465,.T.);
#481=ADVANCED_FACE('',(#1466),#1467,.T.);
#482=ADVANCED_FACE('',(#1468),#1469,.T.);
#483=ADVANCED_FACE('',(#1470),#1471,.T.);
#484=ADVANCED_FACE('',(#1472),#1473,.T.);
#485=ADVANCED_FACE('',(#1474),#1475,.F.);
#486=ADVANCED_FACE('',(#1476),#1477,.F.);
#487=ADVANCED_FACE('',(#1478),#1479,.F.);
#488=ADVANCED_FACE('',(#1480),#1481,.F.);
#489=ADVANCED_FACE('',(#1482),#1483,.F.);
#490=ADVANCED_FACE('',(#1484),#1485,.F.);
#491=ADVANCED_FACE('',(#1486),#1487,.F.);
#492=ADVANCED_FACE('',(#1488),#1489,.F.);
#493=ADVANCED_FACE('',(#1490),#1491,.F.);
#494=ADVANCED_FACE('',(#1492),#1493,.F.);
#495=ADVANCED_FACE('',(#1494),#1495,.F.);
#496=ADVANCED_FACE('',(#1496),#1497,.F.);
#497=ADVANCED_FACE('',(#1498,#1499),#1500,.T.);
#498=ADVANCED_FACE('',(#1501),#1502,.F.);
#499=ADVANCED_FACE('',(#1503),#1504,.F.);
#500=ADVANCED_FACE('',(#1505),#1506,.F.);
#501=ADVANCED_FACE('',(#1507),#1508,.F.);
#502=ADVANCED_FACE('',(#1509),#1510,.T.);
#503=ADVANCED_FACE('',(#1511),#1512,.T.);
#504=ADVANCED_FACE('',(#1513),#1514,.T.);
#505=ADVANCED_FACE('',(#1515),#1516,.T.);
#506=ADVANCED_FACE('',(#1517),#1518,.T.);
#507=ADVANCED_FACE('',(#1519),#1520,.T.);
#508=ADVANCED_FACE('',(#1521),#1522,.F.);
#509=ADVANCED_FACE('',(#1523),#1524,.T.);
#510=ADVANCED_FACE('',(#1525),#1526,.F.);
#511=ADVANCED_FACE('',(#1527),#1528,.T.);
#512=ADVANCED_FACE('',(#1529),#1530,.T.);
#513=ADVANCED_FACE('',(#1531),#1532,.T.);
#514=ADVANCED_FACE('',(#1533),#1534,.T.);
#515=ADVANCED_FACE('',(#1535),#1536,.T.);
#516=ADVANCED_FACE('',(#1537),#1538,.T.);
#517=ADVANCED_FACE('',(#1539),#1540,.T.);
#518=ADVANCED_FACE('',(#1541),#1542,.T.);
#519=ADVANCED_FACE('',(#1543),#1544,.F.);
#520=ADVANCED_FACE('',(#1545),#1546,.F.);
#521=ADVANCED_FACE('',(#1547),#1548,.F.);
#522=ADVANCED_FACE('',(#1549),#1550,.T.);
#523=ADVANCED_FACE('',(#1551),#1552,.T.);
#524=ADVANCED_FACE('',(#1553),#1554,.T.);
#525=ADVANCED_FACE('',(#1555),#1556,.T.);
#526=ADVANCED_FACE('',(#1557),#1558,.T.);
#527=ADVANCED_FACE('',(#1559),#1560,.T.);
#528=ADVANCED_FACE('',(#1561),#1562,.T.);
#529=ADVANCED_FACE('',(#1563),#1564,.T.);
#530=ADVANCED_FACE('',(#1565),#1566,.T.);
#531=ADVANCED_FACE('',(#1567),#1568,.T.);
#532=ADVANCED_FACE('',(#1569),#1570,.T.);
#533=ADVANCED_FACE('',(#1571),#1572,.T.);
#534=ADVANCED_FACE('',(#1573),#1574,.T.);
#535=ADVANCED_FACE('',(#1575),#1576,.T.);
#536=ADVANCED_FACE('',(#1577),#1578,.T.);
#537=ADVANCED_FACE('',(#1579),#1580,.T.);
#538=ADVANCED_FACE('',(#1581),#1582,.T.);
#539=ADVANCED_FACE('',(#1583),#1584,.T.);
#540=ADVANCED_FACE('',(#1585),#1586,.T.);
#541=ADVANCED_FACE('',(#1587),#1588,.T.);
#542=ADVANCED_FACE('',(#1589),#1590,.T.);
#543=ADVANCED_FACE('',(#1591),#1592,.T.);
#544=ADVANCED_FACE('',(#1593),#1594,.T.);
#545=ADVANCED_FACE('',(#1595),#1596,.T.);
#546=ADVANCED_FACE('',(#1597),#1598,.T.);
#547=ADVANCED_FACE('',(#1599),#1600,.T.);
#548=ADVANCED_FACE('',(#1601),#1602,.T.);
#549=ADVANCED_FACE('',(#1603),#1604,.T.);
#550=ADVANCED_FACE('',(#1605),#1606,.T.);
#551=ADVANCED_FACE('',(#1607),#1608,.T.);
#552=ADVANCED_FACE('',(#1609),#1610,.T.);
#553=ADVANCED_FACE('',(#1611),#1612,.T.);
#554=ADVANCED_FACE('',(#1613),#1614,.F.);
#555=ADVANCED_FACE('',(#1615),#1616,.T.);
#556=ADVANCED_FACE('',(#1617),#1618,.T.);
#557=ADVANCED_FACE('',(#1619),#1620,.T.);
#558=ADVANCED_FACE('',(#1621),#1622,.T.);
#559=ADVANCED_FACE('',(#1623),#1624,.F.);
#560=ADVANCED_FACE('',(#1625),#1626,.F.);
#561=ADVANCED_FACE('',(#1627),#1628,.T.);
#562=ADVANCED_FACE('',(#1629),#1630,.F.);
#563=ADVANCED_FACE('',(#1631),#1632,.T.);
#564=ADVANCED_FACE('',(#1633),#1634,.T.);
#565=ADVANCED_FACE('',(#1635),#1636,.T.);
#566=ADVANCED_FACE('',(#1637),#1638,.T.);
#567=ADVANCED_FACE('',(#1639),#1640,.T.);
#568=ADVANCED_FACE('',(#1641),#1642,.T.);
#569=ADVANCED_FACE('',(#1643),#1644,.T.);
#570=ADVANCED_FACE('',(#1645),#1646,.T.);
#571=ADVANCED_FACE('',(#1647),#1648,.F.);
#572=ADVANCED_FACE('',(#1649),#1650,.T.);
#573=ADVANCED_FACE('',(#1651),#1652,.T.);
#574=ADVANCED_FACE('',(#1653),#1654,.F.);
#575=ADVANCED_FACE('',(#1655),#1656,.T.);
#576=ADVANCED_FACE('',(#1657),#1658,.T.);
#577=ADVANCED_FACE('',(#1659),#1660,.T.);
#578=ADVANCED_FACE('',(#1661),#1662,.F.);
#579=ADVANCED_FACE('',(#1663),#1664,.T.);
#580=ADVANCED_FACE('',(#1665),#1666,.F.);
#581=ADVANCED_FACE('',(#1667),#1668,.F.);
#582=ADVANCED_FACE('',(#1669),#1670,.F.);
#583=ADVANCED_FACE('',(#1671),#1672,.T.);
#584=ADVANCED_FACE('',(#1673),#1674,.F.);
#585=ADVANCED_FACE('',(#1675),#1676,.F.);
#586=ADVANCED_FACE('',(#1677),#1678,.F.);
#587=ADVANCED_FACE('',(#1679),#1680,.T.);
#588=ADVANCED_FACE('',(#1681),#1682,.F.);
#589=ADVANCED_FACE('',(#1683,#1684,#1685,#1686,#1687,#1688,#1689),#1690,.T.);
#590=ADVANCED_FACE('',(#1691),#1692,.T.);
#591=ADVANCED_FACE('',(#1693),#1694,.T.);
#592=ADVANCED_FACE('',(#1695),#1696,.T.);
#593=ADVANCED_FACE('',(#1697),#1698,.T.);
#594=ADVANCED_FACE('',(#1699),#1700,.T.);
#595=ADVANCED_FACE('',(#1701),#1702,.T.);
#596=ADVANCED_FACE('',(#1703),#1704,.T.);
#597=ADVANCED_FACE('',(#1705),#1706,.T.);
#598=ADVANCED_FACE('',(#1707),#1708,.T.);
#599=ADVANCED_FACE('',(#1709),#1710,.T.);
#600=ADVANCED_FACE('',(#1711),#1712,.T.);
#601=ADVANCED_FACE('',(#1713),#1714,.T.);
#602=ADVANCED_FACE('',(#1715),#1716,.T.);
#603=ADVANCED_FACE('',(#1717),#1718,.T.);
#604=ADVANCED_FACE('',(#1719),#1720,.T.);
#605=ADVANCED_FACE('',(#1721),#1722,.T.);
#606=ADVANCED_FACE('',(#1723),#1724,.T.);
#607=ADVANCED_FACE('',(#1725),#1726,.T.);
#608=ADVANCED_FACE('',(#1727),#1728,.T.);
#609=ADVANCED_FACE('',(#1729),#1730,.T.);
#610=ADVANCED_FACE('',(#1731),#1732,.F.);
#611=ADVANCED_FACE('',(#1733),#1734,.T.);
#612=ADVANCED_FACE('',(#1735),#1736,.T.);
#613=ADVANCED_FACE('',(#1737),#1738,.T.);
#614=ADVANCED_FACE('',(#1739),#1740,.T.);
#615=ADVANCED_FACE('',(#1741),#1742,.F.);
#616=ADVANCED_FACE('',(#1743),#1744,.T.);
#617=ADVANCED_FACE('',(#1745),#1746,.F.);
#618=ADVANCED_FACE('',(#1747),#1748,.F.);
#619=ADVANCED_FACE('',(#1749),#1750,.T.);
#620=ADVANCED_FACE('',(#1751),#1752,.T.);
#621=ADVANCED_FACE('',(#1753),#1754,.F.);
#622=ADVANCED_FACE('',(#1755),#1756,.F.);
#623=ADVANCED_FACE('',(#1757),#1758,.F.);
#624=ADVANCED_FACE('',(#1759),#1760,.T.);
#625=ADVANCED_FACE('',(#1761),#1762,.T.);
#626=ADVANCED_FACE('',(#1763),#1764,.T.);
#627=ADVANCED_FACE('',(#1765),#1766,.T.);
#628=ADVANCED_FACE('',(#1767),#1768,.T.);
#629=ADVANCED_FACE('',(#1769,#1770),#1771,.T.);
#630=ADVANCED_FACE('',(#1772),#1773,.F.);
#631=ADVANCED_FACE('',(#1774),#1775,.F.);
#632=ADVANCED_FACE('',(#1776),#1777,.T.);
#633=ADVANCED_FACE('',(#1778),#1779,.T.);
#634=ADVANCED_FACE('',(#1780),#1781,.F.);
#635=ADVANCED_FACE('',(#1782),#1783,.F.);
#636=ADVANCED_FACE('',(#1784,#1785,#1786,#1787,#1788),#1789,.T.);
#637=ADVANCED_FACE('',(#1790),#1791,.F.);
#638=ADVANCED_FACE('',(#1792),#1793,.F.);
#639=ADVANCED_FACE('',(#1794),#1795,.F.);
#640=ADVANCED_FACE('',(#1796),#1797,.F.);
#641=ADVANCED_FACE('',(#1798),#1799,.F.);
#642=ADVANCED_FACE('',(#1800),#1801,.F.);
#643=ADVANCED_FACE('',(#1802),#1803,.T.);
#644=ADVANCED_FACE('',(#1804),#1805,.T.);
#645=ADVANCED_FACE('',(#1806),#1807,.T.);
#646=ADVANCED_FACE('',(#1808),#1809,.T.);
#647=ADVANCED_FACE('',(#1810),#1811,.T.);
#648=ADVANCED_FACE('',(#1812),#1813,.F.);
#649=ADVANCED_FACE('',(#1814),#1815,.F.);
#650=ADVANCED_FACE('',(#1816),#1817,.F.);
#651=ADVANCED_FACE('',(#1818),#1819,.F.);
#653=FACE_OUTER_BOUND('',#1820,.T.);
#654=CYLINDRICAL_SURFACE('',#1821,0.2);
#655=FACE_OUTER_BOUND('',#1822,.T.);
#656=CYLINDRICAL_SURFACE('',#1823,0.2);
#657=FACE_OUTER_BOUND('',#1824,.T.);
#658=CYLINDRICAL_SURFACE('',#1825,0.2);
#659=FACE_OUTER_BOUND('',#1826,.T.);
#660=CYLINDRICAL_SURFACE('',#1827,0.2);
#661=FACE_OUTER_BOUND('',#1828,.T.);
#662=CYLINDRICAL_SURFACE('',#1829,0.2);
#663=FACE_OUTER_BOUND('',#1830,.T.);
#664=CYLINDRICAL_SURFACE('',#1831,0.88);
#665=FACE_OUTER_BOUND('',#1832,.T.);
#666=CYLINDRICAL_SURFACE('',#1833,0.88);
#667=FACE_OUTER_BOUND('',#1834,.T.);
#668=CONICAL_SURFACE('',#1835,0.88,0.291456794477867);
#669=FACE_OUTER_BOUND('',#1836,.T.);
#670=CYLINDRICAL_SURFACE('',#1837,0.88);
#671=FACE_OUTER_BOUND('',#1838,.T.);
#672=CYLINDRICAL_SURFACE('',#1839,0.88);
#673=FACE_OUTER_BOUND('',#1840,.T.);
#674=CONICAL_SURFACE('',#1841,0.88,0.291456794477867);
#675=FACE_OUTER_BOUND('',#1842,.T.);
#676=CYLINDRICAL_SURFACE('',#1843,0.2);
#677=FACE_OUTER_BOUND('',#1844,.T.);
#678=CYLINDRICAL_SURFACE('',#1845,0.2);
#679=FACE_OUTER_BOUND('',#1846,.T.);
#680=CYLINDRICAL_SURFACE('',#1847,0.2);
#681=FACE_OUTER_BOUND('',#1848,.T.);
#682=CYLINDRICAL_SURFACE('',#1849,0.2);
#683=FACE_OUTER_BOUND('',#1850,.T.);
#684=SPHERICAL_SURFACE('',#1851,0.2);
#685=FACE_OUTER_BOUND('',#1852,.T.);
#686=PLANE('',#1853);
#687=FACE_OUTER_BOUND('',#1854,.T.);
#688=PLANE('',#1855);
#689=FACE_OUTER_BOUND('',#1856,.T.);
#690=PLANE('',#1857);
#691=FACE_OUTER_BOUND('',#1858,.T.);
#692=PLANE('',#1859);
#693=FACE_OUTER_BOUND('',#1860,.T.);
#694=PLANE('',#1861);
#695=FACE_OUTER_BOUND('',#1862,.T.);
#696=PLANE('',#1863);
#697=FACE_OUTER_BOUND('',#1864,.T.);
#698=PLANE('',#1865);
#699=FACE_OUTER_BOUND('',#1866,.T.);
#700=PLANE('',#1867);
#701=FACE_OUTER_BOUND('',#1868,.T.);
#702=PLANE('',#1869);
#703=FACE_OUTER_BOUND('',#1870,.T.);
#704=PLANE('',#1871);
#705=FACE_OUTER_BOUND('',#1872,.T.);
#706=PLANE('',#1873);
#707=FACE_OUTER_BOUND('',#1874,.T.);
#708=CYLINDRICAL_SURFACE('',#1875,0.05);
#709=FACE_OUTER_BOUND('',#1876,.T.);
#710=CYLINDRICAL_SURFACE('',#1877,0.05);
#711=FACE_OUTER_BOUND('',#1878,.T.);
#712=CYLINDRICAL_SURFACE('',#1879,0.05);
#713=FACE_OUTER_BOUND('',#1880,.T.);
#714=CYLINDRICAL_SURFACE('',#1881,0.05);
#715=FACE_OUTER_BOUND('',#1882,.T.);
#716=PLANE('',#1883);
#717=FACE_OUTER_BOUND('',#1884,.T.);
#718=PLANE('',#1885);
#719=FACE_OUTER_BOUND('',#1886,.T.);
#720=CYLINDRICAL_SURFACE('',#1887,11.0);
#721=FACE_OUTER_BOUND('',#1888,.T.);
#722=CYLINDRICAL_SURFACE('',#1889,1.5);
#723=FACE_OUTER_BOUND('',#1890,.T.);
#724=CYLINDRICAL_SURFACE('',#1891,1.5);
#725=FACE_OUTER_BOUND('',#1892,.T.);
#726=CYLINDRICAL_SURFACE('',#1893,11.0);
#727=FACE_OUTER_BOUND('',#1894,.T.);
#728=PLANE('',#1895);
#729=FACE_OUTER_BOUND('',#1896,.T.);
#730=CYLINDRICAL_SURFACE('',#1897,0.15);
#731=FACE_OUTER_BOUND('',#1898,.T.);
#732=CYLINDRICAL_SURFACE('',#1899,0.15);
#733=FACE_OUTER_BOUND('',#1900,.T.);
#734=PLANE('',#1901);
#735=FACE_OUTER_BOUND('',#1902,.T.);
#736=PLANE('',#1903);
#737=FACE_OUTER_BOUND('',#1904,.T.);
#738=PLANE('',#1905);
#739=FACE_OUTER_BOUND('',#1906,.T.);
#740=PLANE('',#1907);
#741=FACE_OUTER_BOUND('',#1908,.T.);
#742=PLANE('',#1909);
#743=FACE_OUTER_BOUND('',#1910,.T.);
#744=PLANE('',#1911);
#745=FACE_OUTER_BOUND('',#1912,.T.);
#746=PLANE('',#1913);
#747=FACE_OUTER_BOUND('',#1914,.T.);
#748=PLANE('',#1915);
#749=FACE_OUTER_BOUND('',#1916,.T.);
#750=PLANE('',#1917);
#751=FACE_OUTER_BOUND('',#1918,.T.);
#752=PLANE('',#1919);
#753=FACE_OUTER_BOUND('',#1920,.T.);
#754=PLANE('',#1921);
#755=FACE_OUTER_BOUND('',#1922,.T.);
#756=PLANE('',#1923);
#757=FACE_OUTER_BOUND('',#1924,.T.);
#758=PLANE('',#1925);
#759=FACE_OUTER_BOUND('',#1926,.T.);
#760=PLANE('',#1927);
#761=FACE_OUTER_BOUND('',#1928,.T.);
#762=PLANE('',#1929);
#763=FACE_OUTER_BOUND('',#1930,.T.);
#764=PLANE('',#1931);
#765=FACE_OUTER_BOUND('',#1932,.T.);
#766=PLANE('',#1933);
#767=FACE_OUTER_BOUND('',#1934,.T.);
#768=PLANE('',#1935);
#769=FACE_OUTER_BOUND('',#1936,.T.);
#770=PLANE('',#1937);
#771=FACE_OUTER_BOUND('',#1938,.T.);
#772=PLANE('',#1939);
#773=FACE_OUTER_BOUND('',#1940,.T.);
#774=PLANE('',#1941);
#775=FACE_OUTER_BOUND('',#1942,.T.);
#776=PLANE('',#1943);
#777=FACE_OUTER_BOUND('',#1944,.T.);
#778=PLANE('',#1945);
#779=FACE_OUTER_BOUND('',#1946,.T.);
#780=PLANE('',#1947);
#781=FACE_OUTER_BOUND('',#1948,.T.);
#782=PLANE('',#1949);
#783=FACE_OUTER_BOUND('',#1950,.T.);
#784=CYLINDRICAL_SURFACE('',#1951,0.05);
#785=FACE_OUTER_BOUND('',#1952,.T.);
#786=CYLINDRICAL_SURFACE('',#1953,0.05);
#787=FACE_OUTER_BOUND('',#1954,.T.);
#788=CYLINDRICAL_SURFACE('',#1955,0.05);
#789=FACE_OUTER_BOUND('',#1956,.T.);
#790=CYLINDRICAL_SURFACE('',#1957,0.05);
#791=FACE_OUTER_BOUND('',#1958,.T.);
#792=PLANE('',#1959);
#793=FACE_OUTER_BOUND('',#1960,.T.);
#794=PLANE('',#1961);
#795=FACE_OUTER_BOUND('',#1962,.T.);
#796=CYLINDRICAL_SURFACE('',#1963,11.0);
#797=FACE_OUTER_BOUND('',#1964,.T.);
#798=CYLINDRICAL_SURFACE('',#1965,1.5);
#799=FACE_OUTER_BOUND('',#1966,.T.);
#800=CYLINDRICAL_SURFACE('',#1967,1.5);
#801=FACE_OUTER_BOUND('',#1968,.T.);
#802=CYLINDRICAL_SURFACE('',#1969,11.0);
#803=FACE_OUTER_BOUND('',#1970,.T.);
#804=PLANE('',#1971);
#805=FACE_OUTER_BOUND('',#1972,.T.);
#806=CYLINDRICAL_SURFACE('',#1973,0.15);
#807=FACE_OUTER_BOUND('',#1974,.T.);
#808=CYLINDRICAL_SURFACE('',#1975,0.15);
#809=FACE_OUTER_BOUND('',#1976,.T.);
#810=PLANE('',#1977);
#811=FACE_OUTER_BOUND('',#1978,.T.);
#812=PLANE('',#1979);
#813=FACE_OUTER_BOUND('',#1980,.T.);
#814=PLANE('',#1981);
#815=FACE_OUTER_BOUND('',#1982,.T.);
#816=PLANE('',#1983);
#817=FACE_OUTER_BOUND('',#1984,.T.);
#818=PLANE('',#1985);
#819=FACE_OUTER_BOUND('',#1986,.T.);
#820=PLANE('',#1987);
#821=FACE_OUTER_BOUND('',#1988,.T.);
#822=PLANE('',#1989);
#823=FACE_OUTER_BOUND('',#1990,.T.);
#824=PLANE('',#1991);
#825=FACE_OUTER_BOUND('',#1992,.T.);
#826=PLANE('',#1993);
#827=FACE_OUTER_BOUND('',#1994,.T.);
#828=PLANE('',#1995);
#829=FACE_OUTER_BOUND('',#1996,.T.);
#830=PLANE('',#1997);
#831=FACE_OUTER_BOUND('',#1998,.T.);
#832=PLANE('',#1999);
#833=FACE_OUTER_BOUND('',#2000,.T.);
#834=PLANE('',#2001);
#835=FACE_OUTER_BOUND('',#2002,.T.);
#836=PLANE('',#2003);
#837=FACE_OUTER_BOUND('',#2004,.T.);
#838=PLANE('',#2005);
#839=FACE_OUTER_BOUND('',#2006,.T.);
#840=PLANE('',#2007);
#841=FACE_OUTER_BOUND('',#2008,.T.);
#842=PLANE('',#2009);
#843=FACE_OUTER_BOUND('',#2010,.T.);
#844=PLANE('',#2011);
#845=FACE_OUTER_BOUND('',#2012,.T.);
#846=PLANE('',#2013);
#847=FACE_OUTER_BOUND('',#2014,.T.);
#848=PLANE('',#2015);
#849=FACE_OUTER_BOUND('',#2016,.T.);
#850=PLANE('',#2017);
#851=FACE_OUTER_BOUND('',#2018,.T.);
#852=PLANE('',#2019);
#853=FACE_OUTER_BOUND('',#2020,.T.);
#854=PLANE('',#2021);
#855=FACE_OUTER_BOUND('',#2022,.T.);
#856=PLANE('',#2023);
#857=FACE_OUTER_BOUND('',#2024,.T.);
#858=PLANE('',#2025);
#859=FACE_OUTER_BOUND('',#2026,.T.);
#860=CYLINDRICAL_SURFACE('',#2027,0.05);
#861=FACE_OUTER_BOUND('',#2028,.T.);
#862=CYLINDRICAL_SURFACE('',#2029,0.05);
#863=FACE_OUTER_BOUND('',#2030,.T.);
#864=CYLINDRICAL_SURFACE('',#2031,0.05);
#865=FACE_OUTER_BOUND('',#2032,.T.);
#866=CYLINDRICAL_SURFACE('',#2033,0.05);
#867=FACE_OUTER_BOUND('',#2034,.T.);
#868=PLANE('',#2035);
#869=FACE_OUTER_BOUND('',#2036,.T.);
#870=PLANE('',#2037);
#871=FACE_OUTER_BOUND('',#2038,.T.);
#872=CYLINDRICAL_SURFACE('',#2039,11.0);
#873=FACE_OUTER_BOUND('',#2040,.T.);
#874=CYLINDRICAL_SURFACE('',#2041,1.5);
#875=FACE_OUTER_BOUND('',#2042,.T.);
#876=CYLINDRICAL_SURFACE('',#2043,1.5);
#877=FACE_OUTER_BOUND('',#2044,.T.);
#878=CYLINDRICAL_SURFACE('',#2045,11.0);
#879=FACE_OUTER_BOUND('',#2046,.T.);
#880=PLANE('',#2047);
#881=FACE_OUTER_BOUND('',#2048,.T.);
#882=CYLINDRICAL_SURFACE('',#2049,0.15);
#883=FACE_OUTER_BOUND('',#2050,.T.);
#884=CYLINDRICAL_SURFACE('',#2051,0.15);
#885=FACE_OUTER_BOUND('',#2052,.T.);
#886=PLANE('',#2053);
#887=FACE_OUTER_BOUND('',#2054,.T.);
#888=PLANE('',#2055);
#889=FACE_OUTER_BOUND('',#2056,.T.);
#890=PLANE('',#2057);
#891=FACE_OUTER_BOUND('',#2058,.T.);
#892=PLANE('',#2059);
#893=FACE_OUTER_BOUND('',#2060,.T.);
#894=PLANE('',#2061);
#895=FACE_OUTER_BOUND('',#2062,.T.);
#896=PLANE('',#2063);
#897=FACE_OUTER_BOUND('',#2064,.T.);
#898=PLANE('',#2065);
#899=FACE_OUTER_BOUND('',#2066,.T.);
#900=PLANE('',#2067);
#901=FACE_OUTER_BOUND('',#2068,.T.);
#902=PLANE('',#2069);
#903=FACE_OUTER_BOUND('',#2070,.T.);
#904=PLANE('',#2071);
#905=FACE_OUTER_BOUND('',#2072,.T.);
#906=PLANE('',#2073);
#907=FACE_OUTER_BOUND('',#2074,.T.);
#908=PLANE('',#2075);
#909=FACE_OUTER_BOUND('',#2076,.T.);
#910=PLANE('',#2077);
#911=FACE_OUTER_BOUND('',#2078,.T.);
#912=PLANE('',#2079);
#913=FACE_OUTER_BOUND('',#2080,.T.);
#914=PLANE('',#2081);
#915=FACE_OUTER_BOUND('',#2082,.T.);
#916=PLANE('',#2083);
#917=FACE_OUTER_BOUND('',#2084,.T.);
#918=PLANE('',#2085);
#919=FACE_OUTER_BOUND('',#2086,.T.);
#920=PLANE('',#2087);
#921=FACE_OUTER_BOUND('',#2088,.T.);
#922=PLANE('',#2089);
#923=FACE_OUTER_BOUND('',#2090,.T.);
#924=PLANE('',#2091);
#925=FACE_OUTER_BOUND('',#2092,.T.);
#926=PLANE('',#2093);
#927=FACE_OUTER_BOUND('',#2094,.T.);
#928=PLANE('',#2095);
#929=FACE_OUTER_BOUND('',#2096,.T.);
#930=PLANE('',#2097);
#931=FACE_OUTER_BOUND('',#2098,.T.);
#932=PLANE('',#2099);
#933=FACE_OUTER_BOUND('',#2100,.T.);
#934=PLANE('',#2101);
#935=FACE_OUTER_BOUND('',#2102,.T.);
#936=CYLINDRICAL_SURFACE('',#2103,0.05);
#937=FACE_OUTER_BOUND('',#2104,.T.);
#938=CYLINDRICAL_SURFACE('',#2105,0.05);
#939=FACE_OUTER_BOUND('',#2106,.T.);
#940=CYLINDRICAL_SURFACE('',#2107,0.05);
#941=FACE_OUTER_BOUND('',#2108,.T.);
#942=CYLINDRICAL_SURFACE('',#2109,0.05);
#943=FACE_OUTER_BOUND('',#2110,.T.);
#944=PLANE('',#2111);
#945=FACE_OUTER_BOUND('',#2112,.T.);
#946=PLANE('',#2113);
#947=FACE_OUTER_BOUND('',#2114,.T.);
#948=CYLINDRICAL_SURFACE('',#2115,11.0);
#949=FACE_OUTER_BOUND('',#2116,.T.);
#950=CYLINDRICAL_SURFACE('',#2117,1.5);
#951=FACE_OUTER_BOUND('',#2118,.T.);
#952=CYLINDRICAL_SURFACE('',#2119,1.5);
#953=FACE_OUTER_BOUND('',#2120,.T.);
#954=CYLINDRICAL_SURFACE('',#2121,11.0);
#955=FACE_OUTER_BOUND('',#2122,.T.);
#956=PLANE('',#2123);
#957=FACE_OUTER_BOUND('',#2124,.T.);
#958=CYLINDRICAL_SURFACE('',#2125,0.15);
#959=FACE_OUTER_BOUND('',#2126,.T.);
#960=CYLINDRICAL_SURFACE('',#2127,0.15);
#961=FACE_OUTER_BOUND('',#2128,.T.);
#962=PLANE('',#2129);
#963=FACE_OUTER_BOUND('',#2130,.T.);
#964=PLANE('',#2131);
#965=FACE_OUTER_BOUND('',#2132,.T.);
#966=PLANE('',#2133);
#967=FACE_OUTER_BOUND('',#2134,.T.);
#968=PLANE('',#2135);
#969=FACE_OUTER_BOUND('',#2136,.T.);
#970=PLANE('',#2137);
#971=FACE_OUTER_BOUND('',#2138,.T.);
#972=PLANE('',#2139);
#973=FACE_OUTER_BOUND('',#2140,.T.);
#974=PLANE('',#2141);
#975=FACE_OUTER_BOUND('',#2142,.T.);
#976=PLANE('',#2143);
#977=FACE_OUTER_BOUND('',#2144,.T.);
#978=PLANE('',#2145);
#979=FACE_OUTER_BOUND('',#2146,.T.);
#980=PLANE('',#2147);
#981=FACE_OUTER_BOUND('',#2148,.T.);
#982=PLANE('',#2149);
#983=FACE_OUTER_BOUND('',#2150,.T.);
#984=PLANE('',#2151);
#985=FACE_OUTER_BOUND('',#2152,.T.);
#986=PLANE('',#2153);
#987=FACE_OUTER_BOUND('',#2154,.T.);
#988=PLANE('',#2155);
#989=FACE_OUTER_BOUND('',#2156,.T.);
#990=CYLINDRICAL_SURFACE('',#2157,0.2);
#991=FACE_OUTER_BOUND('',#2158,.T.);
#992=CYLINDRICAL_SURFACE('',#2159,0.2);
#993=FACE_OUTER_BOUND('',#2160,.T.);
#994=CYLINDRICAL_SURFACE('',#2161,0.2);
#995=FACE_OUTER_BOUND('',#2162,.T.);
#996=PLANE('',#2163);
#997=FACE_OUTER_BOUND('',#2164,.T.);
#998=CYLINDRICAL_SURFACE('',#2165,0.2);
#999=FACE_OUTER_BOUND('',#2166,.T.);
#1000=CYLINDRICAL_SURFACE('',#2167,0.2);
#1001=FACE_OUTER_BOUND('',#2168,.T.);
#1002=CYLINDRICAL_SURFACE('',#2169,0.2);
#1003=FACE_OUTER_BOUND('',#2170,.T.);
#1004=CYLINDRICAL_SURFACE('',#2171,0.2);
#1005=FACE_OUTER_BOUND('',#2172,.T.);
#1006=SPHERICAL_SURFACE('',#2173,0.2);
#1007=FACE_OUTER_BOUND('',#2174,.T.);
#1008=CYLINDRICAL_SURFACE('',#2175,0.2);
#1009=FACE_OUTER_BOUND('',#2176,.T.);
#1010=B_SPLINE_SURFACE_WITH_KNOTS('',3,3,((#2177,#2178,#2179,#2180),(#2181,#2182,#2183,#2184),(#2185,#2186,#2187,#2188),(#2189,#2190,#2191,#2192)),.UNSPECIFIED.,.F.,.F.,.F.,(4,4),(4,4),(0.0,1.0),(-0.0118401870889993,1.0),.UNSPECIFIED.);
#1011=FACE_OUTER_BOUND('',#2193,.T.);
#1012=CYLINDRICAL_SURFACE('',#2194,0.2);
#1013=FACE_OUTER_BOUND('',#2195,.T.);
#1014=B_SPLINE_SURFACE_WITH_KNOTS('',3,3,((#2196,#2197,#2198,#2199),(#2200,#2201,#2202,#2203),(#2204,#2205,#2206,#2207),(#2208,#2209,#2210,#2211)),.UNSPECIFIED.,.F.,.F.,.F.,(4,4),(4,4),(0.0,1.0),(-0.0118401870901466,1.0),.UNSPECIFIED.);
#1015=FACE_OUTER_BOUND('',#2212,.T.);
#1016=CYLINDRICAL_SURFACE('',#2213,0.2);
#1017=FACE_OUTER_BOUND('',#2214,.T.);
#1018=CYLINDRICAL_SURFACE('',#2215,0.2);
#1019=FACE_OUTER_BOUND('',#2216,.T.);
#1020=SPHERICAL_SURFACE('',#2217,0.2);
#1021=FACE_OUTER_BOUND('',#2218,.T.);
#1022=CYLINDRICAL_SURFACE('',#2219,0.2);
#1023=FACE_OUTER_BOUND('',#2220,.T.);
#1024=CYLINDRICAL_SURFACE('',#2221,0.2);
#1025=FACE_OUTER_BOUND('',#2222,.T.);
#1026=SPHERICAL_SURFACE('',#2223,0.2);
#1027=FACE_OUTER_BOUND('',#2224,.T.);
#1028=CYLINDRICAL_SURFACE('',#2225,0.2);
#1029=FACE_OUTER_BOUND('',#2226,.T.);
#1030=CYLINDRICAL_SURFACE('',#2227,0.2);
#1031=FACE_OUTER_BOUND('',#2228,.T.);
#1032=B_SPLINE_SURFACE_WITH_KNOTS('',3,3,((#2229,#2230,#2231,#2232),(#2233,#2234,#2235,#2236),(#2237,#2238,#2239,#2240),(#2241,#2242,#2243,#2244)),.UNSPECIFIED.,.F.,.F.,.F.,(4,4),(4,4),(0.0,1.0),(-0.0118401870891387,1.0),.UNSPECIFIED.);
#1033=FACE_OUTER_BOUND('',#2245,.T.);
#1034=CYLINDRICAL_SURFACE('',#2246,0.2);
#1035=FACE_OUTER_BOUND('',#2247,.T.);
#1036=CYLINDRICAL_SURFACE('',#2248,0.2);
#1037=FACE_OUTER_BOUND('',#2249,.T.);
#1038=SPHERICAL_SURFACE('',#2250,0.2);
#1039=FACE_OUTER_BOUND('',#2251,.T.);
#1040=CYLINDRICAL_SURFACE('',#2252,0.2);
#1041=FACE_OUTER_BOUND('',#2253,.T.);
#1042=CYLINDRICAL_SURFACE('',#2254,0.2);
#1043=FACE_OUTER_BOUND('',#2255,.T.);
#1044=SPHERICAL_SURFACE('',#2256,0.2);
#1045=FACE_OUTER_BOUND('',#2257,.T.);
#1046=CYLINDRICAL_SURFACE('',#2258,0.2);
#1047=FACE_OUTER_BOUND('',#2259,.T.);
#1048=B_SPLINE_SURFACE_WITH_KNOTS('',3,3,((#2260,#2261,#2262,#2263),(#2264,#2265,#2266,#2267),(#2268,#2269,#2270,#2271),(#2272,#2273,#2274,#2275)),.UNSPECIFIED.,.F.,.F.,.F.,(4,4),(4,4),(0.0,1.0),(-0.0118401870891536,1.0),.UNSPECIFIED.);
#1049=FACE_OUTER_BOUND('',#2276,.T.);
#1050=CYLINDRICAL_SURFACE('',#2277,0.2);
#1051=FACE_OUTER_BOUND('',#2278,.T.);
#1052=B_SPLINE_SURFACE_WITH_KNOTS('',3,3,((#2279,#2280,#2281,#2282),(#2283,#2284,#2285,#2286),(#2287,#2288,#2289,#2290),(#2291,#2292,#2293,#2294)),.UNSPECIFIED.,.F.,.F.,.F.,(4,4),(4,4),(0.0,1.0),(-0.0118401870899917,1.0),.UNSPECIFIED.);
#1053=FACE_OUTER_BOUND('',#2295,.T.);
#1054=CYLINDRICAL_SURFACE('',#2296,0.2);
#1055=FACE_OUTER_BOUND('',#2297,.T.);
#1056=CYLINDRICAL_SURFACE('',#2298,0.2);
#1057=FACE_OUTER_BOUND('',#2299,.T.);
#1058=SPHERICAL_SURFACE('',#2300,0.2);
#1059=FACE_OUTER_BOUND('',#2301,.T.);
#1060=CYLINDRICAL_SURFACE('',#2302,0.2);
#1061=FACE_OUTER_BOUND('',#2303,.T.);
#1062=CYLINDRICAL_SURFACE('',#2304,0.2);
#1063=FACE_OUTER_BOUND('',#2305,.T.);
#1064=SPHERICAL_SURFACE('',#2306,0.2);
#1065=FACE_OUTER_BOUND('',#2307,.T.);
#1066=CYLINDRICAL_SURFACE('',#2308,0.2);
#1067=FACE_OUTER_BOUND('',#2309,.T.);
#1068=CYLINDRICAL_SURFACE('',#2310,0.2);
#1069=FACE_OUTER_BOUND('',#2311,.T.);
#1070=B_SPLINE_SURFACE_WITH_KNOTS('',3,3,((#2312,#2313,#2314,#2315),(#2316,#2317,#2318,#2319),(#2320,#2321,#2322,#2323),(#2324,#2325,#2326,#2327)),.UNSPECIFIED.,.F.,.F.,.F.,(4,4),(4,4),(0.0,1.0),(-0.0118401870889886,1.0),.UNSPECIFIED.);
#1071=FACE_OUTER_BOUND('',#2328,.T.);
#1072=CYLINDRICAL_SURFACE('',#2329,0.2);
#1073=FACE_OUTER_BOUND('',#2330,.T.);
#1074=CYLINDRICAL_SURFACE('',#2331,0.2);
#1075=FACE_OUTER_BOUND('',#2332,.T.);
#1076=PLANE('',#2333);
#1077=FACE_OUTER_BOUND('',#2334,.T.);
#1078=PLANE('',#2335);
#1079=FACE_OUTER_BOUND('',#2336,.T.);
#1080=PLANE('',#2337);
#1081=FACE_OUTER_BOUND('',#2338,.T.);
#1082=PLANE('',#2339);
#1083=FACE_OUTER_BOUND('',#2340,.T.);
#1084=PLANE('',#2341);
#1085=FACE_OUTER_BOUND('',#2342,.T.);
#1086=PLANE('',#2343);
#1087=FACE_OUTER_BOUND('',#2344,.T.);
#1088=SPHERICAL_SURFACE('',#2345,0.2);
#1089=FACE_OUTER_BOUND('',#2346,.T.);
#1090=CYLINDRICAL_SURFACE('',#2347,0.2);
#1091=FACE_OUTER_BOUND('',#2348,.T.);
#1092=(B_SPLINE_SURFACE(3,2,((#2350,#2351,#2352),(#2353,#2354,#2355),(#2356,#2357,#2358),(#2359,#2360,#2361)),.UNSPECIFIED.,.F.,.F.,.F.)B_SPLINE_SURFACE_WITH_KNOTS((4,4),(3,3),(0.0,1.0),(0.0,1.0),.UNSPECIFIED.)RATIONAL_B_SPLINE_SURFACE(((1.0,0.705562431934713,1.0),(1.0,0.704714670503771,1.0),(1.0,0.704714670551683,1.0),(1.0,0.705562432034382,1.0)))BOUNDED_SURFACE()REPRESENTATION_ITEM('')GEOMETRIC_REPRESENTATION_ITEM()SURFACE());
#1093=FACE_OUTER_BOUND('',#2368,.T.);
#1094=SPHERICAL_SURFACE('',#2369,0.2);
#1095=FACE_OUTER_BOUND('',#2370,.T.);
#1096=CYLINDRICAL_SURFACE('',#2371,0.2);
#1097=FACE_OUTER_BOUND('',#2372,.T.);
#1098=(B_SPLINE_SURFACE(3,2,((#2374,#2375,#2376),(#2377,#2378,#2379),(#2380,#2381,#2382),(#2383,#2384,#2385)),.UNSPECIFIED.,.F.,.F.,.F.)B_SPLINE_SURFACE_WITH_KNOTS((4,4),(3,3),(0.0,1.0),(0.0,1.0),.UNSPECIFIED.)RATIONAL_B_SPLINE_SURFACE(((1.0,0.705562432034382,1.0),(1.0,0.704714670551684,1.0),(1.0,0.70471467050377,1.0),(1.0,0.705562431934713,1.0)))BOUNDED_SURFACE()REPRESENTATION_ITEM('')GEOMETRIC_REPRESENTATION_ITEM()SURFACE());
#1099=FACE_OUTER_BOUND('',#2392,.T.);
#1100=CYLINDRICAL_SURFACE('',#2393,0.2);
#1101=FACE_OUTER_BOUND('',#2394,.T.);
#1102=CYLINDRICAL_SURFACE('',#2395,0.2);
#1103=FACE_OUTER_BOUND('',#2396,.T.);
#1104=CYLINDRICAL_SURFACE('',#2397,0.2);
#1105=FACE_OUTER_BOUND('',#2398,.T.);
#1106=CYLINDRICAL_SURFACE('',#2399,0.2);
#1107=FACE_OUTER_BOUND('',#2400,.T.);
#1108=CYLINDRICAL_SURFACE('',#2401,0.2);
#1109=FACE_OUTER_BOUND('',#2402,.T.);
#1110=CYLINDRICAL_SURFACE('',#2403,0.2);
#1111=FACE_OUTER_BOUND('',#2404,.T.);
#1112=CYLINDRICAL_SURFACE('',#2405,0.2);
#1113=FACE_OUTER_BOUND('',#2406,.T.);
#1114=CYLINDRICAL_SURFACE('',#2407,0.2);
#1115=FACE_OUTER_BOUND('',#2408,.T.);
#1116=CYLINDRICAL_SURFACE('',#2409,0.2);
#1117=FACE_OUTER_BOUND('',#2410,.T.);
#1118=CYLINDRICAL_SURFACE('',#2411,0.2);
#1119=FACE_OUTER_BOUND('',#2412,.T.);
#1120=CYLINDRICAL_SURFACE('',#2413,0.2);
#1121=FACE_OUTER_BOUND('',#2414,.T.);
#1122=CYLINDRICAL_SURFACE('',#2415,0.2);
#1123=FACE_OUTER_BOUND('',#2416,.T.);
#1124=B_SPLINE_SURFACE_WITH_KNOTS('',3,3,((#2417,#2418,#2419,#2420),(#2421,#2422,#2423,#2424),(#2425,#2426,#2427,#2428),(#2429,#2430,#2431,#2432)),.UNSPECIFIED.,.F.,.F.,.F.,(4,4),(4,4),(0.0,1.0),(-0.0118337418566528,1.0),.UNSPECIFIED.);
#1125=FACE_OUTER_BOUND('',#2433,.T.);
#1126=CYLINDRICAL_SURFACE('',#2434,0.2);
#1127=FACE_OUTER_BOUND('',#2435,.T.);
#1128=CYLINDRICAL_SURFACE('',#2436,0.2);
#1129=FACE_OUTER_BOUND('',#2437,.T.);
#1130=CYLINDRICAL_SURFACE('',#2438,0.2);
#1131=FACE_OUTER_BOUND('',#2439,.T.);
#1132=B_SPLINE_SURFACE_WITH_KNOTS('',3,3,((#2440,#2441,#2442,#2443),(#2444,#2445,#2446,#2447),(#2448,#2449,#2450,#2451),(#2452,#2453,#2454,#2455)),.UNSPECIFIED.,.F.,.F.,.F.,(4,4),(4,4),(0.0,1.0),(-0.0118337418566363,1.0),.UNSPECIFIED.);
#1133=FACE_OUTER_BOUND('',#2456,.T.);
#1134=CYLINDRICAL_SURFACE('',#2457,0.2);
#1135=FACE_OUTER_BOUND('',#2458,.T.);
#1136=CYLINDRICAL_SURFACE('',#2459,0.2);
#1137=FACE_OUTER_BOUND('',#2460,.T.);
#1138=CYLINDRICAL_SURFACE('',#2461,0.2);
#1139=FACE_OUTER_BOUND('',#2462,.T.);
#1140=CYLINDRICAL_SURFACE('',#2463,0.2);
#1141=FACE_OUTER_BOUND('',#2464,.T.);
#1142=CYLINDRICAL_SURFACE('',#2465,0.2);
#1143=FACE_OUTER_BOUND('',#2466,.T.);
#1144=CYLINDRICAL_SURFACE('',#2467,0.2);
#1145=FACE_OUTER_BOUND('',#2468,.T.);
#1146=CYLINDRICAL_SURFACE('',#2469,0.2);
#1147=FACE_OUTER_BOUND('',#2470,.T.);
#1148=B_SPLINE_SURFACE_WITH_KNOTS('',3,3,((#2471,#2472,#2473,#2474),(#2475,#2476,#2477,#2478),(#2479,#2480,#2481,#2482),(#2483,#2484,#2485,#2486)),.UNSPECIFIED.,.F.,.F.,.F.,(4,4),(4,4),(0.0,1.0),(0.0,1.01184018708998),.UNSPECIFIED.);
#1149=FACE_OUTER_BOUND('',#2487,.T.);
#1150=CYLINDRICAL_SURFACE('',#2488,0.2);
#1151=FACE_OUTER_BOUND('',#2489,.T.);
#1152=CYLINDRICAL_SURFACE('',#2490,0.2);
#1153=FACE_OUTER_BOUND('',#2491,.T.);
#1154=CYLINDRICAL_SURFACE('',#2492,0.2);
#1155=FACE_OUTER_BOUND('',#2493,.T.);
#1156=CYLINDRICAL_SURFACE('',#2494,0.2);
#1157=FACE_OUTER_BOUND('',#2495,.T.);
#1158=CYLINDRICAL_SURFACE('',#2496,0.2);
#1159=FACE_OUTER_BOUND('',#2497,.T.);
#1160=CYLINDRICAL_SURFACE('',#2498,0.2);
#1161=FACE_OUTER_BOUND('',#2499,.T.);
#1162=(B_SPLINE_SURFACE(3,2,((#2501,#2502,#2503),(#2504,#2505,#2506),(#2507,#2508,#2509),(#2510,#2511,#2512)),.UNSPECIFIED.,.F.,.F.,.F.)B_SPLINE_SURFACE_WITH_KNOTS((4,4),(3,3),(0.0,1.0),(0.0,1.0),.UNSPECIFIED.)RATIONAL_B_SPLINE_SURFACE(((1.0,0.708647764860915,1.0),(1.0,0.709491183979859,1.0),(1.0,0.709491183932404,1.0),(1.0,0.708647764761682,1.0)))BOUNDED_SURFACE()REPRESENTATION_ITEM('')GEOMETRIC_REPRESENTATION_ITEM()SURFACE());
#1163=FACE_OUTER_BOUND('',#2519,.T.);
#1164=CYLINDRICAL_SURFACE('',#2520,0.2);
#1165=FACE_OUTER_BOUND('',#2521,.T.);
#1166=CYLINDRICAL_SURFACE('',#2522,0.2);
#1167=FACE_OUTER_BOUND('',#2523,.T.);
#1168=CYLINDRICAL_SURFACE('',#2524,0.2);
#1169=FACE_OUTER_BOUND('',#2525,.T.);
#1170=CYLINDRICAL_SURFACE('',#2526,0.2);
#1171=FACE_OUTER_BOUND('',#2527,.T.);
#1172=CYLINDRICAL_SURFACE('',#2528,0.2);
#1173=FACE_OUTER_BOUND('',#2529,.T.);
#1174=CYLINDRICAL_SURFACE('',#2530,0.2);
#1175=FACE_OUTER_BOUND('',#2531,.T.);
#1176=CYLINDRICAL_SURFACE('',#2532,0.2);
#1177=FACE_OUTER_BOUND('',#2533,.T.);
#1178=CYLINDRICAL_SURFACE('',#2534,0.2);
#1179=FACE_OUTER_BOUND('',#2535,.T.);
#1180=CYLINDRICAL_SURFACE('',#2536,0.2);
#1181=FACE_OUTER_BOUND('',#2537,.T.);
#1182=CYLINDRICAL_SURFACE('',#2538,0.2);
#1183=FACE_OUTER_BOUND('',#2539,.T.);
#1184=B_SPLINE_SURFACE_WITH_KNOTS('',3,3,((#2540,#2541,#2542,#2543),(#2544,#2545,#2546,#2547),(#2548,#2549,#2550,#2551),(#2552,#2553,#2554,#2555)),.UNSPECIFIED.,.F.,.F.,.F.,(4,4),(4,4),(0.0,1.0),(0.0,1.01184018709013),.UNSPECIFIED.);
#1185=FACE_OUTER_BOUND('',#2556,.T.);
#1186=CYLINDRICAL_SURFACE('',#2557,0.2);
#1187=FACE_OUTER_BOUND('',#2558,.T.);
#1188=CYLINDRICAL_SURFACE('',#2559,0.2);
#1189=FACE_OUTER_BOUND('',#2560,.T.);
#1190=CYLINDRICAL_SURFACE('',#2561,0.2);
#1191=FACE_OUTER_BOUND('',#2562,.T.);
#1192=CYLINDRICAL_SURFACE('',#2563,0.2);
#1193=FACE_OUTER_BOUND('',#2564,.T.);
#1194=B_SPLINE_SURFACE_WITH_KNOTS('',3,3,((#2565,#2566,#2567,#2568),(#2569,#2570,#2571,#2572),(#2573,#2574,#2575,#2576),(#2577,#2578,#2579,#2580)),.UNSPECIFIED.,.F.,.F.,.F.,(4,4),(4,4),(0.0,1.0),(0.0,1.01183124083046),.UNSPECIFIED.);
#1195=FACE_OUTER_BOUND('',#2581,.T.);
#1196=CYLINDRICAL_SURFACE('',#2582,0.2);
#1197=FACE_OUTER_BOUND('',#2583,.T.);
#1198=CYLINDRICAL_SURFACE('',#2584,0.2);
#1199=FACE_OUTER_BOUND('',#2585,.T.);
#1200=CYLINDRICAL_SURFACE('',#2586,0.2);
#1201=FACE_OUTER_BOUND('',#2587,.T.);
#1202=CYLINDRICAL_SURFACE('',#2588,0.2);
#1203=FACE_OUTER_BOUND('',#2589,.T.);
#1204=(B_SPLINE_SURFACE(3,2,((#2591,#2592,#2593),(#2594,#2595,#2596),(#2597,#2598,#2599),(#2600,#2601,#2602)),.UNSPECIFIED.,.F.,.F.,.F.)B_SPLINE_SURFACE_WITH_KNOTS((4,4),(3,3),(0.0,1.0),(0.0,1.0),.UNSPECIFIED.)RATIONAL_B_SPLINE_SURFACE(((1.0,0.708647764761682,1.0),(1.0,0.7094911839324,1.0),(1.0,0.70949118397986,1.0),(1.0,0.708647764860915,1.0)))BOUNDED_SURFACE()REPRESENTATION_ITEM('')GEOMETRIC_REPRESENTATION_ITEM()SURFACE());
#1205=FACE_OUTER_BOUND('',#2609,.T.);
#1206=CYLINDRICAL_SURFACE('',#2610,0.2);
#1207=FACE_OUTER_BOUND('',#2611,.T.);
#1208=CYLINDRICAL_SURFACE('',#2612,0.2);
#1209=FACE_OUTER_BOUND('',#2613,.T.);
#1210=CYLINDRICAL_SURFACE('',#2614,0.2);
#1211=FACE_OUTER_BOUND('',#2615,.T.);
#1212=CYLINDRICAL_SURFACE('',#2616,0.2);
#1213=FACE_OUTER_BOUND('',#2617,.T.);
#1214=CYLINDRICAL_SURFACE('',#2618,0.2);
#1215=FACE_OUTER_BOUND('',#2619,.T.);
#1216=CYLINDRICAL_SURFACE('',#2620,0.2);
#1217=FACE_OUTER_BOUND('',#2621,.T.);
#1218=CYLINDRICAL_SURFACE('',#2622,0.2);
#1219=FACE_OUTER_BOUND('',#2623,.T.);
#1220=CYLINDRICAL_SURFACE('',#2624,0.2);
#1221=FACE_OUTER_BOUND('',#2625,.T.);
#1222=CYLINDRICAL_SURFACE('',#2626,0.2);
#1223=FACE_OUTER_BOUND('',#2627,.T.);
#1224=CYLINDRICAL_SURFACE('',#2628,0.2);
#1225=FACE_OUTER_BOUND('',#2629,.T.);
#1226=B_SPLINE_SURFACE_WITH_KNOTS('',3,3,((#2630,#2631,#2632,#2633),(#2634,#2635,#2636,#2637),(#2638,#2639,#2640,#2641),(#2642,#2643,#2644,#2645)),.UNSPECIFIED.,.F.,.F.,.F.,(4,4),(4,4),(0.0,1.0),(0.0,1.0118337418561),.UNSPECIFIED.);
#1227=FACE_OUTER_BOUND('',#2646,.T.);
#1228=CYLINDRICAL_SURFACE('',#2647,0.2);
#1229=FACE_OUTER_BOUND('',#2648,.T.);
#1230=CYLINDRICAL_SURFACE('',#2649,0.2);
#1231=FACE_OUTER_BOUND('',#2650,.T.);
#1232=CYLINDRICAL_SURFACE('',#2651,0.2);
#1233=FACE_OUTER_BOUND('',#2652,.T.);
#1234=CYLINDRICAL_SURFACE('',#2653,0.2);
#1235=FACE_OUTER_BOUND('',#2654,.T.);
#1236=CYLINDRICAL_SURFACE('',#2655,0.2);
#1237=FACE_OUTER_BOUND('',#2656,.T.);
#1238=CYLINDRICAL_SURFACE('',#2657,0.2);
#1239=FACE_OUTER_BOUND('',#2658,.T.);
#1240=CYLINDRICAL_SURFACE('',#2659,0.2);
#1241=FACE_OUTER_BOUND('',#2660,.T.);
#1242=CYLINDRICAL_SURFACE('',#2661,0.2);
#1243=FACE_OUTER_BOUND('',#2662,.T.);
#1244=CYLINDRICAL_SURFACE('',#2663,0.2);
#1245=FACE_OUTER_BOUND('',#2664,.T.);
#1246=CYLINDRICAL_SURFACE('',#2665,0.2);
#1247=FACE_OUTER_BOUND('',#2666,.T.);
#1248=CYLINDRICAL_SURFACE('',#2667,0.2);
#1249=FACE_OUTER_BOUND('',#2668,.T.);
#1250=CYLINDRICAL_SURFACE('',#2669,0.2);
#1251=FACE_OUTER_BOUND('',#2670,.T.);
#1252=CYLINDRICAL_SURFACE('',#2671,0.2);
#1253=FACE_OUTER_BOUND('',#2672,.T.);
#1254=CYLINDRICAL_SURFACE('',#2673,0.2);
#1255=FACE_OUTER_BOUND('',#2674,.T.);
#1256=CYLINDRICAL_SURFACE('',#2675,0.2);
#1257=FACE_OUTER_BOUND('',#2676,.T.);
#1258=CYLINDRICAL_SURFACE('',#2677,1.2);
#1259=FACE_OUTER_BOUND('',#2678,.T.);
#1260=CYLINDRICAL_SURFACE('',#2679,1.2);
#1261=FACE_OUTER_BOUND('',#2680,.T.);
#1262=PLANE('',#2681);
#1263=FACE_OUTER_BOUND('',#2682,.T.);
#1264=PLANE('',#2683);
#1265=FACE_OUTER_BOUND('',#2684,.T.);
#1266=PLANE('',#2685);
#1267=FACE_OUTER_BOUND('',#2686,.T.);
#1268=PLANE('',#2687);
#1269=FACE_OUTER_BOUND('',#2688,.T.);
#1270=PLANE('',#2689);
#1271=FACE_OUTER_BOUND('',#2690,.T.);
#1272=PLANE('',#2691);
#1273=FACE_OUTER_BOUND('',#2692,.T.);
#1274=PLANE('',#2693);
#1275=FACE_OUTER_BOUND('',#2694,.T.);
#1276=PLANE('',#2695);
#1277=FACE_OUTER_BOUND('',#2696,.T.);
#1278=PLANE('',#2697);
#1279=FACE_OUTER_BOUND('',#2698,.T.);
#1280=PLANE('',#2699);
#1281=FACE_OUTER_BOUND('',#2700,.T.);
#1282=PLANE('',#2701);
#1283=FACE_OUTER_BOUND('',#2702,.T.);
#1284=PLANE('',#2703);
#1285=FACE_OUTER_BOUND('',#2704,.T.);
#1286=PLANE('',#2705);
#1287=FACE_OUTER_BOUND('',#2706,.T.);
#1288=PLANE('',#2707);
#1289=FACE_OUTER_BOUND('',#2708,.T.);
#1290=PLANE('',#2709);
#1291=FACE_OUTER_BOUND('',#2710,.T.);
#1292=PLANE('',#2711);
#1293=FACE_OUTER_BOUND('',#2712,.T.);
#1294=PLANE('',#2713);
#1295=FACE_OUTER_BOUND('',#2714,.T.);
#1296=PLANE('',#2715);
#1297=FACE_OUTER_BOUND('',#2716,.T.);
#1298=PLANE('',#2717);
#1299=FACE_OUTER_BOUND('',#2718,.T.);
#1300=PLANE('',#2719);
#1301=FACE_OUTER_BOUND('',#2720,.T.);
#1302=PLANE('',#2721);
#1303=FACE_OUTER_BOUND('',#2722,.T.);
#1304=PLANE('',#2723);
#1305=FACE_OUTER_BOUND('',#2724,.T.);
#1306=PLANE('',#2725);
#1307=FACE_OUTER_BOUND('',#2726,.T.);
#1308=PLANE('',#2727);
#1309=FACE_OUTER_BOUND('',#2728,.T.);
#1310=PLANE('',#2729);
#1311=FACE_OUTER_BOUND('',#2730,.T.);
#1312=PLANE('',#2731);
#1313=FACE_OUTER_BOUND('',#2732,.T.);
#1314=PLANE('',#2733);
#1315=FACE_OUTER_BOUND('',#2734,.T.);
#1316=PLANE('',#2735);
#1317=FACE_OUTER_BOUND('',#2736,.T.);
#1318=PLANE('',#2737);
#1319=FACE_OUTER_BOUND('',#2738,.T.);
#1320=PLANE('',#2739);
#1321=FACE_OUTER_BOUND('',#2740,.T.);
#1322=PLANE('',#2741);
#1323=FACE_OUTER_BOUND('',#2742,.T.);
#1324=PLANE('',#2743);
#1325=FACE_OUTER_BOUND('',#2744,.T.);
#1326=PLANE('',#2745);
#1327=FACE_OUTER_BOUND('',#2746,.T.);
#1328=PLANE('',#2747);
#1329=FACE_OUTER_BOUND('',#2748,.T.);
#1330=PLANE('',#2749);
#1331=FACE_OUTER_BOUND('',#2750,.T.);
#1332=PLANE('',#2751);
#1333=FACE_OUTER_BOUND('',#2752,.T.);
#1334=PLANE('',#2753);
#1335=FACE_OUTER_BOUND('',#2754,.T.);
#1336=PLANE('',#2755);
#1337=FACE_OUTER_BOUND('',#2756,.T.);
#1338=PLANE('',#2757);
#1339=FACE_OUTER_BOUND('',#2758,.T.);
#1340=PLANE('',#2759);
#1341=FACE_OUTER_BOUND('',#2760,.T.);
#1342=PLANE('',#2761);
#1343=FACE_OUTER_BOUND('',#2762,.T.);
#1344=PLANE('',#2763);
#1345=FACE_OUTER_BOUND('',#2764,.T.);
#1346=PLANE('',#2765);
#1347=FACE_OUTER_BOUND('',#2766,.T.);
#1348=PLANE('',#2767);
#1349=FACE_OUTER_BOUND('',#2768,.T.);
#1350=PLANE('',#2769);
#1351=FACE_OUTER_BOUND('',#2770,.T.);
#1352=PLANE('',#2771);
#1353=FACE_OUTER_BOUND('',#2772,.T.);
#1354=PLANE('',#2773);
#1355=FACE_OUTER_BOUND('',#2774,.T.);
#1356=PLANE('',#2775);
#1357=FACE_OUTER_BOUND('',#2776,.T.);
#1358=CONICAL_SURFACE('',#2777,0.88,0.291456794477867);
#1359=FACE_OUTER_BOUND('',#2778,.T.);
#1360=CYLINDRICAL_SURFACE('',#2779,0.88);
#1361=FACE_OUTER_BOUND('',#2780,.T.);
#1362=CYLINDRICAL_SURFACE('',#2781,0.88);
#1363=FACE_OUTER_BOUND('',#2782,.T.);
#1364=CYLINDRICAL_SURFACE('',#2783,0.88);
#1365=FACE_OUTER_BOUND('',#2784,.T.);
#1366=CYLINDRICAL_SURFACE('',#2785,0.88);
#1367=FACE_OUTER_BOUND('',#2786,.T.);
#1368=PLANE('',#2787);
#1369=FACE_OUTER_BOUND('',#2788,.T.);
#1370=PLANE('',#2789);
#1371=FACE_OUTER_BOUND('',#2790,.T.);
#1372=PLANE('',#2791);
#1373=FACE_OUTER_BOUND('',#2792,.T.);
#1374=PLANE('',#2793);
#1375=FACE_OUTER_BOUND('',#2794,.T.);
#1376=PLANE('',#2795);
#1377=FACE_OUTER_BOUND('',#2796,.T.);
#1378=PLANE('',#2797);
#1379=FACE_OUTER_BOUND('',#2798,.T.);
#1380=PLANE('',#2799);
#1381=FACE_OUTER_BOUND('',#2800,.T.);
#1382=PLANE('',#2801);
#1383=FACE_OUTER_BOUND('',#2802,.T.);
#1384=PLANE('',#2803);
#1385=FACE_OUTER_BOUND('',#2804,.T.);
#1386=PLANE('',#2805);
#1387=FACE_OUTER_BOUND('',#2806,.T.);
#1388=PLANE('',#2807);
#1389=FACE_OUTER_BOUND('',#2808,.T.);
#1390=PLANE('',#2809);
#1391=FACE_OUTER_BOUND('',#2810,.T.);
#1392=PLANE('',#2811);
#1393=FACE_OUTER_BOUND('',#2812,.T.);
#1394=PLANE('',#2813);
#1395=FACE_OUTER_BOUND('',#2814,.T.);
#1396=PLANE('',#2815);
#1397=FACE_OUTER_BOUND('',#2816,.T.);
#1398=PLANE('',#2817);
#1399=FACE_OUTER_BOUND('',#2818,.T.);
#1400=PLANE('',#2819);
#1401=FACE_OUTER_BOUND('',#2820,.T.);
#1402=PLANE('',#2821);
#1403=FACE_OUTER_BOUND('',#2822,.T.);
#1404=PLANE('',#2823);
#1405=FACE_OUTER_BOUND('',#2824,.T.);
#1406=PLANE('',#2825);
#1407=FACE_OUTER_BOUND('',#2826,.T.);
#1408=PLANE('',#2827);
#1409=FACE_OUTER_BOUND('',#2828,.T.);
#1410=PLANE('',#2829);
#1411=FACE_OUTER_BOUND('',#2830,.T.);
#1412=PLANE('',#2831);
#1413=FACE_OUTER_BOUND('',#2832,.T.);
#1414=PLANE('',#2833);
#1415=FACE_OUTER_BOUND('',#2834,.T.);
#1416=PLANE('',#2835);
#1417=FACE_OUTER_BOUND('',#2836,.T.);
#1418=PLANE('',#2837);
#1419=FACE_OUTER_BOUND('',#2838,.T.);
#1420=PLANE('',#2839);
#1421=FACE_OUTER_BOUND('',#2840,.T.);
#1422=PLANE('',#2841);
#1423=FACE_OUTER_BOUND('',#2842,.T.);
#1424=CONICAL_SURFACE('',#2843,0.88,0.291456794477867);
#1425=FACE_OUTER_BOUND('',#2844,.T.);
#1426=CYLINDRICAL_SURFACE('',#2845,0.88);
#1427=FACE_OUTER_BOUND('',#2846,.T.);
#1428=CYLINDRICAL_SURFACE('',#2847,0.88);
#1429=FACE_OUTER_BOUND('',#2848,.T.);
#1430=CYLINDRICAL_SURFACE('',#2849,0.88);
#1431=FACE_OUTER_BOUND('',#2850,.T.);
#1432=CYLINDRICAL_SURFACE('',#2851,0.88);
#1433=FACE_OUTER_BOUND('',#2852,.T.);
#1434=PLANE('',#2853);
#1435=FACE_OUTER_BOUND('',#2854,.T.);
#1436=PLANE('',#2855);
#1437=FACE_OUTER_BOUND('',#2856,.T.);
#1438=PLANE('',#2857);
#1439=FACE_OUTER_BOUND('',#2858,.T.);
#1440=PLANE('',#2859);
#1441=FACE_BOUND('',#2860,.T.);
#1442=FACE_OUTER_BOUND('',#2861,.T.);
#1443=PLANE('',#2862);
#1444=FACE_OUTER_BOUND('',#2863,.T.);
#1445=PLANE('',#2864);
#1446=FACE_OUTER_BOUND('',#2865,.T.);
#1447=PLANE('',#2866);
#1448=FACE_OUTER_BOUND('',#2867,.T.);
#1449=PLANE('',#2868);
#1450=FACE_OUTER_BOUND('',#2869,.T.);
#1451=PLANE('',#2870);
#1452=FACE_OUTER_BOUND('',#2871,.T.);
#1453=PLANE('',#2872);
#1454=FACE_OUTER_BOUND('',#2873,.T.);
#1455=PLANE('',#2874);
#1456=FACE_OUTER_BOUND('',#2875,.T.);
#1457=PLANE('',#2876);
#1458=FACE_OUTER_BOUND('',#2877,.T.);
#1459=PLANE('',#2878);
#1460=FACE_OUTER_BOUND('',#2879,.T.);
#1461=PLANE('',#2880);
#1462=FACE_OUTER_BOUND('',#2881,.T.);
#1463=PLANE('',#2882);
#1464=FACE_OUTER_BOUND('',#2883,.T.);
#1465=PLANE('',#2884);
#1466=FACE_OUTER_BOUND('',#2885,.T.);
#1467=PLANE('',#2886);
#1468=FACE_OUTER_BOUND('',#2887,.T.);
#1469=PLANE('',#2888);
#1470=FACE_OUTER_BOUND('',#2889,.T.);
#1471=PLANE('',#2890);
#1472=FACE_OUTER_BOUND('',#2891,.T.);
#1473=PLANE('',#2892);
#1474=FACE_OUTER_BOUND('',#2893,.T.);
#1475=B_SPLINE_SURFACE_WITH_KNOTS('',3,1,((#2894,#2895),(#2896,#2897),(#2898,#2899),(#2900,#2901)),.UNSPECIFIED.,.F.,.F.,.F.,(4,4),(2,2),(0.0,1.0),(0.0,1.0),.UNSPECIFIED.);
#1476=FACE_OUTER_BOUND('',#2902,.T.);
#1477=PLANE('',#2903);
#1478=FACE_OUTER_BOUND('',#2904,.T.);
#1479=PLANE('',#2905);
#1480=FACE_OUTER_BOUND('',#2906,.T.);
#1481=PLANE('',#2907);
#1482=FACE_OUTER_BOUND('',#2908,.T.);
#1483=PLANE('',#2909);
#1484=FACE_OUTER_BOUND('',#2910,.T.);
#1485=PLANE('',#2911);
#1486=FACE_OUTER_BOUND('',#2912,.T.);
#1487=PLANE('',#2913);
#1488=FACE_OUTER_BOUND('',#2914,.T.);
#1489=PLANE('',#2915);
#1490=FACE_OUTER_BOUND('',#2916,.T.);
#1491=PLANE('',#2917);
#1492=FACE_OUTER_BOUND('',#2918,.T.);
#1493=PLANE('',#2919);
#1494=FACE_OUTER_BOUND('',#2920,.T.);
#1495=PLANE('',#2921);
#1496=FACE_OUTER_BOUND('',#2922,.T.);
#1497=PLANE('',#2923);
#1498=FACE_OUTER_BOUND('',#2924,.T.);
#1499=FACE_BOUND('',#2925,.T.);
#1500=PLANE('',#2926);
#1501=FACE_OUTER_BOUND('',#2927,.T.);
#1502=PLANE('',#2928);
#1503=FACE_OUTER_BOUND('',#2929,.T.);
#1504=PLANE('',#2930);
#1505=FACE_OUTER_BOUND('',#2931,.T.);
#1506=PLANE('',#2932);
#1507=FACE_OUTER_BOUND('',#2933,.T.);
#1508=PLANE('',#2934);
#1509=FACE_OUTER_BOUND('',#2935,.T.);
#1510=CYLINDRICAL_SURFACE('',#2936,0.2);
#1511=FACE_OUTER_BOUND('',#2937,.T.);
#1512=CYLINDRICAL_SURFACE('',#2938,0.2);
#1513=FACE_OUTER_BOUND('',#2939,.T.);
#1514=CYLINDRICAL_SURFACE('',#2940,2.0);
#1515=FACE_OUTER_BOUND('',#2941,.T.);
#1516=CYLINDRICAL_SURFACE('',#2942,0.1);
#1517=FACE_OUTER_BOUND('',#2943,.T.);
#1518=CYLINDRICAL_SURFACE('',#2944,0.1);
#1519=FACE_OUTER_BOUND('',#2945,.T.);
#1520=CYLINDRICAL_SURFACE('',#2946,0.2);
#1521=FACE_OUTER_BOUND('',#2947,.T.);
#1522=CYLINDRICAL_SURFACE('',#2948,0.2);
#1523=FACE_OUTER_BOUND('',#2949,.T.);
#1524=CYLINDRICAL_SURFACE('',#2950,0.2);
#1525=FACE_OUTER_BOUND('',#2951,.T.);
#1526=CYLINDRICAL_SURFACE('',#2952,0.2);
#1527=FACE_OUTER_BOUND('',#2953,.T.);
#1528=CYLINDRICAL_SURFACE('',#2954,0.2);
#1529=FACE_OUTER_BOUND('',#2955,.T.);
#1530=CYLINDRICAL_SURFACE('',#2956,0.2);
#1531=FACE_OUTER_BOUND('',#2957,.T.);
#1532=CYLINDRICAL_SURFACE('',#2958,0.2);
#1533=FACE_OUTER_BOUND('',#2959,.T.);
#1534=CYLINDRICAL_SURFACE('',#2960,0.2);
#1535=FACE_OUTER_BOUND('',#2961,.T.);
#1536=CYLINDRICAL_SURFACE('',#2962,0.2);
#1537=FACE_OUTER_BOUND('',#2963,.T.);
#1538=CYLINDRICAL_SURFACE('',#2964,0.2);
#1539=FACE_OUTER_BOUND('',#2965,.T.);
#1540=CYLINDRICAL_SURFACE('',#2966,0.2);
#1541=FACE_OUTER_BOUND('',#2967,.T.);
#1542=CYLINDRICAL_SURFACE('',#2968,0.2);
#1543=FACE_OUTER_BOUND('',#2969,.T.);
#1544=CYLINDRICAL_SURFACE('',#2970,0.2);
#1545=FACE_OUTER_BOUND('',#2971,.T.);
#1546=CYLINDRICAL_SURFACE('',#2972,0.2);
#1547=FACE_OUTER_BOUND('',#2973,.T.);
#1548=CYLINDRICAL_SURFACE('',#2974,0.2);
#1549=FACE_OUTER_BOUND('',#2975,.T.);
#1550=CYLINDRICAL_SURFACE('',#2976,0.2);
#1551=FACE_OUTER_BOUND('',#2977,.T.);
#1552=SPHERICAL_SURFACE('',#2978,0.2);
#1553=FACE_OUTER_BOUND('',#2979,.T.);
#1554=CYLINDRICAL_SURFACE('',#2980,0.2);
#1555=FACE_OUTER_BOUND('',#2981,.T.);
#1556=CYLINDRICAL_SURFACE('',#2982,0.2);
#1557=FACE_OUTER_BOUND('',#2983,.T.);
#1558=SPHERICAL_SURFACE('',#2984,0.2);
#1559=FACE_OUTER_BOUND('',#2985,.T.);
#1560=CYLINDRICAL_SURFACE('',#2986,0.2);
#1561=FACE_OUTER_BOUND('',#2987,.T.);
#1562=CYLINDRICAL_SURFACE('',#2988,0.2);
#1563=FACE_OUTER_BOUND('',#2989,.T.);
#1564=SPHERICAL_SURFACE('',#2990,0.2);
#1565=FACE_OUTER_BOUND('',#2991,.T.);
#1566=CYLINDRICAL_SURFACE('',#2992,0.2);
#1567=FACE_OUTER_BOUND('',#2993,.T.);
#1568=CYLINDRICAL_SURFACE('',#2994,0.2);
#1569=FACE_OUTER_BOUND('',#2995,.T.);
#1570=SPHERICAL_SURFACE('',#2996,0.2);
#1571=FACE_OUTER_BOUND('',#2997,.T.);
#1572=CYLINDRICAL_SURFACE('',#2998,0.2);
#1573=FACE_OUTER_BOUND('',#2999,.T.);
#1574=CYLINDRICAL_SURFACE('',#3000,0.2);
#1575=FACE_OUTER_BOUND('',#3001,.T.);
#1576=CYLINDRICAL_SURFACE('',#3002,0.2);
#1577=FACE_OUTER_BOUND('',#3003,.T.);
#1578=CYLINDRICAL_SURFACE('',#3004,0.2);
#1579=FACE_OUTER_BOUND('',#3005,.T.);
#1580=CYLINDRICAL_SURFACE('',#3006,0.2);
#1581=FACE_OUTER_BOUND('',#3007,.T.);
#1582=CYLINDRICAL_SURFACE('',#3008,0.2);
#1583=FACE_OUTER_BOUND('',#3009,.T.);
#1584=CYLINDRICAL_SURFACE('',#3010,0.2);
#1585=FACE_OUTER_BOUND('',#3011,.T.);
#1586=CYLINDRICAL_SURFACE('',#3012,0.2);
#1587=FACE_OUTER_BOUND('',#3013,.T.);
#1588=CYLINDRICAL_SURFACE('',#3014,0.2);
#1589=FACE_OUTER_BOUND('',#3015,.T.);
#1590=CYLINDRICAL_SURFACE('',#3016,0.2);
#1591=FACE_OUTER_BOUND('',#3017,.T.);
#1592=CYLINDRICAL_SURFACE('',#3018,0.2);
#1593=FACE_OUTER_BOUND('',#3019,.T.);
#1594=CYLINDRICAL_SURFACE('',#3020,0.2);
#1595=FACE_OUTER_BOUND('',#3021,.T.);
#1596=CYLINDRICAL_SURFACE('',#3022,0.2);
#1597=FACE_OUTER_BOUND('',#3023,.T.);
#1598=CYLINDRICAL_SURFACE('',#3024,0.2);
#1599=FACE_OUTER_BOUND('',#3025,.T.);
#1600=PLANE('',#3026);
#1601=FACE_OUTER_BOUND('',#3027,.T.);
#1602=PLANE('',#3028);
#1603=FACE_OUTER_BOUND('',#3029,.T.);
#1604=PLANE('',#3030);
#1605=FACE_OUTER_BOUND('',#3031,.T.);
#1606=PLANE('',#3032);
#1607=FACE_OUTER_BOUND('',#3033,.T.);
#1608=PLANE('',#3034);
#1609=FACE_OUTER_BOUND('',#3035,.T.);
#1610=PLANE('',#3036);
#1611=FACE_OUTER_BOUND('',#3037,.T.);
#1612=PLANE('',#3038);
#1613=FACE_OUTER_BOUND('',#3039,.T.);
#1614=PLANE('',#3040);
#1615=FACE_OUTER_BOUND('',#3041,.T.);
#1616=PLANE('',#3042);
#1617=FACE_OUTER_BOUND('',#3043,.T.);
#1618=PLANE('',#3044);
#1619=FACE_OUTER_BOUND('',#3045,.T.);
#1620=PLANE('',#3046);
#1621=FACE_OUTER_BOUND('',#3047,.T.);
#1622=PLANE('',#3048);
#1623=FACE_OUTER_BOUND('',#3049,.T.);
#1624=PLANE('',#3050);
#1625=FACE_OUTER_BOUND('',#3051,.T.);
#1626=PLANE('',#3052);
#1627=FACE_OUTER_BOUND('',#3053,.T.);
#1628=PLANE('',#3054);
#1629=FACE_OUTER_BOUND('',#3055,.T.);
#1630=PLANE('',#3056);
#1631=FACE_OUTER_BOUND('',#3057,.T.);
#1632=PLANE('',#3058);
#1633=FACE_OUTER_BOUND('',#3059,.T.);
#1634=PLANE('',#3060);
#1635=FACE_OUTER_BOUND('',#3061,.T.);
#1636=PLANE('',#3062);
#1637=FACE_OUTER_BOUND('',#3063,.T.);
#1638=PLANE('',#3064);
#1639=FACE_OUTER_BOUND('',#3065,.T.);
#1640=PLANE('',#3066);
#1641=FACE_OUTER_BOUND('',#3067,.T.);
#1642=PLANE('',#3068);
#1643=FACE_OUTER_BOUND('',#3069,.T.);
#1644=PLANE('',#3070);
#1645=FACE_OUTER_BOUND('',#3071,.T.);
#1646=PLANE('',#3072);
#1647=FACE_OUTER_BOUND('',#3073,.T.);
#1648=PLANE('',#3074);
#1649=FACE_OUTER_BOUND('',#3075,.T.);
#1650=PLANE('',#3076);
#1651=FACE_OUTER_BOUND('',#3077,.T.);
#1652=PLANE('',#3078);
#1653=FACE_OUTER_BOUND('',#3079,.T.);
#1654=PLANE('',#3080);
#1655=FACE_OUTER_BOUND('',#3081,.T.);
#1656=PLANE('',#3082);
#1657=FACE_OUTER_BOUND('',#3083,.T.);
#1658=PLANE('',#3084);
#1659=FACE_OUTER_BOUND('',#3085,.T.);
#1660=PLANE('',#3086);
#1661=FACE_OUTER_BOUND('',#3087,.T.);
#1662=PLANE('',#3088);
#1663=FACE_OUTER_BOUND('',#3089,.T.);
#1664=PLANE('',#3090);
#1665=FACE_OUTER_BOUND('',#3091,.T.);
#1666=PLANE('',#3092);
#1667=FACE_OUTER_BOUND('',#3093,.T.);
#1668=PLANE('',#3094);
#1669=FACE_OUTER_BOUND('',#3095,.T.);
#1670=PLANE('',#3096);
#1671=FACE_OUTER_BOUND('',#3097,.T.);
#1672=PLANE('',#3098);
#1673=FACE_OUTER_BOUND('',#3099,.T.);
#1674=PLANE('',#3100);
#1675=FACE_OUTER_BOUND('',#3101,.T.);
#1676=PLANE('',#3102);
#1677=FACE_OUTER_BOUND('',#3103,.T.);
#1678=PLANE('',#3104);
#1679=FACE_OUTER_BOUND('',#3105,.T.);
#1680=PLANE('',#3106);
#1681=FACE_OUTER_BOUND('',#3107,.T.);
#1682=PLANE('',#3108);
#1683=FACE_BOUND('',#3109,.T.);
#1684=FACE_BOUND('',#3110,.T.);
#1685=FACE_BOUND('',#3111,.T.);
#1686=FACE_BOUND('',#3112,.T.);
#1687=FACE_OUTER_BOUND('',#3113,.T.);
#1688=FACE_BOUND('',#3114,.T.);
#1689=FACE_BOUND('',#3115,.T.);
#1690=PLANE('',#3116);
#1691=FACE_OUTER_BOUND('',#3117,.T.);
#1692=PLANE('',#3118);
#1693=FACE_OUTER_BOUND('',#3119,.T.);
#1694=PLANE('',#3120);
#1695=FACE_OUTER_BOUND('',#3121,.T.);
#1696=PLANE('',#3122);
#1697=FACE_OUTER_BOUND('',#3123,.T.);
#1698=PLANE('',#3124);
#1699=FACE_OUTER_BOUND('',#3125,.T.);
#1700=PLANE('',#3126);
#1701=FACE_OUTER_BOUND('',#3127,.T.);
#1702=PLANE('',#3128);
#1703=FACE_OUTER_BOUND('',#3129,.T.);
#1704=PLANE('',#3130);
#1705=FACE_OUTER_BOUND('',#3131,.T.);
#1706=PLANE('',#3132);
#1707=FACE_OUTER_BOUND('',#3133,.T.);
#1708=PLANE('',#3134);
#1709=FACE_OUTER_BOUND('',#3135,.T.);
#1710=PLANE('',#3136);
#1711=FACE_OUTER_BOUND('',#3137,.T.);
#1712=PLANE('',#3138);
#1713=FACE_OUTER_BOUND('',#3139,.T.);
#1714=PLANE('',#3140);
#1715=FACE_OUTER_BOUND('',#3141,.T.);
#1716=PLANE('',#3142);
#1717=FACE_OUTER_BOUND('',#3143,.T.);
#1718=PLANE('',#3144);
#1719=FACE_OUTER_BOUND('',#3145,.T.);
#1720=PLANE('',#3146);
#1721=FACE_OUTER_BOUND('',#3147,.T.);
#1722=PLANE('',#3148);
#1723=FACE_OUTER_BOUND('',#3149,.T.);
#1724=PLANE('',#3150);
#1725=FACE_OUTER_BOUND('',#3151,.T.);
#1726=PLANE('',#3152);
#1727=FACE_OUTER_BOUND('',#3153,.T.);
#1728=PLANE('',#3154);
#1729=FACE_OUTER_BOUND('',#3155,.T.);
#1730=PLANE('',#3156);
#1731=FACE_OUTER_BOUND('',#3157,.T.);
#1732=PLANE('',#3158);
#1733=FACE_OUTER_BOUND('',#3159,.T.);
#1734=PLANE('',#3160);
#1735=FACE_OUTER_BOUND('',#3161,.T.);
#1736=PLANE('',#3162);
#1737=FACE_OUTER_BOUND('',#3163,.T.);
#1738=PLANE('',#3164);
#1739=FACE_OUTER_BOUND('',#3165,.T.);
#1740=PLANE('',#3166);
#1741=FACE_OUTER_BOUND('',#3167,.T.);
#1742=PLANE('',#3168);
#1743=FACE_OUTER_BOUND('',#3169,.T.);
#1744=PLANE('',#3170);
#1745=FACE_OUTER_BOUND('',#3171,.T.);
#1746=PLANE('',#3172);
#1747=FACE_OUTER_BOUND('',#3173,.T.);
#1748=PLANE('',#3174);
#1749=FACE_OUTER_BOUND('',#3175,.T.);
#1750=PLANE('',#3176);
#1751=FACE_OUTER_BOUND('',#3177,.T.);
#1752=PLANE('',#3178);
#1753=FACE_OUTER_BOUND('',#3179,.T.);
#1754=PLANE('',#3180);
#1755=FACE_OUTER_BOUND('',#3181,.T.);
#1756=PLANE('',#3182);
#1757=FACE_OUTER_BOUND('',#3183,.T.);
#1758=PLANE('',#3184);
#1759=FACE_OUTER_BOUND('',#3185,.T.);
#1760=PLANE('',#3186);
#1761=FACE_OUTER_BOUND('',#3187,.T.);
#1762=PLANE('',#3188);
#1763=FACE_OUTER_BOUND('',#3189,.T.);
#1764=PLANE('',#3190);
#1765=FACE_OUTER_BOUND('',#3191,.T.);
#1766=PLANE('',#3192);
#1767=FACE_OUTER_BOUND('',#3193,.T.);
#1768=PLANE('',#3194);
#1769=FACE_BOUND('',#3195,.T.);
#1770=FACE_OUTER_BOUND('',#3196,.T.);
#1771=PLANE('',#3197);
#1772=FACE_OUTER_BOUND('',#3198,.T.);
#1773=PLANE('',#3199);
#1774=FACE_OUTER_BOUND('',#3200,.T.);
#1775=PLANE('',#3201);
#1776=FACE_OUTER_BOUND('',#3202,.T.);
#1777=PLANE('',#3203);
#1778=FACE_OUTER_BOUND('',#3204,.T.);
#1779=PLANE('',#3205);
#1780=FACE_OUTER_BOUND('',#3206,.T.);
#1781=PLANE('',#3207);
#1782=FACE_OUTER_BOUND('',#3208,.T.);
#1783=PLANE('',#3209);
#1784=FACE_BOUND('',#3210,.T.);
#1785=FACE_BOUND('',#3211,.T.);
#1786=FACE_BOUND('',#3212,.T.);
#1787=FACE_BOUND('',#3213,.T.);
#1788=FACE_OUTER_BOUND('',#3214,.T.);
#1789=PLANE('',#3215);
#1790=FACE_OUTER_BOUND('',#3216,.T.);
#1791=PLANE('',#3217);
#1792=FACE_OUTER_BOUND('',#3218,.T.);
#1793=PLANE('',#3219);
#1794=FACE_OUTER_BOUND('',#3220,.T.);
#1795=PLANE('',#3221);
#1796=FACE_OUTER_BOUND('',#3222,.T.);
#1797=PLANE('',#3223);
#1798=FACE_OUTER_BOUND('',#3224,.T.);
#1799=PLANE('',#3225);
#1800=FACE_OUTER_BOUND('',#3226,.T.);
#1801=PLANE('',#3227);
#1802=FACE_OUTER_BOUND('',#3228,.T.);
#1803=PLANE('',#3229);
#1804=FACE_OUTER_BOUND('',#3230,.T.);
#1805=PLANE('',#3231);
#1806=FACE_OUTER_BOUND('',#3232,.T.);
#1807=PLANE('',#3233);
#1808=FACE_OUTER_BOUND('',#3234,.T.);
#1809=PLANE('',#3235);
#1810=FACE_OUTER_BOUND('',#3236,.T.);
#1811=PLANE('',#3237);
#1812=FACE_OUTER_BOUND('',#3238,.T.);
#1813=PLANE('',#3239);
#1814=FACE_OUTER_BOUND('',#3240,.T.);
#1815=PLANE('',#3241);
#1816=FACE_OUTER_BOUND('',#3242,.T.);
#1817=PLANE('',#3243);
#1818=FACE_OUTER_BOUND('',#3244,.T.);
#1819=PLANE('',#3245);
#1820=EDGE_LOOP('',(#3246,#3247,#3248,#3249));
#1821=AXIS2_PLACEMENT_3D('',#3250,#3251,#3252);
#1822=EDGE_LOOP('',(#3253,#3254,#3255,#3256));
#1823=AXIS2_PLACEMENT_3D('',#3257,#3258,#3259);
#1824=EDGE_LOOP('',(#3260,#3261,#3262,#3263));
#1825=AXIS2_PLACEMENT_3D('',#3264,#3265,#3266);
#1826=EDGE_LOOP('',(#3267,#3268,#3269,#3270));
#1827=AXIS2_PLACEMENT_3D('',#3271,#3272,#3273);
#1828=EDGE_LOOP('',(#3274,#3275,#3276,#3277));
#1829=AXIS2_PLACEMENT_3D('',#3278,#3279,#3280);
#1830=EDGE_LOOP('',(#3281,#3282,#3283,#3284,#3285,#3286));
#1831=AXIS2_PLACEMENT_3D('',#3287,#3288,#3289);
#1832=EDGE_LOOP('',(#3290,#3291,#3292,#3293,#3294,#3295));
#1833=AXIS2_PLACEMENT_3D('',#3296,#3297,#3298);
#1834=EDGE_LOOP('',(#3299,#3300,#3301,#3302,#3303,#3304,#3305,#3306,#3307,#3308,#3309,#3310,#3311));
#1835=AXIS2_PLACEMENT_3D('',#3312,#3313,#3314);
#1836=EDGE_LOOP('',(#3315,#3316,#3317,#3318,#3319,#3320));
#1837=AXIS2_PLACEMENT_3D('',#3321,#3322,#3323);
#1838=EDGE_LOOP('',(#3324,#3325,#3326,#3327,#3328,#3329));
#1839=AXIS2_PLACEMENT_3D('',#3330,#3331,#3332);
#1840=EDGE_LOOP('',(#3333,#3334,#3335,#3336,#3337,#3338,#3339,#3340,#3341,#3342,#3343,#3344));
#1841=AXIS2_PLACEMENT_3D('',#3345,#3346,#3347);
#1842=EDGE_LOOP('',(#3348,#3349,#3350,#3351,#3352));
#1843=AXIS2_PLACEMENT_3D('',#3353,#3354,#3355);
#1844=EDGE_LOOP('',(#3356,#3357,#3358,#3359));
#1845=AXIS2_PLACEMENT_3D('',#3360,#3361,#3362);
#1846=EDGE_LOOP('',(#3363,#3364,#3365,#3366));
#1847=AXIS2_PLACEMENT_3D('',#3367,#3368,#3369);
#1848=EDGE_LOOP('',(#3370,#3371,#3372,#3373));
#1849=AXIS2_PLACEMENT_3D('',#3374,#3375,#3376);
#1850=EDGE_LOOP('',(#3377,#3378,#3379));
#1851=AXIS2_PLACEMENT_3D('',#3380,#3381,#3382);
#1852=EDGE_LOOP('',(#3383,#3384,#3385,#3386));
#1853=AXIS2_PLACEMENT_3D('',#3387,#3388,#3389);
#1854=EDGE_LOOP('',(#3390,#3391,#3392,#3393));
#1855=AXIS2_PLACEMENT_3D('',#3394,#3395,#3396);
#1856=EDGE_LOOP('',(#3397,#3398,#3399,#3400,#3401,#3402,#3403,#3404,#3405,#3406,#3407,#3408));
#1857=AXIS2_PLACEMENT_3D('',#3409,#3410,#3411);
#1858=EDGE_LOOP('',(#3412,#3413,#3414,#3415));
#1859=AXIS2_PLACEMENT_3D('',#3416,#3417,#3418);
#1860=EDGE_LOOP('',(#3419,#3420,#3421,#3422));
#1861=AXIS2_PLACEMENT_3D('',#3423,#3424,#3425);
#1862=EDGE_LOOP('',(#3426,#3427,#3428,#3429));
#1863=AXIS2_PLACEMENT_3D('',#3430,#3431,#3432);
#1864=EDGE_LOOP('',(#3433,#3434,#3435,#3436));
#1865=AXIS2_PLACEMENT_3D('',#3437,#3438,#3439);
#1866=EDGE_LOOP('',(#3440,#3441,#3442,#3443));
#1867=AXIS2_PLACEMENT_3D('',#3444,#3445,#3446);
#1868=EDGE_LOOP('',(#3447,#3448,#3449,#3450));
#1869=AXIS2_PLACEMENT_3D('',#3451,#3452,#3453);
#1870=EDGE_LOOP('',(#3454,#3455,#3456,#3457));
#1871=AXIS2_PLACEMENT_3D('',#3458,#3459,#3460);
#1872=EDGE_LOOP('',(#3461,#3462,#3463,#3464));
#1873=AXIS2_PLACEMENT_3D('',#3465,#3466,#3467);
#1874=EDGE_LOOP('',(#3468,#3469,#3470,#3471,#3472,#3473));
#1875=AXIS2_PLACEMENT_3D('',#3474,#3475,#3476);
#1876=EDGE_LOOP('',(#3477,#3478,#3479,#3480));
#1877=AXIS2_PLACEMENT_3D('',#3481,#3482,#3483);
#1878=EDGE_LOOP('',(#3484,#3485,#3486,#3487));
#1879=AXIS2_PLACEMENT_3D('',#3488,#3489,#3490);
#1880=EDGE_LOOP('',(#3491,#3492,#3493,#3494,#3495,#3496));
#1881=AXIS2_PLACEMENT_3D('',#3497,#3498,#3499);
#1882=EDGE_LOOP('',(#3500,#3501,#3502,#3503,#3504,#3505,#3506,#3507));
#1883=AXIS2_PLACEMENT_3D('',#3508,#3509,#3510);
#1884=EDGE_LOOP('',(#3511,#3512,#3513,#3514,#3515,#3516,#3517,#3518));
#1885=AXIS2_PLACEMENT_3D('',#3519,#3520,#3521);
#1886=EDGE_LOOP('',(#3522,#3523,#3524,#3525,#3526,#3527));
#1887=AXIS2_PLACEMENT_3D('',#3528,#3529,#3530);
#1888=EDGE_LOOP('',(#3531,#3532,#3533,#3534,#3535,#3536));
#1889=AXIS2_PLACEMENT_3D('',#3537,#3538,#3539);
#1890=EDGE_LOOP('',(#3540,#3541,#3542,#3543,#3544,#3545));
#1891=AXIS2_PLACEMENT_3D('',#3546,#3547,#3548);
#1892=EDGE_LOOP('',(#3549,#3550,#3551,#3552,#3553,#3554));
#1893=AXIS2_PLACEMENT_3D('',#3555,#3556,#3557);
#1894=EDGE_LOOP('',(#3558,#3559,#3560,#3561));
#1895=AXIS2_PLACEMENT_3D('',#3562,#3563,#3564);
#1896=EDGE_LOOP('',(#3565,#3566,#3567,#3568,#3569,#3570));
#1897=AXIS2_PLACEMENT_3D('',#3571,#3572,#3573);
#1898=EDGE_LOOP('',(#3574,#3575,#3576,#3577,#3578,#3579));
#1899=AXIS2_PLACEMENT_3D('',#3580,#3581,#3582);
#1900=EDGE_LOOP('',(#3583,#3584,#3585));
#1901=AXIS2_PLACEMENT_3D('',#3586,#3587,#3588);
#1902=EDGE_LOOP('',(#3589,#3590,#3591,#3592,#3593));
#1903=AXIS2_PLACEMENT_3D('',#3594,#3595,#3596);
#1904=EDGE_LOOP('',(#3597,#3598,#3599));
#1905=AXIS2_PLACEMENT_3D('',#3600,#3601,#3602);
#1906=EDGE_LOOP('',(#3603,#3604,#3605,#3606,#3607));
#1907=AXIS2_PLACEMENT_3D('',#3608,#3609,#3610);
#1908=EDGE_LOOP('',(#3611,#3612,#3613));
#1909=AXIS2_PLACEMENT_3D('',#3614,#3615,#3616);
#1910=EDGE_LOOP('',(#3617,#3618,#3619,#3620,#3621));
#1911=AXIS2_PLACEMENT_3D('',#3622,#3623,#3624);
#1912=EDGE_LOOP('',(#3625,#3626,#3627));
#1913=AXIS2_PLACEMENT_3D('',#3628,#3629,#3630);
#1914=EDGE_LOOP('',(#3631,#3632,#3633,#3634,#3635));
#1915=AXIS2_PLACEMENT_3D('',#3636,#3637,#3638);
#1916=EDGE_LOOP('',(#3639,#3640,#3641,#3642));
#1917=AXIS2_PLACEMENT_3D('',#3643,#3644,#3645);
#1918=EDGE_LOOP('',(#3646,#3647,#3648,#3649));
#1919=AXIS2_PLACEMENT_3D('',#3650,#3651,#3652);
#1920=EDGE_LOOP('',(#3653,#3654,#3655,#3656));
#1921=AXIS2_PLACEMENT_3D('',#3657,#3658,#3659);
#1922=EDGE_LOOP('',(#3660,#3661,#3662,#3663,#3664,#3665,#3666,#3667,#3668,#3669,#3670,#3671));
#1923=AXIS2_PLACEMENT_3D('',#3672,#3673,#3674);
#1924=EDGE_LOOP('',(#3675,#3676,#3677,#3678));
#1925=AXIS2_PLACEMENT_3D('',#3679,#3680,#3681);
#1926=EDGE_LOOP('',(#3682,#3683,#3684,#3685));
#1927=AXIS2_PLACEMENT_3D('',#3686,#3687,#3688);
#1928=EDGE_LOOP('',(#3689,#3690,#3691,#3692));
#1929=AXIS2_PLACEMENT_3D('',#3693,#3694,#3695);
#1930=EDGE_LOOP('',(#3696,#3697,#3698,#3699));
#1931=AXIS2_PLACEMENT_3D('',#3700,#3701,#3702);
#1932=EDGE_LOOP('',(#3703,#3704,#3705,#3706,#3707,#3708,#3709,#3710,#3711,#3712,#3713,#3714));
#1933=AXIS2_PLACEMENT_3D('',#3715,#3716,#3717);
#1934=EDGE_LOOP('',(#3718,#3719,#3720,#3721));
#1935=AXIS2_PLACEMENT_3D('',#3722,#3723,#3724);
#1936=EDGE_LOOP('',(#3725,#3726,#3727,#3728));
#1937=AXIS2_PLACEMENT_3D('',#3729,#3730,#3731);
#1938=EDGE_LOOP('',(#3732,#3733,#3734,#3735));
#1939=AXIS2_PLACEMENT_3D('',#3736,#3737,#3738);
#1940=EDGE_LOOP('',(#3739,#3740,#3741,#3742));
#1941=AXIS2_PLACEMENT_3D('',#3743,#3744,#3745);
#1942=EDGE_LOOP('',(#3746,#3747,#3748,#3749));
#1943=AXIS2_PLACEMENT_3D('',#3750,#3751,#3752);
#1944=EDGE_LOOP('',(#3753,#3754,#3755,#3756));
#1945=AXIS2_PLACEMENT_3D('',#3757,#3758,#3759);
#1946=EDGE_LOOP('',(#3760,#3761,#3762,#3763));
#1947=AXIS2_PLACEMENT_3D('',#3764,#3765,#3766);
#1948=EDGE_LOOP('',(#3767,#3768,#3769,#3770));
#1949=AXIS2_PLACEMENT_3D('',#3771,#3772,#3773);
#1950=EDGE_LOOP('',(#3774,#3775,#3776,#3777,#3778,#3779));
#1951=AXIS2_PLACEMENT_3D('',#3780,#3781,#3782);
#1952=EDGE_LOOP('',(#3783,#3784,#3785,#3786));
#1953=AXIS2_PLACEMENT_3D('',#3787,#3788,#3789);
#1954=EDGE_LOOP('',(#3790,#3791,#3792,#3793));
#1955=AXIS2_PLACEMENT_3D('',#3794,#3795,#3796);
#1956=EDGE_LOOP('',(#3797,#3798,#3799,#3800,#3801,#3802));
#1957=AXIS2_PLACEMENT_3D('',#3803,#3804,#3805);
#1958=EDGE_LOOP('',(#3806,#3807,#3808,#3809,#3810,#3811,#3812,#3813));
#1959=AXIS2_PLACEMENT_3D('',#3814,#3815,#3816);
#1960=EDGE_LOOP('',(#3817,#3818,#3819,#3820,#3821,#3822,#3823,#3824));
#1961=AXIS2_PLACEMENT_3D('',#3825,#3826,#3827);
#1962=EDGE_LOOP('',(#3828,#3829,#3830,#3831,#3832,#3833));
#1963=AXIS2_PLACEMENT_3D('',#3834,#3835,#3836);
#1964=EDGE_LOOP('',(#3837,#3838,#3839,#3840,#3841,#3842));
#1965=AXIS2_PLACEMENT_3D('',#3843,#3844,#3845);
#1966=EDGE_LOOP('',(#3846,#3847,#3848,#3849,#3850,#3851));
#1967=AXIS2_PLACEMENT_3D('',#3852,#3853,#3854);
#1968=EDGE_LOOP('',(#3855,#3856,#3857,#3858,#3859,#3860));
#1969=AXIS2_PLACEMENT_3D('',#3861,#3862,#3863);
#1970=EDGE_LOOP('',(#3864,#3865,#3866,#3867));
#1971=AXIS2_PLACEMENT_3D('',#3868,#3869,#3870);
#1972=EDGE_LOOP('',(#3871,#3872,#3873,#3874,#3875,#3876));
#1973=AXIS2_PLACEMENT_3D('',#3877,#3878,#3879);
#1974=EDGE_LOOP('',(#3880,#3881,#3882,#3883,#3884,#3885));
#1975=AXIS2_PLACEMENT_3D('',#3886,#3887,#3888);
#1976=EDGE_LOOP('',(#3889,#3890,#3891));
#1977=AXIS2_PLACEMENT_3D('',#3892,#3893,#3894);
#1978=EDGE_LOOP('',(#3895,#3896,#3897,#3898,#3899));
#1979=AXIS2_PLACEMENT_3D('',#3900,#3901,#3902);
#1980=EDGE_LOOP('',(#3903,#3904,#3905));
#1981=AXIS2_PLACEMENT_3D('',#3906,#3907,#3908);
#1982=EDGE_LOOP('',(#3909,#3910,#3911,#3912,#3913));
#1983=AXIS2_PLACEMENT_3D('',#3914,#3915,#3916);
#1984=EDGE_LOOP('',(#3917,#3918,#3919));
#1985=AXIS2_PLACEMENT_3D('',#3920,#3921,#3922);
#1986=EDGE_LOOP('',(#3923,#3924,#3925,#3926,#3927));
#1987=AXIS2_PLACEMENT_3D('',#3928,#3929,#3930);
#1988=EDGE_LOOP('',(#3931,#3932,#3933));
#1989=AXIS2_PLACEMENT_3D('',#3934,#3935,#3936);
#1990=EDGE_LOOP('',(#3937,#3938,#3939,#3940,#3941));
#1991=AXIS2_PLACEMENT_3D('',#3942,#3943,#3944);
#1992=EDGE_LOOP('',(#3945,#3946,#3947,#3948));
#1993=AXIS2_PLACEMENT_3D('',#3949,#3950,#3951);
#1994=EDGE_LOOP('',(#3952,#3953,#3954,#3955));
#1995=AXIS2_PLACEMENT_3D('',#3956,#3957,#3958);
#1996=EDGE_LOOP('',(#3959,#3960,#3961,#3962));
#1997=AXIS2_PLACEMENT_3D('',#3963,#3964,#3965);
#1998=EDGE_LOOP('',(#3966,#3967,#3968,#3969,#3970,#3971,#3972,#3973,#3974,#3975,#3976,#3977));
#1999=AXIS2_PLACEMENT_3D('',#3978,#3979,#3980);
#2000=EDGE_LOOP('',(#3981,#3982,#3983,#3984));
#2001=AXIS2_PLACEMENT_3D('',#3985,#3986,#3987);
#2002=EDGE_LOOP('',(#3988,#3989,#3990,#3991));
#2003=AXIS2_PLACEMENT_3D('',#3992,#3993,#3994);
#2004=EDGE_LOOP('',(#3995,#3996,#3997,#3998));
#2005=AXIS2_PLACEMENT_3D('',#3999,#4000,#4001);
#2006=EDGE_LOOP('',(#4002,#4003,#4004,#4005));
#2007=AXIS2_PLACEMENT_3D('',#4006,#4007,#4008);
#2008=EDGE_LOOP('',(#4009,#4010,#4011,#4012,#4013,#4014,#4015,#4016,#4017,#4018,#4019,#4020));
#2009=AXIS2_PLACEMENT_3D('',#4021,#4022,#4023);
#2010=EDGE_LOOP('',(#4024,#4025,#4026,#4027));
#2011=AXIS2_PLACEMENT_3D('',#4028,#4029,#4030);
#2012=EDGE_LOOP('',(#4031,#4032,#4033,#4034));
#2013=AXIS2_PLACEMENT_3D('',#4035,#4036,#4037);
#2014=EDGE_LOOP('',(#4038,#4039,#4040,#4041));
#2015=AXIS2_PLACEMENT_3D('',#4042,#4043,#4044);
#2016=EDGE_LOOP('',(#4045,#4046,#4047,#4048));
#2017=AXIS2_PLACEMENT_3D('',#4049,#4050,#4051);
#2018=EDGE_LOOP('',(#4052,#4053,#4054,#4055));
#2019=AXIS2_PLACEMENT_3D('',#4056,#4057,#4058);
#2020=EDGE_LOOP('',(#4059,#4060,#4061,#4062));
#2021=AXIS2_PLACEMENT_3D('',#4063,#4064,#4065);
#2022=EDGE_LOOP('',(#4066,#4067,#4068,#4069));
#2023=AXIS2_PLACEMENT_3D('',#4070,#4071,#4072);
#2024=EDGE_LOOP('',(#4073,#4074,#4075,#4076));
#2025=AXIS2_PLACEMENT_3D('',#4077,#4078,#4079);
#2026=EDGE_LOOP('',(#4080,#4081,#4082,#4083,#4084,#4085));
#2027=AXIS2_PLACEMENT_3D('',#4086,#4087,#4088);
#2028=EDGE_LOOP('',(#4089,#4090,#4091,#4092));
#2029=AXIS2_PLACEMENT_3D('',#4093,#4094,#4095);
#2030=EDGE_LOOP('',(#4096,#4097,#4098,#4099));
#2031=AXIS2_PLACEMENT_3D('',#4100,#4101,#4102);
#2032=EDGE_LOOP('',(#4103,#4104,#4105,#4106,#4107,#4108));
#2033=AXIS2_PLACEMENT_3D('',#4109,#4110,#4111);
#2034=EDGE_LOOP('',(#4112,#4113,#4114,#4115,#4116,#4117,#4118,#4119));
#2035=AXIS2_PLACEMENT_3D('',#4120,#4121,#4122);
#2036=EDGE_LOOP('',(#4123,#4124,#4125,#4126,#4127,#4128,#4129,#4130));
#2037=AXIS2_PLACEMENT_3D('',#4131,#4132,#4133);
#2038=EDGE_LOOP('',(#4134,#4135,#4136,#4137,#4138,#4139));
#2039=AXIS2_PLACEMENT_3D('',#4140,#4141,#4142);
#2040=EDGE_LOOP('',(#4143,#4144,#4145,#4146,#4147,#4148));
#2041=AXIS2_PLACEMENT_3D('',#4149,#4150,#4151);
#2042=EDGE_LOOP('',(#4152,#4153,#4154,#4155,#4156,#4157));
#2043=AXIS2_PLACEMENT_3D('',#4158,#4159,#4160);
#2044=EDGE_LOOP('',(#4161,#4162,#4163,#4164,#4165,#4166));
#2045=AXIS2_PLACEMENT_3D('',#4167,#4168,#4169);
#2046=EDGE_LOOP('',(#4170,#4171,#4172,#4173));
#2047=AXIS2_PLACEMENT_3D('',#4174,#4175,#4176);
#2048=EDGE_LOOP('',(#4177,#4178,#4179,#4180,#4181,#4182));
#2049=AXIS2_PLACEMENT_3D('',#4183,#4184,#4185);
#2050=EDGE_LOOP('',(#4186,#4187,#4188,#4189,#4190,#4191));
#2051=AXIS2_PLACEMENT_3D('',#4192,#4193,#4194);
#2052=EDGE_LOOP('',(#4195,#4196,#4197));
#2053=AXIS2_PLACEMENT_3D('',#4198,#4199,#4200);
#2054=EDGE_LOOP('',(#4201,#4202,#4203,#4204,#4205));
#2055=AXIS2_PLACEMENT_3D('',#4206,#4207,#4208);
#2056=EDGE_LOOP('',(#4209,#4210,#4211));
#2057=AXIS2_PLACEMENT_3D('',#4212,#4213,#4214);
#2058=EDGE_LOOP('',(#4215,#4216,#4217,#4218,#4219));
#2059=AXIS2_PLACEMENT_3D('',#4220,#4221,#4222);
#2060=EDGE_LOOP('',(#4223,#4224,#4225));
#2061=AXIS2_PLACEMENT_3D('',#4226,#4227,#4228);
#2062=EDGE_LOOP('',(#4229,#4230,#4231,#4232,#4233));
#2063=AXIS2_PLACEMENT_3D('',#4234,#4235,#4236);
#2064=EDGE_LOOP('',(#4237,#4238,#4239));
#2065=AXIS2_PLACEMENT_3D('',#4240,#4241,#4242);
#2066=EDGE_LOOP('',(#4243,#4244,#4245,#4246,#4247));
#2067=AXIS2_PLACEMENT_3D('',#4248,#4249,#4250);
#2068=EDGE_LOOP('',(#4251,#4252,#4253,#4254));
#2069=AXIS2_PLACEMENT_3D('',#4255,#4256,#4257);
#2070=EDGE_LOOP('',(#4258,#4259,#4260,#4261));
#2071=AXIS2_PLACEMENT_3D('',#4262,#4263,#4264);
#2072=EDGE_LOOP('',(#4265,#4266,#4267,#4268));
#2073=AXIS2_PLACEMENT_3D('',#4269,#4270,#4271);
#2074=EDGE_LOOP('',(#4272,#4273,#4274,#4275,#4276,#4277,#4278,#4279,#4280,#4281,#4282,#4283));
#2075=AXIS2_PLACEMENT_3D('',#4284,#4285,#4286);
#2076=EDGE_LOOP('',(#4287,#4288,#4289,#4290));
#2077=AXIS2_PLACEMENT_3D('',#4291,#4292,#4293);
#2078=EDGE_LOOP('',(#4294,#4295,#4296,#4297));
#2079=AXIS2_PLACEMENT_3D('',#4298,#4299,#4300);
#2080=EDGE_LOOP('',(#4301,#4302,#4303,#4304));
#2081=AXIS2_PLACEMENT_3D('',#4305,#4306,#4307);
#2082=EDGE_LOOP('',(#4308,#4309,#4310,#4311));
#2083=AXIS2_PLACEMENT_3D('',#4312,#4313,#4314);
#2084=EDGE_LOOP('',(#4315,#4316,#4317,#4318,#4319,#4320,#4321,#4322,#4323,#4324,#4325,#4326));
#2085=AXIS2_PLACEMENT_3D('',#4327,#4328,#4329);
#2086=EDGE_LOOP('',(#4330,#4331,#4332,#4333));
#2087=AXIS2_PLACEMENT_3D('',#4334,#4335,#4336);
#2088=EDGE_LOOP('',(#4337,#4338,#4339,#4340));
#2089=AXIS2_PLACEMENT_3D('',#4341,#4342,#4343);
#2090=EDGE_LOOP('',(#4344,#4345,#4346,#4347));
#2091=AXIS2_PLACEMENT_3D('',#4348,#4349,#4350);
#2092=EDGE_LOOP('',(#4351,#4352,#4353,#4354));
#2093=AXIS2_PLACEMENT_3D('',#4355,#4356,#4357);
#2094=EDGE_LOOP('',(#4358,#4359,#4360,#4361));
#2095=AXIS2_PLACEMENT_3D('',#4362,#4363,#4364);
#2096=EDGE_LOOP('',(#4365,#4366,#4367,#4368));
#2097=AXIS2_PLACEMENT_3D('',#4369,#4370,#4371);
#2098=EDGE_LOOP('',(#4372,#4373,#4374,#4375));
#2099=AXIS2_PLACEMENT_3D('',#4376,#4377,#4378);
#2100=EDGE_LOOP('',(#4379,#4380,#4381,#4382));
#2101=AXIS2_PLACEMENT_3D('',#4383,#4384,#4385);
#2102=EDGE_LOOP('',(#4386,#4387,#4388,#4389,#4390,#4391));
#2103=AXIS2_PLACEMENT_3D('',#4392,#4393,#4394);
#2104=EDGE_LOOP('',(#4395,#4396,#4397,#4398));
#2105=AXIS2_PLACEMENT_3D('',#4399,#4400,#4401);
#2106=EDGE_LOOP('',(#4402,#4403,#4404,#4405));
#2107=AXIS2_PLACEMENT_3D('',#4406,#4407,#4408);
#2108=EDGE_LOOP('',(#4409,#4410,#4411,#4412,#4413,#4414));
#2109=AXIS2_PLACEMENT_3D('',#4415,#4416,#4417);
#2110=EDGE_LOOP('',(#4418,#4419,#4420,#4421,#4422,#4423,#4424,#4425));
#2111=AXIS2_PLACEMENT_3D('',#4426,#4427,#4428);
#2112=EDGE_LOOP('',(#4429,#4430,#4431,#4432,#4433,#4434,#4435,#4436));
#2113=AXIS2_PLACEMENT_3D('',#4437,#4438,#4439);
#2114=EDGE_LOOP('',(#4440,#4441,#4442,#4443,#4444,#4445));
#2115=AXIS2_PLACEMENT_3D('',#4446,#4447,#4448);
#2116=EDGE_LOOP('',(#4449,#4450,#4451,#4452,#4453,#4454));
#2117=AXIS2_PLACEMENT_3D('',#4455,#4456,#4457);
#2118=EDGE_LOOP('',(#4458,#4459,#4460,#4461,#4462,#4463));
#2119=AXIS2_PLACEMENT_3D('',#4464,#4465,#4466);
#2120=EDGE_LOOP('',(#4467,#4468,#4469,#4470,#4471,#4472));
#2121=AXIS2_PLACEMENT_3D('',#4473,#4474,#4475);
#2122=EDGE_LOOP('',(#4476,#4477,#4478,#4479));
#2123=AXIS2_PLACEMENT_3D('',#4480,#4481,#4482);
#2124=EDGE_LOOP('',(#4483,#4484,#4485,#4486,#4487,#4488));
#2125=AXIS2_PLACEMENT_3D('',#4489,#4490,#4491);
#2126=EDGE_LOOP('',(#4492,#4493,#4494,#4495,#4496,#4497));
#2127=AXIS2_PLACEMENT_3D('',#4498,#4499,#4500);
#2128=EDGE_LOOP('',(#4501,#4502,#4503));
#2129=AXIS2_PLACEMENT_3D('',#4504,#4505,#4506);
#2130=EDGE_LOOP('',(#4507,#4508,#4509,#4510,#4511));
#2131=AXIS2_PLACEMENT_3D('',#4512,#4513,#4514);
#2132=EDGE_LOOP('',(#4515,#4516,#4517));
#2133=AXIS2_PLACEMENT_3D('',#4518,#4519,#4520);
#2134=EDGE_LOOP('',(#4521,#4522,#4523,#4524,#4525));
#2135=AXIS2_PLACEMENT_3D('',#4526,#4527,#4528);
#2136=EDGE_LOOP('',(#4529,#4530,#4531));
#2137=AXIS2_PLACEMENT_3D('',#4532,#4533,#4534);
#2138=EDGE_LOOP('',(#4535,#4536,#4537,#4538,#4539));
#2139=AXIS2_PLACEMENT_3D('',#4540,#4541,#4542);
#2140=EDGE_LOOP('',(#4543,#4544,#4545));
#2141=AXIS2_PLACEMENT_3D('',#4546,#4547,#4548);
#2142=EDGE_LOOP('',(#4549,#4550,#4551,#4552,#4553));
#2143=AXIS2_PLACEMENT_3D('',#4554,#4555,#4556);
#2144=EDGE_LOOP('',(#4557,#4558,#4559,#4560));
#2145=AXIS2_PLACEMENT_3D('',#4561,#4562,#4563);
#2146=EDGE_LOOP('',(#4564,#4565,#4566,#4567));
#2147=AXIS2_PLACEMENT_3D('',#4568,#4569,#4570);
#2148=EDGE_LOOP('',(#4571,#4572,#4573,#4574));
#2149=AXIS2_PLACEMENT_3D('',#4575,#4576,#4577);
#2150=EDGE_LOOP('',(#4578,#4579,#4580,#4581,#4582,#4583,#4584,#4585,#4586,#4587,#4588,#4589));
#2151=AXIS2_PLACEMENT_3D('',#4590,#4591,#4592);
#2152=EDGE_LOOP('',(#4593,#4594,#4595,#4596));
#2153=AXIS2_PLACEMENT_3D('',#4597,#4598,#4599);
#2154=EDGE_LOOP('',(#4600,#4601,#4602,#4603));
#2155=AXIS2_PLACEMENT_3D('',#4604,#4605,#4606);
#2156=EDGE_LOOP('',(#4607,#4608,#4609,#4610));
#2157=AXIS2_PLACEMENT_3D('',#4611,#4612,#4613);
#2158=EDGE_LOOP('',(#4614,#4615,#4616,#4617));
#2159=AXIS2_PLACEMENT_3D('',#4618,#4619,#4620);
#2160=EDGE_LOOP('',(#4621,#4622,#4623,#4624));
#2161=AXIS2_PLACEMENT_3D('',#4625,#4626,#4627);
#2162=EDGE_LOOP('',(#4628,#4629,#4630,#4631));
#2163=AXIS2_PLACEMENT_3D('',#4632,#4633,#4634);
#2164=EDGE_LOOP('',(#4635,#4636,#4637,#4638));
#2165=AXIS2_PLACEMENT_3D('',#4639,#4640,#4641);
#2166=EDGE_LOOP('',(#4642,#4643,#4644,#4645));
#2167=AXIS2_PLACEMENT_3D('',#4646,#4647,#4648);
#2168=EDGE_LOOP('',(#4649,#4650,#4651,#4652,#4653));
#2169=AXIS2_PLACEMENT_3D('',#4654,#4655,#4656);
#2170=EDGE_LOOP('',(#4657,#4658,#4659,#4660));
#2171=AXIS2_PLACEMENT_3D('',#4661,#4662,#4663);
#2172=EDGE_LOOP('',(#4664,#4665,#4666));
#2173=AXIS2_PLACEMENT_3D('',#4667,#4668,#4669);
#2174=EDGE_LOOP('',(#4670,#4671,#4672,#4673));
#2175=AXIS2_PLACEMENT_3D('',#4674,#4675,#4676);
#2176=EDGE_LOOP('',(#4677,#4678,#4679,#4680));
#2177=CARTESIAN_POINT('',(9.54748711367346,14.0999999989262,-3.83589113934723));
#2178=CARTESIAN_POINT('',(9.45229825725589,14.0999999989262,-3.83589113934723));
#2179=CARTESIAN_POINT('',(9.34456275947149,13.9960606110714,-3.83589113931799));
#2180=CARTESIAN_POINT('',(9.34414742105048,13.9008726607831,-3.83589113929121));
#2181=CARTESIAN_POINT('',(9.54748313698309,14.0999999988644,-4.0555931586138));
#2182=CARTESIAN_POINT('',(9.45240753648864,14.0999999988789,-4.00381471704968));
#2183=CARTESIAN_POINT('',(9.34479088388889,13.9964220147086,-3.94513312522122));
#2184=CARTESIAN_POINT('',(9.34414949510417,13.9013479958273,-3.94483545255602));
#2185=CARTESIAN_POINT('',(9.36385134417309,14.0999999988127,-4.23922495142418));
#2186=CARTESIAN_POINT('',(9.31207290259731,14.0999999988398,-4.14414935092412));
#2187=CARTESIAN_POINT('',(9.25339131079036,13.9964220146636,-4.03653269828851));
#2188=CARTESIAN_POINT('',(9.25309363817093,13.9013479957761,-4.03589130948895));
#2189=CARTESIAN_POINT('',(9.14414932490584,14.0999999988127,-4.23922892811482));
#2190=CARTESIAN_POINT('',(9.14414932490584,14.0999999988395,-4.14404007168381));
#2191=CARTESIAN_POINT('',(9.14414932490584,13.9960606109723,-4.03630457385618));
#2192=CARTESIAN_POINT('',(9.14414932490584,13.9008726606706,-4.03588923543511));
#2193=EDGE_LOOP('',(#4681,#4682,#4683,#4684));
#2194=AXIS2_PLACEMENT_3D('',#4685,#4686,#4687);
#2195=EDGE_LOOP('',(#4688,#4689,#4690,#4691));
#2196=CARTESIAN_POINT('',(9.14414932490682,14.0999999997424,-0.934287267737173));
#2197=CARTESIAN_POINT('',(9.14414932490683,14.0999999997156,-1.0294761241414));
#2198=CARTESIAN_POINT('',(9.14414932490683,13.9960606118733,-1.13721162188278));
#2199=CARTESIAN_POINT('',(9.14414932490683,13.9008726615984,-1.13762696030373));
#2200=CARTESIAN_POINT('',(9.36385134417305,14.0999999997424,-0.934291244427793));
#2201=CARTESIAN_POINT('',(9.31207290262098,14.0999999997156,-1.02936684490164));
#2202=CARTESIAN_POINT('',(9.25339131082943,13.9964220155646,-1.13698349745076));
#2203=CARTESIAN_POINT('',(9.25309363817173,13.9013479967039,-1.13762488624991));
#2204=CARTESIAN_POINT('',(9.54748313698289,14.0999999996907,-1.11792303723723));
#2205=CARTESIAN_POINT('',(9.45240753650331,14.0999999996761,-1.16970147880108));
#2206=CARTESIAN_POINT('',(9.34479088391831,13.9964220155192,-1.22838307057113));
#2207=CARTESIAN_POINT('',(9.34414949510444,13.9013479966527,-1.22868074318295));
#2208=CARTESIAN_POINT('',(9.54748711367378,14.0999999996289,-1.33762505650414));
#2209=CARTESIAN_POINT('',(9.4522982572561,14.0999999996289,-1.33762505650414));
#2210=CARTESIAN_POINT('',(9.34456275947149,13.9960606117742,-1.33762505647491));
#2211=CARTESIAN_POINT('',(9.34414742105048,13.9008726614859,-1.33762505644813));
#2212=EDGE_LOOP('',(#4692,#4693,#4694,#4695));
#2213=AXIS2_PLACEMENT_3D('',#4696,#4697,#4698);
#2214=EDGE_LOOP('',(#4699,#4700,#4701,#4702));
#2215=AXIS2_PLACEMENT_3D('',#4703,#4704,#4705);
#2216=EDGE_LOOP('',(#4706,#4707,#4708));
#2217=AXIS2_PLACEMENT_3D('',#4709,#4710,#4711);
#2218=EDGE_LOOP('',(#4712,#4713,#4714,#4715));
#2219=AXIS2_PLACEMENT_3D('',#4716,#4717,#4718);
#2220=EDGE_LOOP('',(#4719,#4720,#4721,#4722));
#2221=AXIS2_PLACEMENT_3D('',#4723,#4724,#4725);
#2222=EDGE_LOOP('',(#4726,#4727,#4728));
#2223=AXIS2_PLACEMENT_3D('',#4729,#4730,#4731);
#2224=EDGE_LOOP('',(#4732,#4733,#4734,#4735));
#2225=AXIS2_PLACEMENT_3D('',#4736,#4737,#4738);
#2226=EDGE_LOOP('',(#4739,#4740,#4741,#4742));
#2227=AXIS2_PLACEMENT_3D('',#4743,#4744,#4745);
#2228=EDGE_LOOP('',(#4746,#4747,#4748,#4749));
#2229=CARTESIAN_POINT('',(9.5474871136735,14.0999999999751,-0.106891139347225));
#2230=CARTESIAN_POINT('',(9.45229825725591,14.0999999999751,-0.106891139347223));
#2231=CARTESIAN_POINT('',(9.34456275947149,13.9960606121203,-0.106891139317987));
#2232=CARTESIAN_POINT('',(9.34414742105048,13.900872661832,-0.106891139291214));
#2233=CARTESIAN_POINT('',(9.54748313698314,14.0999999999133,-0.326593158613809));
#2234=CARTESIAN_POINT('',(9.45240753648866,14.0999999999279,-0.274814717049855));
#2235=CARTESIAN_POINT('',(9.34479088388888,13.9964220157576,-0.216133125221391));
#2236=CARTESIAN_POINT('',(9.34414949510417,13.9013479968763,-0.215835452556025));
#2237=CARTESIAN_POINT('',(9.36385134417312,14.0999999998616,-0.510224951424234));
#2238=CARTESIAN_POINT('',(9.31207290259732,14.0999999998884,-0.415149350923926));
#2239=CARTESIAN_POINT('',(9.25339131079035,13.9964220157122,-0.30753269828828));
#2240=CARTESIAN_POINT('',(9.25309363817093,13.901347996825,-0.306891309488934));
#2241=CARTESIAN_POINT('',(9.14414932490585,14.0999999998616,-0.510228928114866));
#2242=CARTESIAN_POINT('',(9.14414932490585,14.0999999998884,-0.415040071683835));
#2243=CARTESIAN_POINT('',(9.14414932490585,13.9960606120213,-0.307304573856187));
#2244=CARTESIAN_POINT('',(9.14414932490585,13.9008726617195,-0.306889235435114));
#2245=EDGE_LOOP('',(#4750,#4751,#4752,#4753));
#2246=AXIS2_PLACEMENT_3D('',#4754,#4755,#4756);
#2247=EDGE_LOOP('',(#4757,#4758,#4759,#4760));
#2248=AXIS2_PLACEMENT_3D('',#4761,#4762,#4763);
#2249=EDGE_LOOP('',(#4764,#4765,#4766));
#2250=AXIS2_PLACEMENT_3D('',#4767,#4768,#4769);
#2251=EDGE_LOOP('',(#4770,#4771,#4772,#4773));
#2252=AXIS2_PLACEMENT_3D('',#4774,#4775,#4776);
#2253=EDGE_LOOP('',(#4777,#4778,#4779,#4780,#4781));
#2254=AXIS2_PLACEMENT_3D('',#4782,#4783,#4784);
#2255=EDGE_LOOP('',(#4785,#4786,#4787));
#2256=AXIS2_PLACEMENT_3D('',#4788,#4789,#4790);
#2257=EDGE_LOOP('',(#4791,#4792,#4793,#4794));
#2258=AXIS2_PLACEMENT_3D('',#4795,#4796,#4797);
#2259=EDGE_LOOP('',(#4798,#4799,#4800,#4801));
#2260=CARTESIAN_POINT('',(-3.14411675793631,14.0999999988127,-4.23922892811487));
#2261=CARTESIAN_POINT('',(-3.14411675793631,14.0999999988395,-4.14404007168383));
#2262=CARTESIAN_POINT('',(-3.14411675793631,13.9960606109723,-4.03630457385618));
#2263=CARTESIAN_POINT('',(-3.14411675793631,13.9008726606706,-4.03588923543511));
#2264=CARTESIAN_POINT('',(-3.36381877720358,14.0999999988127,-4.23922495142423));
#2265=CARTESIAN_POINT('',(-3.31204033562778,14.0999999988398,-4.14414935092414));
#2266=CARTESIAN_POINT('',(-3.25335874382081,13.9964220146636,-4.03653269828851));
#2267=CARTESIAN_POINT('',(-3.25306107120138,13.9013479957761,-4.03589130948895));
#2268=CARTESIAN_POINT('',(-3.5474505700136,14.0999999988644,-4.05559315861382));
#2269=CARTESIAN_POINT('',(-3.45237496951912,14.0999999988789,-4.0038147170497));
#2270=CARTESIAN_POINT('',(-3.34475831691935,13.9964220147087,-3.94513312522122));
#2271=CARTESIAN_POINT('',(-3.34411692813464,13.9013479958273,-3.94483545255603));
#2272=CARTESIAN_POINT('',(-3.54745454670396,14.0999999989262,-3.83589113934722));
#2273=CARTESIAN_POINT('',(-3.45226569028638,14.0999999989262,-3.83589113934722));
#2274=CARTESIAN_POINT('',(-3.34453019250196,13.9960606110714,-3.83589113931798));
#2275=CARTESIAN_POINT('',(-3.34411485408095,13.9008726607831,-3.83589113929121));
#2276=EDGE_LOOP('',(#4802,#4803,#4804,#4805));
#2277=AXIS2_PLACEMENT_3D('',#4806,#4807,#4808);
#2278=EDGE_LOOP('',(#4809,#4810,#4811,#4812));
#2279=CARTESIAN_POINT('',(-3.5474545467042,14.0999999996289,-1.33762505650414));
#2280=CARTESIAN_POINT('',(-3.45226569028654,14.0999999996289,-1.33762505650414));
#2281=CARTESIAN_POINT('',(-3.34453019250196,13.9960606117742,-1.33762505647491));
#2282=CARTESIAN_POINT('',(-3.34411485408095,13.9008726614859,-1.33762505644813));
#2283=CARTESIAN_POINT('',(-3.54745057001331,14.0999999996907,-1.11792303723726));
#2284=CARTESIAN_POINT('',(-3.45237496953374,14.0999999996761,-1.1697014788011));
#2285=CARTESIAN_POINT('',(-3.34475831694877,13.9964220155192,-1.22838307057114));
#2286=CARTESIAN_POINT('',(-3.3441169281349,13.9013479966527,-1.22868074318296));
#2287=CARTESIAN_POINT('',(-3.36381877720349,14.0999999997424,-0.934291244427835));
#2288=CARTESIAN_POINT('',(-3.31204033565143,14.0999999997156,-1.02936684490167));
#2289=CARTESIAN_POINT('',(-3.2533587438599,13.9964220155646,-1.13698349745077));
#2290=CARTESIAN_POINT('',(-3.2530610712022,13.9013479967039,-1.13762488624992));
#2291=CARTESIAN_POINT('',(-3.14411675793729,14.0999999997424,-0.934287267737214));
#2292=CARTESIAN_POINT('',(-3.14411675793729,14.0999999997156,-1.02947612414143));
#2293=CARTESIAN_POINT('',(-3.14411675793729,13.9960606118733,-1.13721162188279));
#2294=CARTESIAN_POINT('',(-3.14411675793729,13.9008726615984,-1.13762696030374));
#2295=EDGE_LOOP('',(#4813,#4814,#4815,#4816));
#2296=AXIS2_PLACEMENT_3D('',#4817,#4818,#4819);
#2297=EDGE_LOOP('',(#4820,#4821,#4822,#4823));
#2298=AXIS2_PLACEMENT_3D('',#4824,#4825,#4826);
#2299=EDGE_LOOP('',(#4827,#4828,#4829));
#2300=AXIS2_PLACEMENT_3D('',#4830,#4831,#4832);
#2301=EDGE_LOOP('',(#4833,#4834,#4835,#4836));
#2302=AXIS2_PLACEMENT_3D('',#4837,#4838,#4839);
#2303=EDGE_LOOP('',(#4840,#4841,#4842,#4843));
#2304=AXIS2_PLACEMENT_3D('',#4844,#4845,#4846);
#2305=EDGE_LOOP('',(#4847,#4848,#4849));
#2306=AXIS2_PLACEMENT_3D('',#4850,#4851,#4852);
#2307=EDGE_LOOP('',(#4853,#4854,#4855,#4856));
#2308=AXIS2_PLACEMENT_3D('',#4857,#4858,#4859);
#2309=EDGE_LOOP('',(#4860,#4861,#4862,#4863));
#2310=AXIS2_PLACEMENT_3D('',#4864,#4865,#4866);
#2311=EDGE_LOOP('',(#4867,#4868,#4869,#4870));
#2312=CARTESIAN_POINT('',(-3.14411675793631,14.0999999998616,-0.510228928114822));
#2313=CARTESIAN_POINT('',(-3.14411675793631,14.0999999998884,-0.415040071683806));
#2314=CARTESIAN_POINT('',(-3.14411675793631,13.9960606120212,-0.307304573856192));
#2315=CARTESIAN_POINT('',(-3.14411675793631,13.9008726617195,-0.306889235435123));
#2316=CARTESIAN_POINT('',(-3.36381877720356,14.0999999998616,-0.510224951424189));
#2317=CARTESIAN_POINT('',(-3.31204033562777,14.0999999998884,-0.415149350923898));
#2318=CARTESIAN_POINT('',(-3.25335874382082,13.9964220157122,-0.307532698288285));
#2319=CARTESIAN_POINT('',(-3.25306107120139,13.901347996825,-0.306891309488943));
#2320=CARTESIAN_POINT('',(-3.54745057001355,14.0999999999133,-0.326593158613794));
#2321=CARTESIAN_POINT('',(-3.4523749695191,14.0999999999279,-0.274814717049846));
#2322=CARTESIAN_POINT('',(-3.34475831691936,13.9964220157576,-0.216133125221398));
#2323=CARTESIAN_POINT('',(-3.34411692813464,13.9013479968763,-0.215835452556033));
#2324=CARTESIAN_POINT('',(-3.54745454670392,14.0999999999751,-0.106891139347233));
#2325=CARTESIAN_POINT('',(-3.45226569028635,14.0999999999751,-0.106891139347233));
#2326=CARTESIAN_POINT('',(-3.34453019250196,13.9960606121203,-0.106891139317992));
#2327=CARTESIAN_POINT('',(-3.34411485408095,13.900872661832,-0.106891139291212));
#2328=EDGE_LOOP('',(#4871,#4872,#4873,#4874));
#2329=AXIS2_PLACEMENT_3D('',#4875,#4876,#4877);
#2330=EDGE_LOOP('',(#4878,#4879,#4880,#4881));
#2331=AXIS2_PLACEMENT_3D('',#4882,#4883,#4884);
#2332=EDGE_LOOP('',(#4885,#4886,#4887,#4888));
#2333=AXIS2_PLACEMENT_3D('',#4889,#4890,#4891);
#2334=EDGE_LOOP('',(#4892,#4893,#4894,#4895));
#2335=AXIS2_PLACEMENT_3D('',#4896,#4897,#4898);
#2336=EDGE_LOOP('',(#4899,#4900,#4901,#4902));
#2337=AXIS2_PLACEMENT_3D('',#4903,#4904,#4905);
#2338=EDGE_LOOP('',(#4906,#4907,#4908,#4909));
#2339=AXIS2_PLACEMENT_3D('',#4910,#4911,#4912);
#2340=EDGE_LOOP('',(#4913,#4914,#4915,#4916));
#2341=AXIS2_PLACEMENT_3D('',#4917,#4918,#4919);
#2342=EDGE_LOOP('',(#4920,#4921,#4922,#4923));
#2343=AXIS2_PLACEMENT_3D('',#4924,#4925,#4926);
#2344=EDGE_LOOP('',(#4927,#4928,#4929));
#2345=AXIS2_PLACEMENT_3D('',#4930,#4931,#4932);
#2346=EDGE_LOOP('',(#4933,#4934,#4935,#4936));
#2347=AXIS2_PLACEMENT_3D('',#4937,#4938,#4939);
#2348=EDGE_LOOP('',(#4940,#4941,#4942,#4943));
#2350=CARTESIAN_POINT('',(10.3091398055908,13.8991273370664,-3.84589304311082));
#2351=CARTESIAN_POINT('',(10.3100162834848,14.0999999989234,-3.84589304316732));
#2352=CARTESIAN_POINT('',(10.1091417094466,14.0999999989234,-3.84589304316732));
#2353=CARTESIAN_POINT('',(10.3091377315385,13.8986520021338,-4.49954394997941));
#2354=CARTESIAN_POINT('',(10.3104943930729,14.0999999987388,-4.50096244943994));
#2355=CARTESIAN_POINT('',(10.1091417093103,14.0999999987701,-4.39060389570487));
#2356=CARTESIAN_POINT('',(9.76280213559393,13.8986520020057,-5.04587954592355));
#2357=CARTESIAN_POINT('',(9.76422063500461,14.0999999985854,-5.04723620748861));
#2358=CARTESIAN_POINT('',(9.65386208126234,14.0999999986421,-4.84588352375105));
#2359=CARTESIAN_POINT('',(9.10915122872467,13.8991273367851,-5.04588161997595));
#2360=CARTESIAN_POINT('',(9.10915122872467,14.0999999985856,-5.04675809786967));
#2361=CARTESIAN_POINT('',(9.10915122872467,14.0999999986421,-4.84588352388806));
#2368=EDGE_LOOP('',(#4944,#4945,#4946));
#2369=AXIS2_PLACEMENT_3D('',#4947,#4948,#4949);
#2370=EDGE_LOOP('',(#4950,#4951,#4952,#4953));
#2371=AXIS2_PLACEMENT_3D('',#4954,#4955,#4956);
#2372=EDGE_LOOP('',(#4957,#4958,#4959,#4960));
#2374=CARTESIAN_POINT('',(-3.10911866175517,13.8991273367851,-5.04588161997595));
#2375=CARTESIAN_POINT('',(-3.10911866175518,14.0999999985856,-5.04675809786967));
#2376=CARTESIAN_POINT('',(-3.10911866175517,14.0999999986421,-4.84588352388806));
#2377=CARTESIAN_POINT('',(-3.76276956862443,13.8986520020057,-5.04587954592354));
#2378=CARTESIAN_POINT('',(-3.76418806803513,14.0999999985854,-5.04723620748861));
#2379=CARTESIAN_POINT('',(-3.65382951429285,14.0999999986421,-4.84588352375104));
#2380=CARTESIAN_POINT('',(-4.30910516456901,13.8986520021338,-4.49954394997941));
#2381=CARTESIAN_POINT('',(-4.31046182610342,14.0999999987391,-4.50096244943995));
#2382=CARTESIAN_POINT('',(-4.10910914234083,14.0999999987701,-4.39060389570487));
#2383=CARTESIAN_POINT('',(-4.30910723862128,13.8991273370664,-3.84589304311082));
#2384=CARTESIAN_POINT('',(-4.30998371651525,14.0999999989234,-3.84589304316734));
#2385=CARTESIAN_POINT('',(-4.10910914247714,14.0999999989234,-3.84589304316733));
#2392=EDGE_LOOP('',(#4961,#4962,#4963,#4964));
#2393=AXIS2_PLACEMENT_3D('',#4965,#4966,#4967);
#2394=EDGE_LOOP('',(#4968,#4969,#4970,#4971));
#2395=AXIS2_PLACEMENT_3D('',#4972,#4973,#4974);
#2396=EDGE_LOOP('',(#4975,#4976,#4977,#4978));
#2397=AXIS2_PLACEMENT_3D('',#4979,#4980,#4981);
#2398=EDGE_LOOP('',(#4982,#4983,#4984,#4985));
#2399=AXIS2_PLACEMENT_3D('',#4986,#4987,#4988);
#2400=EDGE_LOOP('',(#4989,#4990,#4991,#4992));
#2401=AXIS2_PLACEMENT_3D('',#4993,#4994,#4995);
#2402=EDGE_LOOP('',(#4996,#4997,#4998,#4999));
#2403=AXIS2_PLACEMENT_3D('',#5000,#5001,#5002);
#2404=EDGE_LOOP('',(#5003,#5004,#5005,#5006));
#2405=AXIS2_PLACEMENT_3D('',#5007,#5008,#5009);
#2406=EDGE_LOOP('',(#5010,#5011,#5012,#5013));
#2407=AXIS2_PLACEMENT_3D('',#5014,#5015,#5016);
#2408=EDGE_LOOP('',(#5017,#5018,#5019,#5020));
#2409=AXIS2_PLACEMENT_3D('',#5021,#5022,#5023);
#2410=EDGE_LOOP('',(#5024,#5025,#5026,#5027));
#2411=AXIS2_PLACEMENT_3D('',#5028,#5029,#5030);
#2412=EDGE_LOOP('',(#5031,#5032,#5033,#5034));
#2413=AXIS2_PLACEMENT_3D('',#5035,#5036,#5037);
#2414=EDGE_LOOP('',(#5038,#5039,#5040,#5041));
#2415=AXIS2_PLACEMENT_3D('',#5042,#5043,#5044);
#2416=EDGE_LOOP('',(#5045,#5046,#5047,#5048));
#2417=CARTESIAN_POINT('',(7.90803682603182,1.88041881492914E-10,0.650012144077127));
#2418=CARTESIAN_POINT('',(7.90803682603182,1.61184054383574E-10,0.554615544037101));
#2419=CARTESIAN_POINT('',(7.90803682603182,0.10460340009077,0.446665056402242));
#2420=CARTESIAN_POINT('',(7.90803682603182,0.200000000130801,0.446665056375408));
#2421=CARTESIAN_POINT('',(7.68832644277895,1.88042863257976E-10,0.650008090132234));
#2422=CARTESIAN_POINT('',(7.74028980248521,1.61157054494471E-10,0.554727008838191));
#2423=CARTESIAN_POINT('',(7.79909125929558,0.10424356758942,0.44689179106862));
#2424=CARTESIAN_POINT('',(7.79909115451123,0.1995246500462,0.446665056375547));
#2425=CARTESIAN_POINT('',(7.50469314156244,1.36300087805639E-10,0.466366860586821));
#2426=CARTESIAN_POINT('',(7.59988424460995,1.22054938621842E-10,0.414588901431782));
#2427=CARTESIAN_POINT('',(7.70761576641392,0.10393714115703,0.355906650724417));
#2428=CARTESIAN_POINT('',(7.70803111442803,0.199127338251199,0.355607616712517));
#2429=CARTESIAN_POINT('',(7.50469324081056,7.44987078227353E-11,0.246665056431667));
#2430=CARTESIAN_POINT('',(7.59988149089296,7.45449982185925E-11,0.246665056431669));
#2431=CARTESIAN_POINT('',(7.70761577865264,0.10393999425876,0.246665056402433));
#2432=CARTESIAN_POINT('',(7.70803111442802,0.199127338217599,0.246665056375658));
#2433=EDGE_LOOP('',(#5049,#5050,#5051,#5052));
#2434=AXIS2_PLACEMENT_3D('',#5053,#5054,#5055);
#2435=EDGE_LOOP('',(#5056,#5057,#5058,#5059,#5060));
#2436=AXIS2_PLACEMENT_3D('',#5061,#5062,#5063);
#2437=EDGE_LOOP('',(#5064,#5065,#5066,#5067));
#2438=AXIS2_PLACEMENT_3D('',#5068,#5069,#5070);
#2439=EDGE_LOOP('',(#5071,#5072,#5073,#5074));
#2440=CARTESIAN_POINT('',(-1.50466067385483,7.45003911408595E-11,0.246665056431659));
#2441=CARTESIAN_POINT('',(-1.59984892393722,7.44987046556654E-11,0.246665056431658));
#2442=CARTESIAN_POINT('',(-1.7075832116969,0.103939994258714,0.246665056402422));
#2443=CARTESIAN_POINT('',(-1.70799854747228,0.199127338217599,0.246665056375649));
#2444=CARTESIAN_POINT('',(-1.50466057460671,1.36300118598043E-10,0.466366860586811));
#2445=CARTESIAN_POINT('',(-1.59985167765422,1.22054091788374E-10,0.414588901431708));
#2446=CARTESIAN_POINT('',(-1.70758319945819,0.103937141157031,0.355906650724342));
#2447=CARTESIAN_POINT('',(-1.70799854747229,0.199127338251199,0.355607616712509));
#2448=CARTESIAN_POINT('',(-1.68829387582322,1.88032814669904E-10,0.650008090132217));
#2449=CARTESIAN_POINT('',(-1.74025723552948,1.61433404482921E-10,0.554727008838268));
#2450=CARTESIAN_POINT('',(-1.79905869233984,0.104243567589708,0.446891791068703));
#2451=CARTESIAN_POINT('',(-1.79905858755549,0.1995246500462,0.446665056375538));
#2452=CARTESIAN_POINT('',(-1.90800425907609,1.88041830172238E-10,0.650012144077113));
#2453=CARTESIAN_POINT('',(-1.90800425907609,1.61185465772686E-10,0.554615544037088));
#2454=CARTESIAN_POINT('',(-1.90800425907609,0.104603400090773,0.446665056402233));
#2455=CARTESIAN_POINT('',(-1.90800425907609,0.200000000130801,0.446665056375398));
#2456=EDGE_LOOP('',(#5075,#5076,#5077,#5078,#5079));
#2457=AXIS2_PLACEMENT_3D('',#5080,#5081,#5082);
#2458=EDGE_LOOP('',(#5083,#5084,#5085,#5086,#5087));
#2459=AXIS2_PLACEMENT_3D('',#5088,#5089,#5090);
#2460=EDGE_LOOP('',(#5091,#5092,#5093,#5094,#5095));
#2461=AXIS2_PLACEMENT_3D('',#5096,#5097,#5098);
#2462=EDGE_LOOP('',(#5099,#5100,#5101,#5102));
#2463=AXIS2_PLACEMENT_3D('',#5103,#5104,#5105);
#2464=EDGE_LOOP('',(#5106,#5107,#5108,#5109));
#2465=AXIS2_PLACEMENT_3D('',#5110,#5111,#5112);
#2466=EDGE_LOOP('',(#5113,#5114,#5115,#5116,#5117));
#2467=AXIS2_PLACEMENT_3D('',#5118,#5119,#5120);
#2468=EDGE_LOOP('',(#5121,#5122,#5123,#5124,#5125));
#2469=AXIS2_PLACEMENT_3D('',#5126,#5127,#5128);
#2470=EDGE_LOOP('',(#5129,#5130,#5131,#5132));
#2471=CARTESIAN_POINT('',(9.21918312792427,-0.300872662939201,-3.86592684271897));
#2472=CARTESIAN_POINT('',(9.21959846634528,-0.39606061322758,-3.86592684269219));
#2473=CARTESIAN_POINT('',(9.32733396412986,-0.500000001082299,-3.86592684266295));
#2474=CARTESIAN_POINT('',(9.42252282054753,-0.500000001082301,-3.86592684266295));
#2475=CARTESIAN_POINT('',(9.21918520197823,-0.301347998105301,-3.97487115598414));
#2476=CARTESIAN_POINT('',(9.21982659079197,-0.396422016971986,-3.9751688285961));
#2477=CARTESIAN_POINT('',(9.32744324337693,-0.500000001129364,-4.03385042036613));
#2478=CARTESIAN_POINT('',(9.42251884385664,-0.500000001144119,-4.08562886192983));
#2479=CARTESIAN_POINT('',(9.12812934504553,-0.3013479981569,-4.06592701291718));
#2480=CARTESIAN_POINT('',(9.12842701770332,-0.396422017017691,-4.06656840171615));
#2481=CARTESIAN_POINT('',(9.18710860949485,-0.500000001168942,-4.17418505426525));
#2482=CARTESIAN_POINT('',(9.23888705104681,-0.500000001195743,-4.26926065473927));
#2483=CARTESIAN_POINT('',(9.01918503178062,-0.300872663051701,-4.06592493886336));
#2484=CARTESIAN_POINT('',(9.01918503178062,-0.396060613326643,-4.06634027728431));
#2485=CARTESIAN_POINT('',(9.01918503178062,-0.500000001168974,-4.17407577502567));
#2486=CARTESIAN_POINT('',(9.01918503178062,-0.500000001195742,-4.26926463142989));
#2487=EDGE_LOOP('',(#5133,#5134,#5135,#5136));
#2488=AXIS2_PLACEMENT_3D('',#5137,#5138,#5139);
#2489=EDGE_LOOP('',(#5140,#5141,#5142,#5143,#5144));
#2490=AXIS2_PLACEMENT_3D('',#5145,#5146,#5147);
#2491=EDGE_LOOP('',(#5148,#5149,#5150,#5151,#5152));
#2492=AXIS2_PLACEMENT_3D('',#5153,#5154,#5155);
#2493=EDGE_LOOP('',(#5156,#5157,#5158,#5159));
#2494=AXIS2_PLACEMENT_3D('',#5160,#5161,#5162);
#2495=EDGE_LOOP('',(#5163,#5164,#5165,#5166));
#2496=AXIS2_PLACEMENT_3D('',#5167,#5168,#5169);
#2497=EDGE_LOOP('',(#5170,#5171,#5172,#5173,#5174));
#2498=AXIS2_PLACEMENT_3D('',#5175,#5176,#5177);
#2499=EDGE_LOOP('',(#5178,#5179,#5180,#5181));
#2501=CARTESIAN_POINT('',(10.0471821277927,-0.500000001059202,-3.78393346140092));
#2502=CARTESIAN_POINT('',(10.2463113615025,-0.500000001059189,-3.78393346140092));
#2503=CARTESIAN_POINT('',(10.2471802239368,-0.300872662916199,-3.78393346145693));
#2504=CARTESIAN_POINT('',(10.0471821276564,-0.500000001212402,-4.32864431393794));
#2505=CARTESIAN_POINT('',(10.2458387576882,-0.500000001242286,-4.436184963715));
#2506=CARTESIAN_POINT('',(10.2471781498845,-0.301347997848402,-4.43758436832553));
#2507=CARTESIAN_POINT('',(9.59190249960839,-0.5000000013405,-4.78392394198535));
#2508=CARTESIAN_POINT('',(9.69944314937901,-0.500000001395104,-4.98258057204449));
#2509=CARTESIAN_POINT('',(9.70084255393996,-0.301347997976601,-4.98391996426966));
#2510=CARTESIAN_POINT('',(9.04719164707071,-0.5000000013405,-4.78392394212166));
#2511=CARTESIAN_POINT('',(9.04719164707071,-0.500000001396509,-4.98305317588751));
#2512=CARTESIAN_POINT('',(9.04719164707071,-0.300872663197501,-4.98392203832206));
#2519=EDGE_LOOP('',(#5182,#5183,#5184,#5185));
#2520=AXIS2_PLACEMENT_3D('',#5186,#5187,#5188);
#2521=EDGE_LOOP('',(#5189,#5190,#5191,#5192));
#2522=AXIS2_PLACEMENT_3D('',#5193,#5194,#5195);
#2523=EDGE_LOOP('',(#5196,#5197,#5198,#5199));
#2524=AXIS2_PLACEMENT_3D('',#5200,#5201,#5202);
#2525=EDGE_LOOP('',(#5203,#5204,#5205,#5206,#5207));
#2526=AXIS2_PLACEMENT_3D('',#5208,#5209,#5210);
#2527=EDGE_LOOP('',(#5211,#5212,#5213,#5214,#5215));
#2528=AXIS2_PLACEMENT_3D('',#5216,#5217,#5218);
#2529=EDGE_LOOP('',(#5219,#5220,#5221,#5222,#5223));
#2530=AXIS2_PLACEMENT_3D('',#5224,#5225,#5226);
#2531=EDGE_LOOP('',(#5227,#5228,#5229,#5230,#5231));
#2532=AXIS2_PLACEMENT_3D('',#5232,#5233,#5234);
#2533=EDGE_LOOP('',(#5235,#5236,#5237,#5238));
#2534=AXIS2_PLACEMENT_3D('',#5239,#5240,#5241);
#2535=EDGE_LOOP('',(#5242,#5243,#5244,#5245,#5246));
#2536=AXIS2_PLACEMENT_3D('',#5247,#5248,#5249);
#2537=EDGE_LOOP('',(#5250,#5251,#5252,#5253));
#2538=AXIS2_PLACEMENT_3D('',#5254,#5255,#5256);
#2539=EDGE_LOOP('',(#5257,#5258,#5259,#5260));
#2540=CARTESIAN_POINT('',(-3.01915246482488,-0.300872663051701,-4.06592493886336));
#2541=CARTESIAN_POINT('',(-3.01915246482488,-0.396060613326653,-4.06634027728431));
#2542=CARTESIAN_POINT('',(-3.01915246482488,-0.50000000116897,-4.17407577502569));
#2543=CARTESIAN_POINT('',(-3.01915246482488,-0.500000001195742,-4.26926463142993));
#2544=CARTESIAN_POINT('',(-3.12809677808979,-0.301347998157501,-4.06592701291718));
#2545=CARTESIAN_POINT('',(-3.12839445074738,-0.396422017018252,-4.06656840171642));
#2546=CARTESIAN_POINT('',(-3.18707604253893,-0.500000001169169,-4.17418505426554));
#2547=CARTESIAN_POINT('',(-3.2388544840911,-0.500000001195735,-4.2692606547393));
#2548=CARTESIAN_POINT('',(-3.21915263502249,-0.301347998105801,-3.97487115598414));
#2549=CARTESIAN_POINT('',(-3.2197940238365,-0.396422016972257,-3.9751688285959));
#2550=CARTESIAN_POINT('',(-3.32741067642148,-0.500000001129358,-4.03385042036595));
#2551=CARTESIAN_POINT('',(-3.42248627690093,-0.500000001144119,-4.08562886192986));
#2552=CARTESIAN_POINT('',(-3.21915056096853,-0.300872662939201,-3.86592684271897));
#2553=CARTESIAN_POINT('',(-3.21956589938954,-0.396060613227594,-3.8659268426922));
#2554=CARTESIAN_POINT('',(-3.32730139717415,-0.500000001082301,-3.86592684266295));
#2555=CARTESIAN_POINT('',(-3.42249025359183,-0.500000001082301,-3.86592684266295));
#2556=EDGE_LOOP('',(#5261,#5262,#5263,#5264));
#2557=AXIS2_PLACEMENT_3D('',#5265,#5266,#5267);
#2558=EDGE_LOOP('',(#5268,#5269,#5270,#5271,#5272));
#2559=AXIS2_PLACEMENT_3D('',#5273,#5274,#5275);
#2560=EDGE_LOOP('',(#5276,#5277,#5278,#5279,#5280));
#2561=AXIS2_PLACEMENT_3D('',#5281,#5282,#5283);
#2562=EDGE_LOOP('',(#5284,#5285,#5286,#5287));
#2563=AXIS2_PLACEMENT_3D('',#5288,#5289,#5290);
#2564=EDGE_LOOP('',(#5291,#5292,#5293,#5294));
#2565=CARTESIAN_POINT('',(8.37001628348485,0.299999998658798,-4.78654195267033));
#2566=CARTESIAN_POINT('',(8.37001628348485,0.299583754816948,-4.88193740880672));
#2567=CARTESIAN_POINT('',(8.47796629949226,0.299127336801797,-4.98654004881448));
#2568=CARTESIAN_POINT('',(8.57336266373328,0.2991273368018,-4.98654004881448));
#2569=CARTESIAN_POINT('',(8.37001628348486,0.408942558995399,-4.78749266186006));
#2570=CARTESIAN_POINT('',(8.37024301757623,0.408526714408301,-4.88277260134802));
#2571=CARTESIAN_POINT('',(8.47807776485739,0.466872506636389,-4.98727197983869));
#2572=CARTESIAN_POINT('',(8.57335861064525,0.518835243248282,-4.9874987114884));
#2573=CARTESIAN_POINT('',(8.27895884382172,0.499999998658299,-4.78828729293857));
#2574=CARTESIAN_POINT('',(8.27925787704837,0.499999998420717,-4.8834781609056));
#2575=CARTESIAN_POINT('',(8.33793987250634,0.607276514241908,-4.98788461178086));
#2576=CARTESIAN_POINT('',(8.38971770368992,0.702466475863374,-4.98829995897792));
#2577=CARTESIAN_POINT('',(8.17001628348486,0.499999998658299,-4.78828729294235));
#2578=CARTESIAN_POINT('',(8.17001628348486,0.499999998631533,-4.88347530775418));
#2579=CARTESIAN_POINT('',(8.17001628348487,0.607279267946973,-4.98788462379614));
#2580=CARTESIAN_POINT('',(8.17001628348487,0.70246637663747,-4.98829995854497));
#2581=EDGE_LOOP('',(#5295,#5296,#5297,#5298,#5299));
#2582=AXIS2_PLACEMENT_3D('',#5300,#5301,#5302);
#2583=EDGE_LOOP('',(#5303,#5304,#5305,#5306,#5307));
#2584=AXIS2_PLACEMENT_3D('',#5308,#5309,#5310);
#2585=EDGE_LOOP('',(#5311,#5312,#5313,#5314));
#2586=AXIS2_PLACEMENT_3D('',#5315,#5316,#5317);
#2587=EDGE_LOOP('',(#5318,#5319,#5320,#5321));
#2588=AXIS2_PLACEMENT_3D('',#5322,#5323,#5324);
#2589=EDGE_LOOP('',(#5325,#5326,#5327,#5328));
#2591=CARTESIAN_POINT('',(-3.04715908010121,-0.5000000013405,-4.78392394212165));
#2592=CARTESIAN_POINT('',(-3.04715908010121,-0.500000001396509,-4.9830531758875));
#2593=CARTESIAN_POINT('',(-3.04715908010121,-0.300872663197501,-4.98392203832206));
#2594=CARTESIAN_POINT('',(-3.5918699326389,-0.5000000013405,-4.78392394198535));
#2595=CARTESIAN_POINT('',(-3.6994105824095,-0.5000000013951,-4.98258057204261));
#2596=CARTESIAN_POINT('',(-3.70080998697047,-0.301347997976601,-4.98391996426966));
#2597=CARTESIAN_POINT('',(-4.04714956068687,-0.500000001212402,-4.32864431393794));
#2598=CARTESIAN_POINT('',(-4.24580619071875,-0.500000001242296,-4.4361849637164));
#2599=CARTESIAN_POINT('',(-4.24714558291505,-0.301347997848402,-4.43758436832553));
#2600=CARTESIAN_POINT('',(-4.04714956082317,-0.500000001059202,-3.78393346140092));
#2601=CARTESIAN_POINT('',(-4.24627879453301,-0.500000001059189,-3.78393346140092));
#2602=CARTESIAN_POINT('',(-4.24714765696731,-0.300872662916199,-3.78393346145694));
#2609=EDGE_LOOP('',(#5329,#5330,#5331,#5332));
#2610=AXIS2_PLACEMENT_3D('',#5333,#5334,#5335);
#2611=EDGE_LOOP('',(#5336,#5337,#5338,#5339));
#2612=AXIS2_PLACEMENT_3D('',#5340,#5341,#5342);
#2613=EDGE_LOOP('',(#5343,#5344,#5345,#5346,#5347));
#2614=AXIS2_PLACEMENT_3D('',#5348,#5349,#5350);
#2615=EDGE_LOOP('',(#5351,#5352,#5353,#5354,#5355));
#2616=AXIS2_PLACEMENT_3D('',#5356,#5357,#5358);
#2617=EDGE_LOOP('',(#5359,#5360,#5361,#5362));
#2618=AXIS2_PLACEMENT_3D('',#5363,#5364,#5365);
#2619=EDGE_LOOP('',(#5366,#5367,#5368,#5369));
#2620=AXIS2_PLACEMENT_3D('',#5370,#5371,#5372);
#2621=EDGE_LOOP('',(#5373,#5374,#5375,#5376));
#2622=AXIS2_PLACEMENT_3D('',#5377,#5378,#5379);
#2623=EDGE_LOOP('',(#5380,#5381,#5382,#5383));
#2624=AXIS2_PLACEMENT_3D('',#5384,#5385,#5386);
#2625=EDGE_LOOP('',(#5387,#5388,#5389,#5390,#5391));
#2626=AXIS2_PLACEMENT_3D('',#5392,#5393,#5394);
#2627=EDGE_LOOP('',(#5395,#5396,#5397,#5398));
#2628=AXIS2_PLACEMENT_3D('',#5399,#5400,#5401);
#2629=EDGE_LOOP('',(#5402,#5403,#5404,#5405));
#2630=CARTESIAN_POINT('',(-2.16998371651525,0.499999998658299,-4.78828729294235));
#2631=CARTESIAN_POINT('',(-2.16998371651525,0.499999998631533,-4.88347554303814));
#2632=CARTESIAN_POINT('',(-2.16998371651524,0.607279738510424,-4.98788462584937));
#2633=CARTESIAN_POINT('',(-2.16998371651524,0.702467082482646,-4.98829996162481));
#2634=CARTESIAN_POINT('',(-2.2789262768521,0.499999998658299,-4.78828729293857));
#2635=CARTESIAN_POINT('',(-2.27922531081796,0.499999998420717,-4.88347839619662));
#2636=CARTESIAN_POINT('',(-2.33790756150375,0.607276984819463,-4.98788461383416));
#2637=CARTESIAN_POINT('',(-2.38968552067072,0.702467181729706,-4.98829996205786));
#2638=CARTESIAN_POINT('',(-2.36998371651525,0.408942558995399,-4.78749266185997));
#2639=CARTESIAN_POINT('',(-2.37021045116696,0.408526713380424,-4.88277283685952));
#2640=CARTESIAN_POINT('',(-2.47804566891453,0.466872763517496,-4.9872719809599));
#2641=CARTESIAN_POINT('',(-2.57332675021592,0.518835628569963,-4.98749871316967));
#2642=CARTESIAN_POINT('',(-2.36998371651525,0.299999998658798,-4.78654195267033));
#2643=CARTESIAN_POINT('',(-2.36998371651525,0.299583753788084,-4.88193764460343));
#2644=CARTESIAN_POINT('',(-2.47793420412058,0.299127336801796,-4.98654004881448));
#2645=CARTESIAN_POINT('',(-2.57333080416055,0.2991273368018,-4.98654004881448));
#2646=EDGE_LOOP('',(#5406,#5407,#5408,#5409));
#2647=AXIS2_PLACEMENT_3D('',#5410,#5411,#5412);
#2648=EDGE_LOOP('',(#5413,#5414,#5415,#5416));
#2649=AXIS2_PLACEMENT_3D('',#5417,#5418,#5419);
#2650=EDGE_LOOP('',(#5420,#5421,#5422,#5423));
#2651=AXIS2_PLACEMENT_3D('',#5424,#5425,#5426);
#2652=EDGE_LOOP('',(#5427,#5428,#5429,#5430));
#2653=AXIS2_PLACEMENT_3D('',#5431,#5432,#5433);
#2654=EDGE_LOOP('',(#5434,#5435,#5436,#5437));
#2655=AXIS2_PLACEMENT_3D('',#5438,#5439,#5440);
#2656=EDGE_LOOP('',(#5441,#5442,#5443,#5444));
#2657=AXIS2_PLACEMENT_3D('',#5445,#5446,#5447);
#2658=EDGE_LOOP('',(#5448,#5449,#5450,#5451));
#2659=AXIS2_PLACEMENT_3D('',#5452,#5453,#5454);
#2660=EDGE_LOOP('',(#5455,#5456,#5457,#5458));
#2661=AXIS2_PLACEMENT_3D('',#5459,#5460,#5461);
#2662=EDGE_LOOP('',(#5462,#5463,#5464,#5465));
#2663=AXIS2_PLACEMENT_3D('',#5466,#5467,#5468);
#2664=EDGE_LOOP('',(#5469,#5470,#5471,#5472,#5473));
#2665=AXIS2_PLACEMENT_3D('',#5474,#5475,#5476);
#2666=EDGE_LOOP('',(#5477,#5478,#5479,#5480,#5481));
#2667=AXIS2_PLACEMENT_3D('',#5482,#5483,#5484);
#2668=EDGE_LOOP('',(#5485,#5486,#5487,#5488,#5489));
#2669=AXIS2_PLACEMENT_3D('',#5490,#5491,#5492);
#2670=EDGE_LOOP('',(#5493,#5494,#5495,#5496,#5497));
#2671=AXIS2_PLACEMENT_3D('',#5498,#5499,#5500);
#2672=EDGE_LOOP('',(#5501,#5502,#5503,#5504,#5505));
#2673=AXIS2_PLACEMENT_3D('',#5506,#5507,#5508);
#2674=EDGE_LOOP('',(#5509,#5510,#5511,#5512,#5513));
#2675=AXIS2_PLACEMENT_3D('',#5514,#5515,#5516);
#2676=EDGE_LOOP('',(#5517,#5518,#5519,#5520));
#2677=AXIS2_PLACEMENT_3D('',#5521,#5522,#5523);
#2678=EDGE_LOOP('',(#5524,#5525,#5526,#5527));
#2679=AXIS2_PLACEMENT_3D('',#5528,#5529,#5530);
#2680=EDGE_LOOP('',(#5531,#5532,#5533,#5534));
#2681=AXIS2_PLACEMENT_3D('',#5535,#5536,#5537);
#2682=EDGE_LOOP('',(#5538,#5539,#5540,#5541,#5542,#5543,#5544));
#2683=AXIS2_PLACEMENT_3D('',#5545,#5546,#5547);
#2684=EDGE_LOOP('',(#5548,#5549,#5550,#5551));
#2685=AXIS2_PLACEMENT_3D('',#5552,#5553,#5554);
#2686=EDGE_LOOP('',(#5555,#5556,#5557,#5558));
#2687=AXIS2_PLACEMENT_3D('',#5559,#5560,#5561);
#2688=EDGE_LOOP('',(#5562,#5563,#5564,#5565,#5566,#5567,#5568));
#2689=AXIS2_PLACEMENT_3D('',#5569,#5570,#5571);
#2690=EDGE_LOOP('',(#5572,#5573,#5574,#5575));
#2691=AXIS2_PLACEMENT_3D('',#5576,#5577,#5578);
#2692=EDGE_LOOP('',(#5579,#5580,#5581,#5582));
#2693=AXIS2_PLACEMENT_3D('',#5583,#5584,#5585);
#2694=EDGE_LOOP('',(#5586,#5587,#5588,#5589,#5590,#5591,#5592,#5593));
#2695=AXIS2_PLACEMENT_3D('',#5594,#5595,#5596);
#2696=EDGE_LOOP('',(#5597,#5598,#5599,#5600));
#2697=AXIS2_PLACEMENT_3D('',#5601,#5602,#5603);
#2698=EDGE_LOOP('',(#5604,#5605,#5606,#5607));
#2699=AXIS2_PLACEMENT_3D('',#5608,#5609,#5610);
#2700=EDGE_LOOP('',(#5611,#5612,#5613,#5614));
#2701=AXIS2_PLACEMENT_3D('',#5615,#5616,#5617);
#2702=EDGE_LOOP('',(#5618,#5619,#5620,#5621,#5622,#5623,#5624,#5625));
#2703=AXIS2_PLACEMENT_3D('',#5626,#5627,#5628);
#2704=EDGE_LOOP('',(#5629,#5630,#5631,#5632));
#2705=AXIS2_PLACEMENT_3D('',#5633,#5634,#5635);
#2706=EDGE_LOOP('',(#5636,#5637,#5638,#5639));
#2707=AXIS2_PLACEMENT_3D('',#5640,#5641,#5642);
#2708=EDGE_LOOP('',(#5643,#5644,#5645,#5646));
#2709=AXIS2_PLACEMENT_3D('',#5647,#5648,#5649);
#2710=EDGE_LOOP('',(#5650,#5651,#5652,#5653));
#2711=AXIS2_PLACEMENT_3D('',#5654,#5655,#5656);
#2712=EDGE_LOOP('',(#5657,#5658,#5659,#5660,#5661,#5662));
#2713=AXIS2_PLACEMENT_3D('',#5663,#5664,#5665);
#2714=EDGE_LOOP('',(#5666,#5667,#5668,#5669));
#2715=AXIS2_PLACEMENT_3D('',#5670,#5671,#5672);
#2716=EDGE_LOOP('',(#5673,#5674,#5675,#5676,#5677,#5678));
#2717=AXIS2_PLACEMENT_3D('',#5679,#5680,#5681);
#2718=EDGE_LOOP('',(#5682,#5683,#5684,#5685,#5686,#5687,#5688,#5689));
#2719=AXIS2_PLACEMENT_3D('',#5690,#5691,#5692);
#2720=EDGE_LOOP('',(#5693,#5694,#5695,#5696));
#2721=AXIS2_PLACEMENT_3D('',#5697,#5698,#5699);
#2722=EDGE_LOOP('',(#5700,#5701,#5702,#5703));
#2723=AXIS2_PLACEMENT_3D('',#5704,#5705,#5706);
#2724=EDGE_LOOP('',(#5707,#5708,#5709,#5710));
#2725=AXIS2_PLACEMENT_3D('',#5711,#5712,#5713);
#2726=EDGE_LOOP('',(#5714,#5715,#5716,#5717));
#2727=AXIS2_PLACEMENT_3D('',#5718,#5719,#5720);
#2728=EDGE_LOOP('',(#5721,#5722,#5723,#5724));
#2729=AXIS2_PLACEMENT_3D('',#5725,#5726,#5727);
#2730=EDGE_LOOP('',(#5728,#5729,#5730,#5731));
#2731=AXIS2_PLACEMENT_3D('',#5732,#5733,#5734);
#2732=EDGE_LOOP('',(#5735,#5736,#5737,#5738));
#2733=AXIS2_PLACEMENT_3D('',#5739,#5740,#5741);
#2734=EDGE_LOOP('',(#5742,#5743,#5744,#5745,#5746));
#2735=AXIS2_PLACEMENT_3D('',#5747,#5748,#5749);
#2736=EDGE_LOOP('',(#5750,#5751,#5752,#5753));
#2737=AXIS2_PLACEMENT_3D('',#5754,#5755,#5756);
#2738=EDGE_LOOP('',(#5757,#5758,#5759,#5760));
#2739=AXIS2_PLACEMENT_3D('',#5761,#5762,#5763);
#2740=EDGE_LOOP('',(#5764,#5765,#5766,#5767));
#2741=AXIS2_PLACEMENT_3D('',#5768,#5769,#5770);
#2742=EDGE_LOOP('',(#5771,#5772,#5773,#5774));
#2743=AXIS2_PLACEMENT_3D('',#5775,#5776,#5777);
#2744=EDGE_LOOP('',(#5778,#5779,#5780,#5781));
#2745=AXIS2_PLACEMENT_3D('',#5782,#5783,#5784);
#2746=EDGE_LOOP('',(#5785,#5786,#5787,#5788));
#2747=AXIS2_PLACEMENT_3D('',#5789,#5790,#5791);
#2748=EDGE_LOOP('',(#5792,#5793,#5794,#5795,#5796));
#2749=AXIS2_PLACEMENT_3D('',#5797,#5798,#5799);
#2750=EDGE_LOOP('',(#5800,#5801,#5802,#5803));
#2751=AXIS2_PLACEMENT_3D('',#5804,#5805,#5806);
#2752=EDGE_LOOP('',(#5807,#5808,#5809,#5810,#5811,#5812));
#2753=AXIS2_PLACEMENT_3D('',#5813,#5814,#5815);
#2754=EDGE_LOOP('',(#5816,#5817,#5818,#5819,#5820,#5821));
#2755=AXIS2_PLACEMENT_3D('',#5822,#5823,#5824);
#2756=EDGE_LOOP('',(#5825,#5826,#5827,#5828,#5829,#5830,#5831,#5832,#5833,#5834));
#2757=AXIS2_PLACEMENT_3D('',#5835,#5836,#5837);
#2758=EDGE_LOOP('',(#5838,#5839,#5840,#5841,#5842));
#2759=AXIS2_PLACEMENT_3D('',#5843,#5844,#5845);
#2760=EDGE_LOOP('',(#5846,#5847,#5848,#5849,#5850,#5851,#5852,#5853));
#2761=AXIS2_PLACEMENT_3D('',#5854,#5855,#5856);
#2762=EDGE_LOOP('',(#5857,#5858,#5859,#5860,#5861,#5862));
#2763=AXIS2_PLACEMENT_3D('',#5863,#5864,#5865);
#2764=EDGE_LOOP('',(#5866,#5867,#5868,#5869,#5870,#5871));
#2765=AXIS2_PLACEMENT_3D('',#5872,#5873,#5874);
#2766=EDGE_LOOP('',(#5875,#5876,#5877,#5878,#5879,#5880));
#2767=AXIS2_PLACEMENT_3D('',#5881,#5882,#5883);
#2768=EDGE_LOOP('',(#5884,#5885,#5886,#5887,#5888,#5889));
#2769=AXIS2_PLACEMENT_3D('',#5890,#5891,#5892);
#2770=EDGE_LOOP('',(#5893,#5894,#5895,#5896,#5897,#5898));
#2771=AXIS2_PLACEMENT_3D('',#5899,#5900,#5901);
#2772=EDGE_LOOP('',(#5902,#5903,#5904,#5905,#5906,#5907));
#2773=AXIS2_PLACEMENT_3D('',#5908,#5909,#5910);
#2774=EDGE_LOOP('',(#5911,#5912,#5913,#5914,#5915));
#2775=AXIS2_PLACEMENT_3D('',#5916,#5917,#5918);
#2776=EDGE_LOOP('',(#5919,#5920,#5921,#5922,#5923,#5924,#5925,#5926,#5927,#5928,#5929,#5930,#5931));
#2777=AXIS2_PLACEMENT_3D('',#5932,#5933,#5934);
#2778=EDGE_LOOP('',(#5935,#5936,#5937,#5938,#5939,#5940));
#2779=AXIS2_PLACEMENT_3D('',#5941,#5942,#5943);
#2780=EDGE_LOOP('',(#5944,#5945,#5946,#5947,#5948,#5949,#5950,#5951));
#2781=AXIS2_PLACEMENT_3D('',#5952,#5953,#5954);
#2782=EDGE_LOOP('',(#5955,#5956,#5957,#5958,#5959,#5960));
#2783=AXIS2_PLACEMENT_3D('',#5961,#5962,#5963);
#2784=EDGE_LOOP('',(#5964,#5965,#5966,#5967));
#2785=AXIS2_PLACEMENT_3D('',#5968,#5969,#5970);
#2786=EDGE_LOOP('',(#5971,#5972,#5973,#5974,#5975,#5976,#5977,#5978));
#2787=AXIS2_PLACEMENT_3D('',#5979,#5980,#5981);
#2788=EDGE_LOOP('',(#5982,#5983,#5984,#5985,#5986,#5987,#5988,#5989));
#2789=AXIS2_PLACEMENT_3D('',#5990,#5991,#5992);
#2790=EDGE_LOOP('',(#5993,#5994,#5995,#5996,#5997,#5998,#5999,#6000,#6001,#6002));
#2791=AXIS2_PLACEMENT_3D('',#6003,#6004,#6005);
#2792=EDGE_LOOP('',(#6006,#6007,#6008,#6009));
#2793=AXIS2_PLACEMENT_3D('',#6010,#6011,#6012);
#2794=EDGE_LOOP('',(#6013,#6014,#6015,#6016));
#2795=AXIS2_PLACEMENT_3D('',#6017,#6018,#6019);
#2796=EDGE_LOOP('',(#6020,#6021,#6022,#6023));
#2797=AXIS2_PLACEMENT_3D('',#6024,#6025,#6026);
#2798=EDGE_LOOP('',(#6027,#6028,#6029,#6030));
#2799=AXIS2_PLACEMENT_3D('',#6031,#6032,#6033);
#2800=EDGE_LOOP('',(#6034,#6035,#6036,#6037,#6038));
#2801=AXIS2_PLACEMENT_3D('',#6039,#6040,#6041);
#2802=EDGE_LOOP('',(#6042,#6043,#6044,#6045));
#2803=AXIS2_PLACEMENT_3D('',#6046,#6047,#6048);
#2804=EDGE_LOOP('',(#6049,#6050,#6051,#6052));
#2805=AXIS2_PLACEMENT_3D('',#6053,#6054,#6055);
#2806=EDGE_LOOP('',(#6056,#6057,#6058,#6059));
#2807=AXIS2_PLACEMENT_3D('',#6060,#6061,#6062);
#2808=EDGE_LOOP('',(#6063,#6064,#6065,#6066));
#2809=AXIS2_PLACEMENT_3D('',#6067,#6068,#6069);
#2810=EDGE_LOOP('',(#6070,#6071,#6072,#6073));
#2811=AXIS2_PLACEMENT_3D('',#6074,#6075,#6076);
#2812=EDGE_LOOP('',(#6077,#6078,#6079,#6080));
#2813=AXIS2_PLACEMENT_3D('',#6081,#6082,#6083);
#2814=EDGE_LOOP('',(#6084,#6085,#6086,#6087,#6088));
#2815=AXIS2_PLACEMENT_3D('',#6089,#6090,#6091);
#2816=EDGE_LOOP('',(#6092,#6093,#6094,#6095));
#2817=AXIS2_PLACEMENT_3D('',#6096,#6097,#6098);
#2818=EDGE_LOOP('',(#6099,#6100,#6101,#6102,#6103,#6104));
#2819=AXIS2_PLACEMENT_3D('',#6105,#6106,#6107);
#2820=EDGE_LOOP('',(#6108,#6109,#6110,#6111,#6112,#6113));
#2821=AXIS2_PLACEMENT_3D('',#6114,#6115,#6116);
#2822=EDGE_LOOP('',(#6117,#6118,#6119,#6120,#6121,#6122,#6123,#6124,#6125,#6126));
#2823=AXIS2_PLACEMENT_3D('',#6127,#6128,#6129);
#2824=EDGE_LOOP('',(#6130,#6131,#6132,#6133,#6134));
#2825=AXIS2_PLACEMENT_3D('',#6135,#6136,#6137);
#2826=EDGE_LOOP('',(#6138,#6139,#6140,#6141,#6142,#6143,#6144,#6145));
#2827=AXIS2_PLACEMENT_3D('',#6146,#6147,#6148);
#2828=EDGE_LOOP('',(#6149,#6150,#6151,#6152,#6153,#6154));
#2829=AXIS2_PLACEMENT_3D('',#6155,#6156,#6157);
#2830=EDGE_LOOP('',(#6158,#6159,#6160,#6161,#6162,#6163));
#2831=AXIS2_PLACEMENT_3D('',#6164,#6165,#6166);
#2832=EDGE_LOOP('',(#6167,#6168,#6169,#6170,#6171,#6172));
#2833=AXIS2_PLACEMENT_3D('',#6173,#6174,#6175);
#2834=EDGE_LOOP('',(#6176,#6177,#6178,#6179,#6180,#6181));
#2835=AXIS2_PLACEMENT_3D('',#6182,#6183,#6184);
#2836=EDGE_LOOP('',(#6185,#6186,#6187,#6188,#6189,#6190));
#2837=AXIS2_PLACEMENT_3D('',#6191,#6192,#6193);
#2838=EDGE_LOOP('',(#6194,#6195,#6196,#6197,#6198,#6199));
#2839=AXIS2_PLACEMENT_3D('',#6200,#6201,#6202);
#2840=EDGE_LOOP('',(#6203,#6204,#6205,#6206,#6207));
#2841=AXIS2_PLACEMENT_3D('',#6208,#6209,#6210);
#2842=EDGE_LOOP('',(#6211,#6212,#6213,#6214,#6215,#6216,#6217,#6218,#6219,#6220,#6221,#6222,#6223));
#2843=AXIS2_PLACEMENT_3D('',#6224,#6225,#6226);
#2844=EDGE_LOOP('',(#6227,#6228,#6229,#6230,#6231,#6232));
#2845=AXIS2_PLACEMENT_3D('',#6233,#6234,#6235);
#2846=EDGE_LOOP('',(#6236,#6237,#6238,#6239,#6240,#6241,#6242,#6243,#6244));
#2847=AXIS2_PLACEMENT_3D('',#6245,#6246,#6247);
#2848=EDGE_LOOP('',(#6248,#6249,#6250,#6251,#6252,#6253));
#2849=AXIS2_PLACEMENT_3D('',#6254,#6255,#6256);
#2850=EDGE_LOOP('',(#6257,#6258,#6259,#6260));
#2851=AXIS2_PLACEMENT_3D('',#6261,#6262,#6263);
#2852=EDGE_LOOP('',(#6264,#6265,#6266,#6267,#6268,#6269,#6270,#6271));
#2853=AXIS2_PLACEMENT_3D('',#6272,#6273,#6274);
#2854=EDGE_LOOP('',(#6275,#6276,#6277,#6278,#6279,#6280,#6281,#6282));
#2855=AXIS2_PLACEMENT_3D('',#6283,#6284,#6285);
#2856=EDGE_LOOP('',(#6286,#6287,#6288,#6289,#6290,#6291,#6292,#6293,#6294,#6295));
#2857=AXIS2_PLACEMENT_3D('',#6296,#6297,#6298);
#2858=EDGE_LOOP('',(#6299,#6300,#6301));
#2859=AXIS2_PLACEMENT_3D('',#6302,#6303,#6304);
#2860=EDGE_LOOP('',(#6305,#6306,#6307));
#2861=EDGE_LOOP('',(#6308,#6309,#6310,#6311,#6312,#6313,#6314,#6315,#6316,#6317,#6318));
#2862=AXIS2_PLACEMENT_3D('',#6319,#6320,#6321);
#2863=EDGE_LOOP('',(#6322,#6323,#6324,#6325));
#2864=AXIS2_PLACEMENT_3D('',#6326,#6327,#6328);
#2865=EDGE_LOOP('',(#6329,#6330,#6331,#6332));
#2866=AXIS2_PLACEMENT_3D('',#6333,#6334,#6335);
#2867=EDGE_LOOP('',(#6336,#6337,#6338,#6339));
#2868=AXIS2_PLACEMENT_3D('',#6340,#6341,#6342);
#2869=EDGE_LOOP('',(#6343,#6344,#6345,#6346));
#2870=AXIS2_PLACEMENT_3D('',#6347,#6348,#6349);
#2871=EDGE_LOOP('',(#6350,#6351,#6352,#6353));
#2872=AXIS2_PLACEMENT_3D('',#6354,#6355,#6356);
#2873=EDGE_LOOP('',(#6357,#6358,#6359,#6360));
#2874=AXIS2_PLACEMENT_3D('',#6361,#6362,#6363);
#2875=EDGE_LOOP('',(#6364,#6365,#6366,#6367));
#2876=AXIS2_PLACEMENT_3D('',#6368,#6369,#6370);
#2877=EDGE_LOOP('',(#6371,#6372,#6373,#6374));
#2878=AXIS2_PLACEMENT_3D('',#6375,#6376,#6377);
#2879=EDGE_LOOP('',(#6378,#6379,#6380,#6381));
#2880=AXIS2_PLACEMENT_3D('',#6382,#6383,#6384);
#2881=EDGE_LOOP('',(#6385,#6386,#6387,#6388));
#2882=AXIS2_PLACEMENT_3D('',#6389,#6390,#6391);
#2883=EDGE_LOOP('',(#6392,#6393,#6394,#6395));
#2884=AXIS2_PLACEMENT_3D('',#6396,#6397,#6398);
#2885=EDGE_LOOP('',(#6399,#6400,#6401,#6402));
#2886=AXIS2_PLACEMENT_3D('',#6403,#6404,#6405);
#2887=EDGE_LOOP('',(#6406,#6407,#6408,#6409));
#2888=AXIS2_PLACEMENT_3D('',#6410,#6411,#6412);
#2889=EDGE_LOOP('',(#6413,#6414,#6415,#6416));
#2890=AXIS2_PLACEMENT_3D('',#6417,#6418,#6419);
#2891=EDGE_LOOP('',(#6420,#6421,#6422,#6423,#6424,#6425,#6426,#6427));
#2892=AXIS2_PLACEMENT_3D('',#6428,#6429,#6430);
#2893=EDGE_LOOP('',(#6431,#6432,#6433,#6434));
#2894=CARTESIAN_POINT('',(0.0785308723442801,2.7499999993776,-2.2310903719333));
#2895=CARTESIAN_POINT('',(0.0785308723442801,2.6499999993776,-2.2310903719333));
#2896=CARTESIAN_POINT('',(0.0695253922171512,2.74999999940042,-2.14991570038656));
#2897=CARTESIAN_POINT('',(0.0695253922171512,2.64999999940042,-2.14991570038656));
#2898=CARTESIAN_POINT('',(-0.00404710889399147,2.7499999994237,-2.0671649333368));
#2899=CARTESIAN_POINT('',(-0.00404710889399147,2.6499999994237,-2.0671649333368));
#2900=CARTESIAN_POINT('',(-0.138869658159698,2.7499999994237,-2.0671649333368));
#2901=CARTESIAN_POINT('',(-0.138869658159698,2.6499999994237,-2.0671649333368));
#2902=EDGE_LOOP('',(#6435,#6436,#6437,#6438));
#2903=AXIS2_PLACEMENT_3D('',#6439,#6440,#6441);
#2904=EDGE_LOOP('',(#6442,#6443,#6444,#6445));
#2905=AXIS2_PLACEMENT_3D('',#6446,#6447,#6448);
#2906=EDGE_LOOP('',(#6449,#6450,#6451,#6452));
#2907=AXIS2_PLACEMENT_3D('',#6453,#6454,#6455);
#2908=EDGE_LOOP('',(#6456,#6457,#6458,#6459));
#2909=AXIS2_PLACEMENT_3D('',#6460,#6461,#6462);
#2910=EDGE_LOOP('',(#6463,#6464,#6465,#6466));
#2911=AXIS2_PLACEMENT_3D('',#6467,#6468,#6469);
#2912=EDGE_LOOP('',(#6470,#6471,#6472,#6473));
#2913=AXIS2_PLACEMENT_3D('',#6474,#6475,#6476);
#2914=EDGE_LOOP('',(#6477,#6478,#6479,#6480));
#2915=AXIS2_PLACEMENT_3D('',#6481,#6482,#6483);
#2916=EDGE_LOOP('',(#6484,#6485,#6486,#6487));
#2917=AXIS2_PLACEMENT_3D('',#6488,#6489,#6490);
#2918=EDGE_LOOP('',(#6491,#6492,#6493,#6494));
#2919=AXIS2_PLACEMENT_3D('',#6495,#6496,#6497);
#2920=EDGE_LOOP('',(#6498,#6499,#6500,#6501));
#2921=AXIS2_PLACEMENT_3D('',#6502,#6503,#6504);
#2922=EDGE_LOOP('',(#6505,#6506,#6507,#6508));
#2923=AXIS2_PLACEMENT_3D('',#6509,#6510,#6511);
#2924=EDGE_LOOP('',(#6512,#6513,#6514,#6515));
#2925=EDGE_LOOP('',(#6516,#6517,#6518,#6519,#6520,#6521,#6522,#6523));
#2926=AXIS2_PLACEMENT_3D('',#6524,#6525,#6526);
#2927=EDGE_LOOP('',(#6527,#6528,#6529,#6530));
#2928=AXIS2_PLACEMENT_3D('',#6531,#6532,#6533);
#2929=EDGE_LOOP('',(#6534,#6535,#6536,#6537));
#2930=AXIS2_PLACEMENT_3D('',#6538,#6539,#6540);
#2931=EDGE_LOOP('',(#6541,#6542,#6543,#6544));
#2932=AXIS2_PLACEMENT_3D('',#6545,#6546,#6547);
#2933=EDGE_LOOP('',(#6548,#6549,#6550,#6551));
#2934=AXIS2_PLACEMENT_3D('',#6552,#6553,#6554);
#2935=EDGE_LOOP('',(#6555,#6556,#6557));
#2936=AXIS2_PLACEMENT_3D('',#6558,#6559,#6560);
#2937=EDGE_LOOP('',(#6561,#6562,#6563));
#2938=AXIS2_PLACEMENT_3D('',#6564,#6565,#6566);
#2939=EDGE_LOOP('',(#6567,#6568,#6569,#6570));
#2940=AXIS2_PLACEMENT_3D('',#6571,#6572,#6573);
#2941=EDGE_LOOP('',(#6574,#6575,#6576,#6577));
#2942=AXIS2_PLACEMENT_3D('',#6578,#6579,#6580);
#2943=EDGE_LOOP('',(#6581,#6582,#6583,#6584));
#2944=AXIS2_PLACEMENT_3D('',#6585,#6586,#6587);
#2945=EDGE_LOOP('',(#6588,#6589,#6590,#6591));
#2946=AXIS2_PLACEMENT_3D('',#6592,#6593,#6594);
#2947=EDGE_LOOP('',(#6595,#6596,#6597,#6598));
#2948=AXIS2_PLACEMENT_3D('',#6599,#6600,#6601);
#2949=EDGE_LOOP('',(#6602,#6603,#6604,#6605));
#2950=AXIS2_PLACEMENT_3D('',#6606,#6607,#6608);
#2951=EDGE_LOOP('',(#6609,#6610,#6611,#6612));
#2952=AXIS2_PLACEMENT_3D('',#6613,#6614,#6615);
#2953=EDGE_LOOP('',(#6616,#6617,#6618,#6619));
#2954=AXIS2_PLACEMENT_3D('',#6620,#6621,#6622);
#2955=EDGE_LOOP('',(#6623,#6624,#6625,#6626));
#2956=AXIS2_PLACEMENT_3D('',#6627,#6628,#6629);
#2957=EDGE_LOOP('',(#6630,#6631,#6632,#6633));
#2958=AXIS2_PLACEMENT_3D('',#6634,#6635,#6636);
#2959=EDGE_LOOP('',(#6637,#6638,#6639,#6640));
#2960=AXIS2_PLACEMENT_3D('',#6641,#6642,#6643);
#2961=EDGE_LOOP('',(#6644,#6645,#6646,#6647));
#2962=AXIS2_PLACEMENT_3D('',#6648,#6649,#6650);
#2963=EDGE_LOOP('',(#6651,#6652,#6653,#6654));
#2964=AXIS2_PLACEMENT_3D('',#6655,#6656,#6657);
#2965=EDGE_LOOP('',(#6658,#6659,#6660,#6661));
#2966=AXIS2_PLACEMENT_3D('',#6662,#6663,#6664);
#2967=EDGE_LOOP('',(#6665,#6666,#6667,#6668));
#2968=AXIS2_PLACEMENT_3D('',#6669,#6670,#6671);
#2969=EDGE_LOOP('',(#6672,#6673,#6674,#6675,#6676,#6677,#6678,#6679));
#2970=AXIS2_PLACEMENT_3D('',#6680,#6681,#6682);
#2971=EDGE_LOOP('',(#6683,#6684,#6685,#6686));
#2972=AXIS2_PLACEMENT_3D('',#6687,#6688,#6689);
#2973=EDGE_LOOP('',(#6690,#6691,#6692,#6693));
#2974=AXIS2_PLACEMENT_3D('',#6694,#6695,#6696);
#2975=EDGE_LOOP('',(#6697,#6698,#6699,#6700));
#2976=AXIS2_PLACEMENT_3D('',#6701,#6702,#6703);
#2977=EDGE_LOOP('',(#6704,#6705,#6706));
#2978=AXIS2_PLACEMENT_3D('',#6707,#6708,#6709);
#2979=EDGE_LOOP('',(#6710,#6711,#6712,#6713));
#2980=AXIS2_PLACEMENT_3D('',#6714,#6715,#6716);
#2981=EDGE_LOOP('',(#6717,#6718,#6719,#6720));
#2982=AXIS2_PLACEMENT_3D('',#6721,#6722,#6723);
#2983=EDGE_LOOP('',(#6724,#6725,#6726));
#2984=AXIS2_PLACEMENT_3D('',#6727,#6728,#6729);
#2985=EDGE_LOOP('',(#6730,#6731,#6732,#6733));
#2986=AXIS2_PLACEMENT_3D('',#6734,#6735,#6736);
#2987=EDGE_LOOP('',(#6737,#6738,#6739,#6740));
#2988=AXIS2_PLACEMENT_3D('',#6741,#6742,#6743);
#2989=EDGE_LOOP('',(#6744,#6745,#6746));
#2990=AXIS2_PLACEMENT_3D('',#6747,#6748,#6749);
#2991=EDGE_LOOP('',(#6750,#6751,#6752,#6753));
#2992=AXIS2_PLACEMENT_3D('',#6754,#6755,#6756);
#2993=EDGE_LOOP('',(#6757,#6758,#6759,#6760));
#2994=AXIS2_PLACEMENT_3D('',#6761,#6762,#6763);
#2995=EDGE_LOOP('',(#6764,#6765,#6766));
#2996=AXIS2_PLACEMENT_3D('',#6767,#6768,#6769);
#2997=EDGE_LOOP('',(#6770,#6771,#6772,#6773));
#2998=AXIS2_PLACEMENT_3D('',#6774,#6775,#6776);
#2999=EDGE_LOOP('',(#6777,#6778,#6779,#6780));
#3000=AXIS2_PLACEMENT_3D('',#6781,#6782,#6783);
#3001=EDGE_LOOP('',(#6784,#6785,#6786,#6787));
#3002=AXIS2_PLACEMENT_3D('',#6788,#6789,#6790);
#3003=EDGE_LOOP('',(#6791,#6792,#6793,#6794));
#3004=AXIS2_PLACEMENT_3D('',#6795,#6796,#6797);
#3005=EDGE_LOOP('',(#6798,#6799,#6800));
#3006=AXIS2_PLACEMENT_3D('',#6801,#6802,#6803);
#3007=EDGE_LOOP('',(#6804,#6805,#6806,#6807));
#3008=AXIS2_PLACEMENT_3D('',#6808,#6809,#6810);
#3009=EDGE_LOOP('',(#6811,#6812,#6813,#6814));
#3010=AXIS2_PLACEMENT_3D('',#6815,#6816,#6817);
#3011=EDGE_LOOP('',(#6818,#6819,#6820));
#3012=AXIS2_PLACEMENT_3D('',#6821,#6822,#6823);
#3013=EDGE_LOOP('',(#6824,#6825,#6826,#6827));
#3014=AXIS2_PLACEMENT_3D('',#6828,#6829,#6830);
#3015=EDGE_LOOP('',(#6831,#6832,#6833,#6834));
#3016=AXIS2_PLACEMENT_3D('',#6835,#6836,#6837);
#3017=EDGE_LOOP('',(#6838,#6839,#6840,#6841));
#3018=AXIS2_PLACEMENT_3D('',#6842,#6843,#6844);
#3019=EDGE_LOOP('',(#6845,#6846,#6847,#6848));
#3020=AXIS2_PLACEMENT_3D('',#6849,#6850,#6851);
#3021=EDGE_LOOP('',(#6852,#6853,#6854,#6855));
#3022=AXIS2_PLACEMENT_3D('',#6856,#6857,#6858);
#3023=EDGE_LOOP('',(#6859,#6860,#6861,#6862));
#3024=AXIS2_PLACEMENT_3D('',#6863,#6864,#6865);
#3025=EDGE_LOOP('',(#6866,#6867,#6868,#6869,#6870,#6871));
#3026=AXIS2_PLACEMENT_3D('',#6872,#6873,#6874);
#3027=EDGE_LOOP('',(#6875,#6876,#6877,#6878,#6879,#6880));
#3028=AXIS2_PLACEMENT_3D('',#6881,#6882,#6883);
#3029=EDGE_LOOP('',(#6884,#6885,#6886,#6887,#6888));
#3030=AXIS2_PLACEMENT_3D('',#6889,#6890,#6891);
#3031=EDGE_LOOP('',(#6892,#6893,#6894,#6895,#6896));
#3032=AXIS2_PLACEMENT_3D('',#6897,#6898,#6899);
#3033=EDGE_LOOP('',(#6900,#6901,#6902,#6903));
#3034=AXIS2_PLACEMENT_3D('',#6904,#6905,#6906);
#3035=EDGE_LOOP('',(#6907,#6908,#6909,#6910,#6911,#6912,#6913,#6914));
#3036=AXIS2_PLACEMENT_3D('',#6915,#6916,#6917);
#3037=EDGE_LOOP('',(#6918,#6919,#6920,#6921,#6922,#6923,#6924,#6925));
#3038=AXIS2_PLACEMENT_3D('',#6926,#6927,#6928);
#3039=EDGE_LOOP('',(#6929,#6930,#6931,#6932));
#3040=AXIS2_PLACEMENT_3D('',#6933,#6934,#6935);
#3041=EDGE_LOOP('',(#6936,#6937,#6938,#6939,#6940,#6941));
#3042=AXIS2_PLACEMENT_3D('',#6942,#6943,#6944);
#3043=EDGE_LOOP('',(#6945,#6946,#6947,#6948,#6949,#6950));
#3044=AXIS2_PLACEMENT_3D('',#6951,#6952,#6953);
#3045=EDGE_LOOP('',(#6954,#6955,#6956,#6957));
#3046=AXIS2_PLACEMENT_3D('',#6958,#6959,#6960);
#3047=EDGE_LOOP('',(#6961,#6962,#6963,#6964,#6965,#6966));
#3048=AXIS2_PLACEMENT_3D('',#6967,#6968,#6969);
#3049=EDGE_LOOP('',(#6970,#6971,#6972,#6973));
#3050=AXIS2_PLACEMENT_3D('',#6974,#6975,#6976);
#3051=EDGE_LOOP('',(#6977,#6978,#6979,#6980,#6981,#6982,#6983,#6984,#6985,#6986,#6987,#6988));
#3052=AXIS2_PLACEMENT_3D('',#6989,#6990,#6991);
#3053=EDGE_LOOP('',(#6992,#6993,#6994,#6995));
#3054=AXIS2_PLACEMENT_3D('',#6996,#6997,#6998);
#3055=EDGE_LOOP('',(#6999,#7000,#7001,#7002));
#3056=AXIS2_PLACEMENT_3D('',#7003,#7004,#7005);
#3057=EDGE_LOOP('',(#7006,#7007,#7008,#7009));
#3058=AXIS2_PLACEMENT_3D('',#7010,#7011,#7012);
#3059=EDGE_LOOP('',(#7013,#7014,#7015,#7016));
#3060=AXIS2_PLACEMENT_3D('',#7017,#7018,#7019);
#3061=EDGE_LOOP('',(#7020,#7021,#7022,#7023));
#3062=AXIS2_PLACEMENT_3D('',#7024,#7025,#7026);
#3063=EDGE_LOOP('',(#7027,#7028,#7029,#7030));
#3064=AXIS2_PLACEMENT_3D('',#7031,#7032,#7033);
#3065=EDGE_LOOP('',(#7034,#7035,#7036,#7037,#7038,#7039,#7040,#7041));
#3066=AXIS2_PLACEMENT_3D('',#7042,#7043,#7044);
#3067=EDGE_LOOP('',(#7045,#7046,#7047,#7048,#7049,#7050));
#3068=AXIS2_PLACEMENT_3D('',#7051,#7052,#7053);
#3069=EDGE_LOOP('',(#7054,#7055,#7056,#7057));
#3070=AXIS2_PLACEMENT_3D('',#7058,#7059,#7060);
#3071=EDGE_LOOP('',(#7061,#7062,#7063,#7064));
#3072=AXIS2_PLACEMENT_3D('',#7065,#7066,#7067);
#3073=EDGE_LOOP('',(#7068,#7069,#7070,#7071,#7072,#7073,#7074,#7075,#7076,#7077,#7078,#7079,#7080));
#3074=AXIS2_PLACEMENT_3D('',#7081,#7082,#7083);
#3075=EDGE_LOOP('',(#7084,#7085,#7086,#7087,#7088));
#3076=AXIS2_PLACEMENT_3D('',#7089,#7090,#7091);
#3077=EDGE_LOOP('',(#7092,#7093,#7094,#7095,#7096));
#3078=AXIS2_PLACEMENT_3D('',#7097,#7098,#7099);
#3079=EDGE_LOOP('',(#7100,#7101,#7102,#7103,#7104,#7105,#7106,#7107,#7108,#7109,#7110,#7111,#7112,#7113,#7114,#7115));
#3080=AXIS2_PLACEMENT_3D('',#7116,#7117,#7118);
#3081=EDGE_LOOP('',(#7119,#7120,#7121,#7122));
#3082=AXIS2_PLACEMENT_3D('',#7123,#7124,#7125);
#3083=EDGE_LOOP('',(#7126,#7127,#7128,#7129));
#3084=AXIS2_PLACEMENT_3D('',#7130,#7131,#7132);
#3085=EDGE_LOOP('',(#7133,#7134,#7135,#7136,#7137,#7138,#7139));
#3086=AXIS2_PLACEMENT_3D('',#7140,#7141,#7142);
#3087=EDGE_LOOP('',(#7143,#7144,#7145,#7146));
#3088=AXIS2_PLACEMENT_3D('',#7147,#7148,#7149);
#3089=EDGE_LOOP('',(#7150,#7151,#7152,#7153,#7154,#7155));
#3090=AXIS2_PLACEMENT_3D('',#7156,#7157,#7158);
#3091=EDGE_LOOP('',(#7159,#7160,#7161,#7162));
#3092=AXIS2_PLACEMENT_3D('',#7163,#7164,#7165);
#3093=EDGE_LOOP('',(#7166,#7167,#7168,#7169));
#3094=AXIS2_PLACEMENT_3D('',#7170,#7171,#7172);
#3095=EDGE_LOOP('',(#7173,#7174,#7175,#7176));
#3096=AXIS2_PLACEMENT_3D('',#7177,#7178,#7179);
#3097=EDGE_LOOP('',(#7180,#7181,#7182,#7183,#7184,#7185));
#3098=AXIS2_PLACEMENT_3D('',#7186,#7187,#7188);
#3099=EDGE_LOOP('',(#7189,#7190,#7191,#7192));
#3100=AXIS2_PLACEMENT_3D('',#7193,#7194,#7195);
#3101=EDGE_LOOP('',(#7196,#7197,#7198,#7199));
#3102=AXIS2_PLACEMENT_3D('',#7200,#7201,#7202);
#3103=EDGE_LOOP('',(#7203,#7204,#7205,#7206));
#3104=AXIS2_PLACEMENT_3D('',#7207,#7208,#7209);
#3105=EDGE_LOOP('',(#7210,#7211,#7212,#7213,#7214,#7215,#7216));
#3106=AXIS2_PLACEMENT_3D('',#7217,#7218,#7219);
#3107=EDGE_LOOP('',(#7220,#7221,#7222,#7223));
#3108=AXIS2_PLACEMENT_3D('',#7224,#7225,#7226);
#3109=EDGE_LOOP('',(#7227,#7228,#7229,#7230));
#3110=EDGE_LOOP('',(#7231,#7232,#7233,#7234));
#3111=EDGE_LOOP('',(#7235,#7236,#7237,#7238));
#3112=EDGE_LOOP('',(#7239,#7240,#7241,#7242));
#3113=EDGE_LOOP('',(#7243,#7244,#7245,#7246,#7247,#7248,#7249,#7250,#7251,#7252,#7253,#7254,#7255,#7256,#7257,#7258,#7259,#7260,#7261,#7262,#7263,#7264,#7265,#7266,#7267,#7268,#7269,#7270,#7271,#7272,#7273,#7274,#7275,#7276,#7277,#7278,#7279,#7280,#7281,#7282,#7283,#7284,#7285,#7286,#7287,#7288,#7289,#7290,#7291,#7292,#7293,#7294,#7295,#7296,#7297,#7298,#7299,#7300,#7301,#7302));
#3114=EDGE_LOOP('',(#7303,#7304,#7305,#7306));
#3115=EDGE_LOOP('',(#7307,#7308,#7309,#7310));
#3116=AXIS2_PLACEMENT_3D('',#7311,#7312,#7313);
#3117=EDGE_LOOP('',(#7314,#7315,#7316,#7317));
#3118=AXIS2_PLACEMENT_3D('',#7318,#7319,#7320);
#3119=EDGE_LOOP('',(#7321,#7322,#7323,#7324));
#3120=AXIS2_PLACEMENT_3D('',#7325,#7326,#7327);
#3121=EDGE_LOOP('',(#7328,#7329,#7330,#7331));
#3122=AXIS2_PLACEMENT_3D('',#7332,#7333,#7334);
#3123=EDGE_LOOP('',(#7335,#7336,#7337,#7338,#7339,#7340));
#3124=AXIS2_PLACEMENT_3D('',#7341,#7342,#7343);
#3125=EDGE_LOOP('',(#7344,#7345,#7346,#7347));
#3126=AXIS2_PLACEMENT_3D('',#7348,#7349,#7350);
#3127=EDGE_LOOP('',(#7351,#7352,#7353,#7354,#7355,#7356,#7357,#7358));
#3128=AXIS2_PLACEMENT_3D('',#7359,#7360,#7361);
#3129=EDGE_LOOP('',(#7362,#7363,#7364,#7365,#7366));
#3130=AXIS2_PLACEMENT_3D('',#7367,#7368,#7369);
#3131=EDGE_LOOP('',(#7370,#7371,#7372,#7373));
#3132=AXIS2_PLACEMENT_3D('',#7374,#7375,#7376);
#3133=EDGE_LOOP('',(#7377,#7378,#7379,#7380,#7381));
#3134=AXIS2_PLACEMENT_3D('',#7382,#7383,#7384);
#3135=EDGE_LOOP('',(#7385,#7386,#7387,#7388,#7389,#7390));
#3136=AXIS2_PLACEMENT_3D('',#7391,#7392,#7393);
#3137=EDGE_LOOP('',(#7394,#7395,#7396,#7397,#7398));
#3138=AXIS2_PLACEMENT_3D('',#7399,#7400,#7401);
#3139=EDGE_LOOP('',(#7402,#7403,#7404,#7405));
#3140=AXIS2_PLACEMENT_3D('',#7406,#7407,#7408);
#3141=EDGE_LOOP('',(#7409,#7410,#7411,#7412,#7413));
#3142=AXIS2_PLACEMENT_3D('',#7414,#7415,#7416);
#3143=EDGE_LOOP('',(#7417,#7418,#7419,#7420,#7421,#7422,#7423,#7424));
#3144=AXIS2_PLACEMENT_3D('',#7425,#7426,#7427);
#3145=EDGE_LOOP('',(#7428,#7429,#7430,#7431));
#3146=AXIS2_PLACEMENT_3D('',#7432,#7433,#7434);
#3147=EDGE_LOOP('',(#7435,#7436,#7437,#7438,#7439,#7440));
#3148=AXIS2_PLACEMENT_3D('',#7441,#7442,#7443);
#3149=EDGE_LOOP('',(#7444,#7445,#7446,#7447));
#3150=AXIS2_PLACEMENT_3D('',#7448,#7449,#7450);
#3151=EDGE_LOOP('',(#7451,#7452,#7453,#7454));
#3152=AXIS2_PLACEMENT_3D('',#7455,#7456,#7457);
#3153=EDGE_LOOP('',(#7458,#7459,#7460,#7461,#7462,#7463,#7464));
#3154=AXIS2_PLACEMENT_3D('',#7465,#7466,#7467);
#3155=EDGE_LOOP('',(#7468,#7469,#7470,#7471,#7472,#7473,#7474));
#3156=AXIS2_PLACEMENT_3D('',#7475,#7476,#7477);
#3157=EDGE_LOOP('',(#7478,#7479,#7480,#7481,#7482,#7483,#7484,#7485,#7486,#7487,#7488,#7489,#7490,#7491,#7492));
#3158=AXIS2_PLACEMENT_3D('',#7493,#7494,#7495);
#3159=EDGE_LOOP('',(#7496,#7497,#7498,#7499,#7500,#7501,#7502));
#3160=AXIS2_PLACEMENT_3D('',#7503,#7504,#7505);
#3161=EDGE_LOOP('',(#7506,#7507,#7508,#7509,#7510,#7511,#7512,#7513,#7514,#7515,#7516,#7517,#7518,#7519,#7520,#7521,#7522,#7523,#7524,#7525,#7526,#7527,#7528,#7529,#7530,#7531,#7532,#7533,#7534,#7535,#7536,#7537,#7538,#7539,#7540,#7541,#7542,#7543,#7544,#7545));
#3162=AXIS2_PLACEMENT_3D('',#7546,#7547,#7548);
#3163=EDGE_LOOP('',(#7549,#7550,#7551,#7552,#7553,#7554,#7555,#7556,#7557,#7558));
#3164=AXIS2_PLACEMENT_3D('',#7559,#7560,#7561);
#3165=EDGE_LOOP('',(#7562,#7563,#7564,#7565,#7566,#7567,#7568,#7569,#7570,#7571));
#3166=AXIS2_PLACEMENT_3D('',#7572,#7573,#7574);
#3167=EDGE_LOOP('',(#7575,#7576,#7577,#7578,#7579,#7580,#7581,#7582,#7583));
#3168=AXIS2_PLACEMENT_3D('',#7584,#7585,#7586);
#3169=EDGE_LOOP('',(#7587,#7588,#7589,#7590));
#3170=AXIS2_PLACEMENT_3D('',#7591,#7592,#7593);
#3171=EDGE_LOOP('',(#7594,#7595,#7596,#7597,#7598,#7599,#7600,#7601));
#3172=AXIS2_PLACEMENT_3D('',#7602,#7603,#7604);
#3173=EDGE_LOOP('',(#7605,#7606,#7607,#7608,#7609,#7610,#7611,#7612));
#3174=AXIS2_PLACEMENT_3D('',#7613,#7614,#7615);
#3175=EDGE_LOOP('',(#7616,#7617,#7618,#7619,#7620,#7621));
#3176=AXIS2_PLACEMENT_3D('',#7622,#7623,#7624);
#3177=EDGE_LOOP('',(#7625,#7626,#7627,#7628,#7629,#7630));
#3178=AXIS2_PLACEMENT_3D('',#7631,#7632,#7633);
#3179=EDGE_LOOP('',(#7634,#7635,#7636,#7637,#7638,#7639,#7640,#7641));
#3180=AXIS2_PLACEMENT_3D('',#7642,#7643,#7644);
#3181=EDGE_LOOP('',(#7645,#7646,#7647,#7648,#7649,#7650,#7651,#7652,#7653));
#3182=AXIS2_PLACEMENT_3D('',#7654,#7655,#7656);
#3183=EDGE_LOOP('',(#7657,#7658,#7659,#7660));
#3184=AXIS2_PLACEMENT_3D('',#7661,#7662,#7663);
#3185=EDGE_LOOP('',(#7664,#7665,#7666,#7667,#7668,#7669,#7670,#7671));
#3186=AXIS2_PLACEMENT_3D('',#7672,#7673,#7674);
#3187=EDGE_LOOP('',(#7675,#7676,#7677,#7678,#7679,#7680));
#3188=AXIS2_PLACEMENT_3D('',#7681,#7682,#7683);
#3189=EDGE_LOOP('',(#7684,#7685,#7686,#7687,#7688,#7689,#7690));
#3190=AXIS2_PLACEMENT_3D('',#7691,#7692,#7693);
#3191=EDGE_LOOP('',(#7694,#7695,#7696,#7697,#7698));
#3192=AXIS2_PLACEMENT_3D('',#7699,#7700,#7701);
#3193=EDGE_LOOP('',(#7702,#7703,#7704,#7705,#7706));
#3194=AXIS2_PLACEMENT_3D('',#7707,#7708,#7709);
#3195=EDGE_LOOP('',(#7710,#7711,#7712,#7713,#7714,#7715,#7716,#7717,#7718,#7719,#7720));
#3196=EDGE_LOOP('',(#7721,#7722,#7723,#7724));
#3197=AXIS2_PLACEMENT_3D('',#7725,#7726,#7727);
#3198=EDGE_LOOP('',(#7728,#7729,#7730,#7731,#7732,#7733,#7734,#7735,#7736,#7737,#7738,#7739,#7740,#7741,#7742,#7743,#7744,#7745,#7746,#7747,#7748,#7749));
#3199=AXIS2_PLACEMENT_3D('',#7750,#7751,#7752);
#3200=EDGE_LOOP('',(#7753,#7754,#7755,#7756,#7757,#7758,#7759,#7760,#7761,#7762,#7763));
#3201=AXIS2_PLACEMENT_3D('',#7764,#7765,#7766);
#3202=EDGE_LOOP('',(#7767,#7768,#7769,#7770));
#3203=AXIS2_PLACEMENT_3D('',#7771,#7772,#7773);
#3204=EDGE_LOOP('',(#7774,#7775,#7776,#7777));
#3205=AXIS2_PLACEMENT_3D('',#7778,#7779,#7780);
#3206=EDGE_LOOP('',(#7781,#7782,#7783,#7784,#7785,#7786,#7787,#7788,#7789,#7790,#7791,#7792,#7793,#7794));
#3207=AXIS2_PLACEMENT_3D('',#7795,#7796,#7797);
#3208=EDGE_LOOP('',(#7798,#7799,#7800,#7801,#7802,#7803,#7804,#7805));
#3209=AXIS2_PLACEMENT_3D('',#7806,#7807,#7808);
#3210=EDGE_LOOP('',(#7809,#7810,#7811,#7812));
#3211=EDGE_LOOP('',(#7813,#7814,#7815,#7816));
#3212=EDGE_LOOP('',(#7817,#7818,#7819,#7820));
#3213=EDGE_LOOP('',(#7821,#7822,#7823,#7824));
#3214=EDGE_LOOP('',(#7825,#7826,#7827,#7828,#7829,#7830,#7831,#7832,#7833,#7834,#7835,#7836,#7837,#7838,#7839,#7840,#7841,#7842,#7843,#7844,#7845,#7846,#7847,#7848,#7849,#7850,#7851,#7852,#7853,#7854));
#3215=AXIS2_PLACEMENT_3D('',#7855,#7856,#7857);
#3216=EDGE_LOOP('',(#7858,#7859,#7860,#7861,#7862,#7863,#7864,#7865,#7866,#7867,#7868,#7869,#7870,#7871));
#3217=AXIS2_PLACEMENT_3D('',#7872,#7873,#7874);
#3218=EDGE_LOOP('',(#7875,#7876,#7877,#7878,#7879,#7880,#7881,#7882,#7883,#7884,#7885,#7886,#7887,#7888,#7889,#7890,#7891,#7892,#7893,#7894));
#3219=AXIS2_PLACEMENT_3D('',#7895,#7896,#7897);
#3220=EDGE_LOOP('',(#7898,#7899,#7900,#7901,#7902,#7903));
#3221=AXIS2_PLACEMENT_3D('',#7904,#7905,#7906);
#3222=EDGE_LOOP('',(#7907,#7908,#7909,#7910,#7911,#7912,#7913,#7914,#7915,#7916,#7917,#7918,#7919,#7920,#7921));
#3223=AXIS2_PLACEMENT_3D('',#7922,#7923,#7924);
#3224=EDGE_LOOP('',(#7925,#7926,#7927,#7928,#7929,#7930));
#3225=AXIS2_PLACEMENT_3D('',#7931,#7932,#7933);
#3226=EDGE_LOOP('',(#7934,#7935,#7936,#7937));
#3227=AXIS2_PLACEMENT_3D('',#7938,#7939,#7940);
#3228=EDGE_LOOP('',(#7941,#7942,#7943,#7944,#7945,#7946));
#3229=AXIS2_PLACEMENT_3D('',#7947,#7948,#7949);
#3230=EDGE_LOOP('',(#7950,#7951,#7952,#7953));
#3231=AXIS2_PLACEMENT_3D('',#7954,#7955,#7956);
#3232=EDGE_LOOP('',(#7957,#7958,#7959,#7960));
#3233=AXIS2_PLACEMENT_3D('',#7961,#7962,#7963);
#3234=EDGE_LOOP('',(#7964,#7965,#7966,#7967));
#3235=AXIS2_PLACEMENT_3D('',#7968,#7969,#7970);
#3236=EDGE_LOOP('',(#7971,#7972,#7973,#7974));
#3237=AXIS2_PLACEMENT_3D('',#7975,#7976,#7977);
#3238=EDGE_LOOP('',(#7978,#7979,#7980,#7981,#7982,#7983,#7984,#7985));
#3239=AXIS2_PLACEMENT_3D('',#7986,#7987,#7988);
#3240=EDGE_LOOP('',(#7989,#7990,#7991,#7992,#7993,#7994,#7995,#7996));
#3241=AXIS2_PLACEMENT_3D('',#7997,#7998,#7999);
#3242=EDGE_LOOP('',(#8000,#8001,#8002));
#3243=AXIS2_PLACEMENT_3D('',#8003,#8004,#8005);
#3244=EDGE_LOOP('',(#8006,#8007,#8008));
#3245=AXIS2_PLACEMENT_3D('',#8009,#8010,#8011);
#3246=ORIENTED_EDGE('',*,*,#8012,.F.);
#3247=ORIENTED_EDGE('',*,*,#8013,.T.);
#3248=ORIENTED_EDGE('',*,*,#8014,.F.);
#3249=ORIENTED_EDGE('',*,*,#8015,.T.);
#3250=CARTESIAN_POINT('',(6.61999259994442,13.0999999985851,-4.8017580940443));
#3251=DIRECTION('',(-1.22719439457368E-12,1.22464679914735E-16,1.0));
#3252=DIRECTION('',(-1.0,-1.50287968724623E-28,-1.22719439457368E-12));
#3253=ORIENTED_EDGE('',*,*,#8016,.F.);
#3254=ORIENTED_EDGE('',*,*,#8017,.F.);
#3255=ORIENTED_EDGE('',*,*,#8018,.F.);
#3256=ORIENTED_EDGE('',*,*,#8013,.F.);
#3257=CARTESIAN_POINT('',(3.00001628347787,13.0999999985851,-5.34553262035006));
#3258=DIRECTION('',(-1.0,1.49975978176906E-32,1.22464679841833E-16));
#3259=DIRECTION('',(-1.22464679841833E-16,-1.22464679914735E-16,-1.0));
#3260=ORIENTED_EDGE('',*,*,#8019,.F.);
#3261=ORIENTED_EDGE('',*,*,#8020,.T.);
#3262=ORIENTED_EDGE('',*,*,#8021,.F.);
#3263=ORIENTED_EDGE('',*,*,#8017,.T.);
#3264=CARTESIAN_POINT('',(-0.619960032979129,13.0999999985851,2.99966505246992));
#3265=DIRECTION('',(1.22772956465997E-12,1.22464679914735E-16,1.0));
#3266=DIRECTION('',(-1.0,1.50353508157941E-28,1.22772956465997E-12));
#3267=ORIENTED_EDGE('',*,*,#8022,.F.);
#3268=ORIENTED_EDGE('',*,*,#8015,.F.);
#3269=ORIENTED_EDGE('',*,*,#8023,.F.);
#3270=ORIENTED_EDGE('',*,*,#8024,.T.);
#3271=CARTESIAN_POINT('',(3.00001628347787,13.0999999985851,-4.84239284317499));
#3272=DIRECTION('',(1.0,-2.9528538676585E-32,-2.41118816438698E-16));
#3273=DIRECTION('',(2.41118816438698E-16,1.22464679914735E-16,1.0));
#3274=ORIENTED_EDGE('',*,*,#8025,.F.);
#3275=ORIENTED_EDGE('',*,*,#8026,.T.);
#3276=ORIENTED_EDGE('',*,*,#8027,.F.);
#3277=ORIENTED_EDGE('',*,*,#8020,.F.);
#3278=CARTESIAN_POINT('',(3.00001628347787,13.0999999985851,-4.84239284317499));
#3279=DIRECTION('',(1.0,-2.9528538676585E-32,-2.41118816438698E-16));
#3280=DIRECTION('',(2.41118816438698E-16,1.22464679914735E-16,1.0));
#3281=ORIENTED_EDGE('',*,*,#8028,.F.);
#3282=ORIENTED_EDGE('',*,*,#8029,.T.);
#3283=ORIENTED_EDGE('',*,*,#8030,.T.);
#3284=ORIENTED_EDGE('',*,*,#8031,.F.);
#3285=ORIENTED_EDGE('',*,*,#8032,.F.);
#3286=ORIENTED_EDGE('',*,*,#8033,.F.);
#3287=CARTESIAN_POINT('',(8.85001628348474,-4.2299999992762,2.55466505688608));
#3288=DIRECTION('',(2.14241094738518E-30,-1.0,-6.33382378058042E-16));
#3289=DIRECTION('',(2.83445033593336E-15,6.33382378058042E-16,-1.0));
#3290=ORIENTED_EDGE('',*,*,#8034,.F.);
#3291=ORIENTED_EDGE('',*,*,#8035,.F.);
#3292=ORIENTED_EDGE('',*,*,#8036,.F.);
#3293=ORIENTED_EDGE('',*,*,#8037,.F.);
#3294=ORIENTED_EDGE('',*,*,#8038,.T.);
#3295=ORIENTED_EDGE('',*,*,#8039,.T.);
#3296=CARTESIAN_POINT('',(8.85001628348474,-4.2299999992762,2.55466505688608));
#3297=DIRECTION('',(2.14241094738518E-30,-1.0,-6.33382378058042E-16));
#3298=DIRECTION('',(2.83445033593336E-15,6.33382378058042E-16,-1.0));
#3299=ORIENTED_EDGE('',*,*,#8040,.F.);
#3300=ORIENTED_EDGE('',*,*,#8041,.F.);
#3301=ORIENTED_EDGE('',*,*,#8042,.F.);
#3302=ORIENTED_EDGE('',*,*,#8039,.F.);
#3303=ORIENTED_EDGE('',*,*,#8043,.F.);
#3304=ORIENTED_EDGE('',*,*,#8044,.T.);
#3305=ORIENTED_EDGE('',*,*,#8045,.F.);
#3306=ORIENTED_EDGE('',*,*,#8046,.F.);
#3307=ORIENTED_EDGE('',*,*,#8047,.T.);
#3308=ORIENTED_EDGE('',*,*,#8048,.T.);
#3309=ORIENTED_EDGE('',*,*,#8049,.T.);
#3310=ORIENTED_EDGE('',*,*,#8050,.T.);
#3311=ORIENTED_EDGE('',*,*,#8029,.F.);
#3312=CARTESIAN_POINT('',(8.85001628348474,-3.4299999992762,2.55466505748948));
#3313=DIRECTION('',(-7.00712366058888E-32,1.0,-9.41188259387902E-17));
#3314=DIRECTION('',(2.4720100747486E-15,-9.41188259387902E-17,-1.0));
#3315=ORIENTED_EDGE('',*,*,#8051,.F.);
#3316=ORIENTED_EDGE('',*,*,#8052,.F.);
#3317=ORIENTED_EDGE('',*,*,#8053,.F.);
#3318=ORIENTED_EDGE('',*,*,#8054,.T.);
#3319=ORIENTED_EDGE('',*,*,#8055,.T.);
#3320=ORIENTED_EDGE('',*,*,#8056,.T.);
#3321=CARTESIAN_POINT('',(-2.849983716529,-4.2299999992762,2.55466505688607));
#3322=DIRECTION('',(-9.25645680029025E-32,-1.0,-6.33382378058042E-16));
#3323=DIRECTION('',(-1.22464679893265E-16,6.33382378058042E-16,-1.0));
#3324=ORIENTED_EDGE('',*,*,#8057,.F.);
#3325=ORIENTED_EDGE('',*,*,#8058,.T.);
#3326=ORIENTED_EDGE('',*,*,#8059,.T.);
#3327=ORIENTED_EDGE('',*,*,#8060,.T.);
#3328=ORIENTED_EDGE('',*,*,#8061,.F.);
#3329=ORIENTED_EDGE('',*,*,#8062,.F.);
#3330=CARTESIAN_POINT('',(-2.849983716529,-4.2299999992762,2.55466505688607));
#3331=DIRECTION('',(-9.25645680029025E-32,-1.0,-6.33382378058042E-16));
#3332=DIRECTION('',(-1.22464679893265E-16,6.33382378058042E-16,-1.0));
#3333=ORIENTED_EDGE('',*,*,#8063,.F.);
#3334=ORIENTED_EDGE('',*,*,#8064,.F.);
#3335=ORIENTED_EDGE('',*,*,#8065,.F.);
#3336=ORIENTED_EDGE('',*,*,#8062,.T.);
#3337=ORIENTED_EDGE('',*,*,#8066,.T.);
#3338=ORIENTED_EDGE('',*,*,#8067,.T.);
#3339=ORIENTED_EDGE('',*,*,#8068,.T.);
#3340=ORIENTED_EDGE('',*,*,#8069,.T.);
#3341=ORIENTED_EDGE('',*,*,#8070,.F.);
#3342=ORIENTED_EDGE('',*,*,#8071,.T.);
#3343=ORIENTED_EDGE('',*,*,#8072,.F.);
#3344=ORIENTED_EDGE('',*,*,#8052,.T.);
#3345=CARTESIAN_POINT('',(-2.849983716529,-3.4299999992762,2.55466505748979));
#3346=DIRECTION('',(1.14793382101055E-32,1.0,-9.41188259387898E-17));
#3347=DIRECTION('',(-4.04974153181166E-16,-9.41188259387898E-17,-1.0));
#3348=ORIENTED_EDGE('',*,*,#8048,.F.);
#3349=ORIENTED_EDGE('',*,*,#8073,.F.);
#3350=ORIENTED_EDGE('',*,*,#8074,.T.);
#3351=ORIENTED_EDGE('',*,*,#8075,.F.);
#3352=ORIENTED_EDGE('',*,*,#8049,.F.);
#3353=CARTESIAN_POINT('',(8.24000942977568,1.80113441197596,1.88965820307793));
#3354=DIRECTION('',(-0.00436326774998308,0.999980961713314,-0.00436326774998012));
#3355=DIRECTION('',(-1.22745491625672E-12,-0.00436330928475431,-0.999990480720734));
#3356=ORIENTED_EDGE('',*,*,#8076,.F.);
#3357=ORIENTED_EDGE('',*,*,#8077,.F.);
#3358=ORIENTED_EDGE('',*,*,#8078,.F.);
#3359=ORIENTED_EDGE('',*,*,#8079,.T.);
#3360=CARTESIAN_POINT('',(3.00001628347787,13.8999999986421,-4.8458835238318));
#3361=DIRECTION('',(-1.0,5.5252667545734E-26,2.41118816438456E-16));
#3362=DIRECTION('',(-2.41118816438456E-16,-1.22464679914735E-16,-1.0));
#3363=ORIENTED_EDGE('',*,*,#8080,.F.);
#3364=ORIENTED_EDGE('',*,*,#8081,.T.);
#3365=ORIENTED_EDGE('',*,*,#8082,.F.);
#3366=ORIENTED_EDGE('',*,*,#8083,.F.);
#3367=CARTESIAN_POINT('',(3.00001628347787,13.8999999986421,-4.8458835238318));
#3368=DIRECTION('',(-1.0,5.5252667545734E-26,2.41118816438456E-16));
#3369=DIRECTION('',(-2.41118816438456E-16,-1.22464679914735E-16,-1.0));
#3370=ORIENTED_EDGE('',*,*,#8084,.F.);
#3371=ORIENTED_EDGE('',*,*,#8085,.F.);
#3372=ORIENTED_EDGE('',*,*,#8086,.F.);
#3373=ORIENTED_EDGE('',*,*,#8087,.F.);
#3374=CARTESIAN_POINT('',(3.00001628347787,13.9000000010597,3.74879047842711));
#3375=DIRECTION('',(1.0,-7.40268090215245E-26,-3.07861768233147E-16));
#3376=DIRECTION('',(3.07861768233147E-16,1.22464679914735E-16,1.0));
#3377=ORIENTED_EDGE('',*,*,#8088,.T.);
#3378=ORIENTED_EDGE('',*,*,#8089,.T.);
#3379=ORIENTED_EDGE('',*,*,#8081,.F.);
#3380=CARTESIAN_POINT('',(8.61001628348475,13.8999999986421,-4.8458835238318));
#3381=DIRECTION('',(-1.0,1.49975978266186E-32,1.22464679914735E-16));
#3382=DIRECTION('',(1.22464679914735E-16,1.22464679914735E-16,1.0));
#3383=ORIENTED_EDGE('',*,*,#8090,.F.);
#3384=ORIENTED_EDGE('',*,*,#8091,.F.);
#3385=ORIENTED_EDGE('',*,*,#8092,.F.);
#3386=ORIENTED_EDGE('',*,*,#8093,.T.);
#3387=CARTESIAN_POINT('',(5.24999999997502,2.89999999994921,-0.200000000508512));
#3388=DIRECTION('',(-0.997054485501574,0.0766964988848353,-2.15522427195732E-11));
#3389=DIRECTION('',(-0.0766964988848353,-0.997054485501574,1.22103958424195E-16));
#3390=ORIENTED_EDGE('',*,*,#8094,.F.);
#3391=ORIENTED_EDGE('',*,*,#8095,.T.);
#3392=ORIENTED_EDGE('',*,*,#8096,.T.);
#3393=ORIENTED_EDGE('',*,*,#8097,.T.);
#3394=CARTESIAN_POINT('',(6.24999999997507,3.39999999994911,-0.200000000649016));
#3395=DIRECTION('',(1.0245612041211E-16,2.81008197079112E-10,1.0));
#3396=DIRECTION('',(-5.42398185230694E-42,1.0,-2.81008197079112E-10));
#3397=ORIENTED_EDGE('',*,*,#8098,.F.);
#3398=ORIENTED_EDGE('',*,*,#8093,.F.);
#3399=ORIENTED_EDGE('',*,*,#8099,.T.);
#3400=ORIENTED_EDGE('',*,*,#8100,.T.);
#3401=ORIENTED_EDGE('',*,*,#8101,.F.);
#3402=ORIENTED_EDGE('',*,*,#8102,.T.);
#3403=ORIENTED_EDGE('',*,*,#8103,.F.);
#3404=ORIENTED_EDGE('',*,*,#8104,.T.);
#3405=ORIENTED_EDGE('',*,*,#8105,.F.);
#3406=ORIENTED_EDGE('',*,*,#8106,.T.);
#3407=ORIENTED_EDGE('',*,*,#8107,.T.);
#3408=ORIENTED_EDGE('',*,*,#8108,.F.);
#3409=CARTESIAN_POINT('',(6.24999999997507,3.39999999994911,-0.200000000649016));
#3410=DIRECTION('',(1.0245612041211E-16,2.81008197079112E-10,1.0));
#3411=DIRECTION('',(-5.42398185230694E-42,1.0,-2.81008197079112E-10));
#3412=ORIENTED_EDGE('',*,*,#8109,.F.);
#3413=ORIENTED_EDGE('',*,*,#8110,.F.);
#3414=ORIENTED_EDGE('',*,*,#8111,.T.);
#3415=ORIENTED_EDGE('',*,*,#8112,.F.);
#3416=CARTESIAN_POINT('',(6.24999999997507,3.40000000006151,0.199999999350984));
#3417=DIRECTION('',(1.0245612041211E-16,2.81008197079112E-10,1.0));
#3418=DIRECTION('',(-5.42398185230694E-42,1.0,-2.81008197079112E-10));
#3419=ORIENTED_EDGE('',*,*,#8113,.F.);
#3420=ORIENTED_EDGE('',*,*,#8112,.T.);
#3421=ORIENTED_EDGE('',*,*,#8114,.T.);
#3422=ORIENTED_EDGE('',*,*,#8095,.F.);
#3423=CARTESIAN_POINT('',(6.24999999997507,3.39999999994911,-0.200000000649016));
#3424=DIRECTION('',(-1.0,9.82809644513805E-14,1.02456092794354E-16));
#3425=DIRECTION('',(-9.82809644513805E-14,-1.0,1.22464679914735E-16));
#3426=ORIENTED_EDGE('',*,*,#8115,.F.);
#3427=ORIENTED_EDGE('',*,*,#8108,.T.);
#3428=ORIENTED_EDGE('',*,*,#8116,.T.);
#3429=ORIENTED_EDGE('',*,*,#8117,.F.);
#3430=CARTESIAN_POINT('',(6.79999999997495,2.24999999994906,-0.200000000325856));
#3431=DIRECTION('',(0.997054485501589,0.0766964988846391,-2.1552447028187E-11));
#3432=DIRECTION('',(0.0,2.81009529008677E-10,1.0));
#3433=ORIENTED_EDGE('',*,*,#8118,.F.);
#3434=ORIENTED_EDGE('',*,*,#8096,.F.);
#3435=ORIENTED_EDGE('',*,*,#8119,.F.);
#3436=ORIENTED_EDGE('',*,*,#8120,.F.);
#3437=CARTESIAN_POINT('',(5.7499999999744,-3.42000000002976,-0.124999998732541));
#3438=DIRECTION('',(1.55883652278096E-14,0.157580761415282,0.987506103085839));
#3439=DIRECTION('',(0.0,0.987506103085839,-0.157580761415282));
#3440=ORIENTED_EDGE('',*,*,#8121,.F.);
#3441=ORIENTED_EDGE('',*,*,#8122,.F.);
#3442=ORIENTED_EDGE('',*,*,#8123,.F.);
#3443=ORIENTED_EDGE('',*,*,#8111,.F.);
#3444=CARTESIAN_POINT('',(5.74999999997444,-2.94999999993844,0.200000001135386));
#3445=DIRECTION('',(-1.53860131393896E-14,-0.157580760860288,0.987506103174402));
#3446=DIRECTION('',(-1.0,-1.90808256093024E-30,-1.55806765041049E-14));
#3447=ORIENTED_EDGE('',*,*,#8124,.F.);
#3448=ORIENTED_EDGE('',*,*,#8119,.T.);
#3449=ORIENTED_EDGE('',*,*,#8114,.F.);
#3450=ORIENTED_EDGE('',*,*,#8123,.T.);
#3451=CARTESIAN_POINT('',(6.24999999997444,-2.94999999993848,0.200000001135386));
#3452=DIRECTION('',(-0.966405365196465,0.2570227035098,-7.22253875075434E-11));
#3453=DIRECTION('',(-0.2570227035098,-0.966405365196465,1.18350523714615E-16));
#3454=ORIENTED_EDGE('',*,*,#8125,.F.);
#3455=ORIENTED_EDGE('',*,*,#8118,.T.);
#3456=ORIENTED_EDGE('',*,*,#8126,.F.);
#3457=ORIENTED_EDGE('',*,*,#8121,.T.);
#3458=CARTESIAN_POINT('',(5.8749999999744,-3.41999999993844,0.200000001267459));
#3459=DIRECTION('',(0.966405365196516,0.25702270350961,-7.22255855357791E-11));
#3460=DIRECTION('',(1.27902685113246E-26,2.81008582314125E-10,1.0));
#3461=ORIENTED_EDGE('',*,*,#8126,.T.);
#3462=ORIENTED_EDGE('',*,*,#8120,.T.);
#3463=ORIENTED_EDGE('',*,*,#8124,.T.);
#3464=ORIENTED_EDGE('',*,*,#8122,.T.);
#3465=CARTESIAN_POINT('',(5.7499999999744,-3.41999999993843,0.200000001267459));
#3466=DIRECTION('',(9.82809644513517E-14,1.0,-2.81008197079112E-10));
#3467=DIRECTION('',(-1.0,9.82809644513517E-14,-1.20359468532463E-29));
#3468=ORIENTED_EDGE('',*,*,#8127,.T.);
#3469=ORIENTED_EDGE('',*,*,#8128,.F.);
#3470=ORIENTED_EDGE('',*,*,#8129,.T.);
#3471=ORIENTED_EDGE('',*,*,#8130,.F.);
#3472=ORIENTED_EDGE('',*,*,#8131,.F.);
#3473=ORIENTED_EDGE('',*,*,#8132,.F.);
#3474=CARTESIAN_POINT('',(5.94042078948729,8.65000000028635,0.999999997875682));
#3475=DIRECTION('',(1.0245612041211E-16,2.81008197079112E-10,1.0));
#3476=DIRECTION('',(9.93651666238372E-14,1.0,-2.81008197079112E-10));
#3477=ORIENTED_EDGE('',*,*,#8133,.T.);
#3478=ORIENTED_EDGE('',*,*,#8134,.F.);
#3479=ORIENTED_EDGE('',*,*,#8129,.F.);
#3480=ORIENTED_EDGE('',*,*,#8135,.F.);
#3481=CARTESIAN_POINT('',(9.99999999997558,8.64999999999378,-0.0397227540222649));
#3482=DIRECTION('',(1.0,-9.82809644513805E-14,-1.02456092794354E-16));
#3483=DIRECTION('',(-9.82809644513517E-14,-1.0,2.81008739180199E-10));
#3484=ORIENTED_EDGE('',*,*,#8136,.T.);
#3485=ORIENTED_EDGE('',*,*,#8137,.F.);
#3486=ORIENTED_EDGE('',*,*,#8127,.F.);
#3487=ORIENTED_EDGE('',*,*,#8138,.F.);
#3488=CARTESIAN_POINT('',(9.99999999997558,8.65000000001611,0.0397227497736282));
#3489=DIRECTION('',(1.0,-9.82809644513805E-14,-1.02456092794354E-16));
#3490=DIRECTION('',(-9.82809644513517E-14,-1.0,2.81008739180199E-10));
#3491=ORIENTED_EDGE('',*,*,#8133,.F.);
#3492=ORIENTED_EDGE('',*,*,#8139,.F.);
#3493=ORIENTED_EDGE('',*,*,#8136,.F.);
#3494=ORIENTED_EDGE('',*,*,#8140,.F.);
#3495=ORIENTED_EDGE('',*,*,#8141,.F.);
#3496=ORIENTED_EDGE('',*,*,#8142,.F.);
#3497=CARTESIAN_POINT('',(6.05957921046388,8.64999999998426,-0.0750000021243182));
#3498=DIRECTION('',(1.0245612041211E-16,2.81008197079112E-10,1.0));
#3499=DIRECTION('',(9.88230655375944E-14,1.0,-2.81008197079112E-10));
#3500=ORIENTED_EDGE('',*,*,#8143,.F.);
#3501=ORIENTED_EDGE('',*,*,#8141,.T.);
#3502=ORIENTED_EDGE('',*,*,#8144,.F.);
#3503=ORIENTED_EDGE('',*,*,#8145,.F.);
#3504=ORIENTED_EDGE('',*,*,#8146,.T.);
#3505=ORIENTED_EDGE('',*,*,#8147,.T.);
#3506=ORIENTED_EDGE('',*,*,#8148,.T.);
#3507=ORIENTED_EDGE('',*,*,#8149,.F.);
#3508=CARTESIAN_POINT('',(6.24999999997552,8.00000000028632,0.999999998058346));
#3509=DIRECTION('',(-0.97780241407743,-0.209529088730779,5.88794916417073E-11));
#3510=DIRECTION('',(-6.02161184448988E-11,-1.22464679910576E-16,-1.0));
#3511=ORIENTED_EDGE('',*,*,#8150,.T.);
#3512=ORIENTED_EDGE('',*,*,#8131,.T.);
#3513=ORIENTED_EDGE('',*,*,#8151,.T.);
#3514=ORIENTED_EDGE('',*,*,#8152,.T.);
#3515=ORIENTED_EDGE('',*,*,#8153,.T.);
#3516=ORIENTED_EDGE('',*,*,#8154,.F.);
#3517=ORIENTED_EDGE('',*,*,#8155,.T.);
#3518=ORIENTED_EDGE('',*,*,#8156,.T.);
#3519=CARTESIAN_POINT('',(5.74999999997552,8.00000000028637,0.999999998058337));
#3520=DIRECTION('',(0.977802414077388,-0.209529088730973,5.88792912780782E-11));
#3521=DIRECTION('',(-6.4705535986589E-27,2.8100771895055E-10,1.0));
#3522=ORIENTED_EDGE('',*,*,#8156,.F.);
#3523=ORIENTED_EDGE('',*,*,#8157,.T.);
#3524=ORIENTED_EDGE('',*,*,#8158,.F.);
#3525=ORIENTED_EDGE('',*,*,#8159,.T.);
#3526=ORIENTED_EDGE('',*,*,#8145,.T.);
#3527=ORIENTED_EDGE('',*,*,#8160,.T.);
#3528=CARTESIAN_POINT('',(9.99999999997546,7.39997128818731,-10.800000001773));
#3529=DIRECTION('',(1.0,-9.89511985216443E-14,-1.02456092606013E-16));
#3530=DIRECTION('',(-9.89511985216155E-14,-1.0,2.81008670185515E-10));
#3531=ORIENTED_EDGE('',*,*,#8138,.T.);
#3532=ORIENTED_EDGE('',*,*,#8132,.T.);
#3533=ORIENTED_EDGE('',*,*,#8150,.F.);
#3534=ORIENTED_EDGE('',*,*,#8160,.F.);
#3535=ORIENTED_EDGE('',*,*,#8144,.T.);
#3536=ORIENTED_EDGE('',*,*,#8140,.T.);
#3537=CARTESIAN_POINT('',(9.99999999997554,8.18033088275887,-1.33210483425245));
#3538=DIRECTION('',(1.0,-9.88592056100394E-14,-1.02456092631863E-16));
#3539=DIRECTION('',(-9.88592056100106E-14,-1.0,2.81008630759981E-10));
#3540=ORIENTED_EDGE('',*,*,#8151,.F.);
#3541=ORIENTED_EDGE('',*,*,#8130,.T.);
#3542=ORIENTED_EDGE('',*,*,#8134,.T.);
#3543=ORIENTED_EDGE('',*,*,#8142,.T.);
#3544=ORIENTED_EDGE('',*,*,#8143,.T.);
#3545=ORIENTED_EDGE('',*,*,#8161,.T.);
#3546=CARTESIAN_POINT('',(9.99999999997554,8.18033088350754,1.33210483026777));
#3547=DIRECTION('',(1.0,-9.88592056100394E-14,-1.02456092631863E-16));
#3548=DIRECTION('',(-9.88592056100106E-14,-1.0,2.81008630759981E-10));
#3549=ORIENTED_EDGE('',*,*,#8149,.T.);
#3550=ORIENTED_EDGE('',*,*,#8162,.T.);
#3551=ORIENTED_EDGE('',*,*,#8103,.T.);
#3552=ORIENTED_EDGE('',*,*,#8163,.T.);
#3553=ORIENTED_EDGE('',*,*,#8152,.F.);
#3554=ORIENTED_EDGE('',*,*,#8161,.F.);
#3555=CARTESIAN_POINT('',(9.99999999997547,7.39997129425708,10.799999998227));
#3556=DIRECTION('',(1.0,-9.89511985216443E-14,-1.02456092606013E-16));
#3557=DIRECTION('',(-9.89511985216155E-14,-1.0,2.81008670185515E-10));
#3558=ORIENTED_EDGE('',*,*,#8139,.T.);
#3559=ORIENTED_EDGE('',*,*,#8135,.T.);
#3560=ORIENTED_EDGE('',*,*,#8128,.T.);
#3561=ORIENTED_EDGE('',*,*,#8137,.T.);
#3562=CARTESIAN_POINT('',(9.99999999997559,8.69999999998387,-0.0750000021383691));
#3563=DIRECTION('',(-9.89346745847621E-14,-1.0,2.81008197079112E-10));
#3564=DIRECTION('',(-0.999999938023161,-4.31162076790997E-20,-0.000352070553804729));
#3565=ORIENTED_EDGE('',*,*,#8164,.F.);
#3566=ORIENTED_EDGE('',*,*,#8165,.F.);
#3567=ORIENTED_EDGE('',*,*,#8166,.F.);
#3568=ORIENTED_EDGE('',*,*,#8167,.F.);
#3569=ORIENTED_EDGE('',*,*,#8106,.F.);
#3570=ORIENTED_EDGE('',*,*,#8168,.F.);
#3571=CARTESIAN_POINT('',(6.39999999997504,3.0499999999491,-0.200000000550664));
#3572=DIRECTION('',(1.02456120412111E-16,2.81008197079112E-10,1.0));
#3573=DIRECTION('',(1.0,-9.82809644513805E-14,-1.02456092794354E-16));
#3574=ORIENTED_EDGE('',*,*,#8100,.F.);
#3575=ORIENTED_EDGE('',*,*,#8169,.F.);
#3576=ORIENTED_EDGE('',*,*,#8170,.F.);
#3577=ORIENTED_EDGE('',*,*,#8171,.F.);
#3578=ORIENTED_EDGE('',*,*,#8172,.F.);
#3579=ORIENTED_EDGE('',*,*,#8173,.F.);
#3580=CARTESIAN_POINT('',(5.59999999997503,3.04999999994917,-0.200000000550663));
#3581=DIRECTION('',(1.02456120412111E-16,2.81008197079112E-10,1.0));
#3582=DIRECTION('',(1.0,-9.82809644513805E-14,-1.02456092794354E-16));
#3583=ORIENTED_EDGE('',*,*,#8101,.T.);
#3584=ORIENTED_EDGE('',*,*,#8173,.T.);
#3585=ORIENTED_EDGE('',*,*,#8174,.F.);
#3586=CARTESIAN_POINT('',(6.24999999997503,3.05000000006152,0.199999999449337));
#3587=DIRECTION('',(9.82809644513517E-14,1.0,-2.81008197079112E-10));
#3588=DIRECTION('',(-1.0,9.82809644513517E-14,-1.20359468532463E-29));
#3589=ORIENTED_EDGE('',*,*,#8102,.F.);
#3590=ORIENTED_EDGE('',*,*,#8174,.T.);
#3591=ORIENTED_EDGE('',*,*,#8175,.F.);
#3592=ORIENTED_EDGE('',*,*,#8153,.F.);
#3593=ORIENTED_EDGE('',*,*,#8163,.F.);
#3594=CARTESIAN_POINT('',(5.7499999999755,7.84999999996321,-0.150000001899503));
#3595=DIRECTION('',(-0.707106781186548,-1.98633306587221E-10,-0.707106781186548));
#3596=DIRECTION('',(2.8090979364998E-10,-1.0,1.22464679924401E-16));
#3597=ORIENTED_EDGE('',*,*,#8168,.T.);
#3598=ORIENTED_EDGE('',*,*,#8105,.T.);
#3599=ORIENTED_EDGE('',*,*,#8176,.F.);
#3600=CARTESIAN_POINT('',(6.24999999997503,3.05000000006152,0.199999999449337));
#3601=DIRECTION('',(9.82809644513517E-14,1.0,-2.81008197079112E-10));
#3602=DIRECTION('',(-1.0,9.82809644513517E-14,-1.20359468532463E-29));
#3603=ORIENTED_EDGE('',*,*,#8177,.F.);
#3604=ORIENTED_EDGE('',*,*,#8176,.T.);
#3605=ORIENTED_EDGE('',*,*,#8104,.F.);
#3606=ORIENTED_EDGE('',*,*,#8162,.F.);
#3607=ORIENTED_EDGE('',*,*,#8148,.F.);
#3608=CARTESIAN_POINT('',(6.1999999999755,7.84999999994912,-0.200000001899503));
#3609=DIRECTION('',(0.707106781186548,-1.98772296860071E-10,-0.707106781186547));
#3610=DIRECTION('',(0.0,1.0,-2.81106478043563E-10));
#3611=ORIENTED_EDGE('',*,*,#8165,.T.);
#3612=ORIENTED_EDGE('',*,*,#8178,.F.);
#3613=ORIENTED_EDGE('',*,*,#8179,.T.);
#3614=CARTESIAN_POINT('',(6.24999999997503,3.05000000006152,0.199999999449337));
#3615=DIRECTION('',(9.82809644513517E-14,1.0,-2.81008197079112E-10));
#3616=DIRECTION('',(-1.0,9.82809644513517E-14,-1.20359468532463E-29));
#3617=ORIENTED_EDGE('',*,*,#8180,.F.);
#3618=ORIENTED_EDGE('',*,*,#8178,.T.);
#3619=ORIENTED_EDGE('',*,*,#8181,.F.);
#3620=ORIENTED_EDGE('',*,*,#8146,.F.);
#3621=ORIENTED_EDGE('',*,*,#8159,.F.);
#3622=CARTESIAN_POINT('',(6.24999999997551,7.85000000004747,0.149999998100497));
#3623=DIRECTION('',(0.707106781186548,1.9863330658722E-10,0.707106781186548));
#3624=DIRECTION('',(-1.87169606528732E-26,1.0,-2.8090991611466E-10));
#3625=ORIENTED_EDGE('',*,*,#8182,.F.);
#3626=ORIENTED_EDGE('',*,*,#8171,.T.);
#3627=ORIENTED_EDGE('',*,*,#8183,.T.);
#3628=CARTESIAN_POINT('',(6.24999999997503,3.05000000006152,0.199999999449337));
#3629=DIRECTION('',(9.82809644513517E-14,1.0,-2.81008197079112E-10));
#3630=DIRECTION('',(-1.0,9.82809644513517E-14,-1.20359468532463E-29));
#3631=ORIENTED_EDGE('',*,*,#8184,.F.);
#3632=ORIENTED_EDGE('',*,*,#8182,.T.);
#3633=ORIENTED_EDGE('',*,*,#8185,.F.);
#3634=ORIENTED_EDGE('',*,*,#8157,.F.);
#3635=ORIENTED_EDGE('',*,*,#8155,.F.);
#3636=CARTESIAN_POINT('',(5.79999999997551,7.85000000006156,0.199999998100497));
#3637=DIRECTION('',(-0.707106781186548,1.98772296860071E-10,0.707106781186547));
#3638=DIRECTION('',(-0.707106781186547,-8.65956056122505E-17,-0.707106781186548));
#3639=ORIENTED_EDGE('',*,*,#8186,.F.);
#3640=ORIENTED_EDGE('',*,*,#8097,.F.);
#3641=ORIENTED_EDGE('',*,*,#8125,.T.);
#3642=ORIENTED_EDGE('',*,*,#8110,.T.);
#3643=CARTESIAN_POINT('',(5.74999999997502,2.89999999994916,-0.200000000508512));
#3644=DIRECTION('',(1.0,-9.82809644513805E-14,-1.02456092794354E-16));
#3645=DIRECTION('',(-9.82809644513805E-14,-1.0,1.22464679914735E-16));
#3646=ORIENTED_EDGE('',*,*,#8107,.F.);
#3647=ORIENTED_EDGE('',*,*,#8167,.T.);
#3648=ORIENTED_EDGE('',*,*,#8187,.T.);
#3649=ORIENTED_EDGE('',*,*,#8116,.F.);
#3650=CARTESIAN_POINT('',(6.24999999997502,2.89999999994911,-0.200000000508512));
#3651=DIRECTION('',(-9.82809644513517E-14,-1.0,2.81008197079112E-10));
#3652=DIRECTION('',(-0.999999938839478,-4.28313177153352E-20,-0.000349744250499872));
#3653=ORIENTED_EDGE('',*,*,#8188,.T.);
#3654=ORIENTED_EDGE('',*,*,#8169,.T.);
#3655=ORIENTED_EDGE('',*,*,#8099,.F.);
#3656=ORIENTED_EDGE('',*,*,#8092,.T.);
#3657=CARTESIAN_POINT('',(6.24999999997502,2.89999999994911,-0.200000000508512));
#3658=DIRECTION('',(-9.82809644513517E-14,-1.0,2.81008197079112E-10));
#3659=DIRECTION('',(-0.999999938839478,-4.28313177153352E-20,-0.000349744250499872));
#3660=ORIENTED_EDGE('',*,*,#8189,.F.);
#3661=ORIENTED_EDGE('',*,*,#8117,.T.);
#3662=ORIENTED_EDGE('',*,*,#8187,.F.);
#3663=ORIENTED_EDGE('',*,*,#8166,.T.);
#3664=ORIENTED_EDGE('',*,*,#8179,.F.);
#3665=ORIENTED_EDGE('',*,*,#8180,.T.);
#3666=ORIENTED_EDGE('',*,*,#8158,.T.);
#3667=ORIENTED_EDGE('',*,*,#8185,.T.);
#3668=ORIENTED_EDGE('',*,*,#8183,.F.);
#3669=ORIENTED_EDGE('',*,*,#8170,.T.);
#3670=ORIENTED_EDGE('',*,*,#8188,.F.);
#3671=ORIENTED_EDGE('',*,*,#8091,.T.);
#3672=CARTESIAN_POINT('',(6.24999999997507,3.40000000006151,0.199999999350984));
#3673=DIRECTION('',(1.0245612041211E-16,2.81008197079112E-10,1.0));
#3674=DIRECTION('',(-5.42398185230694E-42,1.0,-2.81008197079112E-10));
#3675=ORIENTED_EDGE('',*,*,#8181,.T.);
#3676=ORIENTED_EDGE('',*,*,#8164,.T.);
#3677=ORIENTED_EDGE('',*,*,#8177,.T.);
#3678=ORIENTED_EDGE('',*,*,#8147,.F.);
#3679=CARTESIAN_POINT('',(6.24999999997507,3.39999999994911,-0.200000000649016));
#3680=DIRECTION('',(-1.0,9.82809644513805E-14,1.02456092794354E-16));
#3681=DIRECTION('',(-9.82809644513805E-14,-1.0,1.22464679914735E-16));
#3682=ORIENTED_EDGE('',*,*,#8175,.T.);
#3683=ORIENTED_EDGE('',*,*,#8172,.T.);
#3684=ORIENTED_EDGE('',*,*,#8184,.T.);
#3685=ORIENTED_EDGE('',*,*,#8154,.T.);
#3686=CARTESIAN_POINT('',(5.74999999997502,2.89999999994916,-0.200000000508512));
#3687=DIRECTION('',(1.0,-9.82809644513805E-14,-1.02456092794354E-16));
#3688=DIRECTION('',(-9.82809644513805E-14,-1.0,1.22464679914735E-16));
#3689=ORIENTED_EDGE('',*,*,#8190,.F.);
#3690=ORIENTED_EDGE('',*,*,#8191,.F.);
#3691=ORIENTED_EDGE('',*,*,#8192,.F.);
#3692=ORIENTED_EDGE('',*,*,#8193,.T.);
#3693=CARTESIAN_POINT('',(3.24999999997502,2.89999999994921,-0.200000000508512));
#3694=DIRECTION('',(-0.997054485501574,0.0766964988848353,-2.15522427195732E-11));
#3695=DIRECTION('',(-0.0766964988848353,-0.997054485501574,1.22103958424195E-16));
#3696=ORIENTED_EDGE('',*,*,#8194,.F.);
#3697=ORIENTED_EDGE('',*,*,#8195,.T.);
#3698=ORIENTED_EDGE('',*,*,#8196,.T.);
#3699=ORIENTED_EDGE('',*,*,#8197,.T.);
#3700=CARTESIAN_POINT('',(4.24999999997507,3.39999999994911,-0.200000000649016));
#3701=DIRECTION('',(1.0245612041211E-16,2.81008197079112E-10,1.0));
#3702=DIRECTION('',(-5.42398185230694E-42,1.0,-2.81008197079112E-10));
#3703=ORIENTED_EDGE('',*,*,#8198,.F.);
#3704=ORIENTED_EDGE('',*,*,#8193,.F.);
#3705=ORIENTED_EDGE('',*,*,#8199,.T.);
#3706=ORIENTED_EDGE('',*,*,#8200,.T.);
#3707=ORIENTED_EDGE('',*,*,#8201,.F.);
#3708=ORIENTED_EDGE('',*,*,#8202,.T.);
#3709=ORIENTED_EDGE('',*,*,#8203,.F.);
#3710=ORIENTED_EDGE('',*,*,#8204,.T.);
#3711=ORIENTED_EDGE('',*,*,#8205,.F.);
#3712=ORIENTED_EDGE('',*,*,#8206,.T.);
#3713=ORIENTED_EDGE('',*,*,#8207,.T.);
#3714=ORIENTED_EDGE('',*,*,#8208,.F.);
#3715=CARTESIAN_POINT('',(4.24999999997507,3.39999999994911,-0.200000000649016));
#3716=DIRECTION('',(1.0245612041211E-16,2.81008197079112E-10,1.0));
#3717=DIRECTION('',(-5.42398185230694E-42,1.0,-2.81008197079112E-10));
#3718=ORIENTED_EDGE('',*,*,#8209,.F.);
#3719=ORIENTED_EDGE('',*,*,#8210,.F.);
#3720=ORIENTED_EDGE('',*,*,#8211,.T.);
#3721=ORIENTED_EDGE('',*,*,#8212,.F.);
#3722=CARTESIAN_POINT('',(4.24999999997507,3.40000000006151,0.199999999350984));
#3723=DIRECTION('',(1.0245612041211E-16,2.81008197079112E-10,1.0));
#3724=DIRECTION('',(-5.42398185230694E-42,1.0,-2.81008197079112E-10));
#3725=ORIENTED_EDGE('',*,*,#8213,.F.);
#3726=ORIENTED_EDGE('',*,*,#8212,.T.);
#3727=ORIENTED_EDGE('',*,*,#8214,.T.);
#3728=ORIENTED_EDGE('',*,*,#8195,.F.);
#3729=CARTESIAN_POINT('',(4.24999999997507,3.39999999994911,-0.200000000649016));
#3730=DIRECTION('',(-1.0,9.82809644513805E-14,1.02456092794354E-16));
#3731=DIRECTION('',(-9.82809644513805E-14,-1.0,1.22464679914735E-16));
#3732=ORIENTED_EDGE('',*,*,#8215,.F.);
#3733=ORIENTED_EDGE('',*,*,#8208,.T.);
#3734=ORIENTED_EDGE('',*,*,#8216,.T.);
#3735=ORIENTED_EDGE('',*,*,#8217,.F.);
#3736=CARTESIAN_POINT('',(4.79999999997495,2.24999999994906,-0.200000000325856));
#3737=DIRECTION('',(0.997054485501589,0.0766964988846391,-2.1552447028187E-11));
#3738=DIRECTION('',(0.0,2.81009529008677E-10,1.0));
#3739=ORIENTED_EDGE('',*,*,#8218,.F.);
#3740=ORIENTED_EDGE('',*,*,#8196,.F.);
#3741=ORIENTED_EDGE('',*,*,#8219,.F.);
#3742=ORIENTED_EDGE('',*,*,#8220,.F.);
#3743=CARTESIAN_POINT('',(3.7499999999744,-3.42000000002976,-0.124999998732541));
#3744=DIRECTION('',(1.55883652278096E-14,0.157580761415282,0.987506103085839));
#3745=DIRECTION('',(0.0,0.987506103085839,-0.157580761415282));
#3746=ORIENTED_EDGE('',*,*,#8221,.F.);
#3747=ORIENTED_EDGE('',*,*,#8222,.F.);
#3748=ORIENTED_EDGE('',*,*,#8223,.F.);
#3749=ORIENTED_EDGE('',*,*,#8211,.F.);
#3750=CARTESIAN_POINT('',(3.74999999997444,-2.94999999993844,0.200000001135386));
#3751=DIRECTION('',(-1.53860131393896E-14,-0.157580760860288,0.987506103174402));
#3752=DIRECTION('',(-1.0,-1.90808256093024E-30,-1.55806765041049E-14));
#3753=ORIENTED_EDGE('',*,*,#8224,.F.);
#3754=ORIENTED_EDGE('',*,*,#8219,.T.);
#3755=ORIENTED_EDGE('',*,*,#8214,.F.);
#3756=ORIENTED_EDGE('',*,*,#8223,.T.);
#3757=CARTESIAN_POINT('',(4.24999999997444,-2.94999999993848,0.200000001135386));
#3758=DIRECTION('',(-0.966405365196465,0.2570227035098,-7.22253875075434E-11));
#3759=DIRECTION('',(-0.2570227035098,-0.966405365196465,1.18350523714615E-16));
#3760=ORIENTED_EDGE('',*,*,#8225,.F.);
#3761=ORIENTED_EDGE('',*,*,#8218,.T.);
#3762=ORIENTED_EDGE('',*,*,#8226,.F.);
#3763=ORIENTED_EDGE('',*,*,#8221,.T.);
#3764=CARTESIAN_POINT('',(3.8749999999744,-3.41999999993844,0.200000001267459));
#3765=DIRECTION('',(0.966405365196516,0.25702270350961,-7.22255855357791E-11));
#3766=DIRECTION('',(1.27902685113246E-26,2.81008582314125E-10,1.0));
#3767=ORIENTED_EDGE('',*,*,#8226,.T.);
#3768=ORIENTED_EDGE('',*,*,#8220,.T.);
#3769=ORIENTED_EDGE('',*,*,#8224,.T.);
#3770=ORIENTED_EDGE('',*,*,#8222,.T.);
#3771=CARTESIAN_POINT('',(3.7499999999744,-3.41999999993843,0.200000001267459));
#3772=DIRECTION('',(9.82809644513517E-14,1.0,-2.81008197079112E-10));
#3773=DIRECTION('',(-1.0,9.82809644513517E-14,-1.20359468532463E-29));
#3774=ORIENTED_EDGE('',*,*,#8227,.T.);
#3775=ORIENTED_EDGE('',*,*,#8228,.F.);
#3776=ORIENTED_EDGE('',*,*,#8229,.T.);
#3777=ORIENTED_EDGE('',*,*,#8230,.F.);
#3778=ORIENTED_EDGE('',*,*,#8231,.F.);
#3779=ORIENTED_EDGE('',*,*,#8232,.F.);
#3780=CARTESIAN_POINT('',(3.94042078948729,8.65000000028635,0.999999997875682));
#3781=DIRECTION('',(1.0245612041211E-16,2.81008197079112E-10,1.0));
#3782=DIRECTION('',(9.93651666238372E-14,1.0,-2.81008197079112E-10));
#3783=ORIENTED_EDGE('',*,*,#8233,.T.);
#3784=ORIENTED_EDGE('',*,*,#8234,.F.);
#3785=ORIENTED_EDGE('',*,*,#8229,.F.);
#3786=ORIENTED_EDGE('',*,*,#8235,.F.);
#3787=CARTESIAN_POINT('',(7.99999999997558,8.64999999999378,-0.0397227540222649));
#3788=DIRECTION('',(1.0,-9.82809644513805E-14,-1.02456092794354E-16));
#3789=DIRECTION('',(-9.82809644513517E-14,-1.0,2.81008739180199E-10));
#3790=ORIENTED_EDGE('',*,*,#8236,.T.);
#3791=ORIENTED_EDGE('',*,*,#8237,.F.);
#3792=ORIENTED_EDGE('',*,*,#8227,.F.);
#3793=ORIENTED_EDGE('',*,*,#8238,.F.);
#3794=CARTESIAN_POINT('',(7.99999999997558,8.65000000001611,0.0397227497736282));
#3795=DIRECTION('',(1.0,-9.82809644513805E-14,-1.02456092794354E-16));
#3796=DIRECTION('',(-9.82809644513517E-14,-1.0,2.81008739180199E-10));
#3797=ORIENTED_EDGE('',*,*,#8233,.F.);
#3798=ORIENTED_EDGE('',*,*,#8239,.F.);
#3799=ORIENTED_EDGE('',*,*,#8236,.F.);
#3800=ORIENTED_EDGE('',*,*,#8240,.F.);
#3801=ORIENTED_EDGE('',*,*,#8241,.F.);
#3802=ORIENTED_EDGE('',*,*,#8242,.F.);
#3803=CARTESIAN_POINT('',(4.05957921046388,8.64999999998426,-0.0750000021243182));
#3804=DIRECTION('',(1.0245612041211E-16,2.81008197079112E-10,1.0));
#3805=DIRECTION('',(9.88230655375944E-14,1.0,-2.81008197079112E-10));
#3806=ORIENTED_EDGE('',*,*,#8243,.F.);
#3807=ORIENTED_EDGE('',*,*,#8241,.T.);
#3808=ORIENTED_EDGE('',*,*,#8244,.F.);
#3809=ORIENTED_EDGE('',*,*,#8245,.F.);
#3810=ORIENTED_EDGE('',*,*,#8246,.T.);
#3811=ORIENTED_EDGE('',*,*,#8247,.T.);
#3812=ORIENTED_EDGE('',*,*,#8248,.T.);
#3813=ORIENTED_EDGE('',*,*,#8249,.F.);
#3814=CARTESIAN_POINT('',(4.24999999997552,8.00000000028632,0.999999998058346));
#3815=DIRECTION('',(-0.97780241407743,-0.209529088730779,5.88794916417073E-11));
#3816=DIRECTION('',(-6.02161184448988E-11,-1.22464679910576E-16,-1.0));
#3817=ORIENTED_EDGE('',*,*,#8250,.T.);
#3818=ORIENTED_EDGE('',*,*,#8231,.T.);
#3819=ORIENTED_EDGE('',*,*,#8251,.T.);
#3820=ORIENTED_EDGE('',*,*,#8252,.T.);
#3821=ORIENTED_EDGE('',*,*,#8253,.T.);
#3822=ORIENTED_EDGE('',*,*,#8254,.F.);
#3823=ORIENTED_EDGE('',*,*,#8255,.T.);
#3824=ORIENTED_EDGE('',*,*,#8256,.T.);
#3825=CARTESIAN_POINT('',(3.74999999997552,8.00000000028637,0.999999998058337));
#3826=DIRECTION('',(0.977802414077388,-0.209529088730973,5.88792912780782E-11));
#3827=DIRECTION('',(-6.4705535986589E-27,2.8100771895055E-10,1.0));
#3828=ORIENTED_EDGE('',*,*,#8256,.F.);
#3829=ORIENTED_EDGE('',*,*,#8257,.T.);
#3830=ORIENTED_EDGE('',*,*,#8258,.F.);
#3831=ORIENTED_EDGE('',*,*,#8259,.T.);
#3832=ORIENTED_EDGE('',*,*,#8245,.T.);
#3833=ORIENTED_EDGE('',*,*,#8260,.T.);
#3834=CARTESIAN_POINT('',(7.99999999997546,7.39997128818731,-10.800000001773));
#3835=DIRECTION('',(1.0,-9.89511985216443E-14,-1.02456092606013E-16));
#3836=DIRECTION('',(-9.89511985216155E-14,-1.0,2.81008670185515E-10));
#3837=ORIENTED_EDGE('',*,*,#8238,.T.);
#3838=ORIENTED_EDGE('',*,*,#8232,.T.);
#3839=ORIENTED_EDGE('',*,*,#8250,.F.);
#3840=ORIENTED_EDGE('',*,*,#8260,.F.);
#3841=ORIENTED_EDGE('',*,*,#8244,.T.);
#3842=ORIENTED_EDGE('',*,*,#8240,.T.);
#3843=CARTESIAN_POINT('',(7.99999999997554,8.18033088275887,-1.33210483425245));
#3844=DIRECTION('',(1.0,-9.88592056100394E-14,-1.02456092631863E-16));
#3845=DIRECTION('',(-9.88592056100106E-14,-1.0,2.81008630759981E-10));
#3846=ORIENTED_EDGE('',*,*,#8251,.F.);
#3847=ORIENTED_EDGE('',*,*,#8230,.T.);
#3848=ORIENTED_EDGE('',*,*,#8234,.T.);
#3849=ORIENTED_EDGE('',*,*,#8242,.T.);
#3850=ORIENTED_EDGE('',*,*,#8243,.T.);
#3851=ORIENTED_EDGE('',*,*,#8261,.T.);
#3852=CARTESIAN_POINT('',(7.99999999997554,8.18033088350754,1.33210483026777));
#3853=DIRECTION('',(1.0,-9.88592056100394E-14,-1.02456092631863E-16));
#3854=DIRECTION('',(-9.88592056100106E-14,-1.0,2.81008630759981E-10));
#3855=ORIENTED_EDGE('',*,*,#8249,.T.);
#3856=ORIENTED_EDGE('',*,*,#8262,.T.);
#3857=ORIENTED_EDGE('',*,*,#8203,.T.);
#3858=ORIENTED_EDGE('',*,*,#8263,.T.);
#3859=ORIENTED_EDGE('',*,*,#8252,.F.);
#3860=ORIENTED_EDGE('',*,*,#8261,.F.);
#3861=CARTESIAN_POINT('',(7.99999999997547,7.39997129425708,10.799999998227));
#3862=DIRECTION('',(1.0,-9.89511985216443E-14,-1.02456092606013E-16));
#3863=DIRECTION('',(-9.89511985216155E-14,-1.0,2.81008670185515E-10));
#3864=ORIENTED_EDGE('',*,*,#8239,.T.);
#3865=ORIENTED_EDGE('',*,*,#8235,.T.);
#3866=ORIENTED_EDGE('',*,*,#8228,.T.);
#3867=ORIENTED_EDGE('',*,*,#8237,.T.);
#3868=CARTESIAN_POINT('',(7.99999999997559,8.69999999998387,-0.0750000021383691));
#3869=DIRECTION('',(-9.89346745847621E-14,-1.0,2.81008197079112E-10));
#3870=DIRECTION('',(-0.999999938023161,-4.31162076790997E-20,-0.000352070553804729));
#3871=ORIENTED_EDGE('',*,*,#8264,.F.);
#3872=ORIENTED_EDGE('',*,*,#8265,.F.);
#3873=ORIENTED_EDGE('',*,*,#8266,.F.);
#3874=ORIENTED_EDGE('',*,*,#8267,.F.);
#3875=ORIENTED_EDGE('',*,*,#8206,.F.);
#3876=ORIENTED_EDGE('',*,*,#8268,.F.);
#3877=CARTESIAN_POINT('',(4.39999999997504,3.0499999999491,-0.200000000550664));
#3878=DIRECTION('',(1.02456120412111E-16,2.81008197079112E-10,1.0));
#3879=DIRECTION('',(1.0,-9.82809644513805E-14,-1.02456092794354E-16));
#3880=ORIENTED_EDGE('',*,*,#8200,.F.);
#3881=ORIENTED_EDGE('',*,*,#8269,.F.);
#3882=ORIENTED_EDGE('',*,*,#8270,.F.);
#3883=ORIENTED_EDGE('',*,*,#8271,.F.);
#3884=ORIENTED_EDGE('',*,*,#8272,.F.);
#3885=ORIENTED_EDGE('',*,*,#8273,.F.);
#3886=CARTESIAN_POINT('',(3.59999999997503,3.04999999994917,-0.200000000550663));
#3887=DIRECTION('',(1.02456120412111E-16,2.81008197079112E-10,1.0));
#3888=DIRECTION('',(1.0,-9.82809644513805E-14,-1.02456092794354E-16));
#3889=ORIENTED_EDGE('',*,*,#8201,.T.);
#3890=ORIENTED_EDGE('',*,*,#8273,.T.);
#3891=ORIENTED_EDGE('',*,*,#8274,.F.);
#3892=CARTESIAN_POINT('',(4.24999999997503,3.05000000006152,0.199999999449337));
#3893=DIRECTION('',(9.82809644513517E-14,1.0,-2.81008197079112E-10));
#3894=DIRECTION('',(-1.0,9.82809644513517E-14,-1.20359468532463E-29));
#3895=ORIENTED_EDGE('',*,*,#8202,.F.);
#3896=ORIENTED_EDGE('',*,*,#8274,.T.);
#3897=ORIENTED_EDGE('',*,*,#8275,.F.);
#3898=ORIENTED_EDGE('',*,*,#8253,.F.);
#3899=ORIENTED_EDGE('',*,*,#8263,.F.);
#3900=CARTESIAN_POINT('',(3.7499999999755,7.84999999996321,-0.150000001899503));
#3901=DIRECTION('',(-0.707106781186548,-1.98633306587221E-10,-0.707106781186548));
#3902=DIRECTION('',(2.8090979364998E-10,-1.0,1.22464679924401E-16));
#3903=ORIENTED_EDGE('',*,*,#8268,.T.);
#3904=ORIENTED_EDGE('',*,*,#8205,.T.);
#3905=ORIENTED_EDGE('',*,*,#8276,.F.);
#3906=CARTESIAN_POINT('',(4.24999999997503,3.05000000006152,0.199999999449337));
#3907=DIRECTION('',(9.82809644513517E-14,1.0,-2.81008197079112E-10));
#3908=DIRECTION('',(-1.0,9.82809644513517E-14,-1.20359468532463E-29));
#3909=ORIENTED_EDGE('',*,*,#8277,.F.);
#3910=ORIENTED_EDGE('',*,*,#8276,.T.);
#3911=ORIENTED_EDGE('',*,*,#8204,.F.);
#3912=ORIENTED_EDGE('',*,*,#8262,.F.);
#3913=ORIENTED_EDGE('',*,*,#8248,.F.);
#3914=CARTESIAN_POINT('',(4.1999999999755,7.84999999994912,-0.200000001899503));
#3915=DIRECTION('',(0.707106781186548,-1.98772296860071E-10,-0.707106781186547));
#3916=DIRECTION('',(0.0,1.0,-2.81106478043563E-10));
#3917=ORIENTED_EDGE('',*,*,#8265,.T.);
#3918=ORIENTED_EDGE('',*,*,#8278,.F.);
#3919=ORIENTED_EDGE('',*,*,#8279,.T.);
#3920=CARTESIAN_POINT('',(4.24999999997503,3.05000000006152,0.199999999449337));
#3921=DIRECTION('',(9.82809644513517E-14,1.0,-2.81008197079112E-10));
#3922=DIRECTION('',(-1.0,9.82809644513517E-14,-1.20359468532463E-29));
#3923=ORIENTED_EDGE('',*,*,#8280,.F.);
#3924=ORIENTED_EDGE('',*,*,#8278,.T.);
#3925=ORIENTED_EDGE('',*,*,#8281,.F.);
#3926=ORIENTED_EDGE('',*,*,#8246,.F.);
#3927=ORIENTED_EDGE('',*,*,#8259,.F.);
#3928=CARTESIAN_POINT('',(4.24999999997551,7.85000000004747,0.149999998100497));
#3929=DIRECTION('',(0.707106781186548,1.9863330658722E-10,0.707106781186548));
#3930=DIRECTION('',(-1.87169606528732E-26,1.0,-2.8090991611466E-10));
#3931=ORIENTED_EDGE('',*,*,#8282,.F.);
#3932=ORIENTED_EDGE('',*,*,#8271,.T.);
#3933=ORIENTED_EDGE('',*,*,#8283,.T.);
#3934=CARTESIAN_POINT('',(4.24999999997503,3.05000000006152,0.199999999449337));
#3935=DIRECTION('',(9.82809644513517E-14,1.0,-2.81008197079112E-10));
#3936=DIRECTION('',(-1.0,9.82809644513517E-14,-1.20359468532463E-29));
#3937=ORIENTED_EDGE('',*,*,#8284,.F.);
#3938=ORIENTED_EDGE('',*,*,#8282,.T.);
#3939=ORIENTED_EDGE('',*,*,#8285,.F.);
#3940=ORIENTED_EDGE('',*,*,#8257,.F.);
#3941=ORIENTED_EDGE('',*,*,#8255,.F.);
#3942=CARTESIAN_POINT('',(3.79999999997551,7.85000000006156,0.199999998100497));
#3943=DIRECTION('',(-0.707106781186548,1.98772296860071E-10,0.707106781186547));
#3944=DIRECTION('',(-0.707106781186547,-8.65956056122505E-17,-0.707106781186548));
#3945=ORIENTED_EDGE('',*,*,#8286,.F.);
#3946=ORIENTED_EDGE('',*,*,#8197,.F.);
#3947=ORIENTED_EDGE('',*,*,#8225,.T.);
#3948=ORIENTED_EDGE('',*,*,#8210,.T.);
#3949=CARTESIAN_POINT('',(3.74999999997502,2.89999999994916,-0.200000000508512));
#3950=DIRECTION('',(1.0,-9.82809644513805E-14,-1.02456092794354E-16));
#3951=DIRECTION('',(-9.82809644513805E-14,-1.0,1.22464679914735E-16));
#3952=ORIENTED_EDGE('',*,*,#8207,.F.);
#3953=ORIENTED_EDGE('',*,*,#8267,.T.);
#3954=ORIENTED_EDGE('',*,*,#8287,.T.);
#3955=ORIENTED_EDGE('',*,*,#8216,.F.);
#3956=CARTESIAN_POINT('',(4.24999999997502,2.89999999994911,-0.200000000508512));
#3957=DIRECTION('',(-9.82809644513517E-14,-1.0,2.81008197079112E-10));
#3958=DIRECTION('',(-0.999999938839478,-4.28313177153352E-20,-0.000349744250499872));
#3959=ORIENTED_EDGE('',*,*,#8288,.T.);
#3960=ORIENTED_EDGE('',*,*,#8269,.T.);
#3961=ORIENTED_EDGE('',*,*,#8199,.F.);
#3962=ORIENTED_EDGE('',*,*,#8192,.T.);
#3963=CARTESIAN_POINT('',(4.24999999997502,2.89999999994911,-0.200000000508512));
#3964=DIRECTION('',(-9.82809644513517E-14,-1.0,2.81008197079112E-10));
#3965=DIRECTION('',(-0.999999938839478,-4.28313177153352E-20,-0.000349744250499872));
#3966=ORIENTED_EDGE('',*,*,#8289,.F.);
#3967=ORIENTED_EDGE('',*,*,#8217,.T.);
#3968=ORIENTED_EDGE('',*,*,#8287,.F.);
#3969=ORIENTED_EDGE('',*,*,#8266,.T.);
#3970=ORIENTED_EDGE('',*,*,#8279,.F.);
#3971=ORIENTED_EDGE('',*,*,#8280,.T.);
#3972=ORIENTED_EDGE('',*,*,#8258,.T.);
#3973=ORIENTED_EDGE('',*,*,#8285,.T.);
#3974=ORIENTED_EDGE('',*,*,#8283,.F.);
#3975=ORIENTED_EDGE('',*,*,#8270,.T.);
#3976=ORIENTED_EDGE('',*,*,#8288,.F.);
#3977=ORIENTED_EDGE('',*,*,#8191,.T.);
#3978=CARTESIAN_POINT('',(4.24999999997507,3.40000000006151,0.199999999350984));
#3979=DIRECTION('',(1.0245612041211E-16,2.81008197079112E-10,1.0));
#3980=DIRECTION('',(-5.42398185230694E-42,1.0,-2.81008197079112E-10));
#3981=ORIENTED_EDGE('',*,*,#8281,.T.);
#3982=ORIENTED_EDGE('',*,*,#8264,.T.);
#3983=ORIENTED_EDGE('',*,*,#8277,.T.);
#3984=ORIENTED_EDGE('',*,*,#8247,.F.);
#3985=CARTESIAN_POINT('',(4.24999999997507,3.39999999994911,-0.200000000649016));
#3986=DIRECTION('',(-1.0,9.82809644513805E-14,1.02456092794354E-16));
#3987=DIRECTION('',(-9.82809644513805E-14,-1.0,1.22464679914735E-16));
#3988=ORIENTED_EDGE('',*,*,#8275,.T.);
#3989=ORIENTED_EDGE('',*,*,#8272,.T.);
#3990=ORIENTED_EDGE('',*,*,#8284,.T.);
#3991=ORIENTED_EDGE('',*,*,#8254,.T.);
#3992=CARTESIAN_POINT('',(3.74999999997502,2.89999999994916,-0.200000000508512));
#3993=DIRECTION('',(1.0,-9.82809644513805E-14,-1.02456092794354E-16));
#3994=DIRECTION('',(-9.82809644513805E-14,-1.0,1.22464679914735E-16));
#3995=ORIENTED_EDGE('',*,*,#8290,.F.);
#3996=ORIENTED_EDGE('',*,*,#8291,.F.);
#3997=ORIENTED_EDGE('',*,*,#8292,.F.);
#3998=ORIENTED_EDGE('',*,*,#8293,.T.);
#3999=CARTESIAN_POINT('',(1.24999999997502,2.89999999994921,-0.200000000508512));
#4000=DIRECTION('',(-0.997054485501574,0.0766964988848353,-2.15522427195732E-11));
#4001=DIRECTION('',(-0.0766964988848353,-0.997054485501574,1.22103958424195E-16));
#4002=ORIENTED_EDGE('',*,*,#8294,.F.);
#4003=ORIENTED_EDGE('',*,*,#8295,.T.);
#4004=ORIENTED_EDGE('',*,*,#8296,.T.);
#4005=ORIENTED_EDGE('',*,*,#8297,.T.);
#4006=CARTESIAN_POINT('',(2.24999999997507,3.39999999994911,-0.200000000649016));
#4007=DIRECTION('',(1.0245612041211E-16,2.81008197079112E-10,1.0));
#4008=DIRECTION('',(-5.42398185230694E-42,1.0,-2.81008197079112E-10));
#4009=ORIENTED_EDGE('',*,*,#8298,.F.);
#4010=ORIENTED_EDGE('',*,*,#8293,.F.);
#4011=ORIENTED_EDGE('',*,*,#8299,.T.);
#4012=ORIENTED_EDGE('',*,*,#8300,.T.);
#4013=ORIENTED_EDGE('',*,*,#8301,.F.);
#4014=ORIENTED_EDGE('',*,*,#8302,.T.);
#4015=ORIENTED_EDGE('',*,*,#8303,.F.);
#4016=ORIENTED_EDGE('',*,*,#8304,.T.);
#4017=ORIENTED_EDGE('',*,*,#8305,.F.);
#4018=ORIENTED_EDGE('',*,*,#8306,.T.);
#4019=ORIENTED_EDGE('',*,*,#8307,.T.);
#4020=ORIENTED_EDGE('',*,*,#8308,.F.);
#4021=CARTESIAN_POINT('',(2.24999999997507,3.39999999994911,-0.200000000649016));
#4022=DIRECTION('',(1.0245612041211E-16,2.81008197079112E-10,1.0));
#4023=DIRECTION('',(-5.42398185230694E-42,1.0,-2.81008197079112E-10));
#4024=ORIENTED_EDGE('',*,*,#8309,.F.);
#4025=ORIENTED_EDGE('',*,*,#8310,.F.);
#4026=ORIENTED_EDGE('',*,*,#8311,.T.);
#4027=ORIENTED_EDGE('',*,*,#8312,.F.);
#4028=CARTESIAN_POINT('',(2.24999999997507,3.40000000006151,0.199999999350984));
#4029=DIRECTION('',(1.0245612041211E-16,2.81008197079112E-10,1.0));
#4030=DIRECTION('',(-5.42398185230694E-42,1.0,-2.81008197079112E-10));
#4031=ORIENTED_EDGE('',*,*,#8313,.F.);
#4032=ORIENTED_EDGE('',*,*,#8312,.T.);
#4033=ORIENTED_EDGE('',*,*,#8314,.T.);
#4034=ORIENTED_EDGE('',*,*,#8295,.F.);
#4035=CARTESIAN_POINT('',(2.24999999997507,3.39999999994911,-0.200000000649016));
#4036=DIRECTION('',(-1.0,9.82809644513805E-14,1.02456092794354E-16));
#4037=DIRECTION('',(-9.82809644513805E-14,-1.0,1.22464679914735E-16));
#4038=ORIENTED_EDGE('',*,*,#8315,.F.);
#4039=ORIENTED_EDGE('',*,*,#8308,.T.);
#4040=ORIENTED_EDGE('',*,*,#8316,.T.);
#4041=ORIENTED_EDGE('',*,*,#8317,.F.);
#4042=CARTESIAN_POINT('',(2.79999999997495,2.24999999994906,-0.200000000325856));
#4043=DIRECTION('',(0.997054485501589,0.0766964988846391,-2.1552447028187E-11));
#4044=DIRECTION('',(0.0,2.81009529008677E-10,1.0));
#4045=ORIENTED_EDGE('',*,*,#8318,.F.);
#4046=ORIENTED_EDGE('',*,*,#8296,.F.);
#4047=ORIENTED_EDGE('',*,*,#8319,.F.);
#4048=ORIENTED_EDGE('',*,*,#8320,.F.);
#4049=CARTESIAN_POINT('',(1.7499999999744,-3.42000000002976,-0.124999998732541));
#4050=DIRECTION('',(1.55883652278096E-14,0.157580761415282,0.987506103085839));
#4051=DIRECTION('',(0.0,0.987506103085839,-0.157580761415282));
#4052=ORIENTED_EDGE('',*,*,#8321,.F.);
#4053=ORIENTED_EDGE('',*,*,#8322,.F.);
#4054=ORIENTED_EDGE('',*,*,#8323,.F.);
#4055=ORIENTED_EDGE('',*,*,#8311,.F.);
#4056=CARTESIAN_POINT('',(1.74999999997444,-2.94999999993844,0.200000001135386));
#4057=DIRECTION('',(-1.53860131393896E-14,-0.157580760860288,0.987506103174402));
#4058=DIRECTION('',(-1.0,-1.90808256093024E-30,-1.55806765041049E-14));
#4059=ORIENTED_EDGE('',*,*,#8324,.F.);
#4060=ORIENTED_EDGE('',*,*,#8319,.T.);
#4061=ORIENTED_EDGE('',*,*,#8314,.F.);
#4062=ORIENTED_EDGE('',*,*,#8323,.T.);
#4063=CARTESIAN_POINT('',(2.24999999997444,-2.94999999993848,0.200000001135386));
#4064=DIRECTION('',(-0.966405365196465,0.2570227035098,-7.22253875075434E-11));
#4065=DIRECTION('',(-0.2570227035098,-0.966405365196465,1.18350523714615E-16));
#4066=ORIENTED_EDGE('',*,*,#8325,.F.);
#4067=ORIENTED_EDGE('',*,*,#8318,.T.);
#4068=ORIENTED_EDGE('',*,*,#8326,.F.);
#4069=ORIENTED_EDGE('',*,*,#8321,.T.);
#4070=CARTESIAN_POINT('',(1.8749999999744,-3.41999999993844,0.200000001267459));
#4071=DIRECTION('',(0.966405365196516,0.25702270350961,-7.22255855357791E-11));
#4072=DIRECTION('',(1.27902685113246E-26,2.81008582314125E-10,1.0));
#4073=ORIENTED_EDGE('',*,*,#8326,.T.);
#4074=ORIENTED_EDGE('',*,*,#8320,.T.);
#4075=ORIENTED_EDGE('',*,*,#8324,.T.);
#4076=ORIENTED_EDGE('',*,*,#8322,.T.);
#4077=CARTESIAN_POINT('',(1.7499999999744,-3.41999999993843,0.200000001267459));
#4078=DIRECTION('',(9.82809644513517E-14,1.0,-2.81008197079112E-10));
#4079=DIRECTION('',(-1.0,9.82809644513517E-14,-1.20359468532463E-29));
#4080=ORIENTED_EDGE('',*,*,#8327,.T.);
#4081=ORIENTED_EDGE('',*,*,#8328,.F.);
#4082=ORIENTED_EDGE('',*,*,#8329,.T.);
#4083=ORIENTED_EDGE('',*,*,#8330,.F.);
#4084=ORIENTED_EDGE('',*,*,#8331,.F.);
#4085=ORIENTED_EDGE('',*,*,#8332,.F.);
#4086=CARTESIAN_POINT('',(1.94042078948729,8.65000000028635,0.999999997875682));
#4087=DIRECTION('',(1.0245612041211E-16,2.81008197079112E-10,1.0));
#4088=DIRECTION('',(9.93651666238372E-14,1.0,-2.81008197079112E-10));
#4089=ORIENTED_EDGE('',*,*,#8333,.T.);
#4090=ORIENTED_EDGE('',*,*,#8334,.F.);
#4091=ORIENTED_EDGE('',*,*,#8329,.F.);
#4092=ORIENTED_EDGE('',*,*,#8335,.F.);
#4093=CARTESIAN_POINT('',(5.99999999997558,8.64999999999378,-0.0397227540222649));
#4094=DIRECTION('',(1.0,-9.82809644513805E-14,-1.02456092794354E-16));
#4095=DIRECTION('',(-9.82809644513517E-14,-1.0,2.81008739180199E-10));
#4096=ORIENTED_EDGE('',*,*,#8336,.T.);
#4097=ORIENTED_EDGE('',*,*,#8337,.F.);
#4098=ORIENTED_EDGE('',*,*,#8327,.F.);
#4099=ORIENTED_EDGE('',*,*,#8338,.F.);
#4100=CARTESIAN_POINT('',(5.99999999997558,8.65000000001611,0.0397227497736282));
#4101=DIRECTION('',(1.0,-9.82809644513805E-14,-1.02456092794354E-16));
#4102=DIRECTION('',(-9.82809644513517E-14,-1.0,2.81008739180199E-10));
#4103=ORIENTED_EDGE('',*,*,#8333,.F.);
#4104=ORIENTED_EDGE('',*,*,#8339,.F.);
#4105=ORIENTED_EDGE('',*,*,#8336,.F.);
#4106=ORIENTED_EDGE('',*,*,#8340,.F.);
#4107=ORIENTED_EDGE('',*,*,#8341,.F.);
#4108=ORIENTED_EDGE('',*,*,#8342,.F.);
#4109=CARTESIAN_POINT('',(2.05957921046388,8.64999999998426,-0.0750000021243182));
#4110=DIRECTION('',(1.0245612041211E-16,2.81008197079112E-10,1.0));
#4111=DIRECTION('',(9.88230655375944E-14,1.0,-2.81008197079112E-10));
#4112=ORIENTED_EDGE('',*,*,#8343,.F.);
#4113=ORIENTED_EDGE('',*,*,#8341,.T.);
#4114=ORIENTED_EDGE('',*,*,#8344,.F.);
#4115=ORIENTED_EDGE('',*,*,#8345,.F.);
#4116=ORIENTED_EDGE('',*,*,#8346,.T.);
#4117=ORIENTED_EDGE('',*,*,#8347,.T.);
#4118=ORIENTED_EDGE('',*,*,#8348,.T.);
#4119=ORIENTED_EDGE('',*,*,#8349,.F.);
#4120=CARTESIAN_POINT('',(2.24999999997552,8.00000000028632,0.999999998058346));
#4121=DIRECTION('',(-0.97780241407743,-0.209529088730779,5.88794916417073E-11));
#4122=DIRECTION('',(-6.02161184448988E-11,-1.22464679910576E-16,-1.0));
#4123=ORIENTED_EDGE('',*,*,#8350,.T.);
#4124=ORIENTED_EDGE('',*,*,#8331,.T.);
#4125=ORIENTED_EDGE('',*,*,#8351,.T.);
#4126=ORIENTED_EDGE('',*,*,#8352,.T.);
#4127=ORIENTED_EDGE('',*,*,#8353,.T.);
#4128=ORIENTED_EDGE('',*,*,#8354,.F.);
#4129=ORIENTED_EDGE('',*,*,#8355,.T.);
#4130=ORIENTED_EDGE('',*,*,#8356,.T.);
#4131=CARTESIAN_POINT('',(1.74999999997552,8.00000000028637,0.999999998058337));
#4132=DIRECTION('',(0.977802414077388,-0.209529088730973,5.88792912780782E-11));
#4133=DIRECTION('',(-6.4705535986589E-27,2.8100771895055E-10,1.0));
#4134=ORIENTED_EDGE('',*,*,#8356,.F.);
#4135=ORIENTED_EDGE('',*,*,#8357,.T.);
#4136=ORIENTED_EDGE('',*,*,#8358,.F.);
#4137=ORIENTED_EDGE('',*,*,#8359,.T.);
#4138=ORIENTED_EDGE('',*,*,#8345,.T.);
#4139=ORIENTED_EDGE('',*,*,#8360,.T.);
#4140=CARTESIAN_POINT('',(5.99999999997546,7.39997128818731,-10.800000001773));
#4141=DIRECTION('',(1.0,-9.89511985216443E-14,-1.02456092606013E-16));
#4142=DIRECTION('',(-9.89511985216155E-14,-1.0,2.81008670185515E-10));
#4143=ORIENTED_EDGE('',*,*,#8338,.T.);
#4144=ORIENTED_EDGE('',*,*,#8332,.T.);
#4145=ORIENTED_EDGE('',*,*,#8350,.F.);
#4146=ORIENTED_EDGE('',*,*,#8360,.F.);
#4147=ORIENTED_EDGE('',*,*,#8344,.T.);
#4148=ORIENTED_EDGE('',*,*,#8340,.T.);
#4149=CARTESIAN_POINT('',(5.99999999997554,8.18033088275887,-1.33210483425245));
#4150=DIRECTION('',(1.0,-9.88592056100394E-14,-1.02456092631863E-16));
#4151=DIRECTION('',(-9.88592056100106E-14,-1.0,2.81008630759981E-10));
#4152=ORIENTED_EDGE('',*,*,#8351,.F.);
#4153=ORIENTED_EDGE('',*,*,#8330,.T.);
#4154=ORIENTED_EDGE('',*,*,#8334,.T.);
#4155=ORIENTED_EDGE('',*,*,#8342,.T.);
#4156=ORIENTED_EDGE('',*,*,#8343,.T.);
#4157=ORIENTED_EDGE('',*,*,#8361,.T.);
#4158=CARTESIAN_POINT('',(5.99999999997554,8.18033088350754,1.33210483026777));
#4159=DIRECTION('',(1.0,-9.88592056100394E-14,-1.02456092631863E-16));
#4160=DIRECTION('',(-9.88592056100106E-14,-1.0,2.81008630759981E-10));
#4161=ORIENTED_EDGE('',*,*,#8349,.T.);
#4162=ORIENTED_EDGE('',*,*,#8362,.T.);
#4163=ORIENTED_EDGE('',*,*,#8303,.T.);
#4164=ORIENTED_EDGE('',*,*,#8363,.T.);
#4165=ORIENTED_EDGE('',*,*,#8352,.F.);
#4166=ORIENTED_EDGE('',*,*,#8361,.F.);
#4167=CARTESIAN_POINT('',(5.99999999997547,7.39997129425708,10.799999998227));
#4168=DIRECTION('',(1.0,-9.89511985216443E-14,-1.02456092606013E-16));
#4169=DIRECTION('',(-9.89511985216155E-14,-1.0,2.81008670185515E-10));
#4170=ORIENTED_EDGE('',*,*,#8339,.T.);
#4171=ORIENTED_EDGE('',*,*,#8335,.T.);
#4172=ORIENTED_EDGE('',*,*,#8328,.T.);
#4173=ORIENTED_EDGE('',*,*,#8337,.T.);
#4174=CARTESIAN_POINT('',(5.99999999997559,8.69999999998387,-0.0750000021383691));
#4175=DIRECTION('',(-9.89346745847621E-14,-1.0,2.81008197079112E-10));
#4176=DIRECTION('',(-0.999999938023161,-4.31162076790997E-20,-0.000352070553804729));
#4177=ORIENTED_EDGE('',*,*,#8364,.F.);
#4178=ORIENTED_EDGE('',*,*,#8365,.F.);
#4179=ORIENTED_EDGE('',*,*,#8366,.F.);
#4180=ORIENTED_EDGE('',*,*,#8367,.F.);
#4181=ORIENTED_EDGE('',*,*,#8306,.F.);
#4182=ORIENTED_EDGE('',*,*,#8368,.F.);
#4183=CARTESIAN_POINT('',(2.39999999997503,3.0499999999491,-0.200000000550664));
#4184=DIRECTION('',(1.02456120412111E-16,2.81008197079112E-10,1.0));
#4185=DIRECTION('',(1.0,-9.82809644513805E-14,-1.02456092794354E-16));
#4186=ORIENTED_EDGE('',*,*,#8300,.F.);
#4187=ORIENTED_EDGE('',*,*,#8369,.F.);
#4188=ORIENTED_EDGE('',*,*,#8370,.F.);
#4189=ORIENTED_EDGE('',*,*,#8371,.F.);
#4190=ORIENTED_EDGE('',*,*,#8372,.F.);
#4191=ORIENTED_EDGE('',*,*,#8373,.F.);
#4192=CARTESIAN_POINT('',(1.59999999997503,3.04999999994917,-0.200000000550663));
#4193=DIRECTION('',(1.02456120412111E-16,2.81008197079112E-10,1.0));
#4194=DIRECTION('',(1.0,-9.82809644513805E-14,-1.02456092794354E-16));
#4195=ORIENTED_EDGE('',*,*,#8301,.T.);
#4196=ORIENTED_EDGE('',*,*,#8373,.T.);
#4197=ORIENTED_EDGE('',*,*,#8374,.F.);
#4198=CARTESIAN_POINT('',(2.24999999997503,3.05000000006152,0.199999999449337));
#4199=DIRECTION('',(9.82809644513517E-14,1.0,-2.81008197079112E-10));
#4200=DIRECTION('',(-1.0,9.82809644513517E-14,-1.20359468532463E-29));
#4201=ORIENTED_EDGE('',*,*,#8302,.F.);
#4202=ORIENTED_EDGE('',*,*,#8374,.T.);
#4203=ORIENTED_EDGE('',*,*,#8375,.F.);
#4204=ORIENTED_EDGE('',*,*,#8353,.F.);
#4205=ORIENTED_EDGE('',*,*,#8363,.F.);
#4206=CARTESIAN_POINT('',(1.7499999999755,7.84999999996321,-0.150000001899503));
#4207=DIRECTION('',(-0.707106781186548,-1.98633306587221E-10,-0.707106781186548));
#4208=DIRECTION('',(2.8090979364998E-10,-1.0,1.22464679924401E-16));
#4209=ORIENTED_EDGE('',*,*,#8368,.T.);
#4210=ORIENTED_EDGE('',*,*,#8305,.T.);
#4211=ORIENTED_EDGE('',*,*,#8376,.F.);
#4212=CARTESIAN_POINT('',(2.24999999997503,3.05000000006152,0.199999999449337));
#4213=DIRECTION('',(9.82809644513517E-14,1.0,-2.81008197079112E-10));
#4214=DIRECTION('',(-1.0,9.82809644513517E-14,-1.20359468532463E-29));
#4215=ORIENTED_EDGE('',*,*,#8377,.F.);
#4216=ORIENTED_EDGE('',*,*,#8376,.T.);
#4217=ORIENTED_EDGE('',*,*,#8304,.F.);
#4218=ORIENTED_EDGE('',*,*,#8362,.F.);
#4219=ORIENTED_EDGE('',*,*,#8348,.F.);
#4220=CARTESIAN_POINT('',(2.1999999999755,7.84999999994912,-0.200000001899503));
#4221=DIRECTION('',(0.707106781186548,-1.98772296860071E-10,-0.707106781186547));
#4222=DIRECTION('',(0.0,1.0,-2.81106478043563E-10));
#4223=ORIENTED_EDGE('',*,*,#8365,.T.);
#4224=ORIENTED_EDGE('',*,*,#8378,.F.);
#4225=ORIENTED_EDGE('',*,*,#8379,.T.);
#4226=CARTESIAN_POINT('',(2.24999999997503,3.05000000006152,0.199999999449337));
#4227=DIRECTION('',(9.82809644513517E-14,1.0,-2.81008197079112E-10));
#4228=DIRECTION('',(-1.0,9.82809644513517E-14,-1.20359468532463E-29));
#4229=ORIENTED_EDGE('',*,*,#8380,.F.);
#4230=ORIENTED_EDGE('',*,*,#8378,.T.);
#4231=ORIENTED_EDGE('',*,*,#8381,.F.);
#4232=ORIENTED_EDGE('',*,*,#8346,.F.);
#4233=ORIENTED_EDGE('',*,*,#8359,.F.);
#4234=CARTESIAN_POINT('',(2.24999999997551,7.85000000004747,0.149999998100497));
#4235=DIRECTION('',(0.707106781186548,1.9863330658722E-10,0.707106781186548));
#4236=DIRECTION('',(-1.87169606528732E-26,1.0,-2.8090991611466E-10));
#4237=ORIENTED_EDGE('',*,*,#8382,.F.);
#4238=ORIENTED_EDGE('',*,*,#8371,.T.);
#4239=ORIENTED_EDGE('',*,*,#8383,.T.);
#4240=CARTESIAN_POINT('',(2.24999999997503,3.05000000006152,0.199999999449337));
#4241=DIRECTION('',(9.82809644513517E-14,1.0,-2.81008197079112E-10));
#4242=DIRECTION('',(-1.0,9.82809644513517E-14,-1.20359468532463E-29));
#4243=ORIENTED_EDGE('',*,*,#8384,.F.);
#4244=ORIENTED_EDGE('',*,*,#8382,.T.);
#4245=ORIENTED_EDGE('',*,*,#8385,.F.);
#4246=ORIENTED_EDGE('',*,*,#8357,.F.);
#4247=ORIENTED_EDGE('',*,*,#8355,.F.);
#4248=CARTESIAN_POINT('',(1.79999999997551,7.85000000006156,0.199999998100497));
#4249=DIRECTION('',(-0.707106781186548,1.98772296860071E-10,0.707106781186547));
#4250=DIRECTION('',(-0.707106781186547,-8.65956056122505E-17,-0.707106781186548));
#4251=ORIENTED_EDGE('',*,*,#8386,.F.);
#4252=ORIENTED_EDGE('',*,*,#8297,.F.);
#4253=ORIENTED_EDGE('',*,*,#8325,.T.);
#4254=ORIENTED_EDGE('',*,*,#8310,.T.);
#4255=CARTESIAN_POINT('',(1.74999999997502,2.89999999994916,-0.200000000508512));
#4256=DIRECTION('',(1.0,-9.82809644513805E-14,-1.02456092794354E-16));
#4257=DIRECTION('',(-9.82809644513805E-14,-1.0,1.22464679914735E-16));
#4258=ORIENTED_EDGE('',*,*,#8307,.F.);
#4259=ORIENTED_EDGE('',*,*,#8367,.T.);
#4260=ORIENTED_EDGE('',*,*,#8387,.T.);
#4261=ORIENTED_EDGE('',*,*,#8316,.F.);
#4262=CARTESIAN_POINT('',(2.24999999997502,2.89999999994911,-0.200000000508512));
#4263=DIRECTION('',(-9.82809644513517E-14,-1.0,2.81008197079112E-10));
#4264=DIRECTION('',(-0.999999938839478,-4.28313177153352E-20,-0.000349744250499872));
#4265=ORIENTED_EDGE('',*,*,#8388,.T.);
#4266=ORIENTED_EDGE('',*,*,#8369,.T.);
#4267=ORIENTED_EDGE('',*,*,#8299,.F.);
#4268=ORIENTED_EDGE('',*,*,#8292,.T.);
#4269=CARTESIAN_POINT('',(2.24999999997502,2.89999999994911,-0.200000000508512));
#4270=DIRECTION('',(-9.82809644513517E-14,-1.0,2.81008197079112E-10));
#4271=DIRECTION('',(-0.999999938839478,-4.28313177153352E-20,-0.000349744250499872));
#4272=ORIENTED_EDGE('',*,*,#8389,.F.);
#4273=ORIENTED_EDGE('',*,*,#8317,.T.);
#4274=ORIENTED_EDGE('',*,*,#8387,.F.);
#4275=ORIENTED_EDGE('',*,*,#8366,.T.);
#4276=ORIENTED_EDGE('',*,*,#8379,.F.);
#4277=ORIENTED_EDGE('',*,*,#8380,.T.);
#4278=ORIENTED_EDGE('',*,*,#8358,.T.);
#4279=ORIENTED_EDGE('',*,*,#8385,.T.);
#4280=ORIENTED_EDGE('',*,*,#8383,.F.);
#4281=ORIENTED_EDGE('',*,*,#8370,.T.);
#4282=ORIENTED_EDGE('',*,*,#8388,.F.);
#4283=ORIENTED_EDGE('',*,*,#8291,.T.);
#4284=CARTESIAN_POINT('',(2.24999999997507,3.40000000006151,0.199999999350984));
#4285=DIRECTION('',(1.0245612041211E-16,2.81008197079112E-10,1.0));
#4286=DIRECTION('',(-5.42398185230694E-42,1.0,-2.81008197079112E-10));
#4287=ORIENTED_EDGE('',*,*,#8381,.T.);
#4288=ORIENTED_EDGE('',*,*,#8364,.T.);
#4289=ORIENTED_EDGE('',*,*,#8377,.T.);
#4290=ORIENTED_EDGE('',*,*,#8347,.F.);
#4291=CARTESIAN_POINT('',(2.24999999997507,3.39999999994911,-0.200000000649016));
#4292=DIRECTION('',(-1.0,9.82809644513805E-14,1.02456092794354E-16));
#4293=DIRECTION('',(-9.82809644513805E-14,-1.0,1.22464679914735E-16));
#4294=ORIENTED_EDGE('',*,*,#8375,.T.);
#4295=ORIENTED_EDGE('',*,*,#8372,.T.);
#4296=ORIENTED_EDGE('',*,*,#8384,.T.);
#4297=ORIENTED_EDGE('',*,*,#8354,.T.);
#4298=CARTESIAN_POINT('',(1.74999999997502,2.89999999994916,-0.200000000508512));
#4299=DIRECTION('',(1.0,-9.82809644513805E-14,-1.02456092794354E-16));
#4300=DIRECTION('',(-9.82809644513805E-14,-1.0,1.22464679914735E-16));
#4301=ORIENTED_EDGE('',*,*,#8390,.F.);
#4302=ORIENTED_EDGE('',*,*,#8391,.F.);
#4303=ORIENTED_EDGE('',*,*,#8392,.F.);
#4304=ORIENTED_EDGE('',*,*,#8393,.T.);
#4305=CARTESIAN_POINT('',(-0.750000000024981,2.89999999994921,-0.200000000508512));
#4306=DIRECTION('',(-0.997054485501574,0.0766964988848353,-2.15522427195732E-11));
#4307=DIRECTION('',(-0.0766964988848353,-0.997054485501574,1.22103958424195E-16));
#4308=ORIENTED_EDGE('',*,*,#8394,.F.);
#4309=ORIENTED_EDGE('',*,*,#8395,.T.);
#4310=ORIENTED_EDGE('',*,*,#8396,.T.);
#4311=ORIENTED_EDGE('',*,*,#8397,.T.);
#4312=CARTESIAN_POINT('',(0.249999999975069,3.39999999994911,-0.200000000649016));
#4313=DIRECTION('',(1.0245612041211E-16,2.81008197079112E-10,1.0));
#4314=DIRECTION('',(-5.42398185230694E-42,1.0,-2.81008197079112E-10));
#4315=ORIENTED_EDGE('',*,*,#8398,.F.);
#4316=ORIENTED_EDGE('',*,*,#8393,.F.);
#4317=ORIENTED_EDGE('',*,*,#8399,.T.);
#4318=ORIENTED_EDGE('',*,*,#8400,.T.);
#4319=ORIENTED_EDGE('',*,*,#8401,.F.);
#4320=ORIENTED_EDGE('',*,*,#8402,.T.);
#4321=ORIENTED_EDGE('',*,*,#8403,.F.);
#4322=ORIENTED_EDGE('',*,*,#8404,.T.);
#4323=ORIENTED_EDGE('',*,*,#8405,.F.);
#4324=ORIENTED_EDGE('',*,*,#8406,.T.);
#4325=ORIENTED_EDGE('',*,*,#8407,.T.);
#4326=ORIENTED_EDGE('',*,*,#8408,.F.);
#4327=CARTESIAN_POINT('',(0.249999999975069,3.39999999994911,-0.200000000649016));
#4328=DIRECTION('',(1.0245612041211E-16,2.81008197079112E-10,1.0));
#4329=DIRECTION('',(-5.42398185230694E-42,1.0,-2.81008197079112E-10));
#4330=ORIENTED_EDGE('',*,*,#8409,.F.);
#4331=ORIENTED_EDGE('',*,*,#8410,.F.);
#4332=ORIENTED_EDGE('',*,*,#8411,.T.);
#4333=ORIENTED_EDGE('',*,*,#8412,.F.);
#4334=CARTESIAN_POINT('',(0.249999999975069,3.40000000006151,0.199999999350984));
#4335=DIRECTION('',(1.0245612041211E-16,2.81008197079112E-10,1.0));
#4336=DIRECTION('',(-5.42398185230694E-42,1.0,-2.81008197079112E-10));
#4337=ORIENTED_EDGE('',*,*,#8413,.F.);
#4338=ORIENTED_EDGE('',*,*,#8412,.T.);
#4339=ORIENTED_EDGE('',*,*,#8414,.T.);
#4340=ORIENTED_EDGE('',*,*,#8395,.F.);
#4341=CARTESIAN_POINT('',(0.249999999975069,3.39999999994911,-0.200000000649016));
#4342=DIRECTION('',(-1.0,9.82809644513805E-14,1.02456092794354E-16));
#4343=DIRECTION('',(-9.82809644513805E-14,-1.0,1.22464679914735E-16));
#4344=ORIENTED_EDGE('',*,*,#8415,.F.);
#4345=ORIENTED_EDGE('',*,*,#8408,.T.);
#4346=ORIENTED_EDGE('',*,*,#8416,.T.);
#4347=ORIENTED_EDGE('',*,*,#8417,.F.);
#4348=CARTESIAN_POINT('',(0.799999999974949,2.24999999994906,-0.200000000325856));
#4349=DIRECTION('',(0.997054485501589,0.0766964988846391,-2.1552447028187E-11));
#4350=DIRECTION('',(0.0,2.81009529008677E-10,1.0));
#4351=ORIENTED_EDGE('',*,*,#8418,.F.);
#4352=ORIENTED_EDGE('',*,*,#8396,.F.);
#4353=ORIENTED_EDGE('',*,*,#8419,.F.);
#4354=ORIENTED_EDGE('',*,*,#8420,.F.);
#4355=CARTESIAN_POINT('',(-0.250000000025601,-3.42000000002976,-0.124999998732541));
#4356=DIRECTION('',(1.55883652278096E-14,0.157580761415282,0.987506103085839));
#4357=DIRECTION('',(0.0,0.987506103085839,-0.157580761415282));
#4358=ORIENTED_EDGE('',*,*,#8421,.F.);
#4359=ORIENTED_EDGE('',*,*,#8422,.F.);
#4360=ORIENTED_EDGE('',*,*,#8423,.F.);
#4361=ORIENTED_EDGE('',*,*,#8411,.F.);
#4362=CARTESIAN_POINT('',(-0.250000000025556,-2.94999999993844,0.200000001135386));
#4363=DIRECTION('',(-1.53860131393896E-14,-0.157580760860288,0.987506103174402));
#4364=DIRECTION('',(-1.0,-1.90808256093024E-30,-1.55806765041049E-14));
#4365=ORIENTED_EDGE('',*,*,#8424,.F.);
#4366=ORIENTED_EDGE('',*,*,#8419,.T.);
#4367=ORIENTED_EDGE('',*,*,#8414,.F.);
#4368=ORIENTED_EDGE('',*,*,#8423,.T.);
#4369=CARTESIAN_POINT('',(0.249999999974441,-2.94999999993848,0.200000001135386));
#4370=DIRECTION('',(-0.966405365196465,0.2570227035098,-7.22253875075434E-11));
#4371=DIRECTION('',(-0.2570227035098,-0.966405365196465,1.18350523714615E-16));
#4372=ORIENTED_EDGE('',*,*,#8425,.F.);
#4373=ORIENTED_EDGE('',*,*,#8418,.T.);
#4374=ORIENTED_EDGE('',*,*,#8426,.F.);
#4375=ORIENTED_EDGE('',*,*,#8421,.T.);
#4376=CARTESIAN_POINT('',(-0.125000000025601,-3.41999999993844,0.200000001267459));
#4377=DIRECTION('',(0.966405365196516,0.25702270350961,-7.22255855357791E-11));
#4378=DIRECTION('',(1.27902685113246E-26,2.81008582314125E-10,1.0));
#4379=ORIENTED_EDGE('',*,*,#8426,.T.);
#4380=ORIENTED_EDGE('',*,*,#8420,.T.);
#4381=ORIENTED_EDGE('',*,*,#8424,.T.);
#4382=ORIENTED_EDGE('',*,*,#8422,.T.);
#4383=CARTESIAN_POINT('',(-0.250000000025601,-3.41999999993843,0.200000001267459));
#4384=DIRECTION('',(9.82809644513517E-14,1.0,-2.81008197079112E-10));
#4385=DIRECTION('',(-1.0,9.82809644513517E-14,-1.20359468532463E-29));
#4386=ORIENTED_EDGE('',*,*,#8427,.T.);
#4387=ORIENTED_EDGE('',*,*,#8428,.F.);
#4388=ORIENTED_EDGE('',*,*,#8429,.T.);
#4389=ORIENTED_EDGE('',*,*,#8430,.F.);
#4390=ORIENTED_EDGE('',*,*,#8431,.F.);
#4391=ORIENTED_EDGE('',*,*,#8432,.F.);
#4392=CARTESIAN_POINT('',(-0.059579210512712,8.65000000028635,0.999999997875682));
#4393=DIRECTION('',(1.0245612041211E-16,2.81008197079112E-10,1.0));
#4394=DIRECTION('',(9.93651666238372E-14,1.0,-2.81008197079112E-10));
#4395=ORIENTED_EDGE('',*,*,#8433,.T.);
#4396=ORIENTED_EDGE('',*,*,#8434,.F.);
#4397=ORIENTED_EDGE('',*,*,#8429,.F.);
#4398=ORIENTED_EDGE('',*,*,#8435,.F.);
#4399=CARTESIAN_POINT('',(3.99999999997558,8.64999999999378,-0.0397227540222649));
#4400=DIRECTION('',(1.0,-9.82809644513805E-14,-1.02456092794354E-16));
#4401=DIRECTION('',(-9.82809644513517E-14,-1.0,2.81008739180199E-10));
#4402=ORIENTED_EDGE('',*,*,#8436,.T.);
#4403=ORIENTED_EDGE('',*,*,#8437,.F.);
#4404=ORIENTED_EDGE('',*,*,#8427,.F.);
#4405=ORIENTED_EDGE('',*,*,#8438,.F.);
#4406=CARTESIAN_POINT('',(3.99999999997558,8.65000000001611,0.0397227497736282));
#4407=DIRECTION('',(1.0,-9.82809644513805E-14,-1.02456092794354E-16));
#4408=DIRECTION('',(-9.82809644513517E-14,-1.0,2.81008739180199E-10));
#4409=ORIENTED_EDGE('',*,*,#8433,.F.);
#4410=ORIENTED_EDGE('',*,*,#8439,.F.);
#4411=ORIENTED_EDGE('',*,*,#8436,.F.);
#4412=ORIENTED_EDGE('',*,*,#8440,.F.);
#4413=ORIENTED_EDGE('',*,*,#8441,.F.);
#4414=ORIENTED_EDGE('',*,*,#8442,.F.);
#4415=CARTESIAN_POINT('',(0.059579210463883,8.64999999998426,-0.0750000021243182));
#4416=DIRECTION('',(1.0245612041211E-16,2.81008197079112E-10,1.0));
#4417=DIRECTION('',(9.88230655375944E-14,1.0,-2.81008197079112E-10));
#4418=ORIENTED_EDGE('',*,*,#8443,.F.);
#4419=ORIENTED_EDGE('',*,*,#8441,.T.);
#4420=ORIENTED_EDGE('',*,*,#8444,.F.);
#4421=ORIENTED_EDGE('',*,*,#8445,.F.);
#4422=ORIENTED_EDGE('',*,*,#8446,.T.);
#4423=ORIENTED_EDGE('',*,*,#8447,.T.);
#4424=ORIENTED_EDGE('',*,*,#8448,.T.);
#4425=ORIENTED_EDGE('',*,*,#8449,.F.);
#4426=CARTESIAN_POINT('',(0.249999999975523,8.00000000028632,0.999999998058346));
#4427=DIRECTION('',(-0.97780241407743,-0.209529088730779,5.88794916417073E-11));
#4428=DIRECTION('',(-6.02161184448988E-11,-1.22464679910576E-16,-1.0));
#4429=ORIENTED_EDGE('',*,*,#8450,.T.);
#4430=ORIENTED_EDGE('',*,*,#8431,.T.);
#4431=ORIENTED_EDGE('',*,*,#8451,.T.);
#4432=ORIENTED_EDGE('',*,*,#8452,.T.);
#4433=ORIENTED_EDGE('',*,*,#8453,.T.);
#4434=ORIENTED_EDGE('',*,*,#8454,.F.);
#4435=ORIENTED_EDGE('',*,*,#8455,.T.);
#4436=ORIENTED_EDGE('',*,*,#8456,.T.);
#4437=CARTESIAN_POINT('',(-0.250000000024481,8.00000000028637,0.999999998058337));
#4438=DIRECTION('',(0.977802414077388,-0.209529088730973,5.88792912780782E-11));
#4439=DIRECTION('',(-6.4705535986589E-27,2.8100771895055E-10,1.0));
#4440=ORIENTED_EDGE('',*,*,#8456,.F.);
#4441=ORIENTED_EDGE('',*,*,#8457,.T.);
#4442=ORIENTED_EDGE('',*,*,#8458,.F.);
#4443=ORIENTED_EDGE('',*,*,#8459,.T.);
#4444=ORIENTED_EDGE('',*,*,#8445,.T.);
#4445=ORIENTED_EDGE('',*,*,#8460,.T.);
#4446=CARTESIAN_POINT('',(3.99999999997546,7.39997128818731,-10.800000001773));
#4447=DIRECTION('',(1.0,-9.89511985216443E-14,-1.02456092606013E-16));
#4448=DIRECTION('',(-9.89511985216155E-14,-1.0,2.81008670185515E-10));
#4449=ORIENTED_EDGE('',*,*,#8438,.T.);
#4450=ORIENTED_EDGE('',*,*,#8432,.T.);
#4451=ORIENTED_EDGE('',*,*,#8450,.F.);
#4452=ORIENTED_EDGE('',*,*,#8460,.F.);
#4453=ORIENTED_EDGE('',*,*,#8444,.T.);
#4454=ORIENTED_EDGE('',*,*,#8440,.T.);
#4455=CARTESIAN_POINT('',(3.99999999997554,8.18033088275887,-1.33210483425245));
#4456=DIRECTION('',(1.0,-9.88592056100394E-14,-1.02456092631863E-16));
#4457=DIRECTION('',(-9.88592056100106E-14,-1.0,2.81008630759981E-10));
#4458=ORIENTED_EDGE('',*,*,#8451,.F.);
#4459=ORIENTED_EDGE('',*,*,#8430,.T.);
#4460=ORIENTED_EDGE('',*,*,#8434,.T.);
#4461=ORIENTED_EDGE('',*,*,#8442,.T.);
#4462=ORIENTED_EDGE('',*,*,#8443,.T.);
#4463=ORIENTED_EDGE('',*,*,#8461,.T.);
#4464=CARTESIAN_POINT('',(3.99999999997554,8.18033088350754,1.33210483026777));
#4465=DIRECTION('',(1.0,-9.88592056100394E-14,-1.02456092631863E-16));
#4466=DIRECTION('',(-9.88592056100106E-14,-1.0,2.81008630759981E-10));
#4467=ORIENTED_EDGE('',*,*,#8449,.T.);
#4468=ORIENTED_EDGE('',*,*,#8462,.T.);
#4469=ORIENTED_EDGE('',*,*,#8403,.T.);
#4470=ORIENTED_EDGE('',*,*,#8463,.T.);
#4471=ORIENTED_EDGE('',*,*,#8452,.F.);
#4472=ORIENTED_EDGE('',*,*,#8461,.F.);
#4473=CARTESIAN_POINT('',(3.99999999997547,7.39997129425708,10.799999998227));
#4474=DIRECTION('',(1.0,-9.89511985216443E-14,-1.02456092606013E-16));
#4475=DIRECTION('',(-9.89511985216155E-14,-1.0,2.81008670185515E-10));
#4476=ORIENTED_EDGE('',*,*,#8439,.T.);
#4477=ORIENTED_EDGE('',*,*,#8435,.T.);
#4478=ORIENTED_EDGE('',*,*,#8428,.T.);
#4479=ORIENTED_EDGE('',*,*,#8437,.T.);
#4480=CARTESIAN_POINT('',(3.99999999997559,8.69999999998387,-0.0750000021383691));
#4481=DIRECTION('',(-9.89346745847621E-14,-1.0,2.81008197079112E-10));
#4482=DIRECTION('',(-0.999999938023161,-4.31162076790997E-20,-0.000352070553804729));
#4483=ORIENTED_EDGE('',*,*,#8464,.F.);
#4484=ORIENTED_EDGE('',*,*,#8465,.F.);
#4485=ORIENTED_EDGE('',*,*,#8466,.F.);
#4486=ORIENTED_EDGE('',*,*,#8467,.F.);
#4487=ORIENTED_EDGE('',*,*,#8406,.F.);
#4488=ORIENTED_EDGE('',*,*,#8468,.F.);
#4489=CARTESIAN_POINT('',(0.399999999975035,3.0499999999491,-0.200000000550664));
#4490=DIRECTION('',(1.02456120412111E-16,2.81008197079112E-10,1.0));
#4491=DIRECTION('',(1.0,-9.82809644513805E-14,-1.02456092794354E-16));
#4492=ORIENTED_EDGE('',*,*,#8400,.F.);
#4493=ORIENTED_EDGE('',*,*,#8469,.F.);
#4494=ORIENTED_EDGE('',*,*,#8470,.F.);
#4495=ORIENTED_EDGE('',*,*,#8471,.F.);
#4496=ORIENTED_EDGE('',*,*,#8472,.F.);
#4497=ORIENTED_EDGE('',*,*,#8473,.F.);
#4498=CARTESIAN_POINT('',(-0.400000000024967,3.04999999994917,-0.200000000550663));
#4499=DIRECTION('',(1.02456120412111E-16,2.81008197079112E-10,1.0));
#4500=DIRECTION('',(1.0,-9.82809644513805E-14,-1.02456092794354E-16));
#4501=ORIENTED_EDGE('',*,*,#8401,.T.);
#4502=ORIENTED_EDGE('',*,*,#8473,.T.);
#4503=ORIENTED_EDGE('',*,*,#8474,.F.);
#4504=CARTESIAN_POINT('',(0.249999999975034,3.05000000006152,0.199999999449337));
#4505=DIRECTION('',(9.82809644513517E-14,1.0,-2.81008197079112E-10));
#4506=DIRECTION('',(-1.0,9.82809644513517E-14,-1.20359468532463E-29));
#4507=ORIENTED_EDGE('',*,*,#8402,.F.);
#4508=ORIENTED_EDGE('',*,*,#8474,.T.);
#4509=ORIENTED_EDGE('',*,*,#8475,.F.);
#4510=ORIENTED_EDGE('',*,*,#8453,.F.);
#4511=ORIENTED_EDGE('',*,*,#8463,.F.);
#4512=CARTESIAN_POINT('',(-0.250000000024495,7.84999999996321,-0.150000001899503));
#4513=DIRECTION('',(-0.707106781186548,-1.98633306587221E-10,-0.707106781186548));
#4514=DIRECTION('',(2.8090979364998E-10,-1.0,1.22464679924401E-16));
#4515=ORIENTED_EDGE('',*,*,#8468,.T.);
#4516=ORIENTED_EDGE('',*,*,#8405,.T.);
#4517=ORIENTED_EDGE('',*,*,#8476,.F.);
#4518=CARTESIAN_POINT('',(0.249999999975034,3.05000000006152,0.199999999449337));
#4519=DIRECTION('',(9.82809644513517E-14,1.0,-2.81008197079112E-10));
#4520=DIRECTION('',(-1.0,9.82809644513517E-14,-1.20359468532463E-29));
#4521=ORIENTED_EDGE('',*,*,#8477,.F.);
#4522=ORIENTED_EDGE('',*,*,#8476,.T.);
#4523=ORIENTED_EDGE('',*,*,#8404,.F.);
#4524=ORIENTED_EDGE('',*,*,#8462,.F.);
#4525=ORIENTED_EDGE('',*,*,#8448,.F.);
#4526=CARTESIAN_POINT('',(0.199999999975504,7.84999999994912,-0.200000001899503));
#4527=DIRECTION('',(0.707106781186548,-1.98772296860071E-10,-0.707106781186547));
#4528=DIRECTION('',(0.0,1.0,-2.81106478043563E-10));
#4529=ORIENTED_EDGE('',*,*,#8465,.T.);
#4530=ORIENTED_EDGE('',*,*,#8478,.F.);
#4531=ORIENTED_EDGE('',*,*,#8479,.T.);
#4532=CARTESIAN_POINT('',(0.249999999975034,3.05000000006152,0.199999999449337));
#4533=DIRECTION('',(9.82809644513517E-14,1.0,-2.81008197079112E-10));
#4534=DIRECTION('',(-1.0,9.82809644513517E-14,-1.20359468532463E-29));
#4535=ORIENTED_EDGE('',*,*,#8480,.F.);
#4536=ORIENTED_EDGE('',*,*,#8478,.T.);
#4537=ORIENTED_EDGE('',*,*,#8481,.F.);
#4538=ORIENTED_EDGE('',*,*,#8446,.F.);
#4539=ORIENTED_EDGE('',*,*,#8459,.F.);
#4540=CARTESIAN_POINT('',(0.249999999975506,7.85000000004747,0.149999998100497));
#4541=DIRECTION('',(0.707106781186548,1.9863330658722E-10,0.707106781186548));
#4542=DIRECTION('',(-1.87169606528732E-26,1.0,-2.8090991611466E-10));
#4543=ORIENTED_EDGE('',*,*,#8482,.F.);
#4544=ORIENTED_EDGE('',*,*,#8471,.T.);
#4545=ORIENTED_EDGE('',*,*,#8483,.T.);
#4546=CARTESIAN_POINT('',(0.249999999975034,3.05000000006152,0.199999999449337));
#4547=DIRECTION('',(9.82809644513517E-14,1.0,-2.81008197079112E-10));
#4548=DIRECTION('',(-1.0,9.82809644513517E-14,-1.20359468532463E-29));
#4549=ORIENTED_EDGE('',*,*,#8484,.F.);
#4550=ORIENTED_EDGE('',*,*,#8482,.T.);
#4551=ORIENTED_EDGE('',*,*,#8485,.F.);
#4552=ORIENTED_EDGE('',*,*,#8457,.F.);
#4553=ORIENTED_EDGE('',*,*,#8455,.F.);
#4554=CARTESIAN_POINT('',(-0.200000000024493,7.85000000006156,0.199999998100497));
#4555=DIRECTION('',(-0.707106781186548,1.98772296860071E-10,0.707106781186547));
#4556=DIRECTION('',(-0.707106781186547,-8.65956056122505E-17,-0.707106781186548));
#4557=ORIENTED_EDGE('',*,*,#8486,.F.);
#4558=ORIENTED_EDGE('',*,*,#8397,.F.);
#4559=ORIENTED_EDGE('',*,*,#8425,.T.);
#4560=ORIENTED_EDGE('',*,*,#8410,.T.);
#4561=CARTESIAN_POINT('',(-0.250000000024981,2.89999999994916,-0.200000000508512));
#4562=DIRECTION('',(1.0,-9.82809644513805E-14,-1.02456092794354E-16));
#4563=DIRECTION('',(-9.82809644513805E-14,-1.0,1.22464679914735E-16));
#4564=ORIENTED_EDGE('',*,*,#8407,.F.);
#4565=ORIENTED_EDGE('',*,*,#8467,.T.);
#4566=ORIENTED_EDGE('',*,*,#8487,.T.);
#4567=ORIENTED_EDGE('',*,*,#8416,.F.);
#4568=CARTESIAN_POINT('',(0.24999999997502,2.89999999994911,-0.200000000508512));
#4569=DIRECTION('',(-9.82809644513517E-14,-1.0,2.81008197079112E-10));
#4570=DIRECTION('',(-0.999999938839478,-4.28313177153352E-20,-0.000349744250499872));
#4571=ORIENTED_EDGE('',*,*,#8488,.T.);
#4572=ORIENTED_EDGE('',*,*,#8469,.T.);
#4573=ORIENTED_EDGE('',*,*,#8399,.F.);
#4574=ORIENTED_EDGE('',*,*,#8392,.T.);
#4575=CARTESIAN_POINT('',(0.24999999997502,2.89999999994911,-0.200000000508512));
#4576=DIRECTION('',(-9.82809644513517E-14,-1.0,2.81008197079112E-10));
#4577=DIRECTION('',(-0.999999938839478,-4.28313177153352E-20,-0.000349744250499872));
#4578=ORIENTED_EDGE('',*,*,#8489,.F.);
#4579=ORIENTED_EDGE('',*,*,#8417,.T.);
#4580=ORIENTED_EDGE('',*,*,#8487,.F.);
#4581=ORIENTED_EDGE('',*,*,#8466,.T.);
#4582=ORIENTED_EDGE('',*,*,#8479,.F.);
#4583=ORIENTED_EDGE('',*,*,#8480,.T.);
#4584=ORIENTED_EDGE('',*,*,#8458,.T.);
#4585=ORIENTED_EDGE('',*,*,#8485,.T.);
#4586=ORIENTED_EDGE('',*,*,#8483,.F.);
#4587=ORIENTED_EDGE('',*,*,#8470,.T.);
#4588=ORIENTED_EDGE('',*,*,#8488,.F.);
#4589=ORIENTED_EDGE('',*,*,#8391,.T.);
#4590=CARTESIAN_POINT('',(0.249999999975069,3.40000000006151,0.199999999350984));
#4591=DIRECTION('',(1.0245612041211E-16,2.81008197079112E-10,1.0));
#4592=DIRECTION('',(-5.42398185230694E-42,1.0,-2.81008197079112E-10));
#4593=ORIENTED_EDGE('',*,*,#8481,.T.);
#4594=ORIENTED_EDGE('',*,*,#8464,.T.);
#4595=ORIENTED_EDGE('',*,*,#8477,.T.);
#4596=ORIENTED_EDGE('',*,*,#8447,.F.);
#4597=CARTESIAN_POINT('',(0.249999999975069,3.39999999994911,-0.200000000649016));
#4598=DIRECTION('',(-1.0,9.82809644513805E-14,1.02456092794354E-16));
#4599=DIRECTION('',(-9.82809644513805E-14,-1.0,1.22464679914735E-16));
#4600=ORIENTED_EDGE('',*,*,#8475,.T.);
#4601=ORIENTED_EDGE('',*,*,#8472,.T.);
#4602=ORIENTED_EDGE('',*,*,#8484,.T.);
#4603=ORIENTED_EDGE('',*,*,#8454,.T.);
#4604=CARTESIAN_POINT('',(-0.250000000024981,2.89999999994916,-0.200000000508512));
#4605=DIRECTION('',(1.0,-9.82809644513805E-14,-1.02456092794354E-16));
#4606=DIRECTION('',(-9.82809644513805E-14,-1.0,1.22464679914735E-16));
#4607=ORIENTED_EDGE('',*,*,#8490,.F.);
#4608=ORIENTED_EDGE('',*,*,#8491,.T.);
#4609=ORIENTED_EDGE('',*,*,#8492,.F.);
#4610=ORIENTED_EDGE('',*,*,#8493,.F.);
#4611=CARTESIAN_POINT('',(-3.00931136044833,1.79999999991418,-0.223334943891832));
#4612=DIRECTION('',(5.2617301431783E-31,1.0,4.17406403909366E-15));
#4613=DIRECTION('',(-1.22464679914735E-16,4.17406403909366E-15,-1.0));
#4614=ORIENTED_EDGE('',*,*,#8494,.F.);
#4615=ORIENTED_EDGE('',*,*,#8495,.F.);
#4616=ORIENTED_EDGE('',*,*,#8496,.T.);
#4617=ORIENTED_EDGE('',*,*,#8497,.F.);
#4618=CARTESIAN_POINT('',(9.00934392740406,1.02739895434221E-10,0.246665056108182));
#4619=DIRECTION('',(4.86823673457664E-31,-1.0,4.0976816469342E-15));
#4620=DIRECTION('',(1.22464679914735E-16,4.09768164693421E-15,1.0));
#4621=ORIENTED_EDGE('',*,*,#8498,.F.);
#4622=ORIENTED_EDGE('',*,*,#8499,.F.);
#4623=ORIENTED_EDGE('',*,*,#8500,.T.);
#4624=ORIENTED_EDGE('',*,*,#8501,.F.);
#4625=CARTESIAN_POINT('',(9.00934392740406,1.79999999991418,-0.223334943891803));
#4626=DIRECTION('',(5.2617301431783E-31,1.0,4.17406403909366E-15));
#4627=DIRECTION('',(-1.22464679914735E-16,4.17406403909366E-15,-1.0));
#4628=ORIENTED_EDGE('',*,*,#8495,.T.);
#4629=ORIENTED_EDGE('',*,*,#8502,.T.);
#4630=ORIENTED_EDGE('',*,*,#8501,.T.);
#4631=ORIENTED_EDGE('',*,*,#8503,.T.);
#4632=CARTESIAN_POINT('',(9.20934392740405,1.8000000001308,0.446665055925357));
#4633=DIRECTION('',(-1.0,-8.41310455235718E-25,-2.86843786487286E-15));
#4634=DIRECTION('',(2.86843786487286E-15,-1.22464679914735E-16,-1.0));
#4635=ORIENTED_EDGE('',*,*,#8504,.F.);
#4636=ORIENTED_EDGE('',*,*,#8505,.F.);
#4637=ORIENTED_EDGE('',*,*,#8506,.F.);
#4638=ORIENTED_EDGE('',*,*,#8507,.F.);
#4639=CARTESIAN_POINT('',(-3.44411200144271,13.9000000003032,2.99966505249361));
#4640=DIRECTION('',(1.22748997219939E-12,1.22464679914735E-16,1.0));
#4641=DIRECTION('',(0.0,1.0,-1.22464679914735E-16));
#4642=ORIENTED_EDGE('',*,*,#8508,.F.);
#4643=ORIENTED_EDGE('',*,*,#8509,.F.);
#4644=ORIENTED_EDGE('',*,*,#8510,.F.);
#4645=ORIENTED_EDGE('',*,*,#8511,.F.);
#4646=CARTESIAN_POINT('',(9.44414456841225,13.9000000003032,2.99966505249361));
#4647=DIRECTION('',(1.22724504283957E-12,-1.22464679914735E-16,-1.0));
#4648=DIRECTION('',(0.0,-1.0,1.22464679914735E-16));
#4649=ORIENTED_EDGE('',*,*,#8024,.F.);
#4650=ORIENTED_EDGE('',*,*,#8512,.F.);
#4651=ORIENTED_EDGE('',*,*,#8088,.F.);
#4652=ORIENTED_EDGE('',*,*,#8513,.F.);
#4653=ORIENTED_EDGE('',*,*,#8514,.F.);
#4654=CARTESIAN_POINT('',(8.61001628348475,14.1008726604425,-4.84676000172552));
#4655=DIRECTION('',(-4.24471159315952E-18,0.999990480720734,-0.0043633092847467));
#4656=DIRECTION('',(-1.22463514139247E-16,-0.0043633092847467,-0.999990480720734));
#4657=ORIENTED_EDGE('',*,*,#8515,.F.);
#4658=ORIENTED_EDGE('',*,*,#8516,.F.);
#4659=ORIENTED_EDGE('',*,*,#8089,.F.);
#4660=ORIENTED_EDGE('',*,*,#8517,.F.);
#4661=CARTESIAN_POINT('',(8.61001628348475,13.9000000008489,2.99966505252173));
#4662=DIRECTION('',(-9.72819325001405E-16,-2.81290249698164E-10,-1.0));
#4663=DIRECTION('',(3.44481053948238E-26,-1.0,2.81290249698164E-10));
#4664=ORIENTED_EDGE('',*,*,#8518,.F.);
#4665=ORIENTED_EDGE('',*,*,#8519,.F.);
#4666=ORIENTED_EDGE('',*,*,#8515,.T.);
#4667=CARTESIAN_POINT('',(8.61001628348475,13.8999999988136,-4.23588733157927));
#4668=DIRECTION('',(-3.44481087969734E-26,1.0,-2.81290277478824E-10));
#4669=DIRECTION('',(1.22464679914735E-16,2.81290277478824E-10,1.0));
#4670=ORIENTED_EDGE('',*,*,#8519,.T.);
#4671=ORIENTED_EDGE('',*,*,#8520,.F.);
#4672=ORIENTED_EDGE('',*,*,#8521,.F.);
#4673=ORIENTED_EDGE('',*,*,#8522,.F.);
#4674=CARTESIAN_POINT('',(3.00001628347787,13.8999999988136,-4.23588733157927));
#4675=DIRECTION('',(-1.0,2.18764157960854E-26,1.22464679914735E-16));
#4676=DIRECTION('',(-2.18764007984876E-26,-1.0,1.22464679914735E-16));
#4677=ORIENTED_EDGE('',*,*,#8523,.F.);
#4678=ORIENTED_EDGE('',*,*,#8524,.F.);
#4679=ORIENTED_EDGE('',*,*,#8521,.T.);
#4680=ORIENTED_EDGE('',*,*,#8525,.F.);
#4681=ORIENTED_EDGE('',*,*,#8526,.F.);
#4682=ORIENTED_EDGE('',*,*,#8527,.F.);
#4683=ORIENTED_EDGE('',*,*,#8523,.T.);
#4684=ORIENTED_EDGE('',*,*,#8528,.F.);
#4685=CARTESIAN_POINT('',(9.54414551719463,13.9000000008489,2.99966505252174));
#4686=DIRECTION('',(-1.22464679914735E-16,-2.81290249698164E-10,-1.0));
#4687=DIRECTION('',(3.44481053948238E-26,-1.0,2.81290249698164E-10));
#4688=ORIENTED_EDGE('',*,*,#8529,.T.);
#4689=ORIENTED_EDGE('',*,*,#8530,.T.);
#4690=ORIENTED_EDGE('',*,*,#8526,.T.);
#4691=ORIENTED_EDGE('',*,*,#8531,.T.);
#4692=ORIENTED_EDGE('',*,*,#8532,.F.);
#4693=ORIENTED_EDGE('',*,*,#8533,.T.);
#4694=ORIENTED_EDGE('',*,*,#8534,.F.);
#4695=ORIENTED_EDGE('',*,*,#8531,.F.);
#4696=CARTESIAN_POINT('',(9.14503319336046,14.104311766071,-1.33674118799425));
#4697=DIRECTION('',(0.00436326774997237,0.999980961713314,0.00436326774997766));
#4698=DIRECTION('',(-1.22463514139247E-16,0.0043633092847465,-0.999990480720734));
#4699=ORIENTED_EDGE('',*,*,#8535,.F.);
#4700=ORIENTED_EDGE('',*,*,#8536,.T.);
#4701=ORIENTED_EDGE('',*,*,#8529,.F.);
#4702=ORIENTED_EDGE('',*,*,#8537,.F.);
#4703=CARTESIAN_POINT('',(-3.34498371651522,13.8999999997414,-0.937628864159593));
#4704=DIRECTION('',(-1.0,1.4997597826918E-32,1.22464679917181E-16));
#4705=DIRECTION('',(-1.71056941445901E-48,-1.0,1.22464679914735E-16));
#4706=ORIENTED_EDGE('',*,*,#8538,.T.);
#4707=ORIENTED_EDGE('',*,*,#8539,.T.);
#4708=ORIENTED_EDGE('',*,*,#8535,.T.);
#4709=CARTESIAN_POINT('',(8.04414551719462,13.8999999997414,-0.937628864159605));
#4710=DIRECTION('',(0.0,1.0,-1.22464679914735E-16));
#4711=DIRECTION('',(1.0,-1.49975978266186E-32,-1.22464679914735E-16));
#4712=ORIENTED_EDGE('',*,*,#8540,.F.);
#4713=ORIENTED_EDGE('',*,*,#8541,.T.);
#4714=ORIENTED_EDGE('',*,*,#8542,.F.);
#4715=ORIENTED_EDGE('',*,*,#8538,.F.);
#4716=CARTESIAN_POINT('',(8.04501057204384,14.0982547091992,-0.936763809310384));
#4717=DIRECTION('',(-0.00436326774997233,-0.999980961713314,-0.00436326774997767));
#4718=DIRECTION('',(1.22458783474873E-16,-0.00436330928474651,0.999990480720734));
#4719=ORIENTED_EDGE('',*,*,#8543,.F.);
#4720=ORIENTED_EDGE('',*,*,#8544,.F.);
#4721=ORIENTED_EDGE('',*,*,#8539,.F.);
#4722=ORIENTED_EDGE('',*,*,#8545,.F.);
#4723=CARTESIAN_POINT('',(8.04414551719462,13.8999999999186,-0.307758097813425));
#4724=DIRECTION('',(-1.03402819873261E-14,2.81289870903009E-10,1.0));
#4725=DIRECTION('',(-3.44480590057957E-26,1.0,-2.81289870903009E-10));
#4726=ORIENTED_EDGE('',*,*,#8546,.T.);
#4727=ORIENTED_EDGE('',*,*,#8547,.F.);
#4728=ORIENTED_EDGE('',*,*,#8543,.T.);
#4729=CARTESIAN_POINT('',(8.04414551719462,13.8999999998626,-0.506887331579275));
#4730=DIRECTION('',(0.0,1.0,-1.22464679914735E-16));
#4731=DIRECTION('',(1.0,-1.49975978266186E-32,-1.22464679914735E-16));
#4732=ORIENTED_EDGE('',*,*,#8548,.F.);
#4733=ORIENTED_EDGE('',*,*,#8549,.T.);
#4734=ORIENTED_EDGE('',*,*,#8550,.F.);
#4735=ORIENTED_EDGE('',*,*,#8546,.F.);
#4736=CARTESIAN_POINT('',(8.04501057204433,14.0982547094324,-0.507752386428985));
#4737=DIRECTION('',(-0.00436326774998313,-0.999980961713314,0.0043632677499778));
#4738=DIRECTION('',(0.999990480720734,-0.00436330928475197,-1.21929206896247E-16));
#4739=ORIENTED_EDGE('',*,*,#8551,.F.);
#4740=ORIENTED_EDGE('',*,*,#8552,.F.);
#4741=ORIENTED_EDGE('',*,*,#8547,.T.);
#4742=ORIENTED_EDGE('',*,*,#8553,.F.);
#4743=CARTESIAN_POINT('',(-1.84498371651522,13.8999999998626,-0.506887331579262));
#4744=DIRECTION('',(1.0,1.40777113295212E-25,-1.22464679914735E-16));
#4745=DIRECTION('',(1.22464679914735E-16,1.22464679914735E-16,1.0));
#4746=ORIENTED_EDGE('',*,*,#8554,.T.);
#4747=ORIENTED_EDGE('',*,*,#8555,.T.);
#4748=ORIENTED_EDGE('',*,*,#8551,.T.);
#4749=ORIENTED_EDGE('',*,*,#8556,.T.);
#4750=ORIENTED_EDGE('',*,*,#8557,.F.);
#4751=ORIENTED_EDGE('',*,*,#8558,.F.);
#4752=ORIENTED_EDGE('',*,*,#8559,.F.);
#4753=ORIENTED_EDGE('',*,*,#8556,.F.);
#4754=CARTESIAN_POINT('',(9.14502657908038,14.1027958947037,-0.107768393465505));
#4755=DIRECTION('',(-0.00436326774998309,-0.999980961713314,0.0043632677499778));
#4756=DIRECTION('',(0.999990480720734,-0.00436330928475193,-1.21929206896247E-16));
#4757=ORIENTED_EDGE('',*,*,#8560,.F.);
#4758=ORIENTED_EDGE('',*,*,#8561,.T.);
#4759=ORIENTED_EDGE('',*,*,#8554,.F.);
#4760=ORIENTED_EDGE('',*,*,#8562,.F.);
#4761=CARTESIAN_POINT('',(9.54414551719463,13.9000000008489,2.99966505252174));
#4762=DIRECTION('',(-1.22464679914735E-16,-2.81290249698164E-10,-1.0));
#4763=DIRECTION('',(3.44481053948238E-26,-1.0,2.81290249698164E-10));
#4764=ORIENTED_EDGE('',*,*,#8563,.T.);
#4765=ORIENTED_EDGE('',*,*,#8079,.F.);
#4766=ORIENTED_EDGE('',*,*,#8564,.T.);
#4767=CARTESIAN_POINT('',(-2.60998371652901,13.8999999986421,-4.8458835238318));
#4768=DIRECTION('',(1.0,-1.49975978266186E-32,-1.22464679914735E-16));
#4769=DIRECTION('',(0.0,-1.0,1.22464679914735E-16));
#4770=ORIENTED_EDGE('',*,*,#8565,.F.);
#4771=ORIENTED_EDGE('',*,*,#8566,.F.);
#4772=ORIENTED_EDGE('',*,*,#8564,.F.);
#4773=ORIENTED_EDGE('',*,*,#8567,.F.);
#4774=CARTESIAN_POINT('',(-2.60998371652901,13.9000000008489,2.99966505252174));
#4775=DIRECTION('',(1.22464679914735E-16,2.81290249698164E-10,1.0));
#4776=DIRECTION('',(-3.44481053948238E-26,1.0,-2.81290249698164E-10));
#4777=ORIENTED_EDGE('',*,*,#8568,.F.);
#4778=ORIENTED_EDGE('',*,*,#8569,.F.);
#4779=ORIENTED_EDGE('',*,*,#8563,.F.);
#4780=ORIENTED_EDGE('',*,*,#8570,.F.);
#4781=ORIENTED_EDGE('',*,*,#8026,.F.);
#4782=CARTESIAN_POINT('',(-2.60998371652901,13.291986825008,-4.84323054905162));
#4783=DIRECTION('',(-5.34351274925479E-19,0.999990480720734,-0.00436330928474667));
#4784=DIRECTION('',(-1.22463514139247E-16,-0.00436330928474667,-0.999990480720734));
#4785=ORIENTED_EDGE('',*,*,#8571,.F.);
#4786=ORIENTED_EDGE('',*,*,#8572,.F.);
#4787=ORIENTED_EDGE('',*,*,#8565,.T.);
#4788=CARTESIAN_POINT('',(-2.60998371652901,13.8999999988136,-4.23588733157927));
#4789=DIRECTION('',(-3.44481087969734E-26,1.0,-2.81290277478824E-10));
#4790=DIRECTION('',(1.22464679914735E-16,2.81290277478824E-10,1.0));
#4791=ORIENTED_EDGE('',*,*,#8573,.F.);
#4792=ORIENTED_EDGE('',*,*,#8574,.F.);
#4793=ORIENTED_EDGE('',*,*,#8571,.T.);
#4794=ORIENTED_EDGE('',*,*,#8575,.F.);
#4795=CARTESIAN_POINT('',(3.00001628347787,13.8999999988136,-4.23588733157927));
#4796=DIRECTION('',(-1.0,2.18764157960854E-26,1.22464679914735E-16));
#4797=DIRECTION('',(-2.18764007984876E-26,-1.0,1.22464679914735E-16));
#4798=ORIENTED_EDGE('',*,*,#8576,.F.);
#4799=ORIENTED_EDGE('',*,*,#8577,.F.);
#4800=ORIENTED_EDGE('',*,*,#8573,.T.);
#4801=ORIENTED_EDGE('',*,*,#8578,.F.);
#4802=ORIENTED_EDGE('',*,*,#8579,.F.);
#4803=ORIENTED_EDGE('',*,*,#8580,.F.);
#4804=ORIENTED_EDGE('',*,*,#8576,.T.);
#4805=ORIENTED_EDGE('',*,*,#8581,.F.);
#4806=CARTESIAN_POINT('',(-3.54411295022509,13.9000000008489,2.99966505252174));
#4807=DIRECTION('',(1.22464679914735E-16,2.81290249698164E-10,1.0));
#4808=DIRECTION('',(-3.44481053948238E-26,1.0,-2.81290249698164E-10));
#4809=ORIENTED_EDGE('',*,*,#8582,.T.);
#4810=ORIENTED_EDGE('',*,*,#8583,.F.);
#4811=ORIENTED_EDGE('',*,*,#8579,.T.);
#4812=ORIENTED_EDGE('',*,*,#8584,.T.);
#4813=ORIENTED_EDGE('',*,*,#8585,.F.);
#4814=ORIENTED_EDGE('',*,*,#8586,.F.);
#4815=ORIENTED_EDGE('',*,*,#8582,.F.);
#4816=ORIENTED_EDGE('',*,*,#8587,.T.);
#4817=CARTESIAN_POINT('',(-3.34498371651522,13.8999999997414,-0.937628864159593));
#4818=DIRECTION('',(-1.0,1.4997597826918E-32,1.22464679917181E-16));
#4819=DIRECTION('',(-1.71056941445901E-48,-1.0,1.22464679914735E-16));
#4820=ORIENTED_EDGE('',*,*,#8588,.F.);
#4821=ORIENTED_EDGE('',*,*,#8589,.F.);
#4822=ORIENTED_EDGE('',*,*,#8590,.F.);
#4823=ORIENTED_EDGE('',*,*,#8583,.T.);
#4824=CARTESIAN_POINT('',(-3.14500062639092,14.104311766071,-1.33674118799425));
#4825=DIRECTION('',(0.00436326774997237,-0.999980961713314,-0.0043632677499776));
#4826=DIRECTION('',(1.22465879471434E-16,-0.00436330928474644,0.999990480720734));
#4827=ORIENTED_EDGE('',*,*,#8591,.T.);
#4828=ORIENTED_EDGE('',*,*,#8592,.F.);
#4829=ORIENTED_EDGE('',*,*,#8585,.T.);
#4830=CARTESIAN_POINT('',(-2.04411295022506,13.8999999997414,-0.937628864159593));
#4831=DIRECTION('',(0.0,1.0,-1.22464679914735E-16));
#4832=DIRECTION('',(1.0,-1.49975978266186E-32,-1.22464679914735E-16));
#4833=ORIENTED_EDGE('',*,*,#8593,.F.);
#4834=ORIENTED_EDGE('',*,*,#8594,.F.);
#4835=ORIENTED_EDGE('',*,*,#8591,.F.);
#4836=ORIENTED_EDGE('',*,*,#8595,.F.);
#4837=CARTESIAN_POINT('',(-2.04411295022506,13.8999999996854,-1.13675809781341));
#4838=DIRECTION('',(-1.22463366080922E-16,-2.81289870903009E-10,-1.0));
#4839=DIRECTION('',(3.44480590057964E-26,-1.0,2.81289870903009E-10));
#4840=ORIENTED_EDGE('',*,*,#8596,.F.);
#4841=ORIENTED_EDGE('',*,*,#8597,.T.);
#4842=ORIENTED_EDGE('',*,*,#8598,.F.);
#4843=ORIENTED_EDGE('',*,*,#8592,.T.);
#4844=CARTESIAN_POINT('',(-2.04497800507428,14.0982547091992,-0.936763809310374));
#4845=DIRECTION('',(0.00436326774997237,-0.999980961713314,-0.00436326774997761));
#4846=DIRECTION('',(1.22465879471434E-16,-0.00436330928474645,0.999990480720734));
#4847=ORIENTED_EDGE('',*,*,#8599,.T.);
#4848=ORIENTED_EDGE('',*,*,#8600,.F.);
#4849=ORIENTED_EDGE('',*,*,#8593,.T.);
#4850=CARTESIAN_POINT('',(-2.04411295022506,13.8999999998626,-0.506887331579262));
#4851=DIRECTION('',(0.0,1.0,-1.22464679914735E-16));
#4852=DIRECTION('',(1.0,-1.49975978266186E-32,-1.22464679914735E-16));
#4853=ORIENTED_EDGE('',*,*,#8601,.F.);
#4854=ORIENTED_EDGE('',*,*,#8602,.F.);
#4855=ORIENTED_EDGE('',*,*,#8599,.F.);
#4856=ORIENTED_EDGE('',*,*,#8603,.F.);
#4857=CARTESIAN_POINT('',(-1.84498371651522,13.8999999998626,-0.506887331579262));
#4858=DIRECTION('',(1.0,1.40777113295212E-25,-1.22464679914735E-16));
#4859=DIRECTION('',(1.22464679914735E-16,1.22464679914735E-16,1.0));
#4860=ORIENTED_EDGE('',*,*,#8604,.F.);
#4861=ORIENTED_EDGE('',*,*,#8605,.T.);
#4862=ORIENTED_EDGE('',*,*,#8606,.F.);
#4863=ORIENTED_EDGE('',*,*,#8600,.T.);
#4864=CARTESIAN_POINT('',(-2.04497800507477,14.0982547094324,-0.507752386428974));
#4865=DIRECTION('',(0.00436326774998309,-0.999980961713314,0.00436326774997785));
#4866=DIRECTION('',(0.999990480720734,0.00436330928475193,-1.23000254432214E-16));
#4867=ORIENTED_EDGE('',*,*,#8607,.T.);
#4868=ORIENTED_EDGE('',*,*,#8608,.T.);
#4869=ORIENTED_EDGE('',*,*,#8601,.T.);
#4870=ORIENTED_EDGE('',*,*,#8609,.T.);
#4871=ORIENTED_EDGE('',*,*,#8610,.F.);
#4872=ORIENTED_EDGE('',*,*,#8611,.F.);
#4873=ORIENTED_EDGE('',*,*,#8607,.F.);
#4874=ORIENTED_EDGE('',*,*,#8612,.F.);
#4875=CARTESIAN_POINT('',(-3.54411295022509,13.9000000008489,2.99966505252174));
#4876=DIRECTION('',(1.22464679914735E-16,2.81290249698164E-10,1.0));
#4877=DIRECTION('',(-3.44481053948238E-26,1.0,-2.81290249698164E-10));
#4878=ORIENTED_EDGE('',*,*,#8613,.F.);
#4879=ORIENTED_EDGE('',*,*,#8614,.T.);
#4880=ORIENTED_EDGE('',*,*,#8615,.F.);
#4881=ORIENTED_EDGE('',*,*,#8608,.F.);
#4882=CARTESIAN_POINT('',(-3.14499401211084,14.1027958947037,-0.107768393465503));
#4883=DIRECTION('',(-0.00436326774998309,0.999980961713314,-0.00436326774997785));
#4884=DIRECTION('',(-0.999990480720734,-0.00436330928475193,1.23000254432214E-16));
#4885=ORIENTED_EDGE('',*,*,#8542,.T.);
#4886=ORIENTED_EDGE('',*,*,#8616,.T.);
#4887=ORIENTED_EDGE('',*,*,#8548,.T.);
#4888=ORIENTED_EDGE('',*,*,#8545,.T.);
#4889=CARTESIAN_POINT('',(7.84501628348478,14.0999999999186,-0.307758097869684));
#4890=DIRECTION('',(-0.999990480720735,0.00436330928474657,-1.23769654177198E-12));
#4891=DIRECTION('',(-1.22464679914529E-16,-2.83688119385287E-10,-1.0));
#4892=ORIENTED_EDGE('',*,*,#8550,.T.);
#4893=ORIENTED_EDGE('',*,*,#8617,.T.);
#4894=ORIENTED_EDGE('',*,*,#8557,.T.);
#4895=ORIENTED_EDGE('',*,*,#8553,.T.);
#4896=CARTESIAN_POINT('',(-1.84498371651522,14.0999999999186,-0.307758097869674));
#4897=DIRECTION('',(-4.55772140082966E-16,0.0043633092847467,0.999990480720735));
#4898=DIRECTION('',(1.0,1.32522270709443E-13,-1.22464679914752E-16));
#4899=ORIENTED_EDGE('',*,*,#8540,.T.);
#4900=ORIENTED_EDGE('',*,*,#8537,.T.);
#4901=ORIENTED_EDGE('',*,*,#8534,.T.);
#4902=ORIENTED_EDGE('',*,*,#8618,.T.);
#4903=CARTESIAN_POINT('',(-3.34498371651522,14.0999999996854,-1.13675809786967));
#4904=DIRECTION('',(-1.22463514141597E-16,0.00436330928474645,-0.999990480720735));
#4905=DIRECTION('',(5.34351274925482E-19,0.999990480720734,0.00436330928474645));
#4906=ORIENTED_EDGE('',*,*,#8602,.T.);
#4907=ORIENTED_EDGE('',*,*,#8615,.T.);
#4908=ORIENTED_EDGE('',*,*,#8619,.T.);
#4909=ORIENTED_EDGE('',*,*,#8604,.T.);
#4910=CARTESIAN_POINT('',(-1.84498371651522,14.0999999999186,-0.307758097869674));
#4911=DIRECTION('',(-4.55772140082966E-16,0.0043633092847467,0.999990480720735));
#4912=DIRECTION('',(1.0,1.32522270709443E-13,-1.22464679914752E-16));
#4913=ORIENTED_EDGE('',*,*,#8606,.T.);
#4914=ORIENTED_EDGE('',*,*,#8620,.T.);
#4915=ORIENTED_EDGE('',*,*,#8596,.T.);
#4916=ORIENTED_EDGE('',*,*,#8594,.T.);
#4917=CARTESIAN_POINT('',(-1.84498371651522,14.0999999996854,-1.13675809786967));
#4918=DIRECTION('',(0.999990480720735,0.00436330928474657,-1.22747882041699E-12));
#4919=DIRECTION('',(0.00436330928474657,-0.999990480720734,1.21929162864322E-16));
#4920=ORIENTED_EDGE('',*,*,#8588,.T.);
#4921=ORIENTED_EDGE('',*,*,#8586,.T.);
#4922=ORIENTED_EDGE('',*,*,#8598,.T.);
#4923=ORIENTED_EDGE('',*,*,#8621,.T.);
#4924=CARTESIAN_POINT('',(-3.34498371651522,14.0999999996854,-1.13675809786967));
#4925=DIRECTION('',(-1.22463514141597E-16,0.00436330928474645,-0.999990480720735));
#4926=DIRECTION('',(5.34351274925482E-19,0.999990480720734,0.00436330928474645));
#4927=ORIENTED_EDGE('',*,*,#8085,.T.);
#4928=ORIENTED_EDGE('',*,*,#8622,.F.);
#4929=ORIENTED_EDGE('',*,*,#8623,.T.);
#4930=CARTESIAN_POINT('',(10.1091417094466,13.9000000010597,3.74879047842711));
#4931=DIRECTION('',(-3.44481087969734E-26,1.0,-2.81290277478824E-10));
#4932=DIRECTION('',(1.22464679914735E-16,2.81290277478824E-10,1.0));
#4933=ORIENTED_EDGE('',*,*,#8624,.T.);
#4934=ORIENTED_EDGE('',*,*,#8625,.F.);
#4935=ORIENTED_EDGE('',*,*,#8623,.F.);
#4936=ORIENTED_EDGE('',*,*,#8626,.F.);
#4937=CARTESIAN_POINT('',(10.1091417094466,13.9000000008489,2.99966505252175));
#4938=DIRECTION('',(1.0344774382952E-15,-2.81290249698164E-10,-1.0));
#4939=DIRECTION('',(3.44481053948238E-26,-1.0,2.81290249698164E-10));
#4940=ORIENTED_EDGE('',*,*,#8083,.T.);
#4941=ORIENTED_EDGE('',*,*,#8627,.F.);
#4942=ORIENTED_EDGE('',*,*,#8624,.F.);
#4943=ORIENTED_EDGE('',*,*,#8628,.F.);
#4944=ORIENTED_EDGE('',*,*,#8629,.T.);
#4945=ORIENTED_EDGE('',*,*,#8630,.F.);
#4946=ORIENTED_EDGE('',*,*,#8087,.T.);
#4947=CARTESIAN_POINT('',(-4.10910914247715,13.9000000010597,3.74879047842711));
#4948=DIRECTION('',(-3.44481087969734E-26,1.0,-2.81290277478824E-10));
#4949=DIRECTION('',(1.22464679914735E-16,2.81290277478824E-10,1.0));
#4950=ORIENTED_EDGE('',*,*,#8631,.T.);
#4951=ORIENTED_EDGE('',*,*,#8632,.F.);
#4952=ORIENTED_EDGE('',*,*,#8629,.F.);
#4953=ORIENTED_EDGE('',*,*,#8633,.F.);
#4954=CARTESIAN_POINT('',(-4.10910914247714,13.9000000008489,2.99966505252173));
#4955=DIRECTION('',(-1.32371296784743E-15,2.81290249698164E-10,1.0));
#4956=DIRECTION('',(-3.44481053948238E-26,1.0,-2.81290249698164E-10));
#4957=ORIENTED_EDGE('',*,*,#8077,.T.);
#4958=ORIENTED_EDGE('',*,*,#8634,.F.);
#4959=ORIENTED_EDGE('',*,*,#8631,.F.);
#4960=ORIENTED_EDGE('',*,*,#8635,.F.);
#4961=ORIENTED_EDGE('',*,*,#8636,.F.);
#4962=ORIENTED_EDGE('',*,*,#8637,.F.);
#4963=ORIENTED_EDGE('',*,*,#8638,.T.);
#4964=ORIENTED_EDGE('',*,*,#8639,.F.);
#4965=CARTESIAN_POINT('',(7.54641628348474,0.00304491656288133,3.2118262147934));
#4966=DIRECTION('',(5.34351274925194E-19,0.999990480720734,0.0043633092847441));
#4967=DIRECTION('',(-1.2246351416231E-16,0.0043633092847441,-0.999990480720734));
#4968=ORIENTED_EDGE('',*,*,#8640,.F.);
#4969=ORIENTED_EDGE('',*,*,#8641,.F.);
#4970=ORIENTED_EDGE('',*,*,#8642,.F.);
#4971=ORIENTED_EDGE('',*,*,#8638,.F.);
#4972=CARTESIAN_POINT('',(7.54641628348474,1.80000000109388,3.21399270007046));
#4973=DIRECTION('',(5.26173014410137E-31,1.0,4.17406403909417E-15));
#4974=DIRECTION('',(-1.22464679936205E-16,4.17406403909417E-15,-1.0));
#4975=ORIENTED_EDGE('',*,*,#8643,.T.);
#4976=ORIENTED_EDGE('',*,*,#8644,.F.);
#4977=ORIENTED_EDGE('',*,*,#8645,.F.);
#4978=ORIENTED_EDGE('',*,*,#8646,.F.);
#4979=CARTESIAN_POINT('',(8.20368863955072,1.80000000109388,3.21399270007034));
#4980=DIRECTION('',(5.2617301431783E-31,1.0,4.17406403909366E-15));
#4981=DIRECTION('',(-1.22464679914735E-16,4.17406403909366E-15,-1.0));
#4982=ORIENTED_EDGE('',*,*,#8044,.F.);
#4983=ORIENTED_EDGE('',*,*,#8647,.F.);
#4984=ORIENTED_EDGE('',*,*,#8643,.F.);
#4985=ORIENTED_EDGE('',*,*,#8648,.F.);
#4986=CARTESIAN_POINT('',(8.19800197445391,1.8028430353968,3.21967936596179));
#4987=DIRECTION('',(-0.00436326774997319,0.999980961713314,0.00436326774997761));
#4988=DIRECTION('',(-0.999990480720734,-0.00436330928474203,1.2368167381705E-16));
#4989=ORIENTED_EDGE('',*,*,#8649,.F.);
#4990=ORIENTED_EDGE('',*,*,#8650,.F.);
#4991=ORIENTED_EDGE('',*,*,#8651,.T.);
#4992=ORIENTED_EDGE('',*,*,#8652,.F.);
#4993=CARTESIAN_POINT('',(-2.19798942796987,1.79825471038594,3.21965934549066));
#4994=DIRECTION('',(0.0043632677499732,0.999980961713314,0.00436326774997761));
#4995=DIRECTION('',(-0.999990480720734,0.00436330928474204,1.21258667934278E-16));
#4996=ORIENTED_EDGE('',*,*,#8653,.F.);
#4997=ORIENTED_EDGE('',*,*,#8654,.T.);
#4998=ORIENTED_EDGE('',*,*,#8655,.F.);
#4999=ORIENTED_EDGE('',*,*,#8651,.F.);
#5000=CARTESIAN_POINT('',(-2.20365607259498,1.80000000109388,3.21399270007032));
#5001=DIRECTION('',(5.2617301431783E-31,1.0,4.17406403909366E-15));
#5002=DIRECTION('',(-1.22464679914735E-16,4.17406403909366E-15,-1.0));
#5003=ORIENTED_EDGE('',*,*,#8656,.T.);
#5004=ORIENTED_EDGE('',*,*,#8657,.F.);
#5005=ORIENTED_EDGE('',*,*,#8658,.T.);
#5006=ORIENTED_EDGE('',*,*,#8659,.F.);
#5007=CARTESIAN_POINT('',(-1.546383716529,8.81079457475277E-10,3.21399270007045));
#5008=DIRECTION('',(-5.26173014225648E-31,-1.0,-4.17406403909417E-15));
#5009=DIRECTION('',(1.22464679893266E-16,-4.17406403909417E-15,1.0));
#5010=ORIENTED_EDGE('',*,*,#8660,.F.);
#5011=ORIENTED_EDGE('',*,*,#8661,.F.);
#5012=ORIENTED_EDGE('',*,*,#8656,.F.);
#5013=ORIENTED_EDGE('',*,*,#8662,.F.);
#5014=CARTESIAN_POINT('',(-1.546383716529,1.79912733902388,3.21966315250549));
#5015=DIRECTION('',(5.34351274925194E-19,0.999990480720734,0.0043633092847441));
#5016=DIRECTION('',(-1.22463514117604E-16,0.0043633092847441,-0.999990480720734));
#5017=ORIENTED_EDGE('',*,*,#8663,.F.);
#5018=ORIENTED_EDGE('',*,*,#8664,.F.);
#5019=ORIENTED_EDGE('',*,*,#8665,.T.);
#5020=ORIENTED_EDGE('',*,*,#8666,.F.);
#5021=CARTESIAN_POINT('',(7.91504282932402,1.8056474897009,-0.223334944076232));
#5022=DIRECTION('',(-0.00436330928475086,-0.999990480720734,2.81287140865712E-10));
#5023=DIRECTION('',(0.999990480720734,-0.00436330928475086,-1.21929162864321E-16));
#5024=ORIENTED_EDGE('',*,*,#8667,.F.);
#5025=ORIENTED_EDGE('',*,*,#8668,.F.);
#5026=ORIENTED_EDGE('',*,*,#8669,.T.);
#5027=ORIENTED_EDGE('',*,*,#8670,.F.);
#5028=CARTESIAN_POINT('',(7.50803301828387,0.1999999996028,-1.4303349436246));
#5029=DIRECTION('',(-9.64038648673922E-16,-2.81289870903009E-10,-1.0));
#5030=DIRECTION('',(3.44480590057964E-26,-1.0,2.81289870903009E-10));
#5031=ORIENTED_EDGE('',*,*,#8671,.F.);
#5032=ORIENTED_EDGE('',*,*,#8672,.T.);
#5033=ORIENTED_EDGE('',*,*,#8673,.F.);
#5034=ORIENTED_EDGE('',*,*,#8669,.F.);
#5035=CARTESIAN_POINT('',(3.00001628347787,0.199999999661,-1.22335167888782));
#5036=DIRECTION('',(-1.0,-3.67915901533095E-16,1.13937640799609E-15));
#5037=DIRECTION('',(-1.13937640799609E-15,-1.22464679914735E-16,-1.0));
#5038=ORIENTED_EDGE('',*,*,#8674,.F.);
#5039=ORIENTED_EDGE('',*,*,#8675,.T.);
#5040=ORIENTED_EDGE('',*,*,#8676,.F.);
#5041=ORIENTED_EDGE('',*,*,#8677,.F.);
#5042=CARTESIAN_POINT('',(9.00999699385258,1.8039844933747,-1.63035423369281));
#5043=DIRECTION('',(-0.00436326774998202,0.999980961713314,-0.00436326774997785));
#5044=DIRECTION('',(-0.999990480720734,-0.00436330928475086,1.23000254432214E-16));
#5045=ORIENTED_EDGE('',*,*,#8678,.T.);
#5046=ORIENTED_EDGE('',*,*,#8679,.F.);
#5047=ORIENTED_EDGE('',*,*,#8667,.T.);
#5048=ORIENTED_EDGE('',*,*,#8680,.F.);
#5049=ORIENTED_EDGE('',*,*,#8681,.F.);
#5050=ORIENTED_EDGE('',*,*,#8682,.F.);
#5051=ORIENTED_EDGE('',*,*,#8680,.T.);
#5052=ORIENTED_EDGE('',*,*,#8683,.F.);
#5053=CARTESIAN_POINT('',(7.90720990249082,0.0104842872690998,0.246665056428717));
#5054=DIRECTION('',(0.00436330928475086,0.999990480720734,-2.8128754331073E-10));
#5055=DIRECTION('',(-0.999990480720734,0.00436330928475086,1.21929162864321E-16));
#5056=ORIENTED_EDGE('',*,*,#8684,.F.);
#5057=ORIENTED_EDGE('',*,*,#8685,.T.);
#5058=ORIENTED_EDGE('',*,*,#8686,.F.);
#5059=ORIENTED_EDGE('',*,*,#8687,.F.);
#5060=ORIENTED_EDGE('',*,*,#8678,.F.);
#5061=CARTESIAN_POINT('',(3.00001628347787,0.2000000001871,0.646665056375399));
#5062=DIRECTION('',(-1.0,-3.67915901693955E-16,5.67513024272881E-16));
#5063=DIRECTION('',(-5.67513024272881E-16,-1.22464679914735E-16,-1.0));
#5064=ORIENTED_EDGE('',*,*,#8688,.F.);
#5065=ORIENTED_EDGE('',*,*,#8689,.F.);
#5066=ORIENTED_EDGE('',*,*,#8672,.F.);
#5067=ORIENTED_EDGE('',*,*,#8690,.F.);
#5068=CARTESIAN_POINT('',(-1.50800045132813,0.199999999233401,-2.74354651879216));
#5069=DIRECTION('',(-9.6508826064781E-16,-2.81289870903009E-10,-1.0));
#5070=DIRECTION('',(3.44480590057964E-26,-1.0,2.81289870903009E-10));
#5071=ORIENTED_EDGE('',*,*,#8691,.T.);
#5072=ORIENTED_EDGE('',*,*,#8692,.T.);
#5073=ORIENTED_EDGE('',*,*,#8688,.T.);
#5074=ORIENTED_EDGE('',*,*,#8693,.T.);
#5075=ORIENTED_EDGE('',*,*,#8694,.F.);
#5076=ORIENTED_EDGE('',*,*,#8695,.T.);
#5077=ORIENTED_EDGE('',*,*,#8696,.F.);
#5078=ORIENTED_EDGE('',*,*,#8697,.T.);
#5079=ORIENTED_EDGE('',*,*,#8685,.F.);
#5080=CARTESIAN_POINT('',(10.1100181873406,14.100872662044,0.646665052465236));
#5081=DIRECTION('',(0.00436330928474656,0.999990480720734,-2.8128754331073E-10));
#5082=DIRECTION('',(-0.999990480720734,0.00436330928474656,1.21929162864322E-16));
#5083=ORIENTED_EDGE('',*,*,#8698,.F.);
#5084=ORIENTED_EDGE('',*,*,#8699,.T.);
#5085=ORIENTED_EDGE('',*,*,#8700,.F.);
#5086=ORIENTED_EDGE('',*,*,#8686,.T.);
#5087=ORIENTED_EDGE('',*,*,#8697,.F.);
#5088=CARTESIAN_POINT('',(10.049363803203,0.200000001116199,3.94966505637541));
#5089=DIRECTION('',(1.03455250290506E-15,-2.81290413004095E-10,-1.0));
#5090=DIRECTION('',(3.44481253940323E-26,-1.0,2.81290413004095E-10));
#5091=ORIENTED_EDGE('',*,*,#8701,.T.);
#5092=ORIENTED_EDGE('',*,*,#8702,.T.);
#5093=ORIENTED_EDGE('',*,*,#8703,.F.);
#5094=ORIENTED_EDGE('',*,*,#8704,.F.);
#5095=ORIENTED_EDGE('',*,*,#8691,.F.);
#5096=CARTESIAN_POINT('',(3.00001628347787,0.2000000001871,0.646665056375399));
#5097=DIRECTION('',(-1.0,-3.67915901693955E-16,5.67513024272881E-16));
#5098=DIRECTION('',(-5.67513024272881E-16,-1.22464679914735E-16,-1.0));
#5099=ORIENTED_EDGE('',*,*,#8705,.F.);
#5100=ORIENTED_EDGE('',*,*,#8706,.T.);
#5101=ORIENTED_EDGE('',*,*,#8707,.F.);
#5102=ORIENTED_EDGE('',*,*,#8692,.F.);
#5103=CARTESIAN_POINT('',(-1.90717733553508,0.0104842872690998,0.246665056428709));
#5104=DIRECTION('',(0.00436330928475086,-0.999990480720734,2.81287552338219E-10));
#5105=DIRECTION('',(0.999990480720734,0.00436330928475086,-1.22997865414173E-16));
#5106=ORIENTED_EDGE('',*,*,#8708,.T.);
#5107=ORIENTED_EDGE('',*,*,#8709,.F.);
#5108=ORIENTED_EDGE('',*,*,#8710,.T.);
#5109=ORIENTED_EDGE('',*,*,#8711,.F.);
#5110=CARTESIAN_POINT('',(9.41918122406842,-0.2999999991511,2.99966505651606));
#5111=DIRECTION('',(1.93270354917031E-16,-2.81290249698165E-10,-1.0));
#5112=DIRECTION('',(3.44481053948239E-26,-1.0,2.81290249698165E-10));
#5113=ORIENTED_EDGE('',*,*,#8712,.F.);
#5114=ORIENTED_EDGE('',*,*,#8713,.T.);
#5115=ORIENTED_EDGE('',*,*,#8714,.F.);
#5116=ORIENTED_EDGE('',*,*,#8715,.F.);
#5117=ORIENTED_EDGE('',*,*,#8710,.F.);
#5118=CARTESIAN_POINT('',(-4.30998371651525,-0.3000000007572,-2.71033494348394));
#5119=DIRECTION('',(1.0,-1.49975978266186E-32,-1.22464679914735E-16));
#5120=DIRECTION('',(0.0,1.0,-1.22464679914735E-16));
#5121=ORIENTED_EDGE('',*,*,#8716,.F.);
#5122=ORIENTED_EDGE('',*,*,#8714,.T.);
#5123=ORIENTED_EDGE('',*,*,#8717,.F.);
#5124=ORIENTED_EDGE('',*,*,#8718,.F.);
#5125=ORIENTED_EDGE('',*,*,#8719,.F.);
#5126=CARTESIAN_POINT('',(10.1100181873406,14.1008726610997,-2.71033494753476));
#5127=DIRECTION('',(-0.00436330928474656,-0.999990480720734,2.81287193760523E-10));
#5128=DIRECTION('',(0.999990480720734,-0.00436330928474656,-1.21929162864322E-16));
#5129=ORIENTED_EDGE('',*,*,#8720,.T.);
#5130=ORIENTED_EDGE('',*,*,#8721,.F.);
#5131=ORIENTED_EDGE('',*,*,#8708,.F.);
#5132=ORIENTED_EDGE('',*,*,#8722,.F.);
#5133=ORIENTED_EDGE('',*,*,#8723,.F.);
#5134=ORIENTED_EDGE('',*,*,#8724,.T.);
#5135=ORIENTED_EDGE('',*,*,#8725,.F.);
#5136=ORIENTED_EDGE('',*,*,#8699,.F.);
#5137=CARTESIAN_POINT('',(10.1100689491942,14.1125063482859,1.28338693672928));
#5138=DIRECTION('',(-0.00436326774997237,-0.999980961713314,-0.00436326774997758));
#5139=DIRECTION('',(1.22465879471434E-16,-0.00436330928474643,0.999990480720734));
#5140=ORIENTED_EDGE('',*,*,#8726,.F.);
#5141=ORIENTED_EDGE('',*,*,#8727,.T.);
#5142=ORIENTED_EDGE('',*,*,#8728,.F.);
#5143=ORIENTED_EDGE('',*,*,#8729,.T.);
#5144=ORIENTED_EDGE('',*,*,#8702,.F.);
#5145=CARTESIAN_POINT('',(-4.04933123623354,0.200000001116199,3.9496650563754));
#5146=DIRECTION('',(1.32363790323758E-15,-2.81290413004095E-10,-1.0));
#5147=DIRECTION('',(3.44481253940323E-26,-1.0,2.81290413004095E-10));
#5148=ORIENTED_EDGE('',*,*,#8730,.T.);
#5149=ORIENTED_EDGE('',*,*,#8731,.F.);
#5150=ORIENTED_EDGE('',*,*,#8732,.F.);
#5151=ORIENTED_EDGE('',*,*,#8703,.T.);
#5152=ORIENTED_EDGE('',*,*,#8729,.F.);
#5153=CARTESIAN_POINT('',(-4.04846354510758,0.00114110444170067,0.646665056431339));
#5154=DIRECTION('',(-0.00436330928475086,0.999990480720734,-2.81287552338219E-10));
#5155=DIRECTION('',(-0.999990480720734,-0.00436330928475086,1.22997865414173E-16));
#5156=ORIENTED_EDGE('',*,*,#8733,.T.);
#5157=ORIENTED_EDGE('',*,*,#8734,.T.);
#5158=ORIENTED_EDGE('',*,*,#8735,.F.);
#5159=ORIENTED_EDGE('',*,*,#8736,.F.);
#5160=CARTESIAN_POINT('',(-1.91498181265938,1.7991273380854,-0.223334944074422));
#5161=DIRECTION('',(-0.00436330928475086,0.999990480720734,-2.81287162504414E-10));
#5162=DIRECTION('',(-0.999990480720734,-0.00436330928475086,1.22997865414173E-16));
#5163=ORIENTED_EDGE('',*,*,#8737,.F.);
#5164=ORIENTED_EDGE('',*,*,#8738,.F.);
#5165=ORIENTED_EDGE('',*,*,#8739,.F.);
#5166=ORIENTED_EDGE('',*,*,#8720,.F.);
#5167=CARTESIAN_POINT('',(3.00001628347787,-0.300000001194802,-4.26592303500751));
#5168=DIRECTION('',(-1.0,2.18764157975414E-26,1.22464679919912E-16));
#5169=DIRECTION('',(-2.18764007999436E-26,-1.0,1.22464679914735E-16));
#5170=ORIENTED_EDGE('',*,*,#8740,.F.);
#5171=ORIENTED_EDGE('',*,*,#8741,.F.);
#5172=ORIENTED_EDGE('',*,*,#8717,.T.);
#5173=ORIENTED_EDGE('',*,*,#8713,.F.);
#5174=ORIENTED_EDGE('',*,*,#8742,.F.);
#5175=CARTESIAN_POINT('',(10.0471821277927,-0.2999999988838,3.94966505651605));
#5176=DIRECTION('',(-1.0344774382952E-15,2.81290413004095E-10,1.0));
#5177=DIRECTION('',(-3.44481253940323E-26,1.0,-2.81290413004095E-10));
#5178=ORIENTED_EDGE('',*,*,#8743,.F.);
#5179=ORIENTED_EDGE('',*,*,#8744,.F.);
#5180=ORIENTED_EDGE('',*,*,#8740,.T.);
#5181=ORIENTED_EDGE('',*,*,#8745,.F.);
#5182=ORIENTED_EDGE('',*,*,#8746,.F.);
#5183=ORIENTED_EDGE('',*,*,#8747,.T.);
#5184=ORIENTED_EDGE('',*,*,#8748,.F.);
#5185=ORIENTED_EDGE('',*,*,#8749,.T.);
#5186=CARTESIAN_POINT('',(9.52802313719421,1.8011344119961,1.62967190963506));
#5187=DIRECTION('',(0.00436326774997221,0.999980961713314,0.0043632677499819));
#5188=DIRECTION('',(-1.22465879471434E-16,0.00436330928475074,-0.999990480720734));
#5189=ORIENTED_EDGE('',*,*,#8750,.F.);
#5190=ORIENTED_EDGE('',*,*,#8751,.T.);
#5191=ORIENTED_EDGE('',*,*,#8752,.F.);
#5192=ORIENTED_EDGE('',*,*,#8727,.F.);
#5193=CARTESIAN_POINT('',(-4.05618206607085,1.7700845795739,1.22953262057538));
#5194=DIRECTION('',(0.00436326774997238,-0.999980961713314,-0.0043632677499819));
#5195=DIRECTION('',(1.22463514139247E-16,-0.00436330928475074,0.999990480720734));
#5196=ORIENTED_EDGE('',*,*,#8753,.F.);
#5197=ORIENTED_EDGE('',*,*,#8754,.T.);
#5198=ORIENTED_EDGE('',*,*,#8755,.F.);
#5199=ORIENTED_EDGE('',*,*,#8756,.F.);
#5200=CARTESIAN_POINT('',(-3.00931136044833,1.80000000010274,0.246665056108179));
#5201=DIRECTION('',(-4.86823673457664E-31,1.0,-4.0976816469342E-15));
#5202=DIRECTION('',(-1.22464679914735E-16,-4.09768164693421E-15,-1.0));
#5203=ORIENTED_EDGE('',*,*,#8757,.F.);
#5204=ORIENTED_EDGE('',*,*,#8758,.T.);
#5205=ORIENTED_EDGE('',*,*,#8759,.F.);
#5206=ORIENTED_EDGE('',*,*,#8760,.F.);
#5207=ORIENTED_EDGE('',*,*,#8738,.T.);
#5208=CARTESIAN_POINT('',(8.57001628348485,-0.2999999991511,2.99966505651606));
#5209=DIRECTION('',(-1.22464679914735E-16,-2.81290249698165E-10,-1.0));
#5210=DIRECTION('',(3.44481053948239E-26,-1.0,2.81290249698165E-10));
#5211=ORIENTED_EDGE('',*,*,#8761,.F.);
#5212=ORIENTED_EDGE('',*,*,#8759,.T.);
#5213=ORIENTED_EDGE('',*,*,#8762,.F.);
#5214=ORIENTED_EDGE('',*,*,#8763,.F.);
#5215=ORIENTED_EDGE('',*,*,#8743,.T.);
#5216=CARTESIAN_POINT('',(10.3100162834847,-0.300000001340501,-4.78392394217791));
#5217=DIRECTION('',(1.0,-5.52526529556222E-26,-1.22464679914735E-16));
#5218=DIRECTION('',(1.22464679914735E-16,1.22464679914735E-16,1.0));
#5219=ORIENTED_EDGE('',*,*,#8764,.F.);
#5220=ORIENTED_EDGE('',*,*,#8765,.T.);
#5221=ORIENTED_EDGE('',*,*,#8766,.F.);
#5222=ORIENTED_EDGE('',*,*,#8767,.F.);
#5223=ORIENTED_EDGE('',*,*,#8768,.T.);
#5224=CARTESIAN_POINT('',(-4.05064517898216,0.501131584263401,-2.71033494370929));
#5225=DIRECTION('',(0.00436330928475086,-0.999990480720734,2.81287192691821E-10));
#5226=DIRECTION('',(0.999990480720734,0.00436330928475086,-1.22997865414173E-16));
#5227=ORIENTED_EDGE('',*,*,#8769,.F.);
#5228=ORIENTED_EDGE('',*,*,#8766,.T.);
#5229=ORIENTED_EDGE('',*,*,#8770,.F.);
#5230=ORIENTED_EDGE('',*,*,#8771,.F.);
#5231=ORIENTED_EDGE('',*,*,#8772,.T.);
#5232=CARTESIAN_POINT('',(-4.30998371651525,-0.3000000007572,-2.71033494348394));
#5233=DIRECTION('',(1.0,-1.49975978266186E-32,-1.22464679914735E-16));
#5234=DIRECTION('',(0.0,1.0,-1.22464679914735E-16));
#5235=ORIENTED_EDGE('',*,*,#8773,.T.);
#5236=ORIENTED_EDGE('',*,*,#8774,.F.);
#5237=ORIENTED_EDGE('',*,*,#8772,.F.);
#5238=ORIENTED_EDGE('',*,*,#8775,.F.);
#5239=CARTESIAN_POINT('',(-3.41914865711268,-0.2999999991511,2.99966505651606));
#5240=DIRECTION('',(4.38199714746501E-16,2.81290249698165E-10,1.0));
#5241=DIRECTION('',(-3.44481053948239E-26,1.0,-2.81290249698165E-10));
#5242=ORIENTED_EDGE('',*,*,#8776,.T.);
#5243=ORIENTED_EDGE('',*,*,#8777,.T.);
#5244=ORIENTED_EDGE('',*,*,#8778,.F.);
#5245=ORIENTED_EDGE('',*,*,#8779,.F.);
#5246=ORIENTED_EDGE('',*,*,#8780,.T.);
#5247=CARTESIAN_POINT('',(10.109985562289,14.0933955989036,2.23602656227806));
#5248=DIRECTION('',(0.00436326774998309,0.999980961713314,-0.00436326774997786));
#5249=DIRECTION('',(1.22720985204042E-12,-0.00436330928475205,-0.999990480720734));
#5250=ORIENTED_EDGE('',*,*,#8781,.F.);
#5251=ORIENTED_EDGE('',*,*,#8782,.F.);
#5252=ORIENTED_EDGE('',*,*,#8783,.F.);
#5253=ORIENTED_EDGE('',*,*,#8784,.F.);
#5254=CARTESIAN_POINT('',(-3.52785753195672,1.7706444772608,1.62953887135336));
#5255=DIRECTION('',(-0.00436326774997222,0.999980961713314,0.0043632677499819));
#5256=DIRECTION('',(-1.22463514139247E-16,0.00436330928475074,-0.999990480720734));
#5257=ORIENTED_EDGE('',*,*,#8785,.T.);
#5258=ORIENTED_EDGE('',*,*,#8786,.F.);
#5259=ORIENTED_EDGE('',*,*,#8773,.F.);
#5260=ORIENTED_EDGE('',*,*,#8787,.F.);
#5261=ORIENTED_EDGE('',*,*,#8788,.T.);
#5262=ORIENTED_EDGE('',*,*,#8789,.F.);
#5263=ORIENTED_EDGE('',*,*,#8790,.T.);
#5264=ORIENTED_EDGE('',*,*,#8791,.F.);
#5265=CARTESIAN_POINT('',(8.17001628348485,0.3000000008489,2.99966505634729));
#5266=DIRECTION('',(-1.22464679914735E-16,-2.81290773192066E-10,-1.0));
#5267=DIRECTION('',(3.44481695043369E-26,-1.0,2.81290773192066E-10));
#5268=ORIENTED_EDGE('',*,*,#8792,.T.);
#5269=ORIENTED_EDGE('',*,*,#8793,.F.);
#5270=ORIENTED_EDGE('',*,*,#8762,.T.);
#5271=ORIENTED_EDGE('',*,*,#8758,.F.);
#5272=ORIENTED_EDGE('',*,*,#8794,.F.);
#5273=CARTESIAN_POINT('',(8.57001628348485,0.496811948796199,-4.78740071225449));
#5274=DIRECTION('',(5.34351274926007E-19,-0.999990480720734,0.00436330928475098));
#5275=DIRECTION('',(1.22463514139247E-16,0.00436330928475098,0.999990480720734));
#5276=ORIENTED_EDGE('',*,*,#8795,.T.);
#5277=ORIENTED_EDGE('',*,*,#8796,.F.);
#5278=ORIENTED_EDGE('',*,*,#8770,.T.);
#5279=ORIENTED_EDGE('',*,*,#8765,.F.);
#5280=ORIENTED_EDGE('',*,*,#8797,.F.);
#5281=CARTESIAN_POINT('',(-4.04714956082317,-0.300000001414402,-5.04675809381909));
#5282=DIRECTION('',(1.32371296784743E-15,-2.81294207711699E-10,-1.0));
#5283=DIRECTION('',(3.44485901116844E-26,-1.0,2.81294207711699E-10));
#5284=ORIENTED_EDGE('',*,*,#8798,.F.);
#5285=ORIENTED_EDGE('',*,*,#8799,.T.);
#5286=ORIENTED_EDGE('',*,*,#8800,.F.);
#5287=ORIENTED_EDGE('',*,*,#8785,.F.);
#5288=CARTESIAN_POINT('',(3.00001628347787,-0.300000001194802,-4.26592303500751));
#5289=DIRECTION('',(-1.0,2.18764157975414E-26,1.22464679919912E-16));
#5290=DIRECTION('',(-2.18764007999436E-26,-1.0,1.22464679914735E-16));
#5291=ORIENTED_EDGE('',*,*,#8801,.F.);
#5292=ORIENTED_EDGE('',*,*,#8802,.F.);
#5293=ORIENTED_EDGE('',*,*,#8792,.F.);
#5294=ORIENTED_EDGE('',*,*,#8788,.F.);
#5295=ORIENTED_EDGE('',*,*,#8803,.F.);
#5296=ORIENTED_EDGE('',*,*,#8804,.F.);
#5297=ORIENTED_EDGE('',*,*,#8805,.T.);
#5298=ORIENTED_EDGE('',*,*,#8777,.F.);
#5299=ORIENTED_EDGE('',*,*,#8806,.F.);
#5300=CARTESIAN_POINT('',(10.049363803203,0.200000001116199,3.94966505637541));
#5301=DIRECTION('',(1.03455250290506E-15,-2.81290413004095E-10,-1.0));
#5302=DIRECTION('',(3.44481253940323E-26,-1.0,2.81290413004095E-10));
#5303=ORIENTED_EDGE('',*,*,#8807,.F.);
#5304=ORIENTED_EDGE('',*,*,#8808,.F.);
#5305=ORIENTED_EDGE('',*,*,#8778,.T.);
#5306=ORIENTED_EDGE('',*,*,#8805,.F.);
#5307=ORIENTED_EDGE('',*,*,#8809,.F.);
#5308=CARTESIAN_POINT('',(10.3100162834847,0.200000000651201,2.29664832156251));
#5309=DIRECTION('',(1.0,1.52655666615988E-16,4.21434401002729E-15));
#5310=DIRECTION('',(-4.21434401002729E-15,1.22464679914735E-16,1.0));
#5311=ORIENTED_EDGE('',*,*,#8810,.F.);
#5312=ORIENTED_EDGE('',*,*,#8811,.F.);
#5313=ORIENTED_EDGE('',*,*,#8812,.T.);
#5314=ORIENTED_EDGE('',*,*,#8813,.F.);
#5315=CARTESIAN_POINT('',(9.52802926746377,1.80253935744506,1.88965207278888));
#5316=DIRECTION('',(0.00436326774998309,0.999980961713314,-0.00436326774998015));
#5317=DIRECTION('',(1.22720984730974E-12,-0.00436330928475435,-0.999990480720734));
#5318=ORIENTED_EDGE('',*,*,#8814,.F.);
#5319=ORIENTED_EDGE('',*,*,#8815,.T.);
#5320=ORIENTED_EDGE('',*,*,#8816,.F.);
#5321=ORIENTED_EDGE('',*,*,#8817,.F.);
#5322=CARTESIAN_POINT('',(-4.05632123462139,1.80197945980436,2.2896583230039));
#5323=DIRECTION('',(-0.00436326774998308,0.999980961713314,-0.00436326774998014));
#5324=DIRECTION('',(-1.22745481833281E-12,-0.00436330928475433,-0.999990480720734));
#5325=ORIENTED_EDGE('',*,*,#8818,.T.);
#5326=ORIENTED_EDGE('',*,*,#8819,.F.);
#5327=ORIENTED_EDGE('',*,*,#8795,.F.);
#5328=ORIENTED_EDGE('',*,*,#8820,.F.);
#5329=ORIENTED_EDGE('',*,*,#8821,.F.);
#5330=ORIENTED_EDGE('',*,*,#8803,.T.);
#5331=ORIENTED_EDGE('',*,*,#8822,.F.);
#5332=ORIENTED_EDGE('',*,*,#8823,.F.);
#5333=CARTESIAN_POINT('',(10.0563351061715,1.79769481265146,2.81965309414227));
#5334=DIRECTION('',(0.00436326774997335,0.999980961713314,0.00436326774997761));
#5335=DIRECTION('',(-0.999990480720734,0.00436330928474219,1.21908642543096E-16));
#5336=ORIENTED_EDGE('',*,*,#8824,.F.);
#5337=ORIENTED_EDGE('',*,*,#8825,.F.);
#5338=ORIENTED_EDGE('',*,*,#8814,.T.);
#5339=ORIENTED_EDGE('',*,*,#8826,.F.);
#5340=CARTESIAN_POINT('',(-4.04933123623354,0.200000001116199,3.9496650563754));
#5341=DIRECTION('',(1.32363790323758E-15,-2.81290413004095E-10,-1.0));
#5342=DIRECTION('',(3.44481253940323E-26,-1.0,2.81290413004095E-10));
#5343=ORIENTED_EDGE('',*,*,#8827,.F.);
#5344=ORIENTED_EDGE('',*,*,#8828,.T.);
#5345=ORIENTED_EDGE('',*,*,#8829,.F.);
#5346=ORIENTED_EDGE('',*,*,#8830,.F.);
#5347=ORIENTED_EDGE('',*,*,#8818,.F.);
#5348=CARTESIAN_POINT('',(10.3100162834847,-0.300000001340501,-4.78392394217791));
#5349=DIRECTION('',(1.0,-5.52526529556222E-26,-1.22464679914735E-16));
#5350=DIRECTION('',(1.22464679914735E-16,1.22464679914735E-16,1.0));
#5351=ORIENTED_EDGE('',*,*,#8831,.F.);
#5352=ORIENTED_EDGE('',*,*,#8829,.T.);
#5353=ORIENTED_EDGE('',*,*,#8832,.F.);
#5354=ORIENTED_EDGE('',*,*,#8833,.F.);
#5355=ORIENTED_EDGE('',*,*,#8799,.F.);
#5356=CARTESIAN_POINT('',(-2.56998371651525,-0.2999999991511,2.99966505651606));
#5357=DIRECTION('',(1.22464679914735E-16,2.81290249698165E-10,1.0));
#5358=DIRECTION('',(-3.44481053948239E-26,1.0,-2.81290249698165E-10));
#5359=ORIENTED_EDGE('',*,*,#8834,.F.);
#5360=ORIENTED_EDGE('',*,*,#8835,.F.);
#5361=ORIENTED_EDGE('',*,*,#8836,.F.);
#5362=ORIENTED_EDGE('',*,*,#8823,.T.);
#5363=CARTESIAN_POINT('',(10.1100181873406,14.1008726626537,2.81399269639926));
#5364=DIRECTION('',(0.00436330928474656,0.999990480720734,-2.8128717457083E-10));
#5365=DIRECTION('',(-0.999990480720734,0.00436330928474656,1.21929162864322E-16));
#5366=ORIENTED_EDGE('',*,*,#8071,.F.);
#5367=ORIENTED_EDGE('',*,*,#8837,.F.);
#5368=ORIENTED_EDGE('',*,*,#8838,.F.);
#5369=ORIENTED_EDGE('',*,*,#8839,.F.);
#5370=CARTESIAN_POINT('',(-3.52797800508847,1.79825471008816,1.8896707682081));
#5371=DIRECTION('',(-0.00436326774998308,0.999980961713314,-0.00436326774998014));
#5372=DIRECTION('',(-1.22745481833279E-12,-0.00436330928475433,-0.999990480720734));
#5373=ORIENTED_EDGE('',*,*,#8840,.F.);
#5374=ORIENTED_EDGE('',*,*,#8841,.F.);
#5375=ORIENTED_EDGE('',*,*,#8824,.T.);
#5376=ORIENTED_EDGE('',*,*,#8842,.F.);
#5377=CARTESIAN_POINT('',(-4.10983483678123,14.0663158286951,2.87318539172148));
#5378=DIRECTION('',(-0.00436326774997236,0.999980961713314,0.00436326774997761));
#5379=DIRECTION('',(-0.999990480720734,-0.0043633092847412,1.23026968819328E-16));
#5380=ORIENTED_EDGE('',*,*,#8843,.F.);
#5381=ORIENTED_EDGE('',*,*,#8844,.T.);
#5382=ORIENTED_EDGE('',*,*,#8845,.F.);
#5383=ORIENTED_EDGE('',*,*,#8840,.T.);
#5384=CARTESIAN_POINT('',(-4.05631742705704,1.8011068360218,2.81399269985904));
#5385=DIRECTION('',(-0.00436330928475086,0.999990480720734,-2.81287183800103E-10));
#5386=DIRECTION('',(-0.999990480720734,-0.00436330928475086,1.22997865414173E-16));
#5387=ORIENTED_EDGE('',*,*,#8846,.T.);
#5388=ORIENTED_EDGE('',*,*,#8847,.F.);
#5389=ORIENTED_EDGE('',*,*,#8832,.T.);
#5390=ORIENTED_EDGE('',*,*,#8828,.F.);
#5391=ORIENTED_EDGE('',*,*,#8848,.F.);
#5392=CARTESIAN_POINT('',(-2.56998371651525,14.1008726604425,-4.84676000172552));
#5393=DIRECTION('',(5.3435127492548E-19,-0.999990480720734,0.00436330928474668));
#5394=DIRECTION('',(1.22463514139247E-16,0.00436330928474668,0.999990480720734));
#5395=ORIENTED_EDGE('',*,*,#8849,.F.);
#5396=ORIENTED_EDGE('',*,*,#8850,.F.);
#5397=ORIENTED_EDGE('',*,*,#8851,.T.);
#5398=ORIENTED_EDGE('',*,*,#8852,.F.);
#5399=CARTESIAN_POINT('',(-2.16998371651525,0.3000000008489,2.99966505634729));
#5400=DIRECTION('',(1.22464679914735E-16,2.81290773192066E-10,1.0));
#5401=DIRECTION('',(-3.44481695043369E-26,1.0,-2.81290773192066E-10));
#5402=ORIENTED_EDGE('',*,*,#8853,.F.);
#5403=ORIENTED_EDGE('',*,*,#8854,.F.);
#5404=ORIENTED_EDGE('',*,*,#8849,.T.);
#5405=ORIENTED_EDGE('',*,*,#8846,.F.);
#5406=ORIENTED_EDGE('',*,*,#8855,.F.);
#5407=ORIENTED_EDGE('',*,*,#8622,.T.);
#5408=ORIENTED_EDGE('',*,*,#8856,.F.);
#5409=ORIENTED_EDGE('',*,*,#8857,.F.);
#5410=CARTESIAN_POINT('',(10.1097436578239,14.0379555315687,3.74939242680438));
#5411=DIRECTION('',(-0.00436326774997237,-0.999980961713314,-0.00436326774997763));
#5412=DIRECTION('',(1.22458783474873E-16,-0.00436330928474648,0.999990480720734));
#5413=ORIENTED_EDGE('',*,*,#8858,.T.);
#5414=ORIENTED_EDGE('',*,*,#8859,.F.);
#5415=ORIENTED_EDGE('',*,*,#8860,.F.);
#5416=ORIENTED_EDGE('',*,*,#8861,.F.);
#5417=CARTESIAN_POINT('',(9.52234392741876,1.80000000109388,3.21399270007034));
#5418=DIRECTION('',(5.2617301431783E-31,1.0,4.17406403909366E-15));
#5419=DIRECTION('',(-1.22464679914735E-16,4.17406403909366E-15,-1.0));
#5420=ORIENTED_EDGE('',*,*,#8862,.F.);
#5421=ORIENTED_EDGE('',*,*,#8630,.T.);
#5422=ORIENTED_EDGE('',*,*,#8863,.F.);
#5423=ORIENTED_EDGE('',*,*,#8864,.F.);
#5424=CARTESIAN_POINT('',(-4.10981815309249,14.0624922334,3.74949948904246));
#5425=DIRECTION('',(0.00436326774997238,-0.999980961713314,-0.0043632677499776));
#5426=DIRECTION('',(1.22465879471434E-16,-0.00436330928474645,0.999990480720734));
#5427=ORIENTED_EDGE('',*,*,#8865,.F.);
#5428=ORIENTED_EDGE('',*,*,#8866,.F.);
#5429=ORIENTED_EDGE('',*,*,#8858,.F.);
#5430=ORIENTED_EDGE('',*,*,#8867,.F.);
#5431=CARTESIAN_POINT('',(9.52802827748195,1.80231247213946,3.21967705091963));
#5432=DIRECTION('',(0.00436326774997351,0.999980961713314,0.00436326774997761));
#5433=DIRECTION('',(-0.999990480720734,0.00436330928474235,1.22607341807669E-16));
#5434=ORIENTED_EDGE('',*,*,#8868,.T.);
#5435=ORIENTED_EDGE('',*,*,#8869,.F.);
#5436=ORIENTED_EDGE('',*,*,#8870,.T.);
#5437=ORIENTED_EDGE('',*,*,#8871,.F.);
#5438=CARTESIAN_POINT('',(-3.52231136046302,1.80000000109388,3.21399270007032));
#5439=DIRECTION('',(5.2617301431783E-31,1.0,4.17406403909366E-15));
#5440=DIRECTION('',(-1.22464679914735E-16,4.17406403909366E-15,-1.0));
#5441=ORIENTED_EDGE('',*,*,#8067,.F.);
#5442=ORIENTED_EDGE('',*,*,#8872,.F.);
#5443=ORIENTED_EDGE('',*,*,#8868,.F.);
#5444=ORIENTED_EDGE('',*,*,#8873,.F.);
#5445=CARTESIAN_POINT('',(-3.52797800508813,1.79825471038588,3.21965934548186));
#5446=DIRECTION('',(-0.00436326774997351,0.999980961713314,0.00436326774997761));
#5447=DIRECTION('',(-0.999990480720734,-0.00436330928474235,1.22322119523404E-16));
#5448=ORIENTED_EDGE('',*,*,#8874,.F.);
#5449=ORIENTED_EDGE('',*,*,#8875,.F.);
#5450=ORIENTED_EDGE('',*,*,#8876,.F.);
#5451=ORIENTED_EDGE('',*,*,#8877,.T.);
#5452=CARTESIAN_POINT('',(8.239918427632,1.8219904345848,1.62976291177834));
#5453=DIRECTION('',(-0.00436326774997254,0.999980961713314,0.0043632677499819));
#5454=DIRECTION('',(-1.22463514139247E-16,0.00436330928475074,-0.999990480720734));
#5455=ORIENTED_EDGE('',*,*,#8878,.F.);
#5456=ORIENTED_EDGE('',*,*,#8879,.F.);
#5457=ORIENTED_EDGE('',*,*,#8880,.F.);
#5458=ORIENTED_EDGE('',*,*,#8881,.T.);
#5459=CARTESIAN_POINT('',(-2.23998942796994,1.7982547099211,1.6296593444847));
#5460=DIRECTION('',(0.00436326774997253,0.999980961713314,0.0043632677499819));
#5461=DIRECTION('',(-1.22465879471434E-16,0.00436330928475074,-0.999990480720734));
#5462=ORIENTED_EDGE('',*,*,#8882,.F.);
#5463=ORIENTED_EDGE('',*,*,#8883,.F.);
#5464=ORIENTED_EDGE('',*,*,#8884,.F.);
#5465=ORIENTED_EDGE('',*,*,#8885,.F.);
#5466=CARTESIAN_POINT('',(-2.23998942796954,1.79825471008666,1.88967076822752));
#5467=DIRECTION('',(0.00436326774998309,0.999980961713314,-0.00436326774998013));
#5468=DIRECTION('',(1.22720993435317E-12,-0.00436330928475433,-0.999990480720734));
#5469=ORIENTED_EDGE('',*,*,#8886,.F.);
#5470=ORIENTED_EDGE('',*,*,#8887,.T.);
#5471=ORIENTED_EDGE('',*,*,#8888,.F.);
#5472=ORIENTED_EDGE('',*,*,#8889,.F.);
#5473=ORIENTED_EDGE('',*,*,#8890,.T.);
#5474=CARTESIAN_POINT('',(6.25373597458192,1.81041198884084,2.289621528964));
#5475=DIRECTION('',(-0.00436326774998309,-0.999980961713314,0.00436326774998015));
#5476=DIRECTION('',(-1.22720984730976E-12,0.00436330928475435,0.999990480720734));
#5477=ORIENTED_EDGE('',*,*,#8891,.F.);
#5478=ORIENTED_EDGE('',*,*,#8892,.T.);
#5479=ORIENTED_EDGE('',*,*,#8893,.F.);
#5480=ORIENTED_EDGE('',*,*,#8894,.F.);
#5481=ORIENTED_EDGE('',*,*,#8895,.F.);
#5482=CARTESIAN_POINT('',(-0.24794041768903,0.489640370830799,2.29538451888739));
#5483=DIRECTION('',(0.00436326774998308,-0.999980961713314,0.00436326774998014));
#5484=DIRECTION('',(1.22745481833281E-12,0.00436330928475433,0.999990480720734));
#5485=ORIENTED_EDGE('',*,*,#8896,.F.);
#5486=ORIENTED_EDGE('',*,*,#8897,.F.);
#5487=ORIENTED_EDGE('',*,*,#8898,.T.);
#5488=ORIENTED_EDGE('',*,*,#8887,.F.);
#5489=ORIENTED_EDGE('',*,*,#8899,.F.);
#5490=CARTESIAN_POINT('',(-2.439983716529,-0.299999999348199,2.29882999711351));
#5491=DIRECTION('',(1.0,-1.5265566622011E-16,-1.22464679914735E-16));
#5492=DIRECTION('',(1.22464679914735E-16,1.22464679914735E-16,1.0));
#5493=ORIENTED_EDGE('',*,*,#8900,.F.);
#5494=ORIENTED_EDGE('',*,*,#8901,.F.);
#5495=ORIENTED_EDGE('',*,*,#8888,.T.);
#5496=ORIENTED_EDGE('',*,*,#8898,.F.);
#5497=ORIENTED_EDGE('',*,*,#8902,.F.);
#5498=CARTESIAN_POINT('',(6.24452750670122,-0.2999999988838,3.94966505651606));
#5499=DIRECTION('',(3.67188836495062E-16,2.81290413004095E-10,1.0));
#5500=DIRECTION('',(-3.44481253940324E-26,1.0,-2.81290413004095E-10));
#5501=ORIENTED_EDGE('',*,*,#8903,.F.);
#5502=ORIENTED_EDGE('',*,*,#8904,.F.);
#5503=ORIENTED_EDGE('',*,*,#8905,.T.);
#5504=ORIENTED_EDGE('',*,*,#8892,.F.);
#5505=ORIENTED_EDGE('',*,*,#8906,.F.);
#5506=CARTESIAN_POINT('',(-0.244494939731747,-0.2999999987376,4.46966505651606));
#5507=DIRECTION('',(3.6718883649486E-16,2.81289870903009E-10,1.0));
#5508=DIRECTION('',(-3.44480590057964E-26,1.0,-2.81289870903009E-10));
#5509=ORIENTED_EDGE('',*,*,#8907,.F.);
#5510=ORIENTED_EDGE('',*,*,#8908,.F.);
#5511=ORIENTED_EDGE('',*,*,#8893,.T.);
#5512=ORIENTED_EDGE('',*,*,#8905,.F.);
#5513=ORIENTED_EDGE('',*,*,#8909,.F.);
#5514=CARTESIAN_POINT('',(-2.439983716529,-0.299999999348199,2.29882999711351));
#5515=DIRECTION('',(1.0,-1.5265566622011E-16,-1.22464679914735E-16));
#5516=DIRECTION('',(1.22464679914735E-16,1.22464679914735E-16,1.0));
#5517=ORIENTED_EDGE('',*,*,#8910,.F.);
#5518=ORIENTED_EDGE('',*,*,#8628,.T.);
#5519=ORIENTED_EDGE('',*,*,#8911,.F.);
#5520=ORIENTED_EDGE('',*,*,#8744,.T.);
#5521=CARTESIAN_POINT('',(9.10987927728583,14.0712186883617,-3.84662109167222));
#5522=DIRECTION('',(-0.00436326774998309,-0.999980961713314,0.00436326774997785));
#5523=DIRECTION('',(0.999990480720734,-0.00436330928475193,-1.21929995340309E-16));
#5524=ORIENTED_EDGE('',*,*,#8912,.F.);
#5525=ORIENTED_EDGE('',*,*,#8634,.T.);
#5526=ORIENTED_EDGE('',*,*,#8913,.F.);
#5527=ORIENTED_EDGE('',*,*,#8820,.T.);
#5528=CARTESIAN_POINT('',(-3.10973964805618,14.0466819814691,-3.84651402941206));
#5529=DIRECTION('',(0.00436326774998308,-0.999980961713314,0.00436326774997785));
#5530=DIRECTION('',(0.999990480720734,0.00436330928475192,-1.23001831320339E-16));
#5531=ORIENTED_EDGE('',*,*,#8914,.T.);
#5532=ORIENTED_EDGE('',*,*,#8915,.T.);
#5533=ORIENTED_EDGE('',*,*,#8916,.F.);
#5534=ORIENTED_EDGE('',*,*,#8917,.F.);
#5535=CARTESIAN_POINT('',(-0.69798371651526,0.5000000013037,3.85966505629102));
#5536=DIRECTION('',(-1.21141151531389E-15,-0.00748739253077997,0.999971969083679));
#5537=DIRECTION('',(-1.0,1.78149169680631E-13,1.22464679914713E-16));
#5538=ORIENTED_EDGE('',*,*,#8918,.F.);
#5539=ORIENTED_EDGE('',*,*,#8857,.T.);
#5540=ORIENTED_EDGE('',*,*,#8919,.T.);
#5541=ORIENTED_EDGE('',*,*,#8920,.T.);
#5542=ORIENTED_EDGE('',*,*,#8860,.T.);
#5543=ORIENTED_EDGE('',*,*,#8921,.T.);
#5544=ORIENTED_EDGE('',*,*,#8835,.T.);
#5545=CARTESIAN_POINT('',(3.00001628347787,1.80000000001052,2.99966505592535));
#5546=DIRECTION('',(0.0,1.0,-1.22464679914735E-16));
#5547=DIRECTION('',(-1.22464679914735E-16,-1.22464679914735E-16,-1.0));
#5548=ORIENTED_EDGE('',*,*,#8836,.T.);
#5549=ORIENTED_EDGE('',*,*,#8921,.F.);
#5550=ORIENTED_EDGE('',*,*,#8859,.T.);
#5551=ORIENTED_EDGE('',*,*,#8922,.F.);
#5552=CARTESIAN_POINT('',(-1.346383716529,1.8000000010658,3.01399269985936));
#5553=DIRECTION('',(4.36515183002857E-16,2.81289830623038E-10,1.0));
#5554=DIRECTION('',(0.999999999999377,-1.11646638316083E-06,-1.22464543186961E-16));
#5555=ORIENTED_EDGE('',*,*,#8923,.F.);
#5556=ORIENTED_EDGE('',*,*,#8861,.T.);
#5557=ORIENTED_EDGE('',*,*,#8920,.F.);
#5558=ORIENTED_EDGE('',*,*,#8924,.T.);
#5559=CARTESIAN_POINT('',(9.32234392741875,1.800000001329,3.94966505592534));
#5560=DIRECTION('',(-1.0,-7.8226110916388E-25,-2.65851436375998E-15));
#5561=DIRECTION('',(2.65851436375998E-15,-1.22464679914735E-16,-1.0));
#5562=ORIENTED_EDGE('',*,*,#8925,.F.);
#5563=ORIENTED_EDGE('',*,*,#8926,.T.);
#5564=ORIENTED_EDGE('',*,*,#8864,.T.);
#5565=ORIENTED_EDGE('',*,*,#8927,.T.);
#5566=ORIENTED_EDGE('',*,*,#8844,.F.);
#5567=ORIENTED_EDGE('',*,*,#8928,.F.);
#5568=ORIENTED_EDGE('',*,*,#8870,.F.);
#5569=CARTESIAN_POINT('',(3.00001628347787,1.80000000001052,2.99966505592535));
#5570=DIRECTION('',(0.0,1.0,-1.22464679914735E-16));
#5571=DIRECTION('',(-1.22464679914735E-16,-1.22464679914735E-16,-1.0));
#5572=ORIENTED_EDGE('',*,*,#8929,.F.);
#5573=ORIENTED_EDGE('',*,*,#8925,.T.);
#5574=ORIENTED_EDGE('',*,*,#8869,.T.);
#5575=ORIENTED_EDGE('',*,*,#8930,.F.);
#5576=CARTESIAN_POINT('',(-3.32231136046302,1.8000000010658,3.01399269985936));
#5577=DIRECTION('',(1.0,-1.49975978266186E-32,-1.22464679914735E-16));
#5578=DIRECTION('',(1.22464679914735E-16,1.22464679914735E-16,1.0));
#5579=ORIENTED_EDGE('',*,*,#8931,.F.);
#5580=ORIENTED_EDGE('',*,*,#8871,.T.);
#5581=ORIENTED_EDGE('',*,*,#8928,.T.);
#5582=ORIENTED_EDGE('',*,*,#8843,.T.);
#5583=CARTESIAN_POINT('',(-1.346383716529,1.8000000010658,3.01399269985936));
#5584=DIRECTION('',(4.36515183002857E-16,2.81289830623038E-10,1.0));
#5585=DIRECTION('',(0.999999999999377,-1.11646638316083E-06,-1.22464543186961E-16));
#5586=ORIENTED_EDGE('',*,*,#8932,.T.);
#5587=ORIENTED_EDGE('',*,*,#8933,.T.);
#5588=ORIENTED_EDGE('',*,*,#8934,.T.);
#5589=ORIENTED_EDGE('',*,*,#8935,.T.);
#5590=ORIENTED_EDGE('',*,*,#8936,.T.);
#5591=ORIENTED_EDGE('',*,*,#8641,.T.);
#5592=ORIENTED_EDGE('',*,*,#8937,.T.);
#5593=ORIENTED_EDGE('',*,*,#8645,.T.);
#5594=CARTESIAN_POINT('',(3.00001628347787,1.80000000001052,2.99966505592535));
#5595=DIRECTION('',(0.0,1.0,-1.22464679914735E-16));
#5596=DIRECTION('',(-1.22464679914735E-16,-1.22464679914735E-16,-1.0));
#5597=ORIENTED_EDGE('',*,*,#8938,.F.);
#5598=ORIENTED_EDGE('',*,*,#8935,.F.);
#5599=ORIENTED_EDGE('',*,*,#8939,.T.);
#5600=ORIENTED_EDGE('',*,*,#8940,.T.);
#5601=CARTESIAN_POINT('',(-2.40365607259498,1.800000001329,3.94966505592534));
#5602=DIRECTION('',(4.69724916339683E-15,-2.81289830623038E-10,-1.0));
#5603=DIRECTION('',(1.0,5.75247115275152E-31,4.69724916339684E-15));
#5604=ORIENTED_EDGE('',*,*,#8941,.F.);
#5605=ORIENTED_EDGE('',*,*,#8932,.F.);
#5606=ORIENTED_EDGE('',*,*,#8644,.T.);
#5607=ORIENTED_EDGE('',*,*,#8942,.F.);
#5608=CARTESIAN_POINT('',(8.40368863955072,1.8000000010658,3.01399269985937));
#5609=DIRECTION('',(1.0,7.82261109163878E-25,2.65851436375998E-15));
#5610=DIRECTION('',(7.82260783589767E-25,-1.0,1.22464679914735E-16));
#5611=ORIENTED_EDGE('',*,*,#8646,.T.);
#5612=ORIENTED_EDGE('',*,*,#8937,.F.);
#5613=ORIENTED_EDGE('',*,*,#8640,.T.);
#5614=ORIENTED_EDGE('',*,*,#8943,.F.);
#5615=CARTESIAN_POINT('',(-1.346383716529,1.8000000010658,3.01399269985936));
#5616=DIRECTION('',(4.36515183002857E-16,2.81289830623038E-10,1.0));
#5617=DIRECTION('',(0.999999999999377,-1.11646638316083E-06,-1.22464543186961E-16));
#5618=ORIENTED_EDGE('',*,*,#8944,.F.);
#5619=ORIENTED_EDGE('',*,*,#8945,.F.);
#5620=ORIENTED_EDGE('',*,*,#8946,.F.);
#5621=ORIENTED_EDGE('',*,*,#8654,.F.);
#5622=ORIENTED_EDGE('',*,*,#8947,.F.);
#5623=ORIENTED_EDGE('',*,*,#8658,.F.);
#5624=ORIENTED_EDGE('',*,*,#8948,.F.);
#5625=ORIENTED_EDGE('',*,*,#8949,.F.);
#5626=CARTESIAN_POINT('',(3.00001628347787,1.80000000001052,2.99966505592535));
#5627=DIRECTION('',(0.0,1.0,-1.22464679914735E-16));
#5628=DIRECTION('',(-1.22464679914735E-16,-1.22464679914735E-16,-1.0));
#5629=ORIENTED_EDGE('',*,*,#8659,.T.);
#5630=ORIENTED_EDGE('',*,*,#8947,.T.);
#5631=ORIENTED_EDGE('',*,*,#8653,.T.);
#5632=ORIENTED_EDGE('',*,*,#8950,.F.);
#5633=CARTESIAN_POINT('',(-1.346383716529,1.8000000010658,3.01399269985936));
#5634=DIRECTION('',(4.36515183002857E-16,2.81289830623038E-10,1.0));
#5635=DIRECTION('',(0.999999999999377,-1.11646638316083E-06,-1.22464543186961E-16));
#5636=ORIENTED_EDGE('',*,*,#8951,.F.);
#5637=ORIENTED_EDGE('',*,*,#8655,.T.);
#5638=ORIENTED_EDGE('',*,*,#8946,.T.);
#5639=ORIENTED_EDGE('',*,*,#8952,.T.);
#5640=CARTESIAN_POINT('',(-2.40365607259498,1.8000000010658,3.01399269985936));
#5641=DIRECTION('',(1.0,-1.49975978266186E-32,-1.22464679914735E-16));
#5642=DIRECTION('',(1.22464679914735E-16,1.22464679914735E-16,1.0));
#5643=ORIENTED_EDGE('',*,*,#8953,.T.);
#5644=ORIENTED_EDGE('',*,*,#8949,.T.);
#5645=ORIENTED_EDGE('',*,*,#8954,.T.);
#5646=ORIENTED_EDGE('',*,*,#8955,.F.);
#5647=CARTESIAN_POINT('',(-2.40365607259498,1.800000001329,3.94966505592534));
#5648=DIRECTION('',(4.69724916339683E-15,-2.81289830623038E-10,-1.0));
#5649=DIRECTION('',(1.0,5.75247115275152E-31,4.69724916339684E-15));
#5650=ORIENTED_EDGE('',*,*,#8956,.F.);
#5651=ORIENTED_EDGE('',*,*,#8957,.F.);
#5652=ORIENTED_EDGE('',*,*,#8958,.F.);
#5653=ORIENTED_EDGE('',*,*,#8959,.F.);
#5654=CARTESIAN_POINT('',(-3.81614753848912,0.500000001475201,4.46966505629102));
#5655=DIRECTION('',(2.89262260549178E-16,0.0043633092847467,0.999990480720735));
#5656=DIRECTION('',(1.0,-3.82275780891886E-14,-1.22464679914731E-16));
#5657=ORIENTED_EDGE('',*,*,#8953,.F.);
#5658=ORIENTED_EDGE('',*,*,#8960,.T.);
#5659=ORIENTED_EDGE('',*,*,#8956,.T.);
#5660=ORIENTED_EDGE('',*,*,#8961,.T.);
#5661=ORIENTED_EDGE('',*,*,#8962,.F.);
#5662=ORIENTED_EDGE('',*,*,#8944,.T.);
#5663=CARTESIAN_POINT('',(-1.34798371651526,0.500000001475201,4.46966505629102));
#5664=DIRECTION('',(-1.0,1.6442876556427E-16,3.67188836448658E-16));
#5665=DIRECTION('',(3.67188836448658E-16,1.22464679914735E-16,1.0));
#5666=ORIENTED_EDGE('',*,*,#8963,.F.);
#5667=ORIENTED_EDGE('',*,*,#8964,.F.);
#5668=ORIENTED_EDGE('',*,*,#8965,.F.);
#5669=ORIENTED_EDGE('',*,*,#8966,.F.);
#5670=CARTESIAN_POINT('',(-3.81614753848912,0.500000001475201,4.46966505629102));
#5671=DIRECTION('',(2.89262260549178E-16,0.0043633092847467,0.999990480720735));
#5672=DIRECTION('',(1.0,-3.82275780891886E-14,-1.22464679914731E-16));
#5673=ORIENTED_EDGE('',*,*,#8967,.F.);
#5674=ORIENTED_EDGE('',*,*,#8968,.F.);
#5675=ORIENTED_EDGE('',*,*,#8965,.T.);
#5676=ORIENTED_EDGE('',*,*,#8969,.T.);
#5677=ORIENTED_EDGE('',*,*,#8939,.F.);
#5678=ORIENTED_EDGE('',*,*,#8934,.F.);
#5679=CARTESIAN_POINT('',(7.34801628348474,11.0500000014752,4.46966505332341));
#5680=DIRECTION('',(1.0,8.22143826788775E-17,-3.67188836518037E-16));
#5681=DIRECTION('',(3.67188836518037E-16,1.22464679914735E-16,1.0));
#5682=ORIENTED_EDGE('',*,*,#8970,.F.);
#5683=ORIENTED_EDGE('',*,*,#8961,.F.);
#5684=ORIENTED_EDGE('',*,*,#8959,.T.);
#5685=ORIENTED_EDGE('',*,*,#8971,.T.);
#5686=ORIENTED_EDGE('',*,*,#8917,.T.);
#5687=ORIENTED_EDGE('',*,*,#8972,.F.);
#5688=ORIENTED_EDGE('',*,*,#8966,.T.);
#5689=ORIENTED_EDGE('',*,*,#8968,.T.);
#5690=CARTESIAN_POINT('',(6.04801628348474,11.0500000013938,4.46966505332341));
#5691=DIRECTION('',(0.0,1.0,-1.22464679914735E-16));
#5692=DIRECTION('',(-1.22464679914735E-16,-1.22464679914735E-16,-1.0));
#5693=ORIENTED_EDGE('',*,*,#8735,.T.);
#5694=ORIENTED_EDGE('',*,*,#8973,.T.);
#5695=ORIENTED_EDGE('',*,*,#8490,.T.);
#5696=ORIENTED_EDGE('',*,*,#8974,.F.);
#5697=CARTESIAN_POINT('',(-3.20931136044833,1.7999999998861,-0.423334944074672));
#5698=DIRECTION('',(2.19049995472101E-15,-2.81289830623038E-10,-1.0));
#5699=DIRECTION('',(1.0,2.68258875921762E-31,2.19049995472101E-15));
#5700=ORIENTED_EDGE('',*,*,#8492,.T.);
#5701=ORIENTED_EDGE('',*,*,#8975,.T.);
#5702=ORIENTED_EDGE('',*,*,#8753,.T.);
#5703=ORIENTED_EDGE('',*,*,#8976,.F.);
#5704=CARTESIAN_POINT('',(-3.20931136044833,1.8000000001308,0.446665055925329));
#5705=DIRECTION('',(-1.0,-5.60873631824612E-25,-1.87147034994367E-15));
#5706=DIRECTION('',(1.87147034994367E-15,-1.22464679914735E-16,-1.0));
#5707=ORIENTED_EDGE('',*,*,#8499,.T.);
#5708=ORIENTED_EDGE('',*,*,#8977,.T.);
#5709=ORIENTED_EDGE('',*,*,#8666,.T.);
#5710=ORIENTED_EDGE('',*,*,#8978,.T.);
#5711=CARTESIAN_POINT('',(-3.20931136044833,1.7999999998861,-0.423334944074672));
#5712=DIRECTION('',(2.19049995472101E-15,-2.81289830623038E-10,-1.0));
#5713=DIRECTION('',(1.0,2.68258875921762E-31,2.19049995472101E-15));
#5714=ORIENTED_EDGE('',*,*,#8909,.T.);
#5715=ORIENTED_EDGE('',*,*,#8904,.T.);
#5716=ORIENTED_EDGE('',*,*,#8979,.F.);
#5717=ORIENTED_EDGE('',*,*,#8980,.F.);
#5718=CARTESIAN_POINT('',(3.00001628347787,-0.500000000117841,2.99966505657232));
#5719=DIRECTION('',(0.0,1.0,-1.22464679914735E-16));
#5720=DIRECTION('',(-1.22464679914735E-16,-1.22464679914735E-16,-1.0));
#5721=ORIENTED_EDGE('',*,*,#8981,.T.);
#5722=ORIENTED_EDGE('',*,*,#8982,.F.);
#5723=ORIENTED_EDGE('',*,*,#8983,.F.);
#5724=ORIENTED_EDGE('',*,*,#8984,.T.);
#5725=CARTESIAN_POINT('',(-3.029983716529,-1.8199999995927,1.42966505694361));
#5726=DIRECTION('',(-4.03859866058371E-16,-2.81290232494732E-10,-1.0));
#5727=DIRECTION('',(1.0,-4.94585692272463E-32,-4.03859866058371E-16));
#5728=ORIENTED_EDGE('',*,*,#8985,.T.);
#5729=ORIENTED_EDGE('',*,*,#8984,.F.);
#5730=ORIENTED_EDGE('',*,*,#8986,.F.);
#5731=ORIENTED_EDGE('',*,*,#8055,.F.);
#5732=CARTESIAN_POINT('',(-3.029983716529,-1.8199999989598,3.67966505694361));
#5733=DIRECTION('',(-1.0,1.52655665965114E-16,4.03859866015431E-16));
#5734=DIRECTION('',(4.03859866015431E-16,1.22464679914735E-16,1.0));
#5735=ORIENTED_EDGE('',*,*,#8987,.F.);
#5736=ORIENTED_EDGE('',*,*,#8982,.T.);
#5737=ORIENTED_EDGE('',*,*,#8988,.T.);
#5738=ORIENTED_EDGE('',*,*,#8989,.F.);
#5739=CARTESIAN_POINT('',(-2.679983716529,-1.8199999995927,1.42966505694361));
#5740=DIRECTION('',(1.0,-1.52655665992223E-16,-5.00233392458587E-16));
#5741=DIRECTION('',(5.00233392458587E-16,1.22464679914735E-16,1.0));
#5742=ORIENTED_EDGE('',*,*,#8986,.T.);
#5743=ORIENTED_EDGE('',*,*,#8983,.T.);
#5744=ORIENTED_EDGE('',*,*,#8987,.T.);
#5745=ORIENTED_EDGE('',*,*,#8990,.F.);
#5746=ORIENTED_EDGE('',*,*,#8056,.F.);
#5747=CARTESIAN_POINT('',(-3.029983716529,-1.8199999995927,1.42966505694361));
#5748=DIRECTION('',(4.26080736501286E-16,0.500000000243604,0.866025403643794));
#5749=DIRECTION('',(1.0,-6.40046424980202E-16,-1.22464679914735E-16));
#5750=ORIENTED_EDGE('',*,*,#8991,.T.);
#5751=ORIENTED_EDGE('',*,*,#8992,.F.);
#5752=ORIENTED_EDGE('',*,*,#8993,.F.);
#5753=ORIENTED_EDGE('',*,*,#8994,.F.);
#5754=CARTESIAN_POINT('',(-3.029983716529,-1.819999999227,2.72966505694361));
#5755=DIRECTION('',(8.60366043947004E-16,2.81290232494732E-10,1.0));
#5756=DIRECTION('',(0.999999999996559,-2.62327518002995E-06,-1.22464358655759E-16));
#5757=ORIENTED_EDGE('',*,*,#8995,.F.);
#5758=ORIENTED_EDGE('',*,*,#8996,.T.);
#5759=ORIENTED_EDGE('',*,*,#8997,.T.);
#5760=ORIENTED_EDGE('',*,*,#8998,.F.);
#5761=CARTESIAN_POINT('',(-3.979983716529,-1.8199999993255,2.37966505694361));
#5762=DIRECTION('',(-4.03859866058371E-16,-2.81290232494732E-10,-1.0));
#5763=DIRECTION('',(1.0,-4.94585692272463E-32,-4.03859866058371E-16));
#5764=ORIENTED_EDGE('',*,*,#8993,.T.);
#5765=ORIENTED_EDGE('',*,*,#8999,.T.);
#5766=ORIENTED_EDGE('',*,*,#8995,.T.);
#5767=ORIENTED_EDGE('',*,*,#9000,.F.);
#5768=CARTESIAN_POINT('',(-3.979983716529,-1.819999999227,2.72966505694361));
#5769=DIRECTION('',(0.866025403784439,0.5,-1.40645331865038E-10));
#5770=DIRECTION('',(0.5,-0.866025403784439,4.4825183915123E-17));
#5771=ORIENTED_EDGE('',*,*,#9001,.T.);
#5772=ORIENTED_EDGE('',*,*,#8996,.F.);
#5773=ORIENTED_EDGE('',*,*,#8999,.F.);
#5774=ORIENTED_EDGE('',*,*,#8992,.T.);
#5775=CARTESIAN_POINT('',(-3.979983716529,-1.819999999227,2.72966505694361));
#5776=DIRECTION('',(-1.0,1.52655665921546E-16,2.48973841374644E-16));
#5777=DIRECTION('',(1.52655665921546E-16,1.0,-1.22464679914735E-16));
#5778=ORIENTED_EDGE('',*,*,#9002,.F.);
#5779=ORIENTED_EDGE('',*,*,#9003,.T.);
#5780=ORIENTED_EDGE('',*,*,#9004,.T.);
#5781=ORIENTED_EDGE('',*,*,#8059,.F.);
#5782=CARTESIAN_POINT('',(-3.029983716529,-1.8199999989598,3.67966505694361));
#5783=DIRECTION('',(-1.0,1.52655665965114E-16,4.03859866015431E-16));
#5784=DIRECTION('',(4.03859866015431E-16,1.22464679914735E-16,1.0));
#5785=ORIENTED_EDGE('',*,*,#9005,.T.);
#5786=ORIENTED_EDGE('',*,*,#9006,.F.);
#5787=ORIENTED_EDGE('',*,*,#9007,.F.);
#5788=ORIENTED_EDGE('',*,*,#9008,.F.);
#5789=CARTESIAN_POINT('',(-2.679983716529,-1.8199999995927,1.42966505694361));
#5790=DIRECTION('',(1.0,-1.52655665992223E-16,-5.00233392458587E-16));
#5791=DIRECTION('',(5.00233392458587E-16,1.22464679914735E-16,1.0));
#5792=ORIENTED_EDGE('',*,*,#9007,.T.);
#5793=ORIENTED_EDGE('',*,*,#9009,.T.);
#5794=ORIENTED_EDGE('',*,*,#9002,.T.);
#5795=ORIENTED_EDGE('',*,*,#8058,.F.);
#5796=ORIENTED_EDGE('',*,*,#9010,.F.);
#5797=CARTESIAN_POINT('',(-2.679983716529,-1.8199999989598,3.67966505694361));
#5798=DIRECTION('',(-2.73425070649775E-16,0.499999999756396,-0.866025403925084));
#5799=DIRECTION('',(6.12323399275347E-17,0.866025403925084,0.499999999756396));
#5800=ORIENTED_EDGE('',*,*,#9011,.T.);
#5801=ORIENTED_EDGE('',*,*,#9003,.F.);
#5802=ORIENTED_EDGE('',*,*,#9009,.F.);
#5803=ORIENTED_EDGE('',*,*,#9006,.T.);
#5804=CARTESIAN_POINT('',(-2.679983716529,-1.8199999989598,3.67966505694361));
#5805=DIRECTION('',(4.03859866058371E-16,2.81290232494732E-10,1.0));
#5806=DIRECTION('',(0.9999999999995,-1.00037355068556E-06,-1.22464557404247E-16));
#5807=ORIENTED_EDGE('',*,*,#9012,.F.);
#5808=ORIENTED_EDGE('',*,*,#8652,.T.);
#5809=ORIENTED_EDGE('',*,*,#8951,.T.);
#5810=ORIENTED_EDGE('',*,*,#9013,.F.);
#5811=ORIENTED_EDGE('',*,*,#9014,.F.);
#5812=ORIENTED_EDGE('',*,*,#9015,.T.);
#5813=CARTESIAN_POINT('',(-2.397983716529,1.8000000008546,3.01966505592535));
#5814=DIRECTION('',(0.999990480720735,-0.00436330928474672,1.22718558666922E-12));
#5815=DIRECTION('',(-1.22719673434637E-12,1.22464679914735E-16,1.0));
#5816=ORIENTED_EDGE('',*,*,#8950,.T.);
#5817=ORIENTED_EDGE('',*,*,#8650,.T.);
#5818=ORIENTED_EDGE('',*,*,#9016,.F.);
#5819=ORIENTED_EDGE('',*,*,#9017,.T.);
#5820=ORIENTED_EDGE('',*,*,#9018,.F.);
#5821=ORIENTED_EDGE('',*,*,#8662,.T.);
#5822=CARTESIAN_POINT('',(-1.346383716529,1.8000000008499,3.01966505689732));
#5823=DIRECTION('',(1.22463514139152E-16,-0.00436330928474645,0.999990480720735));
#5824=DIRECTION('',(-1.0,2.18764172063812E-26,1.22464679914735E-16));
#5825=ORIENTED_EDGE('',*,*,#8661,.T.);
#5826=ORIENTED_EDGE('',*,*,#9019,.F.);
#5827=ORIENTED_EDGE('',*,*,#9020,.F.);
#5828=ORIENTED_EDGE('',*,*,#8907,.T.);
#5829=ORIENTED_EDGE('',*,*,#8980,.T.);
#5830=ORIENTED_EDGE('',*,*,#9021,.T.);
#5831=ORIENTED_EDGE('',*,*,#9022,.T.);
#5832=ORIENTED_EDGE('',*,*,#8954,.F.);
#5833=ORIENTED_EDGE('',*,*,#8948,.T.);
#5834=ORIENTED_EDGE('',*,*,#8657,.T.);
#5835=CARTESIAN_POINT('',(-1.346383716529,1.10489876971153E-09,3.90966505643167));
#5836=DIRECTION('',(-1.0,1.52655665965114E-16,4.03859866015431E-16));
#5837=DIRECTION('',(4.03859866015431E-16,1.22464679914735E-16,1.0));
#5838=ORIENTED_EDGE('',*,*,#8979,.T.);
#5839=ORIENTED_EDGE('',*,*,#8903,.T.);
#5840=ORIENTED_EDGE('',*,*,#9023,.T.);
#5841=ORIENTED_EDGE('',*,*,#9024,.T.);
#5842=ORIENTED_EDGE('',*,*,#9021,.F.);
#5843=CARTESIAN_POINT('',(-0.0479837165289985,1.10489876971153E-09,3.90966505643167));
#5844=DIRECTION('',(4.92581739769542E-16,2.81290232494732E-10,1.0));
#5845=DIRECTION('',(0.999999999999134,-1.31578411987163E-06,-1.22464518777548E-16));
#5846=ORIENTED_EDGE('',*,*,#8894,.T.);
#5847=ORIENTED_EDGE('',*,*,#8908,.T.);
#5848=ORIENTED_EDGE('',*,*,#9020,.T.);
#5849=ORIENTED_EDGE('',*,*,#9025,.F.);
#5850=ORIENTED_EDGE('',*,*,#9026,.T.);
#5851=ORIENTED_EDGE('',*,*,#9027,.T.);
#5852=ORIENTED_EDGE('',*,*,#8885,.T.);
#5853=ORIENTED_EDGE('',*,*,#9028,.F.);
#5854=CARTESIAN_POINT('',(-2.439983716529,1.80000000059768,2.08966505675717));
#5855=DIRECTION('',(-2.41116521161348E-16,-0.0043633092847467,-0.999990480720735));
#5856=DIRECTION('',(1.0,-2.9528538676585E-32,-2.41118816438698E-16));
#5857=ORIENTED_EDGE('',*,*,#9029,.T.);
#5858=ORIENTED_EDGE('',*,*,#9030,.T.);
#5859=ORIENTED_EDGE('',*,*,#8880,.T.);
#5860=ORIENTED_EDGE('',*,*,#9031,.F.);
#5861=ORIENTED_EDGE('',*,*,#8883,.T.);
#5862=ORIENTED_EDGE('',*,*,#9032,.T.);
#5863=CARTESIAN_POINT('',(-2.439983716529,1.8000000004073,1.42966505592534));
#5864=DIRECTION('',(0.999990480720735,-0.00436330928474672,1.22695242713123E-12));
#5865=DIRECTION('',(-1.22696357258885E-12,1.22464679914735E-16,1.0));
#5866=ORIENTED_EDGE('',*,*,#9033,.F.);
#5867=ORIENTED_EDGE('',*,*,#8755,.T.);
#5868=ORIENTED_EDGE('',*,*,#9034,.F.);
#5869=ORIENTED_EDGE('',*,*,#8705,.T.);
#5870=ORIENTED_EDGE('',*,*,#8704,.T.);
#5871=ORIENTED_EDGE('',*,*,#8732,.T.);
#5872=CARTESIAN_POINT('',(-4.309983716529,1.30800806874558E-10,0.446665056431659));
#5873=DIRECTION('',(-5.67513024169391E-16,-2.81290232494732E-10,-1.0));
#5874=DIRECTION('',(1.0,-6.95003008523479E-32,-5.67513024169391E-16));
#5875=ORIENTED_EDGE('',*,*,#9035,.F.);
#5876=ORIENTED_EDGE('',*,*,#8053,.T.);
#5877=ORIENTED_EDGE('',*,*,#8072,.T.);
#5878=ORIENTED_EDGE('',*,*,#8839,.T.);
#5879=ORIENTED_EDGE('',*,*,#9036,.F.);
#5880=ORIENTED_EDGE('',*,*,#8781,.T.);
#5881=CARTESIAN_POINT('',(-3.327983716529,1.800000000593,2.08966505592533));
#5882=DIRECTION('',(-0.999990480720735,-0.00436330928474642,1.22841722514505E-12));
#5883=DIRECTION('',(-1.22464679914529E-16,-2.81505316601067E-10,-1.0));
#5884=ORIENTED_EDGE('',*,*,#8817,.T.);
#5885=ORIENTED_EDGE('',*,*,#9037,.F.);
#5886=ORIENTED_EDGE('',*,*,#8837,.T.);
#5887=ORIENTED_EDGE('',*,*,#8070,.T.);
#5888=ORIENTED_EDGE('',*,*,#9038,.T.);
#5889=ORIENTED_EDGE('',*,*,#9039,.F.);
#5890=CARTESIAN_POINT('',(-2.439983716529,1.80000000059768,2.08966505675717));
#5891=DIRECTION('',(-2.41116521161348E-16,-0.0043633092847467,-0.999990480720735));
#5892=DIRECTION('',(1.0,-2.9528538676585E-32,-2.41118816438698E-16));
#5893=ORIENTED_EDGE('',*,*,#8068,.F.);
#5894=ORIENTED_EDGE('',*,*,#8873,.T.);
#5895=ORIENTED_EDGE('',*,*,#8931,.T.);
#5896=ORIENTED_EDGE('',*,*,#8842,.T.);
#5897=ORIENTED_EDGE('',*,*,#9040,.F.);
#5898=ORIENTED_EDGE('',*,*,#9041,.T.);
#5899=CARTESIAN_POINT('',(-1.346383716529,1.8000000008499,3.01966505689732));
#5900=DIRECTION('',(1.22463514139152E-16,-0.00436330928474645,0.999990480720735));
#5901=DIRECTION('',(-1.0,2.18764172063812E-26,1.22464679914735E-16));
#5902=ORIENTED_EDGE('',*,*,#8930,.T.);
#5903=ORIENTED_EDGE('',*,*,#8872,.T.);
#5904=ORIENTED_EDGE('',*,*,#8066,.F.);
#5905=ORIENTED_EDGE('',*,*,#8061,.T.);
#5906=ORIENTED_EDGE('',*,*,#9042,.F.);
#5907=ORIENTED_EDGE('',*,*,#9043,.T.);
#5908=CARTESIAN_POINT('',(-3.327983716529,1.800000000593,2.08966505592533));
#5909=DIRECTION('',(-0.999990480720735,-0.00436330928474642,1.22841722514505E-12));
#5910=DIRECTION('',(-1.22464679914529E-16,-2.81505316601067E-10,-1.0));
#5911=ORIENTED_EDGE('',*,*,#9019,.T.);
#5912=ORIENTED_EDGE('',*,*,#8660,.T.);
#5913=ORIENTED_EDGE('',*,*,#9018,.T.);
#5914=ORIENTED_EDGE('',*,*,#9044,.F.);
#5915=ORIENTED_EDGE('',*,*,#9025,.T.);
#5916=CARTESIAN_POINT('',(3.00001628347787,3.79939827904667E-10,-1.43033494356834));
#5917=DIRECTION('',(0.0,-1.0,1.22464679914735E-16));
#5918=DIRECTION('',(-1.0,1.49975978266186E-32,1.22464679914735E-16));
#5919=ORIENTED_EDGE('',*,*,#8063,.T.);
#5920=ORIENTED_EDGE('',*,*,#9045,.T.);
#5921=ORIENTED_EDGE('',*,*,#9032,.F.);
#5922=ORIENTED_EDGE('',*,*,#8882,.T.);
#5923=ORIENTED_EDGE('',*,*,#9027,.F.);
#5924=ORIENTED_EDGE('',*,*,#9046,.T.);
#5925=ORIENTED_EDGE('',*,*,#9016,.T.);
#5926=ORIENTED_EDGE('',*,*,#8649,.T.);
#5927=ORIENTED_EDGE('',*,*,#9012,.T.);
#5928=ORIENTED_EDGE('',*,*,#9047,.T.);
#5929=ORIENTED_EDGE('',*,*,#8065,.T.);
#5930=ORIENTED_EDGE('',*,*,#9048,.F.);
#5931=ORIENTED_EDGE('',*,*,#9049,.F.);
#5932=CARTESIAN_POINT('',(-2.849983716529,-3.4299999992762,2.55466505748979));
#5933=DIRECTION('',(1.14793382101055E-32,1.0,-9.41188259387898E-17));
#5934=DIRECTION('',(-4.04974153181166E-16,-9.41188259387898E-17,-1.0));
#5935=ORIENTED_EDGE('',*,*,#8057,.T.);
#5936=ORIENTED_EDGE('',*,*,#9047,.F.);
#5937=ORIENTED_EDGE('',*,*,#9015,.F.);
#5938=ORIENTED_EDGE('',*,*,#9050,.T.);
#5939=ORIENTED_EDGE('',*,*,#9008,.T.);
#5940=ORIENTED_EDGE('',*,*,#9010,.T.);
#5941=CARTESIAN_POINT('',(-2.849983716529,-4.2299999992762,2.55466505688607));
#5942=DIRECTION('',(-9.25645680029025E-32,-1.0,-6.33382378058042E-16));
#5943=DIRECTION('',(-1.22464679893265E-16,6.33382378058042E-16,-1.0));
#5944=ORIENTED_EDGE('',*,*,#8994,.T.);
#5945=ORIENTED_EDGE('',*,*,#9000,.T.);
#5946=ORIENTED_EDGE('',*,*,#8998,.T.);
#5947=ORIENTED_EDGE('',*,*,#9051,.T.);
#5948=ORIENTED_EDGE('',*,*,#9038,.F.);
#5949=ORIENTED_EDGE('',*,*,#8069,.F.);
#5950=ORIENTED_EDGE('',*,*,#9041,.F.);
#5951=ORIENTED_EDGE('',*,*,#9052,.T.);
#5952=CARTESIAN_POINT('',(-2.849983716529,-4.2299999992762,2.55466505688607));
#5953=DIRECTION('',(-9.25645680029025E-32,-1.0,-6.33382378058042E-16));
#5954=DIRECTION('',(-1.22464679893265E-16,6.33382378058042E-16,-1.0));
#5955=ORIENTED_EDGE('',*,*,#8051,.T.);
#5956=ORIENTED_EDGE('',*,*,#8990,.T.);
#5957=ORIENTED_EDGE('',*,*,#8989,.T.);
#5958=ORIENTED_EDGE('',*,*,#9053,.T.);
#5959=ORIENTED_EDGE('',*,*,#9029,.F.);
#5960=ORIENTED_EDGE('',*,*,#9045,.F.);
#5961=CARTESIAN_POINT('',(-2.849983716529,-4.2299999992762,2.55466505688607));
#5962=DIRECTION('',(-9.25645680029025E-32,-1.0,-6.33382378058042E-16));
#5963=DIRECTION('',(-1.22464679893265E-16,6.33382378058042E-16,-1.0));
#5964=ORIENTED_EDGE('',*,*,#9044,.T.);
#5965=ORIENTED_EDGE('',*,*,#9017,.F.);
#5966=ORIENTED_EDGE('',*,*,#9046,.F.);
#5967=ORIENTED_EDGE('',*,*,#9026,.F.);
#5968=CARTESIAN_POINT('',(-2.849983716529,-4.2299999992762,2.55466505688607));
#5969=DIRECTION('',(-9.25645680029025E-32,-1.0,-6.33382378058042E-16));
#5970=DIRECTION('',(-1.22464679893265E-16,6.33382378058042E-16,-1.0));
#5971=ORIENTED_EDGE('',*,*,#9011,.F.);
#5972=ORIENTED_EDGE('',*,*,#9005,.F.);
#5973=ORIENTED_EDGE('',*,*,#9050,.F.);
#5974=ORIENTED_EDGE('',*,*,#9014,.T.);
#5975=ORIENTED_EDGE('',*,*,#9054,.T.);
#5976=ORIENTED_EDGE('',*,*,#9042,.T.);
#5977=ORIENTED_EDGE('',*,*,#8060,.F.);
#5978=ORIENTED_EDGE('',*,*,#9004,.F.);
#5979=CARTESIAN_POINT('',(3.00001628347787,3.79939827904667E-10,-1.43033494356834));
#5980=DIRECTION('',(0.0,-1.0,1.22464679914735E-16));
#5981=DIRECTION('',(-1.0,1.49975978266186E-32,1.22464679914735E-16));
#5982=ORIENTED_EDGE('',*,*,#8826,.T.);
#5983=ORIENTED_EDGE('',*,*,#9039,.T.);
#5984=ORIENTED_EDGE('',*,*,#9051,.F.);
#5985=ORIENTED_EDGE('',*,*,#8997,.F.);
#5986=ORIENTED_EDGE('',*,*,#9001,.F.);
#5987=ORIENTED_EDGE('',*,*,#8991,.F.);
#5988=ORIENTED_EDGE('',*,*,#9052,.F.);
#5989=ORIENTED_EDGE('',*,*,#9040,.T.);
#5990=CARTESIAN_POINT('',(3.00001628347787,3.79939827904667E-10,-1.43033494356834));
#5991=DIRECTION('',(0.0,-1.0,1.22464679914735E-16));
#5992=DIRECTION('',(-1.0,1.49975978266186E-32,1.22464679914735E-16));
#5993=ORIENTED_EDGE('',*,*,#9023,.F.);
#5994=ORIENTED_EDGE('',*,*,#8906,.T.);
#5995=ORIENTED_EDGE('',*,*,#8891,.T.);
#5996=ORIENTED_EDGE('',*,*,#9055,.F.);
#5997=ORIENTED_EDGE('',*,*,#9056,.F.);
#5998=ORIENTED_EDGE('',*,*,#9057,.T.);
#5999=ORIENTED_EDGE('',*,*,#8914,.F.);
#6000=ORIENTED_EDGE('',*,*,#8971,.F.);
#6001=ORIENTED_EDGE('',*,*,#8958,.T.);
#6002=ORIENTED_EDGE('',*,*,#9058,.T.);
#6003=CARTESIAN_POINT('',(-0.0479837165152577,0.500000001475201,4.46966505629102));
#6004=DIRECTION('',(0.999990480720735,0.00436330928474657,-1.2277234684939E-12));
#6005=DIRECTION('',(0.00436330928474657,-0.999990480720734,1.21929162864322E-16));
#6006=ORIENTED_EDGE('',*,*,#8902,.T.);
#6007=ORIENTED_EDGE('',*,*,#8897,.T.);
#6008=ORIENTED_EDGE('',*,*,#9059,.T.);
#6009=ORIENTED_EDGE('',*,*,#9060,.T.);
#6010=CARTESIAN_POINT('',(3.00001628347787,-0.500000000117841,2.99966505657232));
#6011=DIRECTION('',(0.0,1.0,-1.22464679914735E-16));
#6012=DIRECTION('',(-1.22464679914735E-16,-1.22464679914735E-16,-1.0));
#6013=ORIENTED_EDGE('',*,*,#9061,.F.);
#6014=ORIENTED_EDGE('',*,*,#9062,.F.);
#6015=ORIENTED_EDGE('',*,*,#9063,.T.);
#6016=ORIENTED_EDGE('',*,*,#9064,.T.);
#6017=CARTESIAN_POINT('',(-3.029983716529,-1.8199999995927,1.42966505694361));
#6018=DIRECTION('',(-4.03859866058371E-16,-2.81290232494732E-10,-1.0));
#6019=DIRECTION('',(1.0,-4.94585692272463E-32,-4.03859866058371E-16));
#6020=ORIENTED_EDGE('',*,*,#9065,.F.);
#6021=ORIENTED_EDGE('',*,*,#9066,.T.);
#6022=ORIENTED_EDGE('',*,*,#9067,.T.);
#6023=ORIENTED_EDGE('',*,*,#9062,.T.);
#6024=CARTESIAN_POINT('',(9.03001628348474,-1.8199999989598,3.67966505694363));
#6025=DIRECTION('',(1.0,1.52655666615987E-16,2.47281474260565E-15));
#6026=DIRECTION('',(1.52655666615987E-16,-1.0,1.22464679914735E-16));
#6027=ORIENTED_EDGE('',*,*,#9068,.T.);
#6028=ORIENTED_EDGE('',*,*,#8032,.T.);
#6029=ORIENTED_EDGE('',*,*,#9069,.F.);
#6030=ORIENTED_EDGE('',*,*,#9064,.F.);
#6031=CARTESIAN_POINT('',(8.68001628348475,-1.8199999995927,1.42966505694363));
#6032=DIRECTION('',(-1.0,-1.52655666643095E-16,-2.56918826904881E-15));
#6033=DIRECTION('',(2.56918826904881E-15,-1.22464679914735E-16,-1.0));
#6034=ORIENTED_EDGE('',*,*,#9067,.F.);
#6035=ORIENTED_EDGE('',*,*,#9070,.T.);
#6036=ORIENTED_EDGE('',*,*,#8033,.T.);
#6037=ORIENTED_EDGE('',*,*,#9068,.F.);
#6038=ORIENTED_EDGE('',*,*,#9063,.F.);
#6039=CARTESIAN_POINT('',(-3.029983716529,-1.8199999995927,1.42966505694361));
#6040=DIRECTION('',(4.26080736501286E-16,0.500000000243604,0.866025403643794));
#6041=DIRECTION('',(1.0,-6.40046424980202E-16,-1.22464679914735E-16));
#6042=ORIENTED_EDGE('',*,*,#9071,.F.);
#6043=ORIENTED_EDGE('',*,*,#9072,.T.);
#6044=ORIENTED_EDGE('',*,*,#9073,.T.);
#6045=ORIENTED_EDGE('',*,*,#9074,.T.);
#6046=CARTESIAN_POINT('',(-3.029983716529,-1.819999999227,2.72966505694361));
#6047=DIRECTION('',(8.60366043947004E-16,2.81290232494732E-10,1.0));
#6048=DIRECTION('',(0.999999999996559,-2.62327518002995E-06,-1.22464358655759E-16));
#6049=ORIENTED_EDGE('',*,*,#9075,.T.);
#6050=ORIENTED_EDGE('',*,*,#9076,.T.);
#6051=ORIENTED_EDGE('',*,*,#9077,.F.);
#6052=ORIENTED_EDGE('',*,*,#9078,.F.);
#6053=CARTESIAN_POINT('',(-3.979983716529,-1.8199999993255,2.37966505694361));
#6054=DIRECTION('',(-4.03859866058371E-16,-2.81290232494732E-10,-1.0));
#6055=DIRECTION('',(1.0,-4.94585692272463E-32,-4.03859866058371E-16));
#6056=ORIENTED_EDGE('',*,*,#9073,.F.);
#6057=ORIENTED_EDGE('',*,*,#9079,.T.);
#6058=ORIENTED_EDGE('',*,*,#9075,.F.);
#6059=ORIENTED_EDGE('',*,*,#9080,.F.);
#6060=CARTESIAN_POINT('',(9.98001628348474,-1.819999999227,2.72966505694363));
#6061=DIRECTION('',(-0.866025403784439,0.5,-1.4064712363252E-10));
#6062=DIRECTION('',(-1.22464679891812E-16,-2.81294459380088E-10,-1.0));
#6063=ORIENTED_EDGE('',*,*,#9081,.F.);
#6064=ORIENTED_EDGE('',*,*,#9074,.F.);
#6065=ORIENTED_EDGE('',*,*,#9080,.T.);
#6066=ORIENTED_EDGE('',*,*,#9078,.T.);
#6067=CARTESIAN_POINT('',(9.98001628348474,-1.819999999227,2.72966505694363));
#6068=DIRECTION('',(1.0,1.52655666572419E-16,2.31792871796487E-15));
#6069=DIRECTION('',(1.52655666572419E-16,-1.0,1.22464679914735E-16));
#6070=ORIENTED_EDGE('',*,*,#9082,.T.);
#6071=ORIENTED_EDGE('',*,*,#9083,.T.);
#6072=ORIENTED_EDGE('',*,*,#9084,.F.);
#6073=ORIENTED_EDGE('',*,*,#9085,.F.);
#6074=CARTESIAN_POINT('',(9.03001628348474,-1.8199999989598,3.67966505694363));
#6075=DIRECTION('',(1.0,1.52655666615987E-16,2.47281474260565E-15));
#6076=DIRECTION('',(1.52655666615987E-16,-1.0,1.22464679914735E-16));
#6077=ORIENTED_EDGE('',*,*,#9086,.F.);
#6078=ORIENTED_EDGE('',*,*,#8036,.T.);
#6079=ORIENTED_EDGE('',*,*,#9087,.T.);
#6080=ORIENTED_EDGE('',*,*,#9088,.T.);
#6081=CARTESIAN_POINT('',(8.68001628348475,-1.8199999995927,1.42966505694363));
#6082=DIRECTION('',(-1.0,-1.52655666643095E-16,-2.56918826904881E-15));
#6083=DIRECTION('',(2.56918826904881E-15,-1.22464679914735E-16,-1.0));
#6084=ORIENTED_EDGE('',*,*,#9087,.F.);
#6085=ORIENTED_EDGE('',*,*,#8035,.T.);
#6086=ORIENTED_EDGE('',*,*,#9089,.T.);
#6087=ORIENTED_EDGE('',*,*,#9082,.F.);
#6088=ORIENTED_EDGE('',*,*,#9090,.F.);
#6089=CARTESIAN_POINT('',(-2.679983716529,-1.8199999989598,3.67966505694361));
#6090=DIRECTION('',(-2.73425070649775E-16,0.499999999756396,-0.866025403925084));
#6091=DIRECTION('',(6.12323399275347E-17,0.866025403925084,0.499999999756396));
#6092=ORIENTED_EDGE('',*,*,#9091,.F.);
#6093=ORIENTED_EDGE('',*,*,#9088,.F.);
#6094=ORIENTED_EDGE('',*,*,#9090,.T.);
#6095=ORIENTED_EDGE('',*,*,#9085,.T.);
#6096=CARTESIAN_POINT('',(-2.679983716529,-1.8199999989598,3.67966505694361));
#6097=DIRECTION('',(4.03859866058371E-16,2.81290232494732E-10,1.0));
#6098=DIRECTION('',(0.9999999999995,-1.00037355068556E-06,-1.22464557404247E-16));
#6099=ORIENTED_EDGE('',*,*,#8942,.T.);
#6100=ORIENTED_EDGE('',*,*,#8647,.T.);
#6101=ORIENTED_EDGE('',*,*,#8043,.T.);
#6102=ORIENTED_EDGE('',*,*,#8038,.F.);
#6103=ORIENTED_EDGE('',*,*,#9092,.T.);
#6104=ORIENTED_EDGE('',*,*,#9093,.T.);
#6105=CARTESIAN_POINT('',(8.39801628348474,1.8000000008546,3.01966505592535));
#6106=DIRECTION('',(-0.999990480720735,-0.00436330928474672,1.22511665148758E-12));
#6107=DIRECTION('',(-1.22464679914529E-16,-2.80748878438617E-10,-1.0));
#6108=ORIENTED_EDGE('',*,*,#8943,.T.);
#6109=ORIENTED_EDGE('',*,*,#8637,.T.);
#6110=ORIENTED_EDGE('',*,*,#9094,.T.);
#6111=ORIENTED_EDGE('',*,*,#9095,.F.);
#6112=ORIENTED_EDGE('',*,*,#8045,.T.);
#6113=ORIENTED_EDGE('',*,*,#8648,.T.);
#6114=CARTESIAN_POINT('',(-1.346383716529,1.8000000008499,3.01966505689732));
#6115=DIRECTION('',(1.22463514139152E-16,-0.00436330928474645,0.999990480720735));
#6116=DIRECTION('',(-1.0,2.18764172063812E-26,1.22464679914735E-16));
#6117=ORIENTED_EDGE('',*,*,#9096,.T.);
#6118=ORIENTED_EDGE('',*,*,#8639,.T.);
#6119=ORIENTED_EDGE('',*,*,#8642,.T.);
#6120=ORIENTED_EDGE('',*,*,#8936,.F.);
#6121=ORIENTED_EDGE('',*,*,#8938,.T.);
#6122=ORIENTED_EDGE('',*,*,#9097,.T.);
#6123=ORIENTED_EDGE('',*,*,#9098,.F.);
#6124=ORIENTED_EDGE('',*,*,#9059,.F.);
#6125=ORIENTED_EDGE('',*,*,#8896,.T.);
#6126=ORIENTED_EDGE('',*,*,#9099,.T.);
#6127=CARTESIAN_POINT('',(7.34641628348474,1.10489876971153E-09,3.90966505643167));
#6128=DIRECTION('',(1.0,1.52655666615987E-16,2.47281474260565E-15));
#6129=DIRECTION('',(1.52655666615987E-16,-1.0,1.22464679914735E-16));
#6130=ORIENTED_EDGE('',*,*,#9100,.F.);
#6131=ORIENTED_EDGE('',*,*,#8900,.T.);
#6132=ORIENTED_EDGE('',*,*,#9060,.F.);
#6133=ORIENTED_EDGE('',*,*,#9098,.T.);
#6134=ORIENTED_EDGE('',*,*,#9101,.T.);
#6135=CARTESIAN_POINT('',(-0.0479837165289985,1.10489876971153E-09,3.90966505643167));
#6136=DIRECTION('',(4.92581739769542E-16,2.81290232494732E-10,1.0));
#6137=DIRECTION('',(0.999999999999134,-1.31578411987163E-06,-1.22464518777548E-16));
#6138=ORIENTED_EDGE('',*,*,#8886,.T.);
#6139=ORIENTED_EDGE('',*,*,#9102,.T.);
#6140=ORIENTED_EDGE('',*,*,#8073,.T.);
#6141=ORIENTED_EDGE('',*,*,#8047,.F.);
#6142=ORIENTED_EDGE('',*,*,#9103,.F.);
#6143=ORIENTED_EDGE('',*,*,#9104,.T.);
#6144=ORIENTED_EDGE('',*,*,#9099,.F.);
#6145=ORIENTED_EDGE('',*,*,#8899,.T.);
#6146=CARTESIAN_POINT('',(-2.439983716529,1.80000000059768,2.08966505675717));
#6147=DIRECTION('',(-2.41116521161348E-16,-0.0043633092847467,-0.999990480720735));
#6148=DIRECTION('',(1.0,-2.9528538676585E-32,-2.41118816438698E-16));
#6149=ORIENTED_EDGE('',*,*,#9105,.F.);
#6150=ORIENTED_EDGE('',*,*,#8030,.F.);
#6151=ORIENTED_EDGE('',*,*,#8050,.F.);
#6152=ORIENTED_EDGE('',*,*,#8075,.T.);
#6153=ORIENTED_EDGE('',*,*,#9106,.F.);
#6154=ORIENTED_EDGE('',*,*,#8874,.T.);
#6155=CARTESIAN_POINT('',(8.44001628348474,1.8000000004073,1.42966505592536));
#6156=DIRECTION('',(-0.999990480720735,-0.00436330928474672,1.22488349194959E-12));
#6157=DIRECTION('',(-1.22464679914529E-16,-2.80695442039138E-10,-1.0));
#6158=ORIENTED_EDGE('',*,*,#9107,.T.);
#6159=ORIENTED_EDGE('',*,*,#8694,.T.);
#6160=ORIENTED_EDGE('',*,*,#8684,.T.);
#6161=ORIENTED_EDGE('',*,*,#8682,.T.);
#6162=ORIENTED_EDGE('',*,*,#9108,.T.);
#6163=ORIENTED_EDGE('',*,*,#8497,.T.);
#6164=CARTESIAN_POINT('',(-4.309983716529,1.30800806874558E-10,0.446665056431659));
#6165=DIRECTION('',(-5.67513024169391E-16,-2.81290232494732E-10,-1.0));
#6166=DIRECTION('',(1.0,-6.95003008523479E-32,-5.67513024169391E-16));
#6167=ORIENTED_EDGE('',*,*,#9109,.F.);
#6168=ORIENTED_EDGE('',*,*,#9110,.T.);
#6169=ORIENTED_EDGE('',*,*,#8748,.T.);
#6170=ORIENTED_EDGE('',*,*,#9111,.T.);
#6171=ORIENTED_EDGE('',*,*,#8811,.T.);
#6172=ORIENTED_EDGE('',*,*,#9112,.F.);
#6173=CARTESIAN_POINT('',(9.32801628348474,1.800000000593,2.08966505592535));
#6174=DIRECTION('',(0.999990480720735,-0.00436330928474642,1.23048616032669E-12));
#6175=DIRECTION('',(-1.23049733942322E-12,1.22464679914735E-16,1.0));
#6176=ORIENTED_EDGE('',*,*,#8808,.T.);
#6177=ORIENTED_EDGE('',*,*,#9113,.F.);
#6178=ORIENTED_EDGE('',*,*,#9114,.F.);
#6179=ORIENTED_EDGE('',*,*,#8813,.T.);
#6180=ORIENTED_EDGE('',*,*,#9115,.T.);
#6181=ORIENTED_EDGE('',*,*,#8779,.T.);
#6182=CARTESIAN_POINT('',(-2.439983716529,1.80000000059768,2.08966505675717));
#6183=DIRECTION('',(-2.41116521161348E-16,-0.0043633092847467,-0.999990480720735));
#6184=DIRECTION('',(1.0,-2.9528538676585E-32,-2.41118816438698E-16));
#6185=ORIENTED_EDGE('',*,*,#8922,.T.);
#6186=ORIENTED_EDGE('',*,*,#8866,.T.);
#6187=ORIENTED_EDGE('',*,*,#9116,.T.);
#6188=ORIENTED_EDGE('',*,*,#9117,.F.);
#6189=ORIENTED_EDGE('',*,*,#9118,.T.);
#6190=ORIENTED_EDGE('',*,*,#8821,.T.);
#6191=CARTESIAN_POINT('',(-1.346383716529,1.8000000008499,3.01966505689732));
#6192=DIRECTION('',(1.22463514139152E-16,-0.00436330928474645,0.999990480720735));
#6193=DIRECTION('',(-1.0,2.18764172063812E-26,1.22464679914735E-16));
#6194=ORIENTED_EDGE('',*,*,#9119,.T.);
#6195=ORIENTED_EDGE('',*,*,#8867,.T.);
#6196=ORIENTED_EDGE('',*,*,#8923,.T.);
#6197=ORIENTED_EDGE('',*,*,#9120,.F.);
#6198=ORIENTED_EDGE('',*,*,#9121,.T.);
#6199=ORIENTED_EDGE('',*,*,#9122,.F.);
#6200=CARTESIAN_POINT('',(9.32801628348474,1.800000000593,2.08966505592535));
#6201=DIRECTION('',(0.999990480720735,-0.00436330928474642,1.23048616032669E-12));
#6202=DIRECTION('',(-1.23049733942322E-12,1.22464679914735E-16,1.0));
#6203=ORIENTED_EDGE('',*,*,#9096,.F.);
#6204=ORIENTED_EDGE('',*,*,#9104,.F.);
#6205=ORIENTED_EDGE('',*,*,#9123,.T.);
#6206=ORIENTED_EDGE('',*,*,#9094,.F.);
#6207=ORIENTED_EDGE('',*,*,#8636,.T.);
#6208=CARTESIAN_POINT('',(3.00001628347787,3.79939827904667E-10,-1.43033494356834));
#6209=DIRECTION('',(0.0,-1.0,1.22464679914735E-16));
#6210=DIRECTION('',(-1.0,1.49975978266186E-32,1.22464679914735E-16));
#6211=ORIENTED_EDGE('',*,*,#8040,.T.);
#6212=ORIENTED_EDGE('',*,*,#9124,.F.);
#6213=ORIENTED_EDGE('',*,*,#9112,.T.);
#6214=ORIENTED_EDGE('',*,*,#8810,.T.);
#6215=ORIENTED_EDGE('',*,*,#9114,.T.);
#6216=ORIENTED_EDGE('',*,*,#9125,.F.);
#6217=ORIENTED_EDGE('',*,*,#9116,.F.);
#6218=ORIENTED_EDGE('',*,*,#8865,.T.);
#6219=ORIENTED_EDGE('',*,*,#9119,.F.);
#6220=ORIENTED_EDGE('',*,*,#9126,.F.);
#6221=ORIENTED_EDGE('',*,*,#8042,.T.);
#6222=ORIENTED_EDGE('',*,*,#9127,.F.);
#6223=ORIENTED_EDGE('',*,*,#9128,.F.);
#6224=CARTESIAN_POINT('',(8.85001628348474,-3.4299999992762,2.55466505748948));
#6225=DIRECTION('',(-7.00712366058888E-32,1.0,-9.41188259387902E-17));
#6226=DIRECTION('',(2.4720100747486E-15,-9.41188259387902E-17,-1.0));
#6227=ORIENTED_EDGE('',*,*,#8034,.T.);
#6228=ORIENTED_EDGE('',*,*,#9126,.T.);
#6229=ORIENTED_EDGE('',*,*,#9122,.T.);
#6230=ORIENTED_EDGE('',*,*,#9129,.F.);
#6231=ORIENTED_EDGE('',*,*,#9083,.F.);
#6232=ORIENTED_EDGE('',*,*,#9089,.F.);
#6233=CARTESIAN_POINT('',(8.85001628348474,-4.2299999992762,2.55466505688608));
#6234=DIRECTION('',(2.14241094738518E-30,-1.0,-6.33382378058042E-16));
#6235=DIRECTION('',(2.83445033593336E-15,6.33382378058042E-16,-1.0));
#6236=ORIENTED_EDGE('',*,*,#9072,.F.);
#6237=ORIENTED_EDGE('',*,*,#9130,.F.);
#6238=ORIENTED_EDGE('',*,*,#9117,.T.);
#6239=ORIENTED_EDGE('',*,*,#9125,.T.);
#6240=ORIENTED_EDGE('',*,*,#9113,.T.);
#6241=ORIENTED_EDGE('',*,*,#8807,.T.);
#6242=ORIENTED_EDGE('',*,*,#9131,.F.);
#6243=ORIENTED_EDGE('',*,*,#9076,.F.);
#6244=ORIENTED_EDGE('',*,*,#9079,.F.);
#6245=CARTESIAN_POINT('',(8.85001628348474,-4.2299999992762,2.55466505688608));
#6246=DIRECTION('',(2.14241094738518E-30,-1.0,-6.33382378058042E-16));
#6247=DIRECTION('',(2.83445033593336E-15,6.33382378058042E-16,-1.0));
#6248=ORIENTED_EDGE('',*,*,#8028,.T.);
#6249=ORIENTED_EDGE('',*,*,#9070,.F.);
#6250=ORIENTED_EDGE('',*,*,#9066,.F.);
#6251=ORIENTED_EDGE('',*,*,#9132,.F.);
#6252=ORIENTED_EDGE('',*,*,#9109,.T.);
#6253=ORIENTED_EDGE('',*,*,#9124,.T.);
#6254=CARTESIAN_POINT('',(8.85001628348474,-4.2299999992762,2.55466505688608));
#6255=DIRECTION('',(2.14241094738518E-30,-1.0,-6.33382378058042E-16));
#6256=DIRECTION('',(2.83445033593336E-15,6.33382378058042E-16,-1.0));
#6257=ORIENTED_EDGE('',*,*,#9123,.F.);
#6258=ORIENTED_EDGE('',*,*,#9103,.T.);
#6259=ORIENTED_EDGE('',*,*,#8046,.T.);
#6260=ORIENTED_EDGE('',*,*,#9095,.T.);
#6261=CARTESIAN_POINT('',(8.85001628348474,-4.2299999992762,2.55466505688608));
#6262=DIRECTION('',(2.14241094738518E-30,-1.0,-6.33382378058042E-16));
#6263=DIRECTION('',(2.83445033593336E-15,6.33382378058042E-16,-1.0));
#6264=ORIENTED_EDGE('',*,*,#9091,.T.);
#6265=ORIENTED_EDGE('',*,*,#9084,.T.);
#6266=ORIENTED_EDGE('',*,*,#9129,.T.);
#6267=ORIENTED_EDGE('',*,*,#9121,.F.);
#6268=ORIENTED_EDGE('',*,*,#9133,.F.);
#6269=ORIENTED_EDGE('',*,*,#9092,.F.);
#6270=ORIENTED_EDGE('',*,*,#8037,.T.);
#6271=ORIENTED_EDGE('',*,*,#9086,.T.);
#6272=CARTESIAN_POINT('',(3.00001628347787,3.79939827904667E-10,-1.43033494356834));
#6273=DIRECTION('',(0.0,-1.0,1.22464679914735E-16));
#6274=DIRECTION('',(-1.0,1.49975978266186E-32,1.22464679914735E-16));
#6275=ORIENTED_EDGE('',*,*,#8809,.T.);
#6276=ORIENTED_EDGE('',*,*,#8804,.T.);
#6277=ORIENTED_EDGE('',*,*,#9118,.F.);
#6278=ORIENTED_EDGE('',*,*,#9130,.T.);
#6279=ORIENTED_EDGE('',*,*,#9071,.T.);
#6280=ORIENTED_EDGE('',*,*,#9081,.T.);
#6281=ORIENTED_EDGE('',*,*,#9077,.T.);
#6282=ORIENTED_EDGE('',*,*,#9131,.T.);
#6283=CARTESIAN_POINT('',(3.00001628347787,3.79939827904667E-10,-1.43033494356834));
#6284=DIRECTION('',(0.0,-1.0,1.22464679914735E-16));
#6285=DIRECTION('',(-1.0,1.49975978266186E-32,1.22464679914735E-16));
#6286=ORIENTED_EDGE('',*,*,#9134,.F.);
#6287=ORIENTED_EDGE('',*,*,#9135,.T.);
#6288=ORIENTED_EDGE('',*,*,#8889,.T.);
#6289=ORIENTED_EDGE('',*,*,#8901,.T.);
#6290=ORIENTED_EDGE('',*,*,#9100,.T.);
#6291=ORIENTED_EDGE('',*,*,#9136,.F.);
#6292=ORIENTED_EDGE('',*,*,#8963,.T.);
#6293=ORIENTED_EDGE('',*,*,#8972,.T.);
#6294=ORIENTED_EDGE('',*,*,#8916,.T.);
#6295=ORIENTED_EDGE('',*,*,#9137,.F.);
#6296=CARTESIAN_POINT('',(6.04801628348474,0.500000001475201,4.46966505629102));
#6297=DIRECTION('',(-0.999990480720735,0.00436330928474657,-1.22698909781167E-12));
#6298=DIRECTION('',(-1.22464679914735E-16,-2.81234146205402E-10,-1.0));
#6299=ORIENTED_EDGE('',*,*,#9138,.T.);
#6300=ORIENTED_EDGE('',*,*,#9139,.T.);
#6301=ORIENTED_EDGE('',*,*,#9140,.T.);
#6302=CARTESIAN_POINT('',(3.00001628347787,2.64999999950628,2.99966505568522));
#6303=DIRECTION('',(0.0,1.0,-1.22464679914735E-16));
#6304=DIRECTION('',(-1.22464679914735E-16,-1.22464679914735E-16,-1.0));
#6305=ORIENTED_EDGE('',*,*,#9141,.F.);
#6306=ORIENTED_EDGE('',*,*,#9142,.F.);
#6307=ORIENTED_EDGE('',*,*,#9143,.F.);
#6308=ORIENTED_EDGE('',*,*,#9144,.F.);
#6309=ORIENTED_EDGE('',*,*,#9145,.F.);
#6310=ORIENTED_EDGE('',*,*,#9146,.F.);
#6311=ORIENTED_EDGE('',*,*,#9147,.F.);
#6312=ORIENTED_EDGE('',*,*,#9148,.F.);
#6313=ORIENTED_EDGE('',*,*,#9149,.F.);
#6314=ORIENTED_EDGE('',*,*,#9150,.F.);
#6315=ORIENTED_EDGE('',*,*,#9151,.F.);
#6316=ORIENTED_EDGE('',*,*,#9152,.F.);
#6317=ORIENTED_EDGE('',*,*,#9153,.F.);
#6318=ORIENTED_EDGE('',*,*,#9154,.F.);
#6319=CARTESIAN_POINT('',(5.8812282767281,2.7499999995165,-1.93639190702102));
#6320=DIRECTION('',(0.0,1.0,-1.22464679914735E-16));
#6321=DIRECTION('',(-1.22464679914735E-16,-1.22464679914735E-16,-1.0));
#6322=ORIENTED_EDGE('',*,*,#9138,.F.);
#6323=ORIENTED_EDGE('',*,*,#9155,.F.);
#6324=ORIENTED_EDGE('',*,*,#9142,.T.);
#6325=ORIENTED_EDGE('',*,*,#9156,.T.);
#6326=CARTESIAN_POINT('',(5.80865648618756,2.7499999995517,-1.61196756491576));
#6327=DIRECTION('',(-1.22464679914735E-16,-1.22464679914735E-16,-1.0));
#6328=DIRECTION('',(0.0,1.0,-1.22464679914735E-16));
#6329=ORIENTED_EDGE('',*,*,#9157,.F.);
#6330=ORIENTED_EDGE('',*,*,#9158,.F.);
#6331=ORIENTED_EDGE('',*,*,#9145,.T.);
#6332=ORIENTED_EDGE('',*,*,#9159,.T.);
#6333=CARTESIAN_POINT('',(5.67001628348486,2.7499999995829,-1.50094782807366));
#6334=DIRECTION('',(-1.0,1.49975978266186E-32,1.22464679914735E-16));
#6335=DIRECTION('',(2.80259692864963E-48,-1.0,1.22464679914735E-16));
#6336=ORIENTED_EDGE('',*,*,#9160,.F.);
#6337=ORIENTED_EDGE('',*,*,#9161,.F.);
#6338=ORIENTED_EDGE('',*,*,#9146,.T.);
#6339=ORIENTED_EDGE('',*,*,#9158,.T.);
#6340=CARTESIAN_POINT('',(6.09244026997134,2.7499999995829,-1.50094782807366));
#6341=DIRECTION('',(1.22464679914735E-16,1.22464679914735E-16,1.0));
#6342=DIRECTION('',(-1.0,1.49975978266186E-32,1.22464679914735E-16));
#6343=ORIENTED_EDGE('',*,*,#9162,.F.);
#6344=ORIENTED_EDGE('',*,*,#9163,.F.);
#6345=ORIENTED_EDGE('',*,*,#9147,.T.);
#6346=ORIENTED_EDGE('',*,*,#9161,.T.);
#6347=CARTESIAN_POINT('',(6.09244026997134,2.7499999995517,-1.61196756491576));
#6348=DIRECTION('',(-1.0,2.63870337667572E-31,2.15466482132881E-15));
#6349=DIRECTION('',(2.15466482132881E-15,1.22464679914735E-16,1.0));
#6350=ORIENTED_EDGE('',*,*,#9164,.F.);
#6351=ORIENTED_EDGE('',*,*,#9165,.F.);
#6352=ORIENTED_EDGE('',*,*,#9148,.T.);
#6353=ORIENTED_EDGE('',*,*,#9163,.T.);
#6354=CARTESIAN_POINT('',(6.23758385105242,2.7499999996553,-1.24354651228418));
#6355=DIRECTION('',(1.22464679914735E-16,1.22464679914735E-16,1.0));
#6356=DIRECTION('',(-1.0,1.49975978266186E-32,1.22464679914735E-16));
#6357=ORIENTED_EDGE('',*,*,#9166,.F.);
#6358=ORIENTED_EDGE('',*,*,#9167,.F.);
#6359=ORIENTED_EDGE('',*,*,#9149,.T.);
#6360=ORIENTED_EDGE('',*,*,#9165,.T.);
#6361=CARTESIAN_POINT('',(6.23758385105242,2.7499999993709,-2.25505967017891));
#6362=DIRECTION('',(1.0,-1.49975978266186E-32,-1.22464679914735E-16));
#6363=DIRECTION('',(1.22464679914735E-16,1.22464679914735E-16,1.0));
#6364=ORIENTED_EDGE('',*,*,#9168,.F.);
#6365=ORIENTED_EDGE('',*,*,#9169,.F.);
#6366=ORIENTED_EDGE('',*,*,#9150,.T.);
#6367=ORIENTED_EDGE('',*,*,#9167,.T.);
#6368=CARTESIAN_POINT('',(6.09244026997134,2.7499999995829,-1.50094782807366));
#6369=DIRECTION('',(1.22464679914735E-16,1.22464679914735E-16,1.0));
#6370=DIRECTION('',(-1.0,1.49975978266186E-32,1.22464679914735E-16));
#6371=ORIENTED_EDGE('',*,*,#9170,.F.);
#6372=ORIENTED_EDGE('',*,*,#9171,.F.);
#6373=ORIENTED_EDGE('',*,*,#9151,.T.);
#6374=ORIENTED_EDGE('',*,*,#9169,.T.);
#6375=CARTESIAN_POINT('',(6.37001628348486,2.7499999995517,-1.61196756491576));
#6376=DIRECTION('',(1.0,-1.49975978266186E-32,-1.22464679914735E-16));
#6377=DIRECTION('',(1.22464679914735E-16,1.22464679914735E-16,1.0));
#6378=ORIENTED_EDGE('',*,*,#9172,.F.);
#6379=ORIENTED_EDGE('',*,*,#9173,.F.);
#6380=ORIENTED_EDGE('',*,*,#9152,.T.);
#6381=ORIENTED_EDGE('',*,*,#9171,.T.);
#6382=CARTESIAN_POINT('',(5.80865648618756,2.7499999995517,-1.61196756491576));
#6383=DIRECTION('',(-1.22464679914735E-16,-1.22464679914735E-16,-1.0));
#6384=DIRECTION('',(0.0,1.0,-1.22464679914735E-16));
#6385=ORIENTED_EDGE('',*,*,#9174,.F.);
#6386=ORIENTED_EDGE('',*,*,#9175,.F.);
#6387=ORIENTED_EDGE('',*,*,#9153,.T.);
#6388=ORIENTED_EDGE('',*,*,#9173,.T.);
#6389=CARTESIAN_POINT('',(6.23758385105242,2.7499999993709,-2.25505967017891));
#6390=DIRECTION('',(1.0,-1.49975978266186E-32,-1.22464679914735E-16));
#6391=DIRECTION('',(1.22464679914735E-16,1.22464679914735E-16,1.0));
#6392=ORIENTED_EDGE('',*,*,#9176,.F.);
#6393=ORIENTED_EDGE('',*,*,#9177,.F.);
#6394=ORIENTED_EDGE('',*,*,#9154,.T.);
#6395=ORIENTED_EDGE('',*,*,#9175,.T.);
#6396=CARTESIAN_POINT('',(6.09244026997134,2.7499999993709,-2.25505967017891));
#6397=DIRECTION('',(-6.09835235974174E-15,-1.22464679914735E-16,-1.0));
#6398=DIRECTION('',(0.0,1.0,-1.22464679914735E-16));
#6399=ORIENTED_EDGE('',*,*,#9178,.F.);
#6400=ORIENTED_EDGE('',*,*,#9159,.F.);
#6401=ORIENTED_EDGE('',*,*,#9144,.T.);
#6402=ORIENTED_EDGE('',*,*,#9177,.T.);
#6403=CARTESIAN_POINT('',(5.67001628348486,2.7499999995501,-1.61772414386312));
#6404=DIRECTION('',(-0.833536046323442,-6.76574586165865E-17,-0.552465075348193));
#6405=DIRECTION('',(0.0,1.0,-1.22464679914735E-16));
#6406=ORIENTED_EDGE('',*,*,#9140,.F.);
#6407=ORIENTED_EDGE('',*,*,#9179,.F.);
#6408=ORIENTED_EDGE('',*,*,#9143,.T.);
#6409=ORIENTED_EDGE('',*,*,#9155,.T.);
#6410=CARTESIAN_POINT('',(6.09244026997134,2.7499999994317,-2.03877677544207));
#6411=DIRECTION('',(0.832730158670527,6.78061267967482E-17,0.553679043165405));
#6412=DIRECTION('',(-1.05105322683787E-32,-1.0,1.22464679914735E-16));
#6413=ORIENTED_EDGE('',*,*,#9139,.F.);
#6414=ORIENTED_EDGE('',*,*,#9156,.F.);
#6415=ORIENTED_EDGE('',*,*,#9141,.T.);
#6416=ORIENTED_EDGE('',*,*,#9179,.T.);
#6417=CARTESIAN_POINT('',(6.09244026997134,2.7499999995517,-1.61196756491576));
#6418=DIRECTION('',(-1.0,2.63870337667572E-31,2.15466482132881E-15));
#6419=DIRECTION('',(2.15466482132881E-15,1.22464679914735E-16,1.0));
#6420=ORIENTED_EDGE('',*,*,#9180,.T.);
#6421=ORIENTED_EDGE('',*,*,#9181,.T.);
#6422=ORIENTED_EDGE('',*,*,#9182,.T.);
#6423=ORIENTED_EDGE('',*,*,#9183,.T.);
#6424=ORIENTED_EDGE('',*,*,#9184,.T.);
#6425=ORIENTED_EDGE('',*,*,#9185,.T.);
#6426=ORIENTED_EDGE('',*,*,#9186,.T.);
#6427=ORIENTED_EDGE('',*,*,#9187,.T.);
#6428=CARTESIAN_POINT('',(5.8812282767281,2.7499999995165,-1.93639190702102));
#6429=DIRECTION('',(0.0,1.0,-1.22464679914735E-16));
#6430=DIRECTION('',(-1.22464679914735E-16,-1.22464679914735E-16,-1.0));
#6431=ORIENTED_EDGE('',*,*,#9188,.T.);
#6432=ORIENTED_EDGE('',*,*,#9189,.F.);
#6433=ORIENTED_EDGE('',*,*,#9187,.F.);
#6434=ORIENTED_EDGE('',*,*,#9190,.T.);
#6435=ORIENTED_EDGE('',*,*,#9191,.T.);
#6436=ORIENTED_EDGE('',*,*,#9190,.F.);
#6437=ORIENTED_EDGE('',*,*,#9186,.F.);
#6438=ORIENTED_EDGE('',*,*,#9192,.T.);
#6439=CARTESIAN_POINT('',(0.160016283484862,2.7499999993776,-2.2310903719333));
#6440=DIRECTION('',(1.22464679914735E-16,1.22464679914735E-16,1.0));
#6441=DIRECTION('',(-1.0,1.49975978266186E-32,1.22464679914735E-16));
#6442=ORIENTED_EDGE('',*,*,#9193,.T.);
#6443=ORIENTED_EDGE('',*,*,#9192,.F.);
#6444=ORIENTED_EDGE('',*,*,#9185,.F.);
#6445=ORIENTED_EDGE('',*,*,#9194,.T.);
#6446=CARTESIAN_POINT('',(0.160016283484862,2.7499999996621,-1.21930309123154));
#6447=DIRECTION('',(-1.0,-4.04937223015824E-31,-3.30656335604483E-15));
#6448=DIRECTION('',(3.30656335604484E-15,-1.22464679914735E-16,-1.0));
#6449=ORIENTED_EDGE('',*,*,#9195,.T.);
#6450=ORIENTED_EDGE('',*,*,#9194,.F.);
#6451=ORIENTED_EDGE('',*,*,#9184,.F.);
#6452=ORIENTED_EDGE('',*,*,#9196,.T.);
#6453=CARTESIAN_POINT('',(0.00372981133631141,2.7499999996621,-1.21930309123154));
#6454=DIRECTION('',(5.42735499458674E-15,-1.22464679914735E-16,-1.0));
#6455=DIRECTION('',(1.0,6.64659292195706E-31,5.42735499458674E-15));
#6456=ORIENTED_EDGE('',*,*,#9197,.T.);
#6457=ORIENTED_EDGE('',*,*,#9196,.F.);
#6458=ORIENTED_EDGE('',*,*,#9183,.F.);
#6459=ORIENTED_EDGE('',*,*,#9198,.T.);
#6460=CARTESIAN_POINT('',(0.00372981133632,2.7499999994434,-1.99698949474031));
#6461=DIRECTION('',(1.0,3.94760797590051E-31,3.22346653635071E-15));
#6462=DIRECTION('',(-4.48415508583941E-47,-1.0,1.22464679914735E-16));
#6463=ORIENTED_EDGE('',*,*,#9199,.T.);
#6464=ORIENTED_EDGE('',*,*,#9198,.F.);
#6465=ORIENTED_EDGE('',*,*,#9182,.F.);
#6466=ORIENTED_EDGE('',*,*,#9200,.T.);
#6467=CARTESIAN_POINT('',(-0.199983716515139,2.7499999994434,-1.99698949474031));
#6468=DIRECTION('',(4.13528760161689E-15,-1.22464679914735E-16,-1.0));
#6469=DIRECTION('',(1.0,5.06426672487386E-31,4.13528760161689E-15));
#6470=ORIENTED_EDGE('',*,*,#9201,.T.);
#6471=ORIENTED_EDGE('',*,*,#9200,.F.);
#6472=ORIENTED_EDGE('',*,*,#9181,.F.);
#6473=ORIENTED_EDGE('',*,*,#9202,.T.);
#6474=CARTESIAN_POINT('',(-0.199983716515139,2.7499999994237,-2.0671649333368));
#6475=DIRECTION('',(1.0,-1.49975978266186E-32,-1.22464679914735E-16));
#6476=DIRECTION('',(1.22464679914735E-16,1.22464679914735E-16,1.0));
#6477=ORIENTED_EDGE('',*,*,#9203,.T.);
#6478=ORIENTED_EDGE('',*,*,#9202,.F.);
#6479=ORIENTED_EDGE('',*,*,#9180,.F.);
#6480=ORIENTED_EDGE('',*,*,#9189,.T.);
#6481=CARTESIAN_POINT('',(-0.138869658159698,2.7499999994237,-2.0671649333368));
#6482=DIRECTION('',(-1.40700429251908E-14,1.22464679914735E-16,1.0));
#6483=DIRECTION('',(-1.0,-1.72308330322007E-30,-1.40700429251908E-14));
#6484=ORIENTED_EDGE('',*,*,#9204,.T.);
#6485=ORIENTED_EDGE('',*,*,#9205,.T.);
#6486=ORIENTED_EDGE('',*,*,#9206,.T.);
#6487=ORIENTED_EDGE('',*,*,#9207,.F.);
#6488=CARTESIAN_POINT('',(0.48001628348485,2.649999999315,-2.45354651228418));
#6489=DIRECTION('',(1.61225879606207E-15,-2.81290232494732E-10,-1.0));
#6490=DIRECTION('',(1.0,1.97444757399458E-31,1.61225879606207E-15));
#6491=ORIENTED_EDGE('',*,*,#9208,.T.);
#6492=ORIENTED_EDGE('',*,*,#9207,.T.);
#6493=ORIENTED_EDGE('',*,*,#9209,.T.);
#6494=ORIENTED_EDGE('',*,*,#9210,.F.);
#6495=CARTESIAN_POINT('',(6.52001628348486,2.6499999996975,-1.09354651228418));
#6496=DIRECTION('',(1.0,-2.69096027794427E-25,-1.07911365563724E-15));
#6497=DIRECTION('',(1.07911365563724E-15,1.22464679914735E-16,1.0));
#6498=ORIENTED_EDGE('',*,*,#9211,.T.);
#6499=ORIENTED_EDGE('',*,*,#9210,.T.);
#6500=ORIENTED_EDGE('',*,*,#9212,.T.);
#6501=ORIENTED_EDGE('',*,*,#9213,.F.);
#6502=CARTESIAN_POINT('',(-0.519983716515139,2.6499999996975,-1.09354651228417));
#6503=DIRECTION('',(-3.34698227203887E-15,2.81290232494732E-10,1.0));
#6504=DIRECTION('',(0.999999999923936,1.2334052382144E-05,-1.22466190391198E-16));
#6505=ORIENTED_EDGE('',*,*,#9214,.T.);
#6506=ORIENTED_EDGE('',*,*,#9213,.T.);
#6507=ORIENTED_EDGE('',*,*,#9215,.T.);
#6508=ORIENTED_EDGE('',*,*,#9205,.F.);
#6509=CARTESIAN_POINT('',(5.52001628348486,2.649999999315,-2.45354651228418));
#6510=DIRECTION('',(-1.0,-2.69095997799233E-25,-8.34184295807769E-16));
#6511=DIRECTION('',(8.34184295807769E-16,-1.22464679914735E-16,-1.0));
#6512=ORIENTED_EDGE('',*,*,#9216,.F.);
#6513=ORIENTED_EDGE('',*,*,#9217,.F.);
#6514=ORIENTED_EDGE('',*,*,#9218,.F.);
#6515=ORIENTED_EDGE('',*,*,#9219,.F.);
#6516=ORIENTED_EDGE('',*,*,#9203,.F.);
#6517=ORIENTED_EDGE('',*,*,#9188,.F.);
#6518=ORIENTED_EDGE('',*,*,#9191,.F.);
#6519=ORIENTED_EDGE('',*,*,#9193,.F.);
#6520=ORIENTED_EDGE('',*,*,#9195,.F.);
#6521=ORIENTED_EDGE('',*,*,#9197,.F.);
#6522=ORIENTED_EDGE('',*,*,#9199,.F.);
#6523=ORIENTED_EDGE('',*,*,#9201,.F.);
#6524=CARTESIAN_POINT('',(3.00001628347787,2.64999999950628,2.99966505568522));
#6525=DIRECTION('',(0.0,1.0,-1.22464679914735E-16));
#6526=DIRECTION('',(-1.22464679914735E-16,-1.22464679914735E-16,-1.0));
#6527=ORIENTED_EDGE('',*,*,#9220,.T.);
#6528=ORIENTED_EDGE('',*,*,#9221,.T.);
#6529=ORIENTED_EDGE('',*,*,#9219,.T.);
#6530=ORIENTED_EDGE('',*,*,#9222,.F.);
#6531=CARTESIAN_POINT('',(0.48001628348485,2.649999999315,-2.45354651228418));
#6532=DIRECTION('',(1.61225879606207E-15,-2.81290232494732E-10,-1.0));
#6533=DIRECTION('',(1.0,1.97444757399458E-31,1.61225879606207E-15));
#6534=ORIENTED_EDGE('',*,*,#9223,.T.);
#6535=ORIENTED_EDGE('',*,*,#9222,.T.);
#6536=ORIENTED_EDGE('',*,*,#9218,.T.);
#6537=ORIENTED_EDGE('',*,*,#9224,.F.);
#6538=CARTESIAN_POINT('',(0.48001628348486,2.6499999996975,-1.09354651228417));
#6539=DIRECTION('',(1.0,-3.58794698726703E-25,-1.39799664754474E-15));
#6540=DIRECTION('',(1.39799664754474E-15,1.22464679914735E-16,1.0));
#6541=ORIENTED_EDGE('',*,*,#9225,.T.);
#6542=ORIENTED_EDGE('',*,*,#9224,.T.);
#6543=ORIENTED_EDGE('',*,*,#9217,.T.);
#6544=ORIENTED_EDGE('',*,*,#9226,.F.);
#6545=CARTESIAN_POINT('',(-0.519983716515139,2.6499999996975,-1.09354651228417));
#6546=DIRECTION('',(-3.34698227203887E-15,2.81290232494732E-10,1.0));
#6547=DIRECTION('',(0.999999999923936,1.2334052382144E-05,-1.22466190391198E-16));
#6548=ORIENTED_EDGE('',*,*,#9227,.T.);
#6549=ORIENTED_EDGE('',*,*,#9226,.T.);
#6550=ORIENTED_EDGE('',*,*,#9216,.T.);
#6551=ORIENTED_EDGE('',*,*,#9221,.F.);
#6552=CARTESIAN_POINT('',(-0.519983716515149,2.649999999315,-2.45354651228418));
#6553=DIRECTION('',(-1.0,1.7939735686215E-25,7.60230663729734E-16));
#6554=DIRECTION('',(7.60230663729734E-16,1.22464679914735E-16,1.0));
#6555=ORIENTED_EDGE('',*,*,#8025,.T.);
#6556=ORIENTED_EDGE('',*,*,#9228,.F.);
#6557=ORIENTED_EDGE('',*,*,#8568,.T.);
#6558=CARTESIAN_POINT('',(3.00001628347787,13.0999999985851,-4.84239284317499));
#6559=DIRECTION('',(1.0,-2.9528538676585E-32,-2.41118816438698E-16));
#6560=DIRECTION('',(2.41118816438698E-16,1.22464679914735E-16,1.0));
#6561=ORIENTED_EDGE('',*,*,#8022,.T.);
#6562=ORIENTED_EDGE('',*,*,#8514,.T.);
#6563=ORIENTED_EDGE('',*,*,#9229,.F.);
#6564=CARTESIAN_POINT('',(3.00001628347787,13.0999999985851,-4.84239284317499));
#6565=DIRECTION('',(1.0,-2.9528538676585E-32,-2.41118816438698E-16));
#6566=DIRECTION('',(2.41118816438698E-16,1.22464679914735E-16,1.0));
#6567=ORIENTED_EDGE('',*,*,#9230,.F.);
#6568=ORIENTED_EDGE('',*,*,#9231,.T.);
#6569=ORIENTED_EDGE('',*,*,#9232,.F.);
#6570=ORIENTED_EDGE('',*,*,#9233,.F.);
#6571=CARTESIAN_POINT('',(3.00001628347787,9.94357492114686,-3.52621729235209));
#6572=DIRECTION('',(1.0,-9.75696820628063E-16,-1.16504412997183E-16));
#6573=DIRECTION('',(9.75696820628063E-16,1.0,-1.22464679914735E-16));
#6574=ORIENTED_EDGE('',*,*,#9234,.F.);
#6575=ORIENTED_EDGE('',*,*,#9235,.F.);
#6576=ORIENTED_EDGE('',*,*,#9236,.T.);
#6577=ORIENTED_EDGE('',*,*,#9237,.F.);
#6578=CARTESIAN_POINT('',(4.2000162834849,11.7399999985851,-3.38354651232637));
#6579=DIRECTION('',(-2.13821176807376E-48,-1.0,1.22464679914735E-16));
#6580=DIRECTION('',(1.0,-1.49975978266186E-32,-1.22464679914735E-16));
#6581=ORIENTED_EDGE('',*,*,#9238,.F.);
#6582=ORIENTED_EDGE('',*,*,#9239,.F.);
#6583=ORIENTED_EDGE('',*,*,#9240,.F.);
#6584=ORIENTED_EDGE('',*,*,#9241,.F.);
#6585=CARTESIAN_POINT('',(1.80001628348478,11.7399999985851,-3.38354651232637));
#6586=DIRECTION('',(-2.13821176807376E-48,-1.0,1.22464679914735E-16));
#6587=DIRECTION('',(1.0,-1.49975978266186E-32,-1.22464679914735E-16));
#6588=ORIENTED_EDGE('',*,*,#9242,.F.);
#6589=ORIENTED_EDGE('',*,*,#8572,.T.);
#6590=ORIENTED_EDGE('',*,*,#9243,.F.);
#6591=ORIENTED_EDGE('',*,*,#9244,.F.);
#6592=CARTESIAN_POINT('',(-2.60998371652901,14.0991273370127,-4.23675619401382));
#6593=DIRECTION('',(5.3435127492548E-19,-0.999990480720734,0.00436330928474668));
#6594=DIRECTION('',(1.22463514139247E-16,0.00436330928474668,0.999990480720734));
#6595=ORIENTED_EDGE('',*,*,#9245,.F.);
#6596=ORIENTED_EDGE('',*,*,#9246,.F.);
#6597=ORIENTED_EDGE('',*,*,#9247,.F.);
#6598=ORIENTED_EDGE('',*,*,#8577,.T.);
#6599=CARTESIAN_POINT('',(-3.14486863117658,14.074060882556,-3.83664301253124));
#6600=DIRECTION('',(0.00436326774998307,-0.999980961713314,0.00436326774997785));
#6601=DIRECTION('',(0.999990480720734,0.00436330928475191,-1.23000254432214E-16));
#6602=ORIENTED_EDGE('',*,*,#9248,.F.);
#6603=ORIENTED_EDGE('',*,*,#8518,.T.);
#6604=ORIENTED_EDGE('',*,*,#9249,.F.);
#6605=ORIENTED_EDGE('',*,*,#9250,.F.);
#6606=CARTESIAN_POINT('',(8.61001628348475,14.0991273370127,-4.23675619401382));
#6607=DIRECTION('',(-4.24471159315952E-18,0.999990480720734,-0.00436330928474668));
#6608=DIRECTION('',(-1.22463514139247E-16,-0.00436330928474668,-0.999990480720734));
#6609=ORIENTED_EDGE('',*,*,#9251,.F.);
#6610=ORIENTED_EDGE('',*,*,#9252,.T.);
#6611=ORIENTED_EDGE('',*,*,#9253,.F.);
#6612=ORIENTED_EDGE('',*,*,#8525,.T.);
#6613=CARTESIAN_POINT('',(9.1449555859897,14.0865255790288,-3.83669740037483));
#6614=DIRECTION('',(-0.00436326774998309,-0.999980961713314,0.00436326774997785));
#6615=DIRECTION('',(0.999990480720734,-0.00436330928475193,-1.21929206896247E-16));
#6616=ORIENTED_EDGE('',*,*,#9254,.F.);
#6617=ORIENTED_EDGE('',*,*,#9255,.F.);
#6618=ORIENTED_EDGE('',*,*,#9256,.T.);
#6619=ORIENTED_EDGE('',*,*,#9257,.F.);
#6620=CARTESIAN_POINT('',(-2.49567785224152,2.7991273382186,0.450138822100809));
#6621=DIRECTION('',(4.27465237401017E-15,-0.999990480720734,-0.00436330928475075));
#6622=DIRECTION('',(1.22463514139247E-16,-0.00436330928475075,0.999990480720734));
#6623=ORIENTED_EDGE('',*,*,#9258,.F.);
#6624=ORIENTED_EDGE('',*,*,#9259,.F.);
#6625=ORIENTED_EDGE('',*,*,#9260,.F.);
#6626=ORIENTED_EDGE('',*,*,#9261,.F.);
#6627=CARTESIAN_POINT('',(-2.59498371651504,3.19999999913714,-3.18745223362583));
#6628=DIRECTION('',(-4.86823673527309E-31,1.0,-4.0976816475029E-15));
#6629=DIRECTION('',(-1.22464679914735E-16,-4.0976816475029E-15,-1.0));
#6630=ORIENTED_EDGE('',*,*,#9262,.F.);
#6631=ORIENTED_EDGE('',*,*,#9263,.F.);
#6632=ORIENTED_EDGE('',*,*,#9264,.T.);
#6633=ORIENTED_EDGE('',*,*,#9265,.F.);
#6634=CARTESIAN_POINT('',(-1.30498371651504,3.19999999913714,-3.18745223362457));
#6635=DIRECTION('',(-4.86823673527309E-31,1.0,-4.0976816475029E-15));
#6636=DIRECTION('',(-1.22464679914735E-16,-4.0976816475029E-15,-1.0));
#6637=ORIENTED_EDGE('',*,*,#9266,.F.);
#6638=ORIENTED_EDGE('',*,*,#9267,.F.);
#6639=ORIENTED_EDGE('',*,*,#9268,.T.);
#6640=ORIENTED_EDGE('',*,*,#9269,.F.);
#6641=CARTESIAN_POINT('',(8.59501628348457,3.19999999913714,-3.18745223362583));
#6642=DIRECTION('',(-4.86823673527309E-31,1.0,-4.0976816475029E-15));
#6643=DIRECTION('',(-1.22464679914735E-16,-4.0976816475029E-15,-1.0));
#6644=ORIENTED_EDGE('',*,*,#9270,.F.);
#6645=ORIENTED_EDGE('',*,*,#9271,.F.);
#6646=ORIENTED_EDGE('',*,*,#9272,.F.);
#6647=ORIENTED_EDGE('',*,*,#9273,.F.);
#6648=CARTESIAN_POINT('',(7.30501628348457,3.19999999913714,-3.18745223362457));
#6649=DIRECTION('',(-4.86823673527309E-31,1.0,-4.0976816475029E-15));
#6650=DIRECTION('',(-1.22464679914735E-16,-4.0976816475029E-15,-1.0));
#6651=ORIENTED_EDGE('',*,*,#9274,.F.);
#6652=ORIENTED_EDGE('',*,*,#9275,.F.);
#6653=ORIENTED_EDGE('',*,*,#9276,.F.);
#6654=ORIENTED_EDGE('',*,*,#9277,.F.);
#6655=CARTESIAN_POINT('',(8.49571041921106,3.1991197228311,0.451884129200478));
#6656=DIRECTION('',(-4.30000379434463E-15,-0.999990480720734,-0.00436330928475075));
#6657=DIRECTION('',(1.22463514139247E-16,-0.00436330928475075,0.999990480720734));
#6658=ORIENTED_EDGE('',*,*,#9278,.F.);
#6659=ORIENTED_EDGE('',*,*,#9279,.F.);
#6660=ORIENTED_EDGE('',*,*,#9280,.F.);
#6661=ORIENTED_EDGE('',*,*,#9281,.F.);
#6662=CARTESIAN_POINT('',(-3.54411295022509,13.9000000008489,2.99966505252174));
#6663=DIRECTION('',(1.22464679914735E-16,2.81290249698164E-10,1.0));
#6664=DIRECTION('',(-3.44481053948238E-26,1.0,-2.81290249698164E-10));
#6665=ORIENTED_EDGE('',*,*,#9282,.F.);
#6666=ORIENTED_EDGE('',*,*,#9283,.T.);
#6667=ORIENTED_EDGE('',*,*,#9284,.F.);
#6668=ORIENTED_EDGE('',*,*,#9285,.F.);
#6669=CARTESIAN_POINT('',(9.54414551719463,13.9000000008489,2.99966505252174));
#6670=DIRECTION('',(-1.22464679914735E-16,-2.81290249698164E-10,-1.0));
#6671=DIRECTION('',(3.44481053948238E-26,-1.0,2.81290249698164E-10));
#6672=ORIENTED_EDGE('',*,*,#9286,.F.);
#6673=ORIENTED_EDGE('',*,*,#9287,.F.);
#6674=ORIENTED_EDGE('',*,*,#9288,.F.);
#6675=ORIENTED_EDGE('',*,*,#9289,.F.);
#6676=ORIENTED_EDGE('',*,*,#9290,.F.);
#6677=ORIENTED_EDGE('',*,*,#9291,.F.);
#6678=ORIENTED_EDGE('',*,*,#9292,.F.);
#6679=ORIENTED_EDGE('',*,*,#9293,.F.);
#6680=CARTESIAN_POINT('',(1.70001628348477,11.5631866565889,-3.8776138616437));
#6681=DIRECTION('',(1.0,1.06477794254684E-17,-1.22464679914735E-16));
#6682=DIRECTION('',(1.22464679914735E-16,1.22464679914735E-16,1.0));
#6683=ORIENTED_EDGE('',*,*,#9294,.F.);
#6684=ORIENTED_EDGE('',*,*,#8722,.T.);
#6685=ORIENTED_EDGE('',*,*,#9295,.F.);
#6686=ORIENTED_EDGE('',*,*,#9296,.F.);
#6687=CARTESIAN_POINT('',(9.00990376827702,1.8253500852457,-3.8566455792156));
#6688=DIRECTION('',(-0.00436326774997238,0.999980961713314,0.0043632677499819));
#6689=DIRECTION('',(-1.22468244803621E-16,0.00436330928475074,-0.999990480720734));
#6690=ORIENTED_EDGE('',*,*,#9297,.F.);
#6691=ORIENTED_EDGE('',*,*,#8786,.T.);
#6692=ORIENTED_EDGE('',*,*,#9298,.F.);
#6693=ORIENTED_EDGE('',*,*,#9299,.T.);
#6694=CARTESIAN_POINT('',(-3.00996442689411,1.8039844933746,-3.85673880478843));
#6695=DIRECTION('',(0.00436326774997238,0.999980961713314,0.0043632677499819));
#6696=DIRECTION('',(-1.2246114880706E-16,0.00436330928475074,-0.999990480720734));
#6697=ORIENTED_EDGE('',*,*,#9300,.F.);
#6698=ORIENTED_EDGE('',*,*,#9301,.F.);
#6699=ORIENTED_EDGE('',*,*,#9302,.T.);
#6700=ORIENTED_EDGE('',*,*,#9303,.F.);
#6701=CARTESIAN_POINT('',(-0.404920795585508,14.113983989366,-3.49682101879915));
#6702=DIRECTION('',(0.00436326774998309,0.999980961713314,-0.00436326774997785));
#6703=DIRECTION('',(-0.999990480720734,0.00436330928475193,1.21929206896247E-16));
#6704=ORIENTED_EDGE('',*,*,#9304,.T.);
#6705=ORIENTED_EDGE('',*,*,#9305,.F.);
#6706=ORIENTED_EDGE('',*,*,#9300,.T.);
#6707=CARTESIAN_POINT('',(-0.409345163463869,13.0999999985851,-3.4923966509208));
#6708=DIRECTION('',(1.22463514139247E-16,0.00436330928474665,0.999990480720734));
#6709=DIRECTION('',(5.34351274925476E-19,-0.999990480720734,0.00436330928474665));
#6710=ORIENTED_EDGE('',*,*,#9306,.F.);
#6711=ORIENTED_EDGE('',*,*,#9307,.F.);
#6712=ORIENTED_EDGE('',*,*,#9308,.T.);
#6713=ORIENTED_EDGE('',*,*,#9309,.F.);
#6714=CARTESIAN_POINT('',(-0.29492568433636,14.0862637547201,-3.49670006569056));
#6715=DIRECTION('',(-0.00436326774998309,0.999980961713314,-0.00436326774997785));
#6716=DIRECTION('',(-0.999990480720734,-0.00436330928475193,1.23000254432214E-16));
#6717=ORIENTED_EDGE('',*,*,#9310,.F.);
#6718=ORIENTED_EDGE('',*,*,#9311,.F.);
#6719=ORIENTED_EDGE('',*,*,#9304,.F.);
#6720=ORIENTED_EDGE('',*,*,#9312,.F.);
#6721=CARTESIAN_POINT('',(3.00001628347787,13.0999999985851,-3.4923966509208));
#6722=DIRECTION('',(1.0,-1.49975978266303E-32,-1.22464679914831E-16));
#6723=DIRECTION('',(1.22464679914831E-16,1.22464679914735E-16,1.0));
#6724=ORIENTED_EDGE('',*,*,#9306,.T.);
#6725=ORIENTED_EDGE('',*,*,#9313,.T.);
#6726=ORIENTED_EDGE('',*,*,#9310,.T.);
#6727=CARTESIAN_POINT('',(-0.290622269566599,13.0999999985851,-3.4923966509208));
#6728=DIRECTION('',(0.0,1.0,-1.22464679914735E-16));
#6729=DIRECTION('',(1.0,-1.49975978266186E-32,-1.22464679914735E-16));
#6730=ORIENTED_EDGE('',*,*,#9314,.F.);
#6731=ORIENTED_EDGE('',*,*,#9315,.F.);
#6732=ORIENTED_EDGE('',*,*,#9313,.F.);
#6733=ORIENTED_EDGE('',*,*,#9316,.F.);
#6734=CARTESIAN_POINT('',(-0.290622269558619,13.0999999985851,2.99966505246952));
#6735=DIRECTION('',(-1.22859689839093E-12,-1.22464679914735E-16,-1.0));
#6736=DIRECTION('',(1.0,-1.50459725905682E-28,-1.22859689839093E-12));
#6737=ORIENTED_EDGE('',*,*,#9317,.F.);
#6738=ORIENTED_EDGE('',*,*,#9318,.F.);
#6739=ORIENTED_EDGE('',*,*,#9319,.T.);
#6740=ORIENTED_EDGE('',*,*,#9320,.F.);
#6741=CARTESIAN_POINT('',(6.40507431566364,14.0862637547201,-3.49670006569056));
#6742=DIRECTION('',(-0.00436326774998309,0.999980961713314,-0.00436326774997785));
#6743=DIRECTION('',(-0.999990480720734,-0.00436330928475193,1.23000254432214E-16));
#6744=ORIENTED_EDGE('',*,*,#9321,.F.);
#6745=ORIENTED_EDGE('',*,*,#9322,.T.);
#6746=ORIENTED_EDGE('',*,*,#9317,.T.);
#6747=CARTESIAN_POINT('',(6.4093777304334,13.0999999985851,-3.4923966509208));
#6748=DIRECTION('',(1.22463514139247E-16,0.00436330928474665,0.999990480720734));
#6749=DIRECTION('',(5.34351274925476E-19,-0.999990480720734,0.00436330928474665));
#6750=ORIENTED_EDGE('',*,*,#9323,.F.);
#6751=ORIENTED_EDGE('',*,*,#9324,.F.);
#6752=ORIENTED_EDGE('',*,*,#9322,.F.);
#6753=ORIENTED_EDGE('',*,*,#9325,.F.);
#6754=CARTESIAN_POINT('',(3.00001628347787,13.0999999985851,-3.4923966509208));
#6755=DIRECTION('',(1.0,-1.49975978266303E-32,-1.22464679914831E-16));
#6756=DIRECTION('',(1.22464679914831E-16,1.22464679914735E-16,1.0));
#6757=ORIENTED_EDGE('',*,*,#9326,.F.);
#6758=ORIENTED_EDGE('',*,*,#9327,.F.);
#6759=ORIENTED_EDGE('',*,*,#9328,.T.);
#6760=ORIENTED_EDGE('',*,*,#9329,.F.);
#6761=CARTESIAN_POINT('',(6.29495164910792,14.0847506520044,-3.49669346349258));
#6762=DIRECTION('',(0.00436326774998309,0.999980961713314,-0.00436326774997785));
#6763=DIRECTION('',(-0.999990480720734,0.00436330928475193,1.21929206896247E-16));
#6764=ORIENTED_EDGE('',*,*,#9323,.T.);
#6765=ORIENTED_EDGE('',*,*,#9330,.T.);
#6766=ORIENTED_EDGE('',*,*,#9326,.T.);
#6767=CARTESIAN_POINT('',(6.29065483653613,13.0999999985851,-3.4923966509208));
#6768=DIRECTION('',(0.0,1.0,-1.22464679914735E-16));
#6769=DIRECTION('',(1.0,-1.49975978266186E-32,-1.22464679914735E-16));
#6770=ORIENTED_EDGE('',*,*,#9331,.F.);
#6771=ORIENTED_EDGE('',*,*,#9332,.F.);
#6772=ORIENTED_EDGE('',*,*,#9330,.F.);
#6773=ORIENTED_EDGE('',*,*,#9333,.F.);
#6774=CARTESIAN_POINT('',(6.29065483652816,13.0999999985851,2.99966505246952));
#6775=DIRECTION('',(-1.22835196903111E-12,1.22464679914735E-16,1.0));
#6776=DIRECTION('',(-1.0,-1.50429730710029E-28,-1.22835196903111E-12));
#6777=ORIENTED_EDGE('',*,*,#9334,.F.);
#6778=ORIENTED_EDGE('',*,*,#9335,.T.);
#6779=ORIENTED_EDGE('',*,*,#9336,.F.);
#6780=ORIENTED_EDGE('',*,*,#9337,.T.);
#6781=CARTESIAN_POINT('',(-0.56585448281231,0.699999998654499,-4.80175809410038));
#6782=DIRECTION('',(3.59772952962227E-16,2.81289870903009E-10,1.0));
#6783=DIRECTION('',(-3.44480590057964E-26,1.0,-2.81289870903009E-10));
#6784=ORIENTED_EDGE('',*,*,#9338,.F.);
#6785=ORIENTED_EDGE('',*,*,#8854,.T.);
#6786=ORIENTED_EDGE('',*,*,#9339,.F.);
#6787=ORIENTED_EDGE('',*,*,#9337,.F.);
#6788=CARTESIAN_POINT('',(10.3100162834847,0.699999998658299,-4.78828729299861));
#6789=DIRECTION('',(1.0,-5.60933298858905E-26,-1.22464679914735E-16));
#6790=DIRECTION('',(1.22464679914735E-16,1.22464679914735E-16,1.0));
#6791=ORIENTED_EDGE('',*,*,#9340,.F.);
#6792=ORIENTED_EDGE('',*,*,#9341,.F.);
#6793=ORIENTED_EDGE('',*,*,#9342,.F.);
#6794=ORIENTED_EDGE('',*,*,#9335,.F.);
#6795=CARTESIAN_POINT('',(3.00001628347787,0.699999998522799,-5.26978438861301));
#6796=DIRECTION('',(-1.0,2.27170305910921E-26,1.22464679841694E-16));
#6797=DIRECTION('',(-1.22464679841694E-16,-1.22464679914735E-16,-1.0));
#6798=ORIENTED_EDGE('',*,*,#8016,.T.);
#6799=ORIENTED_EDGE('',*,*,#9343,.F.);
#6800=ORIENTED_EDGE('',*,*,#9344,.F.);
#6801=CARTESIAN_POINT('',(3.00001628347787,13.0999999985851,-5.34553262035006));
#6802=DIRECTION('',(-1.0,1.49975978176906E-32,1.22464679841833E-16));
#6803=DIRECTION('',(-1.22464679841833E-16,-1.22464679914735E-16,-1.0));
#6804=ORIENTED_EDGE('',*,*,#9345,.T.);
#6805=ORIENTED_EDGE('',*,*,#9346,.F.);
#6806=ORIENTED_EDGE('',*,*,#9341,.T.);
#6807=ORIENTED_EDGE('',*,*,#9347,.F.);
#6808=CARTESIAN_POINT('',(-0.0356004899162879,0.700000000848899,2.99966505623477));
#6809=DIRECTION('',(3.62132205114749E-16,2.81290773192066E-10,1.0));
#6810=DIRECTION('',(-3.44481695043369E-26,1.0,-2.81290773192066E-10));
#6811=ORIENTED_EDGE('',*,*,#9348,.T.);
#6812=ORIENTED_EDGE('',*,*,#9349,.F.);
#6813=ORIENTED_EDGE('',*,*,#9345,.F.);
#6814=ORIENTED_EDGE('',*,*,#9350,.F.);
#6815=CARTESIAN_POINT('',(10.3100162834847,0.699999998641798,-4.84675809410038));
#6816=DIRECTION('',(-1.0,5.60933298858916E-26,1.22464679914735E-16));
#6817=DIRECTION('',(-1.22464679914735E-16,-1.22464679914735E-16,-1.0));
#6818=ORIENTED_EDGE('',*,*,#8012,.T.);
#6819=ORIENTED_EDGE('',*,*,#9351,.F.);
#6820=ORIENTED_EDGE('',*,*,#9343,.T.);
#6821=CARTESIAN_POINT('',(6.61999259994442,13.0999999985851,-4.8017580940443));
#6822=DIRECTION('',(-1.22719439457368E-12,1.22464679914735E-16,1.0));
#6823=DIRECTION('',(-1.0,-1.50287968724623E-28,-1.22719439457368E-12));
#6824=ORIENTED_EDGE('',*,*,#9352,.F.);
#6825=ORIENTED_EDGE('',*,*,#9353,.F.);
#6826=ORIENTED_EDGE('',*,*,#9354,.F.);
#6827=ORIENTED_EDGE('',*,*,#9348,.F.);
#6828=CARTESIAN_POINT('',(6.03563305687201,0.699999998515199,-5.29675809410037));
#6829=DIRECTION('',(3.57413700809704E-16,2.81294207711699E-10,1.0));
#6830=DIRECTION('',(-3.44485901116845E-26,1.0,-2.81294207711699E-10));
#6831=ORIENTED_EDGE('',*,*,#9355,.T.);
#6832=ORIENTED_EDGE('',*,*,#9356,.F.);
#6833=ORIENTED_EDGE('',*,*,#9357,.T.);
#6834=ORIENTED_EDGE('',*,*,#9358,.F.);
#6835=CARTESIAN_POINT('',(6.56588704976802,0.700000000848899,2.99966505623477));
#6836=DIRECTION('',(3.59772952962227E-16,2.81290773192066E-10,1.0));
#6837=DIRECTION('',(-3.44481695043369E-26,1.0,-2.81290773192066E-10));
#6838=ORIENTED_EDGE('',*,*,#9359,.F.);
#6839=ORIENTED_EDGE('',*,*,#9357,.F.);
#6840=ORIENTED_EDGE('',*,*,#9360,.F.);
#6841=ORIENTED_EDGE('',*,*,#9353,.T.);
#6842=CARTESIAN_POINT('',(3.00001628347787,0.699999998522799,-5.26978438861301));
#6843=DIRECTION('',(-1.0,2.27170305910921E-26,1.22464679841694E-16));
#6844=DIRECTION('',(-1.22464679841694E-16,-1.22464679914735E-16,-1.0));
#6845=ORIENTED_EDGE('',*,*,#9361,.F.);
#6846=ORIENTED_EDGE('',*,*,#8801,.T.);
#6847=ORIENTED_EDGE('',*,*,#9362,.F.);
#6848=ORIENTED_EDGE('',*,*,#9355,.F.);
#6849=CARTESIAN_POINT('',(10.3100162834847,0.699999998658299,-4.78828729299861));
#6850=DIRECTION('',(1.0,-5.60933298858905E-26,-1.22464679914735E-16));
#6851=DIRECTION('',(1.22464679914735E-16,1.22464679914735E-16,1.0));
#6852=ORIENTED_EDGE('',*,*,#9363,.F.);
#6853=ORIENTED_EDGE('',*,*,#9364,.F.);
#6854=ORIENTED_EDGE('',*,*,#9365,.F.);
#6855=ORIENTED_EDGE('',*,*,#9305,.T.);
#6856=CARTESIAN_POINT('',(-0.409345163471838,13.0999999985851,2.9996650524613));
#6857=DIRECTION('',(-1.22724504283956E-12,1.22464679914735E-16,1.0));
#6858=DIRECTION('',(-1.0,-1.50294171348292E-28,-1.22724504283956E-12));
#6859=ORIENTED_EDGE('',*,*,#9366,.F.);
#6860=ORIENTED_EDGE('',*,*,#9367,.T.);
#6861=ORIENTED_EDGE('',*,*,#9368,.F.);
#6862=ORIENTED_EDGE('',*,*,#9321,.T.);
#6863=CARTESIAN_POINT('',(6.40937773044137,13.0999999985851,2.9996650524613));
#6864=DIRECTION('',(-1.22748997219938E-12,-1.22464679914735E-16,-1.0));
#6865=DIRECTION('',(1.0,-1.50324166543945E-28,-1.22748997219938E-12));
#6866=ORIENTED_EDGE('',*,*,#9364,.T.);
#6867=ORIENTED_EDGE('',*,*,#9369,.F.);
#6868=ORIENTED_EDGE('',*,*,#9370,.F.);
#6869=ORIENTED_EDGE('',*,*,#9244,.T.);
#6870=ORIENTED_EDGE('',*,*,#9371,.F.);
#6871=ORIENTED_EDGE('',*,*,#9372,.T.);
#6872=CARTESIAN_POINT('',(3.00001628347787,13.2999999985851,-4.76799577150688));
#6873=DIRECTION('',(1.15078583374295E-16,0.342032990340657,0.9396879447554));
#6874=DIRECTION('',(1.0,-2.622624370828E-28,-1.22464679914735E-16));
#6875=ORIENTED_EDGE('',*,*,#9373,.F.);
#6876=ORIENTED_EDGE('',*,*,#9374,.F.);
#6877=ORIENTED_EDGE('',*,*,#9250,.T.);
#6878=ORIENTED_EDGE('',*,*,#9375,.F.);
#6879=ORIENTED_EDGE('',*,*,#9376,.F.);
#6880=ORIENTED_EDGE('',*,*,#9367,.F.);
#6881=CARTESIAN_POINT('',(3.00001628347787,13.2999999985851,-4.76799577150688));
#6882=DIRECTION('',(1.15078583374295E-16,0.342032990340657,0.9396879447554));
#6883=DIRECTION('',(1.0,-2.622624370828E-28,-1.22464679914735E-16));
#6884=ORIENTED_EDGE('',*,*,#9377,.F.);
#6885=ORIENTED_EDGE('',*,*,#9378,.F.);
#6886=ORIENTED_EDGE('',*,*,#9379,.F.);
#6887=ORIENTED_EDGE('',*,*,#9380,.F.);
#6888=ORIENTED_EDGE('',*,*,#9314,.T.);
#6889=CARTESIAN_POINT('',(3.00001628347787,13.2999999985851,-4.37683245746064));
#6890=DIRECTION('',(8.64064773868142E-17,0.708647764860917,0.705562431934713));
#6891=DIRECTION('',(1.0,-9.5053810430703E-29,-1.22464679914735E-16));
#6892=ORIENTED_EDGE('',*,*,#9381,.F.);
#6893=ORIENTED_EDGE('',*,*,#9382,.F.);
#6894=ORIENTED_EDGE('',*,*,#9383,.F.);
#6895=ORIENTED_EDGE('',*,*,#9331,.T.);
#6896=ORIENTED_EDGE('',*,*,#9384,.F.);
#6897=CARTESIAN_POINT('',(3.00001628347787,13.2999999985851,-4.37683245746064));
#6898=DIRECTION('',(8.64064773868142E-17,0.708647764860917,0.705562431934713));
#6899=DIRECTION('',(1.0,-9.5053810430703E-29,-1.22464679914735E-16));
#6900=ORIENTED_EDGE('',*,*,#9385,.F.);
#6901=ORIENTED_EDGE('',*,*,#9287,.T.);
#6902=ORIENTED_EDGE('',*,*,#9386,.T.);
#6903=ORIENTED_EDGE('',*,*,#9387,.F.);
#6904=CARTESIAN_POINT('',(3.00001628348484,11.7399999985851,-4.07684426687677));
#6905=DIRECTION('',(3.93511477054808E-16,-0.00436330928474645,0.999990480720735));
#6906=DIRECTION('',(-1.0,-6.21198143947992E-14,1.22464679914743E-16));
#6907=ORIENTED_EDGE('',*,*,#9388,.T.);
#6908=ORIENTED_EDGE('',*,*,#9389,.F.);
#6909=ORIENTED_EDGE('',*,*,#9386,.F.);
#6910=ORIENTED_EDGE('',*,*,#9286,.T.);
#6911=ORIENTED_EDGE('',*,*,#9390,.T.);
#6912=ORIENTED_EDGE('',*,*,#9391,.T.);
#6913=ORIENTED_EDGE('',*,*,#9392,.T.);
#6914=ORIENTED_EDGE('',*,*,#9393,.T.);
#6915=CARTESIAN_POINT('',(1.40001628348483,11.7399999985851,-3.68019538960162));
#6916=DIRECTION('',(0.999990480720735,-0.00436330928474657,2.60335216239667E-14));
#6917=DIRECTION('',(-2.60332350903268E-14,1.22464679914735E-16,1.0));
#6918=ORIENTED_EDGE('',*,*,#9288,.T.);
#6919=ORIENTED_EDGE('',*,*,#9385,.T.);
#6920=ORIENTED_EDGE('',*,*,#9394,.F.);
#6921=ORIENTED_EDGE('',*,*,#9395,.T.);
#6922=ORIENTED_EDGE('',*,*,#9396,.T.);
#6923=ORIENTED_EDGE('',*,*,#9397,.F.);
#6924=ORIENTED_EDGE('',*,*,#9398,.T.);
#6925=ORIENTED_EDGE('',*,*,#9399,.T.);
#6926=CARTESIAN_POINT('',(4.60001628348485,11.7399999985851,-3.68019538960162));
#6927=DIRECTION('',(-0.999990480720735,-0.00436330928474657,2.69491012365229E-14));
#6928=DIRECTION('',(-1.22464679914735E-16,-6.14823198900093E-12,-1.0));
#6929=ORIENTED_EDGE('',*,*,#9400,.T.);
#6930=ORIENTED_EDGE('',*,*,#9397,.T.);
#6931=ORIENTED_EDGE('',*,*,#9401,.T.);
#6932=ORIENTED_EDGE('',*,*,#9392,.F.);
#6933=CARTESIAN_POINT('',(1.4000162834848,-123.319999994347,-2.78354651232637));
#6934=DIRECTION('',(3.93515223036105E-16,1.22464679914735E-16,1.0));
#6935=DIRECTION('',(-1.0,4.81917158306923E-32,3.93515223036105E-16));
#6936=ORIENTED_EDGE('',*,*,#9402,.F.);
#6937=ORIENTED_EDGE('',*,*,#9234,.T.);
#6938=ORIENTED_EDGE('',*,*,#9403,.F.);
#6939=ORIENTED_EDGE('',*,*,#9238,.T.);
#6940=ORIENTED_EDGE('',*,*,#9404,.F.);
#6941=ORIENTED_EDGE('',*,*,#9291,.T.);
#6942=CARTESIAN_POINT('',(1.70001628348477,11.7399999985851,-3.28354651232637));
#6943=DIRECTION('',(-4.80794077044582E-18,-0.999229036240723,-0.0392598157590685));
#6944=DIRECTION('',(1.0,-1.57858505486705E-32,-1.22464679914735E-16));
#6945=ORIENTED_EDGE('',*,*,#9381,.T.);
#6946=ORIENTED_EDGE('',*,*,#9405,.T.);
#6947=ORIENTED_EDGE('',*,*,#9235,.T.);
#6948=ORIENTED_EDGE('',*,*,#9402,.T.);
#6949=ORIENTED_EDGE('',*,*,#9290,.T.);
#6950=ORIENTED_EDGE('',*,*,#9406,.T.);
#6951=CARTESIAN_POINT('',(4.30001628348491,11.7399999985851,-3.28354651232637));
#6952=DIRECTION('',(1.0,-1.05594844428292E-29,-8.62247339410929E-14));
#6953=DIRECTION('',(8.62247339410929E-14,1.22464679914735E-16,1.0));
#6954=ORIENTED_EDGE('',*,*,#9403,.T.);
#6955=ORIENTED_EDGE('',*,*,#9237,.T.);
#6956=ORIENTED_EDGE('',*,*,#9407,.F.);
#6957=ORIENTED_EDGE('',*,*,#9239,.T.);
#6958=CARTESIAN_POINT('',(1.70001628348477,11.7399999985851,-3.28354651232637));
#6959=DIRECTION('',(1.22464679914735E-16,1.22464679914735E-16,1.0));
#6960=DIRECTION('',(-1.0,1.49975978266186E-32,1.22464679914735E-16));
#6961=ORIENTED_EDGE('',*,*,#9404,.T.);
#6962=ORIENTED_EDGE('',*,*,#9241,.T.);
#6963=ORIENTED_EDGE('',*,*,#9408,.F.);
#6964=ORIENTED_EDGE('',*,*,#9379,.T.);
#6965=ORIENTED_EDGE('',*,*,#9409,.F.);
#6966=ORIENTED_EDGE('',*,*,#9292,.T.);
#6967=CARTESIAN_POINT('',(1.70001628348484,11.7399999985851,-4.07684426687677));
#6968=DIRECTION('',(-1.0,-1.04625401243505E-29,-8.54331235065893E-14));
#6969=DIRECTION('',(8.54331235065893E-14,-1.22464679914735E-16,-1.0));
#6970=ORIENTED_EDGE('',*,*,#9410,.T.);
#6971=ORIENTED_EDGE('',*,*,#9411,.T.);
#6972=ORIENTED_EDGE('',*,*,#9230,.T.);
#6973=ORIENTED_EDGE('',*,*,#9412,.F.);
#6974=CARTESIAN_POINT('',(3.51401628348477,7.77499999858556,-5.04675809609051));
#6975=DIRECTION('',(3.49086158658743E-16,0.241921895872601,0.970295726207947));
#6976=DIRECTION('',(1.0,-9.51791495745008E-16,-1.22464679914735E-16));
#6977=ORIENTED_EDGE('',*,*,#9413,.F.);
#6978=ORIENTED_EDGE('',*,*,#9232,.T.);
#6979=ORIENTED_EDGE('',*,*,#9414,.T.);
#6980=ORIENTED_EDGE('',*,*,#9415,.T.);
#6981=ORIENTED_EDGE('',*,*,#9416,.F.);
#6982=ORIENTED_EDGE('',*,*,#9340,.T.);
#6983=ORIENTED_EDGE('',*,*,#9417,.F.);
#6984=ORIENTED_EDGE('',*,*,#9344,.T.);
#6985=ORIENTED_EDGE('',*,*,#9418,.F.);
#6986=ORIENTED_EDGE('',*,*,#9359,.T.);
#6987=ORIENTED_EDGE('',*,*,#9419,.T.);
#6988=ORIENTED_EDGE('',*,*,#9420,.T.);
#6989=CARTESIAN_POINT('',(3.00001628347787,13.2999999985851,-5.54675809764464));
#6990=DIRECTION('',(1.22462394925357E-16,0.00610861439067848,0.999981342241057));
#6991=DIRECTION('',(1.0,1.19341622625664E-23,-1.22464679914735E-16));
#6992=ORIENTED_EDGE('',*,*,#9421,.T.);
#6993=ORIENTED_EDGE('',*,*,#9347,.T.);
#6994=ORIENTED_EDGE('',*,*,#9416,.T.);
#6995=ORIENTED_EDGE('',*,*,#9422,.T.);
#6996=CARTESIAN_POINT('',(0.215016283477871,12.2999999985232,-5.29675809736334));
#6997=DIRECTION('',(0.999990480720735,-0.00436330928474657,1.22699651362461E-12));
#6998=DIRECTION('',(-1.2270076595019E-12,1.22464679914735E-16,1.0));
#6999=ORIENTED_EDGE('',*,*,#9422,.F.);
#7000=ORIENTED_EDGE('',*,*,#9415,.F.);
#7001=ORIENTED_EDGE('',*,*,#9423,.T.);
#7002=ORIENTED_EDGE('',*,*,#9424,.T.);
#7003=CARTESIAN_POINT('',(3.00001628347786,12.299999998552,-5.54675809736335));
#7004=DIRECTION('',(0.0,1.0,-1.22464679914735E-16));
#7005=DIRECTION('',(-1.22464679914735E-16,-1.22464679914735E-16,-1.0));
#7006=ORIENTED_EDGE('',*,*,#9425,.F.);
#7007=ORIENTED_EDGE('',*,*,#9419,.F.);
#7008=ORIENTED_EDGE('',*,*,#9352,.T.);
#7009=ORIENTED_EDGE('',*,*,#9426,.T.);
#7010=CARTESIAN_POINT('',(5.78501628347787,12.2999999985232,-5.29675809736335));
#7011=DIRECTION('',(-0.999990480720735,-0.00436330928474657,1.22771605268096E-12));
#7012=DIRECTION('',(-1.22464679914322E-16,-2.81344619199536E-10,-1.0));
#7013=ORIENTED_EDGE('',*,*,#9358,.T.);
#7014=ORIENTED_EDGE('',*,*,#9418,.T.);
#7015=ORIENTED_EDGE('',*,*,#9351,.T.);
#7016=ORIENTED_EDGE('',*,*,#9427,.T.);
#7017=CARTESIAN_POINT('',(6.76501628347787,0.4999999986545,-4.80175809404412));
#7018=DIRECTION('',(0.999990480720735,-0.00436330928474657,1.2269988728543E-12));
#7019=DIRECTION('',(-1.22701001875405E-12,1.22464679914735E-16,1.0));
#7020=ORIENTED_EDGE('',*,*,#8019,.T.);
#7021=ORIENTED_EDGE('',*,*,#9417,.T.);
#7022=ORIENTED_EDGE('',*,*,#9334,.T.);
#7023=ORIENTED_EDGE('',*,*,#9428,.T.);
#7024=CARTESIAN_POINT('',(-0.764983716522131,0.4999999986545,-4.80175809404412));
#7025=DIRECTION('',(-0.999990480720735,-0.00436330928474657,1.22771841191066E-12));
#7026=DIRECTION('',(-1.22464679914322E-16,-2.81345159896871E-10,-1.0));
#7027=ORIENTED_EDGE('',*,*,#9429,.T.);
#7028=ORIENTED_EDGE('',*,*,#9134,.T.);
#7029=ORIENTED_EDGE('',*,*,#9430,.F.);
#7030=ORIENTED_EDGE('',*,*,#9056,.T.);
#7031=CARTESIAN_POINT('',(3.00001628347787,1.8000000007927,2.79966505592534));
#7032=DIRECTION('',(-1.02600642722985E-19,-0.0043633092847467,-0.999990480720735));
#7033=DIRECTION('',(1.0,1.80368489537868E-35,-1.02601619416453E-19));
#7034=ORIENTED_EDGE('',*,*,#9431,.F.);
#7035=ORIENTED_EDGE('',*,*,#8673,.T.);
#7036=ORIENTED_EDGE('',*,*,#9432,.T.);
#7037=ORIENTED_EDGE('',*,*,#9433,.T.);
#7038=ORIENTED_EDGE('',*,*,#9434,.F.);
#7039=ORIENTED_EDGE('',*,*,#9435,.T.);
#7040=ORIENTED_EDGE('',*,*,#8674,.T.);
#7041=ORIENTED_EDGE('',*,*,#9436,.F.);
#7042=CARTESIAN_POINT('',(3.00001628347788,1.7999999996028,-1.43033494407466));
#7043=DIRECTION('',(-1.1377602310847E-15,-0.0043633092847467,-0.999990480720735));
#7044=DIRECTION('',(1.0,-1.39336768905118E-31,-1.13777106184518E-15));
#7045=ORIENTED_EDGE('',*,*,#9437,.F.);
#7046=ORIENTED_EDGE('',*,*,#9432,.F.);
#7047=ORIENTED_EDGE('',*,*,#8689,.T.);
#7048=ORIENTED_EDGE('',*,*,#8707,.T.);
#7049=ORIENTED_EDGE('',*,*,#9438,.F.);
#7050=ORIENTED_EDGE('',*,*,#8733,.F.);
#7051=CARTESIAN_POINT('',(-1.71498371651523,1.7999999992334,-2.74354651924224));
#7052=DIRECTION('',(-0.999990480720735,-0.00436330928474657,1.22832136222648E-12));
#7053=DIRECTION('',(-1.22464679914529E-16,-2.8148334636876E-10,-1.0));
#7054=ORIENTED_EDGE('',*,*,#8716,.T.);
#7055=ORIENTED_EDGE('',*,*,#9439,.F.);
#7056=ORIENTED_EDGE('',*,*,#9440,.T.);
#7057=ORIENTED_EDGE('',*,*,#8715,.T.);
#7058=CARTESIAN_POINT('',(-4.30998371651525,0.499999999299,-2.51033494370897));
#7059=DIRECTION('',(1.22464679914735E-16,2.81289870903008E-10,1.0));
#7060=DIRECTION('',(1.0,-1.49975978266186E-32,-1.22464679914735E-16));
#7061=ORIENTED_EDGE('',*,*,#8769,.T.);
#7062=ORIENTED_EDGE('',*,*,#9441,.T.);
#7063=ORIENTED_EDGE('',*,*,#9442,.T.);
#7064=ORIENTED_EDGE('',*,*,#8767,.T.);
#7065=CARTESIAN_POINT('',(-4.30998371651525,0.499999999299,-2.51033494370897));
#7066=DIRECTION('',(1.22464679914735E-16,2.81289870903008E-10,1.0));
#7067=DIRECTION('',(1.0,-1.49975978266186E-32,-1.22464679914735E-16));
#7068=ORIENTED_EDGE('',*,*,#9442,.F.);
#7069=ORIENTED_EDGE('',*,*,#9443,.T.);
#7070=ORIENTED_EDGE('',*,*,#9433,.F.);
#7071=ORIENTED_EDGE('',*,*,#9437,.T.);
#7072=ORIENTED_EDGE('',*,*,#8736,.T.);
#7073=ORIENTED_EDGE('',*,*,#8974,.T.);
#7074=ORIENTED_EDGE('',*,*,#8493,.T.);
#7075=ORIENTED_EDGE('',*,*,#8976,.T.);
#7076=ORIENTED_EDGE('',*,*,#8756,.T.);
#7077=ORIENTED_EDGE('',*,*,#9033,.T.);
#7078=ORIENTED_EDGE('',*,*,#8731,.T.);
#7079=ORIENTED_EDGE('',*,*,#9444,.T.);
#7080=ORIENTED_EDGE('',*,*,#8768,.F.);
#7081=CARTESIAN_POINT('',(3.00001628347787,0.499999999892601,2.99966505629103));
#7082=DIRECTION('',(0.0,1.0,-1.22464679914735E-16));
#7083=DIRECTION('',(-1.22464679914735E-16,-1.22464679914735E-16,-1.0));
#7084=ORIENTED_EDGE('',*,*,#8517,.T.);
#7085=ORIENTED_EDGE('',*,*,#8512,.T.);
#7086=ORIENTED_EDGE('',*,*,#9445,.F.);
#7087=ORIENTED_EDGE('',*,*,#9375,.T.);
#7088=ORIENTED_EDGE('',*,*,#9249,.T.);
#7089=CARTESIAN_POINT('',(8.41001628348475,13.2999999985851,-5.04675809786967));
#7090=DIRECTION('',(-1.0,1.19136007251166E-31,9.72819325001406E-16));
#7091=DIRECTION('',(9.72819325001405E-16,1.22464679914735E-16,1.0));
#7092=ORIENTED_EDGE('',*,*,#8570,.T.);
#7093=ORIENTED_EDGE('',*,*,#8566,.T.);
#7094=ORIENTED_EDGE('',*,*,#9242,.T.);
#7095=ORIENTED_EDGE('',*,*,#9370,.T.);
#7096=ORIENTED_EDGE('',*,*,#9446,.F.);
#7097=CARTESIAN_POINT('',(-2.40998371652901,13.2999999985851,-3.00675809786967));
#7098=DIRECTION('',(1.0,-1.49975978266186E-32,-1.22464679914735E-16));
#7099=DIRECTION('',(1.22464679914735E-16,1.22464679914735E-16,1.0));
#7100=ORIENTED_EDGE('',*,*,#9447,.T.);
#7101=ORIENTED_EDGE('',*,*,#8850,.T.);
#7102=ORIENTED_EDGE('',*,*,#9338,.T.);
#7103=ORIENTED_EDGE('',*,*,#9336,.T.);
#7104=ORIENTED_EDGE('',*,*,#9342,.T.);
#7105=ORIENTED_EDGE('',*,*,#9346,.T.);
#7106=ORIENTED_EDGE('',*,*,#9349,.T.);
#7107=ORIENTED_EDGE('',*,*,#9354,.T.);
#7108=ORIENTED_EDGE('',*,*,#9360,.T.);
#7109=ORIENTED_EDGE('',*,*,#9356,.T.);
#7110=ORIENTED_EDGE('',*,*,#9362,.T.);
#7111=ORIENTED_EDGE('',*,*,#8791,.T.);
#7112=ORIENTED_EDGE('',*,*,#9448,.T.);
#7113=ORIENTED_EDGE('',*,*,#9394,.T.);
#7114=ORIENTED_EDGE('',*,*,#9387,.T.);
#7115=ORIENTED_EDGE('',*,*,#9389,.T.);
#7116=CARTESIAN_POINT('',(3.00001628347787,0.499999999892601,2.99966505629103));
#7117=DIRECTION('',(0.0,1.0,-1.22464679914735E-16));
#7118=DIRECTION('',(-1.22464679914735E-16,-1.22464679914735E-16,-1.0));
#7119=ORIENTED_EDGE('',*,*,#8757,.T.);
#7120=ORIENTED_EDGE('',*,*,#9449,.T.);
#7121=ORIENTED_EDGE('',*,*,#8789,.T.);
#7122=ORIENTED_EDGE('',*,*,#8794,.T.);
#7123=CARTESIAN_POINT('',(8.37001628348485,0.499999998863999,-4.05675809404412));
#7124=DIRECTION('',(-1.0,1.49975978266186E-32,1.22464679914735E-16));
#7125=DIRECTION('',(2.80259692864963E-48,-1.0,1.22464679914735E-16));
#7126=ORIENTED_EDGE('',*,*,#8852,.T.);
#7127=ORIENTED_EDGE('',*,*,#9450,.T.);
#7128=ORIENTED_EDGE('',*,*,#8833,.T.);
#7129=ORIENTED_EDGE('',*,*,#8847,.T.);
#7130=CARTESIAN_POINT('',(-2.36998371651525,0.499999998444899,-5.54675809404412));
#7131=DIRECTION('',(1.0,-1.49975978266186E-32,-1.22464679914735E-16));
#7132=DIRECTION('',(1.22464679914735E-16,1.22464679914735E-16,1.0));
#7133=ORIENTED_EDGE('',*,*,#9451,.F.);
#7134=ORIENTED_EDGE('',*,*,#9452,.T.);
#7135=ORIENTED_EDGE('',*,*,#9453,.T.);
#7136=ORIENTED_EDGE('',*,*,#9454,.T.);
#7137=ORIENTED_EDGE('',*,*,#9455,.T.);
#7138=ORIENTED_EDGE('',*,*,#9456,.T.);
#7139=ORIENTED_EDGE('',*,*,#9256,.F.);
#7140=CARTESIAN_POINT('',(3.00001628347787,3.1999999998497,2.99966505553064));
#7141=DIRECTION('',(0.0,1.0,-1.22464679914735E-16));
#7142=DIRECTION('',(-1.22464679914735E-16,-1.22464679914735E-16,-1.0));
#7143=ORIENTED_EDGE('',*,*,#9457,.T.);
#7144=ORIENTED_EDGE('',*,*,#9458,.T.);
#7145=ORIENTED_EDGE('',*,*,#9257,.T.);
#7146=ORIENTED_EDGE('',*,*,#9456,.F.);
#7147=CARTESIAN_POINT('',(-2.29567785224392,3.2000000008208,2.8996650762912));
#7148=DIRECTION('',(-1.0,-2.75609202062979E-22,-9.79681205122726E-13));
#7149=DIRECTION('',(9.79681205122726E-13,-1.22464679914735E-16,-1.0));
#7150=ORIENTED_EDGE('',*,*,#9459,.F.);
#7151=ORIENTED_EDGE('',*,*,#9460,.T.);
#7152=ORIENTED_EDGE('',*,*,#9461,.T.);
#7153=ORIENTED_EDGE('',*,*,#9260,.T.);
#7154=ORIENTED_EDGE('',*,*,#9462,.T.);
#7155=ORIENTED_EDGE('',*,*,#9264,.F.);
#7156=CARTESIAN_POINT('',(3.00001628347787,3.1999999998497,2.99966505553064));
#7157=DIRECTION('',(0.0,1.0,-1.22464679914735E-16));
#7158=DIRECTION('',(-1.22464679914735E-16,-1.22464679914735E-16,-1.0));
#7159=ORIENTED_EDGE('',*,*,#9463,.T.);
#7160=ORIENTED_EDGE('',*,*,#9464,.F.);
#7161=ORIENTED_EDGE('',*,*,#9459,.T.);
#7162=ORIENTED_EDGE('',*,*,#9263,.T.);
#7163=CARTESIAN_POINT('',(-1.10498371651523,3.1999999991653,-2.98745223370876));
#7164=DIRECTION('',(-1.0,-2.75741967312252E-22,-9.801531918252E-13));
#7165=DIRECTION('',(9.801531918252E-13,-1.22464679914735E-16,-1.0));
#7166=ORIENTED_EDGE('',*,*,#9265,.T.);
#7167=ORIENTED_EDGE('',*,*,#9462,.F.);
#7168=ORIENTED_EDGE('',*,*,#9259,.T.);
#7169=ORIENTED_EDGE('',*,*,#9465,.T.);
#7170=CARTESIAN_POINT('',(-2.79498371651523,3.1999999991653,-2.98745223371042));
#7171=DIRECTION('',(9.80150268786269E-13,-2.81290232494732E-10,-1.0));
#7172=DIRECTION('',(1.0,1.20033788935252E-28,9.80150268786269E-13));
#7173=ORIENTED_EDGE('',*,*,#9466,.T.);
#7174=ORIENTED_EDGE('',*,*,#9467,.T.);
#7175=ORIENTED_EDGE('',*,*,#9261,.T.);
#7176=ORIENTED_EDGE('',*,*,#9461,.F.);
#7177=CARTESIAN_POINT('',(-2.79498371651423,3.1999999988787,-4.00675809480361));
#7178=DIRECTION('',(1.0,2.75741967312253E-22,9.80153191825201E-13));
#7179=DIRECTION('',(2.75741847278106E-22,-1.0,1.22464679914735E-16));
#7180=ORIENTED_EDGE('',*,*,#9468,.F.);
#7181=ORIENTED_EDGE('',*,*,#9469,.T.);
#7182=ORIENTED_EDGE('',*,*,#9470,.T.);
#7183=ORIENTED_EDGE('',*,*,#9272,.T.);
#7184=ORIENTED_EDGE('',*,*,#9471,.T.);
#7185=ORIENTED_EDGE('',*,*,#9268,.F.);
#7186=CARTESIAN_POINT('',(3.00001628347787,3.1999999998497,2.99966505553064));
#7187=DIRECTION('',(0.0,1.0,-1.22464679914735E-16));
#7188=DIRECTION('',(-1.22464679914735E-16,-1.22464679914735E-16,-1.0));
#7189=ORIENTED_EDGE('',*,*,#9472,.T.);
#7190=ORIENTED_EDGE('',*,*,#9473,.F.);
#7191=ORIENTED_EDGE('',*,*,#9468,.T.);
#7192=ORIENTED_EDGE('',*,*,#9267,.T.);
#7193=CARTESIAN_POINT('',(8.79501628348477,3.1999999991653,-2.98745223371042));
#7194=DIRECTION('',(-1.0,2.75981326688885E-22,9.81249054914636E-13));
#7195=DIRECTION('',(9.81249054914636E-13,1.22464679914735E-16,1.0));
#7196=ORIENTED_EDGE('',*,*,#9474,.T.);
#7197=ORIENTED_EDGE('',*,*,#9269,.T.);
#7198=ORIENTED_EDGE('',*,*,#9471,.F.);
#7199=ORIENTED_EDGE('',*,*,#9271,.T.);
#7200=CARTESIAN_POINT('',(-2.79498371651523,3.1999999991653,-2.98745223371042));
#7201=DIRECTION('',(9.80150268786269E-13,-2.81290232494732E-10,-1.0));
#7202=DIRECTION('',(1.0,1.20033788935252E-28,9.80150268786269E-13));
#7203=ORIENTED_EDGE('',*,*,#9475,.T.);
#7204=ORIENTED_EDGE('',*,*,#9476,.T.);
#7205=ORIENTED_EDGE('',*,*,#9273,.T.);
#7206=ORIENTED_EDGE('',*,*,#9470,.F.);
#7207=CARTESIAN_POINT('',(7.10501628348377,3.1999999988787,-4.00675809480195));
#7208=DIRECTION('',(1.0,-2.76460045382162E-22,-9.82950922373846E-13));
#7209=DIRECTION('',(9.82950922373846E-13,1.22464679914735E-16,1.0));
#7210=ORIENTED_EDGE('',*,*,#9477,.T.);
#7211=ORIENTED_EDGE('',*,*,#9478,.T.);
#7212=ORIENTED_EDGE('',*,*,#9479,.T.);
#7213=ORIENTED_EDGE('',*,*,#9480,.T.);
#7214=ORIENTED_EDGE('',*,*,#9481,.T.);
#7215=ORIENTED_EDGE('',*,*,#9276,.T.);
#7216=ORIENTED_EDGE('',*,*,#9482,.F.);
#7217=CARTESIAN_POINT('',(3.00001628347787,3.1999999998497,2.99966505553064));
#7218=DIRECTION('',(0.0,1.0,-1.22464679914735E-16));
#7219=DIRECTION('',(-1.22464679914735E-16,-1.22464679914735E-16,-1.0));
#7220=ORIENTED_EDGE('',*,*,#9483,.T.);
#7221=ORIENTED_EDGE('',*,*,#9484,.F.);
#7222=ORIENTED_EDGE('',*,*,#9482,.T.);
#7223=ORIENTED_EDGE('',*,*,#9275,.T.);
#7224=CARTESIAN_POINT('',(8.29571041921087,3.2000000000757,0.250140725844338));
#7225=DIRECTION('',(1.0,-2.77174640260463E-22,-9.8549134075938E-13));
#7226=DIRECTION('',(9.8549134075938E-13,1.22464679914735E-16,1.0));
#7227=ORIENTED_EDGE('',*,*,#8090,.T.);
#7228=ORIENTED_EDGE('',*,*,#8098,.T.);
#7229=ORIENTED_EDGE('',*,*,#8115,.T.);
#7230=ORIENTED_EDGE('',*,*,#8189,.T.);
#7231=ORIENTED_EDGE('',*,*,#8190,.T.);
#7232=ORIENTED_EDGE('',*,*,#8198,.T.);
#7233=ORIENTED_EDGE('',*,*,#8215,.T.);
#7234=ORIENTED_EDGE('',*,*,#8289,.T.);
#7235=ORIENTED_EDGE('',*,*,#8290,.T.);
#7236=ORIENTED_EDGE('',*,*,#8298,.T.);
#7237=ORIENTED_EDGE('',*,*,#8315,.T.);
#7238=ORIENTED_EDGE('',*,*,#8389,.T.);
#7239=ORIENTED_EDGE('',*,*,#8390,.T.);
#7240=ORIENTED_EDGE('',*,*,#8398,.T.);
#7241=ORIENTED_EDGE('',*,*,#8415,.T.);
#7242=ORIENTED_EDGE('',*,*,#8489,.T.);
#7243=ORIENTED_EDGE('',*,*,#9485,.F.);
#7244=ORIENTED_EDGE('',*,*,#9486,.T.);
#7245=ORIENTED_EDGE('',*,*,#9487,.F.);
#7246=ORIENTED_EDGE('',*,*,#9488,.F.);
#7247=ORIENTED_EDGE('',*,*,#9489,.T.);
#7248=ORIENTED_EDGE('',*,*,#9483,.F.);
#7249=ORIENTED_EDGE('',*,*,#9274,.T.);
#7250=ORIENTED_EDGE('',*,*,#9490,.F.);
#7251=ORIENTED_EDGE('',*,*,#9491,.T.);
#7252=ORIENTED_EDGE('',*,*,#8558,.T.);
#7253=ORIENTED_EDGE('',*,*,#8617,.F.);
#7254=ORIENTED_EDGE('',*,*,#8549,.F.);
#7255=ORIENTED_EDGE('',*,*,#8616,.F.);
#7256=ORIENTED_EDGE('',*,*,#8541,.F.);
#7257=ORIENTED_EDGE('',*,*,#8618,.F.);
#7258=ORIENTED_EDGE('',*,*,#8533,.F.);
#7259=ORIENTED_EDGE('',*,*,#9492,.F.);
#7260=ORIENTED_EDGE('',*,*,#9252,.F.);
#7261=ORIENTED_EDGE('',*,*,#9493,.F.);
#7262=ORIENTED_EDGE('',*,*,#9472,.F.);
#7263=ORIENTED_EDGE('',*,*,#9266,.T.);
#7264=ORIENTED_EDGE('',*,*,#9474,.F.);
#7265=ORIENTED_EDGE('',*,*,#9270,.T.);
#7266=ORIENTED_EDGE('',*,*,#9476,.F.);
#7267=ORIENTED_EDGE('',*,*,#9494,.T.);
#7268=ORIENTED_EDGE('',*,*,#9495,.T.);
#7269=ORIENTED_EDGE('',*,*,#9319,.F.);
#7270=ORIENTED_EDGE('',*,*,#9496,.F.);
#7271=ORIENTED_EDGE('',*,*,#9328,.F.);
#7272=ORIENTED_EDGE('',*,*,#9497,.F.);
#7273=ORIENTED_EDGE('',*,*,#9498,.F.);
#7274=ORIENTED_EDGE('',*,*,#9398,.F.);
#7275=ORIENTED_EDGE('',*,*,#9400,.F.);
#7276=ORIENTED_EDGE('',*,*,#9391,.F.);
#7277=ORIENTED_EDGE('',*,*,#9499,.T.);
#7278=ORIENTED_EDGE('',*,*,#9500,.F.);
#7279=ORIENTED_EDGE('',*,*,#9308,.F.);
#7280=ORIENTED_EDGE('',*,*,#9501,.F.);
#7281=ORIENTED_EDGE('',*,*,#9302,.F.);
#7282=ORIENTED_EDGE('',*,*,#9502,.F.);
#7283=ORIENTED_EDGE('',*,*,#9503,.F.);
#7284=ORIENTED_EDGE('',*,*,#9463,.F.);
#7285=ORIENTED_EDGE('',*,*,#9262,.T.);
#7286=ORIENTED_EDGE('',*,*,#9465,.F.);
#7287=ORIENTED_EDGE('',*,*,#9258,.T.);
#7288=ORIENTED_EDGE('',*,*,#9467,.F.);
#7289=ORIENTED_EDGE('',*,*,#9504,.T.);
#7290=ORIENTED_EDGE('',*,*,#9246,.T.);
#7291=ORIENTED_EDGE('',*,*,#9505,.T.);
#7292=ORIENTED_EDGE('',*,*,#8589,.T.);
#7293=ORIENTED_EDGE('',*,*,#8621,.F.);
#7294=ORIENTED_EDGE('',*,*,#8597,.F.);
#7295=ORIENTED_EDGE('',*,*,#8620,.F.);
#7296=ORIENTED_EDGE('',*,*,#8605,.F.);
#7297=ORIENTED_EDGE('',*,*,#8619,.F.);
#7298=ORIENTED_EDGE('',*,*,#8614,.F.);
#7299=ORIENTED_EDGE('',*,*,#9506,.F.);
#7300=ORIENTED_EDGE('',*,*,#9507,.F.);
#7301=ORIENTED_EDGE('',*,*,#9254,.T.);
#7302=ORIENTED_EDGE('',*,*,#9458,.F.);
#7303=ORIENTED_EDGE('',*,*,#9214,.F.);
#7304=ORIENTED_EDGE('',*,*,#9204,.F.);
#7305=ORIENTED_EDGE('',*,*,#9208,.F.);
#7306=ORIENTED_EDGE('',*,*,#9211,.F.);
#7307=ORIENTED_EDGE('',*,*,#9227,.F.);
#7308=ORIENTED_EDGE('',*,*,#9220,.F.);
#7309=ORIENTED_EDGE('',*,*,#9223,.F.);
#7310=ORIENTED_EDGE('',*,*,#9225,.F.);
#7311=CARTESIAN_POINT('',(3.00001628347787,2.79999999985318,2.99966505564406));
#7312=DIRECTION('',(0.0,1.0,-1.22464679914735E-16));
#7313=DIRECTION('',(-1.22464679914735E-16,-1.22464679914735E-16,-1.0));
#7314=ORIENTED_EDGE('',*,*,#9508,.T.);
#7315=ORIENTED_EDGE('',*,*,#9487,.T.);
#7316=ORIENTED_EDGE('',*,*,#9509,.F.);
#7317=ORIENTED_EDGE('',*,*,#9510,.F.);
#7318=CARTESIAN_POINT('',(3.00001628348126,14.1000000008489,2.99966507323033));
#7319=DIRECTION('',(9.805015942746E-13,0.00436330928474645,-0.999990480720735));
#7320=DIRECTION('',(5.34351274925482E-19,0.999990480720734,0.00436330928474645));
#7321=ORIENTED_EDGE('',*,*,#9511,.T.);
#7322=ORIENTED_EDGE('',*,*,#9488,.T.);
#7323=ORIENTED_EDGE('',*,*,#9508,.F.);
#7324=ORIENTED_EDGE('',*,*,#9512,.F.);
#7325=CARTESIAN_POINT('',(7.94501628348479,14.0999999998509,-0.548546522702104));
#7326=DIRECTION('',(-0.999990480720735,0.00436330928474657,-1.22723389470255E-12));
#7327=DIRECTION('',(-1.22464679914322E-16,-2.81290249698165E-10,-1.0));
#7328=ORIENTED_EDGE('',*,*,#9478,.F.);
#7329=ORIENTED_EDGE('',*,*,#9513,.T.);
#7330=ORIENTED_EDGE('',*,*,#9282,.T.);
#7331=ORIENTED_EDGE('',*,*,#9514,.T.);
#7332=CARTESIAN_POINT('',(9.34501628348479,14.0999999998509,-0.548546522702104));
#7333=DIRECTION('',(-0.999990480720735,0.00436330928474657,-1.22723389470255E-12));
#7334=DIRECTION('',(-1.22464679914322E-16,-2.81290249698165E-10,-1.0));
#7335=ORIENTED_EDGE('',*,*,#9515,.F.);
#7336=ORIENTED_EDGE('',*,*,#8510,.T.);
#7337=ORIENTED_EDGE('',*,*,#9516,.T.);
#7338=ORIENTED_EDGE('',*,*,#9479,.F.);
#7339=ORIENTED_EDGE('',*,*,#9514,.F.);
#7340=ORIENTED_EDGE('',*,*,#9285,.T.);
#7341=CARTESIAN_POINT('',(3.00001628348474,14.100000000517,1.81944659023033));
#7342=DIRECTION('',(1.22463514139343E-16,0.0043633092847467,0.999990480720735));
#7343=DIRECTION('',(1.0,-2.18764143857897E-26,-1.22464679914735E-16));
#7344=ORIENTED_EDGE('',*,*,#9516,.F.);
#7345=ORIENTED_EDGE('',*,*,#8509,.T.);
#7346=ORIENTED_EDGE('',*,*,#9517,.T.);
#7347=ORIENTED_EDGE('',*,*,#9480,.F.);
#7348=CARTESIAN_POINT('',(9.24501533470479,14.0999999998509,-0.548546522702104));
#7349=DIRECTION('',(-0.999990480720735,0.00436330928474657,-1.22723389470255E-12));
#7350=DIRECTION('',(-1.22464679914322E-16,-2.81290249698165E-10,-1.0));
#7351=ORIENTED_EDGE('',*,*,#9481,.F.);
#7352=ORIENTED_EDGE('',*,*,#9517,.F.);
#7353=ORIENTED_EDGE('',*,*,#8508,.T.);
#7354=ORIENTED_EDGE('',*,*,#9518,.T.);
#7355=ORIENTED_EDGE('',*,*,#8560,.T.);
#7356=ORIENTED_EDGE('',*,*,#9519,.T.);
#7357=ORIENTED_EDGE('',*,*,#9490,.T.);
#7358=ORIENTED_EDGE('',*,*,#9277,.T.);
#7359=CARTESIAN_POINT('',(3.00001628348474,14.1000000000894,0.299446590230327));
#7360=DIRECTION('',(-1.22463514139152E-16,0.00436330928474645,-0.999990480720735));
#7361=DIRECTION('',(5.34351274925482E-19,0.999990480720734,0.00436330928474645));
#7362=ORIENTED_EDGE('',*,*,#9373,.T.);
#7363=ORIENTED_EDGE('',*,*,#9366,.T.);
#7364=ORIENTED_EDGE('',*,*,#9320,.T.);
#7365=ORIENTED_EDGE('',*,*,#9495,.F.);
#7366=ORIENTED_EDGE('',*,*,#9520,.T.);
#7367=CARTESIAN_POINT('',(6.60501628348477,14.0999999998509,-0.548546522702104));
#7368=DIRECTION('',(0.999990480720735,0.00436330928474657,-1.22747882173082E-12));
#7369=DIRECTION('',(0.00436330928474657,-0.999990480720734,1.21929162864322E-16));
#7370=ORIENTED_EDGE('',*,*,#9329,.T.);
#7371=ORIENTED_EDGE('',*,*,#9496,.T.);
#7372=ORIENTED_EDGE('',*,*,#9318,.T.);
#7373=ORIENTED_EDGE('',*,*,#9324,.T.);
#7374=CARTESIAN_POINT('',(3.00001628348474,14.0999999990778,-3.29675809786967));
#7375=DIRECTION('',(1.22463514139343E-16,0.0043633092847467,0.999990480720735));
#7376=DIRECTION('',(1.0,-2.18764143857897E-26,-1.22464679914735E-16));
#7377=ORIENTED_EDGE('',*,*,#9383,.T.);
#7378=ORIENTED_EDGE('',*,*,#9521,.T.);
#7379=ORIENTED_EDGE('',*,*,#9497,.T.);
#7380=ORIENTED_EDGE('',*,*,#9327,.T.);
#7381=ORIENTED_EDGE('',*,*,#9332,.T.);
#7382=CARTESIAN_POINT('',(6.09501628348477,14.0999999998509,-0.548546522702094));
#7383=DIRECTION('',(-0.999990480720735,0.00436330928474657,-1.22834081035696E-12));
#7384=DIRECTION('',(-1.22464679914942E-16,-2.81543936884237E-10,-1.0));
#7385=ORIENTED_EDGE('',*,*,#9378,.T.);
#7386=ORIENTED_EDGE('',*,*,#9522,.T.);
#7387=ORIENTED_EDGE('',*,*,#9499,.F.);
#7388=ORIENTED_EDGE('',*,*,#9390,.F.);
#7389=ORIENTED_EDGE('',*,*,#9293,.T.);
#7390=ORIENTED_EDGE('',*,*,#9409,.T.);
#7391=CARTESIAN_POINT('',(3.00001628348474,14.0999999988574,-4.08033494753453));
#7392=DIRECTION('',(1.22463514139343E-16,0.0043633092847467,0.999990480720735));
#7393=DIRECTION('',(1.0,-2.18764143857897E-26,-1.22464679914735E-16));
#7394=ORIENTED_EDGE('',*,*,#9522,.F.);
#7395=ORIENTED_EDGE('',*,*,#9377,.T.);
#7396=ORIENTED_EDGE('',*,*,#9316,.T.);
#7397=ORIENTED_EDGE('',*,*,#9309,.T.);
#7398=ORIENTED_EDGE('',*,*,#9500,.T.);
#7399=CARTESIAN_POINT('',(-0.0949837165152291,14.0999999998509,-0.548546522702093));
#7400=DIRECTION('',(0.999990480720735,0.00436330928474657,-1.22858573738523E-12));
#7401=DIRECTION('',(0.00436330928474657,-0.999990480720734,1.21929162864322E-16));
#7402=ORIENTED_EDGE('',*,*,#9303,.T.);
#7403=ORIENTED_EDGE('',*,*,#9501,.T.);
#7404=ORIENTED_EDGE('',*,*,#9307,.T.);
#7405=ORIENTED_EDGE('',*,*,#9312,.T.);
#7406=CARTESIAN_POINT('',(3.00001628348474,14.0999999990778,-3.29675809786967));
#7407=DIRECTION('',(1.22463514139343E-16,0.0043633092847467,0.999990480720735));
#7408=DIRECTION('',(1.0,-2.18764143857897E-26,-1.22464679914735E-16));
#7409=ORIENTED_EDGE('',*,*,#9523,.F.);
#7410=ORIENTED_EDGE('',*,*,#9502,.T.);
#7411=ORIENTED_EDGE('',*,*,#9301,.T.);
#7412=ORIENTED_EDGE('',*,*,#9365,.T.);
#7413=ORIENTED_EDGE('',*,*,#9372,.F.);
#7414=CARTESIAN_POINT('',(-0.604983716515229,14.0999999998509,-0.548546522702103));
#7415=DIRECTION('',(-0.999990480720735,0.00436330928474657,-1.22723389470255E-12));
#7416=DIRECTION('',(-1.22464679914322E-16,-2.81290249698165E-10,-1.0));
#7417=ORIENTED_EDGE('',*,*,#9524,.T.);
#7418=ORIENTED_EDGE('',*,*,#9451,.T.);
#7419=ORIENTED_EDGE('',*,*,#9255,.T.);
#7420=ORIENTED_EDGE('',*,*,#9507,.T.);
#7421=ORIENTED_EDGE('',*,*,#9525,.F.);
#7422=ORIENTED_EDGE('',*,*,#8610,.T.);
#7423=ORIENTED_EDGE('',*,*,#9526,.F.);
#7424=ORIENTED_EDGE('',*,*,#8506,.T.);
#7425=CARTESIAN_POINT('',(3.00001628348474,14.1000000000894,0.299446590230327));
#7426=DIRECTION('',(-1.22463514139152E-16,0.00436330928474645,-0.999990480720735));
#7427=DIRECTION('',(5.34351274925482E-19,0.999990480720734,0.00436330928474645));
#7428=ORIENTED_EDGE('',*,*,#9524,.F.);
#7429=ORIENTED_EDGE('',*,*,#8505,.T.);
#7430=ORIENTED_EDGE('',*,*,#9527,.T.);
#7431=ORIENTED_EDGE('',*,*,#9452,.F.);
#7432=CARTESIAN_POINT('',(-3.24498276773526,14.0999999998509,-0.548546522702102));
#7433=DIRECTION('',(0.999990480720735,0.00436330928474657,-1.22747882173082E-12));
#7434=DIRECTION('',(0.00436330928474657,-0.999990480720734,1.21929162864322E-16));
#7435=ORIENTED_EDGE('',*,*,#9527,.F.);
#7436=ORIENTED_EDGE('',*,*,#8504,.T.);
#7437=ORIENTED_EDGE('',*,*,#9528,.F.);
#7438=ORIENTED_EDGE('',*,*,#9281,.T.);
#7439=ORIENTED_EDGE('',*,*,#9529,.T.);
#7440=ORIENTED_EDGE('',*,*,#9453,.F.);
#7441=CARTESIAN_POINT('',(3.00001628348474,14.100000000517,1.81944659023033));
#7442=DIRECTION('',(1.22463514139343E-16,0.0043633092847467,0.999990480720735));
#7443=DIRECTION('',(1.0,-2.18764143857897E-26,-1.22464679914735E-16));
#7444=ORIENTED_EDGE('',*,*,#9280,.T.);
#7445=ORIENTED_EDGE('',*,*,#9530,.F.);
#7446=ORIENTED_EDGE('',*,*,#9454,.F.);
#7447=ORIENTED_EDGE('',*,*,#9529,.F.);
#7448=CARTESIAN_POINT('',(-3.34498371651526,14.0999999998509,-0.548546522702102));
#7449=DIRECTION('',(0.999990480720735,0.00436330928474657,-1.22747882173082E-12));
#7450=DIRECTION('',(0.00436330928474657,-0.999990480720734,1.21929162864322E-16));
#7451=ORIENTED_EDGE('',*,*,#9509,.T.);
#7452=ORIENTED_EDGE('',*,*,#9486,.F.);
#7453=ORIENTED_EDGE('',*,*,#9531,.F.);
#7454=ORIENTED_EDGE('',*,*,#9532,.F.);
#7455=CARTESIAN_POINT('',(-1.94498371651526,14.0999999998509,-0.548546522702103));
#7456=DIRECTION('',(0.999990480720735,0.00436330928474657,-1.22747882173082E-12));
#7457=DIRECTION('',(0.00436330928474657,-0.999990480720734,1.21929162864322E-16));
#7458=ORIENTED_EDGE('',*,*,#9513,.F.);
#7459=ORIENTED_EDGE('',*,*,#9477,.F.);
#7460=ORIENTED_EDGE('',*,*,#9484,.T.);
#7461=ORIENTED_EDGE('',*,*,#9489,.F.);
#7462=ORIENTED_EDGE('',*,*,#9511,.F.);
#7463=ORIENTED_EDGE('',*,*,#9533,.F.);
#7464=ORIENTED_EDGE('',*,*,#9283,.F.);
#7465=CARTESIAN_POINT('',(3.00001628348474,14.1000000008292,2.92966507322548));
#7466=DIRECTION('',(-1.22463514139152E-16,0.00436330928474645,-0.999990480720735));
#7467=DIRECTION('',(5.34351274925482E-19,0.999990480720734,0.00436330928474645));
#7468=ORIENTED_EDGE('',*,*,#9279,.T.);
#7469=ORIENTED_EDGE('',*,*,#9534,.F.);
#7470=ORIENTED_EDGE('',*,*,#9531,.T.);
#7471=ORIENTED_EDGE('',*,*,#9485,.T.);
#7472=ORIENTED_EDGE('',*,*,#9457,.F.);
#7473=ORIENTED_EDGE('',*,*,#9455,.F.);
#7474=ORIENTED_EDGE('',*,*,#9530,.T.);
#7475=CARTESIAN_POINT('',(3.00001628348474,14.1000000008292,2.92966507322548));
#7476=DIRECTION('',(-1.22463514139152E-16,0.00436330928474645,-0.999990480720735));
#7477=DIRECTION('',(5.34351274925482E-19,0.999990480720734,0.00436330928474645));
#7478=ORIENTED_EDGE('',*,*,#9444,.F.);
#7479=ORIENTED_EDGE('',*,*,#8730,.F.);
#7480=ORIENTED_EDGE('',*,*,#8728,.T.);
#7481=ORIENTED_EDGE('',*,*,#8752,.T.);
#7482=ORIENTED_EDGE('',*,*,#9535,.F.);
#7483=ORIENTED_EDGE('',*,*,#8815,.F.);
#7484=ORIENTED_EDGE('',*,*,#8825,.T.);
#7485=ORIENTED_EDGE('',*,*,#8841,.T.);
#7486=ORIENTED_EDGE('',*,*,#8845,.T.);
#7487=ORIENTED_EDGE('',*,*,#8927,.F.);
#7488=ORIENTED_EDGE('',*,*,#8863,.T.);
#7489=ORIENTED_EDGE('',*,*,#8632,.T.);
#7490=ORIENTED_EDGE('',*,*,#8912,.T.);
#7491=ORIENTED_EDGE('',*,*,#8797,.T.);
#7492=ORIENTED_EDGE('',*,*,#8764,.T.);
#7493=CARTESIAN_POINT('',(-4.30998371651525,14.0999999985856,-5.04675809786967));
#7494=DIRECTION('',(0.999990480720735,0.00436330928474657,-1.22603265784963E-12));
#7495=DIRECTION('',(0.00436330928474657,-0.999990480720734,1.21929162864322E-16));
#7496=ORIENTED_EDGE('',*,*,#9447,.F.);
#7497=ORIENTED_EDGE('',*,*,#9388,.F.);
#7498=ORIENTED_EDGE('',*,*,#9536,.T.);
#7499=ORIENTED_EDGE('',*,*,#9298,.T.);
#7500=ORIENTED_EDGE('',*,*,#8800,.T.);
#7501=ORIENTED_EDGE('',*,*,#9450,.F.);
#7502=ORIENTED_EDGE('',*,*,#8851,.F.);
#7503=CARTESIAN_POINT('',(3.00001628347787,1.799999998864,-4.0567580944098));
#7504=DIRECTION('',(1.22463514144328E-16,-0.00436330928474645,0.999990480720735));
#7505=DIRECTION('',(-1.0,-1.16445188809317E-24,1.22464679914735E-16));
#7506=ORIENTED_EDGE('',*,*,#9518,.F.);
#7507=ORIENTED_EDGE('',*,*,#8511,.T.);
#7508=ORIENTED_EDGE('',*,*,#9515,.T.);
#7509=ORIENTED_EDGE('',*,*,#9284,.T.);
#7510=ORIENTED_EDGE('',*,*,#9533,.T.);
#7511=ORIENTED_EDGE('',*,*,#9512,.T.);
#7512=ORIENTED_EDGE('',*,*,#9510,.T.);
#7513=ORIENTED_EDGE('',*,*,#9532,.T.);
#7514=ORIENTED_EDGE('',*,*,#9534,.T.);
#7515=ORIENTED_EDGE('',*,*,#9278,.T.);
#7516=ORIENTED_EDGE('',*,*,#9528,.T.);
#7517=ORIENTED_EDGE('',*,*,#8507,.T.);
#7518=ORIENTED_EDGE('',*,*,#9526,.T.);
#7519=ORIENTED_EDGE('',*,*,#8612,.T.);
#7520=ORIENTED_EDGE('',*,*,#8609,.F.);
#7521=ORIENTED_EDGE('',*,*,#8603,.T.);
#7522=ORIENTED_EDGE('',*,*,#8595,.T.);
#7523=ORIENTED_EDGE('',*,*,#8587,.F.);
#7524=ORIENTED_EDGE('',*,*,#8584,.F.);
#7525=ORIENTED_EDGE('',*,*,#8581,.T.);
#7526=ORIENTED_EDGE('',*,*,#8578,.T.);
#7527=ORIENTED_EDGE('',*,*,#8575,.T.);
#7528=ORIENTED_EDGE('',*,*,#8567,.T.);
#7529=ORIENTED_EDGE('',*,*,#8078,.T.);
#7530=ORIENTED_EDGE('',*,*,#8635,.T.);
#7531=ORIENTED_EDGE('',*,*,#8633,.T.);
#7532=ORIENTED_EDGE('',*,*,#8086,.T.);
#7533=ORIENTED_EDGE('',*,*,#8625,.T.);
#7534=ORIENTED_EDGE('',*,*,#8627,.T.);
#7535=ORIENTED_EDGE('',*,*,#8082,.T.);
#7536=ORIENTED_EDGE('',*,*,#8516,.T.);
#7537=ORIENTED_EDGE('',*,*,#8522,.T.);
#7538=ORIENTED_EDGE('',*,*,#8524,.T.);
#7539=ORIENTED_EDGE('',*,*,#8527,.T.);
#7540=ORIENTED_EDGE('',*,*,#8530,.F.);
#7541=ORIENTED_EDGE('',*,*,#8536,.F.);
#7542=ORIENTED_EDGE('',*,*,#8544,.T.);
#7543=ORIENTED_EDGE('',*,*,#8552,.T.);
#7544=ORIENTED_EDGE('',*,*,#8555,.F.);
#7545=ORIENTED_EDGE('',*,*,#8561,.F.);
#7546=CARTESIAN_POINT('',(3.00001628347787,14.0999999998509,2.99966505246548));
#7547=DIRECTION('',(0.0,1.0,-1.22464679914735E-16));
#7548=DIRECTION('',(-1.22464679914735E-16,-1.22464679914735E-16,-1.0));
#7549=ORIENTED_EDGE('',*,*,#9473,.T.);
#7550=ORIENTED_EDGE('',*,*,#9493,.T.);
#7551=ORIENTED_EDGE('',*,*,#9251,.T.);
#7552=ORIENTED_EDGE('',*,*,#8520,.T.);
#7553=ORIENTED_EDGE('',*,*,#9248,.T.);
#7554=ORIENTED_EDGE('',*,*,#9374,.T.);
#7555=ORIENTED_EDGE('',*,*,#9520,.F.);
#7556=ORIENTED_EDGE('',*,*,#9494,.F.);
#7557=ORIENTED_EDGE('',*,*,#9475,.F.);
#7558=ORIENTED_EDGE('',*,*,#9469,.F.);
#7559=CARTESIAN_POINT('',(3.00001628348474,14.0999999988697,-4.03675809786967));
#7560=DIRECTION('',(1.22463514139343E-16,0.0043633092847467,0.999990480720735));
#7561=DIRECTION('',(1.0,-2.1876395380077E-26,-1.22464679914735E-16));
#7562=ORIENTED_EDGE('',*,*,#9247,.T.);
#7563=ORIENTED_EDGE('',*,*,#9504,.F.);
#7564=ORIENTED_EDGE('',*,*,#9466,.F.);
#7565=ORIENTED_EDGE('',*,*,#9460,.F.);
#7566=ORIENTED_EDGE('',*,*,#9464,.T.);
#7567=ORIENTED_EDGE('',*,*,#9503,.T.);
#7568=ORIENTED_EDGE('',*,*,#9523,.T.);
#7569=ORIENTED_EDGE('',*,*,#9371,.T.);
#7570=ORIENTED_EDGE('',*,*,#9243,.T.);
#7571=ORIENTED_EDGE('',*,*,#8574,.T.);
#7572=CARTESIAN_POINT('',(3.00001628348474,14.0999999988697,-4.03675809786967));
#7573=DIRECTION('',(1.22463514139343E-16,0.0043633092847467,0.999990480720735));
#7574=DIRECTION('',(1.0,-2.1876395380077E-26,-1.22464679914735E-16));
#7575=ORIENTED_EDGE('',*,*,#9229,.T.);
#7576=ORIENTED_EDGE('',*,*,#8513,.T.);
#7577=ORIENTED_EDGE('',*,*,#8080,.T.);
#7578=ORIENTED_EDGE('',*,*,#8910,.T.);
#7579=ORIENTED_EDGE('',*,*,#8763,.T.);
#7580=ORIENTED_EDGE('',*,*,#8793,.T.);
#7581=ORIENTED_EDGE('',*,*,#8802,.T.);
#7582=ORIENTED_EDGE('',*,*,#9361,.T.);
#7583=ORIENTED_EDGE('',*,*,#9427,.F.);
#7584=CARTESIAN_POINT('',(10.3100162834847,14.0999999985856,-5.04675809786967));
#7585=DIRECTION('',(2.41116521161348E-16,0.0043633092847467,0.999990480720735));
#7586=DIRECTION('',(1.0,-2.71933524027034E-14,-1.22464679914732E-16));
#7587=ORIENTED_EDGE('',*,*,#8746,.T.);
#7588=ORIENTED_EDGE('',*,*,#9537,.T.);
#7589=ORIENTED_EDGE('',*,*,#8725,.T.);
#7590=ORIENTED_EDGE('',*,*,#9538,.T.);
#7591=CARTESIAN_POINT('',(3.00001628347789,1.8000000004073,1.42966505592537));
#7592=DIRECTION('',(4.2621051295769E-15,-0.00436330928474645,0.999990480720735));
#7593=DIRECTION('',(-1.0,-9.48738983484204E-13,1.22464679914852E-16));
#7594=ORIENTED_EDGE('',*,*,#8742,.T.);
#7595=ORIENTED_EDGE('',*,*,#8712,.T.);
#7596=ORIENTED_EDGE('',*,*,#8709,.T.);
#7597=ORIENTED_EDGE('',*,*,#8721,.T.);
#7598=ORIENTED_EDGE('',*,*,#8739,.T.);
#7599=ORIENTED_EDGE('',*,*,#8760,.T.);
#7600=ORIENTED_EDGE('',*,*,#8761,.T.);
#7601=ORIENTED_EDGE('',*,*,#8745,.T.);
#7602=CARTESIAN_POINT('',(3.00001628347787,-0.500000000117841,2.99966505657232));
#7603=DIRECTION('',(0.0,1.0,-1.22464679914735E-16));
#7604=DIRECTION('',(-1.22464679914735E-16,-1.22464679914735E-16,-1.0));
#7605=ORIENTED_EDGE('',*,*,#8787,.T.);
#7606=ORIENTED_EDGE('',*,*,#8775,.T.);
#7607=ORIENTED_EDGE('',*,*,#8771,.T.);
#7608=ORIENTED_EDGE('',*,*,#8796,.T.);
#7609=ORIENTED_EDGE('',*,*,#8819,.T.);
#7610=ORIENTED_EDGE('',*,*,#8830,.T.);
#7611=ORIENTED_EDGE('',*,*,#8831,.T.);
#7612=ORIENTED_EDGE('',*,*,#8798,.T.);
#7613=CARTESIAN_POINT('',(3.00001628347787,-0.500000000117841,2.99966505657232));
#7614=DIRECTION('',(0.0,1.0,-1.22464679914735E-16));
#7615=DIRECTION('',(-1.22464679914735E-16,-1.22464679914735E-16,-1.0));
#7616=ORIENTED_EDGE('',*,*,#9441,.F.);
#7617=ORIENTED_EDGE('',*,*,#8774,.T.);
#7618=ORIENTED_EDGE('',*,*,#9297,.T.);
#7619=ORIENTED_EDGE('',*,*,#9539,.T.);
#7620=ORIENTED_EDGE('',*,*,#9434,.T.);
#7621=ORIENTED_EDGE('',*,*,#9443,.F.);
#7622=CARTESIAN_POINT('',(-3.20998371651523,1.7999999992334,-2.74354651924224));
#7623=DIRECTION('',(0.999990480720735,-0.00436330928474657,1.22691816267328E-12));
#7624=DIRECTION('',(-1.22692930780472E-12,1.22464679914735E-16,1.0));
#7625=ORIENTED_EDGE('',*,*,#9540,.F.);
#7626=ORIENTED_EDGE('',*,*,#8676,.T.);
#7627=ORIENTED_EDGE('',*,*,#9541,.F.);
#7628=ORIENTED_EDGE('',*,*,#9295,.T.);
#7629=ORIENTED_EDGE('',*,*,#8711,.T.);
#7630=ORIENTED_EDGE('',*,*,#9440,.F.);
#7631=CARTESIAN_POINT('',(9.21001628347097,1.7999999992334,-2.74354651924224));
#7632=DIRECTION('',(-0.999990480720735,-0.00436330928474657,1.22716308970156E-12));
#7633=DIRECTION('',(-1.22464679914735E-16,-2.81217889017621E-10,-1.0));
#7634=ORIENTED_EDGE('',*,*,#8812,.F.);
#7635=ORIENTED_EDGE('',*,*,#9111,.F.);
#7636=ORIENTED_EDGE('',*,*,#8747,.F.);
#7637=ORIENTED_EDGE('',*,*,#9538,.F.);
#7638=ORIENTED_EDGE('',*,*,#8724,.F.);
#7639=ORIENTED_EDGE('',*,*,#9542,.F.);
#7640=ORIENTED_EDGE('',*,*,#8780,.F.);
#7641=ORIENTED_EDGE('',*,*,#9115,.F.);
#7642=CARTESIAN_POINT('',(3.00001628347787,1.80000000001052,2.99966505592535));
#7643=DIRECTION('',(0.0,1.0,-1.22464679914735E-16));
#7644=DIRECTION('',(-1.22464679914735E-16,-1.22464679914735E-16,-1.0));
#7645=ORIENTED_EDGE('',*,*,#8076,.T.);
#7646=ORIENTED_EDGE('',*,*,#8569,.T.);
#7647=ORIENTED_EDGE('',*,*,#9228,.T.);
#7648=ORIENTED_EDGE('',*,*,#9428,.F.);
#7649=ORIENTED_EDGE('',*,*,#9339,.T.);
#7650=ORIENTED_EDGE('',*,*,#8853,.T.);
#7651=ORIENTED_EDGE('',*,*,#8848,.T.);
#7652=ORIENTED_EDGE('',*,*,#8827,.T.);
#7653=ORIENTED_EDGE('',*,*,#8913,.T.);
#7654=CARTESIAN_POINT('',(10.3100162834847,14.0999999985856,-5.04675809786967));
#7655=DIRECTION('',(2.41116521161348E-16,0.0043633092847467,0.999990480720735));
#7656=DIRECTION('',(1.0,-2.71933524027034E-14,-1.22464679914732E-16));
#7657=ORIENTED_EDGE('',*,*,#9543,.F.);
#7658=ORIENTED_EDGE('',*,*,#9420,.F.);
#7659=ORIENTED_EDGE('',*,*,#9425,.T.);
#7660=ORIENTED_EDGE('',*,*,#9544,.T.);
#7661=CARTESIAN_POINT('',(3.00001628347786,12.299999998552,-5.54675809736335));
#7662=DIRECTION('',(0.0,1.0,-1.22464679914735E-16));
#7663=DIRECTION('',(-1.22464679914735E-16,-1.22464679914735E-16,-1.0));
#7664=ORIENTED_EDGE('',*,*,#9426,.F.);
#7665=ORIENTED_EDGE('',*,*,#9350,.T.);
#7666=ORIENTED_EDGE('',*,*,#9421,.F.);
#7667=ORIENTED_EDGE('',*,*,#9424,.F.);
#7668=ORIENTED_EDGE('',*,*,#9545,.T.);
#7669=ORIENTED_EDGE('',*,*,#9410,.F.);
#7670=ORIENTED_EDGE('',*,*,#9546,.F.);
#7671=ORIENTED_EDGE('',*,*,#9544,.F.);
#7672=CARTESIAN_POINT('',(10.3100162834847,-0.500000001414402,-5.04675809376283));
#7673=DIRECTION('',(-2.41118816438456E-16,-2.81290232494732E-10,-1.0));
#7674=DIRECTION('',(1.0,-2.95285386623538E-32,-2.41118816438456E-16));
#7675=ORIENTED_EDGE('',*,*,#9399,.F.);
#7676=ORIENTED_EDGE('',*,*,#9498,.T.);
#7677=ORIENTED_EDGE('',*,*,#9521,.F.);
#7678=ORIENTED_EDGE('',*,*,#9382,.T.);
#7679=ORIENTED_EDGE('',*,*,#9406,.F.);
#7680=ORIENTED_EDGE('',*,*,#9289,.T.);
#7681=CARTESIAN_POINT('',(3.00001628348474,14.0999999988574,-4.08033494753453));
#7682=DIRECTION('',(1.22463514139343E-16,0.0043633092847467,0.999990480720735));
#7683=DIRECTION('',(1.0,-2.18764143857897E-26,-1.22464679914735E-16));
#7684=ORIENTED_EDGE('',*,*,#9449,.F.);
#7685=ORIENTED_EDGE('',*,*,#8737,.T.);
#7686=ORIENTED_EDGE('',*,*,#9294,.T.);
#7687=ORIENTED_EDGE('',*,*,#9547,.F.);
#7688=ORIENTED_EDGE('',*,*,#9395,.F.);
#7689=ORIENTED_EDGE('',*,*,#9448,.F.);
#7690=ORIENTED_EDGE('',*,*,#8790,.F.);
#7691=CARTESIAN_POINT('',(3.00001628347787,1.799999998864,-4.0567580944098));
#7692=DIRECTION('',(1.22463514144328E-16,-0.00436330928474645,0.999990480720735));
#7693=DIRECTION('',(-1.0,-1.16445188809317E-24,1.22464679914735E-16));
#7694=ORIENTED_EDGE('',*,*,#9413,.T.);
#7695=ORIENTED_EDGE('',*,*,#9543,.T.);
#7696=ORIENTED_EDGE('',*,*,#9546,.T.);
#7697=ORIENTED_EDGE('',*,*,#9412,.T.);
#7698=ORIENTED_EDGE('',*,*,#9233,.T.);
#7699=CARTESIAN_POINT('',(3.51401628348477,12.2999999985232,-5.29675809736335));
#7700=DIRECTION('',(0.999990480720735,-0.00436330928474657,1.22723382142625E-12));
#7701=DIRECTION('',(-1.22724496956256E-12,1.22464679914735E-16,1.0));
#7702=ORIENTED_EDGE('',*,*,#9411,.F.);
#7703=ORIENTED_EDGE('',*,*,#9545,.F.);
#7704=ORIENTED_EDGE('',*,*,#9423,.F.);
#7705=ORIENTED_EDGE('',*,*,#9414,.F.);
#7706=ORIENTED_EDGE('',*,*,#9231,.F.);
#7707=CARTESIAN_POINT('',(2.48601628348477,12.2999999985232,-5.29675809736335));
#7708=DIRECTION('',(-0.999990480720735,-0.00436330928474657,1.22747874487933E-12));
#7709=DIRECTION('',(-1.22464679914735E-16,-2.81290232085043E-10,-1.0));
#7710=ORIENTED_EDGE('',*,*,#9157,.T.);
#7711=ORIENTED_EDGE('',*,*,#9178,.T.);
#7712=ORIENTED_EDGE('',*,*,#9176,.T.);
#7713=ORIENTED_EDGE('',*,*,#9174,.T.);
#7714=ORIENTED_EDGE('',*,*,#9172,.T.);
#7715=ORIENTED_EDGE('',*,*,#9170,.T.);
#7716=ORIENTED_EDGE('',*,*,#9168,.T.);
#7717=ORIENTED_EDGE('',*,*,#9166,.T.);
#7718=ORIENTED_EDGE('',*,*,#9164,.T.);
#7719=ORIENTED_EDGE('',*,*,#9162,.T.);
#7720=ORIENTED_EDGE('',*,*,#9160,.T.);
#7721=ORIENTED_EDGE('',*,*,#9215,.F.);
#7722=ORIENTED_EDGE('',*,*,#9212,.F.);
#7723=ORIENTED_EDGE('',*,*,#9209,.F.);
#7724=ORIENTED_EDGE('',*,*,#9206,.F.);
#7725=CARTESIAN_POINT('',(3.00001628347787,2.64999999950628,2.99966505568522));
#7726=DIRECTION('',(0.0,1.0,-1.22464679914735E-16));
#7727=DIRECTION('',(-1.22464679914735E-16,-1.22464679914735E-16,-1.0));
#7728=ORIENTED_EDGE('',*,*,#9380,.T.);
#7729=ORIENTED_EDGE('',*,*,#9408,.T.);
#7730=ORIENTED_EDGE('',*,*,#9240,.T.);
#7731=ORIENTED_EDGE('',*,*,#9407,.T.);
#7732=ORIENTED_EDGE('',*,*,#9236,.F.);
#7733=ORIENTED_EDGE('',*,*,#9405,.F.);
#7734=ORIENTED_EDGE('',*,*,#9384,.T.);
#7735=ORIENTED_EDGE('',*,*,#9333,.T.);
#7736=ORIENTED_EDGE('',*,*,#9325,.T.);
#7737=ORIENTED_EDGE('',*,*,#9368,.T.);
#7738=ORIENTED_EDGE('',*,*,#9376,.T.);
#7739=ORIENTED_EDGE('',*,*,#9445,.T.);
#7740=ORIENTED_EDGE('',*,*,#8023,.T.);
#7741=ORIENTED_EDGE('',*,*,#8014,.T.);
#7742=ORIENTED_EDGE('',*,*,#8018,.T.);
#7743=ORIENTED_EDGE('',*,*,#8021,.T.);
#7744=ORIENTED_EDGE('',*,*,#8027,.T.);
#7745=ORIENTED_EDGE('',*,*,#9446,.T.);
#7746=ORIENTED_EDGE('',*,*,#9369,.T.);
#7747=ORIENTED_EDGE('',*,*,#9363,.T.);
#7748=ORIENTED_EDGE('',*,*,#9311,.T.);
#7749=ORIENTED_EDGE('',*,*,#9315,.T.);
#7750=CARTESIAN_POINT('',(3.00001628347787,13.2999999985851,2.99966505246548));
#7751=DIRECTION('',(0.0,-1.0,1.22464679914735E-16));
#7752=DIRECTION('',(-1.0,1.49975978266186E-32,1.22464679914735E-16));
#7753=ORIENTED_EDGE('',*,*,#9536,.F.);
#7754=ORIENTED_EDGE('',*,*,#9393,.F.);
#7755=ORIENTED_EDGE('',*,*,#9401,.F.);
#7756=ORIENTED_EDGE('',*,*,#9396,.F.);
#7757=ORIENTED_EDGE('',*,*,#9547,.T.);
#7758=ORIENTED_EDGE('',*,*,#9296,.T.);
#7759=ORIENTED_EDGE('',*,*,#9541,.T.);
#7760=ORIENTED_EDGE('',*,*,#8675,.F.);
#7761=ORIENTED_EDGE('',*,*,#9435,.F.);
#7762=ORIENTED_EDGE('',*,*,#9539,.F.);
#7763=ORIENTED_EDGE('',*,*,#9299,.F.);
#7764=CARTESIAN_POINT('',(3.00001628347787,1.80000000001052,2.99966505592535));
#7765=DIRECTION('',(0.0,1.0,-1.22464679914735E-16));
#7766=DIRECTION('',(-1.22464679914735E-16,-1.22464679914735E-16,-1.0));
#7767=ORIENTED_EDGE('',*,*,#8878,.T.);
#7768=ORIENTED_EDGE('',*,*,#9548,.T.);
#7769=ORIENTED_EDGE('',*,*,#8876,.T.);
#7770=ORIENTED_EDGE('',*,*,#9549,.F.);
#7771=CARTESIAN_POINT('',(3.00001628347789,1.8000000004073,1.42966505592537));
#7772=DIRECTION('',(4.2621051295769E-15,-0.00436330928474645,0.999990480720735));
#7773=DIRECTION('',(-1.0,-9.48738983484204E-13,1.22464679914852E-16));
#7774=ORIENTED_EDGE('',*,*,#8750,.T.);
#7775=ORIENTED_EDGE('',*,*,#9550,.F.);
#7776=ORIENTED_EDGE('',*,*,#8783,.T.);
#7777=ORIENTED_EDGE('',*,*,#9551,.T.);
#7778=CARTESIAN_POINT('',(3.00001628347789,1.8000000004073,1.42966505592537));
#7779=DIRECTION('',(4.2621051295769E-15,-0.00436330928474645,0.999990480720735));
#7780=DIRECTION('',(-1.0,-9.48738983484204E-13,1.22464679914852E-16));
#7781=ORIENTED_EDGE('',*,*,#9135,.F.);
#7782=ORIENTED_EDGE('',*,*,#9429,.F.);
#7783=ORIENTED_EDGE('',*,*,#9055,.T.);
#7784=ORIENTED_EDGE('',*,*,#8895,.T.);
#7785=ORIENTED_EDGE('',*,*,#9028,.T.);
#7786=ORIENTED_EDGE('',*,*,#8884,.T.);
#7787=ORIENTED_EDGE('',*,*,#9031,.T.);
#7788=ORIENTED_EDGE('',*,*,#8879,.T.);
#7789=ORIENTED_EDGE('',*,*,#9549,.T.);
#7790=ORIENTED_EDGE('',*,*,#8875,.T.);
#7791=ORIENTED_EDGE('',*,*,#9106,.T.);
#7792=ORIENTED_EDGE('',*,*,#8074,.F.);
#7793=ORIENTED_EDGE('',*,*,#9102,.F.);
#7794=ORIENTED_EDGE('',*,*,#8890,.F.);
#7795=CARTESIAN_POINT('',(3.00001628347787,1.80000000001052,2.99966505592535));
#7796=DIRECTION('',(0.0,1.0,-1.22464679914735E-16));
#7797=DIRECTION('',(-1.22464679914735E-16,-1.22464679914735E-16,-1.0));
#7798=ORIENTED_EDGE('',*,*,#9551,.F.);
#7799=ORIENTED_EDGE('',*,*,#8782,.T.);
#7800=ORIENTED_EDGE('',*,*,#9036,.T.);
#7801=ORIENTED_EDGE('',*,*,#8838,.T.);
#7802=ORIENTED_EDGE('',*,*,#9037,.T.);
#7803=ORIENTED_EDGE('',*,*,#8816,.T.);
#7804=ORIENTED_EDGE('',*,*,#9535,.T.);
#7805=ORIENTED_EDGE('',*,*,#8751,.F.);
#7806=CARTESIAN_POINT('',(3.00001628347787,1.80000000001052,2.99966505592535));
#7807=DIRECTION('',(0.0,1.0,-1.22464679914735E-16));
#7808=DIRECTION('',(-1.22464679914735E-16,-1.22464679914735E-16,-1.0));
#7809=ORIENTED_EDGE('',*,*,#8113,.T.);
#7810=ORIENTED_EDGE('',*,*,#8094,.T.);
#7811=ORIENTED_EDGE('',*,*,#8186,.T.);
#7812=ORIENTED_EDGE('',*,*,#8109,.T.);
#7813=ORIENTED_EDGE('',*,*,#8213,.T.);
#7814=ORIENTED_EDGE('',*,*,#8194,.T.);
#7815=ORIENTED_EDGE('',*,*,#8286,.T.);
#7816=ORIENTED_EDGE('',*,*,#8209,.T.);
#7817=ORIENTED_EDGE('',*,*,#8313,.T.);
#7818=ORIENTED_EDGE('',*,*,#8294,.T.);
#7819=ORIENTED_EDGE('',*,*,#8386,.T.);
#7820=ORIENTED_EDGE('',*,*,#8309,.T.);
#7821=ORIENTED_EDGE('',*,*,#8413,.T.);
#7822=ORIENTED_EDGE('',*,*,#8394,.T.);
#7823=ORIENTED_EDGE('',*,*,#8486,.T.);
#7824=ORIENTED_EDGE('',*,*,#8409,.T.);
#7825=ORIENTED_EDGE('',*,*,#9030,.F.);
#7826=ORIENTED_EDGE('',*,*,#9053,.F.);
#7827=ORIENTED_EDGE('',*,*,#8988,.F.);
#7828=ORIENTED_EDGE('',*,*,#8981,.F.);
#7829=ORIENTED_EDGE('',*,*,#8985,.F.);
#7830=ORIENTED_EDGE('',*,*,#8054,.F.);
#7831=ORIENTED_EDGE('',*,*,#9035,.T.);
#7832=ORIENTED_EDGE('',*,*,#8784,.T.);
#7833=ORIENTED_EDGE('',*,*,#9550,.T.);
#7834=ORIENTED_EDGE('',*,*,#8726,.T.);
#7835=ORIENTED_EDGE('',*,*,#8701,.F.);
#7836=ORIENTED_EDGE('',*,*,#8693,.F.);
#7837=ORIENTED_EDGE('',*,*,#8690,.T.);
#7838=ORIENTED_EDGE('',*,*,#8671,.T.);
#7839=ORIENTED_EDGE('',*,*,#8668,.T.);
#7840=ORIENTED_EDGE('',*,*,#8679,.T.);
#7841=ORIENTED_EDGE('',*,*,#8687,.T.);
#7842=ORIENTED_EDGE('',*,*,#8700,.T.);
#7843=ORIENTED_EDGE('',*,*,#9537,.F.);
#7844=ORIENTED_EDGE('',*,*,#8749,.F.);
#7845=ORIENTED_EDGE('',*,*,#9110,.F.);
#7846=ORIENTED_EDGE('',*,*,#9132,.T.);
#7847=ORIENTED_EDGE('',*,*,#9065,.T.);
#7848=ORIENTED_EDGE('',*,*,#9061,.T.);
#7849=ORIENTED_EDGE('',*,*,#9069,.T.);
#7850=ORIENTED_EDGE('',*,*,#8031,.T.);
#7851=ORIENTED_EDGE('',*,*,#9105,.T.);
#7852=ORIENTED_EDGE('',*,*,#8877,.F.);
#7853=ORIENTED_EDGE('',*,*,#9548,.F.);
#7854=ORIENTED_EDGE('',*,*,#8881,.F.);
#7855=CARTESIAN_POINT('',(3.00001628347787,3.79939827904667E-10,-1.43033494356834));
#7856=DIRECTION('',(0.0,-1.0,1.22464679914735E-16));
#7857=DIRECTION('',(-1.0,1.49975978266186E-32,1.22464679914735E-16));
#7858=ORIENTED_EDGE('',*,*,#8695,.F.);
#7859=ORIENTED_EDGE('',*,*,#9107,.F.);
#7860=ORIENTED_EDGE('',*,*,#8496,.F.);
#7861=ORIENTED_EDGE('',*,*,#8503,.F.);
#7862=ORIENTED_EDGE('',*,*,#8500,.F.);
#7863=ORIENTED_EDGE('',*,*,#8978,.F.);
#7864=ORIENTED_EDGE('',*,*,#8665,.F.);
#7865=ORIENTED_EDGE('',*,*,#9552,.F.);
#7866=ORIENTED_EDGE('',*,*,#9436,.T.);
#7867=ORIENTED_EDGE('',*,*,#8677,.T.);
#7868=ORIENTED_EDGE('',*,*,#9540,.T.);
#7869=ORIENTED_EDGE('',*,*,#9439,.T.);
#7870=ORIENTED_EDGE('',*,*,#8719,.T.);
#7871=ORIENTED_EDGE('',*,*,#9553,.F.);
#7872=CARTESIAN_POINT('',(3.00001628347787,0.499999999892601,2.99966505629103));
#7873=DIRECTION('',(0.0,1.0,-1.22464679914735E-16));
#7874=DIRECTION('',(-1.22464679914735E-16,-1.22464679914735E-16,-1.0));
#7875=ORIENTED_EDGE('',*,*,#8856,.T.);
#7876=ORIENTED_EDGE('',*,*,#8084,.T.);
#7877=ORIENTED_EDGE('',*,*,#8862,.T.);
#7878=ORIENTED_EDGE('',*,*,#8926,.F.);
#7879=ORIENTED_EDGE('',*,*,#8929,.T.);
#7880=ORIENTED_EDGE('',*,*,#9043,.F.);
#7881=ORIENTED_EDGE('',*,*,#9054,.F.);
#7882=ORIENTED_EDGE('',*,*,#9013,.T.);
#7883=ORIENTED_EDGE('',*,*,#8952,.F.);
#7884=ORIENTED_EDGE('',*,*,#8945,.T.);
#7885=ORIENTED_EDGE('',*,*,#8962,.T.);
#7886=ORIENTED_EDGE('',*,*,#8970,.T.);
#7887=ORIENTED_EDGE('',*,*,#8967,.T.);
#7888=ORIENTED_EDGE('',*,*,#8933,.F.);
#7889=ORIENTED_EDGE('',*,*,#8941,.T.);
#7890=ORIENTED_EDGE('',*,*,#9093,.F.);
#7891=ORIENTED_EDGE('',*,*,#9133,.T.);
#7892=ORIENTED_EDGE('',*,*,#9120,.T.);
#7893=ORIENTED_EDGE('',*,*,#8924,.F.);
#7894=ORIENTED_EDGE('',*,*,#8919,.F.);
#7895=CARTESIAN_POINT('',(-4.30998371651525,14.1000000011162,3.94966505246548));
#7896=DIRECTION('',(-3.07858837610677E-16,0.00436330928474645,-0.999990480720735));
#7897=DIRECTION('',(5.34351274925482E-19,0.999990480720734,0.00436330928474645));
#7898=ORIENTED_EDGE('',*,*,#9024,.F.);
#7899=ORIENTED_EDGE('',*,*,#9058,.F.);
#7900=ORIENTED_EDGE('',*,*,#8957,.T.);
#7901=ORIENTED_EDGE('',*,*,#8960,.F.);
#7902=ORIENTED_EDGE('',*,*,#8955,.T.);
#7903=ORIENTED_EDGE('',*,*,#9022,.F.);
#7904=CARTESIAN_POINT('',(3.00001628347787,0.499999999892601,2.99966505629103));
#7905=DIRECTION('',(0.0,1.0,-1.22464679914735E-16));
#7906=DIRECTION('',(-1.22464679914735E-16,-1.22464679914735E-16,-1.0));
#7907=ORIENTED_EDGE('',*,*,#9553,.T.);
#7908=ORIENTED_EDGE('',*,*,#8718,.T.);
#7909=ORIENTED_EDGE('',*,*,#8741,.T.);
#7910=ORIENTED_EDGE('',*,*,#8911,.T.);
#7911=ORIENTED_EDGE('',*,*,#8626,.T.);
#7912=ORIENTED_EDGE('',*,*,#8855,.T.);
#7913=ORIENTED_EDGE('',*,*,#8918,.T.);
#7914=ORIENTED_EDGE('',*,*,#8834,.T.);
#7915=ORIENTED_EDGE('',*,*,#8822,.T.);
#7916=ORIENTED_EDGE('',*,*,#8806,.T.);
#7917=ORIENTED_EDGE('',*,*,#8776,.F.);
#7918=ORIENTED_EDGE('',*,*,#9542,.T.);
#7919=ORIENTED_EDGE('',*,*,#8723,.T.);
#7920=ORIENTED_EDGE('',*,*,#8698,.T.);
#7921=ORIENTED_EDGE('',*,*,#8696,.T.);
#7922=CARTESIAN_POINT('',(10.3100162834847,14.1000000011162,3.94966505246548));
#7923=DIRECTION('',(-0.999990480720735,0.00436330928474657,-1.2283908258075E-12));
#7924=DIRECTION('',(-1.22464679914529E-16,-2.81555399617515E-10,-1.0));
#7925=ORIENTED_EDGE('',*,*,#9136,.T.);
#7926=ORIENTED_EDGE('',*,*,#9101,.F.);
#7927=ORIENTED_EDGE('',*,*,#9097,.F.);
#7928=ORIENTED_EDGE('',*,*,#8940,.F.);
#7929=ORIENTED_EDGE('',*,*,#8969,.F.);
#7930=ORIENTED_EDGE('',*,*,#8964,.T.);
#7931=CARTESIAN_POINT('',(3.00001628347787,0.499999999892601,2.99966505629103));
#7932=DIRECTION('',(0.0,1.0,-1.22464679914735E-16));
#7933=DIRECTION('',(-1.22464679914735E-16,-1.22464679914735E-16,-1.0));
#7934=ORIENTED_EDGE('',*,*,#8915,.F.);
#7935=ORIENTED_EDGE('',*,*,#9057,.F.);
#7936=ORIENTED_EDGE('',*,*,#9430,.T.);
#7937=ORIENTED_EDGE('',*,*,#9137,.T.);
#7938=CARTESIAN_POINT('',(3.00001628347787,0.499999999892601,2.99966505629103));
#7939=DIRECTION('',(0.0,1.0,-1.22464679914735E-16));
#7940=DIRECTION('',(-1.22464679914735E-16,-1.22464679914735E-16,-1.0));
#7941=ORIENTED_EDGE('',*,*,#9552,.T.);
#7942=ORIENTED_EDGE('',*,*,#8664,.T.);
#7943=ORIENTED_EDGE('',*,*,#9554,.T.);
#7944=ORIENTED_EDGE('',*,*,#8683,.T.);
#7945=ORIENTED_EDGE('',*,*,#8670,.T.);
#7946=ORIENTED_EDGE('',*,*,#9431,.T.);
#7947=CARTESIAN_POINT('',(7.71501628347097,1.7999999992334,-2.74354651924224));
#7948=DIRECTION('',(0.999990480720735,-0.00436330928474657,1.22639225368107E-12));
#7949=DIRECTION('',(-1.22640339380619E-12,1.22464679914735E-16,1.0));
#7950=ORIENTED_EDGE('',*,*,#9525,.T.);
#7951=ORIENTED_EDGE('',*,*,#9506,.T.);
#7952=ORIENTED_EDGE('',*,*,#8613,.T.);
#7953=ORIENTED_EDGE('',*,*,#8611,.T.);
#7954=CARTESIAN_POINT('',(-3.34498371651526,14.0999999998509,-0.548546522702102));
#7955=DIRECTION('',(0.999990480720735,0.00436330928474657,-1.22747882173082E-12));
#7956=DIRECTION('',(0.00436330928474657,-0.999990480720734,1.21929162864322E-16));
#7957=ORIENTED_EDGE('',*,*,#8590,.T.);
#7958=ORIENTED_EDGE('',*,*,#9505,.F.);
#7959=ORIENTED_EDGE('',*,*,#9245,.T.);
#7960=ORIENTED_EDGE('',*,*,#8580,.T.);
#7961=CARTESIAN_POINT('',(-3.34498371651526,14.0999999998509,-0.548546522702102));
#7962=DIRECTION('',(0.999990480720735,0.00436330928474657,-1.22747882173082E-12));
#7963=DIRECTION('',(0.00436330928474657,-0.999990480720734,1.21929162864322E-16));
#7964=ORIENTED_EDGE('',*,*,#9519,.F.);
#7965=ORIENTED_EDGE('',*,*,#8562,.T.);
#7966=ORIENTED_EDGE('',*,*,#8559,.T.);
#7967=ORIENTED_EDGE('',*,*,#9491,.F.);
#7968=CARTESIAN_POINT('',(9.34501628348479,14.0999999998509,-0.548546522702104));
#7969=DIRECTION('',(-0.999990480720735,0.00436330928474657,-1.22723389470255E-12));
#7970=DIRECTION('',(-1.22464679914322E-16,-2.81290249698165E-10,-1.0));
#7971=ORIENTED_EDGE('',*,*,#9253,.T.);
#7972=ORIENTED_EDGE('',*,*,#9492,.T.);
#7973=ORIENTED_EDGE('',*,*,#8532,.T.);
#7974=ORIENTED_EDGE('',*,*,#8528,.T.);
#7975=CARTESIAN_POINT('',(9.34501628348479,14.0999999998509,-0.548546522702104));
#7976=DIRECTION('',(-0.999990480720735,0.00436330928474657,-1.22723389470255E-12));
#7977=DIRECTION('',(-1.22464679914322E-16,-2.81290249698165E-10,-1.0));
#7978=ORIENTED_EDGE('',*,*,#8498,.T.);
#7979=ORIENTED_EDGE('',*,*,#8502,.F.);
#7980=ORIENTED_EDGE('',*,*,#8494,.T.);
#7981=ORIENTED_EDGE('',*,*,#9108,.F.);
#7982=ORIENTED_EDGE('',*,*,#8681,.T.);
#7983=ORIENTED_EDGE('',*,*,#9554,.F.);
#7984=ORIENTED_EDGE('',*,*,#8663,.T.);
#7985=ORIENTED_EDGE('',*,*,#8977,.F.);
#7986=CARTESIAN_POINT('',(3.00001628347787,1.80000000001052,2.99966505592535));
#7987=DIRECTION('',(0.0,1.0,-1.22464679914735E-16));
#7988=DIRECTION('',(-1.22464679914735E-16,-1.22464679914735E-16,-1.0));
#7989=ORIENTED_EDGE('',*,*,#8491,.F.);
#7990=ORIENTED_EDGE('',*,*,#8973,.F.);
#7991=ORIENTED_EDGE('',*,*,#8734,.F.);
#7992=ORIENTED_EDGE('',*,*,#9438,.T.);
#7993=ORIENTED_EDGE('',*,*,#8706,.F.);
#7994=ORIENTED_EDGE('',*,*,#9034,.T.);
#7995=ORIENTED_EDGE('',*,*,#8754,.F.);
#7996=ORIENTED_EDGE('',*,*,#8975,.F.);
#7997=CARTESIAN_POINT('',(3.00001628347787,1.80000000001052,2.99966505592535));
#7998=DIRECTION('',(0.0,1.0,-1.22464679914735E-16));
#7999=DIRECTION('',(-1.22464679914735E-16,-1.22464679914735E-16,-1.0));
#8000=ORIENTED_EDGE('',*,*,#9127,.T.);
#8001=ORIENTED_EDGE('',*,*,#8041,.T.);
#8002=ORIENTED_EDGE('',*,*,#9128,.T.);
#8003=CARTESIAN_POINT('',(-2.849983716529,-4.22999999927655,2.55466505762151));
#8004=DIRECTION('',(0.0,1.0,-1.22464679914735E-16));
#8005=DIRECTION('',(-1.22464679914735E-16,-1.22464679914735E-16,-1.0));
#8006=ORIENTED_EDGE('',*,*,#9048,.T.);
#8007=ORIENTED_EDGE('',*,*,#8064,.T.);
#8008=ORIENTED_EDGE('',*,*,#9049,.T.);
#8009=CARTESIAN_POINT('',(-2.849983716529,-4.22999999927655,2.55466505762151));
#8010=DIRECTION('',(0.0,1.0,-1.22464679914735E-16));
#8011=DIRECTION('',(-1.22464679914735E-16,-1.22464679914735E-16,-1.0));
#8012=EDGE_CURVE('',#9555,#9556,#9557,.T.);
#8013=EDGE_CURVE('',#9555,#9558,#9559,.T.);
#8014=EDGE_CURVE('',#9560,#9558,#9561,.T.);
#8015=EDGE_CURVE('',#9560,#9556,#9562,.T.);
#8016=EDGE_CURVE('',#9563,#9555,#9564,.T.);
#8017=EDGE_CURVE('',#9565,#9563,#9566,.F.);
#8018=EDGE_CURVE('',#9558,#9565,#9567,.T.);
#8019=EDGE_CURVE('',#9568,#9563,#9569,.T.);
#8020=EDGE_CURVE('',#9568,#9570,#9571,.T.);
#8021=EDGE_CURVE('',#9565,#9570,#9572,.T.);
#8022=EDGE_CURVE('',#9556,#9573,#9574,.T.);
#8023=EDGE_CURVE('',#9575,#9560,#9576,.T.);
#8024=EDGE_CURVE('',#9575,#9573,#9577,.T.);
#8025=EDGE_CURVE('',#9578,#9568,#9579,.T.);
#8026=EDGE_CURVE('',#9578,#9580,#9581,.T.);
#8027=EDGE_CURVE('',#9570,#9580,#9582,.T.);
#8028=EDGE_CURVE('',#9583,#9584,#9585,.T.);
#8029=EDGE_CURVE('',#9583,#9586,#9587,.T.);
#8030=EDGE_CURVE('',#9586,#9588,#9589,.T.);
#8031=EDGE_CURVE('',#9590,#9588,#9591,.T.);
#8032=EDGE_CURVE('',#9592,#9590,#9593,.T.);
#8033=EDGE_CURVE('',#9584,#9592,#9594,.T.);
#8034=EDGE_CURVE('',#9595,#9596,#9597,.T.);
#8035=EDGE_CURVE('',#9598,#9595,#9599,.T.);
#8036=EDGE_CURVE('',#9600,#9598,#9601,.T.);
#8037=EDGE_CURVE('',#9602,#9600,#9603,.T.);
#8038=EDGE_CURVE('',#9602,#9604,#9605,.T.);
#8039=EDGE_CURVE('',#9604,#9596,#9606,.T.);
#8040=EDGE_CURVE('',#9607,#9583,#9608,.T.);
#8041=EDGE_CURVE('',#9609,#9607,#9610,.F.);
#8042=EDGE_CURVE('',#9596,#9609,#9611,.T.);
#8043=EDGE_CURVE('',#9612,#9604,#9613,.T.);
#8044=EDGE_CURVE('',#9612,#9614,#9615,.T.);
#8045=EDGE_CURVE('',#9616,#9614,#9617,.T.);
#8046=EDGE_CURVE('',#9618,#9616,#9619,.T.);
#8047=EDGE_CURVE('',#9618,#9620,#9621,.T.);
#8048=EDGE_CURVE('',#9620,#9622,#9623,.T.);
#8049=EDGE_CURVE('',#9622,#9624,#9625,.T.);
#8050=EDGE_CURVE('',#9624,#9586,#9626,.T.);
#8051=EDGE_CURVE('',#9627,#9628,#9629,.T.);
#8052=EDGE_CURVE('',#9630,#9627,#9631,.T.);
#8053=EDGE_CURVE('',#9632,#9630,#9633,.T.);
#8054=EDGE_CURVE('',#9632,#9634,#9635,.T.);
#8055=EDGE_CURVE('',#9634,#9636,#9637,.T.);
#8056=EDGE_CURVE('',#9636,#9628,#9638,.T.);
#8057=EDGE_CURVE('',#9639,#9640,#9641,.T.);
#8058=EDGE_CURVE('',#9639,#9642,#9643,.T.);
#8059=EDGE_CURVE('',#9642,#9644,#9645,.T.);
#8060=EDGE_CURVE('',#9644,#9646,#9647,.T.);
#8061=EDGE_CURVE('',#9648,#9646,#9649,.T.);
#8062=EDGE_CURVE('',#9640,#9648,#9650,.T.);
#8063=EDGE_CURVE('',#9651,#9627,#9652,.T.);
#8064=EDGE_CURVE('',#9653,#9651,#9654,.F.);
#8065=EDGE_CURVE('',#9640,#9653,#9655,.T.);
#8066=EDGE_CURVE('',#9648,#9656,#9657,.T.);
#8067=EDGE_CURVE('',#9656,#9658,#9659,.T.);
#8068=EDGE_CURVE('',#9658,#9660,#9661,.T.);
#8069=EDGE_CURVE('',#9660,#9662,#9663,.T.);
#8070=EDGE_CURVE('',#9664,#9662,#9665,.T.);
#8071=EDGE_CURVE('',#9664,#9666,#9667,.T.);
#8072=EDGE_CURVE('',#9630,#9666,#9668,.T.);
#8073=EDGE_CURVE('',#9669,#9620,#9670,.T.);
#8074=EDGE_CURVE('',#9669,#9671,#9672,.T.);
#8075=EDGE_CURVE('',#9624,#9671,#9673,.T.);
#8076=EDGE_CURVE('',#9674,#9675,#9676,.T.);
#8077=EDGE_CURVE('',#9677,#9674,#9678,.T.);
#8078=EDGE_CURVE('',#9679,#9677,#9680,.T.);
#8079=EDGE_CURVE('',#9679,#9675,#9681,.T.);
#8080=EDGE_CURVE('',#9682,#9683,#9684,.T.);
#8081=EDGE_CURVE('',#9682,#9685,#9686,.T.);
#8082=EDGE_CURVE('',#9687,#9685,#9688,.T.);
#8083=EDGE_CURVE('',#9683,#9687,#9689,.T.);
#8084=EDGE_CURVE('',#9690,#9691,#9692,.T.);
#8085=EDGE_CURVE('',#9693,#9690,#9694,.T.);
#8086=EDGE_CURVE('',#9695,#9693,#9696,.T.);
#8087=EDGE_CURVE('',#9691,#9695,#9697,.T.);
#8088=EDGE_CURVE('',#9682,#9698,#9699,.T.);
#8089=EDGE_CURVE('',#9698,#9685,#9700,.T.);
#8090=EDGE_CURVE('',#9701,#9702,#9703,.T.);
#8091=EDGE_CURVE('',#9704,#9701,#9705,.T.);
#8092=EDGE_CURVE('',#9706,#9704,#9707,.T.);
#8093=EDGE_CURVE('',#9706,#9702,#9708,.T.);
#8094=EDGE_CURVE('',#9709,#9710,#9711,.T.);
#8095=EDGE_CURVE('',#9709,#9712,#9713,.T.);
#8096=EDGE_CURVE('',#9712,#9714,#9715,.T.);
#8097=EDGE_CURVE('',#9714,#9710,#9716,.T.);
#8098=EDGE_CURVE('',#9702,#9717,#9718,.T.);
#8099=EDGE_CURVE('',#9706,#9719,#9720,.T.);
#8100=EDGE_CURVE('',#9719,#9721,#9722,.T.);
#8101=EDGE_CURVE('',#9723,#9721,#9724,.T.);
#8102=EDGE_CURVE('',#9723,#9725,#9726,.T.);
#8103=EDGE_CURVE('',#9727,#9725,#9728,.T.);
#8104=EDGE_CURVE('',#9727,#9729,#9730,.T.);
#8105=EDGE_CURVE('',#9731,#9729,#9732,.T.);
#8106=EDGE_CURVE('',#9731,#9733,#9734,.T.);
#8107=EDGE_CURVE('',#9733,#9735,#9736,.T.);
#8108=EDGE_CURVE('',#9717,#9735,#9737,.T.);
#8109=EDGE_CURVE('',#9738,#9739,#9740,.T.);
#8110=EDGE_CURVE('',#9741,#9738,#9742,.T.);
#8111=EDGE_CURVE('',#9741,#9743,#9744,.T.);
#8112=EDGE_CURVE('',#9739,#9743,#9745,.T.);
#8113=EDGE_CURVE('',#9739,#9709,#9746,.T.);
#8114=EDGE_CURVE('',#9743,#9712,#9747,.T.);
#8115=EDGE_CURVE('',#9717,#9748,#9749,.T.);
#8116=EDGE_CURVE('',#9735,#9750,#9751,.T.);
#8117=EDGE_CURVE('',#9748,#9750,#9752,.T.);
#8118=EDGE_CURVE('',#9714,#9753,#9754,.T.);
#8119=EDGE_CURVE('',#9755,#9712,#9756,.T.);
#8120=EDGE_CURVE('',#9753,#9755,#9757,.T.);
#8121=EDGE_CURVE('',#9758,#9741,#9759,.T.);
#8122=EDGE_CURVE('',#9760,#9758,#9761,.T.);
#8123=EDGE_CURVE('',#9743,#9760,#9762,.T.);
#8124=EDGE_CURVE('',#9755,#9760,#9763,.T.);
#8125=EDGE_CURVE('',#9714,#9741,#9764,.T.);
#8126=EDGE_CURVE('',#9758,#9753,#9765,.T.);
#8127=EDGE_CURVE('',#9766,#9767,#9768,.T.);
#8128=EDGE_CURVE('',#9769,#9767,#9770,.T.);
#8129=EDGE_CURVE('',#9769,#9771,#9772,.T.);
#8130=EDGE_CURVE('',#9773,#9771,#9774,.T.);
#8131=EDGE_CURVE('',#9775,#9773,#9776,.T.);
#8132=EDGE_CURVE('',#9766,#9775,#9777,.T.);
#8133=EDGE_CURVE('',#9778,#9779,#9780,.T.);
#8134=EDGE_CURVE('',#9771,#9779,#9781,.T.);
#8135=EDGE_CURVE('',#9778,#9769,#9782,.T.);
#8136=EDGE_CURVE('',#9783,#9784,#9785,.T.);
#8137=EDGE_CURVE('',#9767,#9784,#9786,.T.);
#8138=EDGE_CURVE('',#9783,#9766,#9787,.T.);
#8139=EDGE_CURVE('',#9784,#9778,#9788,.T.);
#8140=EDGE_CURVE('',#9789,#9783,#9790,.T.);
#8141=EDGE_CURVE('',#9791,#9789,#9792,.T.);
#8142=EDGE_CURVE('',#9779,#9791,#9793,.T.);
#8143=EDGE_CURVE('',#9791,#9794,#9795,.T.);
#8144=EDGE_CURVE('',#9796,#9789,#9797,.T.);
#8145=EDGE_CURVE('',#9798,#9796,#9799,.T.);
#8146=EDGE_CURVE('',#9798,#9800,#9801,.T.);
#8147=EDGE_CURVE('',#9800,#9802,#9803,.T.);
#8148=EDGE_CURVE('',#9802,#9804,#9805,.T.);
#8149=EDGE_CURVE('',#9794,#9804,#9806,.T.);
#8150=EDGE_CURVE('',#9807,#9775,#9808,.T.);
#8151=EDGE_CURVE('',#9773,#9809,#9810,.T.);
#8152=EDGE_CURVE('',#9809,#9811,#9812,.T.);
#8153=EDGE_CURVE('',#9811,#9813,#9814,.T.);
#8154=EDGE_CURVE('',#9815,#9813,#9816,.T.);
#8155=EDGE_CURVE('',#9815,#9817,#9818,.T.);
#8156=EDGE_CURVE('',#9817,#9807,#9819,.T.);
#8157=EDGE_CURVE('',#9817,#9820,#9821,.T.);
#8158=EDGE_CURVE('',#9822,#9820,#9823,.T.);
#8159=EDGE_CURVE('',#9822,#9798,#9824,.T.);
#8160=EDGE_CURVE('',#9796,#9807,#9825,.T.);
#8161=EDGE_CURVE('',#9794,#9809,#9826,.T.);
#8162=EDGE_CURVE('',#9804,#9727,#9827,.T.);
#8163=EDGE_CURVE('',#9725,#9811,#9828,.T.);
#8164=EDGE_CURVE('',#9829,#9830,#9831,.T.);
#8165=EDGE_CURVE('',#9832,#9829,#9833,.T.);
#8166=EDGE_CURVE('',#9834,#9832,#9835,.T.);
#8167=EDGE_CURVE('',#9733,#9834,#9836,.T.);
#8168=EDGE_CURVE('',#9830,#9731,#9837,.T.);
#8169=EDGE_CURVE('',#9838,#9719,#9839,.T.);
#8170=EDGE_CURVE('',#9840,#9838,#9841,.T.);
#8171=EDGE_CURVE('',#9842,#9840,#9843,.T.);
#8172=EDGE_CURVE('',#9844,#9842,#9845,.T.);
#8173=EDGE_CURVE('',#9721,#9844,#9846,.T.);
#8174=EDGE_CURVE('',#9723,#9844,#9847,.T.);
#8175=EDGE_CURVE('',#9813,#9844,#9848,.T.);
#8176=EDGE_CURVE('',#9830,#9729,#9849,.T.);
#8177=EDGE_CURVE('',#9830,#9802,#9850,.T.);
#8178=EDGE_CURVE('',#9851,#9829,#9852,.T.);
#8179=EDGE_CURVE('',#9851,#9832,#9853,.T.);
#8180=EDGE_CURVE('',#9851,#9822,#9854,.T.);
#8181=EDGE_CURVE('',#9800,#9829,#9855,.T.);
#8182=EDGE_CURVE('',#9842,#9856,#9857,.T.);
#8183=EDGE_CURVE('',#9840,#9856,#9858,.T.);
#8184=EDGE_CURVE('',#9842,#9815,#9859,.T.);
#8185=EDGE_CURVE('',#9820,#9856,#9860,.T.);
#8186=EDGE_CURVE('',#9710,#9738,#9861,.T.);
#8187=EDGE_CURVE('',#9834,#9750,#9862,.T.);
#8188=EDGE_CURVE('',#9704,#9838,#9863,.T.);
#8189=EDGE_CURVE('',#9748,#9701,#9864,.T.);
#8190=EDGE_CURVE('',#9865,#9866,#9867,.T.);
#8191=EDGE_CURVE('',#9868,#9865,#9869,.T.);
#8192=EDGE_CURVE('',#9870,#9868,#9871,.T.);
#8193=EDGE_CURVE('',#9870,#9866,#9872,.T.);
#8194=EDGE_CURVE('',#9873,#9874,#9875,.T.);
#8195=EDGE_CURVE('',#9873,#9876,#9877,.T.);
#8196=EDGE_CURVE('',#9876,#9878,#9879,.T.);
#8197=EDGE_CURVE('',#9878,#9874,#9880,.T.);
#8198=EDGE_CURVE('',#9866,#9881,#9882,.T.);
#8199=EDGE_CURVE('',#9870,#9883,#9884,.T.);
#8200=EDGE_CURVE('',#9883,#9885,#9886,.T.);
#8201=EDGE_CURVE('',#9887,#9885,#9888,.T.);
#8202=EDGE_CURVE('',#9887,#9889,#9890,.T.);
#8203=EDGE_CURVE('',#9891,#9889,#9892,.T.);
#8204=EDGE_CURVE('',#9891,#9893,#9894,.T.);
#8205=EDGE_CURVE('',#9895,#9893,#9896,.T.);
#8206=EDGE_CURVE('',#9895,#9897,#9898,.T.);
#8207=EDGE_CURVE('',#9897,#9899,#9900,.T.);
#8208=EDGE_CURVE('',#9881,#9899,#9901,.T.);
#8209=EDGE_CURVE('',#9902,#9903,#9904,.T.);
#8210=EDGE_CURVE('',#9905,#9902,#9906,.T.);
#8211=EDGE_CURVE('',#9905,#9907,#9908,.T.);
#8212=EDGE_CURVE('',#9903,#9907,#9909,.T.);
#8213=EDGE_CURVE('',#9903,#9873,#9910,.T.);
#8214=EDGE_CURVE('',#9907,#9876,#9911,.T.);
#8215=EDGE_CURVE('',#9881,#9912,#9913,.T.);
#8216=EDGE_CURVE('',#9899,#9914,#9915,.T.);
#8217=EDGE_CURVE('',#9912,#9914,#9916,.T.);
#8218=EDGE_CURVE('',#9878,#9917,#9918,.T.);
#8219=EDGE_CURVE('',#9919,#9876,#9920,.T.);
#8220=EDGE_CURVE('',#9917,#9919,#9921,.T.);
#8221=EDGE_CURVE('',#9922,#9905,#9923,.T.);
#8222=EDGE_CURVE('',#9924,#9922,#9925,.T.);
#8223=EDGE_CURVE('',#9907,#9924,#9926,.T.);
#8224=EDGE_CURVE('',#9919,#9924,#9927,.T.);
#8225=EDGE_CURVE('',#9878,#9905,#9928,.T.);
#8226=EDGE_CURVE('',#9922,#9917,#9929,.T.);
#8227=EDGE_CURVE('',#9930,#9931,#9932,.T.);
#8228=EDGE_CURVE('',#9933,#9931,#9934,.T.);
#8229=EDGE_CURVE('',#9933,#9935,#9936,.T.);
#8230=EDGE_CURVE('',#9937,#9935,#9938,.T.);
#8231=EDGE_CURVE('',#9939,#9937,#9940,.T.);
#8232=EDGE_CURVE('',#9930,#9939,#9941,.T.);
#8233=EDGE_CURVE('',#9942,#9943,#9944,.T.);
#8234=EDGE_CURVE('',#9935,#9943,#9945,.T.);
#8235=EDGE_CURVE('',#9942,#9933,#9946,.T.);
#8236=EDGE_CURVE('',#9947,#9948,#9949,.T.);
#8237=EDGE_CURVE('',#9931,#9948,#9950,.T.);
#8238=EDGE_CURVE('',#9947,#9930,#9951,.T.);
#8239=EDGE_CURVE('',#9948,#9942,#9952,.T.);
#8240=EDGE_CURVE('',#9953,#9947,#9954,.T.);
#8241=EDGE_CURVE('',#9955,#9953,#9956,.T.);
#8242=EDGE_CURVE('',#9943,#9955,#9957,.T.);
#8243=EDGE_CURVE('',#9955,#9958,#9959,.T.);
#8244=EDGE_CURVE('',#9960,#9953,#9961,.T.);
#8245=EDGE_CURVE('',#9962,#9960,#9963,.T.);
#8246=EDGE_CURVE('',#9962,#9964,#9965,.T.);
#8247=EDGE_CURVE('',#9964,#9966,#9967,.T.);
#8248=EDGE_CURVE('',#9966,#9968,#9969,.T.);
#8249=EDGE_CURVE('',#9958,#9968,#9970,.T.);
#8250=EDGE_CURVE('',#9971,#9939,#9972,.T.);
#8251=EDGE_CURVE('',#9937,#9973,#9974,.T.);
#8252=EDGE_CURVE('',#9973,#9975,#9976,.T.);
#8253=EDGE_CURVE('',#9975,#9977,#9978,.T.);
#8254=EDGE_CURVE('',#9979,#9977,#9980,.T.);
#8255=EDGE_CURVE('',#9979,#9981,#9982,.T.);
#8256=EDGE_CURVE('',#9981,#9971,#9983,.T.);
#8257=EDGE_CURVE('',#9981,#9984,#9985,.T.);
#8258=EDGE_CURVE('',#9986,#9984,#9987,.T.);
#8259=EDGE_CURVE('',#9986,#9962,#9988,.T.);
#8260=EDGE_CURVE('',#9960,#9971,#9989,.T.);
#8261=EDGE_CURVE('',#9958,#9973,#9990,.T.);
#8262=EDGE_CURVE('',#9968,#9891,#9991,.T.);
#8263=EDGE_CURVE('',#9889,#9975,#9992,.T.);
#8264=EDGE_CURVE('',#9993,#9994,#9995,.T.);
#8265=EDGE_CURVE('',#9996,#9993,#9997,.T.);
#8266=EDGE_CURVE('',#9998,#9996,#9999,.T.);
#8267=EDGE_CURVE('',#9897,#9998,#10000,.T.);
#8268=EDGE_CURVE('',#9994,#9895,#10001,.T.);
#8269=EDGE_CURVE('',#10002,#9883,#10003,.T.);
#8270=EDGE_CURVE('',#10004,#10002,#10005,.T.);
#8271=EDGE_CURVE('',#10006,#10004,#10007,.T.);
#8272=EDGE_CURVE('',#10008,#10006,#10009,.T.);
#8273=EDGE_CURVE('',#9885,#10008,#10010,.T.);
#8274=EDGE_CURVE('',#9887,#10008,#10011,.T.);
#8275=EDGE_CURVE('',#9977,#10008,#10012,.T.);
#8276=EDGE_CURVE('',#9994,#9893,#10013,.T.);
#8277=EDGE_CURVE('',#9994,#9966,#10014,.T.);
#8278=EDGE_CURVE('',#10015,#9993,#10016,.T.);
#8279=EDGE_CURVE('',#10015,#9996,#10017,.T.);
#8280=EDGE_CURVE('',#10015,#9986,#10018,.T.);
#8281=EDGE_CURVE('',#9964,#9993,#10019,.T.);
#8282=EDGE_CURVE('',#10006,#10020,#10021,.T.);
#8283=EDGE_CURVE('',#10004,#10020,#10022,.T.);
#8284=EDGE_CURVE('',#10006,#9979,#10023,.T.);
#8285=EDGE_CURVE('',#9984,#10020,#10024,.T.);
#8286=EDGE_CURVE('',#9874,#9902,#10025,.T.);
#8287=EDGE_CURVE('',#9998,#9914,#10026,.T.);
#8288=EDGE_CURVE('',#9868,#10002,#10027,.T.);
#8289=EDGE_CURVE('',#9912,#9865,#10028,.T.);
#8290=EDGE_CURVE('',#10029,#10030,#10031,.T.);
#8291=EDGE_CURVE('',#10032,#10029,#10033,.T.);
#8292=EDGE_CURVE('',#10034,#10032,#10035,.T.);
#8293=EDGE_CURVE('',#10034,#10030,#10036,.T.);
#8294=EDGE_CURVE('',#10037,#10038,#10039,.T.);
#8295=EDGE_CURVE('',#10037,#10040,#10041,.T.);
#8296=EDGE_CURVE('',#10040,#10042,#10043,.T.);
#8297=EDGE_CURVE('',#10042,#10038,#10044,.T.);
#8298=EDGE_CURVE('',#10030,#10045,#10046,.T.);
#8299=EDGE_CURVE('',#10034,#10047,#10048,.T.);
#8300=EDGE_CURVE('',#10047,#10049,#10050,.T.);
#8301=EDGE_CURVE('',#10051,#10049,#10052,.T.);
#8302=EDGE_CURVE('',#10051,#10053,#10054,.T.);
#8303=EDGE_CURVE('',#10055,#10053,#10056,.T.);
#8304=EDGE_CURVE('',#10055,#10057,#10058,.T.);
#8305=EDGE_CURVE('',#10059,#10057,#10060,.T.);
#8306=EDGE_CURVE('',#10059,#10061,#10062,.T.);
#8307=EDGE_CURVE('',#10061,#10063,#10064,.T.);
#8308=EDGE_CURVE('',#10045,#10063,#10065,.T.);
#8309=EDGE_CURVE('',#10066,#10067,#10068,.T.);
#8310=EDGE_CURVE('',#10069,#10066,#10070,.T.);
#8311=EDGE_CURVE('',#10069,#10071,#10072,.T.);
#8312=EDGE_CURVE('',#10067,#10071,#10073,.T.);
#8313=EDGE_CURVE('',#10067,#10037,#10074,.T.);
#8314=EDGE_CURVE('',#10071,#10040,#10075,.T.);
#8315=EDGE_CURVE('',#10045,#10076,#10077,.T.);
#8316=EDGE_CURVE('',#10063,#10078,#10079,.T.);
#8317=EDGE_CURVE('',#10076,#10078,#10080,.T.);
#8318=EDGE_CURVE('',#10042,#10081,#10082,.T.);
#8319=EDGE_CURVE('',#10083,#10040,#10084,.T.);
#8320=EDGE_CURVE('',#10081,#10083,#10085,.T.);
#8321=EDGE_CURVE('',#10086,#10069,#10087,.T.);
#8322=EDGE_CURVE('',#10088,#10086,#10089,.T.);
#8323=EDGE_CURVE('',#10071,#10088,#10090,.T.);
#8324=EDGE_CURVE('',#10083,#10088,#10091,.T.);
#8325=EDGE_CURVE('',#10042,#10069,#10092,.T.);
#8326=EDGE_CURVE('',#10086,#10081,#10093,.T.);
#8327=EDGE_CURVE('',#10094,#10095,#10096,.T.);
#8328=EDGE_CURVE('',#10097,#10095,#10098,.T.);
#8329=EDGE_CURVE('',#10097,#10099,#10100,.T.);
#8330=EDGE_CURVE('',#10101,#10099,#10102,.T.);
#8331=EDGE_CURVE('',#10103,#10101,#10104,.T.);
#8332=EDGE_CURVE('',#10094,#10103,#10105,.T.);
#8333=EDGE_CURVE('',#10106,#10107,#10108,.T.);
#8334=EDGE_CURVE('',#10099,#10107,#10109,.T.);
#8335=EDGE_CURVE('',#10106,#10097,#10110,.T.);
#8336=EDGE_CURVE('',#10111,#10112,#10113,.T.);
#8337=EDGE_CURVE('',#10095,#10112,#10114,.T.);
#8338=EDGE_CURVE('',#10111,#10094,#10115,.T.);
#8339=EDGE_CURVE('',#10112,#10106,#10116,.T.);
#8340=EDGE_CURVE('',#10117,#10111,#10118,.T.);
#8341=EDGE_CURVE('',#10119,#10117,#10120,.T.);
#8342=EDGE_CURVE('',#10107,#10119,#10121,.T.);
#8343=EDGE_CURVE('',#10119,#10122,#10123,.T.);
#8344=EDGE_CURVE('',#10124,#10117,#10125,.T.);
#8345=EDGE_CURVE('',#10126,#10124,#10127,.T.);
#8346=EDGE_CURVE('',#10126,#10128,#10129,.T.);
#8347=EDGE_CURVE('',#10128,#10130,#10131,.T.);
#8348=EDGE_CURVE('',#10130,#10132,#10133,.T.);
#8349=EDGE_CURVE('',#10122,#10132,#10134,.T.);
#8350=EDGE_CURVE('',#10135,#10103,#10136,.T.);
#8351=EDGE_CURVE('',#10101,#10137,#10138,.T.);
#8352=EDGE_CURVE('',#10137,#10139,#10140,.T.);
#8353=EDGE_CURVE('',#10139,#10141,#10142,.T.);
#8354=EDGE_CURVE('',#10143,#10141,#10144,.T.);
#8355=EDGE_CURVE('',#10143,#10145,#10146,.T.);
#8356=EDGE_CURVE('',#10145,#10135,#10147,.T.);
#8357=EDGE_CURVE('',#10145,#10148,#10149,.T.);
#8358=EDGE_CURVE('',#10150,#10148,#10151,.T.);
#8359=EDGE_CURVE('',#10150,#10126,#10152,.T.);
#8360=EDGE_CURVE('',#10124,#10135,#10153,.T.);
#8361=EDGE_CURVE('',#10122,#10137,#10154,.T.);
#8362=EDGE_CURVE('',#10132,#10055,#10155,.T.);
#8363=EDGE_CURVE('',#10053,#10139,#10156,.T.);
#8364=EDGE_CURVE('',#10157,#10158,#10159,.T.);
#8365=EDGE_CURVE('',#10160,#10157,#10161,.T.);
#8366=EDGE_CURVE('',#10162,#10160,#10163,.T.);
#8367=EDGE_CURVE('',#10061,#10162,#10164,.T.);
#8368=EDGE_CURVE('',#10158,#10059,#10165,.T.);
#8369=EDGE_CURVE('',#10166,#10047,#10167,.T.);
#8370=EDGE_CURVE('',#10168,#10166,#10169,.T.);
#8371=EDGE_CURVE('',#10170,#10168,#10171,.T.);
#8372=EDGE_CURVE('',#10172,#10170,#10173,.T.);
#8373=EDGE_CURVE('',#10049,#10172,#10174,.T.);
#8374=EDGE_CURVE('',#10051,#10172,#10175,.T.);
#8375=EDGE_CURVE('',#10141,#10172,#10176,.T.);
#8376=EDGE_CURVE('',#10158,#10057,#10177,.T.);
#8377=EDGE_CURVE('',#10158,#10130,#10178,.T.);
#8378=EDGE_CURVE('',#10179,#10157,#10180,.T.);
#8379=EDGE_CURVE('',#10179,#10160,#10181,.T.);
#8380=EDGE_CURVE('',#10179,#10150,#10182,.T.);
#8381=EDGE_CURVE('',#10128,#10157,#10183,.T.);
#8382=EDGE_CURVE('',#10170,#10184,#10185,.T.);
#8383=EDGE_CURVE('',#10168,#10184,#10186,.T.);
#8384=EDGE_CURVE('',#10170,#10143,#10187,.T.);
#8385=EDGE_CURVE('',#10148,#10184,#10188,.T.);
#8386=EDGE_CURVE('',#10038,#10066,#10189,.T.);
#8387=EDGE_CURVE('',#10162,#10078,#10190,.T.);
#8388=EDGE_CURVE('',#10032,#10166,#10191,.T.);
#8389=EDGE_CURVE('',#10076,#10029,#10192,.T.);
#8390=EDGE_CURVE('',#10193,#10194,#10195,.T.);
#8391=EDGE_CURVE('',#10196,#10193,#10197,.T.);
#8392=EDGE_CURVE('',#10198,#10196,#10199,.T.);
#8393=EDGE_CURVE('',#10198,#10194,#10200,.T.);
#8394=EDGE_CURVE('',#10201,#10202,#10203,.T.);
#8395=EDGE_CURVE('',#10201,#10204,#10205,.T.);
#8396=EDGE_CURVE('',#10204,#10206,#10207,.T.);
#8397=EDGE_CURVE('',#10206,#10202,#10208,.T.);
#8398=EDGE_CURVE('',#10194,#10209,#10210,.T.);
#8399=EDGE_CURVE('',#10198,#10211,#10212,.T.);
#8400=EDGE_CURVE('',#10211,#10213,#10214,.T.);
#8401=EDGE_CURVE('',#10215,#10213,#10216,.T.);
#8402=EDGE_CURVE('',#10215,#10217,#10218,.T.);
#8403=EDGE_CURVE('',#10219,#10217,#10220,.T.);
#8404=EDGE_CURVE('',#10219,#10221,#10222,.T.);
#8405=EDGE_CURVE('',#10223,#10221,#10224,.T.);
#8406=EDGE_CURVE('',#10223,#10225,#10226,.T.);
#8407=EDGE_CURVE('',#10225,#10227,#10228,.T.);
#8408=EDGE_CURVE('',#10209,#10227,#10229,.T.);
#8409=EDGE_CURVE('',#10230,#10231,#10232,.T.);
#8410=EDGE_CURVE('',#10233,#10230,#10234,.T.);
#8411=EDGE_CURVE('',#10233,#10235,#10236,.T.);
#8412=EDGE_CURVE('',#10231,#10235,#10237,.T.);
#8413=EDGE_CURVE('',#10231,#10201,#10238,.T.);
#8414=EDGE_CURVE('',#10235,#10204,#10239,.T.);
#8415=EDGE_CURVE('',#10209,#10240,#10241,.T.);
#8416=EDGE_CURVE('',#10227,#10242,#10243,.T.);
#8417=EDGE_CURVE('',#10240,#10242,#10244,.T.);
#8418=EDGE_CURVE('',#10206,#10245,#10246,.T.);
#8419=EDGE_CURVE('',#10247,#10204,#10248,.T.);
#8420=EDGE_CURVE('',#10245,#10247,#10249,.T.);
#8421=EDGE_CURVE('',#10250,#10233,#10251,.T.);
#8422=EDGE_CURVE('',#10252,#10250,#10253,.T.);
#8423=EDGE_CURVE('',#10235,#10252,#10254,.T.);
#8424=EDGE_CURVE('',#10247,#10252,#10255,.T.);
#8425=EDGE_CURVE('',#10206,#10233,#10256,.T.);
#8426=EDGE_CURVE('',#10250,#10245,#10257,.T.);
#8427=EDGE_CURVE('',#10258,#10259,#10260,.T.);
#8428=EDGE_CURVE('',#10261,#10259,#10262,.T.);
#8429=EDGE_CURVE('',#10261,#10263,#10264,.T.);
#8430=EDGE_CURVE('',#10265,#10263,#10266,.T.);
#8431=EDGE_CURVE('',#10267,#10265,#10268,.T.);
#8432=EDGE_CURVE('',#10258,#10267,#10269,.T.);
#8433=EDGE_CURVE('',#10270,#10271,#10272,.T.);
#8434=EDGE_CURVE('',#10263,#10271,#10273,.T.);
#8435=EDGE_CURVE('',#10270,#10261,#10274,.T.);
#8436=EDGE_CURVE('',#10275,#10276,#10277,.T.);
#8437=EDGE_CURVE('',#10259,#10276,#10278,.T.);
#8438=EDGE_CURVE('',#10275,#10258,#10279,.T.);
#8439=EDGE_CURVE('',#10276,#10270,#10280,.T.);
#8440=EDGE_CURVE('',#10281,#10275,#10282,.T.);
#8441=EDGE_CURVE('',#10283,#10281,#10284,.T.);
#8442=EDGE_CURVE('',#10271,#10283,#10285,.T.);
#8443=EDGE_CURVE('',#10283,#10286,#10287,.T.);
#8444=EDGE_CURVE('',#10288,#10281,#10289,.T.);
#8445=EDGE_CURVE('',#10290,#10288,#10291,.T.);
#8446=EDGE_CURVE('',#10290,#10292,#10293,.T.);
#8447=EDGE_CURVE('',#10292,#10294,#10295,.T.);
#8448=EDGE_CURVE('',#10294,#10296,#10297,.T.);
#8449=EDGE_CURVE('',#10286,#10296,#10298,.T.);
#8450=EDGE_CURVE('',#10299,#10267,#10300,.T.);
#8451=EDGE_CURVE('',#10265,#10301,#10302,.T.);
#8452=EDGE_CURVE('',#10301,#10303,#10304,.T.);
#8453=EDGE_CURVE('',#10303,#10305,#10306,.T.);
#8454=EDGE_CURVE('',#10307,#10305,#10308,.T.);
#8455=EDGE_CURVE('',#10307,#10309,#10310,.T.);
#8456=EDGE_CURVE('',#10309,#10299,#10311,.T.);
#8457=EDGE_CURVE('',#10309,#10312,#10313,.T.);
#8458=EDGE_CURVE('',#10314,#10312,#10315,.T.);
#8459=EDGE_CURVE('',#10314,#10290,#10316,.T.);
#8460=EDGE_CURVE('',#10288,#10299,#10317,.T.);
#8461=EDGE_CURVE('',#10286,#10301,#10318,.T.);
#8462=EDGE_CURVE('',#10296,#10219,#10319,.T.);
#8463=EDGE_CURVE('',#10217,#10303,#10320,.T.);
#8464=EDGE_CURVE('',#10321,#10322,#10323,.T.);
#8465=EDGE_CURVE('',#10324,#10321,#10325,.T.);
#8466=EDGE_CURVE('',#10326,#10324,#10327,.T.);
#8467=EDGE_CURVE('',#10225,#10326,#10328,.T.);
#8468=EDGE_CURVE('',#10322,#10223,#10329,.T.);
#8469=EDGE_CURVE('',#10330,#10211,#10331,.T.);
#8470=EDGE_CURVE('',#10332,#10330,#10333,.T.);
#8471=EDGE_CURVE('',#10334,#10332,#10335,.T.);
#8472=EDGE_CURVE('',#10336,#10334,#10337,.T.);
#8473=EDGE_CURVE('',#10213,#10336,#10338,.T.);
#8474=EDGE_CURVE('',#10215,#10336,#10339,.T.);
#8475=EDGE_CURVE('',#10305,#10336,#10340,.T.);
#8476=EDGE_CURVE('',#10322,#10221,#10341,.T.);
#8477=EDGE_CURVE('',#10322,#10294,#10342,.T.);
#8478=EDGE_CURVE('',#10343,#10321,#10344,.T.);
#8479=EDGE_CURVE('',#10343,#10324,#10345,.T.);
#8480=EDGE_CURVE('',#10343,#10314,#10346,.T.);
#8481=EDGE_CURVE('',#10292,#10321,#10347,.T.);
#8482=EDGE_CURVE('',#10334,#10348,#10349,.T.);
#8483=EDGE_CURVE('',#10332,#10348,#10350,.T.);
#8484=EDGE_CURVE('',#10334,#10307,#10351,.T.);
#8485=EDGE_CURVE('',#10312,#10348,#10352,.T.);
#8486=EDGE_CURVE('',#10202,#10230,#10353,.T.);
#8487=EDGE_CURVE('',#10326,#10242,#10354,.T.);
#8488=EDGE_CURVE('',#10196,#10330,#10355,.T.);
#8489=EDGE_CURVE('',#10240,#10193,#10356,.T.);
#8490=EDGE_CURVE('',#10357,#10358,#10359,.T.);
#8491=EDGE_CURVE('',#10357,#10360,#10361,.T.);
#8492=EDGE_CURVE('',#10362,#10360,#10363,.T.);
#8493=EDGE_CURVE('',#10358,#10362,#10364,.T.);
#8494=EDGE_CURVE('',#10365,#10366,#10367,.F.);
#8495=EDGE_CURVE('',#10368,#10365,#10369,.T.);
#8496=EDGE_CURVE('',#10368,#10370,#10371,.F.);
#8497=EDGE_CURVE('',#10366,#10370,#10372,.T.);
#8498=EDGE_CURVE('',#10373,#10374,#10375,.F.);
#8499=EDGE_CURVE('',#10376,#10373,#10377,.T.);
#8500=EDGE_CURVE('',#10376,#10378,#10379,.F.);
#8501=EDGE_CURVE('',#10374,#10378,#10380,.T.);
#8502=EDGE_CURVE('',#10365,#10374,#10381,.T.);
#8503=EDGE_CURVE('',#10378,#10368,#10382,.T.);
#8504=EDGE_CURVE('',#10383,#10384,#10385,.T.);
#8505=EDGE_CURVE('',#10386,#10383,#10387,.T.);
#8506=EDGE_CURVE('',#10388,#10386,#10389,.T.);
#8507=EDGE_CURVE('',#10384,#10388,#10390,.T.);
#8508=EDGE_CURVE('',#10391,#10392,#10393,.T.);
#8509=EDGE_CURVE('',#10394,#10391,#10395,.T.);
#8510=EDGE_CURVE('',#10396,#10394,#10397,.T.);
#8511=EDGE_CURVE('',#10392,#10396,#10398,.T.);
#8512=EDGE_CURVE('',#9698,#9575,#10399,.T.);
#8513=EDGE_CURVE('',#10400,#9682,#10401,.T.);
#8514=EDGE_CURVE('',#9573,#10400,#10402,.T.);
#8515=EDGE_CURVE('',#10403,#10404,#10405,.T.);
#8516=EDGE_CURVE('',#9685,#10403,#10406,.T.);
#8517=EDGE_CURVE('',#10404,#9698,#10407,.T.);
#8518=EDGE_CURVE('',#10408,#10404,#10409,.T.);
#8519=EDGE_CURVE('',#10403,#10408,#10410,.T.);
#8520=EDGE_CURVE('',#10411,#10408,#10412,.T.);
#8521=EDGE_CURVE('',#10413,#10411,#10414,.T.);
#8522=EDGE_CURVE('',#10403,#10413,#10415,.T.);
#8523=EDGE_CURVE('',#10416,#10417,#10418,.T.);
#8524=EDGE_CURVE('',#10413,#10416,#10419,.T.);
#8525=EDGE_CURVE('',#10417,#10411,#10420,.T.);
#8526=EDGE_CURVE('',#10421,#10422,#10423,.T.);
#8527=EDGE_CURVE('',#10416,#10421,#10424,.T.);
#8528=EDGE_CURVE('',#10422,#10417,#10425,.T.);
#8529=EDGE_CURVE('',#10426,#10427,#10428,.T.);
#8530=EDGE_CURVE('',#10427,#10421,#10429,.T.);
#8531=EDGE_CURVE('',#10422,#10426,#10430,.F.);
#8532=EDGE_CURVE('',#10431,#10422,#10432,.T.);
#8533=EDGE_CURVE('',#10431,#10433,#10434,.F.);
#8534=EDGE_CURVE('',#10426,#10433,#10435,.T.);
#8535=EDGE_CURVE('',#10436,#10437,#10438,.T.);
#8536=EDGE_CURVE('',#10436,#10427,#10439,.T.);
#8537=EDGE_CURVE('',#10437,#10426,#10440,.T.);
#8538=EDGE_CURVE('',#10437,#10441,#10442,.T.);
#8539=EDGE_CURVE('',#10441,#10436,#10443,.T.);
#8540=EDGE_CURVE('',#10444,#10437,#10445,.T.);
#8541=EDGE_CURVE('',#10444,#10446,#10447,.T.);
#8542=EDGE_CURVE('',#10441,#10446,#10448,.T.);
#8543=EDGE_CURVE('',#10449,#10450,#10451,.T.);
#8544=EDGE_CURVE('',#10436,#10449,#10452,.T.);
#8545=EDGE_CURVE('',#10450,#10441,#10453,.T.);
#8546=EDGE_CURVE('',#10450,#10454,#10455,.T.);
#8547=EDGE_CURVE('',#10449,#10454,#10456,.T.);
#8548=EDGE_CURVE('',#10457,#10450,#10458,.T.);
#8549=EDGE_CURVE('',#10457,#10459,#10460,.T.);
#8550=EDGE_CURVE('',#10454,#10459,#10461,.T.);
#8551=EDGE_CURVE('',#10462,#10463,#10464,.T.);
#8552=EDGE_CURVE('',#10449,#10462,#10465,.T.);
#8553=EDGE_CURVE('',#10463,#10454,#10466,.T.);
#8554=EDGE_CURVE('',#10467,#10468,#10469,.T.);
#8555=EDGE_CURVE('',#10468,#10462,#10470,.T.);
#8556=EDGE_CURVE('',#10463,#10467,#10471,.F.);
#8557=EDGE_CURVE('',#10472,#10463,#10473,.T.);
#8558=EDGE_CURVE('',#10474,#10472,#10475,.T.);
#8559=EDGE_CURVE('',#10467,#10474,#10476,.T.);
#8560=EDGE_CURVE('',#10477,#10478,#10479,.T.);
#8561=EDGE_CURVE('',#10477,#10468,#10480,.T.);
#8562=EDGE_CURVE('',#10478,#10467,#10481,.T.);
#8563=EDGE_CURVE('',#10482,#9675,#10483,.T.);
#8564=EDGE_CURVE('',#9679,#10482,#10484,.T.);
#8565=EDGE_CURVE('',#10485,#10486,#10487,.T.);
#8566=EDGE_CURVE('',#10482,#10485,#10488,.T.);
#8567=EDGE_CURVE('',#10486,#9679,#10489,.T.);
#8568=EDGE_CURVE('',#10490,#9578,#10491,.T.);
#8569=EDGE_CURVE('',#9675,#10490,#10492,.T.);
#8570=EDGE_CURVE('',#9580,#10482,#10493,.T.);
#8571=EDGE_CURVE('',#10494,#10486,#10495,.T.);
#8572=EDGE_CURVE('',#10485,#10494,#10496,.T.);
#8573=EDGE_CURVE('',#10497,#10498,#10499,.T.);
#8574=EDGE_CURVE('',#10494,#10497,#10500,.T.);
#8575=EDGE_CURVE('',#10498,#10486,#10501,.T.);
#8576=EDGE_CURVE('',#10502,#10503,#10504,.T.);
#8577=EDGE_CURVE('',#10497,#10502,#10505,.T.);
#8578=EDGE_CURVE('',#10503,#10498,#10506,.T.);
#8579=EDGE_CURVE('',#10507,#10508,#10509,.T.);
#8580=EDGE_CURVE('',#10502,#10507,#10510,.T.);
#8581=EDGE_CURVE('',#10508,#10503,#10511,.T.);
#8582=EDGE_CURVE('',#10512,#10513,#10514,.T.);
#8583=EDGE_CURVE('',#10507,#10513,#10515,.T.);
#8584=EDGE_CURVE('',#10508,#10512,#10516,.T.);
#8585=EDGE_CURVE('',#10517,#10518,#10519,.T.);
#8586=EDGE_CURVE('',#10513,#10517,#10520,.T.);
#8587=EDGE_CURVE('',#10512,#10518,#10521,.T.);
#8588=EDGE_CURVE('',#10522,#10513,#10523,.T.);
#8589=EDGE_CURVE('',#10524,#10522,#10525,.T.);
#8590=EDGE_CURVE('',#10507,#10524,#10526,.T.);
#8591=EDGE_CURVE('',#10518,#10527,#10528,.T.);
#8592=EDGE_CURVE('',#10517,#10527,#10529,.T.);
#8593=EDGE_CURVE('',#10530,#10531,#10532,.T.);
#8594=EDGE_CURVE('',#10527,#10530,#10533,.T.);
#8595=EDGE_CURVE('',#10531,#10518,#10534,.T.);
#8596=EDGE_CURVE('',#10535,#10527,#10536,.T.);
#8597=EDGE_CURVE('',#10535,#10537,#10538,.T.);
#8598=EDGE_CURVE('',#10517,#10537,#10539,.T.);
#8599=EDGE_CURVE('',#10531,#10540,#10541,.T.);
#8600=EDGE_CURVE('',#10530,#10540,#10542,.T.);
#8601=EDGE_CURVE('',#10543,#10544,#10545,.T.);
#8602=EDGE_CURVE('',#10540,#10543,#10546,.T.);
#8603=EDGE_CURVE('',#10544,#10531,#10547,.T.);
#8604=EDGE_CURVE('',#10548,#10540,#10549,.T.);
#8605=EDGE_CURVE('',#10548,#10550,#10551,.T.);
#8606=EDGE_CURVE('',#10530,#10550,#10552,.T.);
#8607=EDGE_CURVE('',#10553,#10554,#10555,.T.);
#8608=EDGE_CURVE('',#10554,#10543,#10556,.F.);
#8609=EDGE_CURVE('',#10544,#10553,#10557,.T.);
#8610=EDGE_CURVE('',#10558,#10559,#10560,.T.);
#8611=EDGE_CURVE('',#10554,#10558,#10561,.T.);
#8612=EDGE_CURVE('',#10559,#10553,#10562,.T.);
#8613=EDGE_CURVE('',#10563,#10554,#10564,.T.);
#8614=EDGE_CURVE('',#10563,#10565,#10566,.F.);
#8615=EDGE_CURVE('',#10543,#10565,#10567,.T.);
#8616=EDGE_CURVE('',#10446,#10457,#10568,.T.);
#8617=EDGE_CURVE('',#10459,#10472,#10569,.T.);
#8618=EDGE_CURVE('',#10433,#10444,#10570,.T.);
#8619=EDGE_CURVE('',#10565,#10548,#10571,.T.);
#8620=EDGE_CURVE('',#10550,#10535,#10572,.T.);
#8621=EDGE_CURVE('',#10537,#10522,#10573,.T.);
#8622=EDGE_CURVE('',#10574,#9690,#10575,.T.);
#8623=EDGE_CURVE('',#10574,#9693,#10576,.T.);
#8624=EDGE_CURVE('',#10577,#10578,#10579,.T.);
#8625=EDGE_CURVE('',#9693,#10578,#10580,.T.);
#8626=EDGE_CURVE('',#10577,#10574,#10581,.T.);
#8627=EDGE_CURVE('',#10578,#9687,#10582,.T.);
#8628=EDGE_CURVE('',#9683,#10577,#10583,.T.);
#8629=EDGE_CURVE('',#9695,#10584,#10585,.T.);
#8630=EDGE_CURVE('',#9691,#10584,#10586,.T.);
#8631=EDGE_CURVE('',#10587,#10588,#10589,.T.);
#8632=EDGE_CURVE('',#10584,#10588,#10590,.T.);
#8633=EDGE_CURVE('',#10587,#9695,#10591,.T.);
#8634=EDGE_CURVE('',#10588,#9674,#10592,.T.);
#8635=EDGE_CURVE('',#9677,#10587,#10593,.T.);
#8636=EDGE_CURVE('',#10594,#10595,#10596,.T.);
#8637=EDGE_CURVE('',#10597,#10594,#10598,.T.);
#8638=EDGE_CURVE('',#10597,#10599,#10600,.T.);
#8639=EDGE_CURVE('',#10595,#10599,#10601,.T.);
#8640=EDGE_CURVE('',#10602,#10597,#10603,.T.);
#8641=EDGE_CURVE('',#10604,#10602,#10605,.F.);
#8642=EDGE_CURVE('',#10599,#10604,#10606,.T.);
#8643=EDGE_CURVE('',#10607,#10608,#10609,.T.);
#8644=EDGE_CURVE('',#10610,#10608,#10611,.T.);
#8645=EDGE_CURVE('',#10612,#10610,#10613,.F.);
#8646=EDGE_CURVE('',#10607,#10612,#10614,.T.);
#8647=EDGE_CURVE('',#10608,#9612,#10615,.T.);
#8648=EDGE_CURVE('',#9614,#10607,#10616,.T.);
#8649=EDGE_CURVE('',#10617,#10618,#10619,.T.);
#8650=EDGE_CURVE('',#10620,#10617,#10621,.T.);
#8651=EDGE_CURVE('',#10620,#10622,#10623,.T.);
#8652=EDGE_CURVE('',#10618,#10622,#10624,.T.);
#8653=EDGE_CURVE('',#10625,#10620,#10626,.T.);
#8654=EDGE_CURVE('',#10625,#10627,#10628,.T.);
#8655=EDGE_CURVE('',#10622,#10627,#10629,.T.);
#8656=EDGE_CURVE('',#10630,#10631,#10632,.T.);
#8657=EDGE_CURVE('',#10633,#10631,#10634,.T.);
#8658=EDGE_CURVE('',#10633,#10635,#10636,.T.);
#8659=EDGE_CURVE('',#10630,#10635,#10637,.T.);
#8660=EDGE_CURVE('',#10638,#10639,#10640,.T.);
#8661=EDGE_CURVE('',#10631,#10638,#10641,.T.);
#8662=EDGE_CURVE('',#10639,#10630,#10642,.T.);
#8663=EDGE_CURVE('',#10643,#10644,#10645,.F.);
#8664=EDGE_CURVE('',#10646,#10643,#10647,.T.);
#8665=EDGE_CURVE('',#10646,#10648,#10649,.F.);
#8666=EDGE_CURVE('',#10644,#10648,#10650,.T.);
#8667=EDGE_CURVE('',#10651,#10652,#10653,.T.);
#8668=EDGE_CURVE('',#10654,#10651,#10655,.T.);
#8669=EDGE_CURVE('',#10654,#10656,#10657,.T.);
#8670=EDGE_CURVE('',#10652,#10656,#10658,.T.);
#8671=EDGE_CURVE('',#10659,#10654,#10660,.T.);
#8672=EDGE_CURVE('',#10659,#10661,#10662,.F.);
#8673=EDGE_CURVE('',#10656,#10661,#10663,.T.);
#8674=EDGE_CURVE('',#10664,#10665,#10666,.T.);
#8675=EDGE_CURVE('',#10664,#10667,#10668,.T.);
#8676=EDGE_CURVE('',#10669,#10667,#10670,.T.);
#8677=EDGE_CURVE('',#10665,#10669,#10671,.T.);
#8678=EDGE_CURVE('',#10672,#10673,#10674,.T.);
#8679=EDGE_CURVE('',#10651,#10673,#10675,.T.);
#8680=EDGE_CURVE('',#10672,#10652,#10676,.T.);
#8681=EDGE_CURVE('',#10677,#10678,#10679,.F.);
#8682=EDGE_CURVE('',#10672,#10677,#10680,.T.);
#8683=EDGE_CURVE('',#10678,#10652,#10681,.T.);
#8684=EDGE_CURVE('',#10682,#10672,#10683,.T.);
#8685=EDGE_CURVE('',#10682,#10684,#10685,.T.);
#8686=EDGE_CURVE('',#10686,#10684,#10687,.T.);
#8687=EDGE_CURVE('',#10673,#10686,#10688,.T.);
#8688=EDGE_CURVE('',#10689,#10690,#10691,.T.);
#8689=EDGE_CURVE('',#10661,#10689,#10692,.T.);
#8690=EDGE_CURVE('',#10690,#10659,#10693,.T.);
#8691=EDGE_CURVE('',#10694,#10695,#10696,.T.);
#8692=EDGE_CURVE('',#10695,#10689,#10697,.F.);
#8693=EDGE_CURVE('',#10690,#10694,#10698,.T.);
#8694=EDGE_CURVE('',#10699,#10682,#10700,.T.);
#8695=EDGE_CURVE('',#10699,#10701,#10702,.F.);
#8696=EDGE_CURVE('',#10703,#10701,#10704,.T.);
#8697=EDGE_CURVE('',#10703,#10684,#10705,.F.);
#8698=EDGE_CURVE('',#10706,#10703,#10707,.T.);
#8699=EDGE_CURVE('',#10706,#10708,#10709,.F.);
#8700=EDGE_CURVE('',#10686,#10708,#10710,.T.);
#8701=EDGE_CURVE('',#10694,#10711,#10712,.T.);
#8702=EDGE_CURVE('',#10711,#10713,#10714,.F.);
#8703=EDGE_CURVE('',#10715,#10713,#10716,.F.);
#8704=EDGE_CURVE('',#10695,#10715,#10717,.T.);
#8705=EDGE_CURVE('',#10718,#10695,#10719,.T.);
#8706=EDGE_CURVE('',#10718,#10720,#10721,.T.);
#8707=EDGE_CURVE('',#10689,#10720,#10722,.T.);
#8708=EDGE_CURVE('',#10723,#10724,#10725,.T.);
#8709=EDGE_CURVE('',#10726,#10724,#10727,.T.);
#8710=EDGE_CURVE('',#10726,#10728,#10729,.T.);
#8711=EDGE_CURVE('',#10723,#10728,#10730,.T.);
#8712=EDGE_CURVE('',#10731,#10726,#10732,.T.);
#8713=EDGE_CURVE('',#10731,#10733,#10734,.F.);
#8714=EDGE_CURVE('',#10735,#10733,#10736,.F.);
#8715=EDGE_CURVE('',#10728,#10735,#10737,.T.);
#8716=EDGE_CURVE('',#10735,#10738,#10739,.T.);
#8717=EDGE_CURVE('',#10740,#10733,#10741,.F.);
#8718=EDGE_CURVE('',#10742,#10740,#10743,.T.);
#8719=EDGE_CURVE('',#10738,#10742,#10744,.T.);
#8720=EDGE_CURVE('',#10745,#10746,#10747,.T.);
#8721=EDGE_CURVE('',#10724,#10746,#10748,.T.);
#8722=EDGE_CURVE('',#10745,#10723,#10749,.T.);
#8723=EDGE_CURVE('',#10750,#10706,#10751,.T.);
#8724=EDGE_CURVE('',#10750,#10752,#10753,.F.);
#8725=EDGE_CURVE('',#10708,#10752,#10754,.T.);
#8726=EDGE_CURVE('',#10755,#10711,#10756,.T.);
#8727=EDGE_CURVE('',#10755,#10757,#10758,.F.);
#8728=EDGE_CURVE('',#10759,#10757,#10760,.T.);
#8729=EDGE_CURVE('',#10759,#10713,#10761,.T.);
#8730=EDGE_CURVE('',#10759,#10762,#10763,.T.);
#8731=EDGE_CURVE('',#10764,#10762,#10765,.T.);
#8732=EDGE_CURVE('',#10715,#10764,#10766,.T.);
#8733=EDGE_CURVE('',#10767,#10768,#10769,.T.);
#8734=EDGE_CURVE('',#10768,#10770,#10771,.T.);
#8735=EDGE_CURVE('',#10772,#10770,#10773,.T.);
#8736=EDGE_CURVE('',#10767,#10772,#10774,.T.);
#8737=EDGE_CURVE('',#10775,#10745,#10776,.T.);
#8738=EDGE_CURVE('',#10777,#10775,#10778,.F.);
#8739=EDGE_CURVE('',#10746,#10777,#10779,.T.);
#8740=EDGE_CURVE('',#10780,#10781,#10782,.T.);
#8741=EDGE_CURVE('',#10740,#10780,#10783,.T.);
#8742=EDGE_CURVE('',#10781,#10731,#10784,.T.);
#8743=EDGE_CURVE('',#10785,#10786,#10787,.T.);
#8744=EDGE_CURVE('',#10780,#10785,#10788,.T.);
#8745=EDGE_CURVE('',#10786,#10781,#10789,.T.);
#8746=EDGE_CURVE('',#10790,#10791,#10792,.T.);
#8747=EDGE_CURVE('',#10790,#10793,#10794,.T.);
#8748=EDGE_CURVE('',#10795,#10793,#10796,.T.);
#8749=EDGE_CURVE('',#10795,#10791,#10797,.T.);
#8750=EDGE_CURVE('',#10798,#10755,#10799,.T.);
#8751=EDGE_CURVE('',#10798,#10800,#10801,.F.);
#8752=EDGE_CURVE('',#10757,#10800,#10802,.T.);
#8753=EDGE_CURVE('',#10803,#10804,#10805,.T.);
#8754=EDGE_CURVE('',#10803,#10806,#10807,.T.);
#8755=EDGE_CURVE('',#10808,#10806,#10809,.T.);
#8756=EDGE_CURVE('',#10804,#10808,#10810,.T.);
#8757=EDGE_CURVE('',#10811,#10775,#10812,.T.);
#8758=EDGE_CURVE('',#10811,#10813,#10814,.F.);
#8759=EDGE_CURVE('',#10815,#10813,#10816,.F.);
#8760=EDGE_CURVE('',#10777,#10815,#10817,.T.);
#8761=EDGE_CURVE('',#10815,#10786,#10818,.T.);
#8762=EDGE_CURVE('',#10819,#10813,#10820,.T.);
#8763=EDGE_CURVE('',#10785,#10819,#10821,.T.);
#8764=EDGE_CURVE('',#10822,#10823,#10824,.T.);
#8765=EDGE_CURVE('',#10822,#10825,#10826,.T.);
#8766=EDGE_CURVE('',#10827,#10825,#10828,.F.);
#8767=EDGE_CURVE('',#10829,#10827,#10830,.T.);
#8768=EDGE_CURVE('',#10829,#10823,#10831,.F.);
#8769=EDGE_CURVE('',#10827,#10832,#10833,.T.);
#8770=EDGE_CURVE('',#10834,#10825,#10835,.T.);
#8771=EDGE_CURVE('',#10836,#10834,#10837,.T.);
#8772=EDGE_CURVE('',#10836,#10832,#10838,.F.);
#8773=EDGE_CURVE('',#10839,#10840,#10841,.T.);
#8774=EDGE_CURVE('',#10832,#10840,#10842,.T.);
#8775=EDGE_CURVE('',#10839,#10836,#10843,.T.);
#8776=EDGE_CURVE('',#10844,#10845,#10846,.T.);
#8777=EDGE_CURVE('',#10845,#10847,#10848,.F.);
#8778=EDGE_CURVE('',#10849,#10847,#10850,.T.);
#8779=EDGE_CURVE('',#10851,#10849,#10852,.T.);
#8780=EDGE_CURVE('',#10851,#10844,#10853,.F.);
#8781=EDGE_CURVE('',#10854,#10855,#10856,.T.);
#8782=EDGE_CURVE('',#10857,#10854,#10858,.F.);
#8783=EDGE_CURVE('',#10859,#10857,#10860,.T.);
#8784=EDGE_CURVE('',#10855,#10859,#10861,.F.);
#8785=EDGE_CURVE('',#10862,#10863,#10864,.T.);
#8786=EDGE_CURVE('',#10840,#10863,#10865,.T.);
#8787=EDGE_CURVE('',#10862,#10839,#10866,.T.);
#8788=EDGE_CURVE('',#10867,#10868,#10869,.T.);
#8789=EDGE_CURVE('',#10870,#10868,#10871,.T.);
#8790=EDGE_CURVE('',#10870,#10872,#10873,.T.);
#8791=EDGE_CURVE('',#10867,#10872,#10874,.T.);
#8792=EDGE_CURVE('',#10868,#10875,#10876,.T.);
#8793=EDGE_CURVE('',#10819,#10875,#10877,.T.);
#8794=EDGE_CURVE('',#10868,#10811,#10878,.T.);
#8795=EDGE_CURVE('',#10879,#10880,#10881,.T.);
#8796=EDGE_CURVE('',#10834,#10880,#10882,.T.);
#8797=EDGE_CURVE('',#10879,#10822,#10883,.T.);
#8798=EDGE_CURVE('',#10884,#10862,#10885,.T.);
#8799=EDGE_CURVE('',#10884,#10886,#10887,.F.);
#8800=EDGE_CURVE('',#10863,#10886,#10888,.T.);
#8801=EDGE_CURVE('',#10889,#10867,#10890,.T.);
#8802=EDGE_CURVE('',#10875,#10889,#10891,.T.);
#8803=EDGE_CURVE('',#10892,#10893,#10894,.T.);
#8804=EDGE_CURVE('',#10895,#10892,#10896,.T.);
#8805=EDGE_CURVE('',#10895,#10847,#10897,.F.);
#8806=EDGE_CURVE('',#10893,#10845,#10898,.T.);
#8807=EDGE_CURVE('',#10899,#10900,#10901,.T.);
#8808=EDGE_CURVE('',#10849,#10899,#10902,.T.);
#8809=EDGE_CURVE('',#10900,#10895,#10903,.T.);
#8810=EDGE_CURVE('',#10904,#10905,#10906,.T.);
#8811=EDGE_CURVE('',#10907,#10904,#10908,.T.);
#8812=EDGE_CURVE('',#10907,#10909,#10910,.T.);
#8813=EDGE_CURVE('',#10905,#10909,#10911,.T.);
#8814=EDGE_CURVE('',#10912,#10913,#10914,.T.);
#8815=EDGE_CURVE('',#10912,#10915,#10916,.T.);
#8816=EDGE_CURVE('',#10917,#10915,#10918,.T.);
#8817=EDGE_CURVE('',#10913,#10917,#10919,.T.);
#8818=EDGE_CURVE('',#10920,#10921,#10922,.T.);
#8819=EDGE_CURVE('',#10880,#10921,#10923,.T.);
#8820=EDGE_CURVE('',#10920,#10879,#10924,.T.);
#8821=EDGE_CURVE('',#10892,#10925,#10926,.T.);
#8822=EDGE_CURVE('',#10927,#10893,#10928,.T.);
#8823=EDGE_CURVE('',#10925,#10927,#10929,.T.);
#8824=EDGE_CURVE('',#10930,#10931,#10932,.T.);
#8825=EDGE_CURVE('',#10912,#10930,#10933,.T.);
#8826=EDGE_CURVE('',#10931,#10913,#10934,.T.);
#8827=EDGE_CURVE('',#10935,#10920,#10936,.T.);
#8828=EDGE_CURVE('',#10935,#10937,#10938,.F.);
#8829=EDGE_CURVE('',#10939,#10937,#10940,.F.);
#8830=EDGE_CURVE('',#10921,#10939,#10941,.T.);
#8831=EDGE_CURVE('',#10939,#10884,#10942,.T.);
#8832=EDGE_CURVE('',#10943,#10937,#10944,.T.);
#8833=EDGE_CURVE('',#10886,#10943,#10945,.T.);
#8834=EDGE_CURVE('',#10946,#10927,#10947,.T.);
#8835=EDGE_CURVE('',#10948,#10946,#10949,.T.);
#8836=EDGE_CURVE('',#10925,#10948,#10950,.T.);
#8837=EDGE_CURVE('',#10951,#9664,#10952,.T.);
#8838=EDGE_CURVE('',#10953,#10951,#10954,.F.);
#8839=EDGE_CURVE('',#9666,#10953,#10955,.T.);
#8840=EDGE_CURVE('',#10956,#10957,#10958,.T.);
#8841=EDGE_CURVE('',#10930,#10956,#10959,.T.);
#8842=EDGE_CURVE('',#10957,#10931,#10960,.T.);
#8843=EDGE_CURVE('',#10961,#10957,#10962,.T.);
#8844=EDGE_CURVE('',#10961,#10963,#10964,.F.);
#8845=EDGE_CURVE('',#10956,#10963,#10965,.T.);
#8846=EDGE_CURVE('',#10966,#10967,#10968,.T.);
#8847=EDGE_CURVE('',#10943,#10967,#10969,.T.);
#8848=EDGE_CURVE('',#10966,#10935,#10970,.T.);
#8849=EDGE_CURVE('',#10971,#10967,#10972,.F.);
#8850=EDGE_CURVE('',#10973,#10971,#10974,.T.);
#8851=EDGE_CURVE('',#10973,#10975,#10976,.T.);
#8852=EDGE_CURVE('',#10967,#10975,#10977,.T.);
#8853=EDGE_CURVE('',#10978,#10966,#10979,.T.);
#8854=EDGE_CURVE('',#10971,#10978,#10980,.T.);
#8855=EDGE_CURVE('',#10574,#10981,#10982,.T.);
#8856=EDGE_CURVE('',#10983,#9690,#10984,.T.);
#8857=EDGE_CURVE('',#10981,#10983,#10985,.T.);
#8858=EDGE_CURVE('',#10986,#10987,#10988,.T.);
#8859=EDGE_CURVE('',#10989,#10987,#10990,.T.);
#8860=EDGE_CURVE('',#10991,#10989,#10992,.F.);
#8861=EDGE_CURVE('',#10986,#10991,#10993,.T.);
#8862=EDGE_CURVE('',#9691,#10994,#10995,.T.);
#8863=EDGE_CURVE('',#10996,#10584,#10997,.T.);
#8864=EDGE_CURVE('',#10994,#10996,#10998,.T.);
#8865=EDGE_CURVE('',#10999,#11000,#11001,.T.);
#8866=EDGE_CURVE('',#10987,#10999,#11002,.T.);
#8867=EDGE_CURVE('',#11000,#10986,#11003,.T.);
#8868=EDGE_CURVE('',#11004,#11005,#11006,.T.);
#8869=EDGE_CURVE('',#11007,#11005,#11008,.T.);
#8870=EDGE_CURVE('',#11007,#11009,#11010,.T.);
#8871=EDGE_CURVE('',#11004,#11009,#11011,.T.);
#8872=EDGE_CURVE('',#11005,#9656,#11012,.T.);
#8873=EDGE_CURVE('',#9658,#11004,#11013,.T.);
#8874=EDGE_CURVE('',#11014,#11015,#11016,.T.);
#8875=EDGE_CURVE('',#11017,#11014,#11018,.F.);
#8876=EDGE_CURVE('',#11019,#11017,#11020,.T.);
#8877=EDGE_CURVE('',#11019,#11015,#11021,.T.);
#8878=EDGE_CURVE('',#11022,#11023,#11024,.T.);
#8879=EDGE_CURVE('',#11025,#11022,#11026,.F.);
#8880=EDGE_CURVE('',#11027,#11025,#11028,.T.);
#8881=EDGE_CURVE('',#11027,#11023,#11029,.T.);
#8882=EDGE_CURVE('',#11030,#11031,#11032,.T.);
#8883=EDGE_CURVE('',#11033,#11030,#11034,.T.);
#8884=EDGE_CURVE('',#11035,#11033,#11036,.F.);
#8885=EDGE_CURVE('',#11031,#11035,#11037,.T.);
#8886=EDGE_CURVE('',#11038,#11039,#11040,.T.);
#8887=EDGE_CURVE('',#11038,#11041,#11042,.T.);
#8888=EDGE_CURVE('',#11043,#11041,#11044,.F.);
#8889=EDGE_CURVE('',#11045,#11043,#11046,.T.);
#8890=EDGE_CURVE('',#11045,#11039,#11047,.F.);
#8891=EDGE_CURVE('',#11048,#11049,#11050,.T.);
#8892=EDGE_CURVE('',#11048,#11051,#11052,.T.);
#8893=EDGE_CURVE('',#11053,#11051,#11054,.F.);
#8894=EDGE_CURVE('',#11055,#11053,#11056,.T.);
#8895=EDGE_CURVE('',#11049,#11055,#11057,.T.);
#8896=EDGE_CURVE('',#11058,#11059,#11060,.T.);
#8897=EDGE_CURVE('',#11061,#11058,#11062,.T.);
#8898=EDGE_CURVE('',#11061,#11041,#11063,.T.);
#8899=EDGE_CURVE('',#11059,#11038,#11064,.T.);
#8900=EDGE_CURVE('',#11065,#11066,#11067,.T.);
#8901=EDGE_CURVE('',#11043,#11065,#11068,.T.);
#8902=EDGE_CURVE('',#11066,#11061,#11069,.T.);
#8903=EDGE_CURVE('',#11070,#11071,#11072,.T.);
#8904=EDGE_CURVE('',#11073,#11070,#11074,.T.);
#8905=EDGE_CURVE('',#11073,#11051,#11075,.F.);
#8906=EDGE_CURVE('',#11071,#11048,#11076,.T.);
#8907=EDGE_CURVE('',#11077,#11078,#11079,.T.);
#8908=EDGE_CURVE('',#11053,#11077,#11080,.T.);
#8909=EDGE_CURVE('',#11078,#11073,#11081,.T.);
#8910=EDGE_CURVE('',#9683,#10785,#11082,.T.);
#8911=EDGE_CURVE('',#10780,#10577,#11083,.T.);
#8912=EDGE_CURVE('',#10588,#10879,#11084,.T.);
#8913=EDGE_CURVE('',#10920,#9674,#11085,.T.);
#8914=EDGE_CURVE('',#11086,#11087,#11088,.T.);
#8915=EDGE_CURVE('',#11087,#11089,#11090,.T.);
#8916=EDGE_CURVE('',#11091,#11089,#11092,.T.);
#8917=EDGE_CURVE('',#11086,#11091,#11093,.T.);
#8918=EDGE_CURVE('',#10981,#10946,#11094,.F.);
#8919=EDGE_CURVE('',#10983,#11095,#11096,.T.);
#8920=EDGE_CURVE('',#11095,#10991,#11097,.T.);
#8921=EDGE_CURVE('',#10989,#10948,#11098,.F.);
#8922=EDGE_CURVE('',#10925,#10987,#11099,.T.);
#8923=EDGE_CURVE('',#10986,#11100,#11101,.T.);
#8924=EDGE_CURVE('',#11095,#11100,#11102,.T.);
#8925=EDGE_CURVE('',#11103,#11007,#11104,.T.);
#8926=EDGE_CURVE('',#11103,#10994,#11105,.T.);
#8927=EDGE_CURVE('',#10996,#10963,#11106,.F.);
#8928=EDGE_CURVE('',#11009,#10961,#11107,.F.);
#8929=EDGE_CURVE('',#11103,#11108,#11109,.T.);
#8930=EDGE_CURVE('',#11108,#11005,#11110,.T.);
#8931=EDGE_CURVE('',#11004,#10957,#11111,.T.);
#8932=EDGE_CURVE('',#10610,#11112,#11113,.T.);
#8933=EDGE_CURVE('',#11112,#11114,#11115,.T.);
#8934=EDGE_CURVE('',#11114,#11116,#11117,.T.);
#8935=EDGE_CURVE('',#11116,#11118,#11119,.F.);
#8936=EDGE_CURVE('',#11118,#10604,#11120,.F.);
#8937=EDGE_CURVE('',#10602,#10612,#11121,.F.);
#8938=EDGE_CURVE('',#11118,#11122,#11123,.T.);
#8939=EDGE_CURVE('',#11116,#11124,#11125,.T.);
#8940=EDGE_CURVE('',#11124,#11122,#11126,.T.);
#8941=EDGE_CURVE('',#11112,#11127,#11128,.T.);
#8942=EDGE_CURVE('',#11127,#10608,#11129,.T.);
#8943=EDGE_CURVE('',#10607,#10597,#11130,.T.);
#8944=EDGE_CURVE('',#11131,#11132,#11133,.T.);
#8945=EDGE_CURVE('',#11134,#11131,#11135,.T.);
#8946=EDGE_CURVE('',#10627,#11134,#11136,.F.);
#8947=EDGE_CURVE('',#10635,#10625,#11137,.F.);
#8948=EDGE_CURVE('',#11138,#10633,#11139,.F.);
#8949=EDGE_CURVE('',#11132,#11138,#11140,.F.);
#8950=EDGE_CURVE('',#10630,#10620,#11141,.T.);
#8951=EDGE_CURVE('',#10622,#11142,#11143,.T.);
#8952=EDGE_CURVE('',#11134,#11142,#11144,.T.);
#8953=EDGE_CURVE('',#11145,#11132,#11146,.T.);
#8954=EDGE_CURVE('',#11138,#11147,#11148,.T.);
#8955=EDGE_CURVE('',#11145,#11147,#11149,.T.);
#8956=EDGE_CURVE('',#11150,#11151,#11152,.T.);
#8957=EDGE_CURVE('',#11153,#11150,#11154,.T.);
#8958=EDGE_CURVE('',#11155,#11153,#11156,.T.);
#8959=EDGE_CURVE('',#11151,#11155,#11157,.T.);
#8960=EDGE_CURVE('',#11145,#11150,#11158,.T.);
#8961=EDGE_CURVE('',#11151,#11159,#11160,.T.);
#8962=EDGE_CURVE('',#11131,#11159,#11161,.T.);
#8963=EDGE_CURVE('',#11162,#11163,#11164,.T.);
#8964=EDGE_CURVE('',#11165,#11162,#11166,.T.);
#8965=EDGE_CURVE('',#11167,#11165,#11168,.T.);
#8966=EDGE_CURVE('',#11163,#11167,#11169,.T.);
#8967=EDGE_CURVE('',#11170,#11114,#11171,.T.);
#8968=EDGE_CURVE('',#11167,#11170,#11172,.T.);
#8969=EDGE_CURVE('',#11165,#11124,#11173,.T.);
#8970=EDGE_CURVE('',#11159,#11170,#11174,.T.);
#8971=EDGE_CURVE('',#11155,#11086,#11175,.T.);
#8972=EDGE_CURVE('',#11163,#11091,#11176,.T.);
#8973=EDGE_CURVE('',#10770,#10357,#11177,.F.);
#8974=EDGE_CURVE('',#10772,#10358,#11178,.F.);
#8975=EDGE_CURVE('',#10360,#10803,#11179,.F.);
#8976=EDGE_CURVE('',#10362,#10804,#11180,.F.);
#8977=EDGE_CURVE('',#10373,#10644,#11181,.F.);
#8978=EDGE_CURVE('',#10648,#10376,#11182,.F.);
#8979=EDGE_CURVE('',#11183,#11070,#11184,.T.);
#8980=EDGE_CURVE('',#11078,#11183,#11185,.T.);
#8981=EDGE_CURVE('',#11186,#11187,#11188,.T.);
#8982=EDGE_CURVE('',#11189,#11187,#11190,.T.);
#8983=EDGE_CURVE('',#11191,#11189,#11192,.T.);
#8984=EDGE_CURVE('',#11191,#11186,#11193,.T.);
#8985=EDGE_CURVE('',#9634,#11186,#11194,.T.);
#8986=EDGE_CURVE('',#9636,#11191,#11195,.T.);
#8987=EDGE_CURVE('',#11189,#11196,#11197,.T.);
#8988=EDGE_CURVE('',#11187,#11198,#11199,.T.);
#8989=EDGE_CURVE('',#11196,#11198,#11200,.T.);
#8990=EDGE_CURVE('',#9628,#11196,#11201,.T.);
#8991=EDGE_CURVE('',#11202,#11203,#11204,.T.);
#8992=EDGE_CURVE('',#11205,#11203,#11206,.T.);
#8993=EDGE_CURVE('',#11207,#11205,#11208,.T.);
#8994=EDGE_CURVE('',#11202,#11207,#11209,.T.);
#8995=EDGE_CURVE('',#11210,#11211,#11212,.T.);
#8996=EDGE_CURVE('',#11210,#11213,#11214,.T.);
#8997=EDGE_CURVE('',#11213,#11215,#11216,.T.);
#8998=EDGE_CURVE('',#11211,#11215,#11217,.T.);
#8999=EDGE_CURVE('',#11205,#11210,#11218,.T.);
#9000=EDGE_CURVE('',#11207,#11211,#11219,.T.);
#9001=EDGE_CURVE('',#11203,#11213,#11220,.T.);
#9002=EDGE_CURVE('',#11221,#9642,#11222,.T.);
#9003=EDGE_CURVE('',#11221,#11223,#11224,.T.);
#9004=EDGE_CURVE('',#11223,#9644,#11225,.T.);
#9005=EDGE_CURVE('',#11226,#11227,#11228,.T.);
#9006=EDGE_CURVE('',#11229,#11227,#11230,.T.);
#9007=EDGE_CURVE('',#11231,#11229,#11232,.T.);
#9008=EDGE_CURVE('',#11226,#11231,#11233,.T.);
#9009=EDGE_CURVE('',#11229,#11221,#11234,.T.);
#9010=EDGE_CURVE('',#11231,#9639,#11235,.T.);
#9011=EDGE_CURVE('',#11227,#11223,#11236,.T.);
#9012=EDGE_CURVE('',#10618,#11237,#11238,.T.);
#9013=EDGE_CURVE('',#11239,#11142,#11240,.T.);
#9014=EDGE_CURVE('',#11241,#11239,#11242,.T.);
#9015=EDGE_CURVE('',#11241,#11237,#11243,.T.);
#9016=EDGE_CURVE('',#11244,#10617,#11245,.T.);
#9017=EDGE_CURVE('',#11244,#11246,#11247,.T.);
#9018=EDGE_CURVE('',#10639,#11246,#11248,.T.);
#9019=EDGE_CURVE('',#11249,#10638,#11250,.T.);
#9020=EDGE_CURVE('',#11077,#11249,#11251,.T.);
#9021=EDGE_CURVE('',#11183,#11252,#11253,.T.);
#9022=EDGE_CURVE('',#11252,#11147,#11254,.T.);
#9023=EDGE_CURVE('',#11071,#11255,#11256,.T.);
#9024=EDGE_CURVE('',#11255,#11252,#11257,.T.);
#9025=EDGE_CURVE('',#11258,#11249,#11259,.T.);
#9026=EDGE_CURVE('',#11258,#11260,#11261,.T.);
#9027=EDGE_CURVE('',#11260,#11031,#11262,.T.);
#9028=EDGE_CURVE('',#11055,#11035,#11263,.F.);
#9029=EDGE_CURVE('',#11264,#11265,#11266,.T.);
#9030=EDGE_CURVE('',#11265,#11027,#11267,.F.);
#9031=EDGE_CURVE('',#11033,#11025,#11268,.F.);
#9032=EDGE_CURVE('',#11030,#11264,#11269,.T.);
#9033=EDGE_CURVE('',#10808,#10764,#11270,.F.);
#9034=EDGE_CURVE('',#10718,#10806,#11271,.F.);
#9035=EDGE_CURVE('',#9632,#10855,#11272,.F.);
#9036=EDGE_CURVE('',#10854,#10953,#11273,.F.);
#9037=EDGE_CURVE('',#10951,#10917,#11274,.F.);
#9038=EDGE_CURVE('',#9662,#11275,#11276,.T.);
#9039=EDGE_CURVE('',#10913,#11275,#11277,.T.);
#9040=EDGE_CURVE('',#11278,#10931,#11279,.T.);
#9041=EDGE_CURVE('',#11278,#9660,#11280,.T.);
#9042=EDGE_CURVE('',#11281,#9646,#11282,.T.);
#9043=EDGE_CURVE('',#11281,#11108,#11283,.T.);
#9044=EDGE_CURVE('',#11258,#11246,#11284,.T.);
#9045=EDGE_CURVE('',#9627,#11264,#11285,.T.);
#9046=EDGE_CURVE('',#11260,#11244,#11286,.T.);
#9047=EDGE_CURVE('',#11237,#9640,#11287,.T.);
#9048=EDGE_CURVE('',#11288,#9653,#11289,.F.);
#9049=EDGE_CURVE('',#9651,#11288,#11290,.F.);
#9050=EDGE_CURVE('',#11241,#11226,#11291,.T.);
#9051=EDGE_CURVE('',#11215,#11275,#11292,.T.);
#9052=EDGE_CURVE('',#11278,#11202,#11293,.T.);
#9053=EDGE_CURVE('',#11198,#11265,#11294,.T.);
#9054=EDGE_CURVE('',#11239,#11281,#11295,.T.);
#9055=EDGE_CURVE('',#11296,#11049,#11297,.F.);
#9056=EDGE_CURVE('',#11298,#11296,#11299,.T.);
#9057=EDGE_CURVE('',#11298,#11087,#11300,.T.);
#9058=EDGE_CURVE('',#11153,#11255,#11301,.T.);
#9059=EDGE_CURVE('',#11058,#11302,#11303,.T.);
#9060=EDGE_CURVE('',#11302,#11066,#11304,.T.);
#9061=EDGE_CURVE('',#11305,#11306,#11307,.T.);
#9062=EDGE_CURVE('',#11308,#11305,#11309,.T.);
#9063=EDGE_CURVE('',#11308,#11310,#11311,.T.);
#9064=EDGE_CURVE('',#11310,#11306,#11312,.T.);
#9065=EDGE_CURVE('',#11313,#11305,#11314,.T.);
#9066=EDGE_CURVE('',#11313,#11315,#11316,.T.);
#9067=EDGE_CURVE('',#11315,#11308,#11317,.T.);
#9068=EDGE_CURVE('',#11310,#9592,#11318,.T.);
#9069=EDGE_CURVE('',#11306,#9590,#11319,.T.);
#9070=EDGE_CURVE('',#11315,#9584,#11320,.T.);
#9071=EDGE_CURVE('',#11321,#11322,#11323,.T.);
#9072=EDGE_CURVE('',#11321,#11324,#11325,.T.);
#9073=EDGE_CURVE('',#11324,#11326,#11327,.T.);
#9074=EDGE_CURVE('',#11326,#11322,#11328,.T.);
#9075=EDGE_CURVE('',#11329,#11330,#11331,.T.);
#9076=EDGE_CURVE('',#11330,#11332,#11333,.T.);
#9077=EDGE_CURVE('',#11334,#11332,#11335,.T.);
#9078=EDGE_CURVE('',#11329,#11334,#11336,.T.);
#9079=EDGE_CURVE('',#11324,#11330,#11337,.T.);
#9080=EDGE_CURVE('',#11326,#11329,#11338,.T.);
#9081=EDGE_CURVE('',#11322,#11334,#11339,.T.);
#9082=EDGE_CURVE('',#11340,#11341,#11342,.T.);
#9083=EDGE_CURVE('',#11341,#11343,#11344,.T.);
#9084=EDGE_CURVE('',#11345,#11343,#11346,.T.);
#9085=EDGE_CURVE('',#11340,#11345,#11347,.T.);
#9086=EDGE_CURVE('',#9600,#11348,#11349,.T.);
#9087=EDGE_CURVE('',#9598,#11350,#11351,.T.);
#9088=EDGE_CURVE('',#11350,#11348,#11352,.T.);
#9089=EDGE_CURVE('',#9595,#11341,#11353,.T.);
#9090=EDGE_CURVE('',#11350,#11340,#11354,.T.);
#9091=EDGE_CURVE('',#11348,#11345,#11355,.T.);
#9092=EDGE_CURVE('',#9602,#11356,#11357,.T.);
#9093=EDGE_CURVE('',#11356,#11127,#11358,.T.);
#9094=EDGE_CURVE('',#10594,#11359,#11360,.T.);
#9095=EDGE_CURVE('',#9616,#11359,#11361,.T.);
#9096=EDGE_CURVE('',#11362,#10595,#11363,.T.);
#9097=EDGE_CURVE('',#11122,#11364,#11365,.T.);
#9098=EDGE_CURVE('',#11302,#11364,#11366,.T.);
#9099=EDGE_CURVE('',#11059,#11362,#11367,.T.);
#9100=EDGE_CURVE('',#11065,#11368,#11369,.T.);
#9101=EDGE_CURVE('',#11364,#11368,#11370,.T.);
#9102=EDGE_CURVE('',#11039,#9669,#11371,.F.);
#9103=EDGE_CURVE('',#11372,#9618,#11373,.T.);
#9104=EDGE_CURVE('',#11372,#11362,#11374,.T.);
#9105=EDGE_CURVE('',#9588,#11015,#11375,.F.);
#9106=EDGE_CURVE('',#11014,#9671,#11376,.F.);
#9107=EDGE_CURVE('',#10370,#10699,#11377,.F.);
#9108=EDGE_CURVE('',#10677,#10366,#11378,.T.);
#9109=EDGE_CURVE('',#11379,#11380,#11381,.T.);
#9110=EDGE_CURVE('',#11379,#10795,#11382,.F.);
#9111=EDGE_CURVE('',#10793,#10907,#11383,.F.);
#9112=EDGE_CURVE('',#11380,#10904,#11384,.T.);
#9113=EDGE_CURVE('',#11385,#10899,#11386,.T.);
#9114=EDGE_CURVE('',#10905,#11385,#11387,.T.);
#9115=EDGE_CURVE('',#10909,#10851,#11388,.F.);
#9116=EDGE_CURVE('',#10999,#11389,#11390,.T.);
#9117=EDGE_CURVE('',#11391,#11389,#11392,.T.);
#9118=EDGE_CURVE('',#11391,#10892,#11393,.T.);
#9119=EDGE_CURVE('',#11394,#11000,#11395,.T.);
#9120=EDGE_CURVE('',#11396,#11100,#11397,.T.);
#9121=EDGE_CURVE('',#11396,#11398,#11399,.T.);
#9122=EDGE_CURVE('',#11394,#11398,#11400,.T.);
#9123=EDGE_CURVE('',#11372,#11359,#11401,.T.);
#9124=EDGE_CURVE('',#11380,#9583,#11402,.T.);
#9125=EDGE_CURVE('',#11389,#11385,#11403,.T.);
#9126=EDGE_CURVE('',#9596,#11394,#11404,.T.);
#9127=EDGE_CURVE('',#11405,#9609,#11406,.F.);
#9128=EDGE_CURVE('',#9607,#11405,#11407,.F.);
#9129=EDGE_CURVE('',#11343,#11398,#11408,.T.);
#9130=EDGE_CURVE('',#11391,#11321,#11409,.T.);
#9131=EDGE_CURVE('',#11332,#10900,#11410,.T.);
#9132=EDGE_CURVE('',#11379,#11313,#11411,.T.);
#9133=EDGE_CURVE('',#11356,#11396,#11412,.T.);
#9134=EDGE_CURVE('',#11413,#11414,#11415,.T.);
#9135=EDGE_CURVE('',#11413,#11045,#11416,.F.);
#9136=EDGE_CURVE('',#11162,#11368,#11417,.T.);
#9137=EDGE_CURVE('',#11414,#11089,#11418,.T.);
#9138=EDGE_CURVE('',#11419,#11420,#11421,.T.);
#9139=EDGE_CURVE('',#11420,#11422,#11423,.T.);
#9140=EDGE_CURVE('',#11422,#11419,#11424,.T.);
#9141=EDGE_CURVE('',#11425,#11426,#11427,.T.);
#9142=EDGE_CURVE('',#11428,#11425,#11429,.T.);
#9143=EDGE_CURVE('',#11426,#11428,#11430,.T.);
#9144=EDGE_CURVE('',#11431,#11432,#11433,.T.);
#9145=EDGE_CURVE('',#11434,#11431,#11435,.T.);
#9146=EDGE_CURVE('',#11436,#11434,#11437,.T.);
#9147=EDGE_CURVE('',#11438,#11436,#11439,.T.);
#9148=EDGE_CURVE('',#11440,#11438,#11441,.T.);
#9149=EDGE_CURVE('',#11442,#11440,#11443,.T.);
#9150=EDGE_CURVE('',#11444,#11442,#11445,.T.);
#9151=EDGE_CURVE('',#11446,#11444,#11447,.T.);
#9152=EDGE_CURVE('',#11448,#11446,#11449,.T.);
#9153=EDGE_CURVE('',#11450,#11448,#11451,.T.);
#9154=EDGE_CURVE('',#11432,#11450,#11452,.T.);
#9155=EDGE_CURVE('',#11428,#11419,#11453,.T.);
#9156=EDGE_CURVE('',#11425,#11420,#11454,.T.);
#9157=EDGE_CURVE('',#11455,#11456,#11457,.T.);
#9158=EDGE_CURVE('',#11434,#11455,#11458,.T.);
#9159=EDGE_CURVE('',#11431,#11456,#11459,.T.);
#9160=EDGE_CURVE('',#11460,#11455,#11461,.T.);
#9161=EDGE_CURVE('',#11436,#11460,#11462,.T.);
#9162=EDGE_CURVE('',#11463,#11460,#11464,.T.);
#9163=EDGE_CURVE('',#11438,#11463,#11465,.T.);
#9164=EDGE_CURVE('',#11466,#11463,#11467,.T.);
#9165=EDGE_CURVE('',#11440,#11466,#11468,.T.);
#9166=EDGE_CURVE('',#11469,#11466,#11470,.T.);
#9167=EDGE_CURVE('',#11442,#11469,#11471,.T.);
#9168=EDGE_CURVE('',#11472,#11469,#11473,.T.);
#9169=EDGE_CURVE('',#11444,#11472,#11474,.T.);
#9170=EDGE_CURVE('',#11475,#11472,#11476,.T.);
#9171=EDGE_CURVE('',#11446,#11475,#11477,.T.);
#9172=EDGE_CURVE('',#11478,#11475,#11479,.T.);
#9173=EDGE_CURVE('',#11448,#11478,#11480,.T.);
#9174=EDGE_CURVE('',#11481,#11478,#11482,.T.);
#9175=EDGE_CURVE('',#11450,#11481,#11483,.T.);
#9176=EDGE_CURVE('',#11484,#11481,#11485,.T.);
#9177=EDGE_CURVE('',#11432,#11484,#11486,.T.);
#9178=EDGE_CURVE('',#11456,#11484,#11487,.T.);
#9179=EDGE_CURVE('',#11426,#11422,#11488,.T.);
#9180=EDGE_CURVE('',#11489,#11490,#11491,.T.);
#9181=EDGE_CURVE('',#11490,#11492,#11493,.T.);
#9182=EDGE_CURVE('',#11492,#11494,#11495,.T.);
#9183=EDGE_CURVE('',#11494,#11496,#11497,.T.);
#9184=EDGE_CURVE('',#11496,#11498,#11499,.T.);
#9185=EDGE_CURVE('',#11498,#11500,#11501,.T.);
#9186=EDGE_CURVE('',#11500,#11502,#11503,.T.);
#9187=EDGE_CURVE('',#11502,#11489,#11504,.T.);
#9188=EDGE_CURVE('',#11505,#11506,#11507,.T.);
#9189=EDGE_CURVE('',#11489,#11506,#11508,.T.);
#9190=EDGE_CURVE('',#11502,#11505,#11509,.T.);
#9191=EDGE_CURVE('',#11510,#11505,#11511,.T.);
#9192=EDGE_CURVE('',#11500,#11510,#11512,.T.);
#9193=EDGE_CURVE('',#11513,#11510,#11514,.T.);
#9194=EDGE_CURVE('',#11498,#11513,#11515,.T.);
#9195=EDGE_CURVE('',#11516,#11513,#11517,.T.);
#9196=EDGE_CURVE('',#11496,#11516,#11518,.T.);
#9197=EDGE_CURVE('',#11519,#11516,#11520,.T.);
#9198=EDGE_CURVE('',#11494,#11519,#11521,.T.);
#9199=EDGE_CURVE('',#11522,#11519,#11523,.T.);
#9200=EDGE_CURVE('',#11492,#11522,#11524,.T.);
#9201=EDGE_CURVE('',#11525,#11522,#11526,.T.);
#9202=EDGE_CURVE('',#11490,#11525,#11527,.T.);
#9203=EDGE_CURVE('',#11506,#11525,#11528,.T.);
#9204=EDGE_CURVE('',#11529,#11530,#11531,.T.);
#9205=EDGE_CURVE('',#11530,#11532,#11533,.T.);
#9206=EDGE_CURVE('',#11532,#11534,#11535,.T.);
#9207=EDGE_CURVE('',#11529,#11534,#11536,.T.);
#9208=EDGE_CURVE('',#11537,#11529,#11538,.T.);
#9209=EDGE_CURVE('',#11534,#11539,#11540,.T.);
#9210=EDGE_CURVE('',#11537,#11539,#11541,.T.);
#9211=EDGE_CURVE('',#11542,#11537,#11543,.T.);
#9212=EDGE_CURVE('',#11539,#11544,#11545,.T.);
#9213=EDGE_CURVE('',#11542,#11544,#11546,.T.);
#9214=EDGE_CURVE('',#11530,#11542,#11547,.T.);
#9215=EDGE_CURVE('',#11544,#11532,#11548,.T.);
#9216=EDGE_CURVE('',#11549,#11550,#11551,.T.);
#9217=EDGE_CURVE('',#11552,#11549,#11553,.T.);
#9218=EDGE_CURVE('',#11554,#11552,#11555,.T.);
#9219=EDGE_CURVE('',#11550,#11554,#11556,.T.);
#9220=EDGE_CURVE('',#11557,#11558,#11559,.T.);
#9221=EDGE_CURVE('',#11558,#11550,#11560,.T.);
#9222=EDGE_CURVE('',#11557,#11554,#11561,.T.);
#9223=EDGE_CURVE('',#11562,#11557,#11563,.T.);
#9224=EDGE_CURVE('',#11562,#11552,#11564,.T.);
#9225=EDGE_CURVE('',#11565,#11562,#11566,.T.);
#9226=EDGE_CURVE('',#11565,#11549,#11567,.T.);
#9227=EDGE_CURVE('',#11558,#11565,#11568,.T.);
#9228=EDGE_CURVE('',#10490,#9568,#11569,.T.);
#9229=EDGE_CURVE('',#9556,#10400,#11570,.T.);
#9230=EDGE_CURVE('',#11571,#11572,#11573,.T.);
#9231=EDGE_CURVE('',#11571,#11574,#11575,.F.);
#9232=EDGE_CURVE('',#11576,#11574,#11577,.T.);
#9233=EDGE_CURVE('',#11572,#11576,#11578,.T.);
#9234=EDGE_CURVE('',#11579,#11580,#11581,.T.);
#9235=EDGE_CURVE('',#11582,#11579,#11583,.T.);
#9236=EDGE_CURVE('',#11582,#11584,#11585,.T.);
#9237=EDGE_CURVE('',#11580,#11584,#11586,.T.);
#9238=EDGE_CURVE('',#11587,#11588,#11589,.T.);
#9239=EDGE_CURVE('',#11590,#11587,#11591,.T.);
#9240=EDGE_CURVE('',#11592,#11590,#11593,.F.);
#9241=EDGE_CURVE('',#11588,#11592,#11594,.T.);
#9242=EDGE_CURVE('',#10485,#11595,#11596,.T.);
#9243=EDGE_CURVE('',#11597,#10494,#11598,.T.);
#9244=EDGE_CURVE('',#11595,#11597,#11599,.T.);
#9245=EDGE_CURVE('',#11600,#10502,#11601,.T.);
#9246=EDGE_CURVE('',#11602,#11600,#11603,.T.);
#9247=EDGE_CURVE('',#10497,#11602,#11604,.T.);
#9248=EDGE_CURVE('',#10408,#11605,#11606,.T.);
#9249=EDGE_CURVE('',#11607,#10404,#11608,.T.);
#9250=EDGE_CURVE('',#11605,#11607,#11609,.T.);
#9251=EDGE_CURVE('',#11610,#10411,#11611,.T.);
#9252=EDGE_CURVE('',#11610,#11612,#11613,.F.);
#9253=EDGE_CURVE('',#10417,#11612,#11614,.T.);
#9254=EDGE_CURVE('',#11615,#11616,#11617,.T.);
#9255=EDGE_CURVE('',#11618,#11615,#11619,.T.);
#9256=EDGE_CURVE('',#11618,#11620,#11621,.F.);
#9257=EDGE_CURVE('',#11616,#11620,#11622,.T.);
#9258=EDGE_CURVE('',#11623,#11624,#11625,.T.);
#9259=EDGE_CURVE('',#11626,#11623,#11627,.T.);
#9260=EDGE_CURVE('',#11628,#11626,#11629,.T.);
#9261=EDGE_CURVE('',#11624,#11628,#11630,.T.);
#9262=EDGE_CURVE('',#11631,#11632,#11633,.T.);
#9263=EDGE_CURVE('',#11634,#11631,#11635,.T.);
#9264=EDGE_CURVE('',#11634,#11636,#11637,.F.);
#9265=EDGE_CURVE('',#11632,#11636,#11638,.T.);
#9266=EDGE_CURVE('',#11639,#11640,#11641,.T.);
#9267=EDGE_CURVE('',#11642,#11639,#11643,.T.);
#9268=EDGE_CURVE('',#11642,#11644,#11645,.F.);
#9269=EDGE_CURVE('',#11640,#11644,#11646,.T.);
#9270=EDGE_CURVE('',#11647,#11648,#11649,.T.);
#9271=EDGE_CURVE('',#11650,#11647,#11651,.T.);
#9272=EDGE_CURVE('',#11652,#11650,#11653,.T.);
#9273=EDGE_CURVE('',#11648,#11652,#11654,.T.);
#9274=EDGE_CURVE('',#11655,#11656,#11657,.T.);
#9275=EDGE_CURVE('',#11658,#11655,#11659,.T.);
#9276=EDGE_CURVE('',#11660,#11658,#11661,.T.);
#9277=EDGE_CURVE('',#11656,#11660,#11662,.T.);
#9278=EDGE_CURVE('',#11663,#11664,#11665,.T.);
#9279=EDGE_CURVE('',#11666,#11663,#11667,.F.);
#9280=EDGE_CURVE('',#11668,#11666,#11669,.T.);
#9281=EDGE_CURVE('',#11664,#11668,#11670,.T.);
#9282=EDGE_CURVE('',#11671,#11672,#11673,.T.);
#9283=EDGE_CURVE('',#11671,#11674,#11675,.T.);
#9284=EDGE_CURVE('',#11676,#11674,#11677,.T.);
#9285=EDGE_CURVE('',#11672,#11676,#11678,.T.);
#9286=EDGE_CURVE('',#11679,#11680,#11681,.T.);
#9287=EDGE_CURVE('',#11682,#11679,#11683,.T.);
#9288=EDGE_CURVE('',#11684,#11682,#11685,.T.);
#9289=EDGE_CURVE('',#11686,#11684,#11687,.T.);
#9290=EDGE_CURVE('',#11688,#11686,#11689,.T.);
#9291=EDGE_CURVE('',#11690,#11688,#11691,.T.);
#9292=EDGE_CURVE('',#11692,#11690,#11693,.T.);
#9293=EDGE_CURVE('',#11680,#11692,#11694,.T.);
#9294=EDGE_CURVE('',#10745,#11695,#11696,.T.);
#9295=EDGE_CURVE('',#11697,#10723,#11698,.T.);
#9296=EDGE_CURVE('',#11695,#11697,#11699,.F.);
#9297=EDGE_CURVE('',#10840,#11700,#11701,.T.);
#9298=EDGE_CURVE('',#11702,#10863,#11703,.T.);
#9299=EDGE_CURVE('',#11702,#11700,#11704,.T.);
#9300=EDGE_CURVE('',#11705,#11706,#11707,.T.);
#9301=EDGE_CURVE('',#11708,#11705,#11709,.T.);
#9302=EDGE_CURVE('',#11708,#11710,#11711,.T.);
#9303=EDGE_CURVE('',#11706,#11710,#11712,.T.);
#9304=EDGE_CURVE('',#11706,#11713,#11714,.T.);
#9305=EDGE_CURVE('',#11705,#11713,#11715,.T.);
#9306=EDGE_CURVE('',#11716,#11717,#11718,.T.);
#9307=EDGE_CURVE('',#11719,#11716,#11720,.T.);
#9308=EDGE_CURVE('',#11719,#11721,#11722,.T.);
#9309=EDGE_CURVE('',#11717,#11721,#11723,.T.);
#9310=EDGE_CURVE('',#11724,#11716,#11725,.T.);
#9311=EDGE_CURVE('',#11713,#11724,#11726,.T.);
#9312=EDGE_CURVE('',#11716,#11706,#11727,.T.);
#9313=EDGE_CURVE('',#11717,#11724,#11728,.T.);
#9314=EDGE_CURVE('',#11729,#11730,#11731,.T.);
#9315=EDGE_CURVE('',#11724,#11729,#11732,.T.);
#9316=EDGE_CURVE('',#11730,#11717,#11733,.T.);
#9317=EDGE_CURVE('',#11734,#11735,#11736,.T.);
#9318=EDGE_CURVE('',#11737,#11734,#11738,.T.);
#9319=EDGE_CURVE('',#11737,#11739,#11740,.T.);
#9320=EDGE_CURVE('',#11735,#11739,#11741,.T.);
#9321=EDGE_CURVE('',#11742,#11735,#11743,.T.);
#9322=EDGE_CURVE('',#11742,#11734,#11744,.T.);
#9323=EDGE_CURVE('',#11745,#11746,#11747,.T.);
#9324=EDGE_CURVE('',#11734,#11745,#11748,.T.);
#9325=EDGE_CURVE('',#11746,#11742,#11749,.T.);
#9326=EDGE_CURVE('',#11750,#11745,#11751,.T.);
#9327=EDGE_CURVE('',#11752,#11750,#11753,.T.);
#9328=EDGE_CURVE('',#11752,#11754,#11755,.T.);
#9329=EDGE_CURVE('',#11745,#11754,#11756,.T.);
#9330=EDGE_CURVE('',#11746,#11750,#11757,.T.);
#9331=EDGE_CURVE('',#11758,#11759,#11760,.T.);
#9332=EDGE_CURVE('',#11750,#11758,#11761,.T.);
#9333=EDGE_CURVE('',#11759,#11746,#11762,.T.);
#9334=EDGE_CURVE('',#11763,#11764,#11765,.T.);
#9335=EDGE_CURVE('',#11763,#11766,#11767,.F.);
#9336=EDGE_CURVE('',#11768,#11766,#11769,.T.);
#9337=EDGE_CURVE('',#11768,#11764,#11770,.T.);
#9338=EDGE_CURVE('',#10971,#11768,#11771,.T.);
#9339=EDGE_CURVE('',#11764,#10978,#11772,.T.);
#9340=EDGE_CURVE('',#11773,#11763,#11774,.T.);
#9341=EDGE_CURVE('',#11775,#11773,#11776,.T.);
#9342=EDGE_CURVE('',#11766,#11775,#11777,.T.);
#9343=EDGE_CURVE('',#11778,#9555,#11779,.T.);
#9344=EDGE_CURVE('',#9563,#11778,#11780,.T.);
#9345=EDGE_CURVE('',#11781,#11782,#11783,.T.);
#9346=EDGE_CURVE('',#11775,#11782,#11784,.T.);
#9347=EDGE_CURVE('',#11781,#11773,#11785,.T.);
#9348=EDGE_CURVE('',#11786,#11787,#11788,.T.);
#9349=EDGE_CURVE('',#11782,#11787,#11789,.T.);
#9350=EDGE_CURVE('',#11786,#11781,#11790,.T.);
#9351=EDGE_CURVE('',#11778,#9556,#11791,.T.);
#9352=EDGE_CURVE('',#11792,#11786,#11793,.T.);
#9353=EDGE_CURVE('',#11794,#11792,#11795,.T.);
#9354=EDGE_CURVE('',#11787,#11794,#11796,.T.);
#9355=EDGE_CURVE('',#11797,#11798,#11799,.T.);
#9356=EDGE_CURVE('',#11800,#11798,#11801,.T.);
#9357=EDGE_CURVE('',#11800,#11802,#11803,.T.);
#9358=EDGE_CURVE('',#11797,#11802,#11804,.T.);
#9359=EDGE_CURVE('',#11802,#11792,#11805,.T.);
#9360=EDGE_CURVE('',#11794,#11800,#11806,.T.);
#9361=EDGE_CURVE('',#10889,#11797,#11807,.T.);
#9362=EDGE_CURVE('',#11798,#10867,#11808,.T.);
#9363=EDGE_CURVE('',#11809,#11713,#11810,.T.);
#9364=EDGE_CURVE('',#11811,#11809,#11812,.F.);
#9365=EDGE_CURVE('',#11705,#11811,#11813,.T.);
#9366=EDGE_CURVE('',#11814,#11735,#11815,.T.);
#9367=EDGE_CURVE('',#11814,#11816,#11817,.T.);
#9368=EDGE_CURVE('',#11742,#11816,#11818,.T.);
#9369=EDGE_CURVE('',#11819,#11809,#11820,.T.);
#9370=EDGE_CURVE('',#11595,#11819,#11821,.T.);
#9371=EDGE_CURVE('',#11822,#11597,#11823,.T.);
#9372=EDGE_CURVE('',#11822,#11811,#11824,.T.);
#9373=EDGE_CURVE('',#11825,#11814,#11826,.T.);
#9374=EDGE_CURVE('',#11605,#11825,#11827,.T.);
#9375=EDGE_CURVE('',#11828,#11607,#11829,.T.);
#9376=EDGE_CURVE('',#11816,#11828,#11830,.T.);
#9377=EDGE_CURVE('',#11831,#11730,#11832,.T.);
#9378=EDGE_CURVE('',#11833,#11831,#11834,.T.);
#9379=EDGE_CURVE('',#11835,#11833,#11836,.T.);
#9380=EDGE_CURVE('',#11729,#11835,#11837,.T.);
#9381=EDGE_CURVE('',#11838,#11839,#11840,.T.);
#9382=EDGE_CURVE('',#11841,#11838,#11842,.T.);
#9383=EDGE_CURVE('',#11758,#11841,#11843,.T.);
#9384=EDGE_CURVE('',#11839,#11759,#11844,.T.);
#9385=EDGE_CURVE('',#11682,#11845,#11846,.T.);
#9386=EDGE_CURVE('',#11679,#11847,#11848,.T.);
#9387=EDGE_CURVE('',#11845,#11847,#11849,.T.);
#9388=EDGE_CURVE('',#11850,#11851,#11852,.T.);
#9389=EDGE_CURVE('',#11847,#11851,#11853,.T.);
#9390=EDGE_CURVE('',#11680,#11854,#11855,.T.);
#9391=EDGE_CURVE('',#11854,#11856,#11857,.T.);
#9392=EDGE_CURVE('',#11856,#11858,#11859,.T.);
#9393=EDGE_CURVE('',#11858,#11850,#11860,.T.);
#9394=EDGE_CURVE('',#11861,#11845,#11862,.T.);
#9395=EDGE_CURVE('',#11861,#11863,#11864,.T.);
#9396=EDGE_CURVE('',#11863,#11865,#11866,.T.);
#9397=EDGE_CURVE('',#11867,#11865,#11868,.T.);
#9398=EDGE_CURVE('',#11867,#11869,#11870,.T.);
#9399=EDGE_CURVE('',#11869,#11684,#11871,.T.);
#9400=EDGE_CURVE('',#11856,#11867,#11872,.T.);
#9401=EDGE_CURVE('',#11865,#11858,#11873,.T.);
#9402=EDGE_CURVE('',#11579,#11688,#11874,.T.);
#9403=EDGE_CURVE('',#11587,#11580,#11875,.T.);
#9404=EDGE_CURVE('',#11690,#11588,#11876,.T.);
#9405=EDGE_CURVE('',#11839,#11582,#11877,.T.);
#9406=EDGE_CURVE('',#11686,#11838,#11878,.T.);
#9407=EDGE_CURVE('',#11590,#11584,#11879,.T.);
#9408=EDGE_CURVE('',#11835,#11592,#11880,.T.);
#9409=EDGE_CURVE('',#11692,#11833,#11881,.T.);
#9410=EDGE_CURVE('',#11882,#11883,#11884,.T.);
#9411=EDGE_CURVE('',#11883,#11571,#11885,.T.);
#9412=EDGE_CURVE('',#11882,#11572,#11886,.T.);
#9413=EDGE_CURVE('',#11576,#11887,#11888,.T.);
#9414=EDGE_CURVE('',#11574,#11889,#11890,.T.);
#9415=EDGE_CURVE('',#11889,#11891,#11892,.F.);
#9416=EDGE_CURVE('',#11773,#11891,#11893,.T.);
#9417=EDGE_CURVE('',#9563,#11763,#11894,.T.);
#9418=EDGE_CURVE('',#11802,#11778,#11895,.T.);
#9419=EDGE_CURVE('',#11792,#11896,#11897,.T.);
#9420=EDGE_CURVE('',#11896,#11887,#11898,.F.);
#9421=EDGE_CURVE('',#11899,#11781,#11900,.T.);
#9422=EDGE_CURVE('',#11891,#11899,#11901,.T.);
#9423=EDGE_CURVE('',#11889,#11902,#11903,.T.);
#9424=EDGE_CURVE('',#11902,#11899,#11904,.T.);
#9425=EDGE_CURVE('',#11896,#11905,#11906,.T.);
#9426=EDGE_CURVE('',#11786,#11905,#11907,.T.);
#9427=EDGE_CURVE('',#9556,#11797,#11908,.T.);
#9428=EDGE_CURVE('',#11764,#9568,#11909,.T.);
#9429=EDGE_CURVE('',#11296,#11413,#11910,.T.);
#9430=EDGE_CURVE('',#11298,#11414,#11911,.T.);
#9431=EDGE_CURVE('',#10656,#11912,#11913,.F.);
#9432=EDGE_CURVE('',#10661,#11914,#11915,.F.);
#9433=EDGE_CURVE('',#11914,#11916,#11917,.T.);
#9434=EDGE_CURVE('',#11918,#11916,#11919,.T.);
#9435=EDGE_CURVE('',#11918,#10664,#11920,.F.);
#9436=EDGE_CURVE('',#11912,#10665,#11921,.T.);
#9437=EDGE_CURVE('',#11914,#10767,#11922,.F.);
#9438=EDGE_CURVE('',#10768,#10720,#11923,.F.);
#9439=EDGE_CURVE('',#11924,#10738,#11925,.F.);
#9440=EDGE_CURVE('',#11924,#10728,#11926,.F.);
#9441=EDGE_CURVE('',#10832,#11927,#11928,.F.);
#9442=EDGE_CURVE('',#11927,#10829,#11929,.F.);
#9443=EDGE_CURVE('',#11927,#11916,#11930,.T.);
#9444=EDGE_CURVE('',#10762,#10823,#11931,.F.);
#9445=EDGE_CURVE('',#11828,#9575,#11932,.T.);
#9446=EDGE_CURVE('',#9580,#11819,#11933,.T.);
#9447=EDGE_CURVE('',#11851,#10973,#11934,.T.);
#9448=EDGE_CURVE('',#10872,#11861,#11935,.T.);
#9449=EDGE_CURVE('',#10775,#10870,#11936,.F.);
#9450=EDGE_CURVE('',#10975,#10886,#11937,.F.);
#9451=EDGE_CURVE('',#11938,#11618,#11939,.F.);
#9452=EDGE_CURVE('',#11938,#11940,#11941,.T.);
#9453=EDGE_CURVE('',#11940,#11942,#11943,.T.);
#9454=EDGE_CURVE('',#11942,#11944,#11945,.T.);
#9455=EDGE_CURVE('',#11944,#11946,#11947,.T.);
#9456=EDGE_CURVE('',#11946,#11620,#11948,.T.);
#9457=EDGE_CURVE('',#11946,#11949,#11950,.T.);
#9458=EDGE_CURVE('',#11949,#11616,#11951,.T.);
#9459=EDGE_CURVE('',#11952,#11634,#11953,.T.);
#9460=EDGE_CURVE('',#11952,#11954,#11955,.T.);
#9461=EDGE_CURVE('',#11954,#11628,#11956,.T.);
#9462=EDGE_CURVE('',#11626,#11636,#11957,.T.);
#9463=EDGE_CURVE('',#11631,#11958,#11959,.T.);
#9464=EDGE_CURVE('',#11952,#11958,#11960,.T.);
#9465=EDGE_CURVE('',#11623,#11632,#11961,.T.);
#9466=EDGE_CURVE('',#11954,#11962,#11963,.T.);
#9467=EDGE_CURVE('',#11962,#11624,#11964,.T.);
#9468=EDGE_CURVE('',#11965,#11642,#11966,.T.);
#9469=EDGE_CURVE('',#11965,#11967,#11968,.T.);
#9470=EDGE_CURVE('',#11967,#11652,#11969,.T.);
#9471=EDGE_CURVE('',#11650,#11644,#11970,.T.);
#9472=EDGE_CURVE('',#11639,#11971,#11972,.T.);
#9473=EDGE_CURVE('',#11965,#11971,#11973,.T.);
#9474=EDGE_CURVE('',#11647,#11640,#11974,.T.);
#9475=EDGE_CURVE('',#11967,#11975,#11976,.T.);
#9476=EDGE_CURVE('',#11975,#11648,#11977,.T.);
#9477=EDGE_CURVE('',#11978,#11979,#11980,.T.);
#9478=EDGE_CURVE('',#11979,#11981,#11982,.T.);
#9479=EDGE_CURVE('',#11981,#11983,#11984,.T.);
#9480=EDGE_CURVE('',#11983,#11985,#11986,.T.);
#9481=EDGE_CURVE('',#11985,#11660,#11987,.F.);
#9482=EDGE_CURVE('',#11978,#11658,#11988,.T.);
#9483=EDGE_CURVE('',#11655,#11989,#11990,.T.);
#9484=EDGE_CURVE('',#11978,#11989,#11991,.T.);
#9485=EDGE_CURVE('',#11992,#11949,#11993,.T.);
#9486=EDGE_CURVE('',#11992,#11994,#11995,.T.);
#9487=EDGE_CURVE('',#11996,#11994,#11997,.T.);
#9488=EDGE_CURVE('',#11998,#11996,#11999,.T.);
#9489=EDGE_CURVE('',#11998,#11989,#12000,.T.);
#9490=EDGE_CURVE('',#12001,#11656,#12002,.T.);
#9491=EDGE_CURVE('',#12001,#10474,#12003,.T.);
#9492=EDGE_CURVE('',#11612,#10431,#12004,.T.);
#9493=EDGE_CURVE('',#11971,#11610,#12005,.T.);
#9494=EDGE_CURVE('',#11975,#12006,#12007,.T.);
#9495=EDGE_CURVE('',#12006,#11739,#12008,.T.);
#9496=EDGE_CURVE('',#11754,#11737,#12009,.T.);
#9497=EDGE_CURVE('',#12010,#11752,#12011,.T.);
#9498=EDGE_CURVE('',#11869,#12010,#12012,.T.);
#9499=EDGE_CURVE('',#11854,#12013,#12014,.T.);
#9500=EDGE_CURVE('',#11721,#12013,#12015,.T.);
#9501=EDGE_CURVE('',#11710,#11719,#12016,.T.);
#9502=EDGE_CURVE('',#12017,#11708,#12018,.T.);
#9503=EDGE_CURVE('',#11958,#12017,#12019,.T.);
#9504=EDGE_CURVE('',#11962,#11602,#12020,.T.);
#9505=EDGE_CURVE('',#11600,#10524,#12021,.T.);
#9506=EDGE_CURVE('',#12022,#10563,#12023,.T.);
#9507=EDGE_CURVE('',#11615,#12022,#12024,.T.);
#9508=EDGE_CURVE('',#12025,#11996,#12026,.T.);
#9509=EDGE_CURVE('',#12027,#11994,#12028,.T.);
#9510=EDGE_CURVE('',#12025,#12027,#12029,.T.);
#9511=EDGE_CURVE('',#12030,#11998,#12031,.T.);
#9512=EDGE_CURVE('',#12030,#12025,#12032,.T.);
#9513=EDGE_CURVE('',#11979,#11671,#12033,.T.);
#9514=EDGE_CURVE('',#11672,#11981,#12034,.T.);
#9515=EDGE_CURVE('',#10396,#11676,#12035,.T.);
#9516=EDGE_CURVE('',#10394,#11983,#12036,.T.);
#9517=EDGE_CURVE('',#10391,#11985,#12037,.T.);
#9518=EDGE_CURVE('',#10392,#10477,#12038,.T.);
#9519=EDGE_CURVE('',#10478,#12001,#12039,.T.);
#9520=EDGE_CURVE('',#12006,#11825,#12040,.T.);
#9521=EDGE_CURVE('',#11841,#12010,#12041,.T.);
#9522=EDGE_CURVE('',#11831,#12013,#12042,.T.);
#9523=EDGE_CURVE('',#12017,#11822,#12043,.T.);
#9524=EDGE_CURVE('',#10386,#11938,#12044,.T.);
#9525=EDGE_CURVE('',#10558,#12022,#12045,.T.);
#9526=EDGE_CURVE('',#10388,#10559,#12046,.T.);
#9527=EDGE_CURVE('',#10383,#11940,#12047,.T.);
#9528=EDGE_CURVE('',#11664,#10384,#12048,.T.);
#9529=EDGE_CURVE('',#11668,#11942,#12049,.T.);
#9530=EDGE_CURVE('',#11944,#11666,#12050,.T.);
#9531=EDGE_CURVE('',#12051,#11992,#12052,.T.);
#9532=EDGE_CURVE('',#12027,#12051,#12053,.T.);
#9533=EDGE_CURVE('',#11674,#12030,#12054,.T.);
#9534=EDGE_CURVE('',#12051,#11663,#12055,.T.);
#9535=EDGE_CURVE('',#10915,#10800,#12056,.F.);
#9536=EDGE_CURVE('',#11850,#11702,#12057,.F.);
#9537=EDGE_CURVE('',#10791,#10708,#12058,.F.);
#9538=EDGE_CURVE('',#10752,#10790,#12059,.F.);
#9539=EDGE_CURVE('',#11700,#11918,#12060,.F.);
#9540=EDGE_CURVE('',#10669,#11924,#12061,.T.);
#9541=EDGE_CURVE('',#11697,#10667,#12062,.F.);
#9542=EDGE_CURVE('',#10844,#10750,#12063,.F.);
#9543=EDGE_CURVE('',#11887,#12064,#12065,.T.);
#9544=EDGE_CURVE('',#11905,#12064,#12066,.T.);
#9545=EDGE_CURVE('',#11902,#11883,#12067,.T.);
#9546=EDGE_CURVE('',#12064,#11882,#12068,.T.);
#9547=EDGE_CURVE('',#11863,#11695,#12069,.F.);
#9548=EDGE_CURVE('',#11023,#11019,#12070,.F.);
#9549=EDGE_CURVE('',#11022,#11017,#12071,.F.);
#9550=EDGE_CURVE('',#10859,#10755,#12072,.F.);
#9551=EDGE_CURVE('',#10857,#10798,#12073,.F.);
#9552=EDGE_CURVE('',#11912,#10646,#12074,.F.);
#9553=EDGE_CURVE('',#10701,#10742,#12075,.F.);
#9554=EDGE_CURVE('',#10643,#10678,#12076,.T.);
#9555=VERTEX_POINT('',#12077);
#9556=VERTEX_POINT('',#12078);
#9557=LINE('',#12079,#12080);
#9558=VERTEX_POINT('',#12081);
#9559=ELLIPSE('',#12082,0.282842712474792,0.2);
#9560=VERTEX_POINT('',#12083);
#9561=LINE('',#12084,#12085);
#9562=ELLIPSE('',#12086,0.282842712474793,0.2);
#9563=VERTEX_POINT('',#12087);
#9564=LINE('',#12088,#12089);
#9565=VERTEX_POINT('',#12090);
#9566=ELLIPSE('',#12091,0.282842712474792,0.2);
#9567=LINE('',#12092,#12093);
#9568=VERTEX_POINT('',#12094);
#9569=LINE('',#12095,#12096);
#9570=VERTEX_POINT('',#12097);
#9571=ELLIPSE('',#12098,0.282842712474793,0.2);
#9572=LINE('',#12099,#12100);
#9573=VERTEX_POINT('',#12101);
#9574=LINE('',#12102,#12103);
#9575=VERTEX_POINT('',#12104);
#9576=LINE('',#12105,#12106);
#9577=ELLIPSE('',#12107,0.282842712474619,0.2);
#9578=VERTEX_POINT('',#12108);
#9579=LINE('',#12109,#12110);
#9580=VERTEX_POINT('',#12111);
#9581=ELLIPSE('',#12112,0.282842712474619,0.2);
#9582=LINE('',#12113,#12114);
#9583=VERTEX_POINT('',#12115);
#9584=VERTEX_POINT('',#12116);
#9585=LINE('',#12117,#12118);
#9586=VERTEX_POINT('',#12119);
#9587=CIRCLE('',#12120,0.88);
#9588=VERTEX_POINT('',#12121);
#9589=ELLIPSE('',#12122,201.681783841523,0.88);
#9590=VERTEX_POINT('',#12123);
#9591=CIRCLE('',#12124,0.88);
#9592=VERTEX_POINT('',#12125);
#9593=LINE('',#12126,#12127);
#9594=ELLIPSE('',#12128,1.75999999914251,0.88);
#9595=VERTEX_POINT('',#12129);
#9596=VERTEX_POINT('',#12130);
#9597=LINE('',#12131,#12132);
#9598=VERTEX_POINT('',#12133);
#9599=ELLIPSE('',#12134,1.76000000085749,0.88);
#9600=VERTEX_POINT('',#12135);
#9601=LINE('',#12136,#12137);
#9602=VERTEX_POINT('',#12138);
#9603=CIRCLE('',#12139,0.88);
#9604=VERTEX_POINT('',#12140);
#9605=ELLIPSE('',#12141,201.681783841523,0.88);
#9606=CIRCLE('',#12142,0.88);
#9607=VERTEX_POINT('',#12143);
#9608=LINE('',#12144,#12145);
#9609=VERTEX_POINT('',#12146);
#9610=CIRCLE('',#12147,0.639999999999896);
#9611=LINE('',#12148,#12149);
#9612=VERTEX_POINT('',#12150);
#9613=B_SPLINE_CURVE_WITH_KNOTS('',3,(#12151,#12152,#12153,#12154),.UNSPECIFIED.,.F.,.F.,(4,4),(0.0,1.00000000000002),.UNSPECIFIED.);
#9614=VERTEX_POINT('',#12155);
#9615=B_SPLINE_CURVE_WITH_KNOTS('',3,(#12156,#12157,#12158,#12159,#12160,#12161,#12162,#12163,#12164),.UNSPECIFIED.,.F.,.F.,(4,1,1,1,1,1,4),(2.20668127595167E-13,0.000150551153170844,0.000225826729719089,0.000301102306282504,0.00037637788281558,0.000451653459363825,0.000602204612374677),.UNSPECIFIED.);
#9616=VERTEX_POINT('',#12165);
#9617=B_SPLINE_CURVE_WITH_KNOTS('',3,(#12166,#12167,#12168,#12169),.UNSPECIFIED.,.F.,.F.,(4,4),(0.0,1.0),.UNSPECIFIED.);
#9618=VERTEX_POINT('',#12170);
#9619=CIRCLE('',#12171,0.88);
#9620=VERTEX_POINT('',#12172);
#9621=B_SPLINE_CURVE_WITH_KNOTS('',3,(#12173,#12174,#12175,#12176),.UNSPECIFIED.,.F.,.F.,(4,4),(4.29415062194504E-15,0.000522961430313547),.UNSPECIFIED.);
#9622=VERTEX_POINT('',#12177);
#9623=B_SPLINE_CURVE_WITH_KNOTS('',3,(#12178,#12179,#12180,#12181,#12182,#12183,#12184,#12185,#12186),.UNSPECIFIED.,.F.,.F.,(4,1,1,1,1,1,4),(0.00270196656486688,0.00285258730351686,0.00292789767284187,0.00300320804275145,0.00307851841149189,0.00315382878081689,0.00330444952180515),.UNSPECIFIED.);
#9624=VERTEX_POINT('',#12187);
#9625=B_SPLINE_CURVE_WITH_KNOTS('',3,(#12188,#12189,#12190,#12191,#12192,#12193,#12194,#12195,#12196),.UNSPECIFIED.,.F.,.F.,(4,1,1,1,1,1,4),(0.00270196656486688,0.00285258730351686,0.00292789767284187,0.00300320804275145,0.00307851841149189,0.00315382878081689,0.00330444952180515),.UNSPECIFIED.);
#9626=B_SPLINE_CURVE_WITH_KNOTS('',3,(#12197,#12198,#12199,#12200),.UNSPECIFIED.,.F.,.F.,(4,4),(0.0,0.999999999999797),.UNSPECIFIED.);
#9627=VERTEX_POINT('',#12201);
#9628=VERTEX_POINT('',#12202);
#9629=LINE('',#12203,#12204);
#9630=VERTEX_POINT('',#12205);
#9631=CIRCLE('',#12206,0.88);
#9632=VERTEX_POINT('',#12207);
#9633=ELLIPSE('',#12208,201.681783841537,0.88);
#9634=VERTEX_POINT('',#12209);
#9635=CIRCLE('',#12210,0.88);
#9636=VERTEX_POINT('',#12211);
#9637=LINE('',#12212,#12213);
#9638=ELLIPSE('',#12214,1.75999999914251,0.88);
#9639=VERTEX_POINT('',#12215);
#9640=VERTEX_POINT('',#12216);
#9641=LINE('',#12217,#12218);
#9642=VERTEX_POINT('',#12219);
#9643=ELLIPSE('',#12220,1.76000000085749,0.88);
#9644=VERTEX_POINT('',#12221);
#9645=LINE('',#12222,#12223);
#9646=VERTEX_POINT('',#12224);
#9647=CIRCLE('',#12225,0.88);
#9648=VERTEX_POINT('',#12226);
#9649=ELLIPSE('',#12227,201.681783841537,0.88);
#9650=CIRCLE('',#12228,0.88);
#9651=VERTEX_POINT('',#12229);
#9652=LINE('',#12230,#12231);
#9653=VERTEX_POINT('',#12232);
#9654=CIRCLE('',#12233,0.639999999999896);
#9655=LINE('',#12234,#12235);
#9656=VERTEX_POINT('',#12236);
#9657=B_SPLINE_CURVE_WITH_KNOTS('',3,(#12237,#12238,#12239,#12240),.UNSPECIFIED.,.F.,.F.,(4,4),(2.8337710878238E-13,1.0),.UNSPECIFIED.);
#9658=VERTEX_POINT('',#12241);
#9659=B_SPLINE_CURVE_WITH_KNOTS('',3,(#12242,#12243,#12244,#12245,#12246,#12247,#12248,#12249,#12250),.UNSPECIFIED.,.F.,.F.,(4,1,1,1,1,1,4),(2.77570309796772E-13,0.000148799512608414,0.000223199268865566,0.000297599025141106,0.000371998781379871,0.000446398537637023,0.000595198050041418),.UNSPECIFIED.);
#9660=VERTEX_POINT('',#12251);
#9661=B_SPLINE_CURVE_WITH_KNOTS('',3,(#12252,#12253,#12254,#12255),.UNSPECIFIED.,.F.,.F.,(4,4),(0.0,1.0),.UNSPECIFIED.);
#9662=VERTEX_POINT('',#12256);
#9663=CIRCLE('',#12257,0.88);
#9664=VERTEX_POINT('',#12258);
#9665=B_SPLINE_CURVE_WITH_KNOTS('',3,(#12259,#12260,#12261,#12262),.UNSPECIFIED.,.F.,.F.,(4,4),(5.22025413560048E-14,1.0),.UNSPECIFIED.);
#9666=VERTEX_POINT('',#12263);
#9667=B_SPLINE_CURVE_WITH_KNOTS('',3,(#12264,#12265,#12266,#12267,#12268,#12269,#12270,#12271,#12272),.UNSPECIFIED.,.F.,.F.,(4,1,1,1,1,1,4),(2.24716270839825E-14,0.000149912741616646,0.000224869112413758,0.000299825483257094,0.000374781854007983,0.000449738224805096,0.000599650966584161),.UNSPECIFIED.);
#9668=B_SPLINE_CURVE_WITH_KNOTS('',3,(#12273,#12274,#12275,#12276),.UNSPECIFIED.,.F.,.F.,(4,4),(2.80818729130558E-13,1.0),.UNSPECIFIED.);
#9669=VERTEX_POINT('',#12277);
#9670=LINE('',#12278,#12279);
#9671=VERTEX_POINT('',#12280);
#9672=ELLIPSE('',#12281,0.20000380772983,0.2);
#9673=LINE('',#12282,#12283);
#9674=VERTEX_POINT('',#12284);
#9675=VERTEX_POINT('',#12285);
#9676=LINE('',#12286,#12287);
#9677=VERTEX_POINT('',#12288);
#9678=CIRCLE('',#12289,0.2);
#9679=VERTEX_POINT('',#12290);
#9680=LINE('',#12291,#12292);
#9681=CIRCLE('',#12293,0.2);
#9682=VERTEX_POINT('',#12294);
#9683=VERTEX_POINT('',#12295);
#9684=LINE('',#12296,#12297);
#9685=VERTEX_POINT('',#12298);
#9686=CIRCLE('',#12299,0.2);
#9687=VERTEX_POINT('',#12300);
#9688=LINE('',#12301,#12302);
#9689=CIRCLE('',#12303,0.2);
#9690=VERTEX_POINT('',#12304);
#9691=VERTEX_POINT('',#12305);
#9692=LINE('',#12306,#12307);
#9693=VERTEX_POINT('',#12308);
#9694=CIRCLE('',#12309,0.2);
#9695=VERTEX_POINT('',#12310);
#9696=LINE('',#12311,#12312);
#9697=CIRCLE('',#12313,0.2);
#9698=VERTEX_POINT('',#12314);
#9699=CIRCLE('',#12315,0.2);
#9700=CIRCLE('',#12316,0.2);
#9701=VERTEX_POINT('',#12317);
#9702=VERTEX_POINT('',#12318);
#9703=LINE('',#12319,#12320);
#9704=VERTEX_POINT('',#12321);
#9705=LINE('',#12322,#12323);
#9706=VERTEX_POINT('',#12324);
#9707=LINE('',#12325,#12326);
#9708=LINE('',#12327,#12328);
#9709=VERTEX_POINT('',#12329);
#9710=VERTEX_POINT('',#12330);
#9711=LINE('',#12331,#12332);
#9712=VERTEX_POINT('',#12333);
#9713=LINE('',#12334,#12335);
#9714=VERTEX_POINT('',#12336);
#9715=LINE('',#12337,#12338);
#9716=LINE('',#12339,#12340);
#9717=VERTEX_POINT('',#12341);
#9718=LINE('',#12342,#12343);
#9719=VERTEX_POINT('',#12344);
#9720=LINE('',#12345,#12346);
#9721=VERTEX_POINT('',#12347);
#9722=CIRCLE('',#12348,0.15);
#9723=VERTEX_POINT('',#12349);
#9724=LINE('',#12350,#12351);
#9725=VERTEX_POINT('',#12352);
#9726=LINE('',#12353,#12354);
#9727=VERTEX_POINT('',#12355);
#9728=LINE('',#12356,#12357);
#9729=VERTEX_POINT('',#12358);
#9730=LINE('',#12359,#12360);
#9731=VERTEX_POINT('',#12361);
#9732=LINE('',#12362,#12363);
#9733=VERTEX_POINT('',#12364);
#9734=CIRCLE('',#12365,0.15);
#9735=VERTEX_POINT('',#12366);
#9736=LINE('',#12367,#12368);
#9737=LINE('',#12369,#12370);
#9738=VERTEX_POINT('',#12371);
#9739=VERTEX_POINT('',#12372);
#9740=LINE('',#12373,#12374);
#9741=VERTEX_POINT('',#12375);
#9742=LINE('',#12376,#12377);
#9743=VERTEX_POINT('',#12378);
#9744=LINE('',#12379,#12380);
#9745=LINE('',#12381,#12382);
#9746=LINE('',#12383,#12384);
#9747=LINE('',#12385,#12386);
#9748=VERTEX_POINT('',#12387);
#9749=LINE('',#12388,#12389);
#9750=VERTEX_POINT('',#12390);
#9751=LINE('',#12391,#12392);
#9752=LINE('',#12393,#12394);
#9753=VERTEX_POINT('',#12395);
#9754=LINE('',#12396,#12397);
#9755=VERTEX_POINT('',#12398);
#9756=LINE('',#12399,#12400);
#9757=LINE('',#12401,#12402);
#9758=VERTEX_POINT('',#12403);
#9759=LINE('',#12404,#12405);
#9760=VERTEX_POINT('',#12406);
#9761=LINE('',#12407,#12408);
#9762=LINE('',#12409,#12410);
#9763=LINE('',#12411,#12412);
#9764=LINE('',#12413,#12414);
#9765=LINE('',#12415,#12416);
#9766=VERTEX_POINT('',#12417);
#9767=VERTEX_POINT('',#12418);
#9768=ELLIPSE('',#12419,0.0707106781186548,0.05);
#9769=VERTEX_POINT('',#12420);
#9770=LINE('',#12421,#12422);
#9771=VERTEX_POINT('',#12423);
#9772=ELLIPSE('',#12424,0.0707106781186548,0.05);
#9773=VERTEX_POINT('',#12425);
#9774=CIRCLE('',#12426,0.0553250942359685);
#9775=VERTEX_POINT('',#12427);
#9776=LINE('',#12428,#12429);
#9777=CIRCLE('',#12430,0.0553250942709874);
#9778=VERTEX_POINT('',#12431);
#9779=VERTEX_POINT('',#12432);
#9780=ELLIPSE('',#12433,0.0707106781186548,0.05);
#9781=LINE('',#12434,#12435);
#9782=LINE('',#12436,#12437);
#9783=VERTEX_POINT('',#12438);
#9784=VERTEX_POINT('',#12439);
#9785=ELLIPSE('',#12440,0.0707106781186548,0.05);
#9786=LINE('',#12441,#12442);
#9787=LINE('',#12443,#12444);
#9788=LINE('',#12445,#12446);
#9789=VERTEX_POINT('',#12447);
#9790=CIRCLE('',#12448,0.0553250942710015);
#9791=VERTEX_POINT('',#12449);
#9792=LINE('',#12450,#12451);
#9793=CIRCLE('',#12452,0.0553250942712241);
#9794=VERTEX_POINT('',#12453);
#9795=ELLIPSE('',#12454,1.53405225677961,1.5);
#9796=VERTEX_POINT('',#12455);
#9797=ELLIPSE('',#12456,1.53405225677961,1.5);
#9798=VERTEX_POINT('',#12457);
#9799=ELLIPSE('',#12458,11.2497165497171,11.0);
#9800=VERTEX_POINT('',#12459);
#9801=LINE('',#12460,#12461);
#9802=VERTEX_POINT('',#12462);
#9803=LINE('',#12463,#12464);
#9804=VERTEX_POINT('',#12465);
#9805=LINE('',#12466,#12467);
#9806=ELLIPSE('',#12468,11.2497165497171,11.0);
#9807=VERTEX_POINT('',#12469);
#9808=ELLIPSE('',#12470,1.53405225677961,1.5);
#9809=VERTEX_POINT('',#12471);
#9810=ELLIPSE('',#12472,1.53405225677961,1.5);
#9811=VERTEX_POINT('',#12473);
#9812=ELLIPSE('',#12474,11.2497165497171,11.0);
#9813=VERTEX_POINT('',#12475);
#9814=LINE('',#12476,#12477);
#9815=VERTEX_POINT('',#12478);
#9816=LINE('',#12479,#12480);
#9817=VERTEX_POINT('',#12481);
#9818=LINE('',#12482,#12483);
#9819=ELLIPSE('',#12484,11.2497165497171,11.0);
#9820=VERTEX_POINT('',#12485);
#9821=ELLIPSE('',#12486,15.5563491861041,11.0);
#9822=VERTEX_POINT('',#12487);
#9823=LINE('',#12488,#12489);
#9824=ELLIPSE('',#12490,15.5563491861041,11.0);
#9825=LINE('',#12491,#12492);
#9826=LINE('',#12493,#12494);
#9827=ELLIPSE('',#12495,15.556349186104,11.0);
#9828=ELLIPSE('',#12496,15.5563491861041,11.0);
#9829=VERTEX_POINT('',#12497);
#9830=VERTEX_POINT('',#12498);
#9831=LINE('',#12499,#12500);
#9832=VERTEX_POINT('',#12501);
#9833=LINE('',#12502,#12503);
#9834=VERTEX_POINT('',#12504);
#9835=CIRCLE('',#12505,0.15);
#9836=LINE('',#12506,#12507);
#9837=LINE('',#12508,#12509);
#9838=VERTEX_POINT('',#12510);
#9839=LINE('',#12511,#12512);
#9840=VERTEX_POINT('',#12513);
#9841=CIRCLE('',#12514,0.15);
#9842=VERTEX_POINT('',#12515);
#9843=LINE('',#12516,#12517);
#9844=VERTEX_POINT('',#12518);
#9845=LINE('',#12519,#12520);
#9846=LINE('',#12521,#12522);
#9847=LINE('',#12523,#12524);
#9848=LINE('',#12525,#12526);
#9849=LINE('',#12527,#12528);
#9850=LINE('',#12529,#12530);
#9851=VERTEX_POINT('',#12531);
#9852=LINE('',#12532,#12533);
#9853=LINE('',#12534,#12535);
#9854=LINE('',#12536,#12537);
#9855=LINE('',#12538,#12539);
#9856=VERTEX_POINT('',#12540);
#9857=LINE('',#12541,#12542);
#9858=LINE('',#12543,#12544);
#9859=LINE('',#12545,#12546);
#9860=LINE('',#12547,#12548);
#9861=LINE('',#12549,#12550);
#9862=LINE('',#12551,#12552);
#9863=LINE('',#12553,#12554);
#9864=LINE('',#12555,#12556);
#9865=VERTEX_POINT('',#12557);
#9866=VERTEX_POINT('',#12558);
#9867=LINE('',#12559,#12560);
#9868=VERTEX_POINT('',#12561);
#9869=LINE('',#12562,#12563);
#9870=VERTEX_POINT('',#12564);
#9871=LINE('',#12565,#12566);
#9872=LINE('',#12567,#12568);
#9873=VERTEX_POINT('',#12569);
#9874=VERTEX_POINT('',#12570);
#9875=LINE('',#12571,#12572);
#9876=VERTEX_POINT('',#12573);
#9877=LINE('',#12574,#12575);
#9878=VERTEX_POINT('',#12576);
#9879=LINE('',#12577,#12578);
#9880=LINE('',#12579,#12580);
#9881=VERTEX_POINT('',#12581);
#9882=LINE('',#12582,#12583);
#9883=VERTEX_POINT('',#12584);
#9884=LINE('',#12585,#12586);
#9885=VERTEX_POINT('',#12587);
#9886=CIRCLE('',#12588,0.15);
#9887=VERTEX_POINT('',#12589);
#9888=LINE('',#12590,#12591);
#9889=VERTEX_POINT('',#12592);
#9890=LINE('',#12593,#12594);
#9891=VERTEX_POINT('',#12595);
#9892=LINE('',#12596,#12597);
#9893=VERTEX_POINT('',#12598);
#9894=LINE('',#12599,#12600);
#9895=VERTEX_POINT('',#12601);
#9896=LINE('',#12602,#12603);
#9897=VERTEX_POINT('',#12604);
#9898=CIRCLE('',#12605,0.15);
#9899=VERTEX_POINT('',#12606);
#9900=LINE('',#12607,#12608);
#9901=LINE('',#12609,#12610);
#9902=VERTEX_POINT('',#12611);
#9903=VERTEX_POINT('',#12612);
#9904=LINE('',#12613,#12614);
#9905=VERTEX_POINT('',#12615);
#9906=LINE('',#12616,#12617);
#9907=VERTEX_POINT('',#12618);
#9908=LINE('',#12619,#12620);
#9909=LINE('',#12621,#12622);
#9910=LINE('',#12623,#12624);
#9911=LINE('',#12625,#12626);
#9912=VERTEX_POINT('',#12627);
#9913=LINE('',#12628,#12629);
#9914=VERTEX_POINT('',#12630);
#9915=LINE('',#12631,#12632);
#9916=LINE('',#12633,#12634);
#9917=VERTEX_POINT('',#12635);
#9918=LINE('',#12636,#12637);
#9919=VERTEX_POINT('',#12638);
#9920=LINE('',#12639,#12640);
#9921=LINE('',#12641,#12642);
#9922=VERTEX_POINT('',#12643);
#9923=LINE('',#12644,#12645);
#9924=VERTEX_POINT('',#12646);
#9925=LINE('',#12647,#12648);
#9926=LINE('',#12649,#12650);
#9927=LINE('',#12651,#12652);
#9928=LINE('',#12653,#12654);
#9929=LINE('',#12655,#12656);
#9930=VERTEX_POINT('',#12657);
#9931=VERTEX_POINT('',#12658);
#9932=ELLIPSE('',#12659,0.0707106781186548,0.05);
#9933=VERTEX_POINT('',#12660);
#9934=LINE('',#12661,#12662);
#9935=VERTEX_POINT('',#12663);
#9936=ELLIPSE('',#12664,0.0707106781186548,0.05);
#9937=VERTEX_POINT('',#12665);
#9938=CIRCLE('',#12666,0.0553250942359685);
#9939=VERTEX_POINT('',#12667);
#9940=LINE('',#12668,#12669);
#9941=CIRCLE('',#12670,0.0553250942709874);
#9942=VERTEX_POINT('',#12671);
#9943=VERTEX_POINT('',#12672);
#9944=ELLIPSE('',#12673,0.0707106781186548,0.05);
#9945=LINE('',#12674,#12675);
#9946=LINE('',#12676,#12677);
#9947=VERTEX_POINT('',#12678);
#9948=VERTEX_POINT('',#12679);
#9949=ELLIPSE('',#12680,0.0707106781186548,0.05);
#9950=LINE('',#12681,#12682);
#9951=LINE('',#12683,#12684);
#9952=LINE('',#12685,#12686);
#9953=VERTEX_POINT('',#12687);
#9954=CIRCLE('',#12688,0.0553250942710015);
#9955=VERTEX_POINT('',#12689);
#9956=LINE('',#12690,#12691);
#9957=CIRCLE('',#12692,0.0553250942712241);
#9958=VERTEX_POINT('',#12693);
#9959=ELLIPSE('',#12694,1.53405225677961,1.5);
#9960=VERTEX_POINT('',#12695);
#9961=ELLIPSE('',#12696,1.53405225677961,1.5);
#9962=VERTEX_POINT('',#12697);
#9963=ELLIPSE('',#12698,11.2497165497171,11.0);
#9964=VERTEX_POINT('',#12699);
#9965=LINE('',#12700,#12701);
#9966=VERTEX_POINT('',#12702);
#9967=LINE('',#12703,#12704);
#9968=VERTEX_POINT('',#12705);
#9969=LINE('',#12706,#12707);
#9970=ELLIPSE('',#12708,11.2497165497171,11.0);
#9971=VERTEX_POINT('',#12709);
#9972=ELLIPSE('',#12710,1.53405225677961,1.5);
#9973=VERTEX_POINT('',#12711);
#9974=ELLIPSE('',#12712,1.53405225677961,1.5);
#9975=VERTEX_POINT('',#12713);
#9976=ELLIPSE('',#12714,11.2497165497171,11.0);
#9977=VERTEX_POINT('',#12715);
#9978=LINE('',#12716,#12717);
#9979=VERTEX_POINT('',#12718);
#9980=LINE('',#12719,#12720);
#9981=VERTEX_POINT('',#12721);
#9982=LINE('',#12722,#12723);
#9983=ELLIPSE('',#12724,11.2497165497171,11.0);
#9984=VERTEX_POINT('',#12725);
#9985=ELLIPSE('',#12726,15.5563491861041,11.0);
#9986=VERTEX_POINT('',#12727);
#9987=LINE('',#12728,#12729);
#9988=ELLIPSE('',#12730,15.5563491861041,11.0);
#9989=LINE('',#12731,#12732);
#9990=LINE('',#12733,#12734);
#9991=ELLIPSE('',#12735,15.556349186104,11.0);
#9992=ELLIPSE('',#12736,15.5563491861041,11.0);
#9993=VERTEX_POINT('',#12737);
#9994=VERTEX_POINT('',#12738);
#9995=LINE('',#12739,#12740);
#9996=VERTEX_POINT('',#12741);
#9997=LINE('',#12742,#12743);
#9998=VERTEX_POINT('',#12744);
#9999=CIRCLE('',#12745,0.15);
#10000=LINE('',#12746,#12747);
#10001=LINE('',#12748,#12749);
#10002=VERTEX_POINT('',#12750);
#10003=LINE('',#12751,#12752);
#10004=VERTEX_POINT('',#12753);
#10005=CIRCLE('',#12754,0.15);
#10006=VERTEX_POINT('',#12755);
#10007=LINE('',#12756,#12757);
#10008=VERTEX_POINT('',#12758);
#10009=LINE('',#12759,#12760);
#10010=LINE('',#12761,#12762);
#10011=LINE('',#12763,#12764);
#10012=LINE('',#12765,#12766);
#10013=LINE('',#12767,#12768);
#10014=LINE('',#12769,#12770);
#10015=VERTEX_POINT('',#12771);
#10016=LINE('',#12772,#12773);
#10017=LINE('',#12774,#12775);
#10018=LINE('',#12776,#12777);
#10019=LINE('',#12778,#12779);
#10020=VERTEX_POINT('',#12780);
#10021=LINE('',#12781,#12782);
#10022=LINE('',#12783,#12784);
#10023=LINE('',#12785,#12786);
#10024=LINE('',#12787,#12788);
#10025=LINE('',#12789,#12790);
#10026=LINE('',#12791,#12792);
#10027=LINE('',#12793,#12794);
#10028=LINE('',#12795,#12796);
#10029=VERTEX_POINT('',#12797);
#10030=VERTEX_POINT('',#12798);
#10031=LINE('',#12799,#12800);
#10032=VERTEX_POINT('',#12801);
#10033=LINE('',#12802,#12803);
#10034=VERTEX_POINT('',#12804);
#10035=LINE('',#12805,#12806);
#10036=LINE('',#12807,#12808);
#10037=VERTEX_POINT('',#12809);
#10038=VERTEX_POINT('',#12810);
#10039=LINE('',#12811,#12812);
#10040=VERTEX_POINT('',#12813);
#10041=LINE('',#12814,#12815);
#10042=VERTEX_POINT('',#12816);
#10043=LINE('',#12817,#12818);
#10044=LINE('',#12819,#12820);
#10045=VERTEX_POINT('',#12821);
#10046=LINE('',#12822,#12823);
#10047=VERTEX_POINT('',#12824);
#10048=LINE('',#12825,#12826);
#10049=VERTEX_POINT('',#12827);
#10050=CIRCLE('',#12828,0.15);
#10051=VERTEX_POINT('',#12829);
#10052=LINE('',#12830,#12831);
#10053=VERTEX_POINT('',#12832);
#10054=LINE('',#12833,#12834);
#10055=VERTEX_POINT('',#12835);
#10056=LINE('',#12836,#12837);
#10057=VERTEX_POINT('',#12838);
#10058=LINE('',#12839,#12840);
#10059=VERTEX_POINT('',#12841);
#10060=LINE('',#12842,#12843);
#10061=VERTEX_POINT('',#12844);
#10062=CIRCLE('',#12845,0.15);
#10063=VERTEX_POINT('',#12846);
#10064=LINE('',#12847,#12848);
#10065=LINE('',#12849,#12850);
#10066=VERTEX_POINT('',#12851);
#10067=VERTEX_POINT('',#12852);
#10068=LINE('',#12853,#12854);
#10069=VERTEX_POINT('',#12855);
#10070=LINE('',#12856,#12857);
#10071=VERTEX_POINT('',#12858);
#10072=LINE('',#12859,#12860);
#10073=LINE('',#12861,#12862);
#10074=LINE('',#12863,#12864);
#10075=LINE('',#12865,#12866);
#10076=VERTEX_POINT('',#12867);
#10077=LINE('',#12868,#12869);
#10078=VERTEX_POINT('',#12870);
#10079=LINE('',#12871,#12872);
#10080=LINE('',#12873,#12874);
#10081=VERTEX_POINT('',#12875);
#10082=LINE('',#12876,#12877);
#10083=VERTEX_POINT('',#12878);
#10084=LINE('',#12879,#12880);
#10085=LINE('',#12881,#12882);
#10086=VERTEX_POINT('',#12883);
#10087=LINE('',#12884,#12885);
#10088=VERTEX_POINT('',#12886);
#10089=LINE('',#12887,#12888);
#10090=LINE('',#12889,#12890);
#10091=LINE('',#12891,#12892);
#10092=LINE('',#12893,#12894);
#10093=LINE('',#12895,#12896);
#10094=VERTEX_POINT('',#12897);
#10095=VERTEX_POINT('',#12898);
#10096=ELLIPSE('',#12899,0.0707106781186548,0.05);
#10097=VERTEX_POINT('',#12900);
#10098=LINE('',#12901,#12902);
#10099=VERTEX_POINT('',#12903);
#10100=ELLIPSE('',#12904,0.0707106781186548,0.05);
#10101=VERTEX_POINT('',#12905);
#10102=CIRCLE('',#12906,0.0553250942359685);
#10103=VERTEX_POINT('',#12907);
#10104=LINE('',#12908,#12909);
#10105=CIRCLE('',#12910,0.0553250942709874);
#10106=VERTEX_POINT('',#12911);
#10107=VERTEX_POINT('',#12912);
#10108=ELLIPSE('',#12913,0.0707106781186548,0.05);
#10109=LINE('',#12914,#12915);
#10110=LINE('',#12916,#12917);
#10111=VERTEX_POINT('',#12918);
#10112=VERTEX_POINT('',#12919);
#10113=ELLIPSE('',#12920,0.0707106781186548,0.05);
#10114=LINE('',#12921,#12922);
#10115=LINE('',#12923,#12924);
#10116=LINE('',#12925,#12926);
#10117=VERTEX_POINT('',#12927);
#10118=CIRCLE('',#12928,0.0553250942710015);
#10119=VERTEX_POINT('',#12929);
#10120=LINE('',#12930,#12931);
#10121=CIRCLE('',#12932,0.0553250942712241);
#10122=VERTEX_POINT('',#12933);
#10123=ELLIPSE('',#12934,1.53405225677961,1.5);
#10124=VERTEX_POINT('',#12935);
#10125=ELLIPSE('',#12936,1.53405225677961,1.5);
#10126=VERTEX_POINT('',#12937);
#10127=ELLIPSE('',#12938,11.2497165497171,11.0);
#10128=VERTEX_POINT('',#12939);
#10129=LINE('',#12940,#12941);
#10130=VERTEX_POINT('',#12942);
#10131=LINE('',#12943,#12944);
#10132=VERTEX_POINT('',#12945);
#10133=LINE('',#12946,#12947);
#10134=ELLIPSE('',#12948,11.2497165497171,11.0);
#10135=VERTEX_POINT('',#12949);
#10136=ELLIPSE('',#12950,1.53405225677961,1.5);
#10137=VERTEX_POINT('',#12951);
#10138=ELLIPSE('',#12952,1.53405225677961,1.5);
#10139=VERTEX_POINT('',#12953);
#10140=ELLIPSE('',#12954,11.2497165497171,11.0);
#10141=VERTEX_POINT('',#12955);
#10142=LINE('',#12956,#12957);
#10143=VERTEX_POINT('',#12958);
#10144=LINE('',#12959,#12960);
#10145=VERTEX_POINT('',#12961);
#10146=LINE('',#12962,#12963);
#10147=ELLIPSE('',#12964,11.2497165497171,11.0);
#10148=VERTEX_POINT('',#12965);
#10149=ELLIPSE('',#12966,15.5563491861041,11.0);
#10150=VERTEX_POINT('',#12967);
#10151=LINE('',#12968,#12969);
#10152=ELLIPSE('',#12970,15.5563491861041,11.0);
#10153=LINE('',#12971,#12972);
#10154=LINE('',#12973,#12974);
#10155=ELLIPSE('',#12975,15.556349186104,11.0);
#10156=ELLIPSE('',#12976,15.5563491861041,11.0);
#10157=VERTEX_POINT('',#12977);
#10158=VERTEX_POINT('',#12978);
#10159=LINE('',#12979,#12980);
#10160=VERTEX_POINT('',#12981);
#10161=LINE('',#12982,#12983);
#10162=VERTEX_POINT('',#12984);
#10163=CIRCLE('',#12985,0.15);
#10164=LINE('',#12986,#12987);
#10165=LINE('',#12988,#12989);
#10166=VERTEX_POINT('',#12990);
#10167=LINE('',#12991,#12992);
#10168=VERTEX_POINT('',#12993);
#10169=CIRCLE('',#12994,0.15);
#10170=VERTEX_POINT('',#12995);
#10171=LINE('',#12996,#12997);
#10172=VERTEX_POINT('',#12998);
#10173=LINE('',#12999,#13000);
#10174=LINE('',#13001,#13002);
#10175=LINE('',#13003,#13004);
#10176=LINE('',#13005,#13006);
#10177=LINE('',#13007,#13008);
#10178=LINE('',#13009,#13010);
#10179=VERTEX_POINT('',#13011);
#10180=LINE('',#13012,#13013);
#10181=LINE('',#13014,#13015);
#10182=LINE('',#13016,#13017);
#10183=LINE('',#13018,#13019);
#10184=VERTEX_POINT('',#13020);
#10185=LINE('',#13021,#13022);
#10186=LINE('',#13023,#13024);
#10187=LINE('',#13025,#13026);
#10188=LINE('',#13027,#13028);
#10189=LINE('',#13029,#13030);
#10190=LINE('',#13031,#13032);
#10191=LINE('',#13033,#13034);
#10192=LINE('',#13035,#13036);
#10193=VERTEX_POINT('',#13037);
#10194=VERTEX_POINT('',#13038);
#10195=LINE('',#13039,#13040);
#10196=VERTEX_POINT('',#13041);
#10197=LINE('',#13042,#13043);
#10198=VERTEX_POINT('',#13044);
#10199=LINE('',#13045,#13046);
#10200=LINE('',#13047,#13048);
#10201=VERTEX_POINT('',#13049);
#10202=VERTEX_POINT('',#13050);
#10203=LINE('',#13051,#13052);
#10204=VERTEX_POINT('',#13053);
#10205=LINE('',#13054,#13055);
#10206=VERTEX_POINT('',#13056);
#10207=LINE('',#13057,#13058);
#10208=LINE('',#13059,#13060);
#10209=VERTEX_POINT('',#13061);
#10210=LINE('',#13062,#13063);
#10211=VERTEX_POINT('',#13064);
#10212=LINE('',#13065,#13066);
#10213=VERTEX_POINT('',#13067);
#10214=CIRCLE('',#13068,0.15);
#10215=VERTEX_POINT('',#13069);
#10216=LINE('',#13070,#13071);
#10217=VERTEX_POINT('',#13072);
#10218=LINE('',#13073,#13074);
#10219=VERTEX_POINT('',#13075);
#10220=LINE('',#13076,#13077);
#10221=VERTEX_POINT('',#13078);
#10222=LINE('',#13079,#13080);
#10223=VERTEX_POINT('',#13081);
#10224=LINE('',#13082,#13083);
#10225=VERTEX_POINT('',#13084);
#10226=CIRCLE('',#13085,0.15);
#10227=VERTEX_POINT('',#13086);
#10228=LINE('',#13087,#13088);
#10229=LINE('',#13089,#13090);
#10230=VERTEX_POINT('',#13091);
#10231=VERTEX_POINT('',#13092);
#10232=LINE('',#13093,#13094);
#10233=VERTEX_POINT('',#13095);
#10234=LINE('',#13096,#13097);
#10235=VERTEX_POINT('',#13098);
#10236=LINE('',#13099,#13100);
#10237=LINE('',#13101,#13102);
#10238=LINE('',#13103,#13104);
#10239=LINE('',#13105,#13106);
#10240=VERTEX_POINT('',#13107);
#10241=LINE('',#13108,#13109);
#10242=VERTEX_POINT('',#13110);
#10243=LINE('',#13111,#13112);
#10244=LINE('',#13113,#13114);
#10245=VERTEX_POINT('',#13115);
#10246=LINE('',#13116,#13117);
#10247=VERTEX_POINT('',#13118);
#10248=LINE('',#13119,#13120);
#10249=LINE('',#13121,#13122);
#10250=VERTEX_POINT('',#13123);
#10251=LINE('',#13124,#13125);
#10252=VERTEX_POINT('',#13126);
#10253=LINE('',#13127,#13128);
#10254=LINE('',#13129,#13130);
#10255=LINE('',#13131,#13132);
#10256=LINE('',#13133,#13134);
#10257=LINE('',#13135,#13136);
#10258=VERTEX_POINT('',#13137);
#10259=VERTEX_POINT('',#13138);
#10260=ELLIPSE('',#13139,0.0707106781186548,0.05);
#10261=VERTEX_POINT('',#13140);
#10262=LINE('',#13141,#13142);
#10263=VERTEX_POINT('',#13143);
#10264=ELLIPSE('',#13144,0.0707106781186548,0.05);
#10265=VERTEX_POINT('',#13145);
#10266=CIRCLE('',#13146,0.0553250942359685);
#10267=VERTEX_POINT('',#13147);
#10268=LINE('',#13148,#13149);
#10269=CIRCLE('',#13150,0.0553250942709874);
#10270=VERTEX_POINT('',#13151);
#10271=VERTEX_POINT('',#13152);
#10272=ELLIPSE('',#13153,0.0707106781186548,0.05);
#10273=LINE('',#13154,#13155);
#10274=LINE('',#13156,#13157);
#10275=VERTEX_POINT('',#13158);
#10276=VERTEX_POINT('',#13159);
#10277=ELLIPSE('',#13160,0.0707106781186548,0.05);
#10278=LINE('',#13161,#13162);
#10279=LINE('',#13163,#13164);
#10280=LINE('',#13165,#13166);
#10281=VERTEX_POINT('',#13167);
#10282=CIRCLE('',#13168,0.0553250942710015);
#10283=VERTEX_POINT('',#13169);
#10284=LINE('',#13170,#13171);
#10285=CIRCLE('',#13172,0.0553250942712241);
#10286=VERTEX_POINT('',#13173);
#10287=ELLIPSE('',#13174,1.53405225677961,1.5);
#10288=VERTEX_POINT('',#13175);
#10289=ELLIPSE('',#13176,1.53405225677961,1.5);
#10290=VERTEX_POINT('',#13177);
#10291=ELLIPSE('',#13178,11.2497165497171,11.0);
#10292=VERTEX_POINT('',#13179);
#10293=LINE('',#13180,#13181);
#10294=VERTEX_POINT('',#13182);
#10295=LINE('',#13183,#13184);
#10296=VERTEX_POINT('',#13185);
#10297=LINE('',#13186,#13187);
#10298=ELLIPSE('',#13188,11.2497165497171,11.0);
#10299=VERTEX_POINT('',#13189);
#10300=ELLIPSE('',#13190,1.53405225677961,1.5);
#10301=VERTEX_POINT('',#13191);
#10302=ELLIPSE('',#13192,1.53405225677961,1.5);
#10303=VERTEX_POINT('',#13193);
#10304=ELLIPSE('',#13194,11.2497165497171,11.0);
#10305=VERTEX_POINT('',#13195);
#10306=LINE('',#13196,#13197);
#10307=VERTEX_POINT('',#13198);
#10308=LINE('',#13199,#13200);
#10309=VERTEX_POINT('',#13201);
#10310=LINE('',#13202,#13203);
#10311=ELLIPSE('',#13204,11.2497165497171,11.0);
#10312=VERTEX_POINT('',#13205);
#10313=ELLIPSE('',#13206,15.5563491861041,11.0);
#10314=VERTEX_POINT('',#13207);
#10315=LINE('',#13208,#13209);
#10316=ELLIPSE('',#13210,15.5563491861041,11.0);
#10317=LINE('',#13211,#13212);
#10318=LINE('',#13213,#13214);
#10319=ELLIPSE('',#13215,15.556349186104,11.0);
#10320=ELLIPSE('',#13216,15.5563491861041,11.0);
#10321=VERTEX_POINT('',#13217);
#10322=VERTEX_POINT('',#13218);
#10323=LINE('',#13219,#13220);
#10324=VERTEX_POINT('',#13221);
#10325=LINE('',#13222,#13223);
#10326=VERTEX_POINT('',#13224);
#10327=CIRCLE('',#13225,0.15);
#10328=LINE('',#13226,#13227);
#10329=LINE('',#13228,#13229);
#10330=VERTEX_POINT('',#13230);
#10331=LINE('',#13231,#13232);
#10332=VERTEX_POINT('',#13233);
#10333=CIRCLE('',#13234,0.15);
#10334=VERTEX_POINT('',#13235);
#10335=LINE('',#13236,#13237);
#10336=VERTEX_POINT('',#13238);
#10337=LINE('',#13239,#13240);
#10338=LINE('',#13241,#13242);
#10339=LINE('',#13243,#13244);
#10340=LINE('',#13245,#13246);
#10341=LINE('',#13247,#13248);
#10342=LINE('',#13249,#13250);
#10343=VERTEX_POINT('',#13251);
#10344=LINE('',#13252,#13253);
#10345=LINE('',#13254,#13255);
#10346=LINE('',#13256,#13257);
#10347=LINE('',#13258,#13259);
#10348=VERTEX_POINT('',#13260);
#10349=LINE('',#13261,#13262);
#10350=LINE('',#13263,#13264);
#10351=LINE('',#13265,#13266);
#10352=LINE('',#13267,#13268);
#10353=LINE('',#13269,#13270);
#10354=LINE('',#13271,#13272);
#10355=LINE('',#13273,#13274);
#10356=LINE('',#13275,#13276);
#10357=VERTEX_POINT('',#13277);
#10358=VERTEX_POINT('',#13278);
#10359=LINE('',#13279,#13280);
#10360=VERTEX_POINT('',#13281);
#10361=CIRCLE('',#13282,0.2);
#10362=VERTEX_POINT('',#13283);
#10363=LINE('',#13284,#13285);
#10364=CIRCLE('',#13286,0.2);
#10365=VERTEX_POINT('',#13287);
#10366=VERTEX_POINT('',#13288);
#10367=CIRCLE('',#13289,0.2);
#10368=VERTEX_POINT('',#13290);
#10369=LINE('',#13291,#13292);
#10370=VERTEX_POINT('',#13293);
#10371=CIRCLE('',#13294,0.2);
#10372=LINE('',#13295,#13296);
#10373=VERTEX_POINT('',#13297);
#10374=VERTEX_POINT('',#13298);
#10375=CIRCLE('',#13299,0.2);
#10376=VERTEX_POINT('',#13300);
#10377=LINE('',#13301,#13302);
#10378=VERTEX_POINT('',#13303);
#10379=CIRCLE('',#13304,0.2);
#10380=LINE('',#13305,#13306);
#10381=LINE('',#13307,#13308);
#10382=LINE('',#13309,#13310);
#10383=VERTEX_POINT('',#13311);
#10384=VERTEX_POINT('',#13312);
#10385=ELLIPSE('',#13313,0.200001903873977,0.2);
#10386=VERTEX_POINT('',#13314);
#10387=LINE('',#13315,#13316);
#10388=VERTEX_POINT('',#13317);
#10389=ELLIPSE('',#13318,0.200001903873977,0.2);
#10390=LINE('',#13319,#13320);
#10391=VERTEX_POINT('',#13321);
#10392=VERTEX_POINT('',#13322);
#10393=ELLIPSE('',#13323,0.200001903873977,0.2);
#10394=VERTEX_POINT('',#13324);
#10395=LINE('',#13325,#13326);
#10396=VERTEX_POINT('',#13327);
#10397=ELLIPSE('',#13328,0.200001903873977,0.2);
#10398=LINE('',#13329,#13330);
#10399=LINE('',#13331,#13332);
#10400=VERTEX_POINT('',#13333);
#10401=LINE('',#13334,#13335);
#10402=ELLIPSE('',#13336,0.282842712474619,0.2);
#10403=VERTEX_POINT('',#13337);
#10404=VERTEX_POINT('',#13338);
#10405=CIRCLE('',#13339,0.2);
#10406=LINE('',#13340,#13341);
#10407=LINE('',#13342,#13343);
#10408=VERTEX_POINT('',#13344);
#10409=CIRCLE('',#13345,0.2);
#10410=CIRCLE('',#13346,0.2);
#10411=VERTEX_POINT('',#13347);
#10412=LINE('',#13348,#13349);
#10413=VERTEX_POINT('',#13350);
#10414=CIRCLE('',#13351,0.2);
#10415=LINE('',#13352,#13353);
#10416=VERTEX_POINT('',#13354);
#10417=VERTEX_POINT('',#13355);
#10418=CIRCLE('',#13356,0.2);
#10419=ELLIPSE('',#13357,0.400007615459169,0.4);
#10420=B_SPLINE_CURVE_WITH_KNOTS('',3,(#13358,#13359,#13360,#13361),.UNSPECIFIED.,.F.,.F.,(4,4),(2.38542221603278E-12,1.0),.UNSPECIFIED.);
#10421=VERTEX_POINT('',#13362);
#10422=VERTEX_POINT('',#13363);
#10423=CIRCLE('',#13364,0.2);
#10424=LINE('',#13365,#13366);
#10425=LINE('',#13367,#13368);
#10426=VERTEX_POINT('',#13369);
#10427=VERTEX_POINT('',#13370);
#10428=CIRCLE('',#13371,0.2);
#10429=ELLIPSE('',#13372,0.400007615460151,0.4);
#10430=B_SPLINE_CURVE_WITH_KNOTS('',3,(#13373,#13374,#13375,#13376),.UNSPECIFIED.,.F.,.F.,(4,4),(0.0,1.0),.UNSPECIFIED.);
#10431=VERTEX_POINT('',#13377);
#10432=LINE('',#13378,#13379);
#10433=VERTEX_POINT('',#13380);
#10434=ELLIPSE('',#13381,0.20000380772983,0.2);
#10435=LINE('',#13382,#13383);
#10436=VERTEX_POINT('',#13384);
#10437=VERTEX_POINT('',#13385);
#10438=CIRCLE('',#13386,0.2);
#10439=LINE('',#13387,#13388);
#10440=LINE('',#13389,#13390);
#10441=VERTEX_POINT('',#13391);
#10442=CIRCLE('',#13392,0.2);
#10443=CIRCLE('',#13393,0.2);
#10444=VERTEX_POINT('',#13394);
#10445=LINE('',#13395,#13396);
#10446=VERTEX_POINT('',#13397);
#10447=ELLIPSE('',#13398,0.20000380772983,0.2);
#10448=LINE('',#13399,#13400);
#10449=VERTEX_POINT('',#13401);
#10450=VERTEX_POINT('',#13402);
#10451=CIRCLE('',#13403,0.2);
#10452=LINE('',#13404,#13405);
#10453=LINE('',#13406,#13407);
#10454=VERTEX_POINT('',#13408);
#10455=CIRCLE('',#13409,0.2);
#10456=CIRCLE('',#13410,0.2);
#10457=VERTEX_POINT('',#13411);
#10458=LINE('',#13412,#13413);
#10459=VERTEX_POINT('',#13414);
#10460=ELLIPSE('',#13415,0.20000380772983,0.2);
#10461=LINE('',#13416,#13417);
#10462=VERTEX_POINT('',#13418);
#10463=VERTEX_POINT('',#13419);
#10464=CIRCLE('',#13420,0.2);
#10465=LINE('',#13421,#13422);
#10466=LINE('',#13423,#13424);
#10467=VERTEX_POINT('',#13425);
#10468=VERTEX_POINT('',#13426);
#10469=CIRCLE('',#13427,0.2);
#10470=ELLIPSE('',#13428,0.400007615459169,0.4);
#10471=B_SPLINE_CURVE_WITH_KNOTS('',3,(#13429,#13430,#13431,#13432),.UNSPECIFIED.,.F.,.F.,(4,4),(2.39681095057116E-12,1.0),.UNSPECIFIED.);
#10472=VERTEX_POINT('',#13433);
#10473=LINE('',#13434,#13435);
#10474=VERTEX_POINT('',#13436);
#10475=ELLIPSE('',#13437,0.20000380772983,0.2);
#10476=LINE('',#13438,#13439);
#10477=VERTEX_POINT('',#13440);
#10478=VERTEX_POINT('',#13441);
#10479=ELLIPSE('',#13442,0.200001903874222,0.2);
#10480=LINE('',#13443,#13444);
#10481=LINE('',#13445,#13446);
#10482=VERTEX_POINT('',#13447);
#10483=CIRCLE('',#13448,0.2);
#10484=CIRCLE('',#13449,0.2);
#10485=VERTEX_POINT('',#13450);
#10486=VERTEX_POINT('',#13451);
#10487=CIRCLE('',#13452,0.2);
#10488=LINE('',#13453,#13454);
#10489=LINE('',#13455,#13456);
#10490=VERTEX_POINT('',#13457);
#10491=ELLIPSE('',#13458,0.282842712474619,0.2);
#10492=LINE('',#13459,#13460);
#10493=LINE('',#13461,#13462);
#10494=VERTEX_POINT('',#13463);
#10495=CIRCLE('',#13464,0.2);
#10496=CIRCLE('',#13465,0.2);
#10497=VERTEX_POINT('',#13466);
#10498=VERTEX_POINT('',#13467);
#10499=CIRCLE('',#13468,0.2);
#10500=LINE('',#13469,#13470);
#10501=LINE('',#13471,#13472);
#10502=VERTEX_POINT('',#13473);
#10503=VERTEX_POINT('',#13474);
#10504=CIRCLE('',#13475,0.2);
#10505=B_SPLINE_CURVE_WITH_KNOTS('',3,(#13476,#13477,#13478,#13479),.UNSPECIFIED.,.F.,.F.,(4,4),(0.0,1.0),.UNSPECIFIED.);
#10506=ELLIPSE('',#13480,0.400007615459169,0.4);
#10507=VERTEX_POINT('',#13481);
#10508=VERTEX_POINT('',#13482);
#10509=CIRCLE('',#13483,0.2);
#10510=LINE('',#13484,#13485);
#10511=LINE('',#13486,#13487);
#10512=VERTEX_POINT('',#13488);
#10513=VERTEX_POINT('',#13489);
#10514=CIRCLE('',#13490,0.2);
#10515=B_SPLINE_CURVE_WITH_KNOTS('',3,(#13491,#13492,#13493,#13494),.UNSPECIFIED.,.F.,.F.,(4,4),(1.81343753613093E-18,1.0),.UNSPECIFIED.);
#10516=ELLIPSE('',#13495,0.400007615460151,0.4);
#10517=VERTEX_POINT('',#13496);
#10518=VERTEX_POINT('',#13497);
#10519=CIRCLE('',#13498,0.2);
#10520=LINE('',#13499,#13500);
#10521=LINE('',#13501,#13502);
#10522=VERTEX_POINT('',#13503);
#10523=LINE('',#13504,#13505);
#10524=VERTEX_POINT('',#13506);
#10525=ELLIPSE('',#13507,0.20000380772983,0.2);
#10526=LINE('',#13508,#13509);
#10527=VERTEX_POINT('',#13510);
#10528=CIRCLE('',#13511,0.2);
#10529=CIRCLE('',#13512,0.2);
#10530=VERTEX_POINT('',#13513);
#10531=VERTEX_POINT('',#13514);
#10532=CIRCLE('',#13515,0.2);
#10533=LINE('',#13516,#13517);
#10534=LINE('',#13518,#13519);
#10535=VERTEX_POINT('',#13520);
#10536=LINE('',#13521,#13522);
#10537=VERTEX_POINT('',#13523);
#10538=ELLIPSE('',#13524,0.20000380772983,0.2);
#10539=LINE('',#13525,#13526);
#10540=VERTEX_POINT('',#13527);
#10541=CIRCLE('',#13528,0.2);
#10542=CIRCLE('',#13529,0.2);
#10543=VERTEX_POINT('',#13530);
#10544=VERTEX_POINT('',#13531);
#10545=CIRCLE('',#13532,0.2);
#10546=LINE('',#13533,#13534);
#10547=LINE('',#13535,#13536);
#10548=VERTEX_POINT('',#13537);
#10549=LINE('',#13538,#13539);
#10550=VERTEX_POINT('',#13540);
#10551=ELLIPSE('',#13541,0.20000380772983,0.2);
#10552=LINE('',#13542,#13543);
#10553=VERTEX_POINT('',#13544);
#10554=VERTEX_POINT('',#13545);
#10555=CIRCLE('',#13546,0.2);
#10556=B_SPLINE_CURVE_WITH_KNOTS('',3,(#13547,#13548,#13549,#13550),.UNSPECIFIED.,.F.,.F.,(4,4),(7.29317223104408E-19,1.0000000000024),.UNSPECIFIED.);
#10557=ELLIPSE('',#13551,0.400007615459169,0.4);
#10558=VERTEX_POINT('',#13552);
#10559=VERTEX_POINT('',#13553);
#10560=ELLIPSE('',#13554,0.200001903874222,0.2);
#10561=LINE('',#13555,#13556);
#10562=LINE('',#13557,#13558);
#10563=VERTEX_POINT('',#13559);
#10564=LINE('',#13560,#13561);
#10565=VERTEX_POINT('',#13562);
#10566=ELLIPSE('',#13563,0.20000380772983,0.2);
#10567=LINE('',#13564,#13565);
#10568=LINE('',#13566,#13567);
#10569=LINE('',#13568,#13569);
#10570=LINE('',#13570,#13571);
#10571=LINE('',#13572,#13573);
#10572=LINE('',#13574,#13575);
#10573=LINE('',#13576,#13577);
#10574=VERTEX_POINT('',#13578);
#10575=CIRCLE('',#13579,0.2);
#10576=CIRCLE('',#13580,0.2);
#10577=VERTEX_POINT('',#13581);
#10578=VERTEX_POINT('',#13582);
#10579=CIRCLE('',#13583,0.2);
#10580=LINE('',#13584,#13585);
#10581=LINE('',#13586,#13587);
#10582=B_SPLINE_CURVE_WITH_KNOTS('',3,(#13588,#13589,#13590,#13591,#13592),.UNSPECIFIED.,.F.,.F.,(4,1,4),(0.0,0.5,1.0),.UNSPECIFIED.);
#10583=B_SPLINE_CURVE_WITH_KNOTS('',3,(#13593,#13594,#13595,#13596,#13597),.UNSPECIFIED.,.F.,.F.,(4,1,4),(3.1538043578342E-19,0.50000000000078,1.00000000000234),.UNSPECIFIED.);
#10584=VERTEX_POINT('',#13598);
#10585=CIRCLE('',#13599,0.2);
#10586=CIRCLE('',#13600,0.2);
#10587=VERTEX_POINT('',#13601);
#10588=VERTEX_POINT('',#13602);
#10589=CIRCLE('',#13603,0.2);
#10590=LINE('',#13604,#13605);
#10591=LINE('',#13606,#13607);
#10592=B_SPLINE_CURVE_WITH_KNOTS('',3,(#13608,#13609,#13610,#13611,#13612),.UNSPECIFIED.,.F.,.F.,(4,1,4),(0.0,0.5,1.0),.UNSPECIFIED.);
#10593=B_SPLINE_CURVE_WITH_KNOTS('',3,(#13613,#13614,#13615,#13616,#13617),.UNSPECIFIED.,.F.,.F.,(4,1,4),(0.0,0.500000000000006,1.00000000000002),.UNSPECIFIED.);
#10594=VERTEX_POINT('',#13618);
#10595=VERTEX_POINT('',#13619);
#10596=ELLIPSE('',#13620,0.200001903873977,0.2);
#10597=VERTEX_POINT('',#13621);
#10598=LINE('',#13622,#13623);
#10599=VERTEX_POINT('',#13624);
#10600=ELLIPSE('',#13625,0.200000475965663,0.2);
#10601=LINE('',#13626,#13627);
#10602=VERTEX_POINT('',#13628);
#10603=LINE('',#13629,#13630);
#10604=VERTEX_POINT('',#13631);
#10605=CIRCLE('',#13632,0.2);
#10606=LINE('',#13633,#13634);
#10607=VERTEX_POINT('',#13635);
#10608=VERTEX_POINT('',#13636);
#10609=ELLIPSE('',#13637,0.20000095192113,0.2);
#10610=VERTEX_POINT('',#13638);
#10611=LINE('',#13639,#13640);
#10612=VERTEX_POINT('',#13641);
#10613=CIRCLE('',#13642,0.2);
#10614=LINE('',#13643,#13644);
#10615=LINE('',#13645,#13646);
#10616=LINE('',#13647,#13648);
#10617=VERTEX_POINT('',#13649);
#10618=VERTEX_POINT('',#13650);
#10619=B_SPLINE_CURVE_WITH_KNOTS('',3,(#13651,#13652,#13653,#13654,#13655,#13656,#13657,#13658,#13659),.UNSPECIFIED.,.F.,.F.,(4,1,1,1,1,1,4),(3.14099771936634E-14,0.000149314345953017,0.000223971518913851,0.000298628691861623,0.00037328586483552,0.000447943037796354,0.000597257383665712),.UNSPECIFIED.);
#10620=VERTEX_POINT('',#13660);
#10621=LINE('',#13661,#13662);
#10622=VERTEX_POINT('',#13663);
#10623=ELLIPSE('',#13664,0.20000095192113,0.2);
#10624=LINE('',#13665,#13666);
#10625=VERTEX_POINT('',#13667);
#10626=LINE('',#13668,#13669);
#10627=VERTEX_POINT('',#13670);
#10628=CIRCLE('',#13671,0.2);
#10629=LINE('',#13672,#13673);
#10630=VERTEX_POINT('',#13674);
#10631=VERTEX_POINT('',#13675);
#10632=ELLIPSE('',#13676,0.200000475965663,0.2);
#10633=VERTEX_POINT('',#13677);
#10634=LINE('',#13678,#13679);
#10635=VERTEX_POINT('',#13680);
#10636=CIRCLE('',#13681,0.2);
#10637=LINE('',#13682,#13683);
#10638=VERTEX_POINT('',#13684);
#10639=VERTEX_POINT('',#13685);
#10640=ELLIPSE('',#13686,0.200001903873977,0.2);
#10641=LINE('',#13687,#13688);
#10642=LINE('',#13689,#13690);
#10643=VERTEX_POINT('',#13691);
#10644=VERTEX_POINT('',#13692);
#10645=ELLIPSE('',#13693,0.200001903873977,0.2);
#10646=VERTEX_POINT('',#13694);
#10647=LINE('',#13695,#13696);
#10648=VERTEX_POINT('',#13697);
#10649=ELLIPSE('',#13698,0.200001903873977,0.2);
#10650=LINE('',#13699,#13700);
#10651=VERTEX_POINT('',#13701);
#10652=VERTEX_POINT('',#13702);
#10653=CIRCLE('',#13703,0.2);
#10654=VERTEX_POINT('',#13704);
#10655=LINE('',#13705,#13706);
#10656=VERTEX_POINT('',#13707);
#10657=ELLIPSE('',#13708,0.282842712474619,0.2);
#10658=LINE('',#13709,#13710);
#10659=VERTEX_POINT('',#13711);
#10660=LINE('',#13712,#13713);
#10661=VERTEX_POINT('',#13714);
#10662=ELLIPSE('',#13715,0.282842712474619,0.2);
#10663=LINE('',#13716,#13717);
#10664=VERTEX_POINT('',#13718);
#10665=VERTEX_POINT('',#13719);
#10666=LINE('',#13720,#13721);
#10667=VERTEX_POINT('',#13722);
#10668=ELLIPSE('',#13723,0.20000380772983,0.2);
#10669=VERTEX_POINT('',#13724);
#10670=LINE('',#13725,#13726);
#10671=ELLIPSE('',#13727,0.20000380772983,0.2);
#10672=VERTEX_POINT('',#13728);
#10673=VERTEX_POINT('',#13729);
#10674=CIRCLE('',#13730,0.2);
#10675=ELLIPSE('',#13731,0.400003807747953,0.4);
#10676=B_SPLINE_CURVE_WITH_KNOTS('',3,(#13732,#13733,#13734,#13735),.UNSPECIFIED.,.F.,.F.,(4,4),(4.32629196163811E-16,1.0000000000023),.UNSPECIFIED.);
#10677=VERTEX_POINT('',#13736);
#10678=VERTEX_POINT('',#13737);
#10679=ELLIPSE('',#13738,0.200001903873977,0.2);
#10680=LINE('',#13739,#13740);
#10681=LINE('',#13741,#13742);
#10682=VERTEX_POINT('',#13743);
#10683=LINE('',#13744,#13745);
#10684=VERTEX_POINT('',#13746);
#10685=ELLIPSE('',#13747,0.282227659377791,0.2);
#10686=VERTEX_POINT('',#13748);
#10687=ELLIPSE('',#13749,0.282842712474619,0.2);
#10688=LINE('',#13750,#13751);
#10689=VERTEX_POINT('',#13752);
#10690=VERTEX_POINT('',#13753);
#10691=CIRCLE('',#13754,0.2);
#10692=LINE('',#13755,#13756);
#10693=LINE('',#13757,#13758);
#10694=VERTEX_POINT('',#13759);
#10695=VERTEX_POINT('',#13760);
#10696=CIRCLE('',#13761,0.2);
#10697=B_SPLINE_CURVE_WITH_KNOTS('',3,(#13762,#13763,#13764,#13765),.UNSPECIFIED.,.F.,.F.,(4,4),(2.29852489429812E-12,1.0),.UNSPECIFIED.);
#10698=ELLIPSE('',#13766,0.400003807747953,0.4);
#10699=VERTEX_POINT('',#13767);
#10700=LINE('',#13768,#13769);
#10701=VERTEX_POINT('',#13770);
#10702=ELLIPSE('',#13771,0.200001903873977,0.2);
#10703=VERTEX_POINT('',#13772);
#10704=LINE('',#13773,#13774);
#10705=ELLIPSE('',#13775,0.282842712474619,0.2);
#10706=VERTEX_POINT('',#13776);
#10707=LINE('',#13777,#13778);
#10708=VERTEX_POINT('',#13779);
#10709=ELLIPSE('',#13780,0.282227665173939,0.2);
#10710=LINE('',#13781,#13782);
#10711=VERTEX_POINT('',#13783);
#10712=LINE('',#13784,#13785);
#10713=VERTEX_POINT('',#13786);
#10714=ELLIPSE('',#13787,0.282842712474619,0.2);
#10715=VERTEX_POINT('',#13788);
#10716=ELLIPSE('',#13789,0.282227659377791,0.2);
#10717=LINE('',#13790,#13791);
#10718=VERTEX_POINT('',#13792);
#10719=LINE('',#13793,#13794);
#10720=VERTEX_POINT('',#13795);
#10721=ELLIPSE('',#13796,0.200001903873977,0.2);
#10722=LINE('',#13797,#13798);
#10723=VERTEX_POINT('',#13799);
#10724=VERTEX_POINT('',#13800);
#10725=CIRCLE('',#13801,0.2);
#10726=VERTEX_POINT('',#13802);
#10727=LINE('',#13803,#13804);
#10728=VERTEX_POINT('',#13805);
#10729=ELLIPSE('',#13806,0.282842712474619,0.2);
#10730=LINE('',#13807,#13808);
#10731=VERTEX_POINT('',#13809);
#10732=LINE('',#13810,#13811);
#10733=VERTEX_POINT('',#13812);
#10734=ELLIPSE('',#13813,0.282842712474619,0.2);
#10735=VERTEX_POINT('',#13814);
#10736=ELLIPSE('',#13815,0.282227659377791,0.2);
#10737=LINE('',#13816,#13817);
#10738=VERTEX_POINT('',#13818);
#10739=LINE('',#13819,#13820);
#10740=VERTEX_POINT('',#13821);
#10741=ELLIPSE('',#13822,0.282842712474619,0.2);
#10742=VERTEX_POINT('',#13823);
#10743=LINE('',#13824,#13825);
#10744=ELLIPSE('',#13826,0.200001903873977,0.2);
#10745=VERTEX_POINT('',#13827);
#10746=VERTEX_POINT('',#13828);
#10747=CIRCLE('',#13829,0.2);
#10748=ELLIPSE('',#13830,0.400007615460151,0.4);
#10749=B_SPLINE_CURVE_WITH_KNOTS('',3,(#13831,#13832,#13833,#13834),.UNSPECIFIED.,.F.,.F.,(4,4),(2.66356907055384E-15,0.999999999999903),.UNSPECIFIED.);
#10750=VERTEX_POINT('',#13835);
#10751=LINE('',#13836,#13837);
#10752=VERTEX_POINT('',#13838);
#10753=ELLIPSE('',#13839,0.20000380772983,0.2);
#10754=LINE('',#13840,#13841);
#10755=VERTEX_POINT('',#13842);
#10756=LINE('',#13843,#13844);
#10757=VERTEX_POINT('',#13845);
#10758=ELLIPSE('',#13846,0.282227665173939,0.2);
#10759=VERTEX_POINT('',#13847);
#10760=LINE('',#13848,#13849);
#10761=ELLIPSE('',#13850,0.282842712474619,0.2);
#10762=VERTEX_POINT('',#13851);
#10763=LINE('',#13852,#13853);
#10764=VERTEX_POINT('',#13854);
#10765=ELLIPSE('',#13855,0.200001903873977,0.2);
#10766=LINE('',#13856,#13857);
#10767=VERTEX_POINT('',#13858);
#10768=VERTEX_POINT('',#13859);
#10769=LINE('',#13860,#13861);
#10770=VERTEX_POINT('',#13862);
#10771=ELLIPSE('',#13863,0.200001903873977,0.2);
#10772=VERTEX_POINT('',#13864);
#10773=LINE('',#13865,#13866);
#10774=ELLIPSE('',#13867,0.200001903873977,0.2);
#10775=VERTEX_POINT('',#13868);
#10776=LINE('',#13869,#13870);
#10777=VERTEX_POINT('',#13871);
#10778=ELLIPSE('',#13872,0.282842712474619,0.2);
#10779=LINE('',#13873,#13874);
#10780=VERTEX_POINT('',#13875);
#10781=VERTEX_POINT('',#13876);
#10782=CIRCLE('',#13877,0.2);
#10783=LINE('',#13878,#13879);
#10784=LINE('',#13880,#13881);
#10785=VERTEX_POINT('',#13882);
#10786=VERTEX_POINT('',#13883);
#10787=CIRCLE('',#13884,0.2);
#10788=B_SPLINE_CURVE_WITH_KNOTS('',3,(#13885,#13886,#13887,#13888,#13889),.UNSPECIFIED.,.F.,.F.,(4,1,4),(2.33891353283479E-12,0.50000000000078,1.0),.UNSPECIFIED.);
#10789=B_SPLINE_CURVE_WITH_KNOTS('',3,(#13890,#13891,#13892,#13893,#13894),.UNSPECIFIED.,.F.,.F.,(4,1,4),(1.96481147417806E-14,0.500000000000007,1.0),.UNSPECIFIED.);
#10790=VERTEX_POINT('',#13895);
#10791=VERTEX_POINT('',#13896);
#10792=LINE('',#13897,#13898);
#10793=VERTEX_POINT('',#13899);
#10794=ELLIPSE('',#13900,0.20000380772983,0.2);
#10795=VERTEX_POINT('',#13901);
#10796=LINE('',#13902,#13903);
#10797=ELLIPSE('',#13904,0.20000380772983,0.2);
#10798=VERTEX_POINT('',#13905);
#10799=LINE('',#13906,#13907);
#10800=VERTEX_POINT('',#13908);
#10801=ELLIPSE('',#13909,0.20000380772983,0.2);
#10802=LINE('',#13910,#13911);
#10803=VERTEX_POINT('',#13912);
#10804=VERTEX_POINT('',#13913);
#10805=LINE('',#13914,#13915);
#10806=VERTEX_POINT('',#13916);
#10807=CIRCLE('',#13917,0.2);
#10808=VERTEX_POINT('',#13918);
#10809=LINE('',#13919,#13920);
#10810=CIRCLE('',#13921,0.2);
#10811=VERTEX_POINT('',#13922);
#10812=LINE('',#13923,#13924);
#10813=VERTEX_POINT('',#13925);
#10814=ELLIPSE('',#13926,0.282227659417312,0.2);
#10815=VERTEX_POINT('',#13927);
#10816=ELLIPSE('',#13928,0.282842712474619,0.2);
#10817=LINE('',#13929,#13930);
#10818=LINE('',#13931,#13932);
#10819=VERTEX_POINT('',#13933);
#10820=ELLIPSE('',#13934,0.282842712474619,0.2);
#10821=LINE('',#13935,#13936);
#10822=VERTEX_POINT('',#13937);
#10823=VERTEX_POINT('',#13938);
#10824=LINE('',#13939,#13940);
#10825=VERTEX_POINT('',#13941);
#10826=ELLIPSE('',#13942,0.282842712474619,0.2);
#10827=VERTEX_POINT('',#13943);
#10828=ELLIPSE('',#13944,0.282227659377791,0.2);
#10829=VERTEX_POINT('',#13945);
#10830=LINE('',#13946,#13947);
#10831=ELLIPSE('',#13948,0.200001903873977,0.2);
#10832=VERTEX_POINT('',#13949);
#10833=LINE('',#13950,#13951);
#10834=VERTEX_POINT('',#13952);
#10835=ELLIPSE('',#13953,0.282842712474619,0.2);
#10836=VERTEX_POINT('',#13954);
#10837=LINE('',#13955,#13956);
#10838=ELLIPSE('',#13957,0.282842712474619,0.2);
#10839=VERTEX_POINT('',#13958);
#10840=VERTEX_POINT('',#13959);
#10841=CIRCLE('',#13960,0.2);
#10842=LINE('',#13961,#13962);
#10843=LINE('',#13963,#13964);
#10844=VERTEX_POINT('',#13965);
#10845=VERTEX_POINT('',#13966);
#10846=LINE('',#13967,#13968);
#10847=VERTEX_POINT('',#13969);
#10848=ELLIPSE('',#13970,0.28222766525298,0.2);
#10849=VERTEX_POINT('',#13971);
#10850=ELLIPSE('',#13972,0.282227665213459,0.2);
#10851=VERTEX_POINT('',#13973);
#10852=LINE('',#13974,#13975);
#10853=ELLIPSE('',#13976,0.20000380772983,0.2);
#10854=VERTEX_POINT('',#13977);
#10855=VERTEX_POINT('',#13978);
#10856=LINE('',#13979,#13980);
#10857=VERTEX_POINT('',#13981);
#10858=ELLIPSE('',#13982,0.20000380772983,0.2);
#10859=VERTEX_POINT('',#13983);
#10860=LINE('',#13984,#13985);
#10861=ELLIPSE('',#13986,0.20000380772983,0.2);
#10862=VERTEX_POINT('',#13987);
#10863=VERTEX_POINT('',#13988);
#10864=CIRCLE('',#13989,0.2);
#10865=B_SPLINE_CURVE_WITH_KNOTS('',3,(#13990,#13991,#13992,#13993),.UNSPECIFIED.,.F.,.F.,(4,4),(9.75027443796543E-14,0.999999999999997),.UNSPECIFIED.);
#10866=ELLIPSE('',#13994,0.400007615460151,0.4);
#10867=VERTEX_POINT('',#13995);
#10868=VERTEX_POINT('',#13996);
#10869=B_SPLINE_CURVE_WITH_KNOTS('',3,(#13997,#13998,#13999,#14000),.UNSPECIFIED.,.F.,.F.,(4,4),(8.822420102535E-25,1.00000000000002),.UNSPECIFIED.);
#10870=VERTEX_POINT('',#14001);
#10871=LINE('',#14002,#14003);
#10872=VERTEX_POINT('',#14004);
#10873=ELLIPSE('',#14005,0.200001903874222,0.2);
#10874=LINE('',#14006,#14007);
#10875=VERTEX_POINT('',#14008);
#10876=CIRCLE('',#14009,0.2);
#10877=LINE('',#14010,#14011);
#10878=LINE('',#14012,#14013);
#10879=VERTEX_POINT('',#14014);
#10880=VERTEX_POINT('',#14015);
#10881=CIRCLE('',#14016,0.2);
#10882=LINE('',#14017,#14018);
#10883=LINE('',#14019,#14020);
#10884=VERTEX_POINT('',#14021);
#10885=LINE('',#14022,#14023);
#10886=VERTEX_POINT('',#14024);
#10887=ELLIPSE('',#14025,0.282842712474619,0.2);
#10888=LINE('',#14026,#14027);
#10889=VERTEX_POINT('',#14028);
#10890=CIRCLE('',#14029,0.2);
#10891=ELLIPSE('',#14030,0.400003807747462,0.4);
#10892=VERTEX_POINT('',#14031);
#10893=VERTEX_POINT('',#14032);
#10894=ELLIPSE('',#14033,0.282227665173939,0.2);
#10895=VERTEX_POINT('',#14034);
#10896=LINE('',#14035,#14036);
#10897=ELLIPSE('',#14037,0.282842712474619,0.2);
#10898=LINE('',#14038,#14039);
#10899=VERTEX_POINT('',#14040);
#10900=VERTEX_POINT('',#14041);
#10901=B_SPLINE_CURVE_WITH_KNOTS('',3,(#14042,#14043,#14044,#14045),.UNSPECIFIED.,.F.,.F.,(4,4),(1.45173689561387E-14,0.000325795247622432),.UNSPECIFIED.);
#10902=LINE('',#14046,#14047);
#10903=LINE('',#14048,#14049);
#10904=VERTEX_POINT('',#14050);
#10905=VERTEX_POINT('',#14051);
#10906=B_SPLINE_CURVE_WITH_KNOTS('',3,(#14052,#14053,#14054,#14055,#14056,#14057,#14058,#14059,#14060),.UNSPECIFIED.,.F.,.F.,(4,1,1,1,1,1,4),(2.76457180894211E-13,0.000148799510823608,0.000223199266188546,0.000297599021627595,0.000371998776918421,0.000446398532283359,0.000595198043126956),.UNSPECIFIED.);
#10907=VERTEX_POINT('',#14061);
#10908=LINE('',#14062,#14063);
#10909=VERTEX_POINT('',#14064);
#10910=ELLIPSE('',#14065,0.20000380772983,0.2);
#10911=LINE('',#14066,#14067);
#10912=VERTEX_POINT('',#14068);
#10913=VERTEX_POINT('',#14069);
#10914=ELLIPSE('',#14070,0.28222766525298,0.2);
#10915=VERTEX_POINT('',#14071);
#10916=LINE('',#14072,#14073);
#10917=VERTEX_POINT('',#14074);
#10918=ELLIPSE('',#14075,0.20000380772983,0.2);
#10919=LINE('',#14076,#14077);
#10920=VERTEX_POINT('',#14078);
#10921=VERTEX_POINT('',#14079);
#10922=CIRCLE('',#14080,0.2);
#10923=B_SPLINE_CURVE_WITH_KNOTS('',3,(#14081,#14082,#14083,#14084,#14085),.UNSPECIFIED.,.F.,.F.,(4,1,4),(0.0,0.5,1.0),.UNSPECIFIED.);
#10924=B_SPLINE_CURVE_WITH_KNOTS('',3,(#14086,#14087,#14088,#14089,#14090),.UNSPECIFIED.,.F.,.F.,(4,1,4),(2.56453399415466E-16,0.5,1.0),.UNSPECIFIED.);
#10925=VERTEX_POINT('',#14091);
#10926=LINE('',#14092,#14093);
#10927=VERTEX_POINT('',#14094);
#10928=LINE('',#14095,#14096);
#10929=ELLIPSE('',#14097,0.200000475956662,0.2);
#10930=VERTEX_POINT('',#14098);
#10931=VERTEX_POINT('',#14099);
#10932=ELLIPSE('',#14100,0.282227665173939,0.2);
#10933=LINE('',#14101,#14102);
#10934=LINE('',#14103,#14104);
#10935=VERTEX_POINT('',#14105);
#10936=LINE('',#14106,#14107);
#10937=VERTEX_POINT('',#14108);
#10938=ELLIPSE('',#14109,0.282842712474619,0.2);
#10939=VERTEX_POINT('',#14110);
#10940=ELLIPSE('',#14111,0.282842712474619,0.2);
#10941=LINE('',#14112,#14113);
#10942=LINE('',#14114,#14115);
#10943=VERTEX_POINT('',#14116);
#10944=ELLIPSE('',#14117,0.282227659417312,0.2);
#10945=LINE('',#14118,#14119);
#10946=VERTEX_POINT('',#14120);
#10947=LINE('',#14121,#14122);
#10948=VERTEX_POINT('',#14123);
#10949=ELLIPSE('',#14124,0.200001903873977,0.2);
#10950=LINE('',#14125,#14126);
#10951=VERTEX_POINT('',#14127);
#10952=LINE('',#14128,#14129);
#10953=VERTEX_POINT('',#14130);
#10954=ELLIPSE('',#14131,0.20000380772983,0.2);
#10955=LINE('',#14132,#14133);
#10956=VERTEX_POINT('',#14134);
#10957=VERTEX_POINT('',#14135);
#10958=ELLIPSE('',#14136,0.200000475956662,0.2);
#10959=LINE('',#14137,#14138);
#10960=LINE('',#14139,#14140);
#10961=VERTEX_POINT('',#14141);
#10962=LINE('',#14142,#14143);
#10963=VERTEX_POINT('',#14144);
#10964=ELLIPSE('',#14145,0.200001903873977,0.2);
#10965=LINE('',#14146,#14147);
#10966=VERTEX_POINT('',#14148);
#10967=VERTEX_POINT('',#14149);
#10968=CIRCLE('',#14150,0.2);
#10969=LINE('',#14151,#14152);
#10970=LINE('',#14153,#14154);
#10971=VERTEX_POINT('',#14155);
#10972=B_SPLINE_CURVE_WITH_KNOTS('',3,(#14156,#14157,#14158,#14159),.UNSPECIFIED.,.F.,.F.,(4,4),(1.91531398381473E-14,1.0000000000006),.UNSPECIFIED.);
#10973=VERTEX_POINT('',#14160);
#10974=LINE('',#14161,#14162);
#10975=VERTEX_POINT('',#14163);
#10976=ELLIPSE('',#14164,0.200001903874222,0.2);
#10977=LINE('',#14165,#14166);
#10978=VERTEX_POINT('',#14167);
#10979=ELLIPSE('',#14168,0.400003807747462,0.4);
#10980=CIRCLE('',#14169,0.2);
#10981=VERTEX_POINT('',#14170);
#10982=LINE('',#14171,#14172);
#10983=VERTEX_POINT('',#14173);
#10984=LINE('',#14174,#14175);
#10985=ELLIPSE('',#14176,0.20000380772983,0.2);
#10986=VERTEX_POINT('',#14177);
#10987=VERTEX_POINT('',#14178);
#10988=ELLIPSE('',#14179,0.20000095192113,0.2);
#10989=VERTEX_POINT('',#14180);
#10990=LINE('',#14181,#14182);
#10991=VERTEX_POINT('',#14183);
#10992=CIRCLE('',#14184,0.2);
#10993=LINE('',#14185,#14186);
#10994=VERTEX_POINT('',#14187);
#10995=LINE('',#14188,#14189);
#10996=VERTEX_POINT('',#14190);
#10997=LINE('',#14191,#14192);
#10998=ELLIPSE('',#14193,0.20000380772983,0.2);
#10999=VERTEX_POINT('',#14194);
#11000=VERTEX_POINT('',#14195);
#11001=B_SPLINE_CURVE_WITH_KNOTS('',3,(#14196,#14197,#14198,#14199,#14200,#14201,#14202,#14203,#14204),.UNSPECIFIED.,.F.,.F.,(4,1,1,1,1,1,4),(2.53570038407539E-14,0.000149912743936337,0.000224869115893123,0.000299825487828888,0.000374781859806694,0.000449738231763479,0.000599650975590378),.UNSPECIFIED.);
#11002=LINE('',#14205,#14206);
#11003=LINE('',#14207,#14208);
#11004=VERTEX_POINT('',#14209);
#11005=VERTEX_POINT('',#14210);
#11006=ELLIPSE('',#14211,0.20000095192113,0.2);
#11007=VERTEX_POINT('',#14212);
#11008=LINE('',#14213,#14214);
#11009=VERTEX_POINT('',#14215);
#11010=CIRCLE('',#14216,0.2);
#11011=LINE('',#14217,#14218);
#11012=LINE('',#14219,#14220);
#11013=LINE('',#14221,#14222);
#11014=VERTEX_POINT('',#14223);
#11015=VERTEX_POINT('',#14224);
#11016=LINE('',#14225,#14226);
#11017=VERTEX_POINT('',#14227);
#11018=ELLIPSE('',#14228,0.20000380772983,0.2);
#11019=VERTEX_POINT('',#14229);
#11020=LINE('',#14230,#14231);
#11021=ELLIPSE('',#14232,0.20000380772983,0.2);
#11022=VERTEX_POINT('',#14233);
#11023=VERTEX_POINT('',#14234);
#11024=LINE('',#14235,#14236);
#11025=VERTEX_POINT('',#14237);
#11026=ELLIPSE('',#14238,0.20000380772983,0.2);
#11027=VERTEX_POINT('',#14239);
#11028=LINE('',#14240,#14241);
#11029=ELLIPSE('',#14242,0.20000380772983,0.2);
#11030=VERTEX_POINT('',#14243);
#11031=VERTEX_POINT('',#14244);
#11032=B_SPLINE_CURVE_WITH_KNOTS('',3,(#14245,#14246,#14247,#14248,#14249,#14250,#14251,#14252,#14253),.UNSPECIFIED.,.F.,.F.,(4,1,1,1,1,1,4),(1.31921882051406E-13,0.00015053301766446,0.000225799526474366,0.00030106603530607,0.000376332544094176,0.000451599052904081,0.000602132070523817),.UNSPECIFIED.);
#11033=VERTEX_POINT('',#14254);
#11034=LINE('',#14255,#14256);
#11035=VERTEX_POINT('',#14257);
#11036=ELLIPSE('',#14258,0.20000380772983,0.2);
#11037=LINE('',#14259,#14260);
#11038=VERTEX_POINT('',#14261);
#11039=VERTEX_POINT('',#14262);
#11040=LINE('',#14263,#14264);
#11041=VERTEX_POINT('',#14265);
#11042=ELLIPSE('',#14266,0.283461798383886,0.2);
#11043=VERTEX_POINT('',#14267);
#11044=ELLIPSE('',#14268,0.28222766525298,0.2);
#11045=VERTEX_POINT('',#14269);
#11046=LINE('',#14270,#14271);
#11047=ELLIPSE('',#14272,0.20000380772983,0.2);
#11048=VERTEX_POINT('',#14273);
#11049=VERTEX_POINT('',#14274);
#11050=LINE('',#14275,#14276);
#11051=VERTEX_POINT('',#14277);
#11052=ELLIPSE('',#14278,0.28222766525298,0.2);
#11053=VERTEX_POINT('',#14279);
#11054=ELLIPSE('',#14280,0.283461798383886,0.2);
#11055=VERTEX_POINT('',#14281);
#11056=LINE('',#14282,#14283);
#11057=ELLIPSE('',#14284,0.20000380772983,0.2);
#11058=VERTEX_POINT('',#14285);
#11059=VERTEX_POINT('',#14286);
#11060=CIRCLE('',#14287,0.2);
#11061=VERTEX_POINT('',#14288);
#11062=LINE('',#14289,#14290);
#11063=ELLIPSE('',#14291,0.282842712474619,0.2);
#11064=LINE('',#14292,#14293);
#11065=VERTEX_POINT('',#14294);
#11066=VERTEX_POINT('',#14295);
#11067=CIRCLE('',#14296,0.2);
#11068=LINE('',#14297,#14298);
#11069=LINE('',#14299,#14300);
#11070=VERTEX_POINT('',#14301);
#11071=VERTEX_POINT('',#14302);
#11072=CIRCLE('',#14303,0.2);
#11073=VERTEX_POINT('',#14304);
#11074=LINE('',#14305,#14306);
#11075=ELLIPSE('',#14307,0.282842712474619,0.2);
#11076=LINE('',#14308,#14309);
#11077=VERTEX_POINT('',#14310);
#11078=VERTEX_POINT('',#14311);
#11079=CIRCLE('',#14312,0.2);
#11080=LINE('',#14313,#14314);
#11081=LINE('',#14315,#14316);
#11082=LINE('',#14317,#14318);
#11083=LINE('',#14319,#14320);
#11084=LINE('',#14321,#14322);
#11085=LINE('',#14323,#14324);
#11086=VERTEX_POINT('',#14325);
#11087=VERTEX_POINT('',#14326);
#11088=LINE('',#14327,#14328);
#11089=VERTEX_POINT('',#14329);
#11090=LINE('',#14330,#14331);
#11091=VERTEX_POINT('',#14332);
#11092=LINE('',#14333,#14334);
#11093=LINE('',#14335,#14336);
#11094=LINE('',#14337,#14338);
#11095=VERTEX_POINT('',#14339);
#11096=LINE('',#14340,#14341);
#11097=LINE('',#14342,#14343);
#11098=LINE('',#14344,#14345);
#11099=LINE('',#14346,#14347);
#11100=VERTEX_POINT('',#14348);
#11101=LINE('',#14349,#14350);
#11102=LINE('',#14351,#14352);
#11103=VERTEX_POINT('',#14353);
#11104=LINE('',#14354,#14355);
#11105=LINE('',#14356,#14357);
#11106=LINE('',#14358,#14359);
#11107=LINE('',#14360,#14361);
#11108=VERTEX_POINT('',#14362);
#11109=LINE('',#14363,#14364);
#11110=LINE('',#14365,#14366);
#11111=LINE('',#14367,#14368);
#11112=VERTEX_POINT('',#14369);
#11113=LINE('',#14370,#14371);
#11114=VERTEX_POINT('',#14372);
#11115=LINE('',#14373,#14374);
#11116=VERTEX_POINT('',#14375);
#11117=LINE('',#14376,#14377);
#11118=VERTEX_POINT('',#14378);
#11119=LINE('',#14379,#14380);
#11120=LINE('',#14381,#14382);
#11121=LINE('',#14383,#14384);
#11122=VERTEX_POINT('',#14385);
#11123=LINE('',#14386,#14387);
#11124=VERTEX_POINT('',#14388);
#11125=LINE('',#14389,#14390);
#11126=LINE('',#14391,#14392);
#11127=VERTEX_POINT('',#14393);
#11128=LINE('',#14394,#14395);
#11129=LINE('',#14396,#14397);
#11130=LINE('',#14398,#14399);
#11131=VERTEX_POINT('',#14400);
#11132=VERTEX_POINT('',#14401);
#11133=LINE('',#14402,#14403);
#11134=VERTEX_POINT('',#14404);
#11135=LINE('',#14405,#14406);
#11136=LINE('',#14407,#14408);
#11137=LINE('',#14409,#14410);
#11138=VERTEX_POINT('',#14411);
#11139=LINE('',#14412,#14413);
#11140=LINE('',#14414,#14415);
#11141=LINE('',#14416,#14417);
#11142=VERTEX_POINT('',#14418);
#11143=LINE('',#14419,#14420);
#11144=LINE('',#14421,#14422);
#11145=VERTEX_POINT('',#14423);
#11146=LINE('',#14424,#14425);
#11147=VERTEX_POINT('',#14426);
#11148=LINE('',#14427,#14428);
#11149=LINE('',#14429,#14430);
#11150=VERTEX_POINT('',#14431);
#11151=VERTEX_POINT('',#14432);
#11152=LINE('',#14433,#14434);
#11153=VERTEX_POINT('',#14435);
#11154=LINE('',#14436,#14437);
#11155=VERTEX_POINT('',#14438);
#11156=LINE('',#14439,#14440);
#11157=LINE('',#14441,#14442);
#11158=LINE('',#14443,#14444);
#11159=VERTEX_POINT('',#14445);
#11160=LINE('',#14446,#14447);
#11161=LINE('',#14448,#14449);
#11162=VERTEX_POINT('',#14450);
#11163=VERTEX_POINT('',#14451);
#11164=LINE('',#14452,#14453);
#11165=VERTEX_POINT('',#14454);
#11166=LINE('',#14455,#14456);
#11167=VERTEX_POINT('',#14457);
#11168=LINE('',#14458,#14459);
#11169=LINE('',#14460,#14461);
#11170=VERTEX_POINT('',#14462);
#11171=LINE('',#14463,#14464);
#11172=LINE('',#14465,#14466);
#11173=LINE('',#14467,#14468);
#11174=LINE('',#14469,#14470);
#11175=LINE('',#14471,#14472);
#11176=LINE('',#14473,#14474);
#11177=LINE('',#14475,#14476);
#11178=LINE('',#14477,#14478);
#11179=LINE('',#14479,#14480);
#11180=LINE('',#14481,#14482);
#11181=LINE('',#14483,#14484);
#11182=LINE('',#14485,#14486);
#11183=VERTEX_POINT('',#14487);
#11184=LINE('',#14488,#14489);
#11185=LINE('',#14490,#14491);
#11186=VERTEX_POINT('',#14492);
#11187=VERTEX_POINT('',#14493);
#11188=LINE('',#14494,#14495);
#11189=VERTEX_POINT('',#14496);
#11190=LINE('',#14497,#14498);
#11191=VERTEX_POINT('',#14499);
#11192=LINE('',#14500,#14501);
#11193=LINE('',#14502,#14503);
#11194=LINE('',#14504,#14505);
#11195=LINE('',#14506,#14507);
#11196=VERTEX_POINT('',#14508);
#11197=LINE('',#14509,#14510);
#11198=VERTEX_POINT('',#14511);
#11199=LINE('',#14512,#14513);
#11200=LINE('',#14514,#14515);
#11201=ELLIPSE('',#14516,1.75999999914251,0.88);
#11202=VERTEX_POINT('',#14517);
#11203=VERTEX_POINT('',#14518);
#11204=LINE('',#14519,#14520);
#11205=VERTEX_POINT('',#14521);
#11206=LINE('',#14522,#14523);
#11207=VERTEX_POINT('',#14524);
#11208=LINE('',#14525,#14526);
#11209=LINE('',#14527,#14528);
#11210=VERTEX_POINT('',#14529);
#11211=VERTEX_POINT('',#14530);
#11212=LINE('',#14531,#14532);
#11213=VERTEX_POINT('',#14533);
#11214=LINE('',#14534,#14535);
#11215=VERTEX_POINT('',#14536);
#11216=LINE('',#14537,#14538);
#11217=LINE('',#14539,#14540);
#11218=LINE('',#14541,#14542);
#11219=ELLIPSE('',#14543,1.76,0.88);
#11220=LINE('',#14544,#14545);
#11221=VERTEX_POINT('',#14546);
#11222=LINE('',#14547,#14548);
#11223=VERTEX_POINT('',#14549);
#11224=LINE('',#14550,#14551);
#11225=LINE('',#14552,#14553);
#11226=VERTEX_POINT('',#14554);
#11227=VERTEX_POINT('',#14555);
#11228=LINE('',#14556,#14557);
#11229=VERTEX_POINT('',#14558);
#11230=LINE('',#14559,#14560);
#11231=VERTEX_POINT('',#14561);
#11232=LINE('',#14562,#14563);
#11233=LINE('',#14564,#14565);
#11234=LINE('',#14566,#14567);
#11235=ELLIPSE('',#14568,1.76000000085749,0.88);
#11236=LINE('',#14569,#14570);
#11237=VERTEX_POINT('',#14571);
#11238=B_SPLINE_CURVE_WITH_KNOTS('',3,(#14572,#14573,#14574,#14575),.UNSPECIFIED.,.F.,.F.,(4,4),(0.0,1.0),.UNSPECIFIED.);
#11239=VERTEX_POINT('',#14576);
#11240=LINE('',#14577,#14578);
#11241=VERTEX_POINT('',#14579);
#11242=LINE('',#14580,#14581);
#11243=ELLIPSE('',#14582,201.681783841523,0.88);
#11244=VERTEX_POINT('',#14583);
#11245=B_SPLINE_CURVE_WITH_KNOTS('',3,(#14584,#14585,#14586,#14587),.UNSPECIFIED.,.F.,.F.,(4,4),(0.0,1.00000000000008),.UNSPECIFIED.);
#11246=VERTEX_POINT('',#14588);
#11247=ELLIPSE('',#14589,201.68178384153,0.88);
#11248=LINE('',#14590,#14591);
#11249=VERTEX_POINT('',#14592);
#11250=LINE('',#14593,#14594);
#11251=LINE('',#14595,#14596);
#11252=VERTEX_POINT('',#14597);
#11253=LINE('',#14598,#14599);
#11254=LINE('',#14600,#14601);
#11255=VERTEX_POINT('',#14602);
#11256=LINE('',#14603,#14604);
#11257=LINE('',#14605,#14606);
#11258=VERTEX_POINT('',#14607);
#11259=LINE('',#14608,#14609);
#11260=VERTEX_POINT('',#14610);
#11261=ELLIPSE('',#14611,201.68178384153,0.88);
#11262=B_SPLINE_CURVE_WITH_KNOTS('',3,(#14612,#14613,#14614,#14615),.UNSPECIFIED.,.F.,.F.,(4,4),(1.02057192386892E-13,0.000523784616912454),.UNSPECIFIED.);
#11263=LINE('',#14616,#14617);
#11264=VERTEX_POINT('',#14618);
#11265=VERTEX_POINT('',#14619);
#11266=ELLIPSE('',#14620,201.681783841523,0.88);
#11267=LINE('',#14621,#14622);
#11268=LINE('',#14623,#14624);
#11269=B_SPLINE_CURVE_WITH_KNOTS('',3,(#14625,#14626,#14627,#14628),.UNSPECIFIED.,.F.,.F.,(4,4),(1.88012627602517E-10,0.999999999999797),.UNSPECIFIED.);
#11270=LINE('',#14629,#14630);
#11271=LINE('',#14631,#14632);
#11272=LINE('',#14633,#14634);
#11273=LINE('',#14635,#14636);
#11274=LINE('',#14637,#14638);
#11275=VERTEX_POINT('',#14639);
#11276=ELLIPSE('',#14640,201.68178384153,0.88);
#11277=LINE('',#14641,#14642);
#11278=VERTEX_POINT('',#14643);
#11279=LINE('',#14644,#14645);
#11280=ELLIPSE('',#14646,201.68178384153,0.88);
#11281=VERTEX_POINT('',#14647);
#11282=LINE('',#14648,#14649);
#11283=LINE('',#14650,#14651);
#11284=CIRCLE('',#14652,0.88);
#11285=CIRCLE('',#14653,0.88);
#11286=CIRCLE('',#14654,0.88);
#11287=CIRCLE('',#14655,0.88);
#11288=VERTEX_POINT('',#14656);
#11289=CIRCLE('',#14657,0.639999999999896);
#11290=CIRCLE('',#14658,0.639999999999896);
#11291=CIRCLE('',#14659,0.88);
#11292=CIRCLE('',#14660,0.88);
#11293=CIRCLE('',#14661,0.88);
#11294=CIRCLE('',#14662,0.88);
#11295=LINE('',#14663,#14664);
#11296=VERTEX_POINT('',#14665);
#11297=LINE('',#14666,#14667);
#11298=VERTEX_POINT('',#14668);
#11299=LINE('',#14669,#14670);
#11300=LINE('',#14671,#14672);
#11301=LINE('',#14673,#14674);
#11302=VERTEX_POINT('',#14675);
#11303=LINE('',#14676,#14677);
#11304=LINE('',#14678,#14679);
#11305=VERTEX_POINT('',#14680);
#11306=VERTEX_POINT('',#14681);
#11307=LINE('',#14682,#14683);
#11308=VERTEX_POINT('',#14684);
#11309=LINE('',#14685,#14686);
#11310=VERTEX_POINT('',#14687);
#11311=LINE('',#14688,#14689);
#11312=LINE('',#14690,#14691);
#11313=VERTEX_POINT('',#14692);
#11314=LINE('',#14693,#14694);
#11315=VERTEX_POINT('',#14695);
#11316=LINE('',#14696,#14697);
#11317=LINE('',#14698,#14699);
#11318=LINE('',#14700,#14701);
#11319=LINE('',#14702,#14703);
#11320=ELLIPSE('',#14704,1.75999999914251,0.88);
#11321=VERTEX_POINT('',#14705);
#11322=VERTEX_POINT('',#14706);
#11323=LINE('',#14707,#14708);
#11324=VERTEX_POINT('',#14709);
#11325=LINE('',#14710,#14711);
#11326=VERTEX_POINT('',#14712);
#11327=LINE('',#14713,#14714);
#11328=LINE('',#14715,#14716);
#11329=VERTEX_POINT('',#14717);
#11330=VERTEX_POINT('',#14718);
#11331=LINE('',#14719,#14720);
#11332=VERTEX_POINT('',#14721);
#11333=LINE('',#14722,#14723);
#11334=VERTEX_POINT('',#14724);
#11335=LINE('',#14725,#14726);
#11336=LINE('',#14727,#14728);
#11337=ELLIPSE('',#14729,1.76,0.88);
#11338=LINE('',#14730,#14731);
#11339=LINE('',#14732,#14733);
#11340=VERTEX_POINT('',#14734);
#11341=VERTEX_POINT('',#14735);
#11342=LINE('',#14736,#14737);
#11343=VERTEX_POINT('',#14738);
#11344=LINE('',#14739,#14740);
#11345=VERTEX_POINT('',#14741);
#11346=LINE('',#14742,#14743);
#11347=LINE('',#14744,#14745);
#11348=VERTEX_POINT('',#14746);
#11349=LINE('',#14747,#14748);
#11350=VERTEX_POINT('',#14749);
#11351=LINE('',#14750,#14751);
#11352=LINE('',#14752,#14753);
#11353=ELLIPSE('',#14754,1.76000000085749,0.88);
#11354=LINE('',#14755,#14756);
#11355=LINE('',#14757,#14758);
#11356=VERTEX_POINT('',#14759);
#11357=LINE('',#14760,#14761);
#11358=LINE('',#14762,#14763);
#11359=VERTEX_POINT('',#14764);
#11360=LINE('',#14765,#14766);
#11361=ELLIPSE('',#14767,201.68178384153,0.88);
#11362=VERTEX_POINT('',#14768);
#11363=LINE('',#14769,#14770);
#11364=VERTEX_POINT('',#14771);
#11365=LINE('',#14772,#14773);
#11366=LINE('',#14774,#14775);
#11367=LINE('',#14776,#14777);
#11368=VERTEX_POINT('',#14778);
#11369=LINE('',#14779,#14780);
#11370=LINE('',#14781,#14782);
#11371=LINE('',#14783,#14784);
#11372=VERTEX_POINT('',#14785);
#11373=ELLIPSE('',#14786,201.68178384153,0.88);
#11374=LINE('',#14787,#14788);
#11375=LINE('',#14789,#14790);
#11376=LINE('',#14791,#14792);
#11377=LINE('',#14793,#14794);
#11378=LINE('',#14795,#14796);
#11379=VERTEX_POINT('',#14797);
#11380=VERTEX_POINT('',#14798);
#11381=ELLIPSE('',#14799,201.681783841537,0.88);
#11382=LINE('',#14800,#14801);
#11383=LINE('',#14802,#14803);
#11384=B_SPLINE_CURVE_WITH_KNOTS('',3,(#14804,#14805,#14806,#14807),.UNSPECIFIED.,.F.,.F.,(4,4),(2.80818729130559E-13,1.0),.UNSPECIFIED.);
#11385=VERTEX_POINT('',#14808);
#11386=ELLIPSE('',#14809,201.68178384153,0.88);
#11387=B_SPLINE_CURVE_WITH_KNOTS('',3,(#14810,#14811,#14812,#14813),.UNSPECIFIED.,.F.,.F.,(4,4),(0.0,1.0),.UNSPECIFIED.);
#11388=LINE('',#14814,#14815);
#11389=VERTEX_POINT('',#14816);
#11390=B_SPLINE_CURVE_WITH_KNOTS('',3,(#14817,#14818,#14819,#14820),.UNSPECIFIED.,.F.,.F.,(4,4),(8.08892219781271E-12,1.0),.UNSPECIFIED.);
#11391=VERTEX_POINT('',#14821);
#11392=ELLIPSE('',#14822,201.68178384153,0.88);
#11393=LINE('',#14823,#14824);
#11394=VERTEX_POINT('',#14825);
#11395=B_SPLINE_CURVE_WITH_KNOTS('',3,(#14826,#14827,#14828,#14829),.UNSPECIFIED.,.F.,.F.,(4,4),(2.83377108782363E-13,1.0),.UNSPECIFIED.);
#11396=VERTEX_POINT('',#14830);
#11397=LINE('',#14831,#14832);
#11398=VERTEX_POINT('',#14833);
#11399=LINE('',#14834,#14835);
#11400=ELLIPSE('',#14836,201.681783841537,0.88);
#11401=CIRCLE('',#14837,0.88);
#11402=CIRCLE('',#14838,0.88);
#11403=CIRCLE('',#14839,0.88);
#11404=CIRCLE('',#14840,0.88);
#11405=VERTEX_POINT('',#14841);
#11406=CIRCLE('',#14842,0.639999999999896);
#11407=CIRCLE('',#14843,0.639999999999896);
#11408=CIRCLE('',#14844,0.88);
#11409=CIRCLE('',#14845,0.88);
#11410=CIRCLE('',#14846,0.88);
#11411=CIRCLE('',#14847,0.88);
#11412=LINE('',#14848,#14849);
#11413=VERTEX_POINT('',#14850);
#11414=VERTEX_POINT('',#14851);
#11415=LINE('',#14852,#14853);
#11416=LINE('',#14854,#14855);
#11417=LINE('',#14856,#14857);
#11418=LINE('',#14858,#14859);
#11419=VERTEX_POINT('',#14860);
#11420=VERTEX_POINT('',#14861);
#11421=LINE('',#14862,#14863);
#11422=VERTEX_POINT('',#14864);
#11423=LINE('',#14865,#14866);
#11424=LINE('',#14867,#14868);
#11425=VERTEX_POINT('',#14869);
#11426=VERTEX_POINT('',#14870);
#11427=LINE('',#14871,#14872);
#11428=VERTEX_POINT('',#14873);
#11429=LINE('',#14874,#14875);
#11430=LINE('',#14876,#14877);
#11431=VERTEX_POINT('',#14878);
#11432=VERTEX_POINT('',#14879);
#11433=LINE('',#14880,#14881);
#11434=VERTEX_POINT('',#14882);
#11435=LINE('',#14883,#14884);
#11436=VERTEX_POINT('',#14885);
#11437=LINE('',#14886,#14887);
#11438=VERTEX_POINT('',#14888);
#11439=LINE('',#14889,#14890);
#11440=VERTEX_POINT('',#14891);
#11441=LINE('',#14892,#14893);
#11442=VERTEX_POINT('',#14894);
#11443=LINE('',#14895,#14896);
#11444=VERTEX_POINT('',#14897);
#11445=LINE('',#14898,#14899);
#11446=VERTEX_POINT('',#14900);
#11447=LINE('',#14901,#14902);
#11448=VERTEX_POINT('',#14903);
#11449=LINE('',#14904,#14905);
#11450=VERTEX_POINT('',#14906);
#11451=LINE('',#14907,#14908);
#11452=LINE('',#14909,#14910);
#11453=LINE('',#14911,#14912);
#11454=LINE('',#14913,#14914);
#11455=VERTEX_POINT('',#14915);
#11456=VERTEX_POINT('',#14916);
#11457=LINE('',#14917,#14918);
#11458=LINE('',#14919,#14920);
#11459=LINE('',#14921,#14922);
#11460=VERTEX_POINT('',#14923);
#11461=LINE('',#14924,#14925);
#11462=LINE('',#14926,#14927);
#11463=VERTEX_POINT('',#14928);
#11464=LINE('',#14929,#14930);
#11465=LINE('',#14931,#14932);
#11466=VERTEX_POINT('',#14933);
#11467=LINE('',#14934,#14935);
#11468=LINE('',#14936,#14937);
#11469=VERTEX_POINT('',#14938);
#11470=LINE('',#14939,#14940);
#11471=LINE('',#14941,#14942);
#11472=VERTEX_POINT('',#14943);
#11473=LINE('',#14944,#14945);
#11474=LINE('',#14946,#14947);
#11475=VERTEX_POINT('',#14948);
#11476=LINE('',#14949,#14950);
#11477=LINE('',#14951,#14952);
#11478=VERTEX_POINT('',#14953);
#11479=LINE('',#14954,#14955);
#11480=LINE('',#14956,#14957);
#11481=VERTEX_POINT('',#14958);
#11482=LINE('',#14959,#14960);
#11483=LINE('',#14961,#14962);
#11484=VERTEX_POINT('',#14963);
#11485=LINE('',#14964,#14965);
#11486=LINE('',#14966,#14967);
#11487=LINE('',#14968,#14969);
#11488=LINE('',#14970,#14971);
#11489=VERTEX_POINT('',#14972);
#11490=VERTEX_POINT('',#14973);
#11491=LINE('',#14974,#14975);
#11492=VERTEX_POINT('',#14976);
#11493=LINE('',#14977,#14978);
#11494=VERTEX_POINT('',#14979);
#11495=LINE('',#14980,#14981);
#11496=VERTEX_POINT('',#14982);
#11497=LINE('',#14983,#14984);
#11498=VERTEX_POINT('',#14985);
#11499=LINE('',#14986,#14987);
#11500=VERTEX_POINT('',#14988);
#11501=LINE('',#14989,#14990);
#11502=VERTEX_POINT('',#14991);
#11503=LINE('',#14992,#14993);
#11504=B_SPLINE_CURVE_WITH_KNOTS('',3,(#14994,#14995,#14996,#14997,#14998,#14999),.UNSPECIFIED.,.F.,.F.,(4,2,4),(0.0,0.530181149879644,1.0),.UNSPECIFIED.);
#11505=VERTEX_POINT('',#15000);
#11506=VERTEX_POINT('',#15001);
#11507=B_SPLINE_CURVE_WITH_KNOTS('',3,(#15002,#15003,#15004,#15005,#15006,#15007),.UNSPECIFIED.,.F.,.F.,(4,2,4),(0.0,0.530181149879644,1.0),.UNSPECIFIED.);
#11508=LINE('',#15008,#15009);
#11509=LINE('',#15010,#15011);
#11510=VERTEX_POINT('',#15012);
#11511=LINE('',#15013,#15014);
#11512=LINE('',#15015,#15016);
#11513=VERTEX_POINT('',#15017);
#11514=LINE('',#15018,#15019);
#11515=LINE('',#15020,#15021);
#11516=VERTEX_POINT('',#15022);
#11517=LINE('',#15023,#15024);
#11518=LINE('',#15025,#15026);
#11519=VERTEX_POINT('',#15027);
#11520=LINE('',#15028,#15029);
#11521=LINE('',#15030,#15031);
#11522=VERTEX_POINT('',#15032);
#11523=LINE('',#15033,#15034);
#11524=LINE('',#15035,#15036);
#11525=VERTEX_POINT('',#15037);
#11526=LINE('',#15038,#15039);
#11527=LINE('',#15040,#15041);
#11528=LINE('',#15042,#15043);
#11529=VERTEX_POINT('',#15044);
#11530=VERTEX_POINT('',#15045);
#11531=LINE('',#15046,#15047);
#11532=VERTEX_POINT('',#15048);
#11533=LINE('',#15049,#15050);
#11534=VERTEX_POINT('',#15051);
#11535=LINE('',#15052,#15053);
#11536=LINE('',#15054,#15055);
#11537=VERTEX_POINT('',#15056);
#11538=LINE('',#15057,#15058);
#11539=VERTEX_POINT('',#15059);
#11540=LINE('',#15060,#15061);
#11541=LINE('',#15062,#15063);
#11542=VERTEX_POINT('',#15064);
#11543=LINE('',#15065,#15066);
#11544=VERTEX_POINT('',#15067);
#11545=LINE('',#15068,#15069);
#11546=LINE('',#15070,#15071);
#11547=LINE('',#15072,#15073);
#11548=LINE('',#15074,#15075);
#11549=VERTEX_POINT('',#15076);
#11550=VERTEX_POINT('',#15077);
#11551=LINE('',#15078,#15079);
#11552=VERTEX_POINT('',#15080);
#11553=LINE('',#15081,#15082);
#11554=VERTEX_POINT('',#15083);
#11555=LINE('',#15084,#15085);
#11556=LINE('',#15086,#15087);
#11557=VERTEX_POINT('',#15088);
#11558=VERTEX_POINT('',#15089);
#11559=LINE('',#15090,#15091);
#11560=LINE('',#15092,#15093);
#11561=LINE('',#15094,#15095);
#11562=VERTEX_POINT('',#15096);
#11563=LINE('',#15097,#15098);
#11564=LINE('',#15099,#15100);
#11565=VERTEX_POINT('',#15101);
#11566=LINE('',#15102,#15103);
#11567=LINE('',#15104,#15105);
#11568=LINE('',#15106,#15107);
#11569=LINE('',#15108,#15109);
#11570=LINE('',#15110,#15111);
#11571=VERTEX_POINT('',#15112);
#11572=VERTEX_POINT('',#15113);
#11573=LINE('',#15114,#15115);
#11574=VERTEX_POINT('',#15116);
#11575=ELLIPSE('',#15117,2.00001903873976,2.0);
#11576=VERTEX_POINT('',#15118);
#11577=LINE('',#15119,#15120);
#11578=ELLIPSE('',#15121,2.00001903873976,2.0);
#11579=VERTEX_POINT('',#15122);
#11580=VERTEX_POINT('',#15123);
#11581=ELLIPSE('',#15124,0.1000771558603,0.1);
#11582=VERTEX_POINT('',#15125);
#11583=LINE('',#15126,#15127);
#11584=VERTEX_POINT('',#15128);
#11585=CIRCLE('',#15129,0.1);
#11586=LINE('',#15130,#15131);
#11587=VERTEX_POINT('',#15132);
#11588=VERTEX_POINT('',#15133);
#11589=ELLIPSE('',#15134,0.1000771558603,0.1);
#11590=VERTEX_POINT('',#15135);
#11591=LINE('',#15136,#15137);
#11592=VERTEX_POINT('',#15138);
#11593=CIRCLE('',#15139,0.1);
#11594=LINE('',#15140,#15141);
#11595=VERTEX_POINT('',#15142);
#11596=LINE('',#15143,#15144);
#11597=VERTEX_POINT('',#15145);
#11598=LINE('',#15146,#15147);
#11599=ELLIPSE('',#15148,0.591839272737979,0.2);
#11600=VERTEX_POINT('',#15149);
#11601=LINE('',#15150,#15151);
#11602=VERTEX_POINT('',#15152);
#11603=ELLIPSE('',#15153,0.20000380772983,0.2);
#11604=LINE('',#15154,#15155);
#11605=VERTEX_POINT('',#15156);
#11606=LINE('',#15157,#15158);
#11607=VERTEX_POINT('',#15159);
#11608=LINE('',#15160,#15161);
#11609=ELLIPSE('',#15162,0.591839272737979,0.2);
#11610=VERTEX_POINT('',#15163);
#11611=LINE('',#15164,#15165);
#11612=VERTEX_POINT('',#15166);
#11613=ELLIPSE('',#15167,0.20000380772983,0.2);
#11614=LINE('',#15168,#15169);
#11615=VERTEX_POINT('',#15170);
#11616=VERTEX_POINT('',#15171);
#11617=ELLIPSE('',#15172,0.200001903873977,0.2);
#11618=VERTEX_POINT('',#15173);
#11619=LINE('',#15174,#15175);
#11620=VERTEX_POINT('',#15176);
#11621=ELLIPSE('',#15177,0.200001903873977,0.2);
#11622=LINE('',#15178,#15179);
#11623=VERTEX_POINT('',#15180);
#11624=VERTEX_POINT('',#15181);
#11625=CIRCLE('',#15182,0.2);
#11626=VERTEX_POINT('',#15183);
#11627=LINE('',#15184,#15185);
#11628=VERTEX_POINT('',#15186);
#11629=CIRCLE('',#15187,0.2);
#11630=LINE('',#15188,#15189);
#11631=VERTEX_POINT('',#15190);
#11632=VERTEX_POINT('',#15191);
#11633=CIRCLE('',#15192,0.2);
#11634=VERTEX_POINT('',#15193);
#11635=LINE('',#15194,#15195);
#11636=VERTEX_POINT('',#15196);
#11637=CIRCLE('',#15197,0.2);
#11638=LINE('',#15198,#15199);
#11639=VERTEX_POINT('',#15200);
#11640=VERTEX_POINT('',#15201);
#11641=CIRCLE('',#15202,0.2);
#11642=VERTEX_POINT('',#15203);
#11643=LINE('',#15204,#15205);
#11644=VERTEX_POINT('',#15206);
#11645=CIRCLE('',#15207,0.2);
#11646=LINE('',#15208,#15209);
#11647=VERTEX_POINT('',#15210);
#11648=VERTEX_POINT('',#15211);
#11649=CIRCLE('',#15212,0.2);
#11650=VERTEX_POINT('',#15213);
#11651=LINE('',#15214,#15215);
#11652=VERTEX_POINT('',#15216);
#11653=CIRCLE('',#15217,0.2);
#11654=LINE('',#15218,#15219);
#11655=VERTEX_POINT('',#15220);
#11656=VERTEX_POINT('',#15221);
#11657=ELLIPSE('',#15222,0.200001903873977,0.2);
#11658=VERTEX_POINT('',#15223);
#11659=LINE('',#15224,#15225);
#11660=VERTEX_POINT('',#15226);
#11661=ELLIPSE('',#15227,0.200001903873977,0.2);
#11662=LINE('',#15228,#15229);
#11663=VERTEX_POINT('',#15230);
#11664=VERTEX_POINT('',#15231);
#11665=LINE('',#15232,#15233);
#11666=VERTEX_POINT('',#15234);
#11667=ELLIPSE('',#15235,0.200001903874222,0.2);
#11668=VERTEX_POINT('',#15236);
#11669=LINE('',#15237,#15238);
#11670=ELLIPSE('',#15239,0.200001903873731,0.2);
#11671=VERTEX_POINT('',#15240);
#11672=VERTEX_POINT('',#15241);
#11673=LINE('',#15242,#15243);
#11674=VERTEX_POINT('',#15244);
#11675=ELLIPSE('',#15245,0.200001903874222,0.2);
#11676=VERTEX_POINT('',#15246);
#11677=LINE('',#15247,#15248);
#11678=ELLIPSE('',#15249,0.200001903873731,0.2);
#11679=VERTEX_POINT('',#15250);
#11680=VERTEX_POINT('',#15251);
#11681=ELLIPSE('',#15252,0.200001903873977,0.2);
#11682=VERTEX_POINT('',#15253);
#11683=LINE('',#15254,#15255);
#11684=VERTEX_POINT('',#15256);
#11685=ELLIPSE('',#15257,0.200001903873977,0.2);
#11686=VERTEX_POINT('',#15258);
#11687=LINE('',#15259,#15260);
#11688=VERTEX_POINT('',#15261);
#11689=CIRCLE('',#15262,0.2);
#11690=VERTEX_POINT('',#15263);
#11691=LINE('',#15264,#15265);
#11692=VERTEX_POINT('',#15266);
#11693=CIRCLE('',#15267,0.2);
#11694=LINE('',#15268,#15269);
#11695=VERTEX_POINT('',#15270);
#11696=LINE('',#15271,#15272);
#11697=VERTEX_POINT('',#15273);
#11698=LINE('',#15274,#15275);
#11699=ELLIPSE('',#15276,0.20000380772983,0.2);
#11700=VERTEX_POINT('',#15277);
#11701=LINE('',#15278,#15279);
#11702=VERTEX_POINT('',#15280);
#11703=LINE('',#15281,#15282);
#11704=ELLIPSE('',#15283,0.20000380772983,0.2);
#11705=VERTEX_POINT('',#15284);
#11706=VERTEX_POINT('',#15285);
#11707=CIRCLE('',#15286,0.2);
#11708=VERTEX_POINT('',#15287);
#11709=LINE('',#15288,#15289);
#11710=VERTEX_POINT('',#15290);
#11711=ELLIPSE('',#15291,0.20000380772983,0.2);
#11712=LINE('',#15292,#15293);
#11713=VERTEX_POINT('',#15294);
#11714=CIRCLE('',#15295,0.2);
#11715=CIRCLE('',#15296,0.2);
#11716=VERTEX_POINT('',#15297);
#11717=VERTEX_POINT('',#15298);
#11718=CIRCLE('',#15299,0.2);
#11719=VERTEX_POINT('',#15300);
#11720=LINE('',#15301,#15302);
#11721=VERTEX_POINT('',#15303);
#11722=ELLIPSE('',#15304,0.20000380772983,0.2);
#11723=LINE('',#15305,#15306);
#11724=VERTEX_POINT('',#15307);
#11725=CIRCLE('',#15308,0.2);
#11726=LINE('',#15309,#15310);
#11727=LINE('',#15311,#15312);
#11728=CIRCLE('',#15313,0.2);
#11729=VERTEX_POINT('',#15314);
#11730=VERTEX_POINT('',#15315);
#11731=ELLIPSE('',#15316,0.283461804296443,0.2);
#11732=LINE('',#15317,#15318);
#11733=LINE('',#15319,#15320);
#11734=VERTEX_POINT('',#15321);
#11735=VERTEX_POINT('',#15322);
#11736=CIRCLE('',#15323,0.2);
#11737=VERTEX_POINT('',#15324);
#11738=LINE('',#15325,#15326);
#11739=VERTEX_POINT('',#15327);
#11740=ELLIPSE('',#15328,0.20000380772983,0.2);
#11741=LINE('',#15329,#15330);
#11742=VERTEX_POINT('',#15331);
#11743=CIRCLE('',#15332,0.2);
#11744=CIRCLE('',#15333,0.2);
#11745=VERTEX_POINT('',#15334);
#11746=VERTEX_POINT('',#15335);
#11747=CIRCLE('',#15336,0.2);
#11748=LINE('',#15337,#15338);
#11749=LINE('',#15339,#15340);
#11750=VERTEX_POINT('',#15341);
#11751=CIRCLE('',#15342,0.2);
#11752=VERTEX_POINT('',#15343);
#11753=LINE('',#15344,#15345);
#11754=VERTEX_POINT('',#15346);
#11755=ELLIPSE('',#15347,0.20000380772983,0.2);
#11756=LINE('',#15348,#15349);
#11757=CIRCLE('',#15350,0.2);
#11758=VERTEX_POINT('',#15351);
#11759=VERTEX_POINT('',#15352);
#11760=ELLIPSE('',#15353,0.283461804296443,0.2);
#11761=LINE('',#15354,#15355);
#11762=LINE('',#15356,#15357);
#11763=VERTEX_POINT('',#15358);
#11764=VERTEX_POINT('',#15359);
#11765=LINE('',#15360,#15361);
#11766=VERTEX_POINT('',#15362);
#11767=ELLIPSE('',#15363,0.282842712474619,0.2);
#11768=VERTEX_POINT('',#15364);
#11769=LINE('',#15365,#15366);
#11770=ELLIPSE('',#15367,0.282842712474619,0.2);
#11771=LINE('',#15368,#15369);
#11772=LINE('',#15370,#15371);
#11773=VERTEX_POINT('',#15372);
#11774=LINE('',#15373,#15374);
#11775=VERTEX_POINT('',#15375);
#11776=ELLIPSE('',#15376,0.282842712474619,0.2);
#11777=LINE('',#15377,#15378);
#11778=VERTEX_POINT('',#15379);
#11779=ELLIPSE('',#15380,0.282842712474792,0.2);
#11780=LINE('',#15381,#15382);
#11781=VERTEX_POINT('',#15383);
#11782=VERTEX_POINT('',#15384);
#11783=ELLIPSE('',#15385,0.282842712474619,0.2);
#11784=LINE('',#15386,#15387);
#11785=LINE('',#15388,#15389);
#11786=VERTEX_POINT('',#15390);
#11787=VERTEX_POINT('',#15391);
#11788=ELLIPSE('',#15392,0.282842712474619,0.2);
#11789=LINE('',#15393,#15394);
#11790=LINE('',#15395,#15396);
#11791=LINE('',#15397,#15398);
#11792=VERTEX_POINT('',#15399);
#11793=LINE('',#15400,#15401);
#11794=VERTEX_POINT('',#15402);
#11795=ELLIPSE('',#15403,0.282842712474619,0.2);
#11796=LINE('',#15404,#15405);
#11797=VERTEX_POINT('',#15406);
#11798=VERTEX_POINT('',#15407);
#11799=ELLIPSE('',#15408,0.282842712474619,0.2);
#11800=VERTEX_POINT('',#15409);
#11801=LINE('',#15410,#15411);
#11802=VERTEX_POINT('',#15412);
#11803=ELLIPSE('',#15413,0.282842712474619,0.2);
#11804=LINE('',#15414,#15415);
#11805=LINE('',#15416,#15417);
#11806=LINE('',#15418,#15419);
#11807=LINE('',#15420,#15421);
#11808=LINE('',#15422,#15423);
#11809=VERTEX_POINT('',#15424);
#11810=LINE('',#15425,#15426);
#11811=VERTEX_POINT('',#15427);
#11812=ELLIPSE('',#15428,0.212836613597358,0.2);
#11813=LINE('',#15429,#15430);
#11814=VERTEX_POINT('',#15431);
#11815=LINE('',#15432,#15433);
#11816=VERTEX_POINT('',#15434);
#11817=ELLIPSE('',#15435,0.212836613597358,0.2);
#11818=LINE('',#15436,#15437);
#11819=VERTEX_POINT('',#15438);
#11820=LINE('',#15439,#15440);
#11821=LINE('',#15441,#15442);
#11822=VERTEX_POINT('',#15443);
#11823=LINE('',#15444,#15445);
#11824=LINE('',#15446,#15447);
#11825=VERTEX_POINT('',#15448);
#11826=LINE('',#15449,#15450);
#11827=LINE('',#15451,#15452);
#11828=VERTEX_POINT('',#15453);
#11829=LINE('',#15454,#15455);
#11830=LINE('',#15456,#15457);
#11831=VERTEX_POINT('',#15458);
#11832=LINE('',#15459,#15460);
#11833=VERTEX_POINT('',#15461);
#11834=LINE('',#15462,#15463);
#11835=VERTEX_POINT('',#15464);
#11836=LINE('',#15465,#15466);
#11837=LINE('',#15467,#15468);
#11838=VERTEX_POINT('',#15469);
#11839=VERTEX_POINT('',#15470);
#11840=LINE('',#15471,#15472);
#11841=VERTEX_POINT('',#15473);
#11842=LINE('',#15474,#15475);
#11843=LINE('',#15476,#15477);
#11844=LINE('',#15478,#15479);
#11845=VERTEX_POINT('',#15480);
#11846=LINE('',#15481,#15482);
#11847=VERTEX_POINT('',#15483);
#11848=LINE('',#15484,#15485);
#11849=LINE('',#15486,#15487);
#11850=VERTEX_POINT('',#15488);
#11851=VERTEX_POINT('',#15489);
#11852=LINE('',#15490,#15491);
#11853=LINE('',#15492,#15493);
#11854=VERTEX_POINT('',#15494);
#11855=LINE('',#15495,#15496);
#11856=VERTEX_POINT('',#15497);
#11857=LINE('',#15498,#15499);
#11858=VERTEX_POINT('',#15500);
#11859=LINE('',#15501,#15502);
#11860=LINE('',#15503,#15504);
#11861=VERTEX_POINT('',#15505);
#11862=LINE('',#15506,#15507);
#11863=VERTEX_POINT('',#15508);
#11864=LINE('',#15509,#15510);
#11865=VERTEX_POINT('',#15511);
#11866=LINE('',#15512,#15513);
#11867=VERTEX_POINT('',#15514);
#11868=LINE('',#15515,#15516);
#11869=VERTEX_POINT('',#15517);
#11870=LINE('',#15518,#15519);
#11871=LINE('',#15520,#15521);
#11872=LINE('',#15522,#15523);
#11873=LINE('',#15524,#15525);
#11874=LINE('',#15526,#15527);
#11875=LINE('',#15528,#15529);
#11876=LINE('',#15530,#15531);
#11877=LINE('',#15532,#15533);
#11878=LINE('',#15534,#15535);
#11879=LINE('',#15536,#15537);
#11880=LINE('',#15538,#15539);
#11881=LINE('',#15540,#15541);
#11882=VERTEX_POINT('',#15542);
#11883=VERTEX_POINT('',#15543);
#11884=LINE('',#15544,#15545);
#11885=LINE('',#15546,#15547);
#11886=LINE('',#15548,#15549);
#11887=VERTEX_POINT('',#15550);
#11888=LINE('',#15551,#15552);
#11889=VERTEX_POINT('',#15553);
#11890=LINE('',#15554,#15555);
#11891=VERTEX_POINT('',#15556);
#11892=LINE('',#15557,#15558);
#11893=LINE('',#15559,#15560);
#11894=LINE('',#15561,#15562);
#11895=LINE('',#15563,#15564);
#11896=VERTEX_POINT('',#15565);
#11897=LINE('',#15566,#15567);
#11898=LINE('',#15568,#15569);
#11899=VERTEX_POINT('',#15570);
#11900=LINE('',#15571,#15572);
#11901=LINE('',#15573,#15574);
#11902=VERTEX_POINT('',#15575);
#11903=LINE('',#15576,#15577);
#11904=LINE('',#15578,#15579);
#11905=VERTEX_POINT('',#15580);
#11906=LINE('',#15581,#15582);
#11907=LINE('',#15583,#15584);
#11908=LINE('',#15585,#15586);
#11909=LINE('',#15587,#15588);
#11910=LINE('',#15589,#15590);
#11911=LINE('',#15591,#15592);
#11912=VERTEX_POINT('',#15593);
#11913=LINE('',#15594,#15595);
#11914=VERTEX_POINT('',#15596);
#11915=LINE('',#15597,#15598);
#11916=VERTEX_POINT('',#15599);
#11917=LINE('',#15600,#15601);
#11918=VERTEX_POINT('',#15602);
#11919=LINE('',#15603,#15604);
#11920=LINE('',#15605,#15606);
#11921=LINE('',#15607,#15608);
#11922=LINE('',#15609,#15610);
#11923=LINE('',#15611,#15612);
#11924=VERTEX_POINT('',#15613);
#11925=LINE('',#15614,#15615);
#11926=LINE('',#15616,#15617);
#11927=VERTEX_POINT('',#15618);
#11928=LINE('',#15619,#15620);
#11929=LINE('',#15621,#15622);
#11930=LINE('',#15623,#15624);
#11931=LINE('',#15625,#15626);
#11932=LINE('',#15627,#15628);
#11933=LINE('',#15629,#15630);
#11934=LINE('',#15631,#15632);
#11935=LINE('',#15633,#15634);
#11936=LINE('',#15635,#15636);
#11937=LINE('',#15637,#15638);
#11938=VERTEX_POINT('',#15639);
#11939=LINE('',#15640,#15641);
#11940=VERTEX_POINT('',#15642);
#11941=LINE('',#15643,#15644);
#11942=VERTEX_POINT('',#15645);
#11943=LINE('',#15646,#15647);
#11944=VERTEX_POINT('',#15648);
#11945=LINE('',#15649,#15650);
#11946=VERTEX_POINT('',#15651);
#11947=LINE('',#15652,#15653);
#11948=LINE('',#15654,#15655);
#11949=VERTEX_POINT('',#15656);
#11950=LINE('',#15657,#15658);
#11951=LINE('',#15659,#15660);
#11952=VERTEX_POINT('',#15661);
#11953=LINE('',#15662,#15663);
#11954=VERTEX_POINT('',#15664);
#11955=LINE('',#15665,#15666);
#11956=LINE('',#15667,#15668);
#11957=LINE('',#15669,#15670);
#11958=VERTEX_POINT('',#15671);
#11959=LINE('',#15672,#15673);
#11960=LINE('',#15674,#15675);
#11961=LINE('',#15676,#15677);
#11962=VERTEX_POINT('',#15678);
#11963=LINE('',#15679,#15680);
#11964=LINE('',#15681,#15682);
#11965=VERTEX_POINT('',#15683);
#11966=LINE('',#15684,#15685);
#11967=VERTEX_POINT('',#15686);
#11968=LINE('',#15687,#15688);
#11969=LINE('',#15689,#15690);
#11970=LINE('',#15691,#15692);
#11971=VERTEX_POINT('',#15693);
#11972=LINE('',#15694,#15695);
#11973=LINE('',#15696,#15697);
#11974=LINE('',#15698,#15699);
#11975=VERTEX_POINT('',#15700);
#11976=LINE('',#15701,#15702);
#11977=LINE('',#15703,#15704);
#11978=VERTEX_POINT('',#15705);
#11979=VERTEX_POINT('',#15706);
#11980=LINE('',#15707,#15708);
#11981=VERTEX_POINT('',#15709);
#11982=LINE('',#15710,#15711);
#11983=VERTEX_POINT('',#15712);
#11984=LINE('',#15713,#15714);
#11985=VERTEX_POINT('',#15715);
#11986=LINE('',#15716,#15717);
#11987=LINE('',#15718,#15719);
#11988=LINE('',#15720,#15721);
#11989=VERTEX_POINT('',#15722);
#11990=LINE('',#15723,#15724);
#11991=LINE('',#15725,#15726);
#11992=VERTEX_POINT('',#15727);
#11993=LINE('',#15728,#15729);
#11994=VERTEX_POINT('',#15730);
#11995=LINE('',#15731,#15732);
#11996=VERTEX_POINT('',#15733);
#11997=LINE('',#15734,#15735);
#11998=VERTEX_POINT('',#15736);
#11999=LINE('',#15737,#15738);
#12000=LINE('',#15739,#15740);
#12001=VERTEX_POINT('',#15741);
#12002=LINE('',#15742,#15743);
#12003=LINE('',#15744,#15745);
#12004=LINE('',#15746,#15747);
#12005=LINE('',#15748,#15749);
#12006=VERTEX_POINT('',#15750);
#12007=LINE('',#15751,#15752);
#12008=LINE('',#15753,#15754);
#12009=LINE('',#15755,#15756);
#12010=VERTEX_POINT('',#15757);
#12011=LINE('',#15758,#15759);
#12012=LINE('',#15760,#15761);
#12013=VERTEX_POINT('',#15762);
#12014=LINE('',#15763,#15764);
#12015=LINE('',#15765,#15766);
#12016=LINE('',#15767,#15768);
#12017=VERTEX_POINT('',#15769);
#12018=LINE('',#15770,#15771);
#12019=LINE('',#15772,#15773);
#12020=LINE('',#15774,#15775);
#12021=LINE('',#15776,#15777);
#12022=VERTEX_POINT('',#15778);
#12023=LINE('',#15779,#15780);
#12024=LINE('',#15781,#15782);
#12025=VERTEX_POINT('',#15783);
#12026=LINE('',#15784,#15785);
#12027=VERTEX_POINT('',#15786);
#12028=LINE('',#15787,#15788);
#12029=LINE('',#15789,#15790);
#12030=VERTEX_POINT('',#15791);
#12031=LINE('',#15792,#15793);
#12032=LINE('',#15794,#15795);
#12033=LINE('',#15796,#15797);
#12034=LINE('',#15798,#15799);
#12035=LINE('',#15800,#15801);
#12036=LINE('',#15802,#15803);
#12037=LINE('',#15804,#15805);
#12038=LINE('',#15806,#15807);
#12039=LINE('',#15808,#15809);
#12040=LINE('',#15810,#15811);
#12041=LINE('',#15812,#15813);
#12042=LINE('',#15814,#15815);
#12043=LINE('',#15816,#15817);
#12044=LINE('',#15818,#15819);
#12045=LINE('',#15820,#15821);
#12046=LINE('',#15822,#15823);
#12047=LINE('',#15824,#15825);
#12048=LINE('',#15826,#15827);
#12049=LINE('',#15828,#15829);
#12050=LINE('',#15830,#15831);
#12051=VERTEX_POINT('',#15832);
#12052=LINE('',#15833,#15834);
#12053=LINE('',#15835,#15836);
#12054=LINE('',#15837,#15838);
#12055=LINE('',#15839,#15840);
#12056=LINE('',#15841,#15842);
#12057=LINE('',#15843,#15844);
#12058=LINE('',#15845,#15846);
#12059=LINE('',#15847,#15848);
#12060=LINE('',#15849,#15850);
#12061=LINE('',#15851,#15852);
#12062=LINE('',#15853,#15854);
#12063=LINE('',#15855,#15856);
#12064=VERTEX_POINT('',#15857);
#12065=LINE('',#15858,#15859);
#12066=LINE('',#15860,#15861);
#12067=LINE('',#15862,#15863);
#12068=LINE('',#15864,#15865);
#12069=LINE('',#15866,#15867);
#12070=LINE('',#15868,#15869);
#12071=LINE('',#15870,#15871);
#12072=LINE('',#15872,#15873);
#12073=LINE('',#15874,#15875);
#12074=LINE('',#15876,#15877);
#12075=LINE('',#15878,#15879);
#12076=LINE('',#15880,#15881);
#12077=CARTESIAN_POINT('',(6.81999259994533,13.0999999985851,-5.54553262035006));
#12078=CARTESIAN_POINT('',(6.81999164801679,13.0995636676566,-5.04239189124706));
#12079=CARTESIAN_POINT('',(6.8199925999449,13.0999999985851,-5.19413539815848));
#12080=VECTOR('',#15882,1.0);
#12081=CARTESIAN_POINT('',(6.61999259994508,13.2999999985851,-5.34553262035005));
#12082=AXIS2_PLACEMENT_3D('',#15883,#15884,#15885);
#12083=CARTESIAN_POINT('',(6.61999259994447,13.2999999985851,-4.84239284317499));
#12084=CARTESIAN_POINT('',(6.61999259993484,13.2999999985851,2.99966505246992));
#12085=VECTOR('',#15886,1000.0);
#12086=AXIS2_PLACEMENT_3D('',#15887,#15888,#15889);
#12087=CARTESIAN_POINT('',(-0.819959081061693,13.0995636676566,-5.54553166842214));
#12088=CARTESIAN_POINT('',(3.00001628347787,13.0999999985851,-5.54553262035006));
#12089=VECTOR('',#15890,1.0);
#12090=CARTESIAN_POINT('',(-0.61996003298937,13.2999999985851,-5.34553262035006));
#12091=AXIS2_PLACEMENT_3D('',#15891,#15892,#15893);
#12092=CARTESIAN_POINT('',(3.00001628347787,13.2999999985851,-5.34553262035006));
#12093=VECTOR('',#15894,1000.0);
#12094=CARTESIAN_POINT('',(-0.819959088498089,13.0995653720839,-5.04239189868408));
#12095=CARTESIAN_POINT('',(-0.81995812913285,13.0991273367281,-4.80175809404405));
#12096=VECTOR('',#15895,1000.0);
#12097=CARTESIAN_POINT('',(-0.619960032988761,13.2999999985851,-4.84239284317499));
#12098=AXIS2_PLACEMENT_3D('',#15896,#15897,#15898);
#12099=CARTESIAN_POINT('',(-0.619960032979129,13.2999999985851,2.99966505246992));
#12100=VECTOR('',#15899,1000.0);
#12101=CARTESIAN_POINT('',(8.6091436216278,13.0999999985851,-5.04239284317499));
#12102=CARTESIAN_POINT('',(7.61500444171462,13.0999999985851,-5.04239284317499));
#12103=VECTOR('',#15900,1.0);
#12104=CARTESIAN_POINT('',(8.41001628348475,13.2999990466572,-4.84282917410347));
#12105=CARTESIAN_POINT('',(3.00001628347787,13.2999999985851,-4.84239284317499));
#12106=VECTOR('',#15901,1000.0);
#12107=AXIS2_PLACEMENT_3D('',#15902,#15903,#15904);
#12108=CARTESIAN_POINT('',(-2.60911105467206,13.0999999985851,-5.04239284317499));
#12109=CARTESIAN_POINT('',(-1.6149718747589,13.0999999985851,-5.04239284317499));
#12110=VECTOR('',#15905,1.0);
#12111=CARTESIAN_POINT('',(-2.40998371652901,13.2999990466572,-4.84282917410347));
#12112=AXIS2_PLACEMENT_3D('',#15906,#15907,#15908);
#12113=CARTESIAN_POINT('',(3.00001628347787,13.2999999985851,-4.84239284317499));
#12114=VECTOR('',#15909,1000.0);
#12115=CARTESIAN_POINT('',(8.85001628348474,-3.4299999992762,1.67466505748948));
#12116=CARTESIAN_POINT('',(8.85001628348474,-2.24435244707178,1.67466505688608));
#12117=CARTESIAN_POINT('',(8.85001628348474,-1.71499999950853,1.67466505688608));
#12118=VECTOR('',#15910,1.0);
#12119=CARTESIAN_POINT('',(8.46283660827701,-3.42999999949855,1.76441705891372));
#12120=AXIS2_PLACEMENT_3D('',#15911,#15912,#15913);
#12121=CARTESIAN_POINT('',(8.44787031496254,3.79946291600836E-10,1.7719271569468));
#12122=AXIS2_PLACEMENT_3D('',#15914,#15915,#15916);
#12123=CARTESIAN_POINT('',(8.68001628348474,4.80899381765919E-10,1.69124163770828));
#12124=AXIS2_PLACEMENT_3D('',#15917,#15918,#15919);
#12125=CARTESIAN_POINT('',(8.68001628348474,-2.27306392836035,1.69124163834766));
#12126=CARTESIAN_POINT('',(8.68001628348475,-4.2299999992762,1.69124163816268));
#12127=VECTOR('',#15920,1000.0);
#12128=AXIS2_PLACEMENT_3D('',#15921,#15922,#15923);
#12129=CARTESIAN_POINT('',(8.85001628348474,-2.24435244718949,3.43466505688608));
#12130=CARTESIAN_POINT('',(8.85001628348474,-3.4299999992762,3.43466505748948));
#12131=CARTESIAN_POINT('',(8.85001628348474,-1.71499999915477,3.43466505688608));
#12132=VECTOR('',#15924,1.0);
#12133=CARTESIAN_POINT('',(8.68001628348474,-2.2730639278746,3.41808847579446));
#12134=AXIS2_PLACEMENT_3D('',#15925,#15926,#15927);
#12135=CARTESIAN_POINT('',(8.68001628348474,9.66658595710165E-10,3.41808847515507));
#12136=CARTESIAN_POINT('',(8.68001628348475,-4.2299999992762,3.41808847560948));
#12137=VECTOR('',#15928,1000.0);
#12138=CARTESIAN_POINT('',(8.405870314962,9.37499616099231E-10,3.31435865166925));
#12139=AXIS2_PLACEMENT_3D('',#15929,#15930,#15931);
#12140=CARTESIAN_POINT('',(8.42083660827702,-3.4299999990601,3.32291293821921));
#12141=AXIS2_PLACEMENT_3D('',#15932,#15933,#15934);
#12142=AXIS2_PLACEMENT_3D('',#15935,#15936,#15937);
#12143=CARTESIAN_POINT('',(8.85001628348474,-4.22999999927655,1.91466505748958));
#12144=CARTESIAN_POINT('',(8.85001628348474,-3.4299999992762,1.67466505748948));
#12145=VECTOR('',#15938,1.0);
#12146=CARTESIAN_POINT('',(8.85001628348474,-4.22999999927655,3.19466505748938));
#12147=AXIS2_PLACEMENT_3D('',#15939,#15940,#15941);
#12148=CARTESIAN_POINT('',(8.85001628348474,-3.4299999992762,3.43466505748948));
#12149=VECTOR('',#15942,1.0);
#12150=CARTESIAN_POINT('',(8.42243395452815,-3.79608247029221,3.19524548260022));
#12151=CARTESIAN_POINT('',(8.42243395452781,-3.7960824702144,3.19524548260056));
#12152=CARTESIAN_POINT('',(8.42190301536502,-3.67440094959991,3.23878070107256));
#12153=CARTESIAN_POINT('',(8.42137029577227,-3.5523113870828,3.28118010773195));
#12154=CARTESIAN_POINT('',(8.42083660827701,-3.4299999990601,3.3229129382192));
#12155=CARTESIAN_POINT('',(8.22248608373907,-3.8075932007783,2.99519716110424));
#12156=CARTESIAN_POINT('',(8.42243395452789,-3.79608247023185,3.19524548264931));
#12157=CARTESIAN_POINT('',(8.42264072101438,-3.84346954573535,3.17829133322752));
#12158=CARTESIAN_POINT('',(8.41952270721671,-3.91493024089528,3.15010167830981));
#12159=CARTESIAN_POINT('',(8.4052909127487,-4.0005111142226,3.107165653969));
#12160=CARTESIAN_POINT('',(8.37210998317186,-4.06506073403744,3.05344405413917));
#12161=CARTESIAN_POINT('',(8.31262830884333,-4.01220956198136,3.01250795854022));
#12162=CARTESIAN_POINT('',(8.26851695736772,-3.92504773357088,2.99865149128669));
#12163=CARTESIAN_POINT('',(8.23966152976554,-3.85484605142353,2.99499097973475));
#12164=CARTESIAN_POINT('',(8.22248608335296,-3.8075932008705,2.99519716053181));
#12165=CARTESIAN_POINT('',(8.08917652714102,-3.4299999991519,2.99684473260423));
#12166=CARTESIAN_POINT('',(8.08917652714102,-3.4299999991519,2.99684473260423));
#12167=CARTESIAN_POINT('',(8.13264651603293,-3.5562014649781,2.99629407137025));
#12168=CARTESIAN_POINT('',(8.17688817580324,-3.682144867494,2.99574453615695));
#12169=CARTESIAN_POINT('',(8.22248608373885,-3.807593200728,2.99519716110446));
#12170=CARTESIAN_POINT('',(8.08917652735096,-3.42999999932966,2.1124853818688));
#12171=AXIS2_PLACEMENT_3D('',#15943,#15944,#15945);
#12172=CARTESIAN_POINT('',(8.26476401276998,-3.9225982867091,2.11463476659834));
#12173=CARTESIAN_POINT('',(8.08917652772533,-3.42999999920085,2.1124853818429));
#12174=CARTESIAN_POINT('',(8.14595039342372,-3.59482509465806,2.11320457155844));
#12175=CARTESIAN_POINT('',(8.20397275611411,-3.75920516974511,2.11392181919963));
#12176=CARTESIAN_POINT('',(8.26476401404807,-3.92259828625935,2.11463476068867));
#12177=CARTESIAN_POINT('',(8.2649905300947,-3.92320702226193,2.11463741684697));
#12178=CARTESIAN_POINT('',(8.26476409692638,-3.9225982560508,2.11463463537796));
#12179=CARTESIAN_POINT('',(8.28244800238957,-3.97016809504243,2.11486175462003));
#12180=CARTESIAN_POINT('',(8.31159515227857,-4.03759583705463,2.1108490739134));
#12181=CARTESIAN_POINT('',(8.36094063986369,-4.1314826623212,2.09578762667376));
#12182=CARTESIAN_POINT('',(8.42602637689803,-4.15249390801966,2.04289941076822));
#12183=CARTESIAN_POINT('',(8.44798212023166,-4.07876143241401,1.99946029871294));
#12184=CARTESIAN_POINT('',(8.46272018462086,-3.99264011667373,1.95771087807036));
#12185=CARTESIAN_POINT('',(8.46497607207156,-3.9203258854214,1.93099865904255));
#12186=CARTESIAN_POINT('',(8.46476788403187,-3.8726129898421,1.91441856195217));
#12187=CARTESIAN_POINT('',(8.46476788402704,-3.87261298873595,1.914418561552));
#12188=CARTESIAN_POINT('',(8.26476409692638,-3.9225982560508,2.11463463537796));
#12189=CARTESIAN_POINT('',(8.28244800238957,-3.97016809504243,2.11486175462003));
#12190=CARTESIAN_POINT('',(8.31159515227857,-4.03759583705463,2.1108490739134));
#12191=CARTESIAN_POINT('',(8.36094063986369,-4.1314826623212,2.09578762667376));
#12192=CARTESIAN_POINT('',(8.42602637689803,-4.15249390801966,2.04289941076822));
#12193=CARTESIAN_POINT('',(8.44798212023166,-4.07876143241401,1.99946029871294));
#12194=CARTESIAN_POINT('',(8.46272018462086,-3.99264011667373,1.95771087807036));
#12195=CARTESIAN_POINT('',(8.46497607207156,-3.9203258854214,1.93099865904255));
#12196=CARTESIAN_POINT('',(8.46476788403187,-3.8726129898421,1.91441856195217));
#12197=CARTESIAN_POINT('',(8.46476788402706,-3.87261298874084,1.91441856153792));
#12198=CARTESIAN_POINT('',(8.46412582245707,-3.725464250004,1.86328478854031));
#12199=CARTESIAN_POINT('',(8.46348172016746,-3.5778478157513,1.81349285460001));
#12200=CARTESIAN_POINT('',(8.46283660827701,-3.4299999994985,1.76441705891372));
#12201=CARTESIAN_POINT('',(-2.849983716529,-3.4299999992762,1.67466505748979));
#12202=CARTESIAN_POINT('',(-2.849983716529,-2.24435244707173,1.67466505688607));
#12203=CARTESIAN_POINT('',(-2.849983716529,-1.71499999950853,1.67466505688607));
#12204=VECTOR('',#15946,1.0);
#12205=CARTESIAN_POINT('',(-3.30516339173673,-3.42999999948805,1.80153063162789));
#12206=AXIS2_PLACEMENT_3D('',#15947,#15948,#15949);
#12207=CARTESIAN_POINT('',(-3.32012968505115,3.79987929722542E-10,1.81078148516105));
#12208=AXIS2_PLACEMENT_3D('',#15950,#15951,#15952);
#12209=CARTESIAN_POINT('',(-3.029983716529,4.81480514378876E-10,1.69327083773734));
#12210=AXIS2_PLACEMENT_3D('',#15953,#15954,#15955);
#12211=CARTESIAN_POINT('',(-3.029983716529,-2.27657860590885,1.69327083837771));
#12212=CARTESIAN_POINT('',(-3.029983716529,-4.2299999992762,1.69327083819175));
#12213=VECTOR('',#15956,1000.0);
#12214=AXIS2_PLACEMENT_3D('',#15957,#15958,#15959);
#12215=CARTESIAN_POINT('',(-2.849983716529,-2.24435244718949,3.43466505688607));
#12216=CARTESIAN_POINT('',(-2.849983716529,-3.4299999992762,3.43466505748979));
#12217=CARTESIAN_POINT('',(-2.849983716529,-1.71499999915477,3.43466505688607));
#12218=VECTOR('',#15960,1.0);
#12219=CARTESIAN_POINT('',(-3.029983716529,-2.27657860542425,3.41605927576636));
#12220=AXIS2_PLACEMENT_3D('',#15961,#15962,#15963);
#12221=CARTESIAN_POINT('',(-3.029983716529,9.66100014502395E-10,3.41605927512598));
#12222=CARTESIAN_POINT('',(-3.029983716529,-4.2299999992762,3.41605927558039));
#12223=VECTOR('',#15964,1000.0);
#12224=CARTESIAN_POINT('',(-3.32012968505174,9.32999741466378E-10,3.2985486281563));
#12225=AXIS2_PLACEMENT_3D('',#15965,#15966,#15967);
#12226=CARTESIAN_POINT('',(-3.30516339173673,-3.42999999906435,3.30779948316507));
#12227=AXIS2_PLACEMENT_3D('',#15968,#15969,#15970);
#12228=AXIS2_PLACEMENT_3D('',#15971,#15972,#15973);
#12229=CARTESIAN_POINT('',(-2.849983716529,-4.22999999927655,1.9146650574899));
#12230=CARTESIAN_POINT('',(-2.849983716529,-3.4299999992762,1.67466505748979));
#12231=VECTOR('',#15974,1.0);
#12232=CARTESIAN_POINT('',(-2.849983716529,-4.22999999927655,3.19466505748969));
#12233=AXIS2_PLACEMENT_3D('',#15975,#15976,#15977);
#12234=CARTESIAN_POINT('',(-2.849983716529,-3.4299999992762,3.43466505748979));
#12235=VECTOR('',#15978,1.0);
#12236=CARTESIAN_POINT('',(-3.30378475697651,-3.7459578069531,3.19546419407702));
#12237=CARTESIAN_POINT('',(-3.30516339173673,-3.4299999990644,3.30779948316507));
#12238=CARTESIAN_POINT('',(-3.30470274647655,-3.5355714461369,3.27107139758606));
#12239=CARTESIAN_POINT('',(-3.30424298849529,-3.6409395451494,3.23374538571978));
#12240=CARTESIAN_POINT('',(-3.30378475697694,-3.745957806855,3.19546419407745));
#12241=CARTESIAN_POINT('',(-3.50383190168332,-3.73471677582145,2.99551514649237));
#12242=CARTESIAN_POINT('',(-3.30378475697684,-3.74595780687775,3.19546419413984));
#12243=CARTESIAN_POINT('',(-3.30358014420888,-3.79285128933693,3.17837061101218));
#12244=CARTESIAN_POINT('',(-3.30710710912105,-3.86212207063269,3.14989423323182));
#12245=CARTESIAN_POINT('',(-3.3209538138951,-3.9487424183469,3.10582644245608));
#12246=CARTESIAN_POINT('',(-3.36092520508805,-4.00263623161714,3.04689575769832));
#12247=CARTESIAN_POINT('',(-3.41539402147197,-3.93913670406551,3.01273557878225));
#12248=CARTESIAN_POINT('',(-3.45838266697748,-3.85371480154533,2.9985337351646));
#12249=CARTESIAN_POINT('',(-3.48682177073375,-3.78211482896121,2.99530833156691));
#12250=CARTESIAN_POINT('',(-3.50383190205942,-3.7347167758947,2.9955151459323));
#12251=CARTESIAN_POINT('',(-3.61082347287273,-3.4299999991519,2.99684473260422));
#12252=CARTESIAN_POINT('',(-3.5038319016838,-3.73471677575101,2.99551514649268));
#12253=CARTESIAN_POINT('',(-3.54019490876056,-3.6333927058224,2.99595725892785));
#12254=CARTESIAN_POINT('',(-3.57576453068942,-3.5317826314146,2.99640061930083));
#12255=CARTESIAN_POINT('',(-3.61082347287273,-3.4299999991519,2.99684473260422));
#12256=CARTESIAN_POINT('',(-3.61082347287273,-3.4299999994006,2.11248538218875));
#12257=AXIS2_PLACEMENT_3D('',#15979,#15980,#15981);
#12258=CARTESIAN_POINT('',(-3.50383190144746,-3.7347167759158,2.1138149681139));
#12259=CARTESIAN_POINT('',(-3.50383190168362,-3.734716775999,2.11381496847172));
#12260=CARTESIAN_POINT('',(-3.54019490876039,-3.6333927060706,2.11337285597954));
#12261=CARTESIAN_POINT('',(-3.57576453068943,-3.5317826316631,2.1129294955494));
#12262=CARTESIAN_POINT('',(-3.61082347287273,-3.4299999994006,2.11248538218875));
#12263=CARTESIAN_POINT('',(-3.30378475697736,-3.74595780711755,1.91386592089285));
#12264=CARTESIAN_POINT('',(-3.50383190103683,-3.73471677576855,2.1138149680934));
#12265=CARTESIAN_POINT('',(-3.48689983055387,-3.78189731519267,2.11402083328463));
#12266=CARTESIAN_POINT('',(-3.45874525512685,-3.85301922947788,2.11091638180303));
#12267=CARTESIAN_POINT('',(-3.41582054879352,-3.93814006771147,2.09668956444778));
#12268=CARTESIAN_POINT('',(-3.36218646237141,-4.00232313276634,2.06361606423623));
#12269=CARTESIAN_POINT('',(-3.32115314110187,-3.95004859810312,2.00415038952365));
#12270=CARTESIAN_POINT('',(-3.30720835696484,-3.8628619820052,1.9598059422824));
#12271=CARTESIAN_POINT('',(-3.30357905801024,-3.79310025353554,1.9310502563277));
#12272=CARTESIAN_POINT('',(-3.30378475697602,-3.7459578071938,1.91386592095463));
#12273=CARTESIAN_POINT('',(-3.30516339173673,-3.4299999994881,1.80153063162789));
#12274=CARTESIAN_POINT('',(-3.30470255705787,-3.5356148578292,1.83827381996304));
#12275=CARTESIAN_POINT('',(-3.30424279523524,-3.6409838371923,1.87560087436009));
#12276=CARTESIAN_POINT('',(-3.30378475697694,-3.7459578072157,1.9138659208928));
#12277=CARTESIAN_POINT('',(8.24001818734289,1.80000000001052,2.08966505675973));
#12278=CARTESIAN_POINT('',(8.24000942977568,1.80200707383284,2.0896562992073));
#12279=VECTOR('',#15982,1000.0);
#12280=CARTESIAN_POINT('',(8.44001628348704,1.80000000001052,1.88966696064489));
#12281=AXIS2_PLACEMENT_3D('',#15983,#15984,#15985);
#12282=CARTESIAN_POINT('',(8.44000752591983,1.8020070738329,1.88965820307769));
#12283=VECTOR('',#15986,1000.0);
#12284=CARTESIAN_POINT('',(-3.10911866175517,13.8991273367851,-5.04588161997595));
#12285=CARTESIAN_POINT('',(-2.60998371652901,13.8995636677136,-5.04588257190388));
#12286=CARTESIAN_POINT('',(10.3100162834847,13.8991273367851,-5.04588161997595));
#12287=VECTOR('',#15987,1000.0);
#12288=CARTESIAN_POINT('',(-3.10911866175517,14.0999999986421,-4.84588352387399));
#12289=AXIS2_PLACEMENT_3D('',#15988,#15989,#15990);
#12290=CARTESIAN_POINT('',(-2.60998371652901,14.0999999986421,-4.84588352388806));
#12291=CARTESIAN_POINT('',(3.00001628347787,14.0999999992465,-4.8458835238318));
#12292=VECTOR('',#15991,1000.0);
#12293=AXIS2_PLACEMENT_3D('',#15992,#15993,#15994);
#12294=CARTESIAN_POINT('',(8.61001628348475,13.8995636677136,-5.04588257190388));
#12295=CARTESIAN_POINT('',(9.10915122872467,13.8991273367851,-5.04588161997595));
#12296=CARTESIAN_POINT('',(10.3100162834847,13.8991273367851,-5.04588161997595));
#12297=VECTOR('',#15995,1000.0);
#12298=CARTESIAN_POINT('',(8.61001628348475,14.0999999986421,-4.84588352388806));
#12299=AXIS2_PLACEMENT_3D('',#15996,#15997,#15998);
#12300=CARTESIAN_POINT('',(9.10915122872467,14.0999999986421,-4.84588352388806));
#12301=CARTESIAN_POINT('',(3.00001628347787,14.0999999992465,-4.8458835238318));
#12302=VECTOR('',#15999,1000.0);
#12303=AXIS2_PLACEMENT_3D('',#16000,#16001,#16002);
#12304=CARTESIAN_POINT('',(10.1091417094466,13.8995636701312,3.94878952649918));
#12305=CARTESIAN_POINT('',(-4.10910914247715,13.8995636701312,3.94878952649918));
#12306=CARTESIAN_POINT('',(-4.30998371651525,13.8991273392027,3.94878857457126));
#12307=VECTOR('',#16003,1000.0);
#12308=CARTESIAN_POINT('',(10.1091417094466,14.1000000010597,3.74879047837085));
#12309=AXIS2_PLACEMENT_3D('',#16004,#16005,#16006);
#12310=CARTESIAN_POINT('',(-4.10910914247715,14.1000000010597,3.74879047837085));
#12311=CARTESIAN_POINT('',(3.00001628347787,14.1000000004553,3.74879047842711));
#12312=VECTOR('',#16007,1000.0);
#12313=AXIS2_PLACEMENT_3D('',#16008,#16009,#16010);
#12314=CARTESIAN_POINT('',(8.41001628348475,13.8999999986421,-4.8458835238318));
#12315=AXIS2_PLACEMENT_3D('',#16011,#16012,#16013);
#12316=AXIS2_PLACEMENT_3D('',#16014,#16015,#16016);
#12317=CARTESIAN_POINT('',(5.24230769226667,2.79999999985318,0.199999999519588));
#12318=CARTESIAN_POINT('',(5.24230769227531,2.79999999985318,-0.200000000480412));
#12319=CARTESIAN_POINT('',(5.24230769224073,2.79999999985318,1.39983252759192));
#12320=VECTOR('',#16017,1.0);
#12321=CARTESIAN_POINT('',(5.24999999997502,2.90000000006162,0.199999999491488));
#12322=CARTESIAN_POINT('',(5.24999999997502,2.90000000006162,0.199999999491488));
#12323=VECTOR('',#16018,1000.0);
#12324=CARTESIAN_POINT('',(5.24999999997502,2.89999999994921,-0.200000000508512));
#12325=CARTESIAN_POINT('',(5.24999999997502,2.89999999994921,-0.200000000508512));
#12326=VECTOR('',#16019,1000.0);
#12327=CARTESIAN_POINT('',(5.24999999997502,2.89999999994921,-0.200000000508512));
#12328=VECTOR('',#16020,1000.0);
#12329=CARTESIAN_POINT('',(6.24999999997473,3.79940054905075E-10,-0.199999999693589));
#12330=CARTESIAN_POINT('',(5.74999999997473,3.79940054905075E-10,-0.199999999693589));
#12331=CARTESIAN_POINT('',(4.62500814172647,3.79940054905075E-10,-0.199999999693588));
#12332=VECTOR('',#16021,1.0);
#12333=CARTESIAN_POINT('',(6.24999999997444,-2.95000000005089,-0.199999998864614));
#12334=CARTESIAN_POINT('',(6.24999999997507,3.39999999994911,-0.200000000649016));
#12335=VECTOR('',#16022,1000.0);
#12336=CARTESIAN_POINT('',(5.74999999997444,-2.95000000005084,-0.199999998864614));
#12337=CARTESIAN_POINT('',(5.74999999997444,-2.95000000005084,-0.199999998864614));
#12338=VECTOR('',#16023,1000.0);
#12339=CARTESIAN_POINT('',(5.74999999997507,3.39999999994916,-0.200000000649016));
#12340=VECTOR('',#16024,1000.0);
#12341=CARTESIAN_POINT('',(6.75769230767469,2.79999999985318,-0.200000000480411));
#12342=CARTESIAN_POINT('',(4.62500814172647,2.79999999985318,-0.200000000480411));
#12343=VECTOR('',#16025,1.0);
#12344=CARTESIAN_POINT('',(5.59999999997502,2.89999999994918,-0.200000000508512));
#12345=CARTESIAN_POINT('',(6.24999999997502,2.89999999994911,-0.200000000508512));
#12346=VECTOR('',#16026,1000.0);
#12347=CARTESIAN_POINT('',(5.74999999997503,3.04999999994916,-0.200000000550663));
#12348=AXIS2_PLACEMENT_3D('',#16027,#16028,#16029);
#12349=CARTESIAN_POINT('',(5.79999999997503,3.04999999994916,-0.200000000550663));
#12350=CARTESIAN_POINT('',(5.79999999997503,3.04999999994916,-0.200000000550663));
#12351=VECTOR('',#16030,1000.0);
#12352=CARTESIAN_POINT('',(5.79999999997546,7.39997129116642,-0.200000001773041));
#12353=CARTESIAN_POINT('',(5.79999999997551,7.84999999994916,-0.200000001899503));
#12354=VECTOR('',#16031,1000.0);
#12355=CARTESIAN_POINT('',(6.19999999997546,7.39997129116638,-0.200000001773041));
#12356=CARTESIAN_POINT('',(9.99999999997546,7.399971291166,-0.200000001773041));
#12357=VECTOR('',#16032,1000.0);
#12358=CARTESIAN_POINT('',(6.19999999997503,3.04999999994912,-0.200000000550663));
#12359=CARTESIAN_POINT('',(6.1999999999755,7.84999999994912,-0.200000001899503));
#12360=VECTOR('',#16033,1000.0);
#12361=CARTESIAN_POINT('',(6.24999999997503,3.04999999994911,-0.200000000550664));
#12362=CARTESIAN_POINT('',(6.24999999997503,3.04999999994911,-0.200000000550664));
#12363=VECTOR('',#16034,1000.0);
#12364=CARTESIAN_POINT('',(6.39999999997502,2.8999999999491,-0.200000000508512));
#12365=AXIS2_PLACEMENT_3D('',#16035,#16036,#16037);
#12366=CARTESIAN_POINT('',(6.74999999997502,2.89999999994906,-0.200000000508512));
#12367=CARTESIAN_POINT('',(6.24999999997502,2.89999999994911,-0.200000000508512));
#12368=VECTOR('',#16038,1000.0);
#12369=CARTESIAN_POINT('',(6.79999999997495,2.24999999994906,-0.200000000325856));
#12370=VECTOR('',#16039,1000.0);
#12371=CARTESIAN_POINT('',(5.74999999997473,3.79940103890947E-10,0.200000000306411));
#12372=CARTESIAN_POINT('',(6.24999999997473,3.79940103890947E-10,0.200000000306411));
#12373=CARTESIAN_POINT('',(4.62500814172647,3.79940103890947E-10,0.200000000306412));
#12374=VECTOR('',#16040,1.0);
#12375=CARTESIAN_POINT('',(5.74999999997444,-2.94999999993844,0.200000001135386));
#12376=CARTESIAN_POINT('',(5.74999999997502,2.90000000006156,0.199999999491488));
#12377=VECTOR('',#16041,1000.0);
#12378=CARTESIAN_POINT('',(6.24999999997444,-2.94999999993848,0.200000001135386));
#12379=CARTESIAN_POINT('',(6.12499999997444,-2.94999999993847,0.200000001135386));
#12380=VECTOR('',#16042,1000.0);
#12381=CARTESIAN_POINT('',(6.24999999997507,3.40000000006151,0.199999999350984));
#12382=VECTOR('',#16043,1000.0);
#12383=CARTESIAN_POINT('',(6.24999999997473,3.79939979568788E-10,-0.815167472108678));
#12384=VECTOR('',#16044,1.0);
#12385=CARTESIAN_POINT('',(6.24999999997444,-2.95000000005089,-0.199999998864614));
#12386=VECTOR('',#16045,1000.0);
#12387=CARTESIAN_POINT('',(6.75769230768333,2.79999999985318,0.199999999519588));
#12388=CARTESIAN_POINT('',(6.75769230770927,2.79999999985318,1.39983252761895));
#12389=VECTOR('',#16046,1.0);
#12390=CARTESIAN_POINT('',(6.74999999997501,2.90000000006146,0.199999999491488));
#12391=CARTESIAN_POINT('',(6.74999999997502,2.89999999994906,-0.200000000508512));
#12392=VECTOR('',#16047,1000.0);
#12393=CARTESIAN_POINT('',(6.79999999997495,2.25000000006146,0.199999999674143));
#12394=VECTOR('',#16048,1000.0);
#12395=CARTESIAN_POINT('',(5.8749999999744,-3.42000000002977,-0.124999998732541));
#12396=CARTESIAN_POINT('',(5.88758259340821,-3.46731055133882,-0.117450442658953));
#12397=VECTOR('',#16049,1000.0);
#12398=CARTESIAN_POINT('',(6.1249999999744,-3.4200000000298,-0.124999998732541));
#12399=CARTESIAN_POINT('',(6.23451373113281,-3.0082283708928,-0.190708237543276));
#12400=VECTOR('',#16050,1000.0);
#12401=CARTESIAN_POINT('',(5.7499999999744,-3.42000000002976,-0.124999998732541));
#12402=VECTOR('',#16051,1000.0);
#12403=CARTESIAN_POINT('',(5.8749999999744,-3.41999999995952,0.125000001267459));
#12404=CARTESIAN_POINT('',(5.87209632456659,-3.40908218042569,0.126742206509074));
#12405=VECTOR('',#16052,1000.0);
#12406=CARTESIAN_POINT('',(6.1249999999744,-3.41999999995955,0.125000001267459));
#12407=CARTESIAN_POINT('',(5.8749999999744,-3.41999999995952,0.125000001267459));
#12408=VECTOR('',#16053,1000.0);
#12409=CARTESIAN_POINT('',(6.24999999997444,-2.94999999993848,0.200000001135386));
#12410=VECTOR('',#16054,1000.0);
#12411=CARTESIAN_POINT('',(6.1249999999744,-3.41999999993847,0.200000001267459));
#12412=VECTOR('',#16055,1000.0);
#12413=CARTESIAN_POINT('',(5.74999999997444,-2.95000000005084,-0.199999998864614));
#12414=VECTOR('',#16056,1000.0);
#12415=CARTESIAN_POINT('',(5.8749999999744,-3.41999999993844,0.200000001267459));
#12416=VECTOR('',#16057,1000.0);
#12417=CARTESIAN_POINT('',(5.89311639003354,8.66619548681849,0.0870271492228035));
#12418=CARTESIAN_POINT('',(5.94042078948729,8.70000000001651,0.0397227497595782));
#12419=AXIS2_PLACEMENT_3D('',#16058,#16059,#16060);
#12420=CARTESIAN_POINT('',(5.94042078948729,8.69999999999418,-0.0397227540363148));
#12421=CARTESIAN_POINT('',(5.94042078948729,8.69999999998427,-0.0750000021383687));
#12422=VECTOR('',#16061,1000.0);
#12423=CARTESIAN_POINT('',(5.89311639003354,8.66619548676957,-0.0870271534805414));
#12424=AXIS2_PLACEMENT_3D('',#16062,#16063,#16064);
#12425=CARTESIAN_POINT('',(5.89153066878342,8.66047645441689,-0.0889723072362142));
#12426=AXIS2_PLACEMENT_3D('',#16065,#16066,#16067);
#12427=CARTESIAN_POINT('',(5.89153066878342,8.66047645446689,0.0889723029816917));
#12428=CARTESIAN_POINT('',(5.89153066878342,8.6604764547229,0.999999997872738));
#12429=VECTOR('',#16068,1000.0);
#12430=AXIS2_PLACEMENT_3D('',#16069,#16070,#16071);
#12431=CARTESIAN_POINT('',(6.05957921046389,8.69999999999417,-0.0397227540363148));
#12432=CARTESIAN_POINT('',(6.10688360991764,8.66619548676955,-0.0870271534805414));
#12433=AXIS2_PLACEMENT_3D('',#16072,#16073,#16074);
#12434=CARTESIAN_POINT('',(9.99999999997558,8.66619548676917,-0.0870271534805418));
#12435=VECTOR('',#16075,1000.0);
#12436=CARTESIAN_POINT('',(9.99999999997559,8.69999999999378,-0.0397227540363153));
#12437=VECTOR('',#16076,1000.0);
#12438=CARTESIAN_POINT('',(6.10688360991764,8.66619548681846,0.0870271492228035));
#12439=CARTESIAN_POINT('',(6.05957921046389,8.7000000000165,0.0397227497595782));
#12440=AXIS2_PLACEMENT_3D('',#16077,#16078,#16079);
#12441=CARTESIAN_POINT('',(9.99999999997559,8.70000000001611,0.0397227497595778));
#12442=VECTOR('',#16080,1000.0);
#12443=CARTESIAN_POINT('',(9.99999999997558,8.66619548681808,0.0870271492228031));
#12444=VECTOR('',#16081,1000.0);
#12445=CARTESIAN_POINT('',(6.05957921046389,8.69999999998426,-0.0750000021383687));
#12446=VECTOR('',#16082,1000.0);
#12447=CARTESIAN_POINT('',(6.10846933116776,8.66047645446687,0.0889723029816917));
#12448=AXIS2_PLACEMENT_3D('',#16083,#16084,#16085);
#12449=CARTESIAN_POINT('',(6.10846933116776,8.66047645441687,-0.0889723072362142));
#12450=CARTESIAN_POINT('',(6.10846933116776,8.66047645472288,0.999999997872747));
#12451=VECTOR('',#16086,1000.0);
#12452=AXIS2_PLACEMENT_3D('',#16087,#16088,#16089);
#12453=CARTESIAN_POINT('',(6.18495452378942,8.30354555549483,-0.162825985725784));
#12454=AXIS2_PLACEMENT_3D('',#16090,#16091,#16092);
#12455=CARTESIAN_POINT('',(6.18495452378943,8.30354555558634,0.162825981671863));
#12456=AXIS2_PLACEMENT_3D('',#16093,#16094,#16095);
#12457=CARTESIAN_POINT('',(6.22375389590063,8.12248181907109,0.176246102098824));
#12458=AXIS2_PLACEMENT_3D('',#16096,#16097,#16098);
#12459=CARTESIAN_POINT('',(6.24999999997552,8.00000000004747,0.149999998058331));
#12460=CARTESIAN_POINT('',(6.36355703627863,7.47006716393416,0.0364429619040935));
#12461=VECTOR('',#16099,1000.0);
#12462=CARTESIAN_POINT('',(6.24999999997552,7.99999999996316,-0.150000001941654));
#12463=CARTESIAN_POINT('',(6.24999999997552,8.00000000028632,0.999999998058346));
#12464=VECTOR('',#16100,1000.0);
#12465=CARTESIAN_POINT('',(6.22375389590062,8.12248181897203,-0.17624610605099));
#12466=CARTESIAN_POINT('',(6.8976635513771,4.97757009360305,0.497663550309539));
#12467=VECTOR('',#16101,1000.0);
#12468=AXIS2_PLACEMENT_3D('',#16102,#16103,#16104);
#12469=CARTESIAN_POINT('',(5.81504547616168,8.30354555558637,0.162825981671863));
#12470=AXIS2_PLACEMENT_3D('',#16105,#16106,#16107);
#12471=CARTESIAN_POINT('',(5.81504547616168,8.30354555549486,-0.162825985725784));
#12472=AXIS2_PLACEMENT_3D('',#16108,#16109,#16110);
#12473=CARTESIAN_POINT('',(5.77624610405045,8.12248181897211,-0.176246106050984));
#12474=AXIS2_PLACEMENT_3D('',#16111,#16112,#16113);
#12475=CARTESIAN_POINT('',(5.74999999997552,7.99999999996321,-0.150000001941654));
#12476=CARTESIAN_POINT('',(5.76962616819983,8.09158878500443,-0.169626170191694));
#12477=VECTOR('',#16114,1000.0);
#12478=CARTESIAN_POINT('',(5.74999999997552,8.00000000004751,0.149999998058331));
#12479=CARTESIAN_POINT('',(5.74999999997552,8.00000000028637,0.999999998058337));
#12480=VECTOR('',#16115,1000.0);
#12481=CARTESIAN_POINT('',(5.77624610405044,8.12248181907114,0.176246102098824));
#12482=CARTESIAN_POINT('',(5.63644296367231,7.47006716393423,0.0364429619040926));
#12483=VECTOR('',#16116,1000.0);
#12484=AXIS2_PLACEMENT_3D('',#16117,#16118,#16119);
#12485=CARTESIAN_POINT('',(5.79999999997546,7.39997129127882,0.199999998226947));
#12486=AXIS2_PLACEMENT_3D('',#16120,#16121,#16122);
#12487=CARTESIAN_POINT('',(6.19999999997546,7.39997129127877,0.199999998226947));
#12488=CARTESIAN_POINT('',(9.99999999997546,7.3999712912784,0.199999998226947));
#12489=VECTOR('',#16123,1000.0);
#12490=AXIS2_PLACEMENT_3D('',#16124,#16125,#16126);
#12491=CARTESIAN_POINT('',(9.99999999997555,8.30354555558596,0.162825981671862));
#12492=VECTOR('',#16127,1000.0);
#12493=CARTESIAN_POINT('',(9.99999999997555,8.30354555549445,-0.162825985725784));
#12494=VECTOR('',#16128,1000.0);
#12495=AXIS2_PLACEMENT_3D('',#16129,#16130,#16131);
#12496=AXIS2_PLACEMENT_3D('',#16132,#16133,#16134);
#12497=CARTESIAN_POINT('',(6.24999999997503,3.05000000004747,0.149999999449337));
#12498=CARTESIAN_POINT('',(6.24999999997503,3.04999999996316,-0.150000000550663));
#12499=CARTESIAN_POINT('',(6.24999999997503,3.04999999994911,-0.200000000550664));
#12500=VECTOR('',#16135,1000.0);
#12501=CARTESIAN_POINT('',(6.24999999997503,3.05000000006152,0.199999999449337));
#12502=CARTESIAN_POINT('',(6.24999999997503,3.04999999994911,-0.200000000550664));
#12503=VECTOR('',#16136,1000.0);
#12504=CARTESIAN_POINT('',(6.39999999997502,2.9000000000615,0.199999999491488));
#12505=AXIS2_PLACEMENT_3D('',#16137,#16138,#16139);
#12506=CARTESIAN_POINT('',(6.39999999997502,2.9000000000615,0.199999999491488));
#12507=VECTOR('',#16140,1000.0);
#12508=CARTESIAN_POINT('',(6.24999999997503,3.04999999996316,-0.150000000550663));
#12509=VECTOR('',#16141,1000.0);
#12510=CARTESIAN_POINT('',(5.59999999997502,2.90000000006158,0.199999999491488));
#12511=CARTESIAN_POINT('',(5.59999999997502,2.89999999994918,-0.200000000508512));
#12512=VECTOR('',#16142,1000.0);
#12513=CARTESIAN_POINT('',(5.74999999997503,3.05000000006157,0.199999999449337));
#12514=AXIS2_PLACEMENT_3D('',#16143,#16144,#16145);
#12515=CARTESIAN_POINT('',(5.74999999997503,3.05000000004752,0.149999999449337));
#12516=CARTESIAN_POINT('',(5.74999999997503,3.05000000004752,0.149999999449337));
#12517=VECTOR('',#16146,1000.0);
#12518=CARTESIAN_POINT('',(5.74999999997503,3.04999999996321,-0.150000000550663));
#12519=CARTESIAN_POINT('',(5.74999999997503,3.05000000006157,0.199999999449337));
#12520=VECTOR('',#16147,1000.0);
#12521=CARTESIAN_POINT('',(5.74999999997503,3.04999999994916,-0.200000000550663));
#12522=VECTOR('',#16148,1000.0);
#12523=CARTESIAN_POINT('',(5.74999999997503,3.04999999996321,-0.150000000550663));
#12524=VECTOR('',#16149,1000.0);
#12525=CARTESIAN_POINT('',(5.7499999999755,7.84999999996321,-0.150000001899503));
#12526=VECTOR('',#16150,1000.0);
#12527=CARTESIAN_POINT('',(6.19999999997503,3.04999999994912,-0.200000000550663));
#12528=VECTOR('',#16151,1000.0);
#12529=CARTESIAN_POINT('',(6.24999999997551,7.84999999996316,-0.150000001899503));
#12530=VECTOR('',#16152,1000.0);
#12531=CARTESIAN_POINT('',(6.19999999997503,3.05000000006152,0.199999999449337));
#12532=CARTESIAN_POINT('',(6.24999999997503,3.05000000004747,0.149999999449337));
#12533=VECTOR('',#16153,1000.0);
#12534=CARTESIAN_POINT('',(6.24999999997503,3.05000000006152,0.199999999449337));
#12535=VECTOR('',#16154,1000.0);
#12536=CARTESIAN_POINT('',(6.1999999999755,7.85000000006152,0.199999998100497));
#12537=VECTOR('',#16155,1000.0);
#12538=CARTESIAN_POINT('',(6.24999999997551,7.85000000004747,0.149999998100497));
#12539=VECTOR('',#16156,1000.0);
#12540=CARTESIAN_POINT('',(5.79999999997503,3.05000000006156,0.199999999449337));
#12541=CARTESIAN_POINT('',(5.79999999997503,3.05000000006156,0.199999999449337));
#12542=VECTOR('',#16157,1000.0);
#12543=CARTESIAN_POINT('',(5.74999999997503,3.05000000006157,0.199999999449337));
#12544=VECTOR('',#16158,1000.0);
#12545=CARTESIAN_POINT('',(5.7499999999755,7.85000000004752,0.149999998100497));
#12546=VECTOR('',#16159,1000.0);
#12547=CARTESIAN_POINT('',(5.79999999997551,7.85000000006156,0.199999998100497));
#12548=VECTOR('',#16160,1000.0);
#12549=CARTESIAN_POINT('',(5.74999999997473,3.79939979568788E-10,-0.815167472038426));
#12550=VECTOR('',#16161,1.0);
#12551=CARTESIAN_POINT('',(6.24999999997502,2.90000000006151,0.199999999491488));
#12552=VECTOR('',#16162,1000.0);
#12553=CARTESIAN_POINT('',(6.24999999997502,2.90000000006151,0.199999999491488));
#12554=VECTOR('',#16163,1000.0);
#12555=CARTESIAN_POINT('',(4.62500814172647,2.79999999985318,0.199999999519589));
#12556=VECTOR('',#16164,1.0);
#12557=CARTESIAN_POINT('',(3.24230769226667,2.79999999985318,0.199999999519588));
#12558=CARTESIAN_POINT('',(3.24230769227531,2.79999999985318,-0.200000000480412));
#12559=CARTESIAN_POINT('',(3.24230769224073,2.79999999985318,1.39983252757031));
#12560=VECTOR('',#16165,1.0);
#12561=CARTESIAN_POINT('',(3.24999999997502,2.90000000006162,0.199999999491488));
#12562=CARTESIAN_POINT('',(3.24999999997502,2.90000000006162,0.199999999491488));
#12563=VECTOR('',#16166,1000.0);
#12564=CARTESIAN_POINT('',(3.24999999997502,2.89999999994921,-0.200000000508512));
#12565=CARTESIAN_POINT('',(3.24999999997502,2.89999999994921,-0.200000000508512));
#12566=VECTOR('',#16167,1000.0);
#12567=CARTESIAN_POINT('',(3.24999999997502,2.89999999994921,-0.200000000508512));
#12568=VECTOR('',#16168,1000.0);
#12569=CARTESIAN_POINT('',(4.24999999997473,3.79940054905075E-10,-0.199999999693589));
#12570=CARTESIAN_POINT('',(3.74999999997473,3.79940054905075E-10,-0.199999999693589));
#12571=CARTESIAN_POINT('',(3.62500814172647,3.79940054905075E-10,-0.199999999693588));
#12572=VECTOR('',#16169,1.0);
#12573=CARTESIAN_POINT('',(4.24999999997444,-2.95000000005089,-0.199999998864614));
#12574=CARTESIAN_POINT('',(4.24999999997507,3.39999999994911,-0.200000000649016));
#12575=VECTOR('',#16170,1000.0);
#12576=CARTESIAN_POINT('',(3.74999999997444,-2.95000000005084,-0.199999998864614));
#12577=CARTESIAN_POINT('',(3.74999999997444,-2.95000000005084,-0.199999998864614));
#12578=VECTOR('',#16171,1000.0);
#12579=CARTESIAN_POINT('',(3.74999999997507,3.39999999994916,-0.200000000649016));
#12580=VECTOR('',#16172,1000.0);
#12581=CARTESIAN_POINT('',(4.75769230767469,2.79999999985318,-0.200000000480411));
#12582=CARTESIAN_POINT('',(3.62500814172647,2.79999999985318,-0.200000000480411));
#12583=VECTOR('',#16173,1.0);
#12584=CARTESIAN_POINT('',(3.59999999997502,2.89999999994918,-0.200000000508512));
#12585=CARTESIAN_POINT('',(4.24999999997502,2.89999999994911,-0.200000000508512));
#12586=VECTOR('',#16174,1000.0);
#12587=CARTESIAN_POINT('',(3.74999999997503,3.04999999994916,-0.200000000550663));
#12588=AXIS2_PLACEMENT_3D('',#16175,#16176,#16177);
#12589=CARTESIAN_POINT('',(3.79999999997503,3.04999999994916,-0.200000000550663));
#12590=CARTESIAN_POINT('',(3.79999999997503,3.04999999994916,-0.200000000550663));
#12591=VECTOR('',#16178,1000.0);
#12592=CARTESIAN_POINT('',(3.79999999997546,7.39997129116642,-0.200000001773041));
#12593=CARTESIAN_POINT('',(3.79999999997551,7.84999999994916,-0.200000001899503));
#12594=VECTOR('',#16179,1000.0);
#12595=CARTESIAN_POINT('',(4.19999999997546,7.39997129116638,-0.200000001773041));
#12596=CARTESIAN_POINT('',(7.99999999997546,7.399971291166,-0.200000001773041));
#12597=VECTOR('',#16180,1000.0);
#12598=CARTESIAN_POINT('',(4.19999999997503,3.04999999994912,-0.200000000550663));
#12599=CARTESIAN_POINT('',(4.1999999999755,7.84999999994912,-0.200000001899503));
#12600=VECTOR('',#16181,1000.0);
#12601=CARTESIAN_POINT('',(4.24999999997503,3.04999999994911,-0.200000000550664));
#12602=CARTESIAN_POINT('',(4.24999999997503,3.04999999994911,-0.200000000550664));
#12603=VECTOR('',#16182,1000.0);
#12604=CARTESIAN_POINT('',(4.39999999997502,2.8999999999491,-0.200000000508512));
#12605=AXIS2_PLACEMENT_3D('',#16183,#16184,#16185);
#12606=CARTESIAN_POINT('',(4.74999999997502,2.89999999994906,-0.200000000508512));
#12607=CARTESIAN_POINT('',(4.24999999997502,2.89999999994911,-0.200000000508512));
#12608=VECTOR('',#16186,1000.0);
#12609=CARTESIAN_POINT('',(4.79999999997495,2.24999999994906,-0.200000000325856));
#12610=VECTOR('',#16187,1000.0);
#12611=CARTESIAN_POINT('',(3.74999999997473,3.79940103890947E-10,0.200000000306411));
#12612=CARTESIAN_POINT('',(4.24999999997473,3.79940103890947E-10,0.200000000306411));
#12613=CARTESIAN_POINT('',(3.62500814172647,3.79940103890947E-10,0.200000000306411));
#12614=VECTOR('',#16188,1.0);
#12615=CARTESIAN_POINT('',(3.74999999997444,-2.94999999993844,0.200000001135386));
#12616=CARTESIAN_POINT('',(3.74999999997502,2.90000000006156,0.199999999491488));
#12617=VECTOR('',#16189,1000.0);
#12618=CARTESIAN_POINT('',(4.24999999997444,-2.94999999993848,0.200000001135386));
#12619=CARTESIAN_POINT('',(4.12499999997444,-2.94999999993847,0.200000001135386));
#12620=VECTOR('',#16190,1000.0);
#12621=CARTESIAN_POINT('',(4.24999999997507,3.40000000006151,0.199999999350984));
#12622=VECTOR('',#16191,1000.0);
#12623=CARTESIAN_POINT('',(4.24999999997473,3.79939979568788E-10,-0.815167472108678));
#12624=VECTOR('',#16192,1.0);
#12625=CARTESIAN_POINT('',(4.24999999997444,-2.95000000005089,-0.199999998864614));
#12626=VECTOR('',#16193,1000.0);
#12627=CARTESIAN_POINT('',(4.75769230768333,2.79999999985318,0.199999999519588));
#12628=CARTESIAN_POINT('',(4.75769230770927,2.79999999985318,1.39983252764056));
#12629=VECTOR('',#16194,1.0);
#12630=CARTESIAN_POINT('',(4.74999999997501,2.90000000006146,0.199999999491488));
#12631=CARTESIAN_POINT('',(4.74999999997502,2.89999999994906,-0.200000000508512));
#12632=VECTOR('',#16195,1000.0);
#12633=CARTESIAN_POINT('',(4.79999999997495,2.25000000006146,0.199999999674143));
#12634=VECTOR('',#16196,1000.0);
#12635=CARTESIAN_POINT('',(3.8749999999744,-3.42000000002977,-0.124999998732541));
#12636=CARTESIAN_POINT('',(3.88758259340821,-3.46731055133882,-0.117450442658953));
#12637=VECTOR('',#16197,1000.0);
#12638=CARTESIAN_POINT('',(4.1249999999744,-3.4200000000298,-0.124999998732541));
#12639=CARTESIAN_POINT('',(4.23451373113281,-3.0082283708928,-0.190708237543276));
#12640=VECTOR('',#16198,1000.0);
#12641=CARTESIAN_POINT('',(3.7499999999744,-3.42000000002976,-0.124999998732541));
#12642=VECTOR('',#16199,1000.0);
#12643=CARTESIAN_POINT('',(3.8749999999744,-3.41999999995952,0.125000001267459));
#12644=CARTESIAN_POINT('',(3.87209632456659,-3.40908218042569,0.126742206509074));
#12645=VECTOR('',#16200,1000.0);
#12646=CARTESIAN_POINT('',(4.1249999999744,-3.41999999995955,0.125000001267459));
#12647=CARTESIAN_POINT('',(3.8749999999744,-3.41999999995952,0.125000001267459));
#12648=VECTOR('',#16201,1000.0);
#12649=CARTESIAN_POINT('',(4.24999999997444,-2.94999999993848,0.200000001135386));
#12650=VECTOR('',#16202,1000.0);
#12651=CARTESIAN_POINT('',(4.1249999999744,-3.41999999993847,0.200000001267459));
#12652=VECTOR('',#16203,1000.0);
#12653=CARTESIAN_POINT('',(3.74999999997444,-2.95000000005084,-0.199999998864614));
#12654=VECTOR('',#16204,1000.0);
#12655=CARTESIAN_POINT('',(3.8749999999744,-3.41999999993844,0.200000001267459));
#12656=VECTOR('',#16205,1000.0);
#12657=CARTESIAN_POINT('',(3.89311639003354,8.66619548681849,0.0870271492228035));
#12658=CARTESIAN_POINT('',(3.94042078948729,8.70000000001651,0.0397227497595782));
#12659=AXIS2_PLACEMENT_3D('',#16206,#16207,#16208);
#12660=CARTESIAN_POINT('',(3.94042078948729,8.69999999999418,-0.0397227540363148));
#12661=CARTESIAN_POINT('',(3.94042078948729,8.69999999998427,-0.0750000021383687));
#12662=VECTOR('',#16209,1000.0);
#12663=CARTESIAN_POINT('',(3.89311639003354,8.66619548676957,-0.0870271534805414));
#12664=AXIS2_PLACEMENT_3D('',#16210,#16211,#16212);
#12665=CARTESIAN_POINT('',(3.89153066878342,8.66047645441689,-0.0889723072362142));
#12666=AXIS2_PLACEMENT_3D('',#16213,#16214,#16215);
#12667=CARTESIAN_POINT('',(3.89153066878342,8.66047645446689,0.0889723029816917));
#12668=CARTESIAN_POINT('',(3.89153066878342,8.6604764547229,0.999999997872738));
#12669=VECTOR('',#16216,1000.0);
#12670=AXIS2_PLACEMENT_3D('',#16217,#16218,#16219);
#12671=CARTESIAN_POINT('',(4.05957921046389,8.69999999999417,-0.0397227540363148));
#12672=CARTESIAN_POINT('',(4.10688360991764,8.66619548676955,-0.0870271534805414));
#12673=AXIS2_PLACEMENT_3D('',#16220,#16221,#16222);
#12674=CARTESIAN_POINT('',(7.99999999997558,8.66619548676917,-0.0870271534805418));
#12675=VECTOR('',#16223,1000.0);
#12676=CARTESIAN_POINT('',(7.99999999997559,8.69999999999378,-0.0397227540363153));
#12677=VECTOR('',#16224,1000.0);
#12678=CARTESIAN_POINT('',(4.10688360991764,8.66619548681846,0.0870271492228035));
#12679=CARTESIAN_POINT('',(4.05957921046389,8.7000000000165,0.0397227497595782));
#12680=AXIS2_PLACEMENT_3D('',#16225,#16226,#16227);
#12681=CARTESIAN_POINT('',(7.99999999997559,8.70000000001611,0.0397227497595778));
#12682=VECTOR('',#16228,1000.0);
#12683=CARTESIAN_POINT('',(7.99999999997558,8.66619548681808,0.0870271492228031));
#12684=VECTOR('',#16229,1000.0);
#12685=CARTESIAN_POINT('',(4.05957921046389,8.69999999998426,-0.0750000021383687));
#12686=VECTOR('',#16230,1000.0);
#12687=CARTESIAN_POINT('',(4.10846933116776,8.66047645446687,0.0889723029816917));
#12688=AXIS2_PLACEMENT_3D('',#16231,#16232,#16233);
#12689=CARTESIAN_POINT('',(4.10846933116776,8.66047645441687,-0.0889723072362142));
#12690=CARTESIAN_POINT('',(4.10846933116776,8.66047645472288,0.999999997872747));
#12691=VECTOR('',#16234,1000.0);
#12692=AXIS2_PLACEMENT_3D('',#16235,#16236,#16237);
#12693=CARTESIAN_POINT('',(4.18495452378942,8.30354555549483,-0.162825985725784));
#12694=AXIS2_PLACEMENT_3D('',#16238,#16239,#16240);
#12695=CARTESIAN_POINT('',(4.18495452378943,8.30354555558634,0.162825981671863));
#12696=AXIS2_PLACEMENT_3D('',#16241,#16242,#16243);
#12697=CARTESIAN_POINT('',(4.22375389590063,8.12248181907109,0.176246102098824));
#12698=AXIS2_PLACEMENT_3D('',#16244,#16245,#16246);
#12699=CARTESIAN_POINT('',(4.24999999997552,8.00000000004747,0.149999998058331));
#12700=CARTESIAN_POINT('',(4.36355703627863,7.47006716393416,0.0364429619040935));
#12701=VECTOR('',#16247,1000.0);
#12702=CARTESIAN_POINT('',(4.24999999997552,7.99999999996316,-0.150000001941654));
#12703=CARTESIAN_POINT('',(4.24999999997552,8.00000000028632,0.999999998058346));
#12704=VECTOR('',#16248,1000.0);
#12705=CARTESIAN_POINT('',(4.22375389590062,8.12248181897203,-0.17624610605099));
#12706=CARTESIAN_POINT('',(4.8976635513771,4.97757009360305,0.497663550309539));
#12707=VECTOR('',#16249,1000.0);
#12708=AXIS2_PLACEMENT_3D('',#16250,#16251,#16252);
#12709=CARTESIAN_POINT('',(3.81504547616168,8.30354555558637,0.162825981671863));
#12710=AXIS2_PLACEMENT_3D('',#16253,#16254,#16255);
#12711=CARTESIAN_POINT('',(3.81504547616168,8.30354555549486,-0.162825985725784));
#12712=AXIS2_PLACEMENT_3D('',#16256,#16257,#16258);
#12713=CARTESIAN_POINT('',(3.77624610405045,8.12248181897211,-0.176246106050984));
#12714=AXIS2_PLACEMENT_3D('',#16259,#16260,#16261);
#12715=CARTESIAN_POINT('',(3.74999999997552,7.99999999996321,-0.150000001941654));
#12716=CARTESIAN_POINT('',(3.76962616819983,8.09158878500443,-0.169626170191694));
#12717=VECTOR('',#16262,1000.0);
#12718=CARTESIAN_POINT('',(3.74999999997552,8.00000000004751,0.149999998058331));
#12719=CARTESIAN_POINT('',(3.74999999997552,8.00000000028637,0.999999998058337));
#12720=VECTOR('',#16263,1000.0);
#12721=CARTESIAN_POINT('',(3.77624610405044,8.12248181907114,0.176246102098824));
#12722=CARTESIAN_POINT('',(3.63644296367231,7.47006716393423,0.0364429619040926));
#12723=VECTOR('',#16264,1000.0);
#12724=AXIS2_PLACEMENT_3D('',#16265,#16266,#16267);
#12725=CARTESIAN_POINT('',(3.79999999997546,7.39997129127882,0.199999998226947));
#12726=AXIS2_PLACEMENT_3D('',#16268,#16269,#16270);
#12727=CARTESIAN_POINT('',(4.19999999997546,7.39997129127877,0.199999998226947));
#12728=CARTESIAN_POINT('',(7.99999999997546,7.3999712912784,0.199999998226947));
#12729=VECTOR('',#16271,1000.0);
#12730=AXIS2_PLACEMENT_3D('',#16272,#16273,#16274);
#12731=CARTESIAN_POINT('',(7.99999999997555,8.30354555558596,0.162825981671862));
#12732=VECTOR('',#16275,1000.0);
#12733=CARTESIAN_POINT('',(7.99999999997555,8.30354555549445,-0.162825985725784));
#12734=VECTOR('',#16276,1000.0);
#12735=AXIS2_PLACEMENT_3D('',#16277,#16278,#16279);
#12736=AXIS2_PLACEMENT_3D('',#16280,#16281,#16282);
#12737=CARTESIAN_POINT('',(4.24999999997503,3.05000000004747,0.149999999449337));
#12738=CARTESIAN_POINT('',(4.24999999997503,3.04999999996316,-0.150000000550663));
#12739=CARTESIAN_POINT('',(4.24999999997503,3.04999999994911,-0.200000000550664));
#12740=VECTOR('',#16283,1000.0);
#12741=CARTESIAN_POINT('',(4.24999999997503,3.05000000006152,0.199999999449337));
#12742=CARTESIAN_POINT('',(4.24999999997503,3.04999999994911,-0.200000000550664));
#12743=VECTOR('',#16284,1000.0);
#12744=CARTESIAN_POINT('',(4.39999999997502,2.9000000000615,0.199999999491488));
#12745=AXIS2_PLACEMENT_3D('',#16285,#16286,#16287);
#12746=CARTESIAN_POINT('',(4.39999999997502,2.9000000000615,0.199999999491488));
#12747=VECTOR('',#16288,1000.0);
#12748=CARTESIAN_POINT('',(4.24999999997503,3.04999999996316,-0.150000000550663));
#12749=VECTOR('',#16289,1000.0);
#12750=CARTESIAN_POINT('',(3.59999999997502,2.90000000006158,0.199999999491488));
#12751=CARTESIAN_POINT('',(3.59999999997502,2.89999999994918,-0.200000000508512));
#12752=VECTOR('',#16290,1000.0);
#12753=CARTESIAN_POINT('',(3.74999999997503,3.05000000006157,0.199999999449337));
#12754=AXIS2_PLACEMENT_3D('',#16291,#16292,#16293);
#12755=CARTESIAN_POINT('',(3.74999999997503,3.05000000004752,0.149999999449337));
#12756=CARTESIAN_POINT('',(3.74999999997503,3.05000000004752,0.149999999449337));
#12757=VECTOR('',#16294,1000.0);
#12758=CARTESIAN_POINT('',(3.74999999997503,3.04999999996321,-0.150000000550663));
#12759=CARTESIAN_POINT('',(3.74999999997503,3.05000000006157,0.199999999449337));
#12760=VECTOR('',#16295,1000.0);
#12761=CARTESIAN_POINT('',(3.74999999997503,3.04999999994916,-0.200000000550663));
#12762=VECTOR('',#16296,1000.0);
#12763=CARTESIAN_POINT('',(3.74999999997503,3.04999999996321,-0.150000000550663));
#12764=VECTOR('',#16297,1000.0);
#12765=CARTESIAN_POINT('',(3.7499999999755,7.84999999996321,-0.150000001899503));
#12766=VECTOR('',#16298,1000.0);
#12767=CARTESIAN_POINT('',(4.19999999997503,3.04999999994912,-0.200000000550663));
#12768=VECTOR('',#16299,1000.0);
#12769=CARTESIAN_POINT('',(4.24999999997551,7.84999999996316,-0.150000001899503));
#12770=VECTOR('',#16300,1000.0);
#12771=CARTESIAN_POINT('',(4.19999999997503,3.05000000006152,0.199999999449337));
#12772=CARTESIAN_POINT('',(4.24999999997503,3.05000000004747,0.149999999449337));
#12773=VECTOR('',#16301,1000.0);
#12774=CARTESIAN_POINT('',(4.24999999997503,3.05000000006152,0.199999999449337));
#12775=VECTOR('',#16302,1000.0);
#12776=CARTESIAN_POINT('',(4.1999999999755,7.85000000006152,0.199999998100497));
#12777=VECTOR('',#16303,1000.0);
#12778=CARTESIAN_POINT('',(4.24999999997551,7.85000000004747,0.149999998100497));
#12779=VECTOR('',#16304,1000.0);
#12780=CARTESIAN_POINT('',(3.79999999997503,3.05000000006156,0.199999999449337));
#12781=CARTESIAN_POINT('',(3.79999999997503,3.05000000006156,0.199999999449337));
#12782=VECTOR('',#16305,1000.0);
#12783=CARTESIAN_POINT('',(3.74999999997503,3.05000000006157,0.199999999449337));
#12784=VECTOR('',#16306,1000.0);
#12785=CARTESIAN_POINT('',(3.7499999999755,7.85000000004752,0.149999998100497));
#12786=VECTOR('',#16307,1000.0);
#12787=CARTESIAN_POINT('',(3.79999999997551,7.85000000006156,0.199999998100497));
#12788=VECTOR('',#16308,1000.0);
#12789=CARTESIAN_POINT('',(3.74999999997473,3.79939979568788E-10,-0.815167472038426));
#12790=VECTOR('',#16309,1.0);
#12791=CARTESIAN_POINT('',(4.24999999997502,2.90000000006151,0.199999999491488));
#12792=VECTOR('',#16310,1000.0);
#12793=CARTESIAN_POINT('',(4.24999999997502,2.90000000006151,0.199999999491488));
#12794=VECTOR('',#16311,1000.0);
#12795=CARTESIAN_POINT('',(3.62500814172647,2.79999999985318,0.199999999519589));
#12796=VECTOR('',#16312,1.0);
#12797=CARTESIAN_POINT('',(1.24230769226667,2.79999999985318,0.199999999519588));
#12798=CARTESIAN_POINT('',(1.24230769227531,2.79999999985318,-0.200000000480412));
#12799=CARTESIAN_POINT('',(1.24230769224073,2.79999999985318,1.39983252754869));
#12800=VECTOR('',#16313,1.0);
#12801=CARTESIAN_POINT('',(1.24999999997502,2.90000000006162,0.199999999491488));
#12802=CARTESIAN_POINT('',(1.24999999997502,2.90000000006162,0.199999999491488));
#12803=VECTOR('',#16314,1000.0);
#12804=CARTESIAN_POINT('',(1.24999999997502,2.89999999994921,-0.200000000508512));
#12805=CARTESIAN_POINT('',(1.24999999997502,2.89999999994921,-0.200000000508512));
#12806=VECTOR('',#16315,1000.0);
#12807=CARTESIAN_POINT('',(1.24999999997502,2.89999999994921,-0.200000000508512));
#12808=VECTOR('',#16316,1000.0);
#12809=CARTESIAN_POINT('',(2.24999999997473,3.79940054905075E-10,-0.199999999693589));
#12810=CARTESIAN_POINT('',(1.74999999997473,3.79940054905075E-10,-0.199999999693589));
#12811=CARTESIAN_POINT('',(2.62500814172647,3.79940054905075E-10,-0.199999999693589));
#12812=VECTOR('',#16317,1.0);
#12813=CARTESIAN_POINT('',(2.24999999997444,-2.95000000005089,-0.199999998864614));
#12814=CARTESIAN_POINT('',(2.24999999997507,3.39999999994911,-0.200000000649016));
#12815=VECTOR('',#16318,1000.0);
#12816=CARTESIAN_POINT('',(1.74999999997444,-2.95000000005084,-0.199999998864614));
#12817=CARTESIAN_POINT('',(1.74999999997444,-2.95000000005084,-0.199999998864614));
#12818=VECTOR('',#16319,1000.0);
#12819=CARTESIAN_POINT('',(1.74999999997507,3.39999999994916,-0.200000000649016));
#12820=VECTOR('',#16320,1000.0);
#12821=CARTESIAN_POINT('',(2.75769230767469,2.79999999985318,-0.200000000480411));
#12822=CARTESIAN_POINT('',(2.62500814172647,2.79999999985318,-0.200000000480412));
#12823=VECTOR('',#16321,1.0);
#12824=CARTESIAN_POINT('',(1.59999999997502,2.89999999994918,-0.200000000508512));
#12825=CARTESIAN_POINT('',(2.24999999997502,2.89999999994911,-0.200000000508512));
#12826=VECTOR('',#16322,1000.0);
#12827=CARTESIAN_POINT('',(1.74999999997503,3.04999999994916,-0.200000000550663));
#12828=AXIS2_PLACEMENT_3D('',#16323,#16324,#16325);
#12829=CARTESIAN_POINT('',(1.79999999997503,3.04999999994916,-0.200000000550663));
#12830=CARTESIAN_POINT('',(1.79999999997503,3.04999999994916,-0.200000000550663));
#12831=VECTOR('',#16326,1000.0);
#12832=CARTESIAN_POINT('',(1.79999999997546,7.39997129116642,-0.200000001773041));
#12833=CARTESIAN_POINT('',(1.79999999997551,7.84999999994916,-0.200000001899503));
#12834=VECTOR('',#16327,1000.0);
#12835=CARTESIAN_POINT('',(2.19999999997546,7.39997129116638,-0.200000001773041));
#12836=CARTESIAN_POINT('',(5.99999999997546,7.399971291166,-0.200000001773041));
#12837=VECTOR('',#16328,1000.0);
#12838=CARTESIAN_POINT('',(2.19999999997503,3.04999999994912,-0.200000000550663));
#12839=CARTESIAN_POINT('',(2.1999999999755,7.84999999994912,-0.200000001899503));
#12840=VECTOR('',#16329,1000.0);
#12841=CARTESIAN_POINT('',(2.24999999997503,3.04999999994911,-0.200000000550664));
#12842=CARTESIAN_POINT('',(2.24999999997503,3.04999999994911,-0.200000000550664));
#12843=VECTOR('',#16330,1000.0);
#12844=CARTESIAN_POINT('',(2.39999999997502,2.8999999999491,-0.200000000508512));
#12845=AXIS2_PLACEMENT_3D('',#16331,#16332,#16333);
#12846=CARTESIAN_POINT('',(2.74999999997502,2.89999999994906,-0.200000000508512));
#12847=CARTESIAN_POINT('',(2.24999999997502,2.89999999994911,-0.200000000508512));
#12848=VECTOR('',#16334,1000.0);
#12849=CARTESIAN_POINT('',(2.79999999997495,2.24999999994906,-0.200000000325856));
#12850=VECTOR('',#16335,1000.0);
#12851=CARTESIAN_POINT('',(1.74999999997473,3.79940103890947E-10,0.200000000306411));
#12852=CARTESIAN_POINT('',(2.24999999997473,3.79940103890947E-10,0.200000000306411));
#12853=CARTESIAN_POINT('',(2.62500814172647,3.79940103890947E-10,0.200000000306411));
#12854=VECTOR('',#16336,1.0);
#12855=CARTESIAN_POINT('',(1.74999999997444,-2.94999999993844,0.200000001135386));
#12856=CARTESIAN_POINT('',(1.74999999997502,2.90000000006156,0.199999999491488));
#12857=VECTOR('',#16337,1000.0);
#12858=CARTESIAN_POINT('',(2.24999999997444,-2.94999999993848,0.200000001135386));
#12859=CARTESIAN_POINT('',(2.12499999997444,-2.94999999993847,0.200000001135386));
#12860=VECTOR('',#16338,1000.0);
#12861=CARTESIAN_POINT('',(2.24999999997507,3.40000000006151,0.199999999350984));
#12862=VECTOR('',#16339,1000.0);
#12863=CARTESIAN_POINT('',(2.24999999997473,3.79939979568788E-10,-0.815167472108678));
#12864=VECTOR('',#16340,1.0);
#12865=CARTESIAN_POINT('',(2.24999999997444,-2.95000000005089,-0.199999998864614));
#12866=VECTOR('',#16341,1000.0);
#12867=CARTESIAN_POINT('',(2.75769230768333,2.79999999985318,0.199999999519588));
#12868=CARTESIAN_POINT('',(2.75769230770927,2.79999999985318,1.39983252766218));
#12869=VECTOR('',#16342,1.0);
#12870=CARTESIAN_POINT('',(2.74999999997501,2.90000000006146,0.199999999491488));
#12871=CARTESIAN_POINT('',(2.74999999997502,2.89999999994906,-0.200000000508512));
#12872=VECTOR('',#16343,1000.0);
#12873=CARTESIAN_POINT('',(2.79999999997495,2.25000000006146,0.199999999674143));
#12874=VECTOR('',#16344,1000.0);
#12875=CARTESIAN_POINT('',(1.8749999999744,-3.42000000002977,-0.124999998732541));
#12876=CARTESIAN_POINT('',(1.88758259340821,-3.46731055133882,-0.117450442658953));
#12877=VECTOR('',#16345,1000.0);
#12878=CARTESIAN_POINT('',(2.1249999999744,-3.4200000000298,-0.124999998732541));
#12879=CARTESIAN_POINT('',(2.23451373113281,-3.0082283708928,-0.190708237543276));
#12880=VECTOR('',#16346,1000.0);
#12881=CARTESIAN_POINT('',(1.7499999999744,-3.42000000002976,-0.124999998732541));
#12882=VECTOR('',#16347,1000.0);
#12883=CARTESIAN_POINT('',(1.8749999999744,-3.41999999995952,0.125000001267459));
#12884=CARTESIAN_POINT('',(1.87209632456659,-3.40908218042569,0.126742206509074));
#12885=VECTOR('',#16348,1000.0);
#12886=CARTESIAN_POINT('',(2.1249999999744,-3.41999999995955,0.125000001267459));
#12887=CARTESIAN_POINT('',(1.8749999999744,-3.41999999995952,0.125000001267459));
#12888=VECTOR('',#16349,1000.0);
#12889=CARTESIAN_POINT('',(2.24999999997444,-2.94999999993848,0.200000001135386));
#12890=VECTOR('',#16350,1000.0);
#12891=CARTESIAN_POINT('',(2.1249999999744,-3.41999999993847,0.200000001267459));
#12892=VECTOR('',#16351,1000.0);
#12893=CARTESIAN_POINT('',(1.74999999997444,-2.95000000005084,-0.199999998864614));
#12894=VECTOR('',#16352,1000.0);
#12895=CARTESIAN_POINT('',(1.8749999999744,-3.41999999993844,0.200000001267459));
#12896=VECTOR('',#16353,1000.0);
#12897=CARTESIAN_POINT('',(1.89311639003354,8.66619548681849,0.0870271492228035));
#12898=CARTESIAN_POINT('',(1.94042078948729,8.70000000001651,0.0397227497595782));
#12899=AXIS2_PLACEMENT_3D('',#16354,#16355,#16356);
#12900=CARTESIAN_POINT('',(1.94042078948729,8.69999999999418,-0.0397227540363148));
#12901=CARTESIAN_POINT('',(1.94042078948729,8.69999999998427,-0.0750000021383687));
#12902=VECTOR('',#16357,1000.0);
#12903=CARTESIAN_POINT('',(1.89311639003354,8.66619548676957,-0.0870271534805414));
#12904=AXIS2_PLACEMENT_3D('',#16358,#16359,#16360);
#12905=CARTESIAN_POINT('',(1.89153066878342,8.66047645441689,-0.0889723072362142));
#12906=AXIS2_PLACEMENT_3D('',#16361,#16362,#16363);
#12907=CARTESIAN_POINT('',(1.89153066878342,8.66047645446689,0.0889723029816917));
#12908=CARTESIAN_POINT('',(1.89153066878342,8.6604764547229,0.999999997872738));
#12909=VECTOR('',#16364,1000.0);
#12910=AXIS2_PLACEMENT_3D('',#16365,#16366,#16367);
#12911=CARTESIAN_POINT('',(2.05957921046389,8.69999999999417,-0.0397227540363148));
#12912=CARTESIAN_POINT('',(2.10688360991764,8.66619548676955,-0.0870271534805414));
#12913=AXIS2_PLACEMENT_3D('',#16368,#16369,#16370);
#12914=CARTESIAN_POINT('',(5.99999999997558,8.66619548676917,-0.0870271534805418));
#12915=VECTOR('',#16371,1000.0);
#12916=CARTESIAN_POINT('',(5.99999999997559,8.69999999999378,-0.0397227540363153));
#12917=VECTOR('',#16372,1000.0);
#12918=CARTESIAN_POINT('',(2.10688360991764,8.66619548681846,0.0870271492228035));
#12919=CARTESIAN_POINT('',(2.05957921046389,8.7000000000165,0.0397227497595782));
#12920=AXIS2_PLACEMENT_3D('',#16373,#16374,#16375);
#12921=CARTESIAN_POINT('',(5.99999999997559,8.70000000001611,0.0397227497595778));
#12922=VECTOR('',#16376,1000.0);
#12923=CARTESIAN_POINT('',(5.99999999997558,8.66619548681808,0.0870271492228031));
#12924=VECTOR('',#16377,1000.0);
#12925=CARTESIAN_POINT('',(2.05957921046389,8.69999999998426,-0.0750000021383687));
#12926=VECTOR('',#16378,1000.0);
#12927=CARTESIAN_POINT('',(2.10846933116776,8.66047645446687,0.0889723029816917));
#12928=AXIS2_PLACEMENT_3D('',#16379,#16380,#16381);
#12929=CARTESIAN_POINT('',(2.10846933116776,8.66047645441687,-0.0889723072362142));
#12930=CARTESIAN_POINT('',(2.10846933116776,8.66047645472288,0.999999997872747));
#12931=VECTOR('',#16382,1000.0);
#12932=AXIS2_PLACEMENT_3D('',#16383,#16384,#16385);
#12933=CARTESIAN_POINT('',(2.18495452378942,8.30354555549483,-0.162825985725784));
#12934=AXIS2_PLACEMENT_3D('',#16386,#16387,#16388);
#12935=CARTESIAN_POINT('',(2.18495452378943,8.30354555558634,0.162825981671863));
#12936=AXIS2_PLACEMENT_3D('',#16389,#16390,#16391);
#12937=CARTESIAN_POINT('',(2.22375389590063,8.12248181907109,0.176246102098824));
#12938=AXIS2_PLACEMENT_3D('',#16392,#16393,#16394);
#12939=CARTESIAN_POINT('',(2.24999999997552,8.00000000004747,0.149999998058331));
#12940=CARTESIAN_POINT('',(2.36355703627863,7.47006716393416,0.0364429619040935));
#12941=VECTOR('',#16395,1000.0);
#12942=CARTESIAN_POINT('',(2.24999999997552,7.99999999996316,-0.150000001941654));
#12943=CARTESIAN_POINT('',(2.24999999997552,8.00000000028632,0.999999998058346));
#12944=VECTOR('',#16396,1000.0);
#12945=CARTESIAN_POINT('',(2.22375389590062,8.12248181897203,-0.17624610605099));
#12946=CARTESIAN_POINT('',(2.8976635513771,4.97757009360305,0.497663550309539));
#12947=VECTOR('',#16397,1000.0);
#12948=AXIS2_PLACEMENT_3D('',#16398,#16399,#16400);
#12949=CARTESIAN_POINT('',(1.81504547616168,8.30354555558637,0.162825981671863));
#12950=AXIS2_PLACEMENT_3D('',#16401,#16402,#16403);
#12951=CARTESIAN_POINT('',(1.81504547616168,8.30354555549486,-0.162825985725784));
#12952=AXIS2_PLACEMENT_3D('',#16404,#16405,#16406);
#12953=CARTESIAN_POINT('',(1.77624610405044,8.12248181897211,-0.176246106050984));
#12954=AXIS2_PLACEMENT_3D('',#16407,#16408,#16409);
#12955=CARTESIAN_POINT('',(1.74999999997552,7.99999999996321,-0.150000001941654));
#12956=CARTESIAN_POINT('',(1.76962616819983,8.09158878500443,-0.169626170191694));
#12957=VECTOR('',#16410,1000.0);
#12958=CARTESIAN_POINT('',(1.74999999997552,8.00000000004751,0.149999998058331));
#12959=CARTESIAN_POINT('',(1.74999999997552,8.00000000028637,0.999999998058337));
#12960=VECTOR('',#16411,1000.0);
#12961=CARTESIAN_POINT('',(1.77624610405044,8.12248181907114,0.176246102098824));
#12962=CARTESIAN_POINT('',(1.63644296367231,7.47006716393423,0.0364429619040926));
#12963=VECTOR('',#16412,1000.0);
#12964=AXIS2_PLACEMENT_3D('',#16413,#16414,#16415);
#12965=CARTESIAN_POINT('',(1.79999999997546,7.39997129127882,0.199999998226947));
#12966=AXIS2_PLACEMENT_3D('',#16416,#16417,#16418);
#12967=CARTESIAN_POINT('',(2.19999999997546,7.39997129127877,0.199999998226947));
#12968=CARTESIAN_POINT('',(5.99999999997546,7.3999712912784,0.199999998226947));
#12969=VECTOR('',#16419,1000.0);
#12970=AXIS2_PLACEMENT_3D('',#16420,#16421,#16422);
#12971=CARTESIAN_POINT('',(5.99999999997555,8.30354555558596,0.162825981671862));
#12972=VECTOR('',#16423,1000.0);
#12973=CARTESIAN_POINT('',(5.99999999997555,8.30354555549445,-0.162825985725784));
#12974=VECTOR('',#16424,1000.0);
#12975=AXIS2_PLACEMENT_3D('',#16425,#16426,#16427);
#12976=AXIS2_PLACEMENT_3D('',#16428,#16429,#16430);
#12977=CARTESIAN_POINT('',(2.24999999997503,3.05000000004747,0.149999999449337));
#12978=CARTESIAN_POINT('',(2.24999999997503,3.04999999996316,-0.150000000550663));
#12979=CARTESIAN_POINT('',(2.24999999997503,3.04999999994911,-0.200000000550664));
#12980=VECTOR('',#16431,1000.0);
#12981=CARTESIAN_POINT('',(2.24999999997503,3.05000000006152,0.199999999449337));
#12982=CARTESIAN_POINT('',(2.24999999997503,3.04999999994911,-0.200000000550664));
#12983=VECTOR('',#16432,1000.0);
#12984=CARTESIAN_POINT('',(2.39999999997502,2.9000000000615,0.199999999491488));
#12985=AXIS2_PLACEMENT_3D('',#16433,#16434,#16435);
#12986=CARTESIAN_POINT('',(2.39999999997502,2.9000000000615,0.199999999491488));
#12987=VECTOR('',#16436,1000.0);
#12988=CARTESIAN_POINT('',(2.24999999997503,3.04999999996316,-0.150000000550663));
#12989=VECTOR('',#16437,1000.0);
#12990=CARTESIAN_POINT('',(1.59999999997502,2.90000000006158,0.199999999491488));
#12991=CARTESIAN_POINT('',(1.59999999997502,2.89999999994918,-0.200000000508512));
#12992=VECTOR('',#16438,1000.0);
#12993=CARTESIAN_POINT('',(1.74999999997503,3.05000000006157,0.199999999449337));
#12994=AXIS2_PLACEMENT_3D('',#16439,#16440,#16441);
#12995=CARTESIAN_POINT('',(1.74999999997503,3.05000000004752,0.149999999449337));
#12996=CARTESIAN_POINT('',(1.74999999997503,3.05000000004752,0.149999999449337));
#12997=VECTOR('',#16442,1000.0);
#12998=CARTESIAN_POINT('',(1.74999999997503,3.04999999996321,-0.150000000550663));
#12999=CARTESIAN_POINT('',(1.74999999997503,3.05000000006157,0.199999999449337));
#13000=VECTOR('',#16443,1000.0);
#13001=CARTESIAN_POINT('',(1.74999999997503,3.04999999994916,-0.200000000550663));
#13002=VECTOR('',#16444,1000.0);
#13003=CARTESIAN_POINT('',(1.74999999997503,3.04999999996321,-0.150000000550663));
#13004=VECTOR('',#16445,1000.0);
#13005=CARTESIAN_POINT('',(1.7499999999755,7.84999999996321,-0.150000001899503));
#13006=VECTOR('',#16446,1000.0);
#13007=CARTESIAN_POINT('',(2.19999999997503,3.04999999994912,-0.200000000550663));
#13008=VECTOR('',#16447,1000.0);
#13009=CARTESIAN_POINT('',(2.24999999997551,7.84999999996316,-0.150000001899503));
#13010=VECTOR('',#16448,1000.0);
#13011=CARTESIAN_POINT('',(2.19999999997503,3.05000000006152,0.199999999449337));
#13012=CARTESIAN_POINT('',(2.24999999997503,3.05000000004747,0.149999999449337));
#13013=VECTOR('',#16449,1000.0);
#13014=CARTESIAN_POINT('',(2.24999999997503,3.05000000006152,0.199999999449337));
#13015=VECTOR('',#16450,1000.0);
#13016=CARTESIAN_POINT('',(2.1999999999755,7.85000000006152,0.199999998100497));
#13017=VECTOR('',#16451,1000.0);
#13018=CARTESIAN_POINT('',(2.24999999997551,7.85000000004747,0.149999998100497));
#13019=VECTOR('',#16452,1000.0);
#13020=CARTESIAN_POINT('',(1.79999999997503,3.05000000006156,0.199999999449337));
#13021=CARTESIAN_POINT('',(1.79999999997503,3.05000000006156,0.199999999449337));
#13022=VECTOR('',#16453,1000.0);
#13023=CARTESIAN_POINT('',(1.74999999997503,3.05000000006157,0.199999999449337));
#13024=VECTOR('',#16454,1000.0);
#13025=CARTESIAN_POINT('',(1.7499999999755,7.85000000004752,0.149999998100497));
#13026=VECTOR('',#16455,1000.0);
#13027=CARTESIAN_POINT('',(1.79999999997551,7.85000000006156,0.199999998100497));
#13028=VECTOR('',#16456,1000.0);
#13029=CARTESIAN_POINT('',(1.74999999997473,3.79939979568788E-10,-0.815167472038426));
#13030=VECTOR('',#16457,1.0);
#13031=CARTESIAN_POINT('',(2.24999999997502,2.90000000006151,0.199999999491488));
#13032=VECTOR('',#16458,1000.0);
#13033=CARTESIAN_POINT('',(2.24999999997502,2.90000000006151,0.199999999491488));
#13034=VECTOR('',#16459,1000.0);
#13035=CARTESIAN_POINT('',(2.62500814172647,2.79999999985318,0.199999999519589));
#13036=VECTOR('',#16460,1.0);
#13037=CARTESIAN_POINT('',(-0.757692307733333,2.79999999985318,0.199999999519588));
#13038=CARTESIAN_POINT('',(-0.757692307724686,2.79999999985318,-0.200000000480412));
#13039=CARTESIAN_POINT('',(-0.757692307759267,2.79999999985318,1.39983252752708));
#13040=VECTOR('',#16461,1.0);
#13041=CARTESIAN_POINT('',(-0.750000000024981,2.90000000006162,0.199999999491488));
#13042=CARTESIAN_POINT('',(-0.750000000024981,2.90000000006162,0.199999999491488));
#13043=VECTOR('',#16462,1000.0);
#13044=CARTESIAN_POINT('',(-0.750000000024981,2.89999999994921,-0.200000000508512));
#13045=CARTESIAN_POINT('',(-0.750000000024981,2.89999999994921,-0.200000000508512));
#13046=VECTOR('',#16463,1000.0);
#13047=CARTESIAN_POINT('',(-0.750000000024981,2.89999999994921,-0.200000000508512));
#13048=VECTOR('',#16464,1000.0);
#13049=CARTESIAN_POINT('',(0.249999999974735,3.79940054905075E-10,-0.199999999693589));
#13050=CARTESIAN_POINT('',(-0.250000000025266,3.79940054905075E-10,-0.199999999693589));
#13051=CARTESIAN_POINT('',(1.62500814172647,3.79940054905075E-10,-0.199999999693589));
#13052=VECTOR('',#16465,1.0);
#13053=CARTESIAN_POINT('',(0.249999999974442,-2.95000000005089,-0.199999998864614));
#13054=CARTESIAN_POINT('',(0.249999999975069,3.39999999994911,-0.200000000649016));
#13055=VECTOR('',#16466,1000.0);
#13056=CARTESIAN_POINT('',(-0.250000000025556,-2.95000000005084,-0.199999998864614));
#13057=CARTESIAN_POINT('',(-0.250000000025556,-2.95000000005084,-0.199999998864614));
#13058=VECTOR('',#16467,1000.0);
#13059=CARTESIAN_POINT('',(-0.250000000024932,3.39999999994916,-0.200000000649016));
#13060=VECTOR('',#16468,1000.0);
#13061=CARTESIAN_POINT('',(0.757692307674686,2.79999999985318,-0.200000000480411));
#13062=CARTESIAN_POINT('',(1.62500814172647,2.79999999985318,-0.200000000480412));
#13063=VECTOR('',#16469,1.0);
#13064=CARTESIAN_POINT('',(-0.400000000024981,2.89999999994918,-0.200000000508512));
#13065=CARTESIAN_POINT('',(0.24999999997502,2.89999999994911,-0.200000000508512));
#13066=VECTOR('',#16470,1000.0);
#13067=CARTESIAN_POINT('',(-0.250000000024967,3.04999999994916,-0.200000000550663));
#13068=AXIS2_PLACEMENT_3D('',#16471,#16472,#16473);
#13069=CARTESIAN_POINT('',(-0.200000000024965,3.04999999994916,-0.200000000550663));
#13070=CARTESIAN_POINT('',(-0.200000000024965,3.04999999994916,-0.200000000550663));
#13071=VECTOR('',#16474,1000.0);
#13072=CARTESIAN_POINT('',(-0.200000000024538,7.39997129116642,-0.200000001773041));
#13073=CARTESIAN_POINT('',(-0.200000000024493,7.84999999994916,-0.200000001899503));
#13074=VECTOR('',#16475,1000.0);
#13075=CARTESIAN_POINT('',(0.199999999975463,7.39997129116638,-0.200000001773041));
#13076=CARTESIAN_POINT('',(3.99999999997546,7.399971291166,-0.200000001773041));
#13077=VECTOR('',#16476,1000.0);
#13078=CARTESIAN_POINT('',(0.199999999975033,3.04999999994912,-0.200000000550663));
#13079=CARTESIAN_POINT('',(0.199999999975504,7.84999999994912,-0.200000001899503));
#13080=VECTOR('',#16477,1000.0);
#13081=CARTESIAN_POINT('',(0.249999999975034,3.04999999994911,-0.200000000550664));
#13082=CARTESIAN_POINT('',(0.249999999975034,3.04999999994911,-0.200000000550664));
#13083=VECTOR('',#16478,1000.0);
#13084=CARTESIAN_POINT('',(0.39999999997502,2.8999999999491,-0.200000000508512));
#13085=AXIS2_PLACEMENT_3D('',#16479,#16480,#16481);
#13086=CARTESIAN_POINT('',(0.749999999975019,2.89999999994906,-0.200000000508512));
#13087=CARTESIAN_POINT('',(0.24999999997502,2.89999999994911,-0.200000000508512));
#13088=VECTOR('',#16482,1000.0);
#13089=CARTESIAN_POINT('',(0.799999999974949,2.24999999994906,-0.200000000325856));
#13090=VECTOR('',#16483,1000.0);
#13091=CARTESIAN_POINT('',(-0.250000000025266,3.79940103890947E-10,0.200000000306411));
#13092=CARTESIAN_POINT('',(0.249999999974735,3.79940103890947E-10,0.200000000306411));
#13093=CARTESIAN_POINT('',(1.62500814172647,3.79940103890947E-10,0.200000000306411));
#13094=VECTOR('',#16484,1.0);
#13095=CARTESIAN_POINT('',(-0.250000000025556,-2.94999999993844,0.200000001135386));
#13096=CARTESIAN_POINT('',(-0.250000000024981,2.90000000006156,0.199999999491488));
#13097=VECTOR('',#16485,1000.0);
#13098=CARTESIAN_POINT('',(0.249999999974442,-2.94999999993848,0.200000001135386));
#13099=CARTESIAN_POINT('',(0.124999999974441,-2.94999999993847,0.200000001135386));
#13100=VECTOR('',#16486,1000.0);
#13101=CARTESIAN_POINT('',(0.249999999975069,3.40000000006151,0.199999999350984));
#13102=VECTOR('',#16487,1000.0);
#13103=CARTESIAN_POINT('',(0.249999999974735,3.79939979568788E-10,-0.815167472108678));
#13104=VECTOR('',#16488,1.0);
#13105=CARTESIAN_POINT('',(0.249999999974444,-2.95000000005089,-0.199999998864614));
#13106=VECTOR('',#16489,1000.0);
#13107=CARTESIAN_POINT('',(0.757692307683333,2.79999999985318,0.199999999519588));
#13108=CARTESIAN_POINT('',(0.757692307709269,2.79999999985318,1.39983252768379));
#13109=VECTOR('',#16490,1.0);
#13110=CARTESIAN_POINT('',(0.749999999975012,2.90000000006146,0.199999999491488));
#13111=CARTESIAN_POINT('',(0.749999999975019,2.89999999994906,-0.200000000508512));
#13112=VECTOR('',#16491,1000.0);
#13113=CARTESIAN_POINT('',(0.799999999974949,2.25000000006146,0.199999999674143));
#13114=VECTOR('',#16492,1000.0);
#13115=CARTESIAN_POINT('',(-0.125000000025601,-3.42000000002977,-0.124999998732541));
#13116=CARTESIAN_POINT('',(-0.112417406591788,-3.46731055133882,-0.117450442658953));
#13117=VECTOR('',#16493,1000.0);
#13118=CARTESIAN_POINT('',(0.124999999974396,-3.4200000000298,-0.124999998732541));
#13119=CARTESIAN_POINT('',(0.23451373113281,-3.0082283708928,-0.190708237543276));
#13120=VECTOR('',#16494,1000.0);
#13121=CARTESIAN_POINT('',(-0.250000000025601,-3.42000000002976,-0.124999998732541));
#13122=VECTOR('',#16495,1000.0);
#13123=CARTESIAN_POINT('',(-0.125000000025601,-3.41999999995952,0.125000001267459));
#13124=CARTESIAN_POINT('',(-0.127903675433409,-3.40908218042569,0.126742206509074));
#13125=VECTOR('',#16496,1000.0);
#13126=CARTESIAN_POINT('',(0.124999999974396,-3.41999999995955,0.125000001267459));
#13127=CARTESIAN_POINT('',(-0.125000000025601,-3.41999999995952,0.125000001267459));
#13128=VECTOR('',#16497,1000.0);
#13129=CARTESIAN_POINT('',(0.249999999974441,-2.94999999993848,0.200000001135386));
#13130=VECTOR('',#16498,1000.0);
#13131=CARTESIAN_POINT('',(0.124999999974396,-3.41999999993847,0.200000001267459));
#13132=VECTOR('',#16499,1000.0);
#13133=CARTESIAN_POINT('',(-0.250000000025556,-2.95000000005084,-0.199999998864614));
#13134=VECTOR('',#16500,1000.0);
#13135=CARTESIAN_POINT('',(-0.125000000025601,-3.41999999993844,0.200000001267459));
#13136=VECTOR('',#16501,1000.0);
#13137=CARTESIAN_POINT('',(-0.106883609966458,8.66619548681849,0.0870271492228035));
#13138=CARTESIAN_POINT('',(-0.0595792105127051,8.70000000001651,0.0397227497595782));
#13139=AXIS2_PLACEMENT_3D('',#16502,#16503,#16504);
#13140=CARTESIAN_POINT('',(-0.0595792105127051,8.69999999999418,-0.0397227540363148));
#13141=CARTESIAN_POINT('',(-0.0595792105127085,8.69999999998427,-0.0750000021383687));
#13142=VECTOR('',#16505,1000.0);
#13143=CARTESIAN_POINT('',(-0.106883609966458,8.66619548676957,-0.0870271534805414));
#13144=AXIS2_PLACEMENT_3D('',#16506,#16507,#16508);
#13145=CARTESIAN_POINT('',(-0.108469331216582,8.66047645441689,-0.0889723072362142));
#13146=AXIS2_PLACEMENT_3D('',#16509,#16510,#16511);
#13147=CARTESIAN_POINT('',(-0.108469331216582,8.66047645446689,0.0889723029816917));
#13148=CARTESIAN_POINT('',(-0.108469331216582,8.6604764547229,0.999999997872738));
#13149=VECTOR('',#16512,1000.0);
#13150=AXIS2_PLACEMENT_3D('',#16513,#16514,#16515);
#13151=CARTESIAN_POINT('',(0.05957921046389,8.69999999999417,-0.0397227540363148));
#13152=CARTESIAN_POINT('',(0.106883609917636,8.66619548676955,-0.0870271534805414));
#13153=AXIS2_PLACEMENT_3D('',#16516,#16517,#16518);
#13154=CARTESIAN_POINT('',(3.99999999997558,8.66619548676917,-0.0870271534805418));
#13155=VECTOR('',#16519,1000.0);
#13156=CARTESIAN_POINT('',(3.99999999997559,8.69999999999378,-0.0397227540363153));
#13157=VECTOR('',#16520,1000.0);
#13158=CARTESIAN_POINT('',(0.106883609917636,8.66619548681846,0.0870271492228035));
#13159=CARTESIAN_POINT('',(0.05957921046389,8.7000000000165,0.0397227497595782));
#13160=AXIS2_PLACEMENT_3D('',#16521,#16522,#16523);
#13161=CARTESIAN_POINT('',(3.99999999997559,8.70000000001611,0.0397227497595778));
#13162=VECTOR('',#16524,1000.0);
#13163=CARTESIAN_POINT('',(3.99999999997558,8.66619548681808,0.0870271492228031));
#13164=VECTOR('',#16525,1000.0);
#13165=CARTESIAN_POINT('',(0.05957921046389,8.69999999998426,-0.0750000021383687));
#13166=VECTOR('',#16526,1000.0);
#13167=CARTESIAN_POINT('',(0.108469331167756,8.66047645446687,0.0889723029816917));
#13168=AXIS2_PLACEMENT_3D('',#16527,#16528,#16529);
#13169=CARTESIAN_POINT('',(0.108469331167756,8.66047645441687,-0.0889723072362142));
#13170=CARTESIAN_POINT('',(0.108469331167756,8.66047645472288,0.999999997872747));
#13171=VECTOR('',#16530,1000.0);
#13172=AXIS2_PLACEMENT_3D('',#16531,#16532,#16533);
#13173=CARTESIAN_POINT('',(0.184954523789423,8.30354555549483,-0.162825985725784));
#13174=AXIS2_PLACEMENT_3D('',#16534,#16535,#16536);
#13175=CARTESIAN_POINT('',(0.184954523789426,8.30354555558634,0.162825981671863));
#13176=AXIS2_PLACEMENT_3D('',#16537,#16538,#16539);
#13177=CARTESIAN_POINT('',(0.223753895900625,8.12248181907109,0.176246102098824));
#13178=AXIS2_PLACEMENT_3D('',#16540,#16541,#16542);
#13179=CARTESIAN_POINT('',(0.249999999975523,8.00000000004747,0.149999998058331));
#13180=CARTESIAN_POINT('',(0.363557036278627,7.47006716393416,0.0364429619040935));
#13181=VECTOR('',#16543,1000.0);
#13182=CARTESIAN_POINT('',(0.249999999975523,7.99999999996316,-0.150000001941654));
#13183=CARTESIAN_POINT('',(0.249999999975523,8.00000000028632,0.999999998058346));
#13184=VECTOR('',#16544,1000.0);
#13185=CARTESIAN_POINT('',(0.223753895900621,8.12248181897203,-0.17624610605099));
#13186=CARTESIAN_POINT('',(0.897663551377097,4.97757009360305,0.497663550309539));
#13187=VECTOR('',#16545,1000.0);
#13188=AXIS2_PLACEMENT_3D('',#16546,#16547,#16548);
#13189=CARTESIAN_POINT('',(-0.184954523838321,8.30354555558637,0.162825981671863));
#13190=AXIS2_PLACEMENT_3D('',#16549,#16550,#16551);
#13191=CARTESIAN_POINT('',(-0.184954523838321,8.30354555549486,-0.162825985725784));
#13192=AXIS2_PLACEMENT_3D('',#16552,#16553,#16554);
#13193=CARTESIAN_POINT('',(-0.223753895949555,8.12248181897211,-0.176246106050984));
#13194=AXIS2_PLACEMENT_3D('',#16555,#16556,#16557);
#13195=CARTESIAN_POINT('',(-0.250000000024481,7.99999999996321,-0.150000001941654));
#13196=CARTESIAN_POINT('',(-0.23037383180017,8.09158878500443,-0.169626170191694));
#13197=VECTOR('',#16558,1000.0);
#13198=CARTESIAN_POINT('',(-0.250000000024481,8.00000000004751,0.149999998058331));
#13199=CARTESIAN_POINT('',(-0.250000000024481,8.00000000028637,0.999999998058337));
#13200=VECTOR('',#16559,1000.0);
#13201=CARTESIAN_POINT('',(-0.223753895949558,8.12248181907114,0.176246102098824));
#13202=CARTESIAN_POINT('',(-0.363557036327688,7.47006716393423,0.0364429619040926));
#13203=VECTOR('',#16560,1000.0);
#13204=AXIS2_PLACEMENT_3D('',#16561,#16562,#16563);
#13205=CARTESIAN_POINT('',(-0.200000000024538,7.39997129127882,0.199999998226947));
#13206=AXIS2_PLACEMENT_3D('',#16564,#16565,#16566);
#13207=CARTESIAN_POINT('',(0.199999999975463,7.39997129127877,0.199999998226947));
#13208=CARTESIAN_POINT('',(3.99999999997546,7.3999712912784,0.199999998226947));
#13209=VECTOR('',#16567,1000.0);
#13210=AXIS2_PLACEMENT_3D('',#16568,#16569,#16570);
#13211=CARTESIAN_POINT('',(3.99999999997555,8.30354555558596,0.162825981671862));
#13212=VECTOR('',#16571,1000.0);
#13213=CARTESIAN_POINT('',(3.99999999997555,8.30354555549445,-0.162825985725784));
#13214=VECTOR('',#16572,1000.0);
#13215=AXIS2_PLACEMENT_3D('',#16573,#16574,#16575);
#13216=AXIS2_PLACEMENT_3D('',#16576,#16577,#16578);
#13217=CARTESIAN_POINT('',(0.249999999975034,3.05000000004747,0.149999999449337));
#13218=CARTESIAN_POINT('',(0.249999999975034,3.04999999996316,-0.150000000550663));
#13219=CARTESIAN_POINT('',(0.249999999975034,3.04999999994911,-0.200000000550664));
#13220=VECTOR('',#16579,1000.0);
#13221=CARTESIAN_POINT('',(0.249999999975034,3.05000000006152,0.199999999449337));
#13222=CARTESIAN_POINT('',(0.249999999975034,3.04999999994911,-0.200000000550664));
#13223=VECTOR('',#16580,1000.0);
#13224=CARTESIAN_POINT('',(0.39999999997502,2.9000000000615,0.199999999491488));
#13225=AXIS2_PLACEMENT_3D('',#16581,#16582,#16583);
#13226=CARTESIAN_POINT('',(0.39999999997502,2.9000000000615,0.199999999491488));
#13227=VECTOR('',#16584,1000.0);
#13228=CARTESIAN_POINT('',(0.249999999975034,3.04999999996316,-0.150000000550663));
#13229=VECTOR('',#16585,1000.0);
#13230=CARTESIAN_POINT('',(-0.400000000024981,2.90000000006158,0.199999999491488));
#13231=CARTESIAN_POINT('',(-0.400000000024981,2.89999999994918,-0.200000000508512));
#13232=VECTOR('',#16586,1000.0);
#13233=CARTESIAN_POINT('',(-0.250000000024967,3.05000000006157,0.199999999449337));
#13234=AXIS2_PLACEMENT_3D('',#16587,#16588,#16589);
#13235=CARTESIAN_POINT('',(-0.250000000024967,3.05000000004752,0.149999999449337));
#13236=CARTESIAN_POINT('',(-0.250000000024967,3.05000000004752,0.149999999449337));
#13237=VECTOR('',#16590,1000.0);
#13238=CARTESIAN_POINT('',(-0.250000000024967,3.04999999996321,-0.150000000550663));
#13239=CARTESIAN_POINT('',(-0.250000000024967,3.05000000006157,0.199999999449337));
#13240=VECTOR('',#16591,1000.0);
#13241=CARTESIAN_POINT('',(-0.250000000024967,3.04999999994916,-0.200000000550663));
#13242=VECTOR('',#16592,1000.0);
#13243=CARTESIAN_POINT('',(-0.250000000024967,3.04999999996321,-0.150000000550663));
#13244=VECTOR('',#16593,1000.0);
#13245=CARTESIAN_POINT('',(-0.250000000024495,7.84999999996321,-0.150000001899503));
#13246=VECTOR('',#16594,1000.0);
#13247=CARTESIAN_POINT('',(0.199999999975033,3.04999999994912,-0.200000000550663));
#13248=VECTOR('',#16595,1000.0);
#13249=CARTESIAN_POINT('',(0.249999999975506,7.84999999996316,-0.150000001899503));
#13250=VECTOR('',#16596,1000.0);
#13251=CARTESIAN_POINT('',(0.199999999975033,3.05000000006152,0.199999999449337));
#13252=CARTESIAN_POINT('',(0.249999999975034,3.05000000004747,0.149999999449337));
#13253=VECTOR('',#16597,1000.0);
#13254=CARTESIAN_POINT('',(0.249999999975034,3.05000000006152,0.199999999449337));
#13255=VECTOR('',#16598,1000.0);
#13256=CARTESIAN_POINT('',(0.199999999975504,7.85000000006152,0.199999998100497));
#13257=VECTOR('',#16599,1000.0);
#13258=CARTESIAN_POINT('',(0.249999999975506,7.85000000004747,0.149999998100497));
#13259=VECTOR('',#16600,1000.0);
#13260=CARTESIAN_POINT('',(-0.200000000024965,3.05000000006156,0.199999999449337));
#13261=CARTESIAN_POINT('',(-0.200000000024965,3.05000000006156,0.199999999449337));
#13262=VECTOR('',#16601,1000.0);
#13263=CARTESIAN_POINT('',(-0.250000000024967,3.05000000006157,0.199999999449337));
#13264=VECTOR('',#16602,1000.0);
#13265=CARTESIAN_POINT('',(-0.250000000024495,7.85000000004752,0.149999998100497));
#13266=VECTOR('',#16603,1000.0);
#13267=CARTESIAN_POINT('',(-0.200000000024493,7.85000000006156,0.199999998100497));
#13268=VECTOR('',#16604,1000.0);
#13269=CARTESIAN_POINT('',(-0.250000000025266,3.79939979568788E-10,-0.815167472038426));
#13270=VECTOR('',#16605,1.0);
#13271=CARTESIAN_POINT('',(0.24999999997502,2.90000000006151,0.199999999491488));
#13272=VECTOR('',#16606,1000.0);
#13273=CARTESIAN_POINT('',(0.24999999997502,2.90000000006151,0.199999999491488));
#13274=VECTOR('',#16607,1000.0);
#13275=CARTESIAN_POINT('',(1.62500814172647,2.79999999985318,0.199999999519589));
#13276=VECTOR('',#16608,1.0);
#13277=CARTESIAN_POINT('',(-3.00931136044833,1.80000000001052,-0.423334944074678));
#13278=CARTESIAN_POINT('',(-3.00931136044833,0.499999999892601,-0.423334943709001));
#13279=CARTESIAN_POINT('',(-3.00931136044833,0.499999999886101,-0.423334943709001));
#13280=VECTOR('',#16609,1000.0);
#13281=CARTESIAN_POINT('',(-3.20931136044833,1.80000000001052,-0.223334943891836));
#13282=AXIS2_PLACEMENT_3D('',#16610,#16611,#16612);
#13283=CARTESIAN_POINT('',(-3.20931136044833,0.499999999892601,-0.223334943891836));
#13284=CARTESIAN_POINT('',(-3.20931136044833,1.79999999991418,-0.223334943891836));
#13285=VECTOR('',#16613,1000.0);
#13286=AXIS2_PLACEMENT_3D('',#16614,#16615,#16616);
#13287=CARTESIAN_POINT('',(9.20934392740405,1.80000000001052,0.246665056108182));
#13288=CARTESIAN_POINT('',(9.00934392740405,1.80000000001052,0.44666505592535));
#13289=AXIS2_PLACEMENT_3D('',#16617,#16618,#16619);
#13290=CARTESIAN_POINT('',(9.20934392740405,0.499999999892601,0.246665056108182));
#13291=CARTESIAN_POINT('',(9.20934392740406,1.02739895434221E-10,0.246665056108182));
#13292=VECTOR('',#16620,1000.0);
#13293=CARTESIAN_POINT('',(9.00934392740405,0.499999999892601,0.446665056108183));
#13294=AXIS2_PLACEMENT_3D('',#16621,#16622,#16623);
#13295=CARTESIAN_POINT('',(9.00934392740405,0.500000000130801,0.446665056291027));
#13296=VECTOR('',#16624,1000.0);
#13297=CARTESIAN_POINT('',(9.00934392740406,1.80000000001052,-0.423334944074643));
#13298=CARTESIAN_POINT('',(9.20934392740406,1.80000000001052,-0.223334943891803));
#13299=AXIS2_PLACEMENT_3D('',#16625,#16626,#16627);
#13300=CARTESIAN_POINT('',(9.00934392740406,0.499999999892601,-0.423334943708968));
#13301=CARTESIAN_POINT('',(9.00934392740406,1.7999999998861,-0.423334944074643));
#13302=VECTOR('',#16628,1000.0);
#13303=CARTESIAN_POINT('',(9.20934392740406,0.499999999892601,-0.223334943891803));
#13304=AXIS2_PLACEMENT_3D('',#16629,#16630,#16631);
#13305=CARTESIAN_POINT('',(9.20934392740406,1.79999999991418,-0.223334943891803));
#13306=VECTOR('',#16632,1000.0);
#13307=CARTESIAN_POINT('',(9.20934392740405,1.80000000001052,0.446665055925357));
#13308=VECTOR('',#16633,1000.0);
#13309=CARTESIAN_POINT('',(9.20934392740404,0.499999999892601,2.99966505629105));
#13310=VECTOR('',#16634,1000.0);
#13311=CARTESIAN_POINT('',(-3.24411390531303,13.9008726651432,1.82031545265256));
#13312=CARTESIAN_POINT('',(-3.44411200144509,14.100000000517,1.81944659023033));
#13313=AXIS2_PLACEMENT_3D('',#16635,#16636,#16637);
#13314=CARTESIAN_POINT('',(-3.24411390531303,13.9008726647151,0.298577727808097));
#13315=CARTESIAN_POINT('',(-3.24411390529856,13.9008726621601,2.99966505249336));
#13316=VECTOR('',#16638,1000.0);
#13317=CARTESIAN_POINT('',(-3.44411200144509,14.1000000000894,0.299446590230328));
#13318=AXIS2_PLACEMENT_3D('',#16639,#16640,#16641);
#13319=CARTESIAN_POINT('',(-3.44411200144271,14.100000000077,2.99966505249361));
#13320=VECTOR('',#16642,1000.0);
#13321=CARTESIAN_POINT('',(9.24414647228257,13.9008726647151,0.298577727808095));
#13322=CARTESIAN_POINT('',(9.44414456841463,14.1000000000894,0.299446590230326));
#13323=AXIS2_PLACEMENT_3D('',#16643,#16644,#16645);
#13324=CARTESIAN_POINT('',(9.24414647228257,13.9008726651432,1.82031545265255));
#13325=CARTESIAN_POINT('',(9.2441464722681,13.9008726621601,2.99966505249336));
#13326=VECTOR('',#16646,1000.0);
#13327=CARTESIAN_POINT('',(9.44414456841463,14.100000000517,1.81944659023032));
#13328=AXIS2_PLACEMENT_3D('',#16647,#16648,#16649);
#13329=CARTESIAN_POINT('',(9.44414456841225,14.100000000077,2.99966505249361));
#13330=VECTOR('',#16650,1000.0);
#13331=CARTESIAN_POINT('',(8.41001628348475,13.3008878912164,-4.84326938752617));
#13332=VECTOR('',#16651,1000.0);
#13333=CARTESIAN_POINT('',(8.61001628348475,13.0991273367281,-5.04239093931913));
#13334=CARTESIAN_POINT('',(8.61001628348475,14.0999999985856,-5.04675809786967));
#13335=VECTOR('',#16652,1000.0);
#13336=AXIS2_PLACEMENT_3D('',#16653,#16654,#16655);
#13337=CARTESIAN_POINT('',(8.61001628348475,14.0999999988136,-4.23588733163552));
#13338=CARTESIAN_POINT('',(8.41001628348475,13.8999999988136,-4.23588733157927));
#13339=AXIS2_PLACEMENT_3D('',#16656,#16657,#16658);
#13340=CARTESIAN_POINT('',(8.61001628348475,14.1000000008489,2.99966505246547));
#13341=VECTOR('',#16659,1000.0);
#13342=CARTESIAN_POINT('',(8.41001628348475,13.8999999985856,-5.04675809803844));
#13343=VECTOR('',#16660,1000.0);
#13344=CARTESIAN_POINT('',(8.61001628348475,13.9008726606706,-4.03588923543511));
#13345=AXIS2_PLACEMENT_3D('',#16661,#16662,#16663);
#13346=AXIS2_PLACEMENT_3D('',#16664,#16665,#16666);
#13347=CARTESIAN_POINT('',(9.14414932490585,13.9008726606706,-4.03588923543511));
#13348=CARTESIAN_POINT('',(3.00001628347787,13.9008726606706,-4.03588923543511));
#13349=VECTOR('',#16667,1000.0);
#13350=CARTESIAN_POINT('',(9.14414932490585,14.0999999988136,-4.23588733163552));
#13351=AXIS2_PLACEMENT_3D('',#16668,#16669,#16670);
#13352=CARTESIAN_POINT('',(3.00001628347787,14.0999999993323,-4.23588733157927));
#13353=VECTOR('',#16671,1000.0);
#13354=CARTESIAN_POINT('',(9.54414551719463,14.0999999989262,-3.83589113934723));
#13355=CARTESIAN_POINT('',(9.34414742105048,13.9008726607831,-3.83589113929121));
#13356=AXIS2_PLACEMENT_3D('',#16672,#16673,#16674);
#13357=AXIS2_PLACEMENT_3D('',#16675,#16676,#16677);
#13358=CARTESIAN_POINT('',(9.34414742105048,13.9008726607831,-3.83589113929146));
#13359=CARTESIAN_POINT('',(9.34414542738976,13.9004157503028,-3.94060862835423));
#13360=CARTESIAN_POINT('',(9.24886681396894,13.9004157502653,-4.03588724177472));
#13361=CARTESIAN_POINT('',(9.14414932490585,13.9008726606706,-4.03588923543512));
#13362=CARTESIAN_POINT('',(9.54414551719463,14.0999999996289,-1.33762505650414));
#13363=CARTESIAN_POINT('',(9.34414742105048,13.9008726614859,-1.33762505644813));
#13364=AXIS2_PLACEMENT_3D('',#16678,#16679,#16680);
#13365=CARTESIAN_POINT('',(9.54414551719463,14.1000000008489,2.99966505246548));
#13366=VECTOR('',#16681,1000.0);
#13367=CARTESIAN_POINT('',(9.34414742105048,13.9008726617078,-0.548546522646084));
#13368=VECTOR('',#16682,1000.0);
#13369=CARTESIAN_POINT('',(9.14414932490683,13.9008726615984,-1.13762696030374));
#13370=CARTESIAN_POINT('',(9.14414932490682,14.0999999997414,-0.93762886421585));
#13371=AXIS2_PLACEMENT_3D('',#16683,#16684,#16685);
#13372=AXIS2_PLACEMENT_3D('',#16686,#16687,#16688);
#13373=CARTESIAN_POINT('',(9.14414932490683,13.9008726615984,-1.13762696030374));
#13374=CARTESIAN_POINT('',(9.24886681396952,13.9004157511181,-1.13762895396446));
#13375=CARTESIAN_POINT('',(9.34414542738996,13.9004157510806,-1.23290756738512));
#13376=CARTESIAN_POINT('',(9.34414742105048,13.9008726614859,-1.33762505644813));
#13377=CARTESIAN_POINT('',(9.2957104192119,2.79999999985318,-1.38606205828676));
#13378=CARTESIAN_POINT('',(9.34503128950461,14.103439104214,-1.336741187994));
#13379=VECTOR('',#16689,1000.0);
#13380=CARTESIAN_POINT('',(9.09571232306776,2.79999999985318,-1.18606396214287));
#13381=AXIS2_PLACEMENT_3D('',#16690,#16691,#16692);
#13382=CARTESIAN_POINT('',(9.14503319336046,14.103439104214,-1.13674309185011));
#13383=VECTOR('',#16693,1000.0);
#13384=CARTESIAN_POINT('',(8.04414551719462,14.0999999997414,-0.937628864215865));
#13385=CARTESIAN_POINT('',(8.04414551719462,13.9008726615984,-1.13762696030375));
#13386=AXIS2_PLACEMENT_3D('',#16694,#16695,#16696);
#13387=CARTESIAN_POINT('',(-3.34498371651522,14.0999999997961,-0.937628864159593));
#13388=VECTOR('',#16697,1000.0);
#13389=CARTESIAN_POINT('',(-3.34498371651522,13.9008726615984,-1.13762696030374));
#13390=VECTOR('',#16698,1000.0);
#13391=CARTESIAN_POINT('',(7.84414742105047,13.9008726615984,-0.937628864159855));
#13392=AXIS2_PLACEMENT_3D('',#16699,#16700,#16701);
#13393=AXIS2_PLACEMENT_3D('',#16702,#16703,#16704);
#13394=CARTESIAN_POINT('',(7.99570851535555,2.79999999985318,-1.18606396214287));
#13395=CARTESIAN_POINT('',(8.04501057204384,14.0991273710561,-1.13676190545452));
#13396=VECTOR('',#16705,1000.0);
#13397=CARTESIAN_POINT('',(7.79571041921141,2.79999999985318,-0.986065865998976));
#13398=AXIS2_PLACEMENT_3D('',#16706,#16707,#16708);
#13399=CARTESIAN_POINT('',(7.84502825849014,14.1027444513897,-0.936748026720185));
#13400=VECTOR('',#16709,1000.0);
#13401=CARTESIAN_POINT('',(8.04414551719462,14.0999999998626,-0.506887331635534));
#13402=CARTESIAN_POINT('',(7.84414742105047,13.9008726617195,-0.506887331579524));
#13403=AXIS2_PLACEMENT_3D('',#16710,#16711,#16712);
#13404=CARTESIAN_POINT('',(8.04414551719462,14.0999999999186,-0.307758097869684));
#13405=VECTOR('',#16713,1000.0);
#13406=CARTESIAN_POINT('',(7.84414742105048,13.9008726615424,-1.13675809781367));
#13407=VECTOR('',#16714,1000.0);
#13408=CARTESIAN_POINT('',(8.04414551719462,13.9008726617195,-0.306889235435129));
#13409=AXIS2_PLACEMENT_3D('',#16715,#16716,#16717);
#13410=AXIS2_PLACEMENT_3D('',#16718,#16719,#16720);
#13411=CARTESIAN_POINT('',(7.79571041921076,2.79999999985318,-0.458450329739866));
#13412=CARTESIAN_POINT('',(7.84501247590018,14.0991273712893,-0.507752386429235));
#13413=VECTOR('',#16721,1000.0);
#13414=CARTESIAN_POINT('',(7.9957085153549,2.79999999985318,-0.258452233595469));
#13415=AXIS2_PLACEMENT_3D('',#16722,#16723,#16724);
#13416=CARTESIAN_POINT('',(8.04501057204433,14.0991273712893,-0.30775429028483));
#13417=VECTOR('',#16725,1000.0);
#13418=CARTESIAN_POINT('',(9.14414932490585,14.0999999998626,-0.50688733163552));
#13419=CARTESIAN_POINT('',(9.14414932490585,13.9008726617195,-0.30688923543512));
#13420=AXIS2_PLACEMENT_3D('',#16726,#16727,#16728);
#13421=CARTESIAN_POINT('',(-1.84498371651522,14.0999999998567,-0.506887331579263));
#13422=VECTOR('',#16729,1000.0);
#13423=CARTESIAN_POINT('',(-1.84498371651522,13.9008726617195,-0.306889235435119));
#13424=VECTOR('',#16730,1000.0);
#13425=CARTESIAN_POINT('',(9.34414742105048,13.900872661832,-0.106891139291214));
#13426=CARTESIAN_POINT('',(9.54414551719463,14.0999999999751,-0.106891139347225));
#13427=AXIS2_PLACEMENT_3D('',#16731,#16732,#16733);
#13428=AXIS2_PLACEMENT_3D('',#16734,#16735,#16736);
#13429=CARTESIAN_POINT('',(9.34414742105048,13.900872661832,-0.106891139291465));
#13430=CARTESIAN_POINT('',(9.34414542738977,13.9004157513517,-0.211608628354233));
#13431=CARTESIAN_POINT('',(9.24886681396894,13.9004157513142,-0.306887241774728));
#13432=CARTESIAN_POINT('',(9.14414932490585,13.9008726617195,-0.306889235435121));
#13433=CARTESIAN_POINT('',(9.09571232306613,2.79999999985318,-0.258452233595453));
#13434=CARTESIAN_POINT('',(9.14502657908038,14.1019232328467,-0.30776648960965));
#13435=VECTOR('',#16737,1000.0);
#13436=CARTESIAN_POINT('',(9.29571041921028,2.79999999985318,-0.0584541374510652));
#13437=AXIS2_PLACEMENT_3D('',#16738,#16739,#16740);
#13438=CARTESIAN_POINT('',(9.34502467522453,14.1019232328467,-0.107768393465254));
#13439=VECTOR('',#16741,1000.0);
#13440=CARTESIAN_POINT('',(9.54414551719463,14.1000000000894,0.299446590230326));
#13441=CARTESIAN_POINT('',(9.34414742105048,13.9008726619461,0.298577727796016));
#13442=AXIS2_PLACEMENT_3D('',#16742,#16743,#16744);
#13443=CARTESIAN_POINT('',(9.54414551719463,14.1000000008489,2.99966505246548));
#13444=VECTOR('',#16745,1000.0);
#13445=CARTESIAN_POINT('',(9.34414742105048,13.9008726617078,-0.548546522646084));
#13446=VECTOR('',#16746,1000.0);
#13447=CARTESIAN_POINT('',(-2.40998371652901,13.8999999986421,-4.8458835238318));
#13448=AXIS2_PLACEMENT_3D('',#16747,#16748,#16749);
#13449=AXIS2_PLACEMENT_3D('',#16750,#16751,#16752);
#13450=CARTESIAN_POINT('',(-2.40998371652901,13.8999999988136,-4.23588733157927));
#13451=CARTESIAN_POINT('',(-2.60998371652901,14.0999999988136,-4.23588733163552));
#13452=AXIS2_PLACEMENT_3D('',#16753,#16754,#16755);
#13453=CARTESIAN_POINT('',(-2.40998371652901,13.8999999991594,-3.00675809803844));
#13454=VECTOR('',#16756,1000.0);
#13455=CARTESIAN_POINT('',(-2.60998371652901,14.1000000008489,2.99966505246548));
#13456=VECTOR('',#16757,1000.0);
#13457=CARTESIAN_POINT('',(-2.60998371652901,13.0991273367281,-5.04239093931913));
#13458=AXIS2_PLACEMENT_3D('',#16758,#16759,#16760);
#13459=CARTESIAN_POINT('',(-2.60998371652901,14.0999999985856,-5.04675809786967));
#13460=VECTOR('',#16761,1000.0);
#13461=CARTESIAN_POINT('',(-2.40998371652901,13.291986825008,-4.84323054905162));
#13462=VECTOR('',#16762,1000.0);
#13463=CARTESIAN_POINT('',(-2.60998371652901,13.9008726606706,-4.03588923543511));
#13464=AXIS2_PLACEMENT_3D('',#16763,#16764,#16765);
#13465=AXIS2_PLACEMENT_3D('',#16766,#16767,#16768);
#13466=CARTESIAN_POINT('',(-3.14411675793631,13.9008726606706,-4.03588923543512));
#13467=CARTESIAN_POINT('',(-3.14411675793631,14.0999999988136,-4.23588733163552));
#13468=AXIS2_PLACEMENT_3D('',#16769,#16770,#16771);
#13469=CARTESIAN_POINT('',(3.00001628348474,13.9008726606706,-4.03588923543511));
#13470=VECTOR('',#16772,1000.0);
#13471=CARTESIAN_POINT('',(3.00001628347787,14.0999999993323,-4.23588733157927));
#13472=VECTOR('',#16773,1000.0);
#13473=CARTESIAN_POINT('',(-3.34411485408095,13.9008726607831,-3.83589113929121));
#13474=CARTESIAN_POINT('',(-3.54411295022509,14.0999999989262,-3.83589113934723));
#13475=AXIS2_PLACEMENT_3D('',#16774,#16775,#16776);
#13476=CARTESIAN_POINT('',(-3.14411675793631,13.9008726606706,-4.03588923543512));
#13477=CARTESIAN_POINT('',(-3.24883424699949,13.9004157502653,-4.03588724177472));
#13478=CARTESIAN_POINT('',(-3.34411286042036,13.9004157503028,-3.94060862835406));
#13479=CARTESIAN_POINT('',(-3.34411485408095,13.9008726607831,-3.83589113929121));
#13480=AXIS2_PLACEMENT_3D('',#16777,#16778,#16779);
#13481=CARTESIAN_POINT('',(-3.34411485408095,13.9008726614859,-1.33762505644813));
#13482=CARTESIAN_POINT('',(-3.54411295022509,14.0999999996289,-1.33762505650414));
#13483=AXIS2_PLACEMENT_3D('',#16780,#16781,#16782);
#13484=CARTESIAN_POINT('',(-3.34411485408095,13.9008726617078,-0.548546522646082));
#13485=VECTOR('',#16783,1000.0);
#13486=CARTESIAN_POINT('',(-3.54411295022509,14.1000000008489,2.99966505246548));
#13487=VECTOR('',#16784,1000.0);
#13488=CARTESIAN_POINT('',(-3.14411675793729,14.0999999997414,-0.937628864215853));
#13489=CARTESIAN_POINT('',(-3.14411675793729,13.9008726615984,-1.13762696030374));
#13490=AXIS2_PLACEMENT_3D('',#16785,#16786,#16787);
#13491=CARTESIAN_POINT('',(-3.34411485408094,13.9008726614859,-1.33762505644813));
#13492=CARTESIAN_POINT('',(-3.34411286042042,13.9004157510806,-1.23290756738512));
#13493=CARTESIAN_POINT('',(-3.24883424699997,13.9004157511181,-1.13762895396446));
#13494=CARTESIAN_POINT('',(-3.14411675793729,13.9008726615984,-1.13762696030374));
#13495=AXIS2_PLACEMENT_3D('',#16788,#16789,#16790);
#13496=CARTESIAN_POINT('',(-2.04411295022506,13.9008726615984,-1.13762696030374));
#13497=CARTESIAN_POINT('',(-2.04411295022506,14.0999999997414,-0.937628864215854));
#13498=AXIS2_PLACEMENT_3D('',#16791,#16792,#16793);
#13499=CARTESIAN_POINT('',(-1.84498371651522,13.9008726615984,-1.13762696030374));
#13500=VECTOR('',#16794,1000.0);
#13501=CARTESIAN_POINT('',(-3.34498371651522,14.0999999997961,-0.937628864159593));
#13502=VECTOR('',#16795,1000.0);
#13503=CARTESIAN_POINT('',(-3.09567975609822,2.79999999985318,-1.18606396214287));
#13504=CARTESIAN_POINT('',(-3.1449894279562,14.1008726283147,-1.13675429028483));
#13505=VECTOR('',#16796,1000.0);
#13506=CARTESIAN_POINT('',(-3.29567785224237,2.79999999985318,-1.38606205828676));
#13507=AXIS2_PLACEMENT_3D('',#16797,#16798,#16799);
#13508=CARTESIAN_POINT('',(-3.34499872253507,14.103439104214,-1.336741187994));
#13509=VECTOR('',#16800,1000.0);
#13510=CARTESIAN_POINT('',(-1.84411485408091,13.9008726615984,-0.937628864159843));
#13511=AXIS2_PLACEMENT_3D('',#16801,#16802,#16803);
#13512=AXIS2_PLACEMENT_3D('',#16804,#16805,#16806);
#13513=CARTESIAN_POINT('',(-1.84411485408091,13.9008726617195,-0.506887331579512));
#13514=CARTESIAN_POINT('',(-2.04411295022506,14.0999999998626,-0.506887331635523));
#13515=AXIS2_PLACEMENT_3D('',#16807,#16808,#16809);
#13516=CARTESIAN_POINT('',(-1.84411485408091,13.9008726617755,-0.307758097813663));
#13517=VECTOR('',#16810,1000.0);
#13518=CARTESIAN_POINT('',(-2.04411295022506,14.0999999996854,-1.13675809786967));
#13519=VECTOR('',#16811,1000.0);
#13520=CARTESIAN_POINT('',(-1.79567785224184,2.79999999985318,-0.98606586599896));
#13521=CARTESIAN_POINT('',(-1.84497990893013,14.0991273710561,-0.936763809310613));
#13522=VECTOR('',#16812,1000.0);
#13523=CARTESIAN_POINT('',(-1.99567594838598,2.79999999985318,-1.18606396214287));
#13524=AXIS2_PLACEMENT_3D('',#16813,#16814,#16815);
#13525=CARTESIAN_POINT('',(-2.04500656223246,14.1056721480774,-1.13673334829633));
#13526=VECTOR('',#16816,1000.0);
#13527=CARTESIAN_POINT('',(-2.04411295022506,13.9008726617195,-0.306889235435123));
#13528=AXIS2_PLACEMENT_3D('',#16817,#16818,#16819);
#13529=AXIS2_PLACEMENT_3D('',#16820,#16821,#16822);
#13530=CARTESIAN_POINT('',(-3.14411675793631,13.9008726617195,-0.306889235435123));
#13531=CARTESIAN_POINT('',(-3.14411675793631,14.0999999998626,-0.506887331635522));
#13532=AXIS2_PLACEMENT_3D('',#16823,#16824,#16825);
#13533=CARTESIAN_POINT('',(-3.34498371651522,13.9008726617195,-0.306889235435123));
#13534=VECTOR('',#16826,1000.0);
#13535=CARTESIAN_POINT('',(-1.84498371651522,14.0999999998567,-0.506887331579263));
#13536=VECTOR('',#16827,1000.0);
#13537=CARTESIAN_POINT('',(-1.99567594838534,2.79999999985318,-0.258452233595459));
#13538=CARTESIAN_POINT('',(-2.04497800507477,14.0991273712893,-0.307754290284822));
#13539=VECTOR('',#16828,1000.0);
#13540=CARTESIAN_POINT('',(-1.7956778522412,2.79999999985318,-0.458450329739847));
#13541=AXIS2_PLACEMENT_3D('',#16829,#16830,#16831);
#13542=CARTESIAN_POINT('',(-1.84499569151903,14.1027444511565,-0.507768169017624));
#13543=VECTOR('',#16832,1000.0);
#13544=CARTESIAN_POINT('',(-3.54411295022509,14.0999999999751,-0.106891139347233));
#13545=CARTESIAN_POINT('',(-3.34411485408095,13.900872661832,-0.106891139291212));
#13546=AXIS2_PLACEMENT_3D('',#16833,#16834,#16835);
#13547=CARTESIAN_POINT('',(-3.14411675793631,13.9008726617195,-0.306889235435119));
#13548=CARTESIAN_POINT('',(-3.2488342469994,13.9004157513142,-0.306887241774727));
#13549=CARTESIAN_POINT('',(-3.34411286042023,13.9004157513517,-0.211608628354231));
#13550=CARTESIAN_POINT('',(-3.34411485408095,13.900872661832,-0.106891139291463));
#13551=AXIS2_PLACEMENT_3D('',#16836,#16837,#16838);
#13552=CARTESIAN_POINT('',(-3.34411485408094,13.9008726619461,0.298577727796018));
#13553=CARTESIAN_POINT('',(-3.54411295022509,14.1000000000894,0.299446590230328));
#13554=AXIS2_PLACEMENT_3D('',#16839,#16840,#16841);
#13555=CARTESIAN_POINT('',(-3.34411485408095,13.9008726617078,-0.548546522646082));
#13556=VECTOR('',#16842,1000.0);
#13557=CARTESIAN_POINT('',(-3.54411295022509,14.1000000008489,2.99966505246548));
#13558=VECTOR('',#16843,1000.0);
#13559=CARTESIAN_POINT('',(-3.29567785224074,2.79999999985318,-0.0584541374510629));
#13560=CARTESIAN_POINT('',(-3.34499210825499,14.1019232328467,-0.107768393465252));
#13561=VECTOR('',#16844,1000.0);
#13562=CARTESIAN_POINT('',(-3.09567975609659,2.79999999985318,-0.25845223359546));
#13563=AXIS2_PLACEMENT_3D('',#16845,#16846,#16847);
#13564=CARTESIAN_POINT('',(-3.14496087079752,14.0943278515266,-0.307733348296332));
#13565=VECTOR('',#16848,1000.0);
#13566=CARTESIAN_POINT('',(7.79571041920647,2.79999999985318,2.99966505564999));
#13567=VECTOR('',#16849,1000.0);
#13568=CARTESIAN_POINT('',(3.00001628347788,2.79999999985318,-0.258452233595456));
#13569=VECTOR('',#16850,1000.0);
#13570=CARTESIAN_POINT('',(3.00001628347787,2.79999999985318,-1.18606396214287));
#13571=VECTOR('',#16851,1000.0);
#13572=CARTESIAN_POINT('',(3.00001628347788,2.79999999985318,-0.258452233595456));
#13573=VECTOR('',#16852,1000.0);
#13574=CARTESIAN_POINT('',(-1.79567785223695,2.79999999985318,2.99966505564995));
#13575=VECTOR('',#16853,1000.0);
#13576=CARTESIAN_POINT('',(3.00001628347787,2.79999999985318,-1.18606396214287));
#13577=VECTOR('',#16854,1000.0);
#13578=CARTESIAN_POINT('',(10.3091398055908,13.8991273392027,3.74879047842736));
#13579=AXIS2_PLACEMENT_3D('',#16855,#16856,#16857);
#13580=AXIS2_PLACEMENT_3D('',#16858,#16859,#16860);
#13581=CARTESIAN_POINT('',(10.3091398055908,13.8991273370664,-3.84589304311082));
#13582=CARTESIAN_POINT('',(10.1091417094466,14.0999999989234,-3.84589304316732));
#13583=AXIS2_PLACEMENT_3D('',#16861,#16862,#16863);
#13584=CARTESIAN_POINT('',(10.1091417094466,14.1000000008489,2.99966505246548));
#13585=VECTOR('',#16864,1000.0);
#13586=CARTESIAN_POINT('',(10.3091398055908,13.8991273392592,3.94966505252198));
#13587=VECTOR('',#16865,1000.0);
#13588=CARTESIAN_POINT('',(10.1091417094466,14.0999999998509,-3.84589304316732));
#13589=CARTESIAN_POINT('',(10.1091417094466,14.0999999998509,-4.11076055088656));
#13590=CARTESIAN_POINT('',(9.89055693109504,14.0999999998509,-4.62766530254611));
#13591=CARTESIAN_POINT('',(9.37475185046306,14.0999999998509,-4.84588352388806));
#13592=CARTESIAN_POINT('',(9.10915122872467,14.0999999998509,-4.84588352388806));
#13593=CARTESIAN_POINT('',(9.10915122872467,13.8991273367851,-5.04588161997594));
#13594=CARTESIAN_POINT('',(9.42330369591367,13.8977566055036,-5.04587563899448));
#13595=CARTESIAN_POINT('',(10.0491076629931,13.8961605887097,-4.7858494773795));
#13596=CARTESIAN_POINT('',(10.3091338246089,13.8977566056911,-4.16004551030088));
#13597=CARTESIAN_POINT('',(10.3091398055908,13.8991273370664,-3.84589304311229));
#13598=CARTESIAN_POINT('',(-4.30910723862129,13.8991273392027,3.74879047842736));
#13599=AXIS2_PLACEMENT_3D('',#16866,#16867,#16868);
#13600=AXIS2_PLACEMENT_3D('',#16869,#16870,#16871);
#13601=CARTESIAN_POINT('',(-4.10910914247713,14.0999999989234,-3.84589304316732));
#13602=CARTESIAN_POINT('',(-4.30910723862128,13.8991273370664,-3.84589304311082));
#13603=AXIS2_PLACEMENT_3D('',#16872,#16873,#16874);
#13604=CARTESIAN_POINT('',(-4.30910723862128,13.8991273367286,-5.04675809781316));
#13605=VECTOR('',#16875,1000.0);
#13606=CARTESIAN_POINT('',(-4.10910914247714,14.1000000008489,2.99966505246547));
#13607=VECTOR('',#16876,1000.0);
#13608=CARTESIAN_POINT('',(-4.30910723862128,13.8991273370664,-3.84589304311082));
#13609=CARTESIAN_POINT('',(-4.3091012576398,13.8977566056911,-4.16004551029966));
#13610=CARTESIAN_POINT('',(-4.04907509602434,13.8961605887097,-4.78584947737908));
#13611=CARTESIAN_POINT('',(-3.42327112894441,13.8977566055036,-5.04587563899448));
#13612=CARTESIAN_POINT('',(-3.10911866175517,13.8991273367851,-5.04588161997594));
#13613=CARTESIAN_POINT('',(-3.10911866175517,14.0999999998509,-4.84588352388806));
#13614=CARTESIAN_POINT('',(-3.37398616949654,14.0999999998509,-4.84588352388806));
#13615=CARTESIAN_POINT('',(-3.89089092112404,14.0999999998509,-4.6272987455292));
#13616=CARTESIAN_POINT('',(-4.10910914247714,14.0999999998509,-4.11149366492038));
#13617=CARTESIAN_POINT('',(-4.10910914247714,14.0999999998509,-3.84589304316733));
#13618=CARTESIAN_POINT('',(7.54641628348474,8.52380167528603E-10,3.01181102495441));
#13619=CARTESIAN_POINT('',(7.34641628348474,9.0861992711294E-10,3.21181292882839));
#13620=AXIS2_PLACEMENT_3D('',#16877,#16878,#16879);
#13621=CARTESIAN_POINT('',(7.54641628348474,0.500000001065779,3.01399270022504));
#13622=CARTESIAN_POINT('',(7.54641628348474,0.00391757841866054,3.0118281189173));
#13623=VECTOR('',#16880,1000.0);
#13624=CARTESIAN_POINT('',(7.34641628348474,0.499514586313601,3.21399269125242));
#13625=AXIS2_PLACEMENT_3D('',#16881,#16882,#16883);
#13626=CARTESIAN_POINT('',(7.34641628348474,0.00304491656288133,3.2118262147934));
#13627=VECTOR('',#16884,1000.0);
#13628=CARTESIAN_POINT('',(7.54641628348474,1.80000000001052,3.01399269985937));
#13629=CARTESIAN_POINT('',(7.54641628348474,1.8000000010658,3.01399269985937));
#13630=VECTOR('',#16885,1000.0);
#13631=CARTESIAN_POINT('',(7.34641628348474,1.80000000001052,3.21399270007046));
#13632=AXIS2_PLACEMENT_3D('',#16886,#16887,#16888);
#13633=CARTESIAN_POINT('',(7.34641628348474,1.80000000109388,3.21399270007046));
#13634=VECTOR('',#16889,1000.0);
#13635=CARTESIAN_POINT('',(8.20368959147865,0.5000000010658,3.01399270022958));
#13636=CARTESIAN_POINT('',(8.40368863955072,0.500000001122,3.21399174829713));
#13637=AXIS2_PLACEMENT_3D('',#16890,#16891,#16892);
#13638=CARTESIAN_POINT('',(8.40368863955072,1.80000000001052,3.21399270007034));
#13639=CARTESIAN_POINT('',(8.40368863955072,1.80000000109388,3.21399270007034));
#13640=VECTOR('',#16893,1000.0);
#13641=CARTESIAN_POINT('',(8.20368863955072,1.80000000001052,3.01399269985937));
#13642=AXIS2_PLACEMENT_3D('',#16894,#16895,#16896);
#13643=CARTESIAN_POINT('',(8.20368863955072,1.8000000010658,3.01399269985937));
#13644=VECTOR('',#16897,1000.0);
#13645=CARTESIAN_POINT('',(8.39800007059805,1.80371569725376,3.21967936596155));
#13646=VECTOR('',#16898,1000.0);
#13647=CARTESIAN_POINT('',(8.19800197445391,1.80371569725382,3.01968126980096));
#13648=VECTOR('',#16899,1000.0);
#13649=CARTESIAN_POINT('',(-2.22245351658948,-3.80759320079715,2.99519716081842));
#13650=CARTESIAN_POINT('',(-2.42240138757241,-3.79608247029271,3.1952454826002));
#13651=CARTESIAN_POINT('',(-2.22245351631469,-3.80759320089645,2.9951971606929));
#13652=CARTESIAN_POINT('',(-2.23956084024163,-3.85465863381938,2.99499179765786));
#13653=CARTESIAN_POINT('',(-2.26808241380317,-3.92419661244807,2.99855461280943));
#13654=CARTESIAN_POINT('',(-2.31207086845941,-4.01121249724324,3.01232306745677));
#13655=CARTESIAN_POINT('',(-2.37128017843891,-4.06532837451118,3.05257527514549));
#13656=CARTESIAN_POINT('',(-2.4052148985594,-4.00109900806615,3.10692774893998));
#13657=CARTESIAN_POINT('',(-2.41938352106725,-3.91555485971738,3.14977968236382));
#13658=CARTESIAN_POINT('',(-2.42260880104076,-3.84361782244725,3.17823828277998));
#13659=CARTESIAN_POINT('',(-2.42240138757234,-3.7960824702765,3.19524548263365));
#13660=CARTESIAN_POINT('',(-2.20365702452291,0.500000001065779,3.01399270022956));
#13661=CARTESIAN_POINT('',(-2.19798942796987,1.79912737224296,3.01966124932954));
#13662=VECTOR('',#16900,1000.0);
#13663=CARTESIAN_POINT('',(-2.40365607259272,0.500000001122,3.21399127233314));
#13664=AXIS2_PLACEMENT_3D('',#16901,#16902,#16903);
#13665=CARTESIAN_POINT('',(-2.39798752411402,1.79912737224288,3.21965934549042));
#13666=VECTOR('',#16904,1000.0);
#13667=CARTESIAN_POINT('',(-2.20365607259498,1.80000000001052,3.01399269985936));
#13668=CARTESIAN_POINT('',(-2.20365607259498,0.5000000010658,3.01399270022503));
#13669=VECTOR('',#16905,1000.0);
#13670=CARTESIAN_POINT('',(-2.40365607259498,1.80000000001052,3.21399270007032));
#13671=AXIS2_PLACEMENT_3D('',#16906,#16907,#16908);
#13672=CARTESIAN_POINT('',(-2.40365607259498,1.80000000109388,3.21399270007032));
#13673=VECTOR('',#16909,1000.0);
#13674=CARTESIAN_POINT('',(-1.546383716529,0.5000000010658,3.01399270022503));
#13675=CARTESIAN_POINT('',(-1.346383716529,0.499514586212199,3.21399248617611));
#13676=AXIS2_PLACEMENT_3D('',#16910,#16911,#16912);
#13677=CARTESIAN_POINT('',(-1.346383716529,1.80000000001052,3.21399270007045));
#13678=CARTESIAN_POINT('',(-1.346383716529,8.81079457475277E-10,3.21399270007045));
#13679=VECTOR('',#16913,1000.0);
#13680=CARTESIAN_POINT('',(-1.546383716529,1.80000000001052,3.01399270007045));
#13681=AXIS2_PLACEMENT_3D('',#16914,#16915,#16916);
#13682=CARTESIAN_POINT('',(-1.546383716529,1.8000000010658,3.01399269985936));
#13683=VECTOR('',#16917,1000.0);
#13684=CARTESIAN_POINT('',(-1.346383716529,9.0861992711294E-10,3.21181292882838));
#13685=CARTESIAN_POINT('',(-1.546383716529,8.52380167528603E-10,3.0118110249544));
#13686=AXIS2_PLACEMENT_3D('',#16918,#16919,#16920);
#13687=CARTESIAN_POINT('',(-1.346383716529,1.79912733902388,3.21966315250549));
#13688=VECTOR('',#16921,1000.0);
#13689=CARTESIAN_POINT('',(-1.546383716529,1.80000000087966,3.01966505662939));
#13690=VECTOR('',#16922,1000.0);
#13691=CARTESIAN_POINT('',(7.71501628347127,1.80000000001052,-0.223334944074643));
#13692=CARTESIAN_POINT('',(7.91501818734549,1.80000000001052,-0.423334944074643));
#13693=AXIS2_PLACEMENT_3D('',#16923,#16924,#16925);
#13694=CARTESIAN_POINT('',(7.70934392740384,0.499999999892601,-0.223334943708966));
#13695=CARTESIAN_POINT('',(7.71501628347097,1.7999999999424,-0.223334944074643));
#13696=VECTOR('',#16926,1000.0);
#13697=CARTESIAN_POINT('',(7.90934583127806,0.499999999892601,-0.423334943708968));
#13698=AXIS2_PLACEMENT_3D('',#16927,#16928,#16929);
#13699=CARTESIAN_POINT('',(7.91504282932402,1.80564748964464,-0.423334944076233));
#13700=VECTOR('',#16930,1000.0);
#13701=CARTESIAN_POINT('',(7.50803301828387,7.45402306087426E-11,0.246665056431667));
#13702=CARTESIAN_POINT('',(7.70803111442802,0.199127338217599,0.246665056375658));
#13703=AXIS2_PLACEMENT_3D('',#16931,#16932,#16933);
#13704=CARTESIAN_POINT('',(7.50803301828387,-3.39000678854497E-10,-1.22335167883156));
#13705=CARTESIAN_POINT('',(7.50803301828387,-3.97200676821659E-10,-1.43033494356834));
#13706=VECTOR('',#16934,1000.0);
#13707=CARTESIAN_POINT('',(7.70803111442826,0.199127337804102,-1.42334977503197));
#13708=AXIS2_PLACEMENT_3D('',#16935,#16936,#16937);
#13709=CARTESIAN_POINT('',(7.70803111442801,0.199127337376499,-2.74354651879192));
#13710=VECTOR('',#16938,1000.0);
#13711=CARTESIAN_POINT('',(-1.50800045132813,-3.39000678854497E-10,-1.22335167883155));
#13712=CARTESIAN_POINT('',(3.00001628347787,2.04600462200367E-11,-1.22335167888782));
#13713=VECTOR('',#16939,1000.0);
#13714=CARTESIAN_POINT('',(-1.70799854747228,0.199127337747858,-1.42334977503172));
#13715=AXIS2_PLACEMENT_3D('',#16940,#16941,#16942);
#13716=CARTESIAN_POINT('',(-1.70712968503797,0.199127337804099,-1.42334977503196));
#13717=VECTOR('',#16943,1000.0);
#13718=CARTESIAN_POINT('',(9.0100181873248,1.80000000001052,-1.43033494407645));
#13719=CARTESIAN_POINT('',(9.01569054339223,0.499999999892601,-1.42466258800902));
#13720=CARTESIAN_POINT('',(9.00990376827653,1.8262227478415,-1.43044936312471));
#13721=VECTOR('',#16944,1000.0);
#13722=CARTESIAN_POINT('',(9.21001628346895,1.80000000001052,-1.63033304022084));
#13723=AXIS2_PLACEMENT_3D('',#16945,#16946,#16947);
#13724=CARTESIAN_POINT('',(9.21568863953639,0.499999999892601,-1.62466068415342));
#13725=CARTESIAN_POINT('',(9.20999508999673,1.8048571552316,-1.63035423369306));
#13726=VECTOR('',#16948,1000.0);
#13727=AXIS2_PLACEMENT_3D('',#16949,#16950,#16951);
#13728=CARTESIAN_POINT('',(7.90803682603182,0.20000000013082,0.446665056375408));
#13729=CARTESIAN_POINT('',(7.90803682603182,1.87059648416898E-10,0.646665056431667));
#13730=AXIS2_PLACEMENT_3D('',#16952,#16953,#16954);
#13731=AXIS2_PLACEMENT_3D('',#16955,#16956,#16957);
#13732=CARTESIAN_POINT('',(7.90803682603182,0.200000000130858,0.446665056375408));
#13733=CARTESIAN_POINT('',(7.80331552928228,0.199875150239369,0.44666505637544));
#13734=CARTESIAN_POINT('',(7.7080336529147,0.199709112818408,0.351384811495311));
#13735=CARTESIAN_POINT('',(7.70803111442802,0.199127338217652,0.246665056375899));
#13736=CARTESIAN_POINT('',(7.91501818734442,1.80000000001052,0.446665055925334));
#13737=CARTESIAN_POINT('',(7.71501628347069,1.80000000001052,0.246665055925346));
#13738=AXIS2_PLACEMENT_3D('',#16958,#16959,#16960);
#13739=CARTESIAN_POINT('',(7.90720990249082,0.0104842873253588,0.446665056428708));
#13740=VECTOR('',#16961,1000.0);
#13741=CARTESIAN_POINT('',(7.70716225199371,7.45992112069258E-11,0.246665056431667));
#13742=VECTOR('',#16962,1000.0);
#13743=CARTESIAN_POINT('',(10.049363803203,0.20000000013082,0.446665056375418));
#13744=CARTESIAN_POINT('',(3.00001628347787,0.200000000130841,0.446665056375398));
#13745=VECTOR('',#16963,1000.0);
#13746=CARTESIAN_POINT('',(10.1904762895899,0.0582704471752267,0.505552570028328));
#13747=AXIS2_PLACEMENT_3D('',#16964,#16965,#16966);
#13748=CARTESIAN_POINT('',(10.049363803203,1.8708046509861E-10,0.646665056431677));
#13749=AXIS2_PLACEMENT_3D('',#16967,#16968,#16969);
#13750=CARTESIAN_POINT('',(3.00001628347787,2.83499865340352E-10,0.646665056375399));
#13751=VECTOR('',#16970,1000.0);
#13752=CARTESIAN_POINT('',(-1.70799854747228,0.199127338217599,0.246665056375649));
#13753=CARTESIAN_POINT('',(-1.50800045132813,7.45194139270309E-11,0.246665056431659));
#13754=AXIS2_PLACEMENT_3D('',#16971,#16972,#16973);
#13755=CARTESIAN_POINT('',(-1.70799854747228,0.199127337376499,-2.74354651879192));
#13756=VECTOR('',#16974,1000.0);
#13757=CARTESIAN_POINT('',(-1.50800045132813,-3.97200676821659E-10,-1.43033494356834));
#13758=VECTOR('',#16975,1000.0);
#13759=CARTESIAN_POINT('',(-1.90800425907609,1.87040566458662E-10,0.646665056431658));
#13760=CARTESIAN_POINT('',(-1.90800425907609,0.200000000130801,0.446665056375398));
#13761=AXIS2_PLACEMENT_3D('',#16976,#16977,#16978);
#13762=CARTESIAN_POINT('',(-1.70799854747228,0.199127338217553,0.24666505637589));
#13763=CARTESIAN_POINT('',(-1.70800108595896,0.199709112818309,0.351384811495305));
#13764=CARTESIAN_POINT('',(-1.80328296232655,0.19987515023927,0.446665056375436));
#13765=CARTESIAN_POINT('',(-1.90800425907609,0.200000000130759,0.446665056375399));
#13766=AXIS2_PLACEMENT_3D('',#16979,#16980,#16981);
#13767=CARTESIAN_POINT('',(10.0506728084482,0.499999999892601,0.446665056291005));
#13768=CARTESIAN_POINT('',(10.1100181873406,14.1008726619878,0.446665052465226));
#13769=VECTOR('',#16982,1000.0);
#13770=CARTESIAN_POINT('',(10.2506747123219,0.4999999998926,0.646665056291023));
#13771=AXIS2_PLACEMENT_3D('',#16983,#16984,#16985);
#13772=CARTESIAN_POINT('',(10.2493618993472,0.1991273383301,0.646665056375663));
#13773=CARTESIAN_POINT('',(10.3100162834847,14.1000000001871,0.646665052465475));
#13774=VECTOR('',#16986,1000.0);
#13775=AXIS2_PLACEMENT_3D('',#16987,#16988,#16989);
#13776=CARTESIAN_POINT('',(10.2493618993472,0.199127338492119,1.22268179073823));
#13777=CARTESIAN_POINT('',(10.2493618993472,0.199127339259259,3.94966505637565));
#13778=VECTOR('',#16990,1000.0);
#13779=CARTESIAN_POINT('',(10.0489293719859,3.92539013011791E-10,1.42181008080005));
#13780=AXIS2_PLACEMENT_3D('',#16991,#16992,#16993);
#13781=CARTESIAN_POINT('',(10.049363803203,-3.97200676821659E-10,-1.43033494356833));
#13782=VECTOR('',#16994,1000.0);
#13783=CARTESIAN_POINT('',(-4.04933123623353,1.8708046509861E-10,0.646665056431658));
#13784=CARTESIAN_POINT('',(3.00001628347787,2.83499865340352E-10,0.646665056375399));
#13785=VECTOR('',#16995,1000.0);
#13786=CARTESIAN_POINT('',(-4.19044372262048,0.0582704471752219,0.505552570028326));
#13787=AXIS2_PLACEMENT_3D('',#16996,#16997,#16998);
#13788=CARTESIAN_POINT('',(-4.04933123623353,0.200000000130801,0.446665056375398));
#13789=AXIS2_PLACEMENT_3D('',#16999,#17000,#17001);
#13790=CARTESIAN_POINT('',(-4.309983716529,0.200000000130801,0.446665056375399));
#13791=VECTOR('',#17002,1000.0);
#13792=CARTESIAN_POINT('',(-1.91498562038869,1.80000000001052,0.446665055925341));
#13793=CARTESIAN_POINT('',(-1.90712778118212,-0.00087266172609906,0.446665056431909));
#13794=VECTOR('',#17003,1000.0);
#13795=CARTESIAN_POINT('',(-1.71498371651495,1.80000000001052,0.246665055925338));
#13796=AXIS2_PLACEMENT_3D('',#17004,#17005,#17006);
#13797=CARTESIAN_POINT('',(-1.71498371651523,1.8000000000746,0.246665055925338));
#13798=VECTOR('',#17007,1000.0);
#13799=CARTESIAN_POINT('',(9.21918312792427,-0.300872662939201,-3.86592684271897));
#13800=CARTESIAN_POINT('',(9.41918122406842,-0.500000001082301,-3.86592684266295));
#13801=AXIS2_PLACEMENT_3D('',#17008,#17009,#17010);
#13802=CARTESIAN_POINT('',(9.41918122406842,-0.500000000757201,-2.71033494342768));
#13803=CARTESIAN_POINT('',(9.41918122406842,-0.5000000010825,-3.86679570515328));
#13804=VECTOR('',#17011,1000.0);
#13805=CARTESIAN_POINT('',(9.21918312792428,-0.300872662557899,-2.51033684733955));
#13806=AXIS2_PLACEMENT_3D('',#17012,#17013,#17014);
#13807=CARTESIAN_POINT('',(9.21918312792427,-0.300872662557899,-2.51033494348371));
#13808=VECTOR('',#17015,1000.0);
#13809=CARTESIAN_POINT('',(10.0471821277927,-0.50000000075722,-2.71033494342768));
#13810=CARTESIAN_POINT('',(-4.30998371651525,-0.500000000437521,-2.71033494348394));
#13811=VECTOR('',#17016,1000.0);
#13812=CARTESIAN_POINT('',(10.1882946141796,-0.441729553689684,-2.56922245705713));
#13813=AXIS2_PLACEMENT_3D('',#17017,#17018,#17019);
#13814=CARTESIAN_POINT('',(10.0471821277927,-0.300000000701001,-2.51033494348394));
#13815=AXIS2_PLACEMENT_3D('',#17020,#17021,#17022);
#13816=CARTESIAN_POINT('',(10.2463113615025,-0.300000000701001,-2.51033494348394));
#13817=VECTOR('',#17023,1000.0);
#13818=CARTESIAN_POINT('',(10.0506728084518,0.499999999892601,-2.51033494370898));
#13819=CARTESIAN_POINT('',(10.0503994035507,0.4373406098265,-2.51033494369136));
#13820=VECTOR('',#17024,1000.0);
#13821=CARTESIAN_POINT('',(10.2471802239368,-0.3008726626142,-2.7103349434837));
#13822=AXIS2_PLACEMENT_3D('',#17025,#17026,#17027);
#13823=CARTESIAN_POINT('',(10.250674712326,0.4999999998926,-2.71033494370898));
#13824=CARTESIAN_POINT('',(10.3100162834847,14.0999999992428,-2.71033494753452));
#13825=VECTOR('',#17028,1000.0);
#13826=AXIS2_PLACEMENT_3D('',#17029,#17030,#17031);
#13827=CARTESIAN_POINT('',(9.01918503178062,-0.300872663051701,-4.06592493886336));
#13828=CARTESIAN_POINT('',(9.01918503178062,-0.500000001194802,-4.26592303495125));
#13829=AXIS2_PLACEMENT_3D('',#17032,#17033,#17034);
#13830=AXIS2_PLACEMENT_3D('',#17035,#17036,#17037);
#13831=CARTESIAN_POINT('',(9.01918503178062,-0.300872663051764,-4.06592493886335));
#13832=CARTESIAN_POINT('',(9.1239025208433,-0.300415752571457,-4.06592294520264));
#13833=CARTESIAN_POINT('',(9.21918113426375,-0.300415752533952,-3.97064433178198));
#13834=CARTESIAN_POINT('',(9.21918312792427,-0.300872662939252,-3.86592684271896));
#13835=CARTESIAN_POINT('',(10.2563470683886,1.80000000001052,1.22966695977971));
#13836=CARTESIAN_POINT('',(10.3100670453384,14.1116336864289,1.28338693672952));
#13837=VECTOR('',#17038,1000.0);
#13838=CARTESIAN_POINT('',(10.0563489722445,1.80000000001052,1.42966505592361));
#13839=AXIS2_PLACEMENT_3D('',#17039,#17040,#17041);
#13840=CARTESIAN_POINT('',(10.0562146330403,1.7692119177168,1.42953071671947));
#13841=VECTOR('',#17042,1000.0);
#13842=CARTESIAN_POINT('',(-4.04846237379935,3.79939526670507E-10,1.42181102444802));
#13843=CARTESIAN_POINT('',(-4.04933123623353,-3.97200676821659E-10,-1.43033494356835));
#13844=VECTOR('',#17043,1000.0);
#13845=CARTESIAN_POINT('',(-4.24932933237768,0.199127338492119,1.22268179073829));
#13846=AXIS2_PLACEMENT_3D('',#17044,#17045,#17046);
#13847=CARTESIAN_POINT('',(-4.24932933237768,0.199127338330139,0.646665056375645));
#13848=CARTESIAN_POINT('',(-4.24932933237768,0.199127339259259,3.94966505637564));
#13849=VECTOR('',#17047,1000.0);
#13850=AXIS2_PLACEMENT_3D('',#17048,#17049,#17050);
#13851=CARTESIAN_POINT('',(-4.25064214535243,0.499999999892612,0.646665056291024));
#13852=CARTESIAN_POINT('',(-4.30998371651525,14.1000000001871,0.646665052465477));
#13853=VECTOR('',#17051,1000.0);
#13854=CARTESIAN_POINT('',(-4.05064024147871,0.499999999892601,0.446665056291014));
#13855=AXIS2_PLACEMENT_3D('',#17052,#17053,#17054);
#13856=CARTESIAN_POINT('',(-4.04846354510758,0.00114110438540019,0.446665056431339));
#13857=VECTOR('',#17055,1000.0);
#13858=CARTESIAN_POINT('',(-1.7093113604481,0.499999999892603,-0.223334943708995));
#13859=CARTESIAN_POINT('',(-1.71498371651552,1.80000000001052,-0.223334944074671));
#13860=CARTESIAN_POINT('',(-1.71498371651523,1.7999999999423,-0.223334944074671));
#13861=VECTOR('',#17056,1000.0);
#13862=CARTESIAN_POINT('',(-1.91498562038975,1.80000000001052,-0.423334944074672));
#13863=AXIS2_PLACEMENT_3D('',#17057,#17058,#17059);
#13864=CARTESIAN_POINT('',(-1.90931326432232,0.499999999892602,-0.423334943708996));
#13865=CARTESIAN_POINT('',(-1.91501026236828,1.8056474896446,-0.423334944076261));
#13866=VECTOR('',#17060,1000.0);
#13867=AXIS2_PLACEMENT_3D('',#17061,#17062,#17063);
#13868=CARTESIAN_POINT('',(8.37001818734095,-0.300872663051701,-4.06592493886336));
#13869=CARTESIAN_POINT('',(9.02005389421468,-0.300872663051701,-4.06592493886336));
#13870=VECTOR('',#17064,1000.0);
#13871=CARTESIAN_POINT('',(8.57001628348485,-0.500000001194802,-4.26592303495125));
#13872=AXIS2_PLACEMENT_3D('',#17065,#17066,#17067);
#13873=CARTESIAN_POINT('',(3.00001628347787,-0.500000000656321,-4.26592303500751));
#13874=VECTOR('',#17068,1000.0);
#13875=CARTESIAN_POINT('',(10.2471802239368,-0.300872662916199,-3.78393346145693));
#13876=CARTESIAN_POINT('',(10.0471821277927,-0.50000000105922,-3.78393346140092));
#13877=AXIS2_PLACEMENT_3D('',#17069,#17070,#17071);
#13878=CARTESIAN_POINT('',(10.2471802239368,-0.300872662915899,-3.78306459907863));
#13879=VECTOR('',#17072,1000.0);
#13880=CARTESIAN_POINT('',(10.0471821277927,-0.500000000701001,-2.51033494342768));
#13881=VECTOR('',#17073,1000.0);
#13882=CARTESIAN_POINT('',(9.0471916470707,-0.300872663197501,-4.98392203832206));
#13883=CARTESIAN_POINT('',(9.0471916470707,-0.5000000013405,-4.78392394213572));
#13884=AXIS2_PLACEMENT_3D('',#17074,#17075,#17076);
#13885=CARTESIAN_POINT('',(10.2471802239368,-0.300872662916161,-3.7839334614584));
#13886=CARTESIAN_POINT('',(10.2471742429549,-0.302243394291456,-4.09808592864699));
#13887=CARTESIAN_POINT('',(9.98714808133915,-0.303839411272886,-4.72388989572562));
#13888=CARTESIAN_POINT('',(9.3613441142597,-0.302243394478981,-4.9839160573406));
#13889=CARTESIAN_POINT('',(9.0471916470707,-0.30087266319745,-4.98392203832206));
#13890=CARTESIAN_POINT('',(9.04719164707071,-0.500000000117842,-4.78392394212166));
#13891=CARTESIAN_POINT('',(9.31206033784968,-0.500000000117842,-4.78392394212166));
#13892=CARTESIAN_POINT('',(9.82896330167574,-0.500000000117842,-4.56533913225137));
#13893=CARTESIAN_POINT('',(10.0471821277927,-0.500000000117841,-4.0495341196869));
#13894=CARTESIAN_POINT('',(10.0471821277927,-0.500000000117841,-3.78393346140092));
#13895=CARTESIAN_POINT('',(9.52714551719459,1.80000000040727,1.42966694322126));
#13896=CARTESIAN_POINT('',(9.52016034815127,3.7994017719181E-10,1.42181102444796));
#13897=CARTESIAN_POINT('',(9.52015654056654,-0.00087262822200014,1.42180721686324));
#13898=VECTOR('',#17077,1000.0);
#13899=CARTESIAN_POINT('',(9.32801628348277,1.80000000001052,1.62966315206751));
#13900=AXIS2_PLACEMENT_3D('',#17078,#17079,#17080);
#13901=CARTESIAN_POINT('',(9.32016225200713,3.79940201684513E-10,1.62180912059186));
#13902=CARTESIAN_POINT('',(9.32801247589965,1.799127371778,1.6296593444844));
#13903=VECTOR('',#17081,1000.0);
#13904=AXIS2_PLACEMENT_3D('',#17082,#17083,#17084);
#13905=CARTESIAN_POINT('',(-4.05631640527499,1.80000000001052,1.42966505592367));
#13906=CARTESIAN_POINT('',(-4.05618206607085,1.7692119177169,1.42953071671953));
#13907=VECTOR('',#17085,1000.0);
#13908=CARTESIAN_POINT('',(-4.25631450141915,1.80000000001051,1.22966695977977));
#13909=AXIS2_PLACEMENT_3D('',#17086,#17087,#17088);
#13910=CARTESIAN_POINT('',(-4.30986320350517,14.0723806282265,1.28321566186586));
#13911=VECTOR('',#17089,1000.0);
#13912=CARTESIAN_POINT('',(-3.20931136044833,1.80000000001052,0.246665056108179));
#13913=CARTESIAN_POINT('',(-3.20931136044833,0.499999999892601,0.246665056108179));
#13914=CARTESIAN_POINT('',(-3.20931136044833,1.80000000010274,0.246665056108179));
#13915=VECTOR('',#17090,1000.0);
#13916=CARTESIAN_POINT('',(-3.00931136044833,1.80000000001052,0.446665055925335));
#13917=AXIS2_PLACEMENT_3D('',#17091,#17092,#17093);
#13918=CARTESIAN_POINT('',(-3.00931136044833,0.499999999892601,0.446665056291013));
#13919=CARTESIAN_POINT('',(-3.00931136044833,1.30800806874558E-10,0.446665056431658));
#13920=VECTOR('',#17094,1000.0);
#13921=AXIS2_PLACEMENT_3D('',#17095,#17096,#17097);
#13922=CARTESIAN_POINT('',(8.37001628348485,-0.300000001340501,-4.78392394217791));
#13923=CARTESIAN_POINT('',(8.37001628348485,-0.300000001138801,-4.06679380135368));
#13924=VECTOR('',#17098,1000.0);
#13925=CARTESIAN_POINT('',(8.42890379707796,-0.441729554332544,-4.92503642854493));
#13926=AXIS2_PLACEMENT_3D('',#17099,#17100,#17101);
#13927=CARTESIAN_POINT('',(8.57001628348485,-0.5000000013405,-4.78392394212166));
#13928=AXIS2_PLACEMENT_3D('',#17102,#17103,#17104);
#13929=CARTESIAN_POINT('',(8.57001628348485,-0.500000001396502,-4.9830531758875));
#13930=VECTOR('',#17105,1000.0);
#13931=CARTESIAN_POINT('',(10.3100162834847,-0.500000000729162,-4.78392394217791));
#13932=VECTOR('',#17106,1000.0);
#13933=CARTESIAN_POINT('',(8.57001628348485,-0.300872663197501,-4.98392203832206));
#13934=AXIS2_PLACEMENT_3D('',#17107,#17108,#17109);
#13935=CARTESIAN_POINT('',(8.37001628348485,-0.300872663197501,-4.98392203832206));
#13936=VECTOR('',#17110,1000.0);
#13937=CARTESIAN_POINT('',(-4.24714765696731,-0.3008726626142,-2.7103349434837));
#13938=CARTESIAN_POINT('',(-4.25064214535655,0.4999999998926,-2.71033494370898));
#13939=CARTESIAN_POINT('',(-4.30998371651525,14.0999999992428,-2.71033494753452));
#13940=VECTOR('',#17111,1000.0);
#13941=CARTESIAN_POINT('',(-4.18826204721012,-0.441729553689692,-2.56922245705713));
#13942=AXIS2_PLACEMENT_3D('',#17112,#17113,#17114);
#13943=CARTESIAN_POINT('',(-4.04714956082317,-0.300000000701001,-2.51033494348394));
#13944=AXIS2_PLACEMENT_3D('',#17115,#17116,#17117);
#13945=CARTESIAN_POINT('',(-4.05064024148232,0.499999999892601,-2.51033494370898));
#13946=CARTESIAN_POINT('',(-4.05064517898216,0.501131584319601,-2.51033494370929));
#13947=VECTOR('',#17118,1000.0);
#13948=AXIS2_PLACEMENT_3D('',#17119,#17120,#17121);
#13949=CARTESIAN_POINT('',(-3.21915056096853,-0.300872662557941,-2.51033684733955));
#13950=CARTESIAN_POINT('',(-3.22001942340285,-0.300000000701001,-2.51033494348394));
#13951=VECTOR('',#17122,1000.0);
#13952=CARTESIAN_POINT('',(-4.04714956082317,-0.50000000075722,-2.71033494342768));
#13953=AXIS2_PLACEMENT_3D('',#17123,#17124,#17125);
#13954=CARTESIAN_POINT('',(-3.41914865711268,-0.50000000075722,-2.71033494342768));
#13955=CARTESIAN_POINT('',(-4.30998371651525,-0.500000000437521,-2.71033494348394));
#13956=VECTOR('',#17126,1000.0);
#13957=AXIS2_PLACEMENT_3D('',#17127,#17128,#17129);
#13958=CARTESIAN_POINT('',(-3.41914865711268,-0.500000001082301,-3.86592684266295));
#13959=CARTESIAN_POINT('',(-3.21915056096853,-0.300872662939201,-3.86592684271897));
#13960=AXIS2_PLACEMENT_3D('',#17130,#17131,#17132);
#13961=CARTESIAN_POINT('',(-3.21915056096853,-0.3008726629395,-3.86679570520929));
#13962=VECTOR('',#17133,1000.0);
#13963=CARTESIAN_POINT('',(-3.41914865711268,-0.500000000701001,-2.51033494342768));
#13964=VECTOR('',#17134,1000.0);
#13965=CARTESIAN_POINT('',(10.2563470683873,1.80000000001052,2.28966315232412));
#13966=CARTESIAN_POINT('',(10.2493618993472,0.199127338794238,2.29664832156276));
#13967=CARTESIAN_POINT('',(10.3099836584332,14.0925229370467,2.23602656227831));
#13968=VECTOR('',#17135,1000.0);
#13969=CARTESIAN_POINT('',(10.1901681001997,0.0579642658570253,2.15584402442287));
#13970=AXIS2_PLACEMENT_3D('',#17136,#17137,#17138);
#13971=CARTESIAN_POINT('',(10.049363803203,0.199127338737999,2.09665022541861));
#13972=AXIS2_PLACEMENT_3D('',#17139,#17140,#17141);
#13973=CARTESIAN_POINT('',(10.0563489722432,1.80000000001052,2.08966505675973));
#13974=CARTESIAN_POINT('',(10.109985562289,14.0925229370479,2.03602846642391));
#13975=VECTOR('',#17142,1000.0);
#13976=AXIS2_PLACEMENT_3D('',#17143,#17144,#17145);
#13977=CARTESIAN_POINT('',(-3.32798371652702,1.80000000001052,1.62966315206757));
#13978=CARTESIAN_POINT('',(-3.32012968505139,3.79940188555502E-10,1.62180912059192));
#13979=CARTESIAN_POINT('',(-3.32012587746666,-0.000872628222000115,1.62180531300719));
#13980=VECTOR('',#17146,1000.0);
#13981=CARTESIAN_POINT('',(-3.52711295023884,1.80000000040727,1.42966694322131));
#13982=AXIS2_PLACEMENT_3D('',#17147,#17148,#17149);
#13983=CARTESIAN_POINT('',(-3.52012778119553,3.79939743510941E-10,1.42181102444801));
#13984=CARTESIAN_POINT('',(-3.52797800508806,1.799127371778,1.42966124834055));
#13985=VECTOR('',#17150,1000.0);
#13986=AXIS2_PLACEMENT_3D('',#17151,#17152,#17153);
#13987=CARTESIAN_POINT('',(-3.01915246482488,-0.500000001194802,-4.26592303495125));
#13988=CARTESIAN_POINT('',(-3.01915246482488,-0.300872663051701,-4.06592493886336));
#13989=AXIS2_PLACEMENT_3D('',#17154,#17155,#17156);
#13990=CARTESIAN_POINT('',(-3.21915056096854,-0.300872662939254,-3.86592684271896));
#13991=CARTESIAN_POINT('',(-3.21914856730802,-0.300415752533956,-3.97064433178198));
#13992=CARTESIAN_POINT('',(-3.12386995388757,-0.300415752571459,-4.06592294520264));
#13993=CARTESIAN_POINT('',(-3.01915246482488,-0.300872663051766,-4.06592493886336));
#13994=AXIS2_PLACEMENT_3D('',#17157,#17158,#17159);
#13995=CARTESIAN_POINT('',(8.17001628348485,0.49999999865828,-4.78828729294235));
#13996=CARTESIAN_POINT('',(8.37001628348485,0.299999998658798,-4.78654195267033));
#13997=CARTESIAN_POINT('',(8.17001628348485,0.499999998658221,-4.78828729294235));
#13998=CARTESIAN_POINT('',(8.27473603860448,0.499999998658385,-4.78770551287043));
#13999=CARTESIAN_POINT('',(8.3700162834848,0.404719753778267,-4.78712373277171));
#14000=CARTESIAN_POINT('',(8.37001628348485,0.2999999986588,-4.78654195267033));
#14001=CARTESIAN_POINT('',(8.37001628348485,0.299999998862159,-4.06330312064086));
#14002=CARTESIAN_POINT('',(8.37001628348485,0.299999998863999,-4.05675809398786));
#14003=VECTOR('',#17160,1000.0);
#14004=CARTESIAN_POINT('',(8.17001628348485,0.499999998862399,-4.06243045047672));
#14005=AXIS2_PLACEMENT_3D('',#17161,#17162,#17163);
#14006=CARTESIAN_POINT('',(8.17001628348485,0.5000000008489,2.99966505629103));
#14007=VECTOR('',#17164,1000.0);
#14008=CARTESIAN_POINT('',(8.57001628348485,0.2991273368018,-4.98654004881448));
#14009=AXIS2_PLACEMENT_3D('',#17165,#17166,#17167);
#14010=CARTESIAN_POINT('',(8.57001628348485,14.0999999985856,-5.04675809786967));
#14011=VECTOR('',#17168,1000.0);
#14012=CARTESIAN_POINT('',(8.37001628348485,0.496811948796199,-4.78740071225449));
#14013=VECTOR('',#17169,1000.0);
#14014=CARTESIAN_POINT('',(-4.24714765696731,-0.300872662916199,-3.78393346145693));
#14015=CARTESIAN_POINT('',(-4.04714956082317,-0.50000000105922,-3.78393346140092));
#14016=AXIS2_PLACEMENT_3D('',#17170,#17171,#17172);
#14017=CARTESIAN_POINT('',(-4.04714956082317,-0.500000001059,-3.78306459902262));
#14018=VECTOR('',#17173,1000.0);
#14019=CARTESIAN_POINT('',(-4.24714765696731,-0.300872662557899,-2.51033494348371));
#14020=VECTOR('',#17174,1000.0);
#14021=CARTESIAN_POINT('',(-2.56998371651525,-0.500000001194802,-4.26592303495125));
#14022=CARTESIAN_POINT('',(3.00001628347787,-0.500000000656321,-4.26592303500751));
#14023=VECTOR('',#17175,1000.0);
#14024=CARTESIAN_POINT('',(-2.36998562037135,-0.300872663051701,-4.06592493886336));
#14025=AXIS2_PLACEMENT_3D('',#17176,#17177,#17178);
#14026=CARTESIAN_POINT('',(-2.36998371651525,-0.300872663051701,-4.06592493886336));
#14027=VECTOR('',#17179,1000.0);
#14028=CARTESIAN_POINT('',(8.17001628348485,0.699127336801339,-4.98828538914276));
#14029=AXIS2_PLACEMENT_3D('',#17180,#17181,#17182);
#14030=AXIS2_PLACEMENT_3D('',#17183,#17184,#17185);
#14031=CARTESIAN_POINT('',(10.0489293719858,8.52399249486781E-10,3.01181055313041));
#14032=CARTESIAN_POINT('',(10.2493618993472,0.199127338939358,2.81268179118855));
#14033=AXIS2_PLACEMENT_3D('',#17186,#17187,#17188);
#14034=CARTESIAN_POINT('',(10.049363803203,6.5120072899045E-10,2.29664832161878));
#14035=CARTESIAN_POINT('',(10.049363803203,1.11619876333263E-09,3.94966505643167));
#14036=VECTOR('',#17189,1000.0);
#14037=AXIS2_PLACEMENT_3D('',#17190,#17191,#17192);
#14038=CARTESIAN_POINT('',(10.2493618993472,0.199127339259198,3.94966505637565));
#14039=VECTOR('',#17193,1000.0);
#14040=CARTESIAN_POINT('',(9.60142989421428,0.199127338737999,2.09665022541861));
#14041=CARTESIAN_POINT('',(9.69134105100875,6.5120072899045E-10,2.29664832163831));
#14042=CARTESIAN_POINT('',(9.60142989405873,0.199127338737179,2.09665022541861));
#14043=CARTESIAN_POINT('',(9.60172331533062,0.0888030972516992,2.09713160881973));
#14044=CARTESIAN_POINT('',(9.65905569047313,6.01026236195169E-10,2.19137424566663));
#14045=CARTESIAN_POINT('',(9.69134105094506,6.5120072899045E-10,2.29664832165784));
#14046=CARTESIAN_POINT('',(10.3100162834847,0.199127338795079,2.09665022560912));
#14047=VECTOR('',#17194,1000.0);
#14048=CARTESIAN_POINT('',(10.3100162834847,5.15560965680347E-10,2.29664832156251));
#14049=VECTOR('',#17195,1000.0);
#14050=CARTESIAN_POINT('',(9.3038173239331,-3.7459578071178,1.91386592089286));
#14051=CARTESIAN_POINT('',(9.50386446863967,-3.73471677592875,2.11381496847143));
#14052=CARTESIAN_POINT('',(9.30381732393278,-3.74595780719285,1.91386592095542));
#14053=CARTESIAN_POINT('',(9.30361271128595,-3.79285128907847,1.93095950395903));
#14054=CARTESIAN_POINT('',(9.30713967633517,-3.86212206944224,1.95943588149389));
#14055=CARTESIAN_POINT('',(9.3209863812691,-3.94874241609534,2.00350367199878));
#14056=CARTESIAN_POINT('',(9.36095777240095,-4.00263622816513,2.06243435619278));
#14057=CARTESIAN_POINT('',(9.41542658821275,-3.93913670156118,2.09659453474993));
#14058=CARTESIAN_POINT('',(9.45841523353585,-3.85371479987934,2.11079637841784));
#14059=CARTESIAN_POINT('',(9.48685433696145,-3.78211482837071,2.11402178204837));
#14060=CARTESIAN_POINT('',(9.5038644681703,-3.73471677582476,2.11381496775639));
#14061=CARTESIAN_POINT('',(9.32801628348245,1.80000000001052,1.8896669606258));
#14062=CARTESIAN_POINT('',(9.32803117131962,1.803412019302,1.88965207278863));
#14063=VECTOR('',#17196,1000.0);
#14064=CARTESIAN_POINT('',(9.5280143796266,1.80000000001052,2.08966505677019));
#14065=AXIS2_PLACEMENT_3D('',#17197,#17198,#17199);
#14066=CARTESIAN_POINT('',(9.52802926746377,1.80341201930198,2.08965016892779));
#14067=VECTOR('',#17200,1000.0);
#14068=CARTESIAN_POINT('',(-4.24932933237768,0.199127338794219,2.29664832156275));
#14069=CARTESIAN_POINT('',(-4.04889680501638,5.95200361352725E-10,2.09751955973291));
#14070=AXIS2_PLACEMENT_3D('',#17201,#17202,#17203);
#14071=CARTESIAN_POINT('',(-4.25631450141785,1.80000000001052,2.28966315235184));
#14072=CARTESIAN_POINT('',(-4.25631933076553,1.8011067979474,2.28965832300415));
#14073=VECTOR('',#17204,1000.0);
#14074=CARTESIAN_POINT('',(-4.05631640527369,1.80000000000931,2.08966505648359));
#14075=AXIS2_PLACEMENT_3D('',#17205,#17206,#17207);
#14076=CARTESIAN_POINT('',(-4.05632123462139,1.8011067979486,2.0896602271359));
#14077=VECTOR('',#17208,1000.0);
#14078=CARTESIAN_POINT('',(-3.04715908010121,-0.300872663197501,-4.98392203832206));
#14079=CARTESIAN_POINT('',(-3.04715908010121,-0.5000000013405,-4.78392394212165));
#14080=AXIS2_PLACEMENT_3D('',#17209,#17210,#17211);
#14081=CARTESIAN_POINT('',(-4.04714956082317,-0.500000000117841,-3.78393346140092));
#14082=CARTESIAN_POINT('',(-4.04714956082317,-0.500000000117841,-4.04880215215806));
#14083=CARTESIAN_POINT('',(-3.82856475096531,-0.500000000117842,-4.5657051160158));
#14084=CARTESIAN_POINT('',(-3.31275973836209,-0.500000000117842,-4.78392394212165));
#14085=CARTESIAN_POINT('',(-3.04715908010121,-0.500000000117842,-4.78392394212165));
#14086=CARTESIAN_POINT('',(-3.04715908010121,-0.300872663197464,-4.98392203832205));
#14087=CARTESIAN_POINT('',(-3.36131154729046,-0.302243394478997,-4.98391605734059));
#14088=CARTESIAN_POINT('',(-3.98711551437038,-0.303839411272902,-4.72388989572519));
#14089=CARTESIAN_POINT('',(-4.24714167598584,-0.302243394291467,-4.09808592864577));
#14090=CARTESIAN_POINT('',(-4.24714765696732,-0.300872662916169,-3.78393346145693));
#14091=CARTESIAN_POINT('',(10.0506747123151,0.500000001065779,3.01399270022505));
#14092=CARTESIAN_POINT('',(10.0563351061715,1.79682215079334,3.01965119055454));
#14093=VECTOR('',#17212,1000.0);
#14094=CARTESIAN_POINT('',(10.2506727549093,0.499551397423219,2.81399264673617));
#14095=CARTESIAN_POINT('',(10.2563332023157,1.7968221507945,2.81965309414252));
#14096=VECTOR('',#17213,1000.0);
#14097=AXIS2_PLACEMENT_3D('',#17214,#17215,#17216);
#14098=CARTESIAN_POINT('',(-4.24932933237768,0.199127338939379,2.81268179118853));
#14099=CARTESIAN_POINT('',(-4.04889680501638,8.52399249486781E-10,3.0118105531304));
#14100=AXIS2_PLACEMENT_3D('',#17217,#17218,#17219);
#14101=CARTESIAN_POINT('',(-4.24932933237767,0.199127336728598,-5.04675809395949));
#14102=VECTOR('',#17220,1000.0);
#14103=CARTESIAN_POINT('',(-4.04933123623354,1.11619876333263E-09,3.94966505643166));
#14104=VECTOR('',#17221,1000.0);
#14105=CARTESIAN_POINT('',(-2.56998371651525,-0.300872663197501,-4.98392203832206));
#14106=CARTESIAN_POINT('',(-3.04629021766665,-0.300872663197501,-4.98392203832206));
#14107=VECTOR('',#17222,1000.0);
#14108=CARTESIAN_POINT('',(-2.42887123010838,-0.441729554332559,-4.92503642854491));
#14109=AXIS2_PLACEMENT_3D('',#17223,#17224,#17225);
#14110=CARTESIAN_POINT('',(-2.56998371651525,-0.5000000013405,-4.78392394212165));
#14111=AXIS2_PLACEMENT_3D('',#17226,#17227,#17228);
#14112=CARTESIAN_POINT('',(10.3100162834847,-0.500000000729162,-4.78392394217791));
#14113=VECTOR('',#17229,1000.0);
#14114=CARTESIAN_POINT('',(-2.56998371651525,-0.5000000011388,-4.06679380129742));
#14115=VECTOR('',#17230,1000.0);
#14116=CARTESIAN_POINT('',(-2.36998371651525,-0.300000001340501,-4.78392394217791));
#14117=AXIS2_PLACEMENT_3D('',#17231,#17232,#17233);
#14118=CARTESIAN_POINT('',(-2.36998371651525,-0.300000001396501,-4.98305317594376));
#14119=VECTOR('',#17234,1000.0);
#14120=CARTESIAN_POINT('',(10.2563470683867,1.80000000001052,2.81399269985937));
#14121=CARTESIAN_POINT('',(10.2506747123241,0.500000001009499,2.81399270022505));
#14122=VECTOR('',#17235,1000.0);
#14123=CARTESIAN_POINT('',(10.0563451645125,1.80000000001053,3.01399269985936));
#14124=AXIS2_PLACEMENT_3D('',#17236,#17237,#17238);
#14125=CARTESIAN_POINT('',(10.1100181873406,14.1008726627099,3.01399269639925));
#14126=VECTOR('',#17239,1000.0);
#14127=CARTESIAN_POINT('',(-3.52798181267086,1.80000000001052,2.08966505676479));
#14128=CARTESIAN_POINT('',(-3.52797800508847,1.79912737194508,2.08966886434718));
#14129=VECTOR('',#17240,1000.0);
#14130=CARTESIAN_POINT('',(-3.3279837165267,1.80000000001052,1.88966696062547));
#14131=AXIS2_PLACEMENT_3D('',#17241,#17242,#17243);
#14132=CARTESIAN_POINT('',(-3.32797990894432,1.7991273719451,1.88967076820785));
#14133=VECTOR('',#17244,1000.0);
#14134=CARTESIAN_POINT('',(-4.25064045539734,0.499612693781878,2.813992691296));
#14135=CARTESIAN_POINT('',(-4.05064214538183,0.500000009372719,3.01399270026127));
#14136=AXIS2_PLACEMENT_3D('',#17245,#17246,#17247);
#14137=CARTESIAN_POINT('',(-4.30983293292538,14.0654431668381,2.87318539172173));
#14138=VECTOR('',#17248,1000.0);
#14139=CARTESIAN_POINT('',(-4.10983483678123,14.065443166837,3.07318348813376));
#14140=VECTOR('',#17249,1000.0);
#14141=CARTESIAN_POINT('',(-4.05631259754297,1.80000000001052,3.01399269985936));
#14142=CARTESIAN_POINT('',(-4.05631742705704,1.80110683607806,3.01399269985904));
#14143=VECTOR('',#17250,1000.0);
#14144=CARTESIAN_POINT('',(-4.2563145014172,1.80000000001052,2.81399269985935));
#14145=AXIS2_PLACEMENT_3D('',#17251,#17252,#17253);
#14146=CARTESIAN_POINT('',(-4.25631450142156,1.8000000010095,2.81399269985935));
#14147=VECTOR('',#17254,1000.0);
#14148=CARTESIAN_POINT('',(-2.56998371651525,0.2991273368018,-4.98654004881448));
#14149=CARTESIAN_POINT('',(-2.36998371651525,0.299999998658798,-4.78654195267033));
#14150=AXIS2_PLACEMENT_3D('',#17255,#17256,#17257);
#14151=CARTESIAN_POINT('',(-2.36998371651525,0.503313217323399,-4.78742907956985));
#14152=VECTOR('',#17258,1000.0);
#14153=CARTESIAN_POINT('',(-2.56998371651525,14.0999999985856,-5.04675809786967));
#14154=VECTOR('',#17259,1000.0);
#14155=CARTESIAN_POINT('',(-2.16998371651525,0.49999999865828,-4.7882872929536));
#14156=CARTESIAN_POINT('',(-2.36998371651525,0.2999999986588,-4.78654195267033));
#14157=CARTESIAN_POINT('',(-2.3699837165152,0.404719753778267,-4.78712373277171));
#14158=CARTESIAN_POINT('',(-2.27470347163488,0.499999998658385,-4.78770551287043));
#14159=CARTESIAN_POINT('',(-2.16998371651525,0.499999998658221,-4.78828729294235));
#14160=CARTESIAN_POINT('',(-2.16998371651525,0.499999999892601,-4.06243045047222));
#14161=CARTESIAN_POINT('',(-2.16998371651525,0.5000000008489,2.99966505629103));
#14162=VECTOR('',#17260,1000.0);
#14163=CARTESIAN_POINT('',(-2.36998371651525,0.299999998862181,-4.06330312064086));
#14164=AXIS2_PLACEMENT_3D('',#17261,#17262,#17263);
#14165=CARTESIAN_POINT('',(-2.36998371651525,0.299999998444898,-5.54675809398786));
#14166=VECTOR('',#17264,1000.0);
#14167=CARTESIAN_POINT('',(-2.16998371651525,0.699127336801298,-4.98828538914275));
#14168=AXIS2_PLACEMENT_3D('',#17265,#17266,#17267);
#14169=AXIS2_PLACEMENT_3D('',#17268,#17269,#17270);
#14170=CARTESIAN_POINT('',(10.2563470683856,1.80000000001052,3.69599774122212));
#14171=CARTESIAN_POINT('',(10.3100200910698,14.1008726297455,3.74967076390642));
#14172=VECTOR('',#17271,1000.0);
#14173=CARTESIAN_POINT('',(10.0563489722471,1.8000000013139,3.89599583737171));
#14174=CARTESIAN_POINT('',(10.1097436578239,14.0370828697117,3.94939052294853));
#14175=VECTOR('',#17272,1000.0);
#14176=AXIS2_PLACEMENT_3D('',#17273,#17274,#17275);
#14177=CARTESIAN_POINT('',(9.32234392741876,0.49999999904522,3.21399127233316));
#14178=CARTESIAN_POINT('',(9.52234297549083,0.499999996912201,3.01399270022505));
#14179=AXIS2_PLACEMENT_3D('',#17276,#17277,#17278);
#14180=CARTESIAN_POINT('',(9.52234392741875,1.80000000001052,3.01399269985937));
#14181=CARTESIAN_POINT('',(9.52234392741875,0.5000000010658,3.01399270022505));
#14182=VECTOR('',#17279,1000.0);
#14183=CARTESIAN_POINT('',(9.32234392741876,1.80000000001052,3.21399270007034));
#14184=AXIS2_PLACEMENT_3D('',#17280,#17281,#17282);
#14185=CARTESIAN_POINT('',(9.32234392741876,1.80000000109388,3.21399270007034));
#14186=VECTOR('',#17283,1000.0);
#14187=CARTESIAN_POINT('',(-4.05631640527766,1.8000000013139,3.89599583737171));
#14188=CARTESIAN_POINT('',(-4.10998942795621,14.1008726297455,3.94966886005033));
#14189=VECTOR('',#17284,1000.0);
#14190=CARTESIAN_POINT('',(-4.25631450141612,1.80000000001052,3.69599774122212));
#14191=CARTESIAN_POINT('',(-4.30981624923663,14.0616195715431,3.7494994890427));
#14192=VECTOR('',#17285,1000.0);
#14193=AXIS2_PLACEMENT_3D('',#17286,#17287,#17288);
#14194=CARTESIAN_POINT('',(9.50386446882905,-3.73471677581925,2.99551514621236));
#14195=CARTESIAN_POINT('',(9.30381732393225,-3.74595780695265,3.19546419407704));
#14196=CARTESIAN_POINT('',(9.50386446910158,-3.73471677591515,2.9955151460922));
#14197=CARTESIAN_POINT('',(9.48693239843606,-3.7818973160732,2.99530928080484));
#14198=CARTESIAN_POINT('',(9.45877782229408,-3.85301923133327,2.99841373172072));
#14199=CARTESIAN_POINT('',(9.41585311555228,-3.93814007118144,3.01264054920672));
#14200=CARTESIAN_POINT('',(9.3622190279098,-4.00232313644167,3.04571405065062));
#14201=CARTESIAN_POINT('',(9.3211857075199,-3.95004859941489,3.10517972537323));
#14202=CARTESIAN_POINT('',(9.3072409235624,-3.8628619826257,3.14952417274809));
#14203=CARTESIAN_POINT('',(9.30361162484614,-3.79310025360955,3.17827985871012));
#14204=CARTESIAN_POINT('',(9.30381732393137,-3.74595780692355,3.19546419412428));
#14205=CARTESIAN_POINT('',(9.52802827748195,1.80318513399646,3.01967895476307));
#14206=VECTOR('',#17289,1000.0);
#14207=CARTESIAN_POINT('',(9.3280301813378,1.8031851339964,3.21967705091938));
#14208=VECTOR('',#17290,1000.0);
#14209=CARTESIAN_POINT('',(-3.52231040853509,0.499999996912201,3.01399270022503));
#14210=CARTESIAN_POINT('',(-3.32231136046302,0.499999996968421,3.21399174829711));
#14211=AXIS2_PLACEMENT_3D('',#17291,#17292,#17293);
#14212=CARTESIAN_POINT('',(-3.32231136046302,1.80000000001052,3.21399270007032));
#14213=CARTESIAN_POINT('',(-3.32231136046302,1.80000000109388,3.21399270007032));
#14214=VECTOR('',#17294,1000.0);
#14215=CARTESIAN_POINT('',(-3.52231136046301,1.80000000001052,3.01399270007032));
#14216=AXIS2_PLACEMENT_3D('',#17295,#17296,#17297);
#14217=CARTESIAN_POINT('',(-3.52231136046301,1.8000000010658,3.01399269985936));
#14218=VECTOR('',#17298,1000.0);
#14219=CARTESIAN_POINT('',(-3.32797990894399,1.79912737224284,3.21965934548161));
#14220=VECTOR('',#17299,1000.0);
#14221=CARTESIAN_POINT('',(-3.52797800508813,1.79912737224288,3.01966124932514));
#14222=VECTOR('',#17300,1000.0);
#14223=CARTESIAN_POINT('',(8.44001628348672,1.80000000001052,1.62966315206752));
#14224=CARTESIAN_POINT('',(8.44787031496237,3.79940201684513E-10,1.62180912059188));
#14225=CARTESIAN_POINT('',(8.44787412254709,-0.000872628222000115,1.62180531300715));
#14226=VECTOR('',#17301,1000.0);
#14227=CARTESIAN_POINT('',(8.24001818734258,1.80000000001052,1.42966505592362));
#14228=AXIS2_PLACEMENT_3D('',#17302,#17303,#17304);
#14229=CARTESIAN_POINT('',(8.24787221881822,3.7994017719181E-10,1.42181102444796));
#14230=CARTESIAN_POINT('',(8.24002199492569,1.799127371778,1.42966124834051));
#14231=VECTOR('',#17305,1000.0);
#14232=AXIS2_PLACEMENT_3D('',#17306,#17307,#17308);
#14233=CARTESIAN_POINT('',(-2.23998562038683,1.80000000001052,1.42966505592367));
#14234=CARTESIAN_POINT('',(-2.24783965186247,3.7994017719181E-10,1.42181102444801));
#14235=CARTESIAN_POINT('',(-2.2478434594472,-0.00087262822200014,1.42180721686329));
#14236=VECTOR('',#17309,1000.0);
#14237=CARTESIAN_POINT('',(-2.43998371653097,1.80000000001052,1.62966315206757));
#14238=AXIS2_PLACEMENT_3D('',#17310,#17311,#17312);
#14239=CARTESIAN_POINT('',(-2.44783774800661,3.79940201684513E-10,1.62180912059191));
#14240=CARTESIAN_POINT('',(-2.43998752411409,1.799127371778,1.62965934448445));
#14241=VECTOR('',#17313,1000.0);
#14242=AXIS2_PLACEMENT_3D('',#17314,#17315,#17316);
#14243=CARTESIAN_POINT('',(-2.46473531707596,-3.87261298980546,1.91441856192381));
#14244=CARTESIAN_POINT('',(-2.26501855286367,-3.92336985899355,2.1146381108847));
#14245=CARTESIAN_POINT('',(-2.46473531707612,-3.872612989842,1.91441856195246));
#14246=CARTESIAN_POINT('',(-2.46494347381448,-3.92031871173442,1.93099616620682));
#14247=CARTESIAN_POINT('',(-2.4627263184157,-3.99237997724044,1.95758886973633));
#14248=CARTESIAN_POINT('',(-2.44794291151394,-4.07870068279177,1.99944651994668));
#14249=CARTESIAN_POINT('',(-2.42619027910509,-4.15219433369587,2.04262584333596));
#14250=CARTESIAN_POINT('',(-2.36116546077127,-4.13181345831868,2.09565540128507));
#14251=CARTESIAN_POINT('',(-2.31195345926597,-4.03841619197714,2.11076171351264));
#14252=CARTESIAN_POINT('',(-2.28254434146378,-3.97045665319606,2.1148383910289));
#14253=CARTESIAN_POINT('',(-2.26501854691536,-3.92336986117546,2.11463811841352));
#14254=CARTESIAN_POINT('',(-2.4399837165313,1.80000000001052,1.88966696064488));
#14255=CARTESIAN_POINT('',(-2.43998752411369,1.7991273719436,1.88967076822727));
#14256=VECTOR('',#17317,1000.0);
#14257=CARTESIAN_POINT('',(-2.23998562038715,1.80000000001059,2.0896650567745));
#14258=AXIS2_PLACEMENT_3D('',#17318,#17319,#17320);
#14259=CARTESIAN_POINT('',(-2.23998942796954,1.79912737194354,2.08966886435689));
#14260=VECTOR('',#17321,1000.0);
#14261=CARTESIAN_POINT('',(6.24452750670123,-0.3008726612614,2.09883190096961));
#14262=CARTESIAN_POINT('',(6.25369435115174,1.80000000001052,2.08966505625003));
#14263=CARTESIAN_POINT('',(6.25373597458192,1.809539326985,2.0896234330747));
#14264=VECTOR('',#17322,1000.0);
#14265=CARTESIAN_POINT('',(6.10310749673004,-0.441422701766238,2.15740998693473));
#14266=AXIS2_PLACEMENT_3D('',#17323,#17324,#17325);
#14267=CARTESIAN_POINT('',(6.04452941055708,-0.299127337491221,2.29882999711326));
#14268=AXIS2_PLACEMENT_3D('',#17326,#17327,#17328);
#14269=CARTESIAN_POINT('',(6.05368863954794,1.80000000001052,2.28967076785359));
#14270=CARTESIAN_POINT('',(6.05373787843778,1.81128465069778,2.28962152896376));
#14271=VECTOR('',#17329,1000.0);
#14272=AXIS2_PLACEMENT_3D('',#17330,#17331,#17332);
#14273=CARTESIAN_POINT('',(-0.0444968435876038,-0.299127337491221,2.29882999711325));
#14274=CARTESIAN_POINT('',(-0.0536560725784577,1.80000000001052,2.28967076785359));
#14275=CARTESIAN_POINT('',(-0.0479423215448846,0.490513032687759,2.29538451888715));
#14276=VECTOR('',#17333,1000.0);
#14277=CARTESIAN_POINT('',(-0.103074929693196,-0.441422701811269,2.15740998686711));
#14278=AXIS2_PLACEMENT_3D('',#17334,#17335,#17336);
#14279=CARTESIAN_POINT('',(-0.244494939731748,-0.3008726612614,2.0988319009696));
#14280=AXIS2_PLACEMENT_3D('',#17337,#17338,#17339);
#14281=CARTESIAN_POINT('',(-0.253661784182257,1.80000000001052,2.08966505650488));
#14282=CARTESIAN_POINT('',(-0.24794041768903,0.48876770897498,2.0953864229981));
#14283=VECTOR('',#17340,1000.0);
#14284=AXIS2_PLACEMENT_3D('',#17341,#17342,#17343);
#14285=CARTESIAN_POINT('',(7.34641628348474,-0.4999999993482,2.29882999716977));
#14286=CARTESIAN_POINT('',(7.34641628348474,-0.3008726612614,2.09883190096961));
#14287=AXIS2_PLACEMENT_3D('',#17344,#17345,#17346);
#14288=CARTESIAN_POINT('',(6.24452750670122,-0.499999999348181,2.29882999716977));
#14289=CARTESIAN_POINT('',(-2.439983716529,-0.49999999973302,2.29882999711351));
#14290=VECTOR('',#17347,1000.0);
#14291=AXIS2_PLACEMENT_3D('',#17348,#17349,#17350);
#14292=CARTESIAN_POINT('',(-2.439983716529,-0.300872661204621,2.0988319010898));
#14293=VECTOR('',#17351,1000.0);
#14294=CARTESIAN_POINT('',(6.04452941055708,-0.29912733703814,3.90966505651582));
#14295=CARTESIAN_POINT('',(6.24452750670122,-0.499999998895099,3.90966505657232));
#14296=AXIS2_PLACEMENT_3D('',#17352,#17353,#17354);
#14297=CARTESIAN_POINT('',(6.04452941055708,-0.2991273368806,4.46966505651581));
#14298=VECTOR('',#17355,1000.0);
#14299=CARTESIAN_POINT('',(6.24452750670122,-0.499999998883799,3.94966505657232));
#14300=VECTOR('',#17356,1000.0);
#14301=CARTESIAN_POINT('',(-0.244494939731748,-0.499999998895099,3.90966505657231));
#14302=CARTESIAN_POINT('',(-0.0444968435875984,-0.2991273370381,3.90966505651581));
#14303=AXIS2_PLACEMENT_3D('',#17357,#17358,#17359);
#14304=CARTESIAN_POINT('',(-0.244494939731748,-0.4999999993482,2.29882999716976));
#14305=CARTESIAN_POINT('',(-0.244494939731748,-0.499999998883799,3.9496650565723));
#14306=VECTOR('',#17360,1000.0);
#14307=AXIS2_PLACEMENT_3D('',#17361,#17362,#17363);
#14308=CARTESIAN_POINT('',(-0.0444968435875984,-0.2991273368806,4.46966505651581));
#14309=VECTOR('',#17364,1000.0);
#14310=CARTESIAN_POINT('',(-1.346383716529,-0.3008726612614,2.09883190096961));
#14311=CARTESIAN_POINT('',(-1.346383716529,-0.499999999348181,2.29882999716976));
#14312=AXIS2_PLACEMENT_3D('',#17365,#17366,#17367);
#14313=CARTESIAN_POINT('',(-2.439983716529,-0.300872661204621,2.0988319010898));
#14314=VECTOR('',#17368,1000.0);
#14315=CARTESIAN_POINT('',(-2.439983716529,-0.49999999973302,2.29882999711351));
#14316=VECTOR('',#17369,1000.0);
#14317=CARTESIAN_POINT('',(9.11005055212747,14.1052357703613,-5.04678094337874));
#14318=VECTOR('',#17370,1000.0);
#14319=CARTESIAN_POINT('',(10.3098678541507,14.06598271722,-3.84662109167075));
#14320=VECTOR('',#17371,1000.0);
#14321=CARTESIAN_POINT('',(-4.31000656202285,14.1052357703613,-3.84679236651239));
#14322=VECTOR('',#17372,1000.0);
#14323=CARTESIAN_POINT('',(-3.10973964805618,14.0414460103274,-5.04650260627695));
#14324=VECTOR('',#17373,1000.0);
#14325=CARTESIAN_POINT('',(-0.0940170676736579,11.0500000013259,3.93865926177088));
#14326=CARTESIAN_POINT('',(-0.0479837165152578,0.500000001303679,3.85966505629102));
#14327=CARTESIAN_POINT('',(-0.0479960908256588,0.5028359663476,3.85968629086973));
#14328=VECTOR('',#17374,1000.0);
#14329=CARTESIAN_POINT('',(6.04801628348474,0.500000001303679,3.85966505629103));
#14330=CARTESIAN_POINT('',(-0.69798371651526,0.499999999892602,3.85966505628045));
#14331=VECTOR('',#17375,1000.0);
#14332=CARTESIAN_POINT('',(6.09404963464314,11.0500000013259,3.93865926177089));
#14333=CARTESIAN_POINT('',(6.04803621132089,0.504567095945901,3.8596992528799));
#14334=VECTOR('',#17376,1000.0);
#14335=CARTESIAN_POINT('',(6.04801628348474,11.0500000013938,3.9386592617714));
#14336=VECTOR('',#17377,1000.0);
#14337=CARTESIAN_POINT('',(10.2563470683865,1.80000000001052,2.99966505593426));
#14338=VECTOR('',#17378,1000.0);
#14339=CARTESIAN_POINT('',(9.32234392741875,1.80000000001052,3.89599583736602));
#14340=CARTESIAN_POINT('',(3.00001628347787,1.80000000001052,3.89599583736602));
#14341=VECTOR('',#17379,1000.0);
#14342=CARTESIAN_POINT('',(9.32234392741875,1.80000000001052,3.94966505592534));
#14343=VECTOR('',#17380,1000.0);
#14344=CARTESIAN_POINT('',(-1.346383716529,1.80000000001052,3.01399269985936));
#14345=VECTOR('',#17381,1000.0);
#14346=CARTESIAN_POINT('',(-1.34638371652909,0.4999998621103,3.01399270022503));
#14347=VECTOR('',#17382,1000.0);
#14348=CARTESIAN_POINT('',(9.32234392741875,0.500000001311959,3.89032348130479));
#14349=CARTESIAN_POINT('',(9.32234392741876,0.50000000080526,2.08966505629116));
#14350=VECTOR('',#17383,1000.0);
#14351=CARTESIAN_POINT('',(9.32234392741875,14.1000000011162,3.94966505246548));
#14352=VECTOR('',#17384,1000.0);
#14353=CARTESIAN_POINT('',(-3.32231136046302,1.80000000001052,3.89599583736602));
#14354=CARTESIAN_POINT('',(-3.32231136046302,1.80000000001052,2.99966505592535));
#14355=VECTOR('',#17385,1000.0);
#14356=CARTESIAN_POINT('',(3.00001628347787,1.80000000001052,3.89599583736602));
#14357=VECTOR('',#17386,1000.0);
#14358=CARTESIAN_POINT('',(-4.25631450142684,1.80000000001052,-5.04675809786974));
#14359=VECTOR('',#17387,1000.0);
#14360=CARTESIAN_POINT('',(3.00001628347787,1.80000000001052,3.01399269985936));
#14361=VECTOR('',#17388,1000.0);
#14362=CARTESIAN_POINT('',(-3.32231136046302,0.5000000013125,3.89032348130479));
#14363=CARTESIAN_POINT('',(-3.32231136046302,1.7961515852212,3.8959790453822));
#14364=VECTOR('',#17389,1000.0);
#14365=CARTESIAN_POINT('',(-3.32231136046302,0.50000000080646,2.08966505629129));
#14366=VECTOR('',#17390,1000.0);
#14367=CARTESIAN_POINT('',(-1.34638371652909,0.4999998621103,3.01399270022503));
#14368=VECTOR('',#17391,1000.0);
#14369=CARTESIAN_POINT('',(8.40368863955072,1.80000000001052,3.89599583736602));
#14370=CARTESIAN_POINT('',(8.40368863955072,1.80000000001052,3.01399269985937));
#14371=VECTOR('',#17392,1000.0);
#14372=CARTESIAN_POINT('',(7.34801628348474,1.80000000001052,3.89599583736602));
#14373=CARTESIAN_POINT('',(3.00001628347787,1.80000000001052,3.89599583736602));
#14374=VECTOR('',#17393,1000.0);
#14375=CARTESIAN_POINT('',(7.34801628348474,1.80000000001052,3.94966505592539));
#14376=CARTESIAN_POINT('',(7.34801628348474,1.80000000001052,4.46966505332341));
#14377=VECTOR('',#17394,1000.0);
#14378=CARTESIAN_POINT('',(7.34641628348474,1.80000000001052,3.94966505592539));
#14379=CARTESIAN_POINT('',(-2.40365607259498,1.80000000001052,3.94966505592534));
#14380=VECTOR('',#17395,1000.0);
#14381=CARTESIAN_POINT('',(7.34641628348474,1.80000000001052,3.90966505643167));
#14382=VECTOR('',#17396,1000.0);
#14383=CARTESIAN_POINT('',(-1.346383716529,1.80000000001052,3.01399269985936));
#14384=VECTOR('',#17397,1000.0);
#14385=CARTESIAN_POINT('',(7.34641628348473,0.500000001328999,3.94966505629102));
#14386=CARTESIAN_POINT('',(7.34641628348474,1.11615886469268E-09,3.94966505643171));
#14387=VECTOR('',#17398,1000.0);
#14388=CARTESIAN_POINT('',(7.34801628348474,0.50000000132898,3.94966505629102));
#14389=CARTESIAN_POINT('',(7.34801628348474,1.800000001329,3.94966505592539));
#14390=VECTOR('',#17399,1000.0);
#14391=CARTESIAN_POINT('',(-2.40365607259498,0.499999999892602,3.94966505629102));
#14392=VECTOR('',#17400,1000.0);
#14393=CARTESIAN_POINT('',(8.40368863955072,0.500000001312299,3.89032348130479));
#14394=CARTESIAN_POINT('',(8.40368863955072,1.7961515852212,3.8959790453822));
#14395=VECTOR('',#17401,1000.0);
#14396=CARTESIAN_POINT('',(8.40368863955072,0.500000001061699,2.99966505629105));
#14397=VECTOR('',#17402,1000.0);
#14398=CARTESIAN_POINT('',(-1.34638371652909,0.4999998621103,3.01399270022503));
#14399=VECTOR('',#17403,1000.0);
#14400=CARTESIAN_POINT('',(-1.34798371651526,1.80000000001052,3.89599583736602));
#14401=CARTESIAN_POINT('',(-1.34798371651526,1.80000000001052,3.94966505592535));
#14402=CARTESIAN_POINT('',(-1.34798371651526,1.80000000001052,2.99966505592535));
#14403=VECTOR('',#17404,1000.0);
#14404=CARTESIAN_POINT('',(-2.40365607259498,1.80000000001052,3.89599583736602));
#14405=CARTESIAN_POINT('',(-4.30998371651525,1.80000000001052,3.89599583736602));
#14406=VECTOR('',#17405,1000.0);
#14407=CARTESIAN_POINT('',(-2.40365607259498,1.80000000001052,2.99966505592535));
#14408=VECTOR('',#17406,1000.0);
#14409=CARTESIAN_POINT('',(3.00001628347787,1.80000000001052,3.01399269985936));
#14410=VECTOR('',#17407,1000.0);
#14411=CARTESIAN_POINT('',(-1.346383716529,1.80000000001052,3.94966505592535));
#14412=CARTESIAN_POINT('',(-1.346383716529,1.80000000001052,2.99966505592535));
#14413=VECTOR('',#17408,1000.0);
#14414=CARTESIAN_POINT('',(3.00001628347787,1.80000000001052,3.94966505592537));
#14415=VECTOR('',#17409,1000.0);
#14416=CARTESIAN_POINT('',(-1.34638371652909,0.4999998621103,3.01399270022503));
#14417=VECTOR('',#17410,1000.0);
#14418=CARTESIAN_POINT('',(-2.40365607259498,0.500000001312299,3.89032348130479));
#14419=CARTESIAN_POINT('',(-2.40365607259498,0.500000001061699,2.99966505629103));
#14420=VECTOR('',#17411,1000.0);
#14421=CARTESIAN_POINT('',(-2.40365607259498,1.7961515852212,3.8959790453822));
#14422=VECTOR('',#17412,1000.0);
#14423=CARTESIAN_POINT('',(-1.34798371651526,0.500000001328959,3.94966505629102));
#14424=CARTESIAN_POINT('',(-1.34798371651526,0.500000001328999,3.94966505629102));
#14425=VECTOR('',#17413,1000.0);
#14426=CARTESIAN_POINT('',(-1.346383716529,0.500000001328999,3.94966505629102));
#14427=CARTESIAN_POINT('',(-1.346383716529,1.800000001329,3.94966505592535));
#14428=VECTOR('',#17414,1000.0);
#14429=CARTESIAN_POINT('',(3.00001628347787,0.499999999892602,3.94966505629104));
#14430=VECTOR('',#17415,1000.0);
#14431=CARTESIAN_POINT('',(-1.34798371651526,0.500000001475201,4.46966505629102));
#14432=CARTESIAN_POINT('',(-1.34798371651526,11.0500000014623,4.42363170513267));
#14433=CARTESIAN_POINT('',(-1.34798371651526,0.500000001475201,4.46966505629102));
#14434=VECTOR('',#17416,1000.0);
#14435=CARTESIAN_POINT('',(-0.0479837165152577,0.500000001475201,4.46966505629102));
#14436=CARTESIAN_POINT('',(3.00001628347787,0.499999999892602,4.46966505629792));
#14437=VECTOR('',#17417,1000.0);
#14438=CARTESIAN_POINT('',(-0.0940170676736631,11.0500000014623,4.42363170513268));
#14439=CARTESIAN_POINT('',(-0.048055455215488,0.516441196138201,4.4695933175908));
#14440=VECTOR('',#17418,1000.0);
#14441=CARTESIAN_POINT('',(6.04801628348474,11.0500000013938,4.42363170513297));
#14442=VECTOR('',#17419,1000.0);
#14443=CARTESIAN_POINT('',(-1.34798371651526,0.499999999892602,4.46966505629102));
#14444=VECTOR('',#17420,1000.0);
#14445=CARTESIAN_POINT('',(-1.34798371651526,11.0500000013252,3.93635683246325));
#14446=CARTESIAN_POINT('',(-1.34798371651526,11.0500000013938,4.46966505629102));
#14447=VECTOR('',#17421,1000.0);
#14448=CARTESIAN_POINT('',(-1.34798371651526,0.502527823885101,3.89033451108149));
#14449=VECTOR('',#17422,1000.0);
#14450=CARTESIAN_POINT('',(6.04801628348474,0.500000001475201,4.46966505629102));
#14451=CARTESIAN_POINT('',(6.09404963464314,11.0500000014623,4.42363170513267));
#14452=CARTESIAN_POINT('',(6.04801628348474,0.500000001475201,4.46966505629101));
#14453=VECTOR('',#17423,1000.0);
#14454=CARTESIAN_POINT('',(7.34801628348474,0.500000001475201,4.46966505629102));
#14455=CARTESIAN_POINT('',(3.00001628347787,0.499999999892602,4.46966505629792));
#14456=VECTOR('',#17424,1000.0);
#14457=CARTESIAN_POINT('',(7.34801628348474,11.0500000014623,4.42363170513267));
#14458=CARTESIAN_POINT('',(7.34801628348474,11.0497991456517,4.42363258153704));
#14459=VECTOR('',#17425,1000.0);
#14460=CARTESIAN_POINT('',(6.04801628348474,11.0500000013938,4.42363170513297));
#14461=VECTOR('',#17426,1000.0);
#14462=CARTESIAN_POINT('',(7.34801628348474,11.0500000013252,3.93635683246325));
#14463=CARTESIAN_POINT('',(7.34801628348474,11.0523269680357,3.93636698583535));
#14464=VECTOR('',#17427,1000.0);
#14465=CARTESIAN_POINT('',(7.34801628348474,11.0500000013938,4.46966505332341));
#14466=VECTOR('',#17428,1000.0);
#14467=CARTESIAN_POINT('',(7.34801628348474,0.499999999892602,4.46966505332341));
#14468=VECTOR('',#17429,1000.0);
#14469=CARTESIAN_POINT('',(-4.30998371651525,11.0500000013938,3.93635683246355));
#14470=VECTOR('',#17430,1000.0);
#14471=CARTESIAN_POINT('',(-0.094017067673304,11.0500000013938,4.46966505333095));
#14472=VECTOR('',#17431,1000.0);
#14473=CARTESIAN_POINT('',(6.09404963464279,11.0500000013938,4.46966505629108));
#14474=VECTOR('',#17432,1000.0);
#14475=CARTESIAN_POINT('',(-3.20931136044833,1.80000000001052,-0.423334944074672));
#14476=VECTOR('',#17433,1000.0);
#14477=CARTESIAN_POINT('',(-3.20931136044833,0.499999999892601,-0.423334943708995));
#14478=VECTOR('',#17434,1000.0);
#14479=CARTESIAN_POINT('',(-3.20931136044833,1.80000000001052,0.446665055925329));
#14480=VECTOR('',#17435,1000.0);
#14481=CARTESIAN_POINT('',(-3.20931136044833,0.499999999892601,0.446665055925329));
#14482=VECTOR('',#17436,1000.0);
#14483=CARTESIAN_POINT('',(-3.20931136044833,1.80000000001052,-0.423334944074672));
#14484=VECTOR('',#17437,1000.0);
#14485=CARTESIAN_POINT('',(3.00001628347788,0.499999999892601,-0.423334943708981));
#14486=VECTOR('',#17438,1000.0);
#14487=CARTESIAN_POINT('',(-1.346383716529,-0.499999998895099,3.90966505657231));
#14488=CARTESIAN_POINT('',(-0.0479837165289985,-0.500000000117841,3.90966505657231));
#14489=VECTOR('',#17439,1000.0);
#14490=CARTESIAN_POINT('',(-1.346383716529,-0.500000000117841,3.90966505643167));
#14491=VECTOR('',#17440,1000.0);
#14492=CARTESIAN_POINT('',(-3.029983716529,4.07279420135047E-10,1.42966505643166));
#14493=CARTESIAN_POINT('',(-2.679983716529,4.07300236816759E-10,1.42966505643166));
#14494=CARTESIAN_POINT('',(-3.029983716529,3.79940178153652E-10,1.42966505643166));
#14495=VECTOR('',#17441,1000.0);
#14496=CARTESIAN_POINT('',(-2.679983716529,-1.8199999995927,1.42966505694361));
#14497=CARTESIAN_POINT('',(-2.679983716529,-1.8199999995927,1.42966505694361));
#14498=VECTOR('',#17442,1000.0);
#14499=CARTESIAN_POINT('',(-3.029983716529,-1.8199999995927,1.42966505694361));
#14500=CARTESIAN_POINT('',(-3.029983716529,-1.8199999995927,1.42966505694361));
#14501=VECTOR('',#17443,1000.0);
#14502=CARTESIAN_POINT('',(-3.029983716529,-1.8199999995927,1.42966505694361));
#14503=VECTOR('',#17444,1000.0);
#14504=CARTESIAN_POINT('',(-3.029983716529,3.79940453699181E-10,3.67966505694361));
#14505=VECTOR('',#17445,1000.0);
#14506=CARTESIAN_POINT('',(-3.029983716529,-1.8199999995927,1.42966505694361));
#14507=VECTOR('',#17446,1000.0);
#14508=CARTESIAN_POINT('',(-2.679983716529,-2.27306392836035,1.69124163834765));
#14509=CARTESIAN_POINT('',(-2.679983716529,-1.8199999995927,1.42966505694361));
#14510=VECTOR('',#17447,1000.0);
#14511=CARTESIAN_POINT('',(-2.679983716529,4.80899381765919E-10,1.69124163770826));
#14512=CARTESIAN_POINT('',(-2.679983716529,3.79940178153652E-10,1.42966505694361));
#14513=VECTOR('',#17448,1000.0);
#14514=CARTESIAN_POINT('',(-2.679983716529,-4.2299999992762,1.69124163816267));
#14515=VECTOR('',#17449,1000.0);
#14516=AXIS2_PLACEMENT_3D('',#17450,#17451,#17452);
#14517=CARTESIAN_POINT('',(-3.71240762621611,7.73000921438464E-10,2.72966505643166));
#14518=CARTESIAN_POINT('',(-3.979983716529,7.73000921438464E-10,2.72966505643166));
#14519=CARTESIAN_POINT('',(-3.029983716529,3.79940337357735E-10,2.72966505643166));
#14520=VECTOR('',#17453,1000.0);
#14521=CARTESIAN_POINT('',(-3.979983716529,-1.819999999227,2.72966505694361));
#14522=CARTESIAN_POINT('',(-3.979983716529,-1.819999999227,2.72966505694361));
#14523=VECTOR('',#17454,1000.0);
#14524=CARTESIAN_POINT('',(-3.71240762621611,-2.2834553825396,2.72966505707397));
#14525=CARTESIAN_POINT('',(-3.742483716529,-2.2313620660246,2.72966505705932));
#14526=VECTOR('',#17455,1000.0);
#14527=CARTESIAN_POINT('',(-3.71240762621611,-4.229999999227,2.72966505762152));
#14528=VECTOR('',#17456,1000.0);
#14529=CARTESIAN_POINT('',(-3.979983716529,-1.8199999993255,2.37966505694361));
#14530=CARTESIAN_POINT('',(-3.71240762621611,-2.28345538263805,2.37966505707397));
#14531=CARTESIAN_POINT('',(-3.979983716529,-1.8199999993255,2.37966505694361));
#14532=VECTOR('',#17457,1000.0);
#14533=CARTESIAN_POINT('',(-3.979983716529,6.74520626844623E-10,2.37966505643166));
#14534=CARTESIAN_POINT('',(-3.979983716529,-1.8199999993255,2.37966505694361));
#14535=VECTOR('',#17458,1000.0);
#14536=CARTESIAN_POINT('',(-3.71240762621611,6.7456052548457E-10,2.37966505643166));
#14537=CARTESIAN_POINT('',(-3.979983716529,3.79940294495097E-10,2.37966505643166));
#14538=VECTOR('',#17459,1000.0);
#14539=CARTESIAN_POINT('',(-3.71240762621611,-4.2299999993255,2.37966505762152));
#14540=VECTOR('',#17460,1000.0);
#14541=CARTESIAN_POINT('',(-3.979983716529,-1.819999999227,2.72966505694361));
#14542=VECTOR('',#17461,1000.0);
#14543=AXIS2_PLACEMENT_3D('',#17462,#17463,#17464);
#14544=CARTESIAN_POINT('',(-3.979983716529,3.79940337357735E-10,2.72966505694361));
#14545=VECTOR('',#17465,1000.0);
#14546=CARTESIAN_POINT('',(-3.029983716529,-1.8199999989598,3.67966505694361));
#14547=CARTESIAN_POINT('',(-3.029983716529,-1.8199999989598,3.67966505694361));
#14548=VECTOR('',#17466,1000.0);
#14549=CARTESIAN_POINT('',(-3.029983716529,1.04019876006114E-09,3.67966505643166));
#14550=CARTESIAN_POINT('',(-3.029983716529,-1.8199999989598,3.67966505694361));
#14551=VECTOR('',#17467,1000.0);
#14552=CARTESIAN_POINT('',(-3.029983716529,3.79940453699181E-10,3.67966505694361));
#14553=VECTOR('',#17468,1000.0);
#14554=CARTESIAN_POINT('',(-2.679983716529,9.66658595710165E-10,3.41808847515506));
#14555=CARTESIAN_POINT('',(-2.679983716529,1.04019876006114E-09,3.67966505643166));
#14556=CARTESIAN_POINT('',(-2.679983716529,3.79940178153652E-10,1.42966505694361));
#14557=VECTOR('',#17469,1000.0);
#14558=CARTESIAN_POINT('',(-2.679983716529,-1.8199999989598,3.67966505694361));
#14559=CARTESIAN_POINT('',(-2.679983716529,-1.8199999989598,3.67966505694361));
#14560=VECTOR('',#17470,1000.0);
#14561=CARTESIAN_POINT('',(-2.679983716529,-2.2730639278746,3.41808847579444));
#14562=CARTESIAN_POINT('',(-2.679983716529,-2.7942785783755,3.11716505721766));
#14563=VECTOR('',#17471,1000.0);
#14564=CARTESIAN_POINT('',(-2.679983716529,-4.2299999992762,3.41808847560946));
#14565=VECTOR('',#17472,1000.0);
#14566=CARTESIAN_POINT('',(-2.679983716529,-1.8199999989598,3.67966505694361));
#14567=VECTOR('',#17473,1000.0);
#14568=AXIS2_PLACEMENT_3D('',#17474,#17475,#17476);
#14569=CARTESIAN_POINT('',(-2.679983716529,3.79940453699181E-10,3.67966505643166));
#14570=VECTOR('',#17477,1000.0);
#14571=CARTESIAN_POINT('',(-2.42080404132127,-3.4299999990601,3.32291293821919));
#14572=CARTESIAN_POINT('',(-2.42240138757207,-3.7960824702146,3.19524548260106));
#14573=CARTESIAN_POINT('',(-2.42187044840929,-3.6744009496001,3.23878070107306));
#14574=CARTESIAN_POINT('',(-2.42133772881653,-3.5523113870828,3.28118010773193));
#14575=CARTESIAN_POINT('',(-2.42080404132127,-3.4299999990601,3.32291293821919));
#14576=CARTESIAN_POINT('',(-2.40583774800626,1.09890009329576E-09,3.88814180589351));
#14577=CARTESIAN_POINT('',(-2.34435192405218,14.0914234233093,3.94962762984767));
#14578=VECTOR('',#17478,1000.0);
#14579=CARTESIAN_POINT('',(-2.40583774800626,9.37499616099231E-10,3.31435865166923));
#14580=CARTESIAN_POINT('',(-2.40583774800287,3.79939827904667E-10,-1.43033494357498));
#14581=VECTOR('',#17479,1000.0);
#14582=AXIS2_PLACEMENT_3D('',#17480,#17481,#17482);
#14583=CARTESIAN_POINT('',(-2.08914396018528,-3.4299999991519,2.99684473260422));
#14584=CARTESIAN_POINT('',(-2.08914396018528,-3.4299999991519,2.99684473260422));
#14585=CARTESIAN_POINT('',(-2.13261394907719,-3.5562014649781,2.99629407137024));
#14586=CARTESIAN_POINT('',(-2.17685560884749,-3.682144867494,2.99574453615693));
#14587=CARTESIAN_POINT('',(-2.22245351678311,-3.807593200728,2.99519716110445));
#14588=CARTESIAN_POINT('',(-2.09804118982673,8.52399249486839E-10,3.0118110249544));
#14589=AXIS2_PLACEMENT_3D('',#17483,#17484,#17485);
#14590=CARTESIAN_POINT('',(3.00001628347787,3.79940371910651E-10,3.01181102541801));
#14591=VECTOR('',#17486,1000.0);
#14592=CARTESIAN_POINT('',(-1.346383716529,5.95200361352668E-10,2.09751908790893));
#14593=CARTESIAN_POINT('',(-1.346383716529,3.79939827904667E-10,-1.43033494356834));
#14594=VECTOR('',#17487,1000.0);
#14595=CARTESIAN_POINT('',(-1.346383716529,1.80000000059768,2.08966505675717));
#14596=VECTOR('',#17488,1000.0);
#14597=CARTESIAN_POINT('',(-1.346383716529,0.50000000131772,3.9096650563379));
#14598=CARTESIAN_POINT('',(-1.346383716529,1.10489876971153E-09,3.90966505643167));
#14599=VECTOR('',#17489,1000.0);
#14600=CARTESIAN_POINT('',(-1.346383716529,0.499999999892602,3.90966505643167));
#14601=VECTOR('',#17490,1000.0);
#14602=CARTESIAN_POINT('',(-0.0479837165152578,0.500000001317699,3.9096650563379));
#14603=CARTESIAN_POINT('',(-0.0458020826397393,9.52033890051775E-06,3.90966505643166));
#14604=VECTOR('',#17491,1000.0);
#14605=CARTESIAN_POINT('',(-0.0479837165289985,0.499999999892602,3.90966505629102));
#14606=VECTOR('',#17492,1000.0);
#14607=CARTESIAN_POINT('',(-2.09804118982672,5.95200361352668E-10,2.09751908790893));
#14608=CARTESIAN_POINT('',(3.00001628347787,3.79940259942182E-10,2.09751908823539));
#14609=VECTOR('',#17493,1000.0);
#14610=CARTESIAN_POINT('',(-2.08914396050692,-3.42999999932966,2.11248538154912));
#14611=AXIS2_PLACEMENT_3D('',#17494,#17495,#17496);
#14612=CARTESIAN_POINT('',(-2.08914396076138,-3.42999999920375,2.11248538182792));
#14613=CARTESIAN_POINT('',(-2.14600720666302,-3.59508458202009,2.11320570377783));
#14614=CARTESIAN_POINT('',(-2.20412237595896,-3.75972289266554,2.11392407820636));
#14615=CARTESIAN_POINT('',(-2.26501854103825,-3.92336986342785,2.11463812735055));
#14616=CARTESIAN_POINT('',(-2.439983716529,1.80000000001052,2.08966505675974));
#14617=VECTOR('',#17497,1000.0);
#14618=CARTESIAN_POINT('',(-2.46280404132127,-3.42999999949855,1.76441705891371));
#14619=CARTESIAN_POINT('',(-2.4478377480068,3.7994022006867E-10,1.77192715694679));
#14620=AXIS2_PLACEMENT_3D('',#17498,#17499,#17500);
#14621=CARTESIAN_POINT('',(-2.44783774800287,3.79939827904667E-10,-1.43033494357503));
#14622=VECTOR('',#17501,1000.0);
#14623=CARTESIAN_POINT('',(-2.43998371653073,1.80000000001052,1.42966505592534));
#14624=VECTOR('',#17502,1000.0);
#14625=CARTESIAN_POINT('',(-2.46473531707617,-3.8726129898519,1.91441856192401));
#14626=CARTESIAN_POINT('',(-2.46409325550132,-3.725464250004,1.86328478854031));
#14627=CARTESIAN_POINT('',(-2.46344915321172,-3.5778478157513,1.8134928546));
#14628=CARTESIAN_POINT('',(-2.46280404132127,-3.4299999994985,1.76441705891371));
#14629=CARTESIAN_POINT('',(-4.309983716529,0.499999999892601,0.446665056291013));
#14630=VECTOR('',#17503,1000.0);
#14631=CARTESIAN_POINT('',(-4.309983716529,1.80000000001052,0.446665055925335));
#14632=VECTOR('',#17504,1000.0);
#14633=CARTESIAN_POINT('',(-3.32012968505081,3.7994025898034E-10,2.08966505592532));
#14634=VECTOR('',#17505,1000.0);
#14635=CARTESIAN_POINT('',(-3.32798371652646,1.80000000001052,2.08966505592533));
#14636=VECTOR('',#17506,1000.0);
#14637=CARTESIAN_POINT('',(-2.439983716529,1.80000000001052,2.08966505675974));
#14638=VECTOR('',#17507,1000.0);
#14639=CARTESIAN_POINT('',(-3.60192624323128,5.95179544670957E-10,2.09751908790892));
#14640=AXIS2_PLACEMENT_3D('',#17508,#17509,#17510);
#14641=CARTESIAN_POINT('',(3.00001628347787,3.79940259942182E-10,2.09751908823539));
#14642=VECTOR('',#17511,1000.0);
#14643=CARTESIAN_POINT('',(-3.60192624323128,8.52399249486839E-10,3.0118110249544));
#14644=CARTESIAN_POINT('',(3.00001628347787,3.79940371910651E-10,3.01181102541801));
#14645=VECTOR('',#17512,1000.0);
#14646=AXIS2_PLACEMENT_3D('',#17513,#17514,#17515);
#14647=CARTESIAN_POINT('',(-3.32012968505174,1.09890009329576E-09,3.88814180589351));
#14648=CARTESIAN_POINT('',(-3.32012968505513,3.79939827904667E-10,-1.43033494356058));
#14649=VECTOR('',#17516,1000.0);
#14650=CARTESIAN_POINT('',(-3.32794932741087,1.7921186457989,3.89596144825265));
#14651=VECTOR('',#17517,1000.0);
#14652=AXIS2_PLACEMENT_3D('',#17518,#17519,#17520);
#14653=AXIS2_PLACEMENT_3D('',#17521,#17522,#17523);
#14654=AXIS2_PLACEMENT_3D('',#17524,#17525,#17526);
#14655=AXIS2_PLACEMENT_3D('',#17527,#17528,#17529);
#14656=CARTESIAN_POINT('',(-2.2099837165291,-4.22999999927655,2.55466505748979));
#14657=AXIS2_PLACEMENT_3D('',#17530,#17531,#17532);
#14658=AXIS2_PLACEMENT_3D('',#17533,#17534,#17535);
#14659=AXIS2_PLACEMENT_3D('',#17536,#17537,#17538);
#14660=AXIS2_PLACEMENT_3D('',#17539,#17540,#17541);
#14661=AXIS2_PLACEMENT_3D('',#17542,#17543,#17544);
#14662=AXIS2_PLACEMENT_3D('',#17545,#17546,#17547);
#14663=CARTESIAN_POINT('',(3.00001628347787,3.7994047923022E-10,3.88814180589037));
#14664=VECTOR('',#17548,1000.0);
#14665=CARTESIAN_POINT('',(-0.0536560725778298,1.80000000001052,2.79966505592876));
#14666=CARTESIAN_POINT('',(-0.053656072575779,1.80000000001052,4.46966505629103));
#14667=VECTOR('',#17549,1000.0);
#14668=CARTESIAN_POINT('',(-0.047983716515258,0.500000001007079,2.80533741199132));
#14669=CARTESIAN_POINT('',(-0.0535979364448995,1.7866762643484,2.7997231920617));
#14670=VECTOR('',#17550,1000.0);
#14671=CARTESIAN_POINT('',(-0.0479837165083535,0.499999999892602,4.46966505629102));
#14672=VECTOR('',#17551,1000.0);
#14673=CARTESIAN_POINT('',(-0.0479837165083535,0.499999999892602,4.46966505629102));
#14674=VECTOR('',#17552,1000.0);
#14675=CARTESIAN_POINT('',(7.34641628348474,-0.499999998895099,3.90966505657232));
#14676=CARTESIAN_POINT('',(7.34641628348475,-0.500000000117841,2.99966505657233));
#14677=VECTOR('',#17553,1000.0);
#14678=CARTESIAN_POINT('',(3.00001628347787,-0.500000000117841,3.90966505657231));
#14679=VECTOR('',#17554,1000.0);
#14680=CARTESIAN_POINT('',(9.03001628348474,4.07300236816759E-10,1.42966505643168));
#14681=CARTESIAN_POINT('',(8.68001628348474,4.07300236816759E-10,1.42966505643168));
#14682=CARTESIAN_POINT('',(3.00001628347787,3.79940178153652E-10,1.42966505643166));
#14683=VECTOR('',#17555,1000.0);
#14684=CARTESIAN_POINT('',(9.03001628348474,-1.8199999995927,1.42966505694363));
#14685=CARTESIAN_POINT('',(9.03001628348475,-1.8199999995927,1.4296650569436));
#14686=VECTOR('',#17556,1000.0);
#14687=CARTESIAN_POINT('',(8.68001628348475,-1.8199999995927,1.42966505694363));
#14688=CARTESIAN_POINT('',(-3.029983716529,-1.8199999995927,1.42966505694361));
#14689=VECTOR('',#17557,1000.0);
#14690=CARTESIAN_POINT('',(8.68001628348475,-1.8199999995927,1.4296650569436));
#14691=VECTOR('',#17558,1000.0);
#14692=CARTESIAN_POINT('',(9.03001628348474,4.81480514378876E-10,1.69327083773735));
#14693=CARTESIAN_POINT('',(9.03001628348475,3.79939827904667E-10,-1.43033494356833));
#14694=VECTOR('',#17559,1000.0);
#14695=CARTESIAN_POINT('',(9.03001628348474,-2.27657860590885,1.69327083837773));
#14696=CARTESIAN_POINT('',(9.03001628348475,-4.2299999992762,1.69327083819176));
#14697=VECTOR('',#17560,1000.0);
#14698=CARTESIAN_POINT('',(9.03001628348474,-2.794278578692,1.99216505721766));
#14699=VECTOR('',#17561,1000.0);
#14700=CARTESIAN_POINT('',(8.68001628348475,-1.8199999995927,1.42966505694361));
#14701=VECTOR('',#17562,1000.0);
#14702=CARTESIAN_POINT('',(8.68001628348476,3.79939827904667E-10,-1.43033494356833));
#14703=VECTOR('',#17563,1000.0);
#14704=AXIS2_PLACEMENT_3D('',#17564,#17565,#17566);
#14705=CARTESIAN_POINT('',(9.71244019317185,7.730200033967E-10,2.72966505643168));
#14706=CARTESIAN_POINT('',(9.98001628348474,7.73000921438464E-10,2.72966505643168));
#14707=CARTESIAN_POINT('',(3.00001628347787,3.79940337357735E-10,2.72966505643166));
#14708=VECTOR('',#17567,1000.0);
#14709=CARTESIAN_POINT('',(9.71244019317185,-2.2834553825396,2.72966505707399));
#14710=CARTESIAN_POINT('',(9.71244019317185,-4.229999999227,2.72966505762153));
#14711=VECTOR('',#17568,1000.0);
#14712=CARTESIAN_POINT('',(9.98001628348474,-1.819999999227,2.72966505694362));
#14713=CARTESIAN_POINT('',(6.72751628348131,-7.45349525085075,2.72966505852825));
#14714=VECTOR('',#17569,1000.0);
#14715=CARTESIAN_POINT('',(9.98001628348474,-1.819999999227,2.7296650569436));
#14716=VECTOR('',#17570,1000.0);
#14717=CARTESIAN_POINT('',(9.98001628348474,-1.8199999993255,2.37966505694363));
#14718=CARTESIAN_POINT('',(9.71244019317186,-2.28345538263805,2.37966505707399));
#14719=CARTESIAN_POINT('',(6.49001628348129,-7.8648573177468,2.37966505864397));
#14720=VECTOR('',#17571,1000.0);
#14721=CARTESIAN_POINT('',(9.71244019317186,6.7456052548457E-10,2.37966505643168));
#14722=CARTESIAN_POINT('',(9.71244019317186,-4.2299999993255,2.37966505762153));
#14723=VECTOR('',#17572,1000.0);
#14724=CARTESIAN_POINT('',(9.98001628348474,6.74499810162911E-10,2.37966505643168));
#14725=CARTESIAN_POINT('',(3.00001628347787,3.79940294495097E-10,2.37966505643166));
#14726=VECTOR('',#17573,1000.0);
#14727=CARTESIAN_POINT('',(9.98001628348474,-1.81999999932545,2.37966505694361));
#14728=VECTOR('',#17574,1000.0);
#14729=AXIS2_PLACEMENT_3D('',#17575,#17576,#17577);
#14730=CARTESIAN_POINT('',(9.98001628348474,-1.819999999227,2.72966505694363));
#14731=VECTOR('',#17578,1000.0);
#14732=CARTESIAN_POINT('',(9.98001628348475,3.79939827904667E-10,-1.43033494356833));
#14733=VECTOR('',#17579,1000.0);
#14734=CARTESIAN_POINT('',(9.03001628348474,-1.8199999989598,3.67966505694363));
#14735=CARTESIAN_POINT('',(9.03001628348474,-2.27657860542425,3.41605927576637));
#14736=CARTESIAN_POINT('',(9.03001628348474,-1.8199999989598,3.67966505694362));
#14737=VECTOR('',#17580,1000.0);
#14738=CARTESIAN_POINT('',(9.03001628348474,9.66100014502395E-10,3.416059275126));
#14739=CARTESIAN_POINT('',(9.03001628348474,-4.2299999992762,3.4160592755804));
#14740=VECTOR('',#17581,1000.0);
#14741=CARTESIAN_POINT('',(9.03001628348474,1.04019876006114E-09,3.67966505643168));
#14742=CARTESIAN_POINT('',(9.03001628348475,3.79939827904667E-10,-1.43033494356833));
#14743=VECTOR('',#17582,1000.0);
#14744=CARTESIAN_POINT('',(9.03001628348474,-1.8199999989598,3.67966505694361));
#14745=VECTOR('',#17583,1000.0);
#14746=CARTESIAN_POINT('',(8.68001628348474,1.04019876006114E-09,3.67966505643168));
#14747=CARTESIAN_POINT('',(8.68001628348476,3.79939827904667E-10,-1.43033494356833));
#14748=VECTOR('',#17584,1000.0);
#14749=CARTESIAN_POINT('',(8.68001628348474,-1.8199999989598,3.67966505694363));
#14750=CARTESIAN_POINT('',(8.68001628348475,-2.7942785783755,3.11716505721767));
#14751=VECTOR('',#17585,1000.0);
#14752=CARTESIAN_POINT('',(8.68001628348474,-1.8199999989598,3.67966505694361));
#14753=VECTOR('',#17586,1000.0);
#14754=AXIS2_PLACEMENT_3D('',#17587,#17588,#17589);
#14755=CARTESIAN_POINT('',(-2.679983716529,-1.8199999989598,3.67966505694361));
#14756=VECTOR('',#17590,1000.0);
#14757=CARTESIAN_POINT('',(3.00001628347787,3.79940453699181E-10,3.67966505643166));
#14758=VECTOR('',#17591,1000.0);
#14759=CARTESIAN_POINT('',(8.405870314962,1.09890009329576E-09,3.88814180589351));
#14760=CARTESIAN_POINT('',(8.40587031496407,3.79940372872492E-10,3.01966505592535));
#14761=VECTOR('',#17592,1000.0);
#14762=CARTESIAN_POINT('',(8.39803296716365,1.7961764078136,3.89597915369188));
#14763=VECTOR('',#17593,1000.0);
#14764=CARTESIAN_POINT('',(8.09807375678247,8.52399249486839E-10,3.01181102495441));
#14765=CARTESIAN_POINT('',(-1.346383716529,3.79940371910651E-10,3.01181102541801));
#14766=VECTOR('',#17594,1000.0);
#14767=AXIS2_PLACEMENT_3D('',#17595,#17596,#17597);
#14768=CARTESIAN_POINT('',(7.34641628348474,5.95200361352668E-10,2.09751908790894));
#14769=CARTESIAN_POINT('',(7.34641628348474,3.79940481866058E-10,3.90966505643167));
#14770=VECTOR('',#17598,1000.0);
#14771=CARTESIAN_POINT('',(7.34641628348474,0.50000000131772,3.90966505633791));
#14772=CARTESIAN_POINT('',(7.34641628348474,0.499999999892602,3.90966505643167));
#14773=VECTOR('',#17599,1000.0);
#14774=CARTESIAN_POINT('',(7.34641628348474,1.10489876971153E-09,3.90966505643166));
#14775=VECTOR('',#17600,1000.0);
#14776=CARTESIAN_POINT('',(7.34641628348475,-0.00790687695496088,2.09755358871509));
#14777=VECTOR('',#17601,1000.0);
#14778=CARTESIAN_POINT('',(6.04801628348474,0.500000001317699,3.90966505633791));
#14779=CARTESIAN_POINT('',(6.04801628348474,0.500000001317681,3.90966505629102));
#14780=VECTOR('',#17602,1000.0);
#14781=CARTESIAN_POINT('',(-0.0479837165289985,0.499999999892602,3.90966505629102));
#14782=VECTOR('',#17603,1000.0);
#14783=CARTESIAN_POINT('',(3.00001628347787,1.80000000001052,2.08966505675973));
#14784=VECTOR('',#17604,1000.0);
#14785=CARTESIAN_POINT('',(8.09807375678246,5.95200361352668E-10,2.09751908790894));
#14786=AXIS2_PLACEMENT_3D('',#17605,#17606,#17607);
#14787=CARTESIAN_POINT('',(-2.439983716529,3.79940259942182E-10,2.09751908823539));
#14788=VECTOR('',#17608,1000.0);
#14789=CARTESIAN_POINT('',(8.44787031496212,3.79940178153651E-10,1.42966505592535));
#14790=VECTOR('',#17609,1000.0);
#14791=CARTESIAN_POINT('',(8.44001628348647,1.80000000001052,1.42966505592536));
#14792=VECTOR('',#17610,1000.0);
#14793=CARTESIAN_POINT('',(3.00001628347787,0.499999999892601,0.44666505629101));
#14794=VECTOR('',#17611,1000.0);
#14795=CARTESIAN_POINT('',(-4.309983716529,1.80000000001052,0.446665055925335));
#14796=VECTOR('',#17612,1000.0);
#14797=CARTESIAN_POINT('',(9.32016225200689,3.79940224826953E-10,1.81078148516106));
#14798=CARTESIAN_POINT('',(9.30519595869247,-3.42999999948805,1.80153063162791));
#14799=AXIS2_PLACEMENT_3D('',#17613,#17614,#17615);
#14800=CARTESIAN_POINT('',(9.32016225201088,3.79939827904667E-10,-1.43033494356056));
#14801=VECTOR('',#17616,1000.0);
#14802=CARTESIAN_POINT('',(9.32801628348108,1.80000000001052,2.99966505593314));
#14803=VECTOR('',#17617,1000.0);
#14804=CARTESIAN_POINT('',(9.30519595869247,-3.4299999994881,1.80153063162791));
#14805=CARTESIAN_POINT('',(9.30473512401361,-3.5356148578292,1.83827381996306));
#14806=CARTESIAN_POINT('',(9.30427536219098,-3.6409838371923,1.87560087436011));
#14807=CARTESIAN_POINT('',(9.30381732393268,-3.7459578072157,1.91386592089281));
#14808=CARTESIAN_POINT('',(9.61085603982847,-3.4299999994006,2.11248538218876));
#14809=AXIS2_PLACEMENT_3D('',#17618,#17619,#17620);
#14810=CARTESIAN_POINT('',(9.50386446863936,-3.734716775999,2.11381496847173));
#14811=CARTESIAN_POINT('',(9.54022747571613,-3.6333927060706,2.11337285597956));
#14812=CARTESIAN_POINT('',(9.57579709764517,-3.5317826316631,2.11292949554942));
#14813=CARTESIAN_POINT('',(9.61085603982847,-3.4299999994006,2.11248538218876));
#14814=CARTESIAN_POINT('',(3.00001628347787,1.80000000001052,2.08966505675973));
#14815=VECTOR('',#17621,1000.0);
#14816=CARTESIAN_POINT('',(9.61085603982847,-3.4299999991519,2.99684473260423));
#14817=CARTESIAN_POINT('',(9.50386446863936,-3.73471677575101,2.99551514649269));
#14818=CARTESIAN_POINT('',(9.54022747571613,-3.6333927058224,2.99595725892787));
#14819=CARTESIAN_POINT('',(9.57579709764516,-3.5317826314146,2.99640061930085));
#14820=CARTESIAN_POINT('',(9.61085603982847,-3.4299999991519,2.99684473260423));
#14821=CARTESIAN_POINT('',(9.60195881018702,8.52399249486839E-10,3.01181102495441));
#14822=AXIS2_PLACEMENT_3D('',#17622,#17623,#17624);
#14823=CARTESIAN_POINT('',(-1.346383716529,3.79940371910651E-10,3.01181102541801));
#14824=VECTOR('',#17625,1000.0);
#14825=CARTESIAN_POINT('',(9.30519595869247,-3.42999999906435,3.30779948316509));
#14826=CARTESIAN_POINT('',(9.30519595869247,-3.4299999990644,3.30779948316509));
#14827=CARTESIAN_POINT('',(9.30473531343229,-3.5355714461369,3.27107139758607));
#14828=CARTESIAN_POINT('',(9.30427555545103,-3.6409395451494,3.23374538571979));
#14829=CARTESIAN_POINT('',(9.30381732393268,-3.745957806855,3.19546419407746));
#14830=CARTESIAN_POINT('',(9.32016225200747,1.09890009329576E-09,3.88814180589351));
#14831=CARTESIAN_POINT('',(9.38142483513695,14.0402607197419,3.94940438902307));
#14832=VECTOR('',#17626,1000.0);
#14833=CARTESIAN_POINT('',(9.32016225200748,9.32999741466378E-10,3.29854862815632));
#14834=CARTESIAN_POINT('',(9.32016225200655,3.7994025898034E-10,2.08966505592534));
#14835=VECTOR('',#17627,1000.0);
#14836=AXIS2_PLACEMENT_3D('',#17628,#17629,#17630);
#14837=AXIS2_PLACEMENT_3D('',#17631,#17632,#17633);
#14838=AXIS2_PLACEMENT_3D('',#17634,#17635,#17636);
#14839=AXIS2_PLACEMENT_3D('',#17637,#17638,#17639);
#14840=AXIS2_PLACEMENT_3D('',#17640,#17641,#17642);
#14841=CARTESIAN_POINT('',(9.49001628348464,-4.22999999927655,2.55466505748948));
#14842=AXIS2_PLACEMENT_3D('',#17643,#17644,#17645);
#14843=AXIS2_PLACEMENT_3D('',#17646,#17647,#17648);
#14844=AXIS2_PLACEMENT_3D('',#17649,#17650,#17651);
#14845=AXIS2_PLACEMENT_3D('',#17652,#17653,#17654);
#14846=AXIS2_PLACEMENT_3D('',#17655,#17656,#17657);
#14847=AXIS2_PLACEMENT_3D('',#17658,#17659,#17660);
#14848=CARTESIAN_POINT('',(-4.30998371651525,3.7994047923022E-10,3.88814180589038));
#14849=VECTOR('',#17661,1000.0);
#14850=CARTESIAN_POINT('',(6.05368863954731,1.80000000001052,2.79966505592876));
#14851=CARTESIAN_POINT('',(6.04801628348474,0.500000001007079,2.80533741199132));
#14852=CARTESIAN_POINT('',(6.05363050341437,1.7866762643484,2.7997231920617));
#14853=VECTOR('',#17662,1000.0);
#14854=CARTESIAN_POINT('',(6.05368863954707,1.80000000001052,2.9996650559291));
#14855=VECTOR('',#17663,1000.0);
#14856=CARTESIAN_POINT('',(6.04801628347964,0.499999999892601,2.99966505629477));
#14857=VECTOR('',#17664,1000.0);
#14858=CARTESIAN_POINT('',(6.04801628347964,0.499999999892601,2.99966505629477));
#14859=VECTOR('',#17665,1000.0);
#14860=CARTESIAN_POINT('',(5.80865679714845,2.6499999995517,-1.61196773158243));
#14861=CARTESIAN_POINT('',(6.09244010330468,2.6499999995517,-1.61196773158243));
#14862=CARTESIAN_POINT('',(3.00001628347787,2.64999999950628,-1.61196756491576));
#14863=VECTOR('',#17666,1000.0);
#14864=CARTESIAN_POINT('',(6.09244010330468,2.6499999994317,-2.03877622375959));
#14865=CARTESIAN_POINT('',(6.09244026997135,2.64999999950628,2.99966505568521));
#14866=VECTOR('',#17667,1000.0);
#14867=CARTESIAN_POINT('',(2.82137490018841,2.64999999950628,2.88088709485411));
#14868=VECTOR('',#17668,1000.0);
#14869=CARTESIAN_POINT('',(6.09244010330468,2.7499999995517,-1.61196773158243));
#14870=CARTESIAN_POINT('',(6.09244010330468,2.7499999994317,-2.03877622375959));
#14871=CARTESIAN_POINT('',(6.09244026997134,2.7499999995165,-1.61196756491576));
#14872=VECTOR('',#17669,1000.0);
#14873=CARTESIAN_POINT('',(5.80865679714845,2.7499999995517,-1.61196773158243));
#14874=CARTESIAN_POINT('',(5.80865648618756,2.7499999995165,-1.61196756491576));
#14875=VECTOR('',#17670,1000.0);
#14876=CARTESIAN_POINT('',(6.09244026997134,2.7499999995165,-2.03877677544207));
#14877=VECTOR('',#17671,1000.0);
#14878=CARTESIAN_POINT('',(5.67001645015153,2.74999999955014,-1.61772409364458));
#14879=CARTESIAN_POINT('',(6.09244035945656,2.74999999937084,-2.25505950351224));
#14880=CARTESIAN_POINT('',(5.67001628348486,2.7499999995165,-1.61772414386312));
#14881=VECTOR('',#17672,1000.0);
#14882=CARTESIAN_POINT('',(5.67001645015153,2.7499999995829,-1.50094799474032));
#14883=CARTESIAN_POINT('',(5.67001628348486,2.7499999995165,-1.50094782807366));
#14884=VECTOR('',#17673,1000.0);
#14885=CARTESIAN_POINT('',(6.09244010330468,2.74999999958294,-1.50094766140698));
#14886=CARTESIAN_POINT('',(6.09244026997134,2.7499999995165,-1.50094782807366));
#14887=VECTOR('',#17674,1000.0);
#14888=CARTESIAN_POINT('',(6.09244043663801,2.7499999996553,-1.24354667895085));
#14889=CARTESIAN_POINT('',(6.09244026997134,2.7499999995165,-1.61196756491576));
#14890=VECTOR('',#17675,1000.0);
#14891=CARTESIAN_POINT('',(6.23758368438576,2.74999999965528,-1.24354667895085));
#14892=CARTESIAN_POINT('',(6.23758385105242,2.7499999995165,-1.24354651228418));
#14893=VECTOR('',#17676,1000.0);
#14894=CARTESIAN_POINT('',(6.23758401771909,2.7499999995829,-1.50094766140698));
#14895=CARTESIAN_POINT('',(6.23758385105242,2.7499999995165,-2.25505967017891));
#14896=VECTOR('',#17677,1000.0);
#14897=CARTESIAN_POINT('',(6.3700161168182,2.7499999995829,-1.50094799474032));
#14898=CARTESIAN_POINT('',(6.09244026997134,2.7499999995165,-1.50094782807366));
#14899=VECTOR('',#17678,1000.0);
#14900=CARTESIAN_POINT('',(6.3700161168182,2.7499999995517,-1.61196739824909));
#14901=CARTESIAN_POINT('',(6.37001628348486,2.7499999995165,-1.61196756491576));
#14902=VECTOR('',#17679,1000.0);
#14903=CARTESIAN_POINT('',(6.23758401771909,2.74999999955164,-1.61196773158243));
#14904=CARTESIAN_POINT('',(5.80865648618756,2.7499999995165,-1.61196756491576));
#14905=VECTOR('',#17680,1000.0);
#14906=CARTESIAN_POINT('',(6.23758368438576,2.7499999993709,-2.25505950351224));
#14907=CARTESIAN_POINT('',(6.23758385105242,2.7499999995165,-2.25505967017891));
#14908=VECTOR('',#17681,1000.0);
#14909=CARTESIAN_POINT('',(6.09244026997134,2.7499999995165,-2.25505967017891));
#14910=VECTOR('',#17682,1000.0);
#14911=CARTESIAN_POINT('',(5.80865648618756,2.7499999995517,-1.61196756491576));
#14912=VECTOR('',#17683,1000.0);
#14913=CARTESIAN_POINT('',(6.09244026997134,2.7499999995517,-1.61196756491576));
#14914=VECTOR('',#17684,1000.0);
#14915=CARTESIAN_POINT('',(5.67001645015153,2.6499999995829,-1.50094799474032));
#14916=CARTESIAN_POINT('',(5.67001645015153,2.6499999995501,-1.61772409364458));
#14917=CARTESIAN_POINT('',(5.67001628348486,2.64999999950628,2.99966505568522));
#14918=VECTOR('',#17685,1000.0);
#14919=CARTESIAN_POINT('',(5.67001628348486,2.7499999995829,-1.50094782807366));
#14920=VECTOR('',#17686,1000.0);
#14921=CARTESIAN_POINT('',(5.67001628348486,2.7499999995501,-1.61772414386312));
#14922=VECTOR('',#17687,1000.0);
#14923=CARTESIAN_POINT('',(6.09244010330468,2.6499999995829,-1.50094766140698));
#14924=CARTESIAN_POINT('',(3.00001628347787,2.64999999950628,-1.50094782807366));
#14925=VECTOR('',#17688,1000.0);
#14926=CARTESIAN_POINT('',(6.09244026997134,2.7499999995517,-1.50094782807366));
#14927=VECTOR('',#17689,1000.0);
#14928=CARTESIAN_POINT('',(6.09244043663801,2.6499999996553,-1.24354667895085));
#14929=CARTESIAN_POINT('',(6.09244026997135,2.64999999950628,2.99966505568521));
#14930=VECTOR('',#17690,1000.0);
#14931=CARTESIAN_POINT('',(6.09244026997134,2.7499999996553,-1.24354651228418));
#14932=VECTOR('',#17691,1000.0);
#14933=CARTESIAN_POINT('',(6.23758368438576,2.6499999996553,-1.24354667895085));
#14934=CARTESIAN_POINT('',(3.00001628347787,2.64999999950628,-1.24354651228418));
#14935=VECTOR('',#17692,1000.0);
#14936=CARTESIAN_POINT('',(6.23758385105242,2.7499999993709,-1.24354651228418));
#14937=VECTOR('',#17693,1000.0);
#14938=CARTESIAN_POINT('',(6.23758401771909,2.6499999995829,-1.50094766140698));
#14939=CARTESIAN_POINT('',(6.23758385105242,2.64999999950628,2.99966505568522));
#14940=VECTOR('',#17694,1000.0);
#14941=CARTESIAN_POINT('',(6.23758385105242,2.7499999995829,-1.50094782807366));
#14942=VECTOR('',#17695,1000.0);
#14943=CARTESIAN_POINT('',(6.3700161168182,2.6499999995829,-1.50094799474032));
#14944=CARTESIAN_POINT('',(3.00001628347787,2.64999999950628,-1.50094782807366));
#14945=VECTOR('',#17696,1000.0);
#14946=CARTESIAN_POINT('',(6.37001628348486,2.7499999995517,-1.50094782807366));
#14947=VECTOR('',#17697,1000.0);
#14948=CARTESIAN_POINT('',(6.3700161168182,2.6499999995517,-1.61196739824909));
#14949=CARTESIAN_POINT('',(6.37001628348486,2.64999999950628,2.99966505568522));
#14950=VECTOR('',#17698,1000.0);
#14951=CARTESIAN_POINT('',(6.37001628348486,2.7499999995517,-1.61196756491576));
#14952=VECTOR('',#17699,1000.0);
#14953=CARTESIAN_POINT('',(6.23758401771909,2.6499999995517,-1.61196773158243));
#14954=CARTESIAN_POINT('',(3.00001628347787,2.64999999950628,-1.61196756491576));
#14955=VECTOR('',#17700,1000.0);
#14956=CARTESIAN_POINT('',(6.23758385105242,2.7499999993709,-1.61196756491576));
#14957=VECTOR('',#17701,1000.0);
#14958=CARTESIAN_POINT('',(6.23758368438576,2.6499999993709,-2.25505950351224));
#14959=CARTESIAN_POINT('',(6.23758385105242,2.64999999950628,2.99966505568522));
#14960=VECTOR('',#17702,1000.0);
#14961=CARTESIAN_POINT('',(6.23758385105242,2.7499999993709,-2.25505967017891));
#14962=VECTOR('',#17703,1000.0);
#14963=CARTESIAN_POINT('',(6.09244035945656,2.6499999993709,-2.25505950351224));
#14964=CARTESIAN_POINT('',(3.00001628347784,2.64999999950628,-2.25505967017889));
#14965=VECTOR('',#17704,1000.0);
#14966=CARTESIAN_POINT('',(6.09244026997134,2.7499999993709,-2.25505967017891));
#14967=VECTOR('',#17705,1000.0);
#14968=CARTESIAN_POINT('',(2.72877946269242,2.64999999950628,2.81989014217861));
#14969=VECTOR('',#17706,1000.0);
#14970=CARTESIAN_POINT('',(6.09244026997134,2.7499999994317,-2.03877677544207));
#14971=VECTOR('',#17707,1000.0);
#14972=CARTESIAN_POINT('',(-0.138869658159698,2.7499999994237,-2.0671649333368));
#14973=CARTESIAN_POINT('',(-0.199983549848473,2.7499999994237,-2.06716476667013));
#14974=CARTESIAN_POINT('',(5.8812282767281,2.7499999995165,-2.06716493333672));
#14975=VECTOR('',#17708,1000.0);
#14976=CARTESIAN_POINT('',(-0.199983549848473,2.7499999994434,-1.99698966140698));
#14977=CARTESIAN_POINT('',(-0.199983716515139,2.7499999995165,-1.93639190702102));
#14978=VECTOR('',#17709,1000.0);
#14979=CARTESIAN_POINT('',(0.00372964466965515,2.7499999994434,-1.99698932807364));
#14980=CARTESIAN_POINT('',(5.8812282767281,2.7499999995165,-1.99698949474029));
#14981=VECTOR('',#17710,1000.0);
#14982=CARTESIAN_POINT('',(0.00372997800297626,2.7499999996621,-1.21930325789821));
#14983=CARTESIAN_POINT('',(0.00372981133632,2.7499999995165,-1.93639190702104));
#14984=VECTOR('',#17711,1000.0);
#14985=CARTESIAN_POINT('',(0.160016116818196,2.7499999996621,-1.21930325789821));
#14986=CARTESIAN_POINT('',(5.8812282767281,2.7499999995165,-1.21930309123151));
#14987=VECTOR('',#17712,1000.0);
#14988=CARTESIAN_POINT('',(0.160016116818196,2.7499999993776,-2.23109020526662));
#14989=CARTESIAN_POINT('',(0.160016283484866,2.7499999995165,-1.93639190702104));
#14990=VECTOR('',#17713,1000.0);
#14991=CARTESIAN_POINT('',(0.0785310215435407,2.7499999993776,-2.23109020526654));
#14992=CARTESIAN_POINT('',(5.8812282767281,2.7499999995165,-2.2310903719333));
#14993=VECTOR('',#17714,1000.0);
#14994=CARTESIAN_POINT('',(0.0785308558930504,2.7499999993776,-2.2310902236439));
#14995=CARTESIAN_POINT('',(0.0737563365352606,2.7499999993897,-2.18805309123155));
#14996=CARTESIAN_POINT('',(0.0510035196826811,2.7499999994006,-2.14930493160049));
#14997=CARTESIAN_POINT('',(-0.0255540082923295,2.7499999994193,-2.0827899333368));
#14998=CARTESIAN_POINT('',(-0.0755274830933891,2.7499999994237,-2.0671649333368));
#14999=CARTESIAN_POINT('',(-0.138869658159698,2.7499999994237,-2.0671649333368));
#15000=CARTESIAN_POINT('',(0.0785310215435407,2.6499999993776,-2.23109020526654));
#15001=CARTESIAN_POINT('',(-0.138869658159698,2.6499999994237,-2.0671649333368));
#15002=CARTESIAN_POINT('',(0.0785308558930504,2.6499999993776,-2.2310902236439));
#15003=CARTESIAN_POINT('',(0.0737563365352606,2.6499999993897,-2.18805309123155));
#15004=CARTESIAN_POINT('',(0.0510035196826811,2.6499999994006,-2.14930493160049));
#15005=CARTESIAN_POINT('',(-0.0255540082923295,2.6499999994193,-2.0827899333368));
#15006=CARTESIAN_POINT('',(-0.0755274830933891,2.6499999994237,-2.0671649333368));
#15007=CARTESIAN_POINT('',(-0.138869658159698,2.6499999994237,-2.0671649333368));
#15008=CARTESIAN_POINT('',(-0.138869658159698,2.7499999994237,-2.0671649333368));
#15009=VECTOR('',#17715,1000.0);
#15010=CARTESIAN_POINT('',(0.0785308723442801,2.7499999993776,-2.2310903719333));
#15011=VECTOR('',#17716,1000.0);
#15012=CARTESIAN_POINT('',(0.160016116818196,2.64999999937764,-2.23109020526662));
#15013=CARTESIAN_POINT('',(0.160016283484862,2.64999999950628,-2.2310903719333));
#15014=VECTOR('',#17717,1000.0);
#15015=CARTESIAN_POINT('',(0.160016283484862,2.7499999993776,-2.2310903719333));
#15016=VECTOR('',#17718,1000.0);
#15017=CARTESIAN_POINT('',(0.160016116818196,2.6499999996621,-1.21930325789821));
#15018=CARTESIAN_POINT('',(0.160016283484862,2.64999999950628,-1.21930309123154));
#15019=VECTOR('',#17719,1000.0);
#15020=CARTESIAN_POINT('',(0.160016283484862,2.7499999996621,-1.21930309123154));
#15021=VECTOR('',#17720,1000.0);
#15022=CARTESIAN_POINT('',(0.00372997800297626,2.6499999996621,-1.21930325789821));
#15023=CARTESIAN_POINT('',(0.00372981133631141,2.64999999950628,-1.21930309123154));
#15024=VECTOR('',#17721,1000.0);
#15025=CARTESIAN_POINT('',(0.00372981133631141,2.7499999996621,-1.21930309123154));
#15026=VECTOR('',#17722,1000.0);
#15027=CARTESIAN_POINT('',(0.00372964466965515,2.6499999994434,-1.99698932807364));
#15028=CARTESIAN_POINT('',(0.00372981133632,2.64999999950628,-1.99698949474031));
#15029=VECTOR('',#17723,1000.0);
#15030=CARTESIAN_POINT('',(0.00372981133632,2.7499999994434,-1.99698949474031));
#15031=VECTOR('',#17724,1000.0);
#15032=CARTESIAN_POINT('',(-0.199983549848473,2.64999999944344,-1.99698966140698));
#15033=CARTESIAN_POINT('',(-0.199983716515139,2.64999999950628,-1.99698949474031));
#15034=VECTOR('',#17725,1000.0);
#15035=CARTESIAN_POINT('',(-0.199983716515139,2.7499999994434,-1.99698949474031));
#15036=VECTOR('',#17726,1000.0);
#15037=CARTESIAN_POINT('',(-0.199983549848473,2.6499999994237,-2.06716476667013));
#15038=CARTESIAN_POINT('',(-0.199983716515139,2.64999999950628,-2.0671649333368));
#15039=VECTOR('',#17727,1000.0);
#15040=CARTESIAN_POINT('',(-0.199983716515139,2.7499999994237,-2.0671649333368));
#15041=VECTOR('',#17728,1000.0);
#15042=CARTESIAN_POINT('',(-0.138869658159698,2.64999999950628,-2.0671649333368));
#15043=VECTOR('',#17729,1000.0);
#15044=CARTESIAN_POINT('',(6.52001628348486,2.79999999931506,-2.45354651232637));
#15045=CARTESIAN_POINT('',(5.52001628348486,2.799999999315,-2.45354651232637));
#15046=CARTESIAN_POINT('',(0.48001628348485,2.79999999985318,-2.45354651232637));
#15047=VECTOR('',#17730,1000.0);
#15048=CARTESIAN_POINT('',(5.52001628348486,2.649999999315,-2.45354651228418));
#15049=CARTESIAN_POINT('',(5.52001628348486,2.649999999315,-2.45354651228417));
#15050=VECTOR('',#17731,1000.0);
#15051=CARTESIAN_POINT('',(6.52001628348486,2.64999999931502,-2.45354651228418));
#15052=CARTESIAN_POINT('',(0.48001628348485,2.64999999950628,-2.45354651228418));
#15053=VECTOR('',#17732,1000.0);
#15054=CARTESIAN_POINT('',(6.52001628348486,2.64999999931494,-2.45354651228417));
#15055=VECTOR('',#17733,1000.0);
#15056=CARTESIAN_POINT('',(6.52001628348486,2.7999999996975,-1.09354651232637));
#15057=CARTESIAN_POINT('',(6.52001628348486,2.79999999985318,-1.09354651228418));
#15058=VECTOR('',#17734,1000.0);
#15059=CARTESIAN_POINT('',(6.52001628348486,2.6499999996975,-1.09354651228418));
#15060=CARTESIAN_POINT('',(6.52001628348486,2.64999999950628,-1.09354651228418));
#15061=VECTOR('',#17735,1000.0);
#15062=CARTESIAN_POINT('',(6.52001628348486,2.6499999996975,-1.09354651228415));
#15063=VECTOR('',#17736,1000.0);
#15064=CARTESIAN_POINT('',(5.52001628348486,2.79999999969746,-1.09354651232638));
#15065=CARTESIAN_POINT('',(-0.519983716515139,2.79999999985318,-1.09354651232637));
#15066=VECTOR('',#17737,1000.0);
#15067=CARTESIAN_POINT('',(5.52001628348486,2.64999999969748,-1.09354651228418));
#15068=CARTESIAN_POINT('',(-0.519983716515139,2.64999999950628,-1.09354651228417));
#15069=VECTOR('',#17738,1000.0);
#15070=CARTESIAN_POINT('',(5.52001628348486,2.64999999969756,-1.09354651228415));
#15071=VECTOR('',#17739,1000.0);
#15072=CARTESIAN_POINT('',(5.52001628348486,2.79999999985318,-2.45354651228418));
#15073=VECTOR('',#17740,1000.0);
#15074=CARTESIAN_POINT('',(5.52001628348486,2.64999999950628,-2.45354651228418));
#15075=VECTOR('',#17741,1000.0);
#15076=CARTESIAN_POINT('',(-0.519983716515144,2.64999999969748,-1.09354651228417));
#15077=CARTESIAN_POINT('',(-0.519983716515149,2.649999999315,-2.45354651228418));
#15078=CARTESIAN_POINT('',(-0.519983716515149,2.64999999950628,-2.45354651228418));
#15079=VECTOR('',#17742,1000.0);
#15080=CARTESIAN_POINT('',(0.48001628348486,2.6499999996975,-1.09354651228417));
#15081=CARTESIAN_POINT('',(-0.519983716515139,2.64999999950628,-1.09354651228417));
#15082=VECTOR('',#17743,1000.0);
#15083=CARTESIAN_POINT('',(0.48001628348485,2.64999999931502,-2.45354651228418));
#15084=CARTESIAN_POINT('',(0.48001628348486,2.64999999950628,-1.09354651228417));
#15085=VECTOR('',#17744,1000.0);
#15086=CARTESIAN_POINT('',(0.48001628348485,2.64999999950628,-2.45354651228418));
#15087=VECTOR('',#17745,1000.0);
#15088=CARTESIAN_POINT('',(0.48001628348485,2.79999999931506,-2.45354651232637));
#15089=CARTESIAN_POINT('',(-0.519983716515149,2.799999999315,-2.45354651232637));
#15090=CARTESIAN_POINT('',(0.48001628348485,2.79999999985318,-2.45354651232637));
#15091=VECTOR('',#17746,1000.0);
#15092=CARTESIAN_POINT('',(-0.519983716515149,2.649999999315,-2.45354651228418));
#15093=VECTOR('',#17747,1000.0);
#15094=CARTESIAN_POINT('',(0.48001628348485,2.649999999315,-2.45354651228418));
#15095=VECTOR('',#17748,1000.0);
#15096=CARTESIAN_POINT('',(0.48001628348486,2.7999999996975,-1.09354651232637));
#15097=CARTESIAN_POINT('',(0.48001628348486,2.79999999985318,-1.09354651228417));
#15098=VECTOR('',#17749,1000.0);
#15099=CARTESIAN_POINT('',(0.48001628348486,2.6499999996975,-1.09354651228417));
#15100=VECTOR('',#17750,1000.0);
#15101=CARTESIAN_POINT('',(-0.519983716515144,2.79999999969748,-1.09354651232637));
#15102=CARTESIAN_POINT('',(-0.519983716515139,2.79999999985318,-1.09354651232637));
#15103=VECTOR('',#17751,1000.0);
#15104=CARTESIAN_POINT('',(-0.519983716515139,2.6499999996975,-1.09354651228417));
#15105=VECTOR('',#17752,1000.0);
#15106=CARTESIAN_POINT('',(-0.519983716515149,2.79999999985318,-2.45354651228418));
#15107=VECTOR('',#17753,1000.0);
#15108=CARTESIAN_POINT('',(3.00001628347787,13.0991273367281,-5.04239093931913));
#15109=VECTOR('',#17754,1000.0);
#15110=CARTESIAN_POINT('',(3.00001628347787,13.0991273367281,-5.04239093931913));
#15111=VECTOR('',#17755,1000.0);
#15112=CARTESIAN_POINT('',(2.49840937298565,9.45973112940165,-5.46680874476798));
#15113=CARTESIAN_POINT('',(3.50162319398388,9.45973112940165,-5.46680874476798));
#15114=CARTESIAN_POINT('',(3.00001628347787,9.45973112940165,-5.46680874476798));
#15115=VECTOR('',#17756,1000.0);
#15116=CARTESIAN_POINT('',(2.49635150083501,9.9313576923655,-5.52617997683421));
#15117=AXIS2_PLACEMENT_3D('',#17757,#17758,#17759);
#15118=CARTESIAN_POINT('',(3.50368106613453,9.9313576923655,-5.5261799768342));
#15119=CARTESIAN_POINT('',(3.00001628347787,9.9313576923655,-5.5261799768342));
#15120=VECTOR('',#17760,1000.0);
#15121=AXIS2_PLACEMENT_3D('',#17761,#17762,#17763);
#15122=CARTESIAN_POINT('',(4.3000162834849,11.7439290092859,-3.38354651232638));
#15123=CARTESIAN_POINT('',(4.2000162834849,11.7399999985851,-3.28354651232637));
#15124=AXIS2_PLACEMENT_3D('',#17764,#17765,#17766);
#15125=CARTESIAN_POINT('',(4.30001628348491,13.2999999985851,-3.38354651232638));
#15126=CARTESIAN_POINT('',(4.3000162834849,11.7399999985851,-3.38354651232638));
#15127=VECTOR('',#17767,1000.0);
#15128=CARTESIAN_POINT('',(4.2000162834849,13.2999999985851,-3.28354651232637));
#15129=AXIS2_PLACEMENT_3D('',#17768,#17769,#17770);
#15130=CARTESIAN_POINT('',(4.2000162834849,11.7399999985851,-3.28354651232637));
#15131=VECTOR('',#17771,1000.0);
#15132=CARTESIAN_POINT('',(1.80001628348478,11.7399999985851,-3.28354651232637));
#15133=CARTESIAN_POINT('',(1.70001628348478,11.7439290092859,-3.38354651232638));
#15134=AXIS2_PLACEMENT_3D('',#17772,#17773,#17774);
#15135=CARTESIAN_POINT('',(1.80001628348478,13.2999999985851,-3.28354651232637));
#15136=CARTESIAN_POINT('',(1.80001628348478,11.7399999985851,-3.28354651232637));
#15137=VECTOR('',#17775,1000.0);
#15138=CARTESIAN_POINT('',(1.70001628348478,13.2999999985851,-3.38354651232638));
#15139=AXIS2_PLACEMENT_3D('',#17776,#17777,#17778);
#15140=CARTESIAN_POINT('',(1.70001628348478,11.7399999985851,-3.38354651232638));
#15141=VECTOR('',#17779,1000.0);
#15142=CARTESIAN_POINT('',(-2.40998371652901,11.8130890033594,-4.22678140677453));
#15143=CARTESIAN_POINT('',(-2.40998371652901,13.2946484017208,-4.23324597019127));
#15144=VECTOR('',#17780,1000.0);
#15145=CARTESIAN_POINT('',(-2.60998371652901,11.2569447735347,-4.0243528505189));
#15146=CARTESIAN_POINT('',(-2.60998371652901,14.0999999988697,-4.03675809786967));
#15147=VECTOR('',#17781,1000.0);
#15148=AXIS2_PLACEMENT_3D('',#17782,#17783,#17784);
#15149=CARTESIAN_POINT('',(-3.29567785224532,2.79999999985318,-3.78745413745564));
#15150=CARTESIAN_POINT('',(-3.34498752409986,14.100872627499,-3.83676380931012));
#15151=VECTOR('',#17785,1000.0);
#15152=CARTESIAN_POINT('',(-3.09567975610117,2.79999999985318,-3.98745223360004));
#15153=AXIS2_PLACEMENT_3D('',#17786,#17787,#17788);
#15154=CARTESIAN_POINT('',(-3.09568356368178,2.8008726275129,-3.98745604118066));
#15155=VECTOR('',#17789,1000.0);
#15156=CARTESIAN_POINT('',(8.61001628348475,11.2569447735347,-4.0243528505189));
#15157=CARTESIAN_POINT('',(8.61001628348475,14.0999999988697,-4.03675809786967));
#15158=VECTOR('',#17790,1000.0);
#15159=CARTESIAN_POINT('',(8.41001628348475,11.8130890033594,-4.22678140677453));
#15160=CARTESIAN_POINT('',(8.41001628348475,13.3035494679292,-4.23328480866582));
#15161=VECTOR('',#17791,1000.0);
#15162=AXIS2_PLACEMENT_3D('',#17792,#17793,#17794);
#15163=CARTESIAN_POINT('',(9.0957123230707,2.79999999985318,-3.98745223360003));
#15164=CARTESIAN_POINT('',(9.1449555859897,14.0856529171718,-4.03669549651897));
#15165=VECTOR('',#17795,1000.0);
#15166=CARTESIAN_POINT('',(9.29571041921485,2.79999999985318,-3.78745413745564));
#15167=AXIS2_PLACEMENT_3D('',#17796,#17797,#17798);
#15168=CARTESIAN_POINT('',(9.29571422679547,2.8008726275129,-3.78745794503626));
#15169=VECTOR('',#17799,1000.0);
#15170=CARTESIAN_POINT('',(-2.49567785224133,2.80000000007556,0.250140725956659));
#15171=CARTESIAN_POINT('',(-2.29567785224153,2.80000000013188,0.450142629831074));
#15172=AXIS2_PLACEMENT_3D('',#17800,#17801,#17802);
#15173=CARTESIAN_POINT('',(-2.49567785224152,3.1999999998497,0.251886066283635));
#15174=CARTESIAN_POINT('',(-2.49567785224152,2.80000000007556,0.250140725956499));
#15175=VECTOR('',#17803,1000.0);
#15176=CARTESIAN_POINT('',(-2.29567785224153,3.1999999998497,0.451887970158125));
#15177=AXIS2_PLACEMENT_3D('',#17804,#17805,#17806);
#15178=CARTESIAN_POINT('',(-2.29567785224153,3.2106803077252,0.451934572088259));
#15179=VECTOR('',#17807,1000.0);
#15180=CARTESIAN_POINT('',(-2.59498371651524,2.799999999165,-2.9874522335977));
#15181=CARTESIAN_POINT('',(-2.79498371651504,2.79999999910886,-3.1874522335979));
#15182=AXIS2_PLACEMENT_3D('',#17808,#17809,#17810);
#15183=CARTESIAN_POINT('',(-2.59498371651523,3.1999999998497,-2.98745223371022));
#15184=CARTESIAN_POINT('',(-2.59498371651523,3.1999999991653,-2.98745223371022));
#15185=VECTOR('',#17811,1000.0);
#15186=CARTESIAN_POINT('',(-2.79498371651504,3.1999999998497,-3.18745223362603));
#15187=AXIS2_PLACEMENT_3D('',#17812,#17813,#17814);
#15188=CARTESIAN_POINT('',(-2.79498371651504,3.19999999913714,-3.18745223362603));
#15189=VECTOR('',#17815,1000.0);
#15190=CARTESIAN_POINT('',(-1.10498371651503,2.79999999910878,-3.18745223359624));
#15191=CARTESIAN_POINT('',(-1.30498371651523,2.799999999165,-2.98745223359644));
#15192=AXIS2_PLACEMENT_3D('',#17816,#17817,#17818);
#15193=CARTESIAN_POINT('',(-1.10498371651503,3.1999999998497,-3.18745223362438));
#15194=CARTESIAN_POINT('',(-1.10498371651503,3.19999999913714,-3.18745223362438));
#15195=VECTOR('',#17819,1000.0);
#15196=CARTESIAN_POINT('',(-1.30498371651523,3.1999999998497,-2.98745223370895));
#15197=AXIS2_PLACEMENT_3D('',#17820,#17821,#17822);
#15198=CARTESIAN_POINT('',(-1.30498371651523,3.1999999991653,-2.98745223370895));
#15199=VECTOR('',#17823,1000.0);
#15200=CARTESIAN_POINT('',(8.79501628348457,2.79999999910884,-3.1874522335979));
#15201=CARTESIAN_POINT('',(8.59501628348477,2.79999999916508,-2.9874522335977));
#15202=AXIS2_PLACEMENT_3D('',#17824,#17825,#17826);
#15203=CARTESIAN_POINT('',(8.79501628348457,3.1999999998497,-3.18745223362603));
#15204=CARTESIAN_POINT('',(8.79501628348457,3.19999999913714,-3.18745223362603));
#15205=VECTOR('',#17827,1000.0);
#15206=CARTESIAN_POINT('',(8.59501628348438,3.1999999998497,-2.98745223369926));
#15207=AXIS2_PLACEMENT_3D('',#17828,#17829,#17830);
#15208=CARTESIAN_POINT('',(8.59501628348477,3.1999999991653,-2.98745223371022));
#15209=VECTOR('',#17831,1000.0);
#15210=CARTESIAN_POINT('',(7.30501628348477,2.79999999916508,-2.98745223359644));
#15211=CARTESIAN_POINT('',(7.10501628348458,2.79999999910886,-3.18745223359624));
#15212=AXIS2_PLACEMENT_3D('',#17832,#17833,#17834);
#15213=CARTESIAN_POINT('',(7.30501628348477,3.1999999998497,-2.98745223370895));
#15214=CARTESIAN_POINT('',(7.30501628348477,3.1999999991653,-2.98745223370895));
#15215=VECTOR('',#17835,1000.0);
#15216=CARTESIAN_POINT('',(7.10501628348457,3.1999999998497,-3.18745223362438));
#15217=AXIS2_PLACEMENT_3D('',#17836,#17837,#17838);
#15218=CARTESIAN_POINT('',(7.10501628348457,3.19999999913714,-3.18745223362438));
#15219=VECTOR('',#17839,1000.0);
#15220=CARTESIAN_POINT('',(8.29571041921106,2.80000000013188,0.450142629831078));
#15221=CARTESIAN_POINT('',(8.49571041921087,2.80000000007556,0.250140725956658));
#15222=AXIS2_PLACEMENT_3D('',#17840,#17841,#17842);
#15223=CARTESIAN_POINT('',(8.29571041921107,3.1999999998497,0.451887970158129));
#15224=CARTESIAN_POINT('',(8.29571041921106,3.1991197228311,0.451884129200677));
#15225=VECTOR('',#17843,1000.0);
#15226=CARTESIAN_POINT('',(8.49571041921106,3.1999999998497,0.251886066283795));
#15227=AXIS2_PLACEMENT_3D('',#17844,#17845,#17846);
#15228=CARTESIAN_POINT('',(8.49571041921106,3.19999238468806,0.251886033056173));
#15229=VECTOR('',#17847,1000.0);
#15230=CARTESIAN_POINT('',(-3.54411295022509,14.0999999998509,2.92966507322121));
#15231=CARTESIAN_POINT('',(-3.54411295022509,14.100000000517,1.81944659023033));
#15232=CARTESIAN_POINT('',(-3.54411295022509,14.1000000008489,2.99966505246548));
#15233=VECTOR('',#17848,1000.0);
#15234=CARTESIAN_POINT('',(-3.34411485408095,13.900872662686,2.92879621079116));
#15235=AXIS2_PLACEMENT_3D('',#17849,#17850,#17851);
#15236=CARTESIAN_POINT('',(-3.34411485408095,13.9008726623741,1.82031545266464));
#15237=CARTESIAN_POINT('',(-3.34411485408095,13.9008726617078,-0.548546522646082));
#15238=VECTOR('',#17852,1000.0);
#15239=AXIS2_PLACEMENT_3D('',#17853,#17854,#17855);
#15240=CARTESIAN_POINT('',(9.34414742105048,13.900872662686,2.92879621079116));
#15241=CARTESIAN_POINT('',(9.34414742106256,13.9008726651432,1.82031545265255));
#15242=CARTESIAN_POINT('',(9.34414742105048,13.9008726617078,-0.548546522646084));
#15243=VECTOR('',#17856,1000.0);
#15244=CARTESIAN_POINT('',(9.54414551719463,14.1000000008292,2.92966507322121));
#15245=AXIS2_PLACEMENT_3D('',#17857,#17858,#17859);
#15246=CARTESIAN_POINT('',(9.54414551719463,14.100000000517,1.81944659023032));
#15247=CARTESIAN_POINT('',(9.54414551719463,14.1000000008489,2.99966505246548));
#15248=VECTOR('',#17860,1000.0);
#15249=AXIS2_PLACEMENT_3D('',#17861,#17862,#17863);
#15250=CARTESIAN_POINT('',(1.39924859257376,11.5640593184459,-4.07761195778786));
#15251=CARTESIAN_POINT('',(1.39949065404319,11.6195353687057,-4.06951181015483));
#15252=AXIS2_PLACEMENT_3D('',#17864,#17865,#17866);
#15253=CARTESIAN_POINT('',(4.60078397439592,11.5640593184459,-4.07761195778786));
#15254=CARTESIAN_POINT('',(1.40015226038032,11.5640593184459,-4.07761195778786));
#15255=VECTOR('',#17867,1000.0);
#15256=CARTESIAN_POINT('',(4.60054191292649,11.6195353687057,-4.06951181015483));
#15257=AXIS2_PLACEMENT_3D('',#17868,#17869,#17870);
#15258=CARTESIAN_POINT('',(4.30001628348484,11.6195353687067,-4.06951181015483));
#15259=CARTESIAN_POINT('',(4.30001628348484,11.6195353687067,-4.06951181015483));
#15260=VECTOR('',#17871,1000.0);
#15261=CARTESIAN_POINT('',(4.30001628348486,11.7630324638371,-3.86976189849189));
#15262=AXIS2_PLACEMENT_3D('',#17872,#17873,#17874);
#15263=CARTESIAN_POINT('',(1.70001628348482,11.7630324638371,-3.86976189849189));
#15264=CARTESIAN_POINT('',(4.59988030658936,11.7630324638371,-3.86976189849189));
#15265=VECTOR('',#17875,1000.0);
#15266=CARTESIAN_POINT('',(1.70001628348484,11.6195353687067,-4.06951181015483));
#15267=AXIS2_PLACEMENT_3D('',#17876,#17877,#17878);
#15268=CARTESIAN_POINT('',(1.39949065404319,11.6195353687057,-4.06951181015483));
#15269=VECTOR('',#17879,1000.0);
#15270=CARTESIAN_POINT('',(9.01001818732206,1.80000000001052,-4.0567580944048));
#15271=CARTESIAN_POINT('',(9.01002199491191,1.7991273702347,-4.05676190199464));
#15272=VECTOR('',#17880,1000.0);
#15273=CARTESIAN_POINT('',(9.21001628346622,1.80000000001052,-3.8567599982609));
#15274=CARTESIAN_POINT('',(9.22005579794368,-0.500872629768099,-3.86679951273837));
#15275=VECTOR('',#17881,1000.0);
#15276=AXIS2_PLACEMENT_3D('',#17882,#17883,#17884);
#15277=CARTESIAN_POINT('',(-3.20998371651048,1.80000000001052,-3.85675999826089));
#15278=CARTESIAN_POINT('',(-3.20998752410032,1.7991273702347,-3.85676380585074));
#15279=VECTOR('',#17885,1000.0);
#15280=CARTESIAN_POINT('',(-3.00998562036633,1.80000000001052,-4.0567580944048));
#15281=CARTESIAN_POINT('',(-3.02002513484379,-0.500872629768099,-4.06679760888227));
#15282=VECTOR('',#17886,1000.0);
#15283=AXIS2_PLACEMENT_3D('',#17887,#17888,#17889);
#15284=CARTESIAN_POINT('',(-0.609343259608009,13.100872660442,-3.49239665092104));
#15285=CARTESIAN_POINT('',(-0.409345163463869,13.100872660442,-3.29239855477665));
#15286=AXIS2_PLACEMENT_3D('',#17890,#17891,#17892);
#15287=CARTESIAN_POINT('',(-0.654289580785589,2.79999999985318,-3.44745032974352));
#15288=CARTESIAN_POINT('',(-0.60503984483825,14.0871364165771,-3.4967000656908));
#15289=VECTOR('',#17893,1000.0);
#15290=CARTESIAN_POINT('',(-0.454291484641444,2.79999999985318,-3.24745223359913));
#15291=AXIS2_PLACEMENT_3D('',#17894,#17895,#17896);
#15292=CARTESIAN_POINT('',(-0.404920795585508,14.114856651223,-3.296822922655));
#15293=VECTOR('',#17897,1000.0);
#15294=CARTESIAN_POINT('',(-0.409345163463869,13.2999999985851,-3.4923966509208));
#15295=AXIS2_PLACEMENT_3D('',#17898,#17899,#17900);
#15296=AXIS2_PLACEMENT_3D('',#17901,#17902,#17903);
#15297=CARTESIAN_POINT('',(-0.290622269566599,13.100872660442,-3.29239855477665));
#15298=CARTESIAN_POINT('',(-0.0906241734224496,13.100872660442,-3.49239665092104));
#15299=AXIS2_PLACEMENT_3D('',#17904,#17905,#17906);
#15300=CARTESIAN_POINT('',(-0.245675948389022,2.79999999985318,-3.24745223359913));
#15301=CARTESIAN_POINT('',(-0.29491908213839,14.0856233138613,-3.29669536734843));
#15302=VECTOR('',#17907,1000.0);
#15303=CARTESIAN_POINT('',(-0.0456778522448701,2.79999999985318,-3.44745032974352));
#15304=AXIS2_PLACEMENT_3D('',#17908,#17909,#17910);
#15305=CARTESIAN_POINT('',(-0.0949275881922087,14.0871364165771,-3.4967000656908));
#15306=VECTOR('',#17911,1000.0);
#15307=CARTESIAN_POINT('',(-0.290622269566599,13.2999999985851,-3.4923966509208));
#15308=AXIS2_PLACEMENT_3D('',#17912,#17913,#17914);
#15309=CARTESIAN_POINT('',(-0.0914930358565193,13.2999999985851,-3.4923966509208));
#15310=VECTOR('',#17915,1000.0);
#15311=CARTESIAN_POINT('',(-0.409345163464109,13.100872660442,-3.29239855477665));
#15312=VECTOR('',#17916,1000.0);
#15313=AXIS2_PLACEMENT_3D('',#17917,#17918,#17919);
#15314=CARTESIAN_POINT('',(-0.290622269567681,13.2999999985851,-4.37683245746064));
#15315=CARTESIAN_POINT('',(-0.0906241734232893,13.100872660442,-4.17683436131649));
#15316=AXIS2_PLACEMENT_3D('',#17920,#17921,#17922);
#15317=CARTESIAN_POINT('',(-0.290622269567681,13.2999999985851,-4.3768324574604));
#15318=VECTOR('',#17923,1000.0);
#15319=CARTESIAN_POINT('',(-0.0906241734222085,13.100872660442,-3.29326741721096));
#15320=VECTOR('',#17924,1000.0);
#15321=CARTESIAN_POINT('',(6.4093777304334,13.100872660442,-3.29239855477665));
#15322=CARTESIAN_POINT('',(6.60937582657755,13.100872660442,-3.49239665092104));
#15323=AXIS2_PLACEMENT_3D('',#17925,#17926,#17927);
#15324=CARTESIAN_POINT('',(6.45432405161099,2.79999999985318,-3.24745223359913));
#15325=CARTESIAN_POINT('',(6.40495336255505,14.114856651223,-3.296822922655));
#15326=VECTOR('',#17928,1000.0);
#15327=CARTESIAN_POINT('',(6.65432214775513,2.79999999985318,-3.44745032974352));
#15328=AXIS2_PLACEMENT_3D('',#17929,#17930,#17931);
#15329=CARTESIAN_POINT('',(6.60507241180779,14.0871364165771,-3.4967000656908));
#15330=VECTOR('',#17932,1000.0);
#15331=CARTESIAN_POINT('',(6.4093777304334,13.2999999985851,-3.4923966509208));
#15332=AXIS2_PLACEMENT_3D('',#17933,#17934,#17935);
#15333=AXIS2_PLACEMENT_3D('',#17936,#17937,#17938);
#15334=CARTESIAN_POINT('',(6.29065483653613,13.100872660442,-3.29239855477665));
#15335=CARTESIAN_POINT('',(6.29065483653613,13.2999999985851,-3.4923966509208));
#15336=AXIS2_PLACEMENT_3D('',#17939,#17940,#17941);
#15337=CARTESIAN_POINT('',(6.09152560282605,13.100872660442,-3.29239855477665));
#15338=VECTOR('',#17942,1000.0);
#15339=CARTESIAN_POINT('',(6.40937773043365,13.2999999985851,-3.4923966509208));
#15340=VECTOR('',#17943,1000.0);
#15341=CARTESIAN_POINT('',(6.09065674039199,13.100872660442,-3.49239665092104));
#15342=AXIS2_PLACEMENT_3D('',#17944,#17945,#17946);
#15343=CARTESIAN_POINT('',(6.04571041921441,2.79999999985318,-3.44745032974352));
#15344=CARTESIAN_POINT('',(6.09496015516175,14.0871364165771,-3.4967000656908));
#15345=VECTOR('',#17947,1000.0);
#15346=CARTESIAN_POINT('',(6.24570851535855,2.79999999985318,-3.24745223359913));
#15347=AXIS2_PLACEMENT_3D('',#17948,#17949,#17950);
#15348=CARTESIAN_POINT('',(6.29495164910792,14.0856233138613,-3.29669536734843));
#15349=VECTOR('',#17951,1000.0);
#15350=AXIS2_PLACEMENT_3D('',#17952,#17953,#17954);
#15351=CARTESIAN_POINT('',(6.09065674039283,13.100872660442,-4.17683436131649));
#15352=CARTESIAN_POINT('',(6.29065483653722,13.2999999985851,-4.37683245746064));
#15353=AXIS2_PLACEMENT_3D('',#17955,#17956,#17957);
#15354=CARTESIAN_POINT('',(6.09065674039307,13.100872660442,-4.37683245746064));
#15355=VECTOR('',#17958,1000.0);
#15356=CARTESIAN_POINT('',(6.29065483653589,13.2999999985851,-3.29326741721072));
#15357=VECTOR('',#17959,1000.0);
#15358=CARTESIAN_POINT('',(-0.765852578956442,0.699127336609582,-5.46978278937985));
#15359=CARTESIAN_POINT('',(-0.76585259383065,0.699130745638399,-4.98828540401671));
#15360=CARTESIAN_POINT('',(-0.765852578956461,0.699127336797499,-4.80175809410013));
#15361=VECTOR('',#17960,1000.0);
#15362=CARTESIAN_POINT('',(-0.56585448281231,0.4999999985228,-5.26978438855676));
#15363=AXIS2_PLACEMENT_3D('',#17961,#17962,#17963);
#15364=CARTESIAN_POINT('',(-0.56585448281231,0.499999998658259,-4.78828729294235));
#15365=CARTESIAN_POINT('',(-0.565854482812309,0.5000000008489,2.99966505629104));
#15366=VECTOR('',#17964,1000.0);
#15367=AXIS2_PLACEMENT_3D('',#17965,#17966,#17967);
#15368=CARTESIAN_POINT('',(10.3100162834847,0.499999999275439,-4.78828729299861));
#15369=VECTOR('',#17968,1000.0);
#15370=CARTESIAN_POINT('',(10.3100162834847,0.699127336801298,-4.98828538914276));
#15371=VECTOR('',#17969,1000.0);
#15372=CARTESIAN_POINT('',(0.164395778532272,0.698778275644699,-5.46978065706123));
#15373=CARTESIAN_POINT('',(3.00001628347787,0.698778275644699,-5.46978065706123));
#15374=VECTOR('',#17970,1000.0);
#15375=CARTESIAN_POINT('',(-0.0356004899162889,0.4999999985228,-5.26978438855676));
#15376=AXIS2_PLACEMENT_3D('',#17971,#17972,#17973);
#15377=CARTESIAN_POINT('',(3.00001628347787,0.4999999992077,-5.26978438861301));
#15378=VECTOR('',#17974,1000.0);
#15379=CARTESIAN_POINT('',(6.8199891730138,13.098778275707,-5.54552888879827));
#15380=AXIS2_PLACEMENT_3D('',#17975,#17976,#17977);
#15381=CARTESIAN_POINT('',(3.00001628347787,13.098778275707,-5.54552888879827));
#15382=VECTOR('',#17978,1000.0);
#15383=CARTESIAN_POINT('',(0.164399510098809,0.699563669041558,-5.04675724795016));
#15384=CARTESIAN_POINT('',(-0.0356004899162889,0.499999998641799,-4.84675809404412));
#15385=AXIS2_PLACEMENT_3D('',#17979,#17980,#17981);
#15386=CARTESIAN_POINT('',(-0.0356004899162879,0.5000000008489,2.99966505629104));
#15387=VECTOR('',#17982,1000.0);
#15388=CARTESIAN_POINT('',(0.16439760622785,0.699127336658299,-5.29675809410013));
#15389=VECTOR('',#17983,1000.0);
#15390=CARTESIAN_POINT('',(5.8356330568569,0.699563669041969,-5.04675724795016));
#15391=CARTESIAN_POINT('',(6.03563305687201,0.499999998641799,-4.84675809404412));
#15392=AXIS2_PLACEMENT_3D('',#17984,#17985,#17986);
#15393=CARTESIAN_POINT('',(10.3100162834847,0.499999999267199,-4.84675809410038));
#15394=VECTOR('',#17987,1000.0);
#15395=CARTESIAN_POINT('',(0.163528743793539,0.699999998585598,-5.04675809410038));
#15396=VECTOR('',#17988,1000.0);
#15397=CARTESIAN_POINT('',(6.81999069608856,13.0991273367281,-4.80175809404406));
#15398=VECTOR('',#17989,1000.0);
#15399=CARTESIAN_POINT('',(5.83563678842346,0.698778275644699,-5.46978065706122));
#15400=CARTESIAN_POINT('',(5.83563496072786,0.699127336658299,-5.29675809410013));
#15401=VECTOR('',#17990,1000.0);
#15402=CARTESIAN_POINT('',(6.03563305687201,0.4999999985228,-5.26978438855676));
#15403=AXIS2_PLACEMENT_3D('',#17991,#17992,#17993);
#15404=CARTESIAN_POINT('',(6.03563305687201,0.5000000008489,2.99966505629103));
#15405=VECTOR('',#17994,1000.0);
#15406=CARTESIAN_POINT('',(6.76588514591229,0.699127336773159,-4.98828538914263));
#15407=CARTESIAN_POINT('',(6.56588704976802,0.49999999865828,-4.78828729294235));
#15408=AXIS2_PLACEMENT_3D('',#17995,#17996,#17997);
#15409=CARTESIAN_POINT('',(6.56588704976802,0.4999999985228,-5.26978438855676));
#15410=CARTESIAN_POINT('',(6.56588704976802,0.5000000008489,2.99966505629103));
#15411=VECTOR('',#17998,1000.0);
#15412=CARTESIAN_POINT('',(6.76588331821658,0.698778275644699,-5.46978065706123));
#15413=AXIS2_PLACEMENT_3D('',#17999,#18000,#18001);
#15414=CARTESIAN_POINT('',(6.76588514591217,0.699127336797499,-4.80175809410014));
#15415=VECTOR('',#18002,1000.0);
#15416=CARTESIAN_POINT('',(3.00001628347787,0.698778275644699,-5.46978065706123));
#15417=VECTOR('',#18003,1000.0);
#15418=CARTESIAN_POINT('',(3.00001628347787,0.4999999992077,-5.26978438861301));
#15419=VECTOR('',#18004,1000.0);
#15420=CARTESIAN_POINT('',(10.3100162834847,0.699127336801358,-4.98828538914276));
#15421=VECTOR('',#18005,1000.0);
#15422=CARTESIAN_POINT('',(10.3100162834847,0.499999999275439,-4.78828729299861));
#15423=VECTOR('',#18006,1000.0);
#15424=CARTESIAN_POINT('',(-0.409345163462298,13.2999999985851,-4.76799577150688));
#15425=CARTESIAN_POINT('',(-0.409345163464109,13.2999999985851,-3.29326741721072));
#15426=VECTOR('',#18007,1000.0);
#15427=CARTESIAN_POINT('',(-0.609343259606539,13.100872660442,-4.69551626455591));
#15428=AXIS2_PLACEMENT_3D('',#18008,#18009,#18010);
#15429=CARTESIAN_POINT('',(-0.60934325960645,13.100872660442,-4.76799577150688));
#15430=VECTOR('',#18011,1000.0);
#15431=CARTESIAN_POINT('',(6.60937582657608,13.100872660442,-4.69551626455591));
#15432=CARTESIAN_POINT('',(6.6093758265778,13.100872660442,-3.29326741721096));
#15433=VECTOR('',#18012,1000.0);
#15434=CARTESIAN_POINT('',(6.40937773043184,13.2999999985851,-4.76799577150688));
#15435=AXIS2_PLACEMENT_3D('',#18013,#18014,#18015);
#15436=CARTESIAN_POINT('',(6.40937773043184,13.2999999985851,-4.76799577150663));
#15437=VECTOR('',#18016,1000.0);
#15438=CARTESIAN_POINT('',(-2.40998371652901,13.2999999985851,-4.76799577150688));
#15439=CARTESIAN_POINT('',(-0.60847439717304,13.2999999985851,-4.76799577150688));
#15440=VECTOR('',#18017,1000.0);
#15441=CARTESIAN_POINT('',(-2.40998371652901,13.2999999985851,-4.76799577150688));
#15442=VECTOR('',#18018,1000.0);
#15443=CARTESIAN_POINT('',(-0.617388963866009,11.2569447735347,-4.02435285051891));
#15444=CARTESIAN_POINT('',(-2.40998371652901,11.2569447735347,-4.0243528505189));
#15445=VECTOR('',#18019,1000.0);
#15446=CARTESIAN_POINT('',(-0.611309326931399,12.6502860802076,-4.53150918507267));
#15447=VECTOR('',#18020,1000.0);
#15448=CARTESIAN_POINT('',(6.61742153083555,11.2569447735347,-4.02435285051891));
#15449=CARTESIAN_POINT('',(6.60844630086531,13.3139029091819,-4.77305623238904));
#15450=VECTOR('',#18021,1000.0);
#15451=CARTESIAN_POINT('',(3.00001628348474,11.2569447735347,-4.02435285051891));
#15452=VECTOR('',#18022,1000.0);
#15453=CARTESIAN_POINT('',(8.41001628348475,13.2999999985851,-4.76799577150688));
#15454=CARTESIAN_POINT('',(8.41001628348475,13.3895954027485,-4.80060721893242));
#15455=VECTOR('',#18023,1000.0);
#15456=CARTESIAN_POINT('',(3.00001628347787,13.2999999985851,-4.76799577150688));
#15457=VECTOR('',#18024,1000.0);
#15458=CARTESIAN_POINT('',(-0.0901840946001891,13.0000146636726,-4.07553532561949));
#15459=CARTESIAN_POINT('',(-0.0914637351841605,13.2932848214466,-4.37008791572422));
#15460=VECTOR('',#18025,1000.0);
#15461=CARTESIAN_POINT('',(1.70001628348484,13.0000146636726,-4.07553532561948));
#15462=CARTESIAN_POINT('',(-0.0914930358574805,13.0000146636726,-4.07553532561948));
#15463=VECTOR('',#18026,1000.0);
#15464=CARTESIAN_POINT('',(1.70001628348486,13.2999999985851,-4.37683245746064));
#15465=CARTESIAN_POINT('',(1.70001628348486,13.2999999985851,-4.3768324574607));
#15466=VECTOR('',#18027,1000.0);
#15467=CARTESIAN_POINT('',(1.70001628348484,13.2999999985851,-4.37683245746064));
#15468=VECTOR('',#18028,1000.0);
#15469=CARTESIAN_POINT('',(4.30001628348484,13.0000146636726,-4.07553532561948));
#15470=CARTESIAN_POINT('',(4.30001628348482,13.2999999985851,-4.37683245746064));
#15471=CARTESIAN_POINT('',(4.30001628348481,13.2999999985851,-4.3768324574607));
#15472=VECTOR('',#18029,1000.0);
#15473=CARTESIAN_POINT('',(6.09021666156973,13.0000146636726,-4.07553532561949));
#15474=CARTESIAN_POINT('',(4.30001628348484,13.0000146636726,-4.07553532561948));
#15475=VECTOR('',#18030,1000.0);
#15476=CARTESIAN_POINT('',(6.0914963021537,13.2932848214466,-4.3700879157242));
#15477=VECTOR('',#18031,1000.0);
#15478=CARTESIAN_POINT('',(6.09152560282702,13.2999999985851,-4.37683245746064));
#15479=VECTOR('',#18032,1000.0);
#15480=CARTESIAN_POINT('',(4.64906034670839,0.499999998844601,-4.12588833010033));
#15481=CARTESIAN_POINT('',(4.5999858225161,11.7469810940744,-4.07681380590804));
#15482=VECTOR('',#18033,1000.0);
#15483=CARTESIAN_POINT('',(1.35097222026129,0.499999998844619,-4.12588833010033));
#15484=CARTESIAN_POINT('',(1.40002383492799,11.7417306508901,-4.07683671543363));
#15485=VECTOR('',#18034,1000.0);
#15486=CARTESIAN_POINT('',(3.00001628347787,0.499999999892601,-4.12588833009575));
#15487=VECTOR('',#18035,1000.0);
#15488=CARTESIAN_POINT('',(1.35664457633329,1.80000000001052,-4.0567580944048));
#15489=CARTESIAN_POINT('',(1.35097222026586,0.4999999998926,-4.06243045047222));
#15490=CARTESIAN_POINT('',(1.35667586301215,1.8071703331216,-4.05672680772594));
#15491=VECTOR('',#18036,1000.0);
#15492=CARTESIAN_POINT('',(1.35097222026585,0.4999999998926,-3.68019538960162));
#15493=VECTOR('',#18037,1000.0);
#15494=CARTESIAN_POINT('',(1.3610079271533,2.79999999985318,-4.03102908326494));
#15495=CARTESIAN_POINT('',(1.41034405634657,14.1069361644179,-4.08036521245821));
#15496=VECTOR('',#18038,1000.0);
#15497=CARTESIAN_POINT('',(1.36100792715051,2.79999999922228,-2.78354651232638));
#15498=CARTESIAN_POINT('',(1.36100792715329,2.79999999985318,-3.68019538960162));
#15499=VECTOR('',#18039,1000.0);
#15500=CARTESIAN_POINT('',(1.35664457632981,1.7999999992222,-2.78354651232638));
#15501=CARTESIAN_POINT('',(0.810713341310452,-123.31742865887,-2.78354651232637));
#15502=VECTOR('',#18040,1000.0);
#15503=CARTESIAN_POINT('',(1.35664457633327,1.80000000001052,-3.68019538960162));
#15504=VECTOR('',#18041,1000.0);
#15505=CARTESIAN_POINT('',(4.64906034670382,0.499999999892601,-4.06243045047222));
#15506=CARTESIAN_POINT('',(4.64906034670383,0.4999999998926,-3.68019538960162));
#15507=VECTOR('',#18042,1000.0);
#15508=CARTESIAN_POINT('',(4.6433879906364,1.80000000001052,-4.0567580944048));
#15509=CARTESIAN_POINT('',(4.64335670395753,1.8071703331217,-4.05672680772594));
#15510=VECTOR('',#18043,1000.0);
#15511=CARTESIAN_POINT('',(4.64338799063987,1.7999999992222,-2.78354651232638));
#15512=CARTESIAN_POINT('',(4.64338799063641,1.80000000001052,-3.68019538960162));
#15513=VECTOR('',#18044,1000.0);
#15514=CARTESIAN_POINT('',(4.63902463981916,2.79999999922228,-2.78354651232638));
#15515=CARTESIAN_POINT('',(4.60001628348487,11.7399999985851,-2.78354651232638));
#15516=VECTOR('',#18045,1000.0);
#15517=CARTESIAN_POINT('',(4.63902463981638,2.79999999985318,-4.03102908326494));
#15518=CARTESIAN_POINT('',(4.63902463981639,2.79999999985318,-3.68019538960162));
#15519=VECTOR('',#18046,1000.0);
#15520=CARTESIAN_POINT('',(4.5896885106231,14.1069361644179,-4.08036521245821));
#15521=VECTOR('',#18047,1000.0);
#15522=CARTESIAN_POINT('',(1.4000162834848,2.79999999985316,-2.78354651232638));
#15523=VECTOR('',#18048,1000.0);
#15524=CARTESIAN_POINT('',(1.4000162834848,1.8000000000105,-2.78354651232638));
#15525=VECTOR('',#18049,1000.0);
#15526=CARTESIAN_POINT('',(4.30001628348491,11.7399999985851,-3.28354651232659));
#15527=VECTOR('',#18050,1000.0);
#15528=CARTESIAN_POINT('',(1.70001628348477,11.7399999985851,-3.28354651232637));
#15529=VECTOR('',#18051,1000.0);
#15530=CARTESIAN_POINT('',(1.70001628348477,11.7399999985851,-3.28354651232637));
#15531=VECTOR('',#18052,1000.0);
#15532=CARTESIAN_POINT('',(4.30001628348545,13.2999999985851,2.99966505246537));
#15533=VECTOR('',#18053,1000.0);
#15534=CARTESIAN_POINT('',(4.30001628348484,14.0999999988574,-4.08033494753453));
#15535=VECTOR('',#18054,1000.0);
#15536=CARTESIAN_POINT('',(1.70001628348477,13.2999999985851,-3.28354651232637));
#15537=VECTOR('',#18055,1000.0);
#15538=CARTESIAN_POINT('',(1.70001628348484,13.2999999985851,-4.07684426687677));
#15539=VECTOR('',#18056,1000.0);
#15540=CARTESIAN_POINT('',(1.70001628348484,14.0999999988574,-4.08033494753453));
#15541=VECTOR('',#18057,1000.0);
#15542=CARTESIAN_POINT('',(3.49427212102106,7.77499999858554,-5.04675809609051));
#15543=CARTESIAN_POINT('',(2.50576044594848,7.77499999858554,-5.04675809609051));
#15544=CARTESIAN_POINT('',(3.51401628348477,7.77499999858556,-5.04675809609051));
#15545=VECTOR('',#18058,1000.0);
#15546=CARTESIAN_POINT('',(2.48691575959264,12.093856567512,-6.12356998027746));
#15547=VECTOR('',#18059,1000.0);
#15548=CARTESIAN_POINT('',(3.49427247492014,7.77508110576539,-5.0467783183817));
#15549=VECTOR('',#18060,1000.0);
#15550=CARTESIAN_POINT('',(3.5140162834852,12.299999998552,-5.54064936927858));
#15551=CARTESIAN_POINT('',(3.51836976583027,13.2977383248903,-5.54674428169439));
#15552=VECTOR('',#18061,1000.0);
#15553=CARTESIAN_POINT('',(2.48601628348435,12.299999998552,-5.54064936927858));
#15554=CARTESIAN_POINT('',(2.48602278392412,12.2985102169495,-5.54064026860745));
#15555=VECTOR('',#18062,1000.0);
#15556=CARTESIAN_POINT('',(0.215016283478296,12.299999998552,-5.54064936927858));
#15557=CARTESIAN_POINT('',(3.00001628347786,12.299999998552,-5.54064936927858));
#15558=VECTOR('',#18063,1000.0);
#15559=CARTESIAN_POINT('',(0.219432571385383,13.3121322080749,-5.54683221001689));
#15560=VECTOR('',#18064,1000.0);
#15561=CARTESIAN_POINT('',(-0.82076186659501,13.2833292252042,-5.54665626041841));
#15562=VECTOR('',#18065,1000.0);
#15563=CARTESIAN_POINT('',(6.82079443355075,13.2833292252042,-5.54665626041841));
#15564=VECTOR('',#18066,1000.0);
#15565=CARTESIAN_POINT('',(5.78501628347745,12.299999998552,-5.54064936927858));
#15566=CARTESIAN_POINT('',(5.78502278391722,12.2985102169495,-5.54064026860745));
#15567=VECTOR('',#18067,1000.0);
#15568=CARTESIAN_POINT('',(3.00001628347786,12.299999998552,-5.54064936927858));
#15569=VECTOR('',#18068,1000.0);
#15570=CARTESIAN_POINT('',(0.215016283477871,12.2999999985935,-5.04675809736335));
#15571=CARTESIAN_POINT('',(0.215016283477871,12.2999999985935,-5.04675809736335));
#15572=VECTOR('',#18069,1000.0);
#15573=CARTESIAN_POINT('',(0.215016283477985,12.299999998552,-5.29675809736334));
#15574=VECTOR('',#18070,1000.0);
#15575=CARTESIAN_POINT('',(2.48601628348477,12.2999999985935,-5.04675809736335));
#15576=CARTESIAN_POINT('',(2.48601628348434,12.299999998552,-5.54675809736272));
#15577=VECTOR('',#18071,1000.0);
#15578=CARTESIAN_POINT('',(3.00001628347786,12.299999998552,-5.04675809736334));
#15579=VECTOR('',#18072,1000.0);
#15580=CARTESIAN_POINT('',(5.78501628347787,12.2999999985935,-5.04675809736335));
#15581=CARTESIAN_POINT('',(5.78501628347743,12.299999998552,-5.54675809736677));
#15582=VECTOR('',#18073,1000.0);
#15583=CARTESIAN_POINT('',(5.78501628347787,12.2999999985935,-5.04675809736335));
#15584=VECTOR('',#18074,1000.0);
#15585=CARTESIAN_POINT('',(6.76501274889326,0.4991899366252,-4.98741299212361));
#15586=VECTOR('',#18075,1000.0);
#15587=CARTESIAN_POINT('',(-0.76498018193755,0.4991899366252,-4.98741299212361));
#15588=VECTOR('',#18076,1000.0);
#15589=CARTESIAN_POINT('',(3.00001628347787,1.80000000001052,2.79966505592876));
#15590=VECTOR('',#18077,1000.0);
#15591=CARTESIAN_POINT('',(3.00001628347787,0.499999999892601,2.80533741199618));
#15592=VECTOR('',#18078,1000.0);
#15593=CARTESIAN_POINT('',(7.70934392740532,0.499999999892601,-1.42466258800902));
#15594=CARTESIAN_POINT('',(7.71492651880374,1.77942758383267,-1.43024517940743));
#15595=VECTOR('',#18079,1000.0);
#15596=CARTESIAN_POINT('',(-1.70931136044957,0.499999999892601,-1.42466258800901));
#15597=CARTESIAN_POINT('',(-1.71500871757408,1.80572978386088,-1.4303599451335));
#15598=VECTOR('',#18080,1000.0);
#15599=CARTESIAN_POINT('',(-3.21565607258089,0.499999999892601,-1.42466258800901));
#15600=CARTESIAN_POINT('',(3.00001628347787,0.499999999892601,-1.42466258800901));
#15601=VECTOR('',#18081,1000.0);
#15602=CARTESIAN_POINT('',(-3.20998371651345,1.80000000001052,-1.43033494407643));
#15603=CARTESIAN_POINT('',(-3.20995871545639,1.8057297838609,-1.4303599451335));
#15604=VECTOR('',#18082,1000.0);
#15605=CARTESIAN_POINT('',(3.00001628347787,1.80000000001052,-1.43033494407644));
#15606=VECTOR('',#18083,1000.0);
#15607=CARTESIAN_POINT('',(3.00001628347788,0.499999999892601,-1.42466258800901));
#15608=VECTOR('',#18084,1000.0);
#15609=CARTESIAN_POINT('',(-1.70931136045119,0.499999999892601,-2.74354651924224));
#15610=VECTOR('',#18085,1000.0);
#15611=CARTESIAN_POINT('',(-1.71498371651862,1.80000000001052,-2.74354651924224));
#15612=VECTOR('',#18086,1000.0);
#15613=CARTESIAN_POINT('',(9.21568863953529,0.499999999892601,-2.51033494370897));
#15614=CARTESIAN_POINT('',(-4.30998371651525,0.499999999892601,-2.51033494370897));
#15615=VECTOR('',#18087,1000.0);
#15616=CARTESIAN_POINT('',(9.21001628347097,1.799999999299,-2.51033494407465));
#15617=VECTOR('',#18088,1000.0);
#15618=CARTESIAN_POINT('',(-3.21565607257955,0.499999999892601,-2.51033494370897));
#15619=CARTESIAN_POINT('',(-3.20998371651523,1.799999999299,-2.51033494407465));
#15620=VECTOR('',#18089,1000.0);
#15621=CARTESIAN_POINT('',(3.00001628347787,0.499999999892601,-2.51033494370898));
#15622=VECTOR('',#18090,1000.0);
#15623=CARTESIAN_POINT('',(-3.21565607257926,0.499999999892601,-2.74354651924224));
#15624=VECTOR('',#18091,1000.0);
#15625=CARTESIAN_POINT('',(-4.25064214535941,0.499999999892599,-5.04675809786975));
#15626=VECTOR('',#18092,1000.0);
#15627=CARTESIAN_POINT('',(8.41001628348475,13.2999999985851,-5.04675809786967));
#15628=VECTOR('',#18093,1000.0);
#15629=CARTESIAN_POINT('',(-2.40998371652901,13.2999999985851,-3.00675809786967));
#15630=VECTOR('',#18094,1000.0);
#15631=CARTESIAN_POINT('',(3.00001628347787,0.499999999892601,-4.06243045047222));
#15632=VECTOR('',#18095,1000.0);
#15633=CARTESIAN_POINT('',(3.00001628347787,0.499999999892601,-4.06243045047222));
#15634=VECTOR('',#18096,1000.0);
#15635=CARTESIAN_POINT('',(8.37001628348485,1.799999998864,-4.0567580944098));
#15636=VECTOR('',#18097,1000.0);
#15637=CARTESIAN_POINT('',(-2.36998371651525,1.799999998864,-4.0567580944098));
#15638=VECTOR('',#18098,1000.0);
#15639=CARTESIAN_POINT('',(-3.19742224378862,3.1999999998497,0.251886066283635));
#15640=CARTESIAN_POINT('',(3.00001628347787,3.1999999998497,0.251886066283634));
#15641=VECTOR('',#18099,1000.0);
#15642=CARTESIAN_POINT('',(-3.19742224378961,3.20000000053038,1.86700711417592));
#15643=CARTESIAN_POINT('',(-3.19742224378525,3.1999999998497,2.99966505553824));
#15644=VECTOR('',#18100,1000.0);
#15645=CARTESIAN_POINT('',(-3.29742319256961,3.2000000005304,1.86700711417592));
#15646=CARTESIAN_POINT('',(3.00001628347787,3.1999999998497,1.86700711417889));
#15647=VECTOR('',#18101,1000.0);
#15648=CARTESIAN_POINT('',(-3.29742319256539,3.1999999998497,2.88210454927556));
#15649=CARTESIAN_POINT('',(-3.29742319256525,3.1999999998497,2.99966505553837));
#15650=VECTOR('',#18102,1000.0);
#15651=CARTESIAN_POINT('',(-2.2956778522439,3.1999999998497,2.88210454927556));
#15652=CARTESIAN_POINT('',(3.00001628347787,3.1999999998497,2.88210454927556));
#15653=VECTOR('',#18103,1000.0);
#15654=CARTESIAN_POINT('',(-2.29567785224392,3.1999999998497,2.8996650762912));
#15655=VECTOR('',#18104,1000.0);
#15656=CARTESIAN_POINT('',(-2.2956778522439,2.79999999985318,2.88035920894729));
#15657=CARTESIAN_POINT('',(-2.29567785224395,14.1000000008292,2.92966507322548));
#15658=VECTOR('',#18105,1000.0);
#15659=CARTESIAN_POINT('',(-2.29567785224392,2.79999999985318,2.8996650762912));
#15660=VECTOR('',#18106,1000.0);
#15661=CARTESIAN_POINT('',(-1.10498371651425,3.1999999998497,-3.9891975739283));
#15662=CARTESIAN_POINT('',(-1.1049837165211,3.1999999998497,2.99966505552661));
#15663=VECTOR('',#18107,1000.0);
#15664=CARTESIAN_POINT('',(-2.79498371651425,3.1999999998497,-3.9891975739283));
#15665=CARTESIAN_POINT('',(3.00001628347787,3.1999999998497,-3.9891975739283));
#15666=VECTOR('',#18108,1000.0);
#15667=CARTESIAN_POINT('',(-2.79498371651423,3.1999999998497,-4.00675809480361));
#15668=VECTOR('',#18109,1000.0);
#15669=CARTESIAN_POINT('',(-2.79498371651523,3.1999999998497,-2.98745223371042));
#15670=VECTOR('',#18110,1000.0);
#15671=CARTESIAN_POINT('',(-1.10498371651425,2.79999999985318,-3.98745223360003));
#15672=CARTESIAN_POINT('',(-1.10498371651523,2.79999999985318,-2.98745223370876));
#15673=VECTOR('',#18111,1000.0);
#15674=CARTESIAN_POINT('',(-1.1049837165142,14.0999999988697,-4.03675809786967));
#15675=VECTOR('',#18112,1000.0);
#15676=CARTESIAN_POINT('',(-2.79498371651523,2.79999999985318,-2.9874522335979));
#15677=VECTOR('',#18113,1000.0);
#15678=CARTESIAN_POINT('',(-2.79498371651425,2.79999999985318,-3.98745223360003));
#15679=CARTESIAN_POINT('',(-2.7949837165142,14.0999999988697,-4.03675809786967));
#15680=VECTOR('',#18114,1000.0);
#15681=CARTESIAN_POINT('',(-2.79498371651423,2.79999999985318,-4.00675809480361));
#15682=VECTOR('',#18115,1000.0);
#15683=CARTESIAN_POINT('',(8.79501628348379,3.1999999998497,-3.9891975739283));
#15684=CARTESIAN_POINT('',(8.79501628349064,3.1999999998497,2.99966505552495));
#15685=VECTOR('',#18116,1000.0);
#15686=CARTESIAN_POINT('',(7.10501628348379,3.1999999998497,-3.9891975739283));
#15687=CARTESIAN_POINT('',(3.00001628347787,3.1999999998497,-3.9891975739283));
#15688=VECTOR('',#18117,1000.0);
#15689=CARTESIAN_POINT('',(7.10501628348377,3.1999999998497,-4.00675809480195));
#15690=VECTOR('',#18118,1000.0);
#15691=CARTESIAN_POINT('',(-2.79498371651523,3.1999999998497,-2.98745223371042));
#15692=VECTOR('',#18119,1000.0);
#15693=CARTESIAN_POINT('',(8.79501628348379,2.79999999985318,-3.98745223360003));
#15694=CARTESIAN_POINT('',(8.79501628348477,2.79999999985318,-2.98745223371042));
#15695=VECTOR('',#18120,1000.0);
#15696=CARTESIAN_POINT('',(8.79501628348374,14.0999999988697,-4.03675809786967));
#15697=VECTOR('',#18121,1000.0);
#15698=CARTESIAN_POINT('',(-2.79498371651523,2.79999999985318,-2.9874522335979));
#15699=VECTOR('',#18122,1000.0);
#15700=CARTESIAN_POINT('',(7.10501628348379,2.79999999985318,-3.98745223360003));
#15701=CARTESIAN_POINT('',(7.10501628348379,3.2000766201331,-3.98919790824949));
#15702=VECTOR('',#18123,1000.0);
#15703=CARTESIAN_POINT('',(7.10501628348377,2.79999999985318,-4.00675809480195));
#15704=VECTOR('',#18124,1000.0);
#15705=CARTESIAN_POINT('',(8.29571041921346,3.1999999998497,2.88210454927556));
#15706=CARTESIAN_POINT('',(9.29745575953493,3.1999999998497,2.88210454927556));
#15707=CARTESIAN_POINT('',(3.00001628347787,3.1999999998497,2.88210454927556));
#15708=VECTOR('',#18125,1000.0);
#15709=CARTESIAN_POINT('',(9.29745575953915,3.2000000005304,1.86700711417591));
#15710=CARTESIAN_POINT('',(9.29745575953478,3.1999999998497,2.99966505553837));
#15711=VECTOR('',#18126,1000.0);
#15712=CARTESIAN_POINT('',(9.19745481075915,3.2000000005304,1.86700711417591));
#15713=CARTESIAN_POINT('',(3.00001628347787,3.1999999998497,1.86700711417889));
#15714=VECTOR('',#18127,1000.0);
#15715=CARTESIAN_POINT('',(9.19745481075815,3.1999999998497,0.251886066283633));
#15716=CARTESIAN_POINT('',(9.19745481075478,3.1999999998497,2.99966505553824));
#15717=VECTOR('',#18128,1000.0);
#15718=CARTESIAN_POINT('',(3.00001628348474,3.1999999998497,0.251886066283634));
#15719=VECTOR('',#18129,1000.0);
#15720=CARTESIAN_POINT('',(8.29571041921358,3.1999999998497,2.99966505552542));
#15721=VECTOR('',#18130,1000.0);
#15722=CARTESIAN_POINT('',(8.29571041921346,2.79999999985318,2.8803592089473));
#15723=CARTESIAN_POINT('',(8.29571041921087,2.79999999985318,0.250140725844338));
#15724=VECTOR('',#18131,1000.0);
#15725=CARTESIAN_POINT('',(8.29571041921351,14.1000000008292,2.92966507322548));
#15726=VECTOR('',#18132,1000.0);
#15727=CARTESIAN_POINT('',(-1.89567785223713,2.79999999985318,2.88035920894729));
#15728=CARTESIAN_POINT('',(3.00001628347787,2.79999999985318,2.88035920894729));
#15729=VECTOR('',#18133,1000.0);
#15730=CARTESIAN_POINT('',(-1.89567785223704,2.79999999985318,2.95035920894725));
#15731=CARTESIAN_POINT('',(-1.89567785224134,2.79999999985318,-0.548546522702162));
#15732=VECTOR('',#18134,1000.0);
#15733=CARTESIAN_POINT('',(7.89571041920658,2.79999999985318,2.95035920895685));
#15734=CARTESIAN_POINT('',(3.00001628347792,2.79999999985318,2.95035920895205));
#15735=VECTOR('',#18135,1000.0);
#15736=CARTESIAN_POINT('',(7.89571041920666,2.79999999985318,2.88035920894729));
#15737=CARTESIAN_POINT('',(7.89571041920652,2.79999999985318,2.99966505565007));
#15738=VECTOR('',#18136,1000.0);
#15739=CARTESIAN_POINT('',(3.00001628348474,2.79999999985318,2.88035920894729));
#15740=VECTOR('',#18137,1000.0);
#15741=CARTESIAN_POINT('',(9.29571041920989,2.79999999985318,0.250140725955369));
#15742=CARTESIAN_POINT('',(3.00001628348474,2.79999999985318,0.250140725955367));
#15743=VECTOR('',#18138,1000.0);
#15744=CARTESIAN_POINT('',(9.29571041921087,2.79999999985318,-0.548546522702163));
#15745=VECTOR('',#18139,1000.0);
#15746=CARTESIAN_POINT('',(9.29571041920652,2.79999999985318,2.99966505565179));
#15747=VECTOR('',#18140,1000.0);
#15748=CARTESIAN_POINT('',(3.00001628347787,2.79999999985318,-3.98745223360003));
#15749=VECTOR('',#18141,1000.0);
#15750=CARTESIAN_POINT('',(6.65432214775447,2.79999999985318,-3.98745223360003));
#15751=CARTESIAN_POINT('',(3.00001628348474,2.79999999985318,-3.98745223360003));
#15752=VECTOR('',#18142,1000.0);
#15753=CARTESIAN_POINT('',(6.65432214775869,2.79999999985318,-0.548546522702163));
#15754=VECTOR('',#18143,1000.0);
#15755=CARTESIAN_POINT('',(3.00001628347787,2.79999999985318,-3.24745223359913));
#15756=VECTOR('',#18144,1000.0);
#15757=CARTESIAN_POINT('',(6.04571041921513,2.79999999985318,-4.03102908326494));
#15758=CARTESIAN_POINT('',(6.04571041920649,2.79999999985318,2.9996650556478));
#15759=VECTOR('',#18145,1000.0);
#15760=CARTESIAN_POINT('',(3.00001628347787,2.79999999985318,-4.03102908326494));
#15761=VECTOR('',#18146,1000.0);
#15762=CARTESIAN_POINT('',(-0.0456778522455902,2.79999999985318,-4.03102908326494));
#15763=CARTESIAN_POINT('',(3.00001628348474,2.79999999985318,-4.03102908326494));
#15764=VECTOR('',#18147,1000.0);
#15765=CARTESIAN_POINT('',(-0.0456778522369521,2.79999999985318,2.9996650556478));
#15766=VECTOR('',#18148,1000.0);
#15767=CARTESIAN_POINT('',(3.00001628347787,2.79999999985318,-3.24745223359913));
#15768=VECTOR('',#18149,1000.0);
#15769=CARTESIAN_POINT('',(-0.654289580784926,2.79999999985318,-3.98745223360003));
#15770=CARTESIAN_POINT('',(-0.654289580793502,2.79999999985318,2.99966505563957));
#15771=VECTOR('',#18150,1000.0);
#15772=CARTESIAN_POINT('',(3.00001628347787,2.79999999985318,-3.98745223360003));
#15773=VECTOR('',#18151,1000.0);
#15774=CARTESIAN_POINT('',(3.00001628348474,2.79999999985318,-3.98745223360003));
#15775=VECTOR('',#18152,1000.0);
#15776=CARTESIAN_POINT('',(-3.29567785224134,2.79999999985318,-0.548546522702162));
#15777=VECTOR('',#18153,1000.0);
#15778=CARTESIAN_POINT('',(-3.29567785224036,2.79999999985318,0.250140725955371));
#15779=CARTESIAN_POINT('',(-3.29567785223699,2.79999999985318,2.99966505565179));
#15780=VECTOR('',#18154,1000.0);
#15781=CARTESIAN_POINT('',(3.00001628348474,2.79999999985318,0.250140725955367));
#15782=VECTOR('',#18155,1000.0);
#15783=CARTESIAN_POINT('',(7.94501628348479,14.1000000008489,2.99966507323518));
#15784=CARTESIAN_POINT('',(7.94494873225389,14.0845184973711,2.99959752200427));
#15785=VECTOR('',#18156,1000.0);
#15786=CARTESIAN_POINT('',(-1.94498371651526,14.1000000008489,2.99966507322548));
#15787=CARTESIAN_POINT('',(-1.94488957308377,14.0784240526023,2.99957092979399));
#15788=VECTOR('',#18157,1000.0);
#15789=CARTESIAN_POINT('',(3.00001628347787,14.0999999998509,2.99966507322598));
#15790=VECTOR('',#18158,1000.0);
#15791=CARTESIAN_POINT('',(7.94501628348479,14.1000000008292,2.92966507322548));
#15792=CARTESIAN_POINT('',(7.94495006492136,14.0848239202988,2.92959885466204));
#15793=VECTOR('',#18159,1000.0);
#15794=CARTESIAN_POINT('',(7.94501628348044,14.0999999998509,2.99966505247155));
#15795=VECTOR('',#18160,1000.0);
#15796=CARTESIAN_POINT('',(9.34489548670566,14.0723155940294,2.92954427644635));
#15797=VECTOR('',#18161,1000.0);
#15798=CARTESIAN_POINT('',(9.34506136558449,14.1103319911256,1.81940150813062));
#15799=VECTOR('',#18162,1000.0);
#15800=CARTESIAN_POINT('',(3.00001628347787,14.0999999998509,1.81944659023324));
#15801=VECTOR('',#18163,1000.0);
#15802=CARTESIAN_POINT('',(9.24489644175427,14.0727519163248,1.81956548318085));
#15803=VECTOR('',#18164,1000.0);
#15804=CARTESIAN_POINT('',(9.24499919052144,14.0963000492911,0.299430446046975));
#15805=VECTOR('',#18165,1000.0);
#15806=CARTESIAN_POINT('',(3.00001628348474,14.0999999998509,0.299446590229286));
#15807=VECTOR('',#18166,1000.0);
#15808=CARTESIAN_POINT('',(9.34500013930144,14.0963000492911,0.299430446046975));
#15809=VECTOR('',#18167,1000.0);
#15810=CARTESIAN_POINT('',(6.60494765111459,14.1157292796441,-4.03682673023985));
#15811=VECTOR('',#18168,1000.0);
#15812=CARTESIAN_POINT('',(6.09495736054838,14.0864959422702,-4.08027602459813));
#15813=VECTOR('',#18169,1000.0);
#15814=CARTESIAN_POINT('',(-0.0949164779590806,14.0845901546996,-4.08026770897837));
#15815=VECTOR('',#18170,1000.0);
#15816=CARTESIAN_POINT('',(-0.605050125450776,14.0847802885425,-4.03669168893413));
#15817=VECTOR('',#18171,1000.0);
#15818=CARTESIAN_POINT('',(-3.24486387478473,14.0727519158973,0.299327697279807));
#15819=VECTOR('',#18172,1000.0);
#15820=CARTESIAN_POINT('',(-3.34496757233191,14.0963000492911,0.299430446046972));
#15821=VECTOR('',#18173,1000.0);
#15822=CARTESIAN_POINT('',(3.00001628347787,14.0999999998509,0.299446590229286));
#15823=VECTOR('',#18174,1000.0);
#15824=CARTESIAN_POINT('',(-3.24502784983496,14.1103319911256,1.81940150813063));
#15825=VECTOR('',#18175,1000.0);
#15826=CARTESIAN_POINT('',(3.00001628347787,14.0999999998509,1.81944659023324));
#15827=VECTOR('',#18176,1000.0);
#15828=CARTESIAN_POINT('',(-3.34502879861496,14.1103319911256,1.81940150813063));
#15829=VECTOR('',#18177,1000.0);
#15830=CARTESIAN_POINT('',(-3.34491749795182,14.0848239202988,2.92959885466204));
#15831=VECTOR('',#18178,1000.0);
#15832=CARTESIAN_POINT('',(-1.94498371651526,14.1000000008292,2.92966507322548));
#15833=CARTESIAN_POINT('',(-1.94488957308377,14.0784240525825,2.92957092979399));
#15834=VECTOR('',#18179,1000.0);
#15835=CARTESIAN_POINT('',(-1.94498371651091,14.0999999998509,2.99966505247155));
#15836=VECTOR('',#18180,1000.0);
#15837=CARTESIAN_POINT('',(3.00001628347787,14.0999999998509,2.92966507322121));
#15838=VECTOR('',#18181,1000.0);
#15839=CARTESIAN_POINT('',(3.00001628347787,14.0999999998509,2.92966507322121));
#15840=VECTOR('',#18182,1000.0);
#15841=CARTESIAN_POINT('',(-4.25631450142684,1.80000000001052,-5.04675809786974));
#15842=VECTOR('',#18183,1000.0);
#15843=CARTESIAN_POINT('',(3.00001628347787,1.80000000001052,-4.0567580944048));
#15844=VECTOR('',#18184,1000.0);
#15845=CARTESIAN_POINT('',(3.00001628347788,3.7994017719181E-10,1.42181102444799));
#15846=VECTOR('',#18185,1000.0);
#15847=CARTESIAN_POINT('',(3.00001628347787,1.80000000001052,1.42966505592364));
#15848=VECTOR('',#18186,1000.0);
#15849=CARTESIAN_POINT('',(-3.20998371651888,1.80000000001052,2.99966505591773));
#15850=VECTOR('',#18187,1000.0);
#15851=CARTESIAN_POINT('',(9.21568863953501,0.499999999892601,-2.74354651924224));
#15852=VECTOR('',#18188,1000.0);
#15853=CARTESIAN_POINT('',(9.21001628346758,1.80000000001052,-2.74354651924224));
#15854=VECTOR('',#18189,1000.0);
#15855=CARTESIAN_POINT('',(10.2563470683865,1.80000000001052,2.99966505593426));
#15856=VECTOR('',#18190,1000.0);
#15857=CARTESIAN_POINT('',(3.51401628348477,12.2999999985935,-5.04675809736335));
#15858=CARTESIAN_POINT('',(3.5140162834849,12.299999998552,-5.29675809736335));
#15859=VECTOR('',#18191,1000.0);
#15860=CARTESIAN_POINT('',(3.00001628347786,12.299999998552,-5.04675809736334));
#15861=VECTOR('',#18192,1000.0);
#15862=CARTESIAN_POINT('',(2.48601628348477,12.2999999985935,-5.04675809736335));
#15863=VECTOR('',#18193,1000.0);
#15864=CARTESIAN_POINT('',(3.51401628348477,12.2999999985935,-5.04675809736335));
#15865=VECTOR('',#18194,1000.0);
#15866=CARTESIAN_POINT('',(3.00001628347787,1.80000000001052,-4.0567580944048));
#15867=VECTOR('',#18195,1000.0);
#15868=CARTESIAN_POINT('',(3.00001628347788,3.7994017719181E-10,1.42181102444799));
#15869=VECTOR('',#18196,1000.0);
#15870=CARTESIAN_POINT('',(3.00001628347789,1.80000000001052,1.42966505592364));
#15871=VECTOR('',#18197,1000.0);
#15872=CARTESIAN_POINT('',(3.00001628347789,3.7994017719181E-10,1.42181102444799));
#15873=VECTOR('',#18198,1000.0);
#15874=CARTESIAN_POINT('',(3.00001628347787,1.80000000001052,1.42966505592364));
#15875=VECTOR('',#18199,1000.0);
#15876=CARTESIAN_POINT('',(7.70934392739989,0.499999999892601,2.99966505629681));
#15877=VECTOR('',#18200,1000.0);
#15878=CARTESIAN_POINT('',(10.250674712319,0.499999999892601,2.99966505629994));
#15879=VECTOR('',#18201,1000.0);
#15880=CARTESIAN_POINT('',(7.71501628347436,1.80000000001052,-2.74354651924224));
#15881=VECTOR('',#18202,1000.0);
#15882=DIRECTION('',(-1.22719439457368E-12,1.22464679914735E-16,1.0));
#15883=CARTESIAN_POINT('',(6.61999259994509,13.0999999985851,-5.34553262035006));
#15884=DIRECTION('',(0.707106781186114,8.65956056236024E-17,0.707106781186981));
#15885=DIRECTION('',(0.707106781186981,-8.65956056234962E-17,-0.707106781186114));
#15886=DIRECTION('',(1.22701001875406E-12,-1.22464679914735E-16,-1.0));
#15887=CARTESIAN_POINT('',(6.61999259994447,13.0999999985851,-4.84239284317499));
#15888=DIRECTION('',(-0.707106781186114,-8.65956056236024E-17,-0.707106781186981));
#15889=DIRECTION('',(-0.707106781186981,8.65956056234962E-17,0.707106781186114));
#15890=DIRECTION('',(1.0,-1.49975978176906E-32,-1.22464679841833E-16));
#15891=CARTESIAN_POINT('',(-0.619960032989375,13.0999999985851,-5.34553262035006));
#15892=DIRECTION('',(0.707106781186113,-8.65956056236025E-17,-0.707106781186982));
#15893=DIRECTION('',(0.707106781186982,8.65956056234961E-17,0.707106781186113));
#15894=DIRECTION('',(-1.0,1.49975978176906E-32,1.22464679841833E-16));
#15895=DIRECTION('',(-1.22772956465997E-12,-1.22464679914735E-16,-1.0));
#15896=CARTESIAN_POINT('',(-0.619960032988761,13.0999999985851,-4.84239284317499));
#15897=DIRECTION('',(0.707106781186113,-8.65956056236025E-17,-0.707106781186982));
#15898=DIRECTION('',(-0.707106781186982,-8.65956056234961E-17,-0.707106781186113));
#15899=DIRECTION('',(1.22772956465997E-12,1.22464679914735E-16,1.0));
#15900=DIRECTION('',(1.0,-2.9528538676585E-32,-2.41118816438698E-16));
#15901=DIRECTION('',(-1.0,2.9528538676585E-32,2.41118816438698E-16));
#15902=CARTESIAN_POINT('',(8.61001628348475,13.0999999985851,-4.84239284317499));
#15903=DIRECTION('',(-0.707106781186548,-0.707100050039627,0.00308532558365878));
#15904=DIRECTION('',(0.707106781186547,-0.707100050039627,0.00308532558365844));
#15905=DIRECTION('',(1.0,-2.9528538676585E-32,-2.41118816438698E-16));
#15906=CARTESIAN_POINT('',(-2.60998371652901,13.0999999985851,-4.84239284317499));
#15907=DIRECTION('',(0.707106781186548,-0.707100050039627,0.00308532558365844));
#15908=DIRECTION('',(-0.707106781186547,-0.707100050039627,0.00308532558365878));
#15909=DIRECTION('',(-1.0,2.9528538676585E-32,2.41118816438698E-16));
#15910=DIRECTION('',(-2.14241094738518E-30,1.0,6.33382378058042E-16));
#15911=CARTESIAN_POINT('',(8.85001628348474,-3.4299999992762,2.55466505748948));
#15912=DIRECTION('',(-1.76711716369732E-48,1.0,-1.22464679914735E-16));
#15913=DIRECTION('',(1.0,-1.49975978266186E-32,-1.22464679914735E-16));
#15914=CARTESIAN_POINT('',(8.85001628348474,-92.1644820791441,2.55466505688609));
#15915=DIRECTION('',(0.999990480720734,0.00436330928474672,-1.2248834919496E-12));
#15916=DIRECTION('',(-0.00436330928474672,0.999990480720734,5.22213054416093E-15));
#15917=CARTESIAN_POINT('',(8.85001628348474,3.79940315926416E-10,2.55466505688608));
#15918=DIRECTION('',(-1.76711716369732E-48,1.0,-1.22464679914735E-16));
#15919=DIRECTION('',(-1.0,1.49975978266186E-32,1.22464679914735E-16));
#15920=DIRECTION('',(0.0,1.0,-1.22464679914735E-16));
#15921=CARTESIAN_POINT('',(8.85001628348474,-3.76855715674225,2.55466505688608));
#15922=DIRECTION('',(4.26080736501286E-16,0.500000000243604,0.866025403643794));
#15923=DIRECTION('',(-2.45997828075333E-16,0.866025403643794,-0.500000000243604));
#15924=DIRECTION('',(2.14241094738518E-30,-1.0,-6.33382378058042E-16));
#15925=CARTESIAN_POINT('',(8.85001628348474,-3.76855715884025,2.55466505688608));
#15926=DIRECTION('',(-2.73425070649775E-16,0.499999999756396,-0.866025403925084));
#15927=DIRECTION('',(1.57862038040291E-16,0.866025403925084,0.499999999756396));
#15928=DIRECTION('',(0.0,-1.0,1.22464679914735E-16));
#15929=CARTESIAN_POINT('',(8.85001628348474,3.79940315926416E-10,2.55466505688608));
#15930=DIRECTION('',(-1.76711716369732E-48,1.0,-1.22464679914735E-16));
#15931=DIRECTION('',(-1.0,1.49975978266186E-32,1.22464679914735E-16));
#15932=CARTESIAN_POINT('',(8.85001628348474,-101.790111950739,2.55466505688609));
#15933=DIRECTION('',(0.999990480720734,0.00436330928474672,-1.22511665148758E-12));
#15934=DIRECTION('',(-0.00436330928474672,0.999990480720734,5.22314790102237E-15));
#15935=CARTESIAN_POINT('',(8.85001628348474,-3.4299999992762,2.55466505748948));
#15936=DIRECTION('',(-1.76711716369732E-48,1.0,-1.22464679914735E-16));
#15937=DIRECTION('',(1.0,-1.49975978266186E-32,-1.22464679914735E-16));
#15938=DIRECTION('',(5.80036797514748E-16,0.957826285221151,-0.287347885566345));
#15939=CARTESIAN_POINT('',(8.85001628348474,-4.22999999927655,2.55466505748948));
#15940=DIRECTION('',(1.67047794380817E-48,1.0,-1.22464679914735E-16));
#15941=DIRECTION('',(1.0,-1.49975978266186E-32,-1.22464679914735E-16));
#15942=DIRECTION('',(5.80036797514748E-16,-0.957826285221151,-0.287347885566345));
#15943=CARTESIAN_POINT('',(8.85001628348474,-3.4299999992762,2.55466505748948));
#15944=DIRECTION('',(-1.76711716369732E-48,1.0,-1.22464679914735E-16));
#15945=DIRECTION('',(1.0,-1.49975978266186E-32,-1.22464679914735E-16));
#15946=DIRECTION('',(9.25645680029025E-32,1.0,6.33382378058042E-16));
#15947=CARTESIAN_POINT('',(-2.849983716529,-3.4299999992762,2.55466505748979));
#15948=DIRECTION('',(1.76711716369732E-48,-1.0,1.22464679914735E-16));
#15949=DIRECTION('',(1.0,-1.49975978266186E-32,-1.22464679914735E-16));
#15950=CARTESIAN_POINT('',(-2.849983716529,-107.748835204592,2.55466505688608));
#15951=DIRECTION('',(-0.999990480720734,-0.00436330928474642,1.22841722514505E-12));
#15952=DIRECTION('',(-0.00436330928474642,0.999990480720734,5.23754946179911E-15));
#15953=CARTESIAN_POINT('',(-2.849983716529,3.79940315926416E-10,2.55466505688607));
#15954=DIRECTION('',(1.76711716369732E-48,-1.0,1.22464679914735E-16));
#15955=DIRECTION('',(-1.0,1.49975978266186E-32,1.22464679914735E-16));
#15956=DIRECTION('',(0.0,-1.0,1.22464679914735E-16));
#15957=CARTESIAN_POINT('',(-2.849983716529,-3.7685571567422,2.55466505688607));
#15958=DIRECTION('',(-4.26080736501286E-16,-0.500000000243604,-0.866025403643794));
#15959=DIRECTION('',(-2.45997828075333E-16,0.866025403643794,-0.500000000243604));
#15960=DIRECTION('',(-9.25645680029025E-32,-1.0,-6.33382378058042E-16));
#15961=CARTESIAN_POINT('',(-2.849983716529,-3.76855715884025,2.55466505688607));
#15962=DIRECTION('',(2.73425070649775E-16,-0.499999999756396,0.866025403925084));
#15963=DIRECTION('',(1.57862038040291E-16,0.866025403925084,0.499999999756396));
#15964=DIRECTION('',(0.0,1.0,-1.22464679914735E-16));
#15965=CARTESIAN_POINT('',(-2.849983716529,3.79940315926416E-10,2.55466505688607));
#15966=DIRECTION('',(1.76711716369732E-48,-1.0,1.22464679914735E-16));
#15967=DIRECTION('',(-1.0,1.49975978266186E-32,1.22464679914735E-16));
#15968=CARTESIAN_POINT('',(-2.849983716529,-107.748835204592,2.55466505688608));
#15969=DIRECTION('',(-0.999990480720734,-0.00436330928474642,1.22841722514505E-12));
#15970=DIRECTION('',(-0.00436330928474642,0.999990480720734,5.23754946179911E-15));
#15971=CARTESIAN_POINT('',(-2.849983716529,-3.4299999992762,2.55466505748979));
#15972=DIRECTION('',(1.76711716369732E-48,-1.0,1.22464679914735E-16));
#15973=DIRECTION('',(1.0,-1.49975978266186E-32,-1.22464679914735E-16));
#15974=DIRECTION('',(-1.45009199378687E-16,0.957826285221151,-0.287347885566345));
#15975=CARTESIAN_POINT('',(-2.849983716529,-4.22999999927655,2.55466505748979));
#15976=DIRECTION('',(1.67047794380817E-48,1.0,-1.22464679914735E-16));
#15977=DIRECTION('',(1.0,-1.49975978266186E-32,-1.22464679914735E-16));
#15978=DIRECTION('',(-1.45009199378687E-16,-0.957826285221151,-0.287347885566345));
#15979=CARTESIAN_POINT('',(-2.849983716529,-3.4299999992762,2.55466505748979));
#15980=DIRECTION('',(1.76711716369732E-48,-1.0,1.22464679914735E-16));
#15981=DIRECTION('',(1.0,-1.49975978266186E-32,-1.22464679914735E-16));
#15982=DIRECTION('',(0.00436326774998308,-0.999980961713314,0.00436326774997785));
#15983=CARTESIAN_POINT('',(8.24001437961306,1.80000000001052,1.88966315291531));
#15984=DIRECTION('',(0.0,1.0,-1.22464679914735E-16));
#15985=DIRECTION('',(0.707106781186981,8.65956056234962E-17,0.707106781186114));
#15986=DIRECTION('',(-0.00436326774998308,0.999980961713314,-0.00436326774997785));
#15987=DIRECTION('',(1.0,-5.52526673850118E-26,-2.41118816438456E-16));
#15988=CARTESIAN_POINT('',(-3.10911866175517,13.8999999986421,-4.8458835238318));
#15989=DIRECTION('',(-1.0,1.49975978266186E-32,1.22464679914735E-16));
#15990=DIRECTION('',(0.0,1.0,-1.22464679914735E-16));
#15991=DIRECTION('',(-1.0,5.5252667545734E-26,2.41118816438456E-16));
#15992=CARTESIAN_POINT('',(-2.60998371652901,13.8999999986421,-4.8458835238318));
#15993=DIRECTION('',(-1.0,5.52526530147931E-26,1.22464679914735E-16));
#15994=DIRECTION('',(-1.22464679914735E-16,-1.22464679914735E-16,-1.0));
#15995=DIRECTION('',(1.0,-5.52526673850118E-26,-2.41118816438456E-16));
#15996=CARTESIAN_POINT('',(8.61001628348475,13.8999999986421,-4.8458835238318));
#15997=DIRECTION('',(1.0,-5.52526530147931E-26,-1.22464679914735E-16));
#15998=DIRECTION('',(-1.22464679914735E-16,-1.22464679914735E-16,-1.0));
#15999=DIRECTION('',(-1.0,5.5252667545734E-26,2.41118816438456E-16));
#16000=CARTESIAN_POINT('',(9.10915122872467,13.8999999986421,-4.8458835238318));
#16001=DIRECTION('',(1.0,-1.49975978266186E-32,-1.22464679914735E-16));
#16002=DIRECTION('',(0.0,-1.0,1.22464679914735E-16));
#16003=DIRECTION('',(-1.0,7.40268090690477E-26,3.07861768233147E-16));
#16004=CARTESIAN_POINT('',(10.1091417094466,13.9000000010597,3.74879047842711));
#16005=DIRECTION('',(1.0,-1.49975978266186E-32,-1.22464679914735E-16));
#16006=DIRECTION('',(0.0,-1.0,1.22464679914735E-16));
#16007=DIRECTION('',(1.0,-7.40268090215245E-26,-3.07861768233147E-16));
#16008=CARTESIAN_POINT('',(-4.10910914247715,13.9000000010597,3.74879047842711));
#16009=DIRECTION('',(-1.0,1.49975978266186E-32,1.22464679914735E-16));
#16010=DIRECTION('',(0.0,-1.0,1.22464679914735E-16));
#16011=CARTESIAN_POINT('',(8.61001628348475,13.8999999986421,-4.8458835238318));
#16012=DIRECTION('',(-5.34351274925477E-19,0.999990480720734,-0.00436330928474665));
#16013=DIRECTION('',(1.22463514139247E-16,0.00436330928474665,0.999990480720734));
#16014=CARTESIAN_POINT('',(8.61001628348475,13.8999999986421,-4.8458835238318));
#16015=DIRECTION('',(-1.22464679914735E-16,-2.81294207711699E-10,-1.0));
#16016=DIRECTION('',(-3.44485901116845E-26,1.0,-2.81294207711699E-10));
#16017=DIRECTION('',(2.16159032834791E-11,-1.22464679914735E-16,-1.0));
#16018=DIRECTION('',(-0.0766964988848353,-0.997054485501574,2.80180491218465E-10));
#16019=DIRECTION('',(1.0245612041211E-16,2.81008197079112E-10,1.0));
#16020=DIRECTION('',(-0.0766964988848353,-0.997054485501574,2.80180491218465E-10));
#16021=DIRECTION('',(-1.0,1.25472559915746E-32,1.0245612041211E-16));
#16022=DIRECTION('',(-9.82809644513517E-14,-1.0,2.81008197079112E-10));
#16023=DIRECTION('',(-1.0,9.82809644513805E-14,1.02456092794354E-16));
#16024=DIRECTION('',(9.82809644513517E-14,1.0,-2.81008197079112E-10));
#16025=DIRECTION('',(1.0,-1.25472559915746E-32,-1.0245612041211E-16));
#16026=DIRECTION('',(1.0,-9.82809644513805E-14,-1.02456092794354E-16));
#16027=CARTESIAN_POINT('',(5.59999999997503,3.04999999994917,-0.200000000550663));
#16028=DIRECTION('',(1.02456120412111E-16,2.81008197079112E-10,1.0));
#16029=DIRECTION('',(-1.0,9.82809644513805E-14,1.02456092794354E-16));
#16030=DIRECTION('',(-1.0,9.82809644513805E-14,1.02456092794354E-16));
#16031=DIRECTION('',(9.82809644513517E-14,1.0,-2.81008197079112E-10));
#16032=DIRECTION('',(-1.0,9.89346745847909E-14,1.02456092610656E-16));
#16033=DIRECTION('',(-9.82809644513517E-14,-1.0,2.81008197079112E-10));
#16034=DIRECTION('',(-1.0,9.82809644510758E-14,-9.81746079691146E-16));
#16035=CARTESIAN_POINT('',(6.39999999997504,3.0499999999491,-0.200000000550664));
#16036=DIRECTION('',(1.02456120412111E-16,2.81008197079112E-10,1.0));
#16037=DIRECTION('',(-1.0,9.82809644513805E-14,1.02456092794354E-16));
#16038=DIRECTION('',(1.0,-9.82809644513805E-14,-1.02456092794354E-16));
#16039=DIRECTION('',(-0.076696498884639,0.997054485501589,-2.80180475502417E-10));
#16040=DIRECTION('',(1.0,-1.25472559915746E-32,-1.0245612041211E-16));
#16041=DIRECTION('',(9.82809644513517E-14,1.0,-2.81008197079112E-10));
#16042=DIRECTION('',(1.0,-9.82809644513805E-14,-1.02456092794354E-16));
#16043=DIRECTION('',(-9.82809644513517E-14,-1.0,2.81008197079112E-10));
#16044=DIRECTION('',(-1.02456092794366E-16,-1.22464679914735E-16,-1.0));
#16045=DIRECTION('',(-1.0245612041211E-16,-2.81008197079112E-10,-1.0));
#16046=DIRECTION('',(2.16161081956643E-11,1.22464679914735E-16,1.0));
#16047=DIRECTION('',(1.0245612041211E-16,2.81008197079112E-10,1.0));
#16048=DIRECTION('',(-0.076696498884639,0.997054485501589,-2.80180475502417E-10));
#16049=DIRECTION('',(0.254019920819999,-0.955114902240745,0.152411952760451));
#16050=DIRECTION('',(0.254019920820187,0.955114902240695,-0.152411952760451));
#16051=DIRECTION('',(1.0,-9.82809644513805E-14,-1.02456092794354E-16));
#16052=DIRECTION('',(-0.254019920819999,0.955114902326403,0.152411952223661));
#16053=DIRECTION('',(-1.0,9.82809644513805E-14,1.02456092794354E-16));
#16054=DIRECTION('',(-0.254019920820187,-0.955114902326353,-0.152411952223661));
#16055=DIRECTION('',(1.0245612041211E-16,2.81008197079112E-10,1.0));
#16056=DIRECTION('',(1.0245612041211E-16,2.81008197079112E-10,1.0));
#16057=DIRECTION('',(-1.0245612041211E-16,-2.81008197079112E-10,-1.0));
#16058=CARTESIAN_POINT('',(5.94042078948729,8.65000000001651,0.0397227497736286));
#16059=DIRECTION('',(-0.707106781186548,-1.98632844344352E-10,-0.707106781186548));
#16060=DIRECTION('',(-0.707106781186548,1.98772759102938E-10,0.707106781186548));
#16061=DIRECTION('',(1.0245612041211E-16,2.81008197079112E-10,1.0));
#16062=CARTESIAN_POINT('',(5.94042078948729,8.64999999999418,-0.0397227540222644));
#16063=DIRECTION('',(-0.707106781186548,1.98772759102938E-10,0.707106781186548));
#16064=DIRECTION('',(-0.707106781186548,-1.98632844344353E-10,-0.707106781186548));
#16065=CARTESIAN_POINT('',(5.94571865685159,8.64945379895816,-0.0907127290185842));
#16066=DIRECTION('',(0.0332983995005966,0.313537797802731,-0.948991710153315));
#16067=DIRECTION('',(-0.979446828179901,0.199234282579096,0.0314580897945961));
#16068=DIRECTION('',(-1.0245612041211E-16,-2.81008197079112E-10,-1.0));
#16069=CARTESIAN_POINT('',(5.9457186568855,8.64945379900036,0.0907127247720891));
#16070=DIRECTION('',(0.0332983994985968,0.313537798336745,0.948991709976951));
#16071=DIRECTION('',(-0.950784947501565,0.302605680816677,-0.0666167061773687));
#16072=CARTESIAN_POINT('',(6.05957921046388,8.64999999999417,-0.0397227540222644));
#16073=DIRECTION('',(-0.707106781186547,-1.98632844344353E-10,-0.707106781186548));
#16074=DIRECTION('',(-0.707106781186548,1.98772759102939E-10,0.707106781186547));
#16075=DIRECTION('',(1.0,-9.89346745847909E-14,-1.02456092610656E-16));
#16076=DIRECTION('',(-1.0,9.89346745847909E-14,1.02456092610656E-16));
#16077=CARTESIAN_POINT('',(6.05957921046388,8.6500000000165,0.0397227497736286));
#16078=DIRECTION('',(-0.707106781186547,1.98772759102939E-10,0.707106781186548));
#16079=DIRECTION('',(-0.707106781186548,-1.98632844344352E-10,-0.707106781186547));
#16080=DIRECTION('',(1.0,-9.89346745847909E-14,-1.02456092610656E-16));
#16081=DIRECTION('',(-1.0,9.89346745847909E-14,1.02456092610656E-16));
#16082=DIRECTION('',(-1.0245612041211E-16,-2.81008197079112E-10,-1.0));
#16083=CARTESIAN_POINT('',(6.05428134306566,8.64945379900036,0.0907127247720891));
#16084=DIRECTION('',(-0.033298399498498,0.313537798336766,0.948991709976948));
#16085=DIRECTION('',(0.979446828172921,0.199234282593643,-0.0314580899197765));
#16086=DIRECTION('',(1.0245612041211E-16,2.81008197079112E-10,1.0));
#16087=CARTESIAN_POINT('',(6.05428134306545,8.64945379894925,-0.0907127290202309));
#16088=DIRECTION('',(-0.0332983995021094,0.313537797802333,-0.948991710153393));
#16089=DIRECTION('',(0.950784947501625,0.302605680854737,0.0666167060036278));
#16090=CARTESIAN_POINT('',(6.21135766787663,8.18033088350791,1.33210483026777));
#16091=DIRECTION('',(-0.97780241407743,-0.209529088730779,5.88794916417073E-11));
#16092=DIRECTION('',(-0.209529088730779,0.97780241407743,-2.74770472011964E-10));
#16093=CARTESIAN_POINT('',(6.21135766787663,8.18033088275925,-1.33210483425245));
#16094=DIRECTION('',(-0.97780241407743,-0.209529088730779,5.88794916417073E-11));
#16095=DIRECTION('',(-0.209529088730779,0.97780241407743,-2.74770472011964E-10));
#16096=CARTESIAN_POINT('',(6.37857758042891,7.39997128818767,-10.800000001773));
#16097=DIRECTION('',(-0.97780241407743,-0.209529088730779,5.88794916417073E-11));
#16098=DIRECTION('',(-0.209529088730779,0.97780241407743,-2.74770472011964E-10));
#16099=DIRECTION('',(0.205075778107306,-0.957020297892176,-0.205075777838468));
#16100=DIRECTION('',(-1.0245612041211E-16,-2.81008197079112E-10,-1.0));
#16101=DIRECTION('',(-0.205075778107306,0.95702029777692,-0.20507577837633));
#16102=CARTESIAN_POINT('',(6.37857758042891,7.39997129425745,10.799999998227));
#16103=DIRECTION('',(-0.97780241407743,-0.209529088730779,5.88794916417073E-11));
#16104=DIRECTION('',(-0.209529088730779,0.97780241407743,-2.74770472011964E-10));
#16105=CARTESIAN_POINT('',(5.78864233207445,8.18033088275929,-1.33210483425245));
#16106=DIRECTION('',(-0.977802414077388,0.209529088730973,-5.88792912780782E-11));
#16107=DIRECTION('',(-0.209529088730973,-0.977802414077388,2.74770514947028E-10));
#16108=CARTESIAN_POINT('',(5.78864233207445,8.18033088350795,1.33210483026777));
#16109=DIRECTION('',(-0.977802414077388,0.209529088730973,-5.88792912780782E-11));
#16110=DIRECTION('',(-0.209529088730973,-0.977802414077388,2.74770514947028E-10));
#16111=CARTESIAN_POINT('',(5.62142241952202,7.39997129425752,10.799999998227));
#16112=DIRECTION('',(-0.977802414077388,0.209529088730973,-5.88792912780782E-11));
#16113=DIRECTION('',(-0.209529088730973,-0.977802414077388,2.74770514947028E-10));
#16114=DIRECTION('',(-0.205075778107496,-0.95702029777688,0.205075778376329));
#16115=DIRECTION('',(-1.0245612041211E-16,-2.81008197079112E-10,-1.0));
#16116=DIRECTION('',(0.205075778107496,0.957020297892136,0.205075777838468));
#16117=CARTESIAN_POINT('',(5.62142241952201,7.39997128818774,-10.800000001773));
#16118=DIRECTION('',(-0.977802414077388,0.209529088730973,-5.88792912780782E-11));
#16119=DIRECTION('',(-0.209529088730973,-0.977802414077388,2.74770514947028E-10));
#16120=CARTESIAN_POINT('',(-5.2000000000245,7.39997128818881,-10.800000001773));
#16121=DIRECTION('',(0.707106781186545,-1.98774352745025E-10,-0.70710678118655));
#16122=DIRECTION('',(-0.70710678118655,-1.98634437986436E-10,-0.707106781186545));
#16123=DIRECTION('',(-1.0,9.89346745847909E-14,1.02456092610656E-16));
#16124=CARTESIAN_POINT('',(17.1999999999755,7.39997128818659,-10.800000001773));
#16125=DIRECTION('',(-0.707106781186547,-1.98634629648114E-10,-0.707106781186548));
#16126=DIRECTION('',(-0.707106781186548,1.98774544406701E-10,0.707106781186547));
#16127=DIRECTION('',(-1.0,9.89346745847909E-14,1.02456092610656E-16));
#16128=DIRECTION('',(-1.0,9.89346745847909E-14,1.02456092610656E-16));
#16129=CARTESIAN_POINT('',(17.1999999999755,7.39997129425638,10.799999998227));
#16130=DIRECTION('',(-0.707106781186547,1.98771408465216E-10,0.707106781186547));
#16131=DIRECTION('',(-0.707106781186548,-1.9863149370663E-10,-0.707106781186548));
#16132=CARTESIAN_POINT('',(-5.2000000000245,7.39997129425859,10.799999998227));
#16133=DIRECTION('',(0.707106781186545,1.98631685368308E-10,0.70710678118655));
#16134=DIRECTION('',(-0.70710678118655,1.98771600126893E-10,0.707106781186545));
#16135=DIRECTION('',(-1.0245612041211E-16,-2.81008197079112E-10,-1.0));
#16136=DIRECTION('',(-1.0245612041211E-16,-2.81008197079112E-10,-1.0));
#16137=CARTESIAN_POINT('',(6.39999999997504,3.0500000000615,0.199999999449337));
#16138=DIRECTION('',(-1.02456120412111E-16,-2.81008197079112E-10,-1.0));
#16139=DIRECTION('',(-1.0,9.82809644513805E-14,1.02456092794354E-16));
#16140=DIRECTION('',(1.0245612041211E-16,2.81008197079112E-10,1.0));
#16141=DIRECTION('',(-1.0245612041211E-16,-2.81008197079112E-10,-1.0));
#16142=DIRECTION('',(-1.0245612041211E-16,-2.81008197079112E-10,-1.0));
#16143=CARTESIAN_POINT('',(5.59999999997503,3.05000000006158,0.199999999449337));
#16144=DIRECTION('',(-1.02456120412111E-16,-2.81008197079112E-10,-1.0));
#16145=DIRECTION('',(-1.0,9.82809644513805E-14,1.02456092794354E-16));
#16146=DIRECTION('',(1.0245612041211E-16,2.81008197079112E-10,1.0));
#16147=DIRECTION('',(1.0245612041211E-16,2.81008197079112E-10,1.0));
#16148=DIRECTION('',(1.0245612041211E-16,2.81008197079112E-10,1.0));
#16149=DIRECTION('',(-0.707106781186547,1.9877229686007E-10,0.707106781186547));
#16150=DIRECTION('',(-9.82809644513517E-14,-1.0,2.81008197079112E-10));
#16151=DIRECTION('',(-0.707106781186547,-1.98633306587221E-10,-0.707106781186548));
#16152=DIRECTION('',(9.82809644513517E-14,1.0,-2.81008197079112E-10));
#16153=DIRECTION('',(0.707106781186547,-1.9877229686007E-10,-0.707106781186547));
#16154=DIRECTION('',(1.0,-9.82809644513805E-14,-1.02456092794354E-16));
#16155=DIRECTION('',(9.82809644513517E-14,1.0,-2.81008197079112E-10));
#16156=DIRECTION('',(-9.82809644513517E-14,-1.0,2.81008197079112E-10));
#16157=DIRECTION('',(0.707106781186547,1.98633306587221E-10,0.707106781186548));
#16158=DIRECTION('',(1.0,-9.82809644513805E-14,-1.02456092794354E-16));
#16159=DIRECTION('',(9.82809644513517E-14,1.0,-2.81008197079112E-10));
#16160=DIRECTION('',(-9.82809644513517E-14,-1.0,2.81008197079112E-10));
#16161=DIRECTION('',(1.02456092794366E-16,1.22464679914735E-16,1.0));
#16162=DIRECTION('',(1.0,-9.82809644513805E-14,-1.02456092794354E-16));
#16163=DIRECTION('',(1.0,-9.82809644513805E-14,-1.02456092794354E-16));
#16164=DIRECTION('',(-1.0,1.25472559915746E-32,1.0245612041211E-16));
#16165=DIRECTION('',(2.16159032834791E-11,-1.22464679914735E-16,-1.0));
#16166=DIRECTION('',(-0.0766964988848353,-0.997054485501574,2.80180491218465E-10));
#16167=DIRECTION('',(1.0245612041211E-16,2.81008197079112E-10,1.0));
#16168=DIRECTION('',(-0.0766964988848353,-0.997054485501574,2.80180491218465E-10));
#16169=DIRECTION('',(-1.0,1.25472559915746E-32,1.0245612041211E-16));
#16170=DIRECTION('',(-9.82809644513517E-14,-1.0,2.81008197079112E-10));
#16171=DIRECTION('',(-1.0,9.82809644513805E-14,1.02456092794354E-16));
#16172=DIRECTION('',(9.82809644513517E-14,1.0,-2.81008197079112E-10));
#16173=DIRECTION('',(1.0,-1.25472559915746E-32,-1.0245612041211E-16));
#16174=DIRECTION('',(1.0,-9.82809644513805E-14,-1.02456092794354E-16));
#16175=CARTESIAN_POINT('',(3.59999999997503,3.04999999994917,-0.200000000550663));
#16176=DIRECTION('',(1.02456120412111E-16,2.81008197079112E-10,1.0));
#16177=DIRECTION('',(-1.0,9.82809644513805E-14,1.02456092794354E-16));
#16178=DIRECTION('',(-1.0,9.82809644513805E-14,1.02456092794354E-16));
#16179=DIRECTION('',(9.82809644513517E-14,1.0,-2.81008197079112E-10));
#16180=DIRECTION('',(-1.0,9.89346745847909E-14,1.02456092610656E-16));
#16181=DIRECTION('',(-9.82809644513517E-14,-1.0,2.81008197079112E-10));
#16182=DIRECTION('',(-1.0,9.82809644510758E-14,-9.81746079691146E-16));
#16183=CARTESIAN_POINT('',(4.39999999997504,3.0499999999491,-0.200000000550664));
#16184=DIRECTION('',(1.02456120412111E-16,2.81008197079112E-10,1.0));
#16185=DIRECTION('',(-1.0,9.82809644513805E-14,1.02456092794354E-16));
#16186=DIRECTION('',(1.0,-9.82809644513805E-14,-1.02456092794354E-16));
#16187=DIRECTION('',(-0.076696498884639,0.997054485501589,-2.80180475502417E-10));
#16188=DIRECTION('',(1.0,-1.25472559915746E-32,-1.0245612041211E-16));
#16189=DIRECTION('',(9.82809644513517E-14,1.0,-2.81008197079112E-10));
#16190=DIRECTION('',(1.0,-9.82809644513805E-14,-1.02456092794354E-16));
#16191=DIRECTION('',(-9.82809644513517E-14,-1.0,2.81008197079112E-10));
#16192=DIRECTION('',(-1.02456092794366E-16,-1.22464679914735E-16,-1.0));
#16193=DIRECTION('',(-1.0245612041211E-16,-2.81008197079112E-10,-1.0));
#16194=DIRECTION('',(2.16161081956643E-11,1.22464679914735E-16,1.0));
#16195=DIRECTION('',(1.0245612041211E-16,2.81008197079112E-10,1.0));
#16196=DIRECTION('',(-0.076696498884639,0.997054485501589,-2.80180475502417E-10));
#16197=DIRECTION('',(0.254019920819999,-0.955114902240745,0.152411952760451));
#16198=DIRECTION('',(0.254019920820187,0.955114902240695,-0.152411952760451));
#16199=DIRECTION('',(1.0,-9.82809644513805E-14,-1.02456092794354E-16));
#16200=DIRECTION('',(-0.254019920819999,0.955114902326403,0.152411952223661));
#16201=DIRECTION('',(-1.0,9.82809644513805E-14,1.02456092794354E-16));
#16202=DIRECTION('',(-0.254019920820187,-0.955114902326353,-0.152411952223661));
#16203=DIRECTION('',(1.0245612041211E-16,2.81008197079112E-10,1.0));
#16204=DIRECTION('',(1.0245612041211E-16,2.81008197079112E-10,1.0));
#16205=DIRECTION('',(-1.0245612041211E-16,-2.81008197079112E-10,-1.0));
#16206=CARTESIAN_POINT('',(3.94042078948729,8.65000000001651,0.0397227497736286));
#16207=DIRECTION('',(-0.707106781186548,-1.98632844344352E-10,-0.707106781186548));
#16208=DIRECTION('',(-0.707106781186548,1.98772759102938E-10,0.707106781186548));
#16209=DIRECTION('',(1.0245612041211E-16,2.81008197079112E-10,1.0));
#16210=CARTESIAN_POINT('',(3.94042078948729,8.64999999999418,-0.0397227540222644));
#16211=DIRECTION('',(-0.707106781186548,1.98772759102938E-10,0.707106781186548));
#16212=DIRECTION('',(-0.707106781186548,-1.98632844344353E-10,-0.707106781186548));
#16213=CARTESIAN_POINT('',(3.94571865685159,8.64945379895816,-0.0907127290185842));
#16214=DIRECTION('',(0.0332983995005966,0.313537797802731,-0.948991710153315));
#16215=DIRECTION('',(-0.979446828179901,0.199234282579096,0.0314580897945961));
#16216=DIRECTION('',(-1.0245612041211E-16,-2.81008197079112E-10,-1.0));
#16217=CARTESIAN_POINT('',(3.9457186568855,8.64945379900036,0.0907127247720891));
#16218=DIRECTION('',(0.0332983994985968,0.313537798336745,0.948991709976951));
#16219=DIRECTION('',(-0.950784947501565,0.302605680816677,-0.0666167061773687));
#16220=CARTESIAN_POINT('',(4.05957921046388,8.64999999999417,-0.0397227540222644));
#16221=DIRECTION('',(-0.707106781186547,-1.98632844344353E-10,-0.707106781186548));
#16222=DIRECTION('',(-0.707106781186548,1.98772759102939E-10,0.707106781186547));
#16223=DIRECTION('',(1.0,-9.89346745847909E-14,-1.02456092610656E-16));
#16224=DIRECTION('',(-1.0,9.89346745847909E-14,1.02456092610656E-16));
#16225=CARTESIAN_POINT('',(4.05957921046388,8.6500000000165,0.0397227497736286));
#16226=DIRECTION('',(-0.707106781186547,1.98772759102939E-10,0.707106781186548));
#16227=DIRECTION('',(-0.707106781186548,-1.98632844344352E-10,-0.707106781186547));
#16228=DIRECTION('',(1.0,-9.89346745847909E-14,-1.02456092610656E-16));
#16229=DIRECTION('',(-1.0,9.89346745847909E-14,1.02456092610656E-16));
#16230=DIRECTION('',(-1.0245612041211E-16,-2.81008197079112E-10,-1.0));
#16231=CARTESIAN_POINT('',(4.05428134306566,8.64945379900036,0.0907127247720891));
#16232=DIRECTION('',(-0.033298399498498,0.313537798336766,0.948991709976948));
#16233=DIRECTION('',(0.979446828172921,0.199234282593643,-0.0314580899197765));
#16234=DIRECTION('',(1.0245612041211E-16,2.81008197079112E-10,1.0));
#16235=CARTESIAN_POINT('',(4.05428134306545,8.64945379894925,-0.0907127290202309));
#16236=DIRECTION('',(-0.0332983995021094,0.313537797802333,-0.948991710153393));
#16237=DIRECTION('',(0.950784947501625,0.302605680854737,0.0666167060036278));
#16238=CARTESIAN_POINT('',(4.21135766787663,8.18033088350791,1.33210483026777));
#16239=DIRECTION('',(-0.97780241407743,-0.209529088730779,5.88794916417073E-11));
#16240=DIRECTION('',(-0.209529088730779,0.97780241407743,-2.74770472011964E-10));
#16241=CARTESIAN_POINT('',(4.21135766787663,8.18033088275925,-1.33210483425245));
#16242=DIRECTION('',(-0.97780241407743,-0.209529088730779,5.88794916417073E-11));
#16243=DIRECTION('',(-0.209529088730779,0.97780241407743,-2.74770472011964E-10));
#16244=CARTESIAN_POINT('',(4.37857758042891,7.39997128818767,-10.800000001773));
#16245=DIRECTION('',(-0.97780241407743,-0.209529088730779,5.88794916417073E-11));
#16246=DIRECTION('',(-0.209529088730779,0.97780241407743,-2.74770472011964E-10));
#16247=DIRECTION('',(0.205075778107306,-0.957020297892176,-0.205075777838468));
#16248=DIRECTION('',(-1.0245612041211E-16,-2.81008197079112E-10,-1.0));
#16249=DIRECTION('',(-0.205075778107306,0.95702029777692,-0.20507577837633));
#16250=CARTESIAN_POINT('',(4.37857758042891,7.39997129425745,10.799999998227));
#16251=DIRECTION('',(-0.97780241407743,-0.209529088730779,5.88794916417073E-11));
#16252=DIRECTION('',(-0.209529088730779,0.97780241407743,-2.74770472011964E-10));
#16253=CARTESIAN_POINT('',(3.78864233207445,8.18033088275929,-1.33210483425245));
#16254=DIRECTION('',(-0.977802414077388,0.209529088730973,-5.88792912780782E-11));
#16255=DIRECTION('',(-0.209529088730973,-0.977802414077388,2.74770514947028E-10));
#16256=CARTESIAN_POINT('',(3.78864233207445,8.18033088350795,1.33210483026777));
#16257=DIRECTION('',(-0.977802414077388,0.209529088730973,-5.88792912780782E-11));
#16258=DIRECTION('',(-0.209529088730973,-0.977802414077388,2.74770514947028E-10));
#16259=CARTESIAN_POINT('',(3.62142241952202,7.39997129425752,10.799999998227));
#16260=DIRECTION('',(-0.977802414077388,0.209529088730973,-5.88792912780782E-11));
#16261=DIRECTION('',(-0.209529088730973,-0.977802414077388,2.74770514947028E-10));
#16262=DIRECTION('',(-0.205075778107496,-0.95702029777688,0.205075778376329));
#16263=DIRECTION('',(-1.0245612041211E-16,-2.81008197079112E-10,-1.0));
#16264=DIRECTION('',(0.205075778107496,0.957020297892136,0.205075777838468));
#16265=CARTESIAN_POINT('',(3.62142241952201,7.39997128818774,-10.800000001773));
#16266=DIRECTION('',(-0.977802414077388,0.209529088730973,-5.88792912780782E-11));
#16267=DIRECTION('',(-0.209529088730973,-0.977802414077388,2.74770514947028E-10));
#16268=CARTESIAN_POINT('',(-7.2000000000245,7.39997128818881,-10.800000001773));
#16269=DIRECTION('',(0.707106781186545,-1.98774352745025E-10,-0.70710678118655));
#16270=DIRECTION('',(-0.70710678118655,-1.98634437986436E-10,-0.707106781186545));
#16271=DIRECTION('',(-1.0,9.89346745847909E-14,1.02456092610656E-16));
#16272=CARTESIAN_POINT('',(15.1999999999755,7.39997128818659,-10.800000001773));
#16273=DIRECTION('',(-0.707106781186547,-1.98634629648114E-10,-0.707106781186548));
#16274=DIRECTION('',(-0.707106781186548,1.98774544406701E-10,0.707106781186547));
#16275=DIRECTION('',(-1.0,9.89346745847909E-14,1.02456092610656E-16));
#16276=DIRECTION('',(-1.0,9.89346745847909E-14,1.02456092610656E-16));
#16277=CARTESIAN_POINT('',(15.1999999999755,7.39997129425638,10.799999998227));
#16278=DIRECTION('',(-0.707106781186547,1.98771408465216E-10,0.707106781186547));
#16279=DIRECTION('',(-0.707106781186548,-1.9863149370663E-10,-0.707106781186548));
#16280=CARTESIAN_POINT('',(-7.2000000000245,7.39997129425859,10.799999998227));
#16281=DIRECTION('',(0.707106781186545,1.98631685368308E-10,0.70710678118655));
#16282=DIRECTION('',(-0.70710678118655,1.98771600126893E-10,0.707106781186545));
#16283=DIRECTION('',(-1.0245612041211E-16,-2.81008197079112E-10,-1.0));
#16284=DIRECTION('',(-1.0245612041211E-16,-2.81008197079112E-10,-1.0));
#16285=CARTESIAN_POINT('',(4.39999999997504,3.0500000000615,0.199999999449337));
#16286=DIRECTION('',(-1.02456120412111E-16,-2.81008197079112E-10,-1.0));
#16287=DIRECTION('',(-1.0,9.82809644513805E-14,1.02456092794354E-16));
#16288=DIRECTION('',(1.0245612041211E-16,2.81008197079112E-10,1.0));
#16289=DIRECTION('',(-1.0245612041211E-16,-2.81008197079112E-10,-1.0));
#16290=DIRECTION('',(-1.0245612041211E-16,-2.81008197079112E-10,-1.0));
#16291=CARTESIAN_POINT('',(3.59999999997503,3.05000000006158,0.199999999449337));
#16292=DIRECTION('',(-1.02456120412111E-16,-2.81008197079112E-10,-1.0));
#16293=DIRECTION('',(-1.0,9.82809644513805E-14,1.02456092794354E-16));
#16294=DIRECTION('',(1.0245612041211E-16,2.81008197079112E-10,1.0));
#16295=DIRECTION('',(1.0245612041211E-16,2.81008197079112E-10,1.0));
#16296=DIRECTION('',(1.0245612041211E-16,2.81008197079112E-10,1.0));
#16297=DIRECTION('',(-0.707106781186547,1.9877229686007E-10,0.707106781186547));
#16298=DIRECTION('',(-9.82809644513517E-14,-1.0,2.81008197079112E-10));
#16299=DIRECTION('',(-0.707106781186547,-1.98633306587221E-10,-0.707106781186548));
#16300=DIRECTION('',(9.82809644513517E-14,1.0,-2.81008197079112E-10));
#16301=DIRECTION('',(0.707106781186547,-1.9877229686007E-10,-0.707106781186547));
#16302=DIRECTION('',(1.0,-9.82809644513805E-14,-1.02456092794354E-16));
#16303=DIRECTION('',(9.82809644513517E-14,1.0,-2.81008197079112E-10));
#16304=DIRECTION('',(-9.82809644513517E-14,-1.0,2.81008197079112E-10));
#16305=DIRECTION('',(0.707106781186547,1.98633306587221E-10,0.707106781186548));
#16306=DIRECTION('',(1.0,-9.82809644513805E-14,-1.02456092794354E-16));
#16307=DIRECTION('',(9.82809644513517E-14,1.0,-2.81008197079112E-10));
#16308=DIRECTION('',(-9.82809644513517E-14,-1.0,2.81008197079112E-10));
#16309=DIRECTION('',(1.02456092794366E-16,1.22464679914735E-16,1.0));
#16310=DIRECTION('',(1.0,-9.82809644513805E-14,-1.02456092794354E-16));
#16311=DIRECTION('',(1.0,-9.82809644513805E-14,-1.02456092794354E-16));
#16312=DIRECTION('',(-1.0,1.25472559915746E-32,1.0245612041211E-16));
#16313=DIRECTION('',(2.16159032834791E-11,-1.22464679914735E-16,-1.0));
#16314=DIRECTION('',(-0.0766964988848353,-0.997054485501574,2.80180491218465E-10));
#16315=DIRECTION('',(1.0245612041211E-16,2.81008197079112E-10,1.0));
#16316=DIRECTION('',(-0.0766964988848353,-0.997054485501574,2.80180491218465E-10));
#16317=DIRECTION('',(-1.0,1.25472559915746E-32,1.0245612041211E-16));
#16318=DIRECTION('',(-9.82809644513517E-14,-1.0,2.81008197079112E-10));
#16319=DIRECTION('',(-1.0,9.82809644513805E-14,1.02456092794354E-16));
#16320=DIRECTION('',(9.82809644513517E-14,1.0,-2.81008197079112E-10));
#16321=DIRECTION('',(1.0,-1.25472559915746E-32,-1.0245612041211E-16));
#16322=DIRECTION('',(1.0,-9.82809644513805E-14,-1.02456092794354E-16));
#16323=CARTESIAN_POINT('',(1.59999999997503,3.04999999994917,-0.200000000550663));
#16324=DIRECTION('',(1.02456120412111E-16,2.81008197079112E-10,1.0));
#16325=DIRECTION('',(-1.0,9.82809644513805E-14,1.02456092794354E-16));
#16326=DIRECTION('',(-1.0,9.82809644513805E-14,1.02456092794354E-16));
#16327=DIRECTION('',(9.82809644513517E-14,1.0,-2.81008197079112E-10));
#16328=DIRECTION('',(-1.0,9.89346745847909E-14,1.02456092610656E-16));
#16329=DIRECTION('',(-9.82809644513517E-14,-1.0,2.81008197079112E-10));
#16330=DIRECTION('',(-1.0,9.82809644510758E-14,-9.81746079691146E-16));
#16331=CARTESIAN_POINT('',(2.39999999997503,3.0499999999491,-0.200000000550664));
#16332=DIRECTION('',(1.02456120412111E-16,2.81008197079112E-10,1.0));
#16333=DIRECTION('',(-1.0,9.82809644513805E-14,1.02456092794354E-16));
#16334=DIRECTION('',(1.0,-9.82809644513805E-14,-1.02456092794354E-16));
#16335=DIRECTION('',(-0.076696498884639,0.997054485501589,-2.80180475502417E-10));
#16336=DIRECTION('',(1.0,-1.25472559915746E-32,-1.0245612041211E-16));
#16337=DIRECTION('',(9.82809644513517E-14,1.0,-2.81008197079112E-10));
#16338=DIRECTION('',(1.0,-9.82809644513805E-14,-1.02456092794354E-16));
#16339=DIRECTION('',(-9.82809644513517E-14,-1.0,2.81008197079112E-10));
#16340=DIRECTION('',(-1.02456092794366E-16,-1.22464679914735E-16,-1.0));
#16341=DIRECTION('',(-1.0245612041211E-16,-2.81008197079112E-10,-1.0));
#16342=DIRECTION('',(2.16161081956643E-11,1.22464679914735E-16,1.0));
#16343=DIRECTION('',(1.0245612041211E-16,2.81008197079112E-10,1.0));
#16344=DIRECTION('',(-0.076696498884639,0.997054485501589,-2.80180475502417E-10));
#16345=DIRECTION('',(0.254019920819999,-0.955114902240745,0.152411952760451));
#16346=DIRECTION('',(0.254019920820187,0.955114902240695,-0.152411952760451));
#16347=DIRECTION('',(1.0,-9.82809644513805E-14,-1.02456092794354E-16));
#16348=DIRECTION('',(-0.254019920819999,0.955114902326403,0.152411952223661));
#16349=DIRECTION('',(-1.0,9.82809644513805E-14,1.02456092794354E-16));
#16350=DIRECTION('',(-0.254019920820187,-0.955114902326353,-0.152411952223661));
#16351=DIRECTION('',(1.0245612041211E-16,2.81008197079112E-10,1.0));
#16352=DIRECTION('',(1.0245612041211E-16,2.81008197079112E-10,1.0));
#16353=DIRECTION('',(-1.0245612041211E-16,-2.81008197079112E-10,-1.0));
#16354=CARTESIAN_POINT('',(1.94042078948729,8.65000000001651,0.0397227497736286));
#16355=DIRECTION('',(-0.707106781186548,-1.98632844344352E-10,-0.707106781186548));
#16356=DIRECTION('',(-0.707106781186548,1.98772759102938E-10,0.707106781186548));
#16357=DIRECTION('',(1.0245612041211E-16,2.81008197079112E-10,1.0));
#16358=CARTESIAN_POINT('',(1.94042078948729,8.64999999999418,-0.0397227540222644));
#16359=DIRECTION('',(-0.707106781186548,1.98772759102938E-10,0.707106781186548));
#16360=DIRECTION('',(-0.707106781186548,-1.98632844344353E-10,-0.707106781186548));
#16361=CARTESIAN_POINT('',(1.94571865685159,8.64945379895816,-0.0907127290185842));
#16362=DIRECTION('',(0.0332983995005966,0.313537797802731,-0.948991710153315));
#16363=DIRECTION('',(-0.979446828179901,0.199234282579096,0.0314580897945961));
#16364=DIRECTION('',(-1.0245612041211E-16,-2.81008197079112E-10,-1.0));
#16365=CARTESIAN_POINT('',(1.9457186568855,8.64945379900036,0.0907127247720891));
#16366=DIRECTION('',(0.0332983994985968,0.313537798336745,0.948991709976951));
#16367=DIRECTION('',(-0.950784947501565,0.302605680816677,-0.0666167061773687));
#16368=CARTESIAN_POINT('',(2.05957921046388,8.64999999999417,-0.0397227540222644));
#16369=DIRECTION('',(-0.707106781186547,-1.98632844344353E-10,-0.707106781186548));
#16370=DIRECTION('',(-0.707106781186548,1.98772759102939E-10,0.707106781186547));
#16371=DIRECTION('',(1.0,-9.89346745847909E-14,-1.02456092610656E-16));
#16372=DIRECTION('',(-1.0,9.89346745847909E-14,1.02456092610656E-16));
#16373=CARTESIAN_POINT('',(2.05957921046388,8.6500000000165,0.0397227497736286));
#16374=DIRECTION('',(-0.707106781186547,1.98772759102939E-10,0.707106781186548));
#16375=DIRECTION('',(-0.707106781186548,-1.98632844344352E-10,-0.707106781186547));
#16376=DIRECTION('',(1.0,-9.89346745847909E-14,-1.02456092610656E-16));
#16377=DIRECTION('',(-1.0,9.89346745847909E-14,1.02456092610656E-16));
#16378=DIRECTION('',(-1.0245612041211E-16,-2.81008197079112E-10,-1.0));
#16379=CARTESIAN_POINT('',(2.05428134306566,8.64945379900036,0.0907127247720891));
#16380=DIRECTION('',(-0.033298399498498,0.313537798336766,0.948991709976948));
#16381=DIRECTION('',(0.979446828172921,0.199234282593643,-0.0314580899197765));
#16382=DIRECTION('',(1.0245612041211E-16,2.81008197079112E-10,1.0));
#16383=CARTESIAN_POINT('',(2.05428134306545,8.64945379894925,-0.0907127290202309));
#16384=DIRECTION('',(-0.0332983995021094,0.313537797802333,-0.948991710153393));
#16385=DIRECTION('',(0.950784947501625,0.302605680854737,0.0666167060036278));
#16386=CARTESIAN_POINT('',(2.21135766787663,8.18033088350791,1.33210483026777));
#16387=DIRECTION('',(-0.97780241407743,-0.209529088730779,5.88794916417073E-11));
#16388=DIRECTION('',(-0.209529088730779,0.97780241407743,-2.74770472011964E-10));
#16389=CARTESIAN_POINT('',(2.21135766787663,8.18033088275925,-1.33210483425245));
#16390=DIRECTION('',(-0.97780241407743,-0.209529088730779,5.88794916417073E-11));
#16391=DIRECTION('',(-0.209529088730779,0.97780241407743,-2.74770472011964E-10));
#16392=CARTESIAN_POINT('',(2.37857758042891,7.39997128818767,-10.800000001773));
#16393=DIRECTION('',(-0.97780241407743,-0.209529088730779,5.88794916417073E-11));
#16394=DIRECTION('',(-0.209529088730779,0.97780241407743,-2.74770472011964E-10));
#16395=DIRECTION('',(0.205075778107306,-0.957020297892176,-0.205075777838468));
#16396=DIRECTION('',(-1.0245612041211E-16,-2.81008197079112E-10,-1.0));
#16397=DIRECTION('',(-0.205075778107306,0.95702029777692,-0.20507577837633));
#16398=CARTESIAN_POINT('',(2.37857758042891,7.39997129425745,10.799999998227));
#16399=DIRECTION('',(-0.97780241407743,-0.209529088730779,5.88794916417073E-11));
#16400=DIRECTION('',(-0.209529088730779,0.97780241407743,-2.74770472011964E-10));
#16401=CARTESIAN_POINT('',(1.78864233207445,8.18033088275929,-1.33210483425245));
#16402=DIRECTION('',(-0.977802414077388,0.209529088730973,-5.88792912780782E-11));
#16403=DIRECTION('',(-0.209529088730973,-0.977802414077388,2.74770514947028E-10));
#16404=CARTESIAN_POINT('',(1.78864233207445,8.18033088350795,1.33210483026777));
#16405=DIRECTION('',(-0.977802414077388,0.209529088730973,-5.88792912780782E-11));
#16406=DIRECTION('',(-0.209529088730973,-0.977802414077388,2.74770514947028E-10));
#16407=CARTESIAN_POINT('',(1.62142241952202,7.39997129425752,10.799999998227));
#16408=DIRECTION('',(-0.977802414077388,0.209529088730973,-5.88792912780782E-11));
#16409=DIRECTION('',(-0.209529088730973,-0.977802414077388,2.74770514947028E-10));
#16410=DIRECTION('',(-0.205075778107496,-0.95702029777688,0.205075778376329));
#16411=DIRECTION('',(-1.0245612041211E-16,-2.81008197079112E-10,-1.0));
#16412=DIRECTION('',(0.205075778107496,0.957020297892136,0.205075777838468));
#16413=CARTESIAN_POINT('',(1.62142241952201,7.39997128818774,-10.800000001773));
#16414=DIRECTION('',(-0.977802414077388,0.209529088730973,-5.88792912780782E-11));
#16415=DIRECTION('',(-0.209529088730973,-0.977802414077388,2.74770514947028E-10));
#16416=CARTESIAN_POINT('',(-9.2000000000245,7.39997128818881,-10.800000001773));
#16417=DIRECTION('',(0.707106781186545,-1.98774352745025E-10,-0.70710678118655));
#16418=DIRECTION('',(-0.70710678118655,-1.98634437986436E-10,-0.707106781186545));
#16419=DIRECTION('',(-1.0,9.89346745847909E-14,1.02456092610656E-16));
#16420=CARTESIAN_POINT('',(13.1999999999755,7.39997128818659,-10.800000001773));
#16421=DIRECTION('',(-0.707106781186547,-1.98634629648114E-10,-0.707106781186548));
#16422=DIRECTION('',(-0.707106781186548,1.98774544406701E-10,0.707106781186547));
#16423=DIRECTION('',(-1.0,9.89346745847909E-14,1.02456092610656E-16));
#16424=DIRECTION('',(-1.0,9.89346745847909E-14,1.02456092610656E-16));
#16425=CARTESIAN_POINT('',(13.1999999999755,7.39997129425638,10.799999998227));
#16426=DIRECTION('',(-0.707106781186547,1.98771408465216E-10,0.707106781186547));
#16427=DIRECTION('',(-0.707106781186548,-1.9863149370663E-10,-0.707106781186548));
#16428=CARTESIAN_POINT('',(-9.2000000000245,7.39997129425859,10.799999998227));
#16429=DIRECTION('',(0.707106781186545,1.98631685368308E-10,0.70710678118655));
#16430=DIRECTION('',(-0.70710678118655,1.98771600126893E-10,0.707106781186545));
#16431=DIRECTION('',(-1.0245612041211E-16,-2.81008197079112E-10,-1.0));
#16432=DIRECTION('',(-1.0245612041211E-16,-2.81008197079112E-10,-1.0));
#16433=CARTESIAN_POINT('',(2.39999999997503,3.0500000000615,0.199999999449337));
#16434=DIRECTION('',(-1.02456120412111E-16,-2.81008197079112E-10,-1.0));
#16435=DIRECTION('',(-1.0,9.82809644513805E-14,1.02456092794354E-16));
#16436=DIRECTION('',(1.0245612041211E-16,2.81008197079112E-10,1.0));
#16437=DIRECTION('',(-1.0245612041211E-16,-2.81008197079112E-10,-1.0));
#16438=DIRECTION('',(-1.0245612041211E-16,-2.81008197079112E-10,-1.0));
#16439=CARTESIAN_POINT('',(1.59999999997503,3.05000000006158,0.199999999449337));
#16440=DIRECTION('',(-1.02456120412111E-16,-2.81008197079112E-10,-1.0));
#16441=DIRECTION('',(-1.0,9.82809644513805E-14,1.02456092794354E-16));
#16442=DIRECTION('',(1.0245612041211E-16,2.81008197079112E-10,1.0));
#16443=DIRECTION('',(1.0245612041211E-16,2.81008197079112E-10,1.0));
#16444=DIRECTION('',(1.0245612041211E-16,2.81008197079112E-10,1.0));
#16445=DIRECTION('',(-0.707106781186547,1.9877229686007E-10,0.707106781186547));
#16446=DIRECTION('',(-9.82809644513517E-14,-1.0,2.81008197079112E-10));
#16447=DIRECTION('',(-0.707106781186547,-1.98633306587221E-10,-0.707106781186548));
#16448=DIRECTION('',(9.82809644513517E-14,1.0,-2.81008197079112E-10));
#16449=DIRECTION('',(0.707106781186547,-1.9877229686007E-10,-0.707106781186547));
#16450=DIRECTION('',(1.0,-9.82809644513805E-14,-1.02456092794354E-16));
#16451=DIRECTION('',(9.82809644513517E-14,1.0,-2.81008197079112E-10));
#16452=DIRECTION('',(-9.82809644513517E-14,-1.0,2.81008197079112E-10));
#16453=DIRECTION('',(0.707106781186547,1.98633306587221E-10,0.707106781186548));
#16454=DIRECTION('',(1.0,-9.82809644513805E-14,-1.02456092794354E-16));
#16455=DIRECTION('',(9.82809644513517E-14,1.0,-2.81008197079112E-10));
#16456=DIRECTION('',(-9.82809644513517E-14,-1.0,2.81008197079112E-10));
#16457=DIRECTION('',(1.02456092794366E-16,1.22464679914735E-16,1.0));
#16458=DIRECTION('',(1.0,-9.82809644513805E-14,-1.02456092794354E-16));
#16459=DIRECTION('',(1.0,-9.82809644513805E-14,-1.02456092794354E-16));
#16460=DIRECTION('',(-1.0,1.25472559915746E-32,1.0245612041211E-16));
#16461=DIRECTION('',(2.16159032834791E-11,-1.22464679914735E-16,-1.0));
#16462=DIRECTION('',(-0.0766964988848353,-0.997054485501574,2.80180491218465E-10));
#16463=DIRECTION('',(1.0245612041211E-16,2.81008197079112E-10,1.0));
#16464=DIRECTION('',(-0.0766964988848353,-0.997054485501574,2.80180491218465E-10));
#16465=DIRECTION('',(-1.0,1.25472559915746E-32,1.0245612041211E-16));
#16466=DIRECTION('',(-9.82809644513517E-14,-1.0,2.81008197079112E-10));
#16467=DIRECTION('',(-1.0,9.82809644513805E-14,1.02456092794354E-16));
#16468=DIRECTION('',(9.82809644513517E-14,1.0,-2.81008197079112E-10));
#16469=DIRECTION('',(1.0,-1.25472559915746E-32,-1.0245612041211E-16));
#16470=DIRECTION('',(1.0,-9.82809644513805E-14,-1.02456092794354E-16));
#16471=CARTESIAN_POINT('',(-0.400000000024967,3.04999999994917,-0.200000000550663));
#16472=DIRECTION('',(1.02456120412111E-16,2.81008197079112E-10,1.0));
#16473=DIRECTION('',(-1.0,9.82809644513805E-14,1.02456092794354E-16));
#16474=DIRECTION('',(-1.0,9.82809644513805E-14,1.02456092794354E-16));
#16475=DIRECTION('',(9.82809644513517E-14,1.0,-2.81008197079112E-10));
#16476=DIRECTION('',(-1.0,9.89346745847909E-14,1.02456092610656E-16));
#16477=DIRECTION('',(-9.82809644513517E-14,-1.0,2.81008197079112E-10));
#16478=DIRECTION('',(-1.0,9.82809644510758E-14,-9.81746079691146E-16));
#16479=CARTESIAN_POINT('',(0.399999999975035,3.0499999999491,-0.200000000550664));
#16480=DIRECTION('',(1.02456120412111E-16,2.81008197079112E-10,1.0));
#16481=DIRECTION('',(-1.0,9.82809644513805E-14,1.02456092794354E-16));
#16482=DIRECTION('',(1.0,-9.82809644513805E-14,-1.02456092794354E-16));
#16483=DIRECTION('',(-0.076696498884639,0.997054485501589,-2.80180475502417E-10));
#16484=DIRECTION('',(1.0,-1.25472559915746E-32,-1.0245612041211E-16));
#16485=DIRECTION('',(9.82809644513517E-14,1.0,-2.81008197079112E-10));
#16486=DIRECTION('',(1.0,-9.82809644513805E-14,-1.02456092794354E-16));
#16487=DIRECTION('',(-9.82809644513517E-14,-1.0,2.81008197079112E-10));
#16488=DIRECTION('',(-1.02456092794366E-16,-1.22464679914735E-16,-1.0));
#16489=DIRECTION('',(-1.0245612041211E-16,-2.81008197079112E-10,-1.0));
#16490=DIRECTION('',(2.16161081956643E-11,1.22464679914735E-16,1.0));
#16491=DIRECTION('',(1.0245612041211E-16,2.81008197079112E-10,1.0));
#16492=DIRECTION('',(-0.076696498884639,0.997054485501589,-2.80180475502417E-10));
#16493=DIRECTION('',(0.254019920819999,-0.955114902240745,0.152411952760451));
#16494=DIRECTION('',(0.254019920820187,0.955114902240695,-0.152411952760451));
#16495=DIRECTION('',(1.0,-9.82809644513805E-14,-1.02456092794354E-16));
#16496=DIRECTION('',(-0.254019920819999,0.955114902326403,0.152411952223661));
#16497=DIRECTION('',(-1.0,9.82809644513805E-14,1.02456092794354E-16));
#16498=DIRECTION('',(-0.254019920820187,-0.955114902326353,-0.152411952223661));
#16499=DIRECTION('',(1.0245612041211E-16,2.81008197079112E-10,1.0));
#16500=DIRECTION('',(1.0245612041211E-16,2.81008197079112E-10,1.0));
#16501=DIRECTION('',(-1.0245612041211E-16,-2.81008197079112E-10,-1.0));
#16502=CARTESIAN_POINT('',(-0.059579210512712,8.65000000001651,0.0397227497736286));
#16503=DIRECTION('',(-0.707106781186548,-1.98632844344352E-10,-0.707106781186548));
#16504=DIRECTION('',(-0.707106781186548,1.98772759102938E-10,0.707106781186548));
#16505=DIRECTION('',(1.0245612041211E-16,2.81008197079112E-10,1.0));
#16506=CARTESIAN_POINT('',(-0.059579210512712,8.64999999999418,-0.0397227540222644));
#16507=DIRECTION('',(-0.707106781186548,1.98772759102938E-10,0.707106781186548));
#16508=DIRECTION('',(-0.707106781186548,-1.98632844344353E-10,-0.707106781186548));
#16509=CARTESIAN_POINT('',(-0.0542813431484088,8.64945379895816,-0.0907127290185842));
#16510=DIRECTION('',(0.0332983995005966,0.313537797802731,-0.948991710153315));
#16511=DIRECTION('',(-0.979446828179901,0.199234282579096,0.0314580897945961));
#16512=DIRECTION('',(-1.0245612041211E-16,-2.81008197079112E-10,-1.0));
#16513=CARTESIAN_POINT('',(-0.0542813431144984,8.64945379900036,0.0907127247720891));
#16514=DIRECTION('',(0.0332983994985968,0.313537798336745,0.948991709976951));
#16515=DIRECTION('',(-0.950784947501565,0.302605680816677,-0.0666167061773687));
#16516=CARTESIAN_POINT('',(0.059579210463883,8.64999999999417,-0.0397227540222644));
#16517=DIRECTION('',(-0.707106781186547,-1.98632844344353E-10,-0.707106781186548));
#16518=DIRECTION('',(-0.707106781186548,1.98772759102939E-10,0.707106781186547));
#16519=DIRECTION('',(1.0,-9.89346745847909E-14,-1.02456092610656E-16));
#16520=DIRECTION('',(-1.0,9.89346745847909E-14,1.02456092610656E-16));
#16521=CARTESIAN_POINT('',(0.059579210463883,8.6500000000165,0.0397227497736286));
#16522=DIRECTION('',(-0.707106781186547,1.98772759102939E-10,0.707106781186548));
#16523=DIRECTION('',(-0.707106781186548,-1.98632844344352E-10,-0.707106781186547));
#16524=DIRECTION('',(1.0,-9.89346745847909E-14,-1.02456092610656E-16));
#16525=DIRECTION('',(-1.0,9.89346745847909E-14,1.02456092610656E-16));
#16526=DIRECTION('',(-1.0245612041211E-16,-2.81008197079112E-10,-1.0));
#16527=CARTESIAN_POINT('',(0.0542813430656555,8.64945379900036,0.0907127247720891));
#16528=DIRECTION('',(-0.033298399498498,0.313537798336766,0.948991709976948));
#16529=DIRECTION('',(0.979446828172921,0.199234282593643,-0.0314580899197765));
#16530=DIRECTION('',(1.0245612041211E-16,2.81008197079112E-10,1.0));
#16531=CARTESIAN_POINT('',(0.0542813430654474,8.64945379894925,-0.0907127290202309));
#16532=DIRECTION('',(-0.0332983995021094,0.313537797802333,-0.948991710153393));
#16533=DIRECTION('',(0.950784947501625,0.302605680854737,0.0666167060036278));
#16534=CARTESIAN_POINT('',(0.211357667876628,8.18033088350791,1.33210483026777));
#16535=DIRECTION('',(-0.97780241407743,-0.209529088730779,5.88794916417073E-11));
#16536=DIRECTION('',(-0.209529088730779,0.97780241407743,-2.74770472011964E-10));
#16537=CARTESIAN_POINT('',(0.211357667876628,8.18033088275925,-1.33210483425245));
#16538=DIRECTION('',(-0.97780241407743,-0.209529088730779,5.88794916417073E-11));
#16539=DIRECTION('',(-0.209529088730779,0.97780241407743,-2.74770472011964E-10));
#16540=CARTESIAN_POINT('',(0.37857758042891,7.39997128818767,-10.800000001773));
#16541=DIRECTION('',(-0.97780241407743,-0.209529088730779,5.88794916417073E-11));
#16542=DIRECTION('',(-0.209529088730779,0.97780241407743,-2.74770472011964E-10));
#16543=DIRECTION('',(0.205075778107306,-0.957020297892176,-0.205075777838468));
#16544=DIRECTION('',(-1.0245612041211E-16,-2.81008197079112E-10,-1.0));
#16545=DIRECTION('',(-0.205075778107306,0.95702029777692,-0.20507577837633));
#16546=CARTESIAN_POINT('',(0.37857758042891,7.39997129425745,10.799999998227));
#16547=DIRECTION('',(-0.97780241407743,-0.209529088730779,5.88794916417073E-11));
#16548=DIRECTION('',(-0.209529088730779,0.97780241407743,-2.74770472011964E-10));
#16549=CARTESIAN_POINT('',(-0.211357667925547,8.18033088275929,-1.33210483425245));
#16550=DIRECTION('',(-0.977802414077388,0.209529088730973,-5.88792912780782E-11));
#16551=DIRECTION('',(-0.209529088730973,-0.977802414077388,2.74770514947028E-10));
#16552=CARTESIAN_POINT('',(-0.211357667925547,8.18033088350795,1.33210483026777));
#16553=DIRECTION('',(-0.977802414077388,0.209529088730973,-5.88792912780782E-11));
#16554=DIRECTION('',(-0.209529088730973,-0.977802414077388,2.74770514947028E-10));
#16555=CARTESIAN_POINT('',(-0.378577580477983,7.39997129425752,10.799999998227));
#16556=DIRECTION('',(-0.977802414077388,0.209529088730973,-5.88792912780782E-11));
#16557=DIRECTION('',(-0.209529088730973,-0.977802414077388,2.74770514947028E-10));
#16558=DIRECTION('',(-0.205075778107496,-0.95702029777688,0.205075778376329));
#16559=DIRECTION('',(-1.0245612041211E-16,-2.81008197079112E-10,-1.0));
#16560=DIRECTION('',(0.205075778107496,0.957020297892136,0.205075777838468));
#16561=CARTESIAN_POINT('',(-0.378577580477987,7.39997128818774,-10.800000001773));
#16562=DIRECTION('',(-0.977802414077388,0.209529088730973,-5.88792912780782E-11));
#16563=DIRECTION('',(-0.209529088730973,-0.977802414077388,2.74770514947028E-10));
#16564=CARTESIAN_POINT('',(-11.2000000000245,7.39997128818881,-10.800000001773));
#16565=DIRECTION('',(0.707106781186545,-1.98774352745025E-10,-0.70710678118655));
#16566=DIRECTION('',(-0.70710678118655,-1.98634437986436E-10,-0.707106781186545));
#16567=DIRECTION('',(-1.0,9.89346745847909E-14,1.02456092610656E-16));
#16568=CARTESIAN_POINT('',(11.1999999999755,7.39997128818659,-10.800000001773));
#16569=DIRECTION('',(-0.707106781186547,-1.98634629648114E-10,-0.707106781186548));
#16570=DIRECTION('',(-0.707106781186548,1.98774544406701E-10,0.707106781186547));
#16571=DIRECTION('',(-1.0,9.89346745847909E-14,1.02456092610656E-16));
#16572=DIRECTION('',(-1.0,9.89346745847909E-14,1.02456092610656E-16));
#16573=CARTESIAN_POINT('',(11.1999999999755,7.39997129425638,10.799999998227));
#16574=DIRECTION('',(-0.707106781186547,1.98771408465216E-10,0.707106781186547));
#16575=DIRECTION('',(-0.707106781186548,-1.9863149370663E-10,-0.707106781186548));
#16576=CARTESIAN_POINT('',(-11.2000000000245,7.39997129425859,10.799999998227));
#16577=DIRECTION('',(0.707106781186545,1.98631685368308E-10,0.70710678118655));
#16578=DIRECTION('',(-0.70710678118655,1.98771600126893E-10,0.707106781186545));
#16579=DIRECTION('',(-1.0245612041211E-16,-2.81008197079112E-10,-1.0));
#16580=DIRECTION('',(-1.0245612041211E-16,-2.81008197079112E-10,-1.0));
#16581=CARTESIAN_POINT('',(0.399999999975035,3.0500000000615,0.199999999449337));
#16582=DIRECTION('',(-1.02456120412111E-16,-2.81008197079112E-10,-1.0));
#16583=DIRECTION('',(-1.0,9.82809644513805E-14,1.02456092794354E-16));
#16584=DIRECTION('',(1.0245612041211E-16,2.81008197079112E-10,1.0));
#16585=DIRECTION('',(-1.0245612041211E-16,-2.81008197079112E-10,-1.0));
#16586=DIRECTION('',(-1.0245612041211E-16,-2.81008197079112E-10,-1.0));
#16587=CARTESIAN_POINT('',(-0.400000000024967,3.05000000006158,0.199999999449337));
#16588=DIRECTION('',(-1.02456120412111E-16,-2.81008197079112E-10,-1.0));
#16589=DIRECTION('',(-1.0,9.82809644513805E-14,1.02456092794354E-16));
#16590=DIRECTION('',(1.0245612041211E-16,2.81008197079112E-10,1.0));
#16591=DIRECTION('',(1.0245612041211E-16,2.81008197079112E-10,1.0));
#16592=DIRECTION('',(1.0245612041211E-16,2.81008197079112E-10,1.0));
#16593=DIRECTION('',(-0.707106781186547,1.9877229686007E-10,0.707106781186547));
#16594=DIRECTION('',(-9.82809644513517E-14,-1.0,2.81008197079112E-10));
#16595=DIRECTION('',(-0.707106781186547,-1.98633306587221E-10,-0.707106781186548));
#16596=DIRECTION('',(9.82809644513517E-14,1.0,-2.81008197079112E-10));
#16597=DIRECTION('',(0.707106781186547,-1.9877229686007E-10,-0.707106781186547));
#16598=DIRECTION('',(1.0,-9.82809644513805E-14,-1.02456092794354E-16));
#16599=DIRECTION('',(9.82809644513517E-14,1.0,-2.81008197079112E-10));
#16600=DIRECTION('',(-9.82809644513517E-14,-1.0,2.81008197079112E-10));
#16601=DIRECTION('',(0.707106781186547,1.98633306587221E-10,0.707106781186548));
#16602=DIRECTION('',(1.0,-9.82809644513805E-14,-1.02456092794354E-16));
#16603=DIRECTION('',(9.82809644513517E-14,1.0,-2.81008197079112E-10));
#16604=DIRECTION('',(-9.82809644513517E-14,-1.0,2.81008197079112E-10));
#16605=DIRECTION('',(1.02456092794366E-16,1.22464679914735E-16,1.0));
#16606=DIRECTION('',(1.0,-9.82809644513805E-14,-1.02456092794354E-16));
#16607=DIRECTION('',(1.0,-9.82809644513805E-14,-1.02456092794354E-16));
#16608=DIRECTION('',(-1.0,1.25472559915746E-32,1.0245612041211E-16));
#16609=DIRECTION('',(3.44480540729226E-26,-1.0,2.81289830623038E-10));
#16610=CARTESIAN_POINT('',(-3.00931136044833,1.80000000001052,-0.223334943891832));
#16611=DIRECTION('',(2.13821176807376E-48,1.0,-1.22464679914735E-16));
#16612=DIRECTION('',(1.0,-1.49975978266186E-32,-1.22464679914735E-16));
#16613=DIRECTION('',(0.0,1.0,-1.22464679914735E-16));
#16614=CARTESIAN_POINT('',(-3.00931136044833,0.499999999892601,-0.223334943891832));
#16615=DIRECTION('',(2.13821176807376E-48,1.0,-1.22464679914735E-16));
#16616=DIRECTION('',(1.0,-1.49975978266186E-32,-1.22464679914735E-16));
#16617=CARTESIAN_POINT('',(9.00934392740406,1.80000000001052,0.246665056108182));
#16618=DIRECTION('',(2.13821176807376E-48,1.0,-1.22464679914735E-16));
#16619=DIRECTION('',(1.0,-1.49975978266186E-32,-1.22464679914735E-16));
#16620=DIRECTION('',(0.0,1.0,-1.22464679914735E-16));
#16621=CARTESIAN_POINT('',(9.00934392740406,0.499999999892601,0.246665056108182));
#16622=DIRECTION('',(2.13821176807376E-48,1.0,-1.22464679914735E-16));
#16623=DIRECTION('',(1.0,-1.49975978266186E-32,-1.22464679914735E-16));
#16624=DIRECTION('',(3.44469013289381E-26,-1.0,2.81290232494732E-10));
#16625=CARTESIAN_POINT('',(9.00934392740406,1.80000000001052,-0.223334943891803));
#16626=DIRECTION('',(2.13821176807376E-48,1.0,-1.22464679914735E-16));
#16627=DIRECTION('',(1.0,-1.49975978266186E-32,-1.22464679914735E-16));
#16628=DIRECTION('',(-3.44480540729224E-26,1.0,-2.81289830623038E-10));
#16629=CARTESIAN_POINT('',(9.00934392740406,0.499999999892601,-0.223334943891803));
#16630=DIRECTION('',(2.13821176807376E-48,1.0,-1.22464679914735E-16));
#16631=DIRECTION('',(1.0,-1.49975978266186E-32,-1.22464679914735E-16));
#16632=DIRECTION('',(0.0,-1.0,1.22464679914735E-16));
#16633=DIRECTION('',(2.86843786487286E-15,-1.22464679914735E-16,-1.0));
#16634=DIRECTION('',(-2.86843786487286E-15,1.22464679914735E-16,1.0));
#16635=CARTESIAN_POINT('',(-3.44411200144416,13.9000000003032,1.8203192603954));
#16636=DIRECTION('',(1.2246351413919E-16,0.00436330928474669,0.999990480720735));
#16637=DIRECTION('',(-2.81292805472602E-10,0.999990480720734,-0.00436330928474669));
#16638=DIRECTION('',(1.22748997219939E-12,1.22464679914735E-16,1.0));
#16639=CARTESIAN_POINT('',(-3.44411200144602,13.9000000003032,0.298573920067118));
#16640=DIRECTION('',(-1.22463514139348E-16,0.00436330928474645,-0.999990480720735));
#16641=DIRECTION('',(-2.81292805472602E-10,-0.999990480720734,-0.00436330928474645));
#16642=DIRECTION('',(-1.22748997219939E-12,-1.22464679914735E-16,-1.0));
#16643=CARTESIAN_POINT('',(9.44414456841556,13.9000000003032,0.298573920067116));
#16644=DIRECTION('',(-1.22463514139348E-16,0.00436330928474645,-0.999990480720735));
#16645=DIRECTION('',(-2.812928044039E-10,0.999990480720734,0.00436330928474645));
#16646=DIRECTION('',(1.22724504283957E-12,-1.22464679914735E-16,-1.0));
#16647=CARTESIAN_POINT('',(9.4441445684137,13.9000000003032,1.8203192603954));
#16648=DIRECTION('',(1.2246351413919E-16,0.00436330928474669,0.999990480720735));
#16649=DIRECTION('',(-2.812928044039E-10,-0.999990480720734,0.00436330928474669));
#16650=DIRECTION('',(-1.22724504283957E-12,1.22464679914735E-16,1.0));
#16651=DIRECTION('',(4.24471159315952E-18,-0.999990480720734,0.0043633092847467));
#16652=DIRECTION('',(-4.24471159315952E-18,0.999990480720734,-0.0043633092847467));
#16653=CARTESIAN_POINT('',(8.61001628348475,13.0999999985851,-4.84239284317499));
#16654=DIRECTION('',(-0.707106781186548,-0.707100050039627,0.00308532558365878));
#16655=DIRECTION('',(0.707106781186547,-0.707100050039627,0.00308532558365844));
#16656=CARTESIAN_POINT('',(8.61001628348475,13.8999999988136,-4.23588733157927));
#16657=DIRECTION('',(1.22464679952857E-16,2.81289870903009E-10,1.0));
#16658=DIRECTION('',(-3.44480590057964E-26,1.0,-2.81289870903009E-10));
#16659=DIRECTION('',(9.72819325001405E-16,2.81290249698164E-10,1.0));
#16660=DIRECTION('',(-9.72819325001405E-16,-2.81290249698164E-10,-1.0));
#16661=CARTESIAN_POINT('',(8.61001628348475,13.8999999988136,-4.23588733157927));
#16662=DIRECTION('',(4.24471159315952E-18,-0.999990480720734,0.00436330928474665));
#16663=DIRECTION('',(-1.22463514139247E-16,-0.00436330928474665,-0.999990480720734));
#16664=CARTESIAN_POINT('',(8.61001628348475,13.8999999988136,-4.23588733157927));
#16665=DIRECTION('',(1.0,-2.18764157960854E-26,-1.22464679914735E-16));
#16666=DIRECTION('',(-2.18764007984876E-26,-1.0,1.22464679914735E-16));
#16667=DIRECTION('',(-1.0,2.18764157960854E-26,1.22464679914735E-16));
#16668=CARTESIAN_POINT('',(9.14414932490585,13.8999999988136,-4.23588733157927));
#16669=DIRECTION('',(1.0,-1.49975978266186E-32,-1.22464679914735E-16));
#16670=DIRECTION('',(0.0,1.0,-1.22464679914735E-16));
#16671=DIRECTION('',(1.0,-2.18764157960854E-26,-1.22464679914735E-16));
#16672=CARTESIAN_POINT('',(9.54414551719463,13.8999999989262,-3.83589113929097));
#16673=DIRECTION('',(1.59776846487386E-16,2.81289870903009E-10,1.0));
#16674=DIRECTION('',(-3.44480590057964E-26,1.0,-2.81289870903009E-10));
#16675=CARTESIAN_POINT('',(9.14414170944668,14.0999999989262,-3.83588352388806));
#16676=DIRECTION('',(8.07778187941796E-26,-1.0,2.81290249698164E-10));
#16677=DIRECTION('',(0.707106803979345,-1.98902236631837E-10,-0.707106758393749));
#16678=CARTESIAN_POINT('',(9.54414551719463,13.8999999996289,-1.33762505644788));
#16679=DIRECTION('',(1.59776846487386E-16,2.81289870903009E-10,1.0));
#16680=DIRECTION('',(3.44480590057964E-26,-1.0,2.81289870903009E-10));
#16681=DIRECTION('',(1.22464679914735E-16,2.81290249698164E-10,1.0));
#16682=DIRECTION('',(-1.22464679914735E-16,-2.81290249698164E-10,-1.0));
#16683=CARTESIAN_POINT('',(9.14414932490682,13.8999999997414,-0.937628864159595));
#16684=DIRECTION('',(1.0,3.65973589261438E-24,1.28879613899114E-14));
#16685=DIRECTION('',(1.28879613899114E-14,-1.22464679914735E-16,-1.0));
#16686=CARTESIAN_POINT('',(9.14414170944668,14.0999999996289,-1.33763267196429));
#16687=DIRECTION('',(0.0,1.0,-2.81290249698164E-10));
#16688=DIRECTION('',(-0.707106758393746,-1.98902249454621E-10,-0.707106803979348));
#16689=DIRECTION('',(0.00436326774997237,0.999980961713314,0.00436326774997766));
#16690=CARTESIAN_POINT('',(9.09570851533793,2.79999999985318,-1.38606586601685));
#16691=DIRECTION('',(-9.62946638990408E-33,1.0,-1.22464679914735E-16));
#16692=DIRECTION('',(-0.707106781186109,-8.6595605623603E-17,-0.707106781186986));
#16693=DIRECTION('',(-0.00436326774997237,-0.999980961713314,-0.00436326774997766));
#16694=CARTESIAN_POINT('',(8.04414551719462,13.8999999997414,-0.9376288641596));
#16695=DIRECTION('',(-1.0,2.18764157967732E-26,1.22464679917181E-16));
#16696=DIRECTION('',(-2.18764007991754E-26,-1.0,1.22464679914735E-16));
#16697=DIRECTION('',(1.0,-2.18764157967732E-26,-1.22464679917181E-16));
#16698=DIRECTION('',(1.0,-2.18764157967732E-26,-1.22464679917181E-16));
#16699=CARTESIAN_POINT('',(8.04414551719462,13.8999999997414,-0.937628864159605));
#16700=DIRECTION('',(0.00436326774997214,0.999980961713314,0.00436326774997757));
#16701=DIRECTION('',(1.2246114880706E-16,-0.00436330928474641,0.999990480720734));
#16702=CARTESIAN_POINT('',(8.04414551719462,13.8999999997414,-0.937628864159605));
#16703=DIRECTION('',(8.53284611852531E-15,-2.81285534094319E-10,-1.0));
#16704=DIRECTION('',(-3.4447527899908E-26,1.0,-2.81285534094319E-10));
#16705=DIRECTION('',(0.00436326774997233,0.999980961713314,0.00436326774997766));
#16706=CARTESIAN_POINT('',(7.99571232308538,2.79999999985318,-0.986062058268903));
#16707=DIRECTION('',(-9.62946638990408E-33,1.0,-1.22464679914735E-16));
#16708=DIRECTION('',(0.707106781186106,8.65956056236034E-17,0.707106781186989));
#16709=DIRECTION('',(-0.00436326774997233,-0.999980961713314,-0.00436326774997766));
#16710=CARTESIAN_POINT('',(8.04414551719462,13.8999999998626,-0.506887331579275));
#16711=DIRECTION('',(-1.06823480876209E-14,2.81289870903009E-10,1.0));
#16712=DIRECTION('',(3.44480590057957E-26,-1.0,2.81289870903009E-10));
#16713=DIRECTION('',(-1.03402819873261E-14,2.81290249698164E-10,1.0));
#16714=DIRECTION('',(1.0340281987326E-14,-2.81290249698164E-10,-1.0));
#16715=CARTESIAN_POINT('',(8.04414551719462,13.8999999998626,-0.506887331579275));
#16716=DIRECTION('',(0.00436326774998311,0.999980961713314,-0.00436326774997789));
#16717=DIRECTION('',(0.999990480720734,-0.00436330928475195,-1.21929206896247E-16));
#16718=CARTESIAN_POINT('',(8.04414551719462,13.8999999998626,-0.506887331579264));
#16719=DIRECTION('',(1.0,1.40777184109331E-25,4.55776478745936E-16));
#16720=DIRECTION('',(-4.55776478745936E-16,1.22464679914735E-16,1.0));
#16721=DIRECTION('',(0.00436326774998313,0.999980961713314,-0.0043632677499778));
#16722=CARTESIAN_POINT('',(7.99571232308473,2.79999999985318,-0.458454137469445));
#16723=DIRECTION('',(0.0,1.0,-1.22464679914735E-16));
#16724=DIRECTION('',(0.707106781186989,-8.65956056234953E-17,-0.707106781186106));
#16725=DIRECTION('',(-0.00436326774998313,-0.999980961713314,0.0043632677499778));
#16726=CARTESIAN_POINT('',(9.14414932490585,13.8999999998626,-0.506887331579264));
#16727=DIRECTION('',(1.0,3.65973589260541E-24,1.28879613899114E-14));
#16728=DIRECTION('',(1.28879613899114E-14,-1.22464679914735E-16,-1.0));
#16729=DIRECTION('',(1.0,1.40777184109331E-25,4.55776478745936E-16));
#16730=DIRECTION('',(-1.0,-1.40777184109331E-25,-4.55776478745936E-16));
#16731=CARTESIAN_POINT('',(9.54414551719463,13.8999999999751,-0.106891139290975));
#16732=DIRECTION('',(-1.59776846487386E-16,-2.81289870903009E-10,-1.0));
#16733=DIRECTION('',(-3.44480590057964E-26,1.0,-2.81289870903009E-10));
#16734=CARTESIAN_POINT('',(9.14414170944668,14.0999999999751,-0.106883523888055));
#16735=DIRECTION('',(-2.01944546985449E-26,1.0,-2.81290249698164E-10));
#16736=DIRECTION('',(0.707106803979349,-1.98902236631836E-10,-0.707106758393745));
#16737=DIRECTION('',(0.00436326774998309,0.999980961713314,-0.0043632677499778));
#16738=CARTESIAN_POINT('',(9.0957085153363,2.79999999985318,-0.0584503297214857));
#16739=DIRECTION('',(0.0,1.0,-1.22464679914735E-16));
#16740=DIRECTION('',(0.707106781186986,-8.65956056234956E-17,-0.707106781186109));
#16741=DIRECTION('',(-0.00436326774998308,-0.999980961713314,0.0043632677499778));
#16742=CARTESIAN_POINT('',(9.54414551719463,13.9000000000891,0.298573920066185));
#16743=DIRECTION('',(1.22463514139152E-16,-0.00436330928474645,0.999990480720734));
#16744=DIRECTION('',(5.34351296801674E-19,0.999990480720734,0.00436330928474645));
#16745=DIRECTION('',(-1.22464679914735E-16,-2.81290249698164E-10,-1.0));
#16746=DIRECTION('',(-1.22464679914735E-16,-2.81290249698164E-10,-1.0));
#16747=CARTESIAN_POINT('',(-2.60998371652901,13.8999999986421,-4.8458835238318));
#16748=DIRECTION('',(-5.34351274925477E-19,0.999990480720734,-0.00436330928474665));
#16749=DIRECTION('',(1.22463514139247E-16,0.00436330928474665,0.999990480720734));
#16750=CARTESIAN_POINT('',(-2.60998371652901,13.8999999986421,-4.8458835238318));
#16751=DIRECTION('',(-1.22464679914735E-16,-2.81294207711699E-10,-1.0));
#16752=DIRECTION('',(-3.44485901116845E-26,1.0,-2.81294207711699E-10));
#16753=CARTESIAN_POINT('',(-2.60998371652901,13.8999999988136,-4.23588733157927));
#16754=DIRECTION('',(4.45927336985676E-15,2.81289870903009E-10,1.0));
#16755=DIRECTION('',(-3.44480590057967E-26,1.0,-2.81289870903009E-10));
#16756=DIRECTION('',(1.22464679914735E-16,2.81290249698164E-10,1.0));
#16757=DIRECTION('',(-1.22464679914735E-16,-2.81290249698164E-10,-1.0));
#16758=CARTESIAN_POINT('',(-2.60998371652901,13.0999999985851,-4.84239284317499));
#16759=DIRECTION('',(0.707106781186548,-0.707100050039627,0.00308532558365844));
#16760=DIRECTION('',(-0.707106781186547,-0.707100050039627,0.00308532558365878));
#16761=DIRECTION('',(5.34351274925481E-19,-0.999990480720734,0.0043633092847467));
#16762=DIRECTION('',(-5.34351274925482E-19,0.999990480720734,-0.0043633092847467));
#16763=CARTESIAN_POINT('',(-2.60998371652901,13.8999999988136,-4.23588733157927));
#16764=DIRECTION('',(-1.0,1.49975978266186E-32,1.22464679914735E-16));
#16765=DIRECTION('',(0.0,-1.0,1.22464679914735E-16));
#16766=CARTESIAN_POINT('',(-2.60998371652901,13.8999999988136,-4.23588733157927));
#16767=DIRECTION('',(5.34351274925477E-19,-0.999990480720734,0.00436330928474665));
#16768=DIRECTION('',(1.22463514139247E-16,0.00436330928474665,0.999990480720734));
#16769=CARTESIAN_POINT('',(-3.14411675793631,13.8999999988136,-4.23588733157927));
#16770=DIRECTION('',(-1.0,1.49975978266186E-32,1.22464679914735E-16));
#16771=DIRECTION('',(0.0,-1.0,1.22464679914735E-16));
#16772=DIRECTION('',(-1.0,2.18764157960854E-26,1.22464679914735E-16));
#16773=DIRECTION('',(1.0,-2.18764157960854E-26,-1.22464679914735E-16));
#16774=CARTESIAN_POINT('',(-3.54411295022509,13.8999999989262,-3.83589113929097));
#16775=DIRECTION('',(8.51525133801524E-17,2.81289870903009E-10,1.0));
#16776=DIRECTION('',(-3.44480590057964E-26,1.0,-2.81289870903009E-10));
#16777=CARTESIAN_POINT('',(-3.14410914247714,14.0999999989262,-3.83588352388806));
#16778=DIRECTION('',(-6.05833640956347E-26,-1.0,2.81290249698164E-10));
#16779=DIRECTION('',(-0.707106803979345,-1.98902236631837E-10,-0.707106758393749));
#16780=CARTESIAN_POINT('',(-3.54411295022509,13.8999999996289,-1.33762505644788));
#16781=DIRECTION('',(8.51525133422351E-17,2.81289870903009E-10,1.0));
#16782=DIRECTION('',(3.44480590057964E-26,-1.0,2.81289870903009E-10));
#16783=DIRECTION('',(1.22464679914735E-16,2.81290249698164E-10,1.0));
#16784=DIRECTION('',(-1.22464679914735E-16,-2.81290249698164E-10,-1.0));
#16785=CARTESIAN_POINT('',(-3.14411675793729,13.8999999997414,-0.937628864159593));
#16786=DIRECTION('',(-1.0,1.49975978266186E-32,1.22464679914735E-16));
#16787=DIRECTION('',(0.0,1.0,-1.22464679914735E-16));
#16788=CARTESIAN_POINT('',(-3.14410914247714,14.0999999996289,-1.33763267196429));
#16789=DIRECTION('',(2.01944546984953E-26,1.0,-2.81290249698164E-10));
#16790=DIRECTION('',(-0.70710675839375,1.98902249454621E-10,0.707106803979344));
#16791=CARTESIAN_POINT('',(-2.04411295022506,13.8999999997414,-0.937628864159593));
#16792=DIRECTION('',(1.0,-4.33680868994202E-15,-1.41387697671242E-16));
#16793=DIRECTION('',(-4.33680868994202E-15,-1.0,1.22464679914736E-16));
#16794=DIRECTION('',(1.0,-2.18764157967732E-26,-1.22464679917181E-16));
#16795=DIRECTION('',(1.0,-2.18764157967732E-26,-1.22464679917181E-16));
#16796=DIRECTION('',(-0.00436326774997237,0.999980961713314,0.00436326774997761));
#16797=CARTESIAN_POINT('',(-3.09567594836839,2.79999999985318,-1.38606586601684));
#16798=DIRECTION('',(9.62946638990408E-33,1.0,-1.22464679914735E-16));
#16799=DIRECTION('',(-0.707106781186113,8.65956056236025E-17,0.707106781186982));
#16800=DIRECTION('',(0.00436326774997237,-0.999980961713314,-0.00436326774997761));
#16801=CARTESIAN_POINT('',(-2.04411295022506,13.8999999997414,-0.937628864159593));
#16802=DIRECTION('',(-8.51525133420847E-17,-2.81289870903009E-10,-1.0));
#16803=DIRECTION('',(-3.44480590057964E-26,1.0,-2.81289870903009E-10));
#16804=CARTESIAN_POINT('',(-2.04411295022506,13.8999999997414,-0.937628864159593));
#16805=DIRECTION('',(0.00436326774997233,-0.999980961713314,-0.00436326774997757));
#16806=DIRECTION('',(1.22468244803621E-16,-0.00436330928474641,0.999990480720734));
#16807=CARTESIAN_POINT('',(-2.04411295022506,13.8999999998626,-0.506887331579262));
#16808=DIRECTION('',(8.51525133420847E-17,2.81289870903009E-10,1.0));
#16809=DIRECTION('',(3.44480590057964E-26,-1.0,2.81289870903009E-10));
#16810=DIRECTION('',(1.22463366080908E-16,2.81290249698164E-10,1.0));
#16811=DIRECTION('',(-1.22463366080922E-16,-2.81290249698164E-10,-1.0));
#16812=DIRECTION('',(-0.00436326774997237,0.999980961713314,0.00436326774997761));
#16813=CARTESIAN_POINT('',(-1.99567975611582,2.79999999985318,-0.986062058268892));
#16814=DIRECTION('',(9.62946638990408E-33,1.0,-1.22464679914735E-16));
#16815=DIRECTION('',(-0.707106781186113,8.65956056236025E-17,0.707106781186982));
#16816=DIRECTION('',(0.00436326774997237,-0.999980961713314,-0.00436326774997761));
#16817=CARTESIAN_POINT('',(-2.04411295022506,13.8999999998626,-0.506887331579262));
#16818=DIRECTION('',(1.0,1.2199119542034E-24,4.21434401002729E-15));
#16819=DIRECTION('',(4.21434401002729E-15,-1.22464679914735E-16,-1.0));
#16820=CARTESIAN_POINT('',(-2.04411295022506,13.8999999998626,-0.506887331579262));
#16821=DIRECTION('',(0.00436326774998298,-0.999980961713314,0.00436326774997782));
#16822=DIRECTION('',(0.999990480720734,0.00436330928475182,-1.23002619764401E-16));
#16823=CARTESIAN_POINT('',(-3.14411675793631,13.8999999998626,-0.506887331579262));
#16824=DIRECTION('',(-1.0,1.49975978266186E-32,1.22464679914735E-16));
#16825=DIRECTION('',(0.0,1.0,-1.22464679914735E-16));
#16826=DIRECTION('',(-1.0,-1.40777182678943E-25,-4.55776478745936E-16));
#16827=DIRECTION('',(1.0,1.40777184109331E-25,4.55776478745936E-16));
#16828=DIRECTION('',(-0.00436326774998309,0.999980961713314,-0.00436326774997785));
#16829=CARTESIAN_POINT('',(-1.99567975611517,2.79999999985318,-0.458454137469434));
#16830=DIRECTION('',(0.0,1.0,-1.22464679914735E-16));
#16831=DIRECTION('',(-0.707106781186982,-8.65956056234961E-17,-0.707106781186113));
#16832=DIRECTION('',(0.00436326774998308,-0.999980961713314,0.00436326774997785));
#16833=CARTESIAN_POINT('',(-3.54411295022509,13.8999999999751,-0.106891139290973));
#16834=DIRECTION('',(-8.51525133420848E-17,-2.81289870903009E-10,-1.0));
#16835=DIRECTION('',(-3.44480590057964E-26,1.0,-2.81289870903009E-10));
#16836=CARTESIAN_POINT('',(-3.14410914247714,14.0999999999751,-0.106883523888063));
#16837=DIRECTION('',(6.05833640956347E-26,1.0,-2.81290249698164E-10));
#16838=DIRECTION('',(0.707106803979345,1.98902236631837E-10,0.707106758393749));
#16839=CARTESIAN_POINT('',(-3.54411295022509,13.9000000000891,0.298573920066187));
#16840=DIRECTION('',(1.22463514139152E-16,-0.00436330928474645,0.999990480720734));
#16841=DIRECTION('',(-5.34351296801674E-19,-0.999990480720734,-0.00436330928474645));
#16842=DIRECTION('',(1.22464679914735E-16,2.81290249698164E-10,1.0));
#16843=DIRECTION('',(-1.22464679914735E-16,-2.81290249698164E-10,-1.0));
#16844=DIRECTION('',(-0.00436326774998308,0.999980961713314,-0.00436326774997785));
#16845=CARTESIAN_POINT('',(-3.09567594836676,2.79999999985318,-0.0584503297214836));
#16846=DIRECTION('',(0.0,1.0,-1.22464679914735E-16));
#16847=DIRECTION('',(0.707106781186982,8.65956056234961E-17,0.707106781186113));
#16848=DIRECTION('',(0.00436326774998309,-0.999980961713314,0.00436326774997785));
#16849=DIRECTION('',(-1.2377077895068E-12,1.22464679914735E-16,1.0));
#16850=DIRECTION('',(1.0,5.58165205823614E-32,4.5577647874655E-16));
#16851=DIRECTION('',(-1.0,1.49975978269063E-32,1.22464679917085E-16));
#16852=DIRECTION('',(1.0,5.58165205823614E-32,4.5577647874655E-16));
#16853=DIRECTION('',(-1.22748997088554E-12,-1.22464679914735E-16,-1.0));
#16854=DIRECTION('',(-1.0,1.49975978269063E-32,1.22464679917085E-16));
#16855=CARTESIAN_POINT('',(10.1091417094466,13.9000000010597,3.74879047842711));
#16856=DIRECTION('',(-0.00436326774997237,-0.999980961713314,-0.00436326774997756));
#16857=DIRECTION('',(1.22458783474873E-16,-0.00436330928474641,0.999990480720734));
#16858=CARTESIAN_POINT('',(10.1091417094466,13.9000000010597,3.74879047842711));
#16859=DIRECTION('',(-9.22070269700265E-16,2.81290413004095E-10,1.0));
#16860=DIRECTION('',(3.44481253940323E-26,-1.0,2.81290413004095E-10));
#16861=CARTESIAN_POINT('',(10.1091417094466,13.8999999989233,-3.84589304311106));
#16862=DIRECTION('',(1.59776846487235E-16,2.81289870903009E-10,1.0));
#16863=DIRECTION('',(3.44480590057964E-26,-1.0,2.81289870903009E-10));
#16864=DIRECTION('',(1.0344774382952E-15,-2.81290249698164E-10,-1.0));
#16865=DIRECTION('',(-1.03447743829522E-15,2.81290249698164E-10,1.0));
#16866=CARTESIAN_POINT('',(-4.10910914247714,13.9000000010597,3.74879047842711));
#16867=DIRECTION('',(-4.25406283754368E-15,2.81290413004095E-10,1.0));
#16868=DIRECTION('',(3.44481253940321E-26,-1.0,2.81290413004095E-10));
#16869=CARTESIAN_POINT('',(-4.10910914247715,13.9000000010597,3.74879047842711));
#16870=DIRECTION('',(0.00436326774997238,-0.999980961713314,-0.00436326774997757));
#16871=DIRECTION('',(1.22470610135808E-16,-0.00436330928474641,0.999990480720734));
#16872=CARTESIAN_POINT('',(-4.10910914247714,13.8999999989233,-3.84589304311106));
#16873=DIRECTION('',(8.51525133038666E-17,2.81289870903009E-10,1.0));
#16874=DIRECTION('',(3.44480590057964E-26,-1.0,2.81289870903009E-10));
#16875=DIRECTION('',(1.32371296784756E-15,-2.81290249698164E-10,-1.0));
#16876=DIRECTION('',(-1.32371296784743E-15,2.81290249698164E-10,1.0));
#16877=CARTESIAN_POINT('',(7.54641628348474,3.7994039640382E-10,3.21181292875588));
#16878=DIRECTION('',(-2.1381914138388E-48,1.0,-1.22464679914735E-16));
#16879=DIRECTION('',(-1.22464679914735E-16,-1.22464679914735E-16,-1.0));
#16880=DIRECTION('',(-5.34351274925482E-19,-0.999990480720734,-0.00436330928474645));
#16881=CARTESIAN_POINT('',(7.54641628348474,0.499563616541339,3.21399270007045));
#16882=DIRECTION('',(2.67176273294783E-19,0.999997620177352,0.0021816598343358));
#16883=DIRECTION('',(-1.22464388470516E-16,0.0021816598343358,-0.999997620177352));
#16884=DIRECTION('',(5.34351274925482E-19,0.999990480720734,0.00436330928474645));
#16885=DIRECTION('',(1.52655665920409E-16,-1.0,2.81289830623038E-10));
#16886=CARTESIAN_POINT('',(7.54641628348474,1.80000000001052,3.21399270007046));
#16887=DIRECTION('',(2.13821176807376E-48,1.0,-1.22464679914735E-16));
#16888=DIRECTION('',(1.0,-1.49975978266186E-32,-1.22464679914735E-16));
#16889=DIRECTION('',(0.0,1.0,-1.22464679914735E-16));
#16890=CARTESIAN_POINT('',(8.20368863974938,0.499563577060119,3.213992700269));
#16891=DIRECTION('',(0.00218164425870239,-0.999995240417002,-0.00218164425870494));
#16892=DIRECTION('',(-0.7071034156527,-0.00308531089893212,0.707103415653567));
#16893=DIRECTION('',(0.0,-1.0,1.22464679914735E-16));
#16894=CARTESIAN_POINT('',(8.20368863955072,1.80000000001052,3.21399270007034));
#16895=DIRECTION('',(2.13821176807376E-48,1.0,-1.22464679914735E-16));
#16896=DIRECTION('',(1.0,-1.49975978266186E-32,-1.22464679914735E-16));
#16897=DIRECTION('',(-3.44480540729227E-26,1.0,-2.81289830623038E-10));
#16898=DIRECTION('',(0.00436326774997238,-0.999980961713314,-0.00436326774997761));
#16899=DIRECTION('',(-0.00436326774997238,0.999980961713314,0.00436326774997761));
#16900=DIRECTION('',(-0.00436326774997237,-0.999980961713314,-0.00436326774997761));
#16901=CARTESIAN_POINT('',(-2.20365607279378,0.49956357699374,3.21399270026913));
#16902=DIRECTION('',(0.00218164425870239,0.999995240417002,0.00218164425870495));
#16903=DIRECTION('',(-0.7071034156527,0.00308531089893213,-0.707103415653568));
#16904=DIRECTION('',(0.00436326774997237,0.999980961713314,0.00436326774997761));
#16905=DIRECTION('',(3.44480540729226E-26,-1.0,2.81289830623038E-10));
#16906=CARTESIAN_POINT('',(-2.20365607259498,1.80000000001052,3.21399270007032));
#16907=DIRECTION('',(2.13821176807376E-48,1.0,-1.22464679914735E-16));
#16908=DIRECTION('',(1.0,-1.49975978266186E-32,-1.22464679914735E-16));
#16909=DIRECTION('',(0.0,1.0,-1.22464679914735E-16));
#16910=CARTESIAN_POINT('',(-1.546383716529,0.499563616547938,3.21399270007046));
#16911=DIRECTION('',(-2.67176273294783E-19,-0.999997620177352,-0.0021816598343358));
#16912=DIRECTION('',(-1.22464388470516E-16,0.0021816598343358,-0.999997620177352));
#16913=DIRECTION('',(0.0,-1.0,1.22464679914735E-16));
#16914=CARTESIAN_POINT('',(-1.546383716529,1.80000000001052,3.21399270007045));
#16915=DIRECTION('',(2.13821176807376E-48,1.0,-1.22464679914735E-16));
#16916=DIRECTION('',(1.0,-1.49975978266186E-32,-1.22464679914735E-16));
#16917=DIRECTION('',(1.52655665851512E-16,1.0,-2.81289830623038E-10));
#16918=CARTESIAN_POINT('',(-1.546383716529,3.7994039640382E-10,3.21181292875587));
#16919=DIRECTION('',(-2.1381914138388E-48,1.0,-1.22464679914735E-16));
#16920=DIRECTION('',(-1.22464679914735E-16,-1.22464679914735E-16,-1.0));
#16921=DIRECTION('',(-5.34351274925482E-19,-0.999990480720734,-0.00436330928474645));
#16922=DIRECTION('',(5.34351274925482E-19,0.999990480720734,0.00436330928474645));
#16923=CARTESIAN_POINT('',(7.91501818734525,1.80000000001052,-0.223334944074644));
#16924=DIRECTION('',(-1.14793277437821E-39,1.0,-1.22464679914735E-16));
#16925=DIRECTION('',(0.999999999999998,-7.89486200146731E-24,-6.44664405032048E-08));
#16926=DIRECTION('',(0.00436330928474657,0.999990480720734,-2.81287140865712E-10));
#16927=CARTESIAN_POINT('',(7.90934583127782,0.499999999892601,-0.223334943708967));
#16928=DIRECTION('',(-1.14793277437821E-39,1.0,-1.22464679914735E-16));
#16929=DIRECTION('',(0.999999999999998,-7.89486200146731E-24,-6.44664405032048E-08));
#16930=DIRECTION('',(-0.00436330928474657,-0.999990480720734,2.81287140865712E-10));
#16931=CARTESIAN_POINT('',(7.50803301828387,0.2000000000746,0.246665056375408));
#16932=DIRECTION('',(1.59776845264409E-16,2.81289870903009E-10,1.0));
#16933=DIRECTION('',(3.44480590057964E-26,-1.0,2.81289870903009E-10));
#16934=DIRECTION('',(9.64038648673922E-16,2.81290232494732E-10,1.0));
#16935=CARTESIAN_POINT('',(7.50803301828387,0.199999999661012,-1.22335167888783));
#16936=DIRECTION('',(0.707106781186548,1.98902491034395E-10,0.707106781186547));
#16937=DIRECTION('',(0.707106781186547,-1.98901970722737E-10,-0.707106781186548));
#16938=DIRECTION('',(-9.64038648673857E-16,-2.81290232494732E-10,-1.0));
#16939=DIRECTION('',(1.0,3.67915901533095E-16,-1.13937640799609E-15));
#16940=CARTESIAN_POINT('',(-1.50800045132813,0.199999999661007,-1.22335167888782));
#16941=DIRECTION('',(-0.707106781186547,1.98901970722737E-10,0.707106781186548));
#16942=DIRECTION('',(0.707106781186548,1.98902491034395E-10,0.707106781186547));
#16943=DIRECTION('',(-1.0,-3.67915901533095E-16,1.13937640799609E-15));
#16944=DIRECTION('',(0.00436326774998308,-0.999980961713314,0.00436326774997785));
#16945=CARTESIAN_POINT('',(9.01001437959497,1.80000000001052,-1.63033684795042));
#16946=DIRECTION('',(0.0,1.0,-1.22464679914735E-16));
#16947=DIRECTION('',(0.707106781186981,8.65956056234962E-17,0.707106781186114));
#16948=DIRECTION('',(-0.00436326774998308,0.999980961713314,-0.00436326774997785));
#16949=CARTESIAN_POINT('',(9.0156867356624,0.499999999892601,-1.624664491883));
#16950=DIRECTION('',(0.0,1.0,-1.22464679914735E-16));
#16951=DIRECTION('',(0.707106781186981,8.65956056234962E-17,0.707106781186114));
#16952=CARTESIAN_POINT('',(7.90803682603182,0.2000000001871,0.646665056375408));
#16953=DIRECTION('',(-1.0,-1.21990034152724E-24,-4.21434401002729E-15));
#16954=DIRECTION('',(-4.21434401002729E-15,1.22464679914735E-16,1.0));
#16955=CARTESIAN_POINT('',(7.90803682603182,7.45003319687951E-11,0.246665056431667));
#16956=DIRECTION('',(-3.67915901853591E-16,1.0,-2.81290232494732E-10));
#16957=DIRECTION('',(-1.0,-3.67915902595203E-16,-2.63646791099252E-15));
#16958=CARTESIAN_POINT('',(7.91501818734467,1.80000000001052,0.246665055925345));
#16959=DIRECTION('',(-1.14793277437821E-39,1.0,-1.22464679914735E-16));
#16960=DIRECTION('',(-0.999999999999998,7.89487329686196E-24,6.44665327371016E-08));
#16961=DIRECTION('',(0.00436330928474657,0.999990480720734,-2.8128754331073E-10));
#16962=DIRECTION('',(-0.00436330928474657,-0.999990480720734,2.8128754331073E-10));
#16963=DIRECTION('',(-1.0,-3.67915901693955E-16,5.67513024272882E-16));
#16964=CARTESIAN_POINT('',(10.049363803203,0.200000000187101,0.646665056375405));
#16965=DIRECTION('',(-0.708647764860917,-0.705562431934713,1.98468212821472E-10));
#16966=DIRECTION('',(0.705562431934713,-0.708647764860917,1.99335284211768E-10));
#16967=CARTESIAN_POINT('',(10.049363803203,0.2000000001871,0.646665056375395));
#16968=DIRECTION('',(0.707106781186547,1.98902491034395E-10,0.707106781186548));
#16969=DIRECTION('',(0.707106781186548,-1.98901970722736E-10,-0.707106781186547));
#16970=DIRECTION('',(1.0,3.67915901693955E-16,-5.67513024272882E-16));
#16971=CARTESIAN_POINT('',(-1.50800045132813,0.200000000074501,0.246665056375399));
#16972=DIRECTION('',(8.51525121145933E-17,2.81289870903009E-10,1.0));
#16973=DIRECTION('',(3.44480590057964E-26,-1.0,2.81289870903009E-10));
#16974=DIRECTION('',(9.65088260647818E-16,2.81290232494732E-10,1.0));
#16975=DIRECTION('',(-9.6508826064781E-16,-2.81290232494732E-10,-1.0));
#16976=CARTESIAN_POINT('',(-1.90800425907609,0.2000000001871,0.646665056375399));
#16977=DIRECTION('',(1.0,-1.49975978266186E-32,-1.22464679914735E-16));
#16978=DIRECTION('',(0.0,-1.0,1.22464679914735E-16));
#16979=CARTESIAN_POINT('',(-1.90800425907609,7.45003319687951E-11,0.246665056431659));
#16980=DIRECTION('',(3.67915901853591E-16,-1.0,2.81290232494732E-10));
#16981=DIRECTION('',(-1.0,-3.67915901693955E-16,5.67513035712156E-16));
#16982=DIRECTION('',(-0.00436330928474657,-0.999990480720734,2.8128754331073E-10));
#16983=CARTESIAN_POINT('',(10.0506728084479,0.4999999998926,0.646665056291028));
#16984=DIRECTION('',(-1.14793277437821E-39,1.0,-1.22464679914735E-16));
#16985=DIRECTION('',(-0.999999999999998,7.89487329686196E-24,6.44665327371016E-08));
#16986=DIRECTION('',(0.00436330928474657,0.999990480720734,-2.8128754331073E-10));
#16987=CARTESIAN_POINT('',(10.049363803203,0.200000000187103,0.646665056375414));
#16988=DIRECTION('',(-0.00308532558365926,-0.707100049840725,0.707106781385447));
#16989=DIRECTION('',(0.0030853255836578,0.707100050238529,0.707106780987648));
#16990=DIRECTION('',(1.03455250290506E-15,-2.81290232494732E-10,-1.0));
#16991=CARTESIAN_POINT('',(10.049363803203,0.200000000349126,1.22268179073799));
#16992=DIRECTION('',(0.00307858717400788,0.705555730305314,0.708647750108858));
#16993=DIRECTION('',(0.00309204930853144,0.70864100429302,-0.705562446751281));
#16994=DIRECTION('',(-1.03455250290486E-15,2.81290232494732E-10,1.0));
#16995=DIRECTION('',(-1.0,-3.67915901693955E-16,5.67513024272882E-16));
#16996=CARTESIAN_POINT('',(-4.04933123623354,0.200000000187097,0.646665056375402));
#16997=DIRECTION('',(-0.707106781186548,1.98901970722736E-10,0.707106781186547));
#16998=DIRECTION('',(0.707106781186547,1.98902491034395E-10,0.707106781186548));
#16999=CARTESIAN_POINT('',(-4.04933123623354,0.200000000187097,0.646665056375402));
#17000=DIRECTION('',(0.708647764860917,-0.705562431934713,1.98467418351628E-10));
#17001=DIRECTION('',(0.705562431934713,0.708647764860917,-1.99336094950468E-10));
#17002=DIRECTION('',(-1.0,-3.67915901693955E-16,5.67513024272882E-16));
#17003=DIRECTION('',(0.00436330928474657,-0.999990480720734,2.81287552338219E-10));
#17004=CARTESIAN_POINT('',(-1.91498562038893,1.80000000001052,0.246665055925336));
#17005=DIRECTION('',(1.14793277437821E-39,1.0,-1.22464679914735E-16));
#17006=DIRECTION('',(-0.999999999999998,-7.89487355023584E-24,-6.44665348060564E-08));
#17007=DIRECTION('',(-0.00436330928474657,0.999990480720734,-2.81287552338219E-10));
#17008=CARTESIAN_POINT('',(9.41918122406842,-0.300000001082301,-3.86592684271921));
#17009=DIRECTION('',(8.51525145543786E-17,2.81289870903009E-10,1.0));
#17010=DIRECTION('',(3.44480590057964E-26,-1.0,2.81289870903009E-10));
#17011=DIRECTION('',(1.93270354917031E-16,-2.81290249698164E-10,-1.0));
#17012=CARTESIAN_POINT('',(9.41918122406842,-0.300000000757233,-2.71033494348394));
#17013=DIRECTION('',(-0.707106781186548,-1.98902243043228E-10,-0.707106781186547));
#17014=DIRECTION('',(-0.707106781186547,1.98902243043228E-10,0.707106781186548));
#17015=DIRECTION('',(-1.93270354917082E-16,2.81290249698164E-10,1.0));
#17016=DIRECTION('',(-1.0,2.18764157960854E-26,1.22464679914735E-16));
#17017=CARTESIAN_POINT('',(10.0471821277927,-0.300000000757197,-2.71033494348394));
#17018=DIRECTION('',(0.707106781186548,-1.98902243043229E-10,-0.707106781186547));
#17019=DIRECTION('',(-0.707106781186547,-1.98902243043229E-10,-0.707106781186548));
#17020=CARTESIAN_POINT('',(10.0471821277927,-0.300000000757195,-2.71033494348395));
#17021=DIRECTION('',(-0.708647764860917,-0.705562431934713,1.9846765217725E-10));
#17022=DIRECTION('',(-0.705562431934713,0.708647764860917,-1.99335351886954E-10));
#17023=DIRECTION('',(1.0,-2.18764157960854E-26,-1.22464679914735E-16));
#17024=DIRECTION('',(0.00436330928474657,0.999990480720734,-2.81287193760523E-10));
#17025=CARTESIAN_POINT('',(10.0471821277927,-0.300000000757193,-2.71033494348395));
#17026=DIRECTION('',(0.0030853255836578,0.707100050238529,0.707106780987647));
#17027=DIRECTION('',(0.00308532558365926,0.707100049840725,-0.707106781385448));
#17028=DIRECTION('',(-0.00436330928474657,-0.999990480720734,2.81287193760523E-10));
#17029=CARTESIAN_POINT('',(10.0506728084521,0.4999999998926,-2.71033494370898));
#17030=DIRECTION('',(0.0,1.0,-1.22464679914735E-16));
#17031=DIRECTION('',(0.999999999999998,-7.89486348606209E-24,-6.44664526258412E-08));
#17032=CARTESIAN_POINT('',(9.01918503178062,-0.300000001194802,-4.26592303500751));
#17033=DIRECTION('',(1.0,-1.49975978266186E-32,-1.22464679914735E-16));
#17034=DIRECTION('',(0.0,-1.0,1.22464679914735E-16));
#17035=CARTESIAN_POINT('',(9.01917741632047,-0.500000001082301,-3.8659192272028));
#17036=DIRECTION('',(2.01944546984953E-26,1.0,-2.81290249698164E-10));
#17037=DIRECTION('',(0.70710675839375,-1.98902249454621E-10,-0.707106803979344));
#17038=DIRECTION('',(-0.00436326774997237,-0.999980961713314,-0.00436326774997759));
#17039=CARTESIAN_POINT('',(10.0563451645146,1.80000000001052,1.22966315204964));
#17040=DIRECTION('',(0.0,1.0,-1.22464679914735E-16));
#17041=DIRECTION('',(0.707106781186115,8.65956056236022E-17,0.70710678118698));
#17042=DIRECTION('',(0.00436326774997237,0.999980961713314,0.00436326774997759));
#17043=DIRECTION('',(1.32363790323777E-15,-2.81290232494732E-10,-1.0));
#17044=CARTESIAN_POINT('',(-4.04933123623353,0.200000000349125,1.22268179073805));
#17045=DIRECTION('',(-0.00307858717400955,0.705555730305314,0.708647750108858));
#17046=DIRECTION('',(-0.00309204930852979,0.70864100429302,-0.705562446751281));
#17047=DIRECTION('',(-1.32363790323757E-15,2.81290232494732E-10,1.0));
#17048=CARTESIAN_POINT('',(-4.04933123623354,0.200000000187097,0.646665056375402));
#17049=DIRECTION('',(0.0030853255836576,-0.707100049840725,0.707106781385447));
#17050=DIRECTION('',(0.00308532558365946,-0.707100050238529,-0.707106780987648));
#17051=DIRECTION('',(-0.00436330928474657,0.999990480720734,-2.81287552338219E-10));
#17052=CARTESIAN_POINT('',(-4.05064024147846,0.499999999892601,0.646665056291014));
#17053=DIRECTION('',(1.14793277437821E-39,1.0,-1.22464679914735E-16));
#17054=DIRECTION('',(0.999999999999998,7.89487355023584E-24,6.44665348060564E-08));
#17055=DIRECTION('',(-0.00436330928474657,0.999990480720734,-2.81287552338219E-10));
#17056=DIRECTION('',(-0.00436330928474657,0.999990480720734,-2.81287162504414E-10));
#17057=CARTESIAN_POINT('',(-1.91498562038951,1.80000000001052,-0.223334944074668));
#17058=DIRECTION('',(1.14793277437821E-39,1.0,-1.22464679914735E-16));
#17059=DIRECTION('',(0.999999999999998,7.89486260879918E-24,6.44664454624459E-08));
#17060=DIRECTION('',(-0.00436330928474657,0.999990480720734,-2.81287162504414E-10));
#17061=CARTESIAN_POINT('',(-1.90931326432208,0.499999999892601,-0.223334943708991));
#17062=DIRECTION('',(1.14793277437821E-39,1.0,-1.22464679914735E-16));
#17063=DIRECTION('',(0.999999999999998,7.89486260879918E-24,6.44664454624459E-08));
#17064=DIRECTION('',(1.0,-2.18764157975414E-26,-1.22464679919912E-16));
#17065=CARTESIAN_POINT('',(8.57001628348485,-0.30000000119482,-4.26592303500751));
#17066=DIRECTION('',(0.707106781186548,1.98902243043228E-10,0.707106781186547));
#17067=DIRECTION('',(0.707106781186547,-1.98902243043228E-10,-0.707106781186548));
#17068=DIRECTION('',(-1.0,2.18764157975414E-26,1.22464679919912E-16));
#17069=CARTESIAN_POINT('',(10.0471821277927,-0.3000000010592,-3.78393346145718));
#17070=DIRECTION('',(-1.59776845264409E-16,-2.81289870903009E-10,-1.0));
#17071=DIRECTION('',(3.44480590057964E-26,-1.0,2.81289870903009E-10));
#17072=DIRECTION('',(1.03447743829522E-15,-2.81290249698164E-10,-1.0));
#17073=DIRECTION('',(-1.0344774382952E-15,2.81290249698164E-10,1.0));
#17074=CARTESIAN_POINT('',(9.0471916470707,-0.300000001340501,-4.78392394217791));
#17075=DIRECTION('',(-1.0,1.49975978266186E-32,1.22464679914735E-16));
#17076=DIRECTION('',(0.0,-1.0,1.22464679914735E-16));
#17077=DIRECTION('',(-0.00436326774997221,-0.999980961713314,-0.00436326774997759));
#17078=CARTESIAN_POINT('',(9.52801818735674,1.80000000001052,1.62966695979759));
#17079=DIRECTION('',(-9.62946638990408E-33,1.0,-1.22464679914735E-16));
#17080=DIRECTION('',(-0.707106781186102,-8.65956056236038E-17,-0.707106781186993));
#17081=DIRECTION('',(0.00436326774997221,0.999980961713314,0.00436326774997759));
#17082=CARTESIAN_POINT('',(9.5201641558811,3.79940201684979E-10,1.62181292832194));
#17083=DIRECTION('',(9.62946638990408E-33,-1.0,1.22464679914735E-16));
#17084=DIRECTION('',(-0.707106781186102,-8.65956056236038E-17,-0.707106781186993));
#17085=DIRECTION('',(0.00436326774997238,-0.999980961713314,-0.00436326774997763));
#17086=CARTESIAN_POINT('',(-4.05631259754516,1.80000000001052,1.22966315204969));
#17087=DIRECTION('',(0.0,1.0,-1.22464679914735E-16));
#17088=DIRECTION('',(-0.707106781186112,8.65956056236027E-17,0.707106781186983));
#17089=DIRECTION('',(-0.00436326774997238,0.999980961713314,0.00436326774997763));
#17090=DIRECTION('',(0.0,-1.0,1.22464679914735E-16));
#17091=CARTESIAN_POINT('',(-3.00931136044833,1.80000000001052,0.246665056108179));
#17092=DIRECTION('',(2.13821176807376E-48,1.0,-1.22464679914735E-16));
#17093=DIRECTION('',(1.0,-1.49975978266186E-32,-1.22464679914735E-16));
#17094=DIRECTION('',(-3.44473019819625E-26,1.0,-2.81290232494732E-10));
#17095=CARTESIAN_POINT('',(-3.00931136044833,0.499999999892601,0.246665056108179));
#17096=DIRECTION('',(2.13821176807376E-48,1.0,-1.22464679914735E-16));
#17097=DIRECTION('',(1.0,-1.49975978266186E-32,-1.22464679914735E-16));
#17098=DIRECTION('',(1.22464679914735E-16,2.81290249698164E-10,1.0));
#17099=CARTESIAN_POINT('',(8.57001628348485,-0.300000001340548,-4.78392394217792));
#17100=DIRECTION('',(-8.67843217081374E-17,0.705562431835045,-0.708647764960151));
#17101=DIRECTION('',(8.64064773745411E-17,0.708647764960151,0.705562431835045));
#17102=CARTESIAN_POINT('',(8.57001628348485,-0.300000001340524,-4.78392394217791));
#17103=DIRECTION('',(-0.707106781186547,1.98902243043228E-10,0.707106781186548));
#17104=DIRECTION('',(0.707106781186548,1.98902243043228E-10,0.707106781186547));
#17105=DIRECTION('',(-1.22464679914735E-16,-2.81290249698164E-10,-1.0));
#17106=DIRECTION('',(1.0,-5.52526674865631E-26,-2.41118816438456E-16));
#17107=CARTESIAN_POINT('',(8.57001628348485,-0.300000001340501,-4.78392394217792));
#17108=DIRECTION('',(-0.707106781186547,0.707100050039627,-0.00308532558365844));
#17109=DIRECTION('',(-0.707106781186548,-0.707100050039627,0.00308532558365878));
#17110=DIRECTION('',(-1.0,5.52526673378741E-26,2.41118816438456E-16));
#17111=DIRECTION('',(-0.00436330928474657,0.999990480720734,-2.81287192691821E-10));
#17112=CARTESIAN_POINT('',(-4.04714956082317,-0.300000000757187,-2.71033494348394));
#17113=DIRECTION('',(-0.00308532558365946,0.707100050238529,0.707106780987647));
#17114=DIRECTION('',(0.0030853255836576,-0.707100049840725,0.707106781385448));
#17115=CARTESIAN_POINT('',(-4.04714956082317,-0.3000000007572,-2.71033494348394));
#17116=DIRECTION('',(-0.708647764860917,0.705562431934713,-1.98467478608607E-10));
#17117=DIRECTION('',(0.705562431934713,0.708647764860917,-1.99335524699909E-10));
#17118=DIRECTION('',(0.00436330928474657,-0.999990480720734,2.81287192691821E-10));
#17119=CARTESIAN_POINT('',(-4.05064024148257,0.499999999892601,-2.71033494370898));
#17120=DIRECTION('',(1.14793277437821E-39,1.0,-1.22464679914735E-16));
#17121=DIRECTION('',(-0.999999999999998,-7.8948634560669E-24,-6.44664523809119E-08));
#17122=DIRECTION('',(1.0,-2.18764157960854E-26,-1.22464679914735E-16));
#17123=CARTESIAN_POINT('',(-4.04714956082318,-0.300000000757194,-2.71033494348394));
#17124=DIRECTION('',(-0.707106781186547,-1.98902243043229E-10,-0.707106781186548));
#17125=DIRECTION('',(-0.707106781186548,1.98902243043229E-10,0.707106781186547));
#17126=DIRECTION('',(-1.0,2.18764157960854E-26,1.22464679914735E-16));
#17127=CARTESIAN_POINT('',(-3.41914865711268,-0.300000000757233,-2.71033494348394));
#17128=DIRECTION('',(0.707106781186547,-1.98902243043228E-10,-0.707106781186548));
#17129=DIRECTION('',(-0.707106781186548,-1.98902243043228E-10,-0.707106781186547));
#17130=CARTESIAN_POINT('',(-3.41914865711268,-0.300000001082301,-3.86592684271921));
#17131=DIRECTION('',(1.59776850143979E-16,2.81289870903009E-10,1.0));
#17132=DIRECTION('',(3.44480590057964E-26,-1.0,2.81289870903009E-10));
#17133=DIRECTION('',(-4.38199714746552E-16,-2.81290249698164E-10,-1.0));
#17134=DIRECTION('',(4.38199714746501E-16,2.81290249698164E-10,1.0));
#17135=DIRECTION('',(-0.00436326774998309,-0.999980961713314,0.00436326774997785));
#17136=CARTESIAN_POINT('',(10.049363803203,0.200000000651219,2.29664832136403));
#17137=DIRECTION('',(-0.0030785871748791,-0.705555730105975,0.708647750307324));
#17138=DIRECTION('',(0.00309204930766401,0.708641004491492,0.705562446551947));
#17139=CARTESIAN_POINT('',(10.049363803203,0.200000000650768,2.29664832146327));
#17140=DIRECTION('',(-0.708647750208093,-0.705555730205643,0.00307858717444182));
#17141=DIRECTION('',(0.705562446651612,-0.708641004392258,0.00309204930809958));
#17142=DIRECTION('',(-0.00436326774998309,-0.999980961713314,0.00436326774997785));
#17143=CARTESIAN_POINT('',(10.0563451645133,1.80000000001052,2.28966696005371));
#17144=DIRECTION('',(-9.62946638990408E-33,1.0,-1.22464679914735E-16));
#17145=DIRECTION('',(-0.707106781186982,8.65956056234961E-17,0.707106781186113));
#17146=DIRECTION('',(0.00436326774997222,-0.999980961713314,-0.00436326774997763));
#17147=CARTESIAN_POINT('',(-3.527985620401,1.80000000001052,1.62966695979764));
#17148=DIRECTION('',(0.0,1.0,-1.22464679914735E-16));
#17149=DIRECTION('',(0.707106781186099,-8.65956056236043E-17,-0.707106781186996));
#17150=DIRECTION('',(-0.00436326774997222,0.999980961713314,0.00436326774997763));
#17151=CARTESIAN_POINT('',(-3.52013158892536,3.79940201684979E-10,1.62181292832199));
#17152=DIRECTION('',(0.0,-1.0,1.22464679914735E-16));
#17153=DIRECTION('',(0.707106781186099,-8.65956056236043E-17,-0.707106781186996));
#17154=CARTESIAN_POINT('',(-3.01915246482488,-0.300000001194802,-4.26592303500751));
#17155=DIRECTION('',(-1.0,1.49975978266186E-32,1.22464679914735E-16));
#17156=DIRECTION('',(0.0,1.0,-1.22464679914735E-16));
#17157=CARTESIAN_POINT('',(-3.01914484936473,-0.500000001082301,-3.8659192272028));
#17158=DIRECTION('',(-8.07778187939813E-26,1.0,-2.81290249698164E-10));
#17159=DIRECTION('',(-0.70710675839375,-1.9890224945462E-10,-0.707106803979344));
#17160=DIRECTION('',(-1.22464679914735E-16,-2.81290773192065E-10,-1.0));
#17161=CARTESIAN_POINT('',(8.17001628348485,0.299999998862153,-4.06330312064086));
#17162=DIRECTION('',(1.22463514144328E-16,-0.00436330928474645,0.999990480720734));
#17163=DIRECTION('',(5.34350110484738E-19,0.999990480720734,0.00436330928474645));
#17164=DIRECTION('',(1.22464679914735E-16,2.81290773192065E-10,1.0));
#17165=CARTESIAN_POINT('',(8.57001628348485,0.299999998658798,-4.78654195267033));
#17166=DIRECTION('',(-3.73113239710985E-17,-0.999990480720734,0.00436330928475098));
#17167=DIRECTION('',(1.22463514139247E-16,0.00436330928475098,0.999990480720734));
#17168=DIRECTION('',(-5.34351274925481E-19,0.999990480720734,-0.0043633092847467));
#17169=DIRECTION('',(5.34351274925482E-19,-0.999990480720734,0.0043633092847467));
#17170=CARTESIAN_POINT('',(-4.04714956082317,-0.3000000010592,-3.78393346145718));
#17171=DIRECTION('',(8.51525145650619E-17,2.81289870903009E-10,1.0));
#17172=DIRECTION('',(3.44480590057964E-26,-1.0,2.81289870903009E-10));
#17173=DIRECTION('',(1.32371296784743E-15,-2.81290249698164E-10,-1.0));
#17174=DIRECTION('',(-1.32371296784756E-15,2.81290249698164E-10,1.0));
#17175=DIRECTION('',(-1.0,2.18764157975414E-26,1.22464679919912E-16));
#17176=CARTESIAN_POINT('',(-2.56998371651525,-0.30000000119482,-4.26592303500751));
#17177=DIRECTION('',(0.707106781186547,-1.98902243043228E-10,-0.707106781186548));
#17178=DIRECTION('',(-0.707106781186548,-1.98902243043228E-10,-0.707106781186547));
#17179=DIRECTION('',(1.0,-2.18764157975414E-26,-1.22464679919912E-16));
#17180=CARTESIAN_POINT('',(8.17001628348485,0.699999998658299,-4.78828729299861));
#17181=DIRECTION('',(-1.0,1.49975978266186E-32,1.22464679914735E-16));
#17182=DIRECTION('',(0.0,1.0,-1.22464679914735E-16));
#17183=CARTESIAN_POINT('',(8.17001628348485,0.2991273368018,-4.98654004881448));
#17184=DIRECTION('',(2.41116521161348E-16,0.00436330928474669,0.999990480720735));
#17185=DIRECTION('',(-2.71925609433941E-14,-0.999990480720734,0.00436330928474669));
#17186=CARTESIAN_POINT('',(10.049363803203,0.20000000079638,2.81268179117374));
#17187=DIRECTION('',(0.00307858717400788,0.705555730305314,0.708647750108858));
#17188=DIRECTION('',(-0.00309204930853144,-0.70864100429302,0.705562446751281));
#17189=DIRECTION('',(-1.03455250290506E-15,2.81290232494732E-10,1.0));
#17190=CARTESIAN_POINT('',(10.049363803203,0.200000000651212,2.29664832156251));
#17191=DIRECTION('',(-0.707106781186546,-1.98902338822423E-10,-0.707106781186549));
#17192=DIRECTION('',(-0.707106781186549,1.98902122934709E-10,0.707106781186546));
#17193=DIRECTION('',(1.03455250290522E-15,-2.81290232494732E-10,-1.0));
#17194=DIRECTION('',(-1.0,-1.52655666615987E-16,-2.47281474260565E-15));
#17195=DIRECTION('',(1.0,1.52655666615987E-16,2.47281474260565E-15));
#17196=DIRECTION('',(-0.00436326774998309,-0.999980961713314,0.00436326774997785));
#17197=CARTESIAN_POINT('',(9.52801818735642,1.80000000001052,1.88966315289622));
#17198=DIRECTION('',(-9.62946638990408E-33,1.0,-1.22464679914735E-16));
#17199=DIRECTION('',(-0.707106781186982,8.65956056234961E-17,0.707106781186113));
#17200=DIRECTION('',(0.00436326774998309,0.999980961713314,-0.00436326774997785));
#17201=CARTESIAN_POINT('',(-4.04933123623354,0.20000000065122,2.29664832139174));
#17202=DIRECTION('',(0.00307858717487744,-0.705555730105975,0.708647750307324));
#17203=DIRECTION('',(-0.00309204930766568,0.708641004491492,0.705562446551947));
#17204=DIRECTION('',(-0.00436326774998308,0.999980961713314,-0.00436326774997785));
#17205=CARTESIAN_POINT('',(-4.05631259754387,1.80000000001052,2.28966696008142));
#17206=DIRECTION('',(0.0,1.0,-1.22464679914735E-16));
#17207=DIRECTION('',(0.707106781186981,8.65956056234962E-17,0.707106781186114));
#17208=DIRECTION('',(-0.00436326774998308,0.999980961713314,-0.00436326774997785));
#17209=CARTESIAN_POINT('',(-3.04715908010121,-0.300000001340501,-4.78392394217791));
#17210=DIRECTION('',(-1.0,1.49975978266186E-32,1.22464679914735E-16));
#17211=DIRECTION('',(0.0,1.0,-1.22464679914735E-16));
#17212=DIRECTION('',(0.00436326774997237,0.999980961713314,0.00436326774997761));
#17213=DIRECTION('',(-0.00436326774997237,-0.999980961713314,-0.00436326774997761));
#17214=CARTESIAN_POINT('',(10.0506747122541,0.50043631796618,2.81399270022488));
#17215=DIRECTION('',(0.00436329890104066,0.999988100966354,0.00218163892616019));
#17216=DIRECTION('',(-9.51916661108238E-06,-0.00218161815852464,0.999997620222966));
#17217=CARTESIAN_POINT('',(-4.04933123623354,0.20000000079638,2.81268179117372));
#17218=DIRECTION('',(-0.00307858717400955,0.705555730305314,0.708647750108858));
#17219=DIRECTION('',(0.00309204930852979,-0.70864100429302,0.705562446751281));
#17220=DIRECTION('',(-1.32363790323756E-15,2.81290232494732E-10,1.0));
#17221=DIRECTION('',(1.32363790323757E-15,-2.81290232494732E-10,-1.0));
#17222=DIRECTION('',(-1.0,5.52526673378741E-26,2.41118816438456E-16));
#17223=CARTESIAN_POINT('',(-2.56998371651525,-0.300000001340501,-4.78392394217791));
#17224=DIRECTION('',(0.707106781186547,0.707100050039627,-0.00308532558365878));
#17225=DIRECTION('',(-0.707106781186548,0.707100050039627,-0.00308532558365844));
#17226=CARTESIAN_POINT('',(-2.56998371651525,-0.300000001340524,-4.78392394217791));
#17227=DIRECTION('',(-0.707106781186548,-1.98902243043228E-10,-0.707106781186547));
#17228=DIRECTION('',(-0.707106781186547,1.98902243043228E-10,0.707106781186548));
#17229=DIRECTION('',(1.0,-5.52526674865631E-26,-2.41118816438456E-16));
#17230=DIRECTION('',(1.22464679914735E-16,2.81290249698164E-10,1.0));
#17231=CARTESIAN_POINT('',(-2.56998371651525,-0.300000001340542,-4.78392394217792));
#17232=DIRECTION('',(-8.67843217081374E-17,0.705562431835045,-0.708647764960151));
#17233=DIRECTION('',(-8.64064773745411E-17,-0.708647764960151,-0.705562431835045));
#17234=DIRECTION('',(-1.22464679914735E-16,-2.81290249698164E-10,-1.0));
#17235=DIRECTION('',(-0.00436330928474657,-0.999990480720734,2.81287174570831E-10));
#17236=CARTESIAN_POINT('',(10.0563451645127,1.80000000001052,2.81399269985937));
#17237=DIRECTION('',(0.0,1.0,-1.22464679914735E-16));
#17238=DIRECTION('',(-0.999999999999998,7.8948629474664E-24,6.44664482278736E-08));
#17239=DIRECTION('',(0.00436330928474657,0.999990480720734,-2.81287174570831E-10));
#17240=DIRECTION('',(0.00436326774998308,-0.999980961713314,0.00436326774997785));
#17241=CARTESIAN_POINT('',(-3.52798562040069,1.80000000001052,1.88966315289588));
#17242=DIRECTION('',(0.0,1.0,-1.22464679914735E-16));
#17243=DIRECTION('',(0.707106781186981,8.65956056234962E-17,0.707106781186114));
#17244=DIRECTION('',(-0.00436326774998308,0.999980961713314,-0.00436326774997785));
#17245=CARTESIAN_POINT('',(-4.05064214528469,0.500436317980681,2.81399270022489));
#17246=DIRECTION('',(-0.00436329890104067,0.999988100966354,0.00218163892616018));
#17247=DIRECTION('',(9.51916660914064E-06,-0.00218161815852463,0.999997620222966));
#17248=DIRECTION('',(-0.00436326774997238,0.999980961713314,0.00436326774997761));
#17249=DIRECTION('',(0.00436326774997238,-0.999980961713314,-0.00436326774997761));
#17250=DIRECTION('',(0.00436330928474657,-0.999990480720734,2.81287183800103E-10));
#17251=CARTESIAN_POINT('',(-4.05631259754322,1.80000000001052,2.81399269985935));
#17252=DIRECTION('',(1.14793277437821E-39,1.0,-1.22464679914735E-16));
#17253=DIRECTION('',(0.999999999999998,7.89486320650371E-24,6.44664503430738E-08));
#17254=DIRECTION('',(-0.00436330928474657,0.999990480720734,-2.81287183800103E-10));
#17255=CARTESIAN_POINT('',(-2.56998371651525,0.299999998658798,-4.78654195267033));
#17256=DIRECTION('',(5.34351274926007E-19,-0.999990480720734,0.00436330928475098));
#17257=DIRECTION('',(1.22463514139247E-16,0.00436330928475098,0.999990480720734));
#17258=DIRECTION('',(-5.34351274925482E-19,0.999990480720734,-0.0043633092847467));
#17259=DIRECTION('',(5.34351274925481E-19,-0.999990480720734,0.0043633092847467));
#17260=DIRECTION('',(-1.22464679914735E-16,-2.81290773192065E-10,-1.0));
#17261=CARTESIAN_POINT('',(-2.16998371651525,0.299999998862153,-4.06330312064086));
#17262=DIRECTION('',(1.22463514144328E-16,-0.00436330928474645,0.999990480720734));
#17263=DIRECTION('',(-5.34350110484738E-19,-0.999990480720734,-0.00436330928474645));
#17264=DIRECTION('',(1.22464679914735E-16,2.81290773192065E-10,1.0));
#17265=CARTESIAN_POINT('',(-2.16998371651525,0.2991273368018,-4.98654004881448));
#17266=DIRECTION('',(2.41116521161348E-16,0.00436330928474669,0.999990480720735));
#17267=DIRECTION('',(2.71925609433941E-14,0.999990480720734,-0.00436330928474669));
#17268=CARTESIAN_POINT('',(-2.16998371651525,0.699999998658299,-4.78828729299861));
#17269=DIRECTION('',(1.0,-1.49975978266186E-32,-1.22464679914735E-16));
#17270=DIRECTION('',(0.0,-1.0,1.22464679914735E-16));
#17271=DIRECTION('',(-0.00436326774997237,-0.999980961713314,-0.00436326774997761));
#17272=DIRECTION('',(0.00436326774997237,0.999980961713314,0.00436326774997761));
#17273=CARTESIAN_POINT('',(10.0563451645116,1.80000000001052,3.69599393349205));
#17274=DIRECTION('',(9.62946638990408E-33,-1.0,1.22464679914735E-16));
#17275=DIRECTION('',(0.707106781186113,8.65956056236025E-17,0.707106781186982));
#17276=CARTESIAN_POINT('',(9.52234392722224,0.49956357803846,3.21399270026687));
#17277=DIRECTION('',(-0.00218164425870239,-0.999995240417002,-0.00218164425870495));
#17278=DIRECTION('',(0.7071034156527,-0.00308531089893213,0.707103415653568));
#17279=DIRECTION('',(3.44480540729226E-26,-1.0,2.81289830623038E-10));
#17280=CARTESIAN_POINT('',(9.52234392741876,1.80000000001052,3.21399270007034));
#17281=DIRECTION('',(2.13821176807376E-48,1.0,-1.22464679914735E-16));
#17282=DIRECTION('',(1.0,-1.49975978266186E-32,-1.22464679914735E-16));
#17283=DIRECTION('',(0.0,1.0,-1.22464679914735E-16));
#17284=DIRECTION('',(0.00436326774997238,-0.999980961713314,-0.00436326774997761));
#17285=DIRECTION('',(-0.00436326774997238,0.999980961713314,0.00436326774997761));
#17286=CARTESIAN_POINT('',(-4.05631259754215,1.80000000001052,3.69599393349205));
#17287=DIRECTION('',(9.62946638990408E-33,-1.0,1.22464679914735E-16));
#17288=DIRECTION('',(-0.707106781186114,8.65956056236024E-17,0.707106781186981));
#17289=DIRECTION('',(-0.00436326774997237,-0.999980961713314,-0.00436326774997761));
#17290=DIRECTION('',(0.00436326774997237,0.999980961713314,0.00436326774997761));
#17291=CARTESIAN_POINT('',(-3.52231136026642,0.49956357800218,3.21399270026693));
#17292=DIRECTION('',(0.00218164425870239,-0.999995240417002,-0.00218164425870494));
#17293=DIRECTION('',(-0.7071034156527,-0.00308531089893212,0.707103415653567));
#17294=DIRECTION('',(0.0,-1.0,1.22464679914735E-16));
#17295=CARTESIAN_POINT('',(-3.52231136046302,1.80000000001052,3.21399270007032));
#17296=DIRECTION('',(2.13821176807376E-48,1.0,-1.22464679914735E-16));
#17297=DIRECTION('',(1.0,-1.49975978266186E-32,-1.22464679914735E-16));
#17298=DIRECTION('',(-3.44480540729226E-26,1.0,-2.81289830623038E-10));
#17299=DIRECTION('',(0.00436326774997238,-0.999980961713314,-0.00436326774997761));
#17300=DIRECTION('',(-0.00436326774997238,0.999980961713314,0.00436326774997761));
#17301=DIRECTION('',(0.00436326774997254,-0.999980961713314,-0.00436326774997763));
#17302=CARTESIAN_POINT('',(8.24001437961275,1.80000000001052,1.62966695979759));
#17303=DIRECTION('',(0.0,1.0,-1.22464679914735E-16));
#17304=DIRECTION('',(0.707106781186125,-8.65956056236011E-17,-0.70710678118697));
#17305=DIRECTION('',(-0.00436326774997254,0.999980961713314,0.00436326774997763));
#17306=CARTESIAN_POINT('',(8.24786841108839,3.79940201684979E-10,1.62181292832194));
#17307=DIRECTION('',(0.0,-1.0,1.22464679914735E-16));
#17308=DIRECTION('',(0.707106781186125,-8.65956056236011E-17,-0.70710678118697));
#17309=DIRECTION('',(-0.00436326774997253,-0.999980961713314,-0.00436326774997759));
#17310=CARTESIAN_POINT('',(-2.23998181265699,1.80000000001052,1.62966695979764));
#17311=DIRECTION('',(0.0,1.0,-1.22464679914735E-16));
#17312=DIRECTION('',(-0.707106781186128,-8.65956056236007E-17,-0.707106781186967));
#17313=DIRECTION('',(0.00436326774997253,0.999980961713314,0.00436326774997759));
#17314=CARTESIAN_POINT('',(-2.24783584413263,3.79940201684979E-10,1.62181292832199));
#17315=DIRECTION('',(0.0,-1.0,1.22464679914735E-16));
#17316=DIRECTION('',(-0.707106781186128,-8.65956056236007E-17,-0.707106781186967));
#17317=DIRECTION('',(-0.00436326774998309,-0.999980961713314,0.00436326774997785));
#17318=CARTESIAN_POINT('',(-2.23998181265732,1.80000000001052,1.8896631529153));
#17319=DIRECTION('',(-9.62946638990408E-33,1.0,-1.22464679914735E-16));
#17320=DIRECTION('',(-0.707106781186982,8.65956056234961E-17,0.707106781186113));
#17321=DIRECTION('',(0.00436326774998309,0.999980961713314,-0.00436326774997785));
#17322=DIRECTION('',(0.00436326774998309,0.999980961713314,-0.00436326774997785));
#17323=CARTESIAN_POINT('',(6.24452750670122,-0.299999999348787,2.29882999697909));
#17324=DIRECTION('',(-0.705562446651612,0.708641004392258,-0.0030920493080969));
#17325=DIRECTION('',(-0.708647750208093,-0.705555730205643,0.00307858717444449));
#17326=CARTESIAN_POINT('',(6.24452750670122,-0.299999999348165,2.29882999684468));
#17327=DIRECTION('',(0.00307858717487811,0.705555730105975,-0.708647750307324));
#17328=DIRECTION('',(0.00309204930766501,0.708641004491492,0.705562446551947));
#17329=DIRECTION('',(-0.00436326774998309,-0.999980961713314,0.00436326774997785));
#17330=CARTESIAN_POINT('',(6.25369054342191,1.80000000001052,2.28966696012401));
#17331=DIRECTION('',(-9.62946638990408E-33,1.0,-1.22464679914735E-16));
#17332=DIRECTION('',(0.707106781186982,-8.65956056234961E-17,-0.707106781186113));
#17333=DIRECTION('',(-0.00436326774998308,0.999980961713314,-0.00436326774997785));
#17334=CARTESIAN_POINT('',(-0.244494939731747,-0.299999999348235,2.29882999684468));
#17335=DIRECTION('',(-0.00307858717487863,0.705555730105975,-0.708647750307324));
#17336=DIRECTION('',(0.00309204930766448,-0.708641004491492,-0.705562446551947));
#17337=CARTESIAN_POINT('',(-0.244494939731741,-0.299999999348786,2.29882999697909));
#17338=DIRECTION('',(0.705562446651612,0.708641004392258,-0.00309204930809875));
#17339=DIRECTION('',(-0.708647750208093,0.705555730205643,-0.00307858717444265));
#17340=DIRECTION('',(0.00436326774998308,-0.999980961713314,0.00436326774997785));
#17341=CARTESIAN_POINT('',(-0.253657976452432,1.80000000001052,2.289666960124));
#17342=DIRECTION('',(0.0,1.0,-1.22464679914735E-16));
#17343=DIRECTION('',(-0.707106781186981,-8.65956056234962E-17,-0.707106781186114));
#17344=CARTESIAN_POINT('',(7.34641628348475,-0.299999999348199,2.29882999711349));
#17345=DIRECTION('',(1.0,1.52655666615987E-16,2.47281474260565E-15));
#17346=DIRECTION('',(2.47281474260565E-15,-1.22464679914735E-16,-1.0));
#17347=DIRECTION('',(1.0,-1.5265566622011E-16,-1.31038342160532E-15));
#17348=CARTESIAN_POINT('',(6.24452750670122,-0.299999999348183,2.2988299971135));
#17349=DIRECTION('',(0.707106781186547,-1.98902338822423E-10,-0.707106781186548));
#17350=DIRECTION('',(-0.707106781186548,-1.98902122934709E-10,-0.707106781186547));
#17351=DIRECTION('',(-1.0,1.5265566622011E-16,1.31038342160532E-15));
#17352=CARTESIAN_POINT('',(6.24452750670122,-0.299999998895041,3.90966505651605));
#17353=DIRECTION('',(4.92581739769542E-16,2.81290232494732E-10,1.0));
#17354=DIRECTION('',(3.4448103288011E-26,-1.0,2.81290232494732E-10));
#17355=DIRECTION('',(3.67188836494956E-16,2.81290232494732E-10,1.0));
#17356=DIRECTION('',(-3.67188836495062E-16,-2.81290232494732E-10,-1.0));
#17357=CARTESIAN_POINT('',(-0.244494939731748,-0.2999999988951,3.90966505651605));
#17358=DIRECTION('',(4.92581739769542E-16,2.81290413004095E-10,1.0));
#17359=DIRECTION('',(3.44481253940324E-26,-1.0,2.81290413004095E-10));
#17360=DIRECTION('',(3.6718883649486E-16,2.81290232494732E-10,1.0));
#17361=CARTESIAN_POINT('',(-0.244494939731748,-0.299999999348217,2.2988299971135));
#17362=DIRECTION('',(-0.707106781186548,-1.98902122934709E-10,-0.707106781186547));
#17363=DIRECTION('',(-0.707106781186547,1.98902338822423E-10,0.707106781186548));
#17364=DIRECTION('',(-3.67188836494956E-16,-2.81290232494732E-10,-1.0));
#17365=CARTESIAN_POINT('',(-1.346383716529,-0.299999999348199,2.29882999711351));
#17366=DIRECTION('',(-1.0,1.52655665965114E-16,1.22464679914735E-16));
#17367=DIRECTION('',(1.22464679914735E-16,1.22464679914735E-16,1.0));
#17368=DIRECTION('',(-1.0,1.5265566622011E-16,1.31038342160532E-15));
#17369=DIRECTION('',(1.0,-1.5265566622011E-16,-1.31038342160532E-15));
#17370=DIRECTION('',(-0.00436326774998309,-0.999980961713314,0.00436326774997785));
#17371=DIRECTION('',(0.00436326774998309,0.999980961713314,-0.00436326774997785));
#17372=DIRECTION('',(0.00436326774998308,-0.999980961713314,0.00436326774997785));
#17373=DIRECTION('',(-0.00436326774998308,0.999980961713314,-0.00436326774997785));
#17374=DIRECTION('',(0.00436318697950839,-0.999962450604886,-0.00748732126019516));
#17375=DIRECTION('',(1.0,1.48359282114562E-31,1.21144547324057E-15));
#17376=DIRECTION('',(-0.00436318697950839,-0.999962450604886,-0.00748732126019516));
#17377=DIRECTION('',(1.0,1.48359282114562E-31,1.21144547324057E-15));
#17378=DIRECTION('',(-1.22840198495777E-12,1.22464679914735E-16,1.0));
#17379=DIRECTION('',(-1.0,3.77021929046172E-32,3.07861768232824E-16));
#17380=DIRECTION('',(2.65851436375997E-15,-1.22464679914735E-16,-1.0));
#17381=DIRECTION('',(-1.0,5.3457692164367E-32,4.36515183002857E-16));
#17382=DIRECTION('',(-1.0,7.1974612115192E-14,4.3651516275713E-16));
#17383=DIRECTION('',(-2.65851436375997E-15,2.81398267036077E-10,1.0));
#17384=DIRECTION('',(1.15999211892794E-17,-0.999990480720734,-0.00436330928474645));
#17385=DIRECTION('',(-1.22464679914735E-16,-1.22464679914735E-16,-1.0));
#17386=DIRECTION('',(-1.0,3.77021929046172E-32,3.07861768232824E-16));
#17387=DIRECTION('',(1.22604379455162E-12,1.22464679914735E-16,1.0));
#17388=DIRECTION('',(1.0,-5.3457692164367E-32,-4.36515183002857E-16));
#17389=DIRECTION('',(-5.34351274925482E-19,-0.999990480720734,-0.00436330928474645));
#17390=DIRECTION('',(-1.22464679914735E-16,-2.81505316601067E-10,-1.0));
#17391=DIRECTION('',(-1.0,7.1974612115192E-14,4.3651516275713E-16));
#17392=DIRECTION('',(-2.65851436375997E-15,1.22464679914735E-16,1.0));
#17393=DIRECTION('',(-1.0,3.77021929046172E-32,3.07861768232824E-16));
#17394=DIRECTION('',(3.67188836518037E-16,1.22464679914735E-16,1.0));
#17395=DIRECTION('',(1.0,5.75247115275152E-31,4.69724916339684E-15));
#17396=DIRECTION('',(-2.47281474260565E-15,1.22464679914735E-16,1.0));
#17397=DIRECTION('',(-1.0,5.3457692164367E-32,4.36515183002857E-16));
#17398=DIRECTION('',(1.52655665920409E-16,-1.0,2.81289830623038E-10));
#17399=DIRECTION('',(8.2214382782164E-17,-1.0,2.81289830623038E-10));
#17400=DIRECTION('',(-1.0,-5.75247115275152E-31,-4.69724916339684E-15));
#17401=DIRECTION('',(1.15999211892793E-17,-0.999990480720734,-0.00436330928474645));
#17402=DIRECTION('',(2.24218893309763E-15,-2.81290813687507E-10,-1.0));
#17403=DIRECTION('',(-1.0,7.1974612115192E-14,4.3651516275713E-16));
#17404=DIRECTION('',(3.67188836448658E-16,1.22464679914735E-16,1.0));
#17405=DIRECTION('',(1.0,-3.77021929046172E-32,-3.07861768232824E-16));
#17406=DIRECTION('',(-1.22464679914735E-16,-1.22464679914735E-16,-1.0));
#17407=DIRECTION('',(1.0,-5.3457692164367E-32,-4.36515183002857E-16));
#17408=DIRECTION('',(4.03859866015431E-16,1.22464679914735E-16,1.0));
#17409=DIRECTION('',(-1.0,-5.75247115275152E-31,-4.69724916339684E-15));
#17410=DIRECTION('',(-1.0,7.1974612115192E-14,4.3651516275713E-16));
#17411=DIRECTION('',(1.73234056507636E-16,2.81290813687507E-10,1.0));
#17412=DIRECTION('',(-5.34351274925482E-19,-0.999990480720734,-0.00436330928474645));
#17413=DIRECTION('',(1.64428765460984E-16,1.0,-2.81290251144529E-10));
#17414=DIRECTION('',(3.44480540729226E-26,-1.0,2.81289830623038E-10));
#17415=DIRECTION('',(1.0,5.75247115275152E-31,4.69724916339684E-15));
#17416=DIRECTION('',(1.62825041861601E-16,0.999990480720734,-0.0043633092847467));
#17417=DIRECTION('',(-1.0,3.54247473676309E-32,2.89265014143629E-16));
#17418=DIRECTION('',(0.00436326774998309,-0.999980961713314,0.00436326774997785));
#17419=DIRECTION('',(1.0,-3.54247473676309E-32,-2.89265014143629E-16));
#17420=DIRECTION('',(3.67188836448658E-16,1.22464679914735E-16,1.0));
#17421=DIRECTION('',(-3.67188836448658E-16,-1.22464679914735E-16,-1.0));
#17422=DIRECTION('',(1.66029358780264E-16,0.999990480720734,0.00436330928474645));
#17423=DIRECTION('',(0.00436326774998308,0.999980961713314,-0.00436326774997785));
#17424=DIRECTION('',(-1.0,3.54247473676309E-32,2.89265014143629E-16));
#17425=DIRECTION('',(8.38157585168436E-17,-0.999990480720734,0.0043633092847467));
#17426=DIRECTION('',(1.0,-3.54247473676309E-32,-2.89265014143629E-16));
#17427=DIRECTION('',(8.06114415975748E-17,-0.999990480720734,-0.00436330928474645));
#17428=DIRECTION('',(-3.67188836518037E-16,-1.22464679914735E-16,-1.0));
#17429=DIRECTION('',(-3.67188836518037E-16,-1.22464679914735E-16,-1.0));
#17430=DIRECTION('',(1.0,-3.77021929046172E-32,-3.07861768232824E-16));
#17431=DIRECTION('',(-1.22773462129135E-12,-1.22464679914735E-16,-1.0));
#17432=DIRECTION('',(1.22700024361837E-12,-1.22464679914735E-16,-1.0));
#17433=DIRECTION('',(1.0,2.6825887580815E-31,2.190499954721E-15));
#17434=DIRECTION('',(1.0,2.6825887580815E-31,2.190499954721E-15));
#17435=DIRECTION('',(1.87147034994367E-15,-1.22464679914735E-16,-1.0));
#17436=DIRECTION('',(1.87147034994367E-15,-1.22464679914735E-16,-1.0));
#17437=DIRECTION('',(1.0,2.6825887580815E-31,2.190499954721E-15));
#17438=DIRECTION('',(-1.0,-2.6825887580815E-31,-2.190499954721E-15));
#17439=DIRECTION('',(1.0,-6.03238650927204E-32,-4.92581739769542E-16));
#17440=DIRECTION('',(4.03859866015431E-16,1.22464679914735E-16,1.0));
#17441=DIRECTION('',(1.0,-4.94585692272463E-32,-4.03859866058371E-16));
#17442=DIRECTION('',(1.52655665851512E-16,1.0,-2.81290232494732E-10));
#17443=DIRECTION('',(1.0,-1.52655665965114E-16,-4.03859866015431E-16));
#17444=DIRECTION('',(1.52655665851512E-16,1.0,-2.81290232494732E-10));
#17445=DIRECTION('',(-4.03859866015431E-16,-1.22464679914735E-16,-1.0));
#17446=DIRECTION('',(-6.97262483701475E-17,0.866025403643794,-0.500000000243604));
#17447=DIRECTION('',(1.17913011591726E-16,-0.866025403643794,0.500000000243604));
#17448=DIRECTION('',(5.00233392458587E-16,1.22464679914735E-16,1.0));
#17449=DIRECTION('',(0.0,1.0,-1.22464679914735E-16));
#17450=CARTESIAN_POINT('',(-2.849983716529,-3.7685571567422,2.55466505688607));
#17451=DIRECTION('',(-4.26080736501286E-16,-0.500000000243604,-0.866025403643794));
#17452=DIRECTION('',(-2.45997828075333E-16,0.866025403643794,-0.500000000243604));
#17453=DIRECTION('',(-1.0,1.05364452181477E-31,8.60366043947004E-16));
#17454=DIRECTION('',(1.52655665851512E-16,1.0,-2.81290232494732E-10));
#17455=DIRECTION('',(-0.5,0.866025403784439,-2.43604056993847E-10));
#17456=DIRECTION('',(-1.52655665851512E-16,-1.0,2.81290232494732E-10));
#17457=DIRECTION('',(0.5,-0.866025403784439,2.43604285246936E-10));
#17458=DIRECTION('',(1.52655665851512E-16,1.0,-2.81290232494732E-10));
#17459=DIRECTION('',(1.0,-4.94585692272463E-32,-4.03859866058371E-16));
#17460=DIRECTION('',(1.52655665851512E-16,1.0,-2.81290232494732E-10));
#17461=DIRECTION('',(-2.48973841417585E-16,-2.81290232494732E-10,-1.0));
#17462=CARTESIAN_POINT('',(-2.849983716529,-3.77721741182905,2.55466505688607));
#17463=DIRECTION('',(-0.866025403784439,-0.5,1.40645331865038E-10));
#17464=DIRECTION('',(-0.5,0.866025403784439,8.12014788025119E-11));
#17465=DIRECTION('',(-2.48973841374644E-16,-1.22464679914735E-16,-1.0));
#17466=DIRECTION('',(-3.34133617688224E-16,-0.866025403925084,-0.499999999756396));
#17467=DIRECTION('',(1.52655665851512E-16,1.0,-2.81290232494732E-10));
#17468=DIRECTION('',(-4.03859866015431E-16,-1.22464679914735E-16,-1.0));
#17469=DIRECTION('',(5.00233392458587E-16,1.22464679914735E-16,1.0));
#17470=DIRECTION('',(1.52655665851512E-16,1.0,-2.81290232494732E-10));
#17471=DIRECTION('',(3.82320380909802E-16,0.866025403925084,0.499999999756396));
#17472=DIRECTION('',(0.0,-1.0,1.22464679914735E-16));
#17473=DIRECTION('',(-1.0,1.52655665965114E-16,4.03859866015431E-16));
#17474=CARTESIAN_POINT('',(-2.849983716529,-3.76855715884025,2.55466505688607));
#17475=DIRECTION('',(2.73425070649775E-16,-0.499999999756396,0.866025403925084));
#17476=DIRECTION('',(1.57862038040291E-16,0.866025403925084,0.499999999756396));
#17477=DIRECTION('',(-1.0,4.94585692272463E-32,4.03859866058371E-16));
#17478=DIRECTION('',(0.00436326774997253,0.999980961713314,0.00436326774997761));
#17479=DIRECTION('',(-1.22719673434637E-12,1.22464679914735E-16,1.0));
#17480=CARTESIAN_POINT('',(-2.849983716529,-101.790111950739,2.55466505688608));
#17481=DIRECTION('',(0.999990480720734,-0.00436330928474672,1.22718558666922E-12));
#17482=DIRECTION('',(0.00436330928474672,0.999990480720734,5.23217539104513E-15));
#17483=CARTESIAN_POINT('',(-2.849983716529,-104.769473580119,2.55466505688608));
#17484=DIRECTION('',(1.22463514139152E-16,-0.00436330928474645,0.999990480720734));
#17485=DIRECTION('',(5.34351274925065E-19,0.999990480720734,0.00436330928474645));
#17486=DIRECTION('',(-1.0,1.49975978266069E-32,1.2246467991464E-16));
#17487=DIRECTION('',(4.03859866015431E-16,1.22464679914735E-16,1.0));
#17488=DIRECTION('',(1.50892047290077E-16,0.999990480720734,-0.0043633092847467));
#17489=DIRECTION('',(1.52655665851512E-16,1.0,-2.81290232494732E-10));
#17490=DIRECTION('',(4.03859866015431E-16,1.22464679914735E-16,1.0));
#17491=DIRECTION('',(-0.00436330928474657,0.999990480720734,-2.81287552665168E-10));
#17492=DIRECTION('',(-1.0,6.03238650927204E-32,4.92581739769542E-16));
#17493=DIRECTION('',(1.0,-2.9528538676585E-32,-2.41118816438698E-16));
#17494=CARTESIAN_POINT('',(-2.849983716529,-104.769473607332,2.55466505688608));
#17495=DIRECTION('',(-2.41116521161348E-16,-0.0043633092847467,-0.999990480720734));
#17496=DIRECTION('',(-1.05207597049408E-18,0.999990480720734,-0.0043633092847467));
#17497=DIRECTION('',(1.0,-2.9528538676585E-32,-2.41118816438698E-16));
#17498=CARTESIAN_POINT('',(-2.849983716529,-92.1644820791433,2.55466505688608));
#17499=DIRECTION('',(0.999990480720734,-0.00436330928474672,1.22695242713123E-12));
#17500=DIRECTION('',(0.00436330928474672,0.999990480720734,5.23115803418368E-15));
#17501=DIRECTION('',(-1.22696357258885E-12,1.22464679914735E-16,1.0));
#17502=DIRECTION('',(-1.22696357258885E-12,1.22464679914735E-16,1.0));
#17503=DIRECTION('',(1.0,-6.95003008523479E-32,-5.67513024169391E-16));
#17504=DIRECTION('',(1.0,-6.95003008523479E-32,-5.67513024169391E-16));
#17505=DIRECTION('',(1.22842838454662E-12,1.22464679914735E-16,1.0));
#17506=DIRECTION('',(-1.22842838454662E-12,-1.22464679914735E-16,-1.0));
#17507=DIRECTION('',(1.0,-2.9528538676585E-32,-2.41118816438698E-16));
#17508=CARTESIAN_POINT('',(-2.849983716529,-104.769473607332,2.55466505688608));
#17509=DIRECTION('',(-2.41116521161348E-16,-0.0043633092847467,-0.999990480720734));
#17510=DIRECTION('',(-1.05207597049408E-18,0.999990480720734,-0.0043633092847467));
#17511=DIRECTION('',(1.0,-2.9528538676585E-32,-2.41118816438698E-16));
#17512=DIRECTION('',(-1.0,1.49975978266069E-32,1.2246467991464E-16));
#17513=CARTESIAN_POINT('',(-2.849983716529,-104.769473580119,2.55466505688608));
#17514=DIRECTION('',(1.22463514139152E-16,-0.00436330928474645,0.999990480720734));
#17515=DIRECTION('',(5.34351274925065E-19,0.999990480720734,0.00436330928474645));
#17516=DIRECTION('',(-1.22842838454662E-12,-1.22464679914735E-16,-1.0));
#17517=DIRECTION('',(-0.00436326774997222,0.999980961713314,0.00436326774997761));
#17518=CARTESIAN_POINT('',(-2.849983716529,3.79940315926416E-10,2.55466505688607));
#17519=DIRECTION('',(1.76711716369732E-48,-1.0,1.22464679914735E-16));
#17520=DIRECTION('',(-1.0,1.49975978266186E-32,1.22464679914735E-16));
#17521=CARTESIAN_POINT('',(-2.849983716529,-3.4299999992762,2.55466505748979));
#17522=DIRECTION('',(1.76711716369732E-48,-1.0,1.22464679914735E-16));
#17523=DIRECTION('',(1.0,-1.49975978266186E-32,-1.22464679914735E-16));
#17524=CARTESIAN_POINT('',(-2.849983716529,-3.4299999992762,2.55466505748979));
#17525=DIRECTION('',(1.76711716369732E-48,-1.0,1.22464679914735E-16));
#17526=DIRECTION('',(1.0,-1.49975978266186E-32,-1.22464679914735E-16));
#17527=CARTESIAN_POINT('',(-2.849983716529,-3.4299999992762,2.55466505748979));
#17528=DIRECTION('',(1.76711716369732E-48,-1.0,1.22464679914735E-16));
#17529=DIRECTION('',(1.0,-1.49975978266186E-32,-1.22464679914735E-16));
#17530=CARTESIAN_POINT('',(-2.849983716529,-4.22999999927655,2.55466505748979));
#17531=DIRECTION('',(1.67047794380817E-48,1.0,-1.22464679914735E-16));
#17532=DIRECTION('',(1.0,-1.49975978266186E-32,-1.22464679914735E-16));
#17533=CARTESIAN_POINT('',(-2.849983716529,-4.22999999927655,2.55466505748979));
#17534=DIRECTION('',(1.67047794380817E-48,1.0,-1.22464679914735E-16));
#17535=DIRECTION('',(1.0,-1.49975978266186E-32,-1.22464679914735E-16));
#17536=CARTESIAN_POINT('',(-2.849983716529,3.79940315926416E-10,2.55466505688607));
#17537=DIRECTION('',(1.76711716369732E-48,-1.0,1.22464679914735E-16));
#17538=DIRECTION('',(-1.0,1.49975978266186E-32,1.22464679914735E-16));
#17539=CARTESIAN_POINT('',(-2.849983716529,3.79940315926416E-10,2.55466505688607));
#17540=DIRECTION('',(1.76711716369732E-48,-1.0,1.22464679914735E-16));
#17541=DIRECTION('',(-1.0,1.49975978266186E-32,1.22464679914735E-16));
#17542=CARTESIAN_POINT('',(-2.849983716529,3.79940315926416E-10,2.55466505688607));
#17543=DIRECTION('',(1.76711716369732E-48,-1.0,1.22464679914735E-16));
#17544=DIRECTION('',(-1.0,1.49975978266186E-32,1.22464679914735E-16));
#17545=CARTESIAN_POINT('',(-2.849983716529,3.79940315926416E-10,2.55466505688607));
#17546=DIRECTION('',(1.76711716369732E-48,-1.0,1.22464679914735E-16));
#17547=DIRECTION('',(-1.0,1.49975978266186E-32,1.22464679914735E-16));
#17548=DIRECTION('',(-1.0,3.77021929046172E-32,3.07861768232824E-16));
#17549=DIRECTION('',(1.22773462129135E-12,1.22464679914735E-16,1.0));
#17550=DIRECTION('',(-0.00436326774998309,0.999980961713314,-0.00436326774997785));
#17551=DIRECTION('',(1.22773462129135E-12,1.22464679914735E-16,1.0));
#17552=DIRECTION('',(-1.22773462129135E-12,-1.22464679914735E-16,-1.0));
#17553=DIRECTION('',(-2.47281474260565E-15,1.22464679914735E-16,1.0));
#17554=DIRECTION('',(-1.0,6.03238650927204E-32,4.92581739769542E-16));
#17555=DIRECTION('',(-1.0,4.94585692272463E-32,4.03859866058371E-16));
#17556=DIRECTION('',(-1.52655665920408E-16,1.0,-2.81290232494732E-10));
#17557=DIRECTION('',(-1.0,1.52655665965112E-16,4.0385986601543E-16));
#17558=DIRECTION('',(-1.52655665920407E-16,1.0,-2.81290232494732E-10));
#17559=DIRECTION('',(2.47281474260565E-15,-1.22464679914735E-16,-1.0));
#17560=DIRECTION('',(0.0,-1.0,1.22464679914735E-16));
#17561=DIRECTION('',(1.10420368660559E-15,0.866025403643794,-0.500000000243604));
#17562=DIRECTION('',(-1.15239044982717E-15,-0.866025403643794,0.500000000243604));
#17563=DIRECTION('',(-2.5691882690488E-15,1.22464679914735E-16,1.0));
#17564=CARTESIAN_POINT('',(8.85001628348474,-3.76855715674225,2.55466505688608));
#17565=DIRECTION('',(4.26080736501286E-16,0.500000000243604,0.866025403643794));
#17566=DIRECTION('',(-2.45997828075333E-16,0.866025403643794,-0.500000000243604));
#17567=DIRECTION('',(1.0,-1.05364452181477E-31,-8.60366043947004E-16));
#17568=DIRECTION('',(1.52655665920408E-16,-1.0,2.81290232494732E-10));
#17569=DIRECTION('',(0.5,0.866025403784439,-2.43604917359891E-10));
#17570=DIRECTION('',(-1.52655665920408E-16,1.0,-2.81290232494732E-10));
#17571=DIRECTION('',(-0.5,-0.866025403784439,2.43604689106802E-10));
#17572=DIRECTION('',(-1.52655665920408E-16,1.0,-2.81290232494732E-10));
#17573=DIRECTION('',(-1.0,4.94585692272463E-32,4.03859866058371E-16));
#17574=DIRECTION('',(-1.52655665920408E-16,1.0,-2.81290232494732E-10));
#17575=CARTESIAN_POINT('',(8.85001628348474,-3.77721741182905,2.55466505688608));
#17576=DIRECTION('',(-0.866025403784439,0.5,-1.4064712363252E-10));
#17577=DIRECTION('',(0.5,0.866025403784439,8.12025132799502E-11));
#17578=DIRECTION('',(2.3179287180078E-15,-2.81290232494732E-10,-1.0));
#17579=DIRECTION('',(2.31792871796487E-15,-1.22464679914735E-16,-1.0));
#17580=DIRECTION('',(1.368611056043E-15,-0.866025403925084,-0.499999999756396));
#17581=DIRECTION('',(0.0,1.0,-1.22464679914735E-16));
#17582=DIRECTION('',(2.47281474260565E-15,-1.22464679914735E-16,-1.0));
#17583=DIRECTION('',(-1.52655665920408E-16,1.0,-2.81290232494732E-10));
#17584=DIRECTION('',(-2.5691882690488E-15,1.22464679914735E-16,1.0));
#17585=DIRECTION('',(-1.41679781926457E-15,0.866025403925084,0.499999999756396));
#17586=DIRECTION('',(-1.52655665920407E-16,1.0,-2.81290232494732E-10));
#17587=CARTESIAN_POINT('',(8.85001628348474,-3.76855715884025,2.55466505688608));
#17588=DIRECTION('',(-2.73425070649775E-16,0.499999999756396,-0.866025403925084));
#17589=DIRECTION('',(1.57862038040291E-16,0.866025403925084,0.499999999756396));
#17590=DIRECTION('',(1.0,-1.52655665965113E-16,-4.0385986601543E-16));
#17591=DIRECTION('',(1.0,-4.94585692272463E-32,-4.03859866058371E-16));
#17592=DIRECTION('',(1.22512777946977E-12,1.22464679914735E-16,1.0));
#17593=DIRECTION('',(-0.00436326774997254,0.999980961713314,0.00436326774997761));
#17594=DIRECTION('',(1.0,-1.49975978266069E-32,-1.2246467991464E-16));
#17595=CARTESIAN_POINT('',(8.85001628348474,-104.769473580115,2.55466505688609));
#17596=DIRECTION('',(-1.22463514139152E-16,0.00436330928474645,-0.999990480720734));
#17597=DIRECTION('',(5.34351274925065E-19,0.999990480720734,0.00436330928474645));
#17598=DIRECTION('',(-2.47281474260565E-15,1.22464679914735E-16,1.0));
#17599=DIRECTION('',(2.47281474260565E-15,-1.22464679914735E-16,-1.0));
#17600=DIRECTION('',(-1.52655665920408E-16,1.0,-2.81290232494732E-10));
#17601=DIRECTION('',(-1.41864557918196E-16,0.999990480720734,-0.0043633092847467));
#17602=DIRECTION('',(0.00436330928474657,0.999990480720734,-2.81287556963741E-10));
#17603=DIRECTION('',(-1.0,6.03238650927204E-32,4.92581739769542E-16));
#17604=DIRECTION('',(-1.0,2.9528538676585E-32,2.41118816438698E-16));
#17605=CARTESIAN_POINT('',(8.85001628348474,-104.769473607335,2.55466505688609));
#17606=DIRECTION('',(2.41116521161348E-16,0.0043633092847467,0.999990480720734));
#17607=DIRECTION('',(-1.05207597049408E-18,0.999990480720734,-0.0043633092847467));
#17608=DIRECTION('',(-1.0,2.9528538676585E-32,2.41118816438698E-16));
#17609=DIRECTION('',(1.22489461771225E-12,1.22464679914735E-16,1.0));
#17610=DIRECTION('',(-1.22489461771225E-12,-1.22464679914735E-16,-1.0));
#17611=DIRECTION('',(-1.0,6.95003008523479E-32,5.67513024169391E-16));
#17612=DIRECTION('',(1.0,-6.95003008523479E-32,-5.67513024169391E-16));
#17613=CARTESIAN_POINT('',(8.85001628348474,-107.748835204592,2.55466505688609));
#17614=DIRECTION('',(-0.999990480720734,0.00436330928474642,-1.23048616032669E-12));
#17615=DIRECTION('',(0.00436330928474642,0.999990480720734,5.24657695182186E-15));
#17616=DIRECTION('',(-1.23049733942323E-12,1.22464679914735E-16,1.0));
#17617=DIRECTION('',(1.23049733942323E-12,-1.22464679914735E-16,-1.0));
#17618=CARTESIAN_POINT('',(8.85001628348474,-104.769473607335,2.55466505688609));
#17619=DIRECTION('',(2.41116521161348E-16,0.0043633092847467,0.999990480720734));
#17620=DIRECTION('',(-1.05207597049408E-18,0.999990480720734,-0.0043633092847467));
#17621=DIRECTION('',(-1.0,2.9528538676585E-32,2.41118816438698E-16));
#17622=CARTESIAN_POINT('',(8.85001628348474,-104.769473580115,2.55466505688609));
#17623=DIRECTION('',(-1.22463514139152E-16,0.00436330928474645,-0.999990480720734));
#17624=DIRECTION('',(5.34351274925065E-19,0.999990480720734,0.00436330928474645));
#17625=DIRECTION('',(1.0,-1.49975978266069E-32,-1.2246467991464E-16));
#17626=DIRECTION('',(0.00436326774997221,0.999980961713314,0.00436326774997761));
#17627=DIRECTION('',(1.23049733942323E-12,-1.22464679914735E-16,-1.0));
#17628=CARTESIAN_POINT('',(8.85001628348474,-107.748835204592,2.55466505688609));
#17629=DIRECTION('',(-0.999990480720734,0.00436330928474642,-1.23048616032669E-12));
#17630=DIRECTION('',(0.00436330928474642,0.999990480720734,5.24657695182186E-15));
#17631=CARTESIAN_POINT('',(8.85001628348474,3.79940315926416E-10,2.55466505688608));
#17632=DIRECTION('',(-1.76711716369732E-48,1.0,-1.22464679914735E-16));
#17633=DIRECTION('',(-1.0,1.49975978266186E-32,1.22464679914735E-16));
#17634=CARTESIAN_POINT('',(8.85001628348474,-3.4299999992762,2.55466505748948));
#17635=DIRECTION('',(-1.76711716369732E-48,1.0,-1.22464679914735E-16));
#17636=DIRECTION('',(1.0,-1.49975978266186E-32,-1.22464679914735E-16));
#17637=CARTESIAN_POINT('',(8.85001628348474,-3.4299999992762,2.55466505748948));
#17638=DIRECTION('',(-1.76711716369732E-48,1.0,-1.22464679914735E-16));
#17639=DIRECTION('',(1.0,-1.49975978266186E-32,-1.22464679914735E-16));
#17640=CARTESIAN_POINT('',(8.85001628348474,-3.4299999992762,2.55466505748948));
#17641=DIRECTION('',(-1.76711716369732E-48,1.0,-1.22464679914735E-16));
#17642=DIRECTION('',(1.0,-1.49975978266186E-32,-1.22464679914735E-16));
#17643=CARTESIAN_POINT('',(8.85001628348474,-4.22999999927655,2.55466505748948));
#17644=DIRECTION('',(1.67047794380817E-48,1.0,-1.22464679914735E-16));
#17645=DIRECTION('',(1.0,-1.49975978266186E-32,-1.22464679914735E-16));
#17646=CARTESIAN_POINT('',(8.85001628348474,-4.22999999927655,2.55466505748948));
#17647=DIRECTION('',(1.67047794380817E-48,1.0,-1.22464679914735E-16));
#17648=DIRECTION('',(1.0,-1.49975978266186E-32,-1.22464679914735E-16));
#17649=CARTESIAN_POINT('',(8.85001628348474,3.79940315926416E-10,2.55466505688608));
#17650=DIRECTION('',(-1.76711716369732E-48,1.0,-1.22464679914735E-16));
#17651=DIRECTION('',(-1.0,1.49975978266186E-32,1.22464679914735E-16));
#17652=CARTESIAN_POINT('',(8.85001628348474,3.79940315926416E-10,2.55466505688608));
#17653=DIRECTION('',(-1.76711716369732E-48,1.0,-1.22464679914735E-16));
#17654=DIRECTION('',(-1.0,1.49975978266186E-32,1.22464679914735E-16));
#17655=CARTESIAN_POINT('',(8.85001628348474,3.79940315926416E-10,2.55466505688608));
#17656=DIRECTION('',(-1.76711716369732E-48,1.0,-1.22464679914735E-16));
#17657=DIRECTION('',(-1.0,1.49975978266186E-32,1.22464679914735E-16));
#17658=CARTESIAN_POINT('',(8.85001628348474,3.79940315926416E-10,2.55466505688608));
#17659=DIRECTION('',(-1.76711716369732E-48,1.0,-1.22464679914735E-16));
#17660=DIRECTION('',(-1.0,1.49975978266186E-32,1.22464679914735E-16));
#17661=DIRECTION('',(1.0,-3.77021929046172E-32,-3.07861768232824E-16));
#17662=DIRECTION('',(-0.00436326774998308,-0.999980961713314,0.00436326774997785));
#17663=DIRECTION('',(-1.22700024361837E-12,1.22464679914735E-16,1.0));
#17664=DIRECTION('',(1.22700024361837E-12,-1.22464679914735E-16,-1.0));
#17665=DIRECTION('',(-1.22700024361837E-12,1.22464679914735E-16,1.0));
#17666=DIRECTION('',(1.0,-1.49975978266186E-32,-1.22464679914735E-16));
#17667=DIRECTION('',(-2.15466482132881E-15,-1.22464679914735E-16,-1.0));
#17668=DIRECTION('',(-0.553679043165405,1.01980032336933E-16,0.832730158670527));
#17669=DIRECTION('',(-2.15466482132881E-15,-1.22464679914735E-16,-1.0));
#17670=DIRECTION('',(1.0,-1.49975978266186E-32,-1.22464679914735E-16));
#17671=DIRECTION('',(-0.553679043165405,1.01980032336933E-16,0.832730158670527));
#17672=DIRECTION('',(0.552465075348193,-1.02078725110394E-16,-0.833536046323442));
#17673=DIRECTION('',(-1.22464679914735E-16,-1.22464679914735E-16,-1.0));
#17674=DIRECTION('',(-1.0,1.49975978266186E-32,1.22464679914735E-16));
#17675=DIRECTION('',(-2.15466482132881E-15,-1.22464679914735E-16,-1.0));
#17676=DIRECTION('',(-1.0,1.49975978266186E-32,1.22464679914735E-16));
#17677=DIRECTION('',(1.22464679914735E-16,1.22464679914735E-16,1.0));
#17678=DIRECTION('',(-1.0,1.49975978266186E-32,1.22464679914735E-16));
#17679=DIRECTION('',(1.22464679914735E-16,1.22464679914735E-16,1.0));
#17680=DIRECTION('',(1.0,-1.49975978266186E-32,-1.22464679914735E-16));
#17681=DIRECTION('',(1.22464679914735E-16,1.22464679914735E-16,1.0));
#17682=DIRECTION('',(1.0,-7.46832769743042E-31,-6.09835235974174E-15));
#17683=DIRECTION('',(0.0,-1.0,1.22464679914735E-16));
#17684=DIRECTION('',(0.0,-1.0,1.22464679914735E-16));
#17685=DIRECTION('',(-1.22464679914735E-16,-1.22464679914735E-16,-1.0));
#17686=DIRECTION('',(0.0,-1.0,1.22464679914735E-16));
#17687=DIRECTION('',(0.0,-1.0,1.22464679914735E-16));
#17688=DIRECTION('',(-1.0,1.49975978266186E-32,1.22464679914735E-16));
#17689=DIRECTION('',(0.0,-1.0,1.22464679914735E-16));
#17690=DIRECTION('',(-2.15466482132881E-15,-1.22464679914735E-16,-1.0));
#17691=DIRECTION('',(0.0,-1.0,1.22464679914735E-16));
#17692=DIRECTION('',(-1.0,1.49975978266186E-32,1.22464679914735E-16));
#17693=DIRECTION('',(0.0,-1.0,1.22464679914735E-16));
#17694=DIRECTION('',(1.22464679914735E-16,1.22464679914735E-16,1.0));
#17695=DIRECTION('',(0.0,-1.0,1.22464679914735E-16));
#17696=DIRECTION('',(-1.0,1.49975978266186E-32,1.22464679914735E-16));
#17697=DIRECTION('',(0.0,-1.0,1.22464679914735E-16));
#17698=DIRECTION('',(1.22464679914735E-16,1.22464679914735E-16,1.0));
#17699=DIRECTION('',(0.0,-1.0,1.22464679914735E-16));
#17700=DIRECTION('',(1.0,-1.49975978266186E-32,-1.22464679914735E-16));
#17701=DIRECTION('',(0.0,-1.0,1.22464679914735E-16));
#17702=DIRECTION('',(1.22464679914735E-16,1.22464679914735E-16,1.0));
#17703=DIRECTION('',(0.0,-1.0,1.22464679914735E-16));
#17704=DIRECTION('',(1.0,-7.46832769743042E-31,-6.09835235974174E-15));
#17705=DIRECTION('',(0.0,-1.0,1.22464679914735E-16));
#17706=DIRECTION('',(0.552465075348193,-1.02078725110394E-16,-0.833536046323442));
#17707=DIRECTION('',(0.0,-1.0,1.22464679914735E-16));
#17708=DIRECTION('',(-1.0,-1.72308330322007E-30,-1.40700429251908E-14));
#17709=DIRECTION('',(1.22464679914735E-16,1.22464679914735E-16,1.0));
#17710=DIRECTION('',(1.0,5.06426672487386E-31,4.13528760161689E-15));
#17711=DIRECTION('',(-3.22346653635071E-15,1.22464679914735E-16,1.0));
#17712=DIRECTION('',(1.0,6.64659292195706E-31,5.42735499458674E-15));
#17713=DIRECTION('',(3.30656335604484E-15,-1.22464679914735E-16,-1.0));
#17714=DIRECTION('',(-1.0,1.49975978266186E-32,1.22464679914735E-16));
#17715=DIRECTION('',(0.0,-1.0,1.22464679914735E-16));
#17716=DIRECTION('',(0.0,-1.0,1.22464679914735E-16));
#17717=DIRECTION('',(-1.0,1.49975978266186E-32,1.22464679914735E-16));
#17718=DIRECTION('',(0.0,-1.0,1.22464679914735E-16));
#17719=DIRECTION('',(3.30656335604484E-15,-1.22464679914735E-16,-1.0));
#17720=DIRECTION('',(0.0,-1.0,1.22464679914735E-16));
#17721=DIRECTION('',(1.0,6.64659292195706E-31,5.42735499458674E-15));
#17722=DIRECTION('',(0.0,-1.0,1.22464679914735E-16));
#17723=DIRECTION('',(-3.22346653635071E-15,1.22464679914735E-16,1.0));
#17724=DIRECTION('',(0.0,-1.0,1.22464679914735E-16));
#17725=DIRECTION('',(1.0,5.06426672487386E-31,4.13528760161689E-15));
#17726=DIRECTION('',(0.0,-1.0,1.22464679914735E-16));
#17727=DIRECTION('',(1.22464679914735E-16,1.22464679914735E-16,1.0));
#17728=DIRECTION('',(0.0,-1.0,1.22464679914735E-16));
#17729=DIRECTION('',(-1.0,-1.72308330322007E-30,-1.40700429251908E-14));
#17730=DIRECTION('',(-1.0,-1.97444757399458E-31,-1.61225879606207E-15));
#17731=DIRECTION('',(3.44481032880113E-26,-1.0,2.81290232494732E-10));
#17732=DIRECTION('',(1.0,1.97444757399458E-31,1.61225879606207E-15));
#17733=DIRECTION('',(3.44481032880114E-26,-1.0,2.81290232494732E-10));
#17734=DIRECTION('',(-1.07911365563724E-15,-1.22464679914735E-16,-1.0));
#17735=DIRECTION('',(1.07911365563724E-15,1.22464679914735E-16,1.0));
#17736=DIRECTION('',(3.44481032880114E-26,-1.0,2.81290232494732E-10));
#17737=DIRECTION('',(1.0,4.09887112625534E-31,3.34698227203887E-15));
#17738=DIRECTION('',(-1.0,-4.09887112625534E-31,-3.34698227203887E-15));
#17739=DIRECTION('',(3.44481032880113E-26,-1.0,2.81290232494732E-10));
#17740=DIRECTION('',(-8.34184295807769E-16,1.22464679914735E-16,1.0));
#17741=DIRECTION('',(8.34184295807769E-16,-1.22464679914735E-16,-1.0));
#17742=DIRECTION('',(-7.60230663729734E-16,-1.22464679914735E-16,-1.0));
#17743=DIRECTION('',(-1.0,-4.09887112625534E-31,-3.34698227203887E-15));
#17744=DIRECTION('',(1.39799664754474E-15,1.22464679914735E-16,1.0));
#17745=DIRECTION('',(1.0,1.97444757399458E-31,1.61225879606207E-15));
#17746=DIRECTION('',(-1.0,-1.97444757399458E-31,-1.61225879606207E-15));
#17747=DIRECTION('',(3.4448103288011E-26,-1.0,2.81290232494732E-10));
#17748=DIRECTION('',(3.4448103288011E-26,-1.0,2.81290232494732E-10));
#17749=DIRECTION('',(-1.39799664754474E-15,-1.22464679914735E-16,-1.0));
#17750=DIRECTION('',(3.4448103288011E-26,-1.0,2.81290232494732E-10));
#17751=DIRECTION('',(1.0,4.09887112625534E-31,3.34698227203887E-15));
#17752=DIRECTION('',(3.4448103288011E-26,-1.0,2.81290232494732E-10));
#17753=DIRECTION('',(7.60230663729734E-16,1.22464679914735E-16,1.0));
#17754=DIRECTION('',(1.0,-2.9528538676585E-32,-2.41118816438698E-16));
#17755=DIRECTION('',(1.0,-2.9528538676585E-32,-2.41118816438698E-16));
#17756=DIRECTION('',(1.0,-9.75696820628063E-16,-1.16504412997183E-16));
#17757=CARTESIAN_POINT('',(2.49629819278224,9.94357492114686,-3.52621729235209));
#17758=DIRECTION('',(-0.999990480720735,-0.00436330928474657,1.22747874487933E-12));
#17759=DIRECTION('',(-0.00436330928474657,0.999990480720735,-2.81288919867246E-10));
#17760=DIRECTION('',(-1.0,9.75696820628063E-16,1.16504412997183E-16));
#17761=CARTESIAN_POINT('',(3.5037343741873,9.94357492114686,-3.52621729235209));
#17762=DIRECTION('',(0.999990480720735,-0.00436330928474657,1.22723382142625E-12));
#17763=DIRECTION('',(-0.00436330928474657,-0.999990480720735,2.81286189761663E-10));
#17764=CARTESIAN_POINT('',(4.2000162834849,11.7439290092859,-3.38354651232637));
#17765=DIRECTION('',(-4.80794077044582E-18,-0.999229036240723,-0.0392598157590685));
#17766=DIRECTION('',(-1.2237026408473E-16,0.0392598157590685,-0.999229036240723));
#17767=DIRECTION('',(0.0,-1.0,1.22464679914735E-16));
#17768=CARTESIAN_POINT('',(4.2000162834849,13.2999999985851,-3.38354651232637));
#17769=DIRECTION('',(-2.13821176807376E-48,-1.0,1.22464679914735E-16));
#17770=DIRECTION('',(-1.0,1.49975978266186E-32,1.22464679914735E-16));
#17771=DIRECTION('',(0.0,1.0,-1.22464679914735E-16));
#17772=CARTESIAN_POINT('',(1.80001628348478,11.7439290092859,-3.38354651232637));
#17773=DIRECTION('',(-4.80794077044582E-18,-0.999229036240723,-0.0392598157590685));
#17774=DIRECTION('',(-1.2237026408473E-16,0.0392598157590685,-0.999229036240723));
#17775=DIRECTION('',(0.0,-1.0,1.22464679914735E-16));
#17776=CARTESIAN_POINT('',(1.80001628348478,13.2999999985851,-3.38354651232637));
#17777=DIRECTION('',(-2.13821176807376E-48,-1.0,1.22464679914735E-16));
#17778=DIRECTION('',(-1.0,1.49975978266186E-32,1.22464679914735E-16));
#17779=DIRECTION('',(0.0,1.0,-1.22464679914735E-16));
#17780=DIRECTION('',(5.34351274925482E-19,-0.999990480720734,0.0043633092847467));
#17781=DIRECTION('',(-5.34351274925482E-19,0.999990480720734,-0.0043633092847467));
#17782=CARTESIAN_POINT('',(-2.60998371652901,11.8130890033594,-4.22678140677453));
#17783=DIRECTION('',(-1.15078583374295E-16,-0.342032990340657,-0.9396879447554));
#17784=DIRECTION('',(-4.18869606823805E-17,0.9396879447554,-0.342032990340657));
#17785=DIRECTION('',(-0.00436326774998308,0.999980961713314,-0.00436326774997785));
#17786=CARTESIAN_POINT('',(-3.09567594837134,2.79999999985318,-3.78745032972606));
#17787=DIRECTION('',(0.0,1.0,-1.22464679914735E-16));
#17788=DIRECTION('',(-0.707106781186982,-8.65956056234961E-17,-0.707106781186113));
#17789=DIRECTION('',(0.00436326774998309,-0.999980961713314,0.00436326774997785));
#17790=DIRECTION('',(4.24471159315952E-18,-0.999990480720734,0.0043633092847467));
#17791=DIRECTION('',(-4.24471159315952E-18,0.999990480720734,-0.0043633092847467));
#17792=CARTESIAN_POINT('',(8.61001628348475,11.8130890033594,-4.22678140677453));
#17793=DIRECTION('',(-1.15078583374295E-16,-0.342032990340657,-0.9396879447554));
#17794=DIRECTION('',(4.58292397791112E-17,-0.9396879447554,0.342032990340657));
#17795=DIRECTION('',(0.00436326774998309,0.999980961713314,-0.00436326774997785));
#17796=CARTESIAN_POINT('',(9.09570851534088,2.79999999985318,-3.78745032972605));
#17797=DIRECTION('',(-9.62946638990408E-33,1.0,-1.22464679914735E-16));
#17798=DIRECTION('',(0.707106781186982,-8.65956056234961E-17,-0.707106781186113));
#17799=DIRECTION('',(-0.00436326774998308,-0.999980961713314,0.00436326774997785));
#17800=CARTESIAN_POINT('',(-2.49567785224152,2.79999999985318,0.450142629829669));
#17801=DIRECTION('',(0.0,-1.0,1.22464679914735E-16));
#17802=DIRECTION('',(-9.79681268287275E-13,1.22464679914735E-16,1.0));
#17803=DIRECTION('',(4.27465237401017E-15,-0.999990480720734,-0.00436330928474645));
#17804=CARTESIAN_POINT('',(-2.49567785224152,3.1999999998497,0.451887970157933));
#17805=DIRECTION('',(0.0,1.0,-1.22464679914735E-16));
#17806=DIRECTION('',(-9.79681268287275E-13,1.22464679914735E-16,1.0));
#17807=DIRECTION('',(-4.27465237401017E-15,0.999990480720734,0.00436330928474645));
#17808=CARTESIAN_POINT('',(-2.59498371651504,2.79999999985318,-3.18745223362583));
#17809=DIRECTION('',(-2.13821176807376E-48,-1.0,1.22464679914735E-16));
#17810=DIRECTION('',(1.0,-1.49975978266186E-32,-1.22464679914735E-16));
#17811=DIRECTION('',(3.4448103287964E-26,-1.0,2.81290232494732E-10));
#17812=CARTESIAN_POINT('',(-2.59498371651504,3.1999999998497,-3.18745223362583));
#17813=DIRECTION('',(2.13821176807376E-48,1.0,-1.22464679914735E-16));
#17814=DIRECTION('',(1.0,-1.49975978266186E-32,-1.22464679914735E-16));
#17815=DIRECTION('',(0.0,1.0,-1.22464679914735E-16));
#17816=CARTESIAN_POINT('',(-1.30498371651504,2.79999999985318,-3.18745223362457));
#17817=DIRECTION('',(-2.13821176807376E-48,-1.0,1.22464679914735E-16));
#17818=DIRECTION('',(1.0,-1.49975978266186E-32,-1.22464679914735E-16));
#17819=DIRECTION('',(0.0,-1.0,1.22464679914735E-16));
#17820=CARTESIAN_POINT('',(-1.30498371651504,3.1999999998497,-3.18745223362457));
#17821=DIRECTION('',(2.13821176807376E-48,1.0,-1.22464679914735E-16));
#17822=DIRECTION('',(1.0,-1.49975978266186E-32,-1.22464679914735E-16));
#17823=DIRECTION('',(-3.4448103288011E-26,1.0,-2.81290232494732E-10));
#17824=CARTESIAN_POINT('',(8.59501628348457,2.79999999985318,-3.18745223362583));
#17825=DIRECTION('',(-2.13821176807376E-48,-1.0,1.22464679914735E-16));
#17826=DIRECTION('',(1.0,-1.49975978266186E-32,-1.22464679914735E-16));
#17827=DIRECTION('',(0.0,-1.0,1.22464679914735E-16));
#17828=CARTESIAN_POINT('',(8.59501628348457,3.1999999998497,-3.18745223362583));
#17829=DIRECTION('',(2.13821176807376E-48,1.0,-1.22464679914735E-16));
#17830=DIRECTION('',(1.0,-1.49975978266186E-32,-1.22464679914735E-16));
#17831=DIRECTION('',(-3.4448103288058E-26,1.0,-2.81290232494732E-10));
#17832=CARTESIAN_POINT('',(7.30501628348457,2.79999999985318,-3.18745223362457));
#17833=DIRECTION('',(-2.13821176807376E-48,-1.0,1.22464679914735E-16));
#17834=DIRECTION('',(1.0,-1.49975978266186E-32,-1.22464679914735E-16));
#17835=DIRECTION('',(3.4448103288011E-26,-1.0,2.81290232494732E-10));
#17836=CARTESIAN_POINT('',(7.30501628348457,3.1999999998497,-3.18745223362457));
#17837=DIRECTION('',(2.13821176807376E-48,1.0,-1.22464679914735E-16));
#17838=DIRECTION('',(1.0,-1.49975978266186E-32,-1.22464679914735E-16));
#17839=DIRECTION('',(0.0,1.0,-1.22464679914735E-16));
#17840=CARTESIAN_POINT('',(8.49571041921106,2.79999999985318,0.450142629829662));
#17841=DIRECTION('',(-1.75160640621675E-44,-1.0,1.22464679914735E-16));
#17842=DIRECTION('',(9.85491404282697E-13,1.22464679914735E-16,1.0));
#17843=DIRECTION('',(-4.30000379434463E-15,-0.999990480720734,-0.00436330928474645));
#17844=CARTESIAN_POINT('',(8.49571041921106,3.1999999998497,0.451887970157929));
#17845=DIRECTION('',(1.75160640621675E-44,1.0,-1.22464679914735E-16));
#17846=DIRECTION('',(9.85491404282697E-13,1.22464679914735E-16,1.0));
#17847=DIRECTION('',(4.30000379434463E-15,0.999990480720734,0.00436330928474645));
#17848=DIRECTION('',(-1.22464679914735E-16,-2.81290249698164E-10,-1.0));
#17849=CARTESIAN_POINT('',(-3.54411295022509,13.900000000829,2.92879240306134));
#17850=DIRECTION('',(-1.22463514139152E-16,0.00436330928474645,-0.999990480720734));
#17851=DIRECTION('',(-5.34351296801674E-19,-0.999990480720734,-0.00436330928474645));
#17852=DIRECTION('',(1.22464679914735E-16,2.81290249698164E-10,1.0));
#17853=CARTESIAN_POINT('',(-3.54411295022509,13.9000000005172,1.82031926039447));
#17854=DIRECTION('',(-1.22463514139342E-16,-0.00436330928474669,-0.999990480720735));
#17855=DIRECTION('',(-5.34351253049289E-19,0.999990480720734,-0.00436330928474669));
#17856=DIRECTION('',(-1.22464679914735E-16,-2.81290249698164E-10,-1.0));
#17857=CARTESIAN_POINT('',(9.54414551719463,13.900000000829,2.92879240306134));
#17858=DIRECTION('',(-1.22463514139152E-16,0.00436330928474645,-0.999990480720734));
#17859=DIRECTION('',(5.34351296801674E-19,0.999990480720734,0.00436330928474645));
#17860=DIRECTION('',(1.22464679914735E-16,2.81290249698164E-10,1.0));
#17861=CARTESIAN_POINT('',(9.54414551719463,13.9000000005172,1.82031926039447));
#17862=DIRECTION('',(-1.22463514139342E-16,-0.00436330928474669,-0.999990480720735));
#17863=DIRECTION('',(5.34351253049289E-19,-0.999990480720734,0.00436330928474669));
#17864=CARTESIAN_POINT('',(1.39924478484392,11.5631866565889,-3.8776138616437));
#17865=DIRECTION('',(0.999990480720735,-0.00436330928474657,2.60335216239667E-14));
#17866=DIRECTION('',(-0.00436330928474657,-0.999990480720734,6.05658247950167E-12));
#17867=DIRECTION('',(-1.0,-1.06477794254684E-17,3.93468763039016E-16));
#17868=CARTESIAN_POINT('',(4.60078778212575,11.5631866565889,-3.87761386164371));
#17869=DIRECTION('',(-0.999990480720735,-0.00436330928474657,2.69491012365229E-14));
#17870=DIRECTION('',(-0.00436330928474657,0.999990480720734,-6.08606317005687E-12));
#17871=DIRECTION('',(1.0,1.06477794254684E-17,-3.93468763039016E-16));
#17872=CARTESIAN_POINT('',(4.30001628348486,11.5631866565889,-3.87761386164371));
#17873=DIRECTION('',(-1.0,1.05043388871142E-29,8.57744363062699E-14));
#17874=DIRECTION('',(-8.57744363062699E-14,-1.22464679914735E-16,-1.0));
#17875=DIRECTION('',(1.0,1.06477794254684E-17,-3.93468763039016E-16));
#17876=CARTESIAN_POINT('',(1.70001628348482,11.5631866565889,-3.8776138616437));
#17877=DIRECTION('',(1.0,1.04743436914609E-29,8.55295069464404E-14));
#17878=DIRECTION('',(-8.55295069464404E-14,1.22464679914735E-16,1.0));
#17879=DIRECTION('',(1.0,1.06477794254684E-17,-3.93468763039016E-16));
#17880=DIRECTION('',(-0.00436326774997238,0.999980961713314,0.00436326774997761));
#17881=DIRECTION('',(0.00436326774997238,-0.999980961713314,-0.00436326774997761));
#17882=CARTESIAN_POINT('',(9.01001437959224,1.80000000001052,-3.85675619053082));
#17883=DIRECTION('',(-9.62946638990408E-33,1.0,-1.22464679914735E-16));
#17884=DIRECTION('',(0.707106781186114,-8.65956056236024E-17,-0.707106781186981));
#17885=DIRECTION('',(0.00436326774997238,0.999980961713314,0.00436326774997761));
#17886=DIRECTION('',(-0.00436326774997238,-0.999980961713314,-0.00436326774997761));
#17887=CARTESIAN_POINT('',(-3.0099818126365,1.80000000001052,-3.85675619053082));
#17888=DIRECTION('',(9.62946638990408E-33,1.0,-1.22464679914735E-16));
#17889=DIRECTION('',(-0.707106781186114,-8.65956056236024E-17,-0.707106781186981));
#17890=CARTESIAN_POINT('',(-0.409345163463869,13.0999999985851,-3.4923966509208));
#17891=DIRECTION('',(0.00436326774998312,0.999980961713314,-0.00436326774997781));
#17892=DIRECTION('',(-0.999990480720734,0.00436330928475196,1.21929206896247E-16));
#17893=DIRECTION('',(0.00436326774998308,0.999980961713314,-0.00436326774997785));
#17894=CARTESIAN_POINT('',(-0.454287676911614,2.79999999985318,-3.4474541374731));
#17895=DIRECTION('',(-9.62946638990408E-33,1.0,-1.22464679914735E-16));
#17896=DIRECTION('',(-0.707106781186982,8.65956056234961E-17,0.707106781186113));
#17897=DIRECTION('',(-0.00436326774998309,-0.999980961713314,0.00436326774997785));
#17898=CARTESIAN_POINT('',(-0.409345163463869,13.0999999985851,-3.4923966509208));
#17899=DIRECTION('',(-1.0,2.16840434497101E-15,1.13003171036493E-16));
#17900=DIRECTION('',(2.16840434497101E-15,1.0,-1.22464679914736E-16));
#17901=CARTESIAN_POINT('',(-0.409345163463869,13.0999999985851,-3.4923966509208));
#17902=DIRECTION('',(1.22719439457368E-12,-1.22464679914735E-16,-1.0));
#17903=DIRECTION('',(-1.0,-1.50287968724623E-28,-1.22719439457368E-12));
#17904=CARTESIAN_POINT('',(-0.290622269566599,13.0999999985851,-3.4923966509208));
#17905=DIRECTION('',(-0.00436326774998312,0.999980961713314,-0.00436326774997781));
#17906=DIRECTION('',(0.999990480720734,0.00436330928475196,-1.23000254432214E-16));
#17907=DIRECTION('',(-0.00436326774998309,0.999980961713314,-0.00436326774997785));
#17908=CARTESIAN_POINT('',(-0.245679756118847,2.79999999985318,-3.44745413747311));
#17909=DIRECTION('',(0.0,1.0,-1.22464679914735E-16));
#17910=DIRECTION('',(0.707106781186982,8.65956056234961E-17,0.707106781186113));
#17911=DIRECTION('',(0.00436326774998309,-0.999980961713314,0.00436326774997785));
#17912=CARTESIAN_POINT('',(-0.290622269566599,13.0999999985851,-3.4923966509208));
#17913=DIRECTION('',(1.0,-1.49975978266186E-32,-1.22464679914735E-16));
#17914=DIRECTION('',(0.0,-1.0,1.22464679914735E-16));
#17915=DIRECTION('',(1.0,-1.49975978266303E-32,-1.22464679914831E-16));
#17916=DIRECTION('',(-1.0,1.49975978266303E-32,1.22464679914831E-16));
#17917=CARTESIAN_POINT('',(-0.290622269566599,13.0999999985851,-3.4923966509208));
#17918=DIRECTION('',(1.2274393239335E-12,1.22464679914735E-16,1.0));
#17919=DIRECTION('',(1.0,-1.50317963920276E-28,-1.2274393239335E-12));
#17920=CARTESIAN_POINT('',(-0.290622269567439,13.0999999985851,-4.17595788342253));
#17921=DIRECTION('',(-8.6406477386818E-17,-0.708647764860917,-0.705562431934713));
#17922=DIRECTION('',(1.7336341044803E-12,-0.705562431934713,0.708647764860917));
#17923=DIRECTION('',(-1.22859689839093E-12,-1.22464679914735E-16,-1.0));
#17924=DIRECTION('',(1.22859689839093E-12,1.22464679914735E-16,1.0));
#17925=CARTESIAN_POINT('',(6.4093777304334,13.0999999985851,-3.4923966509208));
#17926=DIRECTION('',(-0.00436326774998312,0.999980961713314,-0.00436326774997781));
#17927=DIRECTION('',(-0.999990480720734,-0.00436330928475196,1.23000254432214E-16));
#17928=DIRECTION('',(-0.00436326774998309,0.999980961713314,-0.00436326774997785));
#17929=CARTESIAN_POINT('',(6.45432024388115,2.79999999985318,-3.44745413747311));
#17930=DIRECTION('',(0.0,1.0,-1.22464679914735E-16));
#17931=DIRECTION('',(0.707106781186982,8.65956056234961E-17,0.707106781186113));
#17932=DIRECTION('',(0.00436326774998308,-0.999980961713314,0.00436326774997785));
#17933=CARTESIAN_POINT('',(6.4093777304334,13.0999999985851,-3.4923966509208));
#17934=DIRECTION('',(-1.2274393239335E-12,-1.22464679914735E-16,-1.0));
#17935=DIRECTION('',(1.0,-1.50317963920276E-28,-1.2274393239335E-12));
#17936=CARTESIAN_POINT('',(6.4093777304334,13.0999999985851,-3.4923966509208));
#17937=DIRECTION('',(1.0,-1.49975978266186E-32,-1.22464679914735E-16));
#17938=DIRECTION('',(0.0,-1.0,1.22464679914735E-16));
#17939=CARTESIAN_POINT('',(6.29065483653613,13.0999999985851,-3.4923966509208));
#17940=DIRECTION('',(-1.0,1.49975978266186E-32,1.22464679914735E-16));
#17941=DIRECTION('',(0.0,1.0,-1.22464679914735E-16));
#17942=DIRECTION('',(-1.0,1.49975978266303E-32,1.22464679914831E-16));
#17943=DIRECTION('',(1.0,-1.49975978266303E-32,-1.22464679914831E-16));
#17944=CARTESIAN_POINT('',(6.29065483653613,13.0999999985851,-3.4923966509208));
#17945=DIRECTION('',(0.00436326774998312,0.999980961713314,-0.00436326774997781));
#17946=DIRECTION('',(0.999990480720734,-0.00436330928475196,-1.21929206896247E-16));
#17947=DIRECTION('',(0.00436326774998309,0.999980961713314,-0.00436326774997785));
#17948=CARTESIAN_POINT('',(6.24571232308838,2.79999999985318,-3.4474541374731));
#17949=DIRECTION('',(-9.62946638990408E-33,1.0,-1.22464679914735E-16));
#17950=DIRECTION('',(-0.707106781186982,8.65956056234961E-17,0.707106781186113));
#17951=DIRECTION('',(-0.00436326774998309,-0.999980961713314,0.00436326774997785));
#17952=CARTESIAN_POINT('',(6.29065483653613,13.0999999985851,-3.4923966509208));
#17953=DIRECTION('',(-1.22719439457368E-12,1.22464679914735E-16,1.0));
#17954=DIRECTION('',(1.0,1.50287968724623E-28,1.22719439457368E-12));
#17955=CARTESIAN_POINT('',(6.29065483653697,13.0999999985851,-4.17595788342253));
#17956=DIRECTION('',(-8.64064773867066E-17,-0.708647764860917,-0.705562431934713));
#17957=DIRECTION('',(1.7334605358369E-12,0.705562431934713,-0.708647764860917));
#17958=DIRECTION('',(1.22835196903111E-12,-1.22464679914735E-16,-1.0));
#17959=DIRECTION('',(-1.22835196903111E-12,1.22464679914735E-16,1.0));
#17960=DIRECTION('',(3.59772952962301E-16,2.81290773192065E-10,1.0));
#17961=CARTESIAN_POINT('',(-0.56585448281231,0.699999998522823,-5.26978438861301));
#17962=DIRECTION('',(0.707106781186547,-1.98902613209316E-10,-0.707106781186548));
#17963=DIRECTION('',(0.707106781186548,1.98902613209316E-10,0.707106781186547));
#17964=DIRECTION('',(-3.59772952962227E-16,-2.81290773192065E-10,-1.0));
#17965=CARTESIAN_POINT('',(-0.56585448281231,0.699999998658299,-4.78828729299861));
#17966=DIRECTION('',(0.707106781186547,-1.98902613209317E-10,-0.707106781186548));
#17967=DIRECTION('',(-0.707106781186548,-1.98902613209317E-10,-0.707106781186547));
#17968=DIRECTION('',(1.0,-5.60933444168314E-26,-2.41118816438453E-16));
#17969=DIRECTION('',(-1.0,5.60933441682435E-26,2.41118816438453E-16));
#17970=DIRECTION('',(-1.0,2.27170305910921E-26,1.22464679841694E-16));
#17971=CARTESIAN_POINT('',(-0.0356004899162906,0.699999998522789,-5.26978438861301));
#17972=DIRECTION('',(0.707106781186548,1.98902613209316E-10,0.707106781186547));
#17973=DIRECTION('',(0.707106781186547,-1.98902613209316E-10,-0.707106781186548));
#17974=DIRECTION('',(1.0,-2.27170305910921E-26,-1.22464679841694E-16));
#17975=CARTESIAN_POINT('',(6.61999259994509,13.0999999985851,-5.34553262035006));
#17976=DIRECTION('',(0.707106781186114,8.65956056236024E-17,0.707106781186981));
#17977=DIRECTION('',(0.707106781186981,-8.65956056234962E-17,-0.707106781186114));
#17978=DIRECTION('',(1.0,-1.49975978176906E-32,-1.22464679841833E-16));
#17979=CARTESIAN_POINT('',(-0.0356004899162889,0.699999998641798,-4.84675809410038));
#17980=DIRECTION('',(-0.707106781186548,-1.98902613209316E-10,-0.707106781186547));
#17981=DIRECTION('',(0.707106781186547,-1.98902613209317E-10,-0.707106781186548));
#17982=DIRECTION('',(3.62132205114749E-16,2.81290773192065E-10,1.0));
#17983=DIRECTION('',(-3.62132205114721E-16,-2.81290773192065E-10,-1.0));
#17984=CARTESIAN_POINT('',(6.03563305687201,0.699999998641798,-4.84675809410038));
#17985=DIRECTION('',(-0.707106781186547,1.98902613209317E-10,0.707106781186548));
#17986=DIRECTION('',(0.707106781186548,1.98902613209317E-10,0.707106781186547));
#17987=DIRECTION('',(1.0,-5.60933444168325E-26,-2.41118816438456E-16));
#17988=DIRECTION('',(-1.0,5.60933444168325E-26,2.41118816438456E-16));
#17989=DIRECTION('',(-1.22701001875406E-12,1.22464679914735E-16,1.0));
#17990=DIRECTION('',(3.5741370080968E-16,2.81290773192065E-10,1.0));
#17991=CARTESIAN_POINT('',(6.03563305687201,0.699999998522793,-5.26978438861301));
#17992=DIRECTION('',(0.707106781186547,-1.98902613209316E-10,-0.707106781186548));
#17993=DIRECTION('',(-0.707106781186548,-1.98902613209316E-10,-0.707106781186547));
#17994=DIRECTION('',(-3.57413700809704E-16,-2.81290773192065E-10,-1.0));
#17995=CARTESIAN_POINT('',(6.56588704976802,0.699999998658258,-4.78828729299861));
#17996=DIRECTION('',(-0.707106781186548,-1.98902613209317E-10,-0.707106781186547));
#17997=DIRECTION('',(0.707106781186547,-1.98902613209317E-10,-0.707106781186548));
#17998=DIRECTION('',(3.59772952962227E-16,2.81290773192065E-10,1.0));
#17999=CARTESIAN_POINT('',(6.56588704976802,0.699999998522789,-5.26978438861301));
#18000=DIRECTION('',(0.707106781186548,1.98902613209316E-10,0.707106781186547));
#18001=DIRECTION('',(0.707106781186547,-1.98902613209316E-10,-0.707106781186548));
#18002=DIRECTION('',(-3.59772952962301E-16,-2.81290773192065E-10,-1.0));
#18003=DIRECTION('',(-1.0,2.27170305910921E-26,1.22464679841694E-16));
#18004=DIRECTION('',(1.0,-2.27170305910921E-26,-1.22464679841694E-16));
#18005=DIRECTION('',(-1.0,5.60933444168314E-26,2.41118816438453E-16));
#18006=DIRECTION('',(1.0,-5.60933444168314E-26,-2.41118816438453E-16));
#18007=DIRECTION('',(-1.22724504283956E-12,1.22464679914735E-16,1.0));
#18008=CARTESIAN_POINT('',(-0.409345163462395,13.0999999985851,-4.6951986281042));
#18009=DIRECTION('',(1.15078583373855E-16,0.342032990340657,0.9396879447554));
#18010=DIRECTION('',(3.58840584229795E-12,0.9396879447554,-0.342032990340657));
#18011=DIRECTION('',(1.22724504283956E-12,-1.22464679914735E-16,-1.0));
#18012=DIRECTION('',(1.22748997219938E-12,1.22464679914735E-16,1.0));
#18013=CARTESIAN_POINT('',(6.40937773043193,13.0999999985851,-4.6951986281042));
#18014=DIRECTION('',(1.15078583374596E-16,0.342032990340657,0.9396879447554));
#18015=DIRECTION('',(3.58848961621931E-12,-0.9396879447554,0.342032990340657));
#18016=DIRECTION('',(-1.22748997219938E-12,-1.22464679914735E-16,-1.0));
#18017=DIRECTION('',(1.0,-1.49975978266303E-32,-1.22464679914831E-16));
#18018=DIRECTION('',(-4.18869606823483E-17,0.9396879447554,-0.342032990340657));
#18019=DIRECTION('',(-1.0,1.49975978266302E-32,1.22464679914831E-16));
#18020=DIRECTION('',(0.00410015370056135,0.939680046052851,-0.342030115325747));
#18021=DIRECTION('',(-0.00410015370056143,0.939680046052851,-0.342030115325747));
#18022=DIRECTION('',(-1.0,1.49975978263968E-32,1.22464679914831E-16));
#18023=DIRECTION('',(3.3273630279141E-16,-0.9396879447554,0.342032990340657));
#18024=DIRECTION('',(1.0,-1.49975978266303E-32,-1.22464679914831E-16));
#18025=DIRECTION('',(-0.00307860182803586,0.705559088340786,-0.708644406645888));
#18026=DIRECTION('',(-1.0,1.49975978266302E-32,1.22464679914831E-16));
#18027=DIRECTION('',(-6.05419920180312E-14,-0.705562431934713,0.708647764860917));
#18028=DIRECTION('',(1.0,-1.49975978266303E-32,-1.22464679914831E-16));
#18029=DIRECTION('',(-6.11029649830828E-14,0.705562431934713,-0.708647764860917));
#18030=DIRECTION('',(-1.0,1.49975978266302E-32,1.22464679914831E-16));
#18031=DIRECTION('',(-0.00307860182803568,-0.705559088340786,0.708644406645888));
#18032=DIRECTION('',(1.0,-1.49975978266303E-32,-1.22464679914831E-16));
#18033=DIRECTION('',(0.00436326774997761,-0.999980961713314,-0.00436326774997761));
#18034=DIRECTION('',(-0.00436326774997762,-0.999980961713314,-0.00436326774997761));
#18035=DIRECTION('',(-1.0,4.8191715830693E-32,3.93515223036111E-16));
#18036=DIRECTION('',(-0.00436326774997762,-0.999980961713314,-0.00436326774997761));
#18037=DIRECTION('',(-2.60332350903268E-14,1.22464679914735E-16,1.0));
#18038=DIRECTION('',(-0.00436326774997785,-0.999980961713314,0.00436326774997785));
#18039=DIRECTION('',(-2.60332350903268E-14,1.22464679914735E-16,1.0));
#18040=DIRECTION('',(-0.00436330928474657,-0.999990480720734,1.2418054276561E-16));
#18041=DIRECTION('',(2.60332350903268E-14,-1.22464679914735E-16,-1.0));
#18042=DIRECTION('',(-2.69488234186239E-14,-1.22464679914735E-16,-1.0));
#18043=DIRECTION('',(-0.00436326774997761,0.999980961713314,0.00436326774997761));
#18044=DIRECTION('',(2.69488234186239E-14,1.22464679914735E-16,1.0));
#18045=DIRECTION('',(0.00436330928474657,-0.999990480720734,1.20746485512884E-16));
#18046=DIRECTION('',(-2.69488234186239E-14,-1.22464679914735E-16,-1.0));
#18047=DIRECTION('',(-0.00436326774997785,0.999980961713314,-0.00436326774997785));
#18048=DIRECTION('',(1.0,-4.81917158306923E-32,-3.93515223036105E-16));
#18049=DIRECTION('',(-1.0,4.81917158306923E-32,3.93515223036105E-16));
#18050=DIRECTION('',(-8.6158257796071E-14,0.0392598157590685,-0.999229036240723));
#18051=DIRECTION('',(1.0,-1.49975978266186E-32,-1.22464679914735E-16));
#18052=DIRECTION('',(-8.53672576645239E-14,-0.0392598157590685,0.999229036240723));
#18053=DIRECTION('',(8.62247339410929E-14,1.22464679914735E-16,1.0));
#18054=DIRECTION('',(-3.76225182179974E-16,0.999990480720734,-0.0043633092847467));
#18055=DIRECTION('',(1.0,-1.49975978266186E-32,-1.22464679914735E-16));
#18056=DIRECTION('',(-8.54331235065893E-14,1.22464679914735E-16,1.0));
#18057=DIRECTION('',(3.72771141021202E-16,0.999990480720734,-0.0043633092847467));
#18058=DIRECTION('',(-1.0,-2.34435221972369E-26,3.59772952962178E-16));
#18059=DIRECTION('',(-0.0042337027101107,0.970287030262907,-0.241919727729988));
#18060=DIRECTION('',(0.00423370271011064,0.970287030262907,-0.241919727729988));
#18061=DIRECTION('',(0.00436322787673111,0.999971823494602,-0.006108556243242));
#18062=DIRECTION('',(-0.00436322787673111,0.999971823494602,-0.006108556243242));
#18063=DIRECTION('',(1.0,-1.49975978176906E-32,-1.22464679841833E-16));
#18064=DIRECTION('',(0.00436322787673111,0.999971823494602,-0.006108556243242));
#18065=DIRECTION('',(0.00436322787673111,-0.999971823494602,0.006108556243242));
#18066=DIRECTION('',(0.00436322787673111,0.999971823494602,-0.006108556243242));
#18067=DIRECTION('',(-0.00436322787673111,0.999971823494602,-0.006108556243242));
#18068=DIRECTION('',(1.0,-1.49975978176906E-32,-1.22464679841833E-16));
#18069=DIRECTION('',(-0.00436330928474657,-0.999990480720734,2.81287555866531E-10));
#18070=DIRECTION('',(-1.22700765950191E-12,1.22464679914735E-16,1.0));
#18071=DIRECTION('',(1.22748989534715E-12,1.22464679914735E-16,1.0));
#18072=DIRECTION('',(-1.0,2.95285386765554E-32,2.41118816438456E-16));
#18073=DIRECTION('',(1.22772720540781E-12,1.22464679914735E-16,1.0));
#18074=DIRECTION('',(-0.00436330928474657,0.999990480720734,-2.81287553762378E-10));
#18075=DIRECTION('',(-0.00436326774998308,-0.999980961713314,0.00436326774997785));
#18076=DIRECTION('',(-0.00436326774998309,0.999980961713314,-0.00436326774997785));
#18077=DIRECTION('',(1.0,-1.25650744805517E-35,-1.02601619416309E-19));
#18078=DIRECTION('',(1.0,-1.25650744805517E-35,-1.02601619416309E-19));
#18079=DIRECTION('',(-0.00436326774998308,-0.999980961713314,0.00436326774997785));
#18080=DIRECTION('',(0.00436326774998309,-0.999980961713314,0.00436326774997785));
#18081=DIRECTION('',(-1.0,1.39336768905118E-31,1.13777106184518E-15));
#18082=DIRECTION('',(-0.00436326774998308,-0.999980961713314,0.00436326774997785));
#18083=DIRECTION('',(-1.0,1.39336768905118E-31,1.13777106184518E-15));
#18084=DIRECTION('',(1.0,-1.39336768905118E-31,-1.13777106184518E-15));
#18085=DIRECTION('',(-1.2283325207155E-12,-1.22464679914735E-16,-1.0));
#18086=DIRECTION('',(-1.2283325207155E-12,-1.22464679914735E-16,-1.0));
#18087=DIRECTION('',(-1.0,1.49975978266186E-32,1.22464679914735E-16));
#18088=DIRECTION('',(-0.00436330928474657,0.999990480720734,-2.81287192691821E-10));
#18089=DIRECTION('',(-0.00436330928474657,-0.999990480720734,2.81287193760523E-10));
#18090=DIRECTION('',(1.0,-1.49975978266186E-32,-1.22464679914735E-16));
#18091=DIRECTION('',(-1.22692930780473E-12,1.22464679914735E-16,1.0));
#18092=DIRECTION('',(1.22604379455162E-12,1.22464679914735E-16,1.0));
#18093=DIRECTION('',(-9.72819325001405E-16,-1.22464679914735E-16,-1.0));
#18094=DIRECTION('',(1.22464679914735E-16,1.22464679914735E-16,1.0));
#18095=DIRECTION('',(-1.0,1.49975978272408E-32,1.22464679919816E-16));
#18096=DIRECTION('',(-1.0,1.49975978272408E-32,1.22464679919816E-16));
#18097=DIRECTION('',(-5.34351274925482E-19,-0.999990480720734,-0.00436330928474645));
#18098=DIRECTION('',(5.34351274925482E-19,0.999990480720734,0.00436330928474645));
#18099=DIRECTION('',(-1.0,1.49975978266069E-32,1.2246467991464E-16));
#18100=DIRECTION('',(1.22748997219939E-12,1.22464679914735E-16,1.0));
#18101=DIRECTION('',(-1.0,1.49975978266303E-32,1.22464679914831E-16));
#18102=DIRECTION('',(1.22748997219939E-12,1.22464679914735E-16,1.0));
#18103=DIRECTION('',(1.0,-1.49975978266069E-32,-1.2246467991464E-16));
#18104=DIRECTION('',(9.79681205122726E-13,-1.22464679914735E-16,-1.0));
#18105=DIRECTION('',(4.27465237401017E-15,-0.999990480720734,-0.00436330928474645));
#18106=DIRECTION('',(9.79681205122726E-13,-1.22464679914735E-16,-1.0));
#18107=DIRECTION('',(-9.801531918252E-13,1.22464679914735E-16,1.0));
#18108=DIRECTION('',(-1.0,1.49975978266303E-32,1.22464679914831E-16));
#18109=DIRECTION('',(-9.80153191825201E-13,1.22464679914735E-16,1.0));
#18110=DIRECTION('',(1.0,1.20033788935252E-28,9.80150268786269E-13));
#18111=DIRECTION('',(9.801531918252E-13,-1.22464679914735E-16,-1.0));
#18112=DIRECTION('',(-4.27671124662567E-15,-0.999990480720734,0.0043633092847467));
#18113=DIRECTION('',(1.0,1.20033788935252E-28,9.80150268786269E-13));
#18114=DIRECTION('',(-4.27671124662567E-15,-0.999990480720734,0.0043633092847467));
#18115=DIRECTION('',(-9.80153191825201E-13,1.22464679914735E-16,1.0));
#18116=DIRECTION('',(9.81249054914636E-13,1.22464679914735E-16,1.0));
#18117=DIRECTION('',(-1.0,1.49975978266303E-32,1.22464679914831E-16));
#18118=DIRECTION('',(9.82950922373846E-13,1.22464679914735E-16,1.0));
#18119=DIRECTION('',(1.0,1.20033788935252E-28,9.80150268786269E-13));
#18120=DIRECTION('',(-9.81249054914636E-13,-1.22464679914735E-16,-1.0));
#18121=DIRECTION('',(4.28149283597925E-15,-0.999990480720734,0.0043633092847467));
#18122=DIRECTION('',(1.0,1.20033788935252E-28,9.80150268786269E-13));
#18123=DIRECTION('',(4.28891860958672E-15,-0.999990480720734,0.0043633092847467));
#18124=DIRECTION('',(9.82950922373846E-13,1.22464679914735E-16,1.0));
#18125=DIRECTION('',(1.0,-1.49975978266069E-32,-1.2246467991464E-16));
#18126=DIRECTION('',(1.22724504283957E-12,-1.22464679914735E-16,-1.0));
#18127=DIRECTION('',(-1.0,1.49975978266303E-32,1.22464679914831E-16));
#18128=DIRECTION('',(1.22724504283957E-12,-1.22464679914735E-16,-1.0));
#18129=DIRECTION('',(1.0,-1.49975978266069E-32,-1.2246467991464E-16));
#18130=DIRECTION('',(-9.8549134075938E-13,-1.22464679914735E-16,-1.0));
#18131=DIRECTION('',(9.8549134075938E-13,1.22464679914735E-16,1.0));
#18132=DIRECTION('',(-4.30000379434463E-15,-0.999990480720734,-0.00436330928474645));
#18133=DIRECTION('',(-1.0,1.49975978266069E-32,1.2246467991464E-16));
#18134=DIRECTION('',(1.22748997219939E-12,1.22464679914735E-16,1.0));
#18135=DIRECTION('',(-1.0,-1.20077956954332E-28,-9.80510928031947E-13));
#18136=DIRECTION('',(-1.22724504283957E-12,1.22464679914735E-16,1.0));
#18137=DIRECTION('',(1.0,-1.49975978266069E-32,-1.2246467991464E-16));
#18138=DIRECTION('',(-1.0,1.49975978266069E-32,1.2246467991464E-16));
#18139=DIRECTION('',(1.22724504283957E-12,-1.22464679914735E-16,-1.0));
#18140=DIRECTION('',(-1.22724504283957E-12,1.22464679914735E-16,1.0));
#18141=DIRECTION('',(1.0,-1.49975978266303E-32,-1.22464679914831E-16));
#18142=DIRECTION('',(-1.0,1.49975978266303E-32,1.22464679914831E-16));
#18143=DIRECTION('',(1.22748997219939E-12,1.22464679914735E-16,1.0));
#18144=DIRECTION('',(1.0,-1.49975978266303E-32,-1.22464679914831E-16));
#18145=DIRECTION('',(-1.22835196903112E-12,1.22464679914735E-16,1.0));
#18146=DIRECTION('',(1.0,-1.49975978266303E-32,-1.22464679914831E-16));
#18147=DIRECTION('',(-1.0,1.49975978266303E-32,1.22464679914831E-16));
#18148=DIRECTION('',(-1.22859689839094E-12,-1.22464679914735E-16,-1.0));
#18149=DIRECTION('',(1.0,-1.49975978266303E-32,-1.22464679914831E-16));
#18150=DIRECTION('',(-1.22724504283957E-12,1.22464679914735E-16,1.0));
#18151=DIRECTION('',(1.0,-1.49975978266303E-32,-1.22464679914831E-16));
#18152=DIRECTION('',(-1.0,1.49975978266303E-32,1.22464679914831E-16));
#18153=DIRECTION('',(1.22748997219939E-12,1.22464679914735E-16,1.0));
#18154=DIRECTION('',(-1.22748997219939E-12,-1.22464679914735E-16,-1.0));
#18155=DIRECTION('',(-1.0,1.49975978266069E-32,1.2246467991464E-16));
#18156=DIRECTION('',(-0.00436326774997237,-0.999980961713314,-0.00436326774998189));
#18157=DIRECTION('',(0.00436326774997237,-0.999980961713314,-0.00436326774997333));
#18158=DIRECTION('',(-1.0,-1.20077956954332E-28,-9.80510928031947E-13));
#18159=DIRECTION('',(-0.00436326774997237,-0.999980961713314,-0.00436326774997761));
#18160=DIRECTION('',(-1.22724504283957E-12,1.22464679914735E-16,1.0));
#18161=DIRECTION('',(0.00436326774997238,0.999980961713314,0.00436326774997761));
#18162=DIRECTION('',(-0.00436326774998308,-0.999980961713314,0.00436326774997785));
#18163=DIRECTION('',(1.0,-1.49975978266303E-32,-1.22464679914831E-16));
#18164=DIRECTION('',(-0.00436326774998308,-0.999980961713314,0.00436326774997785));
#18165=DIRECTION('',(-0.00436326774997237,-0.999980961713314,-0.00436326774997761));
#18166=DIRECTION('',(1.0,-1.49975978266069E-32,-1.2246467991464E-16));
#18167=DIRECTION('',(-0.00436326774997237,-0.999980961713314,-0.00436326774997761));
#18168=DIRECTION('',(-0.00436326774998308,0.999980961713314,-0.00436326774997785));
#18169=DIRECTION('',(-0.00436326774998309,-0.999980961713314,0.00436326774997785));
#18170=DIRECTION('',(0.00436326774998309,-0.999980961713314,0.00436326774997785));
#18171=DIRECTION('',(0.00436326774998308,0.999980961713314,-0.00436326774997785));
#18172=DIRECTION('',(0.00436326774997237,-0.999980961713314,-0.00436326774997761));
#18173=DIRECTION('',(0.00436326774997238,-0.999980961713314,-0.00436326774997761));
#18174=DIRECTION('',(-1.0,1.49975978266069E-32,1.2246467991464E-16));
#18175=DIRECTION('',(0.00436326774998309,-0.999980961713314,0.00436326774997785));
#18176=DIRECTION('',(1.0,-1.49975978266303E-32,-1.22464679914831E-16));
#18177=DIRECTION('',(0.00436326774998309,-0.999980961713314,0.00436326774997785));
#18178=DIRECTION('',(-0.00436326774997238,0.999980961713314,0.00436326774997761));
#18179=DIRECTION('',(0.00436326774997237,-0.999980961713314,-0.00436326774997761));
#18180=DIRECTION('',(-1.22748997219939E-12,-1.22464679914735E-16,-1.0));
#18181=DIRECTION('',(-1.0,1.49975978266069E-32,1.2246467991464E-16));
#18182=DIRECTION('',(-1.0,1.49975978266069E-32,1.2246467991464E-16));
#18183=DIRECTION('',(1.22604379455162E-12,1.22464679914735E-16,1.0));
#18184=DIRECTION('',(1.0,-1.49975978272408E-32,-1.22464679919816E-16));
#18185=DIRECTION('',(-1.0,5.21962309161573E-31,4.26214570213211E-15));
#18186=DIRECTION('',(1.0,-5.21962309161573E-31,-4.26214570213211E-15));
#18187=DIRECTION('',(1.22692930780473E-12,-1.22464679914735E-16,-1.0));
#18188=DIRECTION('',(-1.22717423716455E-12,-1.22464679914735E-16,-1.0));
#18189=DIRECTION('',(-1.22717423716455E-12,-1.22464679914735E-16,-1.0));
#18190=DIRECTION('',(-1.22840198495777E-12,1.22464679914735E-16,1.0));
#18191=DIRECTION('',(-1.22724496956257E-12,1.22464679914735E-16,1.0));
#18192=DIRECTION('',(-1.0,2.95285386765554E-32,2.41118816438456E-16));
#18193=DIRECTION('',(0.00436330928474657,-0.999990480720734,2.81287553762378E-10));
#18194=DIRECTION('',(-0.00436330928474657,-0.999990480720734,2.81287555866531E-10));
#18195=DIRECTION('',(-1.0,1.49975978272408E-32,1.22464679919816E-16));
#18196=DIRECTION('',(-1.0,5.21962309161573E-31,4.26214570213211E-15));
#18197=DIRECTION('',(-1.0,5.21962309161573E-31,4.26214570213211E-15));
#18198=DIRECTION('',(1.0,-5.21962309161573E-31,-4.26214570213211E-15));
#18199=DIRECTION('',(1.0,-5.21962309161573E-31,-4.26214570213211E-15));
#18200=DIRECTION('',(1.22640339380619E-12,-1.22464679914735E-16,-1.0));
#18201=DIRECTION('',(-1.22840198495777E-12,1.22464679914735E-16,1.0));
#18202=DIRECTION('',(-1.22640339380619E-12,1.22464679914735E-16,1.0));
ENDSEC;
END-ISO-10303-21;
