ISO-10303-21;
HEADER;
FILE_DESCRIPTION (( 'STEP AP214' ),
    '1' );
FILE_NAME ('tes1-single_3d-drawing.STEP',
    '2024-07-19T18:58:44',
    ( '' ),
    ( '' ),
    'SwSTEP 2.0',
    'SolidWorks 2021',
    '' );
FILE_SCHEMA (( 'AUTOMOTIVE_DESIGN' ));
ENDSEC;

DATA;
#1 = CIRCLE ( 'NONE', #295, 0.3000000000000003775 ) ;
#2 = CARTESIAN_POINT ( 'NONE',  ( -6.850000000000000533, 1.950000000000000178, 4.200000000000000178 ) ) ;
#3 = LINE ( 'NONE', #673, #2957 ) ;
#4 = VECTOR ( 'NONE', #2636, 1000.000000000000000 ) ;
#5 = ORIENTED_EDGE ( 'NONE', *, *, #3760, .F. ) ;
#6 = ORIENTED_EDGE ( 'NONE', *, *, #1789, .F. ) ;
#7 = CARTESIAN_POINT ( 'NONE',  ( -0.5350000000000000311, 3.949999999999999734, 3.149999999999999911 ) ) ;
#8 = DIRECTION ( 'NONE',  ( -0.01744974916068270723, 0.9996954598818874604, -0.01744974916068270723 ) ) ;
#9 = FACE_OUTER_BOUND ( 'NONE', #2827, .T. ) ;
#10 = LINE ( 'NONE', #980, #3331 ) ;
#11 = ORIENTED_EDGE ( 'NONE', *, *, #3595, .T. ) ;
#12 = AXIS2_PLACEMENT_3D ( 'NONE', #3604, #1252, #2216 ) ;
#13 = EDGE_CURVE ( 'NONE', #915, #4137, #683, .T. ) ;
#14 = VECTOR ( 'NONE', #1579, 1000.000000000000000 ) ;
#15 = ORIENTED_EDGE ( 'NONE', *, *, #2375, .F. ) ;
#16 = LINE ( 'NONE', #2345, #2367 ) ;
#17 = ADVANCED_FACE ( 'NONE', ( #4087 ), #2778, .F. ) ;
#18 = ADVANCED_FACE ( 'NONE', ( #1750 ), #1813, .F. ) ;
#19 = EDGE_LOOP ( 'NONE', ( #1442, #546, #4244, #1231 ) ) ;
#20 = DIRECTION ( 'NONE',  ( 9.679975680128922934E-30, 0.3007057995042720644, 0.9537169507482272657 ) ) ;
#21 = DIRECTION ( 'NONE',  ( 1.014973643126989991E-29, 0.000000000000000000, 1.000000000000000000 ) ) ;
#22 = VECTOR ( 'NONE', #3558, 1000.000000000000114 ) ;
#23 = DIRECTION ( 'NONE',  ( 1.000000000000000000, 0.000000000000000000, -1.014973643126989991E-29 ) ) ;
#24 = CARTESIAN_POINT ( 'NONE',  ( 0.000000000000000000, 0.0003499999999999999964, 0.000000000000000000 ) ) ;
#25 = PLANE ( 'NONE',  #535 ) ;
#26 = ORIENTED_EDGE ( 'NONE', *, *, #3932, .T. ) ;
#27 = EDGE_CURVE ( 'NONE', #4343, #1652, #1058, .T. ) ;
#28 = LINE ( 'NONE', #3767, #4188 ) ;
#29 = DIRECTION ( 'NONE',  ( 1.000000000000000000, 0.000000000000000000, -1.014973643126989991E-29 ) ) ;
#30 = FACE_OUTER_BOUND ( 'NONE', #840, .T. ) ;
#31 = FACE_OUTER_BOUND ( 'NONE', #972, .T. ) ;
#32 = DIRECTION ( 'NONE',  ( 1.000000000000000000, 0.000000000000000000, -1.014973643126989991E-29 ) ) ;
#33 = VECTOR ( 'NONE', #1328, 1000.000000000000114 ) ;
#34 = ORIENTED_EDGE ( 'NONE', *, *, #943, .T. ) ;
#35 = VECTOR ( 'NONE', #1952, 1000.000000000000000 ) ;
#36 = CARTESIAN_POINT ( 'NONE',  ( 3.409999999999999698, 0.000000000000000000, -5.500000000000000000 ) ) ;
#37 = ORIENTED_EDGE ( 'NONE', *, *, #2375, .T. ) ;
#38 = VECTOR ( 'NONE', #2093, 1000.000000000000000 ) ;
#39 = ORIENTED_EDGE ( 'NONE', *, *, #2861, .F. ) ;
#40 = FACE_OUTER_BOUND ( 'NONE', #1715, .T. ) ;
#41 = VECTOR ( 'NONE', #1786, 1000.000000000000000 ) ;
#42 = ORIENTED_EDGE ( 'NONE', *, *, #2664, .F. ) ;
#43 = PLANE ( 'NONE',  #3833 ) ;
#44 = VECTOR ( 'NONE', #1315, 1000.000000000000000 ) ;
#45 = ORIENTED_EDGE ( 'NONE', *, *, #2072, .T. ) ;
#46 = CARTESIAN_POINT ( 'NONE',  ( 4.009999999999999787, 0.6199999999999999956, -4.199726404968139981 ) ) ;
#47 = DIRECTION ( 'NONE',  ( 1.000000000000000000, 0.000000000000000000, -1.014973643126989991E-29 ) ) ;
#48 = LINE ( 'NONE', #2127, #4330 ) ;
#49 = EDGE_LOOP ( 'NONE', ( #3216, #2368, #3915, #311, #3070, #1690, #376, #3140, #3841, #606, #1257, #3714, #3536, #1983, #1024 ) ) ;
#50 = DIRECTION ( 'NONE',  ( 1.014973643126989991E-29, 0.000000000000000000, 1.000000000000000000 ) ) ;
#51 = EDGE_CURVE ( 'NONE', #3106, #1581, #2252, .T. ) ;
#52 = PLANE ( 'NONE',  #628 ) ;
#53 = LINE ( 'NONE', #2780, #128 ) ;
#54 = ADVANCED_FACE ( 'NONE', ( #3159 ), #4199, .T. ) ;
#55 = DIRECTION ( 'NONE',  ( 0.000000000000000000, -0.7933533402912341659, -0.6087614290087219882 ) ) ;
#56 = ORIENTED_EDGE ( 'NONE', *, *, #3691, .F. ) ;
#57 = DIRECTION ( 'NONE',  ( -1.000000000000000000, 0.000000000000000000, -8.728168432586694752E-17 ) ) ;
#58 = ORIENTED_EDGE ( 'NONE', *, *, #2406, .F. ) ;
#59 = LINE ( 'NONE', #80, #2277 ) ;
#60 = AXIS2_PLACEMENT_3D ( 'NONE', #2799, #3071, #767 ) ;
#61 = ADVANCED_FACE ( 'NONE', ( #3091 ), #1413, .F. ) ;
#62 = LINE ( 'NONE', #2473, #3218 ) ;
#63 = CARTESIAN_POINT ( 'NONE',  ( -1.070000000000000062, 0.2802667518457296891, 5.500000000000000000 ) ) ;
#64 = CARTESIAN_POINT ( 'NONE',  ( -4.209999999999999964, 0.5676618435584670497, 5.107478318675999773 ) ) ;
#65 = VERTEX_POINT ( 'NONE', #3425 ) ;
#66 = SURFACE_STYLE_FILL_AREA ( #2748 ) ;
#67 = ORIENTED_EDGE ( 'NONE', *, *, #2169, .T. ) ;
#68 = CARTESIAN_POINT ( 'NONE',  ( 4.009999999999999787, 0.3587110094031937813, 4.947144704467943299 ) ) ;
#69 = ADVANCED_FACE ( 'NONE', ( #92 ), #2845, .T. ) ;
#70 = ADVANCED_FACE ( 'NONE', ( #717 ), #2755, .T. ) ;
#71 = CARTESIAN_POINT ( 'NONE',  ( 4.009999999999999787, 0.5967170114905639977, -5.129773133170560051 ) ) ;
#72 = LINE ( 'NONE', #1432, #3191 ) ;
#73 = DIRECTION ( 'NONE',  ( 1.000000000000000000, -3.531817991034325100E-30, -1.475249124944287038E-29 ) ) ;
#74 = DIRECTION ( 'NONE',  ( 0.000000000000000000, -1.000000000000000000, -0.000000000000000000 ) ) ;
#75 = DIRECTION ( 'NONE',  ( -1.000000000000000000, 0.000000000000000000, 1.014973643126989991E-29 ) ) ;
#76 = CYLINDRICAL_SURFACE ( 'NONE', #2528, 0.5500000000000002665 ) ;
#77 = ORIENTED_EDGE ( 'NONE', *, *, #3127, .F. ) ;
#78 = CARTESIAN_POINT ( 'NONE',  ( -3.850000000000000089, 7.200000000000000178, 1.199999999999999956 ) ) ;
#79 = VERTEX_POINT ( 'NONE', #3499 ) ;
#80 = CARTESIAN_POINT ( 'NONE',  ( 3.409999999999999698, 5.849999999999999645, 2.870000000000000107 ) ) ;
#81 = LINE ( 'NONE', #3556, #2500 ) ;
#82 = AXIS2_PLACEMENT_3D ( 'NONE', #2975, #4435, #2658 ) ;
#83 = CIRCLE ( 'NONE', #3877, 0.5500000000000003775 ) ;
#84 = DIRECTION ( 'NONE',  ( -1.000000000000000000, 0.000000000000000000, 1.014973643126989991E-29 ) ) ;
#85 = LINE ( 'NONE', #3512, #4117 ) ;
#86 = ORIENTED_EDGE ( 'NONE', *, *, #1460, .T. ) ;
#87 = DIRECTION ( 'NONE',  ( 0.000000000000000000, 1.000000000000000000, 0.000000000000000000 ) ) ;
#88 = ORIENTED_EDGE ( 'NONE', *, *, #4423, .T. ) ;
#89 = CARTESIAN_POINT ( 'NONE',  ( -6.850000000000000533, 6.599999999999999645, 2.100000000000000089 ) ) ;
#90 = DIRECTION ( 'NONE',  ( 1.000000000000000000, -3.391264237944545229E-31, -9.707778271180067886E-30 ) ) ;
#91 = CARTESIAN_POINT ( 'NONE',  ( -3.609999999999999876, 0.1313175063982884860, -4.772659532721202247 ) ) ;
#92 = FACE_OUTER_BOUND ( 'NONE', #3188, .T. ) ;
#93 = CARTESIAN_POINT ( 'NONE',  ( 6.406255922059780339, 3.949999999999999734, -1.812500000000000000 ) ) ;
#94 = LINE ( 'NONE', #3501, #2985 ) ;
#95 = DIRECTION ( 'NONE',  ( 0.01744974916068270723, 0.9996954598818874604, 0.01744974916068270723 ) ) ;
#96 = ORIENTED_EDGE ( 'NONE', *, *, #2722, .T. ) ;
#97 = PLANE ( 'NONE',  #1674 ) ;
#98 = ORIENTED_EDGE ( 'NONE', *, *, #243, .T. ) ;
#99 = DIRECTION ( 'NONE',  ( 0.000000000000000000, 0.8064446042674814352, 0.5913096483635837952 ) ) ;
#100 = CIRCLE ( 'NONE', #3242, 0.5500000000000002665 ) ;
#101 = CARTESIAN_POINT ( 'NONE',  ( -3.910000000000000142, 0.02619400075898299304, -4.900058747840830620 ) ) ;
#102 = VECTOR ( 'NONE', #1487, 1000.000000000000000 ) ;
#103 = ADVANCED_FACE ( 'NONE', ( #2148 ), #115, .T. ) ;
#104 = LINE ( 'NONE', #3169, #38 ) ;
#105 = DIRECTION ( 'NONE',  ( -1.000000000000000000, 0.000000000000000000, 1.014973643126989991E-29 ) ) ;
#106 = ORIENTED_EDGE ( 'NONE', *, *, #4026, .T. ) ;
#107 = LINE ( 'NONE', #4214, #2538 ) ;
#108 = CIRCLE ( 'NONE', #2604, 0.5500000000000002665 ) ;
#109 = ORIENTED_EDGE ( 'NONE', *, *, #2336, .T. ) ;
#110 = AXIS2_PLACEMENT_3D ( 'NONE', #2357, #2067, #1728 ) ;
#111 = PLANE ( 'NONE',  #2009 ) ;
#112 = VECTOR ( 'NONE', #3966, 1000.000000000000000 ) ;
#113 = CARTESIAN_POINT ( 'NONE',  ( -3.609999999999999876, 3.949999999999999734, -1.435000000000000053 ) ) ;
#114 = LINE ( 'NONE', #3180, #2459 ) ;
#115 = PLANE ( 'NONE',  #3042 ) ;
#116 = VECTOR ( 'NONE', #1718, 1000.000000000000114 ) ;
#117 = CYLINDRICAL_SURFACE ( 'NONE', #3286, 0.2999999999999999889 ) ;
#118 = LINE ( 'NONE', #3138, #3267 ) ;
#119 = CARTESIAN_POINT ( 'NONE',  ( 6.441166051916219715, 1.950000000000000178, -3.706166051916210069 ) ) ;
#120 = VERTEX_POINT ( 'NONE', #3112 ) ;
#121 = FACE_OUTER_BOUND ( 'NONE', #4327, .T. ) ;
#122 = VERTEX_POINT ( 'NONE', #4221 ) ;
#123 = CARTESIAN_POINT ( 'NONE',  ( 3.409999999999999698, 2.391911860886269725, -3.557800634534129980 ) ) ;
#124 = EDGE_CURVE ( 'NONE', #1945, #1853, #2483, .T. ) ;
#125 = ADVANCED_FACE ( 'NONE', ( #3477 ), #3836, .T. ) ;
#126 = EDGE_CURVE ( 'NONE', #997, #3283, #108, .T. ) ;
#127 = DIRECTION ( 'NONE',  ( -4.427252850516378417E-31, 0.9990482215818576872, -0.04361938736533728378 ) ) ;
#128 = VECTOR ( 'NONE', #2150, 1000.000000000000000 ) ;
#129 = VERTEX_POINT ( 'NONE', #2797 ) ;
#130 = CYLINDRICAL_SURFACE ( 'NONE', #1722, 0.5500000000000003775 ) ;
#131 = CARTESIAN_POINT ( 'NONE',  ( -6.222510366459109932, 3.949999999999999734, 3.572510366459110021 ) ) ;
#132 = ORIENTED_EDGE ( 'NONE', *, *, #3711, .F. ) ;
#133 = PLANE ( 'NONE',  #541 ) ;
#134 = VERTEX_POINT ( 'NONE', #1145 ) ;
#135 = LINE ( 'NONE', #1854, #827 ) ;
#136 = DIRECTION ( 'NONE',  ( 1.000000000000000000, 0.000000000000000000, 8.797329830626214197E-17 ) ) ;
#137 = CARTESIAN_POINT ( 'NONE',  ( 3.409999999999999698, 0.2802667518457296891, 5.500000000000000000 ) ) ;
#138 = LINE ( 'NONE', #500, #3917 ) ;
#139 = LINE ( 'NONE', #483, #2886 ) ;
#140 = VERTEX_POINT ( 'NONE', #2505 ) ;
#141 = DIRECTION ( 'NONE',  ( 1.000000000000000000, 0.000000000000000000, -1.014973643126989991E-29 ) ) ;
#142 = ORIENTED_EDGE ( 'NONE', *, *, #3102, .T. ) ;
#143 = ORIENTED_EDGE ( 'NONE', *, *, #524, .T. ) ;
#144 = DIRECTION ( 'NONE',  ( 1.000000000000000000, 0.000000000000000000, -1.014973643126989991E-29 ) ) ;
#145 = EDGE_CURVE ( 'NONE', #2447, #3665, #3448, .T. ) ;
#146 = VECTOR ( 'NONE', #3866, 1000.000000000000000 ) ;
#147 = EDGE_CURVE ( 'NONE', #1331, #3274, #2060, .T. ) ;
#148 = EDGE_CURVE ( 'NONE', #3387, #2090, #2239, .T. ) ;
#149 = EDGE_CURVE ( 'NONE', #355, #2073, #3287, .T. ) ;
#150 = DIRECTION ( 'NONE',  ( -1.000000000000000000, 0.000000000000000000, 1.014973643126989991E-29 ) ) ;
#151 = CARTESIAN_POINT ( 'NONE',  ( -3.850000000000000089, 7.200000000000000178, 1.199999999999999956 ) ) ;
#152 = VECTOR ( 'NONE', #1780, 1000.000000000000000 ) ;
#153 = EDGE_CURVE ( 'NONE', #4343, #2988, #4241, .T. ) ;
#154 = EDGE_LOOP ( 'NONE', ( #933, #1152, #1586, #2439 ) ) ;
#155 = ADVANCED_FACE ( 'NONE', ( #3901 ), #1502, .T. ) ;
#156 = EDGE_LOOP ( 'NONE', ( #1261, #3940, #4387, #2895 ) ) ;
#157 = AXIS2_PLACEMENT_3D ( 'NONE', #3736, #945, #1338 ) ;
#158 = AXIS2_PLACEMENT_3D ( 'NONE', #444, #2429, #492 ) ;
#159 = DIRECTION ( 'NONE',  ( 1.000000000000000000, -3.424510003532624963E-31, -1.061678066473567980E-29 ) ) ;
#160 = PLANE ( 'NONE',  #3400 ) ;
#161 = DIRECTION ( 'NONE',  ( -1.142846965504326407E-45, -1.000000000000000000, -1.125986840390630024E-16 ) ) ;
#162 = CARTESIAN_POINT ( 'NONE',  ( 3.409999999999999698, 0.5676618435584670497, 5.107478318675999773 ) ) ;
#163 = EDGE_CURVE ( 'NONE', #697, #3431, #876, .T. ) ;
#164 = FACE_OUTER_BOUND ( 'NONE', #2057, .T. ) ;
#165 = ORIENTED_EDGE ( 'NONE', *, *, #4175, .T. ) ;
#166 = CARTESIAN_POINT ( 'NONE',  ( -6.309999999999999609, 6.599999999999999645, 3.575000000000000178 ) ) ;
#167 = ORIENTED_EDGE ( 'NONE', *, *, #2539, .T. ) ;
#168 = AXIS2_PLACEMENT_3D ( 'NONE', #4174, #3880, #1098 ) ;
#169 = ORIENTED_EDGE ( 'NONE', *, *, #1322, .T. ) ;
#170 = LINE ( 'NONE', #2918, #3581 ) ;
#171 = DIRECTION ( 'NONE',  ( -1.000000000000000000, 0.000000000000000000, 1.014973643126989991E-29 ) ) ;
#172 = ORIENTED_EDGE ( 'NONE', *, *, #2169, .F. ) ;
#173 = CARTESIAN_POINT ( 'NONE',  ( -6.389207623606529829, 2.062198282718610276, 3.654207623606520183 ) ) ;
#174 = DIRECTION ( 'NONE',  ( 0.000000000000000000, 0.000000000000000000, 1.000000000000000000 ) ) ;
#175 = ORIENTED_EDGE ( 'NONE', *, *, #2364, .F. ) ;
#176 = VECTOR ( 'NONE', #1062, 1000.000000000000000 ) ;
#177 = VECTOR ( 'NONE', #797, 1000.000000000000114 ) ;
#178 = ORIENTED_EDGE ( 'NONE', *, *, #2336, .F. ) ;
#179 = EDGE_CURVE ( 'NONE', #770, #870, #1361, .T. ) ;
#180 = CARTESIAN_POINT ( 'NONE',  ( -1.369999999999999885, 5.849999999999999645, -2.870000000000000107 ) ) ;
#181 = CARTESIAN_POINT ( 'NONE',  ( -6.309999999999999609, 1.950708217522779897, -3.656153689933370199 ) ) ;
#182 = DIRECTION ( 'NONE',  ( -1.014973643126989991E-29, 1.125986840390630024E-16, -1.000000000000000000 ) ) ;
#183 = VECTOR ( 'NONE', #4363, 1000.000000000000000 ) ;
#184 = CARTESIAN_POINT ( 'NONE',  ( 6.309999999999999609, 1.950708217522779897, 3.656153689933370199 ) ) ;
#185 = CARTESIAN_POINT ( 'NONE',  ( 0.000000000000000000, 1.950000000000000178, 0.000000000000000000 ) ) ;
#186 = ORIENTED_EDGE ( 'NONE', *, *, #2197, .T. ) ;
#187 = DIRECTION ( 'NONE',  ( 1.000000000000000000, 0.000000000000000000, -1.014973643126989991E-29 ) ) ;
#188 = ORIENTED_EDGE ( 'NONE', *, *, #609, .T. ) ;
#189 = ADVANCED_FACE ( 'NONE', ( #1838 ), #1164, .T. ) ;
#190 = ORIENTED_EDGE ( 'NONE', *, *, #145, .T. ) ;
#191 = ADVANCED_FACE ( 'NONE', ( #3968 ), #4329, .F. ) ;
#192 = CARTESIAN_POINT ( 'NONE',  ( 6.239691120504509136, 1.981280585733469657, 3.589691120504510113 ) ) ;
#193 = DIRECTION ( 'NONE',  ( 9.088370851094219738E-30, 0.000000000000000000, 1.000000000000000000 ) ) ;
#194 = EDGE_LOOP ( 'NONE', ( #359, #1777, #667, #2648 ) ) ;
#195 = EDGE_CURVE ( 'NONE', #751, #2564, #3079, .T. ) ;
#196 = CARTESIAN_POINT ( 'NONE',  ( -4.209999999999999964, 3.949999999999999734, -1.574999999999999956 ) ) ;
#197 = CARTESIAN_POINT ( 'NONE',  ( 3.710000000000000409, 0.5967170114905639977, -5.129773133170560051 ) ) ;
#198 = ORIENTED_EDGE ( 'NONE', *, *, #2170, .F. ) ;
#199 = EDGE_LOOP ( 'NONE', ( #2762, #2782, #2583, #528 ) ) ;
#200 = VECTOR ( 'NONE', #2249, 1000.000000000000000 ) ;
#201 = AXIS2_PLACEMENT_3D ( 'NONE', #3408, #2400, #1364 ) ;
#202 = CARTESIAN_POINT ( 'NONE',  ( 3.710000000000000409, 0.01818532168844502403, 5.083487655625070545 ) ) ;
#203 = CARTESIAN_POINT ( 'NONE',  ( -6.309999999999999609, 6.599999999999999645, -3.575000000000000178 ) ) ;
#204 = CARTESIAN_POINT ( 'NONE',  ( -4.209999999999999964, 0.3061653321695956831, -4.906824988224970596 ) ) ;
#205 = EDGE_CURVE ( 'NONE', #300, #3622, #1856, .T. ) ;
#206 = CARTESIAN_POINT ( 'NONE',  ( -5.750000000000000000, 0.3499999999999999778, 3.100000000000000089 ) ) ;
#207 = CARTESIAN_POINT ( 'NONE',  ( -3.609999999999999876, 3.949999999999999734, 2.870000000000000107 ) ) ;
#208 = EDGE_LOOP ( 'NONE', ( #3081, #3703, #132, #3309 ) ) ;
#209 = LINE ( 'NONE', #3251, #748 ) ;
#210 = VERTEX_POINT ( 'NONE', #558 ) ;
#211 = EDGE_CURVE ( 'NONE', #2859, #230, #540, .T. ) ;
#212 = ORIENTED_EDGE ( 'NONE', *, *, #2760, .T. ) ;
#213 = DIRECTION ( 'NONE',  ( 1.014970993370838534E-29, 0.000000000000000000, 1.000000000000000000 ) ) ;
#214 = FACE_OUTER_BOUND ( 'NONE', #600, .T. ) ;
#215 = DIRECTION ( 'NONE',  ( 1.000000000000000000, 0.000000000000000000, 2.618450529776208229E-16 ) ) ;
#216 = ORIENTED_EDGE ( 'NONE', *, *, #1431, .F. ) ;
#217 = EDGE_LOOP ( 'NONE', ( #726, #3843, #2415, #2334 ) ) ;
#218 = VECTOR ( 'NONE', #1551, 1000.000000000000114 ) ;
#219 = DIRECTION ( 'NONE',  ( 1.000000000000000000, 0.000000000000000000, -1.014973643126989991E-29 ) ) ;
#220 = CARTESIAN_POINT ( 'NONE',  ( -3.609999999999999876, 0.2802667518457296891, 5.500000000000000000 ) ) ;
#221 = AXIS2_PLACEMENT_3D ( 'NONE', #184, #1545, #2911 ) ;
#222 = ORIENTED_EDGE ( 'NONE', *, *, #3990, .T. ) ;
#223 = ORIENTED_EDGE ( 'NONE', *, *, #2989, .F. ) ;
#224 = ORIENTED_EDGE ( 'NONE', *, *, #3957, .T. ) ;
#225 = CARTESIAN_POINT ( 'NONE',  ( 3.710000000000000409, 0.5676618435584670497, 5.107478318675999773 ) ) ;
#226 = VECTOR ( 'NONE', #2326, 1000.000000000000000 ) ;
#227 = DIRECTION ( 'NONE',  ( 0.000000000000000000, 0.8064446042674811022, 0.5913096483635842393 ) ) ;
#228 = CARTESIAN_POINT ( 'NONE',  ( 3.409999999999999698, 5.849999999999999645, 3.149999999999999911 ) ) ;
#229 = DIRECTION ( 'NONE',  ( 3.052084608322652108E-30, 0.9537169507482271547, 0.3007057995042720644 ) ) ;
#230 = VERTEX_POINT ( 'NONE', #3566 ) ;
#231 = CARTESIAN_POINT ( 'NONE',  ( 6.356255922059779628, 3.949999999999999734, -1.787500000000000089 ) ) ;
#232 = ORIENTED_EDGE ( 'NONE', *, *, #2432, .F. ) ;
#233 = ORIENTED_EDGE ( 'NONE', *, *, #1400, .T. ) ;
#234 = LINE ( 'NONE', #2877, #4081 ) ;
#235 = PLANE ( 'NONE',  #273 ) ;
#236 = LINE ( 'NONE', #2291, #1251 ) ;
#237 = VERTEX_POINT ( 'NONE', #2614 ) ;
#238 = CIRCLE ( 'NONE', #1373, 0.3000000000000003775 ) ;
#239 = ORIENTED_EDGE ( 'NONE', *, *, #2705, .T. ) ;
#240 = DIRECTION ( 'NONE',  ( 0.000000000000000000, 1.000000000000000000, 0.000000000000000000 ) ) ;
#241 = ORIENTED_EDGE ( 'NONE', *, *, #4235, .T. ) ;
#242 = ORIENTED_EDGE ( 'NONE', *, *, #2203, .T. ) ;
#243 = EDGE_CURVE ( 'NONE', #3371, #2638, #3224, .T. ) ;
#244 = ADVANCED_FACE ( 'NONE', ( #4285 ), #1903, .F. ) ;
#245 = AXIS2_PLACEMENT_3D ( 'NONE', #281, #3010, #4069 ) ;
#246 = VECTOR ( 'NONE', #3090, 1000.000000000000114 ) ;
#247 = ORIENTED_EDGE ( 'NONE', *, *, #2657, .T. ) ;
#248 = DIRECTION ( 'NONE',  ( 0.000000000000000000, -0.7933533402912337218, 0.6087614290087224322 ) ) ;
#249 = VECTOR ( 'NONE', #1514, 1000.000000000000000 ) ;
#250 = FACE_BOUND ( 'NONE', #1004, .T. ) ;
#251 = VECTOR ( 'NONE', #3835, 1000.000000000000000 ) ;
#252 = CARTESIAN_POINT ( 'NONE',  ( -4.349999999999999645, 7.200000000000000178, 1.199999999999999956 ) ) ;
#253 = CARTESIAN_POINT ( 'NONE',  ( -1.670000000000000151, 0.2802667518457296891, 5.500000000000000000 ) ) ;
#254 = EDGE_LOOP ( 'NONE', ( #695, #4402, #241, #212, #3096, #1247, #1938, #2835, #3989, #4193, #2688, #143, #88, #2940, #3992 ) ) ;
#255 = LINE ( 'NONE', #1548, #35 ) ;
#256 = EDGE_LOOP ( 'NONE', ( #494, #1600, #2994, #2510 ) ) ;
#257 = ORIENTED_EDGE ( 'NONE', *, *, #1582, .T. ) ;
#258 = CIRCLE ( 'NONE', #1112, 0.5500000000000002665 ) ;
#259 = LINE ( 'NONE', #1644, #4420 ) ;
#260 = CARTESIAN_POINT ( 'NONE',  ( -1.670000000000000151, 4.450000000000000178, 2.870000000000000107 ) ) ;
#261 = VECTOR ( 'NONE', #136, 1000.000000000000000 ) ;
#262 = DIRECTION ( 'NONE',  ( -1.000000000000000000, 0.000000000000000000, 1.014973643126989991E-29 ) ) ;
#263 = VERTEX_POINT ( 'NONE', #1880 ) ;
#264 = EDGE_CURVE ( 'NONE', #3336, #3038, #518, .T. ) ;
#265 = EDGE_CURVE ( 'NONE', #564, #3778, #326, .T. ) ;
#266 = ORIENTED_EDGE ( 'NONE', *, *, #3101, .T. ) ;
#267 = DIRECTION ( 'NONE',  ( 1.000000000000000000, 0.000000000000000000, -1.014973643126989991E-29 ) ) ;
#268 = VERTEX_POINT ( 'NONE', #1562 ) ;
#269 = ORIENTED_EDGE ( 'NONE', *, *, #350, .T. ) ;
#270 = ORIENTED_EDGE ( 'NONE', *, *, #1086, .T. ) ;
#271 = DIRECTION ( 'NONE',  ( -1.000000000000000000, 0.000000000000000000, 1.014973643126989991E-29 ) ) ;
#272 = PLANE ( 'NONE',  #82 ) ;
#273 = AXIS2_PLACEMENT_3D ( 'NONE', #2937, #865, #193 ) ;
#274 = DIRECTION ( 'NONE',  ( -1.014007613118478321E-29, 0.04361938736533728378, -0.9990482215818576872 ) ) ;
#275 = LINE ( 'NONE', #3002, #4118 ) ;
#276 = ORIENTED_EDGE ( 'NONE', *, *, #4434, .F. ) ;
#277 = CARTESIAN_POINT ( 'NONE',  ( 4.009999999999999787, 0.6499999999999930278, -4.221723315055990078 ) ) ;
#278 = VERTEX_POINT ( 'NONE', #2548 ) ;
#279 = ORIENTED_EDGE ( 'NONE', *, *, #3186, .F. ) ;
#280 = CARTESIAN_POINT ( 'NONE',  ( -3.910000000000000142, 0.9200000000000000400, 4.419695505846690686 ) ) ;
#281 = CARTESIAN_POINT ( 'NONE',  ( -3.609999999999999876, 0.5967170114905639977, -5.129773133170560051 ) ) ;
#282 = CARTESIAN_POINT ( 'NONE',  ( -3.180000000000000160, 3.949999999999999734, -3.671255922059779575 ) ) ;
#283 = EDGE_LOOP ( 'NONE', ( #3817, #3619 ) ) ;
#284 = VERTEX_POINT ( 'NONE', #3245 ) ;
#285 = ADVANCED_FACE ( 'NONE', ( #2261 ), #2908, .T. ) ;
#286 = LINE ( 'NONE', #664, #3373 ) ;
#287 = EDGE_CURVE ( 'NONE', #1451, #3690, #2349, .T. ) ;
#288 = EDGE_CURVE ( 'NONE', #4056, #1863, #4022, .T. ) ;
#289 = VERTEX_POINT ( 'NONE', #2682 ) ;
#290 = ADVANCED_FACE ( 'NONE', ( #250, #2635 ), #1677, .F. ) ;
#291 = ADVANCED_FACE ( 'NONE', ( #1276 ), #4014, .F. ) ;
#292 = EDGE_CURVE ( 'NONE', #3687, #1535, #2013, .T. ) ;
#293 = EDGE_LOOP ( 'NONE', ( #1754, #3752, #663, #2164 ) ) ;
#294 = DIRECTION ( 'NONE',  ( -1.000000000000000000, 0.000000000000000000, 1.014973643126989991E-29 ) ) ;
#295 = AXIS2_PLACEMENT_3D ( 'NONE', #907, #2268, #2959 ) ;
#296 = DIRECTION ( 'NONE',  ( 1.000000000000000000, -4.402663718299220029E-32, -1.014973643126989991E-29 ) ) ;
#297 = DIRECTION ( 'NONE',  ( 0.000000000000000000, 0.8064446042674814352, 0.5913096483635837952 ) ) ;
#298 = DIRECTION ( 'NONE',  ( 1.000000000000000000, -3.531817991034325100E-30, -1.475249124944287038E-29 ) ) ;
#299 = AXIS2_PLACEMENT_3D ( 'NONE', #1479, #2841, #4216 ) ;
#300 = VERTEX_POINT ( 'NONE', #340 ) ;
#301 = CARTESIAN_POINT ( 'NONE',  ( 3.154999999999999805, 3.949999999999999734, 3.621255922059779753 ) ) ;
#302 = AXIS2_PLACEMENT_3D ( 'NONE', #3339, #3381, #3697 ) ;
#303 = ORIENTED_EDGE ( 'NONE', *, *, #3691, .T. ) ;
#304 = CIRCLE ( 'NONE', #2083, 0.5500000000000002665 ) ;
#305 = EDGE_LOOP ( 'NONE', ( #3262, #2279, #858, #1675 ) ) ;
#306 = CARTESIAN_POINT ( 'NONE',  ( -3.609999999999999876, 5.849999999999999645, 2.870000000000000107 ) ) ;
#307 = LINE ( 'NONE', #3683, #1990 ) ;
#308 = DIRECTION ( 'NONE',  ( 1.000000000000000000, 0.000000000000000000, -1.014973643126989991E-29 ) ) ;
#309 = CARTESIAN_POINT ( 'NONE',  ( -3.609999999999999876, 0.3061653321695956831, 4.906824988224970596 ) ) ;
#310 = ORIENTED_EDGE ( 'NONE', *, *, #2719, .F. ) ;
#311 = ORIENTED_EDGE ( 'NONE', *, *, #3202, .F. ) ;
#312 = LINE ( 'NONE', #1713, #443 ) ;
#313 = EDGE_LOOP ( 'NONE', ( #3908, #3937, #1037, #109 ) ) ;
#314 = VERTEX_POINT ( 'NONE', #2706 ) ;
#315 = FACE_OUTER_BOUND ( 'NONE', #2753, .T. ) ;
#316 = ADVANCED_FACE ( 'NONE', ( #2303 ), #3000, .T. ) ;
#317 = CARTESIAN_POINT ( 'NONE',  ( -4.209999999999999964, 1.370955930443130022, 4.200000000000000178 ) ) ;
#318 = ADVANCED_FACE ( 'NONE', ( #4080 ), #272, .T. ) ;
#319 = VECTOR ( 'NONE', #681, 1000.000000000000000 ) ;
#320 = CARTESIAN_POINT ( 'NONE',  ( -1.070000000000000062, 5.849999999999999645, 2.870000000000000107 ) ) ;
#321 = DIRECTION ( 'NONE',  ( -0.4472135954999569840, -0.7745966692414839594, -0.4472135954999579832 ) ) ;
#322 = ORIENTED_EDGE ( 'NONE', *, *, #2701, .T. ) ;
#323 = LINE ( 'NONE', #696, #246 ) ;
#324 = VECTOR ( 'NONE', #1769, 1000.000000000000000 ) ;
#325 = VECTOR ( 'NONE', #141, 1000.000000000000000 ) ;
#326 = LINE ( 'NONE', #204, #4237 ) ;
#327 = DIRECTION ( 'NONE',  ( 0.000000000000000000, 0.8064446042674811022, 0.5913096483635842393 ) ) ;
#328 = CARTESIAN_POINT ( 'NONE',  ( -1.369999999999999885, 0.5967170114905639977, 5.129773133170560051 ) ) ;
#329 = PLANE ( 'NONE',  #2384 ) ;
#330 = PLANE ( 'NONE',  #896 ) ;
#331 = ORIENTED_EDGE ( 'NONE', *, *, #643, .T. ) ;
#332 = VECTOR ( 'NONE', #3097, 1000.000000000000000 ) ;
#333 = ADVANCED_FACE ( 'NONE', ( #1947 ), #4373, .T. ) ;
#334 = ORIENTED_EDGE ( 'NONE', *, *, #153, .F. ) ;
#335 = VECTOR ( 'NONE', #1576, 1000.000000000000000 ) ;
#336 = FACE_BOUND ( 'NONE', #194, .T. ) ;
#337 = AXIS2_PLACEMENT_3D ( 'NONE', #713, #693, #4104 ) ;
#338 = EDGE_LOOP ( 'NONE', ( #2939, #2805, #1800, #4271 ) ) ;
#339 = CARTESIAN_POINT ( 'NONE',  ( -6.850000000000000533, 1.950000000000000178, 4.200000000000000178 ) ) ;
#340 = CARTESIAN_POINT ( 'NONE',  ( -1.670000000000000151, 5.849999999999999645, -3.149999999999999911 ) ) ;
#341 = DIRECTION ( 'NONE',  ( -0.008726203243944226015, 0.9999238504775704861, 0.008726203243944226015 ) ) ;
#342 = PRODUCT_RELATED_PRODUCT_CATEGORY ( 'part', '', ( #1827 ) ) ;
#343 = SHAPE_DEFINITION_REPRESENTATION ( #2864, #2917 ) ;
#344 = CARTESIAN_POINT ( 'NONE',  ( -1.369999999999999885, 0.5065052716392820509, 4.843658047946089340 ) ) ;
#345 = ORIENTED_EDGE ( 'NONE', *, *, #2008, .T. ) ;
#346 = EDGE_CURVE ( 'NONE', #268, #3580, #1017, .T. ) ;
#347 = ORIENTED_EDGE ( 'NONE', *, *, #3598, .T. ) ;
#348 = VECTOR ( 'NONE', #1263, 1000.000000000000000 ) ;
#349 = FACE_OUTER_BOUND ( 'NONE', #1649, .T. ) ;
#350 = EDGE_CURVE ( 'NONE', #447, #3869, #4414, .T. ) ;
#351 = PLANE ( 'NONE',  #3630 ) ;
#352 = CARTESIAN_POINT ( 'NONE',  ( 4.009999999999999787, 0.5967170114905639977, 5.129773133170560051 ) ) ;
#353 = EDGE_CURVE ( 'NONE', #2789, #2381, #969, .T. ) ;
#354 = DIRECTION ( 'NONE',  ( -1.000000000000000000, 0.000000000000000000, 1.014973643126989991E-29 ) ) ;
#355 = VERTEX_POINT ( 'NONE', #1295 ) ;
#356 = CIRCLE ( 'NONE', #2850, 0.3000000000000003775 ) ;
#357 = VERTEX_POINT ( 'NONE', #1971 ) ;
#358 = DIRECTION ( 'NONE',  ( -0.9999619230641713097, 0.008726535498373931207, 1.014937645695969737E-29 ) ) ;
#359 = ORIENTED_EDGE ( 'NONE', *, *, #643, .F. ) ;
#360 = DIRECTION ( 'NONE',  ( 0.000000000000000000, -1.000000000000000000, -0.000000000000000000 ) ) ;
#361 = DIRECTION ( 'NONE',  ( 1.000000000000000000, 0.000000000000000000, 0.000000000000000000 ) ) ;
#362 = VECTOR ( 'NONE', #213, 1000.000000000000000 ) ;
#363 = DIRECTION ( 'NONE',  ( -2.029947286253979982E-29, 0.000000000000000000, -1.000000000000000000 ) ) ;
#364 = DIRECTION ( 'NONE',  ( 1.014973416041937931E-29, 0.008726535498373931207, 0.9999619230641713097 ) ) ;
#365 = EDGE_LOOP ( 'NONE', ( #2747, #3110, #3258, #537 ) ) ;
#366 = CARTESIAN_POINT ( 'NONE',  ( -4.209999999999999964, 3.949999999999999734, -3.149999999999999911 ) ) ;
#367 = CARTESIAN_POINT ( 'NONE',  ( 6.850000000000000533, 0.3499999999999999778, -4.200000000000000178 ) ) ;
#368 = VECTOR ( 'NONE', #1118, 1000.000000000000114 ) ;
#369 = CARTESIAN_POINT ( 'NONE',  ( -4.209999999999999964, 0.1313175063982884860, -4.772659532721202247 ) ) ;
#370 = FACE_OUTER_BOUND ( 'NONE', #154, .T. ) ;
#371 = CARTESIAN_POINT ( 'NONE',  ( -4.209999999999999964, 0.5676618435584670497, -5.107478318675999773 ) ) ;
#372 = ORIENTED_EDGE ( 'NONE', *, *, #124, .T. ) ;
#373 = LINE ( 'NONE', #3370, #976 ) ;
#374 = VERTEX_POINT ( 'NONE', #3401 ) ;
#375 = CIRCLE ( 'NONE', #2225, 0.3000000000000003775 ) ;
#376 = ORIENTED_EDGE ( 'NONE', *, *, #3289, .F. ) ;
#377 = FACE_BOUND ( 'NONE', #1476, .T. ) ;
#378 = ORIENTED_EDGE ( 'NONE', *, *, #3429, .T. ) ;
#379 = CARTESIAN_POINT ( 'NONE',  ( -4.209999999999999964, 0.2802667518457296891, -5.500000000000000000 ) ) ;
#380 = EDGE_CURVE ( 'NONE', #4052, #3211, #3945, .T. ) ;
#381 = EDGE_LOOP ( 'NONE', ( #2405, #4108, #3910, #3439 ) ) ;
#382 = LINE ( 'NONE', #4147, #4163 ) ;
#383 = VECTOR ( 'NONE', #1143, 1000.000000000000000 ) ;
#384 = ADVANCED_FACE ( 'NONE', ( #1356 ), #3650, .T. ) ;
#385 = FACE_OUTER_BOUND ( 'NONE', #4106, .T. ) ;
#386 = LINE ( 'NONE', #1455, #1673 ) ;
#387 = ORIENTED_EDGE ( 'NONE', *, *, #469, .T. ) ;
#388 = DIRECTION ( 'NONE',  ( 0.000000000000000000, -1.000000000000000000, -0.000000000000000000 ) ) ;
#389 = ADVANCED_FACE ( 'NONE', ( #922, #1658, #2281, #3021 ), #580, .T. ) ;
#390 = DIRECTION ( 'NONE',  ( -2.029947286253979982E-29, 0.000000000000000000, -1.000000000000000000 ) ) ;
#391 = FACE_OUTER_BOUND ( 'NONE', #49, .T. ) ;
#392 = DIRECTION ( 'NONE',  ( 1.000000000000000000, 0.000000000000000000, -1.014973643126989991E-29 ) ) ;
#393 = AXIS2_PLACEMENT_3D ( 'NONE', #1799, #1417, #1438 ) ;
#394 = ORIENTED_EDGE ( 'NONE', *, *, #2660, .F. ) ;
#395 = VECTOR ( 'NONE', #3656, 1000.000000000000000 ) ;
#396 = DIRECTION ( 'NONE',  ( 1.000000000000000000, 0.000000000000000000, -1.014973643126989991E-29 ) ) ;
#397 = VERTEX_POINT ( 'NONE', #3495 ) ;
#398 = AXIS2_PLACEMENT_3D ( 'NONE', #2857, #1475, #1448 ) ;
#399 = CARTESIAN_POINT ( 'NONE',  ( 6.222510366459109932, 3.949999999999999734, -3.572510366459110021 ) ) ;
#400 = CARTESIAN_POINT ( 'NONE',  ( -3.850000000000000089, 7.200000000000000178, 1.199999999999999956 ) ) ;
#401 = EDGE_CURVE ( 'NONE', #2287, #2068, #442, .T. ) ;
#402 = ADVANCED_FACE ( 'NONE', ( #763 ), #111, .T. ) ;
#403 = AXIS2_PLACEMENT_3D ( 'NONE', #2052, #1477, #2839 ) ;
#404 = DIRECTION ( 'NONE',  ( 1.000000000000000000, 0.000000000000000000, -1.014973643126989991E-29 ) ) ;
#405 = CARTESIAN_POINT ( 'NONE',  ( -6.850000000000000533, 6.599999999999999645, -4.200000000000000178 ) ) ;
#406 = ORIENTED_EDGE ( 'NONE', *, *, #2425, .F. ) ;
#407 = CARTESIAN_POINT ( 'NONE',  ( -3.910000000000000142, 0.6499999999999930278, -4.221723315055990078 ) ) ;
#408 = ORIENTED_EDGE ( 'NONE', *, *, #4185, .T. ) ;
#409 = CARTESIAN_POINT ( 'NONE',  ( -3.910000000000000142, 0.01818532168844502403, 5.083487655625070545 ) ) ;
#410 = PLANE ( 'NONE',  #904 ) ;
#411 = DIRECTION ( 'NONE',  ( 1.014973643126989991E-29, -9.408669700213189370E-17, 1.000000000000000000 ) ) ;
#412 = CARTESIAN_POINT ( 'NONE',  ( 3.710000000000000409, 0.000000000000000000, -5.500000000000000000 ) ) ;
#413 = PLANE ( 'NONE',  #1770 ) ;
#414 = DIRECTION ( 'NONE',  ( 0.000000000000000000, 0.8064446042674814352, -0.5913096483635837952 ) ) ;
#415 = CARTESIAN_POINT ( 'NONE',  ( -3.910000000000000142, 0.5967170114905639977, 5.129773133170560051 ) ) ;
#416 = VERTEX_POINT ( 'NONE', #1767 ) ;
#417 = CARTESIAN_POINT ( 'NONE',  ( 3.409999999999999698, 0.4022736538311170729, 4.582933995764480350 ) ) ;
#418 = EDGE_LOOP ( 'NONE', ( #1473, #1369, #3550, #4206, #3307, #3530, #4337, #1991, #4349, #3906, #1883, #1019, #4159, #2803, #188 ) ) ;
#419 = DIRECTION ( 'NONE',  ( -1.000000000000000000, 0.000000000000000000, 1.014973643126989991E-29 ) ) ;
#420 = VECTOR ( 'NONE', #3769, 1000.000000000000000 ) ;
#421 = LINE ( 'NONE', #2451, #146 ) ;
#422 = CARTESIAN_POINT ( 'NONE',  ( -3.609999999999999876, 3.949999999999999734, -3.149999999999999911 ) ) ;
#423 = CARTESIAN_POINT ( 'NONE',  ( 6.239964484176869775, 1.949956211523800054, -3.600000000000000089 ) ) ;
#424 = VERTEX_POINT ( 'NONE', #4125 ) ;
#425 = LINE ( 'NONE', #4168, #41 ) ;
#426 = EDGE_CURVE ( 'NONE', #1265, #697, #1741, .T. ) ;
#427 = ORIENTED_EDGE ( 'NONE', *, *, #2392, .T. ) ;
#428 = DIRECTION ( 'NONE',  ( 0.000000000000000000, 0.8064446042674811022, -0.5913096483635842393 ) ) ;
#429 = ADVANCED_FACE ( 'NONE', ( #1095 ), #711, .T. ) ;
#430 = CARTESIAN_POINT ( 'NONE',  ( -1.670000000000000151, 0.5676618435584670497, 5.107478318675999773 ) ) ;
#431 = CARTESIAN_POINT ( 'NONE',  ( 3.409999999999999698, 3.949999999999999734, -2.870000000000000107 ) ) ;
#432 = DIRECTION ( 'NONE',  ( 1.142846965504326407E-45, -1.000000000000000000, 1.125986840390630024E-16 ) ) ;
#433 = CIRCLE ( 'NONE', #2359, 0.5500000000000002665 ) ;
#434 = CARTESIAN_POINT ( 'NONE',  ( -3.609999999999999876, 0.8619333812802444372, 4.377119299477215009 ) ) ;
#435 = CARTESIAN_POINT ( 'NONE',  ( -3.609999999999999876, 0.01818532168844502403, 5.083487655625070545 ) ) ;
#436 = CARTESIAN_POINT ( 'NONE',  ( -1.670000000000000151, 0.000000000000000000, 5.500000000000000000 ) ) ;
#437 = ORIENTED_EDGE ( 'NONE', *, *, #950, .T. ) ;
#438 = LINE ( 'NONE', #1801, #2102 ) ;
#439 = EDGE_LOOP ( 'NONE', ( #4078, #1192, #1608, #565 ) ) ;
#440 = LINE ( 'NONE', #1803, #1559 ) ;
#441 = CARTESIAN_POINT ( 'NONE',  ( 3.409999999999999698, 0.9200000000000000400, 4.200000000000000178 ) ) ;
#442 = CIRCLE ( 'NONE', #3729, 0.5500000000000002665 ) ;
#443 = VECTOR ( 'NONE', #1290, 1000.000000000000000 ) ;
#444 = CARTESIAN_POINT ( 'NONE',  ( 3.409999999999999698, 0.5967170114905639977, -5.129773133170560051 ) ) ;
#445 = PLANE ( 'NONE',  #1607 ) ;
#446 = ORIENTED_EDGE ( 'NONE', *, *, #1170, .T. ) ;
#447 = VERTEX_POINT ( 'NONE', #736 ) ;
#448 = LINE ( 'NONE', #1452, #2934 ) ;
#449 = DIRECTION ( 'NONE',  ( -1.000000000000000000, 0.000000000000000000, 1.014973643126989991E-29 ) ) ;
#450 = DIRECTION ( 'NONE',  ( 9.088370851094219738E-30, 0.000000000000000000, 1.000000000000000000 ) ) ;
#451 = EDGE_CURVE ( 'NONE', #2430, #2312, #3107, .T. ) ;
#452 = EDGE_CURVE ( 'NONE', #2893, #3317, #3806, .T. ) ;
#453 = DIRECTION ( 'NONE',  ( 0.000000000000000000, 0.8064446042674814352, 0.5913096483635837952 ) ) ;
#454 = EDGE_CURVE ( 'NONE', #929, #3271, #2366, .T. ) ;
#455 = DIRECTION ( 'NONE',  ( 0.000000000000000000, 0.8064446042674811022, -0.5913096483635842393 ) ) ;
#456 = DIRECTION ( 'NONE',  ( 0.000000000000000000, 1.000000000000000000, 0.000000000000000000 ) ) ;
#457 = DIRECTION ( 'NONE',  ( -4.681010421875320110E-31, 1.000000000000000000, 4.751102201406201882E-60 ) ) ;
#458 = EDGE_LOOP ( 'NONE', ( #1104, #4020, #169, #533 ) ) ;
#459 = DIRECTION ( 'NONE',  ( -1.000000000000000000, 0.000000000000000000, 1.014973643126989991E-29 ) ) ;
#460 = ORIENTED_EDGE ( 'NONE', *, *, #1140, .T. ) ;
#461 = DIRECTION ( 'NONE',  ( 1.014007613118478321E-29, 0.04361938736533689520, 0.9990482215818576872 ) ) ;
#462 = CIRCLE ( 'NONE', #824, 0.5500000000000003775 ) ;
#463 = AXIS2_PLACEMENT_3D ( 'NONE', #3974, #4291, #587 ) ;
#464 = DIRECTION ( 'NONE',  ( 0.4472135954999569840, 0.7745966692414839594, -0.4472135954999579832 ) ) ;
#465 = VECTOR ( 'NONE', #3024, 1000.000000000000000 ) ;
#466 = PRODUCT_DEFINITION_FORMATION_WITH_SPECIFIED_SOURCE ( 'ANY', '', #1827, .NOT_KNOWN. ) ;
#467 = CARTESIAN_POINT ( 'NONE',  ( -3.609999999999999876, 0.03498376480335903260, -4.698740052942419254 ) ) ;
#468 = DIRECTION ( 'NONE',  ( 0.000000000000000000, 0.8064446042674814352, -0.5913096483635837952 ) ) ;
#469 = EDGE_CURVE ( 'NONE', #1535, #662, #3516, .T. ) ;
#470 = ORIENTED_EDGE ( 'NONE', *, *, #1371, .F. ) ;
#471 = DIRECTION ( 'NONE',  ( 0.000000000000000000, -1.000000000000000000, 0.000000000000000000 ) ) ;
#472 = ORIENTED_EDGE ( 'NONE', *, *, #2238, .F. ) ;
#473 = CIRCLE ( 'NONE', #2114, 0.5500000000000003775 ) ;
#474 = VECTOR ( 'NONE', #516, 1000.000000000000000 ) ;
#475 = LINE ( 'NONE', #3943, #2308 ) ;
#476 = DIRECTION ( 'NONE',  ( -1.014007613118478321E-29, -0.04361938736533728378, -0.9990482215818576872 ) ) ;
#477 = DIRECTION ( 'NONE',  ( 1.000000000000000000, 0.000000000000000000, -1.014973643126989991E-29 ) ) ;
#478 = VECTOR ( 'NONE', #1227, 1000.000000000000000 ) ;
#479 = CARTESIAN_POINT ( 'NONE',  ( -4.209999999999999964, 0.6199999999999999956, -4.199726404968139981 ) ) ;
#480 = ADVANCED_FACE ( 'NONE', ( #1717 ), #692, .F. ) ;
#481 = DIRECTION ( 'NONE',  ( 1.000000000000000000, 4.681010421875320110E-31, -9.088370851094219738E-30 ) ) ;
#482 = EDGE_CURVE ( 'NONE', #3646, #2920, #448, .T. ) ;
#483 = CARTESIAN_POINT ( 'NONE',  ( -1.670000000000000151, 1.370955930443130022, 4.200000000000000178 ) ) ;
#484 = ORIENTED_EDGE ( 'NONE', *, *, #452, .T. ) ;
#485 = DIRECTION ( 'NONE',  ( 0.000000000000000000, -1.000000000000000000, -0.000000000000000000 ) ) ;
#486 = ORIENTED_EDGE ( 'NONE', *, *, #3223, .T. ) ;
#487 = CARTESIAN_POINT ( 'NONE',  ( -3.910000000000000142, 0.5676618435584670497, 5.107478318675999773 ) ) ;
#488 = EDGE_CURVE ( 'NONE', #1287, #4318, #3800, .T. ) ;
#489 = EDGE_CURVE ( 'NONE', #3669, #3314, #382, .T. ) ;
#490 = CARTESIAN_POINT ( 'NONE',  ( -4.209999999999999964, 5.849999999999999645, -2.870000000000000107 ) ) ;
#491 = VECTOR ( 'NONE', #4024, 1000.000000000000000 ) ;
#492 = DIRECTION ( 'NONE',  ( 0.000000000000000000, -0.7933533402912341659, 0.6087614290087219882 ) ) ;
#493 = PLANE ( 'NONE',  #3541 ) ;
#494 = ORIENTED_EDGE ( 'NONE', *, *, #147, .F. ) ;
#495 = ORIENTED_EDGE ( 'NONE', *, *, #2206, .T. ) ;
#496 = EDGE_CURVE ( 'NONE', #1115, #3131, #3473, .T. ) ;
#497 = DIRECTION ( 'NONE',  ( 1.014007613118478321E-29, -0.04361938736533728378, 0.9990482215818576872 ) ) ;
#498 = DIRECTION ( 'NONE',  ( -1.000000000000000000, 0.000000000000000000, 1.014973643126989991E-29 ) ) ;
#499 = DIRECTION ( 'NONE',  ( 1.000000000000000000, 0.000000000000000000, -1.014973643126989991E-29 ) ) ;
#500 = CARTESIAN_POINT ( 'NONE',  ( 3.710000000000000409, 0.000000000000000000, 5.500000000000000000 ) ) ;
#501 = PLANE ( 'NONE',  #4113 ) ;
#502 = EDGE_LOOP ( 'NONE', ( #3694, #966, #2678, #910 ) ) ;
#503 = CARTESIAN_POINT ( 'NONE',  ( -3.609999999999999876, 1.199999999999999956, -4.200000000000000178 ) ) ;
#504 = ORIENTED_EDGE ( 'NONE', *, *, #4267, .T. ) ;
#505 = ORIENTED_EDGE ( 'NONE', *, *, #454, .F. ) ;
#506 = DIRECTION ( 'NONE',  ( 0.000000000000000000, 1.000000000000000000, 0.000000000000000000 ) ) ;
#507 = VECTOR ( 'NONE', #2600, 1000.000000000000000 ) ;
#508 = ORIENTED_EDGE ( 'NONE', *, *, #51, .F. ) ;
#509 = CARTESIAN_POINT ( 'NONE',  ( -1.670000000000000151, 1.093544532347108023, 4.546943621655961110 ) ) ;
#510 = CARTESIAN_POINT ( 'NONE',  ( 4.009999999999999787, 0.3587110094031937813, -4.947144704467943299 ) ) ;
#511 = VECTOR ( 'NONE', #1029, 1000.000000000000000 ) ;
#512 = ORIENTED_EDGE ( 'NONE', *, *, #3036, .F. ) ;
#513 = VERTEX_POINT ( 'NONE', #68 ) ;
#514 = EDGE_CURVE ( 'NONE', #3346, #1331, #4194, .T. ) ;
#515 = DIRECTION ( 'NONE',  ( 1.000000000000000000, 0.000000000000000000, -1.014973643126989991E-29 ) ) ;
#516 = DIRECTION ( 'NONE',  ( 1.000000000000000000, 0.000000000000000000, -1.014973643126989991E-29 ) ) ;
#517 = EDGE_CURVE ( 'NONE', #4318, #3773, #2729, .T. ) ;
#518 = LINE ( 'NONE', #815, #2724 ) ;
#519 = DIRECTION ( 'NONE',  ( 1.014973643126989991E-29, 9.408669700213189370E-17, 1.000000000000000000 ) ) ;
#520 = DIRECTION ( 'NONE',  ( -1.014973643126989991E-29, 0.000000000000000000, -1.000000000000000000 ) ) ;
#521 = ORIENTED_EDGE ( 'NONE', *, *, #3323, .T. ) ;
#522 = DIRECTION ( 'NONE',  ( 0.000000000000000000, 1.000000000000000000, 0.000000000000000000 ) ) ;
#523 = ORIENTED_EDGE ( 'NONE', *, *, #4258, .F. ) ;
#524 = EDGE_CURVE ( 'NONE', #2564, #2212, #1788, .T. ) ;
#525 = ORIENTED_EDGE ( 'NONE', *, *, #4265, .T. ) ;
#526 = DIRECTION ( 'NONE',  ( -1.014973643126989991E-29, 0.000000000000000000, -1.000000000000000000 ) ) ;
#527 = DIRECTION ( 'NONE',  ( 0.01744974916068270723, 0.9996954598818874604, -0.01744974916068270723 ) ) ;
#528 = ORIENTED_EDGE ( 'NONE', *, *, #2831, .F. ) ;
#529 = CIRCLE ( 'NONE', #3538, 0.2999999999999999889 ) ;
#530 = CARTESIAN_POINT ( 'NONE',  ( -1.369999999999999885, 1.093544532347108023, 4.546943621655961110 ) ) ;
#531 = DIRECTION ( 'NONE',  ( 1.000000000000000000, 0.000000000000000000, -1.014973643126989991E-29 ) ) ;
#532 = EDGE_CURVE ( 'NONE', #3271, #140, #2479, .T. ) ;
#533 = ORIENTED_EDGE ( 'NONE', *, *, #1791, .T. ) ;
#534 = ADVANCED_FACE ( 'NONE', ( #2501 ), #3875, .F. ) ;
#535 = AXIS2_PLACEMENT_3D ( 'NONE', #2056, #364, #2732 ) ;
#536 = AXIS2_PLACEMENT_3D ( 'NONE', #2851, #459, #3141 ) ;
#537 = ORIENTED_EDGE ( 'NONE', *, *, #163, .F. ) ;
#538 = LINE ( 'NONE', #202, #3450 ) ;
#539 = DIRECTION ( 'NONE',  ( 1.014973643126989991E-29, -9.408669700213189370E-17, 1.000000000000000000 ) ) ;
#540 = LINE ( 'NONE', #1188, #1155 ) ;
#541 = AXIS2_PLACEMENT_3D ( 'NONE', #2860, #3301, #808 ) ;
#542 = DIRECTION ( 'NONE',  ( 0.000000000000000000, -0.7933533402912341659, 0.6087614290087219882 ) ) ;
#543 = FACE_OUTER_BOUND ( 'NONE', #3365, .T. ) ;
#544 = ORIENTED_EDGE ( 'NONE', *, *, #3155, .F. ) ;
#545 = FACE_OUTER_BOUND ( 'NONE', #3227, .T. ) ;
#546 = ORIENTED_EDGE ( 'NONE', *, *, #1269, .T. ) ;
#547 = VERTEX_POINT ( 'NONE', #1142 ) ;
#548 = CARTESIAN_POINT ( 'NONE',  ( 6.222510366459109932, 3.949999999999999734, -1.800000000000000044 ) ) ;
#549 = CARTESIAN_POINT ( 'NONE',  ( 3.710000000000000409, 0.8153881897273429491, -4.746267637967520159 ) ) ;
#550 = DIRECTION ( 'NONE',  ( 1.142846965504326407E-45, -1.000000000000000000, 1.125986840390630024E-16 ) ) ;
#551 = ORIENTED_EDGE ( 'NONE', *, *, #3742, .T. ) ;
#552 = ORIENTED_EDGE ( 'NONE', *, *, #3595, .F. ) ;
#553 = LINE ( 'NONE', #1916, #14 ) ;
#554 = FACE_OUTER_BOUND ( 'NONE', #2652, .T. ) ;
#555 = ORIENTED_EDGE ( 'NONE', *, *, #3323, .F. ) ;
#556 = ORIENTED_EDGE ( 'NONE', *, *, #918, .F. ) ;
#557 = CYLINDRICAL_SURFACE ( 'NONE', #1046, 0.5500000000000002665 ) ;
#558 = CARTESIAN_POINT ( 'NONE',  ( 4.009999999999999787, 0.2970025450160062030, -5.116687316960959464 ) ) ;
#559 = AXIS2_PLACEMENT_3D ( 'NONE', #197, #2608, #913 ) ;
#560 = CARTESIAN_POINT ( 'NONE',  ( 4.009999999999999787, 0.6499999999999930278, 4.221723315055990078 ) ) ;
#561 = CARTESIAN_POINT ( 'NONE',  ( 4.009999999999999787, 1.199999999999999956, 4.625000000000000000 ) ) ;
#562 = VERTEX_POINT ( 'NONE', #799 ) ;
#563 = DIRECTION ( 'NONE',  ( 3.052084608322652108E-30, 0.9537169507482271547, 0.3007057995042720644 ) ) ;
#564 = VERTEX_POINT ( 'NONE', #2182 ) ;
#565 = ORIENTED_EDGE ( 'NONE', *, *, #1086, .F. ) ;
#566 = DIRECTION ( 'NONE',  ( 1.000000000000000000, 0.000000000000000000, -1.014973643126989991E-29 ) ) ;
#567 = CARTESIAN_POINT ( 'NONE',  ( -3.850000000000000089, 6.599999999999999645, 1.199999999999999956 ) ) ;
#568 = ADVANCED_FACE ( 'NONE', ( #3458 ), #3166, .T. ) ;
#569 = FACE_OUTER_BOUND ( 'NONE', #2764, .T. ) ;
#570 = EDGE_LOOP ( 'NONE', ( #2273, #1159, #3731, #2673 ) ) ;
#571 = ORIENTED_EDGE ( 'NONE', *, *, #2059, .F. ) ;
#572 = AXIS2_PLACEMENT_3D ( 'NONE', #3713, #3397, #1693 ) ;
#573 = DIRECTION ( 'NONE',  ( 0.000000000000000000, -0.7933533402912337218, 0.6087614290087224322 ) ) ;
#574 = DIRECTION ( 'NONE',  ( -1.014973643126989991E-29, 0.000000000000000000, -1.000000000000000000 ) ) ;
#575 = EDGE_LOOP ( 'NONE', ( #3355, #2245, #2904, #690 ) ) ;
#576 = ORIENTED_EDGE ( 'NONE', *, *, #469, .F. ) ;
#577 = ORIENTED_EDGE ( 'NONE', *, *, #846, .T. ) ;
#578 = CARTESIAN_POINT ( 'NONE',  ( 3.710000000000000409, 1.199999999999999956, 4.625000000000000000 ) ) ;
#579 = VECTOR ( 'NONE', #477, 1000.000000000000000 ) ;
#580 = PLANE ( 'NONE',  #3372 ) ;
#581 = CIRCLE ( 'NONE', #158, 0.2999999999999999889 ) ;
#582 = DIRECTION ( 'NONE',  ( 6.058317784877738483E-46, -1.000000000000000000, 5.968940992608359498E-17 ) ) ;
#583 = ADVANCED_FACE ( 'NONE', ( #4160 ), #3507, .T. ) ;
#584 = ADVANCED_FACE ( 'NONE', ( #823 ), #1109, .T. ) ;
#585 = CARTESIAN_POINT ( 'NONE',  ( 4.009999999999999787, 1.199999999999999956, 4.200000000000000178 ) ) ;
#586 = ORIENTED_EDGE ( 'NONE', *, *, #3758, .F. ) ;
#587 = DIRECTION ( 'NONE',  ( 0.000000000000000000, 0.8064446042674814352, 0.5913096483635837952 ) ) ;
#588 = EDGE_CURVE ( 'NONE', #2564, #4367, #2115, .T. ) ;
#589 = VERTEX_POINT ( 'NONE', #1394 ) ;
#590 = EDGE_LOOP ( 'NONE', ( #6, #2499, #4388, #1049 ) ) ;
#591 = CARTESIAN_POINT ( 'NONE',  ( -1.670000000000000151, 1.199999999999999956, 4.200000000000000178 ) ) ;
#592 = LINE ( 'NONE', #956, #200 ) ;
#593 = DIRECTION ( 'NONE',  ( -1.014973643126989991E-29, 0.000000000000000000, -1.000000000000000000 ) ) ;
#594 = ORIENTED_EDGE ( 'NONE', *, *, #1444, .F. ) ;
#595 = VECTOR ( 'NONE', #2120, 1000.000000000000000 ) ;
#596 = ORIENTED_EDGE ( 'NONE', *, *, #1119, .T. ) ;
#597 = DIRECTION ( 'NONE',  ( 0.000000000000000000, -0.7933533402912341659, -0.6087614290087219882 ) ) ;
#598 = VERTEX_POINT ( 'NONE', #399 ) ;
#599 = ORIENTED_EDGE ( 'NONE', *, *, #1966, .F. ) ;
#600 = EDGE_LOOP ( 'NONE', ( #2532, #1384, #2095, #1141, #2470, #2105, #3964, #1232, #954, #1002, #1392, #599, #636, #3229, #1068 ) ) ;
#601 = LINE ( 'NONE', #2728, #1759 ) ;
#602 = CIRCLE ( 'NONE', #3104, 0.5500000000000003775 ) ;
#603 = DIRECTION ( 'NONE',  ( -1.014007613118478321E-29, 0.04361938736533689520, -0.9990482215818576872 ) ) ;
#604 = PLANE ( 'NONE',  #3868 ) ;
#605 = DIRECTION ( 'NONE',  ( -1.014973643126989991E-29, 0.000000000000000000, -1.000000000000000000 ) ) ;
#606 = ORIENTED_EDGE ( 'NONE', *, *, #346, .F. ) ;
#607 = CARTESIAN_POINT ( 'NONE',  ( -1.070000000000000062, 0.000000000000000000, 5.500000000000000000 ) ) ;
#608 = VERTEX_POINT ( 'NONE', #3554 ) ;
#609 = EDGE_CURVE ( 'NONE', #3190, #4100, #1467, .T. ) ;
#610 = VERTEX_POINT ( 'NONE', #3798 ) ;
#611 = EDGE_CURVE ( 'NONE', #289, #3371, #3865, .T. ) ;
#612 = AXIS2_PLACEMENT_3D ( 'NONE', #2602, #3982, #1833 ) ;
#613 = EDGE_CURVE ( 'NONE', #3387, #447, #2472, .T. ) ;
#614 = EDGE_CURVE ( 'NONE', #4234, #3773, #1510, .T. ) ;
#615 = FACE_OUTER_BOUND ( 'NONE', #960, .T. ) ;
#616 = CARTESIAN_POINT ( 'NONE',  ( 6.850000000000000533, 0.2999999999999999889, -4.200000000000000178 ) ) ;
#617 = AXIS2_PLACEMENT_3D ( 'NONE', #1028, #2302, #3064 ) ;
#618 = CARTESIAN_POINT ( 'NONE',  ( -3.609999999999999876, 0.5676618435584670497, -5.107478318675999773 ) ) ;
#619 = EDGE_CURVE ( 'NONE', #3665, #2323, #2158, .T. ) ;
#620 = ORIENTED_EDGE ( 'NONE', *, *, #629, .F. ) ;
#621 = EDGE_CURVE ( 'NONE', #2323, #3005, #2647, .T. ) ;
#622 = EDGE_CURVE ( 'NONE', #129, #1558, #4228, .T. ) ;
#623 = EDGE_LOOP ( 'NONE', ( #2229, #937, #1088, #1495 ) ) ;
#624 = LINE ( 'NONE', #2698, #3519 ) ;
#625 = VERTEX_POINT ( 'NONE', #4140 ) ;
#626 = VERTEX_POINT ( 'NONE', #727 ) ;
#627 = LINE ( 'NONE', #3357, #2393 ) ;
#628 = AXIS2_PLACEMENT_3D ( 'NONE', #720, #2108, #3812 ) ;
#629 = EDGE_CURVE ( 'NONE', #1627, #2620, #2514, .T. ) ;
#630 = DIRECTION ( 'NONE',  ( 1.000000000000000000, 4.681010421875320110E-31, -9.088370851094219738E-30 ) ) ;
#631 = FACE_OUTER_BOUND ( 'NONE', #2011, .T. ) ;
#632 = CARTESIAN_POINT ( 'NONE',  ( -1.070000000000000062, 1.199999999999999956, 3.149999999999999911 ) ) ;
#633 = ORIENTED_EDGE ( 'NONE', *, *, #2656, .F. ) ;
#634 = CARTESIAN_POINT ( 'NONE',  ( -4.209999999999999964, 0.6499999999999930278, -4.221723315055990078 ) ) ;
#635 = EDGE_LOOP ( 'NONE', ( #1887, #3774, #3068, #1964 ) ) ;
#636 = ORIENTED_EDGE ( 'NONE', *, *, #1653, .F. ) ;
#637 = CARTESIAN_POINT ( 'NONE',  ( -3.125000000000000000, 3.949999999999999734, -3.572510366459110021 ) ) ;
#638 = DIRECTION ( 'NONE',  ( -1.000000000000000000, 0.000000000000000000, 0.000000000000000000 ) ) ;
#639 = DIRECTION ( 'NONE',  ( -1.014973643126989991E-29, 0.000000000000000000, -1.000000000000000000 ) ) ;
#640 = EDGE_LOOP ( 'NONE', ( #4010, #2932, #172, #3117 ) ) ;
#641 = ORIENTED_EDGE ( 'NONE', *, *, #2760, .F. ) ;
#642 = CARTESIAN_POINT ( 'NONE',  ( -1.670000000000000151, 0.2970025450160062030, 5.116687316960959464 ) ) ;
#643 = EDGE_CURVE ( 'NONE', #1426, #2771, #3819, .T. ) ;
#644 = EDGE_CURVE ( 'NONE', #416, #2944, #59, .T. ) ;
#645 = ORIENTED_EDGE ( 'NONE', *, *, #4358, .F. ) ;
#646 = AXIS2_PLACEMENT_3D ( 'NONE', #2591, #3312, #3971 ) ;
#647 = ORIENTED_EDGE ( 'NONE', *, *, #3818, .T. ) ;
#648 = CARTESIAN_POINT ( 'NONE',  ( -4.209999999999999964, 0.5967170114905639977, 5.129773133170560051 ) ) ;
#649 = DIRECTION ( 'NONE',  ( -1.000000000000000000, 0.000000000000000000, 1.014973643126989991E-29 ) ) ;
#650 = CARTESIAN_POINT ( 'NONE',  ( -1.670000000000000151, 2.391911860886269725, -3.557800634534129980 ) ) ;
#651 = DIRECTION ( 'NONE',  ( 0.000000000000000000, 0.8064446042674814352, -0.5913096483635837952 ) ) ;
#652 = ORIENTED_EDGE ( 'NONE', *, *, #4128, .T. ) ;
#653 = LINE ( 'NONE', #2374, #3395 ) ;
#654 = ADVANCED_FACE ( 'NONE', ( #2136 ), #1443, .F. ) ;
#655 = AXIS2_PLACEMENT_3D ( 'NONE', #1051, #1377, #4171 ) ;
#656 = VECTOR ( 'NONE', #4321, 1000.000000000000114 ) ;
#657 = ORIENTED_EDGE ( 'NONE', *, *, #2833, .T. ) ;
#658 = DIRECTION ( 'NONE',  ( 0.000000000000000000, -1.000000000000000000, -0.000000000000000000 ) ) ;
#659 = DIRECTION ( 'NONE',  ( -0.2773500981126140186, -0.4803844614152610326, 0.8320502943378441651 ) ) ;
#660 = CARTESIAN_POINT ( 'NONE',  ( -1.670000000000000151, 3.949999999999999734, 3.149999999999999911 ) ) ;
#661 = FACE_BOUND ( 'NONE', #3797, .T. ) ;
#662 = VERTEX_POINT ( 'NONE', #4183 ) ;
#663 = ORIENTED_EDGE ( 'NONE', *, *, #2798, .F. ) ;
#664 = CARTESIAN_POINT ( 'NONE',  ( -1.070000000000000062, 5.849999999999999645, -2.870000000000000107 ) ) ;
#665 = ORIENTED_EDGE ( 'NONE', *, *, #3186, .T. ) ;
#666 = EDGE_CURVE ( 'NONE', #1287, #4234, #440, .T. ) ;
#667 = ORIENTED_EDGE ( 'NONE', *, *, #3846, .F. ) ;
#668 = CARTESIAN_POINT ( 'NONE',  ( 4.009999999999999787, 3.949999999999999734, 2.870000000000000107 ) ) ;
#669 = DIRECTION ( 'NONE',  ( -1.000000000000000000, 3.391264237944545229E-31, 9.707778271180067886E-30 ) ) ;
#670 = AXIS2_PLACEMENT_3D ( 'NONE', #185, #1567, #925 ) ;
#671 = ADVANCED_FACE ( 'NONE', ( #3939 ), #3305, .F. ) ;
#672 = CYLINDRICAL_SURFACE ( 'NONE', #3194, 0.3000000000000003775 ) ;
#673 = CARTESIAN_POINT ( 'NONE',  ( -5.738935935394490429, 8.524419410360730254, -3.088935935394489629 ) ) ;
#674 = ORIENTED_EDGE ( 'NONE', *, *, #3658, .T. ) ;
#675 = LINE ( 'NONE', #4418, #965 ) ;
#676 = CIRCLE ( 'NONE', #2387, 0.5500000000000002665 ) ;
#677 = CIRCLE ( 'NONE', #2318, 0.4999999999999995559 ) ;
#678 = ORIENTED_EDGE ( 'NONE', *, *, #613, .T. ) ;
#679 = CARTESIAN_POINT ( 'NONE',  ( -1.670000000000000151, 0.8153881897273420609, 4.746267637967520159 ) ) ;
#680 = CARTESIAN_POINT ( 'NONE',  ( -3.609999999999999876, 1.093544532347108023, 4.546943621655961110 ) ) ;
#681 = DIRECTION ( 'NONE',  ( -1.000000000000000000, 0.000000000000000000, 1.014973643126989991E-29 ) ) ;
#683 = CIRCLE ( 'NONE', #1470, 0.3000000000000003775 ) ;
#682 = DIRECTION ( 'NONE',  ( 0.000000000000000000, 0.8064446042674811022, -0.5913096483635842393 ) ) ;
#684 = VERTEX_POINT ( 'NONE', #1664 ) ;
#685 = VECTOR ( 'NONE', #262, 1000.000000000000000 ) ;
#686 = ORIENTED_EDGE ( 'NONE', *, *, #1732, .T. ) ;
#687 = CIRCLE ( 'NONE', #1253, 0.3000000000000003775 ) ;
#688 = DIRECTION ( 'NONE',  ( 1.000000000000000000, -3.531817991034325100E-30, -5.546981613096929443E-30 ) ) ;
#689 = VECTOR ( 'NONE', #23, 1000.000000000000000 ) ;
#690 = ORIENTED_EDGE ( 'NONE', *, *, #779, .T. ) ;
#691 = FACE_OUTER_BOUND ( 'NONE', #1330, .T. ) ;
#692 = CYLINDRICAL_SURFACE ( 'NONE', #3517, 0.2999999999999999889 ) ;
#693 = DIRECTION ( 'NONE',  ( -1.000000000000000000, 0.000000000000000000, 1.014973643126989991E-29 ) ) ;
#694 = CARTESIAN_POINT ( 'NONE',  ( 4.009999999999999787, 0.6200001247929820547, 4.199726365621060609 ) ) ;
#695 = ORIENTED_EDGE ( 'NONE', *, *, #2858, .F. ) ;
#696 = CARTESIAN_POINT ( 'NONE',  ( -6.239691120504509136, 1.981280585733469657, -3.589691120504510113 ) ) ;
#697 = VERTEX_POINT ( 'NONE', #1534 ) ;
#698 = CYLINDRICAL_SURFACE ( 'NONE', #201, 0.3000000000000003775 ) ;
#699 = PLANE ( 'NONE',  #2201 ) ;
#700 = LINE ( 'NONE', #2001, #2674 ) ;
#701 = ORIENTED_EDGE ( 'NONE', *, *, #1177, .F. ) ;
#702 = DIRECTION ( 'NONE',  ( -1.014973643126989991E-29, 0.000000000000000000, -1.000000000000000000 ) ) ;
#703 = ORIENTED_EDGE ( 'NONE', *, *, #2425, .T. ) ;
#704 = ORIENTED_EDGE ( 'NONE', *, *, #2362, .F. ) ;
#705 = EDGE_CURVE ( 'NONE', #974, #1412, #1243, .T. ) ;
#706 = CARTESIAN_POINT ( 'NONE',  ( -3.910000000000000142, 0.1313175063982882640, -4.772659532721202247 ) ) ;
#707 = ADVANCED_FACE ( 'NONE', ( #554 ), #2922, .T. ) ;
#708 = ORIENTED_EDGE ( 'NONE', *, *, #1077, .F. ) ;
#709 =( NAMED_UNIT ( * ) SI_UNIT ( $, .STERADIAN. ) SOLID_ANGLE_UNIT ( ) );
#710 = ORIENTED_EDGE ( 'NONE', *, *, #1372, .T. ) ;
#711 = PLANE ( 'NONE',  #655 ) ;
#712 = AXIS2_PLACEMENT_3D ( 'NONE', #1597, #506, #3954 ) ;
#713 = CARTESIAN_POINT ( 'NONE',  ( 3.710000000000000409, 0.6199999999999999956, -4.199726404968139981 ) ) ;
#714 = DIRECTION ( 'NONE',  ( 3.062684205862398453E-16, 0.000000000000000000, -1.000000000000000000 ) ) ;
#715 = EDGE_LOOP ( 'NONE', ( #3642, #3418, #2987, #3483 ) ) ;
#716 = CARTESIAN_POINT ( 'NONE',  ( 3.125000000000000000, 3.949999999999999734, 3.572510366459110021 ) ) ;
#717 = FACE_OUTER_BOUND ( 'NONE', #2703, .T. ) ;
#718 = EDGE_CURVE ( 'NONE', #870, #1897, #356, .T. ) ;
#719 = AXIS2_PLACEMENT_3D ( 'NONE', #3844, #2765, #3531 ) ;
#720 = CARTESIAN_POINT ( 'NONE',  ( 3.710000000000000409, 5.849999999999999645, -3.149999999999999911 ) ) ;
#721 = LINE ( 'NONE', #2466, #1059 ) ;
#722 = EDGE_CURVE ( 'NONE', #1222, #3336, #4322, .T. ) ;
#723 = CARTESIAN_POINT ( 'NONE',  ( 3.409999999999999698, 0.6499999999999930278, -4.221723315055990078 ) ) ;
#724 = ORIENTED_EDGE ( 'NONE', *, *, #4073, .F. ) ;
#725 = LINE ( 'NONE', #3118, #332 ) ;
#726 = ORIENTED_EDGE ( 'NONE', *, *, #2205, .T. ) ;
#727 = CARTESIAN_POINT ( 'NONE',  ( -1.070000000000000062, 0.8153881897273420609, 4.746267637967520159 ) ) ;
#728 = VECTOR ( 'NONE', #3921, 1000.000000000000000 ) ;
#729 = VECTOR ( 'NONE', #2808, 1000.000000000000000 ) ;
#730 = DIRECTION ( 'NONE',  ( 0.000000000000000000, -0.7933533402912337218, 0.6087614290087224322 ) ) ;
#731 = DIRECTION ( 'NONE',  ( -1.000000000000000000, 0.000000000000000000, 1.014973643126989991E-29 ) ) ;
#732 = ORIENTED_EDGE ( 'NONE', *, *, #2690, .T. ) ;
#733 = DIRECTION ( 'NONE',  ( -1.000000000000000000, 0.000000000000000000, 1.014973643126989991E-29 ) ) ;
#734 = VECTOR ( 'NONE', #1794, 1000.000000000000000 ) ;
#735 = EDGE_LOOP ( 'NONE', ( #106, #3273, #1306, #1274 ) ) ;
#736 = CARTESIAN_POINT ( 'NONE',  ( 4.009999999999999787, 0.2802667518457296891, 5.500000000000000000 ) ) ;
#737 = DIRECTION ( 'NONE',  ( -1.000000000000000000, -3.697149189837210119E-30, 2.029947286253979982E-29 ) ) ;
#738 = CARTESIAN_POINT ( 'NONE',  ( -4.209999999999999964, 0.000000000000000000, 5.500000000000000000 ) ) ;
#739 = VERTEX_POINT ( 'NONE', #3029 ) ;
#740 = FILL_AREA_STYLE_COLOUR ( '', #1743 ) ;
#741 = DIRECTION ( 'NONE',  ( -1.000000000000000000, 0.000000000000000000, 1.014973643126989991E-29 ) ) ;
#742 = AXIS2_PLACEMENT_3D ( 'NONE', #2020, #2739, #638 ) ;
#743 = DIRECTION ( 'NONE',  ( 4.681010421875320110E-31, -1.000000000000000000, -4.751102201406201882E-60 ) ) ;
#744 = FACE_BOUND ( 'NONE', #1282, .T. ) ;
#745 = DIRECTION ( 'NONE',  ( 1.000000000000000000, 0.000000000000000000, -1.014973643126989991E-29 ) ) ;
#746 = AXIS2_PLACEMENT_3D ( 'NONE', #4382, #2761, #3430 ) ;
#747 = VERTEX_POINT ( 'NONE', #4403 ) ;
#748 = VECTOR ( 'NONE', #187, 1000.000000000000000 ) ;
#749 = CARTESIAN_POINT ( 'NONE',  ( -3.910000000000000142, 1.199999999999999956, 4.625000000000000000 ) ) ;
#750 = EDGE_CURVE ( 'NONE', #2572, #4146, #1686, .T. ) ;
#751 = VERTEX_POINT ( 'NONE', #510 ) ;
#752 = CARTESIAN_POINT ( 'NONE',  ( -2.104999999999999982, 3.949999999999999734, -2.870000000000000107 ) ) ;
#753 = MECHANICAL_DESIGN_GEOMETRIC_PRESENTATION_REPRESENTATION (  '', ( #4255 ), #2958 ) ;
#754 = CARTESIAN_POINT ( 'NONE',  ( -3.350000000000000089, 6.599999999999999645, 1.199999999999999956 ) ) ;
#755 = ADVANCED_FACE ( 'NONE', ( #3597 ), #3281, .F. ) ;
#756 = EDGE_CURVE ( 'NONE', #3211, #2768, #3053, .T. ) ;
#757 = VECTOR ( 'NONE', #1936, 1000.000000000000000 ) ;
#758 = CARTESIAN_POINT ( 'NONE',  ( -3.910000000000000142, 0.3061653321695956831, 4.906824988224970596 ) ) ;
#759 = CARTESIAN_POINT ( 'NONE',  ( 3.710000000000000409, 0.000000000000000000, -5.500000000000000000 ) ) ;
#760 = ORIENTED_EDGE ( 'NONE', *, *, #1304, .F. ) ;
#761 = CARTESIAN_POINT ( 'NONE',  ( -4.209999999999999964, 1.199999999999999956, 4.200000000000000178 ) ) ;
#762 = ORIENTED_EDGE ( 'NONE', *, *, #1401, .T. ) ;
#763 = FACE_OUTER_BOUND ( 'NONE', #502, .T. ) ;
#764 = CARTESIAN_POINT ( 'NONE',  ( 4.009999999999999787, 5.849999999999999645, 2.870000000000000107 ) ) ;
#765 = DIRECTION ( 'NONE',  ( 0.000000000000000000, 1.000000000000000000, 0.000000000000000000 ) ) ;
#766 = CARTESIAN_POINT ( 'NONE',  ( 3.710000000000000409, 0.02619400075898299304, -4.900058747840830620 ) ) ;
#767 = DIRECTION ( 'NONE',  ( 0.000000000000000000, 0.8064446042674811022, 0.5913096483635842393 ) ) ;
#768 = CYLINDRICAL_SURFACE ( 'NONE', #4352, 0.5500000000000003775 ) ;
#769 = CARTESIAN_POINT ( 'NONE',  ( -3.910000000000000142, 0.9200000000000000400, -4.419695505846690686 ) ) ;
#770 = VERTEX_POINT ( 'NONE', #869 ) ;
#771 = PLANE ( 'NONE',  #536 ) ;
#772 = AXIS2_PLACEMENT_3D ( 'NONE', #567, #2919, #4295 ) ;
#773 = ORIENTED_EDGE ( 'NONE', *, *, #2829, .T. ) ;
#774 = CARTESIAN_POINT ( 'NONE',  ( -6.406255922059780339, 3.949999999999999734, 1.812500000000000000 ) ) ;
#775 = AXIS2_PLACEMENT_3D ( 'NONE', #1165, #817, #1190 ) ;
#776 = LINE ( 'NONE', #3845, #2716 ) ;
#777 = VECTOR ( 'NONE', #2354, 1000.000000000000000 ) ;
#778 = EDGE_CURVE ( 'NONE', #3317, #357, #1557, .T. ) ;
#779 = EDGE_CURVE ( 'NONE', #4356, #3952, #2018, .T. ) ;
#780 = CARTESIAN_POINT ( 'NONE',  ( -3.910000000000000142, 0.4022736538311170174, 4.582933995764480350 ) ) ;
#781 = DIRECTION ( 'NONE',  ( -1.142846965504326407E-45, -1.000000000000000000, -1.125986840390630024E-16 ) ) ;
#782 = ADVANCED_FACE ( 'NONE', ( #1221 ), #1940, .T. ) ;
#783 = ORIENTED_EDGE ( 'NONE', *, *, #3322, .F. ) ;
#784 = FACE_OUTER_BOUND ( 'NONE', #3333, .T. ) ;
#785 = VERTEX_POINT ( 'NONE', #3388 ) ;
#786 = DIRECTION ( 'NONE',  ( -1.000000000000000000, 0.000000000000000000, 1.014973643126989991E-29 ) ) ;
#787 = CARTESIAN_POINT ( 'NONE',  ( 3.409999999999999698, 0.6199999999999999956, -4.199726404968139981 ) ) ;
#788 = CARTESIAN_POINT ( 'NONE',  ( 6.850000000000000533, 6.599999999999999645, 4.200000000000000178 ) ) ;
#789 = DIRECTION ( 'NONE',  ( 1.000000000000000000, 0.000000000000000000, -1.014973643126989991E-29 ) ) ;
#790 = VECTOR ( 'NONE', #2834, 1000.000000000000000 ) ;
#791 = VECTOR ( 'NONE', #970, 1000.000000000000000 ) ;
#792 = LINE ( 'NONE', #1858, #2699 ) ;
#793 = DIRECTION ( 'NONE',  ( 4.427252850516337254E-31, -0.9990482215818576872, 0.04361938736533688826 ) ) ;
#794 = EDGE_CURVE ( 'NONE', #1107, #1126, #1201, .T. ) ;
#795 = FACE_OUTER_BOUND ( 'NONE', #3766, .T. ) ;
#796 = EDGE_LOOP ( 'NONE', ( #26, #3175, #1291, #4018 ) ) ;
#797 = DIRECTION ( 'NONE',  ( 3.052084608322652108E-30, -0.9537169507482271547, 0.3007057995042720644 ) ) ;
#798 = EDGE_LOOP ( 'NONE', ( #2423, #505, #1877, #2301 ) ) ;
#799 = CARTESIAN_POINT ( 'NONE',  ( -3.609999999999999876, 0.000000000000000000, -5.500000000000000000 ) ) ;
#800 = EDGE_CURVE ( 'NONE', #1581, #1117, #2586, .T. ) ;
#801 = CARTESIAN_POINT ( 'NONE',  ( 3.710000000000000409, 0.4022736538311170174, 4.582933995764480350 ) ) ;
#802 = AXIS2_PLACEMENT_3D ( 'NONE', #3266, #3585, #227 ) ;
#803 = AXIS2_PLACEMENT_3D ( 'NONE', #805, #4189, #4251 ) ;
#804 = ORIENTED_EDGE ( 'NONE', *, *, #816, .T. ) ;
#805 = CARTESIAN_POINT ( 'NONE',  ( 3.409999999999999698, 0.6200001247929820547, 4.199726365621060609 ) ) ;
#806 = DIRECTION ( 'NONE',  ( -1.121110201144558008E-29, 0.000000000000000000, -1.000000000000000000 ) ) ;
#807 = ORIENTED_EDGE ( 'NONE', *, *, #3202, .T. ) ;
#808 = DIRECTION ( 'NONE',  ( -1.000000000000000000, 0.000000000000000000, 1.014973643126989991E-29 ) ) ;
#809 = ORIENTED_EDGE ( 'NONE', *, *, #2996, .F. ) ;
#810 = ADVANCED_FACE ( 'NONE', ( #848 ), #2254, .F. ) ;
#811 = CARTESIAN_POINT ( 'NONE',  ( -3.910000000000000142, 0.8619333812802446593, 4.377119299477215009 ) ) ;
#812 = CARTESIAN_POINT ( 'NONE',  ( -3.154999999999999805, 3.949999999999999734, -3.621255922059779753 ) ) ;
#813 = EDGE_CURVE ( 'NONE', #2454, #79, #2561, .T. ) ;
#814 = VECTOR ( 'NONE', #3919, 1000.000000000000000 ) ;
#815 = CARTESIAN_POINT ( 'NONE',  ( -3.609999999999999876, 4.450000000000000178, 2.870000000000000107 ) ) ;
#816 = EDGE_CURVE ( 'NONE', #2430, #974, #3260, .T. ) ;
#817 = DIRECTION ( 'NONE',  ( 9.549551762603905006E-46, -1.000000000000000000, 9.408669700213189370E-17 ) ) ;
#818 = FACE_OUTER_BOUND ( 'NONE', #3681, .T. ) ;
#819 = DIRECTION ( 'NONE',  ( 0.000000000000000000, -0.7933533402912337218, -0.6087614290087224322 ) ) ;
#820 = ORIENTED_EDGE ( 'NONE', *, *, #2965, .F. ) ;
#821 = CARTESIAN_POINT ( 'NONE',  ( 3.409999999999999698, 0.3061653321695956831, 4.906824988224970596 ) ) ;
#822 = ORIENTED_EDGE ( 'NONE', *, *, #211, .F. ) ;
#823 = FACE_OUTER_BOUND ( 'NONE', #3330, .T. ) ;
#824 = AXIS2_PLACEMENT_3D ( 'NONE', #723, #3208, #2531 ) ;
#825 = VECTOR ( 'NONE', #1977, 1000.000000000000114 ) ;
#826 = DIRECTION ( 'NONE',  ( 0.000000000000000000, -1.000000000000000000, -0.000000000000000000 ) ) ;
#827 = VECTOR ( 'NONE', #2190, 1000.000000000000000 ) ;
#828 = EDGE_CURVE ( 'NONE', #3633, #589, #3743, .T. ) ;
#829 = DIRECTION ( 'NONE',  ( -1.000000000000000000, 0.000000000000000000, 1.014973643126989991E-29 ) ) ;
#830 = DIRECTION ( 'NONE',  ( 0.000000000000000000, -1.000000000000000000, -0.000000000000000000 ) ) ;
#831 = EDGE_LOOP ( 'NONE', ( #4213, #1248, #2373, #4417 ) ) ;
#832 = ORIENTED_EDGE ( 'NONE', *, *, #666, .T. ) ;
#833 = AXIS2_PLACEMENT_3D ( 'NONE', #1286, #2315, #550 ) ;
#834 = VECTOR ( 'NONE', #498, 1000.000000000000000 ) ;
#835 = CARTESIAN_POINT ( 'NONE',  ( -1.670000000000000151, 0.6499999999999930278, 4.221723315055990078 ) ) ;
#836 = DIRECTION ( 'NONE',  ( 0.000000000000000000, 0.8064446042674814352, 0.5913096483635837952 ) ) ;
#837 = DIRECTION ( 'NONE',  ( 1.000000000000000000, 0.000000000000000000, -1.014973643126989991E-29 ) ) ;
#838 = DIRECTION ( 'NONE',  ( 0.000000000000000000, -1.000000000000000000, -0.000000000000000000 ) ) ;
#839 = LINE ( 'NONE', #2912, #3965 ) ;
#840 = EDGE_LOOP ( 'NONE', ( #1918, #4061, #2915, #4384 ) ) ;
#841 = DIRECTION ( 'NONE',  ( 0.000000000000000000, -1.000000000000000000, -0.000000000000000000 ) ) ;
#842 = EDGE_LOOP ( 'NONE', ( #1896, #2966, #1591, #4001 ) ) ;
#843 = ORIENTED_EDGE ( 'NONE', *, *, #1923, .F. ) ;
#844 = CARTESIAN_POINT ( 'NONE',  ( 3.409999999999999698, 0.5967170114905639977, 5.129773133170560051 ) ) ;
#845 = AXIS2_PLACEMENT_3D ( 'NONE', #2801, #1083, #3115 ) ;
#846 = EDGE_CURVE ( 'NONE', #314, #3579, #3092, .T. ) ;
#847 = CARTESIAN_POINT ( 'NONE',  ( 3.409999999999999698, 5.849999999999999645, -2.870000000000000107 ) ) ;
#848 = FACE_OUTER_BOUND ( 'NONE', #293, .T. ) ;
#849 = EDGE_LOOP ( 'NONE', ( #2784, #1547, #2536, #3379 ) ) ;
#850 = ADVANCED_FACE ( 'NONE', ( #30 ), #413, .F. ) ;
#851 = ORIENTED_EDGE ( 'NONE', *, *, #4302, .T. ) ;
#852 = PLANE ( 'NONE',  #968 ) ;
#853 = EDGE_CURVE ( 'NONE', #2709, #1107, #1387, .T. ) ;
#854 = CARTESIAN_POINT ( 'NONE',  ( 4.009999999999999787, 0.4022736538311170729, -4.582933995764480350 ) ) ;
#855 = DIRECTION ( 'NONE',  ( 0.000000000000000000, -1.000000000000000000, -0.000000000000000000 ) ) ;
#856 = DIRECTION ( 'NONE',  ( 9.549551762603905006E-46, -1.000000000000000000, 9.408669700213189370E-17 ) ) ;
#857 = DIRECTION ( 'NONE',  ( 1.000000000000000000, 0.000000000000000000, -1.014973643126989991E-29 ) ) ;
#858 = ORIENTED_EDGE ( 'NONE', *, *, #1772, .T. ) ;
#859 = DIRECTION ( 'NONE',  ( 0.000000000000000000, 0.8064446042674814352, -0.5913096483635837952 ) ) ;
#860 = VERTEX_POINT ( 'NONE', #369 ) ;
#861 = EDGE_LOOP ( 'NONE', ( #2979, #266, #4345, #3803 ) ) ;
#862 = ADVANCED_FACE ( 'NONE', ( #2443 ), #4134, .F. ) ;
#863 = ADVANCED_FACE ( 'NONE', ( #3789 ), #52, .F. ) ;
#864 = FACE_OUTER_BOUND ( 'NONE', #305, .T. ) ;
#865 = DIRECTION ( 'NONE',  ( 1.000000000000000000, 4.681010421875320110E-31, -9.088370851094219738E-30 ) ) ;
#866 = VECTOR ( 'NONE', #2721, 1000.000000000000000 ) ;
#867 = ORIENTED_EDGE ( 'NONE', *, *, #611, .F. ) ;
#868 = DIRECTION ( 'NONE',  ( 1.014973643126989991E-29, 0.000000000000000000, 1.000000000000000000 ) ) ;
#869 = CARTESIAN_POINT ( 'NONE',  ( -3.609999999999999876, 0.9199998752429049409, 4.200000000000000178 ) ) ;
#870 = VERTEX_POINT ( 'NONE', #434 ) ;
#871 = AXIS2_PLACEMENT_3D ( 'NONE', #1993, #3358, #296 ) ;
#872 = VECTOR ( 'NONE', #1734, 1000.000000000000000 ) ;
#873 = ORIENTED_EDGE ( 'NONE', *, *, #4261, .T. ) ;
#874 = LINE ( 'NONE', #811, #2321 ) ;
#875 = LINE ( 'NONE', #3565, #834 ) ;
#876 = LINE ( 'NONE', #1523, #3876 ) ;
#877 = DIRECTION ( 'NONE',  ( -1.000000000000000000, 0.000000000000000000, 1.014973643126989991E-29 ) ) ;
#878 = DIRECTION ( 'NONE',  ( 0.000000000000000000, -1.000000000000000000, -0.000000000000000000 ) ) ;
#879 = EDGE_LOOP ( 'NONE', ( #5, #1862, #1643, #2735 ) ) ;
#880 = DIRECTION ( 'NONE',  ( -0.01744974916068270723, 0.9996954598818874604, 0.01744974916068270723 ) ) ;
#881 = ORIENTED_EDGE ( 'NONE', *, *, #3022, .T. ) ;
#882 = ORIENTED_EDGE ( 'NONE', *, *, #3265, .F. ) ;
#883 = DIRECTION ( 'NONE',  ( 1.000000000000000000, 0.000000000000000000, -1.014973643126989991E-29 ) ) ;
#884 = DIRECTION ( 'NONE',  ( 9.679975680128922934E-30, 0.3007057995042720644, 0.9537169507482272657 ) ) ;
#885 = CARTESIAN_POINT ( 'NONE',  ( 4.009999999999999787, 0.2970025450160062030, 5.116687316960959464 ) ) ;
#886 = ORIENTED_EDGE ( 'NONE', *, *, #4218, .F. ) ;
#887 = VECTOR ( 'NONE', #2044, 1000.000000000000000 ) ;
#888 = LINE ( 'NONE', #2209, #3153 ) ;
#889 = CARTESIAN_POINT ( 'NONE',  ( -1.070000000000000062, 3.949999999999999734, 1.435000000000000053 ) ) ;
#890 = VERTEX_POINT ( 'NONE', #1773 ) ;
#891 = VECTOR ( 'NONE', #3067, 1000.000000000000000 ) ;
#892 = AXIS2_PLACEMENT_3D ( 'NONE', #2285, #1230, #1527 ) ;
#893 = VERTEX_POINT ( 'NONE', #2085 ) ;
#894 = AXIS2_PLACEMENT_3D ( 'NONE', #412, #50, #388 ) ;
#895 = DIRECTION ( 'NONE',  ( 2.618051727077782116E-16, 0.01745240643728350471, -0.9998476951563912696 ) ) ;
#896 = AXIS2_PLACEMENT_3D ( 'NONE', #3708, #639, #2404 ) ;
#897 = DIRECTION ( 'NONE',  ( -1.014007613118478321E-29, -0.04361938736533689520, -0.9990482215818576872 ) ) ;
#898 = ADVANCED_FACE ( 'NONE', ( #349 ), #2129, .F. ) ;
#899 = AXIS2_PLACEMENT_3D ( 'NONE', #2704, #3735, #4350 ) ;
#900 = CARTESIAN_POINT ( 'NONE',  ( -1.369999999999999885, 0.000000000000000000, 5.500000000000000000 ) ) ;
#901 = LINE ( 'NONE', #561, #1672 ) ;
#902 = ORIENTED_EDGE ( 'NONE', *, *, #4422, .T. ) ;
#903 = CARTESIAN_POINT ( 'NONE',  ( 3.409999999999999698, 0.000000000000000000, 5.500000000000000000 ) ) ;
#904 = AXIS2_PLACEMENT_3D ( 'NONE', #3807, #737, #363 ) ;
#905 = ORIENTED_EDGE ( 'NONE', *, *, #1867, .F. ) ;
#906 = ORIENTED_EDGE ( 'NONE', *, *, #2337, .F. ) ;
#907 = CARTESIAN_POINT ( 'NONE',  ( -1.670000000000000151, 0.6199999999999999956, 4.199726404968139981 ) ) ;
#908 = CARTESIAN_POINT ( 'NONE',  ( -3.609999999999999876, 0.7102117398512820534, -4.485841490192609804 ) ) ;
#909 = CARTESIAN_POINT ( 'NONE',  ( 2.004999999999999893, 3.949999999999999734, -2.870000000000000107 ) ) ;
#910 = ORIENTED_EDGE ( 'NONE', *, *, #1761, .T. ) ;
#911 = ORIENTED_EDGE ( 'NONE', *, *, #264, .T. ) ;
#912 = LINE ( 'NONE', #1533, #4094 ) ;
#913 = DIRECTION ( 'NONE',  ( 0.000000000000000000, -0.7933533402912341659, 0.6087614290087219882 ) ) ;
#914 = EDGE_LOOP ( 'NONE', ( #1968, #86, #1439, #873 ) ) ;
#915 = VERTEX_POINT ( 'NONE', #1415 ) ;
#916 = VECTOR ( 'NONE', #1912, 1000.000000000000000 ) ;
#917 = EDGE_CURVE ( 'NONE', #4028, #2347, #2736, .T. ) ;
#918 = EDGE_CURVE ( 'NONE', #300, #1478, #4153, .T. ) ;
#919 = ADVANCED_FACE ( 'NONE', ( #3838 ), #1100, .F. ) ;
#920 = ORIENTED_EDGE ( 'NONE', *, *, #621, .T. ) ;
#921 = DIRECTION ( 'NONE',  ( -1.014973643126989991E-29, 0.000000000000000000, -1.000000000000000000 ) ) ;
#922 = FACE_BOUND ( 'NONE', #1529, .T. ) ;
#923 = AXIS2_PLACEMENT_3D ( 'NONE', #1089, #2785, #2806 ) ;
#924 = CARTESIAN_POINT ( 'NONE',  ( 3.409999999999999698, 0.6499999999999930278, -4.221723315055990078 ) ) ;
#925 = DIRECTION ( 'NONE',  ( 1.000000000000000000, 0.000000000000000000, -1.014973643126989991E-29 ) ) ;
#926 = VERTEX_POINT ( 'NONE', #1039 ) ;
#927 = LINE ( 'NONE', #4272, #1379 ) ;
#928 = ORIENTED_EDGE ( 'NONE', *, *, #1318, .F. ) ;
#929 = VERTEX_POINT ( 'NONE', #1435 ) ;
#930 = LINE ( 'NONE', #2248, #3867 ) ;
#931 = FACE_OUTER_BOUND ( 'NONE', #3715, .T. ) ;
#932 = FACE_OUTER_BOUND ( 'NONE', #4407, .T. ) ;
#933 = ORIENTED_EDGE ( 'NONE', *, *, #3624, .T. ) ;
#934 = EDGE_LOOP ( 'NONE', ( #996, #1353, #2411, #1623 ) ) ;
#935 = DIRECTION ( 'NONE',  ( 1.000000000000000000, 0.000000000000000000, -1.014973643126989991E-29 ) ) ;
#936 = VERTEX_POINT ( 'NONE', #679 ) ;
#937 = ORIENTED_EDGE ( 'NONE', *, *, #4256, .T. ) ;
#938 = AXIS2_PLACEMENT_3D ( 'NONE', #2853, #1153, #99 ) ;
#939 = EDGE_LOOP ( 'NONE', ( #1648, #495, #3768, #2653 ) ) ;
#940 = EDGE_CURVE ( 'NONE', #1497, #1886, #4176, .T. ) ;
#941 = CARTESIAN_POINT ( 'NONE',  ( -3.609999999999999876, 1.199999999999999956, -4.625000000000000000 ) ) ;
#942 = ADVANCED_FACE ( 'NONE', ( #1796 ), #698, .F. ) ;
#943 = EDGE_CURVE ( 'NONE', #278, #3952, #3160, .T. ) ;
#944 = AXIS2_PLACEMENT_3D ( 'NONE', #2927, #4306, #2948 ) ;
#945 = DIRECTION ( 'NONE',  ( 0.000000000000000000, 1.000000000000000000, 0.000000000000000000 ) ) ;
#946 = ADVANCED_FACE ( 'NONE', ( #1458 ), #4088, .T. ) ;
#947 = LINE ( 'NONE', #1994, #2502 ) ;
#948 = CARTESIAN_POINT ( 'NONE',  ( -1.070000000000000062, 5.849999999999999645, 3.149999999999999911 ) ) ;
#949 = ORIENTED_EDGE ( 'NONE', *, *, #1407, .F. ) ;
#950 = EDGE_CURVE ( 'NONE', #785, #3346, #3207, .T. ) ;
#951 = CARTESIAN_POINT ( 'NONE',  ( -3.910000000000000142, 0.000000000000000000, 5.500000000000000000 ) ) ;
#952 = EDGE_LOOP ( 'NONE', ( #2322, #2233, #4400, #905 ) ) ;
#953 = EDGE_CURVE ( 'NONE', #2016, #3579, #989, .T. ) ;
#954 = ORIENTED_EDGE ( 'NONE', *, *, #705, .F. ) ;
#955 = CARTESIAN_POINT ( 'NONE',  ( -4.209999999999999964, 0.01818532168844502403, 5.083487655625070545 ) ) ;
#956 = CARTESIAN_POINT ( 'NONE',  ( -1.369999999999999885, 0.8619333812802446593, 4.377119299477215009 ) ) ;
#957 = DIRECTION ( 'NONE',  ( 1.014973643126989991E-29, 0.000000000000000000, 1.000000000000000000 ) ) ;
#958 = EDGE_LOOP ( 'NONE', ( #1860, #1390, #3599, #674 ) ) ;
#959 = VECTOR ( 'NONE', #497, 1000.000000000000114 ) ;
#960 = EDGE_LOOP ( 'NONE', ( #1279, #807, #882, #3513 ) ) ;
#961 = CARTESIAN_POINT ( 'NONE',  ( 4.009999999999999787, 1.093544532347108023, -4.546943621655961110 ) ) ;
#962 = EDGE_CURVE ( 'NONE', #1578, #2156, #2195, .T. ) ;
#963 = ORIENTED_EDGE ( 'NONE', *, *, #3124, .F. ) ;
#964 = VECTOR ( 'NONE', #745, 1000.000000000000000 ) ;
#965 = VECTOR ( 'NONE', #3424, 1000.000000000000114 ) ;
#966 = ORIENTED_EDGE ( 'NONE', *, *, #722, .F. ) ;
#967 = CARTESIAN_POINT ( 'NONE',  ( 3.710000000000000409, 0.2970025450160060920, -5.116687316960959464 ) ) ;
#968 = AXIS2_PLACEMENT_3D ( 'NONE', #1161, #2524, #2817 ) ;
#969 = LINE ( 'NONE', #2032, #226 ) ;
#970 = DIRECTION ( 'NONE',  ( -1.000000000000000000, 0.000000000000000000, 1.014973643126989991E-29 ) ) ;
#971 = DIRECTION ( 'NONE',  ( 0.4472135954999569840, -0.7745966692414839594, 0.4472135954999579832 ) ) ;
#972 = EDGE_LOOP ( 'NONE', ( #963, #186, #3364, #2881 ) ) ;
#973 = DIRECTION ( 'NONE',  ( -1.000000000000000000, 0.000000000000000000, 8.797329830628243049E-17 ) ) ;
#974 = VERTEX_POINT ( 'NONE', #2889 ) ;
#975 = ORIENTED_EDGE ( 'NONE', *, *, #2995, .T. ) ;
#976 = VECTOR ( 'NONE', #4115, 999.9999999999998863 ) ;
#977 = EDGE_CURVE ( 'NONE', #2562, #2090, #138, .T. ) ;
#978 = CARTESIAN_POINT ( 'NONE',  ( -3.910000000000000142, 0.9199998752429049409, 4.200000000000000178 ) ) ;
#979 = CARTESIAN_POINT ( 'NONE',  ( 3.710000000000000409, 0.3061653321695956831, -4.906824988224970596 ) ) ;
#980 = CARTESIAN_POINT ( 'NONE',  ( -1.070000000000000062, 5.849999999999999645, 2.870000000000000107 ) ) ;
#981 = EDGE_LOOP ( 'NONE', ( #2962, #1526, #347, #4348 ) ) ;
#982 = ORIENTED_EDGE ( 'NONE', *, *, #2206, .F. ) ;
#983 = CARTESIAN_POINT ( 'NONE',  ( -3.910000000000000142, 0.8153881897273429491, -4.746267637967520159 ) ) ;
#984 = ORIENTED_EDGE ( 'NONE', *, *, #4256, .F. ) ;
#985 = EDGE_CURVE ( 'NONE', #3778, #129, #4287, .T. ) ;
#986 = EDGE_CURVE ( 'NONE', #4146, #2358, #792, .T. ) ;
#987 = ORIENTED_EDGE ( 'NONE', *, *, #2989, .T. ) ;
#988 = LINE ( 'NONE', #4057, #2041 ) ;
#989 = CIRCLE ( 'NONE', #3488, 0.3000000000000003775 ) ;
#990 = CARTESIAN_POINT ( 'NONE',  ( 4.009999999999999787, 0.3061653321695956831, 4.906824988224970596 ) ) ;
#991 = ADVANCED_FACE ( 'NONE', ( #2868 ), #4242, .F. ) ;
#992 = DIRECTION ( 'NONE',  ( -1.121110201144558008E-29, 0.000000000000000000, -1.000000000000000000 ) ) ;
#993 = CARTESIAN_POINT ( 'NONE',  ( -6.850000000000000533, 1.950000000000000178, -4.200000000000000178 ) ) ;
#994 = ORIENTED_EDGE ( 'NONE', *, *, #609, .F. ) ;
#995 =( LENGTH_UNIT ( ) NAMED_UNIT ( * ) SI_UNIT ( .MILLI., .METRE. ) );
#996 = ORIENTED_EDGE ( 'NONE', *, *, #917, .F. ) ;
#997 = VERTEX_POINT ( 'NONE', #2530 ) ;
#998 = DIRECTION ( 'NONE',  ( -1.014973643126989991E-29, 0.000000000000000000, -1.000000000000000000 ) ) ;
#999 = DIRECTION ( 'NONE',  ( 1.000000000000000000, 0.000000000000000000, -1.014935221662793238E-29 ) ) ;
#1000 = FACE_OUTER_BOUND ( 'NONE', #1182, .T. ) ;
#1001 = DIRECTION ( 'NONE',  ( 1.000000000000000000, 0.000000000000000000, -1.014973643126989991E-29 ) ) ;
#1002 = ORIENTED_EDGE ( 'NONE', *, *, #816, .F. ) ;
#1003 = EDGE_CURVE ( 'NONE', #4408, #355, #3347, .T. ) ;
#1004 = EDGE_LOOP ( 'NONE', ( #4191, #1570, #645, #2593 ) ) ;
#1005 = FACE_BOUND ( 'NONE', #365, .T. ) ;
#1006 = EDGE_LOOP ( 'NONE', ( #1682, #198, #2930, #4290 ) ) ;
#1007 = EDGE_CURVE ( 'NONE', #2312, #2876, #433, .T. ) ;
#1008 = VECTOR ( 'NONE', #3196, 1000.000000000000000 ) ;
#1009 = VECTOR ( 'NONE', #2977, 1000.000000000000114 ) ;
#1010 = ORIENTED_EDGE ( 'NONE', *, *, #1422, .F. ) ;
#1011 = CARTESIAN_POINT ( 'NONE',  ( -4.209999999999999964, 0.9199998752429049409, -4.200000000000000178 ) ) ;
#1012 = CARTESIAN_POINT ( 'NONE',  ( -1.670000000000000151, 2.391911860886269725, 3.557800634534129980 ) ) ;
#1013 = CARTESIAN_POINT ( 'NONE',  ( 6.239489331953420148, 2.004403263414970215, -3.589489331953419793 ) ) ;
#1014 = DIRECTION ( 'NONE',  ( 1.000000000000000000, -3.547290346654140064E-30, -1.498763002516974923E-29 ) ) ;
#1015 = ORIENTED_EDGE ( 'NONE', *, *, #4304, .F. ) ;
#1016 = FACE_OUTER_BOUND ( 'NONE', #1802, .T. ) ;
#1017 = CIRCLE ( 'NONE', #2725, 0.2999999999999999889 ) ;
#1018 = AXIS2_PLACEMENT_3D ( 'NONE', #3689, #4366, #1047 ) ;
#1019 = ORIENTED_EDGE ( 'NONE', *, *, #3522, .T. ) ;
#1020 = CARTESIAN_POINT ( 'NONE',  ( -3.910000000000000142, 0.2802667518457296891, 5.500000000000000000 ) ) ;
#1021 = LINE ( 'NONE', #978, #2410 ) ;
#1022 = DIRECTION ( 'NONE',  ( 9.679975680128922934E-30, -0.3007057995042720644, 0.9537169507482272657 ) ) ;
#1023 = LINE ( 'NONE', #4406, #1044 ) ;
#1024 = ORIENTED_EDGE ( 'NONE', *, *, #2391, .F. ) ;
#1025 = VERTEX_POINT ( 'NONE', #3184 ) ;
#1026 = FACE_OUTER_BOUND ( 'NONE', #3645, .T. ) ;
#1027 = ORIENTED_EDGE ( 'NONE', *, *, #4267, .F. ) ;
#1028 = CARTESIAN_POINT ( 'NONE',  ( 3.409999999999999698, 0.5967170114905639977, 5.129773133170560051 ) ) ;
#1029 = DIRECTION ( 'NONE',  ( -1.000000000000000000, 0.000000000000000000, 1.014973643126989991E-29 ) ) ;
#1030 = AXIS2_PLACEMENT_3D ( 'NONE', #2950, #4333, #2242 ) ;
#1031 = AXIS2_PLACEMENT_3D ( 'NONE', #3228, #2534, #3164 ) ;
#1032 = CARTESIAN_POINT ( 'NONE',  ( -4.209999999999999964, 0.8153881897273420609, 4.746267637967520159 ) ) ;
#1033 = DIRECTION ( 'NONE',  ( 0.000000000000000000, -0.7933533402912337218, 0.6087614290087224322 ) ) ;
#1034 = ORIENTED_EDGE ( 'NONE', *, *, #2362, .T. ) ;
#1035 = CARTESIAN_POINT ( 'NONE',  ( 4.009999999999999787, 5.849999999999999645, 3.149999999999999911 ) ) ;
#1036 = CIRCLE ( 'NONE', #1888, 0.2999999999999999334 ) ;
#1037 = ORIENTED_EDGE ( 'NONE', *, *, #3790, .T. ) ;
#1038 = ADVANCED_FACE ( 'NONE', ( #3859 ), #2218, .F. ) ;
#1039 = CARTESIAN_POINT ( 'NONE',  ( -1.670000000000000151, 5.849999999999999645, -2.870000000000000107 ) ) ;
#1040 = DIRECTION ( 'NONE',  ( 1.000000000000000000, 0.000000000000000000, -1.014973643126989991E-29 ) ) ;
#1041 = CARTESIAN_POINT ( 'NONE',  ( -1.369999999999999885, 0.9200000000000000400, 4.419695505846690686 ) ) ;
#1042 = DIRECTION ( 'NONE',  ( 1.000000000000000000, -3.424510003532624963E-31, -1.061678066473567980E-29 ) ) ;
#1043 = ORIENTED_EDGE ( 'NONE', *, *, #380, .T. ) ;
#1044 = VECTOR ( 'NONE', #1001, 1000.000000000000000 ) ;
#1045 = ORIENTED_EDGE ( 'NONE', *, *, #3122, .F. ) ;
#1046 = AXIS2_PLACEMENT_3D ( 'NONE', #225, #4240, #2884 ) ;
#1047 = DIRECTION ( 'NONE',  ( 1.000000000000000000, 0.000000000000000000, -1.014973643126989991E-29 ) ) ;
#1048 = AXIS2_PLACEMENT_3D ( 'NONE', #1589, #2661, #1659 ) ;
#1049 = ORIENTED_EDGE ( 'NONE', *, *, #2107, .F. ) ;
#1050 = PRESENTATION_STYLE_ASSIGNMENT (( #1403 ) ) ;
#1051 = CARTESIAN_POINT ( 'NONE',  ( -1.369999999999999885, 1.199999999999999956, 3.149999999999999911 ) ) ;
#1052 = EDGE_CURVE ( 'NONE', #1115, #2709, #2149, .T. ) ;
#1053 = EDGE_CURVE ( 'NONE', #1909, #2016, #1573, .T. ) ;
#1054 = LINE ( 'NONE', #3443, #3402 ) ;
#1055 = DIRECTION ( 'NONE',  ( 1.000000000000000000, 0.000000000000000000, -1.014973643126989991E-29 ) ) ;
#1056 = ORIENTED_EDGE ( 'NONE', *, *, #1781, .T. ) ;
#1057 = DIRECTION ( 'NONE',  ( -1.000000000000000000, 0.000000000000000000, 1.014973643126989991E-29 ) ) ;
#1058 = LINE ( 'NONE', #2106, #1893 ) ;
#1059 = VECTOR ( 'NONE', #2759, 1000.000000000000000 ) ;
#1060 = DIRECTION ( 'NONE',  ( -3.052084608322652459E-30, -0.9537169507482272657, -0.3007057995042720644 ) ) ;
#1061 = CARTESIAN_POINT ( 'NONE',  ( -1.670000000000000151, 3.949999999999999734, -2.870000000000000107 ) ) ;
#1062 = DIRECTION ( 'NONE',  ( 1.000000000000000000, 0.000000000000000000, -1.014973643126989991E-29 ) ) ;
#1063 = ORIENTED_EDGE ( 'NONE', *, *, #1498, .T. ) ;
#1064 = FACE_OUTER_BOUND ( 'NONE', #217, .T. ) ;
#1065 = EDGE_LOOP ( 'NONE', ( #1976, #3611, #3884, #1063 ) ) ;
#1066 = DIRECTION ( 'NONE',  ( -1.121110201144558008E-29, 0.000000000000000000, -1.000000000000000000 ) ) ;
#1067 = CARTESIAN_POINT ( 'NONE',  ( -4.209999999999999964, 0.5967170114905639977, -5.129773133170560051 ) ) ;
#1068 = ORIENTED_EDGE ( 'NONE', *, *, #179, .F. ) ;
#1069 = DIRECTION ( 'NONE',  ( -1.000000000000000000, 3.531817991034325100E-30, 5.546981613096929443E-30 ) ) ;
#1070 = ORIENTED_EDGE ( 'NONE', *, *, #3837, .T. ) ;
#1071 = DIRECTION ( 'NONE',  ( 0.000000000000000000, 1.000000000000000000, 0.000000000000000000 ) ) ;
#1072 = AXIS2_PLACEMENT_3D ( 'NONE', #1351, #2383, #1332 ) ;
#1073 = ADVANCED_FACE ( 'NONE', ( #4201 ), #3248, .F. ) ;
#1074 = CARTESIAN_POINT ( 'NONE',  ( 4.009999999999999787, 0.4022736538311170729, 4.582933995764480350 ) ) ;
#1075 = LINE ( 'NONE', #1837, #2815 ) ;
#1076 = ORIENTED_EDGE ( 'NONE', *, *, #2800, .F. ) ;
#1077 = EDGE_CURVE ( 'NONE', #2572, #3345, #3881, .T. ) ;
#1078 = ADVANCED_FACE ( 'NONE', ( #2484 ), #117, .F. ) ;
#1079 = CARTESIAN_POINT ( 'NONE',  ( -1.070000000000000062, 0.6199999999999999956, 4.199726404968139981 ) ) ;
#1080 = ADVANCED_FACE ( 'NONE', ( #1904 ), #3269, .F. ) ;
#1081 = CARTESIAN_POINT ( 'NONE',  ( -3.910000000000000142, 0.000000000000000000, -5.500000000000000000 ) ) ;
#1082 = EDGE_CURVE ( 'NONE', #4086, #120, #2506, .T. ) ;
#1083 = DIRECTION ( 'NONE',  ( 0.000000000000000000, -1.000000000000000000, 0.000000000000000000 ) ) ;
#1084 = LINE ( 'NONE', #4243, #2953 ) ;
#1085 = VERTEX_POINT ( 'NONE', #4354 ) ;
#1086 = EDGE_CURVE ( 'NONE', #1853, #1085, #4085, .T. ) ;
#1087 = CARTESIAN_POINT ( 'NONE',  ( -1.670000000000000151, 1.199999999999999956, 4.221723315055990078 ) ) ;
#1088 = ORIENTED_EDGE ( 'NONE', *, *, #2117, .F. ) ;
#1089 = CARTESIAN_POINT ( 'NONE',  ( -3.910000000000000142, 1.199999999999999956, -3.149999999999999911 ) ) ;
#1090 = DIRECTION ( 'NONE',  ( 0.000000000000000000, 0.8064446042674811022, -0.5913096483635842393 ) ) ;
#1091 = DIRECTION ( 'NONE',  ( -3.052084608322652108E-30, -0.9537169507482271547, -0.3007057995042720644 ) ) ;
#1092 = DIRECTION ( 'NONE',  ( -1.000000000000000000, 0.000000000000000000, 0.000000000000000000 ) ) ;
#1093 = ORIENTED_EDGE ( 'NONE', *, *, #3155, .T. ) ;
#1094 = EDGE_LOOP ( 'NONE', ( #3147, #310, #2646, #987 ) ) ;
#1095 = FACE_OUTER_BOUND ( 'NONE', #1486, .T. ) ;
#1096 = CARTESIAN_POINT ( 'NONE',  ( -3.910000000000000142, 0.2970025450160060920, 5.116687316960959464 ) ) ;
#1097 = LINE ( 'NONE', #2752, #3246 ) ;
#1098 = DIRECTION ( 'NONE',  ( 0.000000000000000000, 0.8064446042674814352, 0.5913096483635837952 ) ) ;
#1099 = AXIS2_PLACEMENT_3D ( 'NONE', #1389, #1347, #3095 ) ;
#1100 = PLANE ( 'NONE',  #1337 ) ;
#1101 = DIRECTION ( 'NONE',  ( -3.052084608322652108E-30, -0.9537169507482271547, -0.3007057995042720644 ) ) ;
#1102 = FACE_OUTER_BOUND ( 'NONE', #458, .T. ) ;
#1103 = VECTOR ( 'NONE', #476, 1000.000000000000114 ) ;
#1104 = ORIENTED_EDGE ( 'NONE', *, *, #2522, .F. ) ;
#1105 = CIRCLE ( 'NONE', #3318, 0.5500000000000003775 ) ;
#1106 = LINE ( 'NONE', #2874, #1246 ) ;
#1107 = VERTEX_POINT ( 'NONE', #1637 ) ;
#1108 = EDGE_CURVE ( 'NONE', #2944, #697, #3001, .T. ) ;
#1109 = CYLINDRICAL_SURFACE ( 'NONE', #2435, 0.5500000000000002665 ) ;
#1110 = ADVANCED_FACE ( 'NONE', ( #2262 ), #3699, .T. ) ;
#1111 = DIRECTION ( 'NONE',  ( 1.000000000000000000, 0.000000000000000000, 8.728168432586694752E-17 ) ) ;
#1112 = AXIS2_PLACEMENT_3D ( 'NONE', #1647, #2165, #3664 ) ;
#1113 = CYLINDRICAL_SURFACE ( 'NONE', #1362, 0.3000000000000003775 ) ;
#1114 = DIRECTION ( 'NONE',  ( -1.000000000000000000, -4.681010421875320110E-31, 1.121110201144558008E-29 ) ) ;
#1115 = VERTEX_POINT ( 'NONE', #4332 ) ;
#1116 = DIRECTION ( 'NONE',  ( 0.000000000000000000, 0.8064446042674814352, -0.5913096483635837952 ) ) ;
#1117 = VERTEX_POINT ( 'NONE', #3996 ) ;
#1118 = DIRECTION ( 'NONE',  ( 3.052084608322652108E-30, 0.9537169507482271547, 0.3007057995042720644 ) ) ;
#1119 = EDGE_CURVE ( 'NONE', #1202, #4095, #2282, .T. ) ;
#1120 = FACE_OUTER_BOUND ( 'NONE', #4215, .T. ) ;
#1121 = CARTESIAN_POINT ( 'NONE',  ( -1.670000000000000151, 3.949999999999999734, 2.870000000000000107 ) ) ;
#1122 = DIRECTION ( 'NONE',  ( -1.014973643126989991E-29, -1.125986840390630024E-16, -1.000000000000000000 ) ) ;
#1123 = CARTESIAN_POINT ( 'NONE',  ( 6.850000000000000533, 0.2999999999999999889, -4.200000000000000178 ) ) ;
#1124 = CARTESIAN_POINT ( 'NONE',  ( -1.070000000000000062, 3.949999999999999734, -3.149999999999999911 ) ) ;
#1125 = FACE_OUTER_BOUND ( 'NONE', #313, .T. ) ;
#1126 = VERTEX_POINT ( 'NONE', #1277 ) ;
#1127 = CARTESIAN_POINT ( 'NONE',  ( -1.670000000000000151, 0.9199998752429049409, 4.200000000000000178 ) ) ;
#1128 = AXIS2_PLACEMENT_3D ( 'NONE', #2623, #2289, #1891 ) ;
#1129 = ORIENTED_EDGE ( 'NONE', *, *, #2364, .T. ) ;
#1130 = CARTESIAN_POINT ( 'NONE',  ( 3.710000000000000409, 1.199999999999999956, 4.221723315055990078 ) ) ;
#1131 = LINE ( 'NONE', #2092, #3433 ) ;
#1132 = ADVANCED_FACE ( 'NONE', ( #631 ), #2616, .T. ) ;
#1133 = VECTOR ( 'NONE', #3962, 1000.000000000000000 ) ;
#1134 = VERTEX_POINT ( 'NONE', #252 ) ;
#1135 = PLANE ( 'NONE',  #1592 ) ;
#1136 = CYLINDRICAL_SURFACE ( 'NONE', #398, 0.5500000000000003775 ) ;
#1137 = ADVANCED_FACE ( 'NONE', ( #2350 ), #604, .F. ) ;
#1138 = ORIENTED_EDGE ( 'NONE', *, *, #1189, .F. ) ;
#1139 = DIRECTION ( 'NONE',  ( 1.000000000000000000, 0.000000000000000000, -1.014973643126989991E-29 ) ) ;
#1140 = EDGE_CURVE ( 'NONE', #263, #2916, #4374, .T. ) ;
#1141 = ORIENTED_EDGE ( 'NONE', *, *, #3456, .F. ) ;
#1142 = CARTESIAN_POINT ( 'NONE',  ( -6.503589838486229624, 7.200000000000000178, 3.553589838486220120 ) ) ;
#1143 = DIRECTION ( 'NONE',  ( 1.014973643126989991E-29, -9.408669700213189370E-17, 1.000000000000000000 ) ) ;
#1144 = LINE ( 'NONE', #3205, #3394 ) ;
#1145 = CARTESIAN_POINT ( 'NONE',  ( 6.222510366459109932, 3.949999999999999734, 3.572510366459110021 ) ) ;
#1146 = AXIS2_PLACEMENT_3D ( 'NONE', #3575, #1934, #2288 ) ;
#1147 = DIRECTION ( 'NONE',  ( 1.000000000000000000, -3.424510003532624963E-31, -1.061678066473567980E-29 ) ) ;
#1148 = DIRECTION ( 'NONE',  ( 1.000000000000000000, 0.000000000000000000, -1.014973643126989991E-29 ) ) ;
#1149 = DIRECTION ( 'NONE',  ( 0.000000000000000000, -0.7933533402912341659, -0.6087614290087219882 ) ) ;
#1150 = ORIENTED_EDGE ( 'NONE', *, *, #1867, .T. ) ;
#1151 = CARTESIAN_POINT ( 'NONE',  ( -1.070000000000000062, 0.2802667518457296891, 5.500000000000000000 ) ) ;
#1152 = ORIENTED_EDGE ( 'NONE', *, *, #2100, .F. ) ;
#1153 = DIRECTION ( 'NONE',  ( 1.000000000000000000, 0.000000000000000000, -1.014973643126989991E-29 ) ) ;
#1154 = DIRECTION ( 'NONE',  ( 1.000000000000000000, 0.000000000000000000, -1.014973643126989991E-29 ) ) ;
#1155 = VECTOR ( 'NONE', #2192, 1000.000000000000114 ) ;
#1156 = CIRCLE ( 'NONE', #4023, 0.5500000000000002665 ) ;
#1157 = FACE_OUTER_BOUND ( 'NONE', #3931, .T. ) ;
#1158 = FACE_OUTER_BOUND ( 'NONE', #2022, .T. ) ;
#1159 = ORIENTED_EDGE ( 'NONE', *, *, #613, .F. ) ;
#1160 = EDGE_LOOP ( 'NONE', ( #2666, #2098, #3723, #1978 ) ) ;
#1161 = CARTESIAN_POINT ( 'NONE',  ( -1.070000000000000062, 2.391911860886269725, 3.557800634534129980 ) ) ;
#1162 = PLANE ( 'NONE',  #1184 ) ;
#1163 = VECTOR ( 'NONE', #3870, 1000.000000000000000 ) ;
#1164 = PLANE ( 'NONE',  #944 ) ;
#1165 = CARTESIAN_POINT ( 'NONE',  ( 3.710000000000000409, 1.199999999999999956, -4.625000000000000000 ) ) ;
#1166 = CARTESIAN_POINT ( 'NONE',  ( -1.369999999999999885, 0.5676618435584670497, 5.107478318675999773 ) ) ;
#1167 = ORIENTED_EDGE ( 'NONE', *, *, #3363, .T. ) ;
#1168 = CARTESIAN_POINT ( 'NONE',  ( 3.409999999999999698, 0.01818532168844502403, -5.083487655625070545 ) ) ;
#1169 = ORIENTED_EDGE ( 'NONE', *, *, #2861, .T. ) ;
#1170 = EDGE_CURVE ( 'NONE', #1375, #4100, #947, .T. ) ;
#1171 = EDGE_LOOP ( 'NONE', ( #1489, #2047, #2276, #387, #3434 ) ) ;
#1172 = EDGE_CURVE ( 'NONE', #2916, #3231, #3675, .T. ) ;
#1173 = AXIS2_PLACEMENT_3D ( 'NONE', #371, #1366, #2402 ) ;
#1174 =( GEOMETRIC_REPRESENTATION_CONTEXT ( 3 ) GLOBAL_UNCERTAINTY_ASSIGNED_CONTEXT ( ( #3151 ) ) GLOBAL_UNIT_ASSIGNED_CONTEXT ( ( #995, #3722, #3386 ) ) REPRESENTATION_CONTEXT ( 'NONE', 'WORKASPACE' ) );
#1175 = CARTESIAN_POINT ( 'NONE',  ( -1.070000000000000062, 0.5967170114905639977, 5.129773133170560051 ) ) ;
#1176 = AXIS2_PLACEMENT_3D ( 'NONE', #64, #2495, #2094 ) ;
#1177 = EDGE_CURVE ( 'NONE', #2555, #2447, #1790, .T. ) ;
#1178 = ORIENTED_EDGE ( 'NONE', *, *, #3933, .T. ) ;
#1179 = CARTESIAN_POINT ( 'NONE',  ( -3.609999999999999876, 0.5967170114905639977, 5.129773133170560051 ) ) ;
#1180 = FACE_OUTER_BOUND ( 'NONE', #914, .T. ) ;
#1181 = ORIENTED_EDGE ( 'NONE', *, *, #940, .T. ) ;
#1182 = EDGE_LOOP ( 'NONE', ( #4011, #257, #2476, #1628 ) ) ;
#1183 = AXIS2_PLACEMENT_3D ( 'NONE', #407, #4192, #1116 ) ;
#1184 = AXIS2_PLACEMENT_3D ( 'NONE', #578, #2525, #539 ) ;
#1185 = FACE_OUTER_BOUND ( 'NONE', #3319, .T. ) ;
#1186 = FACE_OUTER_BOUND ( 'NONE', #1999, .T. ) ;
#1187 = ADVANCED_FACE ( 'NONE', ( #1296 ), #3023, .F. ) ;
#1188 = CARTESIAN_POINT ( 'NONE',  ( 3.409999999999999698, 1.199999999999999956, 4.625000000000000000 ) ) ;
#1189 = EDGE_CURVE ( 'NONE', #3773, #4234, #2188, .T. ) ;
#1190 = DIRECTION ( 'NONE',  ( 1.014973643126989991E-29, 9.408669700213189370E-17, 1.000000000000000000 ) ) ;
#1191 = LINE ( 'NONE', #2617, #3032 ) ;
#1192 = ORIENTED_EDGE ( 'NONE', *, *, #4423, .F. ) ;
#1193 = CARTESIAN_POINT ( 'NONE',  ( -4.209999999999999964, 0.6499999999999930278, -4.221723315055990078 ) ) ;
#1194 = VERTEX_POINT ( 'NONE', #4393 ) ;
#1195 = ORIENTED_EDGE ( 'NONE', *, *, #2945, .F. ) ;
#1196 = DIRECTION ( 'NONE',  ( 1.000000000000000000, 0.000000000000000000, -1.014973643126989991E-29 ) ) ;
#1197 = DIRECTION ( 'NONE',  ( 1.000000000000000000, 0.000000000000000000, -1.014973643126989991E-29 ) ) ;
#1198 = VECTOR ( 'NONE', #3449, 1000.000000000000000 ) ;
#1199 = ORIENTED_EDGE ( 'NONE', *, *, #1501, .F. ) ;
#1200 = CARTESIAN_POINT ( 'NONE',  ( 3.409999999999999698, 0.5676618435584670497, -5.107478318675999773 ) ) ;
#1201 = LINE ( 'NONE', #889, #2702 ) ;
#1202 = VERTEX_POINT ( 'NONE', #1317 ) ;
#1203 = ORIENTED_EDGE ( 'NONE', *, *, #977, .T. ) ;
#1204 = LINE ( 'NONE', #180, #814 ) ;
#1205 = CARTESIAN_POINT ( 'NONE',  ( -1.369999999999999885, 0.9199998752429049409, 4.200000000000000178 ) ) ;
#1206 = DIRECTION ( 'NONE',  ( 0.000000000000000000, 1.000000000000000000, 0.000000000000000000 ) ) ;
#1207 = DIRECTION ( 'NONE',  ( 1.014973643126989991E-29, 0.000000000000000000, 1.000000000000000000 ) ) ;
#1208 = FACE_OUTER_BOUND ( 'NONE', #3492, .T. ) ;
#1209 = ORIENTED_EDGE ( 'NONE', *, *, #4421, .T. ) ;
#1210 = DIRECTION ( 'NONE',  ( -1.000000000000000000, 0.000000000000000000, 1.014973643126989991E-29 ) ) ;
#1211 = ORIENTED_EDGE ( 'NONE', *, *, #4175, .F. ) ;
#1212 = EDGE_CURVE ( 'NONE', #3352, #997, #3718, .T. ) ;
#1213 = VERTEX_POINT ( 'NONE', #3383 ) ;
#1214 = AXIS2_PLACEMENT_3D ( 'NONE', #206, #2822, #4222 ) ;
#1215 = EDGE_CURVE ( 'NONE', #1341, #3635, #1564, .T. ) ;
#1216 = DIRECTION ( 'NONE',  ( -1.000000000000000000, 0.000000000000000000, 1.014973643126989991E-29 ) ) ;
#1217 = LINE ( 'NONE', #3300, #2480 ) ;
#1218 = PLANE ( 'NONE',  #1613 ) ;
#1219 = EDGE_LOOP ( 'NONE', ( #1043, #2352, #3296, #1093 ) ) ;
#1220 = CARTESIAN_POINT ( 'NONE',  ( 4.009999999999999787, 0.9200000000000000400, 4.200000000000000178 ) ) ;
#1221 = FACE_OUTER_BOUND ( 'NONE', #570, .T. ) ;
#1222 = VERTEX_POINT ( 'NONE', #1924 ) ;
#1223 = AXIS2_PLACEMENT_3D ( 'NONE', #3753, #4430, #4076 ) ;
#1224 = ORIENTED_EDGE ( 'NONE', *, *, #962, .T. ) ;
#1225 = LINE ( 'NONE', #1521, #2757 ) ;
#1226 = DIRECTION ( 'NONE',  ( 0.000000000000000000, -1.000000000000000000, -0.000000000000000000 ) ) ;
#1227 = DIRECTION ( 'NONE',  ( 0.000000000000000000, -1.000000000000000000, -0.000000000000000000 ) ) ;
#1228 = FACE_OUTER_BOUND ( 'NONE', #831, .T. ) ;
#1229 = ORIENTED_EDGE ( 'NONE', *, *, #1177, .T. ) ;
#1230 = DIRECTION ( 'NONE',  ( -1.000000000000000000, 3.547290346654140064E-30, 1.498763002516974923E-29 ) ) ;
#1231 = ORIENTED_EDGE ( 'NONE', *, *, #3456, .T. ) ;
#1232 = ORIENTED_EDGE ( 'NONE', *, *, #4002, .F. ) ;
#1233 = LINE ( 'NONE', #4339, #4158 ) ;
#1234 = PLANE ( 'NONE',  #1632 ) ;
#1235 = LINE ( 'NONE', #4027, #3754 ) ;
#1236 = ORIENTED_EDGE ( 'NONE', *, *, #3460, .F. ) ;
#1237 = ADVANCED_FACE ( 'NONE', ( #3288 ), #1254, .F. ) ;
#1238 = EDGE_CURVE ( 'NONE', #3580, #3669, #3834, .T. ) ;
#1239 = ADVANCED_FACE ( 'NONE', ( #385 ), #672, .F. ) ;
#1240 = VECTOR ( 'NONE', #1618, 1000.000000000000000 ) ;
#1241 = ORIENTED_EDGE ( 'NONE', *, *, #1910, .F. ) ;
#1242 = LINE ( 'NONE', #3643, #2651 ) ;
#1243 = LINE ( 'NONE', #220, #1133 ) ;
#1244 = VERTEX_POINT ( 'NONE', #1074 ) ;
#1245 = VECTOR ( 'NONE', #1340, 1000.000000000000000 ) ;
#1246 = VECTOR ( 'NONE', #2469, 1000.000000000000000 ) ;
#1247 = ORIENTED_EDGE ( 'NONE', *, *, #3158, .T. ) ;
#1248 = ORIENTED_EDGE ( 'NONE', *, *, #2034, .F. ) ;
#1249 = AXIS2_PLACEMENT_3D ( 'NONE', #1079, #1723, #1456 ) ;
#1250 = DIRECTION ( 'NONE',  ( -1.000000000000000000, 0.000000000000000000, 1.014973643126989991E-29 ) ) ;
#1251 = VECTOR ( 'NONE', #593, 1000.000000000000000 ) ;
#1252 = DIRECTION ( 'NONE',  ( -1.000000000000000000, 3.531817991034325100E-30, 1.475249124944287038E-29 ) ) ;
#1253 = AXIS2_PLACEMENT_3D ( 'NONE', #2999, #3044, #4371 ) ;
#1254 = PLANE ( 'NONE',  #4344 ) ;
#1255 = EDGE_CURVE ( 'NONE', #2562, #447, #1409, .T. ) ;
#1256 = CARTESIAN_POINT ( 'NONE',  ( -1.804999999999999938, 3.949999999999999734, 3.149999999999999911 ) ) ;
#1257 = ORIENTED_EDGE ( 'NONE', *, *, #3651, .F. ) ;
#1258 = CARTESIAN_POINT ( 'NONE',  ( 3.710000000000000409, 0.8153881897273429491, 4.746267637967520159 ) ) ;
#1259 = CIRCLE ( 'NONE', #2972, 0.2999999999999999889 ) ;
#1260 = ORIENTED_EDGE ( 'NONE', *, *, #2391, .T. ) ;
#1261 = ORIENTED_EDGE ( 'NONE', *, *, #2722, .F. ) ;
#1262 = CYLINDRICAL_SURFACE ( 'NONE', #3942, 0.5500000000000003775 ) ;
#1263 = DIRECTION ( 'NONE',  ( 1.142846965504326407E-45, 1.000000000000000000, 1.125986840390630024E-16 ) ) ;
#1264 = LINE ( 'NONE', #3685, #1970 ) ;
#1265 = VERTEX_POINT ( 'NONE', #2413 ) ;
#1266 = EDGE_LOOP ( 'NONE', ( #2457, #2875, #1631, #1669 ) ) ;
#1267 = LINE ( 'NONE', #173, #2873 ) ;
#1268 = VERTEX_POINT ( 'NONE', #3047 ) ;
#1269 = EDGE_CURVE ( 'NONE', #2789, #1281, #1834, .T. ) ;
#1270 = ORIENTED_EDGE ( 'NONE', *, *, #2196, .T. ) ;
#1271 = AXIS2_PLACEMENT_3D ( 'NONE', #4177, #2444, #1148 ) ;
#1272 = ADVANCED_FACE ( 'NONE', ( #3086 ), #2103, .F. ) ;
#1273 = EDGE_CURVE ( 'NONE', #4180, #513, #2078, .T. ) ;
#1274 = ORIENTED_EDGE ( 'NONE', *, *, #265, .F. ) ;
#1275 = DIRECTION ( 'NONE',  ( -1.000000000000000000, 0.000000000000000000, 1.014973643126989991E-29 ) ) ;
#1276 = FACE_OUTER_BOUND ( 'NONE', #1787, .T. ) ;
#1277 = CARTESIAN_POINT ( 'NONE',  ( -1.070000000000000062, 3.949999999999999734, 2.870000000000000107 ) ) ;
#1278 = PLANE ( 'NONE',  #670 ) ;
#1279 = ORIENTED_EDGE ( 'NONE', *, *, #1646, .F. ) ;
#1280 = LINE ( 'NONE', #1258, #1960 ) ;
#1281 = VERTEX_POINT ( 'NONE', #1032 ) ;
#1282 = EDGE_LOOP ( 'NONE', ( #1989, #96 ) ) ;
#1283 = ADVANCED_FACE ( 'NONE', ( #3475 ), #410, .F. ) ;
#1284 = DIRECTION ( 'NONE',  ( 0.000000000000000000, -1.000000000000000000, -0.000000000000000000 ) ) ;
#1285 = DIRECTION ( 'NONE',  ( 4.427252850516338130E-31, 0.9990482215818576872, 0.04361938736533688826 ) ) ;
#1286 = CARTESIAN_POINT ( 'NONE',  ( -1.369999999999999885, 5.849999999999999645, 2.870000000000000107 ) ) ;
#1287 = VERTEX_POINT ( 'NONE', #4129 ) ;
#1288 = ORIENTED_EDGE ( 'NONE', *, *, #1731, .T. ) ;
#1289 = AXIS2_PLACEMENT_3D ( 'NONE', #400, #826, #4208 ) ;
#1290 = DIRECTION ( 'NONE',  ( -1.142846965504326407E-45, -1.000000000000000000, -1.125986840390630024E-16 ) ) ;
#1291 = ORIENTED_EDGE ( 'NONE', *, *, #2723, .T. ) ;
#1292 = VECTOR ( 'NONE', #419, 1000.000000000000000 ) ;
#1293 = VERTEX_POINT ( 'NONE', #2055 ) ;
#1294 = DIRECTION ( 'NONE',  ( 0.000000000000000000, -0.7933533402912341659, -0.6087614290087219882 ) ) ;
#1295 = CARTESIAN_POINT ( 'NONE',  ( 3.409999999999999698, 0.1313175063982884860, 4.772659532721202247 ) ) ;
#1296 = FACE_OUTER_BOUND ( 'NONE', #418, .T. ) ;
#1297 = LINE ( 'NONE', #2662, #4399 ) ;
#1298 = VERTEX_POINT ( 'NONE', #2707 ) ;
#1299 = DIRECTION ( 'NONE',  ( 0.000000000000000000, 0.000000000000000000, 1.000000000000000000 ) ) ;
#1300 = ORIENTED_EDGE ( 'NONE', *, *, #3459, .T. ) ;
#1301 = ORIENTED_EDGE ( 'NONE', *, *, #4164, .T. ) ;
#1302 = CARTESIAN_POINT ( 'NONE',  ( -4.209999999999999964, 2.391911860886269725, 3.557800634534129980 ) ) ;
#1303 = LINE ( 'NONE', #4405, #3679 ) ;
#1304 = EDGE_CURVE ( 'NONE', #2638, #1578, #1054, .T. ) ;
#1305 = LINE ( 'NONE', #909, #757 ) ;
#1306 = ORIENTED_EDGE ( 'NONE', *, *, #985, .F. ) ;
#1307 = ADVANCED_FACE ( 'NONE', ( #4415 ), #2394, .F. ) ;
#1308 = VERTEX_POINT ( 'NONE', #3134 ) ;
#1309 = PLANE ( 'NONE',  #3285 ) ;
#1310 = EDGE_LOOP ( 'NONE', ( #1809, #1577, #1236, #1195 ) ) ;
#1311 = EDGE_CURVE ( 'NONE', #210, #751, #1259, .T. ) ;
#1312 = AXIS2_PLACEMENT_3D ( 'NONE', #1383, #2104, #450 ) ;
#1313 = VECTOR ( 'NONE', #3529, 1000.000000000000000 ) ;
#1314 = ORIENTED_EDGE ( 'NONE', *, *, #4164, .F. ) ;
#1315 = DIRECTION ( 'NONE',  ( -1.000000000000000000, 0.000000000000000000, 1.014973643126989991E-29 ) ) ;
#1316 = CARTESIAN_POINT ( 'NONE',  ( 6.850000000000000533, 0.3499999999999999778, 4.200000000000000178 ) ) ;
#1317 = CARTESIAN_POINT ( 'NONE',  ( 4.009999999999999787, 0.01818532168844502403, -5.083487655625070545 ) ) ;
#1318 = EDGE_CURVE ( 'NONE', #374, #564, #3555, .T. ) ;
#1319 = CARTESIAN_POINT ( 'NONE',  ( 4.009999999999999787, 2.391911860886269725, 3.557800634534129980 ) ) ;
#1320 = ORIENTED_EDGE ( 'NONE', *, *, #953, .T. ) ;
#1321 = CARTESIAN_POINT ( 'NONE',  ( 4.009999999999999787, 0.1313175063982884860, -4.772659532721202247 ) ) ;
#1322 = EDGE_CURVE ( 'NONE', #3580, #237, #4172, .T. ) ;
#1323 = VERTEX_POINT ( 'NONE', #2 ) ;
#1324 = EDGE_LOOP ( 'NONE', ( #4297, #37, #3035, #1015 ) ) ;
#1325 = AXIS2_PLACEMENT_3D ( 'NONE', #2369, #2012, #4389 ) ;
#1326 = DIRECTION ( 'NONE',  ( 1.000000000000000000, 3.697149189837210119E-30, -0.000000000000000000 ) ) ;
#1327 = FACE_OUTER_BOUND ( 'NONE', #3239, .T. ) ;
#1328 = DIRECTION ( 'NONE',  ( -3.052084608322652108E-30, -0.9537169507482271547, -0.3007057995042720644 ) ) ;
#1329 = CARTESIAN_POINT ( 'NONE',  ( 4.009999999999999787, 0.000000000000000000, -5.500000000000000000 ) ) ;
#1330 = EDGE_LOOP ( 'NONE', ( #427, #2292, #1611, #3588 ) ) ;
#1331 = VERTEX_POINT ( 'NONE', #2461 ) ;
#1332 = DIRECTION ( 'NONE',  ( 0.000000000000000000, -1.000000000000000000, -0.000000000000000000 ) ) ;
#1333 = ORIENTED_EDGE ( 'NONE', *, *, #1318, .T. ) ;
#1334 = ORIENTED_EDGE ( 'NONE', *, *, #4235, .F. ) ;
#1335 = PLANE ( 'NONE',  #1325 ) ;
#1336 = VECTOR ( 'NONE', #1040, 1000.000000000000000 ) ;
#1337 = AXIS2_PLACEMENT_3D ( 'NONE', #1081, #3478, #74 ) ;
#1338 = DIRECTION ( 'NONE',  ( 1.000000000000000000, 0.000000000000000000, -1.014973643126989991E-29 ) ) ;
#1339 = CARTESIAN_POINT ( 'NONE',  ( 3.710000000000000409, 0.3587110094031937813, 4.947144704467943299 ) ) ;
#1340 = DIRECTION ( 'NONE',  ( -1.014973643126989991E-29, 9.408669700213189370E-17, -1.000000000000000000 ) ) ;
#1341 = VERTEX_POINT ( 'NONE', #764 ) ;
#1342 = LINE ( 'NONE', #4398, #2028 ) ;
#1343 = VECTOR ( 'NONE', #2942, 1000.000000000000000 ) ;
#1344 = EDGE_LOOP ( 'NONE', ( #2421, #804, #408, #2449 ) ) ;
#1345 = DIRECTION ( 'NONE',  ( 3.052084608322652108E-30, -0.9537169507482271547, 0.3007057995042720644 ) ) ;
#1346 = DIRECTION ( 'NONE',  ( -1.000000000000000000, 0.000000000000000000, 1.014973643126989991E-29 ) ) ;
#1347 = DIRECTION ( 'NONE',  ( -1.000000000000000000, 3.531817991034325100E-30, 5.546981613096929443E-30 ) ) ;
#1348 = CARTESIAN_POINT ( 'NONE',  ( 3.409999999999999698, 0.9199998752429049409, -4.200000000000000178 ) ) ;
#1349 = VERTEX_POINT ( 'NONE', #320 ) ;
#1350 = ORIENTED_EDGE ( 'NONE', *, *, #3761, .F. ) ;
#1351 = CARTESIAN_POINT ( 'NONE',  ( -1.369999999999999885, 0.000000000000000000, 5.500000000000000000 ) ) ;
#1352 = AXIS2_PLACEMENT_3D ( 'NONE', #650, #3652, #992 ) ;
#1353 = ORIENTED_EDGE ( 'NONE', *, *, #1601, .T. ) ;
#1354 = LINE ( 'NONE', #339, #1396 ) ;
#1355 = EDGE_CURVE ( 'NONE', #289, #598, #1679, .T. ) ;
#1356 = FACE_OUTER_BOUND ( 'NONE', #2933, .T. ) ;
#1357 = LINE ( 'NONE', #2730, #383 ) ;
#1358 = LINE ( 'NONE', #344, #2598 ) ;
#1359 = ORIENTED_EDGE ( 'NONE', *, *, #3459, .F. ) ;
#1360 = PLANE ( 'NONE',  #1815 ) ;
#1361 = CIRCLE ( 'NONE', #2870, 0.3000000000000003775 ) ;
#1362 = AXIS2_PLACEMENT_3D ( 'NONE', #3214, #404, #1762 ) ;
#1363 = ORIENTED_EDGE ( 'NONE', *, *, #2965, .T. ) ;
#1364 = DIRECTION ( 'NONE',  ( 0.000000000000000000, 0.8064446042674811022, -0.5913096483635842393 ) ) ;
#1365 = DIRECTION ( 'NONE',  ( -9.679975680128922934E-30, -0.3007057995042720644, -0.9537169507482272657 ) ) ;
#1366 = DIRECTION ( 'NONE',  ( -1.000000000000000000, 3.391264237944545229E-31, 1.059169459135973194E-29 ) ) ;
#1367 = DIRECTION ( 'NONE',  ( 1.014007613118478321E-29, 0.04361938736533728378, 0.9990482215818576872 ) ) ;
#1368 = ORIENTED_EDGE ( 'NONE', *, *, #2230, .T. ) ;
#1369 = ORIENTED_EDGE ( 'NONE', *, *, #2066, .T. ) ;
#1370 = CARTESIAN_POINT ( 'NONE',  ( 3.409999999999999698, 0.3587110094031937813, -4.947144704467943299 ) ) ;
#1371 = EDGE_CURVE ( 'NONE', #424, #2323, #1357, .T. ) ;
#1372 = EDGE_CURVE ( 'NONE', #3862, #230, #3564, .T. ) ;
#1373 = AXIS2_PLACEMENT_3D ( 'NONE', #787, #159, #1520 ) ;
#1374 = EDGE_CURVE ( 'NONE', #1298, #3346, #135, .T. ) ;
#1375 = VERTEX_POINT ( 'NONE', #3520 ) ;
#1376 = CARTESIAN_POINT ( 'NONE',  ( -6.850000000000000533, 0.2999999999999999889, -4.200000000000000178 ) ) ;
#1377 = DIRECTION ( 'NONE',  ( 1.014973643126989991E-29, 5.968940992608359498E-17, 1.000000000000000000 ) ) ;
#1378 = CIRCLE ( 'NONE', #1030, 0.3000000000000003775 ) ;
#1379 = VECTOR ( 'NONE', #2244, 1000.000000000000000 ) ;
#1380 = CARTESIAN_POINT ( 'NONE',  ( -4.209999999999999964, 0.5967170114905639977, -5.129773133170560051 ) ) ;
#1381 = VECTOR ( 'NONE', #2167, 1000.000000000000000 ) ;
#1382 =( NAMED_UNIT ( * ) PLANE_ANGLE_UNIT ( ) SI_UNIT ( $, .RADIAN. ) );
#1383 = CARTESIAN_POINT ( 'NONE',  ( -1.670000000000000151, 2.391911860886269725, 3.557800634534129980 ) ) ;
#1384 = ORIENTED_EDGE ( 'NONE', *, *, #3785, .F. ) ;
#1385 = DIRECTION ( 'NONE',  ( -1.000000000000000000, 3.424510003532624963E-31, 1.061678066473567980E-29 ) ) ;
#1386 = CARTESIAN_POINT ( 'NONE',  ( 6.391153689933370075, 1.950708217522779897, -3.575000000000000178 ) ) ;
#1387 = LINE ( 'NONE', #7, #1198 ) ;
#1388 = CARTESIAN_POINT ( 'NONE',  ( 3.710000000000000409, 0.2802667518457296891, -5.500000000000000000 ) ) ;
#1389 = CARTESIAN_POINT ( 'NONE',  ( -3.609999999999999876, 0.5676618435584670497, 5.107478318675999773 ) ) ;
#1390 = ORIENTED_EDGE ( 'NONE', *, *, #353, .T. ) ;
#1391 = LINE ( 'NONE', #1755, #3183 ) ;
#1392 = ORIENTED_EDGE ( 'NONE', *, *, #2705, .F. ) ;
#1393 = CIRCLE ( 'NONE', #110, 0.5500000000000003775 ) ;
#1394 = CARTESIAN_POINT ( 'NONE',  ( -6.356255922059779628, 3.949999999999999734, -3.621255922059779753 ) ) ;
#1395 = ORIENTED_EDGE ( 'NONE', *, *, #2829, .F. ) ;
#1396 = VECTOR ( 'NONE', #271, 1000.000000000000000 ) ;
#1397 = CARTESIAN_POINT ( 'NONE',  ( 3.180000000000000160, 1.950000000000000178, 3.706166051916210069 ) ) ;
#1398 = ADVANCED_FACE ( 'NONE', ( #2214 ), #3243, .T. ) ;
#1399 = ADVANCED_FACE ( 'NONE', ( #1120 ), #1811, .F. ) ;
#1400 = EDGE_CURVE ( 'NONE', #2771, #1662, #2481, .T. ) ;
#1401 = EDGE_CURVE ( 'NONE', #926, #300, #3856, .T. ) ;
#1402 = ORIENTED_EDGE ( 'NONE', *, *, #2432, .T. ) ;
#1403 = SURFACE_STYLE_USAGE ( .BOTH. , #2769 ) ;
#1404 = EDGE_CURVE ( 'NONE', #4343, #3336, #1480, .T. ) ;
#1405 = VERTEX_POINT ( 'NONE', #2843 ) ;
#1406 = DIRECTION ( 'NONE',  ( 1.014973643126989991E-29, 0.000000000000000000, 1.000000000000000000 ) ) ;
#1407 = EDGE_CURVE ( 'NONE', #2813, #2562, #1499, .T. ) ;
#1408 = EDGE_CURVE ( 'NONE', #4150, #1730, #3154, .T. ) ;
#1409 = LINE ( 'NONE', #2751, #4200 ) ;
#1410 = DIRECTION ( 'NONE',  ( 1.000000000000000000, 0.000000000000000000, 8.797329830626214197E-17 ) ) ;
#1411 = VECTOR ( 'NONE', #3225, 1000.000000000000000 ) ;
#1412 = VERTEX_POINT ( 'NONE', #2865 ) ;
#1413 = PLANE ( 'NONE',  #2464 ) ;
#1414 = AXIS2_PLACEMENT_3D ( 'NONE', #1575, #3684, #1935 ) ;
#1415 = CARTESIAN_POINT ( 'NONE',  ( -1.670000000000000151, 0.8619333812802444372, 4.377119299477215009 ) ) ;
#1416 = CARTESIAN_POINT ( 'NONE',  ( -3.910000000000000142, 0.2802667518457296891, -5.500000000000000000 ) ) ;
#1417 = DIRECTION ( 'NONE',  ( -1.000000000000000000, 0.000000000000000000, 1.014973643126989991E-29 ) ) ;
#1418 = VERTEX_POINT ( 'NONE', #4283 ) ;
#1419 = DIRECTION ( 'NONE',  ( 0.000000000000000000, 1.000000000000000000, 0.000000000000000000 ) ) ;
#1420 = ORIENTED_EDGE ( 'NONE', *, *, #1748, .T. ) ;
#1421 = DIRECTION ( 'NONE',  ( 1.014973643126989991E-29, 0.000000000000000000, 1.000000000000000000 ) ) ;
#1422 = EDGE_CURVE ( 'NONE', #1733, #140, #238, .T. ) ;
#1423 = PLANE ( 'NONE',  #3649 ) ;
#1424 = CARTESIAN_POINT ( 'NONE',  ( -6.406255922059780339, 3.949999999999999734, 3.671255922059779575 ) ) ;
#1425 = FACE_OUTER_BOUND ( 'NONE', #2685, .T. ) ;
#1426 = VERTEX_POINT ( 'NONE', #2905 ) ;
#1427 = ORIENTED_EDGE ( 'NONE', *, *, #3922, .F. ) ;
#1428 = DIRECTION ( 'NONE',  ( -1.000000000000000000, 0.000000000000000000, -2.618450529776208229E-16 ) ) ;
#1429 = CIRCLE ( 'NONE', #1714, 0.2999999999999999889 ) ;
#1430 = DIRECTION ( 'NONE',  ( 1.000000000000000000, -3.391264237944545229E-31, -1.059169459135973194E-29 ) ) ;
#1431 = EDGE_CURVE ( 'NONE', #2398, #870, #874, .T. ) ;
#1432 = CARTESIAN_POINT ( 'NONE',  ( -1.570000000000000062, 1.199999999999999956, -4.200000000000000178 ) ) ;
#1433 = EDGE_CURVE ( 'NONE', #926, #65, #1204, .T. ) ;
#1434 = DIRECTION ( 'NONE',  ( 0.000000000000000000, -0.7933533402912337218, 0.6087614290087224322 ) ) ;
#1435 = CARTESIAN_POINT ( 'NONE',  ( 4.009999999999999787, 0.9199998752429049409, -4.200000000000000178 ) ) ;
#1436 = CARTESIAN_POINT ( 'NONE',  ( -5.750000000000000000, 0.4000000000000000222, 3.100000000000000089 ) ) ;
#1437 = VECTOR ( 'NONE', #786, 1000.000000000000000 ) ;
#1438 = DIRECTION ( 'NONE',  ( 0.000000000000000000, -0.7933533402912341659, 0.6087614290087219882 ) ) ;
#1439 = ORIENTED_EDGE ( 'NONE', *, *, #4368, .T. ) ;
#1440 = AXIS2_PLACEMENT_3D ( 'NONE', #1830, #2787, #150 ) ;
#1441 = DIRECTION ( 'NONE',  ( -1.000000000000000000, 0.000000000000000000, 0.000000000000000000 ) ) ;
#1442 = ORIENTED_EDGE ( 'NONE', *, *, #353, .F. ) ;
#1443 = PLANE ( 'NONE',  #923 ) ;
#1444 = EDGE_CURVE ( 'NONE', #416, #1265, #475, .T. ) ;
#1445 = CARTESIAN_POINT ( 'NONE',  ( 4.009999999999999787, 0.1313175063982884860, 4.772659532721202247 ) ) ;
#1446 = EDGE_CURVE ( 'NONE', #3231, #2287, #2880, .T. ) ;
#1447 = CARTESIAN_POINT ( 'NONE',  ( -4.209999999999999964, 5.849999999999999645, 3.149999999999999911 ) ) ;
#1448 = DIRECTION ( 'NONE',  ( 0.000000000000000000, 0.8064446042674814352, 0.5913096483635837952 ) ) ;
#1449 = ADVANCED_FACE ( 'NONE', ( #3497 ), #852, .T. ) ;
#1450 = ORIENTED_EDGE ( 'NONE', *, *, #3959, .F. ) ;
#1451 = VERTEX_POINT ( 'NONE', #3898 ) ;
#1452 = CARTESIAN_POINT ( 'NONE',  ( 3.409999999999999698, 0.3061653321695956831, -4.906824988224970596 ) ) ;
#1453 = UNCERTAINTY_MEASURE_WITH_UNIT (LENGTH_MEASURE( 1.000000000000000082E-05 ), #3873, 'distance_accuracy_value', 'NONE');
#1454 = CARTESIAN_POINT ( 'NONE',  ( -1.070000000000000062, 0.3061653321695956831, 4.906824988224970596 ) ) ;
#1455 = CARTESIAN_POINT ( 'NONE',  ( -1.070000000000000062, 1.370955930443130022, 4.200000000000000178 ) ) ;
#1456 = DIRECTION ( 'NONE',  ( 0.000000000000000000, 0.8064446042674811022, 0.5913096483635842393 ) ) ;
#1457 = AXIS2_PLACEMENT_3D ( 'NONE', #2131, #1818, #55 ) ;
#1458 = FACE_OUTER_BOUND ( 'NONE', #3013, .T. ) ;
#1459 = FACE_OUTER_BOUND ( 'NONE', #2017, .T. ) ;
#1460 = EDGE_CURVE ( 'NONE', #1863, #936, #602, .T. ) ;
#1461 = FACE_OUTER_BOUND ( 'NONE', #623, .T. ) ;
#1462 = AXIS2_PLACEMENT_3D ( 'NONE', #1699, #1014, #651 ) ;
#1463 = EDGE_LOOP ( 'NONE', ( #334, #2478, #911, #1070 ) ) ;
#1464 = AXIS2_PLACEMENT_3D ( 'NONE', #3272, #4062, #4107 ) ;
#1465 = DIRECTION ( 'NONE',  ( 9.549551762603905006E-46, 1.000000000000000000, 9.408669700213189370E-17 ) ) ;
#1466 = ORIENTED_EDGE ( 'NONE', *, *, #148, .F. ) ;
#1467 = LINE ( 'NONE', #1824, #152 ) ;
#1468 = ADVANCED_FACE ( 'NONE', ( #1185 ), #3582, .T. ) ;
#1469 = CARTESIAN_POINT ( 'NONE',  ( -1.070000000000000062, 4.450000000000000178, -3.149999999999999911 ) ) ;
#1470 = AXIS2_PLACEMENT_3D ( 'NONE', #1684, #3052, #4419 ) ;
#1471 = AXIS2_PLACEMENT_3D ( 'NONE', #2763, #1042, #682 ) ;
#1472 = CIRCLE ( 'NONE', #617, 0.2999999999999999889 ) ;
#1473 = ORIENTED_EDGE ( 'NONE', *, *, #1170, .F. ) ;
#1474 = DIRECTION ( 'NONE',  ( 3.052084608322652108E-30, -0.9537169507482271547, 0.3007057995042720644 ) ) ;
#1475 = DIRECTION ( 'NONE',  ( 1.000000000000000000, 0.000000000000000000, -1.014973643126989991E-29 ) ) ;
#1476 = EDGE_LOOP ( 'NONE', ( #1998, #2142, #3552, #3435 ) ) ;
#1477 = DIRECTION ( 'NONE',  ( -1.000000000000000000, 3.391264237944545229E-31, 9.707778271180067886E-30 ) ) ;
#1478 = VERTEX_POINT ( 'NONE', #3263 ) ;
#1479 = CARTESIAN_POINT ( 'NONE',  ( 3.710000000000000409, 0.5967170114905639977, 5.129773133170560051 ) ) ;
#1480 = LINE ( 'NONE', #3878, #4248 ) ;
#1481 = CARTESIAN_POINT ( 'NONE',  ( -6.441166051916209945, 1.950000000000000178, -3.706166051916210069 ) ) ;
#1482 = DIRECTION ( 'NONE',  ( 1.142846965504326407E-45, -1.000000000000000000, 1.125986840390630024E-16 ) ) ;
#1483 = DIRECTION ( 'NONE',  ( 6.058317784877738483E-46, -1.000000000000000000, 5.968940992608359498E-17 ) ) ;
#1484 = DIRECTION ( 'NONE',  ( -1.000000000000000000, 0.000000000000000000, 1.014973643126989991E-29 ) ) ;
#1485 = DIRECTION ( 'NONE',  ( 0.000000000000000000, -0.7933533402912341659, -0.6087614290087219882 ) ) ;
#1486 = EDGE_LOOP ( 'NONE', ( #3119, #4365, #2596, #3199 ) ) ;
#1487 = DIRECTION ( 'NONE',  ( 3.697149189837210119E-30, -1.000000000000000000, -3.752508982393072855E-59 ) ) ;
#1488 = CIRCLE ( 'NONE', #1173, 0.5500000000000002665 ) ;
#1489 = ORIENTED_EDGE ( 'NONE', *, *, #2392, .F. ) ;
#1490 = DIRECTION ( 'NONE',  ( 1.000000000000000000, 0.000000000000000000, -1.014973643126989991E-29 ) ) ;
#1491 = DIRECTION ( 'NONE',  ( 0.000000000000000000, -0.7933533402912341659, 0.6087614290087219882 ) ) ;
#1492 = VECTOR ( 'NONE', #4110, 1000.000000000000000 ) ;
#1493 = DIRECTION ( 'NONE',  ( 1.014973643126989991E-29, 0.000000000000000000, 1.000000000000000000 ) ) ;
#1494 = LINE ( 'NONE', #3914, #4259 ) ;
#1495 = ORIENTED_EDGE ( 'NONE', *, *, #2196, .F. ) ;
#1496 = CARTESIAN_POINT ( 'NONE',  ( -4.209999999999999964, 0.5065052716392820509, 4.843658047946089340 ) ) ;
#1497 = VERTEX_POINT ( 'NONE', #2236 ) ;
#1498 = EDGE_CURVE ( 'NONE', #2813, #4408, #538, .T. ) ;
#1499 = LINE ( 'NONE', #4219, #959 ) ;
#1500 = LINE ( 'NONE', #1205, #4341 ) ;
#1501 = EDGE_CURVE ( 'NONE', #1244, #2073, #4034, .T. ) ;
#1502 = PLANE ( 'NONE',  #2298 ) ;
#1503 = CIRCLE ( 'NONE', #3796, 0.5500000000000003775 ) ;
#1504 = DIRECTION ( 'NONE',  ( 1.000000000000000000, 0.000000000000000000, -1.014973643126989991E-29 ) ) ;
#1505 = DIRECTION ( 'NONE',  ( 1.000000000000000000, -3.391264237944545229E-31, -9.707778271180067886E-30 ) ) ;
#1506 = ORIENTED_EDGE ( 'NONE', *, *, #3369, .T. ) ;
#1507 = DIRECTION ( 'NONE',  ( 1.014007613118478321E-29, -0.04361938736533689520, 0.9990482215818576872 ) ) ;
#1508 = ORIENTED_EDGE ( 'NONE', *, *, #3122, .T. ) ;
#1509 = ORIENTED_EDGE ( 'NONE', *, *, #3240, .T. ) ;
#1510 = CIRCLE ( 'NONE', #2077, 0.5000000000000004441 ) ;
#1511 = CARTESIAN_POINT ( 'NONE',  ( 4.009999999999999787, 0.8153881897273420609, -4.746267637967520159 ) ) ;
#1512 = AXIS2_PLACEMENT_3D ( 'NONE', #3629, #1922, #2569 ) ;
#1513 = VECTOR ( 'NONE', #4165, 1000.000000000000000 ) ;
#1514 = DIRECTION ( 'NONE',  ( 1.000000000000000000, 0.000000000000000000, -1.014973643126989991E-29 ) ) ;
#1515 = DIRECTION ( 'NONE',  ( -1.000000000000000000, 0.000000000000000000, 1.014973643126989991E-29 ) ) ;
#1516 = ADVANCED_FACE ( 'NONE', ( #3170 ), #3871, .F. ) ;
#1517 = ORIENTED_EDGE ( 'NONE', *, *, #3460, .T. ) ;
#1518 = ADVANCED_FACE ( 'NONE', ( #1180 ), #1136, .T. ) ;
#1519 = EDGE_LOOP ( 'NONE', ( #1224, #3398, #3576, #1958 ) ) ;
#1520 = DIRECTION ( 'NONE',  ( 0.000000000000000000, 0.8064446042674811022, -0.5913096483635842393 ) ) ;
#1521 = CARTESIAN_POINT ( 'NONE',  ( -6.309999999999999609, 6.599999999999999645, 3.575000000000000178 ) ) ;
#1522 = AXIS2_PLACEMENT_3D ( 'NONE', #151, #830, #1092 ) ;
#1523 = CARTESIAN_POINT ( 'NONE',  ( 2.004999999999999893, 3.949999999999999734, 3.149999999999999911 ) ) ;
#1524 = DIRECTION ( 'NONE',  ( 0.000000000000000000, -0.7933533402912337218, -0.6087614290087224322 ) ) ;
#1525 = PLANE ( 'NONE',  #3391 ) ;
#1526 = ORIENTED_EDGE ( 'NONE', *, *, #2522, .T. ) ;
#1527 = DIRECTION ( 'NONE',  ( 0.000000000000000000, 0.8064446042674811022, -0.5913096483635842393 ) ) ;
#1528 = EDGE_LOOP ( 'NONE', ( #11, #3209, #1169, #710 ) ) ;
#1529 = EDGE_LOOP ( 'NONE', ( #3572, #851, #1965, #2272 ) ) ;
#1530 = VECTOR ( 'NONE', #2058, 1000.000000000000114 ) ;
#1531 = DIRECTION ( 'NONE',  ( 0.000000000000000000, -0.7933533402912341659, -0.6087614290087219882 ) ) ;
#1532 = LINE ( 'NONE', #4362, #2270 ) ;
#1533 = CARTESIAN_POINT ( 'NONE',  ( -3.609999999999999876, 3.949999999999999734, 1.435000000000000053 ) ) ;
#1534 = CARTESIAN_POINT ( 'NONE',  ( 3.409999999999999698, 3.949999999999999734, 3.149999999999999911 ) ) ;
#1535 = VERTEX_POINT ( 'NONE', #405 ) ;
#1536 = ORIENTED_EDGE ( 'NONE', *, *, #1407, .T. ) ;
#1537 = ADVANCED_FACE ( 'NONE', ( #1851 ), #493, .T. ) ;
#1538 = VECTOR ( 'NONE', #87, 1000.000000000000000 ) ;
#1539 = EDGE_CURVE ( 'NONE', #65, #79, #1494, .T. ) ;
#1540 = CARTESIAN_POINT ( 'NONE',  ( 6.676794919243109305, 6.899999999999999467, -2.100000000000000089 ) ) ;
#1541 = EDGE_CURVE ( 'NONE', #2876, #4077, #2888, .T. ) ;
#1542 = LINE ( 'NONE', #2191, #2184 ) ;
#1543 = EDGE_CURVE ( 'NONE', #2920, #2347, #2186, .T. ) ;
#1544 = DIRECTION ( 'NONE',  ( -1.000000000000000000, 0.000000000000000000, 1.015012064591186744E-29 ) ) ;
#1545 = DIRECTION ( 'NONE',  ( 8.795989954684215313E-17, 0.01745240643728350471, 0.9998476951563912696 ) ) ;
#1546 = DIRECTION ( 'NONE',  ( 0.000000000000000000, -0.7933533402912341659, 0.6087614290087219882 ) ) ;
#1547 = ORIENTED_EDGE ( 'NONE', *, *, #3168, .F. ) ;
#1548 = CARTESIAN_POINT ( 'NONE',  ( 6.850000000000000533, 6.599999999999999645, -2.100000000000000089 ) ) ;
#1549 = ORIENTED_EDGE ( 'NONE', *, *, #211, .T. ) ;
#1550 = ORIENTED_EDGE ( 'NONE', *, *, #288, .F. ) ;
#1551 = DIRECTION ( 'NONE',  ( -0.008726203243944226015, 0.9999238504775704861, -0.008726203243944226015 ) ) ;
#1552 = LINE ( 'NONE', #3593, #1553 ) ;
#1553 = VECTOR ( 'NONE', #527, 1000.000000000000000 ) ;
#1554 = AXIS2_PLACEMENT_3D ( 'NONE', #3500, #3114, #1060 ) ;
#1555 = ORIENTED_EDGE ( 'NONE', *, *, #1655, .F. ) ;
#1556 = DIRECTION ( 'NONE',  ( 1.014973643126989991E-29, 0.000000000000000000, 1.000000000000000000 ) ) ;
#1557 = LINE ( 'NONE', #1895, #777 ) ;
#1558 = VERTEX_POINT ( 'NONE', #1831 ) ;
#1559 = VECTOR ( 'NONE', #2275, 1000.000000000000000 ) ;
#1560 = ORIENTED_EDGE ( 'NONE', *, *, #2992, .F. ) ;
#1561 = DIRECTION ( 'NONE',  ( 1.000000000000000000, -3.531817991034325100E-30, -1.475249124944287038E-29 ) ) ;
#1562 = CARTESIAN_POINT ( 'NONE',  ( -4.209999999999999964, 0.3587110094031937813, 4.947144704467943299 ) ) ;
#1563 = ADVANCED_FACE ( 'NONE', ( #2453 ), #2162, .T. ) ;
#1564 = LINE ( 'NONE', #2928, #478 ) ;
#1565 = EDGE_CURVE ( 'NONE', #2344, #3190, #1951, .T. ) ;
#1566 = ADVANCED_FACE ( 'NONE', ( #1158 ), #445, .F. ) ;
#1567 = DIRECTION ( 'NONE',  ( 0.000000000000000000, 1.000000000000000000, 0.000000000000000000 ) ) ;
#1568 = ORIENTED_EDGE ( 'NONE', *, *, #3922, .T. ) ;
#1569 = LINE ( 'NONE', #2221, #3970 ) ;
#1570 = ORIENTED_EDGE ( 'NONE', *, *, #828, .F. ) ;
#1571 = ORIENTED_EDGE ( 'NONE', *, *, #1119, .F. ) ;
#1572 = CIRCLE ( 'NONE', #1650, 0.2999999999999999889 ) ;
#1573 = CIRCLE ( 'NONE', #2926, 0.3000000000000003775 ) ;
#1574 = DIRECTION ( 'NONE',  ( 1.000000000000000000, -3.531817991034325100E-30, -5.546981613096929443E-30 ) ) ;
#1575 = CARTESIAN_POINT ( 'NONE',  ( -3.609999999999999876, 2.391911860886269725, 3.557800634534129980 ) ) ;
#1576 = DIRECTION ( 'NONE',  ( -1.014973643126989991E-29, 9.408669700213189370E-17, -1.000000000000000000 ) ) ;
#1577 = ORIENTED_EDGE ( 'NONE', *, *, #4304, .T. ) ;
#1578 = VERTEX_POINT ( 'NONE', #131 ) ;
#1579 = DIRECTION ( 'NONE',  ( 4.681010421875320110E-31, -1.000000000000000000, -4.751102201406201882E-60 ) ) ;
#1580 = DIRECTION ( 'NONE',  ( 1.000000000000000000, 0.000000000000000000, -1.014973643126989991E-29 ) ) ;
#1581 = VERTEX_POINT ( 'NONE', #2139 ) ;
#1582 = EDGE_CURVE ( 'NONE', #2068, #893, #85, .T. ) ;
#1583 = AXIS2_PLACEMENT_3D ( 'NONE', #46, #2144, #428 ) ;
#1584 = ORIENTED_EDGE ( 'NONE', *, *, #1355, .F. ) ;
#1585 = ADVANCED_FACE ( 'NONE', ( #1425 ), #3892, .T. ) ;
#1586 = ORIENTED_EDGE ( 'NONE', *, *, #1543, .F. ) ;
#1587 = PLANE ( 'NONE',  #2327 ) ;
#1588 = CARTESIAN_POINT ( 'NONE',  ( 3.710000000000000409, 0.1313175063982882640, 4.772659532721202247 ) ) ;
#1589 = CARTESIAN_POINT ( 'NONE',  ( -3.609999999999999876, 2.391911860886269725, -3.557800634534129980 ) ) ;
#1590 = CARTESIAN_POINT ( 'NONE',  ( -6.239964102040629790, 1.950000000000000178, -3.589964102040629879 ) ) ;
#1591 = ORIENTED_EDGE ( 'NONE', *, *, #2496, .T. ) ;
#1592 = AXIS2_PLACEMENT_3D ( 'NONE', #758, #3802, #731 ) ;
#1593 = LINE ( 'NONE', #2914, #4114 ) ;
#1594 = VERTEX_POINT ( 'NONE', #3126 ) ;
#1595 = ORIENTED_EDGE ( 'NONE', *, *, #3626, .F. ) ;
#1596 = ADVANCED_FACE ( 'NONE', ( #2788 ), #3469, .T. ) ;
#1597 = CARTESIAN_POINT ( 'NONE',  ( -5.750000000000000000, 0.3499999999999999778, 3.100000000000000089 ) ) ;
#1598 = PLANE ( 'NONE',  #1414 ) ;
#1599 = DIRECTION ( 'NONE',  ( -1.000000000000000000, 0.000000000000000000, 1.014973643126989991E-29 ) ) ;
#1600 = ORIENTED_EDGE ( 'NONE', *, *, #514, .F. ) ;
#1601 = EDGE_CURVE ( 'NONE', #4028, #2676, #3146, .T. ) ;
#1602 = AXIS2_PLACEMENT_3D ( 'NONE', #352, #2087, #2802 ) ;
#1603 = EDGE_CURVE ( 'NONE', #4072, #1418, #3490, .T. ) ;
#1604 = VECTOR ( 'NONE', #880, 1000.000000000000000 ) ;
#1605 = ORIENTED_EDGE ( 'NONE', *, *, #2689, .T. ) ;
#1606 = LINE ( 'NONE', #2968, #656 ) ;
#1607 = AXIS2_PLACEMENT_3D ( 'NONE', #3215, #3198, #781 ) ;
#1608 = ORIENTED_EDGE ( 'NONE', *, *, #2689, .F. ) ;
#1609 = AXIS2_PLACEMENT_3D ( 'NONE', #2147, #1055, #1746 ) ;
#1610 = EDGE_LOOP ( 'NONE', ( #2069, #3998, #4275, #42 ) ) ;
#1611 = ORIENTED_EDGE ( 'NONE', *, *, #4071, .T. ) ;
#1612 = CARTESIAN_POINT ( 'NONE',  ( -4.209999999999999964, 0.5065052716392820509, -4.843658047946089340 ) ) ;
#1613 = AXIS2_PLACEMENT_3D ( 'NONE', #3278, #471, #957 ) ;
#1614 = ADVANCED_FACE ( 'NONE', ( #2516 ), #1135, .T. ) ;
#1615 = DIRECTION ( 'NONE',  ( 9.088370851094219738E-30, 0.000000000000000000, 1.000000000000000000 ) ) ;
#1616 = VECTOR ( 'NONE', #1879, 1000.000000000000114 ) ;
#1617 = DIRECTION ( 'NONE',  ( -2.029947286253979982E-29, 0.000000000000000000, -1.000000000000000000 ) ) ;
#1618 = DIRECTION ( 'NONE',  ( 1.014973643126989991E-29, 0.000000000000000000, 1.000000000000000000 ) ) ;
#1619 = ORIENTED_EDGE ( 'NONE', *, *, #1876, .F. ) ;
#1620 = LINE ( 'NONE', #2980, #2887 ) ;
#1621 = VECTOR ( 'NONE', #4148, 1000.000000000000000 ) ;
#1622 = EDGE_LOOP ( 'NONE', ( #3533, #2246, #2223, #2220 ) ) ;
#1623 = ORIENTED_EDGE ( 'NONE', *, *, #1543, .T. ) ;
#1624 = DIRECTION ( 'NONE',  ( 1.014973643126989991E-29, -9.408669700213189370E-17, 1.000000000000000000 ) ) ;
#1625 = LINE ( 'NONE', #3663, #2842 ) ;
#1626 = DIRECTION ( 'NONE',  ( 1.014973643126989991E-29, 0.000000000000000000, 1.000000000000000000 ) ) ;
#1627 = VERTEX_POINT ( 'NONE', #1424 ) ;
#1628 = ORIENTED_EDGE ( 'NONE', *, *, #800, .T. ) ;
#1629 = CARTESIAN_POINT ( 'NONE',  ( 1.712500000000000133, 7.200000000000000178, 3.553589838486220120 ) ) ;
#1630 = VERTEX_POINT ( 'NONE', #3848 ) ;
#1631 = ORIENTED_EDGE ( 'NONE', *, *, #2157, .T. ) ;
#1632 = AXIS2_PLACEMENT_3D ( 'NONE', #3233, #1285, #171 ) ;
#1633 = ORIENTED_EDGE ( 'NONE', *, *, #3742, .F. ) ;
#1634 = DIRECTION ( 'NONE',  ( 3.052084608322652108E-30, 0.9537169507482271547, 0.3007057995042720644 ) ) ;
#1635 = DIRECTION ( 'NONE',  ( -4.681010421875320110E-31, 1.000000000000000000, 4.751102201406201882E-60 ) ) ;
#1636 = EDGE_CURVE ( 'NONE', #1630, #3407, #104, .T. ) ;
#1637 = CARTESIAN_POINT ( 'NONE',  ( -1.070000000000000062, 3.949999999999999734, 3.149999999999999911 ) ) ;
#1638 = FACE_OUTER_BOUND ( 'NONE', #3958, .T. ) ;
#1639 = ORIENTED_EDGE ( 'NONE', *, *, #489, .T. ) ;
#1640 = CARTESIAN_POINT ( 'NONE',  ( 4.009999999999999787, 2.391911860886269725, 3.557800634534129980 ) ) ;
#1641 = EDGE_CURVE ( 'NONE', #2088, #3494, #2161, .T. ) ;
#1642 = ORIENTED_EDGE ( 'NONE', *, *, #3265, .T. ) ;
#1643 = ORIENTED_EDGE ( 'NONE', *, *, #4233, .T. ) ;
#1644 = CARTESIAN_POINT ( 'NONE',  ( -4.209999999999999964, 1.199999999999999956, 3.149999999999999911 ) ) ;
#1645 = CARTESIAN_POINT ( 'NONE',  ( -3.910000000000000142, 0.7102117398512820534, -4.485841490192609804 ) ) ;
#1646 = EDGE_CURVE ( 'NONE', #4077, #1308, #2836, .T. ) ;
#1647 = CARTESIAN_POINT ( 'NONE',  ( -1.070000000000000062, 0.5676618435584670497, 5.107478318675999773 ) ) ;
#1648 = ORIENTED_EDGE ( 'NONE', *, *, #2894, .T. ) ;
#1649 = EDGE_LOOP ( 'NONE', ( #2266, #4246, #3261, #1691 ) ) ;
#1650 = AXIS2_PLACEMENT_3D ( 'NONE', #1067, #2807, #2515 ) ;
#1651 = FACE_BOUND ( 'NONE', #1823, .T. ) ;
#1652 = VERTEX_POINT ( 'NONE', #1447 ) ;
#1653 = EDGE_CURVE ( 'NONE', #1897, #1308, #3891, .T. ) ;
#1654 = VECTOR ( 'NONE', #2491, 1000.000000000000000 ) ;
#1655 = EDGE_CURVE ( 'NONE', #2876, #3983, #3534, .T. ) ;
#1656 = EDGE_LOOP ( 'NONE', ( #3472, #3257, #58, #2132 ) ) ;
#1657 = CARTESIAN_POINT ( 'NONE',  ( 4.009999999999999787, 1.199999999999999956, 4.221723315055990078 ) ) ;
#1658 = FACE_BOUND ( 'NONE', #939, .T. ) ;
#1659 = DIRECTION ( 'NONE',  ( -2.029947286253979982E-29, 0.000000000000000000, -1.000000000000000000 ) ) ;
#1660 = LINE ( 'NONE', #1995, #3750 ) ;
#1661 = ORIENTED_EDGE ( 'NONE', *, *, #3158, .F. ) ;
#1662 = VERTEX_POINT ( 'NONE', #422 ) ;
#1663 = VERTEX_POINT ( 'NONE', #1805 ) ;
#1664 = CARTESIAN_POINT ( 'NONE',  ( -3.609999999999999876, 1.199999999999999956, 4.221723315055990078 ) ) ;
#1665 = PLANE ( 'NONE',  #1913 ) ;
#1666 = CARTESIAN_POINT ( 'NONE',  ( -4.209999999999999964, 1.199999999999999956, -4.221723315055990078 ) ) ;
#1667 = DIRECTION ( 'NONE',  ( 0.000000000000000000, 0.8064446042674814352, 0.5913096483635837952 ) ) ;
#1668 = ORIENTED_EDGE ( 'NONE', *, *, #3710, .F. ) ;
#1669 = ORIENTED_EDGE ( 'NONE', *, *, #1501, .T. ) ;
#1670 = CYLINDRICAL_SURFACE ( 'NONE', #572, 0.5500000000000002665 ) ;
#1671 = ORIENTED_EDGE ( 'NONE', *, *, #426, .T. ) ;
#1672 = VECTOR ( 'NONE', #3226, 1000.000000000000114 ) ;
#1673 = VECTOR ( 'NONE', #2504, 1000.000000000000000 ) ;
#1674 = AXIS2_PLACEMENT_3D ( 'NONE', #4181, #3863, #1778 ) ;
#1675 = ORIENTED_EDGE ( 'NONE', *, *, #1923, .T. ) ;
#1676 = PLANE ( 'NONE',  #1685 ) ;
#1677 = PLANE ( 'NONE',  #157 ) ;
#1678 = AXIS2_PLACEMENT_3D ( 'NONE', #2084, #4133, #432 ) ;
#1679 = LINE ( 'NONE', #1013, #3762 ) ;
#1680 =( NAMED_UNIT ( * ) SI_UNIT ( $, .STERADIAN. ) SOLID_ANGLE_UNIT ( ) );
#1681 = CYLINDRICAL_SURFACE ( 'NONE', #2027, 0.5500000000000002665 ) ;
#1682 = ORIENTED_EDGE ( 'NONE', *, *, #813, .F. ) ;
#1683 = CARTESIAN_POINT ( 'NONE',  ( 3.409999999999999698, 0.01818532168844502403, 5.083487655625070545 ) ) ;
#1684 = CARTESIAN_POINT ( 'NONE',  ( -1.670000000000000151, 0.6199999999999999956, 4.199726404968139981 ) ) ;
#1685 = AXIS2_PLACEMENT_3D ( 'NONE', #2455, #20, #733 ) ;
#1686 = LINE ( 'NONE', #3986, #2133 ) ;
#1687 = DIRECTION ( 'NONE',  ( 1.000000000000000000, 0.000000000000000000, -1.014973643126989991E-29 ) ) ;
#1688 = DIRECTION ( 'NONE',  ( -9.679975680128922934E-30, -0.3007057995042720644, -0.9537169507482272657 ) ) ;
#1689 = DIRECTION ( 'NONE',  ( -1.014007613118478321E-29, 0.04361938736533689520, -0.9990482215818576872 ) ) ;
#1690 = ORIENTED_EDGE ( 'NONE', *, *, #1007, .F. ) ;
#1691 = ORIENTED_EDGE ( 'NONE', *, *, #3290, .T. ) ;
#1692 = ADVANCED_FACE ( 'NONE', ( #3468 ), #2119, .T. ) ;
#1693 = DIRECTION ( 'NONE',  ( 0.000000000000000000, -0.7933533402912337218, 0.6087614290087224322 ) ) ;
#1694 = ORIENTED_EDGE ( 'NONE', *, *, #2117, .T. ) ;
#1695 = LINE ( 'NONE', #941, #3981 ) ;
#1696 = AXIS2_PLACEMENT_3D ( 'NONE', #1302, #2692, #3409 ) ;
#1697 = CARTESIAN_POINT ( 'NONE',  ( -3.425000000000000266, 6.599999999999999645, -4.200000000000000178 ) ) ;
#1698 = CARTESIAN_POINT ( 'NONE',  ( -3.910000000000000142, 5.849999999999999645, -3.149999999999999911 ) ) ;
#1699 = CARTESIAN_POINT ( 'NONE',  ( -3.609999999999999876, 0.6499999999999930278, -4.221723315055990078 ) ) ;
#1700 = EDGE_LOOP ( 'NONE', ( #2284, #647, #34, #224 ) ) ;
#1701 = CARTESIAN_POINT ( 'NONE',  ( -6.250000000000000000, 0.2999999999999999889, 3.100000000000000089 ) ) ;
#1702 = VECTOR ( 'NONE', #531, 1000.000000000000000 ) ;
#1703 = ORIENTED_EDGE ( 'NONE', *, *, #1967, .T. ) ;
#1704 = EDGE_CURVE ( 'NONE', #2610, #997, #3511, .T. ) ;
#1705 = ADVANCED_FACE ( 'NONE', ( #3145 ), #130, .T. ) ;
#1706 = CARTESIAN_POINT ( 'NONE',  ( 4.009999999999999787, 0.2802667518457296891, -5.500000000000000000 ) ) ;
#1707 = CARTESIAN_POINT ( 'NONE',  ( 4.009999999999999787, 0.2802667518457296891, -5.500000000000000000 ) ) ;
#1708 = EDGE_CURVE ( 'NONE', #4367, #1931, #581, .T. ) ;
#1709 = CARTESIAN_POINT ( 'NONE',  ( 4.009999999999999787, 1.199999999999999956, -4.200000000000000178 ) ) ;
#1710 = CARTESIAN_POINT ( 'NONE',  ( 6.406255922059780339, 3.949999999999999734, 3.671255922059779575 ) ) ;
#1711 = ORIENTED_EDGE ( 'NONE', *, *, #986, .T. ) ;
#1712 = ORIENTED_EDGE ( 'NONE', *, *, #451, .T. ) ;
#1713 = CARTESIAN_POINT ( 'NONE',  ( -3.609999999999999876, 0.9200000000000000400, -2.870000000000000107 ) ) ;
#1714 = AXIS2_PLACEMENT_3D ( 'NONE', #3799, #1804, #1491 ) ;
#1715 = EDGE_LOOP ( 'NONE', ( #2696, #3142, #4009, #906 ) ) ;
#1716 = LINE ( 'NONE', #1376, #2325 ) ;
#1717 = FACE_OUTER_BOUND ( 'NONE', #981, .T. ) ;
#1718 = DIRECTION ( 'NONE',  ( 1.014007613118478321E-29, -0.04361938736533689520, 0.9990482215818576872 ) ) ;
#1719 = DIRECTION ( 'NONE',  ( 0.000000000000000000, 0.9999995840233949496, 0.0009121145964618532177 ) ) ;
#1720 = ORIENTED_EDGE ( 'NONE', *, *, #4260, .T. ) ;
#1721 = DIRECTION ( 'NONE',  ( -2.029947286253979982E-29, 0.000000000000000000, -1.000000000000000000 ) ) ;
#1722 = AXIS2_PLACEMENT_3D ( 'NONE', #4211, #829, #2185 ) ;
#1723 = DIRECTION ( 'NONE',  ( 1.000000000000000000, -3.547290346654140064E-30, -5.311842837370049895E-30 ) ) ;
#1724 = CARTESIAN_POINT ( 'NONE',  ( -6.356255922059779628, 3.949999999999999734, 1.787500000000000089 ) ) ;
#1725 = DIRECTION ( 'NONE',  ( 1.014007613118478321E-29, 0.04361938736533688826, 0.9990482215818576872 ) ) ;
#1726 = CARTESIAN_POINT ( 'NONE',  ( 4.009999999999999787, 0.03498376480335903260, -4.698740052942419254 ) ) ;
#1727 = ORIENTED_EDGE ( 'NONE', *, *, #1498, .F. ) ;
#1728 = DIRECTION ( 'NONE',  ( 0.000000000000000000, 0.8064446042674814352, -0.5913096483635837952 ) ) ;
#1729 = ADVANCED_FACE ( 'NONE', ( #2856 ), #2878, .T. ) ;
#1730 = VERTEX_POINT ( 'NONE', #2138 ) ;
#1731 = EDGE_CURVE ( 'NONE', #2638, #3027, #2494, .T. ) ;
#1732 = EDGE_CURVE ( 'NONE', #2166, #120, #2010, .T. ) ;
#1733 = VERTEX_POINT ( 'NONE', #1850 ) ;
#1734 = DIRECTION ( 'NONE',  ( -1.000000000000000000, 0.000000000000000000, 1.014973643126989991E-29 ) ) ;
#1735 = ADVANCED_FACE ( 'NONE', ( #1157 ), #1113, .F. ) ;
#1736 = AXIS2_PLACEMENT_3D ( 'NONE', #1540, #1792, #2546 ) ;
#1737 = EDGE_CURVE ( 'NONE', #263, #4150, #3125, .T. ) ;
#1738 = ORIENTED_EDGE ( 'NONE', *, *, #750, .T. ) ;
#1739 = CARTESIAN_POINT ( 'NONE',  ( -4.209999999999999964, 0.2802667518457296891, 5.500000000000000000 ) ) ;
#1740 = ORIENTED_EDGE ( 'NONE', *, *, #4033, .T. ) ;
#1741 = LINE ( 'NONE', #3759, #2577 ) ;
#1742 = CIRCLE ( 'NONE', #2671, 0.5500000000000002665 ) ;
#1743 = COLOUR_RGB ( '',0.7529411764705882248, 0.7529411764705882248, 0.7529411764705882248 ) ;
#1744 = CARTESIAN_POINT ( 'NONE',  ( -3.910000000000000142, 0.6199999999999999956, 4.199726404968139981 ) ) ;
#1745 = AXIS2_PLACEMENT_3D ( 'NONE', #4197, #449, #4239 ) ;
#1746 = DIRECTION ( 'NONE',  ( 0.000000000000000000, -0.7933533402912337218, -0.6087614290087224322 ) ) ;
#1747 = ORIENTED_EDGE ( 'NONE', *, *, #718, .T. ) ;
#1748 = EDGE_CURVE ( 'NONE', #1281, #3893, #2474, .T. ) ;
#1749 = SURFACE_STYLE_FILL_AREA ( #3446 ) ;
#1750 = FACE_OUTER_BOUND ( 'NONE', #3201, .T. ) ;
#1751 = CARTESIAN_POINT ( 'NONE',  ( -3.609999999999999876, 0.000000000000000000, 5.500000000000000000 ) ) ;
#1752 = PLANE ( 'NONE',  #3486 ) ;
#1753 = CARTESIAN_POINT ( 'NONE',  ( 3.409999999999999698, 0.9200000000000000400, -2.870000000000000107 ) ) ;
#1754 = ORIENTED_EDGE ( 'NONE', *, *, #4122, .F. ) ;
#1755 = CARTESIAN_POINT ( 'NONE',  ( 3.180000000000000160, 3.949999999999999734, 3.671255922059779575 ) ) ;
#1756 = ORIENTED_EDGE ( 'NONE', *, *, #644, .T. ) ;
#1757 = STYLED_ITEM ( 'NONE', ( #1050 ), #3696 ) ;
#1758 = CARTESIAN_POINT ( 'NONE',  ( 3.710000000000000409, 0.2802667518457296891, 5.500000000000000000 ) ) ;
#1759 = VECTOR ( 'NONE', #1275, 1000.000000000000000 ) ;
#1760 = DIRECTION ( 'NONE',  ( 0.000000000000000000, -1.000000000000000000, -0.000000000000000000 ) ) ;
#1761 = EDGE_CURVE ( 'NONE', #2640, #3038, #912, .T. ) ;
#1762 = DIRECTION ( 'NONE',  ( 0.000000000000000000, 0.8064446042674811022, 0.5913096483635842393 ) ) ;
#1763 = CARTESIAN_POINT ( 'NONE',  ( 3.710000000000000409, 0.2802667518457296891, -5.500000000000000000 ) ) ;
#1764 = ORIENTED_EDGE ( 'NONE', *, *, #4369, .T. ) ;
#1765 = CARTESIAN_POINT ( 'NONE',  ( -4.209999999999999964, 1.199999999999999956, -3.149999999999999911 ) ) ;
#1766 = ORIENTED_EDGE ( 'NONE', *, *, #1082, .T. ) ;
#1767 = CARTESIAN_POINT ( 'NONE',  ( 3.409999999999999698, 5.849999999999999645, 2.870000000000000107 ) ) ;
#1768 = DIRECTION ( 'NONE',  ( 0.000000000000000000, 0.8064446042674811022, -0.5913096483635842393 ) ) ;
#1769 = DIRECTION ( 'NONE',  ( -6.058317784877738483E-46, 1.000000000000000000, -5.968940992608359498E-17 ) ) ;
#1770 = AXIS2_PLACEMENT_3D ( 'NONE', #2758, #3427, #390 ) ;
#1771 = CARTESIAN_POINT ( 'NONE',  ( -3.609999999999999876, 0.5676618435584670497, -5.107478318675999773 ) ) ;
#1772 = EDGE_CURVE ( 'NONE', #1405, #747, #83, .T. ) ;
#1773 = CARTESIAN_POINT ( 'NONE',  ( -1.070000000000000062, 0.1313175063982884860, 4.772659532721202247 ) ) ;
#1774 = FACE_OUTER_BOUND ( 'NONE', #1622, .T. ) ;
#1775 = EDGE_CURVE ( 'NONE', #1863, #1405, #2274, .T. ) ;
#1776 = CARTESIAN_POINT ( 'NONE',  ( 3.409999999999999698, 0.2802667518457296891, -5.500000000000000000 ) ) ;
#1777 = ORIENTED_EDGE ( 'NONE', *, *, #1781, .F. ) ;
#1778 = DIRECTION ( 'NONE',  ( 9.088370851094219738E-30, 0.000000000000000000, 1.000000000000000000 ) ) ;
#1779 = ORIENTED_EDGE ( 'NONE', *, *, #1846, .F. ) ;
#1780 = DIRECTION ( 'NONE',  ( 1.014973643126989991E-29, 9.408669700213189370E-17, 1.000000000000000000 ) ) ;
#1781 = EDGE_CURVE ( 'NONE', #4370, #1426, #1939, .T. ) ;
#1782 = CARTESIAN_POINT ( 'NONE',  ( -3.609999999999999876, 0.6199999999999999956, -4.199726404968139981 ) ) ;
#1783 = CARTESIAN_POINT ( 'NONE',  ( -3.910000000000000142, 0.1313175063982882640, 4.772659532721202247 ) ) ;
#1784 = CARTESIAN_POINT ( 'NONE',  ( 6.503589838486229624, 7.200000000000000178, -2.100000000000000089 ) ) ;
#1785 = VERTEX_POINT ( 'NONE', #1220 ) ;
#1786 = DIRECTION ( 'NONE',  ( -6.058317784877738483E-46, 1.000000000000000000, -5.968940992608359498E-17 ) ) ;
#1787 = EDGE_LOOP ( 'NONE', ( #1941, #3680, #4360, #3809 ) ) ;
#1788 = LINE ( 'NONE', #2814, #368 ) ;
#1789 = EDGE_CURVE ( 'NONE', #1418, #547, #2585, .T. ) ;
#1790 = CIRCLE ( 'NONE', #4300, 0.5500000000000003775 ) ;
#1791 = EDGE_CURVE ( 'NONE', #237, #2998, #2154, .T. ) ;
#1792 = DIRECTION ( 'NONE',  ( 0.8660254037844387076, 0.4999999999999998890, -8.789929591196142814E-30 ) ) ;
#1793 = CARTESIAN_POINT ( 'NONE',  ( -4.209999999999999964, 0.000000000000000000, 5.500000000000000000 ) ) ;
#1794 = DIRECTION ( 'NONE',  ( 1.014973643126989991E-29, 0.000000000000000000, 1.000000000000000000 ) ) ;
#1795 = ADVANCED_FACE ( 'NONE', ( #4278 ), #3667, .T. ) ;
#1796 = FACE_OUTER_BOUND ( 'NONE', #3396, .T. ) ;
#1797 = CARTESIAN_POINT ( 'NONE',  ( -4.209999999999999964, 3.949999999999999734, 1.574999999999999956 ) ) ;
#1798 = VECTOR ( 'NONE', #1406, 1000.000000000000000 ) ;
#1799 = CARTESIAN_POINT ( 'NONE',  ( -3.910000000000000142, 0.5967170114905639977, -5.129773133170560051 ) ) ;
#1800 = ORIENTED_EDGE ( 'NONE', *, *, #3378, .T. ) ;
#1801 = CARTESIAN_POINT ( 'NONE',  ( 5.728242183450939606, 8.542941532050498665, 1.227546873380379822 ) ) ;
#1802 = EDGE_LOOP ( 'NONE', ( #1199, #2300, #279, #1875, #2311, #2346, #701, #809, #39, #820, #2487, #3623, #949, #3975 ) ) ;
#1803 = CARTESIAN_POINT ( 'NONE',  ( -5.249999999999999112, 0.3499999999999999778, 3.100000000000000089 ) ) ;
#1804 = DIRECTION ( 'NONE',  ( 1.000000000000000000, -3.391264237944545229E-31, -1.059169459135973194E-29 ) ) ;
#1805 = CARTESIAN_POINT ( 'NONE',  ( -3.609999999999999876, 1.199999999999999956, 4.200000000000000178 ) ) ;
#1806 = CARTESIAN_POINT ( 'NONE',  ( 3.710000000000000409, 0.6499999999999930278, 4.221723315055990078 ) ) ;
#1807 = ORIENTED_EDGE ( 'NONE', *, *, #4097, .F. ) ;
#1808 = CARTESIAN_POINT ( 'NONE',  ( -1.070000000000000062, 0.9199998752429049409, 4.200000000000000178 ) ) ;
#1809 = ORIENTED_EDGE ( 'NONE', *, *, #3338, .T. ) ;
#1810 = DIRECTION ( 'NONE',  ( 0.000000000000000000, 0.000000000000000000, 1.000000000000000000 ) ) ;
#1811 = CYLINDRICAL_SURFACE ( 'NONE', #1745, 0.3000000000000003775 ) ;
#1812 = PLANE ( 'NONE',  #1312 ) ;
#1813 = PLANE ( 'NONE',  #3829 ) ;
#1814 = CIRCLE ( 'NONE', #742, 0.4999999999999995559 ) ;
#1815 = AXIS2_PLACEMENT_3D ( 'NONE', #3069, #4132, #1721 ) ;
#1816 = DIRECTION ( 'NONE',  ( 0.000000000000000000, -0.7933533402912337218, -0.6087614290087224322 ) ) ;
#1817 = DIRECTION ( 'NONE',  ( 1.000000000000000000, 0.000000000000000000, -1.014973643126989991E-29 ) ) ;
#1818 = DIRECTION ( 'NONE',  ( 1.000000000000000000, -3.531817991034325100E-30, -5.546981613096929443E-30 ) ) ;
#1819 = AXIS2_PLACEMENT_3D ( 'NONE', #3404, #3765, #2306 ) ;
#1820 = ORIENTED_EDGE ( 'NONE', *, *, #1846, .T. ) ;
#1821 = VECTOR ( 'NONE', #3928, 1000.000000000000000 ) ;
#1822 = CARTESIAN_POINT ( 'NONE',  ( 6.503589838486229624, 7.200000000000000178, -3.853589838486219943 ) ) ;
#1823 = EDGE_LOOP ( 'NONE', ( #4312, #4182, #2575, #512 ) ) ;
#1824 = CARTESIAN_POINT ( 'NONE',  ( -3.609999999999999876, 1.199999999999999956, -3.149999999999999911 ) ) ;
#1825 = CARTESIAN_POINT ( 'NONE',  ( -1.670000000000000151, 0.4022736538311170729, 4.582933995764480350 ) ) ;
#1826 = VECTOR ( 'NONE', #1367, 1000.000000000000114 ) ;
#1827 = PRODUCT ( 'tes1-single_3d-drawing', 'tes1-single_3d-drawing', '', ( #2731 ) ) ;
#1828 = EDGE_CURVE ( 'NONE', #1594, #2610, #375, .T. ) ;
#1829 = AXIS2_PLACEMENT_3D ( 'NONE', #2567, #3920, #836 ) ;
#1830 = CARTESIAN_POINT ( 'NONE',  ( -3.910000000000000142, 1.199999999999999956, 3.149999999999999911 ) ) ;
#1831 = CARTESIAN_POINT ( 'NONE',  ( -3.609999999999999876, 0.2970025450160062030, -5.116687316960959464 ) ) ;
#1832 = VERTEX_POINT ( 'NONE', #847 ) ;
#1833 = DIRECTION ( 'NONE',  ( -6.058317784877738483E-46, -1.000000000000000000, -5.968940992608359498E-17 ) ) ;
#1834 = CIRCLE ( 'NONE', #2403, 0.5500000000000003775 ) ;
#1835 = ORIENTED_EDGE ( 'NONE', *, *, #27, .T. ) ;
#1836 = DIRECTION ( 'NONE',  ( 0.000000000000000000, -1.000000000000000000, -0.000000000000000000 ) ) ;
#1837 = CARTESIAN_POINT ( 'NONE',  ( 3.710000000000000409, 0.7102117398512820534, -4.485841490192609804 ) ) ;
#1838 = FACE_OUTER_BOUND ( 'NONE', #1171, .T. ) ;
#1839 = DIRECTION ( 'NONE',  ( 1.014973643126989991E-29, 0.000000000000000000, 1.000000000000000000 ) ) ;
#1840 = LINE ( 'NONE', #3549, #2101 ) ;
#1841 = ORIENTED_EDGE ( 'NONE', *, *, #4319, .T. ) ;
#1842 = DIRECTION ( 'NONE',  ( -3.052084608322652108E-30, -0.9537169507482271547, -0.3007057995042720644 ) ) ;
#1843 = VECTOR ( 'NONE', #1484, 1000.000000000000000 ) ;
#1844 = ORIENTED_EDGE ( 'NONE', *, *, #4302, .F. ) ;
#1845 = CARTESIAN_POINT ( 'NONE',  ( -3.609999999999999876, 0.3061653321695956831, -4.906824988224970596 ) ) ;
#1846 = EDGE_CURVE ( 'NONE', #662, #3234, #1242, .T. ) ;
#1847 = EDGE_CURVE ( 'NONE', #4131, #1630, #1156, .T. ) ;
#1848 = DIRECTION ( 'NONE',  ( 1.000000000000000000, 0.000000000000000000, -1.014973643126989991E-29 ) ) ;
#1849 = VERTEX_POINT ( 'NONE', #3304 ) ;
#1850 = CARTESIAN_POINT ( 'NONE',  ( 3.409999999999999698, 0.7102117398512820534, -4.485841490192609804 ) ) ;
#1851 = FACE_OUTER_BOUND ( 'NONE', #4380, .T. ) ;
#1852 = VERTEX_POINT ( 'NONE', #3620 ) ;
#1853 = VERTEX_POINT ( 'NONE', #4008 ) ;
#1854 = CARTESIAN_POINT ( 'NONE',  ( 4.009999999999999787, 3.949999999999999734, -1.574999999999999956 ) ) ;
#1855 = LINE ( 'NONE', #3284, #112 ) ;
#1856 = LINE ( 'NONE', #2171, #2508 ) ;
#1857 = AXIS2_PLACEMENT_3D ( 'NONE', #1175, #1574, #2936 ) ;
#1858 = CARTESIAN_POINT ( 'NONE',  ( 6.850000000000000533, 1.950000000000000178, 4.200000000000000178 ) ) ;
#1859 = CARTESIAN_POINT ( 'NONE',  ( -3.910000000000000142, 5.849999999999999645, -2.870000000000000107 ) ) ;
#1860 = ORIENTED_EDGE ( 'NONE', *, *, #2118, .T. ) ;
#1861 = CARTESIAN_POINT ( 'NONE',  ( -4.209999999999999964, 0.4022736538311170729, 4.582933995764480350 ) ) ;
#1862 = ORIENTED_EDGE ( 'NONE', *, *, #2719, .T. ) ;
#1863 = VERTEX_POINT ( 'NONE', #509 ) ;
#1864 = AXIS2_PLACEMENT_3D ( 'NONE', #3420, #1071, #361 ) ;
#1865 = LINE ( 'NONE', #1911, #507 ) ;
#1866 = EDGE_CURVE ( 'NONE', #936, #4052, #1606, .T. ) ;
#1867 = EDGE_CURVE ( 'NONE', #3633, #4045, #1267, .T. ) ;
#1868 = EDGE_CURVE ( 'NONE', #1126, #3250, #3938, .T. ) ;
#1869 = EDGE_CURVE ( 'NONE', #1663, #770, #888, .T. ) ;
#1870 = ORIENTED_EDGE ( 'NONE', *, *, #3924, .T. ) ;
#1871 = EDGE_CURVE ( 'NONE', #785, #2307, #3236, .T. ) ;
#1872 = DIRECTION ( 'NONE',  ( 3.697149189837210119E-30, -1.000000000000000000, -3.752508982393072855E-59 ) ) ;
#1873 = DIRECTION ( 'NONE',  ( -1.000000000000000000, 0.000000000000000000, 0.000000000000000000 ) ) ;
#1874 = EDGE_CURVE ( 'NONE', #2073, #2813, #304, .T. ) ;
#1875 = ORIENTED_EDGE ( 'NONE', *, *, #4109, .F. ) ;
#1876 = EDGE_CURVE ( 'NONE', #4227, #4032, #553, .T. ) ;
#1877 = ORIENTED_EDGE ( 'NONE', *, *, #4260, .F. ) ;
#1878 = CARTESIAN_POINT ( 'NONE',  ( -1.369999999999999885, 1.199999999999999956, 4.625000000000000000 ) ) ;
#1879 = DIRECTION ( 'NONE',  ( 1.014007613118478321E-29, -0.04361938736533689520, 0.9990482215818576872 ) ) ;
#1880 = CARTESIAN_POINT ( 'NONE',  ( -1.070000000000000062, 0.000000000000000000, 5.500000000000000000 ) ) ;
#1881 = CARTESIAN_POINT ( 'NONE',  ( -1.670000000000000151, 5.849999999999999645, 3.149999999999999911 ) ) ;
#1882 = CARTESIAN_POINT ( 'NONE',  ( -3.910000000000000142, 5.849999999999999645, 3.149999999999999911 ) ) ;
#1883 = ORIENTED_EDGE ( 'NONE', *, *, #2832, .T. ) ;
#1884 = LINE ( 'NONE', #607, #825 ) ;
#1885 = AXIS2_PLACEMENT_3D ( 'NONE', #979, #1022, #3031 ) ;
#1886 = VERTEX_POINT ( 'NONE', #2941 ) ;
#1887 = ORIENTED_EDGE ( 'NONE', *, *, #3378, .F. ) ;
#1888 = AXIS2_PLACEMENT_3D ( 'NONE', #694, #1975, #1719 ) ;
#1889 = AXIS2_PLACEMENT_3D ( 'NONE', #1193, #2553, #859 ) ;
#1890 = LINE ( 'NONE', #4315, #2642 ) ;
#1891 = DIRECTION ( 'NONE',  ( 0.000000000000000000, -1.000000000000000000, -0.000000000000000000 ) ) ;
#1892 = ORIENTED_EDGE ( 'NONE', *, *, #3369, .F. ) ;
#1893 = VECTOR ( 'NONE', #3136, 1000.000000000000000 ) ;
#1894 = CARTESIAN_POINT ( 'NONE',  ( -4.209999999999999964, 1.199999999999999956, 4.625000000000000000 ) ) ;
#1895 = CARTESIAN_POINT ( 'NONE',  ( -6.441166051916209945, 1.950000000000000178, 1.812500000000000000 ) ) ;
#1896 = ORIENTED_EDGE ( 'NONE', *, *, #1737, .T. ) ;
#1897 = VERTEX_POINT ( 'NONE', #2607 ) ;
#1898 = VECTOR ( 'NONE', #3514, 1000.000000000000000 ) ;
#1899 = ADVANCED_FACE ( 'NONE', ( #3985 ), #3078, .F. ) ;
#1900 = EDGE_CURVE ( 'NONE', #3622, #65, #286, .T. ) ;
#1901 = DIRECTION ( 'NONE',  ( 1.014973643126989991E-29, -9.408669700213189370E-17, 1.000000000000000000 ) ) ;
#1902 = CARTESIAN_POINT ( 'NONE',  ( 4.009999999999999787, 0.5676618435584670497, -5.107478318675999773 ) ) ;
#1903 = CYLINDRICAL_SURFACE ( 'NONE', #802, 0.3000000000000003775 ) ;
#1904 = FACE_OUTER_BOUND ( 'NONE', #2295, .T. ) ;
#1905 = DIRECTION ( 'NONE',  ( 1.000000000000000000, 0.000000000000000000, -1.014973643126989991E-29 ) ) ;
#1906 = VERTEX_POINT ( 'NONE', #3016 ) ;
#1907 = CYLINDRICAL_SURFACE ( 'NONE', #1464, 0.2999999999999999889 ) ;
#1908 = EDGE_LOOP ( 'NONE', ( #3912, #3973, #1844, #3953 ) ) ;
#1909 = VERTEX_POINT ( 'NONE', #3354 ) ;
#1910 = EDGE_CURVE ( 'NONE', #1730, #2768, #1943, .T. ) ;
#1911 = CARTESIAN_POINT ( 'NONE',  ( -5.379999999999999893, 1.199999999999999956, -4.200000000000000178 ) ) ;
#1912 = DIRECTION ( 'NONE',  ( 1.000000000000000000, 0.000000000000000000, -1.014973643126989991E-29 ) ) ;
#1913 = AXIS2_PLACEMENT_3D ( 'NONE', #2338, #3725, #1955 ) ;
#1914 = DIRECTION ( 'NONE',  ( 3.062684205862398453E-16, 0.000000000000000000, -1.000000000000000000 ) ) ;
#1915 = ORIENTED_EDGE ( 'NONE', *, *, #1930, .F. ) ;
#1916 = CARTESIAN_POINT ( 'NONE',  ( 3.409999999999999698, 1.370955930443130022, -4.200000000000000178 ) ) ;
#1917 = CARTESIAN_POINT ( 'NONE',  ( -1.369999999999999885, 0.3587110094031937813, 4.947144704467943299 ) ) ;
#1918 = ORIENTED_EDGE ( 'NONE', *, *, #2050, .F. ) ;
#1919 = VECTOR ( 'NONE', #1345, 1000.000000000000114 ) ;
#1920 = ORIENTED_EDGE ( 'NONE', *, *, #2869, .T. ) ;
#1921 = CARTESIAN_POINT ( 'NONE',  ( 3.409999999999999698, 0.2802667518457296891, 5.500000000000000000 ) ) ;
#1922 = DIRECTION ( 'NONE',  ( 1.000000000000000000, 0.000000000000000000, -1.014973643126989991E-29 ) ) ;
#1923 = EDGE_CURVE ( 'NONE', #747, #4056, #2649, .T. ) ;
#1924 = CARTESIAN_POINT ( 'NONE',  ( -3.609999999999999876, 5.849999999999999645, 3.149999999999999911 ) ) ;
#1925 = CARTESIAN_POINT ( 'NONE',  ( 5.280000000000000249, 0.9200000000000000400, 4.200000000000000178 ) ) ;
#1926 = EDGE_LOOP ( 'NONE', ( #3739, #2630, #2574, #2513 ) ) ;
#1927 = EDGE_CURVE ( 'NONE', #3283, #860, #3375, .T. ) ;
#1928 = CARTESIAN_POINT ( 'NONE',  ( -4.209999999999999964, 0.03498376480335903260, -4.698740052942419254 ) ) ;
#1929 = ORIENTED_EDGE ( 'NONE', *, *, #4258, .T. ) ;
#1930 = EDGE_CURVE ( 'NONE', #2307, #1298, #16, .T. ) ;
#1931 = VERTEX_POINT ( 'NONE', #1370 ) ;
#1932 = CIRCLE ( 'NONE', #2428, 0.2999999999999999889 ) ;
#1933 = AXIS2_PLACEMENT_3D ( 'NONE', #3923, #856, #519 ) ;
#1934 = DIRECTION ( 'NONE',  ( 1.963703293328869839E-32, 1.000000000000000000, 1.113877062083030565E-48 ) ) ;
#1935 = DIRECTION ( 'NONE',  ( 0.000000000000000000, 0.000000000000000000, 1.000000000000000000 ) ) ;
#1936 = DIRECTION ( 'NONE',  ( 1.000000000000000000, 0.000000000000000000, -1.014973643126989991E-29 ) ) ;
#1937 = ORIENTED_EDGE ( 'NONE', *, *, #4397, .T. ) ;
#1938 = ORIENTED_EDGE ( 'NONE', *, *, #3328, .T. ) ;
#1939 = LINE ( 'NONE', #196, #4307 ) ;
#1940 = PLANE ( 'NONE',  #3855 ) ;
#1941 = ORIENTED_EDGE ( 'NONE', *, *, #1052, .F. ) ;
#1942 = AXIS2_PLACEMENT_3D ( 'NONE', #2527, #182, #161 ) ;
#1943 = CIRCLE ( 'NONE', #2794, 0.2999999999999999889 ) ;
#1944 = EDGE_LOOP ( 'NONE', ( #1619, #45, #1920, #270, #167, #2433, #2243, #3453, #3594, #3353, #1979, #3741, #881, #2222, #222 ) ) ;
#1945 = VERTEX_POINT ( 'NONE', #961 ) ;
#1946 = CARTESIAN_POINT ( 'NONE',  ( -3.910000000000000142, 5.849999999999999645, 3.149999999999999911 ) ) ;
#1947 = FACE_OUTER_BOUND ( 'NONE', #3303, .T. ) ;
#1948 = CARTESIAN_POINT ( 'NONE',  ( 3.710000000000000409, 0.01818532168844502403, -5.083487655625070545 ) ) ;
#1949 = FACE_BOUND ( 'NONE', #3826, .T. ) ;
#1950 = ORIENTED_EDGE ( 'NONE', *, *, #4390, .F. ) ;
#1951 = CIRCLE ( 'NONE', #2746, 0.5500000000000003775 ) ;
#1952 = DIRECTION ( 'NONE',  ( -1.014973643126989991E-29, 0.000000000000000000, -1.000000000000000000 ) ) ;
#1953 = ORIENTED_EDGE ( 'NONE', *, *, #1866, .F. ) ;
#1954 = ORIENTED_EDGE ( 'NONE', *, *, #3382, .F. ) ;
#1955 = DIRECTION ( 'NONE',  ( -1.000000000000000000, 0.000000000000000000, 1.014973643126989991E-29 ) ) ;
#1956 = CARTESIAN_POINT ( 'NONE',  ( -6.239964102040629790, 1.950000000000000178, 3.589964102040629879 ) ) ;
#1957 = LINE ( 'NONE', #3326, #685 ) ;
#1958 = ORIENTED_EDGE ( 'NONE', *, *, #1304, .T. ) ;
#1959 = AXIS2_PLACEMENT_3D ( 'NONE', #2509, #4224, #1149 ) ;
#1960 = VECTOR ( 'NONE', #2619, 1000.000000000000000 ) ;
#1961 = VERTEX_POINT ( 'NONE', #2049 ) ;
#1962 = DIRECTION ( 'NONE',  ( -1.000000000000000000, 3.547290346654140064E-30, 1.498763002516974923E-29 ) ) ;
#1963 = VECTOR ( 'NONE', #1493, 1000.000000000000000 ) ;
#1964 = ORIENTED_EDGE ( 'NONE', *, *, #2521, .T. ) ;
#1965 = ORIENTED_EDGE ( 'NONE', *, *, #4109, .T. ) ;
#1966 = EDGE_CURVE ( 'NONE', #1308, #3983, #2511, .T. ) ;
#1967 = EDGE_CURVE ( 'NONE', #122, #2771, #312, .T. ) ;
#1968 = ORIENTED_EDGE ( 'NONE', *, *, #1775, .F. ) ;
#1969 = FACE_OUTER_BOUND ( 'NONE', #3302, .T. ) ;
#1970 = VECTOR ( 'NONE', #1626, 1000.000000000000000 ) ;
#1971 = CARTESIAN_POINT ( 'NONE',  ( -6.441166051916209945, 1.950000000000000178, 3.706166051916210069 ) ) ;
#1972 = VECTOR ( 'NONE', #4101, 1000.000000000000000 ) ;
#1973 = ADVANCED_FACE ( 'NONE', ( #336, #3416, #1005, #377, #1651, #2320, #1026 ), #3776, .T. ) ;
#1974 = DIRECTION ( 'NONE',  ( -1.000000000000000000, 3.424510003532624963E-31, 1.061678066473567980E-29 ) ) ;
#1975 = DIRECTION ( 'NONE',  ( 1.000000000000000000, -9.254643043720539883E-33, -3.380666442639716050E-33 ) ) ;
#1976 = ORIENTED_EDGE ( 'NONE', *, *, #1003, .T. ) ;
#1977 = DIRECTION ( 'NONE',  ( 1.014007613118478321E-29, -0.04361938736533728378, 0.9990482215818576872 ) ) ;
#1978 = ORIENTED_EDGE ( 'NONE', *, *, #1433, .T. ) ;
#1979 = ORIENTED_EDGE ( 'NONE', *, *, #4434, .T. ) ;
#1980 = LINE ( 'NONE', #4111, #491 ) ;
#1981 = PLANE ( 'NONE',  #1885 ) ;
#1982 = LINE ( 'NONE', #4383, #183 ) ;
#1983 = ORIENTED_EDGE ( 'NONE', *, *, #2118, .F. ) ;
#1984 = EDGE_CURVE ( 'NONE', #3665, #3025, #624, .T. ) ;
#1985 = ADVANCED_FACE ( 'NONE', ( #2361 ), #1309, .T. ) ;
#1986 = ORIENTED_EDGE ( 'NONE', *, *, #1446, .F. ) ;
#1987 = DIRECTION ( 'NONE',  ( -1.014976292883141448E-29, 0.000000000000000000, -1.000000000000000000 ) ) ;
#1988 = AXIS2_PLACEMENT_3D ( 'NONE', #162, #3586, #1524 ) ;
#1989 = ORIENTED_EDGE ( 'NONE', *, *, #488, .T. ) ;
#1990 = VECTOR ( 'NONE', #3348, 1000.000000000000114 ) ;
#1991 = ORIENTED_EDGE ( 'NONE', *, *, #4286, .T. ) ;
#1992 = CARTESIAN_POINT ( 'NONE',  ( -3.910000000000000142, 0.01818532168844502403, -5.083487655625070545 ) ) ;
#1993 = CARTESIAN_POINT ( 'NONE',  ( -6.250000000000000000, 1.949956211523800054, -3.589964484176869863 ) ) ;
#1994 = CARTESIAN_POINT ( 'NONE',  ( -3.609999999999999876, 1.370955930443130022, -4.200000000000000178 ) ) ;
#1995 = CARTESIAN_POINT ( 'NONE',  ( -6.440025189313920428, 2.015359974711349977, -3.705025189313919665 ) ) ;
#1996 = VERTEX_POINT ( 'NONE', #642 ) ;
#1997 = DIRECTION ( 'NONE',  ( 1.000000000000000000, -3.547290346654140064E-30, -1.498763002516974923E-29 ) ) ;
#1998 = ORIENTED_EDGE ( 'NONE', *, *, #3832, .F. ) ;
#1999 = EDGE_LOOP ( 'NONE', ( #3941, #3874, #1209, #525, #3059, #1694, #1333, #2199, #4280, #2187, #322, #2970, #1929, #2559, #1320 ) ) ;
#2000 = LINE ( 'NONE', #4361, #4143 ) ;
#2001 = CARTESIAN_POINT ( 'NONE',  ( 1.712500000000000133, 6.940192378864669998, 4.003589838486230512 ) ) ;
#2002 = LINE ( 'NONE', #4138, #2821 ) ;
#2003 = ORIENTED_EDGE ( 'NONE', *, *, #205, .T. ) ;
#2004 = ORIENTED_EDGE ( 'NONE', *, *, #2869, .F. ) ;
#2005 = DIRECTION ( 'NONE',  ( 1.014973643126989991E-29, 0.000000000000000000, 1.000000000000000000 ) ) ;
#2006 = ORIENTED_EDGE ( 'NONE', *, *, #3933, .F. ) ;
#2007 = ADVANCED_FACE ( 'NONE', ( #3039 ), #4054, .T. ) ;
#2008 = EDGE_CURVE ( 'NONE', #1025, #3295, #3732, .T. ) ;
#2009 = AXIS2_PLACEMENT_3D ( 'NONE', #3150, #2434, #1810 ) ;
#2010 = CIRCLE ( 'NONE', #803, 0.2999999999999999334 ) ;
#2011 = EDGE_LOOP ( 'NONE', ( #3654, #1300, #3641, #3590 ) ) ;
#2012 = DIRECTION ( 'NONE',  ( 5.074868215634948554E-30, 0.8660254037844387076, 0.4999999999999998890 ) ) ;
#2013 = LINE ( 'NONE', #1697, #2650 ) ;
#2014 = DIRECTION ( 'NONE',  ( 1.000000000000000000, 0.000000000000000000, -1.014973643126989991E-29 ) ) ;
#2015 = DIRECTION ( 'NONE',  ( -1.000000000000000000, 0.000000000000000000, 1.014973643126989991E-29 ) ) ;
#2016 = VERTEX_POINT ( 'NONE', #2024 ) ;
#2017 = EDGE_LOOP ( 'NONE', ( #3017, #1167, #2700, #2006 ) ) ;
#2018 = LINE ( 'NONE', #2691, #1343 ) ;
#2019 = DIRECTION ( 'NONE',  ( -9.679975680128922934E-30, 0.3007057995042720644, -0.9537169507482272657 ) ) ;
#2020 = CARTESIAN_POINT ( 'NONE',  ( -3.850000000000000089, 6.599999999999999645, 1.199999999999999956 ) ) ;
#2021 = CARTESIAN_POINT ( 'NONE',  ( -3.910000000000000142, 0.5676618435584670497, -5.107478318675999773 ) ) ;
#2022 = EDGE_LOOP ( 'NONE', ( #1915, #2160, #3864, #2255 ) ) ;
#2023 = ORIENTED_EDGE ( 'NONE', *, *, #4288, .T. ) ;
#2024 = CARTESIAN_POINT ( 'NONE',  ( -4.209999999999999964, 0.8619333812802444372, -4.377119299477215009 ) ) ;
#2025 = EDGE_LOOP ( 'NONE', ( #4250, #1841, #2360, #1420 ) ) ;
#2026 = CIRCLE ( 'NONE', #1099, 0.5500000000000002665 ) ;
#2027 = AXIS2_PLACEMENT_3D ( 'NONE', #2637, #4016, #3676 ) ;
#2028 = VECTOR ( 'NONE', #1057, 1000.000000000000000 ) ;
#2029 = ORIENTED_EDGE ( 'NONE', *, *, #3329, .F. ) ;
#2030 = CARTESIAN_POINT ( 'NONE',  ( 5.280000000000000249, 0.6200001247929820547, 4.199726365621060609 ) ) ;
#2031 = ADVANCED_FACE ( 'NONE', ( #4096 ), #1670, .T. ) ;
#2032 = CARTESIAN_POINT ( 'NONE',  ( -3.910000000000000142, 1.093544532347108023, 4.546943621655961110 ) ) ;
#2033 = ADVANCED_FACE ( 'NONE', ( #40 ), #1423, .F. ) ;
#2034 = EDGE_CURVE ( 'NONE', #2944, #4411, #3821, .T. ) ;
#2035 = AXIS2_PLACEMENT_3D ( 'NONE', #3181, #3447, #3858 ) ;
#2036 = AXIS2_PLACEMENT_3D ( 'NONE', #4296, #4342, #1914 ) ;
#2037 = CARTESIAN_POINT ( 'NONE',  ( -3.910000000000000142, 0.6199999999999999956, -4.199726404968139981 ) ) ;
#2038 = CARTESIAN_POINT ( 'NONE',  ( -1.070000000000000062, 4.450000000000000178, 2.870000000000000107 ) ) ;
#2039 = VERTEX_POINT ( 'NONE', #754 ) ;
#2040 = ORIENTED_EDGE ( 'NONE', *, *, #4122, .T. ) ;
#2041 = VECTOR ( 'NONE', #2974, 1000.000000000000000 ) ;
#2042 = CARTESIAN_POINT ( 'NONE',  ( -1.670000000000000151, 4.450000000000000178, -3.149999999999999911 ) ) ;
#2043 = DIRECTION ( 'NONE',  ( 1.000000000000000000, 0.000000000000000000, -1.014973643126989991E-29 ) ) ;
#2044 = DIRECTION ( 'NONE',  ( -3.697149189837210119E-30, 1.000000000000000000, 3.752508982393072855E-59 ) ) ;
#2045 = AXIS2_PLACEMENT_3D ( 'NONE', #1380, #1430, #2795 ) ;
#2046 = DIRECTION ( 'NONE',  ( -1.000000000000000000, 0.000000000000000000, 1.014973643126989991E-29 ) ) ;
#2047 = ORIENTED_EDGE ( 'NONE', *, *, #2107, .T. ) ;
#2048 = ORIENTED_EDGE ( 'NONE', *, *, #4263, .T. ) ;
#2049 = CARTESIAN_POINT ( 'NONE',  ( -4.349999999999999645, 6.599999999999999645, 1.199999999999999956 ) ) ;
#2050 = EDGE_CURVE ( 'NONE', #3622, #2490, #3144, .T. ) ;
#2051 = ORIENTED_EDGE ( 'NONE', *, *, #2896, .F. ) ;
#2052 = CARTESIAN_POINT ( 'NONE',  ( -1.670000000000000151, 0.5967170114905639977, 5.129773133170560051 ) ) ;
#2053 = VECTOR ( 'NONE', #999, 1000.000000000000000 ) ;
#2054 = DIRECTION ( 'NONE',  ( 0.000000000000000000, -0.7933533402912337218, -0.6087614290087224322 ) ) ;
#2055 = CARTESIAN_POINT ( 'NONE',  ( -1.670000000000000151, 5.849999999999999645, 2.870000000000000107 ) ) ;
#2056 = CARTESIAN_POINT ( 'NONE',  ( 6.250000000000000000, 1.949956211523800054, 3.589964484176869863 ) ) ;
#2057 = EDGE_LOOP ( 'NONE', ( #3334, #2838, #1835, #378 ) ) ;
#2058 = DIRECTION ( 'NONE',  ( -3.052084608322652108E-30, 0.9537169507482271547, -0.3007057995042720644 ) ) ;
#2059 = EDGE_CURVE ( 'NONE', #3669, #1412, #81, .T. ) ;
#2060 = LINE ( 'NONE', #2128, #734 ) ;
#2061 = DIRECTION ( 'NONE',  ( 1.014007613118478321E-29, -0.04361938736533728378, 0.9990482215818576872 ) ) ;
#2062 = EDGE_CURVE ( 'NONE', #662, #2946, #1131, .T. ) ;
#2063 = CARTESIAN_POINT ( 'NONE',  ( -3.910000000000000142, 0.3587110094031937813, 4.947144704467943299 ) ) ;
#2064 = DIRECTION ( 'NONE',  ( 1.000000000000000000, 0.000000000000000000, -1.014973643126989991E-29 ) ) ;
#2065 = ORIENTED_EDGE ( 'NONE', *, *, #3930, .F. ) ;
#2066 = EDGE_CURVE ( 'NONE', #1375, #1594, #2143, .T. ) ;
#2067 = DIRECTION ( 'NONE',  ( 1.000000000000000000, -3.547290346654140064E-30, -1.498763002516974923E-29 ) ) ;
#2068 = VERTEX_POINT ( 'NONE', #1825 ) ;
#2069 = ORIENTED_EDGE ( 'NONE', *, *, #3794, .F. ) ;
#2070 = DIRECTION ( 'NONE',  ( -1.142846965504326407E-45, -1.000000000000000000, -1.125986840390630024E-16 ) ) ;
#2071 = AXIS2_PLACEMENT_3D ( 'NONE', #1782, #3485, #1090 ) ;
#2072 = EDGE_CURVE ( 'NONE', #4227, #3749, #2426, .T. ) ;
#2073 = VERTEX_POINT ( 'NONE', #1445 ) ;
#2074 = CARTESIAN_POINT ( 'NONE',  ( -6.850000000000000533, 1.950000000000000178, 4.200000000000000178 ) ) ;
#2075 = EDGE_LOOP ( 'NONE', ( #2766, #1368, #703, #1363 ) ) ;
#2076 = CARTESIAN_POINT ( 'NONE',  ( -1.670000000000000151, 0.5676618435584670497, 5.107478318675999773 ) ) ;
#2077 = AXIS2_PLACEMENT_3D ( 'NONE', #3192, #3120, #2450 ) ;
#2078 = LINE ( 'NONE', #1339, #1621 ) ;
#2079 = LINE ( 'NONE', #3444, #1103 ) ;
#2080 = ORIENTED_EDGE ( 'NONE', *, *, #619, .T. ) ;
#2081 = DIRECTION ( 'NONE',  ( 1.000000000000000000, 0.000000000000000000, -1.014973643126989991E-29 ) ) ;
#2082 = AXIS2_PLACEMENT_3D ( 'NONE', #3717, #3674, #4391 ) ;
#2083 = AXIS2_PLACEMENT_3D ( 'NONE', #3961, #2231, #2253 ) ;
#2084 = CARTESIAN_POINT ( 'NONE',  ( 3.710000000000000409, 5.849999999999999645, 2.870000000000000107 ) ) ;
#2085 = CARTESIAN_POINT ( 'NONE',  ( -1.670000000000000151, 0.7102117398512820534, 4.485841490192609804 ) ) ;
#2086 = CARTESIAN_POINT ( 'NONE',  ( 4.009999999999999787, 0.000000000000000000, 5.500000000000000000 ) ) ;
#2087 = DIRECTION ( 'NONE',  ( 1.000000000000000000, -3.531817991034325100E-30, -5.546981613096929443E-30 ) ) ;
#2088 = VERTEX_POINT ( 'NONE', #2854 ) ;
#2089 = CARTESIAN_POINT ( 'NONE',  ( -3.609999999999999876, 0.1313175063982884860, 4.772659532721202247 ) ) ;
#2090 = VERTEX_POINT ( 'NONE', #4229 ) ;
#2091 = DIRECTION ( 'NONE',  ( 3.062684205862398453E-16, 0.000000000000000000, -1.000000000000000000 ) ) ;
#2092 = CARTESIAN_POINT ( 'NONE',  ( -5.473935935394489860, 8.983412874366477396, 2.823935935394489949 ) ) ;
#2093 = DIRECTION ( 'NONE',  ( 1.000000000000000000, 0.000000000000000000, -1.014973643126989991E-29 ) ) ;
#2094 = DIRECTION ( 'NONE',  ( 0.000000000000000000, -0.7933533402912337218, -0.6087614290087224322 ) ) ;
#2095 = ORIENTED_EDGE ( 'NONE', *, *, #3377, .F. ) ;
#2096 = CARTESIAN_POINT ( 'NONE',  ( 6.850000000000000533, 6.599999999999999645, -4.200000000000000178 ) ) ;
#2097 = EDGE_CURVE ( 'NONE', #1134, #610, #4372, .T. ) ;
#2098 = ORIENTED_EDGE ( 'NONE', *, *, #205, .F. ) ;
#2099 = DIRECTION ( 'NONE',  ( 0.000000000000000000, -1.000000000000000000, -0.000000000000000000 ) ) ;
#2100 = EDGE_CURVE ( 'NONE', #2347, #210, #776, .T. ) ;
#2101 = VECTOR ( 'NONE', #3503, 1000.000000000000000 ) ;
#2102 = VECTOR ( 'NONE', #4245, 1000.000000000000114 ) ;
#2103 = CYLINDRICAL_SURFACE ( 'NONE', #337, 0.3000000000000003775 ) ;
#2104 = DIRECTION ( 'NONE',  ( 1.000000000000000000, 4.681010421875320110E-31, -9.088370851094219738E-30 ) ) ;
#2105 = ORIENTED_EDGE ( 'NONE', *, *, #3598, .F. ) ;
#2106 = CARTESIAN_POINT ( 'NONE',  ( -4.209999999999999964, 5.849999999999999645, 2.870000000000000107 ) ) ;
#2107 = EDGE_CURVE ( 'NONE', #547, #2603, #421, .T. ) ;
#2108 = DIRECTION ( 'NONE',  ( 0.000000000000000000, -1.000000000000000000, 0.000000000000000000 ) ) ;
#2109 = DIRECTION ( 'NONE',  ( 1.014973643126989991E-29, 0.000000000000000000, 1.000000000000000000 ) ) ;
#2110 = CYLINDRICAL_SURFACE ( 'NONE', #393, 0.2999999999999999889 ) ;
#2111 = ORIENTED_EDGE ( 'NONE', *, *, #3760, .T. ) ;
#2112 = CARTESIAN_POINT ( 'NONE',  ( 3.409999999999999698, 4.450000000000000178, -3.149999999999999911 ) ) ;
#2113 = ORIENTED_EDGE ( 'NONE', *, *, #3328, .F. ) ;
#2114 = AXIS2_PLACEMENT_3D ( 'NONE', #2422, #3795, #1667 ) ;
#2115 = LINE ( 'NONE', #2424, #1292 ) ;
#2116 = DIRECTION ( 'NONE',  ( 1.000000000000000000, 0.000000000000000000, -1.014973643126989991E-29 ) ) ;
#2117 = EDGE_CURVE ( 'NONE', #3562, #374, #1572, .T. ) ;
#2118 = EDGE_CURVE ( 'NONE', #397, #2789, #1503, .T. ) ;
#2119 = PLANE ( 'NONE',  #1440 ) ;
#2120 = DIRECTION ( 'NONE',  ( -1.000000000000000000, 0.000000000000000000, 1.014973643126989991E-29 ) ) ;
#2121 = EDGE_LOOP ( 'NONE', ( #1779, #3003, #2627, #2023 ) ) ;
#2122 = CARTESIAN_POINT ( 'NONE',  ( 4.009999999999999787, 1.199999999999999956, -4.221723315055990078 ) ) ;
#2123 = ORIENTED_EDGE ( 'NONE', *, *, #4071, .F. ) ;
#2124 = CARTESIAN_POINT ( 'NONE',  ( -3.910000000000000142, 0.5967170114905639977, 5.129773133170560051 ) ) ;
#2125 = AXIS2_PLACEMENT_3D ( 'NONE', #1388, #2823, #1725 ) ;
#2126 = DIRECTION ( 'NONE',  ( 0.008726203243944226015, 0.9999238504775704861, -0.008726203243944226015 ) ) ;
#2127 = CARTESIAN_POINT ( 'NONE',  ( -6.850000000000000533, 1.950000000000000178, 4.200000000000000178 ) ) ;
#2128 = CARTESIAN_POINT ( 'NONE',  ( 3.409999999999999698, 3.949999999999999734, -1.435000000000000053 ) ) ;
#2129 = CYLINDRICAL_SURFACE ( 'NONE', #60, 0.3000000000000003775 ) ;
#2130 = CARTESIAN_POINT ( 'NONE',  ( 3.710000000000000409, 0.1313175063982882640, -4.772659532721202247 ) ) ;
#2131 = CARTESIAN_POINT ( 'NONE',  ( 4.009999999999999787, 0.5967170114905639977, 5.129773133170560051 ) ) ;
#2132 = ORIENTED_EDGE ( 'NONE', *, *, #985, .T. ) ;
#2133 = VECTOR ( 'NONE', #3237, 1000.000000000000000 ) ;
#2134 = LINE ( 'NONE', #2112, #2460 ) ;
#2135 = VERTEX_POINT ( 'NONE', #490 ) ;
#2136 = FACE_OUTER_BOUND ( 'NONE', #879, .T. ) ;
#2137 = CARTESIAN_POINT ( 'NONE',  ( -6.222510366459109932, 3.949999999999999734, -3.572510366459110021 ) ) ;
#2138 = CARTESIAN_POINT ( 'NONE',  ( -1.070000000000000062, 0.2970025450160062030, 5.116687316960959464 ) ) ;
#2139 = CARTESIAN_POINT ( 'NONE',  ( -1.070000000000000062, 0.7102117398512820534, 4.485841490192609804 ) ) ;
#2140 = ORIENTED_EDGE ( 'NONE', *, *, #1828, .F. ) ;
#2141 = DIRECTION ( 'NONE',  ( -1.000000000000000000, 0.000000000000000000, 1.014973643126989991E-29 ) ) ;
#2142 = ORIENTED_EDGE ( 'NONE', *, *, #1868, .F. ) ;
#2143 = CIRCLE ( 'NONE', #2071, 0.3000000000000003775 ) ;
#2144 = DIRECTION ( 'NONE',  ( -1.000000000000000000, 3.547290346654140064E-30, 1.498763002516974923E-29 ) ) ;
#2145 = AXIS2_PLACEMENT_3D ( 'NONE', #924, #1974, #3341 ) ;
#2146 = CARTESIAN_POINT ( 'NONE',  ( 3.710000000000000409, 0.5065052716392820509, 4.843658047946089340 ) ) ;
#2147 = CARTESIAN_POINT ( 'NONE',  ( 3.710000000000000409, 0.5676618435584670497, 5.107478318675999773 ) ) ;
#2148 = FACE_OUTER_BOUND ( 'NONE', #1463, .T. ) ;
#2149 = LINE ( 'NONE', #1881, #2568 ) ;
#2150 = DIRECTION ( 'NONE',  ( -1.000000000000000000, 0.000000000000000000, 1.014973643126989991E-29 ) ) ;
#2151 = VECTOR ( 'NONE', #603, 1000.000000000000114 ) ;
#2152 = CARTESIAN_POINT ( 'NONE',  ( -3.609999999999999876, 0.5065052716392820509, -4.843658047946089340 ) ) ;
#2153 = ORIENTED_EDGE ( 'NONE', *, *, #2756, .F. ) ;
#2154 = CIRCLE ( 'NONE', #2299, 0.2999999999999999889 ) ;
#2155 = CARTESIAN_POINT ( 'NONE',  ( -3.609999999999999876, 5.849999999999999645, -3.149999999999999911 ) ) ;
#2156 = VERTEX_POINT ( 'NONE', #2137 ) ;
#2157 = EDGE_CURVE ( 'NONE', #4086, #1244, #3508, .T. ) ;
#2158 = LINE ( 'NONE', #1130, #1654 ) ;
#2159 = DIRECTION ( 'NONE',  ( 1.014973643126989991E-29, 0.000000000000000000, 1.000000000000000000 ) ) ;
#2160 = ORIENTED_EDGE ( 'NONE', *, *, #3085, .F. ) ;
#2161 = LINE ( 'NONE', #3197, #22 ) ;
#2162 = PLANE ( 'NONE',  #3093 ) ;
#2164 = ORIENTED_EDGE ( 'NONE', *, *, #3020, .F. ) ;
#2163 = VECTOR ( 'NONE', #3220, 1000.000000000000000 ) ;
#2165 = DIRECTION ( 'NONE',  ( -1.000000000000000000, 3.531817991034325100E-30, 5.546981613096929443E-30 ) ) ;
#2166 = VERTEX_POINT ( 'NONE', #441 ) ;
#2167 = DIRECTION ( 'NONE',  ( -1.014973643126989991E-29, 0.000000000000000000, -1.000000000000000000 ) ) ;
#2168 = CARTESIAN_POINT ( 'NONE',  ( -3.609999999999999876, 5.849999999999999645, 3.149999999999999911 ) ) ;
#2169 = EDGE_CURVE ( 'NONE', #357, #4356, #2183, .T. ) ;
#2170 = EDGE_CURVE ( 'NONE', #1478, #2454, #62, .T. ) ;
#2171 = CARTESIAN_POINT ( 'NONE',  ( -1.369999999999999885, 5.849999999999999645, -3.149999999999999911 ) ) ;
#2172 = EDGE_CURVE ( 'NONE', #1931, #3646, #1429, .T. ) ;
#2173 = VECTOR ( 'NONE', #857, 1000.000000000000000 ) ;
#2174 = VECTOR ( 'NONE', #3344, 1000.000000000000000 ) ;
#2175 = CARTESIAN_POINT ( 'NONE',  ( -4.209999999999999964, 0.6199999999999999956, -4.199726404968139981 ) ) ;
#2176 = PLANE ( 'NONE',  #1128 ) ;
#2177 = DIRECTION ( 'NONE',  ( 0.000000000000000000, -0.7933533402912337218, -0.6087614290087224322 ) ) ;
#2178 = VECTOR ( 'NONE', #2482, 1000.000000000000114 ) ;
#2179 = ORIENTED_EDGE ( 'NONE', *, *, #3574, .T. ) ;
#2180 = CARTESIAN_POINT ( 'NONE',  ( -4.209999999999999964, 1.199999999999999956, -4.625000000000000000 ) ) ;
#2181 = ORIENTED_EDGE ( 'NONE', *, *, #2066, .F. ) ;
#2182 = CARTESIAN_POINT ( 'NONE',  ( -4.209999999999999964, 0.2970025450160062030, -5.116687316960959464 ) ) ;
#2183 = LINE ( 'NONE', #1397, #3007 ) ;
#2184 = VECTOR ( 'NONE', #2613, 1000.000000000000000 ) ;
#2185 = DIRECTION ( 'NONE',  ( 0.000000000000000000, 0.8064446042674814352, -0.5913096483635837952 ) ) ;
#2186 = LINE ( 'NONE', #1763, #3467 ) ;
#2187 = ORIENTED_EDGE ( 'NONE', *, *, #1641, .T. ) ;
#2188 = CIRCLE ( 'NONE', #2258, 0.5000000000000004441 ) ;
#2189 = ORIENTED_EDGE ( 'NONE', *, *, #1871, .F. ) ;
#2190 = DIRECTION ( 'NONE',  ( -1.014973643126989991E-29, 0.000000000000000000, -1.000000000000000000 ) ) ;
#2191 = CARTESIAN_POINT ( 'NONE',  ( 4.009999999999999787, 3.949999999999999734, 1.435000000000000053 ) ) ;
#2192 = DIRECTION ( 'NONE',  ( 3.052084608322652108E-30, -0.9537169507482271547, 0.3007057995042720644 ) ) ;
#2193 = ADVANCED_FACE ( 'NONE', ( #3532 ), #3100, .T. ) ;
#2194 = EDGE_CURVE ( 'NONE', #3371, #134, #3167, .T. ) ;
#2195 = LINE ( 'NONE', #3547, #1411 ) ;
#2196 = EDGE_CURVE ( 'NONE', #2981, #3562, #3934, .T. ) ;
#2197 = EDGE_CURVE ( 'NONE', #2603, #4072, #1890, .T. ) ;
#2198 = DIRECTION ( 'NONE',  ( 1.014973643126989991E-29, 5.968940992608359498E-17, 1.000000000000000000 ) ) ;
#2199 = ORIENTED_EDGE ( 'NONE', *, *, #265, .T. ) ;
#2200 = LINE ( 'NONE', #2489, #177 ) ;
#2201 = AXIS2_PLACEMENT_3D ( 'NONE', #1416, #793, #4154 ) ;
#2202 = ORIENTED_EDGE ( 'NONE', *, *, #3818, .F. ) ;
#2203 = EDGE_CURVE ( 'NONE', #1594, #2016, #170, .T. ) ;
#2204 = ORIENTED_EDGE ( 'NONE', *, *, #2034, .T. ) ;
#2205 = EDGE_CURVE ( 'NONE', #1852, #4146, #930, .T. ) ;
#2206 = EDGE_CURVE ( 'NONE', #2316, #2554, #1233, .T. ) ;
#2207 = CARTESIAN_POINT ( 'NONE',  ( -3.910000000000000142, 0.5065052716392820509, -4.843658047946089340 ) ) ;
#2208 = ORIENTED_EDGE ( 'NONE', *, *, #2833, .F. ) ;
#2209 = CARTESIAN_POINT ( 'NONE',  ( -3.609999999999999876, 1.370955930443130022, 4.200000000000000178 ) ) ;
#2210 = CARTESIAN_POINT ( 'NONE',  ( -3.850000000000000089, 7.200000000000000178, 1.199999999999999956 ) ) ;
#2211 = ORIENTED_EDGE ( 'NONE', *, *, #2656, .T. ) ;
#2212 = VERTEX_POINT ( 'NONE', #1511 ) ;
#2213 = ADVANCED_FACE ( 'NONE', ( #4294, #2580 ), #3638, .F. ) ;
#2214 = FACE_OUTER_BOUND ( 'NONE', #4156, .T. ) ;
#2215 = DIRECTION ( 'NONE',  ( -1.000000000000000000, 3.547290346654140064E-30, 5.311842837370049895E-30 ) ) ;
#2216 = DIRECTION ( 'NONE',  ( 0.000000000000000000, -0.7933533402912341659, 0.6087614290087219882 ) ) ;
#2217 = CIRCLE ( 'NONE', #1857, 0.2999999999999999889 ) ;
#2218 = PLANE ( 'NONE',  #1933 ) ;
#2219 = CARTESIAN_POINT ( 'NONE',  ( 3.710000000000000409, 5.849999999999999645, -2.870000000000000107 ) ) ;
#2220 = ORIENTED_EDGE ( 'NONE', *, *, #1077, .T. ) ;
#2221 = CARTESIAN_POINT ( 'NONE',  ( 3.409999999999999698, 1.370955930443130022, 4.200000000000000178 ) ) ;
#2222 = ORIENTED_EDGE ( 'NONE', *, *, #1422, .T. ) ;
#2223 = ORIENTED_EDGE ( 'NONE', *, *, #3693, .T. ) ;
#2224 = VECTOR ( 'NONE', #3176, 1000.000000000000000 ) ;
#2225 = AXIS2_PLACEMENT_3D ( 'NONE', #3577, #1962, #2628 ) ;
#2226 = CYLINDRICAL_SURFACE ( 'NONE', #712, 0.5000000000000004441 ) ;
#2227 = DIRECTION ( 'NONE',  ( 1.000000000000000000, 0.000000000000000000, -1.014935221662793238E-29 ) ) ;
#2228 = ADVANCED_FACE ( 'NONE', ( #3299 ), #2226, .F. ) ;
#2229 = ORIENTED_EDGE ( 'NONE', *, *, #2832, .F. ) ;
#2230 = EDGE_CURVE ( 'NONE', #4180, #4273, #1932, .T. ) ;
#2231 = DIRECTION ( 'NONE',  ( -1.000000000000000000, 3.531817991034325100E-30, 5.546981613096929443E-30 ) ) ;
#2232 = CARTESIAN_POINT ( 'NONE',  ( -0.8350000000000000755, 3.949999999999999734, -2.870000000000000107 ) ) ;
#2233 = ORIENTED_EDGE ( 'NONE', *, *, #2945, .T. ) ;
#2234 = ORIENTED_EDGE ( 'NONE', *, *, #2690, .F. ) ;
#2235 = EDGE_CURVE ( 'NONE', #598, #134, #2556, .T. ) ;
#2236 = CARTESIAN_POINT ( 'NONE',  ( 6.309999999999999609, 6.599999999999999645, -3.575000000000000178 ) ) ;
#2237 = DIRECTION ( 'NONE',  ( 1.000000000000000000, -5.039986884497700557E-15, -1.014973643126989991E-29 ) ) ;
#2238 = EDGE_CURVE ( 'NONE', #2768, #2396, #2217, .T. ) ;
#2239 = LINE ( 'NONE', #137, #3235 ) ;
#2240 = DIRECTION ( 'NONE',  ( -1.000000000000000000, 0.000000000000000000, 1.014973643126989991E-29 ) ) ;
#2241 = EDGE_CURVE ( 'NONE', #4100, #314, #1865, .T. ) ;
#2242 = DIRECTION ( 'NONE',  ( 0.000000000000000000, 0.8064446042674811022, 0.5913096483635842393 ) ) ;
#2243 = ORIENTED_EDGE ( 'NONE', *, *, #2172, .T. ) ;
#2244 = DIRECTION ( 'NONE',  ( 0.000000000000000000, -1.000000000000000000, -0.000000000000000000 ) ) ;
#2245 = ORIENTED_EDGE ( 'NONE', *, *, #3924, .F. ) ;
#2246 = ORIENTED_EDGE ( 'NONE', *, *, #3902, .T. ) ;
#2247 = VECTOR ( 'NONE', #1842, 1000.000000000000114 ) ;
#2248 = CARTESIAN_POINT ( 'NONE',  ( 6.850000000000000533, 1.950000000000000178, -4.200000000000000178 ) ) ;
#2249 = DIRECTION ( 'NONE',  ( 1.000000000000000000, 0.000000000000000000, -1.014973643126989991E-29 ) ) ;
#2250 = PLANE ( 'NONE',  #833 ) ;
#2251 = ORIENTED_EDGE ( 'NONE', *, *, #1636, .T. ) ;
#2252 = CIRCLE ( 'NONE', #1249, 0.3000000000000003775 ) ;
#2253 = DIRECTION ( 'NONE',  ( 0.000000000000000000, -0.7933533402912337218, -0.6087614290087224322 ) ) ;
#2254 = CYLINDRICAL_SURFACE ( 'NONE', #3637, 0.4999999999999995559 ) ;
#2255 = ORIENTED_EDGE ( 'NONE', *, *, #3900, .T. ) ;
#2256 = EDGE_CURVE ( 'NONE', #893, #915, #1, .T. ) ;
#2257 = ORIENTED_EDGE ( 'NONE', *, *, #4261, .F. ) ;
#2258 = AXIS2_PLACEMENT_3D ( 'NONE', #4038, #4308, #3631 ) ;
#2259 = EDGE_CURVE ( 'NONE', #3686, #2733, #234, .T. ) ;
#2260 = LINE ( 'NONE', #1946, #474 ) ;
#2261 = FACE_OUTER_BOUND ( 'NONE', #2541, .T. ) ;
#2262 = FACE_OUTER_BOUND ( 'NONE', #3028, .T. ) ;
#2263 = DIRECTION ( 'NONE',  ( 0.000000000000000000, 1.000000000000000000, 0.000000000000000000 ) ) ;
#2264 = ORIENTED_EDGE ( 'NONE', *, *, #614, .F. ) ;
#2265 = LINE ( 'NONE', #3999, #395 ) ;
#2266 = ORIENTED_EDGE ( 'NONE', *, *, #2256, .T. ) ;
#2267 = ORIENTED_EDGE ( 'NONE', *, *, #2256, .F. ) ;
#2268 = DIRECTION ( 'NONE',  ( -1.000000000000000000, 3.424510003532624963E-31, 9.682692197804120021E-30 ) ) ;
#2269 = LINE ( 'NONE', #260, #2697 ) ;
#2270 = VECTOR ( 'NONE', #3639, 1000.000000000000000 ) ;
#2271 = CARTESIAN_POINT ( 'NONE',  ( 4.009999999999999787, 0.5065052716392820509, 4.843658047946089340 ) ) ;
#2272 = ORIENTED_EDGE ( 'NONE', *, *, #3008, .T. ) ;
#2273 = ORIENTED_EDGE ( 'NONE', *, *, #1255, .T. ) ;
#2274 = LINE ( 'NONE', #530, #4238 ) ;
#2275 = DIRECTION ( 'NONE',  ( 0.000000000000000000, 1.000000000000000000, 0.000000000000000000 ) ) ;
#2276 = ORIENTED_EDGE ( 'NONE', *, *, #3124, .T. ) ;
#2277 = VECTOR ( 'NONE', #1421, 1000.000000000000000 ) ;
#2278 = ORIENTED_EDGE ( 'NONE', *, *, #1541, .T. ) ;
#2279 = ORIENTED_EDGE ( 'NONE', *, *, #1775, .T. ) ;
#2280 = FACE_OUTER_BOUND ( 'NONE', #1908, .T. ) ;
#2281 = FACE_BOUND ( 'NONE', #3282, .T. ) ;
#2282 = LINE ( 'NONE', #1948, #791 ) ;
#2283 = DIRECTION ( 'NONE',  ( 0.000000000000000000, -1.000000000000000000, -0.000000000000000000 ) ) ;
#2284 = ORIENTED_EDGE ( 'NONE', *, *, #629, .T. ) ;
#2285 = CARTESIAN_POINT ( 'NONE',  ( 4.009999999999999787, 0.6199999999999999956, -4.199726404968139981 ) ) ;
#2286 = ORIENTED_EDGE ( 'NONE', *, *, #2205, .F. ) ;
#2287 = VERTEX_POINT ( 'NONE', #2537 ) ;
#2288 = DIRECTION ( 'NONE',  ( 1.000000000000000000, -1.963703293328869839E-32, -1.014973643126989991E-29 ) ) ;
#2289 = DIRECTION ( 'NONE',  ( 1.014973643126989991E-29, 0.000000000000000000, 1.000000000000000000 ) ) ;
#2290 = ADVANCED_FACE ( 'NONE', ( #864 ), #1262, .T. ) ;
#2291 = CARTESIAN_POINT ( 'NONE',  ( -6.850000000000000533, 0.2999999999999999889, 4.200000000000000178 ) ) ;
#2292 = ORIENTED_EDGE ( 'NONE', *, *, #2800, .T. ) ;
#2293 = AXIS2_PLACEMENT_3D ( 'NONE', #123, #3888, #1066 ) ;
#2294 = ADVANCED_FACE ( 'NONE', ( #3232 ), #4276, .T. ) ;
#2295 = EDGE_LOOP ( 'NONE', ( #3393, #4336, #832, #2407 ) ) ;
#2296 = CARTESIAN_POINT ( 'NONE',  ( -0.8350000000000000755, 3.949999999999999734, 2.870000000000000107 ) ) ;
#2297 = ORIENTED_EDGE ( 'NONE', *, *, #2241, .T. ) ;
#2298 = AXIS2_PLACEMENT_3D ( 'NONE', #2590, #1206, #499 ) ;
#2299 = AXIS2_PLACEMENT_3D ( 'NONE', #1179, #2921, #597 ) ;
#2300 = ORIENTED_EDGE ( 'NONE', *, *, #4141, .F. ) ;
#2301 = ORIENTED_EDGE ( 'NONE', *, *, #3990, .F. ) ;
#2302 = DIRECTION ( 'NONE',  ( -1.000000000000000000, 3.391264237944545229E-31, 9.707778271180067886E-30 ) ) ;
#2303 = FACE_OUTER_BOUND ( 'NONE', #439, .T. ) ;
#2304 = DIRECTION ( 'NONE',  ( -3.697149189837210119E-30, 1.000000000000000000, 3.752508982393072855E-59 ) ) ;
#2305 = ADVANCED_FACE ( 'NONE', ( #3254 ), #3276, .T. ) ;
#2306 = DIRECTION ( 'NONE',  ( -1.000000000000000000, 0.000000000000000000, -8.728168432586694752E-17 ) ) ;
#2307 = VERTEX_POINT ( 'NONE', #3911 ) ;
#2308 = VECTOR ( 'NONE', #1836, 1000.000000000000000 ) ;
#2309 = LINE ( 'NONE', #231, #1821 ) ;
#2310 = ADVANCED_FACE ( 'NONE', ( #1327 ), #351, .F. ) ;
#2311 = ORIENTED_EDGE ( 'NONE', *, *, #1984, .F. ) ;
#2312 = VERTEX_POINT ( 'NONE', #955 ) ;
#2313 = CYLINDRICAL_SURFACE ( 'NONE', #3995, 0.2999999999999999889 ) ;
#2314 = CARTESIAN_POINT ( 'NONE',  ( 3.710000000000000409, 0.3061653321695956831, 4.906824988224970596 ) ) ;
#2315 = DIRECTION ( 'NONE',  ( -1.014973643126989991E-29, -1.125986840390630024E-16, -1.000000000000000000 ) ) ;
#2316 = VERTEX_POINT ( 'NONE', #591 ) ;
#2317 = VECTOR ( 'NONE', #32, 1000.000000000000000 ) ;
#2318 = AXIS2_PLACEMENT_3D ( 'NONE', #78, #841, #1441 ) ;
#2319 = EDGE_LOOP ( 'NONE', ( #576, #1045, #783, #1509 ) ) ;
#2320 = FACE_BOUND ( 'NONE', #256, .T. ) ;
#2321 = VECTOR ( 'NONE', #3543, 1000.000000000000000 ) ;
#2322 = ORIENTED_EDGE ( 'NONE', *, *, #828, .T. ) ;
#2323 = VERTEX_POINT ( 'NONE', #4048 ) ;
#2324 = CARTESIAN_POINT ( 'NONE',  ( -6.356255922059779628, 3.949999999999999734, 3.621255922059779753 ) ) ;
#2325 = VECTOR ( 'NONE', #1139, 1000.000000000000000 ) ;
#2326 = DIRECTION ( 'NONE',  ( 1.000000000000000000, 0.000000000000000000, -1.014973643126989991E-29 ) ) ;
#2327 = AXIS2_PLACEMENT_3D ( 'NONE', #3944, #3583, #3264 ) ;
#2328 = CARTESIAN_POINT ( 'NONE',  ( 4.009999999999999787, 2.391911860886269725, -3.557800634534129980 ) ) ;
#2329 = DIRECTION ( 'NONE',  ( 1.000000000000000000, 0.000000000000000000, -1.014973643126989991E-29 ) ) ;
#2330 = DIRECTION ( 'NONE',  ( 0.01744974916068270723, 0.9996954598818874604, 0.01744974916068270723 ) ) ;
#2331 = ORIENTED_EDGE ( 'NONE', *, *, #4233, .F. ) ;
#2332 = FACE_OUTER_BOUND ( 'NONE', #4047, .T. ) ;
#2333 = ORIENTED_EDGE ( 'NONE', *, *, #3487, .F. ) ;
#2334 = ORIENTED_EDGE ( 'NONE', *, *, #2756, .T. ) ;
#2335 = ADVANCED_FACE ( 'NONE', ( #4068 ), #2401, .F. ) ;
#2336 = EDGE_CURVE ( 'NONE', #1849, #3231, #1980, .T. ) ;
#2337 = EDGE_CURVE ( 'NONE', #1268, #562, #307, .T. ) ;
#2338 = CARTESIAN_POINT ( 'NONE',  ( -1.369999999999999885, 0.02619400075898299304, 4.900058747840830620 ) ) ;
#2339 = CARTESIAN_POINT ( 'NONE',  ( -3.609999999999999876, 3.949999999999999734, -2.870000000000000107 ) ) ;
#2340 = DIRECTION ( 'NONE',  ( -1.014973643126989991E-29, 0.000000000000000000, -1.000000000000000000 ) ) ;
#2341 = ADVANCED_FACE ( 'NONE', ( #3389 ), #2313, .F. ) ;
#2342 = ORIENTED_EDGE ( 'NONE', *, *, #2995, .F. ) ;
#2343 = ADVANCED_FACE ( 'NONE', ( #615 ), #3744, .T. ) ;
#2344 = VERTEX_POINT ( 'NONE', #2669 ) ;
#2345 = CARTESIAN_POINT ( 'NONE',  ( 4.009999999999999787, 0.9200000000000000400, -2.870000000000000107 ) ) ;
#2346 = ORIENTED_EDGE ( 'NONE', *, *, #145, .F. ) ;
#2347 = VERTEX_POINT ( 'NONE', #1707 ) ;
#2348 = LINE ( 'NONE', #1992, #44 ) ;
#2349 = LINE ( 'NONE', #317, #3437 ) ;
#2350 = FACE_OUTER_BOUND ( 'NONE', #3987, .T. ) ;
#2351 = CARTESIAN_POINT ( 'NONE',  ( 4.009999999999999787, 0.5676618435584670497, -5.107478318675999773 ) ) ;
#2352 = ORIENTED_EDGE ( 'NONE', *, *, #756, .T. ) ;
#2353 = EDGE_LOOP ( 'NONE', ( #77, #4253, #1668, #3704 ) ) ;
#2354 = DIRECTION ( 'NONE',  ( -3.062684205862398453E-16, 0.000000000000000000, 1.000000000000000000 ) ) ;
#2355 = CARTESIAN_POINT ( 'NONE',  ( -6.081126798835560621, 7.931727448994939422, 2.286200719534220216 ) ) ;
#2356 = LINE ( 'NONE', #4090, #2317 ) ;
#2357 = CARTESIAN_POINT ( 'NONE',  ( 4.009999999999999787, 0.6499999999999930278, -4.221723315055990078 ) ) ;
#2358 = VERTEX_POINT ( 'NONE', #4425 ) ;
#2359 = AXIS2_PLACEMENT_3D ( 'NONE', #4269, #2550, #1816 ) ;
#2360 = ORIENTED_EDGE ( 'NONE', *, *, #2578, .F. ) ;
#2361 = FACE_OUTER_BOUND ( 'NONE', #1519, .T. ) ;
#2362 = EDGE_CURVE ( 'NONE', #770, #1451, #1021, .T. ) ;
#2363 = ADVANCED_FACE ( 'NONE', ( #3072 ), #1665, .T. ) ;
#2364 = EDGE_CURVE ( 'NONE', #2156, #598, #3706, .T. ) ;
#2365 = EDGE_LOOP ( 'NONE', ( #1661, #1402, #276, #1571 ) ) ;
#2366 = CIRCLE ( 'NONE', #1583, 0.3000000000000003775 ) ;
#2367 = VECTOR ( 'NONE', #2070, 1000.000000000000000 ) ;
#2368 = ORIENTED_EDGE ( 'NONE', *, *, #3033, .F. ) ;
#2369 = CARTESIAN_POINT ( 'NONE',  ( 1.712500000000000133, 7.070096189432340417, 3.778589838486219765 ) ) ;
#2370 = CARTESIAN_POINT ( 'NONE',  ( 3.710000000000000409, 0.02619400075898299304, 4.900058747840830620 ) ) ;
#2371 = CARTESIAN_POINT ( 'NONE',  ( -4.209999999999999964, 0.3061653321695956831, 4.906824988224970596 ) ) ;
#2372 = FACE_OUTER_BOUND ( 'NONE', #2519, .T. ) ;
#2373 = ORIENTED_EDGE ( 'NONE', *, *, #1108, .T. ) ;
#2374 = CARTESIAN_POINT ( 'NONE',  ( -3.910000000000000142, 0.000000000000000000, -5.500000000000000000 ) ) ;
#2375 = EDGE_CURVE ( 'NONE', #284, #1886, #2713, .T. ) ;
#2376 = EDGE_LOOP ( 'NONE', ( #3252, #652, #3043, #3793 ) ) ;
#2377 = DIRECTION ( 'NONE',  ( 1.014973643126989991E-29, 0.000000000000000000, 1.000000000000000000 ) ) ;
#2378 = CARTESIAN_POINT ( 'NONE',  ( 3.710000000000000409, 0.9200000000000000400, -4.419695505846690686 ) ) ;
#2379 = LINE ( 'NONE', #3745, #887 ) ;
#2380 = CARTESIAN_POINT ( 'NONE',  ( 6.850000000000000533, 1.950000000000000178, 4.200000000000000178 ) ) ;
#2381 = VERTEX_POINT ( 'NONE', #680 ) ;
#2382 = ORIENTED_EDGE ( 'NONE', *, *, #2235, .T. ) ;
#2383 = DIRECTION ( 'NONE',  ( 1.014973643126989991E-29, 0.000000000000000000, 1.000000000000000000 ) ) ;
#2384 = AXIS2_PLACEMENT_3D ( 'NONE', #1041, #1688, #3055 ) ;
#2385 = VECTOR ( 'NONE', #3004, 1000.000000000000000 ) ;
#2386 = EDGE_CURVE ( 'NONE', #3579, #1375, #3324, .T. ) ;
#2387 = AXIS2_PLACEMENT_3D ( 'NONE', #2351, #298, #1033 ) ;
#2388 = ORIENTED_EDGE ( 'NONE', *, *, #4390, .T. ) ;
#2389 = DIRECTION ( 'NONE',  ( 0.000000000000000000, 0.9999995840233949496, 0.0009121145964618532177 ) ) ;
#2390 = DIRECTION ( 'NONE',  ( 1.014973643126989991E-29, 0.000000000000000000, 1.000000000000000000 ) ) ;
#2391 = EDGE_CURVE ( 'NONE', #3690, #397, #259, .T. ) ;
#2392 = EDGE_CURVE ( 'NONE', #547, #2946, #3009, .T. ) ;
#2393 = VECTOR ( 'NONE', #294, 1000.000000000000000 ) ;
#2394 = CYLINDRICAL_SURFACE ( 'NONE', #2611, 0.3000000000000003775 ) ;
#2395 = CARTESIAN_POINT ( 'NONE',  ( -1.369999999999999885, 0.2970025450160060920, 5.116687316960959464 ) ) ;
#2396 = VERTEX_POINT ( 'NONE', #2983 ) ;
#2397 = DIRECTION ( 'NONE',  ( 0.000000000000000000, -0.7933533402912337218, 0.6087614290087224322 ) ) ;
#2398 = VERTEX_POINT ( 'NONE', #4381 ) ;
#2399 = AXIS2_PLACEMENT_3D ( 'NONE', #2925, #895, #2866 ) ;
#2400 = DIRECTION ( 'NONE',  ( -1.000000000000000000, 0.000000000000000000, 1.014973643126989991E-29 ) ) ;
#2401 = PLANE ( 'NONE',  #1696 ) ;
#2402 = DIRECTION ( 'NONE',  ( 0.000000000000000000, -0.7933533402912337218, 0.6087614290087224322 ) ) ;
#2403 = AXIS2_PLACEMENT_3D ( 'NONE', #3763, #2437, #2775 ) ;
#2404 = DIRECTION ( 'NONE',  ( 1.000000000000000000, 0.000000000000000000, -1.014973643126989991E-29 ) ) ;
#2405 = ORIENTED_EDGE ( 'NONE', *, *, #4128, .F. ) ;
#2406 = EDGE_CURVE ( 'NONE', #3778, #2088, #2000, .T. ) ;
#2407 = ORIENTED_EDGE ( 'NONE', *, *, #614, .T. ) ;
#2408 = CARTESIAN_POINT ( 'NONE',  ( -3.609999999999999876, 0.5676618435584670497, 5.107478318675999773 ) ) ;
#2409 = EDGE_LOOP ( 'NONE', ( #1270, #1807, #345, #2597 ) ) ;
#2410 = VECTOR ( 'NONE', #1346, 1000.000000000000000 ) ;
#2411 = ORIENTED_EDGE ( 'NONE', *, *, #2667, .F. ) ;
#2412 = CARTESIAN_POINT ( 'NONE',  ( -3.180000000000000160, 1.950000000000000178, -3.706166051916210069 ) ) ;
#2413 = CARTESIAN_POINT ( 'NONE',  ( 3.409999999999999698, 3.949999999999999734, 2.870000000000000107 ) ) ;
#2414 = DIRECTION ( 'NONE',  ( -1.000000000000000000, 0.000000000000000000, 1.014973643126989991E-29 ) ) ;
#2415 = ORIENTED_EDGE ( 'NONE', *, *, #3693, .F. ) ;
#2416 = DIRECTION ( 'NONE',  ( 0.000000000000000000, 0.8064446042674814352, -0.5913096483635837952 ) ) ;
#2417 = CARTESIAN_POINT ( 'NONE',  ( -3.910000000000000142, 5.849999999999999645, 2.870000000000000107 ) ) ;
#2418 = CARTESIAN_POINT ( 'NONE',  ( -4.209999999999999964, 1.370955930443130022, -4.200000000000000178 ) ) ;
#2419 = DIRECTION ( 'NONE',  ( 1.000000000000000000, 0.000000000000000000, -1.014973643126989991E-29 ) ) ;
#2420 = CARTESIAN_POINT ( 'NONE',  ( -4.209999999999999964, 0.5676618435584670497, -5.107478318675999773 ) ) ;
#2421 = ORIENTED_EDGE ( 'NONE', *, *, #451, .F. ) ;
#2422 = CARTESIAN_POINT ( 'NONE',  ( 3.409999999999999698, 0.6499999999999930278, 4.221723315055990078 ) ) ;
#2423 = ORIENTED_EDGE ( 'NONE', *, *, #532, .F. ) ;
#2424 = CARTESIAN_POINT ( 'NONE',  ( 3.710000000000000409, 0.5065052716392820509, -4.843658047946089340 ) ) ;
#2425 = EDGE_CURVE ( 'NONE', #4273, #3869, #2643, .T. ) ;
#2426 = LINE ( 'NONE', #2492, #790 ) ;
#2427 = ADVANCED_FACE ( 'NONE', ( #4223 ), #699, .F. ) ;
#2428 = AXIS2_PLACEMENT_3D ( 'NONE', #844, #3614, #1531 ) ;
#2429 = DIRECTION ( 'NONE',  ( 1.000000000000000000, -3.391264237944545229E-31, -1.059169459135973194E-29 ) ) ;
#2430 = VERTEX_POINT ( 'NONE', #435 ) ;
#2431 = CARTESIAN_POINT ( 'NONE',  ( 3.409999999999999698, 1.199999999999999956, -4.221723315055990078 ) ) ;
#2432 = EDGE_CURVE ( 'NONE', #4412, #4131, #3161, .T. ) ;
#2433 = ORIENTED_EDGE ( 'NONE', *, *, #1708, .T. ) ;
#2434 = DIRECTION ( 'NONE',  ( 1.000000000000000000, 3.697149189837210119E-30, -0.000000000000000000 ) ) ;
#2435 = AXIS2_PLACEMENT_3D ( 'NONE', #487, #3212, #3484 ) ;
#2436 = PRODUCT_DEFINITION_CONTEXT ( 'detailed design', #3811, 'design' ) ;
#2437 = DIRECTION ( 'NONE',  ( 1.000000000000000000, -3.424510003532624963E-31, -9.682692197804120021E-30 ) ) ;
#2438 = DIRECTION ( 'NONE',  ( -1.000000000000000000, 0.000000000000000000, 1.014973643126989991E-29 ) ) ;
#2439 = ORIENTED_EDGE ( 'NONE', *, *, #482, .F. ) ;
#2440 = PRESENTATION_STYLE_ASSIGNMENT (( #3111 ) ) ;
#2441 = DIRECTION ( 'NONE',  ( 0.9998476951563912696, 0.01745240643728350471, -1.014819057725006613E-29 ) ) ;
#2442 = EDGE_CURVE ( 'NONE', #739, #3893, #53, .T. ) ;
#2443 = FACE_OUTER_BOUND ( 'NONE', #2409, .T. ) ;
#2444 = DIRECTION ( 'NONE',  ( -8.789929591196142814E-30, 0.4999999999999998890, -0.8660254037844387076 ) ) ;
#2445 = ADVANCED_FACE ( 'NONE', ( #1459 ), #768, .T. ) ;
#2446 = CARTESIAN_POINT ( 'NONE',  ( -4.209999999999999964, 3.949999999999999734, 2.870000000000000107 ) ) ;
#2447 = VERTEX_POINT ( 'NONE', #4135 ) ;
#2448 = FACE_OUTER_BOUND ( 'NONE', #2587, .T. ) ;
#2449 = ORIENTED_EDGE ( 'NONE', *, *, #3289, .T. ) ;
#2450 = DIRECTION ( 'NONE',  ( 1.000000000000000000, 0.000000000000000000, 0.000000000000000000 ) ) ;
#2451 = CARTESIAN_POINT ( 'NONE',  ( -6.503589838486229624, 7.200000000000000178, 2.100000000000000089 ) ) ;
#2452 = CARTESIAN_POINT ( 'NONE',  ( -6.239964102040629790, 1.950000000000000178, 1.800000000000000044 ) ) ;
#2453 = FACE_OUTER_BOUND ( 'NONE', #4432, .T. ) ;
#2454 = VERTEX_POINT ( 'NONE', #1061 ) ;
#2455 = CARTESIAN_POINT ( 'NONE',  ( -1.369999999999999885, 0.3061653321695956831, 4.906824988224970596 ) ) ;
#2456 = VECTOR ( 'NONE', #1905, 1000.000000000000000 ) ;
#2457 = ORIENTED_EDGE ( 'NONE', *, *, #149, .F. ) ;
#2458 = CARTESIAN_POINT ( 'NONE',  ( -6.250000000000000000, 0.3499999999999999778, 3.100000000000000089 ) ) ;
#2459 = VECTOR ( 'NONE', #714, 1000.000000000000000 ) ;
#2460 = VECTOR ( 'NONE', #485, 1000.000000000000000 ) ;
#2461 = CARTESIAN_POINT ( 'NONE',  ( 3.409999999999999698, 3.949999999999999734, -3.149999999999999911 ) ) ;
#2462 = FACE_OUTER_BOUND ( 'NONE', #1065, .T. ) ;
#2463 = CARTESIAN_POINT ( 'NONE',  ( 3.710000000000000409, 1.093544532347108023, -4.546943621655961110 ) ) ;
#2464 = AXIS2_PLACEMENT_3D ( 'NONE', #1386, #2441, #3810 ) ;
#2465 = CARTESIAN_POINT ( 'NONE',  ( 6.309999999999999609, 6.599999999999999645, -3.575000000000000178 ) ) ;
#2466 = CARTESIAN_POINT ( 'NONE',  ( -1.070000000000000062, 3.949999999999999734, -1.435000000000000053 ) ) ;
#2467 = FACE_OUTER_BOUND ( 'NONE', #2468, .T. ) ;
#2468 = EDGE_LOOP ( 'NONE', ( #2825, #4051, #2727, #523 ) ) ;
#2469 = DIRECTION ( 'NONE',  ( -1.000000000000000000, 0.000000000000000000, 1.014973643126989991E-29 ) ) ;
#2470 = ORIENTED_EDGE ( 'NONE', *, *, #4319, .F. ) ;
#2471 = VECTOR ( 'NONE', #215, 1000.000000000000000 ) ;
#2472 = LINE ( 'NONE', #1758, #3584 ) ;
#2473 = CARTESIAN_POINT ( 'NONE',  ( -1.670000000000000151, 3.949999999999999734, -1.574999999999999956 ) ) ;
#2474 = LINE ( 'NONE', #1894, #3947 ) ;
#2475 = DIRECTION ( 'NONE',  ( -1.142846965504326407E-45, -1.000000000000000000, -1.125986840390630024E-16 ) ) ;
#2476 = ORIENTED_EDGE ( 'NONE', *, *, #3290, .F. ) ;
#2477 = FACE_OUTER_BOUND ( 'NONE', #2319, .T. ) ;
#2478 = ORIENTED_EDGE ( 'NONE', *, *, #1404, .T. ) ;
#2479 = LINE ( 'NONE', #3854, #511 ) ;
#2480 = VECTOR ( 'NONE', #3955, 1000.000000000000000 ) ;
#2481 = LINE ( 'NONE', #113, #2163 ) ;
#2482 = DIRECTION ( 'NONE',  ( -1.014007613118478321E-29, 0.04361938736533728378, -0.9990482215818576872 ) ) ;
#2483 = LINE ( 'NONE', #2463, #3612 ) ;
#2484 = FACE_OUTER_BOUND ( 'NONE', #381, .T. ) ;
#2485 = PLANE ( 'NONE',  #845 ) ;
#2486 = DIRECTION ( 'NONE',  ( 1.000000000000000000, 0.000000000000000000, -1.014973643126989991E-29 ) ) ;
#2487 = ORIENTED_EDGE ( 'NONE', *, *, #350, .F. ) ;
#2488 = AXIS2_PLACEMENT_3D ( 'NONE', #2712, #1326, #174 ) ;
#2489 = CARTESIAN_POINT ( 'NONE',  ( 4.009999999999999787, 0.03498376480335903260, 4.698740052942419254 ) ) ;
#2490 = VERTEX_POINT ( 'NONE', #1124 ) ;
#2491 = DIRECTION ( 'NONE',  ( -1.000000000000000000, 0.000000000000000000, 1.014973643126989991E-29 ) ) ;
#2492 = CARTESIAN_POINT ( 'NONE',  ( 3.409999999999999698, 1.199999999999999956, -3.149999999999999911 ) ) ;
#2493 = ADVANCED_FACE ( 'NONE', ( #3526 ), #3451, .F. ) ;
#2494 = LINE ( 'NONE', #2452, #729 ) ;
#2495 = DIRECTION ( 'NONE',  ( 1.000000000000000000, -3.391264237944545229E-31, -9.707778271180067886E-30 ) ) ;
#2496 = EDGE_CURVE ( 'NONE', #3040, #2916, #94, .T. ) ;
#2497 = ORIENTED_EDGE ( 'NONE', *, *, #532, .T. ) ;
#2498 = ADVANCED_FACE ( 'NONE', ( #744, #1774 ), #2485, .T. ) ;
#2499 = ORIENTED_EDGE ( 'NONE', *, *, #1603, .F. ) ;
#2500 = VECTOR ( 'NONE', #3461, 1000.000000000000000 ) ;
#2501 = FACE_OUTER_BOUND ( 'NONE', #1528, .T. ) ;
#2502 = VECTOR ( 'NONE', #2304, 1000.000000000000000 ) ;
#2503 = DIRECTION ( 'NONE',  ( -1.000000000000000000, 0.000000000000000000, 1.014973643126989991E-29 ) ) ;
#2504 = DIRECTION ( 'NONE',  ( 3.697149189837210119E-30, -1.000000000000000000, -3.752508982393072855E-59 ) ) ;
#2505 = CARTESIAN_POINT ( 'NONE',  ( 3.409999999999999698, 0.8619333812802444372, -4.377119299477215009 ) ) ;
#2506 = LINE ( 'NONE', #2683, #1009 ) ;
#2507 = CARTESIAN_POINT ( 'NONE',  ( 4.009999999999999787, 0.5065052716392820509, -4.843658047946089340 ) ) ;
#2508 = VECTOR ( 'NONE', #837, 1000.000000000000000 ) ;
#2509 = CARTESIAN_POINT ( 'NONE',  ( 3.710000000000000409, 0.5967170114905639977, 5.129773133170560051 ) ) ;
#2510 = ORIENTED_EDGE ( 'NONE', *, *, #3900, .F. ) ;
#2511 = CIRCLE ( 'NONE', #3080, 0.5500000000000002665 ) ;
#2512 = CARTESIAN_POINT ( 'NONE',  ( -1.369999999999999885, 0.4022736538311170174, 4.582933995764480350 ) ) ;
#2513 = ORIENTED_EDGE ( 'NONE', *, *, #3557, .F. ) ;
#2514 = LINE ( 'NONE', #774, #3496 ) ;
#2515 = DIRECTION ( 'NONE',  ( 0.000000000000000000, -0.7933533402912341659, 0.6087614290087219882 ) ) ;
#2516 = FACE_OUTER_BOUND ( 'NONE', #2025, .T. ) ;
#2517 = DIRECTION ( 'NONE',  ( -3.052084608322652108E-30, 0.9537169507482271547, -0.3007057995042720644 ) ) ;
#2519 = EDGE_LOOP ( 'NONE', ( #902, #760, #2618, #3506 ) ) ;
#2518 = AXIS2_PLACEMENT_3D ( 'NONE', #1878, #3602, #1901 ) ;
#2520 = ORIENTED_EDGE ( 'NONE', *, *, #3785, .T. ) ;
#2521 = EDGE_CURVE ( 'NONE', #2988, #4035, #4202, .T. ) ;
#2522 = EDGE_CURVE ( 'NONE', #268, #2998, #3185, .T. ) ;
#2523 = ADVANCED_FACE ( 'NONE', ( #31 ), #3791, .T. ) ;
#2524 = DIRECTION ( 'NONE',  ( 1.000000000000000000, 3.697149189837210119E-30, -0.000000000000000000 ) ) ;
#2525 = DIRECTION ( 'NONE',  ( 9.549551762603905006E-46, 1.000000000000000000, 9.408669700213189370E-17 ) ) ;
#2526 = EDGE_CURVE ( 'NONE', #79, #2490, #721, .T. ) ;
#2527 = CARTESIAN_POINT ( 'NONE',  ( -1.369999999999999885, 5.849999999999999645, -2.870000000000000107 ) ) ;
#2528 = AXIS2_PLACEMENT_3D ( 'NONE', #4179, #2486, #2871 ) ;
#2529 = EDGE_CURVE ( 'NONE', #2490, #1478, #3813, .T. ) ;
#2530 = CARTESIAN_POINT ( 'NONE',  ( -3.609999999999999876, 0.4022736538311170729, -4.582933995764480350 ) ) ;
#2531 = DIRECTION ( 'NONE',  ( 0.000000000000000000, 0.8064446042674814352, -0.5913096483635837952 ) ) ;
#2532 = ORIENTED_EDGE ( 'NONE', *, *, #1869, .F. ) ;
#2533 = PRESENTATION_LAYER_ASSIGNMENT (  '', '', ( #4255 ) ) ;
#2534 = DIRECTION ( 'NONE',  ( 1.014973643126989991E-29, -5.968940992608359498E-17, 1.000000000000000000 ) ) ;
#2535 = EDGE_LOOP ( 'NONE', ( #2956, #4007, #1211, #1549 ) ) ;
#2536 = ORIENTED_EDGE ( 'NONE', *, *, #2008, .F. ) ;
#2537 = CARTESIAN_POINT ( 'NONE',  ( -1.670000000000000151, 0.1313175063982884860, 4.772659532721202247 ) ) ;
#2538 = VECTOR ( 'NONE', #360, 1000.000000000000000 ) ;
#2539 = EDGE_CURVE ( 'NONE', #1085, #4367, #118, .T. ) ;
#2540 = AXIS2_PLACEMENT_3D ( 'NONE', #4264, #2215, #2947 ) ;
#2541 = EDGE_LOOP ( 'NONE', ( #2208, #3560, #165, #1229 ) ) ;
#2542 = DIRECTION ( 'NONE',  ( -1.014973643126989991E-29, 0.000000000000000000, -1.000000000000000000 ) ) ;
#2543 = CARTESIAN_POINT ( 'NONE',  ( 3.425000000000000266, 6.899999999999999467, 4.026794919243109838 ) ) ;
#2544 = ORIENTED_EDGE ( 'NONE', *, *, #3524, .F. ) ;
#2545 = ORIENTED_EDGE ( 'NONE', *, *, #611, .T. ) ;
#2546 = DIRECTION ( 'NONE',  ( 1.014973643126989991E-29, 0.000000000000000000, 1.000000000000000000 ) ) ;
#2547 = PLANE ( 'NONE',  #2399 ) ;
#2548 = CARTESIAN_POINT ( 'NONE',  ( 6.406255922059780339, 3.949999999999999734, -3.671255922059769805 ) ) ;
#2549 = VECTOR ( 'NONE', #2377, 1000.000000000000000 ) ;
#2550 = DIRECTION ( 'NONE',  ( 1.000000000000000000, -3.391264237944545229E-31, -9.707778271180067886E-30 ) ) ;
#2551 = DIRECTION ( 'NONE',  ( -1.142846965504326407E-45, -1.000000000000000000, -1.125986840390630024E-16 ) ) ;
#2552 = EDGE_LOOP ( 'NONE', ( #3076, #1766, #1427, #3253 ) ) ;
#2553 = DIRECTION ( 'NONE',  ( -1.000000000000000000, 3.424510003532624963E-31, 1.061678066473567980E-29 ) ) ;
#2554 = VERTEX_POINT ( 'NONE', #3770 ) ;
#2555 = VERTEX_POINT ( 'NONE', #3428 ) ;
#2556 = LINE ( 'NONE', #548, #362 ) ;
#2557 = DIRECTION ( 'NONE',  ( 0.000000000000000000, -1.000000000000000000, -0.000000000000000000 ) ) ;
#2558 = ADVANCED_FACE ( 'NONE', ( #370 ), #3839, .F. ) ;
#2559 = ORIENTED_EDGE ( 'NONE', *, *, #1053, .T. ) ;
#2560 = DIRECTION ( 'NONE',  ( 0.01744974916068270723, 0.9996954598818874604, -0.01744974916068270723 ) ) ;
#2561 = LINE ( 'NONE', #2232, #1702 ) ;
#2562 = VERTEX_POINT ( 'NONE', #2086 ) ;
#2563 = ADVANCED_FACE ( 'NONE', ( #391 ), #1752, .F. ) ;
#2564 = VERTEX_POINT ( 'NONE', #2507 ) ;
#2565 = DIRECTION ( 'NONE',  ( -1.014007613118478321E-29, 0.04361938736533689520, -0.9990482215818576872 ) ) ;
#2566 = ADVANCED_FACE ( 'NONE', ( #818 ), #2176, .T. ) ;
#2567 = CARTESIAN_POINT ( 'NONE',  ( -3.609999999999999876, 0.6499999999999930278, 4.221723315055990078 ) ) ;
#2568 = VECTOR ( 'NONE', #1483, 1000.000000000000000 ) ;
#2569 = DIRECTION ( 'NONE',  ( 0.000000000000000000, 0.8064446042674814352, 0.5913096483635837952 ) ) ;
#2570 = DIRECTION ( 'NONE',  ( 4.427252850516338130E-31, 0.9990482215818576872, 0.04361938736533688826 ) ) ;
#2571 = CARTESIAN_POINT ( 'NONE',  ( -4.209999999999999964, 0.6199999999999999956, 4.199726404968139981 ) ) ;
#2572 = VERTEX_POINT ( 'NONE', #616 ) ;
#2573 = LINE ( 'NONE', #3610, #1604 ) ;
#2574 = ORIENTED_EDGE ( 'NONE', *, *, #2701, .F. ) ;
#2575 = ORIENTED_EDGE ( 'NONE', *, *, #1761, .F. ) ;
#2576 = ADVANCED_FACE ( 'NONE', ( #3935 ), #3325, .T. ) ;
#2577 = VECTOR ( 'NONE', #21, 1000.000000000000000 ) ;
#2578 = EDGE_CURVE ( 'NONE', #1281, #1194, #3980, .T. ) ;
#2579 = VECTOR ( 'NONE', #3332, 1000.000000000000000 ) ;
#2580 = FACE_OUTER_BOUND ( 'NONE', #2663, .T. ) ;
#2581 = CARTESIAN_POINT ( 'NONE',  ( -3.609999999999999876, 3.949999999999999734, 3.149999999999999911 ) ) ;
#2582 = LINE ( 'NONE', #282, #2471 ) ;
#2583 = ORIENTED_EDGE ( 'NONE', *, *, #1212, .F. ) ;
#2584 = ADVANCED_FACE ( 'NONE', ( #2984 ), #1234, .T. ) ;
#2585 = LINE ( 'NONE', #1629, #3730 ) ;
#2586 = LINE ( 'NONE', #2902, #1919 ) ;
#2587 = EDGE_LOOP ( 'NONE', ( #2641, #1260, #4055, #2520 ) ) ;
#2588 = ORIENTED_EDGE ( 'NONE', *, *, #3761, .T. ) ;
#2589 = DIRECTION ( 'NONE',  ( -1.000000000000000000, 0.000000000000000000, 1.014973643126989991E-29 ) ) ;
#2590 = CARTESIAN_POINT ( 'NONE',  ( 3.710000000000000409, 5.849999999999999645, 3.149999999999999911 ) ) ;
#2591 = CARTESIAN_POINT ( 'NONE',  ( -1.369999999999999885, 0.2802667518457296891, 5.500000000000000000 ) ) ;
#2592 = CARTESIAN_POINT ( 'NONE',  ( 3.409999999999999698, 5.849999999999999645, -2.870000000000000107 ) ) ;
#2593 = ORIENTED_EDGE ( 'NONE', *, *, #4178, .F. ) ;
#2594 = CARTESIAN_POINT ( 'NONE',  ( -5.249999999999999112, 0.4000000000000000222, 3.100000000000000089 ) ) ;
#2595 = VECTOR ( 'NONE', #3291, 1000.000000000000000 ) ;
#2596 = ORIENTED_EDGE ( 'NONE', *, *, #1052, .T. ) ;
#2597 = ORIENTED_EDGE ( 'NONE', *, *, #3522, .F. ) ;
#2598 = VECTOR ( 'NONE', #2015, 1000.000000000000000 ) ;
#2599 = CIRCLE ( 'NONE', #4401, 0.5500000000000003775 ) ;
#2600 = DIRECTION ( 'NONE',  ( -1.000000000000000000, 0.000000000000000000, 1.014973643126989991E-29 ) ) ;
#2601 = CARTESIAN_POINT ( 'NONE',  ( -1.369999999999999885, 0.1313175063982882640, 4.772659532721202247 ) ) ;
#2602 = CARTESIAN_POINT ( 'NONE',  ( -1.369999999999999885, 1.199999999999999956, -3.149999999999999911 ) ) ;
#2603 = VERTEX_POINT ( 'NONE', #3255 ) ;
#2604 = AXIS2_PLACEMENT_3D ( 'NONE', #1771, #73, #1434 ) ;
#2605 = ORIENTED_EDGE ( 'NONE', *, *, #1539, .F. ) ;
#2606 =( GEOMETRIC_REPRESENTATION_CONTEXT ( 3 ) GLOBAL_UNCERTAINTY_ASSIGNED_CONTEXT ( ( #1453 ) ) GLOBAL_UNIT_ASSIGNED_CONTEXT ( ( #3873, #3082, #709 ) ) REPRESENTATION_CONTEXT ( 'NONE', 'WORKASPACE' ) );
#2607 = CARTESIAN_POINT ( 'NONE',  ( -3.609999999999999876, 0.7102117398512820534, 4.485841490192609804 ) ) ;
#2608 = DIRECTION ( 'NONE',  ( -1.000000000000000000, 0.000000000000000000, 1.014973643126989991E-29 ) ) ;
#2609 = ORIENTED_EDGE ( 'NONE', *, *, #2539, .F. ) ;
#2610 = VERTEX_POINT ( 'NONE', #908 ) ;
#2611 = AXIS2_PLACEMENT_3D ( 'NONE', #2037, #3421, #1768 ) ;
#2612 = ORIENTED_EDGE ( 'NONE', *, *, #3101, .F. ) ;
#2613 = DIRECTION ( 'NONE',  ( -1.014973643126989991E-29, 0.000000000000000000, -1.000000000000000000 ) ) ;
#2614 = CARTESIAN_POINT ( 'NONE',  ( -3.609999999999999876, 0.2970025450160062030, 5.116687316960959464 ) ) ;
#2615 = EDGE_CURVE ( 'NONE', #915, #3106, #592, .T. ) ;
#2616 = PLANE ( 'NONE',  #646 ) ;
#2617 = CARTESIAN_POINT ( 'NONE',  ( 3.409999999999999698, 0.03498376480335903260, -4.698740052942419254 ) ) ;
#2618 = ORIENTED_EDGE ( 'NONE', *, *, #243, .F. ) ;
#2619 = DIRECTION ( 'NONE',  ( 1.000000000000000000, 0.000000000000000000, -1.014973643126989991E-29 ) ) ;
#2620 = VERTEX_POINT ( 'NONE', #4004 ) ;
#2621 = EDGE_LOOP ( 'NONE', ( #2382, #4313, #867, #3441 ) ) ;
#2622 = CARTESIAN_POINT ( 'NONE',  ( -1.369999999999999885, 0.6499999999999930278, 4.221723315055990078 ) ) ;
#2623 = CARTESIAN_POINT ( 'NONE',  ( -3.910000000000000142, 0.000000000000000000, 5.500000000000000000 ) ) ;
#2624 = VECTOR ( 'NONE', #659, 1000.000000000000114 ) ;
#2625 = FACE_OUTER_BOUND ( 'NONE', #1344, .T. ) ;
#2626 = ORIENTED_EDGE ( 'NONE', *, *, #1003, .F. ) ;
#2627 = ORIENTED_EDGE ( 'NONE', *, *, #3518, .F. ) ;
#2628 = DIRECTION ( 'NONE',  ( 0.000000000000000000, 0.8064446042674811022, -0.5913096483635842393 ) ) ;
#2629 = VERTEX_POINT ( 'NONE', #4316 ) ;
#2630 = ORIENTED_EDGE ( 'NONE', *, *, #1927, .T. ) ;
#2631 = EDGE_CURVE ( 'NONE', #1293, #3250, #2269, .T. ) ;
#2632 = ADVANCED_FACE ( 'NONE', ( #931 ), #235, .F. ) ;
#2633 = EDGE_LOOP ( 'NONE', ( #2924, #1150, #4075, #15 ) ) ;
#2634 = DIRECTION ( 'NONE',  ( 1.000000000000000000, 0.000000000000000000, -1.014973643126989991E-29 ) ) ;
#2635 = FACE_OUTER_BOUND ( 'NONE', #1700, .T. ) ;
#2636 = DIRECTION ( 'NONE',  ( -1.000000000000000000, 0.000000000000000000, 1.014973643126989991E-29 ) ) ;
#2637 = CARTESIAN_POINT ( 'NONE',  ( -3.910000000000000142, 0.5676618435584670497, 5.107478318675999773 ) ) ;
#2638 = VERTEX_POINT ( 'NONE', #1956 ) ;
#2639 = CARTESIAN_POINT ( 'NONE',  ( 3.409999999999999698, 0.2970025450160062030, 5.116687316960959464 ) ) ;
#2640 = VERTEX_POINT ( 'NONE', #2581 ) ;
#2641 = ORIENTED_EDGE ( 'NONE', *, *, #3574, .F. ) ;
#2642 = VECTOR ( 'NONE', #883, 1000.000000000000000 ) ;
#2643 = LINE ( 'NONE', #3367, #3414 ) ;
#2644 = DIRECTION ( 'NONE',  ( -1.000000000000000000, 0.000000000000000000, 1.014973643126989991E-29 ) ) ;
#2645 = PLANE ( 'NONE',  #612 ) ;
#2646 = ORIENTED_EDGE ( 'NONE', *, *, #3130, .F. ) ;
#2647 = CIRCLE ( 'NONE', #719, 0.5500000000000003775 ) ;
#2648 = ORIENTED_EDGE ( 'NONE', *, *, #1400, .F. ) ;
#2649 = LINE ( 'NONE', #3061, #2935 ) ;
#2650 = VECTOR ( 'NONE', #3994, 1000.000000000000000 ) ;
#2651 = VECTOR ( 'NONE', #219, 1000.000000000000000 ) ;
#2652 = EDGE_LOOP ( 'NONE', ( #2029, #2982, #3149, #2257, #3504, #472, #1241, #4359, #3172, #1314, #2741, #56, #4210, #508, #1595 ) ) ;
#2653 = ORIENTED_EDGE ( 'NONE', *, *, #3382, .T. ) ;
#2654 = ADVANCED_FACE ( 'NONE', ( #214 ), #1598, .T. ) ;
#2655 = CARTESIAN_POINT ( 'NONE',  ( -4.209999999999999964, 0.9200000000000000400, -2.870000000000000107 ) ) ;
#2656 = EDGE_CURVE ( 'NONE', #3027, #289, #1625, .T. ) ;
#2657 = EDGE_CURVE ( 'NONE', #1886, #4045, #1532, .T. ) ;
#2658 = DIRECTION ( 'NONE',  ( -1.121110201144558008E-29, 0.000000000000000000, -1.000000000000000000 ) ) ;
#2659 = EDGE_CURVE ( 'NONE', #2287, #890, #2898, .T. ) ;
#2660 = EDGE_CURVE ( 'NONE', #357, #1627, #1552, .T. ) ;
#2661 = DIRECTION ( 'NONE',  ( -1.000000000000000000, -3.697149189837210119E-30, 2.029947286253979982E-29 ) ) ;
#2662 = CARTESIAN_POINT ( 'NONE',  ( 5.738935935394490429, 8.524419410360730254, 3.088935935394489629 ) ) ;
#2663 = EDGE_LOOP ( 'NONE', ( #1517, #1181, #247, #3805 ) ) ;
#2664 = EDGE_CURVE ( 'NONE', #2039, #1961, #3918, .T. ) ;
#2665 = CARTESIAN_POINT ( 'NONE',  ( -4.209999999999999964, 5.849999999999999645, 2.870000000000000107 ) ) ;
#2666 = ORIENTED_EDGE ( 'NONE', *, *, #1900, .F. ) ;
#2667 = EDGE_CURVE ( 'NONE', #2920, #2676, #1217, .T. ) ;
#2668 = ORIENTED_EDGE ( 'NONE', *, *, #4422, .F. ) ;
#2669 = CARTESIAN_POINT ( 'NONE',  ( -3.609999999999999876, 1.093544532347108023, -4.546943621655961110 ) ) ;
#2670 = CARTESIAN_POINT ( 'NONE',  ( 3.710000000000000409, 1.093544532347108023, 4.546943621655961110 ) ) ;
#2671 = AXIS2_PLACEMENT_3D ( 'NONE', #3116, #1505, #2177 ) ;
#2672 = PLANE ( 'NONE',  #2036 ) ;
#2673 = ORIENTED_EDGE ( 'NONE', *, *, #977, .F. ) ;
#2674 = VECTOR ( 'NONE', #2064, 1000.000000000000000 ) ;
#2675 = VECTOR ( 'NONE', #522, 1000.000000000000000 ) ;
#2676 = VERTEX_POINT ( 'NONE', #3615 ) ;
#2677 = CARTESIAN_POINT ( 'NONE',  ( -6.239964484176869775, 1.949956211523800054, 3.600000000000000089 ) ) ;
#2678 = ORIENTED_EDGE ( 'NONE', *, *, #3340, .F. ) ;
#2679 = ORIENTED_EDGE ( 'NONE', *, *, #3991, .F. ) ;
#2680 = CARTESIAN_POINT ( 'NONE',  ( -1.070000000000000062, 5.849999999999999645, -3.149999999999999911 ) ) ;
#2681 = MECHANICAL_DESIGN_GEOMETRIC_PRESENTATION_REPRESENTATION (  '', ( #1757 ), #2606 ) ;
#2682 = CARTESIAN_POINT ( 'NONE',  ( 6.239964102040629790, 1.950000000000000178, -3.589964102040629879 ) ) ;
#2683 = CARTESIAN_POINT ( 'NONE',  ( 3.409999999999999698, 0.03498376480335903260, 4.698740052942419254 ) ) ;
#2684 = DIRECTION ( 'NONE',  ( 1.000000000000000000, 3.697149189837210119E-30, -0.000000000000000000 ) ) ;
#2685 = EDGE_LOOP ( 'NONE', ( #920, #657, #190, #2080 ) ) ;
#2686 = DIRECTION ( 'NONE',  ( -1.000000000000000000, 3.391264237944545229E-31, 1.059169459135973194E-29 ) ) ;
#2687 = ORIENTED_EDGE ( 'NONE', *, *, #1868, .T. ) ;
#2688 = ORIENTED_EDGE ( 'NONE', *, *, #195, .T. ) ;
#2689 = EDGE_CURVE ( 'NONE', #1085, #2212, #2960, .T. ) ;
#2690 = EDGE_CURVE ( 'NONE', #2454, #926, #4340, .T. ) ;
#2691 = CARTESIAN_POINT ( 'NONE',  ( 6.440025189313920428, 2.015359974711349977, 3.705025189313919665 ) ) ;
#2692 = DIRECTION ( 'NONE',  ( 1.000000000000000000, 4.681010421875320110E-31, -9.088370851094219738E-30 ) ) ;
#2693 = CARTESIAN_POINT ( 'NONE',  ( -4.209999999999999964, 1.093544532347108023, 4.546943621655961110 ) ) ;
#2694 = PLANE ( 'NONE',  #3247 ) ;
#2695 = ORIENTED_EDGE ( 'NONE', *, *, #705, .T. ) ;
#2696 = ORIENTED_EDGE ( 'NONE', *, *, #3557, .T. ) ;
#2697 = VECTOR ( 'NONE', #2557, 1000.000000000000000 ) ;
#2698 = CARTESIAN_POINT ( 'NONE',  ( 4.009999999999999787, 1.199999999999999956, 3.149999999999999911 ) ) ;
#2699 = VECTOR ( 'NONE', #1839, 1000.000000000000000 ) ;
#2700 = ORIENTED_EDGE ( 'NONE', *, *, #4421, .F. ) ;
#2701 = EDGE_CURVE ( 'NONE', #3494, #860, #1488, .T. ) ;
#2702 = VECTOR ( 'NONE', #3621, 1000.000000000000000 ) ;
#2703 = EDGE_LOOP ( 'NONE', ( #594, #773, #4123, #3077 ) ) ;
#2704 = CARTESIAN_POINT ( 'NONE',  ( -3.609999999999999876, 0.5967170114905639977, 5.129773133170560051 ) ) ;
#2705 = EDGE_CURVE ( 'NONE', #3983, #2430, #2026, .T. ) ;
#2706 = CARTESIAN_POINT ( 'NONE',  ( -4.209999999999999964, 1.199999999999999956, -4.200000000000000178 ) ) ;
#2707 = CARTESIAN_POINT ( 'NONE',  ( 4.009999999999999787, 3.949999999999999734, -2.870000000000000107 ) ) ;
#2708 = CARTESIAN_POINT ( 'NONE',  ( -3.609999999999999876, 1.199999999999999956, -4.221723315055990078 ) ) ;
#2709 = VERTEX_POINT ( 'NONE', #660 ) ;
#2710 = CARTESIAN_POINT ( 'NONE',  ( 3.409999999999999698, 0.5676618435584670497, -5.107478318675999773 ) ) ;
#2711 = ORIENTED_EDGE ( 'NONE', *, *, #292, .F. ) ;
#2712 = CARTESIAN_POINT ( 'NONE',  ( -1.070000000000000062, 2.391911860886269725, 3.557800634534129980 ) ) ;
#2713 = LINE ( 'NONE', #4089, #4065 ) ;
#2714 = LINE ( 'NONE', #4426, #176 ) ;
#2715 = LINE ( 'NONE', #4091, #3823 ) ;
#2716 = VECTOR ( 'NONE', #4144, 1000.000000000000114 ) ;
#2717 = ORIENTED_EDGE ( 'NONE', *, *, #3085, .T. ) ;
#2718 = VECTOR ( 'NONE', #582, 1000.000000000000000 ) ;
#2719 = EDGE_CURVE ( 'NONE', #2629, #4142, #2356, .T. ) ;
#2720 = ORIENTED_EDGE ( 'NONE', *, *, #813, .T. ) ;
#2721 = DIRECTION ( 'NONE',  ( 1.000000000000000000, 0.000000000000000000, -1.014973643126989991E-29 ) ) ;
#2722 = EDGE_CURVE ( 'NONE', #4318, #1287, #3103, .T. ) ;
#2723 = EDGE_CURVE ( 'NONE', #1293, #1115, #1303, .T. ) ;
#2724 = VECTOR ( 'NONE', #1226, 1000.000000000000000 ) ;
#2725 = AXIS2_PLACEMENT_3D ( 'NONE', #4351, #669, #4037 ) ;
#2726 = VECTOR ( 'NONE', #868, 1000.000000000000000 ) ;
#2727 = ORIENTED_EDGE ( 'NONE', *, *, #2774, .T. ) ;
#2728 = CARTESIAN_POINT ( 'NONE',  ( 1.704999999999999849, 3.949999999999999734, 2.870000000000000107 ) ) ;
#2729 = LINE ( 'NONE', #2458, #4376 ) ;
#2730 = CARTESIAN_POINT ( 'NONE',  ( 3.409999999999999698, 1.199999999999999956, 3.149999999999999911 ) ) ;
#2731 = PRODUCT_CONTEXT ( 'NONE', #2976, 'mechanical' ) ;
#2732 = DIRECTION ( 'NONE',  ( -1.000000000000000000, 0.000000000000000000, 1.015012064591186744E-29 ) ) ;
#2733 = VERTEX_POINT ( 'NONE', #1709 ) ;
#2734 = LINE ( 'NONE', #3702, #1530 ) ;
#2735 = ORIENTED_EDGE ( 'NONE', *, *, #3846, .T. ) ;
#2736 = LINE ( 'NONE', #1706, #3123 ) ;
#2737 = VECTOR ( 'NONE', #2565, 1000.000000000000114 ) ;
#2738 = CARTESIAN_POINT ( 'NONE',  ( -3.910000000000000142, 0.9199998752429049409, -4.200000000000000178 ) ) ;
#2739 = DIRECTION ( 'NONE',  ( 1.130555859698204296E-77, 1.000000000000000000, 1.113877062083229896E-48 ) ) ;
#2740 = DIRECTION ( 'NONE',  ( 0.000000000000000000, -0.7933533402912337218, 0.6087614290087224322 ) ) ;
#2741 = ORIENTED_EDGE ( 'NONE', *, *, #3790, .F. ) ;
#2742 = ORIENTED_EDGE ( 'NONE', *, *, #1966, .T. ) ;
#2743 = DIRECTION ( 'NONE',  ( -1.000000000000000000, 3.531817991034325100E-30, 5.546981613096929443E-30 ) ) ;
#2744 = VECTOR ( 'NONE', #520, 1000.000000000000000 ) ;
#2745 = CIRCLE ( 'NONE', #3895, 0.5500000000000002665 ) ;
#2746 = AXIS2_PLACEMENT_3D ( 'NONE', #3535, #4232, #468 ) ;
#2747 = ORIENTED_EDGE ( 'NONE', *, *, #426, .F. ) ;
#2748 = FILL_AREA_STYLE ('',( #4124 ) ) ;
#2749 = DIRECTION ( 'NONE',  ( 1.000000000000000000, 0.000000000000000000, -1.014973643126989991E-29 ) ) ;
#2750 = CIRCLE ( 'NONE', #4268, 0.5500000000000002665 ) ;
#2751 = CARTESIAN_POINT ( 'NONE',  ( 4.009999999999999787, 0.2802667518457296891, 5.500000000000000000 ) ) ;
#2752 = CARTESIAN_POINT ( 'NONE',  ( -1.369999999999999885, 0.7102117398512820534, 4.485841490192609804 ) ) ;
#2753 = EDGE_LOOP ( 'NONE', ( #544, #1764, #3445, #3896 ) ) ;
#2754 = DIRECTION ( 'NONE',  ( -1.000000000000000000, 0.000000000000000000, 1.014973643126989991E-29 ) ) ;
#2755 = PLANE ( 'NONE',  #1678 ) ;
#2756 = EDGE_CURVE ( 'NONE', #3540, #1852, #3792, .T. ) ;
#2757 = VECTOR ( 'NONE', #921, 1000.000000000000000 ) ;
#2758 = CARTESIAN_POINT ( 'NONE',  ( -1.070000000000000062, 2.391911860886269725, -3.557800634534129980 ) ) ;
#2759 = DIRECTION ( 'NONE',  ( -1.014973643126989991E-29, 0.000000000000000000, -1.000000000000000000 ) ) ;
#2760 = EDGE_CURVE ( 'NONE', #608, #3407, #3771, .T. ) ;
#2761 = DIRECTION ( 'NONE',  ( 0.000000000000000000, 1.000000000000000000, 0.000000000000000000 ) ) ;
#2762 = ORIENTED_EDGE ( 'NONE', *, *, #1927, .F. ) ;
#2763 = CARTESIAN_POINT ( 'NONE',  ( 3.409999999999999698, 0.6199999999999999956, -4.199726404968139981 ) ) ;
#2764 = EDGE_LOOP ( 'NONE', ( #556, #2003, #3712, #2969 ) ) ;
#2765 = DIRECTION ( 'NONE',  ( 1.000000000000000000, -3.424510003532624963E-31, -9.682692197804120021E-30 ) ) ;
#2766 = ORIENTED_EDGE ( 'NONE', *, *, #1273, .F. ) ;
#2767 = CARTESIAN_POINT ( 'NONE',  ( 3.710000000000000409, 5.849999999999999645, 3.149999999999999911 ) ) ;
#2768 = VERTEX_POINT ( 'NONE', #3073 ) ;
#2769 = SURFACE_SIDE_STYLE ('',( #66 ) ) ;
#2770 = VECTOR ( 'NONE', #4277, 1000.000000000000000 ) ;
#2771 = VERTEX_POINT ( 'NONE', #2339 ) ;
#2772 = DIRECTION ( 'NONE',  ( -1.014007613118478321E-29, -0.04361938736533689520, -0.9990482215818576872 ) ) ;
#2773 = ADVANCED_FACE ( 'NONE', ( #9 ), #1981, .F. ) ;
#2774 = EDGE_CURVE ( 'NONE', #2610, #1909, #4049, .T. ) ;
#2775 = DIRECTION ( 'NONE',  ( 0.000000000000000000, 0.8064446042674814352, 0.5913096483635837952 ) ) ;
#2776 = CARTESIAN_POINT ( 'NONE',  ( -4.209999999999999964, 0.4022736538311170729, -4.582933995764480350 ) ) ;
#2777 = ORIENTED_EDGE ( 'NONE', *, *, #1636, .F. ) ;
#2778 = PLANE ( 'NONE',  #894 ) ;
#2779 = DIRECTION ( 'NONE',  ( 0.000000000000000000, 1.000000000000000000, 0.000000000000000000 ) ) ;
#2780 = CARTESIAN_POINT ( 'NONE',  ( -3.910000000000000142, 0.5065052716392820509, 4.843658047946089340 ) ) ;
#2781 = DIRECTION ( 'NONE',  ( 1.142846965504326407E-45, 1.000000000000000000, 1.125986840390630024E-16 ) ) ;
#2782 = ORIENTED_EDGE ( 'NONE', *, *, #126, .F. ) ;
#2783 = CARTESIAN_POINT ( 'NONE',  ( -1.670000000000000151, 0.5065052716392820509, 4.843658047946089340 ) ) ;
#2784 = ORIENTED_EDGE ( 'NONE', *, *, #3363, .F. ) ;
#2785 = DIRECTION ( 'NONE',  ( 1.014973643126989991E-29, -5.968940992608359498E-17, 1.000000000000000000 ) ) ;
#2786 = CARTESIAN_POINT ( 'NONE',  ( 3.710000000000000409, 0.5676618435584670497, -5.107478318675999773 ) ) ;
#2787 = DIRECTION ( 'NONE',  ( 1.014973643126989991E-29, 5.968940992608359498E-17, 1.000000000000000000 ) ) ;
#2788 = FACE_OUTER_BOUND ( 'NONE', #2621, .T. ) ;
#2789 = VERTEX_POINT ( 'NONE', #2693 ) ;
#2790 = DIRECTION ( 'NONE',  ( 0.000000000000000000, 1.000000000000000000, 0.000000000000000000 ) ) ;
#2791 = ORIENTED_EDGE ( 'NONE', *, *, #2072, .F. ) ;
#2792 = CARTESIAN_POINT ( 'NONE',  ( 1.704999999999999849, 3.949999999999999734, -3.149999999999999911 ) ) ;
#2793 = AXIS2_PLACEMENT_3D ( 'NONE', #3046, #3065, #3311 ) ;
#2794 = AXIS2_PLACEMENT_3D ( 'NONE', #3436, #688, #4410 ) ;
#2795 = DIRECTION ( 'NONE',  ( 0.000000000000000000, -0.7933533402912341659, 0.6087614290087219882 ) ) ;
#2796 = CARTESIAN_POINT ( 'NONE',  ( 6.850000000000000533, 0.2999999999999999889, 4.200000000000000178 ) ) ;
#2797 = CARTESIAN_POINT ( 'NONE',  ( -3.609999999999999876, 0.2802667518457296891, -5.500000000000000000 ) ) ;
#2798 = EDGE_CURVE ( 'NONE', #1961, #2039, #1814, .T. ) ;
#2799 = CARTESIAN_POINT ( 'NONE',  ( -1.369999999999999885, 0.6199999999999999956, 4.199726404968139981 ) ) ;
#2800 = EDGE_CURVE ( 'NONE', #2946, #3515, #700, .T. ) ;
#2801 = CARTESIAN_POINT ( 'NONE',  ( 0.000000000000000000, 0.2999999999999999889, 0.000000000000000000 ) ) ;
#2802 = DIRECTION ( 'NONE',  ( 0.000000000000000000, -0.7933533402912341659, -0.6087614290087219882 ) ) ;
#2803 = ORIENTED_EDGE ( 'NONE', *, *, #1565, .T. ) ;
#2804 = LINE ( 'NONE', #3210, #325 ) ;
#2805 = ORIENTED_EDGE ( 'NONE', *, *, #3429, .F. ) ;
#2806 = DIRECTION ( 'NONE',  ( -6.058317784877738483E-46, -1.000000000000000000, -5.968940992608359498E-17 ) ) ;
#2807 = DIRECTION ( 'NONE',  ( 1.000000000000000000, -3.391264237944545229E-31, -1.059169459135973194E-29 ) ) ;
#2808 = DIRECTION ( 'NONE',  ( -1.014976292883141448E-29, 0.000000000000000000, -1.000000000000000000 ) ) ;
#2809 = CARTESIAN_POINT ( 'NONE',  ( 4.009999999999999787, 0.5676618435584670497, 5.107478318675999773 ) ) ;
#2810 = EDGE_LOOP ( 'NONE', ( #724, #3657, #437, #4385 ) ) ;
#2811 = CARTESIAN_POINT ( 'NONE',  ( -6.250000000000000000, 0.4000000000000000222, 3.100000000000000089 ) ) ;
#2812 = CIRCLE ( 'NONE', #245, 0.2999999999999999889 ) ;
#2813 = VERTEX_POINT ( 'NONE', #3390 ) ;
#2814 = CARTESIAN_POINT ( 'NONE',  ( 4.009999999999999787, 1.199999999999999956, -4.625000000000000000 ) ) ;
#2815 = VECTOR ( 'NONE', #2438, 1000.000000000000000 ) ;
#2816 = VECTOR ( 'NONE', #3951, 1000.000000000000000 ) ;
#2817 = DIRECTION ( 'NONE',  ( 0.000000000000000000, 0.000000000000000000, 1.000000000000000000 ) ) ;
#2818 = CARTESIAN_POINT ( 'NONE',  ( -3.609999999999999876, 5.849999999999999645, 2.870000000000000107 ) ) ;
#2819 = CARTESIAN_POINT ( 'NONE',  ( -3.910000000000000142, 0.6499999999999930278, 4.221723315055990078 ) ) ;
#2820 = CLOSED_SHELL ( 'NONE', ( #810, #2228, #1307, #1729, #2900, #2445, #1399, #2193, #755, #1705, #3193, #1239, #480, #583, #2907, #898, #2341, #2290, #3238, #534, #1585, #389, #69, #3960, #4099, #3011, #384, #3133, #1596, #3230, #333, #155, #3056, #2576, #782, #4121, #70, #4431, #3465, #285, #2584, #2993, #3625, #2632, #54, #3455, #1449, #2363, #1795, #429, #2007, #3668, #1518, #1132, #1899, #1735, #2855, #2963, #291, #3294, #1468, #707, #3887, #402, #3852, #2997, #1692, #2566, #1614, #125, #946, #2909, #244, #2343, #584, #2335, #2563, #4039, #2654, #103, #1137, #18, #1566, #863, #991, #17, #2773, #316, #2558, #1078, #2310, #2031, #318, #568, #1272, #1283, #4098, #850, #3787, #3889, #4392, #2033, #1237, #1038, #919, #862, #3780, #2427, #4314, #2990, #3967, #3426, #942, #1187, #654, #1985, #1973, #1080, #3083, #1537, #191, #1110, #2498, #2493, #3698, #4029, #3491, #671, #2213, #1073, #61, #290, #3157, #3655, #3415, #3781, #1516, #2294, #1398, #2305, #2523, #3925, #189, #1563, #3627 ) ) ;
#2821 = VECTOR ( 'NONE', #2046, 1000.000000000000000 ) ;
#2822 = DIRECTION ( 'NONE',  ( 0.000000000000000000, 1.000000000000000000, 0.000000000000000000 ) ) ;
#2823 = DIRECTION ( 'NONE',  ( 4.427252850516337254E-31, -0.9990482215818576872, 0.04361938736533688826 ) ) ;
#2824 = DIRECTION ( 'NONE',  ( -9.679975680128922934E-30, 0.3007057995042720644, -0.9537169507482272657 ) ) ;
#2825 = ORIENTED_EDGE ( 'NONE', *, *, #1212, .T. ) ;
#2826 = PLANE ( 'NONE',  #1031 ) ;
#2827 = EDGE_LOOP ( 'NONE', ( #3755, #2609, #1605, #2882 ) ) ;
#2828 = AXIS2_PLACEMENT_3D ( 'NONE', #3129, #1069, #3493 ) ;
#2829 = EDGE_CURVE ( 'NONE', #416, #1341, #2714, .T. ) ;
#2830 = DIRECTION ( 'NONE',  ( 1.014970993370838534E-29, 0.000000000000000000, 1.000000000000000000 ) ) ;
#2831 = EDGE_CURVE ( 'NONE', #860, #3352, #100, .T. ) ;
#2832 = EDGE_CURVE ( 'NONE', #3006, #2981, #2812, .T. ) ;
#2833 = EDGE_CURVE ( 'NONE', #3005, #2447, #4112, .T. ) ;
#2834 = DIRECTION ( 'NONE',  ( -1.014973643126989991E-29, -9.408669700213189370E-17, -1.000000000000000000 ) ) ;
#2835 = ORIENTED_EDGE ( 'NONE', *, *, #917, .T. ) ;
#2836 = LINE ( 'NONE', #780, #1163 ) ;
#2837 = CARTESIAN_POINT ( 'NONE',  ( -4.209999999999999964, 2.391911860886269725, -3.557800634534129980 ) ) ;
#2838 = ORIENTED_EDGE ( 'NONE', *, *, #1404, .F. ) ;
#2839 = DIRECTION ( 'NONE',  ( 0.000000000000000000, -0.7933533402912341659, -0.6087614290087219882 ) ) ;
#2840 = ORIENTED_EDGE ( 'NONE', *, *, #3828, .F. ) ;
#2841 = DIRECTION ( 'NONE',  ( 1.000000000000000000, 0.000000000000000000, -1.014973643126989991E-29 ) ) ;
#2842 = VECTOR ( 'NONE', #2227, 1000.000000000000000 ) ;
#2843 = CARTESIAN_POINT ( 'NONE',  ( -1.070000000000000062, 1.093544532347108023, 4.546943621655961110 ) ) ;
#2844 = CARTESIAN_POINT ( 'NONE',  ( -6.850000000000000533, 1.950000000000000178, -4.200000000000000178 ) ) ;
#2845 = PLANE ( 'NONE',  #3976 ) ;
#2846 = DIRECTION ( 'NONE',  ( 0.000000000000000000, 0.8064446042674811022, -0.5913096483635842393 ) ) ;
#2847 = DIRECTION ( 'NONE',  ( 0.000000000000000000, -1.000000000000000000, -0.000000000000000000 ) ) ;
#2848 = CYLINDRICAL_SURFACE ( 'NONE', #1959, 0.2999999999999999889 ) ;
#2849 = VERTEX_POINT ( 'NONE', #1666 ) ;
#2850 = AXIS2_PLACEMENT_3D ( 'NONE', #4424, #4299, #327 ) ;
#2851 = CARTESIAN_POINT ( 'NONE',  ( -6.850000000000000533, 0.3499999999999999778, 4.200000000000000178 ) ) ;
#2852 = EDGE_LOOP ( 'NONE', ( #2140, #242, #3279, #3241 ) ) ;
#2853 = CARTESIAN_POINT ( 'NONE',  ( -3.910000000000000142, 0.6499999999999930278, 4.221723315055990078 ) ) ;
#2854 = CARTESIAN_POINT ( 'NONE',  ( -4.209999999999999964, 0.000000000000000000, -5.500000000000000000 ) ) ;
#2855 = ADVANCED_FACE ( 'NONE', ( #1000 ), #329, .T. ) ;
#2856 = FACE_OUTER_BOUND ( 'NONE', #1926, .T. ) ;
#2857 = CARTESIAN_POINT ( 'NONE',  ( -1.369999999999999885, 0.6499999999999930278, 4.221723315055990078 ) ) ;
#2858 = EDGE_CURVE ( 'NONE', #929, #2733, #2379, .T. ) ;
#2859 = VERTEX_POINT ( 'NONE', #3410 ) ;
#2860 = CARTESIAN_POINT ( 'NONE',  ( -3.910000000000000142, 0.02619400075898299304, 4.900058747840830620 ) ) ;
#2861 = EDGE_CURVE ( 'NONE', #513, #3862, #3316, .T. ) ;
#2862 = ORIENTED_EDGE ( 'NONE', *, *, #1431, .T. ) ;
#2863 = VECTOR ( 'NONE', #1760, 1000.000000000000000 ) ;
#2864 = PRODUCT_DEFINITION_SHAPE ( 'NONE', 'NONE',  #3573 ) ;
#2865 = CARTESIAN_POINT ( 'NONE',  ( -3.609999999999999876, 0.2802667518457296891, 5.500000000000000000 ) ) ;
#2866 = DIRECTION ( 'NONE',  ( 1.000000000000000000, -1.500109303829270425E-14, -1.014973643126989991E-29 ) ) ;
#2867 = DIRECTION ( 'NONE',  ( 1.000000000000000000, -3.547290346654140064E-30, -5.311842837370049895E-30 ) ) ;
#2868 = FACE_OUTER_BOUND ( 'NONE', #3600, .T. ) ;
#2869 = EDGE_CURVE ( 'NONE', #3749, #1853, #462, .T. ) ;
#2870 = AXIS2_PLACEMENT_3D ( 'NONE', #2885, #2867, #4266 ) ;
#2871 = DIRECTION ( 'NONE',  ( 0.000000000000000000, -0.7933533402912337218, -0.6087614290087224322 ) ) ;
#2872 = ORIENTED_EDGE ( 'NONE', *, *, #1082, .F. ) ;
#2873 = VECTOR ( 'NONE', #2560, 1000.000000000000000 ) ;
#2874 = CARTESIAN_POINT ( 'NONE',  ( 3.710000000000000409, 0.3587110094031937813, -4.947144704467943299 ) ) ;
#2875 = ORIENTED_EDGE ( 'NONE', *, *, #2896, .T. ) ;
#2876 = VERTEX_POINT ( 'NONE', #4203 ) ;
#2877 = CARTESIAN_POINT ( 'NONE',  ( 4.009999999999999787, 1.199999999999999956, -3.149999999999999911 ) ) ;
#2878 = CYLINDRICAL_SURFACE ( 'NONE', #3298, 0.5500000000000002665 ) ;
#2879 = DIRECTION ( 'NONE',  ( 1.000000000000000000, 0.000000000000000000, -1.014973643126989991E-29 ) ) ;
#2881 = ORIENTED_EDGE ( 'NONE', *, *, #292, .T. ) ;
#2880 = CIRCLE ( 'NONE', #3308, 0.5500000000000002665 ) ;
#2882 = ORIENTED_EDGE ( 'NONE', *, *, #524, .F. ) ;
#2883 = DIRECTION ( 'NONE',  ( 1.000000000000000000, -3.424510003532624963E-31, -9.682692197804120021E-30 ) ) ;
#2884 = DIRECTION ( 'NONE',  ( 0.000000000000000000, -0.7933533402912337218, -0.6087614290087224322 ) ) ;
#2885 = CARTESIAN_POINT ( 'NONE',  ( -3.609999999999999876, 0.6199999999999999956, 4.199726404968139981 ) ) ;
#2886 = VECTOR ( 'NONE', #457, 1000.000000000000000 ) ;
#2887 = VECTOR ( 'NONE', #4357, 1000.000000000000000 ) ;
#2888 = CIRCLE ( 'NONE', #1176, 0.5500000000000002665 ) ;
#2889 = CARTESIAN_POINT ( 'NONE',  ( -3.609999999999999876, 0.000000000000000000, 5.500000000000000000 ) ) ;
#2890 = LINE ( 'NONE', #3249, #3174 ) ;
#2891 = EDGE_LOOP ( 'NONE', ( #2189, #1560, #2612, #2717 ) ) ;
#2892 = CARTESIAN_POINT ( 'NONE',  ( -1.369999999999999885, 5.849999999999999645, 2.870000000000000107 ) ) ;
#2893 = VERTEX_POINT ( 'NONE', #119 ) ;
#2894 = EDGE_CURVE ( 'NONE', #4137, #2316, #139, .T. ) ;
#2895 = ORIENTED_EDGE ( 'NONE', *, *, #666, .F. ) ;
#2896 = EDGE_CURVE ( 'NONE', #355, #4086, #1742, .T. ) ;
#2897 = DIRECTION ( 'NONE',  ( 1.014973643126989991E-29, 9.408669700213189370E-17, 1.000000000000000000 ) ) ;
#2898 = LINE ( 'NONE', #2601, #2770 ) ;
#2899 = AXIS2_PLACEMENT_3D ( 'NONE', #2021, #354, #2740 ) ;
#2900 = ADVANCED_FACE ( 'NONE', ( #1461 ), #2110, .F. ) ;
#2901 = DIRECTION ( 'NONE',  ( -1.000000000000000000, 0.000000000000000000, 1.014973643126989991E-29 ) ) ;
#2902 = CARTESIAN_POINT ( 'NONE',  ( -1.070000000000000062, 0.03498376480335903260, 4.698740052942419254 ) ) ;
#2903 = ORIENTED_EDGE ( 'NONE', *, *, #3041, .T. ) ;
#2904 = ORIENTED_EDGE ( 'NONE', *, *, #3320, .F. ) ;
#2905 = CARTESIAN_POINT ( 'NONE',  ( -4.209999999999999964, 3.949999999999999734, -2.870000000000000107 ) ) ;
#2906 = CARTESIAN_POINT ( 'NONE',  ( -6.309999999999999609, 6.599999999999999645, -3.575000000000000178 ) ) ;
#2907 = ADVANCED_FACE ( 'NONE', ( #1125 ), #76, .T. ) ;
#2908 = CYLINDRICAL_SURFACE ( 'NONE', #1512, 0.5500000000000003775 ) ;
#2909 = ADVANCED_FACE ( 'NONE', ( #1102 ), #3162, .F. ) ;
#2910 = AXIS2_PLACEMENT_3D ( 'NONE', #1020, #2570, #877 ) ;
#2911 = DIRECTION ( 'NONE',  ( -1.000000000000000000, 0.000000000000000000, 8.797329830628243049E-17 ) ) ;
#2912 = CARTESIAN_POINT ( 'NONE',  ( -6.850000000000000533, 0.3499999999999999778, 4.200000000000000178 ) ) ;
#2913 = ORIENTED_EDGE ( 'NONE', *, *, #950, .F. ) ;
#2914 = CARTESIAN_POINT ( 'NONE',  ( -3.910000000000000142, 0.3587110094031937813, -4.947144704467943299 ) ) ;
#2915 = ORIENTED_EDGE ( 'NONE', *, *, #1539, .T. ) ;
#2916 = VERTEX_POINT ( 'NONE', #436 ) ;
#2917 = ADVANCED_BREP_SHAPE_REPRESENTATION ( 'tes1-single_3d-drawing', ( #3696, #4331 ), #1174 ) ;
#2918 = CARTESIAN_POINT ( 'NONE',  ( -3.910000000000000142, 0.8619333812802446593, -4.377119299477215009 ) ) ;
#2919 = DIRECTION ( 'NONE',  ( 1.130555859698204296E-77, 1.000000000000000000, 1.113877062083229896E-48 ) ) ;
#2920 = VERTEX_POINT ( 'NONE', #1776 ) ;
#2921 = DIRECTION ( 'NONE',  ( 1.000000000000000000, -3.531817991034325100E-30, -5.546981613096929443E-30 ) ) ;
#2922 = PLANE ( 'NONE',  #2488 ) ;
#2923 = ORIENTED_EDGE ( 'NONE', *, *, #1601, .F. ) ;
#2924 = ORIENTED_EDGE ( 'NONE', *, *, #4358, .T. ) ;
#2925 = CARTESIAN_POINT ( 'NONE',  ( -6.360000000000000320, 1.950708217522779897, -3.706153689933370021 ) ) ;
#2926 = AXIS2_PLACEMENT_3D ( 'NONE', #2175, #1147, #2846 ) ;
#2927 = CARTESIAN_POINT ( 'NONE',  ( -6.676794919243109305, 6.899999999999999467, 2.100000000000000089 ) ) ;
#2928 = CARTESIAN_POINT ( 'NONE',  ( 4.009999999999999787, 4.450000000000000178, 2.870000000000000107 ) ) ;
#2929 = CARTESIAN_POINT ( 'NONE',  ( -3.609999999999999876, 0.3587110094031937813, 4.947144704467943299 ) ) ;
#2930 = ORIENTED_EDGE ( 'NONE', *, *, #2529, .F. ) ;
#2931 = CARTESIAN_POINT ( 'NONE',  ( 3.409999999999999698, 1.199999999999999956, -4.200000000000000178 ) ) ;
#2932 = ORIENTED_EDGE ( 'NONE', *, *, #779, .F. ) ;
#2933 = EDGE_LOOP ( 'NONE', ( #1129, #1584, #633, #1937 ) ) ;
#2934 = VECTOR ( 'NONE', #2772, 1000.000000000000114 ) ;
#2935 = VECTOR ( 'NONE', #4120, 1000.000000000000000 ) ;
#2936 = DIRECTION ( 'NONE',  ( 0.000000000000000000, -0.7933533402912341659, -0.6087614290087219882 ) ) ;
#2937 = CARTESIAN_POINT ( 'NONE',  ( 3.409999999999999698, 2.391911860886269725, 3.557800634534129980 ) ) ;
#2938 = LINE ( 'NONE', #4317, #3616 ) ;
#2939 = ORIENTED_EDGE ( 'NONE', *, *, #3340, .T. ) ;
#2940 = ORIENTED_EDGE ( 'NONE', *, *, #3930, .T. ) ;
#2941 = CARTESIAN_POINT ( 'NONE',  ( 6.309999999999999609, 6.599999999999999645, 3.575000000000000178 ) ) ;
#2942 = DIRECTION ( 'NONE',  ( -0.01744974916068270723, 0.9996954598818874604, -0.01744974916068270723 ) ) ;
#2943 = ORIENTED_EDGE ( 'NONE', *, *, #13, .T. ) ;
#2944 = VERTEX_POINT ( 'NONE', #4155 ) ;
#2945 = EDGE_CURVE ( 'NONE', #589, #3481, #1084, .T. ) ;
#2946 = VERTEX_POINT ( 'NONE', #3861 ) ;
#2947 = DIRECTION ( 'NONE',  ( 0.000000000000000000, 0.8064446042674814352, 0.5913096483635837952 ) ) ;
#2948 = DIRECTION ( 'NONE',  ( -1.014973643126989991E-29, 0.000000000000000000, -1.000000000000000000 ) ) ;
#2949 = CARTESIAN_POINT ( 'NONE',  ( -3.910000000000000142, 0.4022736538311170174, -4.582933995764480350 ) ) ;
#2950 = CARTESIAN_POINT ( 'NONE',  ( -4.209999999999999964, 0.6199999999999999956, 4.199726404968139981 ) ) ;
#2951 = ORIENTED_EDGE ( 'NONE', *, *, #1655, .T. ) ;
#2952 = LINE ( 'NONE', #903, #3466 ) ;
#2953 = VECTOR ( 'NONE', #95, 1000.000000000000000 ) ;
#2954 = ORIENTED_EDGE ( 'NONE', *, *, #4185, .F. ) ;
#2955 = VECTOR ( 'NONE', #563, 1000.000000000000114 ) ;
#2956 = ORIENTED_EDGE ( 'NONE', *, *, #1372, .F. ) ;
#2957 = VECTOR ( 'NONE', #321, 999.9999999999998863 ) ;
#2958 =( GEOMETRIC_REPRESENTATION_CONTEXT ( 3 ) GLOBAL_UNCERTAINTY_ASSIGNED_CONTEXT ( ( #4195 ) ) GLOBAL_UNIT_ASSIGNED_CONTEXT ( ( #3087, #1382, #1680 ) ) REPRESENTATION_CONTEXT ( 'NONE', 'WORKASPACE' ) );
#2959 = DIRECTION ( 'NONE',  ( 0.000000000000000000, 0.8064446042674811022, 0.5913096483635842393 ) ) ;
#2960 = LINE ( 'NONE', #549, #916 ) ;
#2961 = DIRECTION ( 'NONE',  ( 0.000000000000000000, 1.000000000000000000, 0.000000000000000000 ) ) ;
#2962 = ORIENTED_EDGE ( 'NONE', *, *, #3651, .T. ) ;
#2963 = ADVANCED_FACE ( 'NONE', ( #795 ), #3452, .T. ) ;
#2964 = EDGE_CURVE ( 'NONE', #3274, #1832, #3139, .T. ) ;
#2965 = EDGE_CURVE ( 'NONE', #3869, #513, #3820, .T. ) ;
#2966 = ORIENTED_EDGE ( 'NONE', *, *, #4126, .F. ) ;
#2967 = VECTOR ( 'NONE', #1689, 1000.000000000000114 ) ;
#2968 = CARTESIAN_POINT ( 'NONE',  ( -1.670000000000000151, 1.199999999999999956, 4.625000000000000000 ) ) ;
#2969 = ORIENTED_EDGE ( 'NONE', *, *, #2529, .T. ) ;
#2970 = ORIENTED_EDGE ( 'NONE', *, *, #2831, .T. ) ;
#2971 = VECTOR ( 'NONE', #3135, 1000.000000000000000 ) ;
#2972 = AXIS2_PLACEMENT_3D ( 'NONE', #71, #4082, #3403 ) ;
#2973 = EDGE_LOOP ( 'NONE', ( #4139, #551, #4323, #4116 ) ) ;
#2974 = DIRECTION ( 'NONE',  ( 1.000000000000000000, 0.000000000000000000, -1.014973643126989991E-29 ) ) ;
#2975 = CARTESIAN_POINT ( 'NONE',  ( 3.409999999999999698, 2.391911860886269725, -3.557800634534129980 ) ) ;
#2976 = APPLICATION_CONTEXT ( 'automotive_design' ) ;
#2977 = DIRECTION ( 'NONE',  ( -3.052084608322652108E-30, 0.9537169507482271547, -0.3007057995042720644 ) ) ;
#2978 = CARTESIAN_POINT ( 'NONE',  ( -3.609999999999999876, 0.5967170114905639977, -5.129773133170560051 ) ) ;
#2979 = ORIENTED_EDGE ( 'NONE', *, *, #2964, .T. ) ;
#2980 = CARTESIAN_POINT ( 'NONE',  ( 6.850000000000000533, 1.950000000000000178, 4.200000000000000178 ) ) ;
#2981 = VERTEX_POINT ( 'NONE', #2152 ) ;
#2982 = ORIENTED_EDGE ( 'NONE', *, *, #3195, .F. ) ;
#2983 = CARTESIAN_POINT ( 'NONE',  ( -1.070000000000000062, 0.5065052716392820509, 4.843658047946089340 ) ) ;
#2984 = FACE_OUTER_BOUND ( 'NONE', #4119, .T. ) ;
#2985 = VECTOR ( 'NONE', #2847, 1000.000000000000000 ) ;
#2986 = FACE_OUTER_BOUND ( 'NONE', #1160, .T. ) ;
#2987 = ORIENTED_EDGE ( 'NONE', *, *, #986, .F. ) ;
#2988 = VERTEX_POINT ( 'NONE', #2446 ) ;
#2989 = EDGE_CURVE ( 'NONE', #2135, #122, #3883, .T. ) ;
#2990 = ADVANCED_FACE ( 'NONE', ( #2467 ), #3840, .F. ) ;
#2991 = DIRECTION ( 'NONE',  ( 0.000000000000000000, 0.8064446042674814352, 0.5913096483635837952 ) ) ;
#2992 = EDGE_CURVE ( 'NONE', #3977, #785, #1840, .T. ) ;
#2993 = ADVANCED_FACE ( 'NONE', ( #3187 ), #2848, .F. ) ;
#2994 = ORIENTED_EDGE ( 'NONE', *, *, #1374, .F. ) ;
#2995 = EDGE_CURVE ( 'NONE', #1323, #625, #839, .T. ) ;
#2996 = EDGE_CURVE ( 'NONE', #3862, #2555, #901, .T. ) ;
#2997 = ADVANCED_FACE ( 'NONE', ( #164 ), #1525, .T. ) ;
#2998 = VERTEX_POINT ( 'NONE', #2929 ) ;
#2999 = CARTESIAN_POINT ( 'NONE',  ( -1.070000000000000062, 0.6199999999999999956, 4.199726404968139981 ) ) ;
#3000 = CYLINDRICAL_SURFACE ( 'NONE', #2793, 0.5500000000000003775 ) ;
#3001 = LINE ( 'NONE', #228, #2718 ) ;
#3002 = CARTESIAN_POINT ( 'NONE',  ( -4.209999999999999964, 0.03498376480335903260, 4.698740052942419254 ) ) ;
#3003 = ORIENTED_EDGE ( 'NONE', *, *, #3240, .F. ) ;
#3004 = DIRECTION ( 'NONE',  ( -1.000000000000000000, 0.000000000000000000, 1.015012064591186744E-29 ) ) ;
#3005 = VERTEX_POINT ( 'NONE', #3632 ) ;
#3006 = VERTEX_POINT ( 'NONE', #3997 ) ;
#3007 = VECTOR ( 'NONE', #1111, 1000.000000000000000 ) ;
#3008 = EDGE_CURVE ( 'NONE', #1785, #2166, #3653, .T. ) ;
#3009 = LINE ( 'NONE', #2355, #2624 ) ;
#3010 = DIRECTION ( 'NONE',  ( -1.000000000000000000, 3.531817991034325100E-30, 1.475249124944287038E-29 ) ) ;
#3011 = ADVANCED_FACE ( 'NONE', ( #1949, #543 ), #1278, .T. ) ;
#3012 = LINE ( 'NONE', #3640, #4196 ) ;
#3013 = EDGE_LOOP ( 'NONE', ( #3376, #4377, #4293, #3362 ) ) ;
#3014 = VECTOR ( 'NONE', #2830, 1000.000000000000000 ) ;
#3015 = EDGE_LOOP ( 'NONE', ( #2605, #3165, #2234, #2720 ) ) ;
#3016 = CARTESIAN_POINT ( 'NONE',  ( -4.209999999999999964, 1.093544532347108023, -4.546943621655961110 ) ) ;
#3017 = ORIENTED_EDGE ( 'NONE', *, *, #1565, .F. ) ;
#3018 = ORIENTED_EDGE ( 'NONE', *, *, #3051, .F. ) ;
#3019 = CARTESIAN_POINT ( 'NONE',  ( 6.441153689933369897, 1.950708217522779897, -3.625000000000000000 ) ) ;
#3020 = EDGE_CURVE ( 'NONE', #1134, #1961, #2890, .T. ) ;
#3021 = FACE_OUTER_BOUND ( 'NONE', #4347, .T. ) ;
#3022 = EDGE_CURVE ( 'NONE', #1630, #1733, #1191, .T. ) ;
#3023 = PLANE ( 'NONE',  #1048 ) ;
#3024 = DIRECTION ( 'NONE',  ( 1.000000000000000000, 0.000000000000000000, -1.014973643126989991E-29 ) ) ;
#3025 = VERTEX_POINT ( 'NONE', #585 ) ;
#3026 = CARTESIAN_POINT ( 'NONE',  ( 3.409999999999999698, 0.5065052716392820509, -4.843658047946089340 ) ) ;
#3027 = VERTEX_POINT ( 'NONE', #1590 ) ;
#3028 = EDGE_LOOP ( 'NONE', ( #732, #762, #4030, #3569 ) ) ;
#3029 = CARTESIAN_POINT ( 'NONE',  ( -3.609999999999999876, 0.5065052716392820509, 4.843658047946089340 ) ) ;
#3030 = DIRECTION ( 'NONE',  ( 1.000000000000000000, 0.000000000000000000, -1.014973643126989991E-29 ) ) ;
#3031 = DIRECTION ( 'NONE',  ( -3.052084608322652459E-30, -0.9537169507482272657, -0.3007057995042720644 ) ) ;
#3032 = VECTOR ( 'NONE', #229, 1000.000000000000114 ) ;
#3033 = EDGE_CURVE ( 'NONE', #2398, #1451, #1378, .T. ) ;
#3034 = FACE_OUTER_BOUND ( 'NONE', #199, .T. ) ;
#3035 = ORIENTED_EDGE ( 'NONE', *, *, #940, .F. ) ;
#3036 = EDGE_CURVE ( 'NONE', #4035, #2640, #3313, .T. ) ;
#3037 = VECTOR ( 'NONE', #3156, 1000.000000000000000 ) ;
#3038 = VERTEX_POINT ( 'NONE', #207 ) ;
#3039 = FACE_OUTER_BOUND ( 'NONE', #842, .T. ) ;
#3040 = VERTEX_POINT ( 'NONE', #253 ) ;
#3041 = EDGE_CURVE ( 'NONE', #4142, #122, #4309, .T. ) ;
#3042 = AXIS2_PLACEMENT_3D ( 'NONE', #2417, #1122, #1482 ) ;
#3043 = ORIENTED_EDGE ( 'NONE', *, *, #1708, .F. ) ;
#3044 = DIRECTION ( 'NONE',  ( 1.000000000000000000, -3.547290346654140064E-30, -5.311842837370049895E-30 ) ) ;
#3045 = VECTOR ( 'NONE', #3419, 1000.000000000000000 ) ;
#3046 = CARTESIAN_POINT ( 'NONE',  ( 3.710000000000000409, 0.6499999999999930278, -4.221723315055990078 ) ) ;
#3047 = CARTESIAN_POINT ( 'NONE',  ( -3.609999999999999876, 0.01818532168844502403, -5.083487655625070545 ) ) ;
#3048 = LINE ( 'NONE', #993, #891 ) ;
#3049 = ORIENTED_EDGE ( 'NONE', *, *, #1967, .F. ) ;
#3050 = LINE ( 'NONE', #301, #3747 ) ;
#3051 = EDGE_CURVE ( 'NONE', #1558, #3006, #529, .T. ) ;
#3052 = DIRECTION ( 'NONE',  ( -1.000000000000000000, 3.424510003532624963E-31, 9.682692197804120021E-30 ) ) ;
#3053 = LINE ( 'NONE', #1917, #3275 ) ;
#3054 = DIRECTION ( 'NONE',  ( 0.000000000000000000, -0.7933533402912341659, -0.6087614290087219882 ) ) ;
#3055 = DIRECTION ( 'NONE',  ( -1.000000000000000000, 0.000000000000000000, 1.014973643126989991E-29 ) ) ;
#3056 = ADVANCED_FACE ( 'NONE', ( #1228 ), #4355, .T. ) ;
#3057 = DIRECTION ( 'NONE',  ( 0.000000000000000000, -1.000000000000000000, -0.000000000000000000 ) ) ;
#3058 = ORIENTED_EDGE ( 'NONE', *, *, #778, .T. ) ;
#3059 = ORIENTED_EDGE ( 'NONE', *, *, #4097, .T. ) ;
#3060 = AXIS2_PLACEMENT_3D ( 'NONE', #280, #1365, #4404 ) ;
#3061 = CARTESIAN_POINT ( 'NONE',  ( -1.369999999999999885, 1.199999999999999956, 4.221723315055990078 ) ) ;
#3062 = VECTOR ( 'NONE', #1490, 1000.000000000000000 ) ;
#3063 = VERTEX_POINT ( 'NONE', #4289 ) ;
#3064 = DIRECTION ( 'NONE',  ( 0.000000000000000000, -0.7933533402912341659, -0.6087614290087219882 ) ) ;
#3065 = DIRECTION ( 'NONE',  ( -1.000000000000000000, 0.000000000000000000, 1.014973643126989991E-29 ) ) ;
#3066 = DIRECTION ( 'NONE',  ( 0.000000000000000000, 1.000000000000000000, 0.000000000000000000 ) ) ;
#3067 = DIRECTION ( 'NONE',  ( 0.000000000000000000, 1.000000000000000000, 0.000000000000000000 ) ) ;
#3068 = ORIENTED_EDGE ( 'NONE', *, *, #153, .T. ) ;
#3069 = CARTESIAN_POINT ( 'NONE',  ( -3.609999999999999876, 2.391911860886269725, -3.557800634534129980 ) ) ;
#3070 = ORIENTED_EDGE ( 'NONE', *, *, #1541, .F. ) ;
#3071 = DIRECTION ( 'NONE',  ( 1.000000000000000000, 0.000000000000000000, -1.014973643126989991E-29 ) ) ;
#3072 = FACE_OUTER_BOUND ( 'NONE', #4170, .T. ) ;
#3073 = CARTESIAN_POINT ( 'NONE',  ( -1.070000000000000062, 0.3587110094031937813, 4.947144704467943299 ) ) ;
#3074 = CARTESIAN_POINT ( 'NONE',  ( 3.790535674852249077E-45, 7.200000000000000178, 3.734614884357140055E-16 ) ) ;
#3075 = VECTOR ( 'NONE', #2116, 1000.000000000000000 ) ;
#3076 = ORIENTED_EDGE ( 'NONE', *, *, #2157, .F. ) ;
#3077 = ORIENTED_EDGE ( 'NONE', *, *, #3561, .T. ) ;
#3078 = CYLINDRICAL_SURFACE ( 'NONE', #1223, 0.2999999999999999889 ) ;
#3079 = CIRCLE ( 'NONE', #12, 0.2999999999999999889 ) ;
#3080 = AXIS2_PLACEMENT_3D ( 'NONE', #2408, #2743, #4031 ) ;
#3081 = ORIENTED_EDGE ( 'NONE', *, *, #1215, .F. ) ;
#3082 =( NAMED_UNIT ( * ) PLANE_ANGLE_UNIT ( ) SI_UNIT ( $, .RADIAN. ) );
#3083 = ADVANCED_FACE ( 'NONE', ( #1208 ), #501, .F. ) ;
#3084 = DIRECTION ( 'NONE',  ( 0.000000000000000000, -1.000000000000000000, -0.000000000000000000 ) ) ;
#3085 = EDGE_CURVE ( 'NONE', #1832, #2307, #3926, .T. ) ;
#3086 = FACE_OUTER_BOUND ( 'NONE', #798, .T. ) ;
#3087 =( LENGTH_UNIT ( ) NAMED_UNIT ( * ) SI_UNIT ( .MILLI., .METRE. ) );
#3088 = LINE ( 'NONE', #2395, #465 ) ;
#3089 = ORIENTED_EDGE ( 'NONE', *, *, #3988, .F. ) ;
#3090 = DIRECTION ( 'NONE',  ( 0.008726203243944226015, 0.9999238504775704861, 0.008726203243944226015 ) ) ;
#3091 = FACE_OUTER_BOUND ( 'NONE', #1324, .T. ) ;
#3092 = LINE ( 'NONE', #2418, #4282 ) ;
#3093 = AXIS2_PLACEMENT_3D ( 'NONE', #2543, #4190, #1515 ) ;
#3094 = DIRECTION ( 'NONE',  ( -1.000000000000000000, 0.000000000000000000, 1.014973643126989991E-29 ) ) ;
#3095 = DIRECTION ( 'NONE',  ( 0.000000000000000000, -0.7933533402912337218, -0.6087614290087224322 ) ) ;
#3096 = ORIENTED_EDGE ( 'NONE', *, *, #3502, .T. ) ;
#3097 = DIRECTION ( 'NONE',  ( -0.01744974916068270723, 0.9996954598818874604, 0.01744974916068270723 ) ) ;
#3098 = ORIENTED_EDGE ( 'NONE', *, *, #2894, .F. ) ;
#3099 = EDGE_LOOP ( 'NONE', ( #216, #3670, #704, #3916 ) ) ;
#3100 = CYLINDRICAL_SURFACE ( 'NONE', #4013, 0.5500000000000002665 ) ;
#3101 = EDGE_CURVE ( 'NONE', #1832, #3977, #3587, .T. ) ;
#3102 = EDGE_CURVE ( 'NONE', #3063, #2398, #3894, .T. ) ;
#3103 = CIRCLE ( 'NONE', #746, 0.5000000000000004441 ) ;
#3104 = AXIS2_PLACEMENT_3D ( 'NONE', #835, #2883, #4262 ) ;
#3105 = ORIENTED_EDGE ( 'NONE', *, *, #380, .F. ) ;
#3106 = VERTEX_POINT ( 'NONE', #3342 ) ;
#3107 = LINE ( 'NONE', #409, #1437 ) ;
#3108 = DIRECTION ( 'NONE',  ( 0.000000000000000000, 0.8064446042674811022, 0.5913096483635842393 ) ) ;
#3109 = LINE ( 'NONE', #812, #4187 ) ;
#3110 = ORIENTED_EDGE ( 'NONE', *, *, #3561, .F. ) ;
#3111 = SURFACE_STYLE_USAGE ( .BOTH. , #4151 ) ;
#3112 = CARTESIAN_POINT ( 'NONE',  ( 3.409999999999999698, 0.7102118646442640015, 4.485841450845530431 ) ) ;
#3113 = CIRCLE ( 'NONE', #899, 0.2999999999999999889 ) ;
#3114 = DIRECTION ( 'NONE',  ( 9.679975680128922934E-30, -0.3007057995042720644, 0.9537169507482272657 ) ) ;
#3115 = DIRECTION ( 'NONE',  ( 1.014973643126989991E-29, 0.000000000000000000, 1.000000000000000000 ) ) ;
#3116 = CARTESIAN_POINT ( 'NONE',  ( 3.409999999999999698, 0.5676618435584670497, 5.107478318675999773 ) ) ;
#3117 = ORIENTED_EDGE ( 'NONE', *, *, #2660, .T. ) ;
#3118 = CARTESIAN_POINT ( 'NONE',  ( 6.439192398919240112, 2.063070504469210142, -3.704192398919230023 ) ) ;
#3119 = ORIENTED_EDGE ( 'NONE', *, *, #3710, .T. ) ;
#3120 = DIRECTION ( 'NONE',  ( 0.000000000000000000, 1.000000000000000000, 0.000000000000000000 ) ) ;
#3121 = DIRECTION ( 'NONE',  ( 0.000000000000000000, 0.8064446042674814352, 0.5913096483635837952 ) ) ;
#3122 = EDGE_CURVE ( 'NONE', #1852, #1535, #3048, .T. ) ;
#3123 = VECTOR ( 'NONE', #2779, 1000.000000000000000 ) ;
#3124 = EDGE_CURVE ( 'NONE', #2603, #1535, #3, .T. ) ;
#3125 = LINE ( 'NONE', #63, #1513 ) ;
#3126 = CARTESIAN_POINT ( 'NONE',  ( -3.609999999999999876, 0.8619333812802444372, -4.377119299477215009 ) ) ;
#3127 = EDGE_CURVE ( 'NONE', #1349, #1126, #4040, .T. ) ;
#3128 = ORIENTED_EDGE ( 'NONE', *, *, #2097, .T. ) ;
#3129 = CARTESIAN_POINT ( 'NONE',  ( -1.070000000000000062, 0.5676618435584670497, 5.107478318675999773 ) ) ;
#3130 = EDGE_CURVE ( 'NONE', #2135, #2629, #3384, .T. ) ;
#3131 = VERTEX_POINT ( 'NONE', #948 ) ;
#3132 = DIRECTION ( 'NONE',  ( 1.000000000000000000, 0.000000000000000000, -1.014973643126989991E-29 ) ) ;
#3133 = ADVANCED_FACE ( 'NONE', ( #2372 ), #25, .T. ) ;
#3134 = CARTESIAN_POINT ( 'NONE',  ( -3.609999999999999876, 0.4022736538311170729, 4.582933995764480350 ) ) ;
#3135 = DIRECTION ( 'NONE',  ( -1.000000000000000000, 0.000000000000000000, 1.014973643126989991E-29 ) ) ;
#3136 = DIRECTION ( 'NONE',  ( 1.014973643126989991E-29, 0.000000000000000000, 1.000000000000000000 ) ) ;
#3137 = DIRECTION ( 'NONE',  ( 0.000000000000000000, -1.000000000000000000, -0.000000000000000000 ) ) ;
#3138 = CARTESIAN_POINT ( 'NONE',  ( 3.409999999999999698, 1.199999999999999956, -4.625000000000000000 ) ) ;
#3139 = LINE ( 'NONE', #1753, #3746 ) ;
#3140 = ORIENTED_EDGE ( 'NONE', *, *, #489, .F. ) ;
#3141 = DIRECTION ( 'NONE',  ( 0.000000000000000000, 1.000000000000000000, 0.000000000000000000 ) ) ;
#3142 = ORIENTED_EDGE ( 'NONE', *, *, #1641, .F. ) ;
#3143 = DIRECTION ( 'NONE',  ( 1.000000000000000000, 0.000000000000000000, -1.014973643126989991E-29 ) ) ;
#3144 = LINE ( 'NONE', #1469, #2863 ) ;
#3145 = FACE_OUTER_BOUND ( 'NONE', #3647, .T. ) ;
#3146 = LINE ( 'NONE', #759, #595 ) ;
#3147 = ORIENTED_EDGE ( 'NONE', *, *, #3041, .F. ) ;
#3148 = CARTESIAN_POINT ( 'NONE',  ( 6.850000000000000533, 0.3499999999999999778, 4.200000000000000178 ) ) ;
#3149 = ORIENTED_EDGE ( 'NONE', *, *, #1772, .F. ) ;
#3150 = CARTESIAN_POINT ( 'NONE',  ( -3.609999999999999876, 2.391911860886269725, 3.557800634534129980 ) ) ;
#3151 = UNCERTAINTY_MEASURE_WITH_UNIT (LENGTH_MEASURE( 1.000000000000000082E-05 ), #995, 'distance_accuracy_value', 'NONE');
#3152 = VECTOR ( 'NONE', #1428, 1000.000000000000000 ) ;
#3153 = VECTOR ( 'NONE', #1872, 1000.000000000000000 ) ;
#3154 = LINE ( 'NONE', #1454, #2737 ) ;
#3155 = EDGE_CURVE ( 'NONE', #2396, #4052, #1358, .T. ) ;
#3156 = DIRECTION ( 'NONE',  ( -1.014973643126989991E-29, 0.000000000000000000, -1.000000000000000000 ) ) ;
#3157 = ADVANCED_FACE ( 'NONE', ( #4105 ), #3738, .F. ) ;
#3158 = EDGE_CURVE ( 'NONE', #4412, #1202, #676, .T. ) ;
#3159 = FACE_OUTER_BOUND ( 'NONE', #2552, .T. ) ;
#3160 = LINE ( 'NONE', #93, #420 ) ;
#3161 = LINE ( 'NONE', #2130, #1843 ) ;
#3162 = CYLINDRICAL_SURFACE ( 'NONE', #4254, 0.2999999999999999889 ) ;
#3163 = ORIENTED_EDGE ( 'NONE', *, *, #1646, .T. ) ;
#3164 = DIRECTION ( 'NONE',  ( -6.058317784877738483E-46, -1.000000000000000000, -5.968940992608359498E-17 ) ) ;
#3165 = ORIENTED_EDGE ( 'NONE', *, *, #1433, .F. ) ;
#3166 = PLANE ( 'NONE',  #2293 ) ;
#3167 = LINE ( 'NONE', #192, #218 ) ;
#3168 = EDGE_CURVE ( 'NONE', #3295, #2344, #3177, .T. ) ;
#3169 = CARTESIAN_POINT ( 'NONE',  ( 3.710000000000000409, 0.4022736538311170174, -4.582933995764480350 ) ) ;
#3170 = FACE_OUTER_BOUND ( 'NONE', #1610, .T. ) ;
#3171 = EDGE_CURVE ( 'NONE', #1996, #1730, #3088, .T. ) ;
#3172 = ORIENTED_EDGE ( 'NONE', *, *, #1737, .F. ) ;
#3173 = LINE ( 'NONE', #1765, #3045 ) ;
#3174 = VECTOR ( 'NONE', #2283, 1000.000000000000000 ) ;
#3175 = ORIENTED_EDGE ( 'NONE', *, *, #4169, .F. ) ;
#3176 = DIRECTION ( 'NONE',  ( -1.000000000000000000, 0.000000000000000000, 1.014973643126989991E-29 ) ) ;
#3177 = CIRCLE ( 'NONE', #1462, 0.5500000000000003775 ) ;
#3178 = CIRCLE ( 'NONE', #1889, 0.5500000000000003775 ) ;
#3179 = CARTESIAN_POINT ( 'NONE',  ( -1.670000000000000151, 5.849999999999999645, -2.870000000000000107 ) ) ;
#3180 = CARTESIAN_POINT ( 'NONE',  ( 6.441166051916219715, 1.950000000000000178, -1.812500000000000000 ) ) ;
#3181 = CARTESIAN_POINT ( 'NONE',  ( 3.710000000000000409, 0.9200000000000000400, 4.419695505846690686 ) ) ;
#3182 = AXIS2_PLACEMENT_3D ( 'NONE', #2819, #3523, #453 ) ;
#3183 = VECTOR ( 'NONE', #57, 1000.000000000000000 ) ;
#3184 = CARTESIAN_POINT ( 'NONE',  ( -4.209999999999999964, 0.8153881897273420609, -4.746267637967520159 ) ) ;
#3185 = LINE ( 'NONE', #2063, #3350 ) ;
#3186 = EDGE_CURVE ( 'NONE', #1785, #1213, #1036, .T. ) ;
#3187 = FACE_OUTER_BOUND ( 'NONE', #2075, .T. ) ;
#3188 = EDGE_LOOP ( 'NONE', ( #1711, #1350, #708, #1738 ) ) ;
#3189 = PLANE ( 'NONE',  #4046 ) ;
#3190 = VERTEX_POINT ( 'NONE', #2708 ) ;
#3191 = VECTOR ( 'NONE', #2589, 1000.000000000000000 ) ;
#3192 = CARTESIAN_POINT ( 'NONE',  ( -5.750000000000000000, 0.4000000000000000222, 3.100000000000000089 ) ) ;
#3193 = ADVANCED_FACE ( 'NONE', ( #1638 ), #1681, .T. ) ;
#3194 = AXIS2_PLACEMENT_3D ( 'NONE', #1744, #47, #3108 ) ;
#3195 = EDGE_CURVE ( 'NONE', #747, #2554, #4416, .T. ) ;
#3196 = DIRECTION ( 'NONE',  ( 1.000000000000000000, 0.000000000000000000, -1.014973643126989991E-29 ) ) ;
#3197 = CARTESIAN_POINT ( 'NONE',  ( -4.209999999999999964, 0.000000000000000000, -5.500000000000000000 ) ) ;
#3198 = DIRECTION ( 'NONE',  ( -1.014973643126989991E-29, 1.125986840390630024E-16, -1.000000000000000000 ) ) ;
#3199 = ORIENTED_EDGE ( 'NONE', *, *, #853, .T. ) ;
#3200 = LINE ( 'NONE', #3617, #335 ) ;
#3201 = EDGE_LOOP ( 'NONE', ( #596, #1450, #2923, #2113 ) ) ;
#3202 = EDGE_CURVE ( 'NONE', #4077, #3063, #275, .T. ) ;
#3203 = VECTOR ( 'NONE', #2109, 1000.000000000000000 ) ;
#3204 = DIRECTION ( 'NONE',  ( 0.000000000000000000, -0.7933533402912337218, -0.6087614290087224322 ) ) ;
#3205 = CARTESIAN_POINT ( 'NONE',  ( -1.670000000000000151, 1.199999999999999956, 3.149999999999999911 ) ) ;
#3206 = DIRECTION ( 'NONE',  ( 1.000000000000000000, 0.000000000000000000, -1.014973643126989991E-29 ) ) ;
#3207 = LINE ( 'NONE', #3525, #3268 ) ;
#3208 = DIRECTION ( 'NONE',  ( -1.000000000000000000, 3.424510003532624963E-31, 1.061678066473567980E-29 ) ) ;
#3209 = ORIENTED_EDGE ( 'NONE', *, *, #1273, .T. ) ;
#3210 = CARTESIAN_POINT ( 'NONE',  ( -1.369999999999999885, 0.2802667518457296891, 5.500000000000000000 ) ) ;
#3211 = VERTEX_POINT ( 'NONE', #4375 ) ;
#3212 = DIRECTION ( 'NONE',  ( 1.000000000000000000, 0.000000000000000000, -1.014973643126989991E-29 ) ) ;
#3213 = DIRECTION ( 'NONE',  ( -1.014973643126989991E-29, 0.000000000000000000, -1.000000000000000000 ) ) ;
#3214 = CARTESIAN_POINT ( 'NONE',  ( -1.369999999999999885, 0.6199999999999999956, 4.199726404968139981 ) ) ;
#3215 = CARTESIAN_POINT ( 'NONE',  ( 3.710000000000000409, 5.849999999999999645, -2.870000000000000107 ) ) ;
#3216 = ORIENTED_EDGE ( 'NONE', *, *, #287, .F. ) ;
#3217 = EDGE_LOOP ( 'NONE', ( #3098, #4021, #2267, #4167, #4257, #1986, #4041, #3405, #1359, #1633, #3105, #1953, #4292, #1550, #555 ) ) ;
#3218 = VECTOR ( 'NONE', #2159, 1000.000000000000000 ) ;
#3219 = EDGE_CURVE ( 'NONE', #3515, #3234, #1297, .T. ) ;
#3220 = DIRECTION ( 'NONE',  ( -1.014973643126989991E-29, 0.000000000000000000, -1.000000000000000000 ) ) ;
#3221 = FACE_OUTER_BOUND ( 'NONE', #1310, .T. ) ;
#3222 = VECTOR ( 'NONE', #461, 1000.000000000000114 ) ;
#3223 = EDGE_CURVE ( 'NONE', #3317, #2620, #1660, .T. ) ;
#3224 = LINE ( 'NONE', #3545, #3660 ) ;
#3225 = DIRECTION ( 'NONE',  ( -1.014976292883141448E-29, 0.000000000000000000, -1.000000000000000000 ) ) ;
#3226 = DIRECTION ( 'NONE',  ( -3.052084608322652108E-30, 0.9537169507482271547, -0.3007057995042720644 ) ) ;
#3227 = EDGE_LOOP ( 'NONE', ( #984, #3018, #3936, #928 ) ) ;
#3228 = CARTESIAN_POINT ( 'NONE',  ( 3.710000000000000409, 1.199999999999999956, -3.149999999999999911 ) ) ;
#3229 = ORIENTED_EDGE ( 'NONE', *, *, #718, .F. ) ;
#3230 = ADVANCED_FACE ( 'NONE', ( #3700 ), #4395, .T. ) ;
#3231 = VERTEX_POINT ( 'NONE', #4220 ) ;
#3232 = FACE_OUTER_BOUND ( 'NONE', #715, .T. ) ;
#3233 = CARTESIAN_POINT ( 'NONE',  ( 3.710000000000000409, 0.2802667518457296891, 5.500000000000000000 ) ) ;
#3234 = VERTEX_POINT ( 'NONE', #788 ) ;
#3235 = VECTOR ( 'NONE', #855, 1000.000000000000000 ) ;
#3236 = LINE ( 'NONE', #4298, #2726 ) ;
#3237 = DIRECTION ( 'NONE',  ( 0.000000000000000000, 1.000000000000000000, 0.000000000000000000 ) ) ;
#3238 = ADVANCED_FACE ( 'NONE', ( #2462 ), #4149, .T. ) ;
#3239 = EDGE_LOOP ( 'NONE', ( #2251, #641, #4006, #3457 ) ) ;
#3240 = EDGE_CURVE ( 'NONE', #1323, #662, #48, .T. ) ;
#3241 = ORIENTED_EDGE ( 'NONE', *, *, #2774, .F. ) ;
#3242 = AXIS2_PLACEMENT_3D ( 'NONE', #2420, #3726, #3349 ) ;
#3243 = PLANE ( 'NONE',  #1736 ) ;
#3244 = LINE ( 'NONE', #4328, #1616 ) ;
#3245 = CARTESIAN_POINT ( 'NONE',  ( 6.356255922059779628, 3.949999999999999734, 3.621255922059779753 ) ) ;
#3246 = VECTOR ( 'NONE', #2414, 1000.000000000000000 ) ;
#3247 = AXIS2_PLACEMENT_3D ( 'NONE', #2380, #4070, #3057 ) ;
#3248 = PLANE ( 'NONE',  #221 ) ;
#3249 = CARTESIAN_POINT ( 'NONE',  ( -4.349999999999999645, 7.200000000000000178, 1.199999999999999956 ) ) ;
#3250 = VERTEX_POINT ( 'NONE', #1121 ) ;
#3251 = CARTESIAN_POINT ( 'NONE',  ( 5.280000000000000249, 1.199999999999999956, 4.200000000000000178 ) ) ;
#3252 = ORIENTED_EDGE ( 'NONE', *, *, #195, .F. ) ;
#3253 = ORIENTED_EDGE ( 'NONE', *, *, #4141, .T. ) ;
#3254 = FACE_OUTER_BOUND ( 'NONE', #3636, .T. ) ;
#3255 = CARTESIAN_POINT ( 'NONE',  ( -6.503589838486229624, 7.200000000000000178, -3.853589838486219943 ) ) ;
#3256 = AXIS2_PLACEMENT_3D ( 'NONE', #3019, #3695, #3310 ) ;
#3257 = ORIENTED_EDGE ( 'NONE', *, *, #4353, .T. ) ;
#3258 = ORIENTED_EDGE ( 'NONE', *, *, #3462, .F. ) ;
#3259 = DIRECTION ( 'NONE',  ( -1.000000000000000000, 3.547290346654140064E-30, 5.311842837370049895E-30 ) ) ;
#3260 = LINE ( 'NONE', #1751, #3417 ) ;
#3261 = ORIENTED_EDGE ( 'NONE', *, *, #51, .T. ) ;
#3262 = ORIENTED_EDGE ( 'NONE', *, *, #288, .T. ) ;
#3263 = CARTESIAN_POINT ( 'NONE',  ( -1.670000000000000151, 3.949999999999999734, -3.149999999999999911 ) ) ;
#3264 = DIRECTION ( 'NONE',  ( -1.121110201144558008E-29, 0.000000000000000000, -1.000000000000000000 ) ) ;
#3265 = EDGE_CURVE ( 'NONE', #1897, #3063, #4173, .T. ) ;
#3266 = CARTESIAN_POINT ( 'NONE',  ( -3.910000000000000142, 0.6199999999999999956, 4.199726404968139981 ) ) ;
#3267 = VECTOR ( 'NONE', #1101, 1000.000000000000114 ) ;
#3268 = VECTOR ( 'NONE', #838, 1000.000000000000000 ) ;
#3269 = CYLINDRICAL_SURFACE ( 'NONE', #1214, 0.5000000000000004441 ) ;
#3270 = DIRECTION ( 'NONE',  ( 1.000000000000000000, 0.000000000000000000, -1.014973643126989991E-29 ) ) ;
#3271 = VERTEX_POINT ( 'NONE', #3498 ) ;
#3272 = CARTESIAN_POINT ( 'NONE',  ( -3.910000000000000142, 0.5967170114905639977, -5.129773133170560051 ) ) ;
#3273 = ORIENTED_EDGE ( 'NONE', *, *, #622, .F. ) ;
#3274 = VERTEX_POINT ( 'NONE', #431 ) ;
#3275 = VECTOR ( 'NONE', #1580, 1000.000000000000000 ) ;
#3276 = PLANE ( 'NONE',  #3509 ) ;
#3277 = CARTESIAN_POINT ( 'NONE',  ( -1.670000000000000151, 0.9200000000000000400, -2.870000000000000107 ) ) ;
#3278 = CARTESIAN_POINT ( 'NONE',  ( -1.369999999999999885, 5.849999999999999645, -3.149999999999999911 ) ) ;
#3279 = ORIENTED_EDGE ( 'NONE', *, *, #1053, .F. ) ;
#3280 = CARTESIAN_POINT ( 'NONE',  ( -1.070000000000000062, 0.6499999999999930278, 4.221723315055990078 ) ) ;
#3281 = CYLINDRICAL_SURFACE ( 'NONE', #559, 0.2999999999999999889 ) ;
#3282 = EDGE_LOOP ( 'NONE', ( #4301, #2179, #3733, #1034 ) ) ;
#3283 = VERTEX_POINT ( 'NONE', #91 ) ;
#3284 = CARTESIAN_POINT ( 'NONE',  ( -4.209999999999999964, 5.849999999999999645, 3.149999999999999911 ) ) ;
#3285 = AXIS2_PLACEMENT_3D ( 'NONE', #2677, #358, #1987 ) ;
#3286 = AXIS2_PLACEMENT_3D ( 'NONE', #3948, #2240, #542 ) ;
#3287 = LINE ( 'NONE', #1588, #579 ) ;
#3288 = FACE_OUTER_BOUND ( 'NONE', #1094, .T. ) ;
#3289 = EDGE_CURVE ( 'NONE', #3314, #2312, #4130, .T. ) ;
#3290 = EDGE_CURVE ( 'NONE', #1581, #893, #1097, .T. ) ;
#3291 = DIRECTION ( 'NONE',  ( -1.000000000000000000, 0.000000000000000000, 1.014973643126989991E-29 ) ) ;
#3292 = ORIENTED_EDGE ( 'NONE', *, *, #1108, .F. ) ;
#3293 = LINE ( 'NONE', #3589, #2675 ) ;
#3294 = ADVANCED_FACE ( 'NONE', ( #3521 ), #1812, .F. ) ;
#3295 = VERTEX_POINT ( 'NONE', #3857 ) ;
#3296 = ORIENTED_EDGE ( 'NONE', *, *, #2238, .T. ) ;
#3297 = AXIS2_PLACEMENT_3D ( 'NONE', #1012, #630, #1615 ) ;
#3298 = AXIS2_PLACEMENT_3D ( 'NONE', #4231, #84, #3824 ) ;
#3299 = FACE_OUTER_BOUND ( 'NONE', #156, .T. ) ;
#3300 = CARTESIAN_POINT ( 'NONE',  ( 3.409999999999999698, 0.2802667518457296891, -5.500000000000000000 ) ) ;
#3301 = DIRECTION ( 'NONE',  ( -4.427252850516378417E-31, -0.9990482215818576872, -0.04361938736533728378 ) ) ;
#3302 = EDGE_LOOP ( 'NONE', ( #665, #1568, #3528, #3571 ) ) ;
#3303 = EDGE_LOOP ( 'NONE', ( #1727, #1536, #1203, #504 ) ) ;
#3304 = CARTESIAN_POINT ( 'NONE',  ( -1.070000000000000062, 0.01818532168844502403, 5.083487655625070545 ) ) ;
#3305 = PLANE ( 'NONE',  #4217 ) ;
#3306 = ORIENTED_EDGE ( 'NONE', *, *, #1172, .T. ) ;
#3307 = ORIENTED_EDGE ( 'NONE', *, *, #126, .T. ) ;
#3308 = AXIS2_PLACEMENT_3D ( 'NONE', #430, #90, #3204 ) ;
#3309 = ORIENTED_EDGE ( 'NONE', *, *, #3462, .T. ) ;
#3310 = DIRECTION ( 'NONE',  ( 1.014973643126989991E-29, -1.754610606409955134E-14, 1.000000000000000000 ) ) ;
#3311 = DIRECTION ( 'NONE',  ( 0.000000000000000000, 0.8064446042674814352, -0.5913096483635837952 ) ) ;
#3312 = DIRECTION ( 'NONE',  ( 4.427252850516338130E-31, 0.9990482215818576872, 0.04361938736533688826 ) ) ;
#3313 = LINE ( 'NONE', #1256, #2456 ) ;
#3314 = VERTEX_POINT ( 'NONE', #1793 ) ;
#3315 = LINE ( 'NONE', #951, #2174 ) ;
#3316 = CIRCLE ( 'NONE', #1602, 0.2999999999999999889 ) ;
#3317 = VERTEX_POINT ( 'NONE', #1481 ) ;
#3318 = AXIS2_PLACEMENT_3D ( 'NONE', #277, #1997, #3406 ) ;
#3319 = EDGE_LOOP ( 'NONE', ( #982, #521, #843, #4364 ) ) ;
#3320 = EDGE_CURVE ( 'NONE', #4356, #2893, #114, .T. ) ;
#3321 = AXIS2_PLACEMENT_3D ( 'NONE', #1806, #2879, #4252 ) ;
#3322 = EDGE_CURVE ( 'NONE', #1323, #1852, #3783, .T. ) ;
#3323 = EDGE_CURVE ( 'NONE', #2316, #4056, #1144, .T. ) ;
#3324 = LINE ( 'NONE', #2738, #1336 ) ;
#3325 = PLANE ( 'NONE',  #3563 ) ;
#3326 = CARTESIAN_POINT ( 'NONE',  ( 5.280000000000000249, 0.7102118646442630023, 4.485841450845530431 ) ) ;
#3327 = ORIENTED_EDGE ( 'NONE', *, *, #3518, .T. ) ;
#3328 = EDGE_CURVE ( 'NONE', #1202, #4028, #2079, .T. ) ;
#3329 = EDGE_CURVE ( 'NONE', #2554, #3701, #386, .T. ) ;
#3330 = EDGE_LOOP ( 'NONE', ( #1555, #2278, #3163, #2742 ) ) ;
#3331 = VECTOR ( 'NONE', #2340, 1000.000000000000000 ) ;
#3332 = DIRECTION ( 'NONE',  ( -1.000000000000000000, 0.000000000000000000, 1.014973643126989991E-29 ) ) ;
#3333 = EDGE_LOOP ( 'NONE', ( #620, #394, #3950, #486 ) ) ;
#3334 = ORIENTED_EDGE ( 'NONE', *, *, #722, .T. ) ;
#3335 = AXIS2_PLACEMENT_3D ( 'NONE', #1902, #1561, #248 ) ;
#3336 = VERTEX_POINT ( 'NONE', #2818 ) ;
#3337 = DIRECTION ( 'NONE',  ( 1.000000000000000000, 0.000000000000000000, -1.014973643126989991E-29 ) ) ;
#3338 = EDGE_CURVE ( 'NONE', #589, #3853, #3109, .T. ) ;
#3339 = CARTESIAN_POINT ( 'NONE',  ( -1.670000000000000151, 0.5967170114905639977, 5.129773133170560051 ) ) ;
#3340 = EDGE_CURVE ( 'NONE', #2640, #1222, #4198, .T. ) ;
#3341 = DIRECTION ( 'NONE',  ( 0.000000000000000000, 0.8064446042674814352, -0.5913096483635837952 ) ) ;
#3342 = CARTESIAN_POINT ( 'NONE',  ( -1.070000000000000062, 0.8619333812802444372, 4.377119299477215009 ) ) ;
#3343 = EDGE_LOOP ( 'NONE', ( #2202, #4396, #3929, #1870 ) ) ;
#3344 = DIRECTION ( 'NONE',  ( -1.000000000000000000, 0.000000000000000000, 1.014973643126989991E-29 ) ) ;
#3345 = VERTEX_POINT ( 'NONE', #2796 ) ;
#3346 = VERTEX_POINT ( 'NONE', #3544 ) ;
#3347 = CIRCLE ( 'NONE', #1988, 0.5500000000000002665 ) ;
#3348 = DIRECTION ( 'NONE',  ( -1.014007613118478321E-29, -0.04361938736533728378, -0.9990482215818576872 ) ) ;
#3349 = DIRECTION ( 'NONE',  ( 0.000000000000000000, -0.7933533402912337218, 0.6087614290087224322 ) ) ;
#3350 = VECTOR ( 'NONE', #2419, 1000.000000000000000 ) ;
#3351 = DIRECTION ( 'NONE',  ( 1.000000000000000000, -3.531817991034325100E-30, -1.475249124944287038E-29 ) ) ;
#3352 = VERTEX_POINT ( 'NONE', #2776 ) ;
#3353 = ORIENTED_EDGE ( 'NONE', *, *, #3959, .T. ) ;
#3354 = CARTESIAN_POINT ( 'NONE',  ( -4.209999999999999964, 0.7102117398512820534, -4.485841490192609804 ) ) ;
#3355 = ORIENTED_EDGE ( 'NONE', *, *, #943, .F. ) ;
#3356 = EDGE_LOOP ( 'NONE', ( #232, #3677, #2777, #3423 ) ) ;
#3357 = CARTESIAN_POINT ( 'NONE',  ( -3.910000000000000142, 1.199999999999999956, 4.221723315055990078 ) ) ;
#3358 = DIRECTION ( 'NONE',  ( -1.014896576039487709E-29, 0.008726535498373931207, -0.9999619230641713097 ) ) ;
#3359 = EDGE_CURVE ( 'NONE', #608, #1733, #1075, .T. ) ;
#3360 = CARTESIAN_POINT ( 'NONE',  ( -1.670000000000000151, 0.000000000000000000, 5.500000000000000000 ) ) ;
#3361 = DIRECTION ( 'NONE',  ( 0.000000000000000000, 0.8064446042674811022, 0.5913096483635842393 ) ) ;
#3362 = ORIENTED_EDGE ( 'NONE', *, *, #4002, .T. ) ;
#3363 = EDGE_CURVE ( 'NONE', #2344, #1906, #3808, .T. ) ;
#3364 = ORIENTED_EDGE ( 'NONE', *, *, #3988, .T. ) ;
#3365 = EDGE_LOOP ( 'NONE', ( #3058, #67, #3850, #484 ) ) ;
#3366 = AXIS2_PLACEMENT_3D ( 'NONE', #3592, #1848, #526 ) ;
#3367 = CARTESIAN_POINT ( 'NONE',  ( 3.710000000000000409, 0.2970025450160060920, 5.116687316960959464 ) ) ;
#3368 = CARTESIAN_POINT ( 'NONE',  ( -6.850000000000000533, 0.3499999999999999778, -4.200000000000000178 ) ) ;
#3369 = EDGE_CURVE ( 'NONE', #2733, #4227, #72, .T. ) ;
#3370 = CARTESIAN_POINT ( 'NONE',  ( 5.473935935394489860, 8.983412874366477396, -2.823935935394489949 ) ) ;
#3371 = VERTEX_POINT ( 'NONE', #3899 ) ;
#3372 = AXIS2_PLACEMENT_3D ( 'NONE', #1316, #2390, #3084 ) ;
#3373 = VECTOR ( 'NONE', #2005, 1000.000000000000000 ) ;
#3374 = ORIENTED_EDGE ( 'NONE', *, *, #3902, .F. ) ;
#3375 = LINE ( 'NONE', #706, #872 ) ;
#3376 = ORIENTED_EDGE ( 'NONE', *, *, #1322, .F. ) ;
#3377 = EDGE_CURVE ( 'NONE', #2381, #684, #3909, .T. ) ;
#3378 = EDGE_CURVE ( 'NONE', #1652, #4035, #1855, .T. ) ;
#3379 = ORIENTED_EDGE ( 'NONE', *, *, #4265, .F. ) ;
#3380 = PLANE ( 'NONE',  #3256 ) ;
#3381 = DIRECTION ( 'NONE',  ( -1.000000000000000000, 3.391264237944545229E-31, 9.707778271180067886E-30 ) ) ;
#3382 = EDGE_CURVE ( 'NONE', #3701, #4137, #1500, .T. ) ;
#3383 = CARTESIAN_POINT ( 'NONE',  ( 4.009999999999999787, 0.7102118646442640015, 4.485841450845530431 ) ) ;
#3384 = LINE ( 'NONE', #3422, #3969 ) ;
#3385 = EDGE_LOOP ( 'NONE', ( #3292, #4204, #4225, #1671 ) ) ;
#3386 =( NAMED_UNIT ( * ) SI_UNIT ( $, .STERADIAN. ) SOLID_ANGLE_UNIT ( ) );
#3387 = VERTEX_POINT ( 'NONE', #1921 ) ;
#3388 = CARTESIAN_POINT ( 'NONE',  ( 4.009999999999999787, 5.849999999999999645, -3.149999999999999911 ) ) ;
#3389 = FACE_OUTER_BOUND ( 'NONE', #1219, .T. ) ;
#3390 = CARTESIAN_POINT ( 'NONE',  ( 4.009999999999999787, 0.01818532168844502403, 5.083487655625070545 ) ) ;
#3391 = AXIS2_PLACEMENT_3D ( 'NONE', #1882, #2263, #3270 ) ;
#3392 = FACE_BOUND ( 'NONE', #4000, .T. ) ;
#3393 = ORIENTED_EDGE ( 'NONE', *, *, #517, .F. ) ;
#3394 = VECTOR ( 'NONE', #411, 1000.000000000000000 ) ;
#3395 = VECTOR ( 'NONE', #2754, 1000.000000000000000 ) ;
#3396 = EDGE_LOOP ( 'NONE', ( #3872, #2181, #3613, #3815 ) ) ;
#3397 = DIRECTION ( 'NONE',  ( -1.000000000000000000, 0.000000000000000000, 1.014973643126989991E-29 ) ) ;
#3398 = ORIENTED_EDGE ( 'NONE', *, *, #4397, .F. ) ;
#3399 = DIRECTION ( 'NONE',  ( -1.000000000000000000, 3.391264237944545229E-31, 9.707778271180067886E-30 ) ) ;
#3400 = AXIS2_PLACEMENT_3D ( 'NONE', #181, #4284, #2237 ) ;
#3401 = CARTESIAN_POINT ( 'NONE',  ( -4.209999999999999964, 0.3587110094031937813, -4.947144704467943299 ) ) ;
#3402 = VECTOR ( 'NONE', #2126, 1000.000000000000114 ) ;
#3403 = DIRECTION ( 'NONE',  ( 0.000000000000000000, -0.7933533402912341659, 0.6087614290087219882 ) ) ;
#3404 = CARTESIAN_POINT ( 'NONE',  ( 6.360000000000000320, 1.950708217522779897, 3.706153689933370021 ) ) ;
#3405 = ORIENTED_EDGE ( 'NONE', *, *, #2496, .F. ) ;
#3406 = DIRECTION ( 'NONE',  ( 0.000000000000000000, 0.8064446042674814352, -0.5913096483635837952 ) ) ;
#3407 = VERTEX_POINT ( 'NONE', #854 ) ;
#3408 = CARTESIAN_POINT ( 'NONE',  ( -3.910000000000000142, 0.6199999999999999956, -4.199726404968139981 ) ) ;
#3409 = DIRECTION ( 'NONE',  ( 9.088370851094219738E-30, 0.000000000000000000, 1.000000000000000000 ) ) ;
#3410 = CARTESIAN_POINT ( 'NONE',  ( 3.409999999999999698, 0.8153881897273420609, 4.746267637967520159 ) ) ;
#3411 = CYLINDRICAL_SURFACE ( 'NONE', #2899, 0.5500000000000002665 ) ;
#3412 = EDGE_LOOP ( 'NONE', ( #3963, #994, #1178, #586 ) ) ;
#3413 = ORIENTED_EDGE ( 'NONE', *, *, #3359, .F. ) ;
#3414 = VECTOR ( 'NONE', #3030, 1000.000000000000000 ) ;
#3415 = ADVANCED_FACE ( 'NONE', ( #3648 ), #2547, .F. ) ;
#3416 = FACE_BOUND ( 'NONE', #1006, .T. ) ;
#3417 = VECTOR ( 'NONE', #2061, 1000.000000000000114 ) ;
#3418 = ORIENTED_EDGE ( 'NONE', *, *, #4288, .F. ) ;
#3419 = DIRECTION ( 'NONE',  ( -1.014973643126989991E-29, -9.408669700213189370E-17, -1.000000000000000000 ) ) ;
#3420 = CARTESIAN_POINT ( 'NONE',  ( -5.750000000000000000, 0.2999999999999999889, 3.100000000000000089 ) ) ;
#3421 = DIRECTION ( 'NONE',  ( -1.000000000000000000, 0.000000000000000000, 1.014973643126989991E-29 ) ) ;
#3422 = CARTESIAN_POINT ( 'NONE',  ( -4.209999999999999964, 5.849999999999999645, -2.870000000000000107 ) ) ;
#3423 = ORIENTED_EDGE ( 'NONE', *, *, #1847, .F. ) ;
#3424 = DIRECTION ( 'NONE',  ( -3.052084608322652108E-30, 0.9537169507482271547, -0.3007057995042720644 ) ) ;
#3425 = CARTESIAN_POINT ( 'NONE',  ( -1.070000000000000062, 5.849999999999999645, -2.870000000000000107 ) ) ;
#3426 = ADVANCED_FACE ( 'NONE', ( #1186 ), #1587, .T. ) ;
#3427 = DIRECTION ( 'NONE',  ( -1.000000000000000000, -3.697149189837210119E-30, 2.029947286253979982E-29 ) ) ;
#3428 = CARTESIAN_POINT ( 'NONE',  ( 4.009999999999999787, 0.8153881897273420609, 4.746267637967520159 ) ) ;
#3429 = EDGE_CURVE ( 'NONE', #1652, #1222, #2260, .T. ) ;
#3430 = DIRECTION ( 'NONE',  ( 1.000000000000000000, 0.000000000000000000, 0.000000000000000000 ) ) ;
#3431 = VERTEX_POINT ( 'NONE', #4305 ) ;
#3432 = FACE_OUTER_BOUND ( 'NONE', #590, .T. ) ;
#3433 = VECTOR ( 'NONE', #464, 999.9999999999998863 ) ;
#3434 = ORIENTED_EDGE ( 'NONE', *, *, #2062, .T. ) ;
#3435 = ORIENTED_EDGE ( 'NONE', *, *, #853, .F. ) ;
#3436 = CARTESIAN_POINT ( 'NONE',  ( -1.070000000000000062, 0.5967170114905639977, 5.129773133170560051 ) ) ;
#3437 = VECTOR ( 'NONE', #1635, 1000.000000000000000 ) ;
#3438 = AXIS2_PLACEMENT_3D ( 'NONE', #3913, #240, #935 ) ;
#3439 = ORIENTED_EDGE ( 'NONE', *, *, #2172, .F. ) ;
#3440 = CARTESIAN_POINT ( 'NONE',  ( 4.009999999999999787, 5.849999999999999645, 3.149999999999999911 ) ) ;
#3441 = ORIENTED_EDGE ( 'NONE', *, *, #1355, .T. ) ;
#3442 = DIRECTION ( 'NONE',  ( 1.000000000000000000, -3.391264237944545229E-31, -9.707778271180067886E-30 ) ) ;
#3443 = CARTESIAN_POINT ( 'NONE',  ( -6.239489331953420148, 2.004403263414970215, 3.589489331953419793 ) ) ;
#3444 = CARTESIAN_POINT ( 'NONE',  ( 4.009999999999999787, 0.000000000000000000, -5.500000000000000000 ) ) ;
#3445 = ORIENTED_EDGE ( 'NONE', *, *, #4368, .F. ) ;
#3446 = FILL_AREA_STYLE ('',( #740 ) ) ;
#3447 = DIRECTION ( 'NONE',  ( -9.679975680128922934E-30, -0.3007057995042720644, -0.9537169507482272657 ) ) ;
#3448 = CIRCLE ( 'NONE', #168, 0.5500000000000003775 ) ;
#3449 = DIRECTION ( 'NONE',  ( 1.000000000000000000, 0.000000000000000000, -1.014973643126989991E-29 ) ) ;
#3450 = VECTOR ( 'NONE', #105, 1000.000000000000000 ) ;
#3451 = PLANE ( 'NONE',  #4209 ) ;
#3452 = CYLINDRICAL_SURFACE ( 'NONE', #3601, 0.5500000000000002665 ) ;
#3453 = ORIENTED_EDGE ( 'NONE', *, *, #482, .T. ) ;
#3454 = PLANE ( 'NONE',  #3903 ) ;
#3455 = ADVANCED_FACE ( 'NONE', ( #3628 ), #557, .T. ) ;
#3456 = EDGE_CURVE ( 'NONE', #1194, #2381, #3553, .T. ) ;
#3457 = ORIENTED_EDGE ( 'NONE', *, *, #3022, .F. ) ;
#3458 = FACE_OUTER_BOUND ( 'NONE', #1944, .T. ) ;
#3459 = EDGE_CURVE ( 'NONE', #1996, #3040, #3244, .T. ) ;
#3460 = EDGE_CURVE ( 'NONE', #3481, #1497, #3993, .T. ) ;
#3461 = DIRECTION ( 'NONE',  ( 1.000000000000000000, 0.000000000000000000, -1.014973643126989991E-29 ) ) ;
#3462 = EDGE_CURVE ( 'NONE', #3431, #3635, #1542, .T. ) ;
#3463 = EDGE_CURVE ( 'NONE', #4045, #3481, #1225, .T. ) ;
#3464 = VECTOR ( 'NONE', #3707, 1000.000000000000000 ) ;
#3465 = ADVANCED_FACE ( 'NONE', ( #2280 ), #1162, .T. ) ;
#3466 = VECTOR ( 'NONE', #4335, 1000.000000000000114 ) ;
#3467 = VECTOR ( 'NONE', #3849, 1000.000000000000000 ) ;
#3468 = FACE_OUTER_BOUND ( 'NONE', #338, .T. ) ;
#3469 = PLANE ( 'NONE',  #3897 ) ;
#3470 = ORIENTED_EDGE ( 'NONE', *, *, #3322, .T. ) ;
#3471 = LINE ( 'NONE', #3440, #1898 ) ;
#3472 = ORIENTED_EDGE ( 'NONE', *, *, #4286, .F. ) ;
#3473 = LINE ( 'NONE', #4102, #4017 ) ;
#3474 = PRESENTATION_LAYER_ASSIGNMENT (  '', '', ( #1757 ) ) ;
#3475 = FACE_OUTER_BOUND ( 'NONE', #254, .T. ) ;
#3476 = CARTESIAN_POINT ( 'NONE',  ( -3.910000000000000142, 1.093544532347108023, -4.546943621655961110 ) ) ;
#3477 = FACE_OUTER_BOUND ( 'NONE', #19, .T. ) ;
#3478 = DIRECTION ( 'NONE',  ( 1.014973643126989991E-29, 0.000000000000000000, 1.000000000000000000 ) ) ;
#3479 = CARTESIAN_POINT ( 'NONE',  ( -3.910000000000000142, 0.6499999999999930278, -4.221723315055990078 ) ) ;
#3480 = DIRECTION ( 'NONE',  ( 1.000000000000000000, 0.000000000000000000, -1.014973643126989991E-29 ) ) ;
#3481 = VERTEX_POINT ( 'NONE', #203 ) ;
#3482 = CARTESIAN_POINT ( 'NONE',  ( 4.009999999999999787, 1.370955930443130022, 4.200000000000000178 ) ) ;
#3483 = ORIENTED_EDGE ( 'NONE', *, *, #3828, .T. ) ;
#3484 = DIRECTION ( 'NONE',  ( 0.000000000000000000, -0.7933533402912337218, -0.6087614290087224322 ) ) ;
#3485 = DIRECTION ( 'NONE',  ( -1.000000000000000000, 3.547290346654140064E-30, 1.498763002516974923E-29 ) ) ;
#3486 = AXIS2_PLACEMENT_3D ( 'NONE', #3882, #481, #3548 ) ;
#3487 = EDGE_CURVE ( 'NONE', #3345, #625, #875, .T. ) ;
#3488 = AXIS2_PLACEMENT_3D ( 'NONE', #479, #3567, #455 ) ;
#3489 = CARTESIAN_POINT ( 'NONE',  ( -3.609999999999999876, 0.03498376480335903260, 4.698740052942419254 ) ) ;
#3490 = LINE ( 'NONE', #1784, #1963 ) ;
#3491 = ADVANCED_FACE ( 'NONE', ( #3221 ), #160, .F. ) ;
#3492 = EDGE_LOOP ( 'NONE', ( #3049, #223, #2544, #331 ) ) ;
#3493 = DIRECTION ( 'NONE',  ( 0.000000000000000000, -0.7933533402912337218, -0.6087614290087224322 ) ) ;
#3494 = VERTEX_POINT ( 'NONE', #3603 ) ;
#3495 = CARTESIAN_POINT ( 'NONE',  ( -4.209999999999999964, 1.199999999999999956, 4.221723315055990078 ) ) ;
#3496 = VECTOR ( 'NONE', #2091, 1000.000000000000000 ) ;
#3497 = FACE_OUTER_BOUND ( 'NONE', #2353, .T. ) ;
#3498 = CARTESIAN_POINT ( 'NONE',  ( 4.009999999999999787, 0.8619333812802444372, -4.377119299477215009 ) ) ;
#3499 = CARTESIAN_POINT ( 'NONE',  ( -1.070000000000000062, 3.949999999999999734, -2.870000000000000107 ) ) ;
#3500 = CARTESIAN_POINT ( 'NONE',  ( -3.910000000000000142, 0.3061653321695956831, -4.906824988224970596 ) ) ;
#3501 = CARTESIAN_POINT ( 'NONE',  ( -1.670000000000000151, 0.2802667518457296891, 5.500000000000000000 ) ) ;
#3502 = EDGE_CURVE ( 'NONE', #3407, #4412, #3757, .T. ) ;
#3503 = DIRECTION ( 'NONE',  ( 1.000000000000000000, 0.000000000000000000, -1.014973643126989991E-29 ) ) ;
#3504 = ORIENTED_EDGE ( 'NONE', *, *, #4369, .F. ) ;
#3505 = DIRECTION ( 'NONE',  ( 1.014973643126989991E-29, -9.408669700213189370E-17, 1.000000000000000000 ) ) ;
#3506 = ORIENTED_EDGE ( 'NONE', *, *, #2194, .T. ) ;
#3507 = CYLINDRICAL_SURFACE ( 'NONE', #938, 0.5500000000000003775 ) ;
#3508 = LINE ( 'NONE', #801, #1008 ) ;
#3509 = AXIS2_PLACEMENT_3D ( 'NONE', #4003, #3213, #4249 ) ;
#3510 = VECTOR ( 'NONE', #1207, 1000.000000000000000 ) ;
#3511 = LINE ( 'NONE', #467, #3661 ) ;
#3512 = CARTESIAN_POINT ( 'NONE',  ( -1.670000000000000151, 0.03498376480335903260, 4.698740052942419254 ) ) ;
#3513 = ORIENTED_EDGE ( 'NONE', *, *, #1653, .T. ) ;
#3514 = DIRECTION ( 'NONE',  ( -6.058317784877738483E-46, 1.000000000000000000, -5.968940992608359498E-17 ) ) ;
#3515 = VERTEX_POINT ( 'NONE', #3673 ) ;
#3516 = LINE ( 'NONE', #89, #1798 ) ;
#3517 = AXIS2_PLACEMENT_3D ( 'NONE', #2124, #2749, #3779 ) ;
#3518 = EDGE_CURVE ( 'NONE', #2358, #1323, #1354, .T. ) ;
#3519 = VECTOR ( 'NONE', #4386, 1000.000000000000000 ) ;
#3520 = CARTESIAN_POINT ( 'NONE',  ( -3.609999999999999876, 0.9199998752429049409, -4.200000000000000178 ) ) ;
#3521 = FACE_OUTER_BOUND ( 'NONE', #3217, .T. ) ;
#3522 = EDGE_CURVE ( 'NONE', #2981, #3295, #1695, .T. ) ;
#3523 = DIRECTION ( 'NONE',  ( 1.000000000000000000, 0.000000000000000000, -1.014973643126989991E-29 ) ) ;
#3524 = EDGE_CURVE ( 'NONE', #1426, #2135, #4036, .T. ) ;
#3525 = CARTESIAN_POINT ( 'NONE',  ( 4.009999999999999787, 4.450000000000000178, -3.149999999999999911 ) ) ;
#3526 = FACE_OUTER_BOUND ( 'NONE', #4064, .T. ) ;
#3527 = DIRECTION ( 'NONE',  ( 1.000000000000000000, 0.000000000000000000, -1.014973643126989991E-29 ) ) ;
#3528 = ORIENTED_EDGE ( 'NONE', *, *, #1732, .F. ) ;
#3529 = DIRECTION ( 'NONE',  ( 1.000000000000000000, 0.000000000000000000, -1.014973643126989991E-29 ) ) ;
#3530 = ORIENTED_EDGE ( 'NONE', *, *, #3801, .T. ) ;
#3531 = DIRECTION ( 'NONE',  ( 0.000000000000000000, 0.8064446042674814352, 0.5913096483635837952 ) ) ;
#3532 = FACE_OUTER_BOUND ( 'NONE', #2365, .T. ) ;
#3533 = ORIENTED_EDGE ( 'NONE', *, *, #3487, .T. ) ;
#3534 = LINE ( 'NONE', #1783, #249 ) ;
#3535 = CARTESIAN_POINT ( 'NONE',  ( -3.609999999999999876, 0.6499999999999930278, -4.221723315055990078 ) ) ;
#3536 = ORIENTED_EDGE ( 'NONE', *, *, #1269, .F. ) ;
#3537 = DIRECTION ( 'NONE',  ( 0.000000000000000000, -0.7933533402912337218, 0.6087614290087224322 ) ) ;
#3538 = AXIS2_PLACEMENT_3D ( 'NONE', #2978, #3905, #1546 ) ;
#3539 = VECTOR ( 'NONE', #1507, 1000.000000000000114 ) ;
#3540 = VERTEX_POINT ( 'NONE', #3756 ) ;
#3541 = AXIS2_PLACEMENT_3D ( 'NONE', #2837, #1114, #806 ) ;
#3542 = AXIS2_PLACEMENT_3D ( 'NONE', #1319, #2684, #4060 ) ;
#3543 = DIRECTION ( 'NONE',  ( 1.000000000000000000, 0.000000000000000000, -1.014973643126989991E-29 ) ) ;
#3544 = CARTESIAN_POINT ( 'NONE',  ( 4.009999999999999787, 3.949999999999999734, -3.149999999999999911 ) ) ;
#3545 = CARTESIAN_POINT ( 'NONE',  ( 3.125000000000000000, 1.950000000000000178, 3.589964102040629879 ) ) ;
#3546 = CIRCLE ( 'NONE', #3978, 0.2999999999999999889 ) ;
#3547 = CARTESIAN_POINT ( 'NONE',  ( -6.222510366459109932, 3.949999999999999734, 1.800000000000000044 ) ) ;
#3548 = DIRECTION ( 'NONE',  ( 9.088370851094219738E-30, 0.000000000000000000, 1.000000000000000000 ) ) ;
#3549 = CARTESIAN_POINT ( 'NONE',  ( 3.710000000000000409, 5.849999999999999645, -3.149999999999999911 ) ) ;
#3550 = ORIENTED_EDGE ( 'NONE', *, *, #1828, .T. ) ;
#3551 = CARTESIAN_POINT ( 'NONE',  ( -4.209999999999999964, 3.949999999999999734, 3.149999999999999911 ) ) ;
#3552 = ORIENTED_EDGE ( 'NONE', *, *, #794, .F. ) ;
#3553 = CIRCLE ( 'NONE', #2540, 0.5500000000000003775 ) ;
#3554 = CARTESIAN_POINT ( 'NONE',  ( 4.009999999999999787, 0.7102117398512820534, -4.485841490192609804 ) ) ;
#3555 = CIRCLE ( 'NONE', #2045, 0.2999999999999999889 ) ;
#3556 = CARTESIAN_POINT ( 'NONE',  ( -3.910000000000000142, 0.2802667518457296891, 5.500000000000000000 ) ) ;
#3557 = EDGE_CURVE ( 'NONE', #1268, #3494, #2348, .T. ) ;
#3558 = DIRECTION ( 'NONE',  ( 1.014007613118478321E-29, 0.04361938736533728378, 0.9990482215818576872 ) ) ;
#3559 = DIRECTION ( 'NONE',  ( 0.000000000000000000, -0.7933533402912337218, -0.6087614290087224322 ) ) ;
#3560 = ORIENTED_EDGE ( 'NONE', *, *, #3991, .T. ) ;
#3561 = EDGE_CURVE ( 'NONE', #3635, #1265, #601, .T. ) ;
#3562 = VERTEX_POINT ( 'NONE', #1612 ) ;
#3563 = AXIS2_PLACEMENT_3D ( 'NONE', #2314, #884, #2644 ) ;
#3564 = LINE ( 'NONE', #2146, #4103 ) ;
#3565 = CARTESIAN_POINT ( 'NONE',  ( 6.850000000000000533, 0.2999999999999999889, 4.200000000000000178 ) ) ;
#3566 = CARTESIAN_POINT ( 'NONE',  ( 3.409999999999999698, 0.5065052716392820509, 4.843658047946089340 ) ) ;
#3567 = DIRECTION ( 'NONE',  ( 1.000000000000000000, -3.424510003532624963E-31, -1.061678066473567980E-29 ) ) ;
#3568 = DIRECTION ( 'NONE',  ( -1.000000000000000000, 0.000000000000000000, 1.014973643126989991E-29 ) ) ;
#3569 = ORIENTED_EDGE ( 'NONE', *, *, #2170, .T. ) ;
#3570 = FACE_OUTER_BOUND ( 'NONE', #2810, .T. ) ;
#3571 = ORIENTED_EDGE ( 'NONE', *, *, #3008, .F. ) ;
#3572 = ORIENTED_EDGE ( 'NONE', *, *, #4218, .T. ) ;
#3573 = PRODUCT_DEFINITION ( 'UNKNOWN', '', #466, #2436 ) ;
#3574 = EDGE_CURVE ( 'NONE', #3690, #1663, #988, .T. ) ;
#3575 = CARTESIAN_POINT ( 'NONE',  ( -2.775557561562889872E-16, 6.599999999999999645, -1.387778780781450113E-16 ) ) ;
#3576 = ORIENTED_EDGE ( 'NONE', *, *, #1731, .F. ) ;
#3577 = CARTESIAN_POINT ( 'NONE',  ( -3.609999999999999876, 0.6199999999999999956, -4.199726404968139981 ) ) ;
#3578 = DIRECTION ( 'NONE',  ( 0.000000000000000000, -1.000000000000000000, -0.000000000000000000 ) ) ;
#3579 = VERTEX_POINT ( 'NONE', #1011 ) ;
#3580 = VERTEX_POINT ( 'NONE', #4012 ) ;
#3581 = VECTOR ( 'NONE', #3979, 1000.000000000000000 ) ;
#3582 = PLANE ( 'NONE',  #2518 ) ;
#3583 = DIRECTION ( 'NONE',  ( -1.000000000000000000, -4.681010421875320110E-31, 1.121110201144558008E-29 ) ) ;
#3584 = VECTOR ( 'NONE', #3143, 1000.000000000000000 ) ;
#3585 = DIRECTION ( 'NONE',  ( 1.000000000000000000, 0.000000000000000000, -1.014973643126989991E-29 ) ) ;
#3586 = DIRECTION ( 'NONE',  ( 1.000000000000000000, -3.391264237944545229E-31, -9.707778271180067886E-30 ) ) ;
#3587 = LINE ( 'NONE', #2592, #2744 ) ;
#3588 = ORIENTED_EDGE ( 'NONE', *, *, #1789, .T. ) ;
#3589 = CARTESIAN_POINT ( 'NONE',  ( -3.609999999999999876, 0.2802667518457296891, -5.500000000000000000 ) ) ;
#3590 = ORIENTED_EDGE ( 'NONE', *, *, #1408, .T. ) ;
#3591 = ORIENTED_EDGE ( 'NONE', *, *, #2062, .F. ) ;
#3592 = CARTESIAN_POINT ( 'NONE',  ( 6.850000000000000533, 1.950000000000000178, -4.200000000000000178 ) ) ;
#3593 = CARTESIAN_POINT ( 'NONE',  ( -6.439192398919230342, 2.063070504469210142, 3.704192398919239793 ) ) ;
#3594 = ORIENTED_EDGE ( 'NONE', *, *, #2667, .T. ) ;
#3595 = EDGE_CURVE ( 'NONE', #230, #4180, #1472, .T. ) ;
#3596 = DIRECTION ( 'NONE',  ( 3.052084608322652108E-30, -0.9537169507482271547, 0.3007057995042720644 ) ) ;
#3597 = FACE_OUTER_BOUND ( 'NONE', #2376, .T. ) ;
#3598 = EDGE_CURVE ( 'NONE', #2998, #739, #3113, .T. ) ;
#3599 = ORIENTED_EDGE ( 'NONE', *, *, #3377, .T. ) ;
#3600 = EDGE_LOOP ( 'NONE', ( #1892, #3659, #2388, #2791 ) ) ;
#3601 = AXIS2_PLACEMENT_3D ( 'NONE', #1166, #392, #819 ) ;
#3602 = DIRECTION ( 'NONE',  ( 9.549551762603905006E-46, 1.000000000000000000, 9.408669700213189370E-17 ) ) ;
#3603 = CARTESIAN_POINT ( 'NONE',  ( -4.209999999999999964, 0.01818532168844502403, -5.083487655625070545 ) ) ;
#3604 = CARTESIAN_POINT ( 'NONE',  ( 4.009999999999999787, 0.5967170114905639977, -5.129773133170560051 ) ) ;
#3605 = VECTOR ( 'NONE', #3719, 1000.000000000000000 ) ;
#3606 = AXIS2_PLACEMENT_3D ( 'NONE', #1640, #4378, #1299 ) ;
#3607 = DIRECTION ( 'NONE',  ( -1.000000000000000000, 0.000000000000000000, 1.014973643126989991E-29 ) ) ;
#3608 = CARTESIAN_POINT ( 'NONE',  ( -3.609999999999999876, 5.849999999999999645, -2.870000000000000107 ) ) ;
#3609 = ORIENTED_EDGE ( 'NONE', *, *, #2659, .F. ) ;
#3610 = CARTESIAN_POINT ( 'NONE',  ( 6.389207623606529829, 2.062198282718610276, -3.654207623606520183 ) ) ;
#3611 = ORIENTED_EDGE ( 'NONE', *, *, #149, .T. ) ;
#3612 = VECTOR ( 'NONE', #741, 1000.000000000000000 ) ;
#3613 = ORIENTED_EDGE ( 'NONE', *, *, #2386, .F. ) ;
#3614 = DIRECTION ( 'NONE',  ( -1.000000000000000000, 3.391264237944545229E-31, 9.707778271180067886E-30 ) ) ;
#3615 = CARTESIAN_POINT ( 'NONE',  ( 3.409999999999999698, 0.000000000000000000, -5.500000000000000000 ) ) ;
#3616 = VECTOR ( 'NONE', #2961, 1000.000000000000000 ) ;
#3617 = CARTESIAN_POINT ( 'NONE',  ( -3.609999999999999876, 1.199999999999999956, 3.149999999999999911 ) ) ;
#3618 = ORIENTED_EDGE ( 'NONE', *, *, #2615, .F. ) ;
#3619 = ORIENTED_EDGE ( 'NONE', *, *, #2664, .T. ) ;
#3620 = CARTESIAN_POINT ( 'NONE',  ( -6.850000000000000533, 1.950000000000000178, -4.200000000000000178 ) ) ;
#3621 = DIRECTION ( 'NONE',  ( -1.014973643126989991E-29, 0.000000000000000000, -1.000000000000000000 ) ) ;
#3622 = VERTEX_POINT ( 'NONE', #2680 ) ;
#3623 = ORIENTED_EDGE ( 'NONE', *, *, #1255, .F. ) ;
#3624 = EDGE_CURVE ( 'NONE', #3646, #210, #4079, .T. ) ;
#3625 = ADVANCED_FACE ( 'NONE', ( #1969 ), #3716, .F. ) ;
#3626 = EDGE_CURVE ( 'NONE', #3701, #3106, #687, .T. ) ;
#3627 = ADVANCED_FACE ( 'NONE', ( #691 ), #1335, .T. ) ;
#3628 = FACE_OUTER_BOUND ( 'NONE', #1266, .T. ) ;
#3629 = CARTESIAN_POINT ( 'NONE',  ( 3.710000000000000409, 0.6499999999999930278, 4.221723315055990078 ) ) ;
#3630 = AXIS2_PLACEMENT_3D ( 'NONE', #2378, #2019, #2043 ) ;
#3631 = DIRECTION ( 'NONE',  ( 1.000000000000000000, 0.000000000000000000, 0.000000000000000000 ) ) ;
#3632 = CARTESIAN_POINT ( 'NONE',  ( 3.409999999999999698, 1.093544532347108023, 4.546943621655961110 ) ) ;
#3633 = VERTEX_POINT ( 'NONE', #2324 ) ;
#3634 = CARTESIAN_POINT ( 'NONE',  ( 3.409999999999999698, 0.3587110094031937813, 4.947144704467943299 ) ) ;
#3635 = VERTEX_POINT ( 'NONE', #668 ) ;
#3636 = EDGE_LOOP ( 'NONE', ( #2711, #2840, #2286, #1508 ) ) ;
#3637 = AXIS2_PLACEMENT_3D ( 'NONE', #2210, #3578, #1873 ) ;
#3638 = PLANE ( 'NONE',  #1146 ) ;
#3639 = DIRECTION ( 'NONE',  ( -1.000000000000000000, 0.000000000000000000, 8.797329830628243049E-17 ) ) ;
#3640 = CARTESIAN_POINT ( 'NONE',  ( -2.104999999999999982, 3.949999999999999734, 2.870000000000000107 ) ) ;
#3641 = ORIENTED_EDGE ( 'NONE', *, *, #4126, .T. ) ;
#3642 = ORIENTED_EDGE ( 'NONE', *, *, #4263, .F. ) ;
#3643 = CARTESIAN_POINT ( 'NONE',  ( 3.425000000000000266, 6.599999999999999645, 4.200000000000000178 ) ) ;
#3644 = DIRECTION ( 'NONE',  ( -0.9998476951563912696, 0.01745240643728350471, 1.014819057725006613E-29 ) ) ;
#3645 = EDGE_LOOP ( 'NONE', ( #175, #4428, #2668, #4429 ) ) ;
#3646 = VERTEX_POINT ( 'NONE', #4413 ) ;
#3647 = EDGE_LOOP ( 'NONE', ( #2065, #372, #2004, #1950 ) ) ;
#3648 = FACE_OUTER_BOUND ( 'NONE', #3343, .T. ) ;
#3649 = AXIS2_PLACEMENT_3D ( 'NONE', #101, #127, #1154 ) ;
#3650 = PLANE ( 'NONE',  #871 ) ;
#3651 = EDGE_CURVE ( 'NONE', #3893, #268, #3546, .T. ) ;
#3652 = DIRECTION ( 'NONE',  ( -1.000000000000000000, -4.681010421875320110E-31, 1.121110201144558008E-29 ) ) ;
#3653 = LINE ( 'NONE', #1925, #2595 ) ;
#3654 = ORIENTED_EDGE ( 'NONE', *, *, #3171, .F. ) ;
#3655 = ADVANCED_FACE ( 'NONE', ( #4433 ), #3380, .F. ) ;
#3656 = DIRECTION ( 'NONE',  ( 1.000000000000000000, 0.000000000000000000, -1.014973643126989991E-29 ) ) ;
#3657 = ORIENTED_EDGE ( 'NONE', *, *, #2992, .T. ) ;
#3658 = EDGE_CURVE ( 'NONE', #684, #397, #627, .T. ) ;
#3659 = ORIENTED_EDGE ( 'NONE', *, *, #2259, .F. ) ;
#3660 = VECTOR ( 'NONE', #1544, 1000.000000000000000 ) ;
#3661 = VECTOR ( 'NONE', #1091, 1000.000000000000114 ) ;
#3662 = DIRECTION ( 'NONE',  ( 0.000000000000000000, 0.8064446042674814352, 0.5913096483635837952 ) ) ;
#3663 = CARTESIAN_POINT ( 'NONE',  ( -3.125000000000000000, 1.950000000000000178, -3.589964102040629879 ) ) ;
#3664 = DIRECTION ( 'NONE',  ( 0.000000000000000000, -0.7933533402912337218, -0.6087614290087224322 ) ) ;
#3665 = VERTEX_POINT ( 'NONE', #1657 ) ;
#3666 = ORIENTED_EDGE ( 'NONE', *, *, #3219, .F. ) ;
#3667 = PLANE ( 'NONE',  #3438 ) ;
#3668 = ADVANCED_FACE ( 'NONE', ( #315 ), #1676, .T. ) ;
#3669 = VERTEX_POINT ( 'NONE', #1739 ) ;
#3670 = ORIENTED_EDGE ( 'NONE', *, *, #3033, .T. ) ;
#3671 = VECTOR ( 'NONE', #1474, 1000.000000000000114 ) ;
#3672 = ORIENTED_EDGE ( 'NONE', *, *, #621, .F. ) ;
#3673 = CARTESIAN_POINT ( 'NONE',  ( 6.653589838486229979, 6.940192378864669998, 4.003589838486220742 ) ) ;
#3674 = DIRECTION ( 'NONE',  ( 1.000000000000000000, -3.424510003532624963E-31, -9.682692197804120021E-30 ) ) ;
#3675 = LINE ( 'NONE', #3360, #3720 ) ;
#3676 = DIRECTION ( 'NONE',  ( 0.000000000000000000, -0.7933533402912337218, -0.6087614290087224322 ) ) ;
#3677 = ORIENTED_EDGE ( 'NONE', *, *, #3502, .F. ) ;
#3678 = LINE ( 'NONE', #1928, #2955 ) ;
#3679 = VECTOR ( 'NONE', #4136, 1000.000000000000000 ) ;
#3680 = ORIENTED_EDGE ( 'NONE', *, *, #2723, .F. ) ;
#3681 = EDGE_LOOP ( 'NONE', ( #2695, #571, #1639, #2954 ) ) ;
#3682 = AXIS2_PLACEMENT_3D ( 'NONE', #2809, #4212, #3559 ) ;
#3683 = CARTESIAN_POINT ( 'NONE',  ( -3.609999999999999876, 0.000000000000000000, -5.500000000000000000 ) ) ;
#3684 = DIRECTION ( 'NONE',  ( 1.000000000000000000, 3.697149189837210119E-30, -0.000000000000000000 ) ) ;
#3685 = CARTESIAN_POINT ( 'NONE',  ( -1.670000000000000151, 3.949999999999999734, 1.574999999999999956 ) ) ;
#3686 = VERTEX_POINT ( 'NONE', #2122 ) ;
#3687 = VERTEX_POINT ( 'NONE', #2096 ) ;
#3688 = CIRCLE ( 'NONE', #403, 0.2999999999999999889 ) ;
#3689 = CARTESIAN_POINT ( 'NONE',  ( 6.404147580901920484E-17, 3.949999999999999734, -6.500041001310921630E-46 ) ) ;
#3690 = VERTEX_POINT ( 'NONE', #761 ) ;
#3691 = EDGE_CURVE ( 'NONE', #1117, #890, #4409, .T. ) ;
#3692 = VECTOR ( 'NONE', #2634, 1000.000000000000000 ) ;
#3693 = EDGE_CURVE ( 'NONE', #3540, #2572, #1716, .T. ) ;
#3694 = ORIENTED_EDGE ( 'NONE', *, *, #264, .F. ) ;
#3695 = DIRECTION ( 'NONE',  ( 0.9998476951563912696, 0.01745240643728350471, 3.062217744223399868E-16 ) ) ;
#3696 = MANIFOLD_SOLID_BREP ( 'tes1-single_3d-drawing.stp<1>', #2820 ) ;
#3697 = DIRECTION ( 'NONE',  ( 0.000000000000000000, -0.7933533402912341659, -0.6087614290087219882 ) ) ;
#3698 = ADVANCED_FACE ( 'NONE', ( #2477 ), #43, .T. ) ;
#3699 = PLANE ( 'NONE',  #1352 ) ;
#3700 = FACE_OUTER_BOUND ( 'NONE', #208, .T. ) ;
#3701 = VERTEX_POINT ( 'NONE', #1808 ) ;
#3702 = CARTESIAN_POINT ( 'NONE',  ( -3.609999999999999876, 1.199999999999999956, 4.625000000000000000 ) ) ;
#3703 = ORIENTED_EDGE ( 'NONE', *, *, #4033, .F. ) ;
#3704 = ORIENTED_EDGE ( 'NONE', *, *, #794, .T. ) ;
#3705 = VECTOR ( 'NONE', #3137, 1000.000000000000000 ) ;
#3706 = LINE ( 'NONE', #637, #2053 ) ;
#3707 = DIRECTION ( 'NONE',  ( 0.000000000000000000, 1.000000000000000000, 0.000000000000000000 ) ) ;
#3708 = CARTESIAN_POINT ( 'NONE',  ( -6.850000000000000533, 0.3499999999999999778, -4.200000000000000178 ) ) ;
#3709 = ORIENTED_EDGE ( 'NONE', *, *, #401, .T. ) ;
#3710 = EDGE_CURVE ( 'NONE', #1107, #3131, #425, .T. ) ;
#3711 = EDGE_CURVE ( 'NONE', #3431, #4411, #3471, .T. ) ;
#3712 = ORIENTED_EDGE ( 'NONE', *, *, #2050, .T. ) ;
#3713 = CARTESIAN_POINT ( 'NONE',  ( 3.710000000000000409, 0.5676618435584670497, -5.107478318675999773 ) ) ;
#3714 = ORIENTED_EDGE ( 'NONE', *, *, #1748, .F. ) ;
#3715 = EDGE_LOOP ( 'NONE', ( #2626, #1027, #1466, #3984, #3784, #552, #822, #2679, #3672, #470, #886, #686, #2872, #2051 ) ) ;
#3716 = CYLINDRICAL_SURFACE ( 'NONE', #4274, 0.2999999999999999334 ) ;
#3717 = CARTESIAN_POINT ( 'NONE',  ( -1.670000000000000151, 0.6499999999999930278, 4.221723315055990078 ) ) ;
#3718 = LINE ( 'NONE', #2949, #4127 ) ;
#3719 = DIRECTION ( 'NONE',  ( 0.000000000000000000, -1.000000000000000000, -0.000000000000000000 ) ) ;
#3720 = VECTOR ( 'NONE', #274, 1000.000000000000114 ) ;
#3721 = EDGE_LOOP ( 'NONE', ( #1740, #1395, #1756, #2204 ) ) ;
#3722 =( NAMED_UNIT ( * ) PLANE_ANGLE_UNIT ( ) SI_UNIT ( $, .RADIAN. ) );
#3723 = ORIENTED_EDGE ( 'NONE', *, *, #1401, .F. ) ;
#3724 = DIRECTION ( 'NONE',  ( 1.014973643126989991E-29, 0.000000000000000000, 1.000000000000000000 ) ) ;
#3725 = DIRECTION ( 'NONE',  ( -4.427252850516378417E-31, -0.9990482215818576872, -0.04361938736533728378 ) ) ;
#3726 = DIRECTION ( 'NONE',  ( -1.000000000000000000, 3.391264237944545229E-31, 1.059169459135973194E-29 ) ) ;
#3727 = CARTESIAN_POINT ( 'NONE',  ( 3.409999999999999698, 5.849999999999999645, -3.149999999999999911 ) ) ;
#3728 = ORIENTED_EDGE ( 'NONE', *, *, #3219, .T. ) ;
#3729 = AXIS2_PLACEMENT_3D ( 'NONE', #2076, #3442, #2054 ) ;
#3730 = VECTOR ( 'NONE', #2901, 1000.000000000000000 ) ;
#3731 = ORIENTED_EDGE ( 'NONE', *, *, #148, .T. ) ;
#3732 = LINE ( 'NONE', #983, #866 ) ;
#3733 = ORIENTED_EDGE ( 'NONE', *, *, #1869, .T. ) ;
#3734 = ORIENTED_EDGE ( 'NONE', *, *, #4169, .T. ) ;
#3735 = DIRECTION ( 'NONE',  ( 1.000000000000000000, -3.531817991034325100E-30, -5.546981613096929443E-30 ) ) ;
#3736 = CARTESIAN_POINT ( 'NONE',  ( 8.326672684688670109E-16, 3.949999999999999734, 9.164823596721608695E-16 ) ) ;
#3737 = DIRECTION ( 'NONE',  ( 1.014973643126989991E-29, 0.000000000000000000, 1.000000000000000000 ) ) ;
#3738 = PLANE ( 'NONE',  #1819 ) ;
#3739 = ORIENTED_EDGE ( 'NONE', *, *, #3801, .F. ) ;
#3740 = PLANE ( 'NONE',  #3606 ) ;
#3741 = ORIENTED_EDGE ( 'NONE', *, *, #1847, .T. ) ;
#3742 = EDGE_CURVE ( 'NONE', #3211, #1996, #3688, .T. ) ;
#3743 = LINE ( 'NONE', #1724, #1492 ) ;
#3744 = PLANE ( 'NONE',  #3060 ) ;
#3745 = CARTESIAN_POINT ( 'NONE',  ( 4.009999999999999787, 1.370955930443130022, -4.200000000000000178 ) ) ;
#3746 = VECTOR ( 'NONE', #2781, 1000.000000000000000 ) ;
#3747 = VECTOR ( 'NONE', #973, 1000.000000000000000 ) ;
#3748 = FACE_BOUND ( 'NONE', #4247, .T. ) ;
#3749 = VERTEX_POINT ( 'NONE', #2431 ) ;
#3750 = VECTOR ( 'NONE', #2330, 1000.000000000000000 ) ;
#3751 = CIRCLE ( 'NONE', #892, 0.3000000000000003775 ) ;
#3752 = ORIENTED_EDGE ( 'NONE', *, *, #3794, .T. ) ;
#3753 = CARTESIAN_POINT ( 'NONE',  ( -1.369999999999999885, 0.5967170114905639977, 5.129773133170560051 ) ) ;
#3754 = VECTOR ( 'NONE', #1599, 1000.000000000000000 ) ;
#3755 = ORIENTED_EDGE ( 'NONE', *, *, #588, .T. ) ;
#3756 = CARTESIAN_POINT ( 'NONE',  ( -6.850000000000000533, 0.2999999999999999889, -4.200000000000000178 ) ) ;
#3757 = CIRCLE ( 'NONE', #3335, 0.5500000000000002665 ) ;
#3758 = EDGE_CURVE ( 'NONE', #314, #2849, #3173, .T. ) ;
#3759 = CARTESIAN_POINT ( 'NONE',  ( 3.409999999999999698, 3.949999999999999734, 1.574999999999999956 ) ) ;
#3760 = EDGE_CURVE ( 'NONE', #2629, #4370, #107, .T. ) ;
#3761 = EDGE_CURVE ( 'NONE', #3345, #2358, #3827, .T. ) ;
#3762 = VECTOR ( 'NONE', #341, 1000.000000000000114 ) ;
#3763 = CARTESIAN_POINT ( 'NONE',  ( -4.209999999999999964, 0.6499999999999930278, 4.221723315055990078 ) ) ;
#3764 = DIRECTION ( 'NONE',  ( 0.000000000000000000, 1.000000000000000000, 0.000000000000000000 ) ) ;
#3765 = DIRECTION ( 'NONE',  ( -8.726839090258578537E-17, 0.01745240643728350471, 0.9998476951563912696 ) ) ;
#3766 = EDGE_LOOP ( 'NONE', ( #3609, #3709, #4145, #303 ) ) ;
#3767 = CARTESIAN_POINT ( 'NONE',  ( -1.369999999999999885, 0.8153881897273429491, 4.746267637967520159 ) ) ;
#3768 = ORIENTED_EDGE ( 'NONE', *, *, #3329, .T. ) ;
#3769 = DIRECTION ( 'NONE',  ( -3.062684205862398453E-16, 0.000000000000000000, 1.000000000000000000 ) ) ;
#3770 = CARTESIAN_POINT ( 'NONE',  ( -1.070000000000000062, 1.199999999999999956, 4.200000000000000178 ) ) ;
#3771 = LINE ( 'NONE', #1726, #33 ) ;
#3772 = LINE ( 'NONE', #309, #2967 ) ;
#3773 = VERTEX_POINT ( 'NONE', #2811 ) ;
#3774 = ORIENTED_EDGE ( 'NONE', *, *, #27, .F. ) ;
#3775 = VECTOR ( 'NONE', #1197, 1000.000000000000000 ) ;
#3776 = PLANE ( 'NONE',  #1018 ) ;
#3777 = ORIENTED_EDGE ( 'NONE', *, *, #1871, .T. ) ;
#3778 = VERTEX_POINT ( 'NONE', #379 ) ;
#3779 = DIRECTION ( 'NONE',  ( 0.000000000000000000, -0.7933533402912341659, -0.6087614290087219882 ) ) ;
#3780 = ADVANCED_FACE ( 'NONE', ( #3851 ), #3804, .T. ) ;
#3781 = ADVANCED_FACE ( 'NONE', ( #784 ), #2672, .F. ) ;
#3782 = DIRECTION ( 'NONE',  ( 0.000000000000000000, -1.000000000000000000, 0.000000000000000000 ) ) ;
#3783 = LINE ( 'NONE', #2844, #3037 ) ;
#3784 = ORIENTED_EDGE ( 'NONE', *, *, #2230, .F. ) ;
#3785 = EDGE_CURVE ( 'NONE', #684, #1663, #3200, .T. ) ;
#3786 = LINE ( 'NONE', #716, #2385 ) ;
#3787 = ADVANCED_FACE ( 'NONE', ( #2986 ), #1218, .F. ) ;
#3788 = DIRECTION ( 'NONE',  ( -1.014973643126989991E-29, 0.000000000000000000, -1.000000000000000000 ) ) ;
#3789 = FACE_OUTER_BOUND ( 'NONE', #2891, .T. ) ;
#3790 = EDGE_CURVE ( 'NONE', #890, #1849, #258, .T. ) ;
#3791 = PLANE ( 'NONE',  #1271 ) ;
#3792 = LINE ( 'NONE', #3368, #3464 ) ;
#3793 = ORIENTED_EDGE ( 'NONE', *, *, #588, .F. ) ;
#3794 = EDGE_CURVE ( 'NONE', #610, #2039, #1982, .T. ) ;
#3795 = DIRECTION ( 'NONE',  ( 1.000000000000000000, -3.424510003532624963E-31, -9.682692197804120021E-30 ) ) ;
#3796 = AXIS2_PLACEMENT_3D ( 'NONE', #3890, #4186, #3121 ) ;
#3797 = EDGE_LOOP ( 'NONE', ( #577, #3886, #446, #2297 ) ) ;
#3798 = CARTESIAN_POINT ( 'NONE',  ( -3.350000000000000089, 7.200000000000000178, 1.199999999999999956 ) ) ;
#3799 = CARTESIAN_POINT ( 'NONE',  ( 3.409999999999999698, 0.5967170114905639977, -5.129773133170560051 ) ) ;
#3800 = CIRCLE ( 'NONE', #1864, 0.5000000000000004441 ) ;
#3801 = EDGE_CURVE ( 'NONE', #3283, #1268, #2750, .T. ) ;
#3802 = DIRECTION ( 'NONE',  ( 9.679975680128922934E-30, 0.3007057995042720644, 0.9537169507482272657 ) ) ;
#3803 = ORIENTED_EDGE ( 'NONE', *, *, #147, .T. ) ;
#3804 = CYLINDRICAL_SURFACE ( 'NONE', #1183, 0.5500000000000003775 ) ;
#3805 = ORIENTED_EDGE ( 'NONE', *, *, #3463, .T. ) ;
#3806 = LINE ( 'NONE', #2412, #3152 ) ;
#3807 = CARTESIAN_POINT ( 'NONE',  ( 4.009999999999999787, 2.391911860886269725, -3.557800634534129980 ) ) ;
#3808 = LINE ( 'NONE', #3476, #2971 ) ;
#3809 = ORIENTED_EDGE ( 'NONE', *, *, #3832, .T. ) ;
#3810 = DIRECTION ( 'NONE',  ( 1.014973643126989991E-29, -1.113877062083223971E-48, 1.000000000000000000 ) ) ;
#3811 = APPLICATION_CONTEXT ( 'automotive_design' ) ;
#3812 = DIRECTION ( 'NONE',  ( 1.014973643126989991E-29, 0.000000000000000000, 1.000000000000000000 ) ) ;
#3813 = LINE ( 'NONE', #3860, #3847 ) ;
#3814 = CARTESIAN_POINT ( 'NONE',  ( -3.910000000000000142, 5.849999999999999645, -2.870000000000000107 ) ) ;
#3815 = ORIENTED_EDGE ( 'NONE', *, *, #953, .F. ) ;
#3816 = LINE ( 'NONE', #3482, #102 ) ;
#3817 = ORIENTED_EDGE ( 'NONE', *, *, #2798, .T. ) ;
#3818 = EDGE_CURVE ( 'NONE', #2620, #278, #2582, .T. ) ;
#3819 = LINE ( 'NONE', #752, #3062 ) ;
#3820 = CIRCLE ( 'NONE', #1457, 0.2999999999999999889 ) ;
#3821 = LINE ( 'NONE', #2767, #3075 ) ;
#3822 = AXIS2_PLACEMENT_3D ( 'NONE', #2571, #3972, #3361 ) ;
#3823 = VECTOR ( 'NONE', #702, 1000.000000000000000 ) ;
#3824 = DIRECTION ( 'NONE',  ( 0.000000000000000000, -0.7933533402912337218, 0.6087614290087224322 ) ) ;
#3825 = DIRECTION ( 'NONE',  ( 1.014973643126989991E-29, -3.036319805723609953E-33, 1.000000000000000000 ) ) ;
#3826 = EDGE_LOOP ( 'NONE', ( #2545, #98, #1288, #2211 ) ) ;
#3827 = LINE ( 'NONE', #3148, #1538 ) ;
#3828 = EDGE_CURVE ( 'NONE', #4146, #3687, #2938, .T. ) ;
#3829 = AXIS2_PLACEMENT_3D ( 'NONE', #766, #4152, #789 ) ;
#3830 = ORIENTED_EDGE ( 'NONE', *, *, #2858, .T. ) ;
#3831 = DIRECTION ( 'NONE',  ( 0.000000000000000000, 1.000000000000000000, 0.000000000000000000 ) ) ;
#3832 = EDGE_CURVE ( 'NONE', #3250, #2709, #1264, .T. ) ;
#3833 = AXIS2_PLACEMENT_3D ( 'NONE', #2074, #2141, #2790 ) ;
#3834 = LINE ( 'NONE', #2371, #116 ) ;
#3835 = DIRECTION ( 'NONE',  ( -1.000000000000000000, 0.000000000000000000, 1.014973643126989991E-29 ) ) ;
#3836 = CYLINDRICAL_SURFACE ( 'NONE', #3182, 0.5500000000000003775 ) ;
#3837 = EDGE_CURVE ( 'NONE', #3038, #2988, #3012, .T. ) ;
#3838 = FACE_OUTER_BOUND ( 'NONE', #1656, .T. ) ;
#3839 = PLANE ( 'NONE',  #2125 ) ;
#3840 = PLANE ( 'NONE',  #4044 ) ;
#3841 = ORIENTED_EDGE ( 'NONE', *, *, #1238, .F. ) ;
#3842 = LINE ( 'NONE', #2512, #1313 ) ;
#3843 = ORIENTED_EDGE ( 'NONE', *, *, #750, .F. ) ;
#3844 = CARTESIAN_POINT ( 'NONE',  ( 3.409999999999999698, 0.6499999999999930278, 4.221723315055990078 ) ) ;
#3845 = CARTESIAN_POINT ( 'NONE',  ( 4.009999999999999787, 0.3061653321695956831, -4.906824988224970596 ) ) ;
#3846 = EDGE_CURVE ( 'NONE', #1662, #4370, #1235, .T. ) ;
#3847 = VECTOR ( 'NONE', #75, 1000.000000000000000 ) ;
#3848 = CARTESIAN_POINT ( 'NONE',  ( 3.409999999999999698, 0.4022736538311170729, -4.582933995764480350 ) ) ;
#3849 = DIRECTION ( 'NONE',  ( 1.000000000000000000, 0.000000000000000000, -1.014973643126989991E-29 ) ) ;
#3850 = ORIENTED_EDGE ( 'NONE', *, *, #3320, .T. ) ;
#3851 = FACE_OUTER_BOUND ( 'NONE', #849, .T. ) ;
#3852 = ADVANCED_FACE ( 'NONE', ( #2625 ), #133, .T. ) ;
#3853 = VERTEX_POINT ( 'NONE', #4005 ) ;
#3854 = CARTESIAN_POINT ( 'NONE',  ( 3.710000000000000409, 0.8619333812802446593, -4.377119299477215009 ) ) ;
#3855 = AXIS2_PLACEMENT_3D ( 'NONE', #4067, #3724, #658 ) ;
#3856 = LINE ( 'NONE', #3179, #1381 ) ;
#3857 = CARTESIAN_POINT ( 'NONE',  ( -3.609999999999999876, 0.8153881897273420609, -4.746267637967520159 ) ) ;
#3858 = DIRECTION ( 'NONE',  ( -1.000000000000000000, 0.000000000000000000, 1.014973643126989991E-29 ) ) ;
#3859 = FACE_OUTER_BOUND ( 'NONE', #3412, .T. ) ;
#3860 = CARTESIAN_POINT ( 'NONE',  ( -0.5350000000000000311, 3.949999999999999734, -3.149999999999999911 ) ) ;
#3861 = CARTESIAN_POINT ( 'NONE',  ( -6.653589838486220209, 6.940192378864669998, 4.003589838486230512 ) ) ;
#3862 = VERTEX_POINT ( 'NONE', #2271 ) ;
#3863 = DIRECTION ( 'NONE',  ( 1.000000000000000000, 4.681010421875320110E-31, -9.088370851094219738E-30 ) ) ;
#3864 = ORIENTED_EDGE ( 'NONE', *, *, #2964, .F. ) ;
#3865 = LINE ( 'NONE', #4207, #3014 ) ;
#3866 = DIRECTION ( 'NONE',  ( -1.014973643126989991E-29, 0.000000000000000000, -1.000000000000000000 ) ) ;
#3867 = VECTOR ( 'NONE', #1196, 1000.000000000000000 ) ;
#3868 = AXIS2_PLACEMENT_3D ( 'NONE', #2328, #4015, #1617 ) ;
#3869 = VERTEX_POINT ( 'NONE', #885 ) ;
#3870 = DIRECTION ( 'NONE',  ( 1.000000000000000000, 0.000000000000000000, -1.014973643126989991E-29 ) ) ;
#3871 = CYLINDRICAL_SURFACE ( 'NONE', #1522, 0.4999999999999995559 ) ;
#3872 = ORIENTED_EDGE ( 'NONE', *, *, #2203, .F. ) ;
#3873 =( LENGTH_UNIT ( ) NAMED_UNIT ( * ) SI_UNIT ( .MILLI., .METRE. ) );
#3874 = ORIENTED_EDGE ( 'NONE', *, *, #3758, .T. ) ;
#3875 = CYLINDRICAL_SURFACE ( 'NONE', #299, 0.2999999999999999889 ) ;
#3876 = VECTOR ( 'NONE', #3206, 1000.000000000000000 ) ;
#3877 = AXIS2_PLACEMENT_3D ( 'NONE', #3280, #3259, #2991 ) ;
#3878 = CARTESIAN_POINT ( 'NONE',  ( -3.910000000000000142, 5.849999999999999645, 2.870000000000000107 ) ) ;
#3879 = CARTESIAN_POINT ( 'NONE',  ( -3.910000000000000142, 0.7102117398512820534, 4.485841490192609804 ) ) ;
#3880 = DIRECTION ( 'NONE',  ( -1.000000000000000000, 3.547290346654140064E-30, 5.311842837370049895E-30 ) ) ;
#3881 = LINE ( 'NONE', #1123, #3510 ) ;
#3882 = CARTESIAN_POINT ( 'NONE',  ( -4.209999999999999964, 2.391911860886269725, 3.557800634534129980 ) ) ;
#3883 = LINE ( 'NONE', #3814, #964 ) ;
#3884 = ORIENTED_EDGE ( 'NONE', *, *, #1874, .T. ) ;
#3885 = LINE ( 'NONE', #821, #3539 ) ;
#3886 = ORIENTED_EDGE ( 'NONE', *, *, #2386, .T. ) ;
#3887 = ADVANCED_FACE ( 'NONE', ( #932 ), #2250, .T. ) ;
#3888 = DIRECTION ( 'NONE',  ( -1.000000000000000000, -4.681010421875320110E-31, 1.121110201144558008E-29 ) ) ;
#3889 = ADVANCED_FACE ( 'NONE', ( #569 ), #2645, .F. ) ;
#3890 = CARTESIAN_POINT ( 'NONE',  ( -4.209999999999999964, 0.6499999999999930278, 4.221723315055990078 ) ) ;
#3891 = LINE ( 'NONE', #3489, #3671 ) ;
#3892 = CYLINDRICAL_SURFACE ( 'NONE', #3321, 0.5500000000000003775 ) ;
#3893 = VERTEX_POINT ( 'NONE', #1496 ) ;
#3894 = CIRCLE ( 'NONE', #3822, 0.3000000000000003775 ) ;
#3895 = AXIS2_PLACEMENT_3D ( 'NONE', #2710, #2686, #2397 ) ;
#3896 = ORIENTED_EDGE ( 'NONE', *, *, #1866, .T. ) ;
#3897 = AXIS2_PLACEMENT_3D ( 'NONE', #423, #4166, #3825 ) ;
#3898 = CARTESIAN_POINT ( 'NONE',  ( -4.209999999999999964, 0.9199998752429049409, 4.200000000000000178 ) ) ;
#3899 = CARTESIAN_POINT ( 'NONE',  ( 6.239964102040629790, 1.950000000000000178, 3.589964102040629879 ) ) ;
#3900 = EDGE_CURVE ( 'NONE', #3274, #1298, #1305, .T. ) ;
#3901 = FACE_OUTER_BOUND ( 'NONE', #3721, .T. ) ;
#3902 = EDGE_CURVE ( 'NONE', #625, #3540, #236, .T. ) ;
#3903 = AXIS2_PLACEMENT_3D ( 'NONE', #3074, #1419, #396 ) ;
#3904 = CARTESIAN_POINT ( 'NONE',  ( -3.910000000000000142, 0.2802667518457296891, -5.500000000000000000 ) ) ;
#3905 = DIRECTION ( 'NONE',  ( -1.000000000000000000, 3.531817991034325100E-30, 1.475249124944287038E-29 ) ) ;
#3906 = ORIENTED_EDGE ( 'NONE', *, *, #3051, .T. ) ;
#3907 = FACE_OUTER_BOUND ( 'NONE', #3385, .T. ) ;
#3908 = ORIENTED_EDGE ( 'NONE', *, *, #1446, .T. ) ;
#3909 = CIRCLE ( 'NONE', #1829, 0.5500000000000003775 ) ;
#3910 = ORIENTED_EDGE ( 'NONE', *, *, #3624, .F. ) ;
#3911 = CARTESIAN_POINT ( 'NONE',  ( 4.009999999999999787, 5.849999999999999645, -2.870000000000000107 ) ) ;
#3912 = ORIENTED_EDGE ( 'NONE', *, *, #619, .F. ) ;
#3913 = CARTESIAN_POINT ( 'NONE',  ( -1.369999999999999885, 5.849999999999999645, 3.149999999999999911 ) ) ;
#3914 = CARTESIAN_POINT ( 'NONE',  ( -1.070000000000000062, 0.9200000000000000400, -2.870000000000000107 ) ) ;
#3915 = ORIENTED_EDGE ( 'NONE', *, *, #3102, .F. ) ;
#3916 = ORIENTED_EDGE ( 'NONE', *, *, #179, .T. ) ;
#3917 = VECTOR ( 'NONE', #3607, 1000.000000000000000 ) ;
#3918 = CIRCLE ( 'NONE', #772, 0.4999999999999995559 ) ;
#3919 = DIRECTION ( 'NONE',  ( 1.000000000000000000, 0.000000000000000000, -1.014973643126989991E-29 ) ) ;
#3920 = DIRECTION ( 'NONE',  ( -1.000000000000000000, 3.547290346654140064E-30, 5.311842837370049895E-30 ) ) ;
#3921 = DIRECTION ( 'NONE',  ( 0.000000000000000000, -1.000000000000000000, -0.000000000000000000 ) ) ;
#3922 = EDGE_CURVE ( 'NONE', #1213, #120, #1957, .T. ) ;
#3923 = CARTESIAN_POINT ( 'NONE',  ( -3.910000000000000142, 1.199999999999999956, -4.625000000000000000 ) ) ;
#3924 = EDGE_CURVE ( 'NONE', #2893, #278, #725, .T. ) ;
#3925 = ADVANCED_FACE ( 'NONE', ( #3392, #3432 ), #3454, .T. ) ;
#3926 = LINE ( 'NONE', #2219, #2173 ) ;
#3927 = ORIENTED_EDGE ( 'NONE', *, *, #1930, .T. ) ;
#3928 = DIRECTION ( 'NONE',  ( 1.014973643126989991E-29, 0.000000000000000000, 1.000000000000000000 ) ) ;
#3929 = ORIENTED_EDGE ( 'NONE', *, *, #452, .F. ) ;
#3930 = EDGE_CURVE ( 'NONE', #1945, #3686, #1393, .T. ) ;
#3931 = EDGE_LOOP ( 'NONE', ( #3618, #2943, #1954, #4063 ) ) ;
#3932 = EDGE_CURVE ( 'NONE', #3131, #1349, #10, .T. ) ;
#3933 = EDGE_CURVE ( 'NONE', #3190, #2849, #2002, .T. ) ;
#3934 = LINE ( 'NONE', #2207, #4230 ) ;
#3935 = FACE_OUTER_BOUND ( 'NONE', #2535, .T. ) ;
#3936 = ORIENTED_EDGE ( 'NONE', *, *, #4026, .F. ) ;
#3937 = ORIENTED_EDGE ( 'NONE', *, *, #2659, .T. ) ;
#3938 = LINE ( 'NONE', #2296, #2579 ) ;
#3939 = FACE_OUTER_BOUND ( 'NONE', #952, .T. ) ;
#3940 = ORIENTED_EDGE ( 'NONE', *, *, #517, .T. ) ;
#3941 = ORIENTED_EDGE ( 'NONE', *, *, #846, .F. ) ;
#3942 = AXIS2_PLACEMENT_3D ( 'NONE', #2622, #144, #3662 ) ;
#3943 = CARTESIAN_POINT ( 'NONE',  ( 3.409999999999999698, 4.450000000000000178, 2.870000000000000107 ) ) ;
#3944 = CARTESIAN_POINT ( 'NONE',  ( -4.209999999999999964, 2.391911860886269725, -3.557800634534129980 ) ) ;
#3945 = CIRCLE ( 'NONE', #302, 0.2999999999999999889 ) ;
#3946 = CARTESIAN_POINT ( 'NONE',  ( -4.209999999999999964, 4.450000000000000178, 2.870000000000000107 ) ) ;
#3947 = VECTOR ( 'NONE', #3596, 1000.000000000000114 ) ;
#3948 = CARTESIAN_POINT ( 'NONE',  ( 3.710000000000000409, 0.5967170114905639977, -5.129773133170560051 ) ) ;
#3949 = CARTESIAN_POINT ( 'NONE',  ( 3.710000000000000409, 1.199999999999999956, 3.149999999999999911 ) ) ;
#3950 = ORIENTED_EDGE ( 'NONE', *, *, #778, .F. ) ;
#3951 = DIRECTION ( 'NONE',  ( 1.000000000000000000, 0.000000000000000000, -1.014973643126989991E-29 ) ) ;
#3952 = VERTEX_POINT ( 'NONE', #1710 ) ;
#3953 = ORIENTED_EDGE ( 'NONE', *, *, #1371, .T. ) ;
#3954 = DIRECTION ( 'NONE',  ( 1.000000000000000000, 0.000000000000000000, 0.000000000000000000 ) ) ;
#3955 = DIRECTION ( 'NONE',  ( 0.000000000000000000, -1.000000000000000000, -0.000000000000000000 ) ) ;
#3956 = DIRECTION ( 'NONE',  ( -1.000000000000000000, 0.000000000000000000, 1.014973643126989991E-29 ) ) ;
#3957 = EDGE_CURVE ( 'NONE', #3952, #1627, #1391, .T. ) ;
#3958 = EDGE_LOOP ( 'NONE', ( #4281, #2951, #239, #1712 ) ) ;
#3959 = EDGE_CURVE ( 'NONE', #2676, #4095, #4050, .T. ) ;
#3960 = ADVANCED_FACE ( 'NONE', ( #3748, #661, #1064 ), #330, .T. ) ;
#3961 = CARTESIAN_POINT ( 'NONE',  ( 4.009999999999999787, 0.5676618435584670497, 5.107478318675999773 ) ) ;
#3962 = DIRECTION ( 'NONE',  ( 0.000000000000000000, 1.000000000000000000, 0.000000000000000000 ) ) ;
#3963 = ORIENTED_EDGE ( 'NONE', *, *, #2241, .F. ) ;
#3964 = ORIENTED_EDGE ( 'NONE', *, *, #1791, .F. ) ;
#3965 = VECTOR ( 'NONE', #878, 1000.000000000000000 ) ;
#3966 = DIRECTION ( 'NONE',  ( 6.058317784877738483E-46, -1.000000000000000000, 5.968940992608359498E-17 ) ) ;
#3967 = ADVANCED_FACE ( 'NONE', ( #3034 ), #3411, .T. ) ;
#3968 = FACE_OUTER_BOUND ( 'NONE', #3015, .T. ) ;
#3969 = VECTOR ( 'NONE', #605, 1000.000000000000000 ) ;
#3970 = VECTOR ( 'NONE', #4019, 1000.000000000000000 ) ;
#3971 = DIRECTION ( 'NONE',  ( -1.000000000000000000, 0.000000000000000000, 1.014973643126989991E-29 ) ) ;
#3972 = DIRECTION ( 'NONE',  ( -1.000000000000000000, 3.424510003532624963E-31, 9.682692197804120021E-30 ) ) ;
#3973 = ORIENTED_EDGE ( 'NONE', *, *, #1984, .T. ) ;
#3974 = CARTESIAN_POINT ( 'NONE',  ( -1.070000000000000062, 0.6499999999999930278, 4.221723315055990078 ) ) ;
#3975 = ORIENTED_EDGE ( 'NONE', *, *, #1874, .F. ) ;
#3976 = AXIS2_PLACEMENT_3D ( 'NONE', #367, #29, #3788 ) ;
#3977 = VERTEX_POINT ( 'NONE', #3727 ) ;
#3978 = AXIS2_PLACEMENT_3D ( 'NONE', #648, #3399, #1294 ) ;
#3979 = DIRECTION ( 'NONE',  ( -1.000000000000000000, 0.000000000000000000, 1.014973643126989991E-29 ) ) ;
#3980 = LINE ( 'NONE', #4025, #3775 ) ;
#3981 = VECTOR ( 'NONE', #1634, 1000.000000000000114 ) ;
#3982 = DIRECTION ( 'NONE',  ( 1.014973643126989991E-29, -5.968940992608359498E-17, 1.000000000000000000 ) ) ;
#3983 = VERTEX_POINT ( 'NONE', #2089 ) ;
#3984 = ORIENTED_EDGE ( 'NONE', *, *, #4161, .F. ) ;
#3985 = FACE_OUTER_BOUND ( 'NONE', #2973, .T. ) ;
#3986 = CARTESIAN_POINT ( 'NONE',  ( 6.850000000000000533, 0.3499999999999999778, -4.200000000000000178 ) ) ;
#3987 = EDGE_LOOP ( 'NONE', ( #2913, #3777, #3927, #4236 ) ) ;
#3988 = EDGE_CURVE ( 'NONE', #4072, #3687, #373, .T. ) ;
#3989 = ORIENTED_EDGE ( 'NONE', *, *, #2100, .T. ) ;
#3990 = EDGE_CURVE ( 'NONE', #140, #4032, #4053, .T. ) ;
#3991 = EDGE_CURVE ( 'NONE', #3005, #2859, #473, .T. ) ;
#3992 = ORIENTED_EDGE ( 'NONE', *, *, #2259, .T. ) ;
#3993 = LINE ( 'NONE', #2906, #261 ) ;
#3994 = DIRECTION ( 'NONE',  ( -1.000000000000000000, 0.000000000000000000, 1.014973643126989991E-29 ) ) ;
#3995 = AXIS2_PLACEMENT_3D ( 'NONE', #328, #1687, #3054 ) ;
#3996 = CARTESIAN_POINT ( 'NONE',  ( -1.070000000000000062, 0.4022736538311170729, 4.582933995764480350 ) ) ;
#3997 = CARTESIAN_POINT ( 'NONE',  ( -3.609999999999999876, 0.3587110094031937813, -4.947144704467943299 ) ) ;
#3998 = ORIENTED_EDGE ( 'NONE', *, *, #2097, .F. ) ;
#3999 = CARTESIAN_POINT ( 'NONE',  ( 3.710000000000000409, 0.9199998752429049409, -4.200000000000000178 ) ) ;
#4000 = EDGE_LOOP ( 'NONE', ( #3128, #2040 ) ) ;
#4001 = ORIENTED_EDGE ( 'NONE', *, *, #1140, .F. ) ;
#4002 = EDGE_CURVE ( 'NONE', #1412, #237, #3772, .T. ) ;
#4003 = CARTESIAN_POINT ( 'NONE',  ( -6.850000000000000533, 1.950000000000000178, -4.200000000000000178 ) ) ;
#4004 = CARTESIAN_POINT ( 'NONE',  ( -6.406255922059770569, 3.949999999999999734, -3.671255922059779575 ) ) ;
#4005 = CARTESIAN_POINT ( 'NONE',  ( 6.356255922059779628, 3.949999999999999734, -3.621255922059779753 ) ) ;
#4006 = ORIENTED_EDGE ( 'NONE', *, *, #3359, .T. ) ;
#4007 = ORIENTED_EDGE ( 'NONE', *, *, #2996, .T. ) ;
#4008 = CARTESIAN_POINT ( 'NONE',  ( 3.409999999999999698, 1.093544532347108023, -4.546943621655961110 ) ) ;
#4009 = ORIENTED_EDGE ( 'NONE', *, *, #4353, .F. ) ;
#4010 = ORIENTED_EDGE ( 'NONE', *, *, #3957, .F. ) ;
#4011 = ORIENTED_EDGE ( 'NONE', *, *, #4043, .F. ) ;
#4012 = CARTESIAN_POINT ( 'NONE',  ( -4.209999999999999964, 0.2970025450160062030, 5.116687316960959464 ) ) ;
#4013 = AXIS2_PLACEMENT_3D ( 'NONE', #2786, #4162, #730 ) ;
#4014 = PLANE ( 'NONE',  #3297 ) ;
#4015 = DIRECTION ( 'NONE',  ( -1.000000000000000000, -3.697149189837210119E-30, 2.029947286253979982E-29 ) ) ;
#4016 = DIRECTION ( 'NONE',  ( 1.000000000000000000, 0.000000000000000000, -1.014973643126989991E-29 ) ) ;
#4017 = VECTOR ( 'NONE', #3132, 1000.000000000000000 ) ;
#4018 = ORIENTED_EDGE ( 'NONE', *, *, #496, .T. ) ;
#4019 = DIRECTION ( 'NONE',  ( -4.681010421875320110E-31, 1.000000000000000000, 4.751102201406201882E-60 ) ) ;
#4020 = ORIENTED_EDGE ( 'NONE', *, *, #346, .T. ) ;
#4021 = ORIENTED_EDGE ( 'NONE', *, *, #13, .F. ) ;
#4022 = CIRCLE ( 'NONE', #2082, 0.5500000000000003775 ) ;
#4023 = AXIS2_PLACEMENT_3D ( 'NONE', #1200, #4346, #573 ) ;
#4024 = DIRECTION ( 'NONE',  ( -1.000000000000000000, 0.000000000000000000, 1.014973643126989991E-29 ) ) ;
#4025 = CARTESIAN_POINT ( 'NONE',  ( -3.910000000000000142, 0.8153881897273429491, 4.746267637967520159 ) ) ;
#4026 = EDGE_CURVE ( 'NONE', #564, #1558, #1023, .T. ) ;
#4027 = CARTESIAN_POINT ( 'NONE',  ( -1.804999999999999938, 3.949999999999999734, -3.149999999999999911 ) ) ;
#4028 = VERTEX_POINT ( 'NONE', #1329 ) ;
#4029 = ADVANCED_FACE ( 'NONE', ( #4427 ), #2694, .T. ) ;
#4030 = ORIENTED_EDGE ( 'NONE', *, *, #918, .T. ) ;
#4031 = DIRECTION ( 'NONE',  ( 0.000000000000000000, -0.7933533402912337218, -0.6087614290087224322 ) ) ;
#4032 = VERTEX_POINT ( 'NONE', #1348 ) ;
#4033 = EDGE_CURVE ( 'NONE', #4411, #1341, #2715, .T. ) ;
#4034 = CIRCLE ( 'NONE', #3682, 0.5500000000000002665 ) ;
#4035 = VERTEX_POINT ( 'NONE', #3551 ) ;
#4036 = LINE ( 'NONE', #2655, #1972 ) ;
#4037 = DIRECTION ( 'NONE',  ( 0.000000000000000000, -0.7933533402912341659, -0.6087614290087219882 ) ) ;
#4038 = CARTESIAN_POINT ( 'NONE',  ( -5.750000000000000000, 0.4000000000000000222, 3.100000000000000089 ) ) ;
#4039 = ADVANCED_FACE ( 'NONE', ( #2448 ), #3189, .T. ) ;
#4040 = LINE ( 'NONE', #2038, #3605 ) ;
#4041 = ORIENTED_EDGE ( 'NONE', *, *, #1172, .F. ) ;
#4042 = CARTESIAN_POINT ( 'NONE',  ( 6.441166051916209945, 1.950000000000000178, 3.706166051916210069 ) ) ;
#4043 = EDGE_CURVE ( 'NONE', #2068, #1117, #3842, .T. ) ;
#4044 = AXIS2_PLACEMENT_3D ( 'NONE', #769, #2824, #3527 ) ;
#4045 = VERTEX_POINT ( 'NONE', #166 ) ;
#4046 = AXIS2_PLACEMENT_3D ( 'NONE', #749, #1465, #3505 ) ;
#4047 = EDGE_LOOP ( 'NONE', ( #2331, #2903, #1703, #233 ) ) ;
#4048 = CARTESIAN_POINT ( 'NONE',  ( 3.409999999999999698, 1.199999999999999956, 4.221723315055990078 ) ) ;
#4049 = LINE ( 'NONE', #1645, #319 ) ;
#4050 = LINE ( 'NONE', #36, #1826 ) ;
#4051 = ORIENTED_EDGE ( 'NONE', *, *, #1704, .F. ) ;
#4052 = VERTEX_POINT ( 'NONE', #2783 ) ;
#4053 = CIRCLE ( 'NONE', #1471, 0.3000000000000003775 ) ;
#4054 = PLANE ( 'NONE',  #1072 ) ;
#4055 = ORIENTED_EDGE ( 'NONE', *, *, #3658, .F. ) ;
#4056 = VERTEX_POINT ( 'NONE', #1087 ) ;
#4057 = CARTESIAN_POINT ( 'NONE',  ( 1.469999999999999973, 1.199999999999999956, 4.200000000000000178 ) ) ;
#4058 = DIRECTION ( 'NONE',  ( -4.427252850516378417E-31, -0.9990482215818576872, -0.04361938736533728378 ) ) ;
#4059 = DIRECTION ( 'NONE',  ( -1.000000000000000000, 3.547290346654140064E-30, 5.311842837370049895E-30 ) ) ;
#4060 = DIRECTION ( 'NONE',  ( 0.000000000000000000, 0.000000000000000000, 1.000000000000000000 ) ) ;
#4061 = ORIENTED_EDGE ( 'NONE', *, *, #1900, .T. ) ;
#4062 = DIRECTION ( 'NONE',  ( -1.000000000000000000, 0.000000000000000000, 1.014973643126989991E-29 ) ) ;
#4063 = ORIENTED_EDGE ( 'NONE', *, *, #3626, .T. ) ;
#4064 = EDGE_LOOP ( 'NONE', ( #2264, #1138 ) ) ;
#4065 = VECTOR ( 'NONE', #8, 1000.000000000000000 ) ;
#4066 = VECTOR ( 'NONE', #1504, 1000.000000000000000 ) ;
#4067 = CARTESIAN_POINT ( 'NONE',  ( 3.710000000000000409, 0.000000000000000000, 5.500000000000000000 ) ) ;
#4068 = FACE_OUTER_BOUND ( 'NONE', #635, .T. ) ;
#4069 = DIRECTION ( 'NONE',  ( 0.000000000000000000, -0.7933533402912341659, 0.6087614290087219882 ) ) ;
#4070 = DIRECTION ( 'NONE',  ( 1.014973643126989991E-29, 0.000000000000000000, 1.000000000000000000 ) ) ;
#4071 = EDGE_CURVE ( 'NONE', #3515, #1418, #438, .T. ) ;
#4072 = VERTEX_POINT ( 'NONE', #1822 ) ;
#4073 = EDGE_CURVE ( 'NONE', #3977, #1331, #2134, .T. ) ;
#4074 = VECTOR ( 'NONE', #998, 1000.000000000000000 ) ;
#4075 = ORIENTED_EDGE ( 'NONE', *, *, #2657, .F. ) ;
#4076 = DIRECTION ( 'NONE',  ( 0.000000000000000000, -0.7933533402912341659, -0.6087614290087219882 ) ) ;
#4077 = VERTEX_POINT ( 'NONE', #1861 ) ;
#4078 = ORIENTED_EDGE ( 'NONE', *, *, #124, .F. ) ;
#4079 = LINE ( 'NONE', #967, #3692 ) ;
#4080 = FACE_OUTER_BOUND ( 'NONE', #861, .T. ) ;
#4081 = VECTOR ( 'NONE', #2897, 1000.000000000000000 ) ;
#4082 = DIRECTION ( 'NONE',  ( -1.000000000000000000, 3.531817991034325100E-30, 1.475249124944287038E-29 ) ) ;
#4083 = APPLICATION_PROTOCOL_DEFINITION ( 'draft international standard', 'automotive_design', 1998, #2976 ) ;
#4084 = DIRECTION ( 'NONE',  ( -3.052084608322652108E-30, 0.9537169507482271547, -0.3007057995042720644 ) ) ;
#4085 = CIRCLE ( 'NONE', #2145, 0.5500000000000003775 ) ;
#4086 = VERTEX_POINT ( 'NONE', #417 ) ;
#4087 = FACE_OUTER_BOUND ( 'NONE', #934, .T. ) ;
#4088 = PLANE ( 'NONE',  #2910 ) ;
#4089 = CARTESIAN_POINT ( 'NONE',  ( 6.390040414001209257, 2.014487752960749667, 3.655040414001210269 ) ) ;
#4090 = CARTESIAN_POINT ( 'NONE',  ( -3.910000000000000142, 5.849999999999999645, -3.149999999999999911 ) ) ;
#4091 = CARTESIAN_POINT ( 'NONE',  ( 4.009999999999999787, 5.849999999999999645, 2.870000000000000107 ) ) ;
#4092 = ORIENTED_EDGE ( 'NONE', *, *, #3524, .T. ) ;
#4093 = AXIS2_PLACEMENT_3D ( 'NONE', #2370, #4058, #649 ) ;
#4094 = VECTOR ( 'NONE', #2542, 1000.000000000000000 ) ;
#4095 = VERTEX_POINT ( 'NONE', #1168 ) ;
#4096 = FACE_OUTER_BOUND ( 'NONE', #3356, .T. ) ;
#4097 = EDGE_CURVE ( 'NONE', #1025, #3562, #4157, .T. ) ;
#4098 = ADVANCED_FACE ( 'NONE', ( #3570 ), #2826, .F. ) ;
#4099 = ADVANCED_FACE ( 'NONE', ( #121 ), #771, .T. ) ;
#4100 = VERTEX_POINT ( 'NONE', #503 ) ;
#4101 = DIRECTION ( 'NONE',  ( 1.142846965504326407E-45, 1.000000000000000000, 1.125986840390630024E-16 ) ) ;
#4102 = CARTESIAN_POINT ( 'NONE',  ( -1.369999999999999885, 5.849999999999999645, 3.149999999999999911 ) ) ;
#4103 = VECTOR ( 'NONE', #2503, 1000.000000000000000 ) ;
#4104 = DIRECTION ( 'NONE',  ( 0.000000000000000000, 0.8064446042674811022, -0.5913096483635842393 ) ) ;
#4105 = FACE_OUTER_BOUND ( 'NONE', #640, .T. ) ;
#4106 = EDGE_LOOP ( 'NONE', ( #142, #2862, #1747, #1642 ) ) ;
#4107 = DIRECTION ( 'NONE',  ( 0.000000000000000000, -0.7933533402912341659, 0.6087614290087219882 ) ) ;
#4108 = ORIENTED_EDGE ( 'NONE', *, *, #1311, .F. ) ;
#4109 = EDGE_CURVE ( 'NONE', #3025, #1785, #3816, .T. ) ;
#4110 = DIRECTION ( 'NONE',  ( -1.014973643126989991E-29, 0.000000000000000000, -1.000000000000000000 ) ) ;
#4111 = CARTESIAN_POINT ( 'NONE',  ( -1.369999999999999885, 0.01818532168844502403, 5.083487655625070545 ) ) ;
#4112 = LINE ( 'NONE', #2670, #4325 ) ;
#4113 = AXIS2_PLACEMENT_3D ( 'NONE', #1859, #4270, #2551 ) ;
#4114 = VECTOR ( 'NONE', #1210, 1000.000000000000000 ) ;
#4115 = DIRECTION ( 'NONE',  ( 0.4472135954999569840, -0.7745966692414839594, -0.4472135954999579832 ) ) ;
#4116 = ORIENTED_EDGE ( 'NONE', *, *, #1910, .T. ) ;
#4117 = VECTOR ( 'NONE', #2517, 1000.000000000000114 ) ;
#4118 = VECTOR ( 'NONE', #4084, 1000.000000000000114 ) ;
#4119 = EDGE_LOOP ( 'NONE', ( #406, #4303, #678, #269 ) ) ;
#4120 = DIRECTION ( 'NONE',  ( -1.000000000000000000, 0.000000000000000000, 1.014973643126989991E-29 ) ) ;
#4121 = ADVANCED_FACE ( 'NONE', ( #3907 ), #97, .F. ) ;
#4122 = EDGE_CURVE ( 'NONE', #610, #1134, #677, .T. ) ;
#4123 = ORIENTED_EDGE ( 'NONE', *, *, #1215, .T. ) ;
#4124 = FILL_AREA_STYLE_COLOUR ( '', #4338 ) ;
#4125 = CARTESIAN_POINT ( 'NONE',  ( 3.409999999999999698, 1.199999999999999956, 4.200000000000000178 ) ) ;
#4126 = EDGE_CURVE ( 'NONE', #3040, #4150, #2804, .T. ) ;
#4127 = VECTOR ( 'NONE', #2014, 1000.000000000000000 ) ;
#4128 = EDGE_CURVE ( 'NONE', #751, #1931, #1106, .T. ) ;
#4129 = CARTESIAN_POINT ( 'NONE',  ( -5.249999999999999112, 0.2999999999999999889, 3.100000000000000089 ) ) ;
#4130 = LINE ( 'NONE', #738, #2178 ) ;
#4131 = VERTEX_POINT ( 'NONE', #4205 ) ;
#4132 = DIRECTION ( 'NONE',  ( -1.000000000000000000, -3.697149189837210119E-30, 2.029947286253979982E-29 ) ) ;
#4133 = DIRECTION ( 'NONE',  ( -1.014973643126989991E-29, -1.125986840390630024E-16, -1.000000000000000000 ) ) ;
#4134 = PLANE ( 'NONE',  #1554 ) ;
#4135 = CARTESIAN_POINT ( 'NONE',  ( 4.009999999999999787, 1.093544532347108023, 4.546943621655961110 ) ) ;
#4136 = DIRECTION ( 'NONE',  ( 1.014973643126989991E-29, 0.000000000000000000, 1.000000000000000000 ) ) ;
#4137 = VERTEX_POINT ( 'NONE', #1127 ) ;
#4138 = CARTESIAN_POINT ( 'NONE',  ( -3.910000000000000142, 1.199999999999999956, -4.221723315055990078 ) ) ;
#4139 = ORIENTED_EDGE ( 'NONE', *, *, #756, .F. ) ;
#4140 = CARTESIAN_POINT ( 'NONE',  ( -6.850000000000000533, 0.2999999999999999889, 4.200000000000000178 ) ) ;
#4141 = EDGE_CURVE ( 'NONE', #1213, #1244, #2200, .T. ) ;
#4142 = VERTEX_POINT ( 'NONE', #2155 ) ;
#4143 = VECTOR ( 'NONE', #1284, 1000.000000000000000 ) ;
#4144 = DIRECTION ( 'NONE',  ( 1.014007613118478321E-29, 0.04361938736533689520, 0.9990482215818576872 ) ) ;
#4145 = ORIENTED_EDGE ( 'NONE', *, *, #4043, .T. ) ;
#4146 = VERTEX_POINT ( 'NONE', #4226 ) ;
#4147 = CARTESIAN_POINT ( 'NONE',  ( -4.209999999999999964, 0.2802667518457296891, 5.500000000000000000 ) ) ;
#4148 = DIRECTION ( 'NONE',  ( 1.000000000000000000, 0.000000000000000000, -1.014973643126989991E-29 ) ) ;
#4149 = CYLINDRICAL_SURFACE ( 'NONE', #1609, 0.5500000000000002665 ) ;
#4150 = VERTEX_POINT ( 'NONE', #1151 ) ;
#4151 = SURFACE_SIDE_STYLE ('',( #1749 ) ) ;
#4152 = DIRECTION ( 'NONE',  ( -4.427252850516378417E-31, 0.9990482215818576872, -0.04361938736533728378 ) ) ;
#4153 = LINE ( 'NONE', #2042, #3705 ) ;
#4154 = DIRECTION ( 'NONE',  ( 1.014007613118478321E-29, 0.04361938736533688826, 0.9990482215818576872 ) ) ;
#4155 = CARTESIAN_POINT ( 'NONE',  ( 3.409999999999999698, 5.849999999999999645, 3.149999999999999911 ) ) ;
#4156 = EDGE_LOOP ( 'NONE', ( #2123, #3728, #2048, #3089, #4310 ) ) ;
#4157 = LINE ( 'NONE', #2180, #2247 ) ;
#4158 = VECTOR ( 'NONE', #566, 1000.000000000000000 ) ;
#4159 = ORIENTED_EDGE ( 'NONE', *, *, #3168, .T. ) ;
#4160 = FACE_OUTER_BOUND ( 'NONE', #958, .T. ) ;
#4161 = EDGE_CURVE ( 'NONE', #4273, #3387, #3885, .T. ) ;
#4162 = DIRECTION ( 'NONE',  ( -1.000000000000000000, 0.000000000000000000, 1.014973643126989991E-29 ) ) ;
#4163 = VECTOR ( 'NONE', #2099, 1000.000000000000000 ) ;
#4164 = EDGE_CURVE ( 'NONE', #1849, #263, #1884, .T. ) ;
#4165 = DIRECTION ( 'NONE',  ( 0.000000000000000000, 1.000000000000000000, 0.000000000000000000 ) ) ;
#4166 = DIRECTION ( 'NONE',  ( 0.9999619230641713097, 0.008726535498373931207, -1.014932346385456044E-29 ) ) ;
#4167 = ORIENTED_EDGE ( 'NONE', *, *, #1582, .F. ) ;
#4168 = CARTESIAN_POINT ( 'NONE',  ( -1.070000000000000062, 5.849999999999999645, 3.149999999999999911 ) ) ;
#4169 = EDGE_CURVE ( 'NONE', #1293, #1349, #4311, .T. ) ;
#4170 = EDGE_LOOP ( 'NONE', ( #178, #1301, #460, #3306 ) ) ;
#4171 = DIRECTION ( 'NONE',  ( -1.000000000000000000, 0.000000000000000000, 1.014973643126989991E-29 ) ) ;
#4172 = LINE ( 'NONE', #1096, #689 ) ;
#4173 = LINE ( 'NONE', #3879, #251 ) ;
#4174 = CARTESIAN_POINT ( 'NONE',  ( 4.009999999999999787, 0.6499999999999930278, 4.221723315055990078 ) ) ;
#4175 = EDGE_CURVE ( 'NONE', #2859, #2555, #1280, .T. ) ;
#4176 = LINE ( 'NONE', #2465, #2549 ) ;
#4177 = CARTESIAN_POINT ( 'NONE',  ( -3.425000000000000266, 6.899999999999999467, -4.026794919243109838 ) ) ;
#4178 = EDGE_CURVE ( 'NONE', #3853, #284, #2309, .T. ) ;
#4179 = CARTESIAN_POINT ( 'NONE',  ( -1.369999999999999885, 0.5676618435584670497, 5.107478318675999773 ) ) ;
#4180 = VERTEX_POINT ( 'NONE', #3634 ) ;
#4181 = CARTESIAN_POINT ( 'NONE',  ( 3.409999999999999698, 2.391911860886269725, 3.557800634534129980 ) ) ;
#4182 = ORIENTED_EDGE ( 'NONE', *, *, #3837, .F. ) ;
#4183 = CARTESIAN_POINT ( 'NONE',  ( -6.850000000000000533, 6.599999999999999645, 4.200000000000000178 ) ) ;
#4184 = AXIS2_PLACEMENT_3D ( 'NONE', #3949, #2198, #3568 ) ;
#4185 = EDGE_CURVE ( 'NONE', #974, #3314, #3315, .T. ) ;
#4186 = DIRECTION ( 'NONE',  ( 1.000000000000000000, -3.424510003532624963E-31, -9.682692197804120021E-30 ) ) ;
#4187 = VECTOR ( 'NONE', #1410, 1000.000000000000000 ) ;
#4188 = VECTOR ( 'NONE', #2081, 1000.000000000000000 ) ;
#4189 = DIRECTION ( 'NONE',  ( 1.000000000000000000, -9.676971970763999723E-34, -9.088798695716129947E-30 ) ) ;
#4190 = DIRECTION ( 'NONE',  ( 8.789929591196142814E-30, 0.4999999999999998890, 0.8660254037844387076 ) ) ;
#4191 = ORIENTED_EDGE ( 'NONE', *, *, #3338, .F. ) ;
#4192 = DIRECTION ( 'NONE',  ( -1.000000000000000000, 0.000000000000000000, 1.014973643126989991E-29 ) ) ;
#4193 = ORIENTED_EDGE ( 'NONE', *, *, #1311, .T. ) ;
#4194 = LINE ( 'NONE', #2792, #2224 ) ;
#4195 = UNCERTAINTY_MEASURE_WITH_UNIT (LENGTH_MEASURE( 1.000000000000000082E-05 ), #3087, 'distance_accuracy_value', 'NONE');
#4196 = VECTOR ( 'NONE', #3956, 1000.000000000000000 ) ;
#4197 = CARTESIAN_POINT ( 'NONE',  ( 3.710000000000000409, 0.6199999999999999956, -4.199726404968139981 ) ) ;
#4198 = LINE ( 'NONE', #2168, #324 ) ;
#4199 = PLANE ( 'NONE',  #2035 ) ;
#4200 = VECTOR ( 'NONE', #3066, 1000.000000000000000 ) ;
#4201 = FACE_OUTER_BOUND ( 'NONE', #2633, .T. ) ;
#4202 = LINE ( 'NONE', #1797, #3203 ) ;
#4203 = CARTESIAN_POINT ( 'NONE',  ( -4.209999999999999964, 0.1313175063982884860, 4.772659532721202247 ) ) ;
#4204 = ORIENTED_EDGE ( 'NONE', *, *, #644, .F. ) ;
#4205 = CARTESIAN_POINT ( 'NONE',  ( 3.409999999999999698, 0.1313175063982884860, -4.772659532721202247 ) ) ;
#4206 = ORIENTED_EDGE ( 'NONE', *, *, #1704, .T. ) ;
#4207 = CARTESIAN_POINT ( 'NONE',  ( 6.239964102040629790, 1.950000000000000178, -1.800000000000000044 ) ) ;
#4208 = DIRECTION ( 'NONE',  ( -1.000000000000000000, 0.000000000000000000, 0.000000000000000000 ) ) ;
#4209 = AXIS2_PLACEMENT_3D ( 'NONE', #1436, #456, #1817 ) ;
#4210 = ORIENTED_EDGE ( 'NONE', *, *, #800, .F. ) ;
#4211 = CARTESIAN_POINT ( 'NONE',  ( 3.710000000000000409, 0.6499999999999930278, -4.221723315055990078 ) ) ;
#4212 = DIRECTION ( 'NONE',  ( -1.000000000000000000, 3.531817991034325100E-30, 5.546981613096929443E-30 ) ) ;
#4213 = ORIENTED_EDGE ( 'NONE', *, *, #3711, .T. ) ;
#4214 = CARTESIAN_POINT ( 'NONE',  ( -4.209999999999999964, 4.450000000000000178, -3.149999999999999911 ) ) ;
#4215 = EDGE_LOOP ( 'NONE', ( #1334, #2497, #1010, #3413 ) ) ;
#4216 = DIRECTION ( 'NONE',  ( 0.000000000000000000, -0.7933533402912341659, -0.6087614290087219882 ) ) ;
#4217 = AXIS2_PLACEMENT_3D ( 'NONE', #4279, #3644, #574 ) ;
#4218 = EDGE_CURVE ( 'NONE', #2166, #424, #1569, .T. ) ;
#4219 = CARTESIAN_POINT ( 'NONE',  ( 4.009999999999999787, 0.000000000000000000, 5.500000000000000000 ) ) ;
#4220 = CARTESIAN_POINT ( 'NONE',  ( -1.670000000000000151, 0.01818532168844502403, 5.083487655625070545 ) ) ;
#4221 = CARTESIAN_POINT ( 'NONE',  ( -3.609999999999999876, 5.849999999999999645, -2.870000000000000107 ) ) ;
#4222 = DIRECTION ( 'NONE',  ( 1.000000000000000000, 0.000000000000000000, 0.000000000000000000 ) ) ;
#4223 = FACE_OUTER_BOUND ( 'NONE', #735, .T. ) ;
#4224 = DIRECTION ( 'NONE',  ( 1.000000000000000000, 0.000000000000000000, -1.014973643126989991E-29 ) ) ;
#4225 = ORIENTED_EDGE ( 'NONE', *, *, #1444, .T. ) ;
#4226 = CARTESIAN_POINT ( 'NONE',  ( 6.850000000000000533, 1.950000000000000178, -4.200000000000000178 ) ) ;
#4227 = VERTEX_POINT ( 'NONE', #2931 ) ;
#4228 = LINE ( 'NONE', #1845, #3222 ) ;
#4229 = CARTESIAN_POINT ( 'NONE',  ( 3.409999999999999698, 0.000000000000000000, 5.500000000000000000 ) ) ;
#4230 = VECTOR ( 'NONE', #1216, 1000.000000000000000 ) ;
#4231 = CARTESIAN_POINT ( 'NONE',  ( -3.910000000000000142, 0.5676618435584670497, -5.107478318675999773 ) ) ;
#4232 = DIRECTION ( 'NONE',  ( 1.000000000000000000, -3.547290346654140064E-30, -1.498763002516974923E-29 ) ) ;
#4233 = EDGE_CURVE ( 'NONE', #4142, #1662, #927, .T. ) ;
#4234 = VERTEX_POINT ( 'NONE', #2594 ) ;
#4235 = EDGE_CURVE ( 'NONE', #3271, #608, #3751, .T. ) ;
#4236 = ORIENTED_EDGE ( 'NONE', *, *, #1374, .T. ) ;
#4237 = VECTOR ( 'NONE', #897, 1000.000000000000114 ) ;
#4238 = VECTOR ( 'NONE', #267, 1000.000000000000000 ) ;
#4239 = DIRECTION ( 'NONE',  ( 0.000000000000000000, 0.8064446042674811022, -0.5913096483635842393 ) ) ;
#4240 = DIRECTION ( 'NONE',  ( 1.000000000000000000, 0.000000000000000000, -1.014973643126989991E-29 ) ) ;
#4241 = LINE ( 'NONE', #3946, #728 ) ;
#4242 = PLANE ( 'NONE',  #775 ) ;
#4243 = CARTESIAN_POINT ( 'NONE',  ( -6.390040414001209257, 2.014487752960749667, -3.655040414001210269 ) ) ;
#4244 = ORIENTED_EDGE ( 'NONE', *, *, #2578, .T. ) ;
#4245 = DIRECTION ( 'NONE',  ( -0.2773500981126140186, 0.4803844614152610326, -0.8320502943378441651 ) ) ;
#4246 = ORIENTED_EDGE ( 'NONE', *, *, #2615, .T. ) ;
#4247 = EDGE_LOOP ( 'NONE', ( #4320, #1720, #3830, #1506 ) ) ;
#4248 = VECTOR ( 'NONE', #515, 1000.000000000000000 ) ;
#4249 = DIRECTION ( 'NONE',  ( 1.000000000000000000, 0.000000000000000000, -1.014973643126989991E-29 ) ) ;
#4250 = ORIENTED_EDGE ( 'NONE', *, *, #2442, .F. ) ;
#4251 = DIRECTION ( 'NONE',  ( 0.000000000000000000, 0.9999995840233949496, 0.0009121145964618532177 ) ) ;
#4252 = DIRECTION ( 'NONE',  ( 0.000000000000000000, 0.8064446042674814352, 0.5913096483635837952 ) ) ;
#4253 = ORIENTED_EDGE ( 'NONE', *, *, #3932, .F. ) ;
#4254 = AXIS2_PLACEMENT_3D ( 'NONE', #415, #3480, #1485 ) ;
#4255 = STYLED_ITEM ( 'NONE', ( #2440 ), #2917 ) ;
#4256 = EDGE_CURVE ( 'NONE', #3006, #374, #1593, .T. ) ;
#4257 = ORIENTED_EDGE ( 'NONE', *, *, #401, .F. ) ;
#4258 = EDGE_CURVE ( 'NONE', #3352, #1909, #3678, .T. ) ;
#4259 = VECTOR ( 'NONE', #2475, 1000.000000000000000 ) ;
#4260 = EDGE_CURVE ( 'NONE', #4032, #929, #2265, .T. ) ;
#4261 = EDGE_CURVE ( 'NONE', #626, #1405, #4326, .T. ) ;
#4262 = DIRECTION ( 'NONE',  ( 0.000000000000000000, 0.8064446042674814352, 0.5913096483635837952 ) ) ;
#4263 = EDGE_CURVE ( 'NONE', #3234, #3687, #255, .T. ) ;
#4264 = CARTESIAN_POINT ( 'NONE',  ( -3.609999999999999876, 0.6499999999999930278, 4.221723315055990078 ) ) ;
#4265 = EDGE_CURVE ( 'NONE', #1906, #1025, #3178, .T. ) ;
#4266 = DIRECTION ( 'NONE',  ( 0.000000000000000000, 0.8064446042674811022, 0.5913096483635842393 ) ) ;
#4267 = EDGE_CURVE ( 'NONE', #2090, #4408, #2952, .T. ) ;
#4268 = AXIS2_PLACEMENT_3D ( 'NONE', #618, #3351, #3537 ) ;
#4269 = CARTESIAN_POINT ( 'NONE',  ( -4.209999999999999964, 0.5676618435584670497, 5.107478318675999773 ) ) ;
#4270 = DIRECTION ( 'NONE',  ( -1.014973643126989991E-29, 1.125986840390630024E-16, -1.000000000000000000 ) ) ;
#4271 = ORIENTED_EDGE ( 'NONE', *, *, #3036, .T. ) ;
#4272 = CARTESIAN_POINT ( 'NONE',  ( -3.609999999999999876, 4.450000000000000178, -3.149999999999999911 ) ) ;
#4273 = VERTEX_POINT ( 'NONE', #2639 ) ;
#4274 = AXIS2_PLACEMENT_3D ( 'NONE', #2030, #3337, #2389 ) ;
#4275 = ORIENTED_EDGE ( 'NONE', *, *, #3020, .T. ) ;
#4276 = PLANE ( 'NONE',  #3366 ) ;
#4277 = DIRECTION ( 'NONE',  ( 1.000000000000000000, 0.000000000000000000, -1.014973643126989991E-29 ) ) ;
#4278 = FACE_OUTER_BOUND ( 'NONE', #796, .T. ) ;
#4279 = CARTESIAN_POINT ( 'NONE',  ( -6.391153689933370075, 1.950708217522779897, 3.575000000000000178 ) ) ;
#4280 = ORIENTED_EDGE ( 'NONE', *, *, #2406, .T. ) ;
#4281 = ORIENTED_EDGE ( 'NONE', *, *, #1007, .T. ) ;
#4282 = VECTOR ( 'NONE', #743, 1000.000000000000000 ) ;
#4283 = CARTESIAN_POINT ( 'NONE',  ( 6.503589838486229624, 7.200000000000000178, 3.553589838486220120 ) ) ;
#4284 = DIRECTION ( 'NONE',  ( 8.795989954682196322E-17, 0.01745240643728350471, -0.9998476951563912696 ) ) ;
#4285 = FACE_OUTER_BOUND ( 'NONE', #3099, .T. ) ;
#4286 = EDGE_CURVE ( 'NONE', #562, #129, #3293, .T. ) ;
#4287 = LINE ( 'NONE', #3904, #4066 ) ;
#4288 = EDGE_CURVE ( 'NONE', #2358, #3234, #1620, .T. ) ;
#4289 = CARTESIAN_POINT ( 'NONE',  ( -4.209999999999999964, 0.7102117398512820534, 4.485841490192609804 ) ) ;
#4290 = ORIENTED_EDGE ( 'NONE', *, *, #2526, .F. ) ;
#4291 = DIRECTION ( 'NONE',  ( -1.000000000000000000, 3.547290346654140064E-30, 5.311842837370049895E-30 ) ) ;
#4292 = ORIENTED_EDGE ( 'NONE', *, *, #1460, .F. ) ;
#4293 = ORIENTED_EDGE ( 'NONE', *, *, #2059, .T. ) ;
#4294 = FACE_BOUND ( 'NONE', #283, .T. ) ;
#4295 = DIRECTION ( 'NONE',  ( -1.000000000000000000, 0.000000000000000000, 0.000000000000000000 ) ) ;
#4296 = CARTESIAN_POINT ( 'NONE',  ( -6.441153689933369897, 1.950708217522779897, 3.625000000000000000 ) ) ;
#4297 = ORIENTED_EDGE ( 'NONE', *, *, #4178, .T. ) ;
#4298 = CARTESIAN_POINT ( 'NONE',  ( 4.009999999999999787, 5.849999999999999645, -2.870000000000000107 ) ) ;
#4299 = DIRECTION ( 'NONE',  ( 1.000000000000000000, -3.547290346654140064E-30, -5.311842837370049895E-30 ) ) ;
#4300 = AXIS2_PLACEMENT_3D ( 'NONE', #560, #4059, #297 ) ;
#4301 = ORIENTED_EDGE ( 'NONE', *, *, #287, .T. ) ;
#4302 = EDGE_CURVE ( 'NONE', #424, #3025, #209, .T. ) ;
#4303 = ORIENTED_EDGE ( 'NONE', *, *, #4161, .T. ) ;
#4304 = EDGE_CURVE ( 'NONE', #3853, #1497, #2573, .T. ) ;
#4305 = CARTESIAN_POINT ( 'NONE',  ( 4.009999999999999787, 3.949999999999999734, 3.149999999999999911 ) ) ;
#4306 = DIRECTION ( 'NONE',  ( -0.8660254037844387076, 0.4999999999999998890, 8.789929591196142814E-30 ) ) ;
#4307 = VECTOR ( 'NONE', #1556, 1000.000000000000000 ) ;
#4308 = DIRECTION ( 'NONE',  ( 0.000000000000000000, 1.000000000000000000, 0.000000000000000000 ) ) ;
#4309 = LINE ( 'NONE', #3608, #1240 ) ;
#4310 = ORIENTED_EDGE ( 'NONE', *, *, #1603, .T. ) ;
#4311 = LINE ( 'NONE', #2892, #2816 ) ;
#4312 = ORIENTED_EDGE ( 'NONE', *, *, #2521, .F. ) ;
#4313 = ORIENTED_EDGE ( 'NONE', *, *, #2194, .F. ) ;
#4314 = ADVANCED_FACE ( 'NONE', ( #545 ), #1907, .F. ) ;
#4315 = CARTESIAN_POINT ( 'NONE',  ( -3.425000000000000266, 7.200000000000000178, -3.853589838486219943 ) ) ;
#4316 = CARTESIAN_POINT ( 'NONE',  ( -4.209999999999999964, 5.849999999999999645, -3.149999999999999911 ) ) ;
#4317 = CARTESIAN_POINT ( 'NONE',  ( 6.850000000000000533, 1.950000000000000178, -4.200000000000000178 ) ) ;
#4318 = VERTEX_POINT ( 'NONE', #1701 ) ;
#4319 = EDGE_CURVE ( 'NONE', #739, #1194, #2734, .T. ) ;
#4320 = ORIENTED_EDGE ( 'NONE', *, *, #1876, .T. ) ;
#4321 = DIRECTION ( 'NONE',  ( 3.052084608322652108E-30, -0.9537169507482271547, 0.3007057995042720644 ) ) ;
#4322 = LINE ( 'NONE', #306, #4074 ) ;
#4323 = ORIENTED_EDGE ( 'NONE', *, *, #3171, .T. ) ;
#4324 = ORIENTED_EDGE ( 'NONE', *, *, #3130, .T. ) ;
#4325 = VECTOR ( 'NONE', #308, 1000.000000000000000 ) ;
#4326 = CIRCLE ( 'NONE', #463, 0.5500000000000003775 ) ;
#4327 = EDGE_LOOP ( 'NONE', ( #3470, #2153, #3374, #2342 ) ) ;
#4328 = CARTESIAN_POINT ( 'NONE',  ( -1.670000000000000151, 0.3061653321695956831, 4.906824988224970596 ) ) ;
#4329 = PLANE ( 'NONE',  #1942 ) ;
#4330 = VECTOR ( 'NONE', #765, 1000.000000000000000 ) ;
#4331 = AXIS2_PLACEMENT_3D ( 'NONE', #24, #3764, #2329 ) ;
#4332 = CARTESIAN_POINT ( 'NONE',  ( -1.670000000000000151, 5.849999999999999645, 3.149999999999999911 ) ) ;
#4333 = DIRECTION ( 'NONE',  ( -1.000000000000000000, 3.424510003532624963E-31, 9.682692197804120021E-30 ) ) ;
#4334 = ORIENTED_EDGE ( 'NONE', *, *, #2631, .F. ) ;
#4335 = DIRECTION ( 'NONE',  ( -1.014007613118478321E-29, 0.04361938736533728378, -0.9990482215818576872 ) ) ;
#4336 = ORIENTED_EDGE ( 'NONE', *, *, #488, .F. ) ;
#4337 = ORIENTED_EDGE ( 'NONE', *, *, #2337, .T. ) ;
#4338 = COLOUR_RGB ( '',0.7529411764705882248, 0.7529411764705882248, 0.7529411764705882248 ) ;
#4339 = CARTESIAN_POINT ( 'NONE',  ( 2.739999999999999769, 1.199999999999999956, 4.200000000000000178 ) ) ;
#4340 = LINE ( 'NONE', #3277, #348 ) ;
#4341 = VECTOR ( 'NONE', #1250, 1000.000000000000000 ) ;
#4342 = DIRECTION ( 'NONE',  ( -0.9998476951563912696, 0.01745240643728350471, -3.062217744223401840E-16 ) ) ;
#4343 = VERTEX_POINT ( 'NONE', #2665 ) ;
#4344 = AXIS2_PLACEMENT_3D ( 'NONE', #1698, #3782, #3737 ) ;
#4345 = ORIENTED_EDGE ( 'NONE', *, *, #4073, .T. ) ;
#4346 = DIRECTION ( 'NONE',  ( -1.000000000000000000, 3.391264237944545229E-31, 1.059169459135973194E-29 ) ) ;
#4347 = EDGE_LOOP ( 'NONE', ( #3327, #975, #2333, #2588 ) ) ;
#4348 = ORIENTED_EDGE ( 'NONE', *, *, #2442, .T. ) ;
#4349 = ORIENTED_EDGE ( 'NONE', *, *, #622, .T. ) ;
#4350 = DIRECTION ( 'NONE',  ( 0.000000000000000000, -0.7933533402912341659, -0.6087614290087219882 ) ) ;
#4351 = CARTESIAN_POINT ( 'NONE',  ( -4.209999999999999964, 0.5967170114905639977, 5.129773133170560051 ) ) ;
#4352 = AXIS2_PLACEMENT_3D ( 'NONE', #3479, #3094, #414 ) ;
#4353 = EDGE_CURVE ( 'NONE', #562, #2088, #653, .T. ) ;
#4354 = CARTESIAN_POINT ( 'NONE',  ( 3.409999999999999698, 0.8153881897273420609, -4.746267637967520159 ) ) ;
#4355 = PLANE ( 'NONE',  #4184 ) ;
#4356 = VERTEX_POINT ( 'NONE', #4042 ) ;
#4357 = DIRECTION ( 'NONE',  ( 0.000000000000000000, 1.000000000000000000, 0.000000000000000000 ) ) ;
#4358 = EDGE_CURVE ( 'NONE', #284, #3633, #3050, .T. ) ;
#4359 = ORIENTED_EDGE ( 'NONE', *, *, #1408, .F. ) ;
#4360 = ORIENTED_EDGE ( 'NONE', *, *, #2631, .T. ) ;
#4361 = CARTESIAN_POINT ( 'NONE',  ( -4.209999999999999964, 0.2802667518457296891, -5.500000000000000000 ) ) ;
#4362 = CARTESIAN_POINT ( 'NONE',  ( 6.309999999999999609, 6.599999999999999645, 3.575000000000000178 ) ) ;
#4363 = DIRECTION ( 'NONE',  ( 0.000000000000000000, -1.000000000000000000, -0.000000000000000000 ) ) ;
#4364 = ORIENTED_EDGE ( 'NONE', *, *, #3195, .T. ) ;
#4365 = ORIENTED_EDGE ( 'NONE', *, *, #496, .F. ) ;
#4366 = DIRECTION ( 'NONE',  ( 0.000000000000000000, 1.000000000000000000, 0.000000000000000000 ) ) ;
#4367 = VERTEX_POINT ( 'NONE', #3026 ) ;
#4368 = EDGE_CURVE ( 'NONE', #936, #626, #28, .T. ) ;
#4369 = EDGE_CURVE ( 'NONE', #2396, #626, #675, .T. ) ;
#4370 = VERTEX_POINT ( 'NONE', #366 ) ;
#4371 = DIRECTION ( 'NONE',  ( 0.000000000000000000, 0.8064446042674811022, 0.5913096483635842393 ) ) ;
#4372 = CIRCLE ( 'NONE', #1289, 0.4999999999999995559 ) ;
#4373 = PLANE ( 'NONE',  #4093 ) ;
#4374 = LINE ( 'NONE', #900, #4 ) ;
#4375 = CARTESIAN_POINT ( 'NONE',  ( -1.670000000000000151, 0.3587110094031937813, 4.947144704467943299 ) ) ;
#4376 = VECTOR ( 'NONE', #3831, 1000.000000000000000 ) ;
#4377 = ORIENTED_EDGE ( 'NONE', *, *, #1238, .T. ) ;
#4378 = DIRECTION ( 'NONE',  ( 1.000000000000000000, 3.697149189837210119E-30, -0.000000000000000000 ) ) ;
#4379 = ORIENTED_EDGE ( 'NONE', *, *, #3127, .T. ) ;
#4380 = EDGE_LOOP ( 'NONE', ( #4092, #4324, #2111, #1056 ) ) ;
#4381 = CARTESIAN_POINT ( 'NONE',  ( -4.209999999999999964, 0.8619333812802444372, 4.377119299477215009 ) ) ;
#4382 = CARTESIAN_POINT ( 'NONE',  ( -5.750000000000000000, 0.2999999999999999889, 3.100000000000000089 ) ) ;
#4383 = CARTESIAN_POINT ( 'NONE',  ( -3.350000000000000089, 7.200000000000000178, 1.199999999999999956 ) ) ;
#4384 = ORIENTED_EDGE ( 'NONE', *, *, #2526, .T. ) ;
#4385 = ORIENTED_EDGE ( 'NONE', *, *, #514, .T. ) ;
#4386 = DIRECTION ( 'NONE',  ( -1.014973643126989991E-29, 9.408669700213189370E-17, -1.000000000000000000 ) ) ;
#4387 = ORIENTED_EDGE ( 'NONE', *, *, #1189, .T. ) ;
#4388 = ORIENTED_EDGE ( 'NONE', *, *, #2197, .F. ) ;
#4389 = DIRECTION ( 'NONE',  ( -1.000000000000000000, 0.000000000000000000, 1.014973643126989991E-29 ) ) ;
#4390 = EDGE_CURVE ( 'NONE', #3686, #3749, #1342, .T. ) ;
#4391 = DIRECTION ( 'NONE',  ( 0.000000000000000000, 0.8064446042674814352, 0.5913096483635837952 ) ) ;
#4392 = ADVANCED_FACE ( 'NONE', ( #2332 ), #1360, .F. ) ;
#4393 = CARTESIAN_POINT ( 'NONE',  ( -3.609999999999999876, 0.8153881897273420609, 4.746267637967520159 ) ) ;
#4394 = APPLICATION_PROTOCOL_DEFINITION ( 'draft international standard', 'automotive_design', 1998, #3811 ) ;
#4395 = PLANE ( 'NONE',  #3542 ) ;
#4396 = ORIENTED_EDGE ( 'NONE', *, *, #3223, .F. ) ;
#4397 = EDGE_CURVE ( 'NONE', #3027, #2156, #323, .T. ) ;
#4398 = CARTESIAN_POINT ( 'NONE',  ( 3.710000000000000409, 1.199999999999999956, -4.221723315055990078 ) ) ;
#4399 = VECTOR ( 'NONE', #971, 999.9999999999998863 ) ;
#4400 = ORIENTED_EDGE ( 'NONE', *, *, #3463, .F. ) ;
#4401 = AXIS2_PLACEMENT_3D ( 'NONE', #634, #1385, #2416 ) ;
#4402 = ORIENTED_EDGE ( 'NONE', *, *, #454, .T. ) ;
#4403 = CARTESIAN_POINT ( 'NONE',  ( -1.070000000000000062, 1.199999999999999956, 4.221723315055990078 ) ) ;
#4404 = DIRECTION ( 'NONE',  ( -1.000000000000000000, 0.000000000000000000, 1.014973643126989991E-29 ) ) ;
#4405 = CARTESIAN_POINT ( 'NONE',  ( -1.670000000000000151, 5.849999999999999645, 2.870000000000000107 ) ) ;
#4406 = CARTESIAN_POINT ( 'NONE',  ( -3.910000000000000142, 0.2970025450160060920, -5.116687316960959464 ) ) ;
#4407 = EDGE_LOOP ( 'NONE', ( #4334, #3734, #4379, #2687 ) ) ;
#4408 = VERTEX_POINT ( 'NONE', #1683 ) ;
#4409 = CIRCLE ( 'NONE', #2828, 0.5500000000000002665 ) ;
#4410 = DIRECTION ( 'NONE',  ( 0.000000000000000000, -0.7933533402912341659, -0.6087614290087219882 ) ) ;
#4411 = VERTEX_POINT ( 'NONE', #1035 ) ;
#4412 = VERTEX_POINT ( 'NONE', #1321 ) ;
#4413 = CARTESIAN_POINT ( 'NONE',  ( 3.409999999999999698, 0.2970025450160062030, -5.116687316960959464 ) ) ;
#4414 = LINE ( 'NONE', #990, #2151 ) ;
#4415 = FACE_OUTER_BOUND ( 'NONE', #2852, .T. ) ;
#4416 = LINE ( 'NONE', #632, #1245 ) ;
#4417 = ORIENTED_EDGE ( 'NONE', *, *, #163, .T. ) ;
#4418 = CARTESIAN_POINT ( 'NONE',  ( -1.070000000000000062, 1.199999999999999956, 4.625000000000000000 ) ) ;
#4419 = DIRECTION ( 'NONE',  ( 0.000000000000000000, 0.8064446042674811022, 0.5913096483635842393 ) ) ;
#4420 = VECTOR ( 'NONE', #1624, 1000.000000000000000 ) ;
#4421 = EDGE_CURVE ( 'NONE', #2849, #1906, #2599, .T. ) ;
#4422 = EDGE_CURVE ( 'NONE', #134, #1578, #3786, .T. ) ;
#4423 = EDGE_CURVE ( 'NONE', #2212, #1945, #1105, .T. ) ;
#4424 = CARTESIAN_POINT ( 'NONE',  ( -3.609999999999999876, 0.6199999999999999956, 4.199726404968139981 ) ) ;
#4425 = CARTESIAN_POINT ( 'NONE',  ( 6.850000000000000533, 1.950000000000000178, 4.200000000000000178 ) ) ;
#4426 = CARTESIAN_POINT ( 'NONE',  ( 3.710000000000000409, 5.849999999999999645, 2.870000000000000107 ) ) ;
#4427 = FACE_OUTER_BOUND ( 'NONE', #2121, .T. ) ;
#4428 = ORIENTED_EDGE ( 'NONE', *, *, #962, .F. ) ;
#4429 = ORIENTED_EDGE ( 'NONE', *, *, #2235, .F. ) ;
#4430 = DIRECTION ( 'NONE',  ( 1.000000000000000000, 0.000000000000000000, -1.014973643126989991E-29 ) ) ;
#4431 = ADVANCED_FACE ( 'NONE', ( #1016 ), #3740, .T. ) ;
#4432 = EDGE_LOOP ( 'NONE', ( #1076, #3591, #1820, #3666 ) ) ;
#4433 = FACE_OUTER_BOUND ( 'NONE', #575, .T. ) ;
#4434 = EDGE_CURVE ( 'NONE', #4095, #4131, #2745, .T. ) ;
#4435 = DIRECTION ( 'NONE',  ( -1.000000000000000000, -4.681010421875320110E-31, 1.121110201144558008E-29 ) ) ;
ENDSEC;
END-ISO-10303-21;
