ISO-10303-21;
HEADER;
FILE_DESCRIPTION(('STEP AP203'),'1');
FILE_NAME('relay_ftr-j2-ak012w.stp','2026-03-10T02:39:37',('TraceParts'),('TraceParts S.A.S.'),'Spatial InterOp 3D',' ',' ');
FILE_SCHEMA(('CONFIG_CONTROL_DESIGN'));
ENDSEC;
DATA;
#1=DESIGN_CONTEXT('',#27,'design');
#2=APPLICATION_PROTOCOL_DEFINITION('INTERNATIONAL STANDARD','config_control_design',1994,#27);
#3=PRODUCT_CATEGORY_RELATIONSHIP('NONE','NONE',#28,#29);
#4=DATE_AND_TIME(#30,#31);
#5=DATE_TIME_ROLE('creation_date');
#6=DATE_TIME_ROLE('classification_date');
#7=PERSON_AND_ORGANIZATION_ROLE('creator');
#8=PERSON_AND_ORGANIZATION_ROLE('design_supplier');
#9=PERSON_AND_ORGANIZATION_ROLE('classification_officer');
#10=PERSON_AND_ORGANIZATION_ROLE('design_owner');
#11=APPROVAL_PERSON_ORGANIZATION(#32,#33,#34);
#12=APPROVAL_DATE_TIME(#4,#33);
#13=CC_DESIGN_APPROVAL(#33,(#35,#36,#37));
#14=CC_DESIGN_DATE_AND_TIME_ASSIGNMENT(#4,#5,(#37));
#15=CC_DESIGN_DATE_AND_TIME_ASSIGNMENT(#4,#6,(#35));
#16=CC_DESIGN_PERSON_AND_ORGANIZATION_ASSIGNMENT(#32,#10,(#38));
#17=CC_DESIGN_PERSON_AND_ORGANIZATION_ASSIGNMENT(#32,#7,(#37));
#18=CC_DESIGN_PERSON_AND_ORGANIZATION_ASSIGNMENT(#32,#7,(#36));
#19=CC_DESIGN_PERSON_AND_ORGANIZATION_ASSIGNMENT(#32,#8,(#36));
#20=CC_DESIGN_SECURITY_CLASSIFICATION(#35,(#36));
#21=CC_DESIGN_PERSON_AND_ORGANIZATION_ASSIGNMENT(#32,#9,(#35));
#22=SHAPE_DEFINITION_REPRESENTATION(#39,#40);
#23= (GEOMETRIC_REPRESENTATION_CONTEXT(3)GLOBAL_UNCERTAINTY_ASSIGNED_CONTEXT((#43))GLOBAL_UNIT_ASSIGNED_CONTEXT((#45,#46,#47))REPRESENTATION_CONTEXT('NONE','WORKSPACE'));
#27=APPLICATION_CONTEXT('CONFIGURATION CONTROLLED 3D DESIGNS OF MECHANICAL PARTS AND ASSEMBLIES');
#28=PRODUCT_CATEGORY('part','NONE');
#29=PRODUCT_RELATED_PRODUCT_CATEGORY('detail',' ',(#38));
#30=CALENDAR_DATE(2026,10,2);
#31=LOCAL_TIME(3,39,37.0,#49);
#32=PERSON_AND_ORGANIZATION(#50,#51);
#33=APPROVAL(#52,'SOLID MODEL');
#34=APPROVAL_ROLE('APPROVED');
#35=SECURITY_CLASSIFICATION('','',#53);
#36=PRODUCT_DEFINITION_FORMATION_WITH_SPECIFIED_SOURCE(' ','NONE',#38,.NOT_KNOWN.);
#37=PRODUCT_DEFINITION('','NONE',#36,#1);
#38=PRODUCT('1','','PART--DESC',(#54));
#39=PRODUCT_DEFINITION_SHAPE('NONE','NONE',#37);
#40=ADVANCED_BREP_SHAPE_REPRESENTATION('1',(#55,#56),#23);
#43=UNCERTAINTY_MEASURE_WITH_UNIT(LENGTH_MEASURE(1.0E-06),#45,'','');
#45= (CONVERSION_BASED_UNIT('MILLIMETRE',#59)LENGTH_UNIT()NAMED_UNIT(#62));
#46= (NAMED_UNIT(#64)PLANE_ANGLE_UNIT()SI_UNIT($,.RADIAN.));
#47= (NAMED_UNIT(#64)SOLID_ANGLE_UNIT()SI_UNIT($,.STERADIAN.));
#49=COORDINATED_UNIVERSAL_TIME_OFFSET(1,0,.AHEAD.);
#50=PERSON('','UNSPECIFIED',$,$,$,$);
#51=ORGANIZATION('UNSPECIFIED','UNSPECIFIED','UNSPECIFIED');
#52=APPROVAL_STATUS('approved');
#53=SECURITY_CLASSIFICATION_LEVEL('unclassified');
#54=MECHANICAL_CONTEXT('',#27,'mechanical');
#55=MANIFOLD_SOLID_BREP('1',#70);
#56=AXIS2_PLACEMENT_3D('',#71,#72,#73);
#59=LENGTH_MEASURE_WITH_UNIT(LENGTH_MEASURE(1.0),#74);
#62=DIMENSIONAL_EXPONENTS(1.0,0.0,0.0,0.0,0.0,0.0,0.0);
#64=DIMENSIONAL_EXPONENTS(0.0,0.0,0.0,0.0,0.0,0.0,0.0);
#70=CLOSED_SHELL('',(#75,#76,#77,#78,#79,#80,#81,#82,#83,#84,#85,#86,#87,#88,#89,#90,#91,#92,#93,#94,#95,#96,#97,#98,#99,#100,#101,#102,#103,#104,#105,#106,#107,#108,#109,#110,#111,#112,#113,#114,#115,#116,#117,#118,#119,#120,#121,#122,#123,#124,#125,#126,#127,#128,#129,#130,#131,#132,#133,#134,#135,#136,#137,#138,#139,#140,#141,#142,#143,#144,#145,#146,#147,#148,#149,#150,#151,#152,#153,#154,#155,#156,#157,#158,#159,#160,#161,#162,#163,#164,#165,#166,#167,#168,#169,#170,#171,#172,#173,#174,#175,#176,#177,#178));
#71=CARTESIAN_POINT('',(0.0,0.0,0.0));
#72=DIRECTION('',(0.0,0.0,1.0));
#73=DIRECTION('',(1.0,0.0,0.0));
#74= (NAMED_UNIT(#62)LENGTH_UNIT()SI_UNIT(.MILLI.,.METRE.));
#75=ADVANCED_FACE('',(#180),#181,.T.);
#76=ADVANCED_FACE('',(#182),#183,.T.);
#77=ADVANCED_FACE('',(#184),#185,.T.);
#78=ADVANCED_FACE('',(#186),#187,.T.);
#79=ADVANCED_FACE('',(#188),#189,.T.);
#80=ADVANCED_FACE('',(#190),#191,.T.);
#81=ADVANCED_FACE('',(#192),#193,.T.);
#82=ADVANCED_FACE('',(#194),#195,.T.);
#83=ADVANCED_FACE('',(#196),#197,.T.);
#84=ADVANCED_FACE('',(#198),#199,.T.);
#85=ADVANCED_FACE('',(#200),#201,.T.);
#86=ADVANCED_FACE('',(#202),#203,.T.);
#87=ADVANCED_FACE('',(#204),#205,.T.);
#88=ADVANCED_FACE('',(#206),#207,.T.);
#89=ADVANCED_FACE('',(#208),#209,.T.);
#90=ADVANCED_FACE('',(#210),#211,.T.);
#91=ADVANCED_FACE('',(#212),#213,.T.);
#92=ADVANCED_FACE('',(#214),#215,.T.);
#93=ADVANCED_FACE('',(#216),#217,.F.);
#94=ADVANCED_FACE('',(#218),#219,.T.);
#95=ADVANCED_FACE('',(#220),#221,.T.);
#96=ADVANCED_FACE('',(#222),#223,.T.);
#97=ADVANCED_FACE('',(#224),#225,.T.);
#98=ADVANCED_FACE('',(#226),#227,.T.);
#99=ADVANCED_FACE('',(#228),#229,.T.);
#100=ADVANCED_FACE('',(#230),#231,.F.);
#101=ADVANCED_FACE('',(#232,#233,#234,#235,#236,#237,#238),#239,.T.);
#102=ADVANCED_FACE('',(#240),#241,.F.);
#103=ADVANCED_FACE('',(#242),#243,.T.);
#104=ADVANCED_FACE('',(#244),#245,.T.);
#105=ADVANCED_FACE('',(#246),#247,.T.);
#106=ADVANCED_FACE('',(#248),#249,.T.);
#107=ADVANCED_FACE('',(#250),#251,.T.);
#108=ADVANCED_FACE('',(#252),#253,.T.);
#109=ADVANCED_FACE('',(#254),#255,.T.);
#110=ADVANCED_FACE('',(#256),#257,.T.);
#111=ADVANCED_FACE('',(#258),#259,.T.);
#112=ADVANCED_FACE('',(#260),#261,.T.);
#113=ADVANCED_FACE('',(#262),#263,.F.);
#114=ADVANCED_FACE('',(#264),#265,.F.);
#115=ADVANCED_FACE('',(#266),#267,.F.);
#116=ADVANCED_FACE('',(#268),#269,.T.);
#117=ADVANCED_FACE('',(#270),#271,.T.);
#118=ADVANCED_FACE('',(#272),#273,.T.);
#119=ADVANCED_FACE('',(#274),#275,.T.);
#120=ADVANCED_FACE('',(#276),#277,.T.);
#121=ADVANCED_FACE('',(#278),#279,.T.);
#122=ADVANCED_FACE('',(#280),#281,.F.);
#123=ADVANCED_FACE('',(#282),#283,.T.);
#124=ADVANCED_FACE('',(#284),#285,.T.);
#125=ADVANCED_FACE('',(#286),#287,.T.);
#126=ADVANCED_FACE('',(#288),#289,.T.);
#127=ADVANCED_FACE('',(#290),#291,.T.);
#128=ADVANCED_FACE('',(#292),#293,.T.);
#129=ADVANCED_FACE('',(#294),#295,.T.);
#130=ADVANCED_FACE('',(#296),#297,.T.);
#131=ADVANCED_FACE('',(#298),#299,.T.);
#132=ADVANCED_FACE('',(#300),#301,.T.);
#133=ADVANCED_FACE('',(#302),#303,.T.);
#134=ADVANCED_FACE('',(#304),#305,.T.);
#135=ADVANCED_FACE('',(#306),#307,.T.);
#136=ADVANCED_FACE('',(#308),#309,.T.);
#137=ADVANCED_FACE('',(#310),#311,.F.);
#138=ADVANCED_FACE('',(#312),#313,.T.);
#139=ADVANCED_FACE('',(#314),#315,.T.);
#140=ADVANCED_FACE('',(#316),#317,.T.);
#141=ADVANCED_FACE('',(#318),#319,.F.);
#142=ADVANCED_FACE('',(#320),#321,.T.);
#143=ADVANCED_FACE('',(#322),#323,.T.);
#144=ADVANCED_FACE('',(#324),#325,.T.);
#145=ADVANCED_FACE('',(#326),#327,.T.);
#146=ADVANCED_FACE('',(#328),#329,.T.);
#147=ADVANCED_FACE('',(#330),#331,.T.);
#148=ADVANCED_FACE('',(#332),#333,.F.);
#149=ADVANCED_FACE('',(#334),#335,.T.);
#150=ADVANCED_FACE('',(#336),#337,.T.);
#151=ADVANCED_FACE('',(#338),#339,.T.);
#152=ADVANCED_FACE('',(#340),#341,.T.);
#153=ADVANCED_FACE('',(#342),#343,.T.);
#154=ADVANCED_FACE('',(#344),#345,.T.);
#155=ADVANCED_FACE('',(#346),#347,.T.);
#156=ADVANCED_FACE('',(#348),#349,.F.);
#157=ADVANCED_FACE('',(#350),#351,.F.);
#158=ADVANCED_FACE('',(#352),#353,.F.);
#159=ADVANCED_FACE('',(#354),#355,.F.);
#160=ADVANCED_FACE('',(#356),#357,.T.);
#161=ADVANCED_FACE('',(#358),#359,.T.);
#162=ADVANCED_FACE('',(#360),#361,.T.);
#163=ADVANCED_FACE('',(#362),#363,.T.);
#164=ADVANCED_FACE('',(#364),#365,.F.);
#165=ADVANCED_FACE('',(#366),#367,.F.);
#166=ADVANCED_FACE('',(#368),#369,.F.);
#167=ADVANCED_FACE('',(#370),#371,.F.);
#168=ADVANCED_FACE('',(#372,#373),#374,.T.);
#169=ADVANCED_FACE('',(#375),#376,.T.);
#170=ADVANCED_FACE('',(#377),#378,.T.);
#171=ADVANCED_FACE('',(#379),#380,.T.);
#172=ADVANCED_FACE('',(#381),#382,.T.);
#173=ADVANCED_FACE('',(#383,#384),#385,.T.);
#174=ADVANCED_FACE('',(#386),#387,.T.);
#175=ADVANCED_FACE('',(#388),#389,.T.);
#176=ADVANCED_FACE('',(#390),#391,.T.);
#177=ADVANCED_FACE('',(#392),#393,.T.);
#178=ADVANCED_FACE('',(#394),#395,.T.);
#180=FACE_OUTER_BOUND('',#396,.T.);
#181=CONICAL_SURFACE('',#397,0.1875,0.785398163397449);
#182=FACE_OUTER_BOUND('',#398,.T.);
#183=CYLINDRICAL_SURFACE('',#399,0.25);
#184=FACE_OUTER_BOUND('',#400,.T.);
#185=CONICAL_SURFACE('',#401,0.1875,0.785398163397449);
#186=FACE_OUTER_BOUND('',#402,.T.);
#187=CYLINDRICAL_SURFACE('',#403,0.25);
#188=FACE_OUTER_BOUND('',#404,.T.);
#189=CONICAL_SURFACE('',#405,0.1875,0.785398163397449);
#190=FACE_OUTER_BOUND('',#406,.T.);
#191=CYLINDRICAL_SURFACE('',#407,0.25);
#192=FACE_OUTER_BOUND('',#408,.T.);
#193=CONICAL_SURFACE('',#409,0.1875,0.785398163397449);
#194=FACE_OUTER_BOUND('',#410,.T.);
#195=CYLINDRICAL_SURFACE('',#411,0.25);
#196=FACE_OUTER_BOUND('',#412,.T.);
#197=PLANE('',#413);
#198=FACE_OUTER_BOUND('',#414,.T.);
#199=PLANE('',#415);
#200=FACE_OUTER_BOUND('',#416,.T.);
#201=PLANE('',#417);
#202=FACE_OUTER_BOUND('',#418,.T.);
#203=PLANE('',#419);
#204=FACE_OUTER_BOUND('',#420,.T.);
#205=CYLINDRICAL_SURFACE('',#421,0.25);
#206=FACE_OUTER_BOUND('',#422,.T.);
#207=PLANE('',#423);
#208=FACE_OUTER_BOUND('',#424,.T.);
#209=PLANE('',#425);
#210=FACE_OUTER_BOUND('',#426,.T.);
#211=PLANE('',#427);
#212=FACE_OUTER_BOUND('',#428,.T.);
#213=PLANE('',#429);
#214=FACE_OUTER_BOUND('',#430,.T.);
#215=PLANE('',#431);
#216=FACE_OUTER_BOUND('',#432,.T.);
#217=PLANE('',#433);
#218=FACE_OUTER_BOUND('',#434,.T.);
#219=PLANE('',#435);
#220=FACE_OUTER_BOUND('',#436,.T.);
#221=PLANE('',#437);
#222=FACE_OUTER_BOUND('',#438,.T.);
#223=PLANE('',#439);
#224=FACE_OUTER_BOUND('',#440,.T.);
#225=PLANE('',#441);
#226=FACE_OUTER_BOUND('',#442,.T.);
#227=PLANE('',#443);
#228=FACE_OUTER_BOUND('',#444,.T.);
#229=PLANE('',#445);
#230=FACE_OUTER_BOUND('',#446,.T.);
#231=PLANE('',#447);
#232=FACE_OUTER_BOUND('',#448,.T.);
#233=FACE_BOUND('',#449,.T.);
#234=FACE_BOUND('',#450,.T.);
#235=FACE_BOUND('',#451,.T.);
#236=FACE_BOUND('',#452,.T.);
#237=FACE_BOUND('',#453,.T.);
#238=FACE_BOUND('',#454,.T.);
#239=PLANE('',#455);
#240=FACE_OUTER_BOUND('',#456,.T.);
#241=CYLINDRICAL_SURFACE('',#457,0.5);
#242=FACE_OUTER_BOUND('',#458,.T.);
#243=PLANE('',#459);
#244=FACE_OUTER_BOUND('',#460,.T.);
#245=PLANE('',#461);
#246=FACE_OUTER_BOUND('',#462,.T.);
#247=PLANE('',#463);
#248=FACE_OUTER_BOUND('',#464,.T.);
#249=PLANE('',#465);
#250=FACE_OUTER_BOUND('',#466,.T.);
#251=CYLINDRICAL_SURFACE('',#467,0.25);
#252=FACE_OUTER_BOUND('',#468,.T.);
#253=PLANE('',#469);
#254=FACE_OUTER_BOUND('',#470,.T.);
#255=PLANE('',#471);
#256=FACE_OUTER_BOUND('',#472,.T.);
#257=PLANE('',#473);
#258=FACE_OUTER_BOUND('',#474,.T.);
#259=PLANE('',#475);
#260=FACE_OUTER_BOUND('',#476,.T.);
#261=PLANE('',#477);
#262=FACE_OUTER_BOUND('',#478,.T.);
#263=PLANE('',#479);
#264=FACE_OUTER_BOUND('',#480,.T.);
#265=CYLINDRICAL_SURFACE('',#481,0.5);
#266=FACE_OUTER_BOUND('',#482,.T.);
#267=CYLINDRICAL_SURFACE('',#483,0.5);
#268=FACE_OUTER_BOUND('',#484,.T.);
#269=PLANE('',#485);
#270=FACE_OUTER_BOUND('',#486,.T.);
#271=PLANE('',#487);
#272=FACE_OUTER_BOUND('',#488,.T.);
#273=PLANE('',#489);
#274=FACE_OUTER_BOUND('',#490,.T.);
#275=PLANE('',#491);
#276=FACE_OUTER_BOUND('',#492,.T.);
#277=PLANE('',#493);
#278=FACE_OUTER_BOUND('',#494,.T.);
#279=PLANE('',#495);
#280=FACE_OUTER_BOUND('',#496,.T.);
#281=PLANE('',#497);
#282=FACE_OUTER_BOUND('',#498,.T.);
#283=CYLINDRICAL_SURFACE('',#499,0.25);
#284=FACE_OUTER_BOUND('',#500,.T.);
#285=CONICAL_SURFACE('',#501,0.1875,0.785398163397449);
#286=FACE_OUTER_BOUND('',#502,.T.);
#287=PLANE('',#503);
#288=FACE_OUTER_BOUND('',#504,.T.);
#289=CYLINDRICAL_SURFACE('',#505,0.25);
#290=FACE_OUTER_BOUND('',#506,.T.);
#291=CONICAL_SURFACE('',#507,0.1875,0.785398163397449);
#292=FACE_OUTER_BOUND('',#508,.T.);
#293=PLANE('',#509);
#294=FACE_OUTER_BOUND('',#510,.T.);
#295=CYLINDRICAL_SURFACE('',#511,0.25);
#296=FACE_OUTER_BOUND('',#512,.T.);
#297=CONICAL_SURFACE('',#513,0.1875,0.785398163397449);
#298=FACE_OUTER_BOUND('',#514,.T.);
#299=PLANE('',#515);
#300=FACE_OUTER_BOUND('',#516,.T.);
#301=CYLINDRICAL_SURFACE('',#517,0.25);
#302=FACE_OUTER_BOUND('',#518,.T.);
#303=CONICAL_SURFACE('',#519,0.1875,0.785398163397449);
#304=FACE_OUTER_BOUND('',#520,.T.);
#305=PLANE('',#521);
#306=FACE_OUTER_BOUND('',#522,.T.);
#307=PLANE('',#523);
#308=FACE_OUTER_BOUND('',#524,.T.);
#309=PLANE('',#525);
#310=FACE_OUTER_BOUND('',#526,.T.);
#311=CYLINDRICAL_SURFACE('',#527,0.5);
#312=FACE_OUTER_BOUND('',#528,.T.);
#313=PLANE('',#529);
#314=FACE_OUTER_BOUND('',#530,.T.);
#315=PLANE('',#531);
#316=FACE_OUTER_BOUND('',#532,.T.);
#317=PLANE('',#533);
#318=FACE_OUTER_BOUND('',#534,.T.);
#319=CYLINDRICAL_SURFACE('',#535,0.5);
#320=FACE_OUTER_BOUND('',#536,.T.);
#321=PLANE('',#537);
#322=FACE_OUTER_BOUND('',#538,.T.);
#323=PLANE('',#539);
#324=FACE_OUTER_BOUND('',#540,.T.);
#325=PLANE('',#541);
#326=FACE_OUTER_BOUND('',#542,.T.);
#327=PLANE('',#543);
#328=FACE_OUTER_BOUND('',#544,.T.);
#329=CYLINDRICAL_SURFACE('',#545,0.5);
#330=FACE_OUTER_BOUND('',#546,.T.);
#331=PLANE('',#547);
#332=FACE_OUTER_BOUND('',#548,.T.);
#333=CYLINDRICAL_SURFACE('',#549,0.5);
#334=FACE_OUTER_BOUND('',#550,.T.);
#335=PLANE('',#551);
#336=FACE_OUTER_BOUND('',#552,.T.);
#337=PLANE('',#553);
#338=FACE_OUTER_BOUND('',#554,.T.);
#339=CYLINDRICAL_SURFACE('',#555,0.5);
#340=FACE_OUTER_BOUND('',#556,.T.);
#341=PLANE('',#557);
#342=FACE_OUTER_BOUND('',#558,.T.);
#343=PLANE('',#559);
#344=FACE_OUTER_BOUND('',#560,.T.);
#345=PLANE('',#561);
#346=FACE_OUTER_BOUND('',#562,.T.);
#347=PLANE('',#563);
#348=FACE_OUTER_BOUND('',#564,.T.);
#349=CYLINDRICAL_SURFACE('',#565,0.5);
#350=FACE_OUTER_BOUND('',#566,.T.);
#351=CYLINDRICAL_SURFACE('',#567,0.5);
#352=FACE_OUTER_BOUND('',#568,.T.);
#353=CYLINDRICAL_SURFACE('',#569,0.5);
#354=FACE_OUTER_BOUND('',#570,.T.);
#355=CYLINDRICAL_SURFACE('',#571,0.5);
#356=FACE_OUTER_BOUND('',#572,.T.);
#357=PLANE('',#573);
#358=FACE_OUTER_BOUND('',#574,.T.);
#359=PLANE('',#575);
#360=FACE_OUTER_BOUND('',#576,.T.);
#361=PLANE('',#577);
#362=FACE_OUTER_BOUND('',#578,.T.);
#363=PLANE('',#579);
#364=FACE_OUTER_BOUND('',#580,.T.);
#365=CYLINDRICAL_SURFACE('',#581,0.5);
#366=FACE_OUTER_BOUND('',#582,.T.);
#367=CYLINDRICAL_SURFACE('',#583,0.5);
#368=FACE_OUTER_BOUND('',#584,.T.);
#369=CYLINDRICAL_SURFACE('',#585,0.5);
#370=FACE_OUTER_BOUND('',#586,.T.);
#371=CYLINDRICAL_SURFACE('',#587,0.5);
#372=FACE_BOUND('',#588,.T.);
#373=FACE_OUTER_BOUND('',#589,.T.);
#374=PLANE('',#590);
#375=FACE_OUTER_BOUND('',#591,.T.);
#376=PLANE('',#592);
#377=FACE_OUTER_BOUND('',#593,.T.);
#378=CYLINDRICAL_SURFACE('',#594,0.5);
#379=FACE_OUTER_BOUND('',#595,.T.);
#380=PLANE('',#596);
#381=FACE_OUTER_BOUND('',#597,.T.);
#382=PLANE('',#598);
#383=FACE_OUTER_BOUND('',#599,.T.);
#384=FACE_BOUND('',#600,.T.);
#385=PLANE('',#601);
#386=FACE_OUTER_BOUND('',#602,.T.);
#387=PLANE('',#603);
#388=FACE_OUTER_BOUND('',#604,.T.);
#389=PLANE('',#605);
#390=FACE_OUTER_BOUND('',#606,.T.);
#391=PLANE('',#607);
#392=FACE_OUTER_BOUND('',#608,.T.);
#393=CYLINDRICAL_SURFACE('',#609,0.5);
#394=FACE_OUTER_BOUND('',#610,.T.);
#395=PLANE('',#611);
#396=EDGE_LOOP('',(#612,#613,#614,#615));
#397=AXIS2_PLACEMENT_3D('',#616,#617,#618);
#398=EDGE_LOOP('',(#619,#620,#621,#622));
#399=AXIS2_PLACEMENT_3D('',#623,#624,#625);
#400=EDGE_LOOP('',(#626,#627,#628,#629));
#401=AXIS2_PLACEMENT_3D('',#630,#631,#632);
#402=EDGE_LOOP('',(#633,#634,#635,#636));
#403=AXIS2_PLACEMENT_3D('',#637,#638,#639);
#404=EDGE_LOOP('',(#640,#641,#642,#643));
#405=AXIS2_PLACEMENT_3D('',#644,#645,#646);
#406=EDGE_LOOP('',(#647,#648,#649,#650));
#407=AXIS2_PLACEMENT_3D('',#651,#652,#653);
#408=EDGE_LOOP('',(#654,#655,#656,#657));
#409=AXIS2_PLACEMENT_3D('',#658,#659,#660);
#410=EDGE_LOOP('',(#661,#662,#663,#664));
#411=AXIS2_PLACEMENT_3D('',#665,#666,#667);
#412=EDGE_LOOP('',(#668,#669,#670,#671));
#413=AXIS2_PLACEMENT_3D('',#672,#673,#674);
#414=EDGE_LOOP('',(#675,#676,#677,#678));
#415=AXIS2_PLACEMENT_3D('',#679,#680,#681);
#416=EDGE_LOOP('',(#682,#683,#684,#685));
#417=AXIS2_PLACEMENT_3D('',#686,#687,#688);
#418=EDGE_LOOP('',(#689,#690,#691,#692));
#419=AXIS2_PLACEMENT_3D('',#693,#694,#695);
#420=EDGE_LOOP('',(#696,#697,#698,#699));
#421=AXIS2_PLACEMENT_3D('',#700,#701,#702);
#422=EDGE_LOOP('',(#703,#704,#705,#706));
#423=AXIS2_PLACEMENT_3D('',#707,#708,#709);
#424=EDGE_LOOP('',(#710,#711,#712,#713));
#425=AXIS2_PLACEMENT_3D('',#714,#715,#716);
#426=EDGE_LOOP('',(#717,#718,#719,#720));
#427=AXIS2_PLACEMENT_3D('',#721,#722,#723);
#428=EDGE_LOOP('',(#724,#725,#726,#727));
#429=AXIS2_PLACEMENT_3D('',#728,#729,#730);
#430=EDGE_LOOP('',(#731,#732,#733,#734,#735,#736,#737,#738,#739,#740));
#431=AXIS2_PLACEMENT_3D('',#741,#742,#743);
#432=EDGE_LOOP('',(#744,#745,#746,#747,#748,#749));
#433=AXIS2_PLACEMENT_3D('',#750,#751,#752);
#434=EDGE_LOOP('',(#753,#754,#755,#756,#757,#758,#759));
#435=AXIS2_PLACEMENT_3D('',#760,#761,#762);
#436=EDGE_LOOP('',(#763,#764,#765,#766));
#437=AXIS2_PLACEMENT_3D('',#767,#768,#769);
#438=EDGE_LOOP('',(#770,#771,#772,#773));
#439=AXIS2_PLACEMENT_3D('',#774,#775,#776);
#440=EDGE_LOOP('',(#777,#778,#779,#780));
#441=AXIS2_PLACEMENT_3D('',#781,#782,#783);
#442=EDGE_LOOP('',(#784,#785,#786,#787));
#443=AXIS2_PLACEMENT_3D('',#788,#789,#790);
#444=EDGE_LOOP('',(#791,#792,#793,#794));
#445=AXIS2_PLACEMENT_3D('',#795,#796,#797);
#446=EDGE_LOOP('',(#798,#799,#800,#801,#802,#803,#804));
#447=AXIS2_PLACEMENT_3D('',#805,#806,#807);
#448=EDGE_LOOP('',(#808,#809,#810,#811,#812,#813,#814,#815,#816,#817,#818,#819,#820,#821,#822,#823,#824,#825,#826,#827,#828,#829,#830,#831,#832,#833,#834,#835,#836,#837,#838,#839,#840,#841,#842,#843,#844,#845,#846,#847,#848,#849));
#449=EDGE_LOOP('',(#850,#851));
#450=EDGE_LOOP('',(#852,#853));
#451=EDGE_LOOP('',(#854,#855));
#452=EDGE_LOOP('',(#856,#857));
#453=EDGE_LOOP('',(#858,#859,#860,#861));
#454=EDGE_LOOP('',(#862,#863,#864,#865));
#455=AXIS2_PLACEMENT_3D('',#866,#867,#868);
#456=EDGE_LOOP('',(#869,#870,#871,#872));
#457=AXIS2_PLACEMENT_3D('',#873,#874,#875);
#458=EDGE_LOOP('',(#876,#877,#878,#879,#880));
#459=AXIS2_PLACEMENT_3D('',#881,#882,#883);
#460=EDGE_LOOP('',(#884,#885,#886,#887));
#461=AXIS2_PLACEMENT_3D('',#888,#889,#890);
#462=EDGE_LOOP('',(#891,#892,#893,#894));
#463=AXIS2_PLACEMENT_3D('',#895,#896,#897);
#464=EDGE_LOOP('',(#898,#899,#900,#901));
#465=AXIS2_PLACEMENT_3D('',#902,#903,#904);
#466=EDGE_LOOP('',(#905,#906,#907,#908));
#467=AXIS2_PLACEMENT_3D('',#909,#910,#911);
#468=EDGE_LOOP('',(#912,#913,#914,#915));
#469=AXIS2_PLACEMENT_3D('',#916,#917,#918);
#470=EDGE_LOOP('',(#919,#920,#921,#922));
#471=AXIS2_PLACEMENT_3D('',#923,#924,#925);
#472=EDGE_LOOP('',(#926,#927,#928,#929));
#473=AXIS2_PLACEMENT_3D('',#930,#931,#932);
#474=EDGE_LOOP('',(#933,#934,#935,#936));
#475=AXIS2_PLACEMENT_3D('',#937,#938,#939);
#476=EDGE_LOOP('',(#940,#941,#942,#943,#944,#945,#946,#947,#948,#949));
#477=AXIS2_PLACEMENT_3D('',#950,#951,#952);
#478=EDGE_LOOP('',(#953,#954,#955,#956,#957,#958,#959));
#479=AXIS2_PLACEMENT_3D('',#960,#961,#962);
#480=EDGE_LOOP('',(#963,#964,#965,#966));
#481=AXIS2_PLACEMENT_3D('',#967,#968,#969);
#482=EDGE_LOOP('',(#970,#971,#972,#973,#974,#975));
#483=AXIS2_PLACEMENT_3D('',#976,#977,#978);
#484=EDGE_LOOP('',(#979,#980,#981,#982,#983,#984));
#485=AXIS2_PLACEMENT_3D('',#985,#986,#987);
#486=EDGE_LOOP('',(#988,#989,#990,#991));
#487=AXIS2_PLACEMENT_3D('',#992,#993,#994);
#488=EDGE_LOOP('',(#995,#996,#997,#998));
#489=AXIS2_PLACEMENT_3D('',#999,#1000,#1001);
#490=EDGE_LOOP('',(#1002,#1003,#1004,#1005));
#491=AXIS2_PLACEMENT_3D('',#1006,#1007,#1008);
#492=EDGE_LOOP('',(#1009,#1010,#1011,#1012));
#493=AXIS2_PLACEMENT_3D('',#1013,#1014,#1015);
#494=EDGE_LOOP('',(#1016,#1017,#1018,#1019));
#495=AXIS2_PLACEMENT_3D('',#1020,#1021,#1022);
#496=EDGE_LOOP('',(#1023,#1024,#1025,#1026,#1027,#1028));
#497=AXIS2_PLACEMENT_3D('',#1029,#1030,#1031);
#498=EDGE_LOOP('',(#1032,#1033,#1034,#1035));
#499=AXIS2_PLACEMENT_3D('',#1036,#1037,#1038);
#500=EDGE_LOOP('',(#1039,#1040,#1041,#1042));
#501=AXIS2_PLACEMENT_3D('',#1043,#1044,#1045);
#502=EDGE_LOOP('',(#1046,#1047));
#503=AXIS2_PLACEMENT_3D('',#1048,#1049,#1050);
#504=EDGE_LOOP('',(#1051,#1052,#1053,#1054));
#505=AXIS2_PLACEMENT_3D('',#1055,#1056,#1057);
#506=EDGE_LOOP('',(#1058,#1059,#1060,#1061));
#507=AXIS2_PLACEMENT_3D('',#1062,#1063,#1064);
#508=EDGE_LOOP('',(#1065,#1066));
#509=AXIS2_PLACEMENT_3D('',#1067,#1068,#1069);
#510=EDGE_LOOP('',(#1070,#1071,#1072,#1073));
#511=AXIS2_PLACEMENT_3D('',#1074,#1075,#1076);
#512=EDGE_LOOP('',(#1077,#1078,#1079,#1080));
#513=AXIS2_PLACEMENT_3D('',#1081,#1082,#1083);
#514=EDGE_LOOP('',(#1084,#1085));
#515=AXIS2_PLACEMENT_3D('',#1086,#1087,#1088);
#516=EDGE_LOOP('',(#1089,#1090,#1091,#1092));
#517=AXIS2_PLACEMENT_3D('',#1093,#1094,#1095);
#518=EDGE_LOOP('',(#1096,#1097,#1098,#1099));
#519=AXIS2_PLACEMENT_3D('',#1100,#1101,#1102);
#520=EDGE_LOOP('',(#1103,#1104));
#521=AXIS2_PLACEMENT_3D('',#1105,#1106,#1107);
#522=EDGE_LOOP('',(#1108,#1109,#1110,#1111,#1112,#1113,#1114,#1115,#1116,#1117,#1118,#1119));
#523=AXIS2_PLACEMENT_3D('',#1120,#1121,#1122);
#524=EDGE_LOOP('',(#1123,#1124,#1125,#1126,#1127,#1128,#1129,#1130));
#525=AXIS2_PLACEMENT_3D('',#1131,#1132,#1133);
#526=EDGE_LOOP('',(#1134,#1135,#1136,#1137,#1138,#1139));
#527=AXIS2_PLACEMENT_3D('',#1140,#1141,#1142);
#528=EDGE_LOOP('',(#1143,#1144,#1145,#1146));
#529=AXIS2_PLACEMENT_3D('',#1147,#1148,#1149);
#530=EDGE_LOOP('',(#1150,#1151,#1152,#1153));
#531=AXIS2_PLACEMENT_3D('',#1154,#1155,#1156);
#532=EDGE_LOOP('',(#1157,#1158,#1159,#1160));
#533=AXIS2_PLACEMENT_3D('',#1161,#1162,#1163);
#534=EDGE_LOOP('',(#1164,#1165,#1166,#1167));
#535=AXIS2_PLACEMENT_3D('',#1168,#1169,#1170);
#536=EDGE_LOOP('',(#1171,#1172,#1173,#1174));
#537=AXIS2_PLACEMENT_3D('',#1175,#1176,#1177);
#538=EDGE_LOOP('',(#1178,#1179,#1180,#1181));
#539=AXIS2_PLACEMENT_3D('',#1182,#1183,#1184);
#540=EDGE_LOOP('',(#1185,#1186,#1187,#1188));
#541=AXIS2_PLACEMENT_3D('',#1189,#1190,#1191);
#542=EDGE_LOOP('',(#1192,#1193,#1194,#1195));
#543=AXIS2_PLACEMENT_3D('',#1196,#1197,#1198);
#544=EDGE_LOOP('',(#1199,#1200,#1201,#1202));
#545=AXIS2_PLACEMENT_3D('',#1203,#1204,#1205);
#546=EDGE_LOOP('',(#1206,#1207,#1208,#1209));
#547=AXIS2_PLACEMENT_3D('',#1210,#1211,#1212);
#548=EDGE_LOOP('',(#1213,#1214,#1215,#1216,#1217,#1218));
#549=AXIS2_PLACEMENT_3D('',#1219,#1220,#1221);
#550=EDGE_LOOP('',(#1222,#1223,#1224,#1225,#1226,#1227,#1228,#1229));
#551=AXIS2_PLACEMENT_3D('',#1230,#1231,#1232);
#552=EDGE_LOOP('',(#1233,#1234,#1235,#1236));
#553=AXIS2_PLACEMENT_3D('',#1237,#1238,#1239);
#554=EDGE_LOOP('',(#1240,#1241,#1242,#1243));
#555=AXIS2_PLACEMENT_3D('',#1244,#1245,#1246);
#556=EDGE_LOOP('',(#1247,#1248,#1249,#1250));
#557=AXIS2_PLACEMENT_3D('',#1251,#1252,#1253);
#558=EDGE_LOOP('',(#1254,#1255,#1256,#1257,#1258,#1259));
#559=AXIS2_PLACEMENT_3D('',#1260,#1261,#1262);
#560=EDGE_LOOP('',(#1263,#1264,#1265,#1266,#1267,#1268));
#561=AXIS2_PLACEMENT_3D('',#1269,#1270,#1271);
#562=EDGE_LOOP('',(#1272,#1273,#1274,#1275));
#563=AXIS2_PLACEMENT_3D('',#1276,#1277,#1278);
#564=EDGE_LOOP('',(#1279,#1280,#1281,#1282));
#565=AXIS2_PLACEMENT_3D('',#1283,#1284,#1285);
#566=EDGE_LOOP('',(#1286,#1287,#1288,#1289));
#567=AXIS2_PLACEMENT_3D('',#1290,#1291,#1292);
#568=EDGE_LOOP('',(#1293,#1294,#1295,#1296));
#569=AXIS2_PLACEMENT_3D('',#1297,#1298,#1299);
#570=EDGE_LOOP('',(#1300,#1301,#1302,#1303));
#571=AXIS2_PLACEMENT_3D('',#1304,#1305,#1306);
#572=EDGE_LOOP('',(#1307,#1308,#1309,#1310));
#573=AXIS2_PLACEMENT_3D('',#1311,#1312,#1313);
#574=EDGE_LOOP('',(#1314,#1315,#1316,#1317));
#575=AXIS2_PLACEMENT_3D('',#1318,#1319,#1320);
#576=EDGE_LOOP('',(#1321,#1322,#1323,#1324));
#577=AXIS2_PLACEMENT_3D('',#1325,#1326,#1327);
#578=EDGE_LOOP('',(#1328,#1329,#1330,#1331));
#579=AXIS2_PLACEMENT_3D('',#1332,#1333,#1334);
#580=EDGE_LOOP('',(#1335,#1336,#1337,#1338));
#581=AXIS2_PLACEMENT_3D('',#1339,#1340,#1341);
#582=EDGE_LOOP('',(#1342,#1343,#1344,#1345));
#583=AXIS2_PLACEMENT_3D('',#1346,#1347,#1348);
#584=EDGE_LOOP('',(#1349,#1350,#1351,#1352));
#585=AXIS2_PLACEMENT_3D('',#1353,#1354,#1355);
#586=EDGE_LOOP('',(#1356,#1357,#1358,#1359));
#587=AXIS2_PLACEMENT_3D('',#1360,#1361,#1362);
#588=EDGE_LOOP('',(#1363,#1364,#1365,#1366));
#589=EDGE_LOOP('',(#1367,#1368,#1369,#1370));
#590=AXIS2_PLACEMENT_3D('',#1371,#1372,#1373);
#591=EDGE_LOOP('',(#1374,#1375,#1376,#1377));
#592=AXIS2_PLACEMENT_3D('',#1378,#1379,#1380);
#593=EDGE_LOOP('',(#1381,#1382,#1383,#1384));
#594=AXIS2_PLACEMENT_3D('',#1385,#1386,#1387);
#595=EDGE_LOOP('',(#1388,#1389,#1390,#1391));
#596=AXIS2_PLACEMENT_3D('',#1392,#1393,#1394);
#597=EDGE_LOOP('',(#1395,#1396,#1397,#1398));
#598=AXIS2_PLACEMENT_3D('',#1399,#1400,#1401);
#599=EDGE_LOOP('',(#1402,#1403,#1404,#1405));
#600=EDGE_LOOP('',(#1406,#1407,#1408,#1409));
#601=AXIS2_PLACEMENT_3D('',#1410,#1411,#1412);
#602=EDGE_LOOP('',(#1413,#1414,#1415,#1416));
#603=AXIS2_PLACEMENT_3D('',#1417,#1418,#1419);
#604=EDGE_LOOP('',(#1420,#1421,#1422,#1423));
#605=AXIS2_PLACEMENT_3D('',#1424,#1425,#1426);
#606=EDGE_LOOP('',(#1427,#1428,#1429,#1430));
#607=AXIS2_PLACEMENT_3D('',#1431,#1432,#1433);
#608=EDGE_LOOP('',(#1434,#1435,#1436,#1437));
#609=AXIS2_PLACEMENT_3D('',#1438,#1439,#1440);
#610=EDGE_LOOP('',(#1441,#1442,#1443,#1444));
#611=AXIS2_PLACEMENT_3D('',#1445,#1446,#1447);
#612=ORIENTED_EDGE('',*,*,#1448,.F.);
#613=ORIENTED_EDGE('',*,*,#1449,.T.);
#614=ORIENTED_EDGE('',*,*,#1450,.F.);
#615=ORIENTED_EDGE('',*,*,#1451,.F.);
#616=CARTESIAN_POINT('',(1.8,-3.2375,-10.0));
#617=DIRECTION('',(-0.0,1.0,-0.0));
#618=DIRECTION('',(1.0,0.0,0.0));
#619=ORIENTED_EDGE('',*,*,#1452,.F.);
#620=ORIENTED_EDGE('',*,*,#1451,.T.);
#621=ORIENTED_EDGE('',*,*,#1453,.F.);
#622=ORIENTED_EDGE('',*,*,#1454,.F.);
#623=CARTESIAN_POINT('',(1.8,-0.7375,-10.0));
#624=DIRECTION('',(-0.0,1.0,0.0));
#625=DIRECTION('',(1.0,0.0,0.0));
#626=ORIENTED_EDGE('',*,*,#1455,.F.);
#627=ORIENTED_EDGE('',*,*,#1456,.T.);
#628=ORIENTED_EDGE('',*,*,#1457,.F.);
#629=ORIENTED_EDGE('',*,*,#1458,.F.);
#630=CARTESIAN_POINT('',(1.8,-3.2375,-2.5));
#631=DIRECTION('',(-0.0,1.0,-0.0));
#632=DIRECTION('',(1.0,0.0,0.0));
#633=ORIENTED_EDGE('',*,*,#1459,.F.);
#634=ORIENTED_EDGE('',*,*,#1458,.T.);
#635=ORIENTED_EDGE('',*,*,#1460,.F.);
#636=ORIENTED_EDGE('',*,*,#1461,.F.);
#637=CARTESIAN_POINT('',(1.8,-0.7375,-2.5));
#638=DIRECTION('',(-0.0,1.0,0.0));
#639=DIRECTION('',(1.0,0.0,0.0));
#640=ORIENTED_EDGE('',*,*,#1462,.F.);
#641=ORIENTED_EDGE('',*,*,#1463,.T.);
#642=ORIENTED_EDGE('',*,*,#1464,.F.);
#643=ORIENTED_EDGE('',*,*,#1465,.F.);
#644=CARTESIAN_POINT('',(1.8,-3.2375,2.5));
#645=DIRECTION('',(-0.0,1.0,-0.0));
#646=DIRECTION('',(1.0,0.0,0.0));
#647=ORIENTED_EDGE('',*,*,#1466,.F.);
#648=ORIENTED_EDGE('',*,*,#1465,.T.);
#649=ORIENTED_EDGE('',*,*,#1467,.F.);
#650=ORIENTED_EDGE('',*,*,#1468,.F.);
#651=CARTESIAN_POINT('',(1.8,-0.7375,2.5));
#652=DIRECTION('',(-0.0,1.0,0.0));
#653=DIRECTION('',(1.0,0.0,0.0));
#654=ORIENTED_EDGE('',*,*,#1469,.F.);
#655=ORIENTED_EDGE('',*,*,#1470,.T.);
#656=ORIENTED_EDGE('',*,*,#1471,.F.);
#657=ORIENTED_EDGE('',*,*,#1472,.F.);
#658=CARTESIAN_POINT('',(1.8,-3.2375,10.0));
#659=DIRECTION('',(-0.0,1.0,-0.0));
#660=DIRECTION('',(1.0,0.0,0.0));
#661=ORIENTED_EDGE('',*,*,#1473,.F.);
#662=ORIENTED_EDGE('',*,*,#1472,.T.);
#663=ORIENTED_EDGE('',*,*,#1474,.F.);
#664=ORIENTED_EDGE('',*,*,#1475,.F.);
#665=CARTESIAN_POINT('',(1.8,-0.7375,10.0));
#666=DIRECTION('',(-0.0,1.0,0.0));
#667=DIRECTION('',(1.0,0.0,0.0));
#668=ORIENTED_EDGE('',*,*,#1476,.F.);
#669=ORIENTED_EDGE('',*,*,#1477,.F.);
#670=ORIENTED_EDGE('',*,*,#1478,.F.);
#671=ORIENTED_EDGE('',*,*,#1479,.F.);
#672=CARTESIAN_POINT('',(18.55,0.151955912721774,10.0));
#673=DIRECTION('',(1.0,0.0,6.12323399573676E-17));
#674=DIRECTION('',(6.12323399573676E-17,0.0,-1.0));
#675=ORIENTED_EDGE('',*,*,#1480,.F.);
#676=ORIENTED_EDGE('',*,*,#1481,.F.);
#677=ORIENTED_EDGE('',*,*,#1482,.T.);
#678=ORIENTED_EDGE('',*,*,#1477,.T.);
#679=CARTESIAN_POINT('',(18.3,0.225,10.25));
#680=DIRECTION('',(-6.12323399573676E-17,1.00020092308573E-17,1.0));
#681=DIRECTION('',(-6.12446429480582E-34,-1.0,1.00020092308573E-17));
#682=ORIENTED_EDGE('',*,*,#1483,.F.);
#683=ORIENTED_EDGE('',*,*,#1484,.F.);
#684=ORIENTED_EDGE('',*,*,#1485,.T.);
#685=ORIENTED_EDGE('',*,*,#1486,.T.);
#686=CARTESIAN_POINT('',(18.2,0.16650635094611,10.5));
#687=DIRECTION('',(-6.12323399573676E-17,9.14970618919395E-18,1.0));
#688=DIRECTION('',(-5.60257919886755E-34,-1.0,9.14970618919395E-18));
#689=ORIENTED_EDGE('',*,*,#1487,.F.);
#690=ORIENTED_EDGE('',*,*,#1479,.T.);
#691=ORIENTED_EDGE('',*,*,#1488,.F.);
#692=ORIENTED_EDGE('',*,*,#1489,.F.);
#693=CARTESIAN_POINT('',(18.3,0.225000000000001,9.75));
#694=DIRECTION('',(6.12323399573676E-17,0.0,-1.0));
#695=DIRECTION('',(0.0,1.0,0.0));
#696=ORIENTED_EDGE('',*,*,#1490,.F.);
#697=ORIENTED_EDGE('',*,*,#1488,.T.);
#698=ORIENTED_EDGE('',*,*,#1478,.T.);
#699=ORIENTED_EDGE('',*,*,#1482,.F.);
#700=CARTESIAN_POINT('',(18.3,-2.55,10.0));
#701=DIRECTION('',(1.0,0.0,6.12323399573676E-17));
#702=DIRECTION('',(6.12323399573676E-17,0.0,-1.0));
#703=ORIENTED_EDGE('',*,*,#1491,.T.);
#704=ORIENTED_EDGE('',*,*,#1492,.T.);
#705=ORIENTED_EDGE('',*,*,#1493,.F.);
#706=ORIENTED_EDGE('',*,*,#1494,.T.);
#707=CARTESIAN_POINT('',(18.2,0.16650635094611,9.5));
#708=DIRECTION('',(6.12323399573676E-17,0.0,-1.0));
#709=DIRECTION('',(0.0,1.0,0.0));
#710=ORIENTED_EDGE('',*,*,#1495,.T.);
#711=ORIENTED_EDGE('',*,*,#1496,.F.);
#712=ORIENTED_EDGE('',*,*,#1497,.T.);
#713=ORIENTED_EDGE('',*,*,#1493,.T.);
#714=CARTESIAN_POINT('',(18.2,-3.08349364905389,9.625));
#715=DIRECTION('',(5.30287619362453E-17,-0.5,-0.866025403784438));
#716=DIRECTION('',(3.06161699786838E-17,0.866025403784438,-0.5));
#717=ORIENTED_EDGE('',*,*,#1498,.T.);
#718=ORIENTED_EDGE('',*,*,#1499,.F.);
#719=ORIENTED_EDGE('',*,*,#1500,.T.);
#720=ORIENTED_EDGE('',*,*,#1496,.T.);
#721=CARTESIAN_POINT('',(18.2,-3.3,10.0));
#722=DIRECTION('',(0.0,-1.0,0.0));
#723=DIRECTION('',(6.12323399573676E-17,0.0,-1.0));
#724=ORIENTED_EDGE('',*,*,#1501,.T.);
#725=ORIENTED_EDGE('',*,*,#1485,.F.);
#726=ORIENTED_EDGE('',*,*,#1502,.F.);
#727=ORIENTED_EDGE('',*,*,#1499,.T.);
#728=CARTESIAN_POINT('',(18.2,-3.08349364905389,10.375));
#729=DIRECTION('',(-5.30287619362453E-17,-0.5,0.866025403784439));
#730=DIRECTION('',(3.06161699786838E-17,-0.866025403784439,-0.5));
#731=ORIENTED_EDGE('',*,*,#1503,.F.);
#732=ORIENTED_EDGE('',*,*,#1489,.T.);
#733=ORIENTED_EDGE('',*,*,#1490,.T.);
#734=ORIENTED_EDGE('',*,*,#1481,.T.);
#735=ORIENTED_EDGE('',*,*,#1504,.F.);
#736=ORIENTED_EDGE('',*,*,#1486,.F.);
#737=ORIENTED_EDGE('',*,*,#1501,.F.);
#738=ORIENTED_EDGE('',*,*,#1498,.F.);
#739=ORIENTED_EDGE('',*,*,#1495,.F.);
#740=ORIENTED_EDGE('',*,*,#1492,.F.);
#741=CARTESIAN_POINT('',(18.4,0.0332712196699223,10.0));
#742=DIRECTION('',(1.0,0.0,6.12323399573676E-17));
#743=DIRECTION('',(6.12323399573676E-17,0.0,-1.0));
#744=ORIENTED_EDGE('',*,*,#1505,.F.);
#745=ORIENTED_EDGE('',*,*,#1494,.F.);
#746=ORIENTED_EDGE('',*,*,#1497,.F.);
#747=ORIENTED_EDGE('',*,*,#1500,.F.);
#748=ORIENTED_EDGE('',*,*,#1502,.T.);
#749=ORIENTED_EDGE('',*,*,#1484,.T.);
#750=CARTESIAN_POINT('',(18.2,0.0332712196699223,10.0));
#751=DIRECTION('',(1.0,0.0,6.12323399573676E-17));
#752=DIRECTION('',(6.12323399573676E-17,0.0,-1.0));
#753=ORIENTED_EDGE('',*,*,#1506,.F.);
#754=ORIENTED_EDGE('',*,*,#1507,.F.);
#755=ORIENTED_EDGE('',*,*,#1508,.F.);
#756=ORIENTED_EDGE('',*,*,#1509,.F.);
#757=ORIENTED_EDGE('',*,*,#1510,.F.);
#758=ORIENTED_EDGE('',*,*,#1511,.F.);
#759=ORIENTED_EDGE('',*,*,#1512,.F.);
#760=CARTESIAN_POINT('',(22.0,0.0332712196699223,2.5));
#761=DIRECTION('',(1.0,0.0,6.12323399573676E-17));
#762=DIRECTION('',(6.12323399573676E-17,0.0,-1.0));
#763=ORIENTED_EDGE('',*,*,#1513,.F.);
#764=ORIENTED_EDGE('',*,*,#1512,.T.);
#765=ORIENTED_EDGE('',*,*,#1514,.F.);
#766=ORIENTED_EDGE('',*,*,#1515,.T.);
#767=CARTESIAN_POINT('',(21.6,0.16650635094611,2.0));
#768=DIRECTION('',(6.12323399573676E-17,0.0,-1.0));
#769=DIRECTION('',(0.0,1.0,0.0));
#770=ORIENTED_EDGE('',*,*,#1511,.T.);
#771=ORIENTED_EDGE('',*,*,#1516,.F.);
#772=ORIENTED_EDGE('',*,*,#1517,.T.);
#773=ORIENTED_EDGE('',*,*,#1514,.T.);
#774=CARTESIAN_POINT('',(21.6,-3.08349364905389,2.125));
#775=DIRECTION('',(5.30287619362453E-17,-0.5,-0.866025403784438));
#776=DIRECTION('',(3.06161699786838E-17,0.866025403784438,-0.5));
#777=ORIENTED_EDGE('',*,*,#1510,.T.);
#778=ORIENTED_EDGE('',*,*,#1518,.F.);
#779=ORIENTED_EDGE('',*,*,#1519,.T.);
#780=ORIENTED_EDGE('',*,*,#1516,.T.);
#781=CARTESIAN_POINT('',(21.6,-3.3,2.5));
#782=DIRECTION('',(0.0,-1.0,0.0));
#783=DIRECTION('',(6.12323399573676E-17,0.0,-1.0));
#784=ORIENTED_EDGE('',*,*,#1509,.T.);
#785=ORIENTED_EDGE('',*,*,#1520,.F.);
#786=ORIENTED_EDGE('',*,*,#1521,.F.);
#787=ORIENTED_EDGE('',*,*,#1518,.T.);
#788=CARTESIAN_POINT('',(21.6,-3.08349364905389,2.875));
#789=DIRECTION('',(-5.30287619362453E-17,-0.5,0.866025403784439));
#790=DIRECTION('',(3.06161699786838E-17,-0.866025403784439,-0.5));
#791=ORIENTED_EDGE('',*,*,#1522,.T.);
#792=ORIENTED_EDGE('',*,*,#1523,.F.);
#793=ORIENTED_EDGE('',*,*,#1520,.T.);
#794=ORIENTED_EDGE('',*,*,#1508,.T.);
#795=CARTESIAN_POINT('',(21.6,0.16650635094611,3.0));
#796=DIRECTION('',(-6.12323399573676E-17,9.14970618919395E-18,1.0));
#797=DIRECTION('',(-5.60257919886755E-34,-1.0,9.14970618919395E-18));
#798=ORIENTED_EDGE('',*,*,#1524,.F.);
#799=ORIENTED_EDGE('',*,*,#1515,.F.);
#800=ORIENTED_EDGE('',*,*,#1517,.F.);
#801=ORIENTED_EDGE('',*,*,#1519,.F.);
#802=ORIENTED_EDGE('',*,*,#1521,.T.);
#803=ORIENTED_EDGE('',*,*,#1523,.T.);
#804=ORIENTED_EDGE('',*,*,#1525,.F.);
#805=CARTESIAN_POINT('',(21.6,0.0332712196699223,2.5));
#806=DIRECTION('',(1.0,0.0,6.12323399573676E-17));
#807=DIRECTION('',(6.12323399573676E-17,0.0,-1.0));
#808=ORIENTED_EDGE('',*,*,#1503,.T.);
#809=ORIENTED_EDGE('',*,*,#1526,.T.);
#810=ORIENTED_EDGE('',*,*,#1527,.T.);
#811=ORIENTED_EDGE('',*,*,#1528,.F.);
#812=ORIENTED_EDGE('',*,*,#1529,.F.);
#813=ORIENTED_EDGE('',*,*,#1530,.F.);
#814=ORIENTED_EDGE('',*,*,#1531,.T.);
#815=ORIENTED_EDGE('',*,*,#1532,.F.);
#816=ORIENTED_EDGE('',*,*,#1533,.F.);
#817=ORIENTED_EDGE('',*,*,#1534,.F.);
#818=ORIENTED_EDGE('',*,*,#1535,.T.);
#819=ORIENTED_EDGE('',*,*,#1536,.T.);
#820=ORIENTED_EDGE('',*,*,#1537,.F.);
#821=ORIENTED_EDGE('',*,*,#1538,.F.);
#822=ORIENTED_EDGE('',*,*,#1539,.F.);
#823=ORIENTED_EDGE('',*,*,#1540,.F.);
#824=ORIENTED_EDGE('',*,*,#1541,.T.);
#825=ORIENTED_EDGE('',*,*,#1542,.T.);
#826=ORIENTED_EDGE('',*,*,#1543,.T.);
#827=ORIENTED_EDGE('',*,*,#1544,.F.);
#828=ORIENTED_EDGE('',*,*,#1545,.T.);
#829=ORIENTED_EDGE('',*,*,#1546,.T.);
#830=ORIENTED_EDGE('',*,*,#1547,.T.);
#831=ORIENTED_EDGE('',*,*,#1548,.T.);
#832=ORIENTED_EDGE('',*,*,#1549,.T.);
#833=ORIENTED_EDGE('',*,*,#1550,.T.);
#834=ORIENTED_EDGE('',*,*,#1551,.T.);
#835=ORIENTED_EDGE('',*,*,#1552,.T.);
#836=ORIENTED_EDGE('',*,*,#1553,.T.);
#837=ORIENTED_EDGE('',*,*,#1554,.F.);
#838=ORIENTED_EDGE('',*,*,#1506,.T.);
#839=ORIENTED_EDGE('',*,*,#1513,.T.);
#840=ORIENTED_EDGE('',*,*,#1524,.T.);
#841=ORIENTED_EDGE('',*,*,#1555,.F.);
#842=ORIENTED_EDGE('',*,*,#1556,.T.);
#843=ORIENTED_EDGE('',*,*,#1557,.T.);
#844=ORIENTED_EDGE('',*,*,#1505,.T.);
#845=ORIENTED_EDGE('',*,*,#1483,.T.);
#846=ORIENTED_EDGE('',*,*,#1504,.T.);
#847=ORIENTED_EDGE('',*,*,#1480,.T.);
#848=ORIENTED_EDGE('',*,*,#1476,.T.);
#849=ORIENTED_EDGE('',*,*,#1487,.T.);
#850=ORIENTED_EDGE('',*,*,#1558,.T.);
#851=ORIENTED_EDGE('',*,*,#1475,.T.);
#852=ORIENTED_EDGE('',*,*,#1559,.T.);
#853=ORIENTED_EDGE('',*,*,#1468,.T.);
#854=ORIENTED_EDGE('',*,*,#1560,.T.);
#855=ORIENTED_EDGE('',*,*,#1461,.T.);
#856=ORIENTED_EDGE('',*,*,#1561,.T.);
#857=ORIENTED_EDGE('',*,*,#1454,.T.);
#858=ORIENTED_EDGE('',*,*,#1562,.F.);
#859=ORIENTED_EDGE('',*,*,#1563,.F.);
#860=ORIENTED_EDGE('',*,*,#1564,.T.);
#861=ORIENTED_EDGE('',*,*,#1565,.T.);
#862=ORIENTED_EDGE('',*,*,#1566,.F.);
#863=ORIENTED_EDGE('',*,*,#1567,.T.);
#864=ORIENTED_EDGE('',*,*,#1568,.T.);
#865=ORIENTED_EDGE('',*,*,#1569,.F.);
#866=CARTESIAN_POINT('',(11.25,0.5,-13.8));
#867=DIRECTION('',(0.0,-1.0,0.0));
#868=DIRECTION('',(1.0,0.0,0.0));
#869=ORIENTED_EDGE('',*,*,#1525,.T.);
#870=ORIENTED_EDGE('',*,*,#1570,.T.);
#871=ORIENTED_EDGE('',*,*,#1571,.T.);
#872=ORIENTED_EDGE('',*,*,#1555,.T.);
#873=CARTESIAN_POINT('',(-2.4,0.0,2.5));
#874=DIRECTION('',(1.0,0.0,6.12323399573676E-17));
#875=DIRECTION('',(6.12323399573676E-17,0.0,-1.0));
#876=ORIENTED_EDGE('',*,*,#1572,.F.);
#877=ORIENTED_EDGE('',*,*,#1551,.F.);
#878=ORIENTED_EDGE('',*,*,#1573,.F.);
#879=ORIENTED_EDGE('',*,*,#1574,.F.);
#880=ORIENTED_EDGE('',*,*,#1575,.F.);
#881=CARTESIAN_POINT('',(18.55,0.151955912721774,-2.5));
#882=DIRECTION('',(1.0,0.0,6.12323399573676E-17));
#883=DIRECTION('',(6.12323399573676E-17,0.0,-1.0));
#884=ORIENTED_EDGE('',*,*,#1550,.F.);
#885=ORIENTED_EDGE('',*,*,#1576,.F.);
#886=ORIENTED_EDGE('',*,*,#1577,.T.);
#887=ORIENTED_EDGE('',*,*,#1573,.T.);
#888=CARTESIAN_POINT('',(18.3,0.225,-2.25));
#889=DIRECTION('',(-6.12323399573676E-17,1.00020092308573E-17,1.0));
#890=DIRECTION('',(-6.12446429480582E-34,-1.0,1.00020092308573E-17));
#891=ORIENTED_EDGE('',*,*,#1548,.F.);
#892=ORIENTED_EDGE('',*,*,#1578,.F.);
#893=ORIENTED_EDGE('',*,*,#1579,.T.);
#894=ORIENTED_EDGE('',*,*,#1580,.T.);
#895=CARTESIAN_POINT('',(18.2,0.16650635094611,-2.0));
#896=DIRECTION('',(-6.12323399573676E-17,9.14970618919395E-18,1.0));
#897=DIRECTION('',(-5.60257919886755E-34,-1.0,9.14970618919395E-18));
#898=ORIENTED_EDGE('',*,*,#1581,.F.);
#899=ORIENTED_EDGE('',*,*,#1575,.T.);
#900=ORIENTED_EDGE('',*,*,#1582,.F.);
#901=ORIENTED_EDGE('',*,*,#1583,.F.);
#902=CARTESIAN_POINT('',(18.3,0.225000000000001,-2.75));
#903=DIRECTION('',(6.12323399573676E-17,0.0,-1.0));
#904=DIRECTION('',(0.0,1.0,0.0));
#905=ORIENTED_EDGE('',*,*,#1584,.F.);
#906=ORIENTED_EDGE('',*,*,#1582,.T.);
#907=ORIENTED_EDGE('',*,*,#1574,.T.);
#908=ORIENTED_EDGE('',*,*,#1577,.F.);
#909=CARTESIAN_POINT('',(18.3,-2.55,-2.5));
#910=DIRECTION('',(1.0,0.0,6.12323399573676E-17));
#911=DIRECTION('',(6.12323399573676E-17,0.0,-1.0));
#912=ORIENTED_EDGE('',*,*,#1585,.T.);
#913=ORIENTED_EDGE('',*,*,#1586,.T.);
#914=ORIENTED_EDGE('',*,*,#1587,.F.);
#915=ORIENTED_EDGE('',*,*,#1588,.T.);
#916=CARTESIAN_POINT('',(18.2,0.16650635094611,-3.0));
#917=DIRECTION('',(6.12323399573676E-17,0.0,-1.0));
#918=DIRECTION('',(0.0,1.0,0.0));
#919=ORIENTED_EDGE('',*,*,#1589,.T.);
#920=ORIENTED_EDGE('',*,*,#1590,.F.);
#921=ORIENTED_EDGE('',*,*,#1591,.T.);
#922=ORIENTED_EDGE('',*,*,#1587,.T.);
#923=CARTESIAN_POINT('',(18.2,-3.08349364905389,-2.875));
#924=DIRECTION('',(5.30287619362453E-17,-0.5,-0.866025403784438));
#925=DIRECTION('',(3.06161699786838E-17,0.866025403784438,-0.5));
#926=ORIENTED_EDGE('',*,*,#1592,.T.);
#927=ORIENTED_EDGE('',*,*,#1593,.F.);
#928=ORIENTED_EDGE('',*,*,#1594,.T.);
#929=ORIENTED_EDGE('',*,*,#1590,.T.);
#930=CARTESIAN_POINT('',(18.2,-3.3,-2.5));
#931=DIRECTION('',(0.0,-1.0,0.0));
#932=DIRECTION('',(6.12323399573676E-17,0.0,-1.0));
#933=ORIENTED_EDGE('',*,*,#1595,.T.);
#934=ORIENTED_EDGE('',*,*,#1579,.F.);
#935=ORIENTED_EDGE('',*,*,#1596,.F.);
#936=ORIENTED_EDGE('',*,*,#1593,.T.);
#937=CARTESIAN_POINT('',(18.2,-3.08349364905389,-2.125));
#938=DIRECTION('',(-5.30287619362453E-17,-0.5,0.866025403784439));
#939=DIRECTION('',(3.06161699786838E-17,-0.866025403784439,-0.5));
#940=ORIENTED_EDGE('',*,*,#1597,.F.);
#941=ORIENTED_EDGE('',*,*,#1583,.T.);
#942=ORIENTED_EDGE('',*,*,#1584,.T.);
#943=ORIENTED_EDGE('',*,*,#1576,.T.);
#944=ORIENTED_EDGE('',*,*,#1549,.F.);
#945=ORIENTED_EDGE('',*,*,#1580,.F.);
#946=ORIENTED_EDGE('',*,*,#1595,.F.);
#947=ORIENTED_EDGE('',*,*,#1592,.F.);
#948=ORIENTED_EDGE('',*,*,#1589,.F.);
#949=ORIENTED_EDGE('',*,*,#1586,.F.);
#950=CARTESIAN_POINT('',(18.4,0.0332712196699223,-2.5));
#951=DIRECTION('',(1.0,0.0,6.12323399573676E-17));
#952=DIRECTION('',(6.12323399573676E-17,0.0,-1.0));
#953=ORIENTED_EDGE('',*,*,#1598,.F.);
#954=ORIENTED_EDGE('',*,*,#1588,.F.);
#955=ORIENTED_EDGE('',*,*,#1591,.F.);
#956=ORIENTED_EDGE('',*,*,#1594,.F.);
#957=ORIENTED_EDGE('',*,*,#1596,.T.);
#958=ORIENTED_EDGE('',*,*,#1578,.T.);
#959=ORIENTED_EDGE('',*,*,#1547,.F.);
#960=CARTESIAN_POINT('',(18.2,0.0332712196699223,-2.5));
#961=DIRECTION('',(1.0,0.0,6.12323399573676E-17));
#962=DIRECTION('',(6.12323399573676E-17,0.0,-1.0));
#963=ORIENTED_EDGE('',*,*,#1598,.T.);
#964=ORIENTED_EDGE('',*,*,#1546,.F.);
#965=ORIENTED_EDGE('',*,*,#1599,.T.);
#966=ORIENTED_EDGE('',*,*,#1600,.T.);
#967=CARTESIAN_POINT('',(-2.4,0.0,-2.5));
#968=DIRECTION('',(1.0,0.0,6.12323399573676E-17));
#969=DIRECTION('',(6.12323399573676E-17,0.0,-1.0));
#970=ORIENTED_EDGE('',*,*,#1572,.T.);
#971=ORIENTED_EDGE('',*,*,#1581,.T.);
#972=ORIENTED_EDGE('',*,*,#1597,.T.);
#973=ORIENTED_EDGE('',*,*,#1601,.T.);
#974=ORIENTED_EDGE('',*,*,#1602,.T.);
#975=ORIENTED_EDGE('',*,*,#1552,.F.);
#976=CARTESIAN_POINT('',(-2.4,0.0,-2.5));
#977=DIRECTION('',(1.0,0.0,6.12323399573676E-17));
#978=DIRECTION('',(6.12323399573676E-17,0.0,-1.0));
#979=ORIENTED_EDGE('',*,*,#1541,.F.);
#980=ORIENTED_EDGE('',*,*,#1603,.F.);
#981=ORIENTED_EDGE('',*,*,#1604,.F.);
#982=ORIENTED_EDGE('',*,*,#1605,.F.);
#983=ORIENTED_EDGE('',*,*,#1606,.F.);
#984=ORIENTED_EDGE('',*,*,#1607,.F.);
#985=CARTESIAN_POINT('',(22.0,0.0332712196699223,-10.0));
#986=DIRECTION('',(1.0,0.0,6.12323399573676E-17));
#987=DIRECTION('',(6.12323399573676E-17,0.0,-1.0));
#988=ORIENTED_EDGE('',*,*,#1608,.F.);
#989=ORIENTED_EDGE('',*,*,#1609,.F.);
#990=ORIENTED_EDGE('',*,*,#1610,.T.);
#991=ORIENTED_EDGE('',*,*,#1603,.T.);
#992=CARTESIAN_POINT('',(21.6,0.16650635094611,-9.5));
#993=DIRECTION('',(-6.12323399573676E-17,9.14970618919395E-18,1.0));
#994=DIRECTION('',(-5.60257919886755E-34,-1.0,9.14970618919395E-18));
#995=ORIENTED_EDGE('',*,*,#1542,.F.);
#996=ORIENTED_EDGE('',*,*,#1607,.T.);
#997=ORIENTED_EDGE('',*,*,#1611,.F.);
#998=ORIENTED_EDGE('',*,*,#1612,.T.);
#999=CARTESIAN_POINT('',(21.6,0.16650635094611,-10.5));
#1000=DIRECTION('',(6.12323399573676E-17,0.0,-1.0));
#1001=DIRECTION('',(0.0,1.0,0.0));
#1002=ORIENTED_EDGE('',*,*,#1606,.T.);
#1003=ORIENTED_EDGE('',*,*,#1613,.F.);
#1004=ORIENTED_EDGE('',*,*,#1614,.T.);
#1005=ORIENTED_EDGE('',*,*,#1611,.T.);
#1006=CARTESIAN_POINT('',(21.6,-3.08349364905389,-10.375));
#1007=DIRECTION('',(5.30287619362453E-17,-0.5,-0.866025403784438));
#1008=DIRECTION('',(3.06161699786838E-17,0.866025403784438,-0.5));
#1009=ORIENTED_EDGE('',*,*,#1605,.T.);
#1010=ORIENTED_EDGE('',*,*,#1615,.F.);
#1011=ORIENTED_EDGE('',*,*,#1616,.T.);
#1012=ORIENTED_EDGE('',*,*,#1613,.T.);
#1013=CARTESIAN_POINT('',(21.6,-3.3,-10.0));
#1014=DIRECTION('',(0.0,-1.0,0.0));
#1015=DIRECTION('',(6.12323399573676E-17,0.0,-1.0));
#1016=ORIENTED_EDGE('',*,*,#1604,.T.);
#1017=ORIENTED_EDGE('',*,*,#1610,.F.);
#1018=ORIENTED_EDGE('',*,*,#1617,.F.);
#1019=ORIENTED_EDGE('',*,*,#1615,.T.);
#1020=CARTESIAN_POINT('',(21.6,-3.08349364905389,-9.625));
#1021=DIRECTION('',(-5.30287619362453E-17,-0.5,0.866025403784439));
#1022=DIRECTION('',(3.06161699786838E-17,-0.866025403784439,-0.5));
#1023=ORIENTED_EDGE('',*,*,#1543,.F.);
#1024=ORIENTED_EDGE('',*,*,#1612,.F.);
#1025=ORIENTED_EDGE('',*,*,#1614,.F.);
#1026=ORIENTED_EDGE('',*,*,#1616,.F.);
#1027=ORIENTED_EDGE('',*,*,#1617,.T.);
#1028=ORIENTED_EDGE('',*,*,#1609,.T.);
#1029=CARTESIAN_POINT('',(21.6,0.0332712196699223,-10.0));
#1030=DIRECTION('',(1.0,0.0,6.12323399573676E-17));
#1031=DIRECTION('',(6.12323399573676E-17,0.0,-1.0));
#1032=ORIENTED_EDGE('',*,*,#1473,.T.);
#1033=ORIENTED_EDGE('',*,*,#1558,.F.);
#1034=ORIENTED_EDGE('',*,*,#1474,.T.);
#1035=ORIENTED_EDGE('',*,*,#1618,.T.);
#1036=CARTESIAN_POINT('',(1.8,-0.7375,10.0));
#1037=DIRECTION('',(-0.0,1.0,0.0));
#1038=DIRECTION('',(1.0,0.0,0.0));
#1039=ORIENTED_EDGE('',*,*,#1469,.T.);
#1040=ORIENTED_EDGE('',*,*,#1618,.F.);
#1041=ORIENTED_EDGE('',*,*,#1471,.T.);
#1042=ORIENTED_EDGE('',*,*,#1619,.T.);
#1043=CARTESIAN_POINT('',(1.8,-3.2375,10.0));
#1044=DIRECTION('',(-0.0,1.0,-0.0));
#1045=DIRECTION('',(1.0,0.0,0.0));
#1046=ORIENTED_EDGE('',*,*,#1470,.F.);
#1047=ORIENTED_EDGE('',*,*,#1619,.F.);
#1048=CARTESIAN_POINT('',(1.8625,-3.3,10.0));
#1049=DIRECTION('',(-1.11022302462516E-16,-1.0,-0.0));
#1050=DIRECTION('',(-1.0,1.11022302462516E-16,0.0));
#1051=ORIENTED_EDGE('',*,*,#1466,.T.);
#1052=ORIENTED_EDGE('',*,*,#1559,.F.);
#1053=ORIENTED_EDGE('',*,*,#1467,.T.);
#1054=ORIENTED_EDGE('',*,*,#1620,.T.);
#1055=CARTESIAN_POINT('',(1.8,-0.7375,2.5));
#1056=DIRECTION('',(-0.0,1.0,0.0));
#1057=DIRECTION('',(1.0,0.0,0.0));
#1058=ORIENTED_EDGE('',*,*,#1462,.T.);
#1059=ORIENTED_EDGE('',*,*,#1620,.F.);
#1060=ORIENTED_EDGE('',*,*,#1464,.T.);
#1061=ORIENTED_EDGE('',*,*,#1621,.T.);
#1062=CARTESIAN_POINT('',(1.8,-3.2375,2.5));
#1063=DIRECTION('',(-0.0,1.0,-0.0));
#1064=DIRECTION('',(1.0,0.0,0.0));
#1065=ORIENTED_EDGE('',*,*,#1463,.F.);
#1066=ORIENTED_EDGE('',*,*,#1621,.F.);
#1067=CARTESIAN_POINT('',(1.8625,-3.3,2.5));
#1068=DIRECTION('',(-1.11022302462516E-16,-1.0,-0.0));
#1069=DIRECTION('',(-1.0,1.11022302462516E-16,0.0));
#1070=ORIENTED_EDGE('',*,*,#1459,.T.);
#1071=ORIENTED_EDGE('',*,*,#1560,.F.);
#1072=ORIENTED_EDGE('',*,*,#1460,.T.);
#1073=ORIENTED_EDGE('',*,*,#1622,.T.);
#1074=CARTESIAN_POINT('',(1.8,-0.7375,-2.5));
#1075=DIRECTION('',(-0.0,1.0,0.0));
#1076=DIRECTION('',(1.0,0.0,0.0));
#1077=ORIENTED_EDGE('',*,*,#1455,.T.);
#1078=ORIENTED_EDGE('',*,*,#1622,.F.);
#1079=ORIENTED_EDGE('',*,*,#1457,.T.);
#1080=ORIENTED_EDGE('',*,*,#1623,.T.);
#1081=CARTESIAN_POINT('',(1.8,-3.2375,-2.5));
#1082=DIRECTION('',(-0.0,1.0,-0.0));
#1083=DIRECTION('',(1.0,0.0,0.0));
#1084=ORIENTED_EDGE('',*,*,#1456,.F.);
#1085=ORIENTED_EDGE('',*,*,#1623,.F.);
#1086=CARTESIAN_POINT('',(1.8625,-3.3,-2.5));
#1087=DIRECTION('',(-1.11022302462516E-16,-1.0,-0.0));
#1088=DIRECTION('',(-1.0,1.11022302462516E-16,0.0));
#1089=ORIENTED_EDGE('',*,*,#1452,.T.);
#1090=ORIENTED_EDGE('',*,*,#1561,.F.);
#1091=ORIENTED_EDGE('',*,*,#1453,.T.);
#1092=ORIENTED_EDGE('',*,*,#1624,.T.);
#1093=CARTESIAN_POINT('',(1.8,-0.7375,-10.0));
#1094=DIRECTION('',(-0.0,1.0,0.0));
#1095=DIRECTION('',(1.0,0.0,0.0));
#1096=ORIENTED_EDGE('',*,*,#1448,.T.);
#1097=ORIENTED_EDGE('',*,*,#1624,.F.);
#1098=ORIENTED_EDGE('',*,*,#1450,.T.);
#1099=ORIENTED_EDGE('',*,*,#1625,.T.);
#1100=CARTESIAN_POINT('',(1.8,-3.2375,-10.0));
#1101=DIRECTION('',(-0.0,1.0,-0.0));
#1102=DIRECTION('',(1.0,0.0,0.0));
#1103=ORIENTED_EDGE('',*,*,#1449,.F.);
#1104=ORIENTED_EDGE('',*,*,#1625,.F.);
#1105=CARTESIAN_POINT('',(1.8625,-3.3,-10.0));
#1106=DIRECTION('',(-1.11022302462516E-16,-1.0,-0.0));
#1107=DIRECTION('',(-1.0,1.11022302462516E-16,0.0));
#1108=ORIENTED_EDGE('',*,*,#1553,.F.);
#1109=ORIENTED_EDGE('',*,*,#1602,.F.);
#1110=ORIENTED_EDGE('',*,*,#1626,.F.);
#1111=ORIENTED_EDGE('',*,*,#1627,.F.);
#1112=ORIENTED_EDGE('',*,*,#1539,.T.);
#1113=ORIENTED_EDGE('',*,*,#1628,.F.);
#1114=ORIENTED_EDGE('',*,*,#1629,.T.);
#1115=ORIENTED_EDGE('',*,*,#1630,.F.);
#1116=ORIENTED_EDGE('',*,*,#1527,.F.);
#1117=ORIENTED_EDGE('',*,*,#1631,.F.);
#1118=ORIENTED_EDGE('',*,*,#1632,.F.);
#1119=ORIENTED_EDGE('',*,*,#1633,.F.);
#1120=CARTESIAN_POINT('',(24.0,1.0,-13.8));
#1121=DIRECTION('',(1.0,0.0,0.0));
#1122=DIRECTION('',(0.0,1.0,0.0));
#1123=ORIENTED_EDGE('',*,*,#1538,.T.);
#1124=ORIENTED_EDGE('',*,*,#1634,.T.);
#1125=ORIENTED_EDGE('',*,*,#1635,.T.);
#1126=ORIENTED_EDGE('',*,*,#1636,.T.);
#1127=ORIENTED_EDGE('',*,*,#1534,.T.);
#1128=ORIENTED_EDGE('',*,*,#1637,.T.);
#1129=ORIENTED_EDGE('',*,*,#1638,.T.);
#1130=ORIENTED_EDGE('',*,*,#1628,.T.);
#1131=CARTESIAN_POINT('',(-2.4,0.85,-11.5));
#1132=DIRECTION('',(6.12323399573676E-17,0.0,-1.0));
#1133=DIRECTION('',(0.0,1.0,0.0));
#1134=ORIENTED_EDGE('',*,*,#1639,.T.);
#1135=ORIENTED_EDGE('',*,*,#1544,.T.);
#1136=ORIENTED_EDGE('',*,*,#1608,.T.);
#1137=ORIENTED_EDGE('',*,*,#1540,.T.);
#1138=ORIENTED_EDGE('',*,*,#1627,.T.);
#1139=ORIENTED_EDGE('',*,*,#1640,.T.);
#1140=CARTESIAN_POINT('',(-2.4,0.0,-9.5));
#1141=DIRECTION('',(1.0,0.0,6.12323399573676E-17));
#1142=DIRECTION('',(6.12323399573676E-17,0.0,-1.0));
#1143=ORIENTED_EDGE('',*,*,#1641,.T.);
#1144=ORIENTED_EDGE('',*,*,#1642,.T.);
#1145=ORIENTED_EDGE('',*,*,#1643,.T.);
#1146=ORIENTED_EDGE('',*,*,#1536,.F.);
#1147=CARTESIAN_POINT('',(-2.4,0.1,-11.0));
#1148=DIRECTION('',(-6.12323399573676E-17,0.0,1.0));
#1149=DIRECTION('',(0.0,-1.0,0.0));
#1150=ORIENTED_EDGE('',*,*,#1644,.T.);
#1151=ORIENTED_EDGE('',*,*,#1645,.T.);
#1152=ORIENTED_EDGE('',*,*,#1646,.T.);
#1153=ORIENTED_EDGE('',*,*,#1563,.T.);
#1154=CARTESIAN_POINT('',(-2.4,0.1,-1.0));
#1155=DIRECTION('',(6.12323399573676E-17,0.0,-1.0));
#1156=DIRECTION('',(0.0,1.0,0.0));
#1157=ORIENTED_EDGE('',*,*,#1647,.T.);
#1158=ORIENTED_EDGE('',*,*,#1648,.T.);
#1159=ORIENTED_EDGE('',*,*,#1649,.T.);
#1160=ORIENTED_EDGE('',*,*,#1565,.F.);
#1161=CARTESIAN_POINT('',(-2.4,0.1,-0.5));
#1162=DIRECTION('',(-6.12323399573676E-17,0.0,1.0));
#1163=DIRECTION('',(0.0,-1.0,0.0));
#1164=ORIENTED_EDGE('',*,*,#1507,.T.);
#1165=ORIENTED_EDGE('',*,*,#1554,.T.);
#1166=ORIENTED_EDGE('',*,*,#1633,.T.);
#1167=ORIENTED_EDGE('',*,*,#1650,.T.);
#1168=CARTESIAN_POINT('',(-2.4,0.0,2.5));
#1169=DIRECTION('',(1.0,0.0,6.12323399573676E-17));
#1170=DIRECTION('',(6.12323399573676E-17,0.0,-1.0));
#1171=ORIENTED_EDGE('',*,*,#1651,.T.);
#1172=ORIENTED_EDGE('',*,*,#1652,.T.);
#1173=ORIENTED_EDGE('',*,*,#1653,.T.);
#1174=ORIENTED_EDGE('',*,*,#1568,.F.);
#1175=CARTESIAN_POINT('',(-2.4,0.1,1.0));
#1176=DIRECTION('',(-6.12323399573676E-17,2.22044604925031E-15,1.0));
#1177=DIRECTION('',(-1.35963107344689E-31,-1.0,2.22044604925031E-15));
#1178=ORIENTED_EDGE('',*,*,#1654,.T.);
#1179=ORIENTED_EDGE('',*,*,#1655,.T.);
#1180=ORIENTED_EDGE('',*,*,#1656,.T.);
#1181=ORIENTED_EDGE('',*,*,#1530,.T.);
#1182=CARTESIAN_POINT('',(-2.4,0.1,11.0));
#1183=DIRECTION('',(6.12323399573676E-17,0.0,-1.0));
#1184=DIRECTION('',(0.0,1.0,0.0));
#1185=ORIENTED_EDGE('',*,*,#1657,.T.);
#1186=ORIENTED_EDGE('',*,*,#1658,.F.);
#1187=ORIENTED_EDGE('',*,*,#1659,.T.);
#1188=ORIENTED_EDGE('',*,*,#1660,.T.);
#1189=CARTESIAN_POINT('',(-4.8,2.0,11.4));
#1190=DIRECTION('',(-6.12323399573676E-17,0.0,1.0));
#1191=DIRECTION('',(0.0,-1.0,0.0));
#1192=ORIENTED_EDGE('',*,*,#1661,.T.);
#1193=ORIENTED_EDGE('',*,*,#1662,.F.);
#1194=ORIENTED_EDGE('',*,*,#1663,.T.);
#1195=ORIENTED_EDGE('',*,*,#1664,.T.);
#1196=CARTESIAN_POINT('',(-4.8,14.3,11.5));
#1197=DIRECTION('',(-6.12323399573676E-17,0.0,1.0));
#1198=DIRECTION('',(0.0,-1.0,0.0));
#1199=ORIENTED_EDGE('',*,*,#1665,.T.);
#1200=ORIENTED_EDGE('',*,*,#1666,.F.);
#1201=ORIENTED_EDGE('',*,*,#1667,.T.);
#1202=ORIENTED_EDGE('',*,*,#1662,.T.);
#1203=CARTESIAN_POINT('',(-4.8,26.5,11.0));
#1204=DIRECTION('',(1.0,0.0,6.12323399573676E-17));
#1205=DIRECTION('',(6.12323399573676E-17,0.0,-1.0));
#1206=ORIENTED_EDGE('',*,*,#1668,.T.);
#1207=ORIENTED_EDGE('',*,*,#1566,.T.);
#1208=ORIENTED_EDGE('',*,*,#1669,.T.);
#1209=ORIENTED_EDGE('',*,*,#1670,.T.);
#1210=CARTESIAN_POINT('',(-2.4,0.1,0.5));
#1211=DIRECTION('',(6.12323399573676E-17,1.38777878078145E-16,-1.0));
#1212=DIRECTION('',(-8.49769420904307E-33,1.0,1.38777878078145E-16));
#1213=ORIENTED_EDGE('',*,*,#1631,.T.);
#1214=ORIENTED_EDGE('',*,*,#1526,.F.);
#1215=ORIENTED_EDGE('',*,*,#1491,.F.);
#1216=ORIENTED_EDGE('',*,*,#1557,.F.);
#1217=ORIENTED_EDGE('',*,*,#1671,.T.);
#1218=ORIENTED_EDGE('',*,*,#1672,.T.);
#1219=CARTESIAN_POINT('',(-2.4,0.0,9.5));
#1220=DIRECTION('',(1.0,0.0,6.12323399573676E-17));
#1221=DIRECTION('',(6.12323399573676E-17,0.0,-1.0));
#1222=ORIENTED_EDGE('',*,*,#1528,.T.);
#1223=ORIENTED_EDGE('',*,*,#1630,.T.);
#1224=ORIENTED_EDGE('',*,*,#1673,.T.);
#1225=ORIENTED_EDGE('',*,*,#1674,.T.);
#1226=ORIENTED_EDGE('',*,*,#1532,.T.);
#1227=ORIENTED_EDGE('',*,*,#1675,.T.);
#1228=ORIENTED_EDGE('',*,*,#1676,.T.);
#1229=ORIENTED_EDGE('',*,*,#1677,.T.);
#1230=CARTESIAN_POINT('',(-2.4,0.85,11.5));
#1231=DIRECTION('',(-6.12323399573676E-17,0.0,1.0));
#1232=DIRECTION('',(0.0,-1.0,0.0));
#1233=ORIENTED_EDGE('',*,*,#1678,.T.);
#1234=ORIENTED_EDGE('',*,*,#1679,.T.);
#1235=ORIENTED_EDGE('',*,*,#1680,.T.);
#1236=ORIENTED_EDGE('',*,*,#1681,.T.);
#1237=CARTESIAN_POINT('',(-4.8,2.0,-11.4));
#1238=DIRECTION('',(6.12323399573676E-17,0.0,-1.0));
#1239=DIRECTION('',(0.0,1.0,0.0));
#1240=ORIENTED_EDGE('',*,*,#1682,.T.);
#1241=ORIENTED_EDGE('',*,*,#1683,.F.);
#1242=ORIENTED_EDGE('',*,*,#1684,.T.);
#1243=ORIENTED_EDGE('',*,*,#1685,.T.);
#1244=CARTESIAN_POINT('',(-4.8,26.5,-11.0));
#1245=DIRECTION('',(1.0,0.0,6.12323399573676E-17));
#1246=DIRECTION('',(6.12323399573676E-17,0.0,-1.0));
#1247=ORIENTED_EDGE('',*,*,#1686,.T.);
#1248=ORIENTED_EDGE('',*,*,#1687,.T.);
#1249=ORIENTED_EDGE('',*,*,#1688,.T.);
#1250=ORIENTED_EDGE('',*,*,#1683,.T.);
#1251=CARTESIAN_POINT('',(-4.8,14.3,-11.5));
#1252=DIRECTION('',(6.12323399573676E-17,0.0,-1.0));
#1253=DIRECTION('',(0.0,1.0,0.0));
#1254=ORIENTED_EDGE('',*,*,#1650,.F.);
#1255=ORIENTED_EDGE('',*,*,#1632,.T.);
#1256=ORIENTED_EDGE('',*,*,#1672,.F.);
#1257=ORIENTED_EDGE('',*,*,#1689,.F.);
#1258=ORIENTED_EDGE('',*,*,#1570,.F.);
#1259=ORIENTED_EDGE('',*,*,#1522,.F.);
#1260=CARTESIAN_POINT('',(20.0,0.0,-13.8));
#1261=DIRECTION('',(0.0,-1.0,0.0));
#1262=DIRECTION('',(1.0,0.0,0.0));
#1263=ORIENTED_EDGE('',*,*,#1640,.F.);
#1264=ORIENTED_EDGE('',*,*,#1626,.T.);
#1265=ORIENTED_EDGE('',*,*,#1601,.F.);
#1266=ORIENTED_EDGE('',*,*,#1585,.F.);
#1267=ORIENTED_EDGE('',*,*,#1600,.F.);
#1268=ORIENTED_EDGE('',*,*,#1690,.F.);
#1269=CARTESIAN_POINT('',(20.0,0.0,-13.8));
#1270=DIRECTION('',(0.0,-1.0,0.0));
#1271=DIRECTION('',(1.0,0.0,0.0));
#1272=ORIENTED_EDGE('',*,*,#1571,.F.);
#1273=ORIENTED_EDGE('',*,*,#1689,.T.);
#1274=ORIENTED_EDGE('',*,*,#1671,.F.);
#1275=ORIENTED_EDGE('',*,*,#1556,.F.);
#1276=CARTESIAN_POINT('',(16.0,0.25,-13.8));
#1277=DIRECTION('',(-1.0,-0.0,0.0));
#1278=DIRECTION('',(0.0,-1.0,-0.0));
#1279=ORIENTED_EDGE('',*,*,#1654,.F.);
#1280=ORIENTED_EDGE('',*,*,#1529,.T.);
#1281=ORIENTED_EDGE('',*,*,#1677,.F.);
#1282=ORIENTED_EDGE('',*,*,#1691,.F.);
#1283=CARTESIAN_POINT('',(6.5,0.0,-13.8));
#1284=DIRECTION('',(0.0,0.0,1.0));
#1285=DIRECTION('',(1.0,0.0,0.0));
#1286=ORIENTED_EDGE('',*,*,#1669,.F.);
#1287=ORIENTED_EDGE('',*,*,#1569,.T.);
#1288=ORIENTED_EDGE('',*,*,#1653,.F.);
#1289=ORIENTED_EDGE('',*,*,#1692,.F.);
#1290=CARTESIAN_POINT('',(6.5,0.0,-13.8));
#1291=DIRECTION('',(0.0,0.0,1.0));
#1292=DIRECTION('',(1.0,0.0,0.0));
#1293=ORIENTED_EDGE('',*,*,#1644,.F.);
#1294=ORIENTED_EDGE('',*,*,#1562,.T.);
#1295=ORIENTED_EDGE('',*,*,#1649,.F.);
#1296=ORIENTED_EDGE('',*,*,#1693,.F.);
#1297=CARTESIAN_POINT('',(6.5,0.0,-13.8));
#1298=DIRECTION('',(0.0,0.0,1.0));
#1299=DIRECTION('',(1.0,0.0,0.0));
#1300=ORIENTED_EDGE('',*,*,#1643,.F.);
#1301=ORIENTED_EDGE('',*,*,#1694,.F.);
#1302=ORIENTED_EDGE('',*,*,#1634,.F.);
#1303=ORIENTED_EDGE('',*,*,#1537,.T.);
#1304=CARTESIAN_POINT('',(6.5,0.0,-13.8));
#1305=DIRECTION('',(0.0,0.0,1.0));
#1306=DIRECTION('',(1.0,0.0,0.0));
#1307=ORIENTED_EDGE('',*,*,#1655,.F.);
#1308=ORIENTED_EDGE('',*,*,#1691,.T.);
#1309=ORIENTED_EDGE('',*,*,#1676,.F.);
#1310=ORIENTED_EDGE('',*,*,#1695,.F.);
#1311=CARTESIAN_POINT('',(4.5,0.0,-13.8));
#1312=DIRECTION('',(0.0,-1.0,0.0));
#1313=DIRECTION('',(1.0,0.0,0.0));
#1314=ORIENTED_EDGE('',*,*,#1670,.F.);
#1315=ORIENTED_EDGE('',*,*,#1692,.T.);
#1316=ORIENTED_EDGE('',*,*,#1652,.F.);
#1317=ORIENTED_EDGE('',*,*,#1696,.F.);
#1318=CARTESIAN_POINT('',(4.5,0.0,-13.8));
#1319=DIRECTION('',(0.0,-1.0,0.0));
#1320=DIRECTION('',(1.0,0.0,0.0));
#1321=ORIENTED_EDGE('',*,*,#1645,.F.);
#1322=ORIENTED_EDGE('',*,*,#1693,.T.);
#1323=ORIENTED_EDGE('',*,*,#1648,.F.);
#1324=ORIENTED_EDGE('',*,*,#1697,.F.);
#1325=CARTESIAN_POINT('',(4.5,0.0,-13.8));
#1326=DIRECTION('',(0.0,-1.0,0.0));
#1327=DIRECTION('',(1.0,0.0,0.0));
#1328=ORIENTED_EDGE('',*,*,#1642,.F.);
#1329=ORIENTED_EDGE('',*,*,#1698,.F.);
#1330=ORIENTED_EDGE('',*,*,#1635,.F.);
#1331=ORIENTED_EDGE('',*,*,#1694,.T.);
#1332=CARTESIAN_POINT('',(4.5,0.0,-13.8));
#1333=DIRECTION('',(0.0,-1.0,0.0));
#1334=DIRECTION('',(1.0,0.0,0.0));
#1335=ORIENTED_EDGE('',*,*,#1656,.F.);
#1336=ORIENTED_EDGE('',*,*,#1695,.T.);
#1337=ORIENTED_EDGE('',*,*,#1675,.F.);
#1338=ORIENTED_EDGE('',*,*,#1531,.F.);
#1339=CARTESIAN_POINT('',(2.5,-1.83690953073357E-16,-13.8));
#1340=DIRECTION('',(0.0,0.0,1.0));
#1341=DIRECTION('',(1.0,0.0,0.0));
#1342=ORIENTED_EDGE('',*,*,#1668,.F.);
#1343=ORIENTED_EDGE('',*,*,#1696,.T.);
#1344=ORIENTED_EDGE('',*,*,#1651,.F.);
#1345=ORIENTED_EDGE('',*,*,#1567,.F.);
#1346=CARTESIAN_POINT('',(2.5,-1.83690953073357E-16,-13.8));
#1347=DIRECTION('',(0.0,0.0,1.0));
#1348=DIRECTION('',(1.0,0.0,0.0));
#1349=ORIENTED_EDGE('',*,*,#1646,.F.);
#1350=ORIENTED_EDGE('',*,*,#1697,.T.);
#1351=ORIENTED_EDGE('',*,*,#1647,.F.);
#1352=ORIENTED_EDGE('',*,*,#1564,.F.);
#1353=CARTESIAN_POINT('',(2.5,-1.83690953073357E-16,-13.8));
#1354=DIRECTION('',(0.0,0.0,1.0));
#1355=DIRECTION('',(1.0,0.0,0.0));
#1356=ORIENTED_EDGE('',*,*,#1641,.F.);
#1357=ORIENTED_EDGE('',*,*,#1535,.F.);
#1358=ORIENTED_EDGE('',*,*,#1636,.F.);
#1359=ORIENTED_EDGE('',*,*,#1698,.T.);
#1360=CARTESIAN_POINT('',(2.5,-1.83690953073357E-16,-13.8));
#1361=DIRECTION('',(0.0,0.0,1.0));
#1362=DIRECTION('',(1.0,0.0,0.0));
#1363=ORIENTED_EDGE('',*,*,#1658,.T.);
#1364=ORIENTED_EDGE('',*,*,#1699,.F.);
#1365=ORIENTED_EDGE('',*,*,#1681,.F.);
#1366=ORIENTED_EDGE('',*,*,#1700,.T.);
#1367=ORIENTED_EDGE('',*,*,#1664,.F.);
#1368=ORIENTED_EDGE('',*,*,#1701,.F.);
#1369=ORIENTED_EDGE('',*,*,#1687,.F.);
#1370=ORIENTED_EDGE('',*,*,#1702,.T.);
#1371=CARTESIAN_POINT('',(23.95,2.1,-16.1));
#1372=DIRECTION('',(0.0,-1.0,0.0));
#1373=DIRECTION('',(1.0,0.0,0.0));
#1374=ORIENTED_EDGE('',*,*,#1674,.F.);
#1375=ORIENTED_EDGE('',*,*,#1703,.F.);
#1376=ORIENTED_EDGE('',*,*,#1637,.F.);
#1377=ORIENTED_EDGE('',*,*,#1533,.T.);
#1378=CARTESIAN_POINT('',(0.0,1.25,-13.8));
#1379=DIRECTION('',(-1.0,-0.0,0.0));
#1380=DIRECTION('',(0.0,-1.0,-0.0));
#1381=ORIENTED_EDGE('',*,*,#1667,.F.);
#1382=ORIENTED_EDGE('',*,*,#1704,.F.);
#1383=ORIENTED_EDGE('',*,*,#1684,.F.);
#1384=ORIENTED_EDGE('',*,*,#1705,.T.);
#1385=CARTESIAN_POINT('',(0.5,26.5,-16.1));
#1386=DIRECTION('',(0.0,0.0,1.0));
#1387=DIRECTION('',(1.0,0.0,0.0));
#1388=ORIENTED_EDGE('',*,*,#1659,.F.);
#1389=ORIENTED_EDGE('',*,*,#1700,.F.);
#1390=ORIENTED_EDGE('',*,*,#1680,.F.);
#1391=ORIENTED_EDGE('',*,*,#1706,.T.);
#1392=CARTESIAN_POINT('',(0.1,2.0,-16.1));
#1393=DIRECTION('',(-1.0,-0.0,0.0));
#1394=DIRECTION('',(0.0,-1.0,-0.0));
#1395=ORIENTED_EDGE('',*,*,#1663,.F.);
#1396=ORIENTED_EDGE('',*,*,#1705,.F.);
#1397=ORIENTED_EDGE('',*,*,#1688,.F.);
#1398=ORIENTED_EDGE('',*,*,#1701,.T.);
#1399=CARTESIAN_POINT('',(0.0,14.3,-16.1));
#1400=DIRECTION('',(-1.0,-0.0,0.0));
#1401=DIRECTION('',(0.0,-1.0,-0.0));
#1402=ORIENTED_EDGE('',*,*,#1673,.F.);
#1403=ORIENTED_EDGE('',*,*,#1629,.F.);
#1404=ORIENTED_EDGE('',*,*,#1638,.F.);
#1405=ORIENTED_EDGE('',*,*,#1703,.T.);
#1406=ORIENTED_EDGE('',*,*,#1707,.F.);
#1407=ORIENTED_EDGE('',*,*,#1660,.F.);
#1408=ORIENTED_EDGE('',*,*,#1706,.F.);
#1409=ORIENTED_EDGE('',*,*,#1679,.F.);
#1410=CARTESIAN_POINT('',(12.0,2.0,-13.8));
#1411=DIRECTION('',(-9.25185853854297E-18,1.0,0.0));
#1412=DIRECTION('',(-1.0,-9.25185853854297E-18,-0.0));
#1413=ORIENTED_EDGE('',*,*,#1639,.F.);
#1414=ORIENTED_EDGE('',*,*,#1690,.T.);
#1415=ORIENTED_EDGE('',*,*,#1599,.F.);
#1416=ORIENTED_EDGE('',*,*,#1545,.F.);
#1417=CARTESIAN_POINT('',(16.0,0.25,-13.8));
#1418=DIRECTION('',(-1.0,-0.0,0.0));
#1419=DIRECTION('',(0.0,-1.0,-0.0));
#1420=ORIENTED_EDGE('',*,*,#1657,.F.);
#1421=ORIENTED_EDGE('',*,*,#1707,.T.);
#1422=ORIENTED_EDGE('',*,*,#1678,.F.);
#1423=ORIENTED_EDGE('',*,*,#1699,.T.);
#1424=CARTESIAN_POINT('',(23.9,2.0,-16.1));
#1425=DIRECTION('',(1.0,-1.77635683940025E-14,0.0));
#1426=DIRECTION('',(1.77635683940025E-14,1.0,0.0));
#1427=ORIENTED_EDGE('',*,*,#1666,.T.);
#1428=ORIENTED_EDGE('',*,*,#1708,.F.);
#1429=ORIENTED_EDGE('',*,*,#1685,.F.);
#1430=ORIENTED_EDGE('',*,*,#1704,.T.);
#1431=CARTESIAN_POINT('',(12.0,27.0,-16.1));
#1432=DIRECTION('',(0.0,1.0,0.0));
#1433=DIRECTION('',(-1.0,0.0,0.0));
#1434=ORIENTED_EDGE('',*,*,#1665,.F.);
#1435=ORIENTED_EDGE('',*,*,#1709,.F.);
#1436=ORIENTED_EDGE('',*,*,#1682,.F.);
#1437=ORIENTED_EDGE('',*,*,#1708,.T.);
#1438=CARTESIAN_POINT('',(23.5,26.5,-16.1));
#1439=DIRECTION('',(0.0,0.0,1.0));
#1440=DIRECTION('',(1.0,0.0,0.0));
#1441=ORIENTED_EDGE('',*,*,#1661,.F.);
#1442=ORIENTED_EDGE('',*,*,#1702,.F.);
#1443=ORIENTED_EDGE('',*,*,#1686,.F.);
#1444=ORIENTED_EDGE('',*,*,#1709,.T.);
#1445=CARTESIAN_POINT('',(24.0,14.3,-16.1));
#1446=DIRECTION('',(1.0,0.0,0.0));
#1447=DIRECTION('',(0.0,1.0,0.0));
#1448=EDGE_CURVE('',#1710,#1711,#1712,.T.);
#1449=EDGE_CURVE('',#1710,#1713,#1714,.T.);
#1450=EDGE_CURVE('',#1715,#1713,#1716,.T.);
#1451=EDGE_CURVE('',#1711,#1715,#1717,.T.);
#1452=EDGE_CURVE('',#1711,#1718,#1719,.T.);
#1453=EDGE_CURVE('',#1720,#1715,#1721,.T.);
#1454=EDGE_CURVE('',#1718,#1720,#1722,.T.);
#1455=EDGE_CURVE('',#1723,#1724,#1725,.T.);
#1456=EDGE_CURVE('',#1723,#1726,#1727,.T.);
#1457=EDGE_CURVE('',#1728,#1726,#1729,.T.);
#1458=EDGE_CURVE('',#1724,#1728,#1730,.T.);
#1459=EDGE_CURVE('',#1724,#1731,#1732,.T.);
#1460=EDGE_CURVE('',#1733,#1728,#1734,.T.);
#1461=EDGE_CURVE('',#1731,#1733,#1735,.T.);
#1462=EDGE_CURVE('',#1736,#1737,#1738,.T.);
#1463=EDGE_CURVE('',#1736,#1739,#1740,.T.);
#1464=EDGE_CURVE('',#1741,#1739,#1742,.T.);
#1465=EDGE_CURVE('',#1737,#1741,#1743,.T.);
#1466=EDGE_CURVE('',#1737,#1744,#1745,.T.);
#1467=EDGE_CURVE('',#1746,#1741,#1747,.T.);
#1468=EDGE_CURVE('',#1744,#1746,#1748,.T.);
#1469=EDGE_CURVE('',#1749,#1750,#1751,.T.);
#1470=EDGE_CURVE('',#1749,#1752,#1753,.T.);
#1471=EDGE_CURVE('',#1754,#1752,#1755,.T.);
#1472=EDGE_CURVE('',#1750,#1754,#1756,.T.);
#1473=EDGE_CURVE('',#1750,#1757,#1758,.T.);
#1474=EDGE_CURVE('',#1759,#1754,#1760,.T.);
#1475=EDGE_CURVE('',#1757,#1759,#1761,.T.);
#1476=EDGE_CURVE('',#1762,#1763,#1764,.T.);
#1477=EDGE_CURVE('',#1765,#1762,#1766,.T.);
#1478=EDGE_CURVE('',#1767,#1765,#1768,.T.);
#1479=EDGE_CURVE('',#1763,#1767,#1769,.T.);
#1480=EDGE_CURVE('',#1770,#1762,#1771,.T.);
#1481=EDGE_CURVE('',#1772,#1770,#1773,.T.);
#1482=EDGE_CURVE('',#1772,#1765,#1774,.T.);
#1483=EDGE_CURVE('',#1775,#1776,#1777,.T.);
#1484=EDGE_CURVE('',#1778,#1775,#1779,.T.);
#1485=EDGE_CURVE('',#1778,#1780,#1781,.T.);
#1486=EDGE_CURVE('',#1780,#1776,#1782,.T.);
#1487=EDGE_CURVE('',#1763,#1783,#1784,.T.);
#1488=EDGE_CURVE('',#1785,#1767,#1786,.T.);
#1489=EDGE_CURVE('',#1783,#1785,#1787,.T.);
#1490=EDGE_CURVE('',#1785,#1772,#1788,.T.);
#1491=EDGE_CURVE('',#1789,#1790,#1791,.T.);
#1492=EDGE_CURVE('',#1790,#1792,#1793,.T.);
#1493=EDGE_CURVE('',#1794,#1792,#1795,.T.);
#1494=EDGE_CURVE('',#1794,#1789,#1796,.T.);
#1495=EDGE_CURVE('',#1792,#1797,#1798,.T.);
#1496=EDGE_CURVE('',#1799,#1797,#1800,.T.);
#1497=EDGE_CURVE('',#1799,#1794,#1801,.T.);
#1498=EDGE_CURVE('',#1797,#1802,#1803,.T.);
#1499=EDGE_CURVE('',#1804,#1802,#1805,.T.);
#1500=EDGE_CURVE('',#1804,#1799,#1806,.T.);
#1501=EDGE_CURVE('',#1802,#1780,#1807,.T.);
#1502=EDGE_CURVE('',#1804,#1778,#1808,.T.);
#1503=EDGE_CURVE('',#1783,#1790,#1809,.T.);
#1504=EDGE_CURVE('',#1776,#1770,#1810,.T.);
#1505=EDGE_CURVE('',#1789,#1775,#1811,.T.);
#1506=EDGE_CURVE('',#1812,#1813,#1814,.T.);
#1507=EDGE_CURVE('',#1815,#1812,#1816,.T.);
#1508=EDGE_CURVE('',#1817,#1815,#1818,.T.);
#1509=EDGE_CURVE('',#1819,#1817,#1820,.T.);
#1510=EDGE_CURVE('',#1821,#1819,#1822,.T.);
#1511=EDGE_CURVE('',#1823,#1821,#1824,.T.);
#1512=EDGE_CURVE('',#1813,#1823,#1825,.T.);
#1513=EDGE_CURVE('',#1813,#1826,#1827,.T.);
#1514=EDGE_CURVE('',#1828,#1823,#1829,.T.);
#1515=EDGE_CURVE('',#1828,#1826,#1830,.T.);
#1516=EDGE_CURVE('',#1831,#1821,#1832,.T.);
#1517=EDGE_CURVE('',#1831,#1828,#1833,.T.);
#1518=EDGE_CURVE('',#1834,#1819,#1835,.T.);
#1519=EDGE_CURVE('',#1834,#1831,#1836,.T.);
#1520=EDGE_CURVE('',#1837,#1817,#1838,.T.);
#1521=EDGE_CURVE('',#1834,#1837,#1839,.T.);
#1522=EDGE_CURVE('',#1815,#1840,#1841,.T.);
#1523=EDGE_CURVE('',#1837,#1840,#1842,.T.);
#1524=EDGE_CURVE('',#1826,#1843,#1844,.T.);
#1525=EDGE_CURVE('',#1843,#1840,#1845,.T.);
#1526=EDGE_CURVE('',#1790,#1846,#1847,.T.);
#1527=EDGE_CURVE('',#1846,#1848,#1849,.T.);
#1528=EDGE_CURVE('',#1850,#1848,#1851,.T.);
#1529=EDGE_CURVE('',#1852,#1850,#1853,.T.);
#1530=EDGE_CURVE('',#1854,#1852,#1855,.T.);
#1531=EDGE_CURVE('',#1854,#1856,#1857,.T.);
#1532=EDGE_CURVE('',#1858,#1856,#1859,.T.);
#1533=EDGE_CURVE('',#1860,#1858,#1861,.T.);
#1534=EDGE_CURVE('',#1862,#1860,#1863,.T.);
#1535=EDGE_CURVE('',#1862,#1864,#1865,.T.);
#1536=EDGE_CURVE('',#1864,#1866,#1867,.T.);
#1537=EDGE_CURVE('',#1868,#1866,#1869,.T.);
#1538=EDGE_CURVE('',#1870,#1868,#1871,.T.);
#1539=EDGE_CURVE('',#1872,#1870,#1873,.T.);
#1540=EDGE_CURVE('',#1874,#1872,#1875,.T.);
#1541=EDGE_CURVE('',#1874,#1876,#1877,.T.);
#1542=EDGE_CURVE('',#1876,#1878,#1879,.T.);
#1543=EDGE_CURVE('',#1878,#1880,#1881,.T.);
#1544=EDGE_CURVE('',#1882,#1880,#1883,.T.);
#1545=EDGE_CURVE('',#1882,#1884,#1885,.T.);
#1546=EDGE_CURVE('',#1884,#1886,#1887,.T.);
#1547=EDGE_CURVE('',#1886,#1888,#1889,.T.);
#1548=EDGE_CURVE('',#1888,#1890,#1891,.T.);
#1549=EDGE_CURVE('',#1890,#1892,#1893,.T.);
#1550=EDGE_CURVE('',#1892,#1894,#1895,.T.);
#1551=EDGE_CURVE('',#1894,#1896,#1897,.T.);
#1552=EDGE_CURVE('',#1896,#1898,#1899,.T.);
#1553=EDGE_CURVE('',#1898,#1900,#1901,.T.);
#1554=EDGE_CURVE('',#1812,#1900,#1902,.T.);
#1555=EDGE_CURVE('',#1903,#1843,#1904,.T.);
#1556=EDGE_CURVE('',#1903,#1905,#1906,.T.);
#1557=EDGE_CURVE('',#1905,#1789,#1907,.T.);
#1558=EDGE_CURVE('',#1759,#1757,#1908,.T.);
#1559=EDGE_CURVE('',#1746,#1744,#1909,.T.);
#1560=EDGE_CURVE('',#1733,#1731,#1910,.T.);
#1561=EDGE_CURVE('',#1720,#1718,#1911,.T.);
#1562=EDGE_CURVE('',#1912,#1913,#1914,.T.);
#1563=EDGE_CURVE('',#1915,#1912,#1916,.T.);
#1564=EDGE_CURVE('',#1915,#1917,#1918,.T.);
#1565=EDGE_CURVE('',#1917,#1913,#1919,.T.);
#1566=EDGE_CURVE('',#1920,#1921,#1922,.T.);
#1567=EDGE_CURVE('',#1920,#1923,#1924,.T.);
#1568=EDGE_CURVE('',#1923,#1925,#1926,.T.);
#1569=EDGE_CURVE('',#1921,#1925,#1927,.T.);
#1570=EDGE_CURVE('',#1840,#1928,#1929,.T.);
#1571=EDGE_CURVE('',#1928,#1903,#1930,.T.);
#1572=EDGE_CURVE('',#1896,#1931,#1932,.T.);
#1573=EDGE_CURVE('',#1933,#1894,#1934,.T.);
#1574=EDGE_CURVE('',#1935,#1933,#1936,.T.);
#1575=EDGE_CURVE('',#1931,#1935,#1937,.T.);
#1576=EDGE_CURVE('',#1938,#1892,#1939,.T.);
#1577=EDGE_CURVE('',#1938,#1933,#1940,.T.);
#1578=EDGE_CURVE('',#1941,#1888,#1942,.T.);
#1579=EDGE_CURVE('',#1941,#1943,#1944,.T.);
#1580=EDGE_CURVE('',#1943,#1890,#1945,.T.);
#1581=EDGE_CURVE('',#1931,#1946,#1947,.T.);
#1582=EDGE_CURVE('',#1948,#1935,#1949,.T.);
#1583=EDGE_CURVE('',#1946,#1948,#1950,.T.);
#1584=EDGE_CURVE('',#1948,#1938,#1951,.T.);
#1585=EDGE_CURVE('',#1952,#1953,#1954,.T.);
#1586=EDGE_CURVE('',#1953,#1955,#1956,.T.);
#1587=EDGE_CURVE('',#1957,#1955,#1958,.T.);
#1588=EDGE_CURVE('',#1957,#1952,#1959,.T.);
#1589=EDGE_CURVE('',#1955,#1960,#1961,.T.);
#1590=EDGE_CURVE('',#1962,#1960,#1963,.T.);
#1591=EDGE_CURVE('',#1962,#1957,#1964,.T.);
#1592=EDGE_CURVE('',#1960,#1965,#1966,.T.);
#1593=EDGE_CURVE('',#1967,#1965,#1968,.T.);
#1594=EDGE_CURVE('',#1967,#1962,#1969,.T.);
#1595=EDGE_CURVE('',#1965,#1943,#1970,.T.);
#1596=EDGE_CURVE('',#1967,#1941,#1971,.T.);
#1597=EDGE_CURVE('',#1946,#1953,#1972,.T.);
#1598=EDGE_CURVE('',#1952,#1886,#1973,.T.);
#1599=EDGE_CURVE('',#1884,#1974,#1975,.T.);
#1600=EDGE_CURVE('',#1974,#1952,#1976,.T.);
#1601=EDGE_CURVE('',#1953,#1977,#1978,.T.);
#1602=EDGE_CURVE('',#1977,#1898,#1979,.T.);
#1603=EDGE_CURVE('',#1980,#1874,#1981,.T.);
#1604=EDGE_CURVE('',#1982,#1980,#1983,.T.);
#1605=EDGE_CURVE('',#1984,#1982,#1985,.T.);
#1606=EDGE_CURVE('',#1986,#1984,#1987,.T.);
#1607=EDGE_CURVE('',#1876,#1986,#1988,.T.);
#1608=EDGE_CURVE('',#1880,#1874,#1989,.T.);
#1609=EDGE_CURVE('',#1990,#1880,#1991,.T.);
#1610=EDGE_CURVE('',#1990,#1980,#1992,.T.);
#1611=EDGE_CURVE('',#1993,#1986,#1994,.T.);
#1612=EDGE_CURVE('',#1993,#1878,#1995,.T.);
#1613=EDGE_CURVE('',#1996,#1984,#1997,.T.);
#1614=EDGE_CURVE('',#1996,#1993,#1998,.T.);
#1615=EDGE_CURVE('',#1999,#1982,#2000,.T.);
#1616=EDGE_CURVE('',#1999,#1996,#2001,.T.);
#1617=EDGE_CURVE('',#1999,#1990,#2002,.T.);
#1618=EDGE_CURVE('',#1754,#1750,#2003,.T.);
#1619=EDGE_CURVE('',#1752,#1749,#2004,.T.);
#1620=EDGE_CURVE('',#1741,#1737,#2005,.T.);
#1621=EDGE_CURVE('',#1739,#1736,#2006,.T.);
#1622=EDGE_CURVE('',#1728,#1724,#2007,.T.);
#1623=EDGE_CURVE('',#1726,#1723,#2008,.T.);
#1624=EDGE_CURVE('',#1715,#1711,#2009,.T.);
#1625=EDGE_CURVE('',#1713,#1710,#2010,.T.);
#1626=EDGE_CURVE('',#2011,#1977,#2012,.T.);
#1627=EDGE_CURVE('',#1872,#2011,#2013,.T.);
#1628=EDGE_CURVE('',#2014,#1870,#2015,.T.);
#1629=EDGE_CURVE('',#2014,#2016,#2017,.T.);
#1630=EDGE_CURVE('',#1848,#2016,#2018,.T.);
#1631=EDGE_CURVE('',#2019,#1846,#2020,.T.);
#1632=EDGE_CURVE('',#2021,#2019,#2022,.T.);
#1633=EDGE_CURVE('',#1900,#2021,#2023,.T.);
#1634=EDGE_CURVE('',#1868,#2024,#2025,.T.);
#1635=EDGE_CURVE('',#2024,#2026,#2027,.T.);
#1636=EDGE_CURVE('',#2026,#1862,#2028,.T.);
#1637=EDGE_CURVE('',#1860,#2029,#2030,.T.);
#1638=EDGE_CURVE('',#2029,#2014,#2031,.T.);
#1639=EDGE_CURVE('',#2032,#1882,#2033,.T.);
#1640=EDGE_CURVE('',#2011,#2032,#2034,.T.);
#1641=EDGE_CURVE('',#1864,#2035,#2036,.T.);
#1642=EDGE_CURVE('',#2035,#2037,#2038,.T.);
#1643=EDGE_CURVE('',#2037,#1866,#2039,.T.);
#1644=EDGE_CURVE('',#1912,#2040,#2041,.T.);
#1645=EDGE_CURVE('',#2040,#2042,#2043,.T.);
#1646=EDGE_CURVE('',#2042,#1915,#2044,.T.);
#1647=EDGE_CURVE('',#1917,#2045,#2046,.T.);
#1648=EDGE_CURVE('',#2045,#2047,#2048,.T.);
#1649=EDGE_CURVE('',#2047,#1913,#2049,.T.);
#1650=EDGE_CURVE('',#2021,#1815,#2050,.T.);
#1651=EDGE_CURVE('',#1923,#2051,#2052,.T.);
#1652=EDGE_CURVE('',#2051,#2053,#2054,.T.);
#1653=EDGE_CURVE('',#2053,#1925,#2055,.T.);
#1654=EDGE_CURVE('',#1852,#2056,#2057,.T.);
#1655=EDGE_CURVE('',#2056,#2058,#2059,.T.);
#1656=EDGE_CURVE('',#2058,#1854,#2060,.T.);
#1657=EDGE_CURVE('',#2061,#2062,#2063,.T.);
#1658=EDGE_CURVE('',#2064,#2062,#2065,.T.);
#1659=EDGE_CURVE('',#2064,#2066,#2067,.T.);
#1660=EDGE_CURVE('',#2066,#2061,#2068,.T.);
#1661=EDGE_CURVE('',#2069,#2070,#2071,.T.);
#1662=EDGE_CURVE('',#2072,#2070,#2073,.T.);
#1663=EDGE_CURVE('',#2072,#2074,#2075,.T.);
#1664=EDGE_CURVE('',#2074,#2069,#2076,.T.);
#1665=EDGE_CURVE('',#2070,#2077,#2078,.T.);
#1666=EDGE_CURVE('',#2079,#2077,#2080,.T.);
#1667=EDGE_CURVE('',#2079,#2072,#2081,.T.);
#1668=EDGE_CURVE('',#2082,#1920,#2083,.T.);
#1669=EDGE_CURVE('',#1921,#2084,#2085,.T.);
#1670=EDGE_CURVE('',#2084,#2082,#2086,.T.);
#1671=EDGE_CURVE('',#1905,#2087,#2088,.T.);
#1672=EDGE_CURVE('',#2087,#2019,#2089,.T.);
#1673=EDGE_CURVE('',#2016,#2090,#2091,.T.);
#1674=EDGE_CURVE('',#2090,#1858,#2092,.T.);
#1675=EDGE_CURVE('',#1856,#2093,#2094,.T.);
#1676=EDGE_CURVE('',#2093,#2095,#2096,.T.);
#1677=EDGE_CURVE('',#2095,#1850,#2097,.T.);
#1678=EDGE_CURVE('',#2098,#2099,#2100,.T.);
#1679=EDGE_CURVE('',#2099,#2101,#2102,.T.);
#1680=EDGE_CURVE('',#2101,#2103,#2104,.T.);
#1681=EDGE_CURVE('',#2103,#2098,#2105,.T.);
#1682=EDGE_CURVE('',#2106,#2107,#2108,.T.);
#1683=EDGE_CURVE('',#2109,#2107,#2110,.T.);
#1684=EDGE_CURVE('',#2109,#2111,#2112,.T.);
#1685=EDGE_CURVE('',#2111,#2106,#2113,.T.);
#1686=EDGE_CURVE('',#2107,#2114,#2115,.T.);
#1687=EDGE_CURVE('',#2114,#2116,#2117,.T.);
#1688=EDGE_CURVE('',#2116,#2109,#2118,.T.);
#1689=EDGE_CURVE('',#1928,#2087,#2119,.T.);
#1690=EDGE_CURVE('',#2032,#1974,#2120,.T.);
#1691=EDGE_CURVE('',#2056,#2095,#2121,.T.);
#1692=EDGE_CURVE('',#2084,#2053,#2122,.T.);
#1693=EDGE_CURVE('',#2040,#2047,#2123,.T.);
#1694=EDGE_CURVE('',#2024,#2037,#2124,.T.);
#1695=EDGE_CURVE('',#2058,#2093,#2125,.T.);
#1696=EDGE_CURVE('',#2082,#2051,#2126,.T.);
#1697=EDGE_CURVE('',#2042,#2045,#2127,.T.);
#1698=EDGE_CURVE('',#2026,#2035,#2128,.T.);
#1699=EDGE_CURVE('',#2098,#2062,#2129,.T.);
#1700=EDGE_CURVE('',#2103,#2064,#2130,.T.);
#1701=EDGE_CURVE('',#2116,#2074,#2131,.T.);
#1702=EDGE_CURVE('',#2114,#2069,#2132,.T.);
#1703=EDGE_CURVE('',#2029,#2090,#2133,.T.);
#1704=EDGE_CURVE('',#2111,#2079,#2134,.T.);
#1705=EDGE_CURVE('',#2109,#2072,#2135,.T.);
#1706=EDGE_CURVE('',#2101,#2066,#2136,.T.);
#1707=EDGE_CURVE('',#2061,#2099,#2137,.T.);
#1708=EDGE_CURVE('',#2106,#2077,#2138,.T.);
#1709=EDGE_CURVE('',#2107,#2070,#2139,.T.);
#1710=VERTEX_POINT('',#2140);
#1711=VERTEX_POINT('',#2141);
#1712=LINE('',#2142,#2143);
#1713=VERTEX_POINT('',#2144);
#1714=CIRCLE('',#2145,0.125);
#1715=VERTEX_POINT('',#2146);
#1716=LINE('',#2147,#2148);
#1717=CIRCLE('',#2149,0.25);
#1718=VERTEX_POINT('',#2150);
#1719=LINE('',#2151,#2152);
#1720=VERTEX_POINT('',#2153);
#1721=LINE('',#2154,#2155);
#1722=CIRCLE('',#2156,0.25);
#1723=VERTEX_POINT('',#2157);
#1724=VERTEX_POINT('',#2158);
#1725=LINE('',#2159,#2160);
#1726=VERTEX_POINT('',#2161);
#1727=CIRCLE('',#2162,0.125);
#1728=VERTEX_POINT('',#2163);
#1729=LINE('',#2164,#2165);
#1730=CIRCLE('',#2166,0.25);
#1731=VERTEX_POINT('',#2167);
#1732=LINE('',#2168,#2169);
#1733=VERTEX_POINT('',#2170);
#1734=LINE('',#2171,#2172);
#1735=CIRCLE('',#2173,0.25);
#1736=VERTEX_POINT('',#2174);
#1737=VERTEX_POINT('',#2175);
#1738=LINE('',#2176,#2177);
#1739=VERTEX_POINT('',#2178);
#1740=CIRCLE('',#2179,0.125);
#1741=VERTEX_POINT('',#2180);
#1742=LINE('',#2181,#2182);
#1743=CIRCLE('',#2183,0.25);
#1744=VERTEX_POINT('',#2184);
#1745=LINE('',#2185,#2186);
#1746=VERTEX_POINT('',#2187);
#1747=LINE('',#2188,#2189);
#1748=CIRCLE('',#2190,0.25);
#1749=VERTEX_POINT('',#2191);
#1750=VERTEX_POINT('',#2192);
#1751=LINE('',#2193,#2194);
#1752=VERTEX_POINT('',#2195);
#1753=CIRCLE('',#2196,0.125);
#1754=VERTEX_POINT('',#2197);
#1755=LINE('',#2198,#2199);
#1756=CIRCLE('',#2200,0.25);
#1757=VERTEX_POINT('',#2201);
#1758=LINE('',#2202,#2203);
#1759=VERTEX_POINT('',#2204);
#1760=LINE('',#2205,#2206);
#1761=CIRCLE('',#2207,0.25);
#1762=VERTEX_POINT('',#2208);
#1763=VERTEX_POINT('',#2209);
#1764=LINE('',#2210,#2211);
#1765=VERTEX_POINT('',#2212);
#1766=LINE('',#2213,#2214);
#1767=VERTEX_POINT('',#2215);
#1768=CIRCLE('',#2216,0.25);
#1769=LINE('',#2217,#2218);
#1770=VERTEX_POINT('',#2219);
#1771=LINE('',#2220,#2221);
#1772=VERTEX_POINT('',#2222);
#1773=LINE('',#2223,#2224);
#1774=LINE('',#2225,#2226);
#1775=VERTEX_POINT('',#2227);
#1776=VERTEX_POINT('',#2228);
#1777=LINE('',#2229,#2230);
#1778=VERTEX_POINT('',#2231);
#1779=LINE('',#2232,#2233);
#1780=VERTEX_POINT('',#2234);
#1781=LINE('',#2235,#2236);
#1782=LINE('',#2237,#2238);
#1783=VERTEX_POINT('',#2239);
#1784=LINE('',#2240,#2241);
#1785=VERTEX_POINT('',#2242);
#1786=LINE('',#2243,#2244);
#1787=LINE('',#2245,#2246);
#1788=CIRCLE('',#2247,0.25);
#1789=VERTEX_POINT('',#2248);
#1790=VERTEX_POINT('',#2249);
#1791=LINE('',#2250,#2251);
#1792=VERTEX_POINT('',#2252);
#1793=LINE('',#2253,#2254);
#1794=VERTEX_POINT('',#2255);
#1795=LINE('',#2256,#2257);
#1796=LINE('',#2258,#2259);
#1797=VERTEX_POINT('',#2260);
#1798=LINE('',#2261,#2262);
#1799=VERTEX_POINT('',#2263);
#1800=LINE('',#2264,#2265);
#1801=LINE('',#2266,#2267);
#1802=VERTEX_POINT('',#2268);
#1803=LINE('',#2269,#2270);
#1804=VERTEX_POINT('',#2271);
#1805=LINE('',#2272,#2273);
#1806=LINE('',#2274,#2275);
#1807=LINE('',#2276,#2277);
#1808=LINE('',#2278,#2279);
#1809=LINE('',#2280,#2281);
#1810=LINE('',#2282,#2283);
#1811=LINE('',#2284,#2285);
#1812=VERTEX_POINT('',#2286);
#1813=VERTEX_POINT('',#2287);
#1814=LINE('',#2288,#2289);
#1815=VERTEX_POINT('',#2290);
#1816=CIRCLE('',#2291,0.5);
#1817=VERTEX_POINT('',#2292);
#1818=LINE('',#2293,#2294);
#1819=VERTEX_POINT('',#2295);
#1820=LINE('',#2296,#2297);
#1821=VERTEX_POINT('',#2298);
#1822=LINE('',#2299,#2300);
#1823=VERTEX_POINT('',#2301);
#1824=LINE('',#2302,#2303);
#1825=LINE('',#2304,#2305);
#1826=VERTEX_POINT('',#2306);
#1827=LINE('',#2307,#2308);
#1828=VERTEX_POINT('',#2309);
#1829=LINE('',#2310,#2311);
#1830=LINE('',#2312,#2313);
#1831=VERTEX_POINT('',#2314);
#1832=LINE('',#2315,#2316);
#1833=LINE('',#2317,#2318);
#1834=VERTEX_POINT('',#2319);
#1835=LINE('',#2320,#2321);
#1836=LINE('',#2322,#2323);
#1837=VERTEX_POINT('',#2324);
#1838=LINE('',#2325,#2326);
#1839=LINE('',#2327,#2328);
#1840=VERTEX_POINT('',#2329);
#1841=LINE('',#2330,#2331);
#1842=LINE('',#2332,#2333);
#1843=VERTEX_POINT('',#2334);
#1844=LINE('',#2335,#2336);
#1845=CIRCLE('',#2337,0.5);
#1846=VERTEX_POINT('',#2338);
#1847=LINE('',#2339,#2340);
#1848=VERTEX_POINT('',#2341);
#1849=LINE('',#2342,#2343);
#1850=VERTEX_POINT('',#2344);
#1851=LINE('',#2345,#2346);
#1852=VERTEX_POINT('',#2347);
#1853=LINE('',#2348,#2349);
#1854=VERTEX_POINT('',#2350);
#1855=LINE('',#2351,#2352);
#1856=VERTEX_POINT('',#2353);
#1857=LINE('',#2354,#2355);
#1858=VERTEX_POINT('',#2356);
#1859=LINE('',#2357,#2358);
#1860=VERTEX_POINT('',#2359);
#1861=LINE('',#2360,#2361);
#1862=VERTEX_POINT('',#2362);
#1863=LINE('',#2363,#2364);
#1864=VERTEX_POINT('',#2365);
#1865=LINE('',#2366,#2367);
#1866=VERTEX_POINT('',#2368);
#1867=LINE('',#2369,#2370);
#1868=VERTEX_POINT('',#2371);
#1869=LINE('',#2372,#2373);
#1870=VERTEX_POINT('',#2374);
#1871=LINE('',#2375,#2376);
#1872=VERTEX_POINT('',#2377);
#1873=LINE('',#2378,#2379);
#1874=VERTEX_POINT('',#2380);
#1875=LINE('',#2381,#2382);
#1876=VERTEX_POINT('',#2383);
#1877=LINE('',#2384,#2385);
#1878=VERTEX_POINT('',#2386);
#1879=LINE('',#2387,#2388);
#1880=VERTEX_POINT('',#2389);
#1881=LINE('',#2390,#2391);
#1882=VERTEX_POINT('',#2392);
#1883=LINE('',#2393,#2394);
#1884=VERTEX_POINT('',#2395);
#1885=LINE('',#2396,#2397);
#1886=VERTEX_POINT('',#2398);
#1887=LINE('',#2399,#2400);
#1888=VERTEX_POINT('',#2401);
#1889=LINE('',#2402,#2403);
#1890=VERTEX_POINT('',#2404);
#1891=LINE('',#2405,#2406);
#1892=VERTEX_POINT('',#2407);
#1893=LINE('',#2408,#2409);
#1894=VERTEX_POINT('',#2410);
#1895=LINE('',#2411,#2412);
#1896=VERTEX_POINT('',#2413);
#1897=LINE('',#2414,#2415);
#1898=VERTEX_POINT('',#2416);
#1899=LINE('',#2417,#2418);
#1900=VERTEX_POINT('',#2419);
#1901=LINE('',#2420,#2421);
#1902=LINE('',#2422,#2423);
#1903=VERTEX_POINT('',#2424);
#1904=LINE('',#2425,#2426);
#1905=VERTEX_POINT('',#2427);
#1906=LINE('',#2428,#2429);
#1907=LINE('',#2430,#2431);
#1908=CIRCLE('',#2432,0.25);
#1909=CIRCLE('',#2433,0.25);
#1910=CIRCLE('',#2434,0.25);
#1911=CIRCLE('',#2435,0.25);
#1912=VERTEX_POINT('',#2436);
#1913=VERTEX_POINT('',#2437);
#1914=LINE('',#2438,#2439);
#1915=VERTEX_POINT('',#2440);
#1916=LINE('',#2441,#2442);
#1917=VERTEX_POINT('',#2443);
#1918=LINE('',#2444,#2445);
#1919=LINE('',#2446,#2447);
#1920=VERTEX_POINT('',#2448);
#1921=VERTEX_POINT('',#2449);
#1922=LINE('',#2450,#2451);
#1923=VERTEX_POINT('',#2452);
#1924=LINE('',#2453,#2454);
#1925=VERTEX_POINT('',#2455);
#1926=LINE('',#2456,#2457);
#1927=LINE('',#2458,#2459);
#1928=VERTEX_POINT('',#2460);
#1929=LINE('',#2461,#2462);
#1930=CIRCLE('',#2463,0.5);
#1931=VERTEX_POINT('',#2464);
#1932=CIRCLE('',#2465,0.5);
#1933=VERTEX_POINT('',#2466);
#1934=LINE('',#2467,#2468);
#1935=VERTEX_POINT('',#2469);
#1936=CIRCLE('',#2470,0.25);
#1937=LINE('',#2471,#2472);
#1938=VERTEX_POINT('',#2473);
#1939=LINE('',#2474,#2475);
#1940=LINE('',#2476,#2477);
#1941=VERTEX_POINT('',#2478);
#1942=LINE('',#2479,#2480);
#1943=VERTEX_POINT('',#2481);
#1944=LINE('',#2482,#2483);
#1945=LINE('',#2484,#2485);
#1946=VERTEX_POINT('',#2486);
#1947=LINE('',#2487,#2488);
#1948=VERTEX_POINT('',#2489);
#1949=LINE('',#2490,#2491);
#1950=LINE('',#2492,#2493);
#1951=CIRCLE('',#2494,0.25);
#1952=VERTEX_POINT('',#2495);
#1953=VERTEX_POINT('',#2496);
#1954=LINE('',#2497,#2498);
#1955=VERTEX_POINT('',#2499);
#1956=LINE('',#2500,#2501);
#1957=VERTEX_POINT('',#2502);
#1958=LINE('',#2503,#2504);
#1959=LINE('',#2505,#2506);
#1960=VERTEX_POINT('',#2507);
#1961=LINE('',#2508,#2509);
#1962=VERTEX_POINT('',#2510);
#1963=LINE('',#2511,#2512);
#1964=LINE('',#2513,#2514);
#1965=VERTEX_POINT('',#2515);
#1966=LINE('',#2516,#2517);
#1967=VERTEX_POINT('',#2518);
#1968=LINE('',#2519,#2520);
#1969=LINE('',#2521,#2522);
#1970=LINE('',#2523,#2524);
#1971=LINE('',#2525,#2526);
#1972=CIRCLE('',#2527,0.5);
#1973=CIRCLE('',#2528,0.5);
#1974=VERTEX_POINT('',#2529);
#1975=CIRCLE('',#2530,0.5);
#1976=LINE('',#2531,#2532);
#1977=VERTEX_POINT('',#2533);
#1978=LINE('',#2534,#2535);
#1979=CIRCLE('',#2536,0.5);
#1980=VERTEX_POINT('',#2537);
#1981=LINE('',#2538,#2539);
#1982=VERTEX_POINT('',#2540);
#1983=LINE('',#2541,#2542);
#1984=VERTEX_POINT('',#2543);
#1985=LINE('',#2544,#2545);
#1986=VERTEX_POINT('',#2546);
#1987=LINE('',#2547,#2548);
#1988=LINE('',#2549,#2550);
#1989=LINE('',#2551,#2552);
#1990=VERTEX_POINT('',#2553);
#1991=LINE('',#2554,#2555);
#1992=LINE('',#2556,#2557);
#1993=VERTEX_POINT('',#2558);
#1994=LINE('',#2559,#2560);
#1995=LINE('',#2561,#2562);
#1996=VERTEX_POINT('',#2563);
#1997=LINE('',#2564,#2565);
#1998=LINE('',#2566,#2567);
#1999=VERTEX_POINT('',#2568);
#2000=LINE('',#2569,#2570);
#2001=LINE('',#2571,#2572);
#2002=LINE('',#2573,#2574);
#2003=CIRCLE('',#2575,0.25);
#2004=CIRCLE('',#2576,0.125);
#2005=CIRCLE('',#2577,0.25);
#2006=CIRCLE('',#2578,0.125);
#2007=CIRCLE('',#2579,0.25);
#2008=CIRCLE('',#2580,0.125);
#2009=CIRCLE('',#2581,0.25);
#2010=CIRCLE('',#2582,0.125);
#2011=VERTEX_POINT('',#2583);
#2012=LINE('',#2584,#2585);
#2013=CIRCLE('',#2586,0.5);
#2014=VERTEX_POINT('',#2587);
#2015=LINE('',#2588,#2589);
#2016=VERTEX_POINT('',#2590);
#2017=LINE('',#2591,#2592);
#2018=LINE('',#2593,#2594);
#2019=VERTEX_POINT('',#2595);
#2020=CIRCLE('',#2596,0.5);
#2021=VERTEX_POINT('',#2597);
#2022=LINE('',#2598,#2599);
#2023=CIRCLE('',#2600,0.5);
#2024=VERTEX_POINT('',#2601);
#2025=CIRCLE('',#2602,0.5);
#2026=VERTEX_POINT('',#2603);
#2027=LINE('',#2604,#2605);
#2028=CIRCLE('',#2606,0.5);
#2029=VERTEX_POINT('',#2607);
#2030=LINE('',#2608,#2609);
#2031=LINE('',#2610,#2611);
#2032=VERTEX_POINT('',#2612);
#2033=CIRCLE('',#2613,0.5);
#2034=LINE('',#2614,#2615);
#2035=VERTEX_POINT('',#2616);
#2036=CIRCLE('',#2617,0.5);
#2037=VERTEX_POINT('',#2618);
#2038=LINE('',#2619,#2620);
#2039=CIRCLE('',#2621,0.5);
#2040=VERTEX_POINT('',#2622);
#2041=CIRCLE('',#2623,0.5);
#2042=VERTEX_POINT('',#2624);
#2043=LINE('',#2625,#2626);
#2044=CIRCLE('',#2627,0.5);
#2045=VERTEX_POINT('',#2628);
#2046=CIRCLE('',#2629,0.5);
#2047=VERTEX_POINT('',#2630);
#2048=LINE('',#2631,#2632);
#2049=CIRCLE('',#2633,0.5);
#2050=LINE('',#2634,#2635);
#2051=VERTEX_POINT('',#2636);
#2052=CIRCLE('',#2637,0.5);
#2053=VERTEX_POINT('',#2638);
#2054=LINE('',#2639,#2640);
#2055=CIRCLE('',#2641,0.5);
#2056=VERTEX_POINT('',#2642);
#2057=CIRCLE('',#2643,0.5);
#2058=VERTEX_POINT('',#2644);
#2059=LINE('',#2645,#2646);
#2060=CIRCLE('',#2647,0.5);
#2061=VERTEX_POINT('',#2648);
#2062=VERTEX_POINT('',#2649);
#2063=LINE('',#2650,#2651);
#2064=VERTEX_POINT('',#2652);
#2065=LINE('',#2653,#2654);
#2066=VERTEX_POINT('',#2655);
#2067=LINE('',#2656,#2657);
#2068=LINE('',#2658,#2659);
#2069=VERTEX_POINT('',#2660);
#2070=VERTEX_POINT('',#2661);
#2071=LINE('',#2662,#2663);
#2072=VERTEX_POINT('',#2664);
#2073=LINE('',#2665,#2666);
#2074=VERTEX_POINT('',#2667);
#2075=LINE('',#2668,#2669);
#2076=LINE('',#2670,#2671);
#2077=VERTEX_POINT('',#2672);
#2078=ELLIPSE('',#2673,0.707106781186549,0.5);
#2079=VERTEX_POINT('',#2674);
#2080=LINE('',#2675,#2676);
#2081=ELLIPSE('',#2677,0.707106781186547,0.5);
#2082=VERTEX_POINT('',#2678);
#2083=CIRCLE('',#2679,0.5);
#2084=VERTEX_POINT('',#2680);
#2085=CIRCLE('',#2681,0.5);
#2086=LINE('',#2682,#2683);
#2087=VERTEX_POINT('',#2684);
#2088=CIRCLE('',#2685,0.5);
#2089=LINE('',#2686,#2687);
#2090=VERTEX_POINT('',#2688);
#2091=LINE('',#2689,#2690);
#2092=LINE('',#2691,#2692);
#2093=VERTEX_POINT('',#2693);
#2094=CIRCLE('',#2694,0.5);
#2095=VERTEX_POINT('',#2695);
#2096=LINE('',#2696,#2697);
#2097=CIRCLE('',#2698,0.5);
#2098=VERTEX_POINT('',#2699);
#2099=VERTEX_POINT('',#2700);
#2100=LINE('',#2701,#2702);
#2101=VERTEX_POINT('',#2703);
#2102=LINE('',#2704,#2705);
#2103=VERTEX_POINT('',#2706);
#2104=LINE('',#2707,#2708);
#2105=LINE('',#2709,#2710);
#2106=VERTEX_POINT('',#2711);
#2107=VERTEX_POINT('',#2712);
#2108=ELLIPSE('',#2713,0.707106781186547,0.5);
#2109=VERTEX_POINT('',#2714);
#2110=LINE('',#2715,#2716);
#2111=VERTEX_POINT('',#2717);
#2112=ELLIPSE('',#2718,0.707106781186547,0.5);
#2113=LINE('',#2719,#2720);
#2114=VERTEX_POINT('',#2721);
#2115=LINE('',#2722,#2723);
#2116=VERTEX_POINT('',#2724);
#2117=LINE('',#2725,#2726);
#2118=LINE('',#2727,#2728);
#2119=LINE('',#2729,#2730);
#2120=LINE('',#2731,#2732);
#2121=LINE('',#2733,#2734);
#2122=LINE('',#2735,#2736);
#2123=LINE('',#2737,#2738);
#2124=LINE('',#2739,#2740);
#2125=LINE('',#2741,#2742);
#2126=LINE('',#2743,#2744);
#2127=LINE('',#2745,#2746);
#2128=LINE('',#2747,#2748);
#2129=LINE('',#2749,#2750);
#2130=LINE('',#2751,#2752);
#2131=LINE('',#2753,#2754);
#2132=LINE('',#2755,#2756);
#2133=LINE('',#2757,#2758);
#2134=LINE('',#2759,#2760);
#2135=LINE('',#2761,#2762);
#2136=LINE('',#2763,#2764);
#2137=LINE('',#2765,#2766);
#2138=LINE('',#2767,#2768);
#2139=LINE('',#2769,#2770);
#2140=CARTESIAN_POINT('',(1.925,-3.3,-10.0));
#2141=CARTESIAN_POINT('',(2.05,-3.175,-10.0));
#2142=CARTESIAN_POINT('',(1.9875,-3.2375,-10.0));
#2143=VECTOR('',#2771,1.0);
#2144=CARTESIAN_POINT('',(1.675,-3.3,-10.0));
#2145=AXIS2_PLACEMENT_3D('',#2772,#2773,#2774);
#2146=CARTESIAN_POINT('',(1.55,-3.175,-10.0));
#2147=CARTESIAN_POINT('',(1.6125,-3.2375,-10.0));
#2148=VECTOR('',#2775,1.0);
#2149=AXIS2_PLACEMENT_3D('',#2776,#2777,#2778);
#2150=CARTESIAN_POINT('',(2.05,0.5,-10.0));
#2151=CARTESIAN_POINT('',(2.05,-0.7375,-10.0));
#2152=VECTOR('',#2779,1.0);
#2153=CARTESIAN_POINT('',(1.55,0.5,-10.0));
#2154=CARTESIAN_POINT('',(1.55,-0.7375,-10.0));
#2155=VECTOR('',#2780,1.0);
#2156=AXIS2_PLACEMENT_3D('',#2781,#2782,#2783);
#2157=CARTESIAN_POINT('',(1.925,-3.3,-2.5));
#2158=CARTESIAN_POINT('',(2.05,-3.175,-2.5));
#2159=CARTESIAN_POINT('',(1.9875,-3.2375,-2.5));
#2160=VECTOR('',#2784,1.0);
#2161=CARTESIAN_POINT('',(1.675,-3.3,-2.5));
#2162=AXIS2_PLACEMENT_3D('',#2785,#2786,#2787);
#2163=CARTESIAN_POINT('',(1.55,-3.175,-2.5));
#2164=CARTESIAN_POINT('',(1.6125,-3.2375,-2.5));
#2165=VECTOR('',#2788,1.0);
#2166=AXIS2_PLACEMENT_3D('',#2789,#2790,#2791);
#2167=CARTESIAN_POINT('',(2.05,0.5,-2.5));
#2168=CARTESIAN_POINT('',(2.05,-0.7375,-2.5));
#2169=VECTOR('',#2792,1.0);
#2170=CARTESIAN_POINT('',(1.55,0.5,-2.5));
#2171=CARTESIAN_POINT('',(1.55,-0.7375,-2.5));
#2172=VECTOR('',#2793,1.0);
#2173=AXIS2_PLACEMENT_3D('',#2794,#2795,#2796);
#2174=CARTESIAN_POINT('',(1.925,-3.3,2.5));
#2175=CARTESIAN_POINT('',(2.05,-3.175,2.5));
#2176=CARTESIAN_POINT('',(1.9875,-3.2375,2.5));
#2177=VECTOR('',#2797,1.0);
#2178=CARTESIAN_POINT('',(1.675,-3.3,2.5));
#2179=AXIS2_PLACEMENT_3D('',#2798,#2799,#2800);
#2180=CARTESIAN_POINT('',(1.55,-3.175,2.5));
#2181=CARTESIAN_POINT('',(1.6125,-3.2375,2.5));
#2182=VECTOR('',#2801,1.0);
#2183=AXIS2_PLACEMENT_3D('',#2802,#2803,#2804);
#2184=CARTESIAN_POINT('',(2.05,0.5,2.5));
#2185=CARTESIAN_POINT('',(2.05,-0.7375,2.5));
#2186=VECTOR('',#2805,1.0);
#2187=CARTESIAN_POINT('',(1.55,0.5,2.5));
#2188=CARTESIAN_POINT('',(1.55,-0.7375,2.5));
#2189=VECTOR('',#2806,1.0);
#2190=AXIS2_PLACEMENT_3D('',#2807,#2808,#2809);
#2191=CARTESIAN_POINT('',(1.925,-3.3,10.0));
#2192=CARTESIAN_POINT('',(2.05,-3.175,10.0));
#2193=CARTESIAN_POINT('',(1.9875,-3.2375,10.0));
#2194=VECTOR('',#2810,1.0);
#2195=CARTESIAN_POINT('',(1.675,-3.3,10.0));
#2196=AXIS2_PLACEMENT_3D('',#2811,#2812,#2813);
#2197=CARTESIAN_POINT('',(1.55,-3.175,10.0));
#2198=CARTESIAN_POINT('',(1.6125,-3.2375,10.0));
#2199=VECTOR('',#2814,1.0);
#2200=AXIS2_PLACEMENT_3D('',#2815,#2816,#2817);
#2201=CARTESIAN_POINT('',(2.05,0.5,10.0));
#2202=CARTESIAN_POINT('',(2.05,-0.7375,10.0));
#2203=VECTOR('',#2818,1.0);
#2204=CARTESIAN_POINT('',(1.55,0.5,10.0));
#2205=CARTESIAN_POINT('',(1.55,-0.7375,10.0));
#2206=VECTOR('',#2819,1.0);
#2207=AXIS2_PLACEMENT_3D('',#2820,#2821,#2822);
#2208=CARTESIAN_POINT('',(18.55,0.5,10.25));
#2209=CARTESIAN_POINT('',(18.55,0.5,9.75));
#2210=CARTESIAN_POINT('',(18.55,0.5,-1.9));
#2211=VECTOR('',#2823,1.0);
#2212=CARTESIAN_POINT('',(18.55,-2.55,10.25));
#2213=CARTESIAN_POINT('',(18.55,-2.55,10.25));
#2214=VECTOR('',#2824,1.0);
#2215=CARTESIAN_POINT('',(18.55,-2.55,9.75));
#2216=AXIS2_PLACEMENT_3D('',#2825,#2826,#2827);
#2217=CARTESIAN_POINT('',(18.55,-2.55,9.75));
#2218=VECTOR('',#2828,1.0);
#2219=CARTESIAN_POINT('',(18.4,0.5,10.25));
#2220=CARTESIAN_POINT('',(14.775,0.5,10.25));
#2221=VECTOR('',#2829,1.0);
#2222=CARTESIAN_POINT('',(18.4,-2.55,10.25));
#2223=CARTESIAN_POINT('',(18.4,0.129135609834961,10.25));
#2224=VECTOR('',#2830,1.0);
#2225=CARTESIAN_POINT('',(18.3,-2.55,10.25));
#2226=VECTOR('',#2831,1.0);
#2227=CARTESIAN_POINT('',(18.2,0.5,10.5));
#2228=CARTESIAN_POINT('',(18.4,0.5,10.5));
#2229=CARTESIAN_POINT('',(14.725,0.5,10.5));
#2230=VECTOR('',#2832,1.0);
#2231=CARTESIAN_POINT('',(18.2,-2.86698729810778,10.5));
#2232=CARTESIAN_POINT('',(18.2,-2.86698729810778,10.5));
#2233=VECTOR('',#2833,1.0);
#2234=CARTESIAN_POINT('',(18.4,-2.86698729810778,10.5));
#2235=CARTESIAN_POINT('',(18.2,-2.86698729810778,10.5));
#2236=VECTOR('',#2834,1.0);
#2237=CARTESIAN_POINT('',(18.4,-2.86698729810778,10.5));
#2238=VECTOR('',#2835,1.0);
#2239=CARTESIAN_POINT('',(18.4,0.5,9.75));
#2240=CARTESIAN_POINT('',(14.775,0.5,9.75));
#2241=VECTOR('',#2836,1.0);
#2242=CARTESIAN_POINT('',(18.4,-2.55,9.75));
#2243=CARTESIAN_POINT('',(18.3,-2.55,9.75));
#2244=VECTOR('',#2837,1.0);
#2245=CARTESIAN_POINT('',(18.4,0.129135609834961,9.75));
#2246=VECTOR('',#2838,1.0);
#2247=AXIS2_PLACEMENT_3D('',#2839,#2840,#2841);
#2248=CARTESIAN_POINT('',(18.2,0.5,9.5));
#2249=CARTESIAN_POINT('',(18.4,0.5,9.5));
#2250=CARTESIAN_POINT('',(-2.4,0.5,9.5));
#2251=VECTOR('',#2842,1.0);
#2252=CARTESIAN_POINT('',(18.4,-2.86698729810778,9.5));
#2253=CARTESIAN_POINT('',(18.4,-2.86698729810778,9.5));
#2254=VECTOR('',#2843,1.0);
#2255=CARTESIAN_POINT('',(18.2,-2.86698729810778,9.5));
#2256=CARTESIAN_POINT('',(18.2,-2.86698729810778,9.5));
#2257=VECTOR('',#2844,1.0);
#2258=CARTESIAN_POINT('',(18.2,-2.86698729810778,9.5));
#2259=VECTOR('',#2845,1.0);
#2260=CARTESIAN_POINT('',(18.4,-3.3,9.75));
#2261=CARTESIAN_POINT('',(18.4,-3.3,9.75));
#2262=VECTOR('',#2846,1.0);
#2263=CARTESIAN_POINT('',(18.2,-3.3,9.75));
#2264=CARTESIAN_POINT('',(18.2,-3.3,9.75));
#2265=VECTOR('',#2847,1.0);
#2266=CARTESIAN_POINT('',(18.2,-3.3,9.75));
#2267=VECTOR('',#2848,1.0);
#2268=CARTESIAN_POINT('',(18.4,-3.3,10.25));
#2269=CARTESIAN_POINT('',(18.4,-3.3,10.25));
#2270=VECTOR('',#2849,1.0);
#2271=CARTESIAN_POINT('',(18.2,-3.3,10.25));
#2272=CARTESIAN_POINT('',(18.2,-3.3,10.25));
#2273=VECTOR('',#2850,1.0);
#2274=CARTESIAN_POINT('',(18.2,-3.3,10.25));
#2275=VECTOR('',#2851,1.0);
#2276=CARTESIAN_POINT('',(18.4,-3.3,10.25));
#2277=VECTOR('',#2852,1.0);
#2278=CARTESIAN_POINT('',(18.2,-3.3,10.25));
#2279=VECTOR('',#2853,1.0);
#2280=CARTESIAN_POINT('',(18.4,0.5,-1.9));
#2281=VECTOR('',#2854,1.0);
#2282=CARTESIAN_POINT('',(18.4,0.5,-1.9));
#2283=VECTOR('',#2855,1.0);
#2284=CARTESIAN_POINT('',(18.2,0.5,-1.9));
#2285=VECTOR('',#2856,1.0);
#2286=CARTESIAN_POINT('',(22.0,0.5,2.5));
#2287=CARTESIAN_POINT('',(22.0,0.5,2.0));
#2288=CARTESIAN_POINT('',(22.0,0.5,-5.65));
#2289=VECTOR('',#2857,1.0);
#2290=CARTESIAN_POINT('',(22.0,0.0,3.0));
#2291=AXIS2_PLACEMENT_3D('',#2858,#2859,#2860);
#2292=CARTESIAN_POINT('',(22.0,-2.86698729810778,3.0));
#2293=CARTESIAN_POINT('',(22.0,-2.86698729810778,3.0));
#2294=VECTOR('',#2861,1.0);
#2295=CARTESIAN_POINT('',(22.0,-3.3,2.75));
#2296=CARTESIAN_POINT('',(22.0,-3.3,2.75));
#2297=VECTOR('',#2862,1.0);
#2298=CARTESIAN_POINT('',(22.0,-3.3,2.25));
#2299=CARTESIAN_POINT('',(22.0,-3.3,2.75));
#2300=VECTOR('',#2863,1.0);
#2301=CARTESIAN_POINT('',(22.0,-2.86698729810778,2.0));
#2302=CARTESIAN_POINT('',(22.0,-3.3,2.25));
#2303=VECTOR('',#2864,1.0);
#2304=CARTESIAN_POINT('',(22.0,-2.86698729810778,2.0));
#2305=VECTOR('',#2865,1.0);
#2306=CARTESIAN_POINT('',(21.6,0.5,2.0));
#2307=CARTESIAN_POINT('',(16.425,0.5,2.0));
#2308=VECTOR('',#2866,1.0);
#2309=CARTESIAN_POINT('',(21.6,-2.86698729810778,2.0));
#2310=CARTESIAN_POINT('',(21.6,-2.86698729810778,2.0));
#2311=VECTOR('',#2867,1.0);
#2312=CARTESIAN_POINT('',(21.6,-2.86698729810778,2.0));
#2313=VECTOR('',#2868,1.0);
#2314=CARTESIAN_POINT('',(21.6,-3.3,2.25));
#2315=CARTESIAN_POINT('',(21.6,-3.3,2.25));
#2316=VECTOR('',#2869,1.0);
#2317=CARTESIAN_POINT('',(21.6,-3.3,2.25));
#2318=VECTOR('',#2870,1.0);
#2319=CARTESIAN_POINT('',(21.6,-3.3,2.75));
#2320=CARTESIAN_POINT('',(21.6,-3.3,2.75));
#2321=VECTOR('',#2871,1.0);
#2322=CARTESIAN_POINT('',(21.6,-3.3,2.75));
#2323=VECTOR('',#2872,1.0);
#2324=CARTESIAN_POINT('',(21.6,-2.86698729810778,3.0));
#2325=CARTESIAN_POINT('',(21.6,-2.86698729810778,3.0));
#2326=VECTOR('',#2873,1.0);
#2327=CARTESIAN_POINT('',(21.6,-3.3,2.75));
#2328=VECTOR('',#2874,1.0);
#2329=CARTESIAN_POINT('',(21.6,0.0,3.0));
#2330=CARTESIAN_POINT('',(20.0,0.0,3.0));
#2331=VECTOR('',#2875,1.0);
#2332=CARTESIAN_POINT('',(21.6,-2.86698729810778,3.0));
#2333=VECTOR('',#2876,1.0);
#2334=CARTESIAN_POINT('',(21.6,0.5,2.5));
#2335=CARTESIAN_POINT('',(21.6,0.5,-5.65));
#2336=VECTOR('',#2877,1.0);
#2337=AXIS2_PLACEMENT_3D('',#2878,#2879,#2880);
#2338=CARTESIAN_POINT('',(24.0,0.5,9.5));
#2339=CARTESIAN_POINT('',(-2.4,0.5,9.5));
#2340=VECTOR('',#2881,1.0);
#2341=CARTESIAN_POINT('',(24.0,0.5,11.5));
#2342=CARTESIAN_POINT('',(24.0,0.5,-1.775));
#2343=VECTOR('',#2882,1.0);
#2344=CARTESIAN_POINT('',(6.5,0.5,11.5));
#2345=CARTESIAN_POINT('',(9.3,0.5,11.5));
#2346=VECTOR('',#2883,1.0);
#2347=CARTESIAN_POINT('',(6.5,0.5,11.0));
#2348=CARTESIAN_POINT('',(6.5,0.5,-13.8));
#2349=VECTOR('',#2884,1.0);
#2350=CARTESIAN_POINT('',(2.5,0.5,11.0));
#2351=CARTESIAN_POINT('',(-2.4,0.5,11.0));
#2352=VECTOR('',#2885,1.0);
#2353=CARTESIAN_POINT('',(2.5,0.5,11.5));
#2354=CARTESIAN_POINT('',(2.5,0.5,-13.8));
#2355=VECTOR('',#2886,1.0);
#2356=CARTESIAN_POINT('',(0.0,0.5,11.5));
#2357=CARTESIAN_POINT('',(-0.575000000000001,0.5,11.5));
#2358=VECTOR('',#2887,1.0);
#2359=CARTESIAN_POINT('',(0.0,0.5,-11.5));
#2360=CARTESIAN_POINT('',(0.0,0.5,-13.8));
#2361=VECTOR('',#2888,1.0);
#2362=CARTESIAN_POINT('',(2.5,0.5,-11.5));
#2363=CARTESIAN_POINT('',(-0.575,0.5,-11.5));
#2364=VECTOR('',#2889,1.0);
#2365=CARTESIAN_POINT('',(2.5,0.5,-11.0));
#2366=CARTESIAN_POINT('',(2.5,0.5,-13.8));
#2367=VECTOR('',#2890,1.0);
#2368=CARTESIAN_POINT('',(6.5,0.5,-11.0));
#2369=CARTESIAN_POINT('',(-2.4,0.5,-11.0));
#2370=VECTOR('',#2891,1.0);
#2371=CARTESIAN_POINT('',(6.5,0.5,-11.5));
#2372=CARTESIAN_POINT('',(6.5,0.5,-13.8));
#2373=VECTOR('',#2892,1.0);
#2374=CARTESIAN_POINT('',(24.0,0.5,-11.5));
#2375=CARTESIAN_POINT('',(9.3,0.5,-11.5));
#2376=VECTOR('',#2893,1.0);
#2377=CARTESIAN_POINT('',(24.0,0.5,-9.5));
#2378=CARTESIAN_POINT('',(24.0,0.5,-12.65));
#2379=VECTOR('',#2894,1.0);
#2380=CARTESIAN_POINT('',(22.0,0.5,-9.5));
#2381=CARTESIAN_POINT('',(-2.4,0.5,-9.5));
#2382=VECTOR('',#2895,1.0);
#2383=CARTESIAN_POINT('',(22.0,0.5,-10.5));
#2384=CARTESIAN_POINT('',(22.0,0.5,-11.9));
#2385=VECTOR('',#2896,1.0);
#2386=CARTESIAN_POINT('',(21.6,0.5,-10.5));
#2387=CARTESIAN_POINT('',(16.425,0.5,-10.5));
#2388=VECTOR('',#2897,1.0);
#2389=CARTESIAN_POINT('',(21.6,0.5,-9.5));
#2390=CARTESIAN_POINT('',(21.6,0.5,-11.9));
#2391=VECTOR('',#2898,1.0);
#2392=CARTESIAN_POINT('',(16.0,0.5,-9.5));
#2393=CARTESIAN_POINT('',(-2.4,0.5,-9.5));
#2394=VECTOR('',#2899,1.0);
#2395=CARTESIAN_POINT('',(16.0,0.5,-2.5));
#2396=CARTESIAN_POINT('',(16.0,0.5,-13.8));
#2397=VECTOR('',#2900,1.0);
#2398=CARTESIAN_POINT('',(18.2,0.5,-2.5));
#2399=CARTESIAN_POINT('',(-2.4,0.5,-2.5));
#2400=VECTOR('',#2901,1.0);
#2401=CARTESIAN_POINT('',(18.2,0.5,-2.0));
#2402=CARTESIAN_POINT('',(18.2,0.5,-8.15));
#2403=VECTOR('',#2902,1.0);
#2404=CARTESIAN_POINT('',(18.4,0.5,-2.0));
#2405=CARTESIAN_POINT('',(14.725,0.5,-2.0));
#2406=VECTOR('',#2903,1.0);
#2407=CARTESIAN_POINT('',(18.4,0.5,-2.25));
#2408=CARTESIAN_POINT('',(18.4,0.5,-8.15));
#2409=VECTOR('',#2904,1.0);
#2410=CARTESIAN_POINT('',(18.55,0.5,-2.25));
#2411=CARTESIAN_POINT('',(14.775,0.5,-2.25));
#2412=VECTOR('',#2905,1.0);
#2413=CARTESIAN_POINT('',(18.55,0.5,-2.5));
#2414=CARTESIAN_POINT('',(18.55,0.5,-8.15));
#2415=VECTOR('',#2906,1.0);
#2416=CARTESIAN_POINT('',(24.0,0.5,-2.5));
#2417=CARTESIAN_POINT('',(-2.4,0.5,-2.5));
#2418=VECTOR('',#2907,1.0);
#2419=CARTESIAN_POINT('',(24.0,0.5,2.5));
#2420=CARTESIAN_POINT('',(24.0,0.5,-7.775));
#2421=VECTOR('',#2908,1.0);
#2422=CARTESIAN_POINT('',(-2.4,0.5,2.5));
#2423=VECTOR('',#2909,1.0);
#2424=CARTESIAN_POINT('',(16.0,0.5,2.5));
#2425=CARTESIAN_POINT('',(-2.4,0.5,2.5));
#2426=VECTOR('',#2910,1.0);
#2427=CARTESIAN_POINT('',(16.0,0.5,9.5));
#2428=CARTESIAN_POINT('',(16.0,0.5,-13.8));
#2429=VECTOR('',#2911,1.0);
#2430=CARTESIAN_POINT('',(-2.4,0.5,9.5));
#2431=VECTOR('',#2912,1.0);
#2432=AXIS2_PLACEMENT_3D('',#2913,#2914,#2915);
#2433=AXIS2_PLACEMENT_3D('',#2916,#2917,#2918);
#2434=AXIS2_PLACEMENT_3D('',#2919,#2920,#2921);
#2435=AXIS2_PLACEMENT_3D('',#2922,#2923,#2924);
#2436=CARTESIAN_POINT('',(6.5,0.5,-0.999999999999999));
#2437=CARTESIAN_POINT('',(6.5,0.5,-0.5));
#2438=CARTESIAN_POINT('',(6.5,0.5,-13.8));
#2439=VECTOR('',#2925,1.0);
#2440=CARTESIAN_POINT('',(2.5,0.5,-1.0));
#2441=CARTESIAN_POINT('',(-2.4,0.5,-1.0));
#2442=VECTOR('',#2926,1.0);
#2443=CARTESIAN_POINT('',(2.5,0.5,-0.5));
#2444=CARTESIAN_POINT('',(2.5,0.5,-13.8));
#2445=VECTOR('',#2927,1.0);
#2446=CARTESIAN_POINT('',(-2.4,0.5,-0.5));
#2447=VECTOR('',#2928,1.0);
#2448=CARTESIAN_POINT('',(2.5,0.5,0.5));
#2449=CARTESIAN_POINT('',(6.5,0.5,0.500000000000001));
#2450=CARTESIAN_POINT('',(-2.4,0.5,0.5));
#2451=VECTOR('',#2929,1.0);
#2452=CARTESIAN_POINT('',(2.5,0.5,1.0));
#2453=CARTESIAN_POINT('',(2.5,0.5,-13.8));
#2454=VECTOR('',#2930,1.0);
#2455=CARTESIAN_POINT('',(6.5,0.5,1.0));
#2456=CARTESIAN_POINT('',(-2.4,0.5,1.0));
#2457=VECTOR('',#2931,1.0);
#2458=CARTESIAN_POINT('',(6.5,0.5,-13.8));
#2459=VECTOR('',#2932,1.0);
#2460=CARTESIAN_POINT('',(16.0,0.0,3.0));
#2461=CARTESIAN_POINT('',(20.0,0.0,3.0));
#2462=VECTOR('',#2933,1.0);
#2463=AXIS2_PLACEMENT_3D('',#2934,#2935,#2936);
#2464=CARTESIAN_POINT('',(18.55,0.433012701892219,-2.75));
#2465=AXIS2_PLACEMENT_3D('',#2937,#2938,#2939);
#2466=CARTESIAN_POINT('',(18.55,-2.55,-2.25));
#2467=CARTESIAN_POINT('',(18.55,-2.55,-2.25));
#2468=VECTOR('',#2940,1.0);
#2469=CARTESIAN_POINT('',(18.55,-2.55,-2.75));
#2470=AXIS2_PLACEMENT_3D('',#2941,#2942,#2943);
#2471=CARTESIAN_POINT('',(18.55,-2.55,-2.75));
#2472=VECTOR('',#2944,1.0);
#2473=CARTESIAN_POINT('',(18.4,-2.55,-2.25));
#2474=CARTESIAN_POINT('',(18.4,0.129135609834961,-2.25));
#2475=VECTOR('',#2945,1.0);
#2476=CARTESIAN_POINT('',(18.3,-2.55,-2.25));
#2477=VECTOR('',#2946,1.0);
#2478=CARTESIAN_POINT('',(18.2,-2.86698729810778,-2.0));
#2479=CARTESIAN_POINT('',(18.2,-2.86698729810778,-2.0));
#2480=VECTOR('',#2947,1.0);
#2481=CARTESIAN_POINT('',(18.4,-2.86698729810778,-2.0));
#2482=CARTESIAN_POINT('',(18.2,-2.86698729810778,-2.0));
#2483=VECTOR('',#2948,1.0);
#2484=CARTESIAN_POINT('',(18.4,-2.86698729810778,-2.0));
#2485=VECTOR('',#2949,1.0);
#2486=CARTESIAN_POINT('',(18.4,0.433012701892219,-2.75));
#2487=CARTESIAN_POINT('',(18.475,0.433012701892219,-2.75));
#2488=VECTOR('',#2950,1.0);
#2489=CARTESIAN_POINT('',(18.4,-2.55,-2.75));
#2490=CARTESIAN_POINT('',(18.3,-2.55,-2.75));
#2491=VECTOR('',#2951,1.0);
#2492=CARTESIAN_POINT('',(18.4,0.129135609834961,-2.75));
#2493=VECTOR('',#2952,1.0);
#2494=AXIS2_PLACEMENT_3D('',#2953,#2954,#2955);
#2495=CARTESIAN_POINT('',(18.2,0.0,-3.0));
#2496=CARTESIAN_POINT('',(18.4,0.0,-3.0));
#2497=CARTESIAN_POINT('',(8.8,0.0,-3.0));
#2498=VECTOR('',#2956,1.0);
#2499=CARTESIAN_POINT('',(18.4,-2.86698729810778,-3.0));
#2500=CARTESIAN_POINT('',(18.4,-2.86698729810778,-3.0));
#2501=VECTOR('',#2957,1.0);
#2502=CARTESIAN_POINT('',(18.2,-2.86698729810778,-3.0));
#2503=CARTESIAN_POINT('',(18.2,-2.86698729810778,-3.0));
#2504=VECTOR('',#2958,1.0);
#2505=CARTESIAN_POINT('',(18.2,-2.86698729810778,-3.0));
#2506=VECTOR('',#2959,1.0);
#2507=CARTESIAN_POINT('',(18.4,-3.3,-2.75));
#2508=CARTESIAN_POINT('',(18.4,-3.3,-2.75));
#2509=VECTOR('',#2960,1.0);
#2510=CARTESIAN_POINT('',(18.2,-3.3,-2.75));
#2511=CARTESIAN_POINT('',(18.2,-3.3,-2.75));
#2512=VECTOR('',#2961,1.0);
#2513=CARTESIAN_POINT('',(18.2,-3.3,-2.75));
#2514=VECTOR('',#2962,1.0);
#2515=CARTESIAN_POINT('',(18.4,-3.3,-2.25));
#2516=CARTESIAN_POINT('',(18.4,-3.3,-2.25));
#2517=VECTOR('',#2963,1.0);
#2518=CARTESIAN_POINT('',(18.2,-3.3,-2.25));
#2519=CARTESIAN_POINT('',(18.2,-3.3,-2.25));
#2520=VECTOR('',#2964,1.0);
#2521=CARTESIAN_POINT('',(18.2,-3.3,-2.25));
#2522=VECTOR('',#2965,1.0);
#2523=CARTESIAN_POINT('',(18.4,-3.3,-2.25));
#2524=VECTOR('',#2966,1.0);
#2525=CARTESIAN_POINT('',(18.2,-3.3,-2.25));
#2526=VECTOR('',#2967,1.0);
#2527=AXIS2_PLACEMENT_3D('',#2968,#2969,#2970);
#2528=AXIS2_PLACEMENT_3D('',#2971,#2972,#2973);
#2529=CARTESIAN_POINT('',(16.0,0.0,-3.0));
#2530=AXIS2_PLACEMENT_3D('',#2974,#2975,#2976);
#2531=CARTESIAN_POINT('',(8.8,0.0,-3.0));
#2532=VECTOR('',#2977,1.0);
#2533=CARTESIAN_POINT('',(24.0,0.0,-3.0));
#2534=CARTESIAN_POINT('',(8.8,0.0,-3.0));
#2535=VECTOR('',#2978,1.0);
#2536=AXIS2_PLACEMENT_3D('',#2979,#2980,#2981);
#2537=CARTESIAN_POINT('',(22.0,-2.86698729810778,-9.5));
#2538=CARTESIAN_POINT('',(22.0,-2.86698729810778,-9.5));
#2539=VECTOR('',#2982,1.0);
#2540=CARTESIAN_POINT('',(22.0,-3.3,-9.75));
#2541=CARTESIAN_POINT('',(22.0,-3.3,-9.75));
#2542=VECTOR('',#2983,1.0);
#2543=CARTESIAN_POINT('',(22.0,-3.3,-10.25));
#2544=CARTESIAN_POINT('',(22.0,-3.3,-9.75));
#2545=VECTOR('',#2984,1.0);
#2546=CARTESIAN_POINT('',(22.0,-2.86698729810778,-10.5));
#2547=CARTESIAN_POINT('',(22.0,-3.3,-10.25));
#2548=VECTOR('',#2985,1.0);
#2549=CARTESIAN_POINT('',(22.0,-2.86698729810778,-10.5));
#2550=VECTOR('',#2986,1.0);
#2551=CARTESIAN_POINT('',(-2.4,0.5,-9.5));
#2552=VECTOR('',#2987,1.0);
#2553=CARTESIAN_POINT('',(21.6,-2.86698729810778,-9.5));
#2554=CARTESIAN_POINT('',(21.6,-2.86698729810778,-9.5));
#2555=VECTOR('',#2988,1.0);
#2556=CARTESIAN_POINT('',(21.6,-2.86698729810778,-9.5));
#2557=VECTOR('',#2989,1.0);
#2558=CARTESIAN_POINT('',(21.6,-2.86698729810778,-10.5));
#2559=CARTESIAN_POINT('',(21.6,-2.86698729810778,-10.5));
#2560=VECTOR('',#2990,1.0);
#2561=CARTESIAN_POINT('',(21.6,-2.86698729810778,-10.5));
#2562=VECTOR('',#2991,1.0);
#2563=CARTESIAN_POINT('',(21.6,-3.3,-10.25));
#2564=CARTESIAN_POINT('',(21.6,-3.3,-10.25));
#2565=VECTOR('',#2992,1.0);
#2566=CARTESIAN_POINT('',(21.6,-3.3,-10.25));
#2567=VECTOR('',#2993,1.0);
#2568=CARTESIAN_POINT('',(21.6,-3.3,-9.75));
#2569=CARTESIAN_POINT('',(21.6,-3.3,-9.75));
#2570=VECTOR('',#2994,1.0);
#2571=CARTESIAN_POINT('',(21.6,-3.3,-9.75));
#2572=VECTOR('',#2995,1.0);
#2573=CARTESIAN_POINT('',(21.6,-3.3,-9.75));
#2574=VECTOR('',#2996,1.0);
#2575=AXIS2_PLACEMENT_3D('',#2997,#2998,#2999);
#2576=AXIS2_PLACEMENT_3D('',#3000,#3001,#3002);
#2577=AXIS2_PLACEMENT_3D('',#3003,#3004,#3005);
#2578=AXIS2_PLACEMENT_3D('',#3006,#3007,#3008);
#2579=AXIS2_PLACEMENT_3D('',#3009,#3010,#3011);
#2580=AXIS2_PLACEMENT_3D('',#3012,#3013,#3014);
#2581=AXIS2_PLACEMENT_3D('',#3015,#3016,#3017);
#2582=AXIS2_PLACEMENT_3D('',#3018,#3019,#3020);
#2583=CARTESIAN_POINT('',(24.0,0.0,-9.0));
#2584=CARTESIAN_POINT('',(24.0,0.0,-13.8));
#2585=VECTOR('',#3021,1.0);
#2586=AXIS2_PLACEMENT_3D('',#3022,#3023,#3024);
#2587=CARTESIAN_POINT('',(24.0,2.0,-11.5));
#2588=CARTESIAN_POINT('',(24.0,0.925,-11.5));
#2589=VECTOR('',#3025,1.0);
#2590=CARTESIAN_POINT('',(24.0,2.0,11.5));
#2591=CARTESIAN_POINT('',(24.0,2.0,-13.8));
#2592=VECTOR('',#3026,1.0);
#2593=CARTESIAN_POINT('',(24.0,0.925,11.5));
#2594=VECTOR('',#3027,1.0);
#2595=CARTESIAN_POINT('',(24.0,0.0,9.0));
#2596=AXIS2_PLACEMENT_3D('',#3028,#3029,#3030);
#2597=CARTESIAN_POINT('',(24.0,0.0,3.0));
#2598=CARTESIAN_POINT('',(24.0,0.0,-13.8));
#2599=VECTOR('',#3031,1.0);
#2600=AXIS2_PLACEMENT_3D('',#3032,#3033,#3034);
#2601=CARTESIAN_POINT('',(6.0,0.0,-11.5));
#2602=AXIS2_PLACEMENT_3D('',#3035,#3036,#3037);
#2603=CARTESIAN_POINT('',(3.0,0.0,-11.5));
#2604=CARTESIAN_POINT('',(1.05,0.0,-11.5));
#2605=VECTOR('',#3038,1.0);
#2606=AXIS2_PLACEMENT_3D('',#3039,#3040,#3041);
#2607=CARTESIAN_POINT('',(0.0,2.0,-11.5));
#2608=CARTESIAN_POINT('',(0.0,1.05,-11.5));
#2609=VECTOR('',#3042,1.0);
#2610=CARTESIAN_POINT('',(4.8,2.0,-11.5));
#2611=VECTOR('',#3043,1.0);
#2612=CARTESIAN_POINT('',(16.0,0.0,-9.0));
#2613=AXIS2_PLACEMENT_3D('',#3044,#3045,#3046);
#2614=CARTESIAN_POINT('',(20.0,0.0,-9.0));
#2615=VECTOR('',#3047,1.0);
#2616=CARTESIAN_POINT('',(3.0,0.0,-11.0));
#2617=AXIS2_PLACEMENT_3D('',#3048,#3049,#3050);
#2618=CARTESIAN_POINT('',(6.0,0.0,-11.0));
#2619=CARTESIAN_POINT('',(1.05,0.0,-11.0));
#2620=VECTOR('',#3051,1.0);
#2621=AXIS2_PLACEMENT_3D('',#3052,#3053,#3054);
#2622=CARTESIAN_POINT('',(6.0,0.0,-1.0));
#2623=AXIS2_PLACEMENT_3D('',#3055,#3056,#3057);
#2624=CARTESIAN_POINT('',(3.0,0.0,-1.0));
#2625=CARTESIAN_POINT('',(1.05,0.0,-1.0));
#2626=VECTOR('',#3058,1.0);
#2627=AXIS2_PLACEMENT_3D('',#3059,#3060,#3061);
#2628=CARTESIAN_POINT('',(3.0,0.0,-0.5));
#2629=AXIS2_PLACEMENT_3D('',#3062,#3063,#3064);
#2630=CARTESIAN_POINT('',(6.0,0.0,-0.5));
#2631=CARTESIAN_POINT('',(1.05,0.0,-0.5));
#2632=VECTOR('',#3065,1.0);
#2633=AXIS2_PLACEMENT_3D('',#3066,#3067,#3068);
#2634=CARTESIAN_POINT('',(20.0,0.0,3.0));
#2635=VECTOR('',#3069,1.0);
#2636=CARTESIAN_POINT('',(3.0,0.0,1.0));
#2637=AXIS2_PLACEMENT_3D('',#3070,#3071,#3072);
#2638=CARTESIAN_POINT('',(6.0,0.0,1.0));
#2639=CARTESIAN_POINT('',(1.05,0.0,1.0));
#2640=VECTOR('',#3073,1.0);
#2641=AXIS2_PLACEMENT_3D('',#3074,#3075,#3076);
#2642=CARTESIAN_POINT('',(6.0,0.0,11.0));
#2643=AXIS2_PLACEMENT_3D('',#3077,#3078,#3079);
#2644=CARTESIAN_POINT('',(3.0,0.0,11.0));
#2645=CARTESIAN_POINT('',(1.05,0.0,11.0));
#2646=VECTOR('',#3080,1.0);
#2647=AXIS2_PLACEMENT_3D('',#3081,#3082,#3083);
#2648=CARTESIAN_POINT('',(23.9,2.0,11.4));
#2649=CARTESIAN_POINT('',(23.9,2.1,11.4));
#2650=CARTESIAN_POINT('',(23.9,1.99999999999975,11.4));
#2651=VECTOR('',#3084,1.0);
#2652=CARTESIAN_POINT('',(0.0999999999999996,2.1,11.4));
#2653=CARTESIAN_POINT('',(-4.8,2.1,11.4));
#2654=VECTOR('',#3085,1.0);
#2655=CARTESIAN_POINT('',(0.1,2.0,11.4));
#2656=CARTESIAN_POINT('',(0.1,2.0,11.4));
#2657=VECTOR('',#3086,1.0);
#2658=CARTESIAN_POINT('',(-3.6,2.0,11.4));
#2659=VECTOR('',#3087,1.0);
#2660=CARTESIAN_POINT('',(24.0,2.1,11.5));
#2661=CARTESIAN_POINT('',(24.0,26.5,11.5));
#2662=CARTESIAN_POINT('',(24.0,14.3,11.5));
#2663=VECTOR('',#3088,1.0);
#2664=CARTESIAN_POINT('',(0.0,26.5,11.5));
#2665=CARTESIAN_POINT('',(-4.8,26.5,11.5));
#2666=VECTOR('',#3089,1.0);
#2667=CARTESIAN_POINT('',(0.0,2.1,11.5));
#2668=CARTESIAN_POINT('',(0.0,14.3,11.5));
#2669=VECTOR('',#3090,1.0);
#2670=CARTESIAN_POINT('',(9.575,2.1,11.5));
#2671=VECTOR('',#3091,1.0);
#2672=CARTESIAN_POINT('',(23.5,27.0,11.0));
#2673=AXIS2_PLACEMENT_3D('',#3092,#3093,#3094);
#2674=CARTESIAN_POINT('',(0.5,27.0,11.0));
#2675=CARTESIAN_POINT('',(12.0,27.0,11.0));
#2676=VECTOR('',#3095,1.0);
#2677=AXIS2_PLACEMENT_3D('',#3096,#3097,#3098);
#2678=CARTESIAN_POINT('',(3.0,0.0,0.5));
#2679=AXIS2_PLACEMENT_3D('',#3099,#3100,#3101);
#2680=CARTESIAN_POINT('',(6.0,0.0,0.5));
#2681=AXIS2_PLACEMENT_3D('',#3102,#3103,#3104);
#2682=CARTESIAN_POINT('',(1.05,0.0,0.5));
#2683=VECTOR('',#3105,1.0);
#2684=CARTESIAN_POINT('',(16.0,0.0,9.0));
#2685=AXIS2_PLACEMENT_3D('',#3106,#3107,#3108);
#2686=CARTESIAN_POINT('',(8.8,0.0,9.0));
#2687=VECTOR('',#3109,1.0);
#2688=CARTESIAN_POINT('',(0.0,2.0,11.5));
#2689=CARTESIAN_POINT('',(4.8,2.0,11.5));
#2690=VECTOR('',#3110,1.0);
#2691=CARTESIAN_POINT('',(0.0,1.05,11.5));
#2692=VECTOR('',#3111,1.0);
#2693=CARTESIAN_POINT('',(3.0,0.0,11.5));
#2694=AXIS2_PLACEMENT_3D('',#3112,#3113,#3114);
#2695=CARTESIAN_POINT('',(6.0,0.0,11.5));
#2696=CARTESIAN_POINT('',(1.05,0.0,11.5));
#2697=VECTOR('',#3115,1.0);
#2698=AXIS2_PLACEMENT_3D('',#3116,#3117,#3118);
#2699=CARTESIAN_POINT('',(23.9,2.1,-11.4));
#2700=CARTESIAN_POINT('',(23.9,2.0,-11.4));
#2701=CARTESIAN_POINT('',(23.9,1.99999999999975,-11.4));
#2702=VECTOR('',#3119,1.0);
#2703=CARTESIAN_POINT('',(0.1,2.0,-11.4));
#2704=CARTESIAN_POINT('',(-3.6,2.0,-11.4));
#2705=VECTOR('',#3120,1.0);
#2706=CARTESIAN_POINT('',(0.0999999999999996,2.1,-11.4));
#2707=CARTESIAN_POINT('',(0.1,2.0,-11.4));
#2708=VECTOR('',#3121,1.0);
#2709=CARTESIAN_POINT('',(-4.8,2.1,-11.4));
#2710=VECTOR('',#3122,1.0);
#2711=CARTESIAN_POINT('',(23.5,27.0,-11.0));
#2712=CARTESIAN_POINT('',(24.0,26.5,-11.5));
#2713=AXIS2_PLACEMENT_3D('',#3123,#3124,#3125);
#2714=CARTESIAN_POINT('',(0.0,26.5,-11.5));
#2715=CARTESIAN_POINT('',(-4.8,26.5,-11.5));
#2716=VECTOR('',#3126,1.0);
#2717=CARTESIAN_POINT('',(0.5,27.0,-11.0));
#2718=AXIS2_PLACEMENT_3D('',#3127,#3128,#3129);
#2719=CARTESIAN_POINT('',(12.0,27.0,-11.0));
#2720=VECTOR('',#3130,1.0);
#2721=CARTESIAN_POINT('',(24.0,2.1,-11.5));
#2722=CARTESIAN_POINT('',(24.0,14.3,-11.5));
#2723=VECTOR('',#3131,1.0);
#2724=CARTESIAN_POINT('',(0.0,2.1,-11.5));
#2725=CARTESIAN_POINT('',(-2.375,2.1,-11.5));
#2726=VECTOR('',#3132,1.0);
#2727=CARTESIAN_POINT('',(0.0,14.3,-11.5));
#2728=VECTOR('',#3133,1.0);
#2729=CARTESIAN_POINT('',(16.0,0.0,-13.8));
#2730=VECTOR('',#3134,1.0);
#2731=CARTESIAN_POINT('',(16.0,0.0,-13.8));
#2732=VECTOR('',#3135,1.0);
#2733=CARTESIAN_POINT('',(6.0,0.0,-13.8));
#2734=VECTOR('',#3136,1.0);
#2735=CARTESIAN_POINT('',(6.0,0.0,-13.8));
#2736=VECTOR('',#3137,1.0);
#2737=CARTESIAN_POINT('',(6.0,0.0,-13.8));
#2738=VECTOR('',#3138,1.0);
#2739=CARTESIAN_POINT('',(6.0,0.0,-13.8));
#2740=VECTOR('',#3139,1.0);
#2741=CARTESIAN_POINT('',(3.0,0.0,-13.8));
#2742=VECTOR('',#3140,1.0);
#2743=CARTESIAN_POINT('',(3.0,0.0,-13.8));
#2744=VECTOR('',#3141,1.0);
#2745=CARTESIAN_POINT('',(3.0,0.0,-13.8));
#2746=VECTOR('',#3142,1.0);
#2747=CARTESIAN_POINT('',(3.0,0.0,-13.8));
#2748=VECTOR('',#3143,1.0);
#2749=CARTESIAN_POINT('',(23.9,2.1,-16.1));
#2750=VECTOR('',#3144,1.0);
#2751=CARTESIAN_POINT('',(0.1,2.1,-16.1));
#2752=VECTOR('',#3145,1.0);
#2753=CARTESIAN_POINT('',(0.0,2.1,-16.1));
#2754=VECTOR('',#3146,1.0);
#2755=CARTESIAN_POINT('',(24.0,2.1,-16.1));
#2756=VECTOR('',#3147,1.0);
#2757=CARTESIAN_POINT('',(0.0,2.0,-13.8));
#2758=VECTOR('',#3148,1.0);
#2759=CARTESIAN_POINT('',(0.5,27.0,-16.1));
#2760=VECTOR('',#3149,1.0);
#2761=CARTESIAN_POINT('',(0.0,26.5,-16.1));
#2762=VECTOR('',#3150,1.0);
#2763=CARTESIAN_POINT('',(0.0999999999999996,2.0,-14.95));
#2764=VECTOR('',#3151,1.0);
#2765=CARTESIAN_POINT('',(23.9,2.0,-14.95));
#2766=VECTOR('',#3152,1.0);
#2767=CARTESIAN_POINT('',(23.5,27.0,-16.1));
#2768=VECTOR('',#3153,1.0);
#2769=CARTESIAN_POINT('',(24.0,26.5,-16.1));
#2770=VECTOR('',#3154,1.0);
#2771=DIRECTION('',(0.707106781186548,0.707106781186547,0.0));
#2772=CARTESIAN_POINT('',(1.8,-3.3,-10.0));
#2773=DIRECTION('',(-0.0,1.0,0.0));
#2774=DIRECTION('',(1.0,0.0,0.0));
#2775=DIRECTION('',(0.707106781186548,-0.707106781186547,-0.0));
#2776=CARTESIAN_POINT('',(1.8,-3.175,-10.0));
#2777=DIRECTION('',(-0.0,1.0,0.0));
#2778=DIRECTION('',(1.0,0.0,0.0));
#2779=DIRECTION('',(0.0,1.0,0.0));
#2780=DIRECTION('',(-0.0,-1.0,-0.0));
#2781=CARTESIAN_POINT('',(1.8,0.5,-10.0));
#2782=DIRECTION('',(-0.0,1.0,0.0));
#2783=DIRECTION('',(1.0,0.0,0.0));
#2784=DIRECTION('',(0.707106781186548,0.707106781186547,0.0));
#2785=CARTESIAN_POINT('',(1.8,-3.3,-2.5));
#2786=DIRECTION('',(-0.0,1.0,0.0));
#2787=DIRECTION('',(1.0,0.0,0.0));
#2788=DIRECTION('',(0.707106781186548,-0.707106781186547,-0.0));
#2789=CARTESIAN_POINT('',(1.8,-3.175,-2.5));
#2790=DIRECTION('',(-0.0,1.0,0.0));
#2791=DIRECTION('',(1.0,0.0,0.0));
#2792=DIRECTION('',(0.0,1.0,0.0));
#2793=DIRECTION('',(-0.0,-1.0,-0.0));
#2794=CARTESIAN_POINT('',(1.8,0.5,-2.5));
#2795=DIRECTION('',(-0.0,1.0,0.0));
#2796=DIRECTION('',(1.0,0.0,0.0));
#2797=DIRECTION('',(0.707106781186548,0.707106781186547,0.0));
#2798=CARTESIAN_POINT('',(1.8,-3.3,2.5));
#2799=DIRECTION('',(-0.0,1.0,0.0));
#2800=DIRECTION('',(1.0,0.0,0.0));
#2801=DIRECTION('',(0.707106781186548,-0.707106781186547,-0.0));
#2802=CARTESIAN_POINT('',(1.8,-3.175,2.5));
#2803=DIRECTION('',(-0.0,1.0,0.0));
#2804=DIRECTION('',(1.0,0.0,0.0));
#2805=DIRECTION('',(0.0,1.0,0.0));
#2806=DIRECTION('',(-0.0,-1.0,-0.0));
#2807=CARTESIAN_POINT('',(1.8,0.5,2.5));
#2808=DIRECTION('',(-0.0,1.0,0.0));
#2809=DIRECTION('',(1.0,0.0,0.0));
#2810=DIRECTION('',(0.707106781186548,0.707106781186547,0.0));
#2811=CARTESIAN_POINT('',(1.8,-3.3,10.0));
#2812=DIRECTION('',(-0.0,1.0,0.0));
#2813=DIRECTION('',(1.0,0.0,0.0));
#2814=DIRECTION('',(0.707106781186548,-0.707106781186547,-0.0));
#2815=CARTESIAN_POINT('',(1.8,-3.175,10.0));
#2816=DIRECTION('',(-0.0,1.0,0.0));
#2817=DIRECTION('',(1.0,0.0,0.0));
#2818=DIRECTION('',(0.0,1.0,0.0));
#2819=DIRECTION('',(-0.0,-1.0,-0.0));
#2820=CARTESIAN_POINT('',(1.8,0.5,10.0));
#2821=DIRECTION('',(-0.0,1.0,0.0));
#2822=DIRECTION('',(1.0,0.0,0.0));
#2823=DIRECTION('',(6.12323399573676E-17,0.0,-1.0));
#2824=DIRECTION('',(6.12446429480582E-34,1.0,-1.00020092308573E-17));
#2825=CARTESIAN_POINT('',(18.55,-2.55,10.0));
#2826=DIRECTION('',(-1.0,-0.0,-6.12323399573676E-17));
#2827=DIRECTION('',(6.12323399573676E-17,0.0,-1.0));
#2828=DIRECTION('',(0.0,-1.0,0.0));
#2829=DIRECTION('',(1.0,0.0,6.12323399573676E-17));
#2830=DIRECTION('',(6.12446429480582E-34,1.0,-1.00020092308573E-17));
#2831=DIRECTION('',(1.0,0.0,6.12323399573676E-17));
#2832=DIRECTION('',(1.0,0.0,6.12323399573676E-17));
#2833=DIRECTION('',(5.60257919886755E-34,1.0,-9.14970618919395E-18));
#2834=DIRECTION('',(1.0,0.0,6.12323399573676E-17));
#2835=DIRECTION('',(5.60257919886755E-34,1.0,-9.14970618919395E-18));
#2836=DIRECTION('',(-1.0,-0.0,-6.12323399573676E-17));
#2837=DIRECTION('',(1.0,0.0,6.12323399573676E-17));
#2838=DIRECTION('',(0.0,-1.0,0.0));
#2839=CARTESIAN_POINT('',(18.4,-2.55,10.0));
#2840=DIRECTION('',(-1.0,-0.0,-6.12323399573676E-17));
#2841=DIRECTION('',(6.12323399573676E-17,0.0,-1.0));
#2842=DIRECTION('',(1.0,0.0,6.12323399573676E-17));
#2843=DIRECTION('',(0.0,-1.0,0.0));
#2844=DIRECTION('',(1.0,0.0,6.12323399573676E-17));
#2845=DIRECTION('',(0.0,1.0,0.0));
#2846=DIRECTION('',(-3.06161699786838E-17,-0.866025403784438,0.5));
#2847=DIRECTION('',(1.0,0.0,6.12323399573676E-17));
#2848=DIRECTION('',(3.06161699786838E-17,0.866025403784438,-0.5));
#2849=DIRECTION('',(-6.12323399573676E-17,0.0,1.0));
#2850=DIRECTION('',(1.0,0.0,6.12323399573676E-17));
#2851=DIRECTION('',(6.12323399573676E-17,0.0,-1.0));
#2852=DIRECTION('',(-3.06161699786838E-17,0.866025403784439,0.5));
#2853=DIRECTION('',(-3.06161699786838E-17,0.866025403784439,0.5));
#2854=DIRECTION('',(6.12323399573676E-17,0.0,-1.0));
#2855=DIRECTION('',(6.12323399573676E-17,0.0,-1.0));
#2856=DIRECTION('',(-6.12323399573676E-17,0.0,1.0));
#2857=DIRECTION('',(6.12323399573676E-17,0.0,-1.0));
#2858=CARTESIAN_POINT('',(22.0,0.0,2.5));
#2859=DIRECTION('',(-1.0,-0.0,-6.12323399573676E-17));
#2860=DIRECTION('',(6.12323399573676E-17,0.0,-1.0));
#2861=DIRECTION('',(5.60257919886755E-34,1.0,-9.14970618919395E-18));
#2862=DIRECTION('',(-3.06161699786838E-17,0.866025403784439,0.5));
#2863=DIRECTION('',(-6.12323399573676E-17,0.0,1.0));
#2864=DIRECTION('',(-3.06161699786838E-17,-0.866025403784438,0.5));
#2865=DIRECTION('',(0.0,-1.0,0.0));
#2866=DIRECTION('',(-1.0,-0.0,-6.12323399573676E-17));
#2867=DIRECTION('',(1.0,0.0,6.12323399573676E-17));
#2868=DIRECTION('',(0.0,1.0,0.0));
#2869=DIRECTION('',(1.0,0.0,6.12323399573676E-17));
#2870=DIRECTION('',(3.06161699786838E-17,0.866025403784438,-0.5));
#2871=DIRECTION('',(1.0,0.0,6.12323399573676E-17));
#2872=DIRECTION('',(6.12323399573676E-17,0.0,-1.0));
#2873=DIRECTION('',(1.0,0.0,6.12323399573676E-17));
#2874=DIRECTION('',(-3.06161699786838E-17,0.866025403784439,0.5));
#2875=DIRECTION('',(-1.0,0.0,-6.12323399573676E-17));
#2876=DIRECTION('',(5.60257919886755E-34,1.0,-9.14970618919395E-18));
#2877=DIRECTION('',(-6.12323399573676E-17,0.0,1.0));
#2878=CARTESIAN_POINT('',(21.6,0.0,2.5));
#2879=DIRECTION('',(1.0,0.0,6.12323399573676E-17));
#2880=DIRECTION('',(6.12323399573676E-17,0.0,-1.0));
#2881=DIRECTION('',(1.0,0.0,6.12323399573676E-17));
#2882=DIRECTION('',(-0.0,0.0,1.0));
#2883=DIRECTION('',(1.0,0.0,6.12323399573676E-17));
#2884=DIRECTION('',(0.0,0.0,1.0));
#2885=DIRECTION('',(1.0,0.0,6.12323399573676E-17));
#2886=DIRECTION('',(0.0,0.0,1.0));
#2887=DIRECTION('',(1.0,0.0,6.12323399573676E-17));
#2888=DIRECTION('',(0.0,0.0,1.0));
#2889=DIRECTION('',(-1.0,-0.0,-6.12323399573676E-17));
#2890=DIRECTION('',(0.0,0.0,1.0));
#2891=DIRECTION('',(1.0,0.0,6.12323399573676E-17));
#2892=DIRECTION('',(0.0,0.0,1.0));
#2893=DIRECTION('',(-1.0,0.0,-6.12323399573676E-17));
#2894=DIRECTION('',(0.0,0.0,-1.0));
#2895=DIRECTION('',(1.0,0.0,6.12323399573676E-17));
#2896=DIRECTION('',(6.12323399573676E-17,0.0,-1.0));
#2897=DIRECTION('',(-1.0,-0.0,-6.12323399573676E-17));
#2898=DIRECTION('',(-6.12323399573676E-17,0.0,1.0));
#2899=DIRECTION('',(1.0,0.0,6.12323399573676E-17));
#2900=DIRECTION('',(0.0,0.0,1.0));
#2901=DIRECTION('',(1.0,0.0,6.12323399573676E-17));
#2902=DIRECTION('',(-6.12323399573676E-17,0.0,1.0));
#2903=DIRECTION('',(1.0,0.0,6.12323399573676E-17));
#2904=DIRECTION('',(6.12323399573676E-17,0.0,-1.0));
#2905=DIRECTION('',(1.0,0.0,6.12323399573676E-17));
#2906=DIRECTION('',(6.12323399573676E-17,0.0,-1.0));
#2907=DIRECTION('',(1.0,0.0,6.12323399573676E-17));
#2908=DIRECTION('',(-0.0,0.0,1.0));
#2909=DIRECTION('',(1.0,0.0,6.12323399573676E-17));
#2910=DIRECTION('',(1.0,0.0,6.12323399573676E-17));
#2911=DIRECTION('',(0.0,0.0,1.0));
#2912=DIRECTION('',(1.0,0.0,6.12323399573676E-17));
#2913=CARTESIAN_POINT('',(1.8,0.5,10.0));
#2914=DIRECTION('',(-0.0,1.0,0.0));
#2915=DIRECTION('',(1.0,0.0,0.0));
#2916=CARTESIAN_POINT('',(1.8,0.5,2.5));
#2917=DIRECTION('',(-0.0,1.0,0.0));
#2918=DIRECTION('',(1.0,0.0,0.0));
#2919=CARTESIAN_POINT('',(1.8,0.5,-2.5));
#2920=DIRECTION('',(-0.0,1.0,0.0));
#2921=DIRECTION('',(1.0,0.0,0.0));
#2922=CARTESIAN_POINT('',(1.8,0.5,-10.0));
#2923=DIRECTION('',(-0.0,1.0,0.0));
#2924=DIRECTION('',(1.0,0.0,0.0));
#2925=DIRECTION('',(0.0,0.0,1.0));
#2926=DIRECTION('',(1.0,0.0,6.12323399573676E-17));
#2927=DIRECTION('',(0.0,0.0,1.0));
#2928=DIRECTION('',(1.0,0.0,6.12323399573676E-17));
#2929=DIRECTION('',(1.0,0.0,6.12323399573676E-17));
#2930=DIRECTION('',(0.0,0.0,1.0));
#2931=DIRECTION('',(1.0,0.0,6.12323399573676E-17));
#2932=DIRECTION('',(0.0,0.0,1.0));
#2933=DIRECTION('',(-1.0,0.0,-6.12323399573676E-17));
#2934=CARTESIAN_POINT('',(16.0,0.0,2.5));
#2935=DIRECTION('',(-1.0,0.0,0.0));
#2936=DIRECTION('',(0.0,0.0,-1.0));
#2937=CARTESIAN_POINT('',(18.55,0.0,-2.5));
#2938=DIRECTION('',(-1.0,-0.0,-6.12323399573676E-17));
#2939=DIRECTION('',(6.12323399573676E-17,0.0,-1.0));
#2940=DIRECTION('',(6.12446429480582E-34,1.0,-1.00020092308573E-17));
#2941=CARTESIAN_POINT('',(18.55,-2.55,-2.5));
#2942=DIRECTION('',(-1.0,-0.0,-6.12323399573676E-17));
#2943=DIRECTION('',(6.12323399573676E-17,0.0,-1.0));
#2944=DIRECTION('',(0.0,-1.0,0.0));
#2945=DIRECTION('',(6.12446429480582E-34,1.0,-1.00020092308573E-17));
#2946=DIRECTION('',(1.0,0.0,6.12323399573676E-17));
#2947=DIRECTION('',(5.60257919886755E-34,1.0,-9.14970618919395E-18));
#2948=DIRECTION('',(1.0,0.0,6.12323399573676E-17));
#2949=DIRECTION('',(5.60257919886755E-34,1.0,-9.14970618919395E-18));
#2950=DIRECTION('',(-1.0,0.0,-6.12323399573676E-17));
#2951=DIRECTION('',(1.0,0.0,6.12323399573676E-17));
#2952=DIRECTION('',(0.0,-1.0,0.0));
#2953=CARTESIAN_POINT('',(18.4,-2.55,-2.5));
#2954=DIRECTION('',(-1.0,-0.0,-6.12323399573676E-17));
#2955=DIRECTION('',(6.12323399573676E-17,0.0,-1.0));
#2956=DIRECTION('',(1.0,0.0,6.12323399573676E-17));
#2957=DIRECTION('',(0.0,-1.0,0.0));
#2958=DIRECTION('',(1.0,0.0,6.12323399573676E-17));
#2959=DIRECTION('',(0.0,1.0,0.0));
#2960=DIRECTION('',(-3.06161699786838E-17,-0.866025403784438,0.5));
#2961=DIRECTION('',(1.0,0.0,6.12323399573676E-17));
#2962=DIRECTION('',(3.06161699786838E-17,0.866025403784438,-0.5));
#2963=DIRECTION('',(-6.12323399573676E-17,0.0,1.0));
#2964=DIRECTION('',(1.0,0.0,6.12323399573676E-17));
#2965=DIRECTION('',(6.12323399573676E-17,0.0,-1.0));
#2966=DIRECTION('',(-3.06161699786838E-17,0.866025403784439,0.5));
#2967=DIRECTION('',(-3.06161699786838E-17,0.866025403784439,0.5));
#2968=CARTESIAN_POINT('',(18.4,0.0,-2.5));
#2969=DIRECTION('',(-1.0,-0.0,-6.12323399573676E-17));
#2970=DIRECTION('',(6.12323399573676E-17,0.0,-1.0));
#2971=CARTESIAN_POINT('',(18.2,0.0,-2.5));
#2972=DIRECTION('',(1.0,0.0,6.12323399573676E-17));
#2973=DIRECTION('',(6.12323399573676E-17,0.0,-1.0));
#2974=CARTESIAN_POINT('',(16.0,0.0,-2.5));
#2975=DIRECTION('',(-1.0,0.0,0.0));
#2976=DIRECTION('',(0.0,0.0,-1.0));
#2977=DIRECTION('',(1.0,0.0,6.12323399573676E-17));
#2978=DIRECTION('',(1.0,0.0,6.12323399573676E-17));
#2979=CARTESIAN_POINT('',(24.0,0.0,-2.5));
#2980=DIRECTION('',(1.0,0.0,0.0));
#2981=DIRECTION('',(0.0,0.0,-1.0));
#2982=DIRECTION('',(5.60257919886755E-34,1.0,-9.14970618919395E-18));
#2983=DIRECTION('',(-3.06161699786838E-17,0.866025403784439,0.5));
#2984=DIRECTION('',(-6.12323399573676E-17,0.0,1.0));
#2985=DIRECTION('',(-3.06161699786838E-17,-0.866025403784438,0.5));
#2986=DIRECTION('',(0.0,-1.0,0.0));
#2987=DIRECTION('',(1.0,0.0,6.12323399573676E-17));
#2988=DIRECTION('',(5.60257919886755E-34,1.0,-9.14970618919395E-18));
#2989=DIRECTION('',(1.0,0.0,6.12323399573676E-17));
#2990=DIRECTION('',(1.0,0.0,6.12323399573676E-17));
#2991=DIRECTION('',(0.0,1.0,0.0));
#2992=DIRECTION('',(1.0,0.0,6.12323399573676E-17));
#2993=DIRECTION('',(3.06161699786838E-17,0.866025403784438,-0.5));
#2994=DIRECTION('',(1.0,0.0,6.12323399573676E-17));
#2995=DIRECTION('',(6.12323399573676E-17,0.0,-1.0));
#2996=DIRECTION('',(-3.06161699786838E-17,0.866025403784439,0.5));
#2997=CARTESIAN_POINT('',(1.8,-3.175,10.0));
#2998=DIRECTION('',(-0.0,1.0,0.0));
#2999=DIRECTION('',(1.0,0.0,0.0));
#3000=CARTESIAN_POINT('',(1.8,-3.3,10.0));
#3001=DIRECTION('',(-0.0,1.0,0.0));
#3002=DIRECTION('',(1.0,0.0,0.0));
#3003=CARTESIAN_POINT('',(1.8,-3.175,2.5));
#3004=DIRECTION('',(-0.0,1.0,0.0));
#3005=DIRECTION('',(1.0,0.0,0.0));
#3006=CARTESIAN_POINT('',(1.8,-3.3,2.5));
#3007=DIRECTION('',(-0.0,1.0,0.0));
#3008=DIRECTION('',(1.0,0.0,0.0));
#3009=CARTESIAN_POINT('',(1.8,-3.175,-2.5));
#3010=DIRECTION('',(-0.0,1.0,0.0));
#3011=DIRECTION('',(1.0,0.0,0.0));
#3012=CARTESIAN_POINT('',(1.8,-3.3,-2.5));
#3013=DIRECTION('',(-0.0,1.0,0.0));
#3014=DIRECTION('',(1.0,0.0,0.0));
#3015=CARTESIAN_POINT('',(1.8,-3.175,-10.0));
#3016=DIRECTION('',(-0.0,1.0,0.0));
#3017=DIRECTION('',(1.0,0.0,0.0));
#3018=CARTESIAN_POINT('',(1.8,-3.3,-10.0));
#3019=DIRECTION('',(-0.0,1.0,0.0));
#3020=DIRECTION('',(1.0,0.0,0.0));
#3021=DIRECTION('',(0.0,0.0,1.0));
#3022=CARTESIAN_POINT('',(24.0,0.0,-9.5));
#3023=DIRECTION('',(1.0,0.0,0.0));
#3024=DIRECTION('',(0.0,0.0,-1.0));
#3025=DIRECTION('',(0.0,-1.0,0.0));
#3026=DIRECTION('',(0.0,0.0,1.0));
#3027=DIRECTION('',(0.0,1.0,-0.0));
#3028=CARTESIAN_POINT('',(24.0,0.0,9.5));
#3029=DIRECTION('',(1.0,0.0,0.0));
#3030=DIRECTION('',(0.0,0.0,-1.0));
#3031=DIRECTION('',(0.0,0.0,1.0));
#3032=CARTESIAN_POINT('',(24.0,0.0,2.5));
#3033=DIRECTION('',(1.0,0.0,0.0));
#3034=DIRECTION('',(0.0,0.0,-1.0));
#3035=CARTESIAN_POINT('',(6.5,0.0,-11.5));
#3036=DIRECTION('',(-6.12323399573676E-17,-0.0,1.0));
#3037=DIRECTION('',(1.0,0.0,6.12323399573676E-17));
#3038=DIRECTION('',(-1.0,-0.0,-6.12323399573676E-17));
#3039=CARTESIAN_POINT('',(2.5,-1.83690953073357E-16,-11.5));
#3040=DIRECTION('',(-6.12323399573676E-17,-0.0,1.0));
#3041=DIRECTION('',(1.0,0.0,6.12323399573676E-17));
#3042=DIRECTION('',(0.0,1.0,0.0));
#3043=DIRECTION('',(1.0,9.25185853854297E-18,6.12323399573676E-17));
#3044=CARTESIAN_POINT('',(16.0,0.0,-9.5));
#3045=DIRECTION('',(-1.0,0.0,0.0));
#3046=DIRECTION('',(0.0,0.0,-1.0));
#3047=DIRECTION('',(-1.0,0.0,-6.12323399573676E-17));
#3048=CARTESIAN_POINT('',(2.5,-1.83690953073357E-16,-11.0));
#3049=DIRECTION('',(6.12323399573676E-17,0.0,-1.0));
#3050=DIRECTION('',(1.0,0.0,6.12323399573676E-17));
#3051=DIRECTION('',(1.0,0.0,6.12323399573676E-17));
#3052=CARTESIAN_POINT('',(6.5,0.0,-11.0));
#3053=DIRECTION('',(6.12323399573676E-17,0.0,-1.0));
#3054=DIRECTION('',(1.0,0.0,6.12323399573676E-17));
#3055=CARTESIAN_POINT('',(6.5,0.0,-1.0));
#3056=DIRECTION('',(-6.12323399573676E-17,-0.0,1.0));
#3057=DIRECTION('',(1.0,0.0,6.12323399573676E-17));
#3058=DIRECTION('',(-1.0,-0.0,-6.12323399573676E-17));
#3059=CARTESIAN_POINT('',(2.5,-1.83690953073357E-16,-1.0));
#3060=DIRECTION('',(-6.12323399573676E-17,-0.0,1.0));
#3061=DIRECTION('',(1.0,0.0,6.12323399573676E-17));
#3062=CARTESIAN_POINT('',(2.5,-1.83690953073357E-16,-0.5));
#3063=DIRECTION('',(6.12323399573676E-17,0.0,-1.0));
#3064=DIRECTION('',(1.0,0.0,6.12323399573676E-17));
#3065=DIRECTION('',(1.0,0.0,6.12323399573676E-17));
#3066=CARTESIAN_POINT('',(6.5,0.0,-0.5));
#3067=DIRECTION('',(6.12323399573676E-17,0.0,-1.0));
#3068=DIRECTION('',(1.0,0.0,6.12323399573676E-17));
#3069=DIRECTION('',(-1.0,0.0,-6.12323399573676E-17));
#3070=CARTESIAN_POINT('',(2.5,-1.83690953073357E-16,1.0));
#3071=DIRECTION('',(6.12323399573676E-17,-2.22044604925031E-15,-1.0));
#3072=DIRECTION('',(1.0,1.35963107344689E-31,6.12323399573676E-17));
#3073=DIRECTION('',(1.0,0.0,6.12323399573676E-17));
#3074=CARTESIAN_POINT('',(6.5,0.0,1.0));
#3075=DIRECTION('',(6.12323399573676E-17,-2.22044604925031E-15,-1.0));
#3076=DIRECTION('',(1.0,1.35963107344689E-31,6.12323399573676E-17));
#3077=CARTESIAN_POINT('',(6.5,0.0,11.0));
#3078=DIRECTION('',(-6.12323399573676E-17,-0.0,1.0));
#3079=DIRECTION('',(1.0,0.0,6.12323399573676E-17));
#3080=DIRECTION('',(-1.0,-0.0,-6.12323399573676E-17));
#3081=CARTESIAN_POINT('',(2.5,-1.83690953073357E-16,11.0));
#3082=DIRECTION('',(-6.12323399573676E-17,-0.0,1.0));
#3083=DIRECTION('',(1.0,0.0,6.12323399573676E-17));
#3084=DIRECTION('',(1.77635683940025E-14,1.0,1.08770485875751E-30));
#3085=DIRECTION('',(1.0,0.0,6.12323399573676E-17));
#3086=DIRECTION('',(0.0,-1.0,0.0));
#3087=DIRECTION('',(1.0,0.0,6.12323399573676E-17));
#3088=DIRECTION('',(0.0,1.0,-0.0));
#3089=DIRECTION('',(1.0,0.0,6.12323399573676E-17));
#3090=DIRECTION('',(0.0,-1.0,0.0));
#3091=DIRECTION('',(1.0,0.0,6.12323399573676E-17));
#3092=CARTESIAN_POINT('',(23.5,26.5,11.0));
#3093=DIRECTION('',(-0.707106781186546,-0.0,0.707106781186549));
#3094=DIRECTION('',(-0.707106781186549,0.0,-0.707106781186546));
#3095=DIRECTION('',(1.0,0.0,6.12323399573676E-17));
#3096=CARTESIAN_POINT('',(0.5,26.5,11.0));
#3097=DIRECTION('',(0.707106781186548,-0.0,0.707106781186547));
#3098=DIRECTION('',(0.707106781186547,0.0,-0.707106781186548));
#3099=CARTESIAN_POINT('',(2.5,-1.83690953073357E-16,0.5));
#3100=DIRECTION('',(-6.12323399573676E-17,-1.38777878078145E-16,1.0));
#3101=DIRECTION('',(1.0,-8.49769420904307E-33,6.12323399573676E-17));
#3102=CARTESIAN_POINT('',(6.5,0.0,0.5));
#3103=DIRECTION('',(-6.12323399573676E-17,-1.38777878078145E-16,1.0));
#3104=DIRECTION('',(1.0,-8.49769420904307E-33,6.12323399573676E-17));
#3105=DIRECTION('',(-1.0,-0.0,-6.12323399573676E-17));
#3106=CARTESIAN_POINT('',(16.0,0.0,9.5));
#3107=DIRECTION('',(-1.0,0.0,0.0));
#3108=DIRECTION('',(0.0,0.0,-1.0));
#3109=DIRECTION('',(1.0,0.0,6.12323399573676E-17));
#3110=DIRECTION('',(-1.0,-9.25185853854297E-18,-6.12323399573676E-17));
#3111=DIRECTION('',(0.0,-1.0,0.0));
#3112=CARTESIAN_POINT('',(2.5,-1.83690953073357E-16,11.5));
#3113=DIRECTION('',(6.12323399573676E-17,0.0,-1.0));
#3114=DIRECTION('',(1.0,0.0,6.12323399573676E-17));
#3115=DIRECTION('',(1.0,0.0,6.12323399573676E-17));
#3116=CARTESIAN_POINT('',(6.5,0.0,11.5));
#3117=DIRECTION('',(6.12323399573676E-17,0.0,-1.0));
#3118=DIRECTION('',(1.0,0.0,6.12323399573676E-17));
#3119=DIRECTION('',(-1.77635683940025E-14,-1.0,-1.08770485875751E-30));
#3120=DIRECTION('',(-1.0,0.0,-6.12323399573676E-17));
#3121=DIRECTION('',(0.0,1.0,0.0));
#3122=DIRECTION('',(1.0,0.0,6.12323399573676E-17));
#3123=CARTESIAN_POINT('',(23.5,26.5,-11.0));
#3124=DIRECTION('',(-0.707106781186548,0.0,-0.707106781186547));
#3125=DIRECTION('',(0.707106781186547,0.0,-0.707106781186548));
#3126=DIRECTION('',(1.0,0.0,6.12323399573676E-17));
#3127=CARTESIAN_POINT('',(0.5,26.5,-11.0));
#3128=DIRECTION('',(0.707106781186547,0.0,-0.707106781186548));
#3129=DIRECTION('',(-0.707106781186548,0.0,-0.707106781186547));
#3130=DIRECTION('',(1.0,0.0,6.12323399573676E-17));
#3131=DIRECTION('',(0.0,-1.0,0.0));
#3132=DIRECTION('',(-1.0,-0.0,-6.12323399573676E-17));
#3133=DIRECTION('',(0.0,1.0,0.0));
#3134=DIRECTION('',(0.0,0.0,1.0));
#3135=DIRECTION('',(0.0,0.0,1.0));
#3136=DIRECTION('',(0.0,0.0,1.0));
#3137=DIRECTION('',(0.0,0.0,1.0));
#3138=DIRECTION('',(0.0,0.0,1.0));
#3139=DIRECTION('',(0.0,0.0,1.0));
#3140=DIRECTION('',(0.0,0.0,1.0));
#3141=DIRECTION('',(0.0,0.0,1.0));
#3142=DIRECTION('',(0.0,0.0,1.0));
#3143=DIRECTION('',(0.0,0.0,1.0));
#3144=DIRECTION('',(0.0,0.0,1.0));
#3145=DIRECTION('',(0.0,0.0,1.0));
#3146=DIRECTION('',(0.0,0.0,1.0));
#3147=DIRECTION('',(0.0,0.0,1.0));
#3148=DIRECTION('',(0.0,0.0,1.0));
#3149=DIRECTION('',(0.0,0.0,1.0));
#3150=DIRECTION('',(0.0,0.0,1.0));
#3151=DIRECTION('',(0.0,0.0,1.0));
#3152=DIRECTION('',(0.0,0.0,-1.0));
#3153=DIRECTION('',(0.0,0.0,1.0));
#3154=DIRECTION('',(0.0,0.0,1.0));
ENDSEC;
END-ISO-10303-21;
