ISO-10303-21;
HEADER;
FILE_DESCRIPTION(('Creo Elements/Direct Modeling STEP Export'),'2;1');
FILE_NAME('GT8E-5P-2H.stp','2015-05-21T 8:20:07',(''),(''),
'Creo Elements/Direct Modeling STEP processor for AP214 (Solid Model)',
'Creo Elements/Direct Modeling 18.1E  22-Nov-2013 (C) Parametric Technol
ogy GmbH','');
FILE_SCHEMA(('AUTOMOTIVE_DESIGN { 1 0 10303 214 1 1 1 1 }'));
ENDSEC;
DATA;
#10=CARTESIAN_POINT('',(7.47998425,2.22500035530601,0.2));
#20=DIRECTION('',(1.,0.,0.));
#30=DIRECTION('',(0.,0.,-1.));
#40=AXIS2_PLACEMENT_3D('',#10,#20,#30);
#50=CYLINDRICAL_SURFACE('',#40,0.200000000000001);
#60=CARTESIAN_POINT('',(7.49,2.22500035530601,0.2));
#70=DIRECTION('',(1.,0.,0.));
#80=DIRECTION('',(0.,0.,-1.));
#90=AXIS2_PLACEMENT_3D('',#60,#70,#80);
#100=CIRCLE('',#90,0.200000000000001);
#110=CARTESIAN_POINT('',(7.49,2.22500035530602,0.));
#120=VERTEX_POINT('',#110);
#130=CARTESIAN_POINT('',(7.49,2.42500035530601,0.2));
#140=VERTEX_POINT('',#130);
#150=EDGE_CURVE('',#120,#140,#100,.T.);
#160=ORIENTED_EDGE('',*,*,#150,.T.);
#170=CARTESIAN_POINT('',(7.49,2.22500035530602,0.));
#180=DIRECTION('',(1.,0.,0.));
#190=VECTOR('',#180,1.);
#200=LINE('',#170,#190);
#210=CARTESIAN_POINT('',(7.89,2.22500035530602,0.));
#220=VERTEX_POINT('',#210);
#230=EDGE_CURVE('',#120,#220,#200,.T.);
#240=ORIENTED_EDGE('',*,*,#230,.F.);
#250=CARTESIAN_POINT('',(7.89,2.22500035530601,0.2));
#260=DIRECTION('',(1.,0.,0.));
#270=DIRECTION('',(0.,0.,-1.));
#280=AXIS2_PLACEMENT_3D('',#250,#260,#270);
#290=CIRCLE('',#280,0.200000000000001);
#300=CARTESIAN_POINT('',(7.89,2.42500035530601,0.2));
#310=VERTEX_POINT('',#300);
#320=EDGE_CURVE('',#220,#310,#290,.T.);
#330=ORIENTED_EDGE('',*,*,#320,.F.);
#340=CARTESIAN_POINT('',(7.49,2.42500035530601,0.2));
#350=DIRECTION('',(1.,0.,0.));
#360=VECTOR('',#350,1.);
#370=LINE('',#340,#360);
#380=EDGE_CURVE('',#140,#310,#370,.T.);
#390=ORIENTED_EDGE('',*,*,#380,.T.);
#400=EDGE_LOOP('',(#390,#330,#240,#160));
#410=FACE_OUTER_BOUND('',#400,.T.);
#420=ADVANCED_FACE('',(#410),#50,.T.);
#430=CARTESIAN_POINT('',(7.900021,1.20000035530602,0.150000000000001));
#440=DIRECTION('',(-1.,0.,0.));
#450=DIRECTION('',(0.,0.,1.));
#460=AXIS2_PLACEMENT_3D('',#430,#440,#450);
#470=CYLINDRICAL_SURFACE('',#460,0.150000000000002);
#480=CARTESIAN_POINT('',(7.49,1.20000035530602,0.150000000000001));
#490=DIRECTION('',(-1.,0.,0.));
#500=DIRECTION('',(0.,0.,1.));
#510=AXIS2_PLACEMENT_3D('',#480,#490,#500);
#520=CIRCLE('',#510,0.150000000000002);
#530=CARTESIAN_POINT('',(7.49,1.20000035530601,0.));
#540=VERTEX_POINT('',#530);
#550=CARTESIAN_POINT('',(7.49,1.05000035530601,0.15));
#560=VERTEX_POINT('',#550);
#570=EDGE_CURVE('',#540,#560,#520,.T.);
#580=ORIENTED_EDGE('',*,*,#570,.F.);
#590=CARTESIAN_POINT('',(7.89,1.05000035530601,0.15));
#600=DIRECTION('',(-1.,0.,0.));
#610=VECTOR('',#600,1.);
#620=LINE('',#590,#610);
#630=CARTESIAN_POINT('',(7.89,1.05000035530601,0.15));
#640=VERTEX_POINT('',#630);
#650=EDGE_CURVE('',#640,#560,#620,.T.);
#660=ORIENTED_EDGE('',*,*,#650,.T.);
#670=CARTESIAN_POINT('',(7.89,1.20000035530602,0.150000000000001));
#680=DIRECTION('',(-1.,0.,0.));
#690=DIRECTION('',(0.,0.,1.));
#700=AXIS2_PLACEMENT_3D('',#670,#680,#690);
#710=CIRCLE('',#700,0.150000000000002);
#720=CARTESIAN_POINT('',(7.89,1.20000035530601,0.));
#730=VERTEX_POINT('',#720);
#740=EDGE_CURVE('',#730,#640,#710,.T.);
#750=ORIENTED_EDGE('',*,*,#740,.T.);
#760=CARTESIAN_POINT('',(7.89,1.20000035530601,0.));
#770=DIRECTION('',(-1.,0.,0.));
#780=VECTOR('',#770,1.);
#790=LINE('',#760,#780);
#800=EDGE_CURVE('',#730,#540,#790,.T.);
#810=ORIENTED_EDGE('',*,*,#800,.F.);
#820=EDGE_LOOP('',(#810,#750,#660,#580));
#830=FACE_OUTER_BOUND('',#820,.T.);
#840=ADVANCED_FACE('',(#830),#470,.T.);
#850=CARTESIAN_POINT('',(7.49,2.45937850530601,-1.45250315));
#860=DIRECTION('',(-1.,0.,0.));
#870=DIRECTION('',(0.,0.,1.));
#880=AXIS2_PLACEMENT_3D('',#850,#860,#870);
#890=PLANE('',#880);
#900=ORIENTED_EDGE('',*,*,#570,.T.);
#910=CARTESIAN_POINT('',(7.49,-6.82499964469399,0.));
#920=DIRECTION('',(0.,-1.,0.));
#930=VECTOR('',#920,1.);
#940=LINE('',#910,#930);
#950=CARTESIAN_POINT('',(7.49,1.42500035530601,0.));
#960=VERTEX_POINT('',#950);
#970=EDGE_CURVE('',#960,#540,#940,.T.);
#980=ORIENTED_EDGE('',*,*,#970,.T.);
#990=CARTESIAN_POINT('',(7.49,1.42500035530601,3.346891));
#1000=DIRECTION('',(0.,0.,1.));
#1010=VECTOR('',#1000,1.);
#1020=LINE('',#990,#1010);
#1030=CARTESIAN_POINT('',(7.49,1.42500035530601,-0.4));
#1040=VERTEX_POINT('',#1030);
#1050=EDGE_CURVE('',#1040,#960,#1020,.T.);
#1060=ORIENTED_EDGE('',*,*,#1050,.T.);
#1070=CARTESIAN_POINT('',(7.49,-6.82499964469399,-0.4));
#1080=DIRECTION('',(0.,1.,0.));
#1090=VECTOR('',#1080,1.);
#1100=LINE('',#1070,#1090);
#1110=CARTESIAN_POINT('',(7.49,1.27500035530601,-0.4));
#1120=VERTEX_POINT('',#1110);
#1130=EDGE_CURVE('',#1120,#1040,#1100,.T.);
#1140=ORIENTED_EDGE('',*,*,#1130,.T.);
#1150=CARTESIAN_POINT('',(7.49,1.27500035530601,3.346891));
#1160=DIRECTION('',(0.,0.,1.));
#1170=VECTOR('',#1160,1.);
#1180=LINE('',#1150,#1170);
#1190=CARTESIAN_POINT('',(7.49,1.27500035530601,-1.1));
#1200=VERTEX_POINT('',#1190);
#1210=EDGE_CURVE('',#1200,#1120,#1180,.T.);
#1220=ORIENTED_EDGE('',*,*,#1210,.T.);
#1230=CARTESIAN_POINT('',(7.49,-1.68959364469399,3.346891));
#1240=DIRECTION('',(0.,-0.55470019622523,0.832050294337843));
#1250=VECTOR('',#1240,1.);
#1260=LINE('',#1230,#1250);
#1270=CARTESIAN_POINT('',(7.49,1.47500035530602,-1.4));
#1280=VERTEX_POINT('',#1270);
#1290=EDGE_CURVE('',#1280,#1200,#1260,.T.);
#1300=ORIENTED_EDGE('',*,*,#1290,.T.);
#1310=CARTESIAN_POINT('',(7.49,-6.82499964469399,-1.4));
#1320=DIRECTION('',(-0.,1.,0.));
#1330=VECTOR('',#1320,1.);
#1340=LINE('',#1310,#1330);
#1350=CARTESIAN_POINT('',(7.49,1.87500035530601,-1.4));
#1360=VERTEX_POINT('',#1350);
#1370=EDGE_CURVE('',#1280,#1360,#1340,.T.);
#1380=ORIENTED_EDGE('',*,*,#1370,.F.);
#1390=CARTESIAN_POINT('',(7.49,5.03959435530601,3.346891));
#1400=DIRECTION('',(0.,-0.554700196225228,-0.832050294337845));
#1410=VECTOR('',#1400,1.);
#1420=LINE('',#1390,#1410);
#1430=CARTESIAN_POINT('',(7.49,2.07500035530601,-1.1));
#1440=VERTEX_POINT('',#1430);
#1450=EDGE_CURVE('',#1440,#1360,#1420,.T.);
#1460=ORIENTED_EDGE('',*,*,#1450,.T.);
#1470=CARTESIAN_POINT('',(7.49,2.07500035530601,3.346891));
#1480=DIRECTION('',(0.,0.,-1.));
#1490=VECTOR('',#1480,1.);
#1500=LINE('',#1470,#1490);
#1510=CARTESIAN_POINT('',(7.49,2.07500035530601,-0.4));
#1520=VERTEX_POINT('',#1510);
#1530=EDGE_CURVE('',#1520,#1440,#1500,.T.);
#1540=ORIENTED_EDGE('',*,*,#1530,.T.);
#1550=CARTESIAN_POINT('',(7.49,-6.82499964469399,-0.4));
#1560=DIRECTION('',(0.,1.,0.));
#1570=VECTOR('',#1560,1.);
#1580=LINE('',#1550,#1570);
#1590=CARTESIAN_POINT('',(7.49,1.92500035530601,-0.4));
#1600=VERTEX_POINT('',#1590);
#1610=EDGE_CURVE('',#1600,#1520,#1580,.T.);
#1620=ORIENTED_EDGE('',*,*,#1610,.T.);
#1630=CARTESIAN_POINT('',(7.49,1.92500035530601,3.346891));
#1640=DIRECTION('',(0.,0.,-1.));
#1650=VECTOR('',#1640,1.);
#1660=LINE('',#1630,#1650);
#1670=CARTESIAN_POINT('',(7.49,1.92500035530601,0.));
#1680=VERTEX_POINT('',#1670);
#1690=EDGE_CURVE('',#1680,#1600,#1660,.T.);
#1700=ORIENTED_EDGE('',*,*,#1690,.T.);
#1710=CARTESIAN_POINT('',(7.49,-6.82499964469399,0.));
#1720=DIRECTION('',(0.,-1.,0.));
#1730=VECTOR('',#1720,1.);
#1740=LINE('',#1710,#1730);
#1750=EDGE_CURVE('',#120,#1680,#1740,.T.);
#1760=ORIENTED_EDGE('',*,*,#1750,.T.);
#1770=ORIENTED_EDGE('',*,*,#150,.F.);
#1780=CARTESIAN_POINT('',(7.49,2.42500035530601,3.346891));
#1790=DIRECTION('',(0.,0.,1.));
#1800=VECTOR('',#1790,1.);
#1810=LINE('',#1780,#1800);
#1820=CARTESIAN_POINT('',(7.49,2.42500035530601,0.7));
#1830=VERTEX_POINT('',#1820);
#1840=EDGE_CURVE('',#140,#1830,#1810,.T.);
#1850=ORIENTED_EDGE('',*,*,#1840,.F.);
#1860=CARTESIAN_POINT('',(7.49,-6.82499964469399,0.7));
#1870=DIRECTION('',(-0.,1.,0.));
#1880=VECTOR('',#1870,1.);
#1890=LINE('',#1860,#1880);
#1900=CARTESIAN_POINT('',(7.49,1.05000035530601,0.7));
#1910=VERTEX_POINT('',#1900);
#1920=EDGE_CURVE('',#1910,#1830,#1890,.T.);
#1930=ORIENTED_EDGE('',*,*,#1920,.T.);
#1940=CARTESIAN_POINT('',(7.49,1.05000035530601,3.346891));
#1950=DIRECTION('',(0.,0.,1.));
#1960=VECTOR('',#1950,1.);
#1970=LINE('',#1940,#1960);
#1980=EDGE_CURVE('',#560,#1910,#1970,.T.);
#1990=ORIENTED_EDGE('',*,*,#1980,.T.);
#2000=EDGE_LOOP('',(#1990,#1930,#1850,#1770,#1760,#1700,#1620,#1540,
#1460,#1380,#1300,#1220,#1140,#1060,#980,#900));
#2010=FACE_OUTER_BOUND('',#2000,.T.);
#2020=ADVANCED_FACE('',(#2010),#890,.T.);
#2030=CARTESIAN_POINT('',(7.90000315,2.42500035530601,0.71250315));
#2040=DIRECTION('',(0.,1.,-0.));
#2050=DIRECTION('',(-1.,0.,0.));
#2060=AXIS2_PLACEMENT_3D('',#2030,#2040,#2050);
#2070=PLANE('',#2060);
#2080=CARTESIAN_POINT('',(7.89,2.42500035530601,3.346891));
#2090=DIRECTION('',(0.,0.,1.));
#2100=VECTOR('',#2090,1.);
#2110=LINE('',#2080,#2100);
#2120=CARTESIAN_POINT('',(7.89,2.42500035530601,0.7));
#2130=VERTEX_POINT('',#2120);
#2140=EDGE_CURVE('',#310,#2130,#2110,.T.);
#2150=ORIENTED_EDGE('',*,*,#2140,.F.);
#2160=CARTESIAN_POINT('',(4.463169,2.42500035530601,0.7));
#2170=DIRECTION('',(-1.,-0.,0.));
#2180=VECTOR('',#2170,1.);
#2190=LINE('',#2160,#2180);
#2200=EDGE_CURVE('',#2130,#1830,#2190,.T.);
#2210=ORIENTED_EDGE('',*,*,#2200,.F.);
#2220=ORIENTED_EDGE('',*,*,#1840,.T.);
#2230=ORIENTED_EDGE('',*,*,#380,.F.);
#2240=EDGE_LOOP('',(#2230,#2220,#2210,#2150));
#2250=FACE_OUTER_BOUND('',#2240,.T.);
#2260=ADVANCED_FACE('',(#2250),#2070,.T.);
#2270=CARTESIAN_POINT('',(7.47999685,2.08000210261163,-1.09249737904157)
);
#2280=DIRECTION('',(-0.,0.832050294337845,-0.554700196225228));
#2290=DIRECTION('',(0.,-0.554700196225228,-0.832050294337845));
#2300=AXIS2_PLACEMENT_3D('',#2270,#2280,#2290);
#2310=PLANE('',#2300);
#2320=CARTESIAN_POINT('',(4.463169,1.87500035530601,-1.4));
#2330=DIRECTION('',(-1.,-0.,0.));
#2340=VECTOR('',#2330,1.);
#2350=LINE('',#2320,#2340);
#2360=CARTESIAN_POINT('',(7.89,1.87500035530602,-1.4));
#2370=VERTEX_POINT('',#2360);
#2380=EDGE_CURVE('',#2370,#1360,#2350,.T.);
#2390=ORIENTED_EDGE('',*,*,#2380,.T.);
#2400=CARTESIAN_POINT('',(7.89,5.03959435530601,3.346891));
#2410=DIRECTION('',(0.,-0.554700196225228,-0.832050294337845));
#2420=VECTOR('',#2410,1.);
#2430=LINE('',#2400,#2420);
#2440=CARTESIAN_POINT('',(7.89,2.07500035530601,-1.1));
#2450=VERTEX_POINT('',#2440);
#2460=EDGE_CURVE('',#2450,#2370,#2430,.T.);
#2470=ORIENTED_EDGE('',*,*,#2460,.T.);
#2480=CARTESIAN_POINT('',(4.463169,2.07500035530601,-1.1));
#2490=DIRECTION('',(-1.,0.,0.));
#2500=VECTOR('',#2490,1.);
#2510=LINE('',#2480,#2500);
#2520=EDGE_CURVE('',#2450,#1440,#2510,.T.);
#2530=ORIENTED_EDGE('',*,*,#2520,.F.);
#2540=ORIENTED_EDGE('',*,*,#1450,.F.);
#2550=EDGE_LOOP('',(#2540,#2530,#2470,#2390));
#2560=FACE_OUTER_BOUND('',#2550,.T.);
#2570=ADVANCED_FACE('',(#2560),#2310,.T.);
#2580=CARTESIAN_POINT('',(7.90000315,2.07500035530601,-1.11750315));
#2590=DIRECTION('',(0.,1.,-0.));
#2600=DIRECTION('',(-1.,0.,0.));
#2610=AXIS2_PLACEMENT_3D('',#2580,#2590,#2600);
#2620=PLANE('',#2610);
#2630=CARTESIAN_POINT('',(4.463169,2.07500035530601,-0.4));
#2640=DIRECTION('',(1.,0.,0.));
#2650=VECTOR('',#2640,1.);
#2660=LINE('',#2630,#2650);
#2670=CARTESIAN_POINT('',(7.89,2.07500035530601,-0.4));
#2680=VERTEX_POINT('',#2670);
#2690=EDGE_CURVE('',#1520,#2680,#2660,.T.);
#2700=ORIENTED_EDGE('',*,*,#2690,.T.);
#2710=ORIENTED_EDGE('',*,*,#1530,.F.);
#2720=ORIENTED_EDGE('',*,*,#2520,.T.);
#2730=CARTESIAN_POINT('',(7.89,2.07500035530601,3.346891));
#2740=DIRECTION('',(0.,0.,-1.));
#2750=VECTOR('',#2740,1.);
#2760=LINE('',#2730,#2750);
#2770=EDGE_CURVE('',#2680,#2450,#2760,.T.);
#2780=ORIENTED_EDGE('',*,*,#2770,.T.);
#2790=EDGE_LOOP('',(#2780,#2720,#2710,#2700));
#2800=FACE_OUTER_BOUND('',#2790,.T.);
#2810=ADVANCED_FACE('',(#2800),#2620,.T.);
#2820=CARTESIAN_POINT('',(7.89,2.45937850530601,-1.45250315));
#2830=DIRECTION('',(1.,-0.,0.));
#2840=DIRECTION('',(0.,0.,-1.));
#2850=AXIS2_PLACEMENT_3D('',#2820,#2830,#2840);
#2860=PLANE('',#2850);
#2870=CARTESIAN_POINT('',(7.89,-6.82499964469399,0.7));
#2880=DIRECTION('',(0.,1.,-0.));
#2890=VECTOR('',#2880,1.);
#2900=LINE('',#2870,#2890);
#2910=CARTESIAN_POINT('',(7.89,1.05000035530601,0.7));
#2920=VERTEX_POINT('',#2910);
#2930=EDGE_CURVE('',#2920,#2130,#2900,.T.);
#2940=ORIENTED_EDGE('',*,*,#2930,.F.);
#2950=ORIENTED_EDGE('',*,*,#2140,.T.);
#2960=ORIENTED_EDGE('',*,*,#320,.T.);
#2970=CARTESIAN_POINT('',(7.89,-6.82499964469399,0.));
#2980=DIRECTION('',(0.,-1.,0.));
#2990=VECTOR('',#2980,1.);
#3000=LINE('',#2970,#2990);
#3010=CARTESIAN_POINT('',(7.89,1.92500035530601,0.));
#3020=VERTEX_POINT('',#3010);
#3030=EDGE_CURVE('',#220,#3020,#3000,.T.);
#3040=ORIENTED_EDGE('',*,*,#3030,.F.);
#3050=CARTESIAN_POINT('',(7.89,1.92500035530601,3.346891));
#3060=DIRECTION('',(-0.,0.,-1.));
#3070=VECTOR('',#3060,1.);
#3080=LINE('',#3050,#3070);
#3090=CARTESIAN_POINT('',(7.89,1.92500035530601,-0.4));
#3100=VERTEX_POINT('',#3090);
#3110=EDGE_CURVE('',#3020,#3100,#3080,.T.);
#3120=ORIENTED_EDGE('',*,*,#3110,.F.);
#3130=CARTESIAN_POINT('',(7.89,-6.82499964469399,-0.4));
#3140=DIRECTION('',(0.,1.,0.));
#3150=VECTOR('',#3140,1.);
#3160=LINE('',#3130,#3150);
#3170=EDGE_CURVE('',#3100,#2680,#3160,.T.);
#3180=ORIENTED_EDGE('',*,*,#3170,.F.);
#3190=ORIENTED_EDGE('',*,*,#2770,.F.);
#3200=ORIENTED_EDGE('',*,*,#2460,.F.);
#3210=CARTESIAN_POINT('',(7.89,-6.82499964469399,-1.4));
#3220=DIRECTION('',(0.,1.,-0.));
#3230=VECTOR('',#3220,1.);
#3240=LINE('',#3210,#3230);
#3250=CARTESIAN_POINT('',(7.89,1.47500035530602,-1.4));
#3260=VERTEX_POINT('',#3250);
#3270=EDGE_CURVE('',#3260,#2370,#3240,.T.);
#3280=ORIENTED_EDGE('',*,*,#3270,.T.);
#3290=CARTESIAN_POINT('',(7.89,-1.68959364469399,3.346891));
#3300=DIRECTION('',(0.,-0.55470019622523,0.832050294337843));
#3310=VECTOR('',#3300,1.);
#3320=LINE('',#3290,#3310);
#3330=CARTESIAN_POINT('',(7.89,1.27500035530601,-1.1));
#3340=VERTEX_POINT('',#3330);
#3350=EDGE_CURVE('',#3260,#3340,#3320,.T.);
#3360=ORIENTED_EDGE('',*,*,#3350,.F.);
#3370=CARTESIAN_POINT('',(7.89,1.27500035530601,3.346891));
#3380=DIRECTION('',(0.,0.,1.));
#3390=VECTOR('',#3380,1.);
#3400=LINE('',#3370,#3390);
#3410=CARTESIAN_POINT('',(7.89,1.27500035530601,-0.4));
#3420=VERTEX_POINT('',#3410);
#3430=EDGE_CURVE('',#3340,#3420,#3400,.T.);
#3440=ORIENTED_EDGE('',*,*,#3430,.F.);
#3450=CARTESIAN_POINT('',(7.89,-6.82499964469399,-0.4));
#3460=DIRECTION('',(0.,1.,0.));
#3470=VECTOR('',#3460,1.);
#3480=LINE('',#3450,#3470);
#3490=CARTESIAN_POINT('',(7.89,1.42500035530601,-0.4));
#3500=VERTEX_POINT('',#3490);
#3510=EDGE_CURVE('',#3420,#3500,#3480,.T.);
#3520=ORIENTED_EDGE('',*,*,#3510,.F.);
#3530=CARTESIAN_POINT('',(7.89,1.42500035530601,3.346891));
#3540=DIRECTION('',(0.,0.,1.));
#3550=VECTOR('',#3540,1.);
#3560=LINE('',#3530,#3550);
#3570=CARTESIAN_POINT('',(7.89,1.42500035530601,0.));
#3580=VERTEX_POINT('',#3570);
#3590=EDGE_CURVE('',#3500,#3580,#3560,.T.);
#3600=ORIENTED_EDGE('',*,*,#3590,.F.);
#3610=CARTESIAN_POINT('',(7.89,-6.82499964469399,0.));
#3620=DIRECTION('',(0.,-1.,0.));
#3630=VECTOR('',#3620,1.);
#3640=LINE('',#3610,#3630);
#3650=EDGE_CURVE('',#3580,#730,#3640,.T.);
#3660=ORIENTED_EDGE('',*,*,#3650,.F.);
#3670=ORIENTED_EDGE('',*,*,#740,.F.);
#3680=CARTESIAN_POINT('',(7.89,1.05000035530601,3.346891));
#3690=DIRECTION('',(0.,0.,1.));
#3700=VECTOR('',#3690,1.);
#3710=LINE('',#3680,#3700);
#3720=EDGE_CURVE('',#640,#2920,#3710,.T.);
#3730=ORIENTED_EDGE('',*,*,#3720,.F.);
#3740=EDGE_LOOP('',(#3730,#3670,#3660,#3600,#3520,#3440,#3360,#3280,
#3200,#3190,#3180,#3120,#3040,#2960,#2950,#2940));
#3750=FACE_OUTER_BOUND('',#3740,.T.);
#3760=ADVANCED_FACE('',(#3750),#2860,.T.);
#3770=CARTESIAN_POINT('',(-9.34500315,4.51250350530602,0.7));
#3780=DIRECTION('',(0.,0.,-1.));
#3790=DIRECTION('',(-1.,-0.,0.));
#3800=AXIS2_PLACEMENT_3D('',#3770,#3780,#3790);
#3810=PLANE('',#3800);
#3820=CARTESIAN_POINT('',(-8.9,-6.82499964469399,0.7));
#3830=DIRECTION('',(0.,1.,0.));
#3840=VECTOR('',#3830,1.);
#3850=LINE('',#3820,#3840);
#3860=CARTESIAN_POINT('',(-8.9,-3.72499964469398,0.7));
#3870=VERTEX_POINT('',#3860);
#3880=CARTESIAN_POINT('',(-8.9,2.77500035530602,0.7));
#3890=VERTEX_POINT('',#3880);
#3900=EDGE_CURVE('',#3870,#3890,#3850,.T.);
#3910=ORIENTED_EDGE('',*,*,#3900,.T.);
#3920=CARTESIAN_POINT('',(-7.4,-3.72499964469397,0.7));
#3930=DIRECTION('',(0.,0.,-1.));
#3940=DIRECTION('',(-1.,0.,0.));
#3950=AXIS2_PLACEMENT_3D('',#3920,#3930,#3940);
#3960=CIRCLE('',#3950,1.50000000000001);
#3970=CARTESIAN_POINT('',(-7.4,-5.22499964469398,0.7));
#3980=VERTEX_POINT('',#3970);
#3990=EDGE_CURVE('',#3980,#3870,#3960,.T.);
#4000=ORIENTED_EDGE('',*,*,#3990,.T.);
#4010=CARTESIAN_POINT('',(4.463169,-5.22499964469398,0.7));
#4020=DIRECTION('',(1.,0.,-0.));
#4030=VECTOR('',#4020,1.);
#4040=LINE('',#4010,#4030);
#4050=CARTESIAN_POINT('',(-6.975,-5.22499964469398,0.7));
#4060=VERTEX_POINT('',#4050);
#4070=EDGE_CURVE('',#3980,#4060,#4040,.T.);
#4080=ORIENTED_EDGE('',*,*,#4070,.F.);
#4090=CARTESIAN_POINT('',(-6.975,-6.82499964469399,0.7));
#4100=DIRECTION('',(0.,-1.,0.));
#4110=VECTOR('',#4100,1.);
#4120=LINE('',#4090,#4110);
#4130=CARTESIAN_POINT('',(-6.975,2.82500035530602,0.699999999999999));
#4140=VERTEX_POINT('',#4130);
#4150=EDGE_CURVE('',#4140,#4060,#4120,.T.);
#4160=ORIENTED_EDGE('',*,*,#4150,.T.);
#4170=CARTESIAN_POINT('',(4.463169,2.82500035530602,0.7));
#4180=DIRECTION('',(1.,0.,0.));
#4190=VECTOR('',#4180,1.);
#4200=LINE('',#4170,#4190);
#4210=CARTESIAN_POINT('',(6.975,2.82500035530602,0.7));
#4220=VERTEX_POINT('',#4210);
#4230=EDGE_CURVE('',#4140,#4220,#4200,.T.);
#4240=ORIENTED_EDGE('',*,*,#4230,.F.);
#4250=CARTESIAN_POINT('',(6.975,-6.82499964469399,0.7));
#4260=DIRECTION('',(0.,1.,-0.));
#4270=VECTOR('',#4260,1.);
#4280=LINE('',#4250,#4270);
#4290=CARTESIAN_POINT('',(6.975,-5.22499964469398,0.7));
#4300=VERTEX_POINT('',#4290);
#4310=EDGE_CURVE('',#4300,#4220,#4280,.T.);
#4320=ORIENTED_EDGE('',*,*,#4310,.T.);
#4330=CARTESIAN_POINT('',(4.463169,-5.22499964469398,0.7));
#4340=DIRECTION('',(1.,0.,-0.));
#4350=VECTOR('',#4340,1.);
#4360=LINE('',#4330,#4350);
#4370=CARTESIAN_POINT('',(7.4,-5.22499964469399,0.7));
#4380=VERTEX_POINT('',#4370);
#4390=EDGE_CURVE('',#4300,#4380,#4360,.T.);
#4400=ORIENTED_EDGE('',*,*,#4390,.F.);
#4410=CARTESIAN_POINT('',(7.4,-3.72499964469398,0.7));
#4420=DIRECTION('',(0.,0.,1.));
#4430=DIRECTION('',(-1.,0.,0.));
#4440=AXIS2_PLACEMENT_3D('',#4410,#4420,#4430);
#4450=CIRCLE('',#4440,1.5);
#4460=CARTESIAN_POINT('',(8.9,-3.72499964469399,0.7));
#4470=VERTEX_POINT('',#4460);
#4480=EDGE_CURVE('',#4380,#4470,#4450,.T.);
#4490=ORIENTED_EDGE('',*,*,#4480,.F.);
#4500=CARTESIAN_POINT('',(8.9,-6.82499964469399,0.7));
#4510=DIRECTION('',(0.,-1.,0.));
#4520=VECTOR('',#4510,1.);
#4530=LINE('',#4500,#4520);
#4540=CARTESIAN_POINT('',(8.9,2.77500035530601,0.7));
#4550=VERTEX_POINT('',#4540);
#4560=EDGE_CURVE('',#4550,#4470,#4530,.T.);
#4570=ORIENTED_EDGE('',*,*,#4560,.T.);
#4580=CARTESIAN_POINT('',(7.4,2.77500035530602,0.7));
#4590=DIRECTION('',(0.,0.,-1.));
#4600=DIRECTION('',(-1.,0.,0.));
#4610=AXIS2_PLACEMENT_3D('',#4580,#4590,#4600);
#4620=CIRCLE('',#4610,1.49999999999999);
#4630=CARTESIAN_POINT('',(7.4,4.27500035530601,0.7));
#4640=VERTEX_POINT('',#4630);
#4650=EDGE_CURVE('',#4640,#4550,#4620,.T.);
#4660=ORIENTED_EDGE('',*,*,#4650,.T.);
#4670=CARTESIAN_POINT('',(4.463169,4.27500035530602,0.7));
#4680=DIRECTION('',(1.,0.,0.));
#4690=VECTOR('',#4680,1.);
#4700=LINE('',#4670,#4690);
#4710=CARTESIAN_POINT('',(-7.4,4.27500035530602,0.7));
#4720=VERTEX_POINT('',#4710);
#4730=EDGE_CURVE('',#4720,#4640,#4700,.T.);
#4740=ORIENTED_EDGE('',*,*,#4730,.T.);
#4750=CARTESIAN_POINT('',(-7.40000000000001,2.77500035530602,0.7));
#4760=DIRECTION('',(0.,0.,1.));
#4770=DIRECTION('',(-1.,0.,0.));
#4780=AXIS2_PLACEMENT_3D('',#4750,#4760,#4770);
#4790=CIRCLE('',#4780,1.49999999999999);
#4800=EDGE_CURVE('',#4720,#3890,#4790,.T.);
#4810=ORIENTED_EDGE('',*,*,#4800,.F.);
#4820=EDGE_LOOP('',(#4810,#4740,#4660,#4570,#4490,#4400,#4320,#4240,
#4160,#4080,#4000,#3910));
#4830=FACE_OUTER_BOUND('',#4820,.T.);
#4840=CARTESIAN_POINT('',(4.463169,0.150000355306013,0.7));
#4850=DIRECTION('',(-1.,0.,0.));
#4860=VECTOR('',#4850,1.);
#4870=LINE('',#4840,#4860);
#4880=CARTESIAN_POINT('',(7.89,0.150000355306013,0.7));
#4890=VERTEX_POINT('',#4880);
#4900=CARTESIAN_POINT('',(7.49,0.150000355306013,0.7));
#4910=VERTEX_POINT('',#4900);
#4920=EDGE_CURVE('',#4890,#4910,#4870,.T.);
#4930=ORIENTED_EDGE('',*,*,#4920,.T.);
#4940=CARTESIAN_POINT('',(7.89,-6.82499964469399,0.7));
#4950=DIRECTION('',(0.,1.,-0.));
#4960=VECTOR('',#4950,1.);
#4970=LINE('',#4940,#4960);
#4980=CARTESIAN_POINT('',(7.89,-1.09999964469399,0.7));
#4990=VERTEX_POINT('',#4980);
#5000=EDGE_CURVE('',#4990,#4890,#4970,.T.);
#5010=ORIENTED_EDGE('',*,*,#5000,.T.);
#5020=CARTESIAN_POINT('',(4.463169,-1.09999964469399,0.7));
#5030=DIRECTION('',(-1.,0.,0.));
#5040=VECTOR('',#5030,1.);
#5050=LINE('',#5020,#5040);
#5060=CARTESIAN_POINT('',(7.49,-1.09999964469399,0.7));
#5070=VERTEX_POINT('',#5060);
#5080=EDGE_CURVE('',#4990,#5070,#5050,.T.);
#5090=ORIENTED_EDGE('',*,*,#5080,.F.);
#5100=CARTESIAN_POINT('',(7.49,-6.82499964469399,0.7));
#5110=DIRECTION('',(0.,1.,0.));
#5120=VECTOR('',#5110,1.);
#5130=LINE('',#5100,#5120);
#5140=EDGE_CURVE('',#5070,#4910,#5130,.T.);
#5150=ORIENTED_EDGE('',*,*,#5140,.F.);
#5160=EDGE_LOOP('',(#5150,#5090,#5010,#4930));
#5170=FACE_BOUND('',#5160,.T.);
#5180=CARTESIAN_POINT('',(4.463169,-1.09999964469398,0.7));
#5190=DIRECTION('',(1.,0.,-0.));
#5200=VECTOR('',#5190,1.);
#5210=LINE('',#5180,#5200);
#5220=CARTESIAN_POINT('',(-7.89,-1.09999964469398,0.7));
#5230=VERTEX_POINT('',#5220);
#5240=CARTESIAN_POINT('',(-7.49,-1.09999964469398,0.7));
#5250=VERTEX_POINT('',#5240);
#5260=EDGE_CURVE('',#5230,#5250,#5210,.T.);
#5270=ORIENTED_EDGE('',*,*,#5260,.T.);
#5280=CARTESIAN_POINT('',(-7.89,-6.82499964469399,0.7));
#5290=DIRECTION('',(0.,-1.,0.));
#5300=VECTOR('',#5290,1.);
#5310=LINE('',#5280,#5300);
#5320=CARTESIAN_POINT('',(-7.89,0.150000355306018,0.7));
#5330=VERTEX_POINT('',#5320);
#5340=EDGE_CURVE('',#5330,#5230,#5310,.T.);
#5350=ORIENTED_EDGE('',*,*,#5340,.T.);
#5360=CARTESIAN_POINT('',(4.463169,0.150000355306018,0.7));
#5370=DIRECTION('',(1.,0.,0.));
#5380=VECTOR('',#5370,1.);
#5390=LINE('',#5360,#5380);
#5400=CARTESIAN_POINT('',(-7.49,0.150000355306018,0.7));
#5410=VERTEX_POINT('',#5400);
#5420=EDGE_CURVE('',#5330,#5410,#5390,.T.);
#5430=ORIENTED_EDGE('',*,*,#5420,.F.);
#5440=CARTESIAN_POINT('',(-7.49,-6.82499964469399,0.7));
#5450=DIRECTION('',(0.,-1.,0.));
#5460=VECTOR('',#5450,1.);
#5470=LINE('',#5440,#5460);
#5480=EDGE_CURVE('',#5410,#5250,#5470,.T.);
#5490=ORIENTED_EDGE('',*,*,#5480,.F.);
#5500=EDGE_LOOP('',(#5490,#5430,#5350,#5270));
#5510=FACE_BOUND('',#5500,.T.);
#5520=CARTESIAN_POINT('',(-7.49,-6.82499964469399,0.7));
#5530=DIRECTION('',(0.,-1.,0.));
#5540=VECTOR('',#5530,1.);
#5550=LINE('',#5520,#5540);
#5560=CARTESIAN_POINT('',(-7.49,-1.99999964469398,0.7));
#5570=VERTEX_POINT('',#5560);
#5580=CARTESIAN_POINT('',(-7.49,-3.37499964469398,0.7));
#5590=VERTEX_POINT('',#5580);
#5600=EDGE_CURVE('',#5570,#5590,#5550,.T.);
#5610=ORIENTED_EDGE('',*,*,#5600,.F.);
#5620=CARTESIAN_POINT('',(4.463169,-3.37499964469398,0.7));
#5630=DIRECTION('',(1.,0.,-0.));
#5640=VECTOR('',#5630,1.);
#5650=LINE('',#5620,#5640);
#5660=CARTESIAN_POINT('',(-7.89,-3.37499964469398,0.7));
#5670=VERTEX_POINT('',#5660);
#5680=EDGE_CURVE('',#5670,#5590,#5650,.T.);
#5690=ORIENTED_EDGE('',*,*,#5680,.T.);
#5700=CARTESIAN_POINT('',(-7.89,-6.82499964469399,0.7));
#5710=DIRECTION('',(0.,-1.,0.));
#5720=VECTOR('',#5710,1.);
#5730=LINE('',#5700,#5720);
#5740=CARTESIAN_POINT('',(-7.89,-1.99999964469398,0.7));
#5750=VERTEX_POINT('',#5740);
#5760=EDGE_CURVE('',#5750,#5670,#5730,.T.);
#5770=ORIENTED_EDGE('',*,*,#5760,.T.);
#5780=CARTESIAN_POINT('',(4.463169,-1.99999964469398,0.7));
#5790=DIRECTION('',(1.,0.,0.));
#5800=VECTOR('',#5790,1.);
#5810=LINE('',#5780,#5800);
#5820=EDGE_CURVE('',#5750,#5570,#5810,.T.);
#5830=ORIENTED_EDGE('',*,*,#5820,.F.);
#5840=EDGE_LOOP('',(#5830,#5770,#5690,#5610));
#5850=FACE_BOUND('',#5840,.T.);
#5860=CARTESIAN_POINT('',(4.463169,2.42500035530602,0.7));
#5870=DIRECTION('',(-1.,0.,0.));
#5880=VECTOR('',#5870,1.);
#5890=LINE('',#5860,#5880);
#5900=CARTESIAN_POINT('',(-7.49,2.42500035530602,0.7));
#5910=VERTEX_POINT('',#5900);
#5920=CARTESIAN_POINT('',(-7.89,2.42500035530602,0.7));
#5930=VERTEX_POINT('',#5920);
#5940=EDGE_CURVE('',#5910,#5930,#5890,.T.);
#5950=ORIENTED_EDGE('',*,*,#5940,.T.);
#5960=CARTESIAN_POINT('',(-7.49,-6.82499964469399,0.7));
#5970=DIRECTION('',(0.,-1.,0.));
#5980=VECTOR('',#5970,1.);
#5990=LINE('',#5960,#5980);
#6000=CARTESIAN_POINT('',(-7.49,1.05000035530602,0.7));
#6010=VERTEX_POINT('',#6000);
#6020=EDGE_CURVE('',#5910,#6010,#5990,.T.);
#6030=ORIENTED_EDGE('',*,*,#6020,.F.);
#6040=CARTESIAN_POINT('',(4.463169,1.05000035530602,0.7));
#6050=DIRECTION('',(1.,0.,-0.));
#6060=VECTOR('',#6050,1.);
#6070=LINE('',#6040,#6060);
#6080=CARTESIAN_POINT('',(-7.89,1.05000035530602,0.7));
#6090=VERTEX_POINT('',#6080);
#6100=EDGE_CURVE('',#6090,#6010,#6070,.T.);
#6110=ORIENTED_EDGE('',*,*,#6100,.T.);
#6120=CARTESIAN_POINT('',(-7.89,-6.82499964469399,0.7));
#6130=DIRECTION('',(0.,-1.,0.));
#6140=VECTOR('',#6130,1.);
#6150=LINE('',#6120,#6140);
#6160=EDGE_CURVE('',#5930,#6090,#6150,.T.);
#6170=ORIENTED_EDGE('',*,*,#6160,.T.);
#6180=EDGE_LOOP('',(#6170,#6110,#6030,#5950));
#6190=FACE_BOUND('',#6180,.T.);
#6200=CARTESIAN_POINT('',(4.463169,-3.37499964469399,0.7));
#6210=DIRECTION('',(1.,0.,-0.));
#6220=VECTOR('',#6210,1.);
#6230=LINE('',#6200,#6220);
#6240=CARTESIAN_POINT('',(7.49,-3.37499964469399,0.7));
#6250=VERTEX_POINT('',#6240);
#6260=CARTESIAN_POINT('',(7.89,-3.37499964469399,0.7));
#6270=VERTEX_POINT('',#6260);
#6280=EDGE_CURVE('',#6250,#6270,#6230,.T.);
#6290=ORIENTED_EDGE('',*,*,#6280,.T.);
#6300=CARTESIAN_POINT('',(7.49,-6.82499964469399,0.7));
#6310=DIRECTION('',(0.,1.,0.));
#6320=VECTOR('',#6310,1.);
#6330=LINE('',#6300,#6320);
#6340=CARTESIAN_POINT('',(7.49,-1.99999964469399,0.7));
#6350=VERTEX_POINT('',#6340);
#6360=EDGE_CURVE('',#6250,#6350,#6330,.T.);
#6370=ORIENTED_EDGE('',*,*,#6360,.F.);
#6380=CARTESIAN_POINT('',(4.463169,-1.99999964469399,0.7));
#6390=DIRECTION('',(-1.,0.,0.));
#6400=VECTOR('',#6390,1.);
#6410=LINE('',#6380,#6400);
#6420=CARTESIAN_POINT('',(7.89,-1.99999964469399,0.7));
#6430=VERTEX_POINT('',#6420);
#6440=EDGE_CURVE('',#6430,#6350,#6410,.T.);
#6450=ORIENTED_EDGE('',*,*,#6440,.T.);
#6460=CARTESIAN_POINT('',(7.89,-6.82499964469399,0.7));
#6470=DIRECTION('',(0.,1.,-0.));
#6480=VECTOR('',#6470,1.);
#6490=LINE('',#6460,#6480);
#6500=EDGE_CURVE('',#6270,#6430,#6490,.T.);
#6510=ORIENTED_EDGE('',*,*,#6500,.T.);
#6520=EDGE_LOOP('',(#6510,#6450,#6370,#6290));
#6530=FACE_BOUND('',#6520,.T.);
#6540=ORIENTED_EDGE('',*,*,#1920,.F.);
#6550=ORIENTED_EDGE('',*,*,#2200,.T.);
#6560=ORIENTED_EDGE('',*,*,#2930,.T.);
#6570=CARTESIAN_POINT('',(4.463169,1.05000035530601,0.7));
#6580=DIRECTION('',(-1.,0.,0.));
#6590=VECTOR('',#6580,1.);
#6600=LINE('',#6570,#6590);
#6610=EDGE_CURVE('',#2920,#1910,#6600,.T.);
#6620=ORIENTED_EDGE('',*,*,#6610,.F.);
#6630=EDGE_LOOP('',(#6620,#6560,#6550,#6540));
#6640=FACE_BOUND('',#6630,.T.);
#6650=ADVANCED_FACE('',(#4830,#5170,#5510,#5850,#6190,#6530,#6640),#3810
,.T.);
#6660=CARTESIAN_POINT('',(7.90000315,2.07875350530601,-0.4));
#6670=DIRECTION('',(0.,0.,1.));
#6680=DIRECTION('',(1.,0.,0.));
#6690=AXIS2_PLACEMENT_3D('',#6660,#6670,#6680);
#6700=PLANE('',#6690);
#6710=CARTESIAN_POINT('',(4.463169,1.92500035530601,-0.4));
#6720=DIRECTION('',(-1.,0.,0.));
#6730=VECTOR('',#6720,1.);
#6740=LINE('',#6710,#6730);
#6750=EDGE_CURVE('',#3100,#1600,#6740,.T.);
#6760=ORIENTED_EDGE('',*,*,#6750,.F.);
#6770=ORIENTED_EDGE('',*,*,#1610,.F.);
#6780=ORIENTED_EDGE('',*,*,#2690,.F.);
#6790=ORIENTED_EDGE('',*,*,#3170,.T.);
#6800=EDGE_LOOP('',(#6790,#6780,#6770,#6760));
#6810=FACE_OUTER_BOUND('',#6800,.T.);
#6820=ADVANCED_FACE('',(#6810),#6700,.T.);
#6830=CARTESIAN_POINT('',(7.47999685,1.48000210261163,-1.40750262095843)
);
#6840=DIRECTION('',(-0.,-0.832050294337843,-0.55470019622523));
#6850=DIRECTION('',(0.,-0.55470019622523,0.832050294337843));
#6860=AXIS2_PLACEMENT_3D('',#6830,#6840,#6850);
#6870=PLANE('',#6860);
#6880=CARTESIAN_POINT('',(4.463169,1.27500035530601,-1.1));
#6890=DIRECTION('',(1.,0.,-0.));
#6900=VECTOR('',#6890,1.);
#6910=LINE('',#6880,#6900);
#6920=EDGE_CURVE('',#1200,#3340,#6910,.T.);
#6930=ORIENTED_EDGE('',*,*,#6920,.F.);
#6940=ORIENTED_EDGE('',*,*,#3350,.T.);
#6950=CARTESIAN_POINT('',(4.463169,1.47500035530602,-1.4));
#6960=DIRECTION('',(1.,0.,0.));
#6970=VECTOR('',#6960,1.);
#6980=LINE('',#6950,#6970);
#6990=EDGE_CURVE('',#1280,#3260,#6980,.T.);
#7000=ORIENTED_EDGE('',*,*,#6990,.T.);
#7010=ORIENTED_EDGE('',*,*,#1290,.F.);
#7020=EDGE_LOOP('',(#7010,#7000,#6940,#6930));
#7030=FACE_OUTER_BOUND('',#7020,.T.);
#7040=ADVANCED_FACE('',(#7030),#6870,.T.);
#7050=CARTESIAN_POINT('',(7.90000315,1.91749720530601,0.));
#7060=DIRECTION('',(0.,0.,-1.));
#7070=DIRECTION('',(-1.,-0.,0.));
#7080=AXIS2_PLACEMENT_3D('',#7050,#7060,#7070);
#7090=PLANE('',#7080);
#7100=ORIENTED_EDGE('',*,*,#230,.T.);
#7110=ORIENTED_EDGE('',*,*,#1750,.F.);
#7120=CARTESIAN_POINT('',(4.463169,1.92500035530601,0.));
#7130=DIRECTION('',(-1.,0.,0.));
#7140=VECTOR('',#7130,1.);
#7150=LINE('',#7120,#7140);
#7160=EDGE_CURVE('',#3020,#1680,#7150,.T.);
#7170=ORIENTED_EDGE('',*,*,#7160,.T.);
#7180=ORIENTED_EDGE('',*,*,#3030,.T.);
#7190=EDGE_LOOP('',(#7180,#7170,#7110,#7100));
#7200=FACE_OUTER_BOUND('',#7190,.T.);
#7210=ADVANCED_FACE('',(#7200),#7090,.T.);
#7220=CARTESIAN_POINT('',(7.90000315,1.27500035530601,-0.38249685));
#7230=DIRECTION('',(0.,-1.,0.));
#7240=DIRECTION('',(1.,0.,0.));
#7250=AXIS2_PLACEMENT_3D('',#7220,#7230,#7240);
#7260=PLANE('',#7250);
#7270=ORIENTED_EDGE('',*,*,#6920,.T.);
#7280=ORIENTED_EDGE('',*,*,#1210,.F.);
#7290=CARTESIAN_POINT('',(4.463169,1.27500035530601,-0.4));
#7300=DIRECTION('',(-1.,0.,0.));
#7310=VECTOR('',#7300,1.);
#7320=LINE('',#7290,#7310);
#7330=EDGE_CURVE('',#3420,#1120,#7320,.T.);
#7340=ORIENTED_EDGE('',*,*,#7330,.T.);
#7350=ORIENTED_EDGE('',*,*,#3430,.T.);
#7360=EDGE_LOOP('',(#7350,#7340,#7280,#7270));
#7370=FACE_OUTER_BOUND('',#7360,.T.);
#7380=ADVANCED_FACE('',(#7370),#7260,.T.);
#7390=CARTESIAN_POINT('',(7.90000315,1.92500035530601,-0.41000315));
#7400=DIRECTION('',(0.,1.,-0.));
#7410=DIRECTION('',(-1.,0.,0.));
#7420=AXIS2_PLACEMENT_3D('',#7390,#7400,#7410);
#7430=PLANE('',#7420);
#7440=ORIENTED_EDGE('',*,*,#7160,.F.);
#7450=ORIENTED_EDGE('',*,*,#1690,.F.);
#7460=ORIENTED_EDGE('',*,*,#6750,.T.);
#7470=ORIENTED_EDGE('',*,*,#3110,.T.);
#7480=EDGE_LOOP('',(#7470,#7460,#7450,#7440));
#7490=FACE_OUTER_BOUND('',#7480,.T.);
#7500=ADVANCED_FACE('',(#7490),#7430,.T.);
#7510=CARTESIAN_POINT('',(-6.975,4.54500350530602,6.03750315));
#7520=DIRECTION('',(-1.,0.,0.));
#7530=DIRECTION('',(0.,0.,1.));
#7540=AXIS2_PLACEMENT_3D('',#7510,#7520,#7530);
#7550=PLANE('',#7540);
#7560=CARTESIAN_POINT('',(-6.975,-5.22499964469398,3.346891));
#7570=DIRECTION('',(0.,-0.,-1.));
#7580=VECTOR('',#7570,1.);
#7590=LINE('',#7560,#7580);
#7600=CARTESIAN_POINT('',(-6.975,-5.22499964469398,4.000468));
#7610=VERTEX_POINT('',#7600);
#7620=EDGE_CURVE('',#7610,#4060,#7590,.T.);
#7630=ORIENTED_EDGE('',*,*,#7620,.T.);
#7640=CARTESIAN_POINT('',(-6.975,-6.82499964469399,4.000468));
#7650=DIRECTION('',(0.,-1.,0.));
#7660=VECTOR('',#7650,1.);
#7670=LINE('',#7640,#7660);
#7680=CARTESIAN_POINT('',(-6.975,4.27500035530602,4.000468));
#7690=VERTEX_POINT('',#7680);
#7700=EDGE_CURVE('',#7690,#7610,#7670,.T.);
#7710=ORIENTED_EDGE('',*,*,#7700,.T.);
#7720=CARTESIAN_POINT('',(-6.975,4.27500035530602,3.346891));
#7730=DIRECTION('',(0.,0.,-1.));
#7740=VECTOR('',#7730,1.);
#7750=LINE('',#7720,#7740);
#7760=CARTESIAN_POINT('',(-6.975,4.27500035530602,5.));
#7770=VERTEX_POINT('',#7760);
#7780=EDGE_CURVE('',#7770,#7690,#7750,.T.);
#7790=ORIENTED_EDGE('',*,*,#7780,.T.);
#7800=CARTESIAN_POINT('',(-6.975,3.77500035530602,5.));
#7810=DIRECTION('',(1.,0.,0.));
#7820=DIRECTION('',(0.,0.,-1.));
#7830=AXIS2_PLACEMENT_3D('',#7800,#7810,#7820);
#7840=CIRCLE('',#7830,0.499999999999998);
#7850=CARTESIAN_POINT('',(-6.975,3.77500035530602,5.5));
#7860=VERTEX_POINT('',#7850);
#7870=EDGE_CURVE('',#7770,#7860,#7840,.T.);
#7880=ORIENTED_EDGE('',*,*,#7870,.F.);
#7890=CARTESIAN_POINT('',(-6.975,-6.82499964469399,5.5));
#7900=DIRECTION('',(0.,-1.,0.));
#7910=VECTOR('',#7900,1.);
#7920=LINE('',#7890,#7910);
#7930=CARTESIAN_POINT('',(-6.975,2.77500035530602,5.5));
#7940=VERTEX_POINT('',#7930);
#7950=EDGE_CURVE('',#7860,#7940,#7920,.T.);
#7960=ORIENTED_EDGE('',*,*,#7950,.F.);
#7970=CARTESIAN_POINT('',(-6.975,2.77500035530602,3.346891));
#7980=DIRECTION('',(0.,0.,1.));
#7990=VECTOR('',#7980,1.);
#8000=LINE('',#7970,#7990);
#8010=CARTESIAN_POINT('',(-6.975,2.77500035530602,5.9));
#8020=VERTEX_POINT('',#8010);
#8030=EDGE_CURVE('',#7940,#8020,#8000,.T.);
#8040=ORIENTED_EDGE('',*,*,#8030,.F.);
#8050=CARTESIAN_POINT('',(-6.975,-6.52499964469398,5.9));
#8060=DIRECTION('',(0.,1.,0.));
#8070=VECTOR('',#8060,1.);
#8080=LINE('',#8050,#8070);
#8090=CARTESIAN_POINT('',(-6.975,-6.52499964469398,5.9));
#8100=VERTEX_POINT('',#8090);
#8110=EDGE_CURVE('',#8100,#8020,#8080,.T.);
#8120=ORIENTED_EDGE('',*,*,#8110,.T.);
#8130=CARTESIAN_POINT('',(-6.975,-6.52499964469398,0.399999999999999));
#8140=DIRECTION('',(0.,0.,1.));
#8150=VECTOR('',#8140,1.);
#8160=LINE('',#8130,#8150);
#8170=CARTESIAN_POINT('',(-6.975,-6.52499964469398,0.399999999999999));
#8180=VERTEX_POINT('',#8170);
#8190=EDGE_CURVE('',#8180,#8100,#8160,.T.);
#8200=ORIENTED_EDGE('',*,*,#8190,.T.);
#8210=CARTESIAN_POINT('',(-6.975,-6.82499964469399,0.399999999999999));
#8220=DIRECTION('',(-0.,1.,0.));
#8230=VECTOR('',#8220,1.);
#8240=LINE('',#8210,#8230);
#8250=CARTESIAN_POINT('',(-6.975,2.82500035530602,0.399999999999999));
#8260=VERTEX_POINT('',#8250);
#8270=EDGE_CURVE('',#8180,#8260,#8240,.T.);
#8280=ORIENTED_EDGE('',*,*,#8270,.F.);
#8290=CARTESIAN_POINT('',(-6.975,2.82500035530602,3.346891));
#8300=DIRECTION('',(0.,0.,1.));
#8310=VECTOR('',#8300,1.);
#8320=LINE('',#8290,#8310);
#8330=EDGE_CURVE('',#8260,#4140,#8320,.T.);
#8340=ORIENTED_EDGE('',*,*,#8330,.F.);
#8350=ORIENTED_EDGE('',*,*,#4150,.F.);
#8360=EDGE_LOOP('',(#8350,#8340,#8280,#8200,#8120,#8040,#7960,#7880,
#7790,#7710,#7630));
#8370=FACE_OUTER_BOUND('',#8360,.T.);
#8380=ADVANCED_FACE('',(#8370),#7550,.T.);
#8390=CARTESIAN_POINT('',(-7.41062815,-5.22499964469398,0.61748515));
#8400=DIRECTION('',(0.,-1.,0.));
#8410=DIRECTION('',(1.,0.,0.));
#8420=AXIS2_PLACEMENT_3D('',#8390,#8400,#8410);
#8430=PLANE('',#8420);
#8440=ORIENTED_EDGE('',*,*,#4070,.T.);
#8450=CARTESIAN_POINT('',(-7.4,-5.22499964469398,4.000468));
#8460=DIRECTION('',(0.,0.,-1.));
#8470=VECTOR('',#8460,1.);
#8480=LINE('',#8450,#8470);
#8490=CARTESIAN_POINT('',(-7.4,-5.22499964469398,4.000468));
#8500=VERTEX_POINT('',#8490);
#8510=EDGE_CURVE('',#8500,#3980,#8480,.T.);
#8520=ORIENTED_EDGE('',*,*,#8510,.T.);
#8530=CARTESIAN_POINT('',(4.463169,-5.22499964469398,4.000468));
#8540=DIRECTION('',(-1.,0.,0.));
#8550=VECTOR('',#8540,1.);
#8560=LINE('',#8530,#8550);
#8570=EDGE_CURVE('',#7610,#8500,#8560,.T.);
#8580=ORIENTED_EDGE('',*,*,#8570,.T.);
#8590=ORIENTED_EDGE('',*,*,#7620,.F.);
#8600=EDGE_LOOP('',(#8590,#8580,#8520,#8440));
#8610=FACE_OUTER_BOUND('',#8600,.T.);
#8620=ADVANCED_FACE('',(#8610),#8430,.T.);
#8630=CARTESIAN_POINT('',(-8.94812815,-5.46250279469398,4.000468));
#8640=DIRECTION('',(0.,0.,1.));
#8650=DIRECTION('',(1.,0.,0.));
#8660=AXIS2_PLACEMENT_3D('',#8630,#8640,#8650);
#8670=PLANE('',#8660);
#8680=CARTESIAN_POINT('',(-7.40000000000001,2.77500035530602,4.000468));
#8690=DIRECTION('',(0.,0.,-1.));
#8700=DIRECTION('',(-1.,0.,0.));
#8710=AXIS2_PLACEMENT_3D('',#8680,#8690,#8700);
#8720=CIRCLE('',#8710,1.49999999999999);
#8730=CARTESIAN_POINT('',(-8.9,2.77500035530602,4.000468));
#8740=VERTEX_POINT('',#8730);
#8750=CARTESIAN_POINT('',(-7.4,4.27500035530602,4.000468));
#8760=VERTEX_POINT('',#8750);
#8770=EDGE_CURVE('',#8740,#8760,#8720,.T.);
#8780=ORIENTED_EDGE('',*,*,#8770,.F.);
#8790=CARTESIAN_POINT('',(4.463169,4.27500035530602,4.000468));
#8800=DIRECTION('',(1.,0.,0.));
#8810=VECTOR('',#8800,1.);
#8820=LINE('',#8790,#8810);
#8830=EDGE_CURVE('',#8760,#7690,#8820,.T.);
#8840=ORIENTED_EDGE('',*,*,#8830,.F.);
#8850=ORIENTED_EDGE('',*,*,#7700,.F.);
#8860=ORIENTED_EDGE('',*,*,#8570,.F.);
#8870=CARTESIAN_POINT('',(-7.4,-3.72499964469397,4.000468));
#8880=DIRECTION('',(0.,0.,-1.));
#8890=DIRECTION('',(-1.,0.,0.));
#8900=AXIS2_PLACEMENT_3D('',#8870,#8880,#8890);
#8910=CIRCLE('',#8900,1.50000000000001);
#8920=CARTESIAN_POINT('',(-8.9,-3.72499964469398,4.000468));
#8930=VERTEX_POINT('',#8920);
#8940=EDGE_CURVE('',#8500,#8930,#8910,.T.);
#8950=ORIENTED_EDGE('',*,*,#8940,.F.);
#8960=CARTESIAN_POINT('',(-8.9,-6.82499964469399,4.000468));
#8970=DIRECTION('',(0.,-1.,0.));
#8980=VECTOR('',#8970,1.);
#8990=LINE('',#8960,#8980);
#9000=EDGE_CURVE('',#8740,#8930,#8990,.T.);
#9010=ORIENTED_EDGE('',*,*,#9000,.T.);
#9020=EDGE_LOOP('',(#9010,#8950,#8860,#8850,#8840,#8780));
#9030=FACE_OUTER_BOUND('',#9020,.T.);
#9040=CARTESIAN_POINT('',(-7.89,-6.82499964469399,4.000468));
#9050=DIRECTION('',(0.,-1.,0.));
#9060=VECTOR('',#9050,1.);
#9070=LINE('',#9040,#9060);
#9080=CARTESIAN_POINT('',(-7.89,2.72500035530602,4.000468));
#9090=VERTEX_POINT('',#9080);
#9100=CARTESIAN_POINT('',(-7.89,-3.67499964469398,4.000468));
#9110=VERTEX_POINT('',#9100);
#9120=EDGE_CURVE('',#9090,#9110,#9070,.T.);
#9130=ORIENTED_EDGE('',*,*,#9120,.F.);
#9140=CARTESIAN_POINT('',(4.463169,-3.67499964469398,4.000468));
#9150=DIRECTION('',(1.,0.,0.));
#9160=VECTOR('',#9150,1.);
#9170=LINE('',#9140,#9160);
#9180=CARTESIAN_POINT('',(-7.49,-3.67499964469398,4.000468));
#9190=VERTEX_POINT('',#9180);
#9200=EDGE_CURVE('',#9110,#9190,#9170,.T.);
#9210=ORIENTED_EDGE('',*,*,#9200,.F.);
#9220=CARTESIAN_POINT('',(-7.49,-6.82499964469399,4.000468));
#9230=DIRECTION('',(0.,-1.,0.));
#9240=VECTOR('',#9230,1.);
#9250=LINE('',#9220,#9240);
#9260=CARTESIAN_POINT('',(-7.49,2.72500035530602,4.000468));
#9270=VERTEX_POINT('',#9260);
#9280=EDGE_CURVE('',#9270,#9190,#9250,.T.);
#9290=ORIENTED_EDGE('',*,*,#9280,.T.);
#9300=CARTESIAN_POINT('',(4.463169,2.72500035530602,4.000468));
#9310=DIRECTION('',(-1.,0.,0.));
#9320=VECTOR('',#9310,1.);
#9330=LINE('',#9300,#9320);
#9340=EDGE_CURVE('',#9270,#9090,#9330,.T.);
#9350=ORIENTED_EDGE('',*,*,#9340,.F.);
#9360=EDGE_LOOP('',(#9350,#9290,#9210,#9130));
#9370=FACE_BOUND('',#9360,.T.);
#9380=ADVANCED_FACE('',(#9030,#9370),#8670,.T.);
#9390=CARTESIAN_POINT('',(-7.89,-3.83500279469398,3.99547655));
#9400=DIRECTION('',(-1.,0.,0.));
#9410=DIRECTION('',(0.,0.,1.));
#9420=AXIS2_PLACEMENT_3D('',#9390,#9400,#9410);
#9430=PLANE('',#9420);
#9440=CARTESIAN_POINT('',(-7.89,2.72500035530602,3.346891));
#9450=DIRECTION('',(0.,0.,-1.));
#9460=VECTOR('',#9450,1.);
#9470=LINE('',#9440,#9460);
#9480=CARTESIAN_POINT('',(-7.89,2.72500035530602,4.2));
#9490=VERTEX_POINT('',#9480);
#9500=EDGE_CURVE('',#9490,#9090,#9470,.T.);
#9510=ORIENTED_EDGE('',*,*,#9500,.T.);
#9520=CARTESIAN_POINT('',(-7.89,-6.82499964469399,4.2));
#9530=DIRECTION('',(0.,1.,0.));
#9540=VECTOR('',#9530,1.);
#9550=LINE('',#9520,#9540);
#9560=CARTESIAN_POINT('',(-7.89,-3.67499964469398,4.2));
#9570=VERTEX_POINT('',#9560);
#9580=EDGE_CURVE('',#9570,#9490,#9550,.T.);
#9590=ORIENTED_EDGE('',*,*,#9580,.T.);
#9600=CARTESIAN_POINT('',(-7.89,-3.67499964469398,3.346891));
#9610=DIRECTION('',(0.,0.,1.));
#9620=VECTOR('',#9610,1.);
#9630=LINE('',#9600,#9620);
#9640=EDGE_CURVE('',#9110,#9570,#9630,.T.);
#9650=ORIENTED_EDGE('',*,*,#9640,.T.);
#9660=ORIENTED_EDGE('',*,*,#9120,.T.);
#9670=EDGE_LOOP('',(#9660,#9650,#9590,#9510));
#9680=FACE_OUTER_BOUND('',#9670,.T.);
#9690=ADVANCED_FACE('',(#9680),#9430,.T.);
#9700=CARTESIAN_POINT('',(-7.90000315,-3.67499964469398,4.20499145));
#9710=DIRECTION('',(0.,-1.,0.));
#9720=DIRECTION('',(1.,0.,0.));
#9730=AXIS2_PLACEMENT_3D('',#9700,#9710,#9720);
#9740=PLANE('',#9730);
#9750=CARTESIAN_POINT('',(4.463169,-3.67499964469398,4.2));
#9760=DIRECTION('',(1.,0.,-0.));
#9770=VECTOR('',#9760,1.);
#9780=LINE('',#9750,#9770);
#9790=CARTESIAN_POINT('',(-7.49,-3.67499964469398,4.2));
#9800=VERTEX_POINT('',#9790);
#9810=EDGE_CURVE('',#9570,#9800,#9780,.T.);
#9820=ORIENTED_EDGE('',*,*,#9810,.F.);
#9830=CARTESIAN_POINT('',(-7.49,-3.67499964469398,3.346891));
#9840=DIRECTION('',(0.,0.,1.));
#9850=VECTOR('',#9840,1.);
#9860=LINE('',#9830,#9850);
#9870=EDGE_CURVE('',#9190,#9800,#9860,.T.);
#9880=ORIENTED_EDGE('',*,*,#9870,.T.);
#9890=ORIENTED_EDGE('',*,*,#9200,.T.);
#9900=ORIENTED_EDGE('',*,*,#9640,.F.);
#9910=EDGE_LOOP('',(#9900,#9890,#9880,#9820));
#9920=FACE_OUTER_BOUND('',#9910,.T.);
#9930=ADVANCED_FACE('',(#9920),#9740,.T.);
#9940=CARTESIAN_POINT('',(-7.49,-3.83500279469398,3.99547655));
#9950=DIRECTION('',(1.,-0.,0.));
#9960=DIRECTION('',(0.,0.,-1.));
#9970=AXIS2_PLACEMENT_3D('',#9940,#9950,#9960);
#9980=PLANE('',#9970);
#9990=ORIENTED_EDGE('',*,*,#9280,.F.);
#10000=ORIENTED_EDGE('',*,*,#9870,.F.);
#10010=CARTESIAN_POINT('',(-7.49,-6.82499964469399,4.2));
#10020=DIRECTION('',(0.,1.,0.));
#10030=VECTOR('',#10020,1.);
#10040=LINE('',#10010,#10030);
#10050=CARTESIAN_POINT('',(-7.49,2.72500035530602,4.2));
#10060=VERTEX_POINT('',#10050);
#10070=EDGE_CURVE('',#9800,#10060,#10040,.T.);
#10080=ORIENTED_EDGE('',*,*,#10070,.F.);
#10090=CARTESIAN_POINT('',(-7.49,2.72500035530602,3.346891));
#10100=DIRECTION('',(-0.,0.,-1.));
#10110=VECTOR('',#10100,1.);
#10120=LINE('',#10090,#10110);
#10130=EDGE_CURVE('',#10060,#9270,#10120,.T.);
#10140=ORIENTED_EDGE('',*,*,#10130,.F.);
#10150=EDGE_LOOP('',(#10140,#10080,#10000,#9990));
#10160=FACE_OUTER_BOUND('',#10150,.T.);
#10170=ADVANCED_FACE('',(#10160),#9980,.T.);
#10180=CARTESIAN_POINT('',(-7.90000315,2.72500035530602,3.99547655));
#10190=DIRECTION('',(0.,1.,-0.));
#10200=DIRECTION('',(-1.,0.,0.));
#10210=AXIS2_PLACEMENT_3D('',#10180,#10190,#10200);
#10220=PLANE('',#10210);
#10230=ORIENTED_EDGE('',*,*,#10130,.T.);
#10240=CARTESIAN_POINT('',(4.463169,2.72500035530602,4.2));
#10250=DIRECTION('',(1.,0.,0.));
#10260=VECTOR('',#10250,1.);
#10270=LINE('',#10240,#10260);
#10280=EDGE_CURVE('',#9490,#10060,#10270,.T.);
#10290=ORIENTED_EDGE('',*,*,#10280,.T.);
#10300=ORIENTED_EDGE('',*,*,#9500,.F.);
#10310=ORIENTED_EDGE('',*,*,#9340,.T.);
#10320=EDGE_LOOP('',(#10310,#10300,#10290,#10230));
#10330=FACE_OUTER_BOUND('',#10320,.T.);
#10340=ADVANCED_FACE('',(#10330),#10220,.T.);
#10350=CARTESIAN_POINT('',(-7.90000315,2.88500350530602,4.2));
#10360=DIRECTION('',(0.,0.,1.));
#10370=DIRECTION('',(1.,0.,0.));
#10380=AXIS2_PLACEMENT_3D('',#10350,#10360,#10370);
#10390=PLANE('',#10380);
#10400=ORIENTED_EDGE('',*,*,#10280,.F.);
#10410=ORIENTED_EDGE('',*,*,#10070,.T.);
#10420=ORIENTED_EDGE('',*,*,#9810,.T.);
#10430=ORIENTED_EDGE('',*,*,#9580,.F.);
#10440=EDGE_LOOP('',(#10430,#10420,#10410,#10400));
#10450=FACE_OUTER_BOUND('',#10440,.T.);
#10460=ADVANCED_FACE('',(#10450),#10390,.T.);
#10470=CARTESIAN_POINT('',(-7.4,-3.72499964469397,4.08298285));
#10480=DIRECTION('',(0.,0.,-1.));
#10490=DIRECTION('',(-1.,-0.,0.));
#10500=AXIS2_PLACEMENT_3D('',#10470,#10480,#10490);
#10510=CYLINDRICAL_SURFACE('',#10500,1.50000000000001);
#10520=ORIENTED_EDGE('',*,*,#3990,.F.);
#10530=CARTESIAN_POINT('',(-8.9,-3.72499964469398,4.000468));
#10540=DIRECTION('',(0.,0.,-1.));
#10550=VECTOR('',#10540,1.);
#10560=LINE('',#10530,#10550);
#10570=EDGE_CURVE('',#8930,#3870,#10560,.T.);
#10580=ORIENTED_EDGE('',*,*,#10570,.T.);
#10590=ORIENTED_EDGE('',*,*,#8940,.T.);
#10600=ORIENTED_EDGE('',*,*,#8510,.F.);
#10610=EDGE_LOOP('',(#10600,#10590,#10580,#10520));
#10620=FACE_OUTER_BOUND('',#10610,.T.);
#10630=ADVANCED_FACE('',(#10620),#10510,.T.);
#10640=CARTESIAN_POINT('',(-8.9,2.93750350530602,4.08298285));
#10650=DIRECTION('',(-1.,0.,0.));
#10660=DIRECTION('',(0.,0.,1.));
#10670=AXIS2_PLACEMENT_3D('',#10640,#10650,#10660);
#10680=PLANE('',#10670);
#10690=ORIENTED_EDGE('',*,*,#9000,.F.);
#10700=ORIENTED_EDGE('',*,*,#10570,.F.);
#10710=ORIENTED_EDGE('',*,*,#3900,.F.);
#10720=CARTESIAN_POINT('',(-8.9,2.77500035530602,4.000468));
#10730=DIRECTION('',(0.,0.,-1.));
#10740=VECTOR('',#10730,1.);
#10750=LINE('',#10720,#10740);
#10760=EDGE_CURVE('',#8740,#3890,#10750,.T.);
#10770=ORIENTED_EDGE('',*,*,#10760,.T.);
#10780=EDGE_LOOP('',(#10770,#10710,#10700,#10690));
#10790=FACE_OUTER_BOUND('',#10780,.T.);
#10800=ADVANCED_FACE('',(#10790),#10680,.T.);
#10810=CARTESIAN_POINT('',(-7.40000000000001,2.77500035530602,4.08298285
));
#10820=DIRECTION('',(0.,0.,-1.));
#10830=DIRECTION('',(-1.,-0.,0.));
#10840=AXIS2_PLACEMENT_3D('',#10810,#10820,#10830);
#10850=CYLINDRICAL_SURFACE('',#10840,1.49999999999999);
#10860=ORIENTED_EDGE('',*,*,#4800,.T.);
#10870=CARTESIAN_POINT('',(-7.4,4.27500035530602,0.7));
#10880=DIRECTION('',(0.,0.,1.));
#10890=VECTOR('',#10880,1.);
#10900=LINE('',#10870,#10890);
#10910=EDGE_CURVE('',#4720,#8760,#10900,.T.);
#10920=ORIENTED_EDGE('',*,*,#10910,.F.);
#10930=ORIENTED_EDGE('',*,*,#8770,.T.);
#10940=ORIENTED_EDGE('',*,*,#10760,.F.);
#10950=EDGE_LOOP('',(#10940,#10930,#10920,#10860));
#10960=FACE_OUTER_BOUND('',#10950,.T.);
#10970=ADVANCED_FACE('',(#10960),#10850,.T.);
#10980=CARTESIAN_POINT('',(7.90000315,1.88500350530602,-1.4));
#10990=DIRECTION('',(0.,0.,-1.));
#11000=DIRECTION('',(-1.,-0.,0.));
#11010=AXIS2_PLACEMENT_3D('',#10980,#10990,#11000);
#11020=PLANE('',#11010);
#11030=ORIENTED_EDGE('',*,*,#1370,.T.);
#11040=ORIENTED_EDGE('',*,*,#6990,.F.);
#11050=ORIENTED_EDGE('',*,*,#3270,.F.);
#11060=ORIENTED_EDGE('',*,*,#2380,.F.);
#11070=EDGE_LOOP('',(#11060,#11050,#11040,#11030));
#11080=FACE_OUTER_BOUND('',#11070,.T.);
#11090=ADVANCED_FACE('',(#11080),#11020,.T.);
#11100=CARTESIAN_POINT('',(-7.32375630000001,3.77500035530602,5.));
#11110=DIRECTION('',(1.,0.,0.));
#11120=DIRECTION('',(0.,0.,-1.));
#11130=AXIS2_PLACEMENT_3D('',#11100,#11110,#11120);
#11140=CYLINDRICAL_SURFACE('',#11130,0.499999999999998);
#11150=CARTESIAN_POINT('',(6.975,3.77500035530602,5.));
#11160=DIRECTION('',(1.,0.,0.));
#11170=DIRECTION('',(0.,0.,-1.));
#11180=AXIS2_PLACEMENT_3D('',#11150,#11160,#11170);
#11190=CIRCLE('',#11180,0.499999999999998);
#11200=CARTESIAN_POINT('',(6.975,4.27500035530602,5.));
#11210=VERTEX_POINT('',#11200);
#11220=CARTESIAN_POINT('',(6.975,3.77500035530602,5.5));
#11230=VERTEX_POINT('',#11220);
#11240=EDGE_CURVE('',#11210,#11230,#11190,.T.);
#11250=ORIENTED_EDGE('',*,*,#11240,.F.);
#11260=CARTESIAN_POINT('',(-6.975,3.77500035530602,5.5));
#11270=DIRECTION('',(1.,0.,0.));
#11280=VECTOR('',#11270,1.);
#11290=LINE('',#11260,#11280);
#11300=EDGE_CURVE('',#7860,#11230,#11290,.T.);
#11310=ORIENTED_EDGE('',*,*,#11300,.T.);
#11320=ORIENTED_EDGE('',*,*,#7870,.T.);
#11330=CARTESIAN_POINT('',(-6.975,4.27500035530602,5.));
#11340=DIRECTION('',(1.,0.,0.));
#11350=VECTOR('',#11340,1.);
#11360=LINE('',#11330,#11350);
#11370=EDGE_CURVE('',#7770,#11210,#11360,.T.);
#11380=ORIENTED_EDGE('',*,*,#11370,.F.);
#11390=EDGE_LOOP('',(#11380,#11320,#11310,#11250));
#11400=FACE_OUTER_BOUND('',#11390,.T.);
#11410=ADVANCED_FACE('',(#11400),#11140,.T.);
#11420=CARTESIAN_POINT('',(6.975,-6.79500279469398,6.03750315));
#11430=DIRECTION('',(1.,-0.,0.));
#11440=DIRECTION('',(0.,0.,-1.));
#11450=AXIS2_PLACEMENT_3D('',#11420,#11430,#11440);
#11460=PLANE('',#11450);
#11470=CARTESIAN_POINT('',(6.975,-5.22499964469398,3.346891));
#11480=DIRECTION('',(0.,0.,-1.));
#11490=VECTOR('',#11480,1.);
#11500=LINE('',#11470,#11490);
#11510=CARTESIAN_POINT('',(6.975,-5.22499964469398,4.000468));
#11520=VERTEX_POINT('',#11510);
#11530=EDGE_CURVE('',#11520,#4300,#11500,.T.);
#11540=ORIENTED_EDGE('',*,*,#11530,.F.);
#11550=ORIENTED_EDGE('',*,*,#4310,.F.);
#11560=CARTESIAN_POINT('',(6.975,2.82500035530602,3.346891));
#11570=DIRECTION('',(-0.,0.,-1.));
#11580=VECTOR('',#11570,1.);
#11590=LINE('',#11560,#11580);
#11600=CARTESIAN_POINT('',(6.975,2.82500035530602,0.399999999999999));
#11610=VERTEX_POINT('',#11600);
#11620=EDGE_CURVE('',#4220,#11610,#11590,.T.);
#11630=ORIENTED_EDGE('',*,*,#11620,.F.);
#11640=CARTESIAN_POINT('',(6.975,-6.82499964469399,0.399999999999999));
#11650=DIRECTION('',(0.,1.,-0.));
#11660=VECTOR('',#11650,1.);
#11670=LINE('',#11640,#11660);
#11680=CARTESIAN_POINT('',(6.975,-6.52499964469398,0.399999999999999));
#11690=VERTEX_POINT('',#11680);
#11700=EDGE_CURVE('',#11690,#11610,#11670,.T.);
#11710=ORIENTED_EDGE('',*,*,#11700,.T.);
#11720=CARTESIAN_POINT('',(6.975,-6.52499964469398,5.9));
#11730=DIRECTION('',(0.,0.,-1.));
#11740=VECTOR('',#11730,1.);
#11750=LINE('',#11720,#11740);
#11760=CARTESIAN_POINT('',(6.975,-6.52499964469398,5.9));
#11770=VERTEX_POINT('',#11760);
#11780=EDGE_CURVE('',#11770,#11690,#11750,.T.);
#11790=ORIENTED_EDGE('',*,*,#11780,.T.);
#11800=CARTESIAN_POINT('',(6.975,-6.52499964469398,5.9));
#11810=DIRECTION('',(0.,1.,0.));
#11820=VECTOR('',#11810,1.);
#11830=LINE('',#11800,#11820);
#11840=CARTESIAN_POINT('',(6.975,2.77500035530602,5.9));
#11850=VERTEX_POINT('',#11840);
#11860=EDGE_CURVE('',#11770,#11850,#11830,.T.);
#11870=ORIENTED_EDGE('',*,*,#11860,.F.);
#11880=CARTESIAN_POINT('',(6.975,2.77500035530602,3.346891));
#11890=DIRECTION('',(-0.,0.,-1.));
#11900=VECTOR('',#11890,1.);
#11910=LINE('',#11880,#11900);
#11920=CARTESIAN_POINT('',(6.975,2.77500035530602,5.5));
#11930=VERTEX_POINT('',#11920);
#11940=EDGE_CURVE('',#11850,#11930,#11910,.T.);
#11950=ORIENTED_EDGE('',*,*,#11940,.F.);
#11960=CARTESIAN_POINT('',(6.975,-6.82499964469399,5.5));
#11970=DIRECTION('',(0.,1.,0.));
#11980=VECTOR('',#11970,1.);
#11990=LINE('',#11960,#11980);
#12000=EDGE_CURVE('',#11930,#11230,#11990,.T.);
#12010=ORIENTED_EDGE('',*,*,#12000,.F.);
#12020=ORIENTED_EDGE('',*,*,#11240,.T.);
#12030=CARTESIAN_POINT('',(6.975,4.27500035530602,3.346891));
#12040=DIRECTION('',(0.,0.,1.));
#12050=VECTOR('',#12040,1.);
#12060=LINE('',#12030,#12050);
#12070=CARTESIAN_POINT('',(6.975,4.27500035530602,4.000468));
#12080=VERTEX_POINT('',#12070);
#12090=EDGE_CURVE('',#12080,#11210,#12060,.T.);
#12100=ORIENTED_EDGE('',*,*,#12090,.T.);
#12110=CARTESIAN_POINT('',(6.975,-6.82499964469399,4.000468));
#12120=DIRECTION('',(0.,1.,0.));
#12130=VECTOR('',#12120,1.);
#12140=LINE('',#12110,#12130);
#12150=EDGE_CURVE('',#11520,#12080,#12140,.T.);
#12160=ORIENTED_EDGE('',*,*,#12150,.T.);
#12170=EDGE_LOOP('',(#12160,#12100,#12020,#12010,#11950,#11870,#11790,
#11710,#11630,#11550,#11540));
#12180=FACE_OUTER_BOUND('',#12170,.T.);
#12190=ADVANCED_FACE('',(#12180),#11460,.T.);
#12200=CARTESIAN_POINT('',(7.32375315,2.82500035530602,
0.0849968499999991));
#12210=DIRECTION('',(0.,1.,-0.));
#12220=DIRECTION('',(-1.,0.,0.));
#12230=AXIS2_PLACEMENT_3D('',#12200,#12210,#12220);
#12240=PLANE('',#12230);
#12250=CARTESIAN_POINT('',(4.463169,2.82500035530602,0.399999999999999))
;
#12260=DIRECTION('',(1.,0.,0.));
#12270=VECTOR('',#12260,1.);
#12280=LINE('',#12250,#12270);
#12290=CARTESIAN_POINT('',(0.999999999999998,2.82500035530602,
0.399999999999999));
#12300=VERTEX_POINT('',#12290);
#12310=EDGE_CURVE('',#12300,#11610,#12280,.T.);
#12320=ORIENTED_EDGE('',*,*,#12310,.F.);
#12330=ORIENTED_EDGE('',*,*,#11620,.T.);
#12340=ORIENTED_EDGE('',*,*,#4230,.T.);
#12350=ORIENTED_EDGE('',*,*,#8330,.T.);
#12360=CARTESIAN_POINT('',(4.463169,2.82500035530602,0.399999999999999))
;
#12370=DIRECTION('',(1.,0.,0.));
#12380=VECTOR('',#12370,1.);
#12390=LINE('',#12360,#12380);
#12400=CARTESIAN_POINT('',(-1.,2.82500035530602,0.399999999999999));
#12410=VERTEX_POINT('',#12400);
#12420=EDGE_CURVE('',#8260,#12410,#12390,.T.);
#12430=ORIENTED_EDGE('',*,*,#12420,.F.);
#12440=CARTESIAN_POINT('',(-1.,2.82500035530602,3.346891));
#12450=DIRECTION('',(-0.,0.,-1.));
#12460=VECTOR('',#12450,1.);
#12470=LINE('',#12440,#12460);
#12480=CARTESIAN_POINT('',(-1.,2.82500035530602,0.0999999999999988));
#12490=VERTEX_POINT('',#12480);
#12500=EDGE_CURVE('',#12410,#12490,#12470,.T.);
#12510=ORIENTED_EDGE('',*,*,#12500,.F.);
#12520=CARTESIAN_POINT('',(4.463169,2.82500035530602,0.0999999999999988)
);
#12530=DIRECTION('',(-1.,-0.,0.));
#12540=VECTOR('',#12530,1.);
#12550=LINE('',#12520,#12540);
#12560=CARTESIAN_POINT('',(0.999999999999998,2.82500035530602,
0.0999999999999988));
#12570=VERTEX_POINT('',#12560);
#12580=EDGE_CURVE('',#12570,#12490,#12550,.T.);
#12590=ORIENTED_EDGE('',*,*,#12580,.T.);
#12600=CARTESIAN_POINT('',(0.999999999999998,2.82500035530602,3.346891))
;
#12610=DIRECTION('',(0.,0.,-1.));
#12620=VECTOR('',#12610,1.);
#12630=LINE('',#12600,#12620);
#12640=EDGE_CURVE('',#12300,#12570,#12630,.T.);
#12650=ORIENTED_EDGE('',*,*,#12640,.T.);
#12660=EDGE_LOOP('',(#12650,#12590,#12510,#12430,#12350,#12340,#12330,
#12320));
#12670=FACE_OUTER_BOUND('',#12660,.T.);
#12680=ADVANCED_FACE('',(#12670),#12240,.T.);
#12690=CARTESIAN_POINT('',(-7.90001575000001,2.22500035530602,
0.199999999999995));
#12700=DIRECTION('',(1.,0.,0.));
#12710=DIRECTION('',(0.,0.,-1.));
#12720=AXIS2_PLACEMENT_3D('',#12690,#12700,#12710);
#12730=CYLINDRICAL_SURFACE('',#12720,0.199999999999995);
#12740=CARTESIAN_POINT('',(-7.49,2.22500035530602,0.199999999999995));
#12750=DIRECTION('',(1.,0.,0.));
#12760=DIRECTION('',(0.,0.,-1.));
#12770=AXIS2_PLACEMENT_3D('',#12740,#12750,#12760);
#12780=CIRCLE('',#12770,0.199999999999995);
#12790=CARTESIAN_POINT('',(-7.49,2.22500035530602,0.));
#12800=VERTEX_POINT('',#12790);
#12810=CARTESIAN_POINT('',(-7.49,2.42500035530602,0.2));
#12820=VERTEX_POINT('',#12810);
#12830=EDGE_CURVE('',#12800,#12820,#12780,.T.);
#12840=ORIENTED_EDGE('',*,*,#12830,.F.);
#12850=CARTESIAN_POINT('',(-7.89,2.42500035530602,0.2));
#12860=DIRECTION('',(1.,0.,0.));
#12870=VECTOR('',#12860,1.);
#12880=LINE('',#12850,#12870);
#12890=CARTESIAN_POINT('',(-7.89,2.42500035530602,0.2));
#12900=VERTEX_POINT('',#12890);
#12910=EDGE_CURVE('',#12900,#12820,#12880,.T.);
#12920=ORIENTED_EDGE('',*,*,#12910,.T.);
#12930=CARTESIAN_POINT('',(-7.89,2.22500035530602,0.199999999999995));
#12940=DIRECTION('',(1.,0.,0.));
#12950=DIRECTION('',(0.,0.,-1.));
#12960=AXIS2_PLACEMENT_3D('',#12930,#12940,#12950);
#12970=CIRCLE('',#12960,0.199999999999995);
#12980=CARTESIAN_POINT('',(-7.89,2.22500035530602,0.));
#12990=VERTEX_POINT('',#12980);
#13000=EDGE_CURVE('',#12990,#12900,#12970,.T.);
#13010=ORIENTED_EDGE('',*,*,#13000,.T.);
#13020=CARTESIAN_POINT('',(-7.89,2.22500035530602,0.));
#13030=DIRECTION('',(1.,0.,0.));
#13040=VECTOR('',#13030,1.);
#13050=LINE('',#13020,#13040);
#13060=EDGE_CURVE('',#12990,#12800,#13050,.T.);
#13070=ORIENTED_EDGE('',*,*,#13060,.F.);
#13080=EDGE_LOOP('',(#13070,#13010,#12920,#12840));
#13090=FACE_OUTER_BOUND('',#13080,.T.);
#13100=ADVANCED_FACE('',(#13090),#12730,.T.);
#13110=CARTESIAN_POINT('',(-7.90000315,2.23250350530602,0.));
#13120=DIRECTION('',(0.,0.,-1.));
#13130=DIRECTION('',(-1.,-0.,0.));
#13140=AXIS2_PLACEMENT_3D('',#13110,#13120,#13130);
#13150=PLANE('',#13140);
#13160=CARTESIAN_POINT('',(4.463169,1.92500035530602,0.));
#13170=DIRECTION('',(1.,0.,0.));
#13180=VECTOR('',#13170,1.);
#13190=LINE('',#13160,#13180);
#13200=CARTESIAN_POINT('',(-7.89,1.92500035530602,0.));
#13210=VERTEX_POINT('',#13200);
#13220=CARTESIAN_POINT('',(-7.49,1.92500035530602,0.));
#13230=VERTEX_POINT('',#13220);
#13240=EDGE_CURVE('',#13210,#13230,#13190,.T.);
#13250=ORIENTED_EDGE('',*,*,#13240,.F.);
#13260=CARTESIAN_POINT('',(-7.49,-6.82499964469399,0.));
#13270=DIRECTION('',(0.,1.,-0.));
#13280=VECTOR('',#13270,1.);
#13290=LINE('',#13260,#13280);
#13300=EDGE_CURVE('',#13230,#12800,#13290,.T.);
#13310=ORIENTED_EDGE('',*,*,#13300,.F.);
#13320=ORIENTED_EDGE('',*,*,#13060,.T.);
#13330=CARTESIAN_POINT('',(-7.89,-6.82499964469399,0.));
#13340=DIRECTION('',(0.,1.,0.));
#13350=VECTOR('',#13340,1.);
#13360=LINE('',#13330,#13350);
#13370=EDGE_CURVE('',#13210,#12990,#13360,.T.);
#13380=ORIENTED_EDGE('',*,*,#13370,.T.);
#13390=EDGE_LOOP('',(#13380,#13320,#13310,#13250));
#13400=FACE_OUTER_BOUND('',#13390,.T.);
#13410=ADVANCED_FACE('',(#13400),#13150,.T.);
#13420=CARTESIAN_POINT('',(-7.90000315,2.42500035530602,0.18749685));
#13430=DIRECTION('',(0.,1.,-0.));
#13440=DIRECTION('',(-1.,0.,0.));
#13450=AXIS2_PLACEMENT_3D('',#13420,#13430,#13440);
#13460=PLANE('',#13450);
#13470=CARTESIAN_POINT('',(-7.49,2.42500035530602,3.346891));
#13480=DIRECTION('',(0.,0.,-1.));
#13490=VECTOR('',#13480,1.);
#13500=LINE('',#13470,#13490);
#13510=EDGE_CURVE('',#5910,#12820,#13500,.T.);
#13520=ORIENTED_EDGE('',*,*,#13510,.T.);
#13530=ORIENTED_EDGE('',*,*,#5940,.F.);
#13540=CARTESIAN_POINT('',(-7.89,2.42500035530602,3.346891));
#13550=DIRECTION('',(-0.,0.,-1.));
#13560=VECTOR('',#13550,1.);
#13570=LINE('',#13540,#13560);
#13580=EDGE_CURVE('',#5930,#12900,#13570,.T.);
#13590=ORIENTED_EDGE('',*,*,#13580,.F.);
#13600=ORIENTED_EDGE('',*,*,#12910,.F.);
#13610=EDGE_LOOP('',(#13600,#13590,#13530,#13520));
#13620=FACE_OUTER_BOUND('',#13610,.T.);
#13630=ADVANCED_FACE('',(#13620),#13460,.T.);
#13640=CARTESIAN_POINT('',(-7.32375315,3.06625350530602,
0.399999999999999));
#13650=DIRECTION('',(0.,0.,-1.));
#13660=DIRECTION('',(-1.,-0.,0.));
#13670=AXIS2_PLACEMENT_3D('',#13640,#13650,#13660);
#13680=PLANE('',#13670);
#13690=CARTESIAN_POINT('',(0.999999999999998,-6.82499964469399,
0.399999999999999));
#13700=DIRECTION('',(0.,-1.,0.));
#13710=VECTOR('',#13700,1.);
#13720=LINE('',#13690,#13710);
#13730=CARTESIAN_POINT('',(0.999999999999998,0.375000355306015,
0.399999999999999));
#13740=VERTEX_POINT('',#13730);
#13750=EDGE_CURVE('',#12300,#13740,#13720,.T.);
#13760=ORIENTED_EDGE('',*,*,#13750,.F.);
#13770=CARTESIAN_POINT('',(4.463169,0.375000355306015,0.399999999999999)
);
#13780=DIRECTION('',(-1.,0.,0.));
#13790=VECTOR('',#13780,1.);
#13800=LINE('',#13770,#13790);
#13810=CARTESIAN_POINT('',(-1.,0.375000355306015,0.399999999999999));
#13820=VERTEX_POINT('',#13810);
#13830=EDGE_CURVE('',#13740,#13820,#13800,.T.);
#13840=ORIENTED_EDGE('',*,*,#13830,.F.);
#13850=CARTESIAN_POINT('',(-1.,-6.82499964469399,0.399999999999999));
#13860=DIRECTION('',(0.,1.,0.));
#13870=VECTOR('',#13860,1.);
#13880=LINE('',#13850,#13870);
#13890=EDGE_CURVE('',#13820,#12410,#13880,.T.);
#13900=ORIENTED_EDGE('',*,*,#13890,.F.);
#13910=ORIENTED_EDGE('',*,*,#12420,.T.);
#13920=ORIENTED_EDGE('',*,*,#8270,.T.);
#13930=CARTESIAN_POINT('',(-6.675,-6.52499964469399,0.399999999999999));
#13940=DIRECTION('',(0.,0.,1.));
#13950=DIRECTION('',(1.,0.,0.));
#13960=AXIS2_PLACEMENT_3D('',#13930,#13940,#13950);
#13970=CIRCLE('',#13960,0.299999999999995);
#13980=CARTESIAN_POINT('',(-6.675,-6.82499964469398,0.399999999999999));
#13990=VERTEX_POINT('',#13980);
#14000=EDGE_CURVE('',#8180,#13990,#13970,.T.);
#14010=ORIENTED_EDGE('',*,*,#14000,.F.);
#14020=CARTESIAN_POINT('',(4.463169,-6.82499964469398,0.399999999999999)
);
#14030=DIRECTION('',(-1.,0.,0.));
#14040=VECTOR('',#14030,1.);
#14050=LINE('',#14020,#14040);
#14060=CARTESIAN_POINT('',(6.675,-6.82499964469398,0.399999999999999));
#14070=VERTEX_POINT('',#14060);
#14080=EDGE_CURVE('',#14070,#13990,#14050,.T.);
#14090=ORIENTED_EDGE('',*,*,#14080,.T.);
#14100=CARTESIAN_POINT('',(6.675,-6.52499964469398,0.399999999999999));
#14110=DIRECTION('',(0.,0.,-1.));
#14120=DIRECTION('',(-1.,0.,0.));
#14130=AXIS2_PLACEMENT_3D('',#14100,#14110,#14120);
#14140=CIRCLE('',#14130,0.3);
#14150=EDGE_CURVE('',#11690,#14070,#14140,.T.);
#14160=ORIENTED_EDGE('',*,*,#14150,.T.);
#14170=ORIENTED_EDGE('',*,*,#11700,.F.);
#14180=ORIENTED_EDGE('',*,*,#12310,.T.);
#14190=EDGE_LOOP('',(#14180,#14170,#14160,#14090,#14010,#13920,#13910,
#13900,#13840,#13760));
#14200=FACE_OUTER_BOUND('',#14190,.T.);
#14210=CARTESIAN_POINT('',(-6.475,-6.82499964469399,0.399999999999999));
#14220=DIRECTION('',(0.,1.,0.));
#14230=VECTOR('',#14220,1.);
#14240=LINE('',#14210,#14230);
#14250=CARTESIAN_POINT('',(-6.475,-5.22499964469398,0.399999999999999));
#14260=VERTEX_POINT('',#14250);
#14270=CARTESIAN_POINT('',(-6.475,-2.77499964469398,0.399999999999999));
#14280=VERTEX_POINT('',#14270);
#14290=EDGE_CURVE('',#14260,#14280,#14240,.T.);
#14300=ORIENTED_EDGE('',*,*,#14290,.F.);
#14310=CARTESIAN_POINT('',(4.463169,-2.77499964469398,0.399999999999999)
);
#14320=DIRECTION('',(1.,0.,0.));
#14330=VECTOR('',#14320,1.);
#14340=LINE('',#14310,#14330);
#14350=CARTESIAN_POINT('',(-4.475,-2.77499964469398,0.399999999999999));
#14360=VERTEX_POINT('',#14350);
#14370=EDGE_CURVE('',#14280,#14360,#14340,.T.);
#14380=ORIENTED_EDGE('',*,*,#14370,.F.);
#14390=CARTESIAN_POINT('',(-4.475,-6.82499964469399,0.399999999999999));
#14400=DIRECTION('',(0.,-1.,0.));
#14410=VECTOR('',#14400,1.);
#14420=LINE('',#14390,#14410);
#14430=CARTESIAN_POINT('',(-4.475,-5.22499964469398,0.399999999999999));
#14440=VERTEX_POINT('',#14430);
#14450=EDGE_CURVE('',#14360,#14440,#14420,.T.);
#14460=ORIENTED_EDGE('',*,*,#14450,.F.);
#14470=CARTESIAN_POINT('',(4.463169,-5.22499964469398,0.399999999999999)
);
#14480=DIRECTION('',(-1.,0.,0.));
#14490=VECTOR('',#14480,1.);
#14500=LINE('',#14470,#14490);
#14510=EDGE_CURVE('',#14440,#14260,#14500,.T.);
#14520=ORIENTED_EDGE('',*,*,#14510,.F.);
#14530=EDGE_LOOP('',(#14520,#14460,#14380,#14300));
#14540=FACE_BOUND('',#14530,.T.);
#14550=CARTESIAN_POINT('',(4.463169,-5.22499964469398,0.399999999999999)
);
#14560=DIRECTION('',(-1.,0.,0.));
#14570=VECTOR('',#14560,1.);
#14580=LINE('',#14550,#14570);
#14590=CARTESIAN_POINT('',(6.475,-5.22499964469398,0.399999999999999));
#14600=VERTEX_POINT('',#14590);
#14610=CARTESIAN_POINT('',(4.475,-5.22499964469398,0.399999999999999));
#14620=VERTEX_POINT('',#14610);
#14630=EDGE_CURVE('',#14600,#14620,#14580,.T.);
#14640=ORIENTED_EDGE('',*,*,#14630,.F.);
#14650=CARTESIAN_POINT('',(4.475,-6.82499964469399,0.399999999999999));
#14660=DIRECTION('',(0.,1.,0.));
#14670=VECTOR('',#14660,1.);
#14680=LINE('',#14650,#14670);
#14690=CARTESIAN_POINT('',(4.475,-2.77499964469398,0.399999999999999));
#14700=VERTEX_POINT('',#14690);
#14710=EDGE_CURVE('',#14620,#14700,#14680,.T.);
#14720=ORIENTED_EDGE('',*,*,#14710,.F.);
#14730=CARTESIAN_POINT('',(4.463169,-2.77499964469398,0.399999999999999)
);
#14740=DIRECTION('',(1.,0.,0.));
#14750=VECTOR('',#14740,1.);
#14760=LINE('',#14730,#14750);
#14770=CARTESIAN_POINT('',(6.475,-2.77499964469398,0.399999999999999));
#14780=VERTEX_POINT('',#14770);
#14790=EDGE_CURVE('',#14700,#14780,#14760,.T.);
#14800=ORIENTED_EDGE('',*,*,#14790,.F.);
#14810=CARTESIAN_POINT('',(6.475,-6.82499964469399,0.399999999999999));
#14820=DIRECTION('',(0.,-1.,0.));
#14830=VECTOR('',#14820,1.);
#14840=LINE('',#14810,#14830);
#14850=EDGE_CURVE('',#14780,#14600,#14840,.T.);
#14860=ORIENTED_EDGE('',*,*,#14850,.F.);
#14870=EDGE_LOOP('',(#14860,#14800,#14720,#14640));
#14880=FACE_BOUND('',#14870,.T.);
#14890=ADVANCED_FACE('',(#14200,#14540,#14880),#13680,.T.);
#14900=CARTESIAN_POINT('',(-7.90000315,2.07500035530602,-0.38249685));
#14910=DIRECTION('',(0.,1.,-0.));
#14920=DIRECTION('',(-1.,0.,0.));
#14930=AXIS2_PLACEMENT_3D('',#14900,#14910,#14920);
#14940=PLANE('',#14930);
#14950=CARTESIAN_POINT('',(4.463169,2.07500035530602,-1.1));
#14960=DIRECTION('',(-1.,-0.,0.));
#14970=VECTOR('',#14960,1.);
#14980=LINE('',#14950,#14970);
#14990=CARTESIAN_POINT('',(-7.49,2.07500035530602,-1.1));
#15000=VERTEX_POINT('',#14990);
#15010=CARTESIAN_POINT('',(-7.89,2.07500035530602,-1.1));
#15020=VERTEX_POINT('',#15010);
#15030=EDGE_CURVE('',#15000,#15020,#14980,.T.);
#15040=ORIENTED_EDGE('',*,*,#15030,.T.);
#15050=CARTESIAN_POINT('',(-7.49,2.07500035530602,3.346891));
#15060=DIRECTION('',(0.,0.,1.));
#15070=VECTOR('',#15060,1.);
#15080=LINE('',#15050,#15070);
#15090=CARTESIAN_POINT('',(-7.49,2.07500035530602,-0.4));
#15100=VERTEX_POINT('',#15090);
#15110=EDGE_CURVE('',#15000,#15100,#15080,.T.);
#15120=ORIENTED_EDGE('',*,*,#15110,.F.);
#15130=CARTESIAN_POINT('',(4.463169,2.07500035530602,-0.4));
#15140=DIRECTION('',(1.,0.,0.));
#15150=VECTOR('',#15140,1.);
#15160=LINE('',#15130,#15150);
#15170=CARTESIAN_POINT('',(-7.89,2.07500035530602,-0.4));
#15180=VERTEX_POINT('',#15170);
#15190=EDGE_CURVE('',#15180,#15100,#15160,.T.);
#15200=ORIENTED_EDGE('',*,*,#15190,.T.);
#15210=CARTESIAN_POINT('',(-7.89,2.07500035530602,3.346891));
#15220=DIRECTION('',(0.,0.,1.));
#15230=VECTOR('',#15220,1.);
#15240=LINE('',#15210,#15230);
#15250=EDGE_CURVE('',#15020,#15180,#15240,.T.);
#15260=ORIENTED_EDGE('',*,*,#15250,.T.);
#15270=EDGE_LOOP('',(#15260,#15200,#15120,#15040));
#15280=FACE_OUTER_BOUND('',#15270,.T.);
#15290=ADVANCED_FACE('',(#15280),#14940,.T.);
#15300=CARTESIAN_POINT('',(-5.975,-7.07972390640695,5.9));
#15310=DIRECTION('',(0.,1.,0.));
#15320=DIRECTION('',(-1.,0.,0.));
#15330=AXIS2_PLACEMENT_3D('',#15300,#15310,#15320);
#15340=CYLINDRICAL_SURFACE('',#15330,1.);
#15350=CARTESIAN_POINT('',(-5.975,-6.82499964469398,5.9));
#15360=DIRECTION('',(0.,1.,0.));
#15370=DIRECTION('',(-1.,0.,0.));
#15380=AXIS2_PLACEMENT_3D('',#15350,#15360,#15370);
#15390=CIRCLE('',#15380,1.);
#15400=CARTESIAN_POINT('',(-6.675,-6.82499964469398,6.61414284285429));
#15410=VERTEX_POINT('',#15400);
#15420=CARTESIAN_POINT('',(-5.975,-6.82499964469398,6.9));
#15430=VERTEX_POINT('',#15420);
#15440=EDGE_CURVE('',#15410,#15430,#15390,.T.);
#15450=ORIENTED_EDGE('',*,*,#15440,.T.);
#15460=CARTESIAN_POINT('',(-6.675,-6.82499964469398,6.61414284285428));
#15470=CARTESIAN_POINT('',(-6.68779773791064,-6.82499964469398,
6.60159855059247));
#15480=CARTESIAN_POINT('',(-6.70028474949317,-6.82418058436548,
6.58868175323192));
#15490=CARTESIAN_POINT('',(-6.72355943282056,-6.82125793897356,
6.56327429212776));
#15500=CARTESIAN_POINT('',(-6.73528740000105,-6.81909269666587,
6.54981109124904));
#15510=CARTESIAN_POINT('',(-6.74655942162293,-6.81634138838899,
6.53615865859016));
#15520=CARTESIAN_POINT('',(-6.74783047904204,-6.81602526545896,
6.53461287071899));
#15530=CARTESIAN_POINT('',(-6.75189344152513,-6.81500533941816,
6.52966162550459));
#15540=CARTESIAN_POINT('',(-6.75741936915046,-6.81349363979121,
6.52279371641173));
#15550=CARTESIAN_POINT('',(-6.76242689197883,-6.81198214270387,
6.51641278770513));
#15560=CARTESIAN_POINT('',(-6.76551743700789,-6.81102310828766,
6.51244511045716));
#15570=CARTESIAN_POINT('',(-6.77021643391931,-6.80952140227852,
6.50636341172319));
#15580=CARTESIAN_POINT('',(-6.77548045681139,-6.80769488059786,
6.49938563582285));
#15590=CARTESIAN_POINT('',(-6.77912333284249,-6.80635136270141,
6.49446346065005));
#15600=CARTESIAN_POINT('',(-6.78156397872977,-6.80544185971792,
6.49115464303958));
#15610=CARTESIAN_POINT('',(-6.79101523707958,-6.80181546798384,
6.47821804554306));
#15620=CARTESIAN_POINT('',(-6.80091616835103,-6.79742545701414,
6.46395746943747));
#15630=CARTESIAN_POINT('',(-6.80880115545352,-6.79351034260114,
6.45206665503062));
#15640=CARTESIAN_POINT('',(-6.81050596481687,-6.79265469374323,
6.44948399094808));
#15650=CARTESIAN_POINT('',(-6.81752662567932,-6.7890849085972,
6.43878907021352));
#15660=CARTESIAN_POINT('',(-6.82668687726733,-6.78396017390088,
6.42423178215026));
#15670=CARTESIAN_POINT('',(-6.83459916652912,-6.77903745091602,
6.41098810593694));
#15680=CARTESIAN_POINT('',(-6.83933075304002,-6.776005887351,
6.40294772244583));
#15690=CARTESIAN_POINT('',(-6.84701392633915,-6.7709208286632,
6.38966855922076));
#15700=CARTESIAN_POINT('',(-6.85516293107669,-6.76496999498542,
6.37480546918315));
#15710=CARTESIAN_POINT('',(-6.86075063993113,-6.76057912707272,
6.36416446287245));
#15720=CARTESIAN_POINT('',(-6.86262581383513,-6.7590904562543,
6.36057139949825));
#15730=CARTESIAN_POINT('',(-6.86996144374259,-6.75318256487165,
6.3463927230855));
#15740=CARTESIAN_POINT('',(-6.87728389165433,-6.74668884917969,
6.33136489831751));
#15750=CARTESIAN_POINT('',(-6.88325665446379,-6.7409380926729,
6.31841436672892));
#15760=CARTESIAN_POINT('',(-6.88403009043555,-6.74018969165997,
6.31673167224725));
#15770=CARTESIAN_POINT('',(-6.89022757834502,-6.73415814131622,
6.30319534500472));
#15780=CARTESIAN_POINT('',(-6.89673207711582,-6.7272507807921,
6.28810380643908));
#15790=CARTESIAN_POINT('',(-6.90249969604839,-6.72056243085844,
6.27382763224585));
#15800=CARTESIAN_POINT('',(-6.9044422048102,-6.71828806529439,
6.26898480203641));
#15810=CARTESIAN_POINT('',(-6.91427386619663,-6.70653649456115,
6.24409040947109));
#15820=CARTESIAN_POINT('',(-6.92497624192204,-6.6915255814649,
6.21342692206797));
#15830=CARTESIAN_POINT('',(-6.93326519869844,-6.6776752052981,
6.18594037642978));
#15840=CARTESIAN_POINT('',(-6.93581988775419,-6.67324391509808,
6.1771928288279));
#15850=CARTESIAN_POINT('',(-6.93870833992461,-6.66812536915276,
6.16711862354525));
#15860=CARTESIAN_POINT('',(-6.94287883984357,-6.66019935840153,
6.15165958515455));
#15870=CARTESIAN_POINT('',(-6.94595307671692,-6.65381705486636,
6.13933393712042));
#15880=CARTESIAN_POINT('',(-6.94887257234742,-6.64750997249311,
6.12720136996085));
#15890=CARTESIAN_POINT('',(-6.95243132884932,-6.63941370750184,
6.11170332450671));
#15900=CARTESIAN_POINT('',(-6.95561076200728,-6.63121645836068,
6.09616882371033));
#15910=CARTESIAN_POINT('',(-6.96211799351608,-6.61313116114121,
6.06206042285873));
#15920=CARTESIAN_POINT('',(-6.96682247179376,-6.59636303022786,
6.03086652903238));
#15930=CARTESIAN_POINT('',(-6.97004132396642,-6.57941306293757,
5.99963231351087));
#15940=CARTESIAN_POINT('',(-6.97113317299272,-6.57311775402067,
5.98804859298235));
#15950=CARTESIAN_POINT('',(-6.97380453559277,-6.55610616451955,
5.95679192814591));
#15960=CARTESIAN_POINT('',(-6.975,-6.53896410123507,5.92549549283616));
#15970=CARTESIAN_POINT('',(-6.975,-6.52499964469398,5.9));
#15980=B_SPLINE_CURVE_WITH_KNOTS('',3,(#15460,#15470,#15480,#15490,
#15500,#15510,#15520,#15530,#15540,#15550,#15560,#15570,#15580,#15590,
#15600,#15610,#15620,#15630,#15640,#15650,#15660,#15670,#15680,#15690,
#15700,#15710,#15720,#15730,#15740,#15750,#15760,#15770,#15780,#15790,
#15800,#15810,#15820,#15830,#15840,#15850,#15860,#15870,#15880,#15890,
#15900,#15910,#15920,#15930,#15940,#15950,#15960,#15970),.UNSPECIFIED.,
.F.,.F.,(4,2,1,2,1,1,2,1,1,2,1,1,2,1,1,2,1,1,2,1,1,2,1,1,2,1,1,2,1,1,2,1
,2,1,2,1,4),(0.,0.0538723570617838,0.10367904837888,0.107741115218123,
0.109763185373256,0.127161776772651,0.134556628717235,0.142545519153679,
0.158062840366347,0.161341763010872,0.17070997330964,0.210694069835724,
0.215044513691829,0.220327518919941,0.254936156476018,0.268882608463767,
0.284359155395258,0.317371285002402,0.322764780269748,0.330317321341627,
0.373768658002929,0.376544387904138,0.379761198397655,0.424658220963943,
0.430117220310506,0.441746096613539,0.517903403535371,0.537386687251566,
0.548303494836121,0.572360082801398,0.590975699272196,0.614333756458202,
0.644518905484803,0.731780197343214,0.751637799996694,0.771488900681234,
0.858721620600762),.UNSPECIFIED.);
#15990=EDGE_CURVE('',#15410,#8100,#15980,.T.);
#16000=ORIENTED_EDGE('',*,*,#15990,.F.);
#16010=ORIENTED_EDGE('',*,*,#8110,.F.);
#16020=CARTESIAN_POINT('',(-5.975,2.77500035530602,5.9));
#16030=DIRECTION('',(0.,1.,0.));
#16040=DIRECTION('',(-1.,0.,0.));
#16050=AXIS2_PLACEMENT_3D('',#16020,#16030,#16040);
#16060=CIRCLE('',#16050,1.);
#16070=CARTESIAN_POINT('',(-6.575,2.77500035530602,6.7));
#16080=VERTEX_POINT('',#16070);
#16090=EDGE_CURVE('',#8020,#16080,#16060,.T.);
#16100=ORIENTED_EDGE('',*,*,#16090,.F.);
#16110=CARTESIAN_POINT('',(-5.975,2.57500035530602,6.9));
#16120=CARTESIAN_POINT('',(-5.99945690302775,2.58593781484382,6.9));
#16130=CARTESIAN_POINT('',(-6.02524351090122,2.59747037075739,
6.89905660603214));
#16140=CARTESIAN_POINT('',(-6.05104452334988,2.60890982277982,
6.89710521470248));
#16150=CARTESIAN_POINT('',(-6.05354994336715,2.61002016322307,
6.89691097150576));
#16160=CARTESIAN_POINT('',(-6.07057116807609,2.61756020984155,
6.8955590482597));
#16170=CARTESIAN_POINT('',(-6.0963775723547,2.62891946695261,
6.89284387584094));
#16180=CARTESIAN_POINT('',(-6.12089703422539,2.63955004908893,
6.88933954004596));
#16190=CARTESIAN_POINT('',(-6.13886997139992,2.6472905043996,
6.88652599360408));
#16200=CARTESIAN_POINT('',(-6.16354914328572,2.65784437971401,
6.88230874523119));
#16210=CARTESIAN_POINT('',(-6.18919364241796,2.66855794036602,
6.87692826748924));
#16220=CARTESIAN_POINT('',(-6.2056134240705,2.67527652818911,
6.87304603901045));
#16230=CARTESIAN_POINT('',(-6.20827543859638,2.67636428337834,
6.87241212762719));
#16240=CARTESIAN_POINT('',(-6.23382505195475,2.68678234100572,
6.86626045533436));
#16250=CARTESIAN_POINT('',(-6.25924232922869,2.69678896378462,
6.85907434620176));
#16260=CARTESIAN_POINT('',(-6.29443150856391,2.70998645865526,
6.84768712943639));
#16270=CARTESIAN_POINT('',(-6.30704346137282,2.71460038620204,
6.84335209731477));
#16280=CARTESIAN_POINT('',(-6.31963904942159,2.71905807301529,
6.83873595996788));
#16290=CARTESIAN_POINT('',(-6.32175967881968,2.71980641831328,
6.83795469076478));
#16300=CARTESIAN_POINT('',(-6.33085822297074,2.72300790122343,
6.83458513236801));
#16310=CARTESIAN_POINT('',(-6.34343344550913,2.72732066576796,
6.82971925551123));
#16320=CARTESIAN_POINT('',(-6.35491791805492,2.73111378234881,
6.8250278565389));
#16330=CARTESIAN_POINT('',(-6.36218825877139,2.73348573250099,
6.82200983472615));
#16340=CARTESIAN_POINT('',(-6.37115921008569,2.73637294113884,
6.81822093667358));
#16350=CARTESIAN_POINT('',(-6.3836364440789,2.74025086509837,
6.81273488243349));
#16360=CARTESIAN_POINT('',(-6.39230448300365,2.74284472086152,
6.80877499195521));
#16370=CARTESIAN_POINT('',(-6.4008629314653,2.74536360398854,
6.80480476836459));
#16380=CARTESIAN_POINT('',(-6.41185389393588,2.74852044896043,
6.79959443359398));
#16390=CARTESIAN_POINT('',(-6.42417528715546,2.75185373492013,
6.79347536383596));
#16400=CARTESIAN_POINT('',(-6.43146182688477,2.75373642638942,
6.78974435696938));
#16410=CARTESIAN_POINT('',(-6.43517398011897,2.75468681597163,
6.7878326257785));
#16420=CARTESIAN_POINT('',(-6.44609122295932,2.75743843226284,
6.78215594883679));
#16430=CARTESIAN_POINT('',(-6.45825402523097,2.76026773598792,
6.77554395462158));
#16440=CARTESIAN_POINT('',(-6.46803777049287,2.76234853208182,
6.77000920669865));
#16450=CARTESIAN_POINT('',(-6.47095970912591,2.76296198483037,
6.76834752015118));
#16460=CARTESIAN_POINT('',(-6.4816570705733,2.76517174311925,
6.76222451231473));
#16470=CARTESIAN_POINT('',(-6.4936123043547,2.76736481272981,
6.75508531804518));
#16480=CARTESIAN_POINT('',(-6.50387802955136,2.76898260564635,
6.74869929540312));
#16490=CARTESIAN_POINT('',(-6.50674639267327,2.76942475454427,
6.74690558023144));
#16500=CARTESIAN_POINT('',(-6.51731328247688,2.77101140774108,
6.74025749789564));
#16510=CARTESIAN_POINT('',(-6.52908841363051,2.77244584825352,
6.73253864409851));
#16520=CARTESIAN_POINT('',(-6.53924226103525,2.77335569347633,
6.72561066423641));
#16530=CARTESIAN_POINT('',(-6.54192928192924,2.77358548342913,
6.72376830722955));
#16540=CARTESIAN_POINT('',(-6.55356758771894,2.77452598478616,
6.71574358413101));
#16550=CARTESIAN_POINT('',(-6.56506743294775,2.77500035530602,
6.70744942528918));
#16560=CARTESIAN_POINT('',(-6.575,2.77500035530602,6.7));
#16570=B_SPLINE_CURVE_WITH_KNOTS('',3,(#16110,#16120,#16130,#16140,
#16150,#16160,#16170,#16180,#16190,#16200,#16210,#16220,#16230,#16240,
#16250,#16260,#16270,#16280,#16290,#16300,#16310,#16320,#16330,#16340,
#16350,#16360,#16370,#16380,#16390,#16400,#16410,#16420,#16430,#16440,
#16450,#16460,#16470,#16480,#16490,#16500,#16510,#16520,#16530,#16540,
#16550,#16560),.UNSPECIFIED.,.F.,.F.,(4,1,2,1,1,2,1,1,2,1,2,1,2,1,1,2,1,
1,2,1,1,2,1,1,2,1,1,2,1,1,2,1,4),(0.,0.0806075341094171,
0.0847208870099266,0.0888462262732798,0.140773006373863,
0.169688651765748,0.200067482293609,0.2511619977881,0.254621853505252,
0.259992970900192,0.339312648769437,0.378077483963984,0.381641288479539,
0.385216892668063,0.41232858736277,0.424110077320611,0.436987236729515,
0.454583886574742,0.466620298055251,0.483872570838008,0.504303298982183,
0.509094556949407,0.517147002771472,0.546890363729047,0.551483983291358,
0.557141589540384,0.589019282429716,0.593774188852976,0.599279650485907,
0.631638986542281,0.636189191815688,0.641430980596564,0.67870859655122),
.UNSPECIFIED.);
#16580=CARTESIAN_POINT('',(-5.975,2.57500035530602,6.9));
#16590=VERTEX_POINT('',#16580);
#16600=EDGE_CURVE('',#16590,#16080,#16570,.T.);
#16610=ORIENTED_EDGE('',*,*,#16600,.T.);
#16620=CARTESIAN_POINT('',(-5.975,-6.82499964469398,6.9));
#16630=DIRECTION('',(0.,1.,0.));
#16640=VECTOR('',#16630,1.);
#16650=LINE('',#16620,#16640);
#16660=EDGE_CURVE('',#15430,#16590,#16650,.T.);
#16670=ORIENTED_EDGE('',*,*,#16660,.T.);
#16680=EDGE_LOOP('',(#16670,#16610,#16100,#16010,#16000,#15450));
#16690=FACE_OUTER_BOUND('',#16680,.T.);
#16700=ADVANCED_FACE('',(#16690),#15340,.T.);
#16710=CARTESIAN_POINT('',(-7.00875315,-6.82499964469398,
0.237496849999999));
#16720=DIRECTION('',(0.,-1.,0.));
#16730=DIRECTION('',(1.,0.,0.));
#16740=AXIS2_PLACEMENT_3D('',#16710,#16720,#16730);
#16750=PLANE('',#16740);
#16760=CARTESIAN_POINT('',(-6.675,-6.82499964469398,0.399999999999999));
#16770=DIRECTION('',(0.,0.,1.));
#16780=VECTOR('',#16770,1.);
#16790=LINE('',#16760,#16780);
#16800=EDGE_CURVE('',#13990,#15410,#16790,.T.);
#16810=ORIENTED_EDGE('',*,*,#16800,.F.);
#16820=ORIENTED_EDGE('',*,*,#15440,.F.);
#16830=CARTESIAN_POINT('',(4.463169,-6.82499964469398,6.9));
#16840=DIRECTION('',(1.,0.,-0.));
#16850=VECTOR('',#16840,1.);
#16860=LINE('',#16830,#16850);
#16870=CARTESIAN_POINT('',(5.975,-6.82499964469398,6.9));
#16880=VERTEX_POINT('',#16870);
#16890=EDGE_CURVE('',#15430,#16880,#16860,.T.);
#16900=ORIENTED_EDGE('',*,*,#16890,.F.);
#16910=CARTESIAN_POINT('',(5.97499999999999,-6.82499964469398,5.9));
#16920=DIRECTION('',(0.,1.,0.));
#16930=DIRECTION('',(-1.,0.,0.));
#16940=AXIS2_PLACEMENT_3D('',#16910,#16920,#16930);
#16950=CIRCLE('',#16940,1.);
#16960=CARTESIAN_POINT('',(6.675,-6.82499964469398,6.61414284285428));
#16970=VERTEX_POINT('',#16960);
#16980=EDGE_CURVE('',#16880,#16970,#16950,.T.);
#16990=ORIENTED_EDGE('',*,*,#16980,.F.);
#17000=CARTESIAN_POINT('',(6.675,-6.82499964469398,6.61414284285428));
#17010=DIRECTION('',(0.,0.,-1.));
#17020=VECTOR('',#17010,1.);
#17030=LINE('',#17000,#17020);
#17040=EDGE_CURVE('',#16970,#14070,#17030,.T.);
#17050=ORIENTED_EDGE('',*,*,#17040,.F.);
#17060=ORIENTED_EDGE('',*,*,#14080,.F.);
#17070=EDGE_LOOP('',(#17060,#17050,#16990,#16900,#16820,#16810));
#17080=FACE_OUTER_BOUND('',#17070,.T.);
#17090=CARTESIAN_POINT('',(3.6,-6.82499964469398,3.346891));
#17100=DIRECTION('',(0.,-0.,-1.));
#17110=VECTOR('',#17100,1.);
#17120=LINE('',#17090,#17110);
#17130=CARTESIAN_POINT('',(3.6,-6.82499964469398,6.1));
#17140=VERTEX_POINT('',#17130);
#17150=CARTESIAN_POINT('',(3.6,-6.82499964469398,5.));
#17160=VERTEX_POINT('',#17150);
#17170=EDGE_CURVE('',#17140,#17160,#17120,.T.);
#17180=ORIENTED_EDGE('',*,*,#17170,.T.);
#17190=CARTESIAN_POINT('',(4.463169,-6.82499964469398,6.1));
#17200=DIRECTION('',(-1.,0.,0.));
#17210=VECTOR('',#17200,1.);
#17220=LINE('',#17190,#17210);
#17230=CARTESIAN_POINT('',(-3.6,-6.82499964469398,6.1));
#17240=VERTEX_POINT('',#17230);
#17250=EDGE_CURVE('',#17140,#17240,#17220,.T.);
#17260=ORIENTED_EDGE('',*,*,#17250,.F.);
#17270=CARTESIAN_POINT('',(-3.6,-6.82499964469398,3.346891));
#17280=DIRECTION('',(0.,0.,1.));
#17290=VECTOR('',#17280,1.);
#17300=LINE('',#17270,#17290);
#17310=CARTESIAN_POINT('',(-3.6,-6.82499964469398,5.));
#17320=VERTEX_POINT('',#17310);
#17330=EDGE_CURVE('',#17320,#17240,#17300,.T.);
#17340=ORIENTED_EDGE('',*,*,#17330,.T.);
#17350=CARTESIAN_POINT('',(4.463169,-6.82499964469398,5.));
#17360=DIRECTION('',(1.,0.,0.));
#17370=VECTOR('',#17360,1.);
#17380=LINE('',#17350,#17370);
#17390=CARTESIAN_POINT('',(-4.1,-6.82499964469398,5.));
#17400=VERTEX_POINT('',#17390);
#17410=EDGE_CURVE('',#17400,#17320,#17380,.T.);
#17420=ORIENTED_EDGE('',*,*,#17410,.T.);
#17430=CARTESIAN_POINT('',(-4.1,-6.82499964469398,3.346891));
#17440=DIRECTION('',(0.,-0.,-1.));
#17450=VECTOR('',#17440,1.);
#17460=LINE('',#17430,#17450);
#17470=CARTESIAN_POINT('',(-4.1,-6.82499964469398,6.2));
#17480=VERTEX_POINT('',#17470);
#17490=EDGE_CURVE('',#17480,#17400,#17460,.T.);
#17500=ORIENTED_EDGE('',*,*,#17490,.T.);
#17510=CARTESIAN_POINT('',(4.463169,-6.82499964469398,6.2));
#17520=DIRECTION('',(1.,0.,0.));
#17530=VECTOR('',#17520,1.);
#17540=LINE('',#17510,#17530);
#17550=CARTESIAN_POINT('',(-5.55,-6.82499964469398,6.2));
#17560=VERTEX_POINT('',#17550);
#17570=EDGE_CURVE('',#17560,#17480,#17540,.T.);
#17580=ORIENTED_EDGE('',*,*,#17570,.T.);
#17590=CARTESIAN_POINT('',(-5.55,-6.82499964469398,5.2));
#17600=DIRECTION('',(0.,-1.,0.));
#17610=DIRECTION('',(1.,0.,0.));
#17620=AXIS2_PLACEMENT_3D('',#17590,#17600,#17610);
#17630=CIRCLE('',#17620,0.999999999999999);
#17640=CARTESIAN_POINT('',(-6.55,-6.82499964469398,5.2));
#17650=VERTEX_POINT('',#17640);
#17660=EDGE_CURVE('',#17560,#17650,#17630,.T.);
#17670=ORIENTED_EDGE('',*,*,#17660,.F.);
#17680=CARTESIAN_POINT('',(-6.55,-6.82499964469398,3.346891));
#17690=DIRECTION('',(0.,0.,1.));
#17700=VECTOR('',#17690,1.);
#17710=LINE('',#17680,#17700);
#17720=CARTESIAN_POINT('',(-6.55,-6.82499964469398,1.3));
#17730=VERTEX_POINT('',#17720);
#17740=EDGE_CURVE('',#17730,#17650,#17710,.T.);
#17750=ORIENTED_EDGE('',*,*,#17740,.T.);
#17760=CARTESIAN_POINT('',(-5.75,-6.82499964469398,1.3));
#17770=DIRECTION('',(0.,-1.,5.46565684551769E-16));
#17780=DIRECTION('',(0.,5.46565684551769E-16,1.));
#17790=AXIS2_PLACEMENT_3D('',#17760,#17770,#17780);
#17800=CIRCLE('',#17790,0.799999999999997);
#17810=CARTESIAN_POINT('',(-5.75,-6.82499964469398,0.499999999999999));
#17820=VERTEX_POINT('',#17810);
#17830=EDGE_CURVE('',#17730,#17820,#17800,.T.);
#17840=ORIENTED_EDGE('',*,*,#17830,.F.);
#17850=CARTESIAN_POINT('',(4.463169,-6.82499964469398,0.499999999999999)
);
#17860=DIRECTION('',(-1.,0.,0.));
#17870=VECTOR('',#17860,1.);
#17880=LINE('',#17850,#17870);
#17890=CARTESIAN_POINT('',(5.75,-6.82499964469398,0.499999999999999));
#17900=VERTEX_POINT('',#17890);
#17910=EDGE_CURVE('',#17900,#17820,#17880,.T.);
#17920=ORIENTED_EDGE('',*,*,#17910,.T.);
#17930=CARTESIAN_POINT('',(5.75,-6.82499964469398,1.3));
#17940=DIRECTION('',(0.,-1.,0.));
#17950=DIRECTION('',(1.,0.,0.));
#17960=AXIS2_PLACEMENT_3D('',#17930,#17940,#17950);
#17970=CIRCLE('',#17960,0.799999999999998);
#17980=CARTESIAN_POINT('',(6.55,-6.82499964469398,1.3));
#17990=VERTEX_POINT('',#17980);
#18000=EDGE_CURVE('',#17900,#17990,#17970,.T.);
#18010=ORIENTED_EDGE('',*,*,#18000,.F.);
#18020=CARTESIAN_POINT('',(6.55,-6.82499964469398,3.346891));
#18030=DIRECTION('',(0.,-0.,-1.));
#18040=VECTOR('',#18030,1.);
#18050=LINE('',#18020,#18040);
#18060=CARTESIAN_POINT('',(6.55,-6.82499964469398,5.2));
#18070=VERTEX_POINT('',#18060);
#18080=EDGE_CURVE('',#18070,#17990,#18050,.T.);
#18090=ORIENTED_EDGE('',*,*,#18080,.T.);
#18100=CARTESIAN_POINT('',(5.55,-6.82499964469398,5.2));
#18110=DIRECTION('',(0.,-1.,0.));
#18120=DIRECTION('',(1.,0.,0.));
#18130=AXIS2_PLACEMENT_3D('',#18100,#18110,#18120);
#18140=CIRCLE('',#18130,1.);
#18150=CARTESIAN_POINT('',(5.55,-6.82499964469398,6.2));
#18160=VERTEX_POINT('',#18150);
#18170=EDGE_CURVE('',#18070,#18160,#18140,.T.);
#18180=ORIENTED_EDGE('',*,*,#18170,.F.);
#18190=CARTESIAN_POINT('',(4.463169,-6.82499964469398,6.2));
#18200=DIRECTION('',(1.,0.,0.));
#18210=VECTOR('',#18200,1.);
#18220=LINE('',#18190,#18210);
#18230=CARTESIAN_POINT('',(4.1,-6.82499964469398,6.2));
#18240=VERTEX_POINT('',#18230);
#18250=EDGE_CURVE('',#18240,#18160,#18220,.T.);
#18260=ORIENTED_EDGE('',*,*,#18250,.T.);
#18270=CARTESIAN_POINT('',(4.1,-6.82499964469398,3.346891));
#18280=DIRECTION('',(0.,0.,1.));
#18290=VECTOR('',#18280,1.);
#18300=LINE('',#18270,#18290);
#18310=CARTESIAN_POINT('',(4.1,-6.82499964469398,5.));
#18320=VERTEX_POINT('',#18310);
#18330=EDGE_CURVE('',#18320,#18240,#18300,.T.);
#18340=ORIENTED_EDGE('',*,*,#18330,.T.);
#18350=CARTESIAN_POINT('',(4.463169,-6.82499964469398,5.));
#18360=DIRECTION('',(1.,0.,0.));
#18370=VECTOR('',#18360,1.);
#18380=LINE('',#18350,#18370);
#18390=EDGE_CURVE('',#17160,#18320,#18380,.T.);
#18400=ORIENTED_EDGE('',*,*,#18390,.T.);
#18410=EDGE_LOOP('',(#18400,#18340,#18260,#18180,#18090,#18010,#17920,
#17840,#17750,#17670,#17580,#17500,#17420,#17340,#17260,#17180));
#18420=FACE_BOUND('',#18410,.T.);
#18430=ADVANCED_FACE('',(#17080,#18420),#16750,.T.);
#18440=CARTESIAN_POINT('',(7.90000315,1.19437220530601,0.));
#18450=DIRECTION('',(0.,0.,-1.));
#18460=DIRECTION('',(-1.,-0.,0.));
#18470=AXIS2_PLACEMENT_3D('',#18440,#18450,#18460);
#18480=PLANE('',#18470);
#18490=CARTESIAN_POINT('',(4.463169,1.42500035530601,0.));
#18500=DIRECTION('',(-1.,0.,0.));
#18510=VECTOR('',#18500,1.);
#18520=LINE('',#18490,#18510);
#18530=EDGE_CURVE('',#3580,#960,#18520,.T.);
#18540=ORIENTED_EDGE('',*,*,#18530,.F.);
#18550=ORIENTED_EDGE('',*,*,#970,.F.);
#18560=ORIENTED_EDGE('',*,*,#800,.T.);
#18570=ORIENTED_EDGE('',*,*,#3650,.T.);
#18580=EDGE_LOOP('',(#18570,#18560,#18550,#18540));
#18590=FACE_OUTER_BOUND('',#18580,.T.);
#18600=ADVANCED_FACE('',(#18590),#18480,.T.);
#18610=CARTESIAN_POINT('',(7.90000315,1.05000035530601,0.71375315));
#18620=DIRECTION('',(0.,-1.,0.));
#18630=DIRECTION('',(1.,0.,0.));
#18640=AXIS2_PLACEMENT_3D('',#18610,#18620,#18630);
#18650=PLANE('',#18640);
#18660=ORIENTED_EDGE('',*,*,#650,.F.);
#18670=ORIENTED_EDGE('',*,*,#1980,.F.);
#18680=ORIENTED_EDGE('',*,*,#6610,.T.);
#18690=ORIENTED_EDGE('',*,*,#3720,.T.);
#18700=EDGE_LOOP('',(#18690,#18680,#18670,#18660));
#18710=FACE_OUTER_BOUND('',#18700,.T.);
#18720=ADVANCED_FACE('',(#18710),#18650,.T.);
#18730=CARTESIAN_POINT('',(6.675,-6.52499964469398,6.77103162651267));
#18740=DIRECTION('',(0.,0.,-1.));
#18750=DIRECTION('',(-1.,-0.,0.));
#18760=AXIS2_PLACEMENT_3D('',#18730,#18740,#18750);
#18770=CYLINDRICAL_SURFACE('',#18760,0.3);
#18780=CARTESIAN_POINT('',(6.975,-6.52499964469398,5.9));
#18790=CARTESIAN_POINT('',(6.975,-6.53896410123409,5.92549549283439));
#18800=CARTESIAN_POINT('',(6.97380453559285,-6.55610616451858,
5.95679192814414));
#18810=CARTESIAN_POINT('',(6.97113317299288,-6.57311775401971,
5.98804859298058));
#18820=CARTESIAN_POINT('',(6.97004132396625,-6.57941306293853,
5.99963231351265));
#18830=CARTESIAN_POINT('',(6.96813354394448,-6.58945913129789,
6.01814450642171));
#18840=CARTESIAN_POINT('',(6.96403421066566,-6.60630123171182,
6.04935464574077));
#18850=CARTESIAN_POINT('',(6.95970077931549,-6.61984923121474,
6.07473052853829));
#18860=CARTESIAN_POINT('',(6.95579992770212,-6.63069071745068,
6.09517729000841));
#18870=CARTESIAN_POINT('',(6.95343335680169,-6.63684283270885,
6.10682971011483));
#18880=CARTESIAN_POINT('',(6.9499936729026,-6.6449710681723,
6.12233928102651));
#18890=CARTESIAN_POINT('',(6.94817876983842,-6.64900881685831,
6.13008460960263));
#18900=CARTESIAN_POINT('',(6.9453843742653,-6.65504564146561,
6.1416972976324));
#18910=CARTESIAN_POINT('',(6.94210415797136,-6.66174011863256,
6.15464825863092));
#18920=CARTESIAN_POINT('',(6.93785812186725,-6.66964198072667,
6.1701008814989));
#18930=CARTESIAN_POINT('',(6.93563720906,-6.6735607843098,
6.17781834157656));
#18940=CARTESIAN_POINT('',(6.93196109427267,-6.67993726734777,
6.19040577918264));
#18950=CARTESIAN_POINT('',(6.92321186696924,-6.69413704205415,
6.21870577522117));
#18960=CARTESIAN_POINT('',(6.91223480638307,-6.70901576447609,
6.24932047611568));
#18970=CARTESIAN_POINT('',(6.90411239904967,-6.71867421483425,
6.26980703426089));
#18980=CARTESIAN_POINT('',(6.90238473140092,-6.72069703598374,
6.27411424833672));
#18990=CARTESIAN_POINT('',(6.89656190898346,-6.7274374237199,
6.28850797368402));
#19000=CARTESIAN_POINT('',(6.89004599799747,-6.73433902144788,
6.30359831057894));
#19010=CARTESIAN_POINT('',(6.88397555666007,-6.74024246025917,
6.31685031643553));
#19020=CARTESIAN_POINT('',(6.88320314489214,-6.74098987022021,
6.31853078264984));
#19030=CARTESIAN_POINT('',(6.87703981029832,-6.74691970194885,
6.33188777377156));
#19040=CARTESIAN_POINT('',(6.86970226071065,-6.75340507700246,
6.34691374663335));
#19050=CARTESIAN_POINT('',(6.86241534568877,-6.75925754357725,
6.36097468230124));
#19060=CARTESIAN_POINT('',(6.86059085714693,-6.76070597609062,
6.36447062630002));
#19070=CARTESIAN_POINT('',(6.854751480328,-6.76528501536752,
6.37557692805887));
#19080=CARTESIAN_POINT('',(6.84658004705482,-6.77121978639963,
6.39043466324946));
#19090=CARTESIAN_POINT('',(6.83906001613857,-6.77617935054866,
6.40340778557853));
#19100=CARTESIAN_POINT('',(6.83432174045903,-6.77921519991504,
6.41145953597184));
#19110=CARTESIAN_POINT('',(6.826200890205,-6.7842493252758,
6.42502707579715));
#19120=CARTESIAN_POINT('',(6.81701745250173,-6.78935248753019,
6.43957585267209));
#19130=CARTESIAN_POINT('',(6.81029356227799,-6.79276129920523,
6.44980576558165));
#19140=CARTESIAN_POINT('',(6.80855443206989,-6.79363417379655,
6.45244042328583));
#19150=CARTESIAN_POINT('',(6.80019911113245,-6.79776851720048,
6.46502216398607));
#19160=CARTESIAN_POINT('',(6.79026693483154,-6.80212531922701,
6.47926916855935));
#19170=CARTESIAN_POINT('',(6.78106439048418,-6.80562803051895,
6.49183194177988));
#19180=CARTESIAN_POINT('',(6.77902543478995,-6.80638784426201,
6.4945961824029));
#19190=CARTESIAN_POINT('',(6.77521542563065,-6.80779074809164,
6.49974152311588));
#19200=CARTESIAN_POINT('',(6.76994614253985,-6.80961077513549,
6.50671661033215));
#19210=CARTESIAN_POINT('',(6.76534555648922,-6.8110764449423,
6.51266577264357));
#19220=CARTESIAN_POINT('',(6.76224168726919,-6.81203961402007,
6.51665055564112));
#19230=CARTESIAN_POINT('',(6.75718820824702,-6.81355968087254,
6.52308406930818));
#19240=CARTESIAN_POINT('',(6.751657361537,-6.81506542880376,
6.52995020426114));
#19250=CARTESIAN_POINT('',(6.74778680193285,-6.81603612833229,
6.5346659883395));
#19260=CARTESIAN_POINT('',(6.74630503995509,-6.81640465530123,
6.53646802313253));
#19270=CARTESIAN_POINT('',(6.73502258382069,-6.81914290596046,
6.5501163462619));
#19280=CARTESIAN_POINT('',(6.72328564119405,-6.82129231949872,
6.56357317267549));
#19290=CARTESIAN_POINT('',(6.70028474949317,-6.82418058436548,
6.58868175323192));
#19300=CARTESIAN_POINT('',(6.68779773791063,-6.82499964469398,
6.60159855059247));
#19310=CARTESIAN_POINT('',(6.675,-6.82499964469398,6.61414284285428));
#19320=B_SPLINE_CURVE_WITH_KNOTS('',3,(#18780,#18790,#18800,#18810,
#18820,#18830,#18840,#18850,#18860,#18870,#18880,#18890,#18900,#18910,
#18920,#18930,#18940,#18950,#18960,#18970,#18980,#18990,#19000,#19010,
#19020,#19030,#19040,#19050,#19060,#19070,#19080,#19090,#19100,#19110,
#19120,#19130,#19140,#19150,#19160,#19170,#19180,#19190,#19200,#19210,
#19220,#19230,#19240,#19250,#19260,#19270,#19280,#19290,#19300,#19310),
.UNSPECIFIED.,.F.,.F.,(4,1,2,1,1,2,1,1,2,1,1,2,1,1,2,1,1,2,1,1,2,1,1,2,1
,1,2,1,1,2,1,1,2,1,1,2,1,2,4),(0.,0.0872327199134637,0.107083820604068,
0.126941423263615,0.170572069189788,0.214202715115961,0.240974318222263,
0.254360119775415,0.267745921328566,0.294540427338882,0.312590757446743,
0.321334933349198,0.356341478628818,0.419878260499437,0.428604400290258,
0.435073610416558,0.479382160312962,0.482177232696627,0.485368450034638,
0.529856200089709,0.535956840331016,0.542454689811554,0.57604667417176,
0.589839012136996,0.605509874609166,0.63959569988748,0.643677106908933,
0.64941980216069,0.690602114360869,0.69737985758989,0.701165148515275,
0.717031024480825,0.724164991883527,0.732482483273639,0.749166884170139,
0.75098050538264,0.756262017206322,0.804849263538979,0.858721620600762),
.UNSPECIFIED.);
#19330=EDGE_CURVE('',#11770,#16970,#19320,.T.);
#19340=ORIENTED_EDGE('',*,*,#19330,.T.);
#19350=ORIENTED_EDGE('',*,*,#11780,.F.);
#19360=ORIENTED_EDGE('',*,*,#14150,.F.);
#19370=ORIENTED_EDGE('',*,*,#17040,.T.);
#19380=EDGE_LOOP('',(#19370,#19360,#19350,#19340));
#19390=FACE_OUTER_BOUND('',#19380,.T.);
#19400=ADVANCED_FACE('',(#19390),#18770,.T.);
#19410=CARTESIAN_POINT('',(5.97499999999999,-7.079467272439,5.9));
#19420=DIRECTION('',(0.,1.,0.));
#19430=DIRECTION('',(-1.,0.,0.));
#19440=AXIS2_PLACEMENT_3D('',#19410,#19420,#19430);
#19450=CYLINDRICAL_SURFACE('',#19440,1.);
#19460=ORIENTED_EDGE('',*,*,#19330,.F.);
#19470=ORIENTED_EDGE('',*,*,#16980,.T.);
#19480=CARTESIAN_POINT('',(5.975,-6.82499964469398,6.9));
#19490=DIRECTION('',(0.,1.,0.));
#19500=VECTOR('',#19490,1.);
#19510=LINE('',#19480,#19500);
#19520=CARTESIAN_POINT('',(5.975,2.57500035530602,6.9));
#19530=VERTEX_POINT('',#19520);
#19540=EDGE_CURVE('',#16880,#19530,#19510,.T.);
#19550=ORIENTED_EDGE('',*,*,#19540,.F.);
#19560=CARTESIAN_POINT('',(6.575,2.77500035530602,6.69999999999999));
#19570=CARTESIAN_POINT('',(6.56497038742399,2.77500035530602,
6.70752220943201));
#19580=CARTESIAN_POINT('',(6.55346887525002,2.77452134997873,
6.71581438715405));
#19590=CARTESIAN_POINT('',(6.54182945103743,2.77357694604263,
6.72383675632253));
#19600=CARTESIAN_POINT('',(6.53915560121926,2.77334828246025,
6.72567008257572));
#19610=CARTESIAN_POINT('',(6.52881142227155,2.77241845548436,
6.73272552739039));
#19620=CARTESIAN_POINT('',(6.51703379515141,2.77097391230868,
6.74043758727696));
#19630=CARTESIAN_POINT('',(6.50655406014671,2.76939510710737,
6.74702585432375));
#19640=CARTESIAN_POINT('',(6.50369050359707,2.76895369912702,
6.74881656373178));
#19650=CARTESIAN_POINT('',(6.4931659261531,2.76729001160193,
6.75535876517628));
#19660=CARTESIAN_POINT('',(6.48120635508627,2.76508351543621,
6.76248782667068));
#19670=CARTESIAN_POINT('',(6.4706978882953,2.7629070162878,
6.76849641586964));
#19680=CARTESIAN_POINT('',(6.46779391212864,2.76229733470823,
6.77014788728515));
#19690=CARTESIAN_POINT('',(6.45731417758204,2.76006318366554,
6.7760705357641));
#19700=CARTESIAN_POINT('',(6.4451435492196,2.75720963256971,
6.78266130433261));
#19710=CARTESIAN_POINT('',(6.4344693661153,2.75450641991406,
6.78819549672788));
#19720=CARTESIAN_POINT('',(6.43098071671952,2.75361325203208,
6.78999212511125));
#19730=CARTESIAN_POINT('',(6.42249130635389,2.75141280698926,
6.79433034418588));
#19740=CARTESIAN_POINT('',(6.41015866854337,2.74804291450306,
6.800411489778));
#19750=CARTESIAN_POINT('',(6.39964825043121,2.74500610466198,
6.80536825312683));
#19760=CARTESIAN_POINT('',(6.39130508257803,2.74255058193196,
6.80923860906572));
#19770=CARTESIAN_POINT('',(6.38181223283601,2.73969663279083,
6.8135562966275));
#19780=CARTESIAN_POINT('',(6.36932693982944,2.73578725790634,
6.81900138672957));
#19790=CARTESIAN_POINT('',(6.36136143624007,2.7332159814803,
6.82235306051599));
#19800=CARTESIAN_POINT('',(6.35372917372741,2.73072595426778,
6.82552132121271));
#19810=CARTESIAN_POINT('',(6.3420438717983,2.72685041344545,
6.83026835495132));
#19820=CARTESIAN_POINT('',(6.32946592726574,2.7225193001158,
6.83510321443648));
#19830=CARTESIAN_POINT('',(6.32156197874815,2.71973665227162,
6.83802752620574));
#19840=CARTESIAN_POINT('',(6.31932511000534,2.71894728746916,
6.83885161959128));
#19850=CARTESIAN_POINT('',(6.30672908147546,2.71448564032191,
6.84346073899342));
#19860=CARTESIAN_POINT('',(6.29411723303542,2.70986859146559,
6.84778882898252));
#19870=CARTESIAN_POINT('',(6.25889403845576,2.69665833937746,
6.85918705307937));
#19880=CARTESIAN_POINT('',(6.23347420892372,2.68664377654823,
6.86635868374423));
#19890=CARTESIAN_POINT('',(6.20792282355026,2.6762201974455,
6.8724960966249));
#19900=CARTESIAN_POINT('',(6.20538628217611,2.67518371322815,
6.87310012881014));
#19910=CARTESIAN_POINT('',(6.18851712378693,2.66827920755804,
6.87708236538951));
#19920=CARTESIAN_POINT('',(6.16286964783318,2.6575560669662,
6.88243559681159));
#19930=CARTESIAN_POINT('',(6.13841808432818,2.64709588892578,
6.88659673358667));
#19940=CARTESIAN_POINT('',(6.12044445255075,2.63935513446852,
6.88941038876411));
#19950=CARTESIAN_POINT('',(6.09569971724057,2.6286232007647,
6.89292952567265));
#19960=CARTESIAN_POINT('',(6.06989311529862,2.61726038532679,
6.89561810809121));
#19970=CARTESIAN_POINT('',(6.05332545162826,2.60992067401362,
6.89692837616953));
#19980=CARTESIAN_POINT('',(6.05069592301619,2.60875533169794,
6.89713224140568));
#19990=CARTESIAN_POINT('',(6.02489505592571,2.59731453078788,
6.89907000249706));
#20000=CARTESIAN_POINT('',(5.99910960799017,2.58578249978148,6.9));
#20010=CARTESIAN_POINT('',(5.975,2.57500035530602,6.9));
#20020=B_SPLINE_CURVE_WITH_KNOTS('',3,(#19560,#19570,#19580,#19590,
#19600,#19610,#19620,#19630,#19640,#19650,#19660,#19670,#19680,#19690,
#19700,#19710,#19720,#19730,#19740,#19750,#19760,#19770,#19780,#19790,
#19800,#19810,#19820,#19830,#19840,#19850,#19860,#19870,#19880,#19890,
#19900,#19910,#19920,#19930,#19940,#19950,#19960,#19970,#19980,#19990,
#20000,#20010),.UNSPECIFIED.,.F.,.F.,(4,1,2,1,1,2,1,1,2,1,1,2,1,1,2,1,1,
2,1,1,2,1,2,1,2,1,1,2,1,1,2,1,4),(0.,0.0376418345646462,
0.0425194047355309,0.0473849985634717,0.0801176875863688,
0.0849344076982436,0.0903592622660704,0.122484596752379,
0.127224613259861,0.132674895847361,0.163997677766735,0.169614039601814,
0.176071980484584,0.198991456875003,0.212088298495966,0.227546559056023,
0.244526981959955,0.254598519230608,0.270409794527924,0.29415840842004,
0.297067308071684,0.301686259689402,0.339395947781786,0.41988408681552,
0.424086743045971,0.428301428341455,0.480131639553325,0.509019944785475,
0.539429011147119,0.590601651980045,0.593987709541299,0.599245712545395,
0.678708596551224),.UNSPECIFIED.);
#20030=CARTESIAN_POINT('',(6.575,2.77500035530602,6.69999999999999));
#20040=VERTEX_POINT('',#20030);
#20050=EDGE_CURVE('',#20040,#19530,#20020,.T.);
#20060=ORIENTED_EDGE('',*,*,#20050,.T.);
#20070=CARTESIAN_POINT('',(5.97499999999999,2.77500035530602,5.9));
#20080=DIRECTION('',(0.,1.,0.));
#20090=DIRECTION('',(-1.,0.,0.));
#20100=AXIS2_PLACEMENT_3D('',#20070,#20080,#20090);
#20110=CIRCLE('',#20100,1.);
#20120=EDGE_CURVE('',#20040,#11850,#20110,.T.);
#20130=ORIENTED_EDGE('',*,*,#20120,.F.);
#20140=ORIENTED_EDGE('',*,*,#11860,.T.);
#20150=EDGE_LOOP('',(#20140,#20130,#20060,#19550,#19470,#19460));
#20160=FACE_OUTER_BOUND('',#20150,.T.);
#20170=ADVANCED_FACE('',(#20160),#19450,.T.);
#20180=CARTESIAN_POINT('',(-6.27375315,-7.06000279469398,6.9));
#20190=DIRECTION('',(0.,0.,1.));
#20200=DIRECTION('',(1.,0.,0.));
#20210=AXIS2_PLACEMENT_3D('',#20180,#20190,#20200);
#20220=PLANE('',#20210);
#20230=ORIENTED_EDGE('',*,*,#16660,.F.);
#20240=CARTESIAN_POINT('',(-5.975,2.57500035530602,6.9));
#20250=DIRECTION('',(1.,0.,0.));
#20260=VECTOR('',#20250,1.);
#20270=LINE('',#20240,#20260);
#20280=EDGE_CURVE('',#16590,#19530,#20270,.T.);
#20290=ORIENTED_EDGE('',*,*,#20280,.F.);
#20300=ORIENTED_EDGE('',*,*,#19540,.T.);
#20310=ORIENTED_EDGE('',*,*,#16890,.T.);
#20320=EDGE_LOOP('',(#20310,#20300,#20290,#20230));
#20330=FACE_OUTER_BOUND('',#20320,.T.);
#20340=ADVANCED_FACE('',(#20330),#20220,.T.);
#20350=CARTESIAN_POINT('',(-6.91719153530091,2.57500035530602,6.7));
#20360=DIRECTION('',(1.,0.,0.));
#20370=DIRECTION('',(0.,0.,-1.));
#20380=AXIS2_PLACEMENT_3D('',#20350,#20360,#20370);
#20390=CYLINDRICAL_SURFACE('',#20380,0.200000000000002);
#20400=ORIENTED_EDGE('',*,*,#20050,.F.);
#20410=ORIENTED_EDGE('',*,*,#20280,.T.);
#20420=ORIENTED_EDGE('',*,*,#16600,.F.);
#20430=CARTESIAN_POINT('',(-6.575,2.77500035530602,6.7));
#20440=DIRECTION('',(1.,0.,0.));
#20450=VECTOR('',#20440,1.);
#20460=LINE('',#20430,#20450);
#20470=EDGE_CURVE('',#16080,#20040,#20460,.T.);
#20480=ORIENTED_EDGE('',*,*,#20470,.F.);
#20490=EDGE_LOOP('',(#20480,#20420,#20410,#20400));
#20500=FACE_OUTER_BOUND('',#20490,.T.);
#20510=ADVANCED_FACE('',(#20500),#20390,.T.);
#20520=CARTESIAN_POINT('',(7.32375315,2.77500035530602,5.46999685));
#20530=DIRECTION('',(0.,1.,-0.));
#20540=DIRECTION('',(-1.,0.,0.));
#20550=AXIS2_PLACEMENT_3D('',#20520,#20530,#20540);
#20560=PLANE('',#20550);
#20570=ORIENTED_EDGE('',*,*,#20120,.T.);
#20580=ORIENTED_EDGE('',*,*,#20470,.T.);
#20590=ORIENTED_EDGE('',*,*,#16090,.T.);
#20600=ORIENTED_EDGE('',*,*,#8030,.T.);
#20610=CARTESIAN_POINT('',(4.463169,2.77500035530602,5.5));
#20620=DIRECTION('',(1.,0.,0.));
#20630=VECTOR('',#20620,1.);
#20640=LINE('',#20610,#20630);
#20650=EDGE_CURVE('',#7940,#11930,#20640,.T.);
#20660=ORIENTED_EDGE('',*,*,#20650,.F.);
#20670=ORIENTED_EDGE('',*,*,#11940,.T.);
#20680=EDGE_LOOP('',(#20670,#20660,#20600,#20590,#20580,#20570));
#20690=FACE_OUTER_BOUND('',#20680,.T.);
#20700=ADVANCED_FACE('',(#20690),#20560,.T.);
#20710=CARTESIAN_POINT('',(7.32375315,3.80000350530602,5.5));
#20720=DIRECTION('',(0.,0.,1.));
#20730=DIRECTION('',(1.,0.,0.));
#20740=AXIS2_PLACEMENT_3D('',#20710,#20720,#20730);
#20750=PLANE('',#20740);
#20760=ORIENTED_EDGE('',*,*,#20650,.T.);
#20770=ORIENTED_EDGE('',*,*,#7950,.T.);
#20780=ORIENTED_EDGE('',*,*,#11300,.F.);
#20790=ORIENTED_EDGE('',*,*,#12000,.T.);
#20800=EDGE_LOOP('',(#20790,#20780,#20770,#20760));
#20810=FACE_OUTER_BOUND('',#20800,.T.);
#20820=ADVANCED_FACE('',(#20810),#20750,.T.);
#20830=CARTESIAN_POINT('',(-6.675,-6.52499964469399,0.244336299618273));
#20840=DIRECTION('',(0.,0.,1.));
#20850=DIRECTION('',(1.,0.,0.));
#20860=AXIS2_PLACEMENT_3D('',#20830,#20840,#20850);
#20870=CYLINDRICAL_SURFACE('',#20860,0.299999999999995);
#20880=ORIENTED_EDGE('',*,*,#14000,.T.);
#20890=ORIENTED_EDGE('',*,*,#8190,.F.);
#20900=ORIENTED_EDGE('',*,*,#15990,.T.);
#20910=ORIENTED_EDGE('',*,*,#16800,.T.);
#20920=EDGE_LOOP('',(#20910,#20900,#20890,#20880));
#20930=FACE_OUTER_BOUND('',#20920,.T.);
#20940=ADVANCED_FACE('',(#20930),#20870,.T.);
#20950=CARTESIAN_POINT('',(7.90000315,1.42875350530601,-0.4));
#20960=DIRECTION('',(0.,0.,1.));
#20970=DIRECTION('',(1.,0.,0.));
#20980=AXIS2_PLACEMENT_3D('',#20950,#20960,#20970);
#20990=PLANE('',#20980);
#21000=ORIENTED_EDGE('',*,*,#7330,.F.);
#21010=ORIENTED_EDGE('',*,*,#1130,.F.);
#21020=CARTESIAN_POINT('',(4.463169,1.42500035530601,-0.4));
#21030=DIRECTION('',(-1.,-0.,0.));
#21040=VECTOR('',#21030,1.);
#21050=LINE('',#21020,#21040);
#21060=EDGE_CURVE('',#3500,#1040,#21050,.T.);
#21070=ORIENTED_EDGE('',*,*,#21060,.T.);
#21080=ORIENTED_EDGE('',*,*,#3510,.T.);
#21090=EDGE_LOOP('',(#21080,#21070,#21010,#21000));
#21100=FACE_OUTER_BOUND('',#21090,.T.);
#21110=ADVANCED_FACE('',(#21100),#20990,.T.);
#21120=CARTESIAN_POINT('',(7.90000315,1.42500035530601,
0.0100031499999997));
#21130=DIRECTION('',(0.,-1.,0.));
#21140=DIRECTION('',(1.,0.,0.));
#21150=AXIS2_PLACEMENT_3D('',#21120,#21130,#21140);
#21160=PLANE('',#21150);
#21170=ORIENTED_EDGE('',*,*,#21060,.F.);
#21180=ORIENTED_EDGE('',*,*,#1050,.F.);
#21190=ORIENTED_EDGE('',*,*,#18530,.T.);
#21200=ORIENTED_EDGE('',*,*,#3590,.T.);
#21210=EDGE_LOOP('',(#21200,#21190,#21180,#21170));
#21220=FACE_OUTER_BOUND('',#21210,.T.);
#21230=ADVANCED_FACE('',(#21220),#21160,.T.);
#21240=CARTESIAN_POINT('',(-7.90000315,1.05000035530602,0.13624685));
#21250=DIRECTION('',(0.,-1.,0.));
#21260=DIRECTION('',(1.,0.,0.));
#21270=AXIS2_PLACEMENT_3D('',#21240,#21250,#21260);
#21280=PLANE('',#21270);
#21290=ORIENTED_EDGE('',*,*,#6100,.F.);
#21300=CARTESIAN_POINT('',(-7.49,1.05000035530602,3.346891));
#21310=DIRECTION('',(0.,0.,-1.));
#21320=VECTOR('',#21310,1.);
#21330=LINE('',#21300,#21320);
#21340=CARTESIAN_POINT('',(-7.49,1.05000035530602,0.149999999999999));
#21350=VERTEX_POINT('',#21340);
#21360=EDGE_CURVE('',#6010,#21350,#21330,.T.);
#21370=ORIENTED_EDGE('',*,*,#21360,.F.);
#21380=CARTESIAN_POINT('',(-7.49,1.05000035530602,0.149999999999999));
#21390=DIRECTION('',(-1.,0.,0.));
#21400=VECTOR('',#21390,1.);
#21410=LINE('',#21380,#21400);
#21420=CARTESIAN_POINT('',(-7.89,1.05000035530602,0.149999999999999));
#21430=VERTEX_POINT('',#21420);
#21440=EDGE_CURVE('',#21350,#21430,#21410,.T.);
#21450=ORIENTED_EDGE('',*,*,#21440,.F.);
#21460=CARTESIAN_POINT('',(-7.89,1.05000035530602,3.346891));
#21470=DIRECTION('',(0.,-0.,-1.));
#21480=VECTOR('',#21470,1.);
#21490=LINE('',#21460,#21480);
#21500=EDGE_CURVE('',#6090,#21430,#21490,.T.);
#21510=ORIENTED_EDGE('',*,*,#21500,.T.);
#21520=EDGE_LOOP('',(#21510,#21450,#21370,#21290));
#21530=FACE_OUTER_BOUND('',#21520,.T.);
#21540=ADVANCED_FACE('',(#21530),#21280,.T.);
#21550=CARTESIAN_POINT('',(-7.47999685,1.8699986080004,-1.40750262095843
));
#21560=DIRECTION('',(-0.,0.832050294337845,-0.554700196225227));
#21570=DIRECTION('',(0.,-0.554700196225227,-0.832050294337845));
#21580=AXIS2_PLACEMENT_3D('',#21550,#21560,#21570);
#21590=PLANE('',#21580);
#21600=ORIENTED_EDGE('',*,*,#15030,.F.);
#21610=CARTESIAN_POINT('',(-7.89,5.039594355306,3.346891));
#21620=DIRECTION('',(0.,0.554700196225227,0.832050294337845));
#21630=VECTOR('',#21620,1.);
#21640=LINE('',#21610,#21630);
#21650=CARTESIAN_POINT('',(-7.89,1.87500035530602,-1.4));
#21660=VERTEX_POINT('',#21650);
#21670=EDGE_CURVE('',#21660,#15020,#21640,.T.);
#21680=ORIENTED_EDGE('',*,*,#21670,.T.);
#21690=CARTESIAN_POINT('',(4.463169,1.87500035530602,-1.4));
#21700=DIRECTION('',(-1.,-0.,0.));
#21710=VECTOR('',#21700,1.);
#21720=LINE('',#21690,#21710);
#21730=CARTESIAN_POINT('',(-7.49,1.87500035530602,-1.4));
#21740=VERTEX_POINT('',#21730);
#21750=EDGE_CURVE('',#21740,#21660,#21720,.T.);
#21760=ORIENTED_EDGE('',*,*,#21750,.T.);
#21770=CARTESIAN_POINT('',(-7.49,5.039594355306,3.346891));
#21780=DIRECTION('',(0.,0.554700196225227,0.832050294337845));
#21790=VECTOR('',#21780,1.);
#21800=LINE('',#21770,#21790);
#21810=EDGE_CURVE('',#21740,#15000,#21800,.T.);
#21820=ORIENTED_EDGE('',*,*,#21810,.F.);
#21830=EDGE_LOOP('',(#21820,#21760,#21680,#21600));
#21840=FACE_OUTER_BOUND('',#21830,.T.);
#21850=ADVANCED_FACE('',(#21840),#21590,.T.);
#21860=CARTESIAN_POINT('',(7.77000315,4.27500035530602,0.59249685));
#21870=DIRECTION('',(0.,1.,-0.));
#21880=DIRECTION('',(-1.,0.,0.));
#21890=AXIS2_PLACEMENT_3D('',#21860,#21870,#21880);
#21900=PLANE('',#21890);
#21910=ORIENTED_EDGE('',*,*,#7780,.F.);
#21920=ORIENTED_EDGE('',*,*,#8830,.T.);
#21930=ORIENTED_EDGE('',*,*,#10910,.T.);
#21940=ORIENTED_EDGE('',*,*,#4730,.F.);
#21950=CARTESIAN_POINT('',(7.4,4.27500035530601,4.000468));
#21960=DIRECTION('',(0.,0.,-1.));
#21970=VECTOR('',#21960,1.);
#21980=LINE('',#21950,#21970);
#21990=CARTESIAN_POINT('',(7.4,4.27500035530602,4.000468));
#22000=VERTEX_POINT('',#21990);
#22010=EDGE_CURVE('',#22000,#4640,#21980,.T.);
#22020=ORIENTED_EDGE('',*,*,#22010,.T.);
#22030=CARTESIAN_POINT('',(4.463169,4.27500035530602,4.000468));
#22040=DIRECTION('',(1.,0.,0.));
#22050=VECTOR('',#22040,1.);
#22060=LINE('',#22030,#22050);
#22070=EDGE_CURVE('',#12080,#22000,#22060,.T.);
#22080=ORIENTED_EDGE('',*,*,#22070,.T.);
#22090=ORIENTED_EDGE('',*,*,#12090,.F.);
#22100=ORIENTED_EDGE('',*,*,#11370,.T.);
#22110=EDGE_LOOP('',(#22100,#22090,#22080,#22020,#21940,#21930,#21920,
#21910));
#22120=FACE_OUTER_BOUND('',#22110,.T.);
#22130=CARTESIAN_POINT('',(4.463169,4.27500035530602,3.26));
#22140=DIRECTION('',(1.,0.,0.));
#22150=VECTOR('',#22140,1.);
#22160=LINE('',#22130,#22150);
#22170=CARTESIAN_POINT('',(-0.250000000000002,4.27500035530602,3.26));
#22180=VERTEX_POINT('',#22170);
#22190=CARTESIAN_POINT('',(0.249999999999998,4.27500035530602,3.26));
#22200=VERTEX_POINT('',#22190);
#22210=EDGE_CURVE('',#22180,#22200,#22160,.T.);
#22220=ORIENTED_EDGE('',*,*,#22210,.F.);
#22230=CARTESIAN_POINT('',(0.249999999999998,4.27500035530602,3.346891))
;
#22240=DIRECTION('',(0.,0.,-1.));
#22250=VECTOR('',#22240,1.);
#22260=LINE('',#22230,#22250);
#22270=CARTESIAN_POINT('',(0.249999999999998,4.27500035530602,2.76));
#22280=VERTEX_POINT('',#22270);
#22290=EDGE_CURVE('',#22200,#22280,#22260,.T.);
#22300=ORIENTED_EDGE('',*,*,#22290,.F.);
#22310=CARTESIAN_POINT('',(4.463169,4.27500035530602,2.76));
#22320=DIRECTION('',(-1.,-0.,0.));
#22330=VECTOR('',#22320,1.);
#22340=LINE('',#22310,#22330);
#22350=CARTESIAN_POINT('',(-0.250000000000002,4.27500035530602,2.76));
#22360=VERTEX_POINT('',#22350);
#22370=EDGE_CURVE('',#22280,#22360,#22340,.T.);
#22380=ORIENTED_EDGE('',*,*,#22370,.F.);
#22390=CARTESIAN_POINT('',(-0.250000000000002,4.27500035530602,3.346891)
);
#22400=DIRECTION('',(0.,0.,1.));
#22410=VECTOR('',#22400,1.);
#22420=LINE('',#22390,#22410);
#22430=EDGE_CURVE('',#22360,#22180,#22420,.T.);
#22440=ORIENTED_EDGE('',*,*,#22430,.F.);
#22450=EDGE_LOOP('',(#22440,#22380,#22300,#22220));
#22460=FACE_BOUND('',#22450,.T.);
#22470=CARTESIAN_POINT('',(4.463169,4.27500035530602,3.26));
#22480=DIRECTION('',(1.,0.,0.));
#22490=VECTOR('',#22480,1.);
#22500=LINE('',#22470,#22490);
#22510=CARTESIAN_POINT('',(1.75,4.27500035530602,3.26));
#22520=VERTEX_POINT('',#22510);
#22530=CARTESIAN_POINT('',(2.25,4.27500035530602,3.26));
#22540=VERTEX_POINT('',#22530);
#22550=EDGE_CURVE('',#22520,#22540,#22500,.T.);
#22560=ORIENTED_EDGE('',*,*,#22550,.F.);
#22570=CARTESIAN_POINT('',(2.25,4.27500035530602,3.346891));
#22580=DIRECTION('',(0.,0.,-1.));
#22590=VECTOR('',#22580,1.);
#22600=LINE('',#22570,#22590);
#22610=CARTESIAN_POINT('',(2.25,4.27500035530602,2.76));
#22620=VERTEX_POINT('',#22610);
#22630=EDGE_CURVE('',#22540,#22620,#22600,.T.);
#22640=ORIENTED_EDGE('',*,*,#22630,.F.);
#22650=CARTESIAN_POINT('',(4.463169,4.27500035530602,2.76));
#22660=DIRECTION('',(-1.,-0.,0.));
#22670=VECTOR('',#22660,1.);
#22680=LINE('',#22650,#22670);
#22690=CARTESIAN_POINT('',(1.75,4.27500035530602,2.76));
#22700=VERTEX_POINT('',#22690);
#22710=EDGE_CURVE('',#22620,#22700,#22680,.T.);
#22720=ORIENTED_EDGE('',*,*,#22710,.F.);
#22730=CARTESIAN_POINT('',(1.75,4.27500035530602,3.346891));
#22740=DIRECTION('',(0.,0.,1.));
#22750=VECTOR('',#22740,1.);
#22760=LINE('',#22730,#22750);
#22770=EDGE_CURVE('',#22700,#22520,#22760,.T.);
#22780=ORIENTED_EDGE('',*,*,#22770,.F.);
#22790=EDGE_LOOP('',(#22780,#22720,#22640,#22560));
#22800=FACE_BOUND('',#22790,.T.);
#22810=CARTESIAN_POINT('',(4.463169,4.27500035530602,3.26));
#22820=DIRECTION('',(1.,0.,0.));
#22830=VECTOR('',#22820,1.);
#22840=LINE('',#22810,#22830);
#22850=CARTESIAN_POINT('',(3.75,4.27500035530602,3.26));
#22860=VERTEX_POINT('',#22850);
#22870=CARTESIAN_POINT('',(4.25,4.27500035530602,3.26));
#22880=VERTEX_POINT('',#22870);
#22890=EDGE_CURVE('',#22860,#22880,#22840,.T.);
#22900=ORIENTED_EDGE('',*,*,#22890,.F.);
#22910=CARTESIAN_POINT('',(4.25,4.27500035530602,3.346891));
#22920=DIRECTION('',(0.,0.,-1.));
#22930=VECTOR('',#22920,1.);
#22940=LINE('',#22910,#22930);
#22950=CARTESIAN_POINT('',(4.25,4.27500035530602,2.76));
#22960=VERTEX_POINT('',#22950);
#22970=EDGE_CURVE('',#22880,#22960,#22940,.T.);
#22980=ORIENTED_EDGE('',*,*,#22970,.F.);
#22990=CARTESIAN_POINT('',(4.463169,4.27500035530602,2.76));
#23000=DIRECTION('',(-1.,-0.,0.));
#23010=VECTOR('',#23000,1.);
#23020=LINE('',#22990,#23010);
#23030=CARTESIAN_POINT('',(3.75,4.27500035530602,2.76));
#23040=VERTEX_POINT('',#23030);
#23050=EDGE_CURVE('',#22960,#23040,#23020,.T.);
#23060=ORIENTED_EDGE('',*,*,#23050,.F.);
#23070=CARTESIAN_POINT('',(3.75,4.27500035530602,3.346891));
#23080=DIRECTION('',(0.,0.,1.));
#23090=VECTOR('',#23080,1.);
#23100=LINE('',#23070,#23090);
#23110=EDGE_CURVE('',#23040,#22860,#23100,.T.);
#23120=ORIENTED_EDGE('',*,*,#23110,.F.);
#23130=EDGE_LOOP('',(#23120,#23060,#22980,#22900));
#23140=FACE_BOUND('',#23130,.T.);
#23150=CARTESIAN_POINT('',(4.463169,4.27500035530602,2.76));
#23160=DIRECTION('',(-1.,-0.,0.));
#23170=VECTOR('',#23160,1.);
#23180=LINE('',#23150,#23170);
#23190=CARTESIAN_POINT('',(-3.75,4.27500035530602,2.76));
#23200=VERTEX_POINT('',#23190);
#23210=CARTESIAN_POINT('',(-4.25,4.27500035530602,2.76));
#23220=VERTEX_POINT('',#23210);
#23230=EDGE_CURVE('',#23200,#23220,#23180,.T.);
#23240=ORIENTED_EDGE('',*,*,#23230,.F.);
#23250=CARTESIAN_POINT('',(-4.25,4.27500035530602,3.346891));
#23260=DIRECTION('',(0.,0.,1.));
#23270=VECTOR('',#23260,1.);
#23280=LINE('',#23250,#23270);
#23290=CARTESIAN_POINT('',(-4.25,4.27500035530602,3.26));
#23300=VERTEX_POINT('',#23290);
#23310=EDGE_CURVE('',#23220,#23300,#23280,.T.);
#23320=ORIENTED_EDGE('',*,*,#23310,.F.);
#23330=CARTESIAN_POINT('',(4.463169,4.27500035530602,3.26));
#23340=DIRECTION('',(1.,0.,0.));
#23350=VECTOR('',#23340,1.);
#23360=LINE('',#23330,#23350);
#23370=CARTESIAN_POINT('',(-3.75,4.27500035530602,3.26));
#23380=VERTEX_POINT('',#23370);
#23390=EDGE_CURVE('',#23300,#23380,#23360,.T.);
#23400=ORIENTED_EDGE('',*,*,#23390,.F.);
#23410=CARTESIAN_POINT('',(-3.75,4.27500035530602,3.346891));
#23420=DIRECTION('',(0.,0.,-1.));
#23430=VECTOR('',#23420,1.);
#23440=LINE('',#23410,#23430);
#23450=EDGE_CURVE('',#23380,#23200,#23440,.T.);
#23460=ORIENTED_EDGE('',*,*,#23450,.F.);
#23470=EDGE_LOOP('',(#23460,#23400,#23320,#23240));
#23480=FACE_BOUND('',#23470,.T.);
#23490=CARTESIAN_POINT('',(4.463169,4.27500035530602,3.26));
#23500=DIRECTION('',(1.,0.,0.));
#23510=VECTOR('',#23500,1.);
#23520=LINE('',#23490,#23510);
#23530=CARTESIAN_POINT('',(-2.25,4.27500035530602,3.26));
#23540=VERTEX_POINT('',#23530);
#23550=CARTESIAN_POINT('',(-1.75,4.27500035530602,3.26));
#23560=VERTEX_POINT('',#23550);
#23570=EDGE_CURVE('',#23540,#23560,#23520,.T.);
#23580=ORIENTED_EDGE('',*,*,#23570,.F.);
#23590=CARTESIAN_POINT('',(-1.75,4.27500035530602,3.346891));
#23600=DIRECTION('',(0.,0.,-1.));
#23610=VECTOR('',#23600,1.);
#23620=LINE('',#23590,#23610);
#23630=CARTESIAN_POINT('',(-1.75,4.27500035530602,2.76));
#23640=VERTEX_POINT('',#23630);
#23650=EDGE_CURVE('',#23560,#23640,#23620,.T.);
#23660=ORIENTED_EDGE('',*,*,#23650,.F.);
#23670=CARTESIAN_POINT('',(4.463169,4.27500035530602,2.76));
#23680=DIRECTION('',(-1.,-0.,0.));
#23690=VECTOR('',#23680,1.);
#23700=LINE('',#23670,#23690);
#23710=CARTESIAN_POINT('',(-2.25,4.27500035530602,2.76));
#23720=VERTEX_POINT('',#23710);
#23730=EDGE_CURVE('',#23640,#23720,#23700,.T.);
#23740=ORIENTED_EDGE('',*,*,#23730,.F.);
#23750=CARTESIAN_POINT('',(-2.25,4.27500035530602,3.346891));
#23760=DIRECTION('',(0.,0.,1.));
#23770=VECTOR('',#23760,1.);
#23780=LINE('',#23750,#23770);
#23790=EDGE_CURVE('',#23720,#23540,#23780,.T.);
#23800=ORIENTED_EDGE('',*,*,#23790,.F.);
#23810=EDGE_LOOP('',(#23800,#23740,#23660,#23580));
#23820=FACE_BOUND('',#23810,.T.);
#23830=ADVANCED_FACE('',(#22120,#22460,#22800,#23140,#23480,#23820),
#21900,.T.);
#23840=CARTESIAN_POINT('',(7.4,2.77500035530602,4.08298285));
#23850=DIRECTION('',(0.,0.,-1.));
#23860=DIRECTION('',(-1.,-0.,0.));
#23870=AXIS2_PLACEMENT_3D('',#23840,#23850,#23860);
#23880=CYLINDRICAL_SURFACE('',#23870,1.49999999999999);
#23890=ORIENTED_EDGE('',*,*,#4650,.F.);
#23900=CARTESIAN_POINT('',(8.9,2.77500035530601,4.000468));
#23910=DIRECTION('',(0.,0.,-1.));
#23920=VECTOR('',#23910,1.);
#23930=LINE('',#23900,#23920);
#23940=CARTESIAN_POINT('',(8.9,2.77500035530602,4.000468));
#23950=VERTEX_POINT('',#23940);
#23960=EDGE_CURVE('',#23950,#4550,#23930,.T.);
#23970=ORIENTED_EDGE('',*,*,#23960,.T.);
#23980=CARTESIAN_POINT('',(7.4,2.77500035530602,4.000468));
#23990=DIRECTION('',(0.,0.,-1.));
#24000=DIRECTION('',(-1.,0.,0.));
#24010=AXIS2_PLACEMENT_3D('',#23980,#23990,#24000);
#24020=CIRCLE('',#24010,1.49999999999999);
#24030=EDGE_CURVE('',#22000,#23950,#24020,.T.);
#24040=ORIENTED_EDGE('',*,*,#24030,.T.);
#24050=ORIENTED_EDGE('',*,*,#22010,.F.);
#24060=EDGE_LOOP('',(#24050,#24040,#23970,#23890));
#24070=FACE_OUTER_BOUND('',#24060,.T.);
#24080=ADVANCED_FACE('',(#24070),#23880,.T.);
#24090=CARTESIAN_POINT('',(8.94812815,4.51250350530602,4.000468));
#24100=DIRECTION('',(0.,0.,1.));
#24110=DIRECTION('',(1.,0.,0.));
#24120=AXIS2_PLACEMENT_3D('',#24090,#24100,#24110);
#24130=PLANE('',#24120);
#24140=CARTESIAN_POINT('',(7.4,-3.72499964469398,4.000468));
#24150=DIRECTION('',(0.,0.,-1.));
#24160=DIRECTION('',(-1.,0.,0.));
#24170=AXIS2_PLACEMENT_3D('',#24140,#24150,#24160);
#24180=CIRCLE('',#24170,1.5);
#24190=CARTESIAN_POINT('',(8.9,-3.72499964469398,4.000468));
#24200=VERTEX_POINT('',#24190);
#24210=CARTESIAN_POINT('',(7.4,-5.22499964469398,4.000468));
#24220=VERTEX_POINT('',#24210);
#24230=EDGE_CURVE('',#24200,#24220,#24180,.T.);
#24240=ORIENTED_EDGE('',*,*,#24230,.F.);
#24250=CARTESIAN_POINT('',(4.463169,-5.22499964469398,4.000468));
#24260=DIRECTION('',(-1.,-0.,0.));
#24270=VECTOR('',#24260,1.);
#24280=LINE('',#24250,#24270);
#24290=EDGE_CURVE('',#24220,#11520,#24280,.T.);
#24300=ORIENTED_EDGE('',*,*,#24290,.F.);
#24310=ORIENTED_EDGE('',*,*,#12150,.F.);
#24320=ORIENTED_EDGE('',*,*,#22070,.F.);
#24330=ORIENTED_EDGE('',*,*,#24030,.F.);
#24340=CARTESIAN_POINT('',(8.9,-6.82499964469399,4.000468));
#24350=DIRECTION('',(0.,1.,0.));
#24360=VECTOR('',#24350,1.);
#24370=LINE('',#24340,#24360);
#24380=EDGE_CURVE('',#24200,#23950,#24370,.T.);
#24390=ORIENTED_EDGE('',*,*,#24380,.T.);
#24400=EDGE_LOOP('',(#24390,#24330,#24320,#24310,#24300,#24240));
#24410=FACE_OUTER_BOUND('',#24400,.T.);
#24420=CARTESIAN_POINT('',(7.89,-6.82499964469399,4.000468));
#24430=DIRECTION('',(0.,1.,0.));
#24440=VECTOR('',#24430,1.);
#24450=LINE('',#24420,#24440);
#24460=CARTESIAN_POINT('',(7.89,-3.67499964469399,4.000468));
#24470=VERTEX_POINT('',#24460);
#24480=CARTESIAN_POINT('',(7.89,2.72500035530602,4.000468));
#24490=VERTEX_POINT('',#24480);
#24500=EDGE_CURVE('',#24470,#24490,#24450,.T.);
#24510=ORIENTED_EDGE('',*,*,#24500,.F.);
#24520=CARTESIAN_POINT('',(4.463169,2.72500035530602,4.000468));
#24530=DIRECTION('',(-1.,0.,0.));
#24540=VECTOR('',#24530,1.);
#24550=LINE('',#24520,#24540);
#24560=CARTESIAN_POINT('',(7.49,2.72500035530602,4.000468));
#24570=VERTEX_POINT('',#24560);
#24580=EDGE_CURVE('',#24490,#24570,#24550,.T.);
#24590=ORIENTED_EDGE('',*,*,#24580,.F.);
#24600=CARTESIAN_POINT('',(7.49,-6.82499964469399,4.000468));
#24610=DIRECTION('',(-0.,1.,0.));
#24620=VECTOR('',#24610,1.);
#24630=LINE('',#24600,#24620);
#24640=CARTESIAN_POINT('',(7.49,-3.67499964469399,4.000468));
#24650=VERTEX_POINT('',#24640);
#24660=EDGE_CURVE('',#24650,#24570,#24630,.T.);
#24670=ORIENTED_EDGE('',*,*,#24660,.T.);
#24680=CARTESIAN_POINT('',(4.463169,-3.67499964469399,4.000468));
#24690=DIRECTION('',(1.,0.,0.));
#24700=VECTOR('',#24690,1.);
#24710=LINE('',#24680,#24700);
#24720=EDGE_CURVE('',#24650,#24470,#24710,.T.);
#24730=ORIENTED_EDGE('',*,*,#24720,.F.);
#24740=EDGE_LOOP('',(#24730,#24670,#24590,#24510));
#24750=FACE_BOUND('',#24740,.T.);
#24760=ADVANCED_FACE('',(#24410,#24750),#24130,.T.);
#24770=CARTESIAN_POINT('',(7.4,-3.72499964469398,4.08298285));
#24780=DIRECTION('',(0.,0.,-1.));
#24790=DIRECTION('',(-1.,-0.,0.));
#24800=AXIS2_PLACEMENT_3D('',#24770,#24780,#24790);
#24810=CYLINDRICAL_SURFACE('',#24800,1.5);
#24820=ORIENTED_EDGE('',*,*,#4480,.T.);
#24830=CARTESIAN_POINT('',(7.4,-5.22499964469399,0.7));
#24840=DIRECTION('',(0.,0.,1.));
#24850=VECTOR('',#24840,1.);
#24860=LINE('',#24830,#24850);
#24870=EDGE_CURVE('',#4380,#24220,#24860,.T.);
#24880=ORIENTED_EDGE('',*,*,#24870,.F.);
#24890=ORIENTED_EDGE('',*,*,#24230,.T.);
#24900=CARTESIAN_POINT('',(8.9,-3.72499964469398,4.000468));
#24910=DIRECTION('',(0.,0.,-1.));
#24920=VECTOR('',#24910,1.);
#24930=LINE('',#24900,#24920);
#24940=EDGE_CURVE('',#24200,#4470,#24930,.T.);
#24950=ORIENTED_EDGE('',*,*,#24940,.F.);
#24960=EDGE_LOOP('',(#24950,#24890,#24880,#24820));
#24970=FACE_OUTER_BOUND('',#24960,.T.);
#24980=ADVANCED_FACE('',(#24970),#24810,.T.);
#24990=CARTESIAN_POINT('',(6.96437185,-5.22499964469398,4.08298285));
#25000=DIRECTION('',(0.,-1.,0.));
#25010=DIRECTION('',(1.,0.,0.));
#25020=AXIS2_PLACEMENT_3D('',#24990,#25000,#25010);
#25030=PLANE('',#25020);
#25040=ORIENTED_EDGE('',*,*,#11530,.T.);
#25050=ORIENTED_EDGE('',*,*,#24290,.T.);
#25060=ORIENTED_EDGE('',*,*,#24870,.T.);
#25070=ORIENTED_EDGE('',*,*,#4390,.T.);
#25080=EDGE_LOOP('',(#25070,#25060,#25050,#25040));
#25090=FACE_OUTER_BOUND('',#25080,.T.);
#25100=ADVANCED_FACE('',(#25090),#25030,.T.);
#25110=CARTESIAN_POINT('',(8.9,-3.88750279469399,4.08298285));
#25120=DIRECTION('',(1.,-0.,0.));
#25130=DIRECTION('',(0.,0.,-1.));
#25140=AXIS2_PLACEMENT_3D('',#25110,#25120,#25130);
#25150=PLANE('',#25140);
#25160=ORIENTED_EDGE('',*,*,#24380,.F.);
#25170=ORIENTED_EDGE('',*,*,#23960,.F.);
#25180=ORIENTED_EDGE('',*,*,#4560,.F.);
#25190=ORIENTED_EDGE('',*,*,#24940,.T.);
#25200=EDGE_LOOP('',(#25190,#25180,#25170,#25160));
#25210=FACE_OUTER_BOUND('',#25200,.T.);
#25220=ADVANCED_FACE('',(#25210),#25150,.T.);
#25230=CARTESIAN_POINT('',(7.89,2.88500350530602,3.99547655));
#25240=DIRECTION('',(1.,-0.,0.));
#25250=DIRECTION('',(0.,0.,-1.));
#25260=AXIS2_PLACEMENT_3D('',#25230,#25240,#25250);
#25270=PLANE('',#25260);
#25280=CARTESIAN_POINT('',(7.89,-3.67499964469399,3.346891));
#25290=DIRECTION('',(0.,0.,-1.));
#25300=VECTOR('',#25290,1.);
#25310=LINE('',#25280,#25300);
#25320=CARTESIAN_POINT('',(7.89,-3.67499964469399,4.2));
#25330=VERTEX_POINT('',#25320);
#25340=EDGE_CURVE('',#25330,#24470,#25310,.T.);
#25350=ORIENTED_EDGE('',*,*,#25340,.T.);
#25360=CARTESIAN_POINT('',(7.89,-6.82499964469399,4.2));
#25370=DIRECTION('',(0.,-1.,0.));
#25380=VECTOR('',#25370,1.);
#25390=LINE('',#25360,#25380);
#25400=CARTESIAN_POINT('',(7.89,2.72500035530602,4.2));
#25410=VERTEX_POINT('',#25400);
#25420=EDGE_CURVE('',#25410,#25330,#25390,.T.);
#25430=ORIENTED_EDGE('',*,*,#25420,.T.);
#25440=CARTESIAN_POINT('',(7.89,2.72500035530602,3.346891));
#25450=DIRECTION('',(0.,0.,1.));
#25460=VECTOR('',#25450,1.);
#25470=LINE('',#25440,#25460);
#25480=EDGE_CURVE('',#24490,#25410,#25470,.T.);
#25490=ORIENTED_EDGE('',*,*,#25480,.T.);
#25500=ORIENTED_EDGE('',*,*,#24500,.T.);
#25510=EDGE_LOOP('',(#25500,#25490,#25430,#25350));
#25520=FACE_OUTER_BOUND('',#25510,.T.);
#25530=ADVANCED_FACE('',(#25520),#25270,.T.);
#25540=CARTESIAN_POINT('',(7.90000315,2.72500035530602,4.20499145));
#25550=DIRECTION('',(0.,1.,-0.));
#25560=DIRECTION('',(-1.,0.,0.));
#25570=AXIS2_PLACEMENT_3D('',#25540,#25550,#25560);
#25580=PLANE('',#25570);
#25590=CARTESIAN_POINT('',(4.463169,2.72500035530602,4.2));
#25600=DIRECTION('',(-1.,0.,0.));
#25610=VECTOR('',#25600,1.);
#25620=LINE('',#25590,#25610);
#25630=CARTESIAN_POINT('',(7.49,2.72500035530602,4.2));
#25640=VERTEX_POINT('',#25630);
#25650=EDGE_CURVE('',#25410,#25640,#25620,.T.);
#25660=ORIENTED_EDGE('',*,*,#25650,.F.);
#25670=CARTESIAN_POINT('',(7.49,2.72500035530602,3.346891));
#25680=DIRECTION('',(0.,0.,1.));
#25690=VECTOR('',#25680,1.);
#25700=LINE('',#25670,#25690);
#25710=EDGE_CURVE('',#24570,#25640,#25700,.T.);
#25720=ORIENTED_EDGE('',*,*,#25710,.T.);
#25730=ORIENTED_EDGE('',*,*,#24580,.T.);
#25740=ORIENTED_EDGE('',*,*,#25480,.F.);
#25750=EDGE_LOOP('',(#25740,#25730,#25720,#25660));
#25760=FACE_OUTER_BOUND('',#25750,.T.);
#25770=ADVANCED_FACE('',(#25760),#25580,.T.);
#25780=CARTESIAN_POINT('',(7.49,2.88500350530602,3.99547655));
#25790=DIRECTION('',(-1.,0.,0.));
#25800=DIRECTION('',(0.,0.,1.));
#25810=AXIS2_PLACEMENT_3D('',#25780,#25790,#25800);
#25820=PLANE('',#25810);
#25830=ORIENTED_EDGE('',*,*,#24660,.F.);
#25840=ORIENTED_EDGE('',*,*,#25710,.F.);
#25850=CARTESIAN_POINT('',(7.49,-6.82499964469399,4.2));
#25860=DIRECTION('',(0.,-1.,0.));
#25870=VECTOR('',#25860,1.);
#25880=LINE('',#25850,#25870);
#25890=CARTESIAN_POINT('',(7.49,-3.67499964469399,4.2));
#25900=VERTEX_POINT('',#25890);
#25910=EDGE_CURVE('',#25640,#25900,#25880,.T.);
#25920=ORIENTED_EDGE('',*,*,#25910,.F.);
#25930=CARTESIAN_POINT('',(7.49,-3.67499964469399,3.346891));
#25940=DIRECTION('',(0.,-0.,-1.));
#25950=VECTOR('',#25940,1.);
#25960=LINE('',#25930,#25950);
#25970=EDGE_CURVE('',#25900,#24650,#25960,.T.);
#25980=ORIENTED_EDGE('',*,*,#25970,.F.);
#25990=EDGE_LOOP('',(#25980,#25920,#25840,#25830));
#26000=FACE_OUTER_BOUND('',#25990,.T.);
#26010=ADVANCED_FACE('',(#26000),#25820,.T.);
#26020=CARTESIAN_POINT('',(7.90000315,-3.67499964469399,3.99547655));
#26030=DIRECTION('',(0.,-1.,0.));
#26040=DIRECTION('',(1.,0.,0.));
#26050=AXIS2_PLACEMENT_3D('',#26020,#26030,#26040);
#26060=PLANE('',#26050);
#26070=ORIENTED_EDGE('',*,*,#25970,.T.);
#26080=CARTESIAN_POINT('',(4.463169,-3.67499964469399,4.2));
#26090=DIRECTION('',(-1.,0.,0.));
#26100=VECTOR('',#26090,1.);
#26110=LINE('',#26080,#26100);
#26120=EDGE_CURVE('',#25330,#25900,#26110,.T.);
#26130=ORIENTED_EDGE('',*,*,#26120,.T.);
#26140=ORIENTED_EDGE('',*,*,#25340,.F.);
#26150=ORIENTED_EDGE('',*,*,#24720,.T.);
#26160=EDGE_LOOP('',(#26150,#26140,#26130,#26070));
#26170=FACE_OUTER_BOUND('',#26160,.T.);
#26180=ADVANCED_FACE('',(#26170),#26060,.T.);
#26190=CARTESIAN_POINT('',(7.90000315,-3.83500279469399,4.2));
#26200=DIRECTION('',(0.,0.,1.));
#26210=DIRECTION('',(1.,0.,0.));
#26220=AXIS2_PLACEMENT_3D('',#26190,#26200,#26210);
#26230=PLANE('',#26220);
#26240=ORIENTED_EDGE('',*,*,#26120,.F.);
#26250=ORIENTED_EDGE('',*,*,#25910,.T.);
#26260=ORIENTED_EDGE('',*,*,#25650,.T.);
#26270=ORIENTED_EDGE('',*,*,#25420,.F.);
#26280=EDGE_LOOP('',(#26270,#26260,#26250,#26240));
#26290=FACE_OUTER_BOUND('',#26280,.T.);
#26300=ADVANCED_FACE('',(#26290),#26230,.T.);
#26310=CARTESIAN_POINT('',(7.479979,-2.14999964469399,0.150000000000003)
);
#26320=DIRECTION('',(1.,0.,0.));
#26330=DIRECTION('',(0.,0.,-1.));
#26340=AXIS2_PLACEMENT_3D('',#26310,#26320,#26330);
#26350=CYLINDRICAL_SURFACE('',#26340,0.150000000000002);
#26360=CARTESIAN_POINT('',(7.89,-2.14999964469399,0.150000000000003));
#26370=DIRECTION('',(1.,0.,0.));
#26380=DIRECTION('',(0.,0.,-1.));
#26390=AXIS2_PLACEMENT_3D('',#26360,#26370,#26380);
#26400=CIRCLE('',#26390,0.150000000000002);
#26410=CARTESIAN_POINT('',(7.89,-2.14999964469399,0.));
#26420=VERTEX_POINT('',#26410);
#26430=CARTESIAN_POINT('',(7.89,-1.99999964469399,0.15));
#26440=VERTEX_POINT('',#26430);
#26450=EDGE_CURVE('',#26420,#26440,#26400,.T.);
#26460=ORIENTED_EDGE('',*,*,#26450,.F.);
#26470=CARTESIAN_POINT('',(7.49,-1.99999964469399,0.15));
#26480=DIRECTION('',(1.,0.,0.));
#26490=VECTOR('',#26480,1.);
#26500=LINE('',#26470,#26490);
#26510=CARTESIAN_POINT('',(7.49,-1.99999964469399,0.15));
#26520=VERTEX_POINT('',#26510);
#26530=EDGE_CURVE('',#26520,#26440,#26500,.T.);
#26540=ORIENTED_EDGE('',*,*,#26530,.T.);
#26550=CARTESIAN_POINT('',(7.49,-2.14999964469399,0.150000000000003));
#26560=DIRECTION('',(1.,0.,0.));
#26570=DIRECTION('',(0.,0.,-1.));
#26580=AXIS2_PLACEMENT_3D('',#26550,#26560,#26570);
#26590=CIRCLE('',#26580,0.150000000000002);
#26600=CARTESIAN_POINT('',(7.49,-2.14999964469399,0.));
#26610=VERTEX_POINT('',#26600);
#26620=EDGE_CURVE('',#26610,#26520,#26590,.T.);
#26630=ORIENTED_EDGE('',*,*,#26620,.T.);
#26640=CARTESIAN_POINT('',(7.49,-2.14999964469399,0.));
#26650=DIRECTION('',(1.,0.,0.));
#26660=VECTOR('',#26650,1.);
#26670=LINE('',#26640,#26660);
#26680=EDGE_CURVE('',#26610,#26420,#26670,.T.);
#26690=ORIENTED_EDGE('',*,*,#26680,.F.);
#26700=EDGE_LOOP('',(#26690,#26630,#26540,#26460));
#26710=FACE_OUTER_BOUND('',#26700,.T.);
#26720=ADVANCED_FACE('',(#26710),#26350,.T.);
#26730=CARTESIAN_POINT('',(7.89,-1.96562149469398,-1.45250315));
#26740=DIRECTION('',(1.,-0.,0.));
#26750=DIRECTION('',(0.,0.,-1.));
#26760=AXIS2_PLACEMENT_3D('',#26730,#26740,#26750);
#26770=PLANE('',#26760);
#26780=ORIENTED_EDGE('',*,*,#26450,.T.);
#26790=CARTESIAN_POINT('',(7.89,-6.82499964469399,0.));
#26800=DIRECTION('',(0.,-1.,0.));
#26810=VECTOR('',#26800,1.);
#26820=LINE('',#26790,#26810);
#26830=CARTESIAN_POINT('',(7.89,-2.37499964469399,0.));
#26840=VERTEX_POINT('',#26830);
#26850=EDGE_CURVE('',#26420,#26840,#26820,.T.);
#26860=ORIENTED_EDGE('',*,*,#26850,.F.);
#26870=CARTESIAN_POINT('',(7.89,-2.37499964469399,3.346891));
#26880=DIRECTION('',(-0.,0.,-1.));
#26890=VECTOR('',#26880,1.);
#26900=LINE('',#26870,#26890);
#26910=CARTESIAN_POINT('',(7.89,-2.37499964469399,-0.4));
#26920=VERTEX_POINT('',#26910);
#26930=EDGE_CURVE('',#26840,#26920,#26900,.T.);
#26940=ORIENTED_EDGE('',*,*,#26930,.F.);
#26950=CARTESIAN_POINT('',(7.89,-6.82499964469399,-0.4));
#26960=DIRECTION('',(0.,1.,0.));
#26970=VECTOR('',#26960,1.);
#26980=LINE('',#26950,#26970);
#26990=CARTESIAN_POINT('',(7.89,-2.22499964469399,-0.4));
#27000=VERTEX_POINT('',#26990);
#27010=EDGE_CURVE('',#26920,#27000,#26980,.T.);
#27020=ORIENTED_EDGE('',*,*,#27010,.F.);
#27030=CARTESIAN_POINT('',(7.89,-2.22499964469399,3.346891));
#27040=DIRECTION('',(-0.,0.,-1.));
#27050=VECTOR('',#27040,1.);
#27060=LINE('',#27030,#27050);
#27070=CARTESIAN_POINT('',(7.89,-2.22499964469399,-1.1));
#27080=VERTEX_POINT('',#27070);
#27090=EDGE_CURVE('',#27000,#27080,#27060,.T.);
#27100=ORIENTED_EDGE('',*,*,#27090,.F.);
#27110=CARTESIAN_POINT('',(7.89,0.739594355306028,3.346891));
#27120=DIRECTION('',(0.,-0.554700196225231,-0.832050294337843));
#27130=VECTOR('',#27120,1.);
#27140=LINE('',#27110,#27130);
#27150=CARTESIAN_POINT('',(7.89,-2.42499964469399,-1.4));
#27160=VERTEX_POINT('',#27150);
#27170=EDGE_CURVE('',#27080,#27160,#27140,.T.);
#27180=ORIENTED_EDGE('',*,*,#27170,.F.);
#27190=CARTESIAN_POINT('',(7.89,-6.82499964469399,-1.4));
#27200=DIRECTION('',(0.,1.,-0.));
#27210=VECTOR('',#27200,1.);
#27220=LINE('',#27190,#27210);
#27230=CARTESIAN_POINT('',(7.89,-2.82499964469399,-1.4));
#27240=VERTEX_POINT('',#27230);
#27250=EDGE_CURVE('',#27240,#27160,#27220,.T.);
#27260=ORIENTED_EDGE('',*,*,#27250,.T.);
#27270=CARTESIAN_POINT('',(7.89,-5.98959364469397,3.346891));
#27280=DIRECTION('',(0.,-0.554700196225228,0.832050294337845));
#27290=VECTOR('',#27280,1.);
#27300=LINE('',#27270,#27290);
#27310=CARTESIAN_POINT('',(7.89,-3.02499964469399,-1.1));
#27320=VERTEX_POINT('',#27310);
#27330=EDGE_CURVE('',#27240,#27320,#27300,.T.);
#27340=ORIENTED_EDGE('',*,*,#27330,.F.);
#27350=CARTESIAN_POINT('',(7.89,-3.02499964469399,3.346891));
#27360=DIRECTION('',(0.,0.,1.));
#27370=VECTOR('',#27360,1.);
#27380=LINE('',#27350,#27370);
#27390=CARTESIAN_POINT('',(7.89,-3.02499964469399,-0.4));
#27400=VERTEX_POINT('',#27390);
#27410=EDGE_CURVE('',#27320,#27400,#27380,.T.);
#27420=ORIENTED_EDGE('',*,*,#27410,.F.);
#27430=CARTESIAN_POINT('',(7.89,-6.82499964469399,-0.4));
#27440=DIRECTION('',(0.,1.,0.));
#27450=VECTOR('',#27440,1.);
#27460=LINE('',#27430,#27450);
#27470=CARTESIAN_POINT('',(7.89,-2.87499964469399,-0.4));
#27480=VERTEX_POINT('',#27470);
#27490=EDGE_CURVE('',#27400,#27480,#27460,.T.);
#27500=ORIENTED_EDGE('',*,*,#27490,.F.);
#27510=CARTESIAN_POINT('',(7.89,-2.87499964469399,3.346891));
#27520=DIRECTION('',(0.,0.,1.));
#27530=VECTOR('',#27520,1.);
#27540=LINE('',#27510,#27530);
#27550=CARTESIAN_POINT('',(7.89,-2.87499964469399,0.));
#27560=VERTEX_POINT('',#27550);
#27570=EDGE_CURVE('',#27480,#27560,#27540,.T.);
#27580=ORIENTED_EDGE('',*,*,#27570,.F.);
#27590=CARTESIAN_POINT('',(7.89,-6.82499964469399,0.));
#27600=DIRECTION('',(0.,-1.,0.));
#27610=VECTOR('',#27600,1.);
#27620=LINE('',#27590,#27610);
#27630=CARTESIAN_POINT('',(7.89,-3.17499964469399,0.));
#27640=VERTEX_POINT('',#27630);
#27650=EDGE_CURVE('',#27560,#27640,#27620,.T.);
#27660=ORIENTED_EDGE('',*,*,#27650,.F.);
#27670=CARTESIAN_POINT('',(7.89,-3.17499964469399,0.199999999999999));
#27680=DIRECTION('',(-1.,0.,0.));
#27690=DIRECTION('',(0.,0.,1.));
#27700=AXIS2_PLACEMENT_3D('',#27670,#27680,#27690);
#27710=CIRCLE('',#27700,0.199999999999999);
#27720=CARTESIAN_POINT('',(7.89,-3.37499964469399,0.2));
#27730=VERTEX_POINT('',#27720);
#27740=EDGE_CURVE('',#27640,#27730,#27710,.T.);
#27750=ORIENTED_EDGE('',*,*,#27740,.F.);
#27760=CARTESIAN_POINT('',(7.89,-3.37499964469399,3.346891));
#27770=DIRECTION('',(0.,0.,-1.));
#27780=VECTOR('',#27770,1.);
#27790=LINE('',#27760,#27780);
#27800=EDGE_CURVE('',#6270,#27730,#27790,.T.);
#27810=ORIENTED_EDGE('',*,*,#27800,.T.);
#27820=ORIENTED_EDGE('',*,*,#6500,.F.);
#27830=CARTESIAN_POINT('',(7.89,-1.99999964469399,3.346891));
#27840=DIRECTION('',(-0.,0.,-1.));
#27850=VECTOR('',#27840,1.);
#27860=LINE('',#27830,#27850);
#27870=EDGE_CURVE('',#6430,#26440,#27860,.T.);
#27880=ORIENTED_EDGE('',*,*,#27870,.F.);
#27890=EDGE_LOOP('',(#27880,#27820,#27810,#27750,#27660,#27580,#27500,
#27420,#27340,#27260,#27180,#27100,#27020,#26940,#26860,#26780));
#27900=FACE_OUTER_BOUND('',#27890,.T.);
#27910=ADVANCED_FACE('',(#27900),#26770,.T.);
#27920=CARTESIAN_POINT('',(7.49,-1.96562149469398,-1.45250315));
#27930=DIRECTION('',(-1.,0.,0.));
#27940=DIRECTION('',(0.,0.,1.));
#27950=AXIS2_PLACEMENT_3D('',#27920,#27930,#27940);
#27960=PLANE('',#27950);
#27970=CARTESIAN_POINT('',(7.49,-3.37499964469399,3.346891));
#27980=DIRECTION('',(0.,-0.,-1.));
#27990=VECTOR('',#27980,1.);
#28000=LINE('',#27970,#27990);
#28010=CARTESIAN_POINT('',(7.49,-3.37499964469399,0.2));
#28020=VERTEX_POINT('',#28010);
#28030=EDGE_CURVE('',#6250,#28020,#28000,.T.);
#28040=ORIENTED_EDGE('',*,*,#28030,.F.);
#28050=CARTESIAN_POINT('',(7.49,-3.17499964469399,0.199999999999999));
#28060=DIRECTION('',(-1.,0.,0.));
#28070=DIRECTION('',(0.,0.,1.));
#28080=AXIS2_PLACEMENT_3D('',#28050,#28060,#28070);
#28090=CIRCLE('',#28080,0.199999999999999);
#28100=CARTESIAN_POINT('',(7.49,-3.17499964469399,0.));
#28110=VERTEX_POINT('',#28100);
#28120=EDGE_CURVE('',#28110,#28020,#28090,.T.);
#28130=ORIENTED_EDGE('',*,*,#28120,.T.);
#28140=CARTESIAN_POINT('',(7.49,-6.82499964469399,0.));
#28150=DIRECTION('',(0.,-1.,0.));
#28160=VECTOR('',#28150,1.);
#28170=LINE('',#28140,#28160);
#28180=CARTESIAN_POINT('',(7.49,-2.87499964469399,0.));
#28190=VERTEX_POINT('',#28180);
#28200=EDGE_CURVE('',#28190,#28110,#28170,.T.);
#28210=ORIENTED_EDGE('',*,*,#28200,.T.);
#28220=CARTESIAN_POINT('',(7.49,-2.87499964469399,3.346891));
#28230=DIRECTION('',(0.,0.,1.));
#28240=VECTOR('',#28230,1.);
#28250=LINE('',#28220,#28240);
#28260=CARTESIAN_POINT('',(7.49,-2.87499964469399,-0.4));
#28270=VERTEX_POINT('',#28260);
#28280=EDGE_CURVE('',#28270,#28190,#28250,.T.);
#28290=ORIENTED_EDGE('',*,*,#28280,.T.);
#28300=CARTESIAN_POINT('',(7.49,-6.82499964469399,-0.4));
#28310=DIRECTION('',(0.,1.,0.));
#28320=VECTOR('',#28310,1.);
#28330=LINE('',#28300,#28320);
#28340=CARTESIAN_POINT('',(7.49,-3.02499964469399,-0.4));
#28350=VERTEX_POINT('',#28340);
#28360=EDGE_CURVE('',#28350,#28270,#28330,.T.);
#28370=ORIENTED_EDGE('',*,*,#28360,.T.);
#28380=CARTESIAN_POINT('',(7.49,-3.02499964469399,3.346891));
#28390=DIRECTION('',(0.,0.,1.));
#28400=VECTOR('',#28390,1.);
#28410=LINE('',#28380,#28400);
#28420=CARTESIAN_POINT('',(7.49,-3.02499964469399,-1.1));
#28430=VERTEX_POINT('',#28420);
#28440=EDGE_CURVE('',#28430,#28350,#28410,.T.);
#28450=ORIENTED_EDGE('',*,*,#28440,.T.);
#28460=CARTESIAN_POINT('',(7.49,-5.98959364469397,3.346891));
#28470=DIRECTION('',(0.,-0.554700196225228,0.832050294337845));
#28480=VECTOR('',#28470,1.);
#28490=LINE('',#28460,#28480);
#28500=CARTESIAN_POINT('',(7.49,-2.82499964469399,-1.4));
#28510=VERTEX_POINT('',#28500);
#28520=EDGE_CURVE('',#28510,#28430,#28490,.T.);
#28530=ORIENTED_EDGE('',*,*,#28520,.T.);
#28540=CARTESIAN_POINT('',(7.49,-6.82499964469399,-1.4));
#28550=DIRECTION('',(-0.,1.,0.));
#28560=VECTOR('',#28550,1.);
#28570=LINE('',#28540,#28560);
#28580=CARTESIAN_POINT('',(7.49,-2.42499964469399,-1.4));
#28590=VERTEX_POINT('',#28580);
#28600=EDGE_CURVE('',#28510,#28590,#28570,.T.);
#28610=ORIENTED_EDGE('',*,*,#28600,.F.);
#28620=CARTESIAN_POINT('',(7.49,0.739594355306028,3.346891));
#28630=DIRECTION('',(0.,-0.554700196225231,-0.832050294337843));
#28640=VECTOR('',#28630,1.);
#28650=LINE('',#28620,#28640);
#28660=CARTESIAN_POINT('',(7.49,-2.22499964469399,-1.1));
#28670=VERTEX_POINT('',#28660);
#28680=EDGE_CURVE('',#28670,#28590,#28650,.T.);
#28690=ORIENTED_EDGE('',*,*,#28680,.T.);
#28700=CARTESIAN_POINT('',(7.49,-2.22499964469399,3.346891));
#28710=DIRECTION('',(0.,0.,-1.));
#28720=VECTOR('',#28710,1.);
#28730=LINE('',#28700,#28720);
#28740=CARTESIAN_POINT('',(7.49,-2.22499964469399,-0.4));
#28750=VERTEX_POINT('',#28740);
#28760=EDGE_CURVE('',#28750,#28670,#28730,.T.);
#28770=ORIENTED_EDGE('',*,*,#28760,.T.);
#28780=CARTESIAN_POINT('',(7.49,-6.82499964469399,-0.4));
#28790=DIRECTION('',(0.,1.,0.));
#28800=VECTOR('',#28790,1.);
#28810=LINE('',#28780,#28800);
#28820=CARTESIAN_POINT('',(7.49,-2.37499964469399,-0.4));
#28830=VERTEX_POINT('',#28820);
#28840=EDGE_CURVE('',#28830,#28750,#28810,.T.);
#28850=ORIENTED_EDGE('',*,*,#28840,.T.);
#28860=CARTESIAN_POINT('',(7.49,-2.37499964469399,3.346891));
#28870=DIRECTION('',(0.,0.,-1.));
#28880=VECTOR('',#28870,1.);
#28890=LINE('',#28860,#28880);
#28900=CARTESIAN_POINT('',(7.49,-2.37499964469399,0.));
#28910=VERTEX_POINT('',#28900);
#28920=EDGE_CURVE('',#28910,#28830,#28890,.T.);
#28930=ORIENTED_EDGE('',*,*,#28920,.T.);
#28940=CARTESIAN_POINT('',(7.49,-6.82499964469399,0.));
#28950=DIRECTION('',(0.,-1.,0.));
#28960=VECTOR('',#28950,1.);
#28970=LINE('',#28940,#28960);
#28980=EDGE_CURVE('',#26610,#28910,#28970,.T.);
#28990=ORIENTED_EDGE('',*,*,#28980,.T.);
#29000=ORIENTED_EDGE('',*,*,#26620,.F.);
#29010=CARTESIAN_POINT('',(7.49,-1.99999964469399,3.346891));
#29020=DIRECTION('',(0.,0.,-1.));
#29030=VECTOR('',#29020,1.);
#29040=LINE('',#29010,#29030);
#29050=EDGE_CURVE('',#6350,#26520,#29040,.T.);
#29060=ORIENTED_EDGE('',*,*,#29050,.T.);
#29070=ORIENTED_EDGE('',*,*,#6360,.T.);
#29080=EDGE_LOOP('',(#29070,#29060,#29000,#28990,#28930,#28850,#28770,
#28690,#28610,#28530,#28450,#28370,#28290,#28210,#28130,#28040));
#29090=FACE_OUTER_BOUND('',#29080,.T.);
#29100=ADVANCED_FACE('',(#29090),#27960,.T.);
#29110=CARTESIAN_POINT('',(7.90000315,-2.22499964469399,-1.11750315));
#29120=DIRECTION('',(0.,1.,-0.));
#29130=DIRECTION('',(-1.,0.,0.));
#29140=AXIS2_PLACEMENT_3D('',#29110,#29120,#29130);
#29150=PLANE('',#29140);
#29160=CARTESIAN_POINT('',(4.463169,-2.22499964469399,-0.4));
#29170=DIRECTION('',(1.,0.,0.));
#29180=VECTOR('',#29170,1.);
#29190=LINE('',#29160,#29180);
#29200=EDGE_CURVE('',#28750,#27000,#29190,.T.);
#29210=ORIENTED_EDGE('',*,*,#29200,.T.);
#29220=ORIENTED_EDGE('',*,*,#28760,.F.);
#29230=CARTESIAN_POINT('',(4.463169,-2.22499964469399,-1.1));
#29240=DIRECTION('',(-1.,-0.,0.));
#29250=VECTOR('',#29240,1.);
#29260=LINE('',#29230,#29250);
#29270=EDGE_CURVE('',#27080,#28670,#29260,.T.);
#29280=ORIENTED_EDGE('',*,*,#29270,.T.);
#29290=ORIENTED_EDGE('',*,*,#27090,.T.);
#29300=EDGE_LOOP('',(#29290,#29280,#29220,#29210));
#29310=FACE_OUTER_BOUND('',#29300,.T.);
#29320=ADVANCED_FACE('',(#29310),#29150,.T.);
#29330=CARTESIAN_POINT('',(7.90000315,-2.22124649469399,-0.4));
#29340=DIRECTION('',(0.,0.,1.));
#29350=DIRECTION('',(1.,0.,0.));
#29360=AXIS2_PLACEMENT_3D('',#29330,#29340,#29350);
#29370=PLANE('',#29360);
#29380=CARTESIAN_POINT('',(4.463169,-2.37499964469399,-0.4));
#29390=DIRECTION('',(-1.,0.,0.));
#29400=VECTOR('',#29390,1.);
#29410=LINE('',#29380,#29400);
#29420=EDGE_CURVE('',#26920,#28830,#29410,.T.);
#29430=ORIENTED_EDGE('',*,*,#29420,.F.);
#29440=ORIENTED_EDGE('',*,*,#28840,.F.);
#29450=ORIENTED_EDGE('',*,*,#29200,.F.);
#29460=ORIENTED_EDGE('',*,*,#27010,.T.);
#29470=EDGE_LOOP('',(#29460,#29450,#29440,#29430));
#29480=FACE_OUTER_BOUND('',#29470,.T.);
#29490=ADVANCED_FACE('',(#29480),#29370,.T.);
#29500=CARTESIAN_POINT('',(7.90000315,-2.38062779469399,0.));
#29510=DIRECTION('',(0.,0.,-1.));
#29520=DIRECTION('',(-1.,-0.,0.));
#29530=AXIS2_PLACEMENT_3D('',#29500,#29510,#29520);
#29540=PLANE('',#29530);
#29550=CARTESIAN_POINT('',(4.463169,-2.37499964469399,0.));
#29560=DIRECTION('',(-1.,0.,0.));
#29570=VECTOR('',#29560,1.);
#29580=LINE('',#29550,#29570);
#29590=EDGE_CURVE('',#26840,#28910,#29580,.T.);
#29600=ORIENTED_EDGE('',*,*,#29590,.T.);
#29610=ORIENTED_EDGE('',*,*,#26850,.T.);
#29620=ORIENTED_EDGE('',*,*,#26680,.T.);
#29630=ORIENTED_EDGE('',*,*,#28980,.F.);
#29640=EDGE_LOOP('',(#29630,#29620,#29610,#29600));
#29650=FACE_OUTER_BOUND('',#29640,.T.);
#29660=ADVANCED_FACE('',(#29650),#29540,.T.);
#29670=CARTESIAN_POINT('',(7.90000315,-2.37499964469399,-0.41000315));
#29680=DIRECTION('',(0.,1.,-0.));
#29690=DIRECTION('',(-1.,0.,0.));
#29700=AXIS2_PLACEMENT_3D('',#29670,#29680,#29690);
#29710=PLANE('',#29700);
#29720=ORIENTED_EDGE('',*,*,#29590,.F.);
#29730=ORIENTED_EDGE('',*,*,#28920,.F.);
#29740=ORIENTED_EDGE('',*,*,#29420,.T.);
#29750=ORIENTED_EDGE('',*,*,#26930,.T.);
#29760=EDGE_LOOP('',(#29750,#29740,#29730,#29720));
#29770=FACE_OUTER_BOUND('',#29760,.T.);
#29780=ADVANCED_FACE('',(#29770),#29710,.T.);
#29790=CARTESIAN_POINT('',(7.47999685,-2.21999789738837,
-1.09249737904157));
#29800=DIRECTION('',(-0.,0.832050294337843,-0.554700196225231));
#29810=DIRECTION('',(0.,-0.554700196225231,-0.832050294337843));
#29820=AXIS2_PLACEMENT_3D('',#29790,#29800,#29810);
#29830=PLANE('',#29820);
#29840=CARTESIAN_POINT('',(4.463169,-2.42499964469399,-1.4));
#29850=DIRECTION('',(-1.,-0.,0.));
#29860=VECTOR('',#29850,1.);
#29870=LINE('',#29840,#29860);
#29880=EDGE_CURVE('',#27160,#28590,#29870,.T.);
#29890=ORIENTED_EDGE('',*,*,#29880,.T.);
#29900=ORIENTED_EDGE('',*,*,#27170,.T.);
#29910=ORIENTED_EDGE('',*,*,#29270,.F.);
#29920=ORIENTED_EDGE('',*,*,#28680,.F.);
#29930=EDGE_LOOP('',(#29920,#29910,#29900,#29890));
#29940=FACE_OUTER_BOUND('',#29930,.T.);
#29950=ADVANCED_FACE('',(#29940),#29830,.T.);
#29960=CARTESIAN_POINT('',(7.90000315,-2.41499649469399,-1.4));
#29970=DIRECTION('',(0.,0.,-1.));
#29980=DIRECTION('',(-1.,-0.,0.));
#29990=AXIS2_PLACEMENT_3D('',#29960,#29970,#29980);
#30000=PLANE('',#29990);
#30010=ORIENTED_EDGE('',*,*,#27250,.F.);
#30020=ORIENTED_EDGE('',*,*,#29880,.F.);
#30030=ORIENTED_EDGE('',*,*,#28600,.T.);
#30040=CARTESIAN_POINT('',(4.463169,-2.82499964469399,-1.4));
#30050=DIRECTION('',(1.,0.,-0.));
#30060=VECTOR('',#30050,1.);
#30070=LINE('',#30040,#30060);
#30080=EDGE_CURVE('',#28510,#27240,#30070,.T.);
#30090=ORIENTED_EDGE('',*,*,#30080,.F.);
#30100=EDGE_LOOP('',(#30090,#30030,#30020,#30010));
#30110=FACE_OUTER_BOUND('',#30100,.T.);
#30120=ADVANCED_FACE('',(#30110),#30000,.T.);
#30130=CARTESIAN_POINT('',(7.90000315,-2.87124649469399,-0.4));
#30140=DIRECTION('',(0.,0.,1.));
#30150=DIRECTION('',(1.,0.,0.));
#30160=AXIS2_PLACEMENT_3D('',#30130,#30140,#30150);
#30170=PLANE('',#30160);
#30180=CARTESIAN_POINT('',(4.463169,-3.02499964469399,-0.4));
#30190=DIRECTION('',(-1.,-0.,0.));
#30200=VECTOR('',#30190,1.);
#30210=LINE('',#30180,#30200);
#30220=EDGE_CURVE('',#27400,#28350,#30210,.T.);
#30230=ORIENTED_EDGE('',*,*,#30220,.F.);
#30240=ORIENTED_EDGE('',*,*,#28360,.F.);
#30250=CARTESIAN_POINT('',(4.463169,-2.87499964469399,-0.4));
#30260=DIRECTION('',(-1.,-0.,0.));
#30270=VECTOR('',#30260,1.);
#30280=LINE('',#30250,#30270);
#30290=EDGE_CURVE('',#27480,#28270,#30280,.T.);
#30300=ORIENTED_EDGE('',*,*,#30290,.T.);
#30310=ORIENTED_EDGE('',*,*,#27490,.T.);
#30320=EDGE_LOOP('',(#30310,#30300,#30240,#30230));
#30330=FACE_OUTER_BOUND('',#30320,.T.);
#30340=ADVANCED_FACE('',(#30330),#30170,.T.);
#30350=CARTESIAN_POINT('',(7.90000315,-2.87499964469399,
0.0100031499999997));
#30360=DIRECTION('',(0.,-1.,0.));
#30370=DIRECTION('',(1.,0.,0.));
#30380=AXIS2_PLACEMENT_3D('',#30350,#30360,#30370);
#30390=PLANE('',#30380);
#30400=ORIENTED_EDGE('',*,*,#30290,.F.);
#30410=ORIENTED_EDGE('',*,*,#28280,.F.);
#30420=CARTESIAN_POINT('',(4.463169,-2.87499964469399,0.));
#30430=DIRECTION('',(-1.,0.,0.));
#30440=VECTOR('',#30430,1.);
#30450=LINE('',#30420,#30440);
#30460=EDGE_CURVE('',#27560,#28190,#30450,.T.);
#30470=ORIENTED_EDGE('',*,*,#30460,.T.);
#30480=ORIENTED_EDGE('',*,*,#27570,.T.);
#30490=EDGE_LOOP('',(#30480,#30470,#30410,#30400));
#30500=FACE_OUTER_BOUND('',#30490,.T.);
#30510=ADVANCED_FACE('',(#30500),#30390,.T.);
#30520=CARTESIAN_POINT('',(7.90001575,-3.17499964469399,
0.199999999999999));
#30530=DIRECTION('',(-1.,0.,0.));
#30540=DIRECTION('',(0.,0.,1.));
#30550=AXIS2_PLACEMENT_3D('',#30520,#30530,#30540);
#30560=CYLINDRICAL_SURFACE('',#30550,0.199999999999999);
#30570=ORIENTED_EDGE('',*,*,#28120,.F.);
#30580=CARTESIAN_POINT('',(7.89,-3.37499964469399,0.2));
#30590=DIRECTION('',(-1.,0.,0.));
#30600=VECTOR('',#30590,1.);
#30610=LINE('',#30580,#30600);
#30620=EDGE_CURVE('',#27730,#28020,#30610,.T.);
#30630=ORIENTED_EDGE('',*,*,#30620,.T.);
#30640=ORIENTED_EDGE('',*,*,#27740,.T.);
#30650=CARTESIAN_POINT('',(7.89,-3.17499964469399,0.));
#30660=DIRECTION('',(-1.,0.,0.));
#30670=VECTOR('',#30660,1.);
#30680=LINE('',#30650,#30670);
#30690=EDGE_CURVE('',#27640,#28110,#30680,.T.);
#30700=ORIENTED_EDGE('',*,*,#30690,.F.);
#30710=EDGE_LOOP('',(#30700,#30640,#30630,#30570));
#30720=FACE_OUTER_BOUND('',#30710,.T.);
#30730=ADVANCED_FACE('',(#30720),#30560,.T.);
#30740=CARTESIAN_POINT('',(7.90000315,-3.37499964469399,0.18749685));
#30750=DIRECTION('',(0.,-1.,0.));
#30760=DIRECTION('',(1.,0.,0.));
#30770=AXIS2_PLACEMENT_3D('',#30740,#30750,#30760);
#30780=PLANE('',#30770);
#30790=ORIENTED_EDGE('',*,*,#28030,.T.);
#30800=ORIENTED_EDGE('',*,*,#6280,.F.);
#30810=ORIENTED_EDGE('',*,*,#27800,.F.);
#30820=ORIENTED_EDGE('',*,*,#30620,.F.);
#30830=EDGE_LOOP('',(#30820,#30810,#30800,#30790));
#30840=FACE_OUTER_BOUND('',#30830,.T.);
#30850=ADVANCED_FACE('',(#30840),#30780,.T.);
#30860=CARTESIAN_POINT('',(7.90000315,-3.18250279469399,0.));
#30870=DIRECTION('',(0.,0.,-1.));
#30880=DIRECTION('',(-1.,-0.,0.));
#30890=AXIS2_PLACEMENT_3D('',#30860,#30870,#30880);
#30900=PLANE('',#30890);
#30910=ORIENTED_EDGE('',*,*,#30460,.F.);
#30920=ORIENTED_EDGE('',*,*,#28200,.F.);
#30930=ORIENTED_EDGE('',*,*,#30690,.T.);
#30940=ORIENTED_EDGE('',*,*,#27650,.T.);
#30950=EDGE_LOOP('',(#30940,#30930,#30920,#30910));
#30960=FACE_OUTER_BOUND('',#30950,.T.);
#30970=ADVANCED_FACE('',(#30960),#30900,.T.);
#30980=CARTESIAN_POINT('',(7.90000315,-3.02499964469399,-0.38249685));
#30990=DIRECTION('',(0.,-1.,0.));
#31000=DIRECTION('',(1.,0.,0.));
#31010=AXIS2_PLACEMENT_3D('',#30980,#30990,#31000);
#31020=PLANE('',#31010);
#31030=CARTESIAN_POINT('',(4.463169,-3.02499964469399,-1.1));
#31040=DIRECTION('',(1.,0.,0.));
#31050=VECTOR('',#31040,1.);
#31060=LINE('',#31030,#31050);
#31070=EDGE_CURVE('',#28430,#27320,#31060,.T.);
#31080=ORIENTED_EDGE('',*,*,#31070,.T.);
#31090=ORIENTED_EDGE('',*,*,#28440,.F.);
#31100=ORIENTED_EDGE('',*,*,#30220,.T.);
#31110=ORIENTED_EDGE('',*,*,#27410,.T.);
#31120=EDGE_LOOP('',(#31110,#31100,#31090,#31080));
#31130=FACE_OUTER_BOUND('',#31120,.T.);
#31140=ADVANCED_FACE('',(#31130),#31020,.T.);
#31150=CARTESIAN_POINT('',(7.47999685,-2.81999789738837,
-1.40750262095843));
#31160=DIRECTION('',(-0.,-0.832050294337845,-0.554700196225228));
#31170=DIRECTION('',(0.,-0.554700196225228,0.832050294337845));
#31180=AXIS2_PLACEMENT_3D('',#31150,#31160,#31170);
#31190=PLANE('',#31180);
#31200=ORIENTED_EDGE('',*,*,#31070,.F.);
#31210=ORIENTED_EDGE('',*,*,#27330,.T.);
#31220=ORIENTED_EDGE('',*,*,#30080,.T.);
#31230=ORIENTED_EDGE('',*,*,#28520,.F.);
#31240=EDGE_LOOP('',(#31230,#31220,#31210,#31200));
#31250=FACE_OUTER_BOUND('',#31240,.T.);
#31260=ADVANCED_FACE('',(#31250),#31190,.T.);
#31270=CARTESIAN_POINT('',(7.90000315,-1.99999964469399,0.13624685));
#31280=DIRECTION('',(0.,1.,-0.));
#31290=DIRECTION('',(-1.,0.,0.));
#31300=AXIS2_PLACEMENT_3D('',#31270,#31280,#31290);
#31310=PLANE('',#31300);
#31320=ORIENTED_EDGE('',*,*,#6440,.F.);
#31330=ORIENTED_EDGE('',*,*,#29050,.F.);
#31340=ORIENTED_EDGE('',*,*,#26530,.F.);
#31350=ORIENTED_EDGE('',*,*,#27870,.T.);
#31360=EDGE_LOOP('',(#31350,#31340,#31330,#31320));
#31370=FACE_OUTER_BOUND('',#31360,.T.);
#31380=ADVANCED_FACE('',(#31370),#31310,.T.);
#31390=CARTESIAN_POINT('',(7.479979,3.55306015720203E-7,
0.149999999999999));
#31400=DIRECTION('',(1.,0.,0.));
#31410=DIRECTION('',(0.,0.,-1.));
#31420=AXIS2_PLACEMENT_3D('',#31390,#31400,#31410);
#31430=CYLINDRICAL_SURFACE('',#31420,0.149999999999999);
#31440=CARTESIAN_POINT('',(7.89,3.55306015720203E-7,0.149999999999999));
#31450=DIRECTION('',(1.,0.,0.));
#31460=DIRECTION('',(0.,0.,-1.));
#31470=AXIS2_PLACEMENT_3D('',#31440,#31450,#31460);
#31480=CIRCLE('',#31470,0.149999999999999);
#31490=CARTESIAN_POINT('',(7.89,3.55306013055667E-7,0.));
#31500=VERTEX_POINT('',#31490);
#31510=CARTESIAN_POINT('',(7.89,0.150000355306013,0.15));
#31520=VERTEX_POINT('',#31510);
#31530=EDGE_CURVE('',#31500,#31520,#31480,.T.);
#31540=ORIENTED_EDGE('',*,*,#31530,.F.);
#31550=CARTESIAN_POINT('',(7.49,0.150000355306013,0.15));
#31560=DIRECTION('',(1.,0.,0.));
#31570=VECTOR('',#31560,1.);
#31580=LINE('',#31550,#31570);
#31590=CARTESIAN_POINT('',(7.49,0.150000355306013,0.15));
#31600=VERTEX_POINT('',#31590);
#31610=EDGE_CURVE('',#31600,#31520,#31580,.T.);
#31620=ORIENTED_EDGE('',*,*,#31610,.T.);
#31630=CARTESIAN_POINT('',(7.49,3.55306015720203E-7,0.149999999999999));
#31640=DIRECTION('',(1.,0.,0.));
#31650=DIRECTION('',(0.,0.,-1.));
#31660=AXIS2_PLACEMENT_3D('',#31630,#31640,#31650);
#31670=CIRCLE('',#31660,0.149999999999999);
#31680=CARTESIAN_POINT('',(7.49,3.55306013055667E-7,0.));
#31690=VERTEX_POINT('',#31680);
#31700=EDGE_CURVE('',#31690,#31600,#31670,.T.);
#31710=ORIENTED_EDGE('',*,*,#31700,.T.);
#31720=CARTESIAN_POINT('',(7.49,3.55306013055667E-7,0.));
#31730=DIRECTION('',(1.,0.,0.));
#31740=VECTOR('',#31730,1.);
#31750=LINE('',#31720,#31740);
#31760=EDGE_CURVE('',#31690,#31500,#31750,.T.);
#31770=ORIENTED_EDGE('',*,*,#31760,.F.);
#31780=EDGE_LOOP('',(#31770,#31710,#31620,#31540));
#31790=FACE_OUTER_BOUND('',#31780,.T.);
#31800=ADVANCED_FACE('',(#31790),#31430,.T.);
#31810=CARTESIAN_POINT('',(7.90000315,0.150000355306013,0.13624685));
#31820=DIRECTION('',(0.,1.,-0.));
#31830=DIRECTION('',(-1.,0.,0.));
#31840=AXIS2_PLACEMENT_3D('',#31810,#31820,#31830);
#31850=PLANE('',#31840);
#31860=ORIENTED_EDGE('',*,*,#4920,.F.);
#31870=CARTESIAN_POINT('',(7.49,0.150000355306013,3.346891));
#31880=DIRECTION('',(-0.,0.,-1.));
#31890=VECTOR('',#31880,1.);
#31900=LINE('',#31870,#31890);
#31910=EDGE_CURVE('',#4910,#31600,#31900,.T.);
#31920=ORIENTED_EDGE('',*,*,#31910,.F.);
#31930=ORIENTED_EDGE('',*,*,#31610,.F.);
#31940=CARTESIAN_POINT('',(7.89,0.150000355306013,3.346891));
#31950=DIRECTION('',(0.,0.,-1.));
#31960=VECTOR('',#31950,1.);
#31970=LINE('',#31940,#31960);
#31980=EDGE_CURVE('',#4890,#31520,#31970,.T.);
#31990=ORIENTED_EDGE('',*,*,#31980,.T.);
#32000=EDGE_LOOP('',(#31990,#31930,#31920,#31860));
#32010=FACE_OUTER_BOUND('',#32000,.T.);
#32020=ADVANCED_FACE('',(#32010),#31850,.T.);
#32030=CARTESIAN_POINT('',(7.900021,-0.949999644693984,0.150000000000001
));
#32040=DIRECTION('',(-1.,0.,0.));
#32050=DIRECTION('',(0.,0.,1.));
#32060=AXIS2_PLACEMENT_3D('',#32030,#32040,#32050);
#32070=CYLINDRICAL_SURFACE('',#32060,0.150000000000001);
#32080=CARTESIAN_POINT('',(7.49,-0.949999644693984,0.150000000000001));
#32090=DIRECTION('',(-1.,0.,0.));
#32100=DIRECTION('',(0.,0.,1.));
#32110=AXIS2_PLACEMENT_3D('',#32080,#32090,#32100);
#32120=CIRCLE('',#32110,0.150000000000001);
#32130=CARTESIAN_POINT('',(7.49,-0.949999644693985,0.));
#32140=VERTEX_POINT('',#32130);
#32150=CARTESIAN_POINT('',(7.49,-1.09999964469399,0.15));
#32160=VERTEX_POINT('',#32150);
#32170=EDGE_CURVE('',#32140,#32160,#32120,.T.);
#32180=ORIENTED_EDGE('',*,*,#32170,.F.);
#32190=CARTESIAN_POINT('',(7.89,-1.09999964469399,0.15));
#32200=DIRECTION('',(-1.,0.,0.));
#32210=VECTOR('',#32200,1.);
#32220=LINE('',#32190,#32210);
#32230=CARTESIAN_POINT('',(7.89,-1.09999964469399,0.15));
#32240=VERTEX_POINT('',#32230);
#32250=EDGE_CURVE('',#32240,#32160,#32220,.T.);
#32260=ORIENTED_EDGE('',*,*,#32250,.T.);
#32270=CARTESIAN_POINT('',(7.89,-0.949999644693984,0.150000000000001));
#32280=DIRECTION('',(-1.,0.,0.));
#32290=DIRECTION('',(0.,0.,1.));
#32300=AXIS2_PLACEMENT_3D('',#32270,#32280,#32290);
#32310=CIRCLE('',#32300,0.150000000000001);
#32320=CARTESIAN_POINT('',(7.89,-0.949999644693985,0.));
#32330=VERTEX_POINT('',#32320);
#32340=EDGE_CURVE('',#32330,#32240,#32310,.T.);
#32350=ORIENTED_EDGE('',*,*,#32340,.T.);
#32360=CARTESIAN_POINT('',(7.89,-0.949999644693985,0.));
#32370=DIRECTION('',(-1.,0.,0.));
#32380=VECTOR('',#32370,1.);
#32390=LINE('',#32360,#32380);
#32400=EDGE_CURVE('',#32330,#32140,#32390,.T.);
#32410=ORIENTED_EDGE('',*,*,#32400,.F.);
#32420=EDGE_LOOP('',(#32410,#32350,#32260,#32180));
#32430=FACE_OUTER_BOUND('',#32420,.T.);
#32440=ADVANCED_FACE('',(#32430),#32070,.T.);
#32450=CARTESIAN_POINT('',(7.49,0.181253505306014,-1.45250315));
#32460=DIRECTION('',(-1.,0.,0.));
#32470=DIRECTION('',(0.,0.,1.));
#32480=AXIS2_PLACEMENT_3D('',#32450,#32460,#32470);
#32490=PLANE('',#32480);
#32500=CARTESIAN_POINT('',(7.49,-1.09999964469399,3.346891));
#32510=DIRECTION('',(0.,0.,1.));
#32520=VECTOR('',#32510,1.);
#32530=LINE('',#32500,#32520);
#32540=EDGE_CURVE('',#32160,#5070,#32530,.T.);
#32550=ORIENTED_EDGE('',*,*,#32540,.T.);
#32560=ORIENTED_EDGE('',*,*,#32170,.T.);
#32570=CARTESIAN_POINT('',(7.49,-6.82499964469399,0.));
#32580=DIRECTION('',(0.,-1.,0.));
#32590=VECTOR('',#32580,1.);
#32600=LINE('',#32570,#32590);
#32610=CARTESIAN_POINT('',(7.49,-0.724999644693986,0.));
#32620=VERTEX_POINT('',#32610);
#32630=EDGE_CURVE('',#32620,#32140,#32600,.T.);
#32640=ORIENTED_EDGE('',*,*,#32630,.T.);
#32650=CARTESIAN_POINT('',(7.49,-0.724999644693986,3.346891));
#32660=DIRECTION('',(0.,0.,1.));
#32670=VECTOR('',#32660,1.);
#32680=LINE('',#32650,#32670);
#32690=CARTESIAN_POINT('',(7.49,-0.724999644693986,-0.4));
#32700=VERTEX_POINT('',#32690);
#32710=EDGE_CURVE('',#32700,#32620,#32680,.T.);
#32720=ORIENTED_EDGE('',*,*,#32710,.T.);
#32730=CARTESIAN_POINT('',(7.49,-6.82499964469399,-0.4));
#32740=DIRECTION('',(0.,1.,0.));
#32750=VECTOR('',#32740,1.);
#32760=LINE('',#32730,#32750);
#32770=CARTESIAN_POINT('',(7.49,-0.874999644693986,-0.4));
#32780=VERTEX_POINT('',#32770);
#32790=EDGE_CURVE('',#32780,#32700,#32760,.T.);
#32800=ORIENTED_EDGE('',*,*,#32790,.T.);
#32810=CARTESIAN_POINT('',(7.49,-0.874999644693986,3.346891));
#32820=DIRECTION('',(0.,0.,1.));
#32830=VECTOR('',#32820,1.);
#32840=LINE('',#32810,#32830);
#32850=CARTESIAN_POINT('',(7.49,-0.874999644693986,-1.1));
#32860=VERTEX_POINT('',#32850);
#32870=EDGE_CURVE('',#32860,#32780,#32840,.T.);
#32880=ORIENTED_EDGE('',*,*,#32870,.T.);
#32890=CARTESIAN_POINT('',(7.49,-3.83959364469399,3.346891));
#32900=DIRECTION('',(0.,-0.55470019622523,0.832050294337844));
#32910=VECTOR('',#32900,1.);
#32920=LINE('',#32890,#32910);
#32930=CARTESIAN_POINT('',(7.49,-0.674999644693985,-1.4));
#32940=VERTEX_POINT('',#32930);
#32950=EDGE_CURVE('',#32940,#32860,#32920,.T.);
#32960=ORIENTED_EDGE('',*,*,#32950,.T.);
#32970=CARTESIAN_POINT('',(7.49,-6.82499964469399,-1.4));
#32980=DIRECTION('',(-0.,1.,0.));
#32990=VECTOR('',#32980,1.);
#33000=LINE('',#32970,#32990);
#33010=CARTESIAN_POINT('',(7.49,-0.274999644693986,-1.4));
#33020=VERTEX_POINT('',#33010);
#33030=EDGE_CURVE('',#32940,#33020,#33000,.T.);
#33040=ORIENTED_EDGE('',*,*,#33030,.F.);
#33050=CARTESIAN_POINT('',(7.49,2.88959435530602,3.346891));
#33060=DIRECTION('',(0.,-0.55470019622523,-0.832050294337844));
#33070=VECTOR('',#33060,1.);
#33080=LINE('',#33050,#33070);
#33090=CARTESIAN_POINT('',(7.49,-0.0749996446939862,-1.1));
#33100=VERTEX_POINT('',#33090);
#33110=EDGE_CURVE('',#33100,#33020,#33080,.T.);
#33120=ORIENTED_EDGE('',*,*,#33110,.T.);
#33130=CARTESIAN_POINT('',(7.49,-0.0749996446939862,3.346891));
#33140=DIRECTION('',(0.,0.,-1.));
#33150=VECTOR('',#33140,1.);
#33160=LINE('',#33130,#33150);
#33170=CARTESIAN_POINT('',(7.49,-0.0749996446939862,-0.4));
#33180=VERTEX_POINT('',#33170);
#33190=EDGE_CURVE('',#33180,#33100,#33160,.T.);
#33200=ORIENTED_EDGE('',*,*,#33190,.T.);
#33210=CARTESIAN_POINT('',(7.49,-6.82499964469399,-0.4));
#33220=DIRECTION('',(0.,1.,0.));
#33230=VECTOR('',#33220,1.);
#33240=LINE('',#33210,#33230);
#33250=CARTESIAN_POINT('',(7.49,-0.224999644693986,-0.4));
#33260=VERTEX_POINT('',#33250);
#33270=EDGE_CURVE('',#33260,#33180,#33240,.T.);
#33280=ORIENTED_EDGE('',*,*,#33270,.T.);
#33290=CARTESIAN_POINT('',(7.49,-0.224999644693986,3.346891));
#33300=DIRECTION('',(0.,0.,-1.));
#33310=VECTOR('',#33300,1.);
#33320=LINE('',#33290,#33310);
#33330=CARTESIAN_POINT('',(7.49,-0.224999644693986,0.));
#33340=VERTEX_POINT('',#33330);
#33350=EDGE_CURVE('',#33340,#33260,#33320,.T.);
#33360=ORIENTED_EDGE('',*,*,#33350,.T.);
#33370=CARTESIAN_POINT('',(7.49,-6.82499964469399,0.));
#33380=DIRECTION('',(0.,-1.,0.));
#33390=VECTOR('',#33380,1.);
#33400=LINE('',#33370,#33390);
#33410=EDGE_CURVE('',#31690,#33340,#33400,.T.);
#33420=ORIENTED_EDGE('',*,*,#33410,.T.);
#33430=ORIENTED_EDGE('',*,*,#31700,.F.);
#33440=ORIENTED_EDGE('',*,*,#31910,.T.);
#33450=ORIENTED_EDGE('',*,*,#5140,.T.);
#33460=EDGE_LOOP('',(#33450,#33440,#33430,#33420,#33360,#33280,#33200,
#33120,#33040,#32960,#32880,#32800,#32720,#32640,#32560,#32550));
#33470=FACE_OUTER_BOUND('',#33460,.T.);
#33480=ADVANCED_FACE('',(#33470),#32490,.T.);
#33490=CARTESIAN_POINT('',(7.90000315,-0.224999644693986,-0.41000315));
#33500=DIRECTION('',(0.,1.,-0.));
#33510=DIRECTION('',(-1.,0.,0.));
#33520=AXIS2_PLACEMENT_3D('',#33490,#33500,#33510);
#33530=PLANE('',#33520);
#33540=CARTESIAN_POINT('',(4.463169,-0.224999644693986,0.));
#33550=DIRECTION('',(-1.,-0.,0.));
#33560=VECTOR('',#33550,1.);
#33570=LINE('',#33540,#33560);
#33580=CARTESIAN_POINT('',(7.89,-0.224999644693986,0.));
#33590=VERTEX_POINT('',#33580);
#33600=EDGE_CURVE('',#33590,#33340,#33570,.T.);
#33610=ORIENTED_EDGE('',*,*,#33600,.F.);
#33620=ORIENTED_EDGE('',*,*,#33350,.F.);
#33630=CARTESIAN_POINT('',(4.463169,-0.224999644693986,-0.4));
#33640=DIRECTION('',(-1.,0.,0.));
#33650=VECTOR('',#33640,1.);
#33660=LINE('',#33630,#33650);
#33670=CARTESIAN_POINT('',(7.89,-0.224999644693986,-0.4));
#33680=VERTEX_POINT('',#33670);
#33690=EDGE_CURVE('',#33680,#33260,#33660,.T.);
#33700=ORIENTED_EDGE('',*,*,#33690,.T.);
#33710=CARTESIAN_POINT('',(7.89,-0.224999644693986,3.346891));
#33720=DIRECTION('',(0.,0.,-1.));
#33730=VECTOR('',#33720,1.);
#33740=LINE('',#33710,#33730);
#33750=EDGE_CURVE('',#33590,#33680,#33740,.T.);
#33760=ORIENTED_EDGE('',*,*,#33750,.T.);
#33770=EDGE_LOOP('',(#33760,#33700,#33620,#33610));
#33780=FACE_OUTER_BOUND('',#33770,.T.);
#33790=ADVANCED_FACE('',(#33780),#33530,.T.);
#33800=CARTESIAN_POINT('',(7.90000315,-0.0712464946939866,-0.4));
#33810=DIRECTION('',(0.,0.,1.));
#33820=DIRECTION('',(1.,0.,0.));
#33830=AXIS2_PLACEMENT_3D('',#33800,#33810,#33820);
#33840=PLANE('',#33830);
#33850=ORIENTED_EDGE('',*,*,#33690,.F.);
#33860=ORIENTED_EDGE('',*,*,#33270,.F.);
#33870=CARTESIAN_POINT('',(4.463169,-0.0749996446939862,-0.4));
#33880=DIRECTION('',(1.,0.,0.));
#33890=VECTOR('',#33880,1.);
#33900=LINE('',#33870,#33890);
#33910=CARTESIAN_POINT('',(7.89,-0.0749996446939862,-0.4));
#33920=VERTEX_POINT('',#33910);
#33930=EDGE_CURVE('',#33180,#33920,#33900,.T.);
#33940=ORIENTED_EDGE('',*,*,#33930,.F.);
#33950=CARTESIAN_POINT('',(7.89,-6.82499964469399,-0.4));
#33960=DIRECTION('',(0.,1.,0.));
#33970=VECTOR('',#33960,1.);
#33980=LINE('',#33950,#33970);
#33990=EDGE_CURVE('',#33680,#33920,#33980,.T.);
#34000=ORIENTED_EDGE('',*,*,#33990,.T.);
#34010=EDGE_LOOP('',(#34000,#33940,#33860,#33850));
#34020=FACE_OUTER_BOUND('',#34010,.T.);
#34030=ADVANCED_FACE('',(#34020),#33840,.T.);
#34040=CARTESIAN_POINT('',(7.90000315,-0.230627794693985,0.));
#34050=DIRECTION('',(0.,0.,-1.));
#34060=DIRECTION('',(-1.,-0.,0.));
#34070=AXIS2_PLACEMENT_3D('',#34040,#34050,#34060);
#34080=PLANE('',#34070);
#34090=ORIENTED_EDGE('',*,*,#33600,.T.);
#34100=CARTESIAN_POINT('',(7.89,-6.82499964469399,0.));
#34110=DIRECTION('',(0.,-1.,0.));
#34120=VECTOR('',#34110,1.);
#34130=LINE('',#34100,#34120);
#34140=EDGE_CURVE('',#31500,#33590,#34130,.T.);
#34150=ORIENTED_EDGE('',*,*,#34140,.T.);
#34160=ORIENTED_EDGE('',*,*,#31760,.T.);
#34170=ORIENTED_EDGE('',*,*,#33410,.F.);
#34180=EDGE_LOOP('',(#34170,#34160,#34150,#34090));
#34190=FACE_OUTER_BOUND('',#34180,.T.);
#34200=ADVANCED_FACE('',(#34190),#34080,.T.);
#34210=CARTESIAN_POINT('',(7.89,0.181253505306014,-1.45250315));
#34220=DIRECTION('',(1.,-0.,0.));
#34230=DIRECTION('',(0.,0.,-1.));
#34240=AXIS2_PLACEMENT_3D('',#34210,#34220,#34230);
#34250=PLANE('',#34240);
#34260=CARTESIAN_POINT('',(7.89,-0.724999644693986,3.346891));
#34270=DIRECTION('',(0.,0.,1.));
#34280=VECTOR('',#34270,1.);
#34290=LINE('',#34260,#34280);
#34300=CARTESIAN_POINT('',(7.89,-0.724999644693986,-0.4));
#34310=VERTEX_POINT('',#34300);
#34320=CARTESIAN_POINT('',(7.89,-0.724999644693986,0.));
#34330=VERTEX_POINT('',#34320);
#34340=EDGE_CURVE('',#34310,#34330,#34290,.T.);
#34350=ORIENTED_EDGE('',*,*,#34340,.F.);
#34360=CARTESIAN_POINT('',(7.89,-6.82499964469399,0.));
#34370=DIRECTION('',(0.,-1.,0.));
#34380=VECTOR('',#34370,1.);
#34390=LINE('',#34360,#34380);
#34400=EDGE_CURVE('',#34330,#32330,#34390,.T.);
#34410=ORIENTED_EDGE('',*,*,#34400,.F.);
#34420=ORIENTED_EDGE('',*,*,#32340,.F.);
#34430=CARTESIAN_POINT('',(7.89,-1.09999964469399,3.346891));
#34440=DIRECTION('',(0.,0.,1.));
#34450=VECTOR('',#34440,1.);
#34460=LINE('',#34430,#34450);
#34470=EDGE_CURVE('',#32240,#4990,#34460,.T.);
#34480=ORIENTED_EDGE('',*,*,#34470,.F.);
#34490=ORIENTED_EDGE('',*,*,#5000,.F.);
#34500=ORIENTED_EDGE('',*,*,#31980,.F.);
#34510=ORIENTED_EDGE('',*,*,#31530,.T.);
#34520=ORIENTED_EDGE('',*,*,#34140,.F.);
#34530=ORIENTED_EDGE('',*,*,#33750,.F.);
#34540=ORIENTED_EDGE('',*,*,#33990,.F.);
#34550=CARTESIAN_POINT('',(7.89,-0.0749996446939862,3.346891));
#34560=DIRECTION('',(-0.,0.,-1.));
#34570=VECTOR('',#34560,1.);
#34580=LINE('',#34550,#34570);
#34590=CARTESIAN_POINT('',(7.89,-0.0749996446939862,-1.1));
#34600=VERTEX_POINT('',#34590);
#34610=EDGE_CURVE('',#33920,#34600,#34580,.T.);
#34620=ORIENTED_EDGE('',*,*,#34610,.F.);
#34630=CARTESIAN_POINT('',(7.89,2.88959435530602,3.346891));
#34640=DIRECTION('',(0.,-0.55470019622523,-0.832050294337844));
#34650=VECTOR('',#34640,1.);
#34660=LINE('',#34630,#34650);
#34670=CARTESIAN_POINT('',(7.89,-0.274999644693986,-1.4));
#34680=VERTEX_POINT('',#34670);
#34690=EDGE_CURVE('',#34600,#34680,#34660,.T.);
#34700=ORIENTED_EDGE('',*,*,#34690,.F.);
#34710=CARTESIAN_POINT('',(7.89,-6.82499964469399,-1.4));
#34720=DIRECTION('',(0.,1.,-0.));
#34730=VECTOR('',#34720,1.);
#34740=LINE('',#34710,#34730);
#34750=CARTESIAN_POINT('',(7.89,-0.674999644693985,-1.4));
#34760=VERTEX_POINT('',#34750);
#34770=EDGE_CURVE('',#34760,#34680,#34740,.T.);
#34780=ORIENTED_EDGE('',*,*,#34770,.T.);
#34790=CARTESIAN_POINT('',(7.89,-3.83959364469399,3.346891));
#34800=DIRECTION('',(0.,-0.55470019622523,0.832050294337844));
#34810=VECTOR('',#34800,1.);
#34820=LINE('',#34790,#34810);
#34830=CARTESIAN_POINT('',(7.89,-0.874999644693986,-1.1));
#34840=VERTEX_POINT('',#34830);
#34850=EDGE_CURVE('',#34760,#34840,#34820,.T.);
#34860=ORIENTED_EDGE('',*,*,#34850,.F.);
#34870=CARTESIAN_POINT('',(7.89,-0.874999644693986,3.346891));
#34880=DIRECTION('',(0.,0.,1.));
#34890=VECTOR('',#34880,1.);
#34900=LINE('',#34870,#34890);
#34910=CARTESIAN_POINT('',(7.89,-0.874999644693986,-0.4));
#34920=VERTEX_POINT('',#34910);
#34930=EDGE_CURVE('',#34840,#34920,#34900,.T.);
#34940=ORIENTED_EDGE('',*,*,#34930,.F.);
#34950=CARTESIAN_POINT('',(7.89,-6.82499964469399,-0.4));
#34960=DIRECTION('',(0.,1.,0.));
#34970=VECTOR('',#34960,1.);
#34980=LINE('',#34950,#34970);
#34990=EDGE_CURVE('',#34920,#34310,#34980,.T.);
#35000=ORIENTED_EDGE('',*,*,#34990,.F.);
#35010=EDGE_LOOP('',(#35000,#34940,#34860,#34780,#34700,#34620,#34540,
#34530,#34520,#34510,#34500,#34490,#34480,#34420,#34410,#34350));
#35020=FACE_OUTER_BOUND('',#35010,.T.);
#35030=ADVANCED_FACE('',(#35020),#34250,.T.);
#35040=CARTESIAN_POINT('',(7.90000315,-0.724999644693986,
0.0100031499999997));
#35050=DIRECTION('',(0.,-1.,0.));
#35060=DIRECTION('',(1.,0.,0.));
#35070=AXIS2_PLACEMENT_3D('',#35040,#35050,#35060);
#35080=PLANE('',#35070);
#35090=CARTESIAN_POINT('',(4.463169,-0.724999644693986,-0.4));
#35100=DIRECTION('',(-1.,0.,0.));
#35110=VECTOR('',#35100,1.);
#35120=LINE('',#35090,#35110);
#35130=EDGE_CURVE('',#34310,#32700,#35120,.T.);
#35140=ORIENTED_EDGE('',*,*,#35130,.F.);
#35150=ORIENTED_EDGE('',*,*,#32710,.F.);
#35160=CARTESIAN_POINT('',(4.463169,-0.724999644693986,0.));
#35170=DIRECTION('',(-1.,0.,0.));
#35180=VECTOR('',#35170,1.);
#35190=LINE('',#35160,#35180);
#35200=EDGE_CURVE('',#34330,#32620,#35190,.T.);
#35210=ORIENTED_EDGE('',*,*,#35200,.T.);
#35220=ORIENTED_EDGE('',*,*,#34340,.T.);
#35230=EDGE_LOOP('',(#35220,#35210,#35150,#35140));
#35240=FACE_OUTER_BOUND('',#35230,.T.);
#35250=ADVANCED_FACE('',(#35240),#35080,.T.);
#35260=CARTESIAN_POINT('',(7.90000315,-0.721246494693986,-0.4));
#35270=DIRECTION('',(0.,0.,1.));
#35280=DIRECTION('',(1.,0.,0.));
#35290=AXIS2_PLACEMENT_3D('',#35260,#35270,#35280);
#35300=PLANE('',#35290);
#35310=CARTESIAN_POINT('',(4.463169,-0.874999644693986,-0.4));
#35320=DIRECTION('',(-1.,-0.,0.));
#35330=VECTOR('',#35320,1.);
#35340=LINE('',#35310,#35330);
#35350=EDGE_CURVE('',#34920,#32780,#35340,.T.);
#35360=ORIENTED_EDGE('',*,*,#35350,.F.);
#35370=ORIENTED_EDGE('',*,*,#32790,.F.);
#35380=ORIENTED_EDGE('',*,*,#35130,.T.);
#35390=ORIENTED_EDGE('',*,*,#34990,.T.);
#35400=EDGE_LOOP('',(#35390,#35380,#35370,#35360));
#35410=FACE_OUTER_BOUND('',#35400,.T.);
#35420=ADVANCED_FACE('',(#35410),#35300,.T.);
#35430=CARTESIAN_POINT('',(7.90000315,-0.955627794693985,0.));
#35440=DIRECTION('',(0.,0.,-1.));
#35450=DIRECTION('',(-1.,-0.,0.));
#35460=AXIS2_PLACEMENT_3D('',#35430,#35440,#35450);
#35470=PLANE('',#35460);
#35480=ORIENTED_EDGE('',*,*,#35200,.F.);
#35490=ORIENTED_EDGE('',*,*,#32630,.F.);
#35500=ORIENTED_EDGE('',*,*,#32400,.T.);
#35510=ORIENTED_EDGE('',*,*,#34400,.T.);
#35520=EDGE_LOOP('',(#35510,#35500,#35490,#35480));
#35530=FACE_OUTER_BOUND('',#35520,.T.);
#35540=ADVANCED_FACE('',(#35530),#35470,.T.);
#35550=CARTESIAN_POINT('',(7.90000315,-0.0749996446939862,-1.11750315));
#35560=DIRECTION('',(0.,1.,-0.));
#35570=DIRECTION('',(-1.,0.,0.));
#35580=AXIS2_PLACEMENT_3D('',#35550,#35560,#35570);
#35590=PLANE('',#35580);
#35600=ORIENTED_EDGE('',*,*,#33930,.T.);
#35610=ORIENTED_EDGE('',*,*,#33190,.F.);
#35620=CARTESIAN_POINT('',(4.463169,-0.0749996446939862,-1.1));
#35630=DIRECTION('',(-1.,-0.,0.));
#35640=VECTOR('',#35630,1.);
#35650=LINE('',#35620,#35640);
#35660=EDGE_CURVE('',#34600,#33100,#35650,.T.);
#35670=ORIENTED_EDGE('',*,*,#35660,.T.);
#35680=ORIENTED_EDGE('',*,*,#34610,.T.);
#35690=EDGE_LOOP('',(#35680,#35670,#35610,#35600));
#35700=FACE_OUTER_BOUND('',#35690,.T.);
#35710=ADVANCED_FACE('',(#35700),#35590,.T.);
#35720=CARTESIAN_POINT('',(7.47999685,-0.0699978973883679,
-1.09249737904157));
#35730=DIRECTION('',(-0.,0.832050294337844,-0.55470019622523));
#35740=DIRECTION('',(0.,-0.55470019622523,-0.832050294337844));
#35750=AXIS2_PLACEMENT_3D('',#35720,#35730,#35740);
#35760=PLANE('',#35750);
#35770=CARTESIAN_POINT('',(4.463169,-0.274999644693987,-1.4));
#35780=DIRECTION('',(-1.,-0.,0.));
#35790=VECTOR('',#35780,1.);
#35800=LINE('',#35770,#35790);
#35810=EDGE_CURVE('',#34680,#33020,#35800,.T.);
#35820=ORIENTED_EDGE('',*,*,#35810,.T.);
#35830=ORIENTED_EDGE('',*,*,#34690,.T.);
#35840=ORIENTED_EDGE('',*,*,#35660,.F.);
#35850=ORIENTED_EDGE('',*,*,#33110,.F.);
#35860=EDGE_LOOP('',(#35850,#35840,#35830,#35820));
#35870=FACE_OUTER_BOUND('',#35860,.T.);
#35880=ADVANCED_FACE('',(#35870),#35760,.T.);
#35890=CARTESIAN_POINT('',(7.90000315,-0.264996494693988,-1.4));
#35900=DIRECTION('',(0.,0.,-1.));
#35910=DIRECTION('',(-1.,-0.,0.));
#35920=AXIS2_PLACEMENT_3D('',#35890,#35900,#35910);
#35930=PLANE('',#35920);
#35940=ORIENTED_EDGE('',*,*,#33030,.T.);
#35950=CARTESIAN_POINT('',(4.463169,-0.674999644693987,-1.4));
#35960=DIRECTION('',(1.,0.,-0.));
#35970=VECTOR('',#35960,1.);
#35980=LINE('',#35950,#35970);
#35990=EDGE_CURVE('',#32940,#34760,#35980,.T.);
#36000=ORIENTED_EDGE('',*,*,#35990,.F.);
#36010=ORIENTED_EDGE('',*,*,#34770,.F.);
#36020=ORIENTED_EDGE('',*,*,#35810,.F.);
#36030=EDGE_LOOP('',(#36020,#36010,#36000,#35940));
#36040=FACE_OUTER_BOUND('',#36030,.T.);
#36050=ADVANCED_FACE('',(#36040),#35930,.T.);
#36060=CARTESIAN_POINT('',(7.47999685,-0.669997897388368,
-1.40750262095843));
#36070=DIRECTION('',(-0.,-0.832050294337844,-0.55470019622523));
#36080=DIRECTION('',(0.,-0.55470019622523,0.832050294337844));
#36090=AXIS2_PLACEMENT_3D('',#36060,#36070,#36080);
#36100=PLANE('',#36090);
#36110=CARTESIAN_POINT('',(4.463169,-0.874999644693986,-1.1));
#36120=DIRECTION('',(1.,0.,-0.));
#36130=VECTOR('',#36120,1.);
#36140=LINE('',#36110,#36130);
#36150=EDGE_CURVE('',#32860,#34840,#36140,.T.);
#36160=ORIENTED_EDGE('',*,*,#36150,.F.);
#36170=ORIENTED_EDGE('',*,*,#34850,.T.);
#36180=ORIENTED_EDGE('',*,*,#35990,.T.);
#36190=ORIENTED_EDGE('',*,*,#32950,.F.);
#36200=EDGE_LOOP('',(#36190,#36180,#36170,#36160));
#36210=FACE_OUTER_BOUND('',#36200,.T.);
#36220=ADVANCED_FACE('',(#36210),#36100,.T.);
#36230=CARTESIAN_POINT('',(7.90000315,-0.874999644693986,-0.38249685));
#36240=DIRECTION('',(0.,-1.,0.));
#36250=DIRECTION('',(1.,0.,0.));
#36260=AXIS2_PLACEMENT_3D('',#36230,#36240,#36250);
#36270=PLANE('',#36260);
#36280=ORIENTED_EDGE('',*,*,#36150,.T.);
#36290=ORIENTED_EDGE('',*,*,#32870,.F.);
#36300=ORIENTED_EDGE('',*,*,#35350,.T.);
#36310=ORIENTED_EDGE('',*,*,#34930,.T.);
#36320=EDGE_LOOP('',(#36310,#36300,#36290,#36280));
#36330=FACE_OUTER_BOUND('',#36320,.T.);
#36340=ADVANCED_FACE('',(#36330),#36270,.T.);
#36350=CARTESIAN_POINT('',(7.90000315,-1.09999964469399,0.71375315));
#36360=DIRECTION('',(0.,-1.,0.));
#36370=DIRECTION('',(1.,0.,0.));
#36380=AXIS2_PLACEMENT_3D('',#36350,#36360,#36370);
#36390=PLANE('',#36380);
#36400=ORIENTED_EDGE('',*,*,#32250,.F.);
#36410=ORIENTED_EDGE('',*,*,#32540,.F.);
#36420=ORIENTED_EDGE('',*,*,#5080,.T.);
#36430=ORIENTED_EDGE('',*,*,#34470,.T.);
#36440=EDGE_LOOP('',(#36430,#36420,#36410,#36400));
#36450=FACE_OUTER_BOUND('',#36440,.T.);
#36460=ADVANCED_FACE('',(#36450),#36390,.T.);
#36470=CARTESIAN_POINT('',(-7.479979,-0.949999644693981,
0.149999999999999));
#36480=DIRECTION('',(-1.,0.,0.));
#36490=DIRECTION('',(0.,0.,1.));
#36500=AXIS2_PLACEMENT_3D('',#36470,#36480,#36490);
#36510=CYLINDRICAL_SURFACE('',#36500,0.15);
#36520=CARTESIAN_POINT('',(-7.89,-0.949999644693981,0.149999999999999));
#36530=DIRECTION('',(-1.,0.,0.));
#36540=DIRECTION('',(0.,0.,1.));
#36550=AXIS2_PLACEMENT_3D('',#36520,#36530,#36540);
#36560=CIRCLE('',#36550,0.15);
#36570=CARTESIAN_POINT('',(-7.89,-0.949999644693981,0.));
#36580=VERTEX_POINT('',#36570);
#36590=CARTESIAN_POINT('',(-7.89,-1.09999964469398,0.149999999999999));
#36600=VERTEX_POINT('',#36590);
#36610=EDGE_CURVE('',#36580,#36600,#36560,.T.);
#36620=ORIENTED_EDGE('',*,*,#36610,.F.);
#36630=CARTESIAN_POINT('',(-7.49,-1.09999964469398,0.149999999999999));
#36640=DIRECTION('',(-1.,0.,0.));
#36650=VECTOR('',#36640,1.);
#36660=LINE('',#36630,#36650);
#36670=CARTESIAN_POINT('',(-7.49,-1.09999964469398,0.149999999999999));
#36680=VERTEX_POINT('',#36670);
#36690=EDGE_CURVE('',#36680,#36600,#36660,.T.);
#36700=ORIENTED_EDGE('',*,*,#36690,.T.);
#36710=CARTESIAN_POINT('',(-7.49,-0.949999644693981,0.149999999999999));
#36720=DIRECTION('',(-1.,0.,0.));
#36730=DIRECTION('',(0.,0.,1.));
#36740=AXIS2_PLACEMENT_3D('',#36710,#36720,#36730);
#36750=CIRCLE('',#36740,0.15);
#36760=CARTESIAN_POINT('',(-7.49,-0.949999644693981,0.));
#36770=VERTEX_POINT('',#36760);
#36780=EDGE_CURVE('',#36770,#36680,#36750,.T.);
#36790=ORIENTED_EDGE('',*,*,#36780,.T.);
#36800=CARTESIAN_POINT('',(-7.49,-0.949999644693981,0.));
#36810=DIRECTION('',(-1.,0.,0.));
#36820=VECTOR('',#36810,1.);
#36830=LINE('',#36800,#36820);
#36840=EDGE_CURVE('',#36770,#36580,#36830,.T.);
#36850=ORIENTED_EDGE('',*,*,#36840,.F.);
#36860=EDGE_LOOP('',(#36850,#36790,#36700,#36620));
#36870=FACE_OUTER_BOUND('',#36860,.T.);
#36880=ADVANCED_FACE('',(#36870),#36510,.T.);
#36890=CARTESIAN_POINT('',(-7.90000315,-1.09999964469398,0.13624685));
#36900=DIRECTION('',(0.,-1.,0.));
#36910=DIRECTION('',(1.,0.,0.));
#36920=AXIS2_PLACEMENT_3D('',#36890,#36900,#36910);
#36930=PLANE('',#36920);
#36940=ORIENTED_EDGE('',*,*,#5260,.F.);
#36950=CARTESIAN_POINT('',(-7.49,-1.09999964469398,3.346891));
#36960=DIRECTION('',(0.,0.,-1.));
#36970=VECTOR('',#36960,1.);
#36980=LINE('',#36950,#36970);
#36990=EDGE_CURVE('',#5250,#36680,#36980,.T.);
#37000=ORIENTED_EDGE('',*,*,#36990,.F.);
#37010=ORIENTED_EDGE('',*,*,#36690,.F.);
#37020=CARTESIAN_POINT('',(-7.89,-1.09999964469398,3.346891));
#37030=DIRECTION('',(0.,-0.,-1.));
#37040=VECTOR('',#37030,1.);
#37050=LINE('',#37020,#37040);
#37060=EDGE_CURVE('',#5230,#36600,#37050,.T.);
#37070=ORIENTED_EDGE('',*,*,#37060,.T.);
#37080=EDGE_LOOP('',(#37070,#37010,#37000,#36940));
#37090=FACE_OUTER_BOUND('',#37080,.T.);
#37100=ADVANCED_FACE('',(#37090),#36930,.T.);
#37110=CARTESIAN_POINT('',(-7.900021,3.55306019272916E-7,
0.149999999999996));
#37120=DIRECTION('',(1.,0.,0.));
#37130=DIRECTION('',(0.,0.,-1.));
#37140=AXIS2_PLACEMENT_3D('',#37110,#37120,#37130);
#37150=CYLINDRICAL_SURFACE('',#37140,0.149999999999996);
#37160=CARTESIAN_POINT('',(-7.49,3.55306019272916E-7,0.149999999999996))
;
#37170=DIRECTION('',(1.,0.,0.));
#37180=DIRECTION('',(0.,0.,-1.));
#37190=AXIS2_PLACEMENT_3D('',#37160,#37170,#37180);
#37200=CIRCLE('',#37190,0.149999999999996);
#37210=CARTESIAN_POINT('',(-7.49,3.55306017496559E-7,0.));
#37220=VERTEX_POINT('',#37210);
#37230=CARTESIAN_POINT('',(-7.49,0.150000355306018,0.149999999999999));
#37240=VERTEX_POINT('',#37230);
#37250=EDGE_CURVE('',#37220,#37240,#37200,.T.);
#37260=ORIENTED_EDGE('',*,*,#37250,.F.);
#37270=CARTESIAN_POINT('',(-7.89,0.150000355306018,0.149999999999999));
#37280=DIRECTION('',(1.,0.,0.));
#37290=VECTOR('',#37280,1.);
#37300=LINE('',#37270,#37290);
#37310=CARTESIAN_POINT('',(-7.89,0.150000355306018,0.149999999999999));
#37320=VERTEX_POINT('',#37310);
#37330=EDGE_CURVE('',#37320,#37240,#37300,.T.);
#37340=ORIENTED_EDGE('',*,*,#37330,.T.);
#37350=CARTESIAN_POINT('',(-7.89,3.55306019272916E-7,0.149999999999996))
;
#37360=DIRECTION('',(1.,0.,0.));
#37370=DIRECTION('',(0.,0.,-1.));
#37380=AXIS2_PLACEMENT_3D('',#37350,#37360,#37370);
#37390=CIRCLE('',#37380,0.149999999999996);
#37400=CARTESIAN_POINT('',(-7.89,3.55306017496559E-7,0.));
#37410=VERTEX_POINT('',#37400);
#37420=EDGE_CURVE('',#37410,#37320,#37390,.T.);
#37430=ORIENTED_EDGE('',*,*,#37420,.T.);
#37440=CARTESIAN_POINT('',(-7.89,3.55306017496559E-7,0.));
#37450=DIRECTION('',(1.,0.,0.));
#37460=VECTOR('',#37450,1.);
#37470=LINE('',#37440,#37460);
#37480=EDGE_CURVE('',#37410,#37220,#37470,.T.);
#37490=ORIENTED_EDGE('',*,*,#37480,.F.);
#37500=EDGE_LOOP('',(#37490,#37430,#37340,#37260));
#37510=FACE_OUTER_BOUND('',#37500,.T.);
#37520=ADVANCED_FACE('',(#37510),#37150,.T.);
#37530=CARTESIAN_POINT('',(-7.49,-1.13125279469398,-1.45250315));
#37540=DIRECTION('',(1.,-0.,0.));
#37550=DIRECTION('',(0.,0.,-1.));
#37560=AXIS2_PLACEMENT_3D('',#37530,#37540,#37550);
#37570=PLANE('',#37560);
#37580=CARTESIAN_POINT('',(-7.49,0.150000355306018,3.346891));
#37590=DIRECTION('',(0.,0.,1.));
#37600=VECTOR('',#37590,1.);
#37610=LINE('',#37580,#37600);
#37620=EDGE_CURVE('',#37240,#5410,#37610,.T.);
#37630=ORIENTED_EDGE('',*,*,#37620,.T.);
#37640=ORIENTED_EDGE('',*,*,#37250,.T.);
#37650=CARTESIAN_POINT('',(-7.49,-6.82499964469399,0.));
#37660=DIRECTION('',(0.,1.,-0.));
#37670=VECTOR('',#37660,1.);
#37680=LINE('',#37650,#37670);
#37690=CARTESIAN_POINT('',(-7.49,-0.224999644693982,0.));
#37700=VERTEX_POINT('',#37690);
#37710=EDGE_CURVE('',#37700,#37220,#37680,.T.);
#37720=ORIENTED_EDGE('',*,*,#37710,.T.);
#37730=CARTESIAN_POINT('',(-7.49,-0.224999644693982,3.346891));
#37740=DIRECTION('',(0.,0.,1.));
#37750=VECTOR('',#37740,1.);
#37760=LINE('',#37730,#37750);
#37770=CARTESIAN_POINT('',(-7.49,-0.224999644693982,-0.4));
#37780=VERTEX_POINT('',#37770);
#37790=EDGE_CURVE('',#37780,#37700,#37760,.T.);
#37800=ORIENTED_EDGE('',*,*,#37790,.T.);
#37810=CARTESIAN_POINT('',(-7.49,-6.82499964469399,-0.4));
#37820=DIRECTION('',(0.,-1.,0.));
#37830=VECTOR('',#37820,1.);
#37840=LINE('',#37810,#37830);
#37850=CARTESIAN_POINT('',(-7.49,-0.0749996446939809,-0.4));
#37860=VERTEX_POINT('',#37850);
#37870=EDGE_CURVE('',#37860,#37780,#37840,.T.);
#37880=ORIENTED_EDGE('',*,*,#37870,.T.);
#37890=CARTESIAN_POINT('',(-7.49,-0.0749996446939809,3.346891));
#37900=DIRECTION('',(0.,0.,1.));
#37910=VECTOR('',#37900,1.);
#37920=LINE('',#37890,#37910);
#37930=CARTESIAN_POINT('',(-7.49,-0.0749996446939809,-1.1));
#37940=VERTEX_POINT('',#37930);
#37950=EDGE_CURVE('',#37940,#37860,#37920,.T.);
#37960=ORIENTED_EDGE('',*,*,#37950,.T.);
#37970=CARTESIAN_POINT('',(-7.49,2.88959435530602,3.346891));
#37980=DIRECTION('',(0.,0.55470019622523,0.832050294337844));
#37990=VECTOR('',#37980,1.);
#38000=LINE('',#37970,#37990);
#38010=CARTESIAN_POINT('',(-7.49,-0.274999644693982,-1.4));
#38020=VERTEX_POINT('',#38010);
#38030=EDGE_CURVE('',#38020,#37940,#38000,.T.);
#38040=ORIENTED_EDGE('',*,*,#38030,.T.);
#38050=CARTESIAN_POINT('',(-7.49,-6.82499964469399,-1.4));
#38060=DIRECTION('',(0.,-1.,0.));
#38070=VECTOR('',#38060,1.);
#38080=LINE('',#38050,#38070);
#38090=CARTESIAN_POINT('',(-7.49,-0.674999644693981,-1.4));
#38100=VERTEX_POINT('',#38090);
#38110=EDGE_CURVE('',#38020,#38100,#38080,.T.);
#38120=ORIENTED_EDGE('',*,*,#38110,.F.);
#38130=CARTESIAN_POINT('',(-7.49,-3.83959364469399,3.346891));
#38140=DIRECTION('',(0.,0.55470019622523,-0.832050294337844));
#38150=VECTOR('',#38140,1.);
#38160=LINE('',#38130,#38150);
#38170=CARTESIAN_POINT('',(-7.49,-0.874999644693982,-1.1));
#38180=VERTEX_POINT('',#38170);
#38190=EDGE_CURVE('',#38180,#38100,#38160,.T.);
#38200=ORIENTED_EDGE('',*,*,#38190,.T.);
#38210=CARTESIAN_POINT('',(-7.49,-0.874999644693982,3.346891));
#38220=DIRECTION('',(0.,0.,-1.));
#38230=VECTOR('',#38220,1.);
#38240=LINE('',#38210,#38230);
#38250=CARTESIAN_POINT('',(-7.49,-0.874999644693982,-0.4));
#38260=VERTEX_POINT('',#38250);
#38270=EDGE_CURVE('',#38260,#38180,#38240,.T.);
#38280=ORIENTED_EDGE('',*,*,#38270,.T.);
#38290=CARTESIAN_POINT('',(-7.49,-6.82499964469399,-0.4));
#38300=DIRECTION('',(0.,-1.,0.));
#38310=VECTOR('',#38300,1.);
#38320=LINE('',#38290,#38310);
#38330=CARTESIAN_POINT('',(-7.49,-0.724999644693982,-0.4));
#38340=VERTEX_POINT('',#38330);
#38350=EDGE_CURVE('',#38340,#38260,#38320,.T.);
#38360=ORIENTED_EDGE('',*,*,#38350,.T.);
#38370=CARTESIAN_POINT('',(-7.49,-0.724999644693982,3.346891));
#38380=DIRECTION('',(0.,0.,-1.));
#38390=VECTOR('',#38380,1.);
#38400=LINE('',#38370,#38390);
#38410=CARTESIAN_POINT('',(-7.49,-0.724999644693982,0.));
#38420=VERTEX_POINT('',#38410);
#38430=EDGE_CURVE('',#38420,#38340,#38400,.T.);
#38440=ORIENTED_EDGE('',*,*,#38430,.T.);
#38450=CARTESIAN_POINT('',(-7.49,-6.82499964469399,0.));
#38460=DIRECTION('',(0.,1.,-0.));
#38470=VECTOR('',#38460,1.);
#38480=LINE('',#38450,#38470);
#38490=EDGE_CURVE('',#36770,#38420,#38480,.T.);
#38500=ORIENTED_EDGE('',*,*,#38490,.T.);
#38510=ORIENTED_EDGE('',*,*,#36780,.F.);
#38520=ORIENTED_EDGE('',*,*,#36990,.T.);
#38530=ORIENTED_EDGE('',*,*,#5480,.T.);
#38540=EDGE_LOOP('',(#38530,#38520,#38510,#38500,#38440,#38360,#38280,
#38200,#38120,#38040,#37960,#37880,#37800,#37720,#37640,#37630));
#38550=FACE_OUTER_BOUND('',#38540,.T.);
#38560=ADVANCED_FACE('',(#38550),#37570,.T.);
#38570=CARTESIAN_POINT('',(-7.90000315,-0.724999644693982,-0.41000315));
#38580=DIRECTION('',(0.,-1.,0.));
#38590=DIRECTION('',(1.,0.,0.));
#38600=AXIS2_PLACEMENT_3D('',#38570,#38580,#38590);
#38610=PLANE('',#38600);
#38620=CARTESIAN_POINT('',(4.463169,-0.724999644693982,0.));
#38630=DIRECTION('',(1.,0.,0.));
#38640=VECTOR('',#38630,1.);
#38650=LINE('',#38620,#38640);
#38660=CARTESIAN_POINT('',(-7.89,-0.724999644693982,0.));
#38670=VERTEX_POINT('',#38660);
#38680=EDGE_CURVE('',#38670,#38420,#38650,.T.);
#38690=ORIENTED_EDGE('',*,*,#38680,.F.);
#38700=ORIENTED_EDGE('',*,*,#38430,.F.);
#38710=CARTESIAN_POINT('',(4.463169,-0.724999644693982,-0.4));
#38720=DIRECTION('',(1.,0.,-0.));
#38730=VECTOR('',#38720,1.);
#38740=LINE('',#38710,#38730);
#38750=CARTESIAN_POINT('',(-7.89,-0.724999644693982,-0.4));
#38760=VERTEX_POINT('',#38750);
#38770=EDGE_CURVE('',#38760,#38340,#38740,.T.);
#38780=ORIENTED_EDGE('',*,*,#38770,.T.);
#38790=CARTESIAN_POINT('',(-7.89,-0.724999644693982,3.346891));
#38800=DIRECTION('',(0.,-0.,-1.));
#38810=VECTOR('',#38800,1.);
#38820=LINE('',#38790,#38810);
#38830=EDGE_CURVE('',#38670,#38760,#38820,.T.);
#38840=ORIENTED_EDGE('',*,*,#38830,.T.);
#38850=EDGE_LOOP('',(#38840,#38780,#38700,#38690));
#38860=FACE_OUTER_BOUND('',#38850,.T.);
#38870=ADVANCED_FACE('',(#38860),#38610,.T.);
#38880=CARTESIAN_POINT('',(-7.90000315,-0.878752794693981,-0.4));
#38890=DIRECTION('',(0.,0.,1.));
#38900=DIRECTION('',(1.,0.,0.));
#38910=AXIS2_PLACEMENT_3D('',#38880,#38890,#38900);
#38920=PLANE('',#38910);
#38930=ORIENTED_EDGE('',*,*,#38770,.F.);
#38940=ORIENTED_EDGE('',*,*,#38350,.F.);
#38950=CARTESIAN_POINT('',(4.463169,-0.874999644693982,-0.4));
#38960=DIRECTION('',(-1.,-0.,0.));
#38970=VECTOR('',#38960,1.);
#38980=LINE('',#38950,#38970);
#38990=CARTESIAN_POINT('',(-7.89,-0.874999644693982,-0.4));
#39000=VERTEX_POINT('',#38990);
#39010=EDGE_CURVE('',#38260,#39000,#38980,.T.);
#39020=ORIENTED_EDGE('',*,*,#39010,.F.);
#39030=CARTESIAN_POINT('',(-7.89,-6.82499964469399,-0.4));
#39040=DIRECTION('',(0.,-1.,0.));
#39050=VECTOR('',#39040,1.);
#39060=LINE('',#39030,#39050);
#39070=EDGE_CURVE('',#38760,#39000,#39060,.T.);
#39080=ORIENTED_EDGE('',*,*,#39070,.T.);
#39090=EDGE_LOOP('',(#39080,#39020,#38940,#38930));
#39100=FACE_OUTER_BOUND('',#39090,.T.);
#39110=ADVANCED_FACE('',(#39100),#38920,.T.);
#39120=CARTESIAN_POINT('',(-7.90000315,-0.719371494693982,0.));
#39130=DIRECTION('',(0.,0.,-1.));
#39140=DIRECTION('',(-1.,-0.,0.));
#39150=AXIS2_PLACEMENT_3D('',#39120,#39130,#39140);
#39160=PLANE('',#39150);
#39170=ORIENTED_EDGE('',*,*,#38680,.T.);
#39180=CARTESIAN_POINT('',(-7.89,-6.82499964469399,0.));
#39190=DIRECTION('',(0.,1.,0.));
#39200=VECTOR('',#39190,1.);
#39210=LINE('',#39180,#39200);
#39220=EDGE_CURVE('',#36580,#38670,#39210,.T.);
#39230=ORIENTED_EDGE('',*,*,#39220,.T.);
#39240=ORIENTED_EDGE('',*,*,#36840,.T.);
#39250=ORIENTED_EDGE('',*,*,#38490,.F.);
#39260=EDGE_LOOP('',(#39250,#39240,#39230,#39170));
#39270=FACE_OUTER_BOUND('',#39260,.T.);
#39280=ADVANCED_FACE('',(#39270),#39160,.T.);
#39290=CARTESIAN_POINT('',(-7.89,-1.13125279469398,-1.45250315));
#39300=DIRECTION('',(-1.,0.,0.));
#39310=DIRECTION('',(0.,0.,1.));
#39320=AXIS2_PLACEMENT_3D('',#39290,#39300,#39310);
#39330=PLANE('',#39320);
#39340=CARTESIAN_POINT('',(-7.89,-0.224999644693982,3.346891));
#39350=DIRECTION('',(0.,0.,1.));
#39360=VECTOR('',#39350,1.);
#39370=LINE('',#39340,#39360);
#39380=CARTESIAN_POINT('',(-7.89,-0.224999644693982,-0.4));
#39390=VERTEX_POINT('',#39380);
#39400=CARTESIAN_POINT('',(-7.89,-0.224999644693982,0.));
#39410=VERTEX_POINT('',#39400);
#39420=EDGE_CURVE('',#39390,#39410,#39370,.T.);
#39430=ORIENTED_EDGE('',*,*,#39420,.F.);
#39440=CARTESIAN_POINT('',(-7.89,-6.82499964469399,0.));
#39450=DIRECTION('',(-0.,1.,0.));
#39460=VECTOR('',#39450,1.);
#39470=LINE('',#39440,#39460);
#39480=EDGE_CURVE('',#39410,#37410,#39470,.T.);
#39490=ORIENTED_EDGE('',*,*,#39480,.F.);
#39500=ORIENTED_EDGE('',*,*,#37420,.F.);
#39510=CARTESIAN_POINT('',(-7.89,0.150000355306018,3.346891));
#39520=DIRECTION('',(0.,0.,1.));
#39530=VECTOR('',#39520,1.);
#39540=LINE('',#39510,#39530);
#39550=EDGE_CURVE('',#37320,#5330,#39540,.T.);
#39560=ORIENTED_EDGE('',*,*,#39550,.F.);
#39570=ORIENTED_EDGE('',*,*,#5340,.F.);
#39580=ORIENTED_EDGE('',*,*,#37060,.F.);
#39590=ORIENTED_EDGE('',*,*,#36610,.T.);
#39600=ORIENTED_EDGE('',*,*,#39220,.F.);
#39610=ORIENTED_EDGE('',*,*,#38830,.F.);
#39620=ORIENTED_EDGE('',*,*,#39070,.F.);
#39630=CARTESIAN_POINT('',(-7.89,-0.874999644693982,3.346891));
#39640=DIRECTION('',(0.,-0.,-1.));
#39650=VECTOR('',#39640,1.);
#39660=LINE('',#39630,#39650);
#39670=CARTESIAN_POINT('',(-7.89,-0.874999644693982,-1.1));
#39680=VERTEX_POINT('',#39670);
#39690=EDGE_CURVE('',#39000,#39680,#39660,.T.);
#39700=ORIENTED_EDGE('',*,*,#39690,.F.);
#39710=CARTESIAN_POINT('',(-7.89,-3.83959364469399,3.346891));
#39720=DIRECTION('',(-0.,0.55470019622523,-0.832050294337844));
#39730=VECTOR('',#39720,1.);
#39740=LINE('',#39710,#39730);
#39750=CARTESIAN_POINT('',(-7.89,-0.674999644693981,-1.4));
#39760=VERTEX_POINT('',#39750);
#39770=EDGE_CURVE('',#39680,#39760,#39740,.T.);
#39780=ORIENTED_EDGE('',*,*,#39770,.F.);
#39790=CARTESIAN_POINT('',(-7.89,-6.82499964469399,-1.4));
#39800=DIRECTION('',(0.,-1.,0.));
#39810=VECTOR('',#39800,1.);
#39820=LINE('',#39790,#39810);
#39830=CARTESIAN_POINT('',(-7.89,-0.274999644693982,-1.4));
#39840=VERTEX_POINT('',#39830);
#39850=EDGE_CURVE('',#39840,#39760,#39820,.T.);
#39860=ORIENTED_EDGE('',*,*,#39850,.T.);
#39870=CARTESIAN_POINT('',(-7.89,2.88959435530602,3.346891));
#39880=DIRECTION('',(0.,0.55470019622523,0.832050294337844));
#39890=VECTOR('',#39880,1.);
#39900=LINE('',#39870,#39890);
#39910=CARTESIAN_POINT('',(-7.89,-0.0749996446939809,-1.1));
#39920=VERTEX_POINT('',#39910);
#39930=EDGE_CURVE('',#39840,#39920,#39900,.T.);
#39940=ORIENTED_EDGE('',*,*,#39930,.F.);
#39950=CARTESIAN_POINT('',(-7.89,-0.0749996446939809,3.346891));
#39960=DIRECTION('',(0.,0.,1.));
#39970=VECTOR('',#39960,1.);
#39980=LINE('',#39950,#39970);
#39990=CARTESIAN_POINT('',(-7.89,-0.0749996446939809,-0.4));
#40000=VERTEX_POINT('',#39990);
#40010=EDGE_CURVE('',#39920,#40000,#39980,.T.);
#40020=ORIENTED_EDGE('',*,*,#40010,.F.);
#40030=CARTESIAN_POINT('',(-7.89,-6.82499964469399,-0.4));
#40040=DIRECTION('',(0.,-1.,0.));
#40050=VECTOR('',#40040,1.);
#40060=LINE('',#40030,#40050);
#40070=EDGE_CURVE('',#40000,#39390,#40060,.T.);
#40080=ORIENTED_EDGE('',*,*,#40070,.F.);
#40090=EDGE_LOOP('',(#40080,#40020,#39940,#39860,#39780,#39700,#39620,
#39610,#39600,#39590,#39580,#39570,#39560,#39500,#39490,#39430));
#40100=FACE_OUTER_BOUND('',#40090,.T.);
#40110=ADVANCED_FACE('',(#40100),#39330,.T.);
#40120=CARTESIAN_POINT('',(-7.90000315,-0.224999644693982,
0.0100031499999997));
#40130=DIRECTION('',(0.,1.,-0.));
#40140=DIRECTION('',(-1.,0.,0.));
#40150=AXIS2_PLACEMENT_3D('',#40120,#40130,#40140);
#40160=PLANE('',#40150);
#40170=CARTESIAN_POINT('',(4.463169,-0.224999644693982,-0.4));
#40180=DIRECTION('',(1.,0.,0.));
#40190=VECTOR('',#40180,1.);
#40200=LINE('',#40170,#40190);
#40210=EDGE_CURVE('',#39390,#37780,#40200,.T.);
#40220=ORIENTED_EDGE('',*,*,#40210,.F.);
#40230=ORIENTED_EDGE('',*,*,#37790,.F.);
#40240=CARTESIAN_POINT('',(4.463169,-0.224999644693982,0.));
#40250=DIRECTION('',(1.,0.,0.));
#40260=VECTOR('',#40250,1.);
#40270=LINE('',#40240,#40260);
#40280=EDGE_CURVE('',#39410,#37700,#40270,.T.);
#40290=ORIENTED_EDGE('',*,*,#40280,.T.);
#40300=ORIENTED_EDGE('',*,*,#39420,.T.);
#40310=EDGE_LOOP('',(#40300,#40290,#40230,#40220));
#40320=FACE_OUTER_BOUND('',#40310,.T.);
#40330=ADVANCED_FACE('',(#40320),#40160,.T.);
#40340=CARTESIAN_POINT('',(-7.90000315,-0.228752794693981,-0.4));
#40350=DIRECTION('',(0.,0.,1.));
#40360=DIRECTION('',(1.,0.,0.));
#40370=AXIS2_PLACEMENT_3D('',#40340,#40350,#40360);
#40380=PLANE('',#40370);
#40390=CARTESIAN_POINT('',(4.463169,-0.0749996446939809,-0.4));
#40400=DIRECTION('',(1.,0.,0.));
#40410=VECTOR('',#40400,1.);
#40420=LINE('',#40390,#40410);
#40430=EDGE_CURVE('',#40000,#37860,#40420,.T.);
#40440=ORIENTED_EDGE('',*,*,#40430,.F.);
#40450=ORIENTED_EDGE('',*,*,#37870,.F.);
#40460=ORIENTED_EDGE('',*,*,#40210,.T.);
#40470=ORIENTED_EDGE('',*,*,#40070,.T.);
#40480=EDGE_LOOP('',(#40470,#40460,#40450,#40440));
#40490=FACE_OUTER_BOUND('',#40480,.T.);
#40500=ADVANCED_FACE('',(#40490),#40380,.T.);
#40510=CARTESIAN_POINT('',(-7.90000315,0.00562850530601722,0.));
#40520=DIRECTION('',(0.,0.,-1.));
#40530=DIRECTION('',(-1.,-0.,0.));
#40540=AXIS2_PLACEMENT_3D('',#40510,#40520,#40530);
#40550=PLANE('',#40540);
#40560=ORIENTED_EDGE('',*,*,#40280,.F.);
#40570=ORIENTED_EDGE('',*,*,#37710,.F.);
#40580=ORIENTED_EDGE('',*,*,#37480,.T.);
#40590=ORIENTED_EDGE('',*,*,#39480,.T.);
#40600=EDGE_LOOP('',(#40590,#40580,#40570,#40560));
#40610=FACE_OUTER_BOUND('',#40600,.T.);
#40620=ADVANCED_FACE('',(#40610),#40550,.T.);
#40630=CARTESIAN_POINT('',(-7.90000315,-0.874999644693982,-1.11750315));
#40640=DIRECTION('',(0.,-1.,0.));
#40650=DIRECTION('',(1.,0.,0.));
#40660=AXIS2_PLACEMENT_3D('',#40630,#40640,#40650);
#40670=PLANE('',#40660);
#40680=ORIENTED_EDGE('',*,*,#39010,.T.);
#40690=ORIENTED_EDGE('',*,*,#38270,.F.);
#40700=CARTESIAN_POINT('',(4.463169,-0.874999644693982,-1.1));
#40710=DIRECTION('',(1.,0.,0.));
#40720=VECTOR('',#40710,1.);
#40730=LINE('',#40700,#40720);
#40740=EDGE_CURVE('',#39680,#38180,#40730,.T.);
#40750=ORIENTED_EDGE('',*,*,#40740,.T.);
#40760=ORIENTED_EDGE('',*,*,#39690,.T.);
#40770=EDGE_LOOP('',(#40760,#40750,#40690,#40680));
#40780=FACE_OUTER_BOUND('',#40770,.T.);
#40790=ADVANCED_FACE('',(#40780),#40670,.T.);
#40800=CARTESIAN_POINT('',(-7.47999685,-0.8800013919996,
-1.09249737904157));
#40810=DIRECTION('',(-0.,-0.832050294337844,-0.55470019622523));
#40820=DIRECTION('',(0.,-0.55470019622523,0.832050294337844));
#40830=AXIS2_PLACEMENT_3D('',#40800,#40810,#40820);
#40840=PLANE('',#40830);
#40850=CARTESIAN_POINT('',(4.463169,-0.674999644693982,-1.4));
#40860=DIRECTION('',(1.,0.,0.));
#40870=VECTOR('',#40860,1.);
#40880=LINE('',#40850,#40870);
#40890=EDGE_CURVE('',#39760,#38100,#40880,.T.);
#40900=ORIENTED_EDGE('',*,*,#40890,.T.);
#40910=ORIENTED_EDGE('',*,*,#39770,.T.);
#40920=ORIENTED_EDGE('',*,*,#40740,.F.);
#40930=ORIENTED_EDGE('',*,*,#38190,.F.);
#40940=EDGE_LOOP('',(#40930,#40920,#40910,#40900));
#40950=FACE_OUTER_BOUND('',#40940,.T.);
#40960=ADVANCED_FACE('',(#40950),#40840,.T.);
#40970=CARTESIAN_POINT('',(-7.90000315,-0.685002794693979,-1.4));
#40980=DIRECTION('',(0.,0.,-1.));
#40990=DIRECTION('',(-1.,-0.,0.));
#41000=AXIS2_PLACEMENT_3D('',#40970,#40980,#40990);
#41010=PLANE('',#41000);
#41020=ORIENTED_EDGE('',*,*,#38110,.T.);
#41030=CARTESIAN_POINT('',(4.463169,-0.274999644693983,-1.4));
#41040=DIRECTION('',(-1.,0.,0.));
#41050=VECTOR('',#41040,1.);
#41060=LINE('',#41030,#41050);
#41070=EDGE_CURVE('',#38020,#39840,#41060,.T.);
#41080=ORIENTED_EDGE('',*,*,#41070,.F.);
#41090=ORIENTED_EDGE('',*,*,#39850,.F.);
#41100=ORIENTED_EDGE('',*,*,#40890,.F.);
#41110=EDGE_LOOP('',(#41100,#41090,#41080,#41020));
#41120=FACE_OUTER_BOUND('',#41110,.T.);
#41130=ADVANCED_FACE('',(#41120),#41010,.T.);
#41140=CARTESIAN_POINT('',(-7.47999685,-0.2800013919996,
-1.40750262095843));
#41150=DIRECTION('',(-0.,0.832050294337844,-0.55470019622523));
#41160=DIRECTION('',(0.,-0.55470019622523,-0.832050294337844));
#41170=AXIS2_PLACEMENT_3D('',#41140,#41150,#41160);
#41180=PLANE('',#41170);
#41190=CARTESIAN_POINT('',(4.463169,-0.0749996446939809,-1.1));
#41200=DIRECTION('',(-1.,0.,0.));
#41210=VECTOR('',#41200,1.);
#41220=LINE('',#41190,#41210);
#41230=EDGE_CURVE('',#37940,#39920,#41220,.T.);
#41240=ORIENTED_EDGE('',*,*,#41230,.F.);
#41250=ORIENTED_EDGE('',*,*,#39930,.T.);
#41260=ORIENTED_EDGE('',*,*,#41070,.T.);
#41270=ORIENTED_EDGE('',*,*,#38030,.F.);
#41280=EDGE_LOOP('',(#41270,#41260,#41250,#41240));
#41290=FACE_OUTER_BOUND('',#41280,.T.);
#41300=ADVANCED_FACE('',(#41290),#41180,.T.);
#41310=CARTESIAN_POINT('',(-7.90000315,-0.0749996446939809,-0.38249685))
;
#41320=DIRECTION('',(0.,1.,-0.));
#41330=DIRECTION('',(-1.,0.,0.));
#41340=AXIS2_PLACEMENT_3D('',#41310,#41320,#41330);
#41350=PLANE('',#41340);
#41360=ORIENTED_EDGE('',*,*,#41230,.T.);
#41370=ORIENTED_EDGE('',*,*,#37950,.F.);
#41380=ORIENTED_EDGE('',*,*,#40430,.T.);
#41390=ORIENTED_EDGE('',*,*,#40010,.T.);
#41400=EDGE_LOOP('',(#41390,#41380,#41370,#41360));
#41410=FACE_OUTER_BOUND('',#41400,.T.);
#41420=ADVANCED_FACE('',(#41410),#41350,.T.);
#41430=CARTESIAN_POINT('',(-7.90000315,0.150000355306018,0.71375315));
#41440=DIRECTION('',(0.,1.,-0.));
#41450=DIRECTION('',(-1.,0.,0.));
#41460=AXIS2_PLACEMENT_3D('',#41430,#41440,#41450);
#41470=PLANE('',#41460);
#41480=ORIENTED_EDGE('',*,*,#37330,.F.);
#41490=ORIENTED_EDGE('',*,*,#37620,.F.);
#41500=ORIENTED_EDGE('',*,*,#5420,.T.);
#41510=ORIENTED_EDGE('',*,*,#39550,.T.);
#41520=EDGE_LOOP('',(#41510,#41500,#41490,#41480));
#41530=FACE_OUTER_BOUND('',#41520,.T.);
#41540=ADVANCED_FACE('',(#41530),#41470,.T.);
#41550=CARTESIAN_POINT('',(-7.90000315,-3.37499964469398,0.71250315));
#41560=DIRECTION('',(0.,-1.,0.));
#41570=DIRECTION('',(1.,0.,0.));
#41580=AXIS2_PLACEMENT_3D('',#41550,#41560,#41570);
#41590=PLANE('',#41580);
#41600=CARTESIAN_POINT('',(-7.89,-3.37499964469398,3.346891));
#41610=DIRECTION('',(0.,0.,1.));
#41620=VECTOR('',#41610,1.);
#41630=LINE('',#41600,#41620);
#41640=CARTESIAN_POINT('',(-7.89,-3.37499964469398,0.2));
#41650=VERTEX_POINT('',#41640);
#41660=EDGE_CURVE('',#41650,#5670,#41630,.T.);
#41670=ORIENTED_EDGE('',*,*,#41660,.F.);
#41680=ORIENTED_EDGE('',*,*,#5680,.F.);
#41690=CARTESIAN_POINT('',(-7.49,-3.37499964469398,3.346891));
#41700=DIRECTION('',(0.,0.,1.));
#41710=VECTOR('',#41700,1.);
#41720=LINE('',#41690,#41710);
#41730=CARTESIAN_POINT('',(-7.49,-3.37499964469398,0.2));
#41740=VERTEX_POINT('',#41730);
#41750=EDGE_CURVE('',#41740,#5590,#41720,.T.);
#41760=ORIENTED_EDGE('',*,*,#41750,.T.);
#41770=CARTESIAN_POINT('',(-7.49,-3.37499964469398,0.2));
#41780=DIRECTION('',(-1.,0.,0.));
#41790=VECTOR('',#41780,1.);
#41800=LINE('',#41770,#41790);
#41810=EDGE_CURVE('',#41740,#41650,#41800,.T.);
#41820=ORIENTED_EDGE('',*,*,#41810,.F.);
#41830=EDGE_LOOP('',(#41820,#41760,#41680,#41670));
#41840=FACE_OUTER_BOUND('',#41830,.T.);
#41850=ADVANCED_FACE('',(#41840),#41590,.T.);
#41860=CARTESIAN_POINT('',(-7.49,-3.40937779469398,-1.45250315));
#41870=DIRECTION('',(1.,-0.,0.));
#41880=DIRECTION('',(0.,0.,-1.));
#41890=AXIS2_PLACEMENT_3D('',#41860,#41870,#41880);
#41900=PLANE('',#41890);
#41910=CARTESIAN_POINT('',(-7.49,-2.14999964469398,0.150000000000003));
#41920=DIRECTION('',(1.,0.,0.));
#41930=DIRECTION('',(0.,0.,-1.));
#41940=AXIS2_PLACEMENT_3D('',#41910,#41920,#41930);
#41950=CIRCLE('',#41940,0.150000000000003);
#41960=CARTESIAN_POINT('',(-7.49,-2.14999964469398,0.));
#41970=VERTEX_POINT('',#41960);
#41980=CARTESIAN_POINT('',(-7.49,-1.99999964469398,0.149999999999999));
#41990=VERTEX_POINT('',#41980);
#42000=EDGE_CURVE('',#41970,#41990,#41950,.T.);
#42010=ORIENTED_EDGE('',*,*,#42000,.T.);
#42020=CARTESIAN_POINT('',(-7.49,-6.82499964469399,0.));
#42030=DIRECTION('',(0.,1.,-0.));
#42040=VECTOR('',#42030,1.);
#42050=LINE('',#42020,#42040);
#42060=CARTESIAN_POINT('',(-7.49,-2.37499964469398,0.));
#42070=VERTEX_POINT('',#42060);
#42080=EDGE_CURVE('',#42070,#41970,#42050,.T.);
#42090=ORIENTED_EDGE('',*,*,#42080,.T.);
#42100=CARTESIAN_POINT('',(-7.49,-2.37499964469398,3.346891));
#42110=DIRECTION('',(0.,0.,1.));
#42120=VECTOR('',#42110,1.);
#42130=LINE('',#42100,#42120);
#42140=CARTESIAN_POINT('',(-7.49,-2.37499964469398,-0.4));
#42150=VERTEX_POINT('',#42140);
#42160=EDGE_CURVE('',#42150,#42070,#42130,.T.);
#42170=ORIENTED_EDGE('',*,*,#42160,.T.);
#42180=CARTESIAN_POINT('',(-7.49,-6.82499964469399,-0.4));
#42190=DIRECTION('',(0.,-1.,0.));
#42200=VECTOR('',#42190,1.);
#42210=LINE('',#42180,#42200);
#42220=CARTESIAN_POINT('',(-7.49,-2.22499964469398,-0.4));
#42230=VERTEX_POINT('',#42220);
#42240=EDGE_CURVE('',#42230,#42150,#42210,.T.);
#42250=ORIENTED_EDGE('',*,*,#42240,.T.);
#42260=CARTESIAN_POINT('',(-7.49,-2.22499964469398,3.346891));
#42270=DIRECTION('',(0.,0.,1.));
#42280=VECTOR('',#42270,1.);
#42290=LINE('',#42260,#42280);
#42300=CARTESIAN_POINT('',(-7.49,-2.22499964469398,-1.1));
#42310=VERTEX_POINT('',#42300);
#42320=EDGE_CURVE('',#42310,#42230,#42290,.T.);
#42330=ORIENTED_EDGE('',*,*,#42320,.T.);
#42340=CARTESIAN_POINT('',(-7.49,0.73959435530604,3.346891));
#42350=DIRECTION('',(0.,0.554700196225232,0.832050294337842));
#42360=VECTOR('',#42350,1.);
#42370=LINE('',#42340,#42360);
#42380=CARTESIAN_POINT('',(-7.49,-2.42499964469398,-1.4));
#42390=VERTEX_POINT('',#42380);
#42400=EDGE_CURVE('',#42390,#42310,#42370,.T.);
#42410=ORIENTED_EDGE('',*,*,#42400,.T.);
#42420=CARTESIAN_POINT('',(-7.49,-6.82499964469399,-1.4));
#42430=DIRECTION('',(0.,-1.,0.));
#42440=VECTOR('',#42430,1.);
#42450=LINE('',#42420,#42440);
#42460=CARTESIAN_POINT('',(-7.49,-2.82499964469398,-1.4));
#42470=VERTEX_POINT('',#42460);
#42480=EDGE_CURVE('',#42390,#42470,#42450,.T.);
#42490=ORIENTED_EDGE('',*,*,#42480,.F.);
#42500=CARTESIAN_POINT('',(-7.49,-5.989593644694,3.346891));
#42510=DIRECTION('',(0.,0.554700196225231,-0.832050294337842));
#42520=VECTOR('',#42510,1.);
#42530=LINE('',#42500,#42520);
#42540=CARTESIAN_POINT('',(-7.49,-3.02499964469398,-1.1));
#42550=VERTEX_POINT('',#42540);
#42560=EDGE_CURVE('',#42550,#42470,#42530,.T.);
#42570=ORIENTED_EDGE('',*,*,#42560,.T.);
#42580=CARTESIAN_POINT('',(-7.49,-3.02499964469398,3.346891));
#42590=DIRECTION('',(0.,0.,-1.));
#42600=VECTOR('',#42590,1.);
#42610=LINE('',#42580,#42600);
#42620=CARTESIAN_POINT('',(-7.49,-3.02499964469398,-0.4));
#42630=VERTEX_POINT('',#42620);
#42640=EDGE_CURVE('',#42630,#42550,#42610,.T.);
#42650=ORIENTED_EDGE('',*,*,#42640,.T.);
#42660=CARTESIAN_POINT('',(-7.49,-6.82499964469399,-0.4));
#42670=DIRECTION('',(0.,-1.,0.));
#42680=VECTOR('',#42670,1.);
#42690=LINE('',#42660,#42680);
#42700=CARTESIAN_POINT('',(-7.49,-2.87499964469398,-0.4));
#42710=VERTEX_POINT('',#42700);
#42720=EDGE_CURVE('',#42710,#42630,#42690,.T.);
#42730=ORIENTED_EDGE('',*,*,#42720,.T.);
#42740=CARTESIAN_POINT('',(-7.49,-2.87499964469398,3.346891));
#42750=DIRECTION('',(0.,0.,-1.));
#42760=VECTOR('',#42750,1.);
#42770=LINE('',#42740,#42760);
#42780=CARTESIAN_POINT('',(-7.49,-2.87499964469398,0.));
#42790=VERTEX_POINT('',#42780);
#42800=EDGE_CURVE('',#42790,#42710,#42770,.T.);
#42810=ORIENTED_EDGE('',*,*,#42800,.T.);
#42820=CARTESIAN_POINT('',(-7.49,-6.82499964469399,0.));
#42830=DIRECTION('',(0.,1.,-0.));
#42840=VECTOR('',#42830,1.);
#42850=LINE('',#42820,#42840);
#42860=CARTESIAN_POINT('',(-7.49,-3.17499964469398,0.));
#42870=VERTEX_POINT('',#42860);
#42880=EDGE_CURVE('',#42870,#42790,#42850,.T.);
#42890=ORIENTED_EDGE('',*,*,#42880,.T.);
#42900=CARTESIAN_POINT('',(-7.49,-3.17499964469398,0.200000000000001));
#42910=DIRECTION('',(-1.,0.,0.));
#42920=DIRECTION('',(0.,0.,1.));
#42930=AXIS2_PLACEMENT_3D('',#42900,#42910,#42920);
#42940=CIRCLE('',#42930,0.200000000000001);
#42950=EDGE_CURVE('',#42870,#41740,#42940,.T.);
#42960=ORIENTED_EDGE('',*,*,#42950,.F.);
#42970=ORIENTED_EDGE('',*,*,#41750,.F.);
#42980=ORIENTED_EDGE('',*,*,#5600,.T.);
#42990=CARTESIAN_POINT('',(-7.49,-1.99999964469398,3.346891));
#43000=DIRECTION('',(0.,0.,1.));
#43010=VECTOR('',#43000,1.);
#43020=LINE('',#42990,#43010);
#43030=EDGE_CURVE('',#41990,#5570,#43020,.T.);
#43040=ORIENTED_EDGE('',*,*,#43030,.T.);
#43050=EDGE_LOOP('',(#43040,#42980,#42970,#42960,#42890,#42810,#42730,
#42650,#42570,#42490,#42410,#42330,#42250,#42170,#42090,#42010));
#43060=FACE_OUTER_BOUND('',#43050,.T.);
#43070=ADVANCED_FACE('',(#43060),#41900,.T.);
#43080=CARTESIAN_POINT('',(-7.47999685,-3.0300013919996,
-1.09249737904157));
#43090=DIRECTION('',(-0.,-0.832050294337842,-0.554700196225231));
#43100=DIRECTION('',(0.,-0.554700196225231,0.832050294337842));
#43110=AXIS2_PLACEMENT_3D('',#43080,#43090,#43100);
#43120=PLANE('',#43110);
#43130=CARTESIAN_POINT('',(4.463169,-2.82499964469398,-1.4));
#43140=DIRECTION('',(1.,0.,0.));
#43150=VECTOR('',#43140,1.);
#43160=LINE('',#43130,#43150);
#43170=CARTESIAN_POINT('',(-7.89,-2.82499964469398,-1.4));
#43180=VERTEX_POINT('',#43170);
#43190=EDGE_CURVE('',#43180,#42470,#43160,.T.);
#43200=ORIENTED_EDGE('',*,*,#43190,.T.);
#43210=CARTESIAN_POINT('',(-7.89,-5.989593644694,3.346891));
#43220=DIRECTION('',(0.,0.554700196225231,-0.832050294337842));
#43230=VECTOR('',#43220,1.);
#43240=LINE('',#43210,#43230);
#43250=CARTESIAN_POINT('',(-7.89,-3.02499964469398,-1.1));
#43260=VERTEX_POINT('',#43250);
#43270=EDGE_CURVE('',#43260,#43180,#43240,.T.);
#43280=ORIENTED_EDGE('',*,*,#43270,.T.);
#43290=CARTESIAN_POINT('',(4.463169,-3.02499964469398,-1.1));
#43300=DIRECTION('',(1.,0.,-0.));
#43310=VECTOR('',#43300,1.);
#43320=LINE('',#43290,#43310);
#43330=EDGE_CURVE('',#43260,#42550,#43320,.T.);
#43340=ORIENTED_EDGE('',*,*,#43330,.F.);
#43350=ORIENTED_EDGE('',*,*,#42560,.F.);
#43360=EDGE_LOOP('',(#43350,#43340,#43280,#43200));
#43370=FACE_OUTER_BOUND('',#43360,.T.);
#43380=ADVANCED_FACE('',(#43370),#43120,.T.);
#43390=CARTESIAN_POINT('',(-7.90000315,-3.02499964469398,-1.11750315));
#43400=DIRECTION('',(0.,-1.,0.));
#43410=DIRECTION('',(1.,0.,0.));
#43420=AXIS2_PLACEMENT_3D('',#43390,#43400,#43410);
#43430=PLANE('',#43420);
#43440=CARTESIAN_POINT('',(4.463169,-3.02499964469398,-0.4));
#43450=DIRECTION('',(-1.,0.,0.));
#43460=VECTOR('',#43450,1.);
#43470=LINE('',#43440,#43460);
#43480=CARTESIAN_POINT('',(-7.89,-3.02499964469398,-0.4));
#43490=VERTEX_POINT('',#43480);
#43500=EDGE_CURVE('',#42630,#43490,#43470,.T.);
#43510=ORIENTED_EDGE('',*,*,#43500,.T.);
#43520=ORIENTED_EDGE('',*,*,#42640,.F.);
#43530=ORIENTED_EDGE('',*,*,#43330,.T.);
#43540=CARTESIAN_POINT('',(-7.89,-3.02499964469398,3.346891));
#43550=DIRECTION('',(0.,-0.,-1.));
#43560=VECTOR('',#43550,1.);
#43570=LINE('',#43540,#43560);
#43580=EDGE_CURVE('',#43490,#43260,#43570,.T.);
#43590=ORIENTED_EDGE('',*,*,#43580,.T.);
#43600=EDGE_LOOP('',(#43590,#43530,#43520,#43510));
#43610=FACE_OUTER_BOUND('',#43600,.T.);
#43620=ADVANCED_FACE('',(#43610),#43430,.T.);
#43630=CARTESIAN_POINT('',(-7.89,-3.40937779469398,-1.45250315));
#43640=DIRECTION('',(-1.,0.,0.));
#43650=DIRECTION('',(0.,0.,1.));
#43660=AXIS2_PLACEMENT_3D('',#43630,#43640,#43650);
#43670=PLANE('',#43660);
#43680=ORIENTED_EDGE('',*,*,#5760,.F.);
#43690=ORIENTED_EDGE('',*,*,#41660,.T.);
#43700=CARTESIAN_POINT('',(-7.89,-3.17499964469398,0.200000000000001));
#43710=DIRECTION('',(-1.,0.,0.));
#43720=DIRECTION('',(0.,0.,1.));
#43730=AXIS2_PLACEMENT_3D('',#43700,#43710,#43720);
#43740=CIRCLE('',#43730,0.200000000000001);
#43750=CARTESIAN_POINT('',(-7.89,-3.17499964469398,0.));
#43760=VERTEX_POINT('',#43750);
#43770=EDGE_CURVE('',#43760,#41650,#43740,.T.);
#43780=ORIENTED_EDGE('',*,*,#43770,.T.);
#43790=CARTESIAN_POINT('',(-7.89,-6.82499964469399,0.));
#43800=DIRECTION('',(-0.,1.,0.));
#43810=VECTOR('',#43800,1.);
#43820=LINE('',#43790,#43810);
#43830=CARTESIAN_POINT('',(-7.89,-2.87499964469398,0.));
#43840=VERTEX_POINT('',#43830);
#43850=EDGE_CURVE('',#43760,#43840,#43820,.T.);
#43860=ORIENTED_EDGE('',*,*,#43850,.F.);
#43870=CARTESIAN_POINT('',(-7.89,-2.87499964469398,3.346891));
#43880=DIRECTION('',(0.,-0.,-1.));
#43890=VECTOR('',#43880,1.);
#43900=LINE('',#43870,#43890);
#43910=CARTESIAN_POINT('',(-7.89,-2.87499964469398,-0.4));
#43920=VERTEX_POINT('',#43910);
#43930=EDGE_CURVE('',#43840,#43920,#43900,.T.);
#43940=ORIENTED_EDGE('',*,*,#43930,.F.);
#43950=CARTESIAN_POINT('',(-7.89,-6.82499964469399,-0.4));
#43960=DIRECTION('',(0.,-1.,0.));
#43970=VECTOR('',#43960,1.);
#43980=LINE('',#43950,#43970);
#43990=EDGE_CURVE('',#43920,#43490,#43980,.T.);
#44000=ORIENTED_EDGE('',*,*,#43990,.F.);
#44010=ORIENTED_EDGE('',*,*,#43580,.F.);
#44020=ORIENTED_EDGE('',*,*,#43270,.F.);
#44030=CARTESIAN_POINT('',(-7.89,-6.82499964469399,-1.4));
#44040=DIRECTION('',(0.,-1.,0.));
#44050=VECTOR('',#44040,1.);
#44060=LINE('',#44030,#44050);
#44070=CARTESIAN_POINT('',(-7.89,-2.42499964469398,-1.4));
#44080=VERTEX_POINT('',#44070);
#44090=EDGE_CURVE('',#44080,#43180,#44060,.T.);
#44100=ORIENTED_EDGE('',*,*,#44090,.T.);
#44110=CARTESIAN_POINT('',(-7.89,0.73959435530604,3.346891));
#44120=DIRECTION('',(0.,0.554700196225232,0.832050294337842));
#44130=VECTOR('',#44120,1.);
#44140=LINE('',#44110,#44130);
#44150=CARTESIAN_POINT('',(-7.89,-2.22499964469398,-1.1));
#44160=VERTEX_POINT('',#44150);
#44170=EDGE_CURVE('',#44080,#44160,#44140,.T.);
#44180=ORIENTED_EDGE('',*,*,#44170,.F.);
#44190=CARTESIAN_POINT('',(-7.89,-2.22499964469398,3.346891));
#44200=DIRECTION('',(0.,0.,1.));
#44210=VECTOR('',#44200,1.);
#44220=LINE('',#44190,#44210);
#44230=CARTESIAN_POINT('',(-7.89,-2.22499964469398,-0.4));
#44240=VERTEX_POINT('',#44230);
#44250=EDGE_CURVE('',#44160,#44240,#44220,.T.);
#44260=ORIENTED_EDGE('',*,*,#44250,.F.);
#44270=CARTESIAN_POINT('',(-7.89,-6.82499964469399,-0.4));
#44280=DIRECTION('',(0.,-1.,0.));
#44290=VECTOR('',#44280,1.);
#44300=LINE('',#44270,#44290);
#44310=CARTESIAN_POINT('',(-7.89,-2.37499964469398,-0.4));
#44320=VERTEX_POINT('',#44310);
#44330=EDGE_CURVE('',#44240,#44320,#44300,.T.);
#44340=ORIENTED_EDGE('',*,*,#44330,.F.);
#44350=CARTESIAN_POINT('',(-7.89,-2.37499964469398,3.346891));
#44360=DIRECTION('',(0.,0.,1.));
#44370=VECTOR('',#44360,1.);
#44380=LINE('',#44350,#44370);
#44390=CARTESIAN_POINT('',(-7.89,-2.37499964469398,0.));
#44400=VERTEX_POINT('',#44390);
#44410=EDGE_CURVE('',#44320,#44400,#44380,.T.);
#44420=ORIENTED_EDGE('',*,*,#44410,.F.);
#44430=CARTESIAN_POINT('',(-7.89,-6.82499964469399,0.));
#44440=DIRECTION('',(-0.,1.,0.));
#44450=VECTOR('',#44440,1.);
#44460=LINE('',#44430,#44450);
#44470=CARTESIAN_POINT('',(-7.89,-2.14999964469398,0.));
#44480=VERTEX_POINT('',#44470);
#44490=EDGE_CURVE('',#44400,#44480,#44460,.T.);
#44500=ORIENTED_EDGE('',*,*,#44490,.F.);
#44510=CARTESIAN_POINT('',(-7.89,-2.14999964469398,0.150000000000003));
#44520=DIRECTION('',(1.,0.,0.));
#44530=DIRECTION('',(0.,0.,-1.));
#44540=AXIS2_PLACEMENT_3D('',#44510,#44520,#44530);
#44550=CIRCLE('',#44540,0.150000000000003);
#44560=CARTESIAN_POINT('',(-7.89,-1.99999964469398,0.149999999999999));
#44570=VERTEX_POINT('',#44560);
#44580=EDGE_CURVE('',#44480,#44570,#44550,.T.);
#44590=ORIENTED_EDGE('',*,*,#44580,.F.);
#44600=CARTESIAN_POINT('',(-7.89,-1.99999964469398,3.346891));
#44610=DIRECTION('',(0.,0.,1.));
#44620=VECTOR('',#44610,1.);
#44630=LINE('',#44600,#44620);
#44640=EDGE_CURVE('',#44570,#5750,#44630,.T.);
#44650=ORIENTED_EDGE('',*,*,#44640,.F.);
#44660=EDGE_LOOP('',(#44650,#44590,#44500,#44420,#44340,#44260,#44180,
#44100,#44020,#44010,#44000,#43940,#43860,#43780,#43690,#43680));
#44670=FACE_OUTER_BOUND('',#44660,.T.);
#44680=ADVANCED_FACE('',(#44670),#43670,.T.);
#44690=CARTESIAN_POINT('',(-7.900021,-2.14999964469398,0.150000000000003
));
#44700=DIRECTION('',(1.,0.,0.));
#44710=DIRECTION('',(0.,0.,-1.));
#44720=AXIS2_PLACEMENT_3D('',#44690,#44700,#44710);
#44730=CYLINDRICAL_SURFACE('',#44720,0.150000000000003);
#44740=ORIENTED_EDGE('',*,*,#42000,.F.);
#44750=CARTESIAN_POINT('',(-7.89,-1.99999964469398,0.149999999999999));
#44760=DIRECTION('',(1.,0.,0.));
#44770=VECTOR('',#44760,1.);
#44780=LINE('',#44750,#44770);
#44790=EDGE_CURVE('',#44570,#41990,#44780,.T.);
#44800=ORIENTED_EDGE('',*,*,#44790,.T.);
#44810=ORIENTED_EDGE('',*,*,#44580,.T.);
#44820=CARTESIAN_POINT('',(-7.89,-2.14999964469398,0.));
#44830=DIRECTION('',(1.,0.,0.));
#44840=VECTOR('',#44830,1.);
#44850=LINE('',#44820,#44840);
#44860=EDGE_CURVE('',#44480,#41970,#44850,.T.);
#44870=ORIENTED_EDGE('',*,*,#44860,.F.);
#44880=EDGE_LOOP('',(#44870,#44810,#44800,#44740));
#44890=FACE_OUTER_BOUND('',#44880,.T.);
#44900=ADVANCED_FACE('',(#44890),#44730,.T.);
#44910=CARTESIAN_POINT('',(-7.90000315,-2.14437149469398,0.));
#44920=DIRECTION('',(0.,0.,-1.));
#44930=DIRECTION('',(-1.,-0.,0.));
#44940=AXIS2_PLACEMENT_3D('',#44910,#44920,#44930);
#44950=PLANE('',#44940);
#44960=CARTESIAN_POINT('',(4.463169,-2.37499964469398,0.));
#44970=DIRECTION('',(1.,0.,0.));
#44980=VECTOR('',#44970,1.);
#44990=LINE('',#44960,#44980);
#45000=EDGE_CURVE('',#44400,#42070,#44990,.T.);
#45010=ORIENTED_EDGE('',*,*,#45000,.F.);
#45020=ORIENTED_EDGE('',*,*,#42080,.F.);
#45030=ORIENTED_EDGE('',*,*,#44860,.T.);
#45040=ORIENTED_EDGE('',*,*,#44490,.T.);
#45050=EDGE_LOOP('',(#45040,#45030,#45020,#45010));
#45060=FACE_OUTER_BOUND('',#45050,.T.);
#45070=ADVANCED_FACE('',(#45060),#44950,.T.);
#45080=CARTESIAN_POINT('',(-7.90000315,-2.37499964469398,
0.0100031499999997));
#45090=DIRECTION('',(0.,1.,-0.));
#45100=DIRECTION('',(-1.,0.,0.));
#45110=AXIS2_PLACEMENT_3D('',#45080,#45090,#45100);
#45120=PLANE('',#45110);
#45130=CARTESIAN_POINT('',(4.463169,-2.37499964469398,-0.4));
#45140=DIRECTION('',(1.,0.,0.));
#45150=VECTOR('',#45140,1.);
#45160=LINE('',#45130,#45150);
#45170=EDGE_CURVE('',#44320,#42150,#45160,.T.);
#45180=ORIENTED_EDGE('',*,*,#45170,.F.);
#45190=ORIENTED_EDGE('',*,*,#42160,.F.);
#45200=ORIENTED_EDGE('',*,*,#45000,.T.);
#45210=ORIENTED_EDGE('',*,*,#44410,.T.);
#45220=EDGE_LOOP('',(#45210,#45200,#45190,#45180));
#45230=FACE_OUTER_BOUND('',#45220,.T.);
#45240=ADVANCED_FACE('',(#45230),#45120,.T.);
#45250=CARTESIAN_POINT('',(-7.90000315,-2.37875279469398,-0.4));
#45260=DIRECTION('',(0.,0.,1.));
#45270=DIRECTION('',(1.,0.,0.));
#45280=AXIS2_PLACEMENT_3D('',#45250,#45260,#45270);
#45290=PLANE('',#45280);
#45300=CARTESIAN_POINT('',(4.463169,-2.22499964469398,-0.4));
#45310=DIRECTION('',(1.,0.,0.));
#45320=VECTOR('',#45310,1.);
#45330=LINE('',#45300,#45320);
#45340=EDGE_CURVE('',#44240,#42230,#45330,.T.);
#45350=ORIENTED_EDGE('',*,*,#45340,.F.);
#45360=ORIENTED_EDGE('',*,*,#42240,.F.);
#45370=ORIENTED_EDGE('',*,*,#45170,.T.);
#45380=ORIENTED_EDGE('',*,*,#44330,.T.);
#45390=EDGE_LOOP('',(#45380,#45370,#45360,#45350));
#45400=FACE_OUTER_BOUND('',#45390,.T.);
#45410=ADVANCED_FACE('',(#45400),#45290,.T.);
#45420=CARTESIAN_POINT('',(-7.90000315,-2.83500279469398,-1.4));
#45430=DIRECTION('',(0.,0.,-1.));
#45440=DIRECTION('',(-1.,-0.,0.));
#45450=AXIS2_PLACEMENT_3D('',#45420,#45430,#45440);
#45460=PLANE('',#45450);
#45470=ORIENTED_EDGE('',*,*,#42480,.T.);
#45480=CARTESIAN_POINT('',(4.463169,-2.42499964469398,-1.4));
#45490=DIRECTION('',(-1.,0.,0.));
#45500=VECTOR('',#45490,1.);
#45510=LINE('',#45480,#45500);
#45520=EDGE_CURVE('',#42390,#44080,#45510,.T.);
#45530=ORIENTED_EDGE('',*,*,#45520,.F.);
#45540=ORIENTED_EDGE('',*,*,#44090,.F.);
#45550=ORIENTED_EDGE('',*,*,#43190,.F.);
#45560=EDGE_LOOP('',(#45550,#45540,#45530,#45470));
#45570=FACE_OUTER_BOUND('',#45560,.T.);
#45580=ADVANCED_FACE('',(#45570),#45460,.T.);
#45590=CARTESIAN_POINT('',(-7.47999685,-2.4300013919996,
-1.40750262095843));
#45600=DIRECTION('',(-0.,0.832050294337842,-0.554700196225232));
#45610=DIRECTION('',(0.,-0.554700196225232,-0.832050294337842));
#45620=AXIS2_PLACEMENT_3D('',#45590,#45600,#45610);
#45630=PLANE('',#45620);
#45640=CARTESIAN_POINT('',(4.463169,-2.22499964469398,-1.1));
#45650=DIRECTION('',(-1.,0.,0.));
#45660=VECTOR('',#45650,1.);
#45670=LINE('',#45640,#45660);
#45680=EDGE_CURVE('',#42310,#44160,#45670,.T.);
#45690=ORIENTED_EDGE('',*,*,#45680,.F.);
#45700=ORIENTED_EDGE('',*,*,#44170,.T.);
#45710=ORIENTED_EDGE('',*,*,#45520,.T.);
#45720=ORIENTED_EDGE('',*,*,#42400,.F.);
#45730=EDGE_LOOP('',(#45720,#45710,#45700,#45690));
#45740=FACE_OUTER_BOUND('',#45730,.T.);
#45750=ADVANCED_FACE('',(#45740),#45630,.T.);
#45760=CARTESIAN_POINT('',(-7.90000315,-2.22499964469398,-0.38249685));
#45770=DIRECTION('',(0.,1.,-0.));
#45780=DIRECTION('',(-1.,0.,0.));
#45790=AXIS2_PLACEMENT_3D('',#45760,#45770,#45780);
#45800=PLANE('',#45790);
#45810=ORIENTED_EDGE('',*,*,#45680,.T.);
#45820=ORIENTED_EDGE('',*,*,#42320,.F.);
#45830=ORIENTED_EDGE('',*,*,#45340,.T.);
#45840=ORIENTED_EDGE('',*,*,#44250,.T.);
#45850=EDGE_LOOP('',(#45840,#45830,#45820,#45810));
#45860=FACE_OUTER_BOUND('',#45850,.T.);
#45870=ADVANCED_FACE('',(#45860),#45800,.T.);
#45880=CARTESIAN_POINT('',(-7.90000315,-1.99999964469398,0.71375315));
#45890=DIRECTION('',(0.,1.,-0.));
#45900=DIRECTION('',(-1.,0.,0.));
#45910=AXIS2_PLACEMENT_3D('',#45880,#45890,#45900);
#45920=PLANE('',#45910);
#45930=ORIENTED_EDGE('',*,*,#44790,.F.);
#45940=ORIENTED_EDGE('',*,*,#43030,.F.);
#45950=ORIENTED_EDGE('',*,*,#5820,.T.);
#45960=ORIENTED_EDGE('',*,*,#44640,.T.);
#45970=EDGE_LOOP('',(#45960,#45950,#45940,#45930));
#45980=FACE_OUTER_BOUND('',#45970,.T.);
#45990=ADVANCED_FACE('',(#45980),#45920,.T.);
#46000=CARTESIAN_POINT('',(-7.90000315,-2.86749649469398,0.));
#46010=DIRECTION('',(0.,0.,-1.));
#46020=DIRECTION('',(-1.,-0.,0.));
#46030=AXIS2_PLACEMENT_3D('',#46000,#46010,#46020);
#46040=PLANE('',#46030);
#46050=CARTESIAN_POINT('',(-7.49,-3.17499964469398,0.));
#46060=DIRECTION('',(-1.,0.,0.));
#46070=VECTOR('',#46060,1.);
#46080=LINE('',#46050,#46070);
#46090=EDGE_CURVE('',#42870,#43760,#46080,.T.);
#46100=ORIENTED_EDGE('',*,*,#46090,.T.);
#46110=ORIENTED_EDGE('',*,*,#42880,.F.);
#46120=CARTESIAN_POINT('',(4.463169,-2.87499964469398,0.));
#46130=DIRECTION('',(1.,0.,-0.));
#46140=VECTOR('',#46130,1.);
#46150=LINE('',#46120,#46140);
#46160=EDGE_CURVE('',#43840,#42790,#46150,.T.);
#46170=ORIENTED_EDGE('',*,*,#46160,.T.);
#46180=ORIENTED_EDGE('',*,*,#43850,.T.);
#46190=EDGE_LOOP('',(#46180,#46170,#46110,#46100));
#46200=FACE_OUTER_BOUND('',#46190,.T.);
#46210=ADVANCED_FACE('',(#46200),#46040,.T.);
#46220=CARTESIAN_POINT('',(-7.90000315,-2.87499964469398,-0.41000315));
#46230=DIRECTION('',(0.,-1.,0.));
#46240=DIRECTION('',(1.,0.,0.));
#46250=AXIS2_PLACEMENT_3D('',#46220,#46230,#46240);
#46260=PLANE('',#46250);
#46270=ORIENTED_EDGE('',*,*,#46160,.F.);
#46280=ORIENTED_EDGE('',*,*,#42800,.F.);
#46290=CARTESIAN_POINT('',(4.463169,-2.87499964469398,-0.4));
#46300=DIRECTION('',(1.,0.,-0.));
#46310=VECTOR('',#46300,1.);
#46320=LINE('',#46290,#46310);
#46330=EDGE_CURVE('',#43920,#42710,#46320,.T.);
#46340=ORIENTED_EDGE('',*,*,#46330,.T.);
#46350=ORIENTED_EDGE('',*,*,#43930,.T.);
#46360=EDGE_LOOP('',(#46350,#46340,#46280,#46270));
#46370=FACE_OUTER_BOUND('',#46360,.T.);
#46380=ADVANCED_FACE('',(#46370),#46260,.T.);
#46390=CARTESIAN_POINT('',(-7.90000315,-3.02875279469398,-0.4));
#46400=DIRECTION('',(0.,0.,1.));
#46410=DIRECTION('',(1.,0.,0.));
#46420=AXIS2_PLACEMENT_3D('',#46390,#46400,#46410);
#46430=PLANE('',#46420);
#46440=ORIENTED_EDGE('',*,*,#46330,.F.);
#46450=ORIENTED_EDGE('',*,*,#42720,.F.);
#46460=ORIENTED_EDGE('',*,*,#43500,.F.);
#46470=ORIENTED_EDGE('',*,*,#43990,.T.);
#46480=EDGE_LOOP('',(#46470,#46460,#46450,#46440));
#46490=FACE_OUTER_BOUND('',#46480,.T.);
#46500=ADVANCED_FACE('',(#46490),#46430,.T.);
#46510=CARTESIAN_POINT('',(-7.47998425000001,-3.17499964469398,
0.200000000000001));
#46520=DIRECTION('',(-1.,0.,0.));
#46530=DIRECTION('',(0.,0.,1.));
#46540=AXIS2_PLACEMENT_3D('',#46510,#46520,#46530);
#46550=CYLINDRICAL_SURFACE('',#46540,0.200000000000001);
#46560=ORIENTED_EDGE('',*,*,#42950,.T.);
#46570=ORIENTED_EDGE('',*,*,#46090,.F.);
#46580=ORIENTED_EDGE('',*,*,#43770,.F.);
#46590=ORIENTED_EDGE('',*,*,#41810,.T.);
#46600=EDGE_LOOP('',(#46590,#46580,#46570,#46560));
#46610=FACE_OUTER_BOUND('',#46600,.T.);
#46620=ADVANCED_FACE('',(#46610),#46550,.T.);
#46630=CARTESIAN_POINT('',(-7.47997900000001,1.20000035530602,
0.149999999999998));
#46640=DIRECTION('',(-1.,0.,0.));
#46650=DIRECTION('',(0.,0.,1.));
#46660=AXIS2_PLACEMENT_3D('',#46630,#46640,#46650);
#46670=CYLINDRICAL_SURFACE('',#46660,0.15);
#46680=CARTESIAN_POINT('',(-7.89,1.20000035530602,0.149999999999998));
#46690=DIRECTION('',(-1.,0.,0.));
#46700=DIRECTION('',(0.,0.,1.));
#46710=AXIS2_PLACEMENT_3D('',#46680,#46690,#46700);
#46720=CIRCLE('',#46710,0.15);
#46730=CARTESIAN_POINT('',(-7.89,1.20000035530602,0.));
#46740=VERTEX_POINT('',#46730);
#46750=EDGE_CURVE('',#46740,#21430,#46720,.T.);
#46760=ORIENTED_EDGE('',*,*,#46750,.F.);
#46770=ORIENTED_EDGE('',*,*,#21440,.T.);
#46780=CARTESIAN_POINT('',(-7.49,1.20000035530602,0.149999999999998));
#46790=DIRECTION('',(-1.,0.,0.));
#46800=DIRECTION('',(0.,0.,1.));
#46810=AXIS2_PLACEMENT_3D('',#46780,#46790,#46800);
#46820=CIRCLE('',#46810,0.15);
#46830=CARTESIAN_POINT('',(-7.49,1.20000035530602,0.));
#46840=VERTEX_POINT('',#46830);
#46850=EDGE_CURVE('',#46840,#21350,#46820,.T.);
#46860=ORIENTED_EDGE('',*,*,#46850,.T.);
#46870=CARTESIAN_POINT('',(-7.49,1.20000035530602,0.));
#46880=DIRECTION('',(-1.,0.,0.));
#46890=VECTOR('',#46880,1.);
#46900=LINE('',#46870,#46890);
#46910=EDGE_CURVE('',#46840,#46740,#46900,.T.);
#46920=ORIENTED_EDGE('',*,*,#46910,.F.);
#46930=EDGE_LOOP('',(#46920,#46860,#46770,#46760));
#46940=FACE_OUTER_BOUND('',#46930,.T.);
#46950=ADVANCED_FACE('',(#46940),#46670,.T.);
#46960=CARTESIAN_POINT('',(-7.89,1.01562220530602,-1.45250315));
#46970=DIRECTION('',(-1.,0.,0.));
#46980=DIRECTION('',(0.,0.,1.));
#46990=AXIS2_PLACEMENT_3D('',#46960,#46970,#46980);
#47000=PLANE('',#46990);
#47010=ORIENTED_EDGE('',*,*,#46750,.T.);
#47020=CARTESIAN_POINT('',(-7.89,-6.82499964469399,0.));
#47030=DIRECTION('',(-0.,1.,0.));
#47040=VECTOR('',#47030,1.);
#47050=LINE('',#47020,#47040);
#47060=CARTESIAN_POINT('',(-7.89,1.42500035530602,0.));
#47070=VERTEX_POINT('',#47060);
#47080=EDGE_CURVE('',#46740,#47070,#47050,.T.);
#47090=ORIENTED_EDGE('',*,*,#47080,.F.);
#47100=CARTESIAN_POINT('',(-7.89,1.42500035530602,3.346891));
#47110=DIRECTION('',(0.,-0.,-1.));
#47120=VECTOR('',#47110,1.);
#47130=LINE('',#47100,#47120);
#47140=CARTESIAN_POINT('',(-7.89,1.42500035530602,-0.4));
#47150=VERTEX_POINT('',#47140);
#47160=EDGE_CURVE('',#47070,#47150,#47130,.T.);
#47170=ORIENTED_EDGE('',*,*,#47160,.F.);
#47180=CARTESIAN_POINT('',(-7.89,-6.82499964469399,-0.4));
#47190=DIRECTION('',(0.,-1.,0.));
#47200=VECTOR('',#47190,1.);
#47210=LINE('',#47180,#47200);
#47220=CARTESIAN_POINT('',(-7.89,1.27500035530602,-0.4));
#47230=VERTEX_POINT('',#47220);
#47240=EDGE_CURVE('',#47150,#47230,#47210,.T.);
#47250=ORIENTED_EDGE('',*,*,#47240,.F.);
#47260=CARTESIAN_POINT('',(-7.89,1.27500035530602,3.346891));
#47270=DIRECTION('',(0.,-0.,-1.));
#47280=VECTOR('',#47270,1.);
#47290=LINE('',#47260,#47280);
#47300=CARTESIAN_POINT('',(-7.89,1.27500035530602,-1.1));
#47310=VERTEX_POINT('',#47300);
#47320=EDGE_CURVE('',#47230,#47310,#47290,.T.);
#47330=ORIENTED_EDGE('',*,*,#47320,.F.);
#47340=CARTESIAN_POINT('',(-7.89,-1.68959364469398,3.346891));
#47350=DIRECTION('',(-0.,0.554700196225229,-0.832050294337844));
#47360=VECTOR('',#47350,1.);
#47370=LINE('',#47340,#47360);
#47380=CARTESIAN_POINT('',(-7.89,1.47500035530602,-1.4));
#47390=VERTEX_POINT('',#47380);
#47400=EDGE_CURVE('',#47310,#47390,#47370,.T.);
#47410=ORIENTED_EDGE('',*,*,#47400,.F.);
#47420=CARTESIAN_POINT('',(-7.89,-6.82499964469399,-1.4));
#47430=DIRECTION('',(0.,-1.,0.));
#47440=VECTOR('',#47430,1.);
#47450=LINE('',#47420,#47440);
#47460=EDGE_CURVE('',#21660,#47390,#47450,.T.);
#47470=ORIENTED_EDGE('',*,*,#47460,.T.);
#47480=ORIENTED_EDGE('',*,*,#21670,.F.);
#47490=ORIENTED_EDGE('',*,*,#15250,.F.);
#47500=CARTESIAN_POINT('',(-7.89,-6.82499964469399,-0.4));
#47510=DIRECTION('',(0.,-1.,0.));
#47520=VECTOR('',#47510,1.);
#47530=LINE('',#47500,#47520);
#47540=CARTESIAN_POINT('',(-7.89,1.92500035530602,-0.4));
#47550=VERTEX_POINT('',#47540);
#47560=EDGE_CURVE('',#15180,#47550,#47530,.T.);
#47570=ORIENTED_EDGE('',*,*,#47560,.F.);
#47580=CARTESIAN_POINT('',(-7.89,1.92500035530602,3.346891));
#47590=DIRECTION('',(0.,0.,1.));
#47600=VECTOR('',#47590,1.);
#47610=LINE('',#47580,#47600);
#47620=EDGE_CURVE('',#47550,#13210,#47610,.T.);
#47630=ORIENTED_EDGE('',*,*,#47620,.F.);
#47640=ORIENTED_EDGE('',*,*,#13370,.F.);
#47650=ORIENTED_EDGE('',*,*,#13000,.F.);
#47660=ORIENTED_EDGE('',*,*,#13580,.T.);
#47670=ORIENTED_EDGE('',*,*,#6160,.F.);
#47680=ORIENTED_EDGE('',*,*,#21500,.F.);
#47690=EDGE_LOOP('',(#47680,#47670,#47660,#47650,#47640,#47630,#47570,
#47490,#47480,#47470,#47410,#47330,#47250,#47170,#47090,#47010));
#47700=FACE_OUTER_BOUND('',#47690,.T.);
#47710=ADVANCED_FACE('',(#47700),#47000,.T.);
#47720=CARTESIAN_POINT('',(-7.49,1.01562220530602,-1.45250315));
#47730=DIRECTION('',(1.,-0.,0.));
#47740=DIRECTION('',(0.,0.,-1.));
#47750=AXIS2_PLACEMENT_3D('',#47720,#47730,#47740);
#47760=PLANE('',#47750);
#47770=ORIENTED_EDGE('',*,*,#13510,.F.);
#47780=ORIENTED_EDGE('',*,*,#12830,.T.);
#47790=ORIENTED_EDGE('',*,*,#13300,.T.);
#47800=CARTESIAN_POINT('',(-7.49,1.92500035530602,3.346891));
#47810=DIRECTION('',(0.,0.,1.));
#47820=VECTOR('',#47810,1.);
#47830=LINE('',#47800,#47820);
#47840=CARTESIAN_POINT('',(-7.49,1.92500035530602,-0.4));
#47850=VERTEX_POINT('',#47840);
#47860=EDGE_CURVE('',#47850,#13230,#47830,.T.);
#47870=ORIENTED_EDGE('',*,*,#47860,.T.);
#47880=CARTESIAN_POINT('',(-7.49,-6.82499964469399,-0.4));
#47890=DIRECTION('',(0.,-1.,0.));
#47900=VECTOR('',#47890,1.);
#47910=LINE('',#47880,#47900);
#47920=EDGE_CURVE('',#15100,#47850,#47910,.T.);
#47930=ORIENTED_EDGE('',*,*,#47920,.T.);
#47940=ORIENTED_EDGE('',*,*,#15110,.T.);
#47950=ORIENTED_EDGE('',*,*,#21810,.T.);
#47960=CARTESIAN_POINT('',(-7.49,-6.82499964469399,-1.4));
#47970=DIRECTION('',(0.,-1.,0.));
#47980=VECTOR('',#47970,1.);
#47990=LINE('',#47960,#47980);
#48000=CARTESIAN_POINT('',(-7.49,1.47500035530602,-1.4));
#48010=VERTEX_POINT('',#48000);
#48020=EDGE_CURVE('',#21740,#48010,#47990,.T.);
#48030=ORIENTED_EDGE('',*,*,#48020,.F.);
#48040=CARTESIAN_POINT('',(-7.49,-1.68959364469398,3.346891));
#48050=DIRECTION('',(0.,0.554700196225229,-0.832050294337844));
#48060=VECTOR('',#48050,1.);
#48070=LINE('',#48040,#48060);
#48080=CARTESIAN_POINT('',(-7.49,1.27500035530602,-1.1));
#48090=VERTEX_POINT('',#48080);
#48100=EDGE_CURVE('',#48090,#48010,#48070,.T.);
#48110=ORIENTED_EDGE('',*,*,#48100,.T.);
#48120=CARTESIAN_POINT('',(-7.49,1.27500035530602,3.346891));
#48130=DIRECTION('',(0.,0.,-1.));
#48140=VECTOR('',#48130,1.);
#48150=LINE('',#48120,#48140);
#48160=CARTESIAN_POINT('',(-7.49,1.27500035530602,-0.4));
#48170=VERTEX_POINT('',#48160);
#48180=EDGE_CURVE('',#48170,#48090,#48150,.T.);
#48190=ORIENTED_EDGE('',*,*,#48180,.T.);
#48200=CARTESIAN_POINT('',(-7.49,-6.82499964469399,-0.4));
#48210=DIRECTION('',(0.,-1.,0.));
#48220=VECTOR('',#48210,1.);
#48230=LINE('',#48200,#48220);
#48240=CARTESIAN_POINT('',(-7.49,1.42500035530602,-0.4));
#48250=VERTEX_POINT('',#48240);
#48260=EDGE_CURVE('',#48250,#48170,#48230,.T.);
#48270=ORIENTED_EDGE('',*,*,#48260,.T.);
#48280=CARTESIAN_POINT('',(-7.49,1.42500035530602,3.346891));
#48290=DIRECTION('',(0.,0.,-1.));
#48300=VECTOR('',#48290,1.);
#48310=LINE('',#48280,#48300);
#48320=CARTESIAN_POINT('',(-7.49,1.42500035530602,0.));
#48330=VERTEX_POINT('',#48320);
#48340=EDGE_CURVE('',#48330,#48250,#48310,.T.);
#48350=ORIENTED_EDGE('',*,*,#48340,.T.);
#48360=CARTESIAN_POINT('',(-7.49,-6.82499964469399,0.));
#48370=DIRECTION('',(0.,1.,-0.));
#48380=VECTOR('',#48370,1.);
#48390=LINE('',#48360,#48380);
#48400=EDGE_CURVE('',#46840,#48330,#48390,.T.);
#48410=ORIENTED_EDGE('',*,*,#48400,.T.);
#48420=ORIENTED_EDGE('',*,*,#46850,.F.);
#48430=ORIENTED_EDGE('',*,*,#21360,.T.);
#48440=ORIENTED_EDGE('',*,*,#6020,.T.);
#48450=EDGE_LOOP('',(#48440,#48430,#48420,#48410,#48350,#48270,#48190,
#48110,#48030,#47950,#47940,#47930,#47870,#47790,#47780,#47770));
#48460=FACE_OUTER_BOUND('',#48450,.T.);
#48470=ADVANCED_FACE('',(#48460),#47760,.T.);
#48480=CARTESIAN_POINT('',(-7.90000315,1.27500035530602,-1.11750315));
#48490=DIRECTION('',(0.,-1.,0.));
#48500=DIRECTION('',(1.,0.,0.));
#48510=AXIS2_PLACEMENT_3D('',#48480,#48490,#48500);
#48520=PLANE('',#48510);
#48530=CARTESIAN_POINT('',(4.463169,1.27500035530602,-0.4));
#48540=DIRECTION('',(-1.,0.,0.));
#48550=VECTOR('',#48540,1.);
#48560=LINE('',#48530,#48550);
#48570=EDGE_CURVE('',#48170,#47230,#48560,.T.);
#48580=ORIENTED_EDGE('',*,*,#48570,.T.);
#48590=ORIENTED_EDGE('',*,*,#48180,.F.);
#48600=CARTESIAN_POINT('',(4.463169,1.27500035530602,-1.1));
#48610=DIRECTION('',(1.,0.,0.));
#48620=VECTOR('',#48610,1.);
#48630=LINE('',#48600,#48620);
#48640=EDGE_CURVE('',#47310,#48090,#48630,.T.);
#48650=ORIENTED_EDGE('',*,*,#48640,.T.);
#48660=ORIENTED_EDGE('',*,*,#47320,.T.);
#48670=EDGE_LOOP('',(#48660,#48650,#48590,#48580));
#48680=FACE_OUTER_BOUND('',#48670,.T.);
#48690=ADVANCED_FACE('',(#48680),#48520,.T.);
#48700=CARTESIAN_POINT('',(-7.90000315,1.27124720530602,-0.4));
#48710=DIRECTION('',(0.,0.,1.));
#48720=DIRECTION('',(1.,0.,0.));
#48730=AXIS2_PLACEMENT_3D('',#48700,#48710,#48720);
#48740=PLANE('',#48730);
#48750=CARTESIAN_POINT('',(4.463169,1.42500035530602,-0.4));
#48760=DIRECTION('',(1.,0.,0.));
#48770=VECTOR('',#48760,1.);
#48780=LINE('',#48750,#48770);
#48790=EDGE_CURVE('',#47150,#48250,#48780,.T.);
#48800=ORIENTED_EDGE('',*,*,#48790,.F.);
#48810=ORIENTED_EDGE('',*,*,#48260,.F.);
#48820=ORIENTED_EDGE('',*,*,#48570,.F.);
#48830=ORIENTED_EDGE('',*,*,#47240,.T.);
#48840=EDGE_LOOP('',(#48830,#48820,#48810,#48800));
#48850=FACE_OUTER_BOUND('',#48840,.T.);
#48860=ADVANCED_FACE('',(#48850),#48740,.T.);
#48870=CARTESIAN_POINT('',(-7.90000315,1.43062850530602,0.));
#48880=DIRECTION('',(0.,0.,-1.));
#48890=DIRECTION('',(-1.,-0.,0.));
#48900=AXIS2_PLACEMENT_3D('',#48870,#48880,#48890);
#48910=PLANE('',#48900);
#48920=CARTESIAN_POINT('',(4.463169,1.42500035530602,0.));
#48930=DIRECTION('',(1.,0.,-0.));
#48940=VECTOR('',#48930,1.);
#48950=LINE('',#48920,#48940);
#48960=EDGE_CURVE('',#47070,#48330,#48950,.T.);
#48970=ORIENTED_EDGE('',*,*,#48960,.T.);
#48980=ORIENTED_EDGE('',*,*,#47080,.T.);
#48990=ORIENTED_EDGE('',*,*,#46910,.T.);
#49000=ORIENTED_EDGE('',*,*,#48400,.F.);
#49010=EDGE_LOOP('',(#49000,#48990,#48980,#48970));
#49020=FACE_OUTER_BOUND('',#49010,.T.);
#49030=ADVANCED_FACE('',(#49020),#48910,.T.);
#49040=CARTESIAN_POINT('',(-7.90000315,1.42500035530602,-0.41000315));
#49050=DIRECTION('',(0.,-1.,0.));
#49060=DIRECTION('',(1.,0.,0.));
#49070=AXIS2_PLACEMENT_3D('',#49040,#49050,#49060);
#49080=PLANE('',#49070);
#49090=ORIENTED_EDGE('',*,*,#48960,.F.);
#49100=ORIENTED_EDGE('',*,*,#48340,.F.);
#49110=ORIENTED_EDGE('',*,*,#48790,.T.);
#49120=ORIENTED_EDGE('',*,*,#47160,.T.);
#49130=EDGE_LOOP('',(#49120,#49110,#49100,#49090));
#49140=FACE_OUTER_BOUND('',#49130,.T.);
#49150=ADVANCED_FACE('',(#49140),#49080,.T.);
#49160=CARTESIAN_POINT('',(-7.47999685,1.2699986080004,-1.09249737904157
));
#49170=DIRECTION('',(-0.,-0.832050294337844,-0.554700196225229));
#49180=DIRECTION('',(0.,-0.554700196225229,0.832050294337844));
#49190=AXIS2_PLACEMENT_3D('',#49160,#49170,#49180);
#49200=PLANE('',#49190);
#49210=CARTESIAN_POINT('',(4.463169,1.47500035530602,-1.4));
#49220=DIRECTION('',(1.,0.,0.));
#49230=VECTOR('',#49220,1.);
#49240=LINE('',#49210,#49230);
#49250=EDGE_CURVE('',#47390,#48010,#49240,.T.);
#49260=ORIENTED_EDGE('',*,*,#49250,.T.);
#49270=ORIENTED_EDGE('',*,*,#47400,.T.);
#49280=ORIENTED_EDGE('',*,*,#48640,.F.);
#49290=ORIENTED_EDGE('',*,*,#48100,.F.);
#49300=EDGE_LOOP('',(#49290,#49280,#49270,#49260));
#49310=FACE_OUTER_BOUND('',#49300,.T.);
#49320=ADVANCED_FACE('',(#49310),#49200,.T.);
#49330=CARTESIAN_POINT('',(-7.90000315,1.46499720530602,-1.4));
#49340=DIRECTION('',(0.,0.,-1.));
#49350=DIRECTION('',(-1.,-0.,0.));
#49360=AXIS2_PLACEMENT_3D('',#49330,#49340,#49350);
#49370=PLANE('',#49360);
#49380=ORIENTED_EDGE('',*,*,#47460,.F.);
#49390=ORIENTED_EDGE('',*,*,#49250,.F.);
#49400=ORIENTED_EDGE('',*,*,#48020,.T.);
#49410=ORIENTED_EDGE('',*,*,#21750,.F.);
#49420=EDGE_LOOP('',(#49410,#49400,#49390,#49380));
#49430=FACE_OUTER_BOUND('',#49420,.T.);
#49440=ADVANCED_FACE('',(#49430),#49370,.T.);
#49450=CARTESIAN_POINT('',(-7.90000315,1.92124720530602,-0.4));
#49460=DIRECTION('',(0.,0.,1.));
#49470=DIRECTION('',(1.,0.,0.));
#49480=AXIS2_PLACEMENT_3D('',#49450,#49460,#49470);
#49490=PLANE('',#49480);
#49500=ORIENTED_EDGE('',*,*,#15190,.F.);
#49510=ORIENTED_EDGE('',*,*,#47920,.F.);
#49520=CARTESIAN_POINT('',(4.463169,1.92500035530602,-0.4));
#49530=DIRECTION('',(1.,0.,0.));
#49540=VECTOR('',#49530,1.);
#49550=LINE('',#49520,#49540);
#49560=EDGE_CURVE('',#47550,#47850,#49550,.T.);
#49570=ORIENTED_EDGE('',*,*,#49560,.T.);
#49580=ORIENTED_EDGE('',*,*,#47560,.T.);
#49590=EDGE_LOOP('',(#49580,#49570,#49510,#49500));
#49600=FACE_OUTER_BOUND('',#49590,.T.);
#49610=ADVANCED_FACE('',(#49600),#49490,.T.);
#49620=CARTESIAN_POINT('',(-7.90000315,1.92500035530602,
0.0100031499999997));
#49630=DIRECTION('',(0.,1.,-0.));
#49640=DIRECTION('',(-1.,0.,0.));
#49650=AXIS2_PLACEMENT_3D('',#49620,#49630,#49640);
#49660=PLANE('',#49650);
#49670=ORIENTED_EDGE('',*,*,#49560,.F.);
#49680=ORIENTED_EDGE('',*,*,#47860,.F.);
#49690=ORIENTED_EDGE('',*,*,#13240,.T.);
#49700=ORIENTED_EDGE('',*,*,#47620,.T.);
#49710=EDGE_LOOP('',(#49700,#49690,#49680,#49670));
#49720=FACE_OUTER_BOUND('',#49710,.T.);
#49730=ADVANCED_FACE('',(#49720),#49660,.T.);
#49740=CARTESIAN_POINT('',(-6.52500315,-2.71374649469398,
0.0999999999999988));
#49750=DIRECTION('',(0.,0.,-1.));
#49760=DIRECTION('',(-1.,-0.,0.));
#49770=AXIS2_PLACEMENT_3D('',#49740,#49750,#49760);
#49780=PLANE('',#49770);
#49790=CARTESIAN_POINT('',(-6.475,-6.82499964469399,0.0999999999999988))
;
#49800=DIRECTION('',(0.,-1.,0.));
#49810=VECTOR('',#49800,1.);
#49820=LINE('',#49790,#49810);
#49830=CARTESIAN_POINT('',(-6.475,-2.77499964469398,0.0999999999999988))
;
#49840=VERTEX_POINT('',#49830);
#49850=CARTESIAN_POINT('',(-6.475,-5.22499964469398,0.0999999999999988))
;
#49860=VERTEX_POINT('',#49850);
#49870=EDGE_CURVE('',#49840,#49860,#49820,.T.);
#49880=ORIENTED_EDGE('',*,*,#49870,.F.);
#49890=CARTESIAN_POINT('',(4.463169,-5.22499964469398,0.0999999999999988
));
#49900=DIRECTION('',(1.,0.,-0.));
#49910=VECTOR('',#49900,1.);
#49920=LINE('',#49890,#49910);
#49930=CARTESIAN_POINT('',(-4.475,-5.22499964469398,0.0999999999999988))
;
#49940=VERTEX_POINT('',#49930);
#49950=EDGE_CURVE('',#49860,#49940,#49920,.T.);
#49960=ORIENTED_EDGE('',*,*,#49950,.F.);
#49970=CARTESIAN_POINT('',(-4.475,-6.82499964469399,0.0999999999999988))
;
#49980=DIRECTION('',(0.,1.,-0.));
#49990=VECTOR('',#49980,1.);
#50000=LINE('',#49970,#49990);
#50010=CARTESIAN_POINT('',(-4.475,-2.77499964469398,0.0999999999999988))
;
#50020=VERTEX_POINT('',#50010);
#50030=EDGE_CURVE('',#49940,#50020,#50000,.T.);
#50040=ORIENTED_EDGE('',*,*,#50030,.F.);
#50050=CARTESIAN_POINT('',(4.463169,-2.77499964469398,0.0999999999999988
));
#50060=DIRECTION('',(-1.,0.,0.));
#50070=VECTOR('',#50060,1.);
#50080=LINE('',#50050,#50070);
#50090=EDGE_CURVE('',#50020,#49840,#50080,.T.);
#50100=ORIENTED_EDGE('',*,*,#50090,.F.);
#50110=EDGE_LOOP('',(#50100,#50040,#49960,#49880));
#50120=FACE_OUTER_BOUND('',#50110,.T.);
#50130=ADVANCED_FACE('',(#50120),#49780,.T.);
#50140=CARTESIAN_POINT('',(-6.475,-2.71374649469398,0.092496849999999));
#50150=DIRECTION('',(-1.,0.,0.));
#50160=DIRECTION('',(0.,0.,1.));
#50170=AXIS2_PLACEMENT_3D('',#50140,#50150,#50160);
#50180=PLANE('',#50170);
#50190=CARTESIAN_POINT('',(-6.475,-5.22499964469398,3.346891));
#50200=DIRECTION('',(0.,-0.,-1.));
#50210=VECTOR('',#50200,1.);
#50220=LINE('',#50190,#50210);
#50230=EDGE_CURVE('',#14260,#49860,#50220,.T.);
#50240=ORIENTED_EDGE('',*,*,#50230,.F.);
#50250=ORIENTED_EDGE('',*,*,#49870,.T.);
#50260=CARTESIAN_POINT('',(-6.475,-2.77499964469398,3.346891));
#50270=DIRECTION('',(0.,0.,-1.));
#50280=VECTOR('',#50270,1.);
#50290=LINE('',#50260,#50280);
#50300=EDGE_CURVE('',#14280,#49840,#50290,.T.);
#50310=ORIENTED_EDGE('',*,*,#50300,.T.);
#50320=ORIENTED_EDGE('',*,*,#14290,.T.);
#50330=EDGE_LOOP('',(#50320,#50310,#50250,#50240));
#50340=FACE_OUTER_BOUND('',#50330,.T.);
#50350=ADVANCED_FACE('',(#50340),#50180,.T.);
#50360=CARTESIAN_POINT('',(-4.42499685,-2.77499964469398,
0.092496849999999));
#50370=DIRECTION('',(0.,1.,-0.));
#50380=DIRECTION('',(-1.,0.,0.));
#50390=AXIS2_PLACEMENT_3D('',#50360,#50370,#50380);
#50400=PLANE('',#50390);
#50410=ORIENTED_EDGE('',*,*,#50300,.F.);
#50420=ORIENTED_EDGE('',*,*,#50090,.T.);
#50430=CARTESIAN_POINT('',(-4.475,-2.77499964469398,3.346891));
#50440=DIRECTION('',(0.,0.,-1.));
#50450=VECTOR('',#50440,1.);
#50460=LINE('',#50430,#50450);
#50470=EDGE_CURVE('',#14360,#50020,#50460,.T.);
#50480=ORIENTED_EDGE('',*,*,#50470,.T.);
#50490=ORIENTED_EDGE('',*,*,#14370,.T.);
#50500=EDGE_LOOP('',(#50490,#50480,#50420,#50410));
#50510=FACE_OUTER_BOUND('',#50500,.T.);
#50520=ADVANCED_FACE('',(#50510),#50400,.T.);
#50530=CARTESIAN_POINT('',(-4.475,-5.28625279469398,0.092496849999999));
#50540=DIRECTION('',(1.,-0.,0.));
#50550=DIRECTION('',(0.,0.,-1.));
#50560=AXIS2_PLACEMENT_3D('',#50530,#50540,#50550);
#50570=PLANE('',#50560);
#50580=ORIENTED_EDGE('',*,*,#50470,.F.);
#50590=ORIENTED_EDGE('',*,*,#50030,.T.);
#50600=CARTESIAN_POINT('',(-4.475,-5.22499964469398,3.346891));
#50610=DIRECTION('',(0.,0.,-1.));
#50620=VECTOR('',#50610,1.);
#50630=LINE('',#50600,#50620);
#50640=EDGE_CURVE('',#14440,#49940,#50630,.T.);
#50650=ORIENTED_EDGE('',*,*,#50640,.T.);
#50660=ORIENTED_EDGE('',*,*,#14450,.T.);
#50670=EDGE_LOOP('',(#50660,#50650,#50590,#50580));
#50680=FACE_OUTER_BOUND('',#50670,.T.);
#50690=ADVANCED_FACE('',(#50680),#50570,.T.);
#50700=CARTESIAN_POINT('',(-6.52500315,-5.22499964469398,
0.092496849999999));
#50710=DIRECTION('',(0.,-1.,0.));
#50720=DIRECTION('',(1.,0.,0.));
#50730=AXIS2_PLACEMENT_3D('',#50700,#50710,#50720);
#50740=PLANE('',#50730);
#50750=ORIENTED_EDGE('',*,*,#50640,.F.);
#50760=ORIENTED_EDGE('',*,*,#49950,.T.);
#50770=ORIENTED_EDGE('',*,*,#50230,.T.);
#50780=ORIENTED_EDGE('',*,*,#14510,.T.);
#50790=EDGE_LOOP('',(#50780,#50770,#50760,#50750));
#50800=FACE_OUTER_BOUND('',#50790,.T.);
#50810=ADVANCED_FACE('',(#50800),#50740,.T.);
#50820=CARTESIAN_POINT('',(4.42499685,-2.71374649469398,
0.0999999999999988));
#50830=DIRECTION('',(0.,0.,-1.));
#50840=DIRECTION('',(-1.,-0.,0.));
#50850=AXIS2_PLACEMENT_3D('',#50820,#50830,#50840);
#50860=PLANE('',#50850);
#50870=CARTESIAN_POINT('',(4.475,-6.82499964469399,0.0999999999999988));
#50880=DIRECTION('',(0.,-1.,0.));
#50890=VECTOR('',#50880,1.);
#50900=LINE('',#50870,#50890);
#50910=CARTESIAN_POINT('',(4.475,-2.77499964469398,0.0999999999999988));
#50920=VERTEX_POINT('',#50910);
#50930=CARTESIAN_POINT('',(4.475,-5.22499964469398,0.0999999999999988));
#50940=VERTEX_POINT('',#50930);
#50950=EDGE_CURVE('',#50920,#50940,#50900,.T.);
#50960=ORIENTED_EDGE('',*,*,#50950,.F.);
#50970=CARTESIAN_POINT('',(4.463169,-5.22499964469398,0.0999999999999988
));
#50980=DIRECTION('',(1.,0.,-0.));
#50990=VECTOR('',#50980,1.);
#51000=LINE('',#50970,#50990);
#51010=CARTESIAN_POINT('',(6.475,-5.22499964469398,0.0999999999999988));
#51020=VERTEX_POINT('',#51010);
#51030=EDGE_CURVE('',#50940,#51020,#51000,.T.);
#51040=ORIENTED_EDGE('',*,*,#51030,.F.);
#51050=CARTESIAN_POINT('',(6.475,-6.82499964469399,0.0999999999999988));
#51060=DIRECTION('',(0.,1.,-0.));
#51070=VECTOR('',#51060,1.);
#51080=LINE('',#51050,#51070);
#51090=CARTESIAN_POINT('',(6.475,-2.77499964469398,0.0999999999999988));
#51100=VERTEX_POINT('',#51090);
#51110=EDGE_CURVE('',#51020,#51100,#51080,.T.);
#51120=ORIENTED_EDGE('',*,*,#51110,.F.);
#51130=CARTESIAN_POINT('',(4.463169,-2.77499964469398,0.0999999999999988
));
#51140=DIRECTION('',(-1.,0.,0.));
#51150=VECTOR('',#51140,1.);
#51160=LINE('',#51130,#51150);
#51170=EDGE_CURVE('',#51100,#50920,#51160,.T.);
#51180=ORIENTED_EDGE('',*,*,#51170,.F.);
#51190=EDGE_LOOP('',(#51180,#51120,#51040,#50960));
#51200=FACE_OUTER_BOUND('',#51190,.T.);
#51210=ADVANCED_FACE('',(#51200),#50860,.T.);
#51220=CARTESIAN_POINT('',(4.42499685,-5.22499964469398,
0.092496849999999));
#51230=DIRECTION('',(0.,-1.,0.));
#51240=DIRECTION('',(1.,0.,0.));
#51250=AXIS2_PLACEMENT_3D('',#51220,#51230,#51240);
#51260=PLANE('',#51250);
#51270=CARTESIAN_POINT('',(6.475,-5.22499964469398,3.346891));
#51280=DIRECTION('',(0.,0.,-1.));
#51290=VECTOR('',#51280,1.);
#51300=LINE('',#51270,#51290);
#51310=EDGE_CURVE('',#14600,#51020,#51300,.T.);
#51320=ORIENTED_EDGE('',*,*,#51310,.F.);
#51330=ORIENTED_EDGE('',*,*,#51030,.T.);
#51340=CARTESIAN_POINT('',(4.475,-5.22499964469398,3.346891));
#51350=DIRECTION('',(0.,-0.,-1.));
#51360=VECTOR('',#51350,1.);
#51370=LINE('',#51340,#51360);
#51380=EDGE_CURVE('',#14620,#50940,#51370,.T.);
#51390=ORIENTED_EDGE('',*,*,#51380,.T.);
#51400=ORIENTED_EDGE('',*,*,#14630,.T.);
#51410=EDGE_LOOP('',(#51400,#51390,#51330,#51320));
#51420=FACE_OUTER_BOUND('',#51410,.T.);
#51430=ADVANCED_FACE('',(#51420),#51260,.T.);
#51440=CARTESIAN_POINT('',(4.475,-2.71374649469398,0.092496849999999));
#51450=DIRECTION('',(-1.,0.,0.));
#51460=DIRECTION('',(0.,0.,1.));
#51470=AXIS2_PLACEMENT_3D('',#51440,#51450,#51460);
#51480=PLANE('',#51470);
#51490=ORIENTED_EDGE('',*,*,#51380,.F.);
#51500=ORIENTED_EDGE('',*,*,#50950,.T.);
#51510=CARTESIAN_POINT('',(4.475,-2.77499964469398,3.346891));
#51520=DIRECTION('',(0.,0.,-1.));
#51530=VECTOR('',#51520,1.);
#51540=LINE('',#51510,#51530);
#51550=EDGE_CURVE('',#14700,#50920,#51540,.T.);
#51560=ORIENTED_EDGE('',*,*,#51550,.T.);
#51570=ORIENTED_EDGE('',*,*,#14710,.T.);
#51580=EDGE_LOOP('',(#51570,#51560,#51500,#51490));
#51590=FACE_OUTER_BOUND('',#51580,.T.);
#51600=ADVANCED_FACE('',(#51590),#51480,.T.);
#51610=CARTESIAN_POINT('',(6.52500315,-2.77499964469398,
0.092496849999999));
#51620=DIRECTION('',(0.,1.,-0.));
#51630=DIRECTION('',(-1.,0.,0.));
#51640=AXIS2_PLACEMENT_3D('',#51610,#51620,#51630);
#51650=PLANE('',#51640);
#51660=ORIENTED_EDGE('',*,*,#51550,.F.);
#51670=ORIENTED_EDGE('',*,*,#51170,.T.);
#51680=CARTESIAN_POINT('',(6.475,-2.77499964469398,3.346891));
#51690=DIRECTION('',(0.,0.,-1.));
#51700=VECTOR('',#51690,1.);
#51710=LINE('',#51680,#51700);
#51720=EDGE_CURVE('',#14780,#51100,#51710,.T.);
#51730=ORIENTED_EDGE('',*,*,#51720,.T.);
#51740=ORIENTED_EDGE('',*,*,#14790,.T.);
#51750=EDGE_LOOP('',(#51740,#51730,#51670,#51660));
#51760=FACE_OUTER_BOUND('',#51750,.T.);
#51770=ADVANCED_FACE('',(#51760),#51650,.T.);
#51780=CARTESIAN_POINT('',(6.475,-5.28625279469398,0.092496849999999));
#51790=DIRECTION('',(1.,-0.,0.));
#51800=DIRECTION('',(0.,0.,-1.));
#51810=AXIS2_PLACEMENT_3D('',#51780,#51790,#51800);
#51820=PLANE('',#51810);
#51830=ORIENTED_EDGE('',*,*,#51720,.F.);
#51840=ORIENTED_EDGE('',*,*,#51110,.T.);
#51850=ORIENTED_EDGE('',*,*,#51310,.T.);
#51860=ORIENTED_EDGE('',*,*,#14850,.T.);
#51870=EDGE_LOOP('',(#51860,#51850,#51840,#51830));
#51880=FACE_OUTER_BOUND('',#51870,.T.);
#51890=ADVANCED_FACE('',(#51880),#51820,.T.);
#51900=CARTESIAN_POINT('',(-1.,2.88625350530602,0.092496849999999));
#51910=DIRECTION('',(-1.,0.,0.));
#51920=DIRECTION('',(0.,0.,1.));
#51930=AXIS2_PLACEMENT_3D('',#51900,#51910,#51920);
#51940=PLANE('',#51930);
#51950=CARTESIAN_POINT('',(-1.,0.375000355306015,3.346891));
#51960=DIRECTION('',(0.,-0.,-1.));
#51970=VECTOR('',#51960,1.);
#51980=LINE('',#51950,#51970);
#51990=CARTESIAN_POINT('',(-1.,0.375000355306015,0.0999999999999988));
#52000=VERTEX_POINT('',#51990);
#52010=EDGE_CURVE('',#13820,#52000,#51980,.T.);
#52020=ORIENTED_EDGE('',*,*,#52010,.F.);
#52030=CARTESIAN_POINT('',(-1.,-6.82499964469399,0.0999999999999988));
#52040=DIRECTION('',(0.,-1.,0.));
#52050=VECTOR('',#52040,1.);
#52060=LINE('',#52030,#52050);
#52070=EDGE_CURVE('',#12490,#52000,#52060,.T.);
#52080=ORIENTED_EDGE('',*,*,#52070,.T.);
#52090=ORIENTED_EDGE('',*,*,#12500,.T.);
#52100=ORIENTED_EDGE('',*,*,#13890,.T.);
#52110=EDGE_LOOP('',(#52100,#52090,#52080,#52020));
#52120=FACE_OUTER_BOUND('',#52110,.T.);
#52130=ADVANCED_FACE('',(#52120),#51940,.T.);
#52140=CARTESIAN_POINT('',(-1.05000315,2.88625350530602,
0.0999999999999988));
#52150=DIRECTION('',(0.,0.,-1.));
#52160=DIRECTION('',(-1.,-0.,0.));
#52170=AXIS2_PLACEMENT_3D('',#52140,#52150,#52160);
#52180=PLANE('',#52170);
#52190=ORIENTED_EDGE('',*,*,#52070,.F.);
#52200=CARTESIAN_POINT('',(4.463169,0.375000355306015,0.0999999999999988
));
#52210=DIRECTION('',(1.,0.,-0.));
#52220=VECTOR('',#52210,1.);
#52230=LINE('',#52200,#52220);
#52240=CARTESIAN_POINT('',(0.999999999999998,0.375000355306015,
0.0999999999999988));
#52250=VERTEX_POINT('',#52240);
#52260=EDGE_CURVE('',#52000,#52250,#52230,.T.);
#52270=ORIENTED_EDGE('',*,*,#52260,.F.);
#52280=CARTESIAN_POINT('',(0.999999999999998,-6.82499964469399,
0.0999999999999988));
#52290=DIRECTION('',(0.,1.,-0.));
#52300=VECTOR('',#52290,1.);
#52310=LINE('',#52280,#52300);
#52320=EDGE_CURVE('',#52250,#12570,#52310,.T.);
#52330=ORIENTED_EDGE('',*,*,#52320,.F.);
#52340=ORIENTED_EDGE('',*,*,#12580,.F.);
#52350=EDGE_LOOP('',(#52340,#52330,#52270,#52190));
#52360=FACE_OUTER_BOUND('',#52350,.T.);
#52370=ADVANCED_FACE('',(#52360),#52180,.T.);
#52380=CARTESIAN_POINT('',(-1.05000315,0.375000355306015,
0.092496849999999));
#52390=DIRECTION('',(0.,-1.,0.));
#52400=DIRECTION('',(1.,0.,0.));
#52410=AXIS2_PLACEMENT_3D('',#52380,#52390,#52400);
#52420=PLANE('',#52410);
#52430=CARTESIAN_POINT('',(0.999999999999998,0.375000355306015,3.346891)
);
#52440=DIRECTION('',(0.,0.,-1.));
#52450=VECTOR('',#52440,1.);
#52460=LINE('',#52430,#52450);
#52470=EDGE_CURVE('',#13740,#52250,#52460,.T.);
#52480=ORIENTED_EDGE('',*,*,#52470,.F.);
#52490=ORIENTED_EDGE('',*,*,#52260,.T.);
#52500=ORIENTED_EDGE('',*,*,#52010,.T.);
#52510=ORIENTED_EDGE('',*,*,#13830,.T.);
#52520=EDGE_LOOP('',(#52510,#52500,#52490,#52480));
#52530=FACE_OUTER_BOUND('',#52520,.T.);
#52540=ADVANCED_FACE('',(#52530),#52420,.T.);
#52550=CARTESIAN_POINT('',(0.999999999999998,0.313747205306015,
0.092496849999999));
#52560=DIRECTION('',(1.,-0.,0.));
#52570=DIRECTION('',(0.,0.,-1.));
#52580=AXIS2_PLACEMENT_3D('',#52550,#52560,#52570);
#52590=PLANE('',#52580);
#52600=ORIENTED_EDGE('',*,*,#12640,.F.);
#52610=ORIENTED_EDGE('',*,*,#52320,.T.);
#52620=ORIENTED_EDGE('',*,*,#52470,.T.);
#52630=ORIENTED_EDGE('',*,*,#13750,.T.);
#52640=EDGE_LOOP('',(#52630,#52620,#52610,#52600));
#52650=FACE_OUTER_BOUND('',#52640,.T.);
#52660=ADVANCED_FACE('',(#52650),#52590,.T.);
#52670=CARTESIAN_POINT('',(-0.262503150000001,4.26749720530602,3.26));
#52680=DIRECTION('',(0.,0.,1.));
#52690=DIRECTION('',(1.,0.,0.));
#52700=AXIS2_PLACEMENT_3D('',#52670,#52680,#52690);
#52710=PLANE('',#52700);
#52720=CARTESIAN_POINT('',(0.249999999999998,-6.82499964469399,3.26));
#52730=DIRECTION('',(0.,-1.,0.));
#52740=VECTOR('',#52730,1.);
#52750=LINE('',#52720,#52740);
#52760=CARTESIAN_POINT('',(0.249999999999998,4.57500035530602,3.26));
#52770=VERTEX_POINT('',#52760);
#52780=EDGE_CURVE('',#52770,#22200,#52750,.T.);
#52790=ORIENTED_EDGE('',*,*,#52780,.F.);
#52800=ORIENTED_EDGE('',*,*,#22210,.T.);
#52810=CARTESIAN_POINT('',(-0.250000000000002,-6.82499964469399,3.26));
#52820=DIRECTION('',(0.,-1.,0.));
#52830=VECTOR('',#52820,1.);
#52840=LINE('',#52810,#52830);
#52850=CARTESIAN_POINT('',(-0.250000000000002,4.57500035530602,3.26));
#52860=VERTEX_POINT('',#52850);
#52870=EDGE_CURVE('',#52860,#22180,#52840,.T.);
#52880=ORIENTED_EDGE('',*,*,#52870,.T.);
#52890=CARTESIAN_POINT('',(-0.250000000000002,4.57500035530602,3.26));
#52900=DIRECTION('',(1.,0.,0.));
#52910=VECTOR('',#52900,1.);
#52920=LINE('',#52890,#52910);
#52930=EDGE_CURVE('',#52860,#52770,#52920,.T.);
#52940=ORIENTED_EDGE('',*,*,#52930,.F.);
#52950=EDGE_LOOP('',(#52940,#52880,#52800,#52790));
#52960=FACE_OUTER_BOUND('',#52950,.T.);
#52970=ADVANCED_FACE('',(#52960),#52710,.T.);
#52980=CARTESIAN_POINT('',(0.249999999999998,6.88875350530602,
-0.081503150000001));
#52990=DIRECTION('',(1.,-0.,0.));
#53000=DIRECTION('',(0.,0.,-1.));
#53010=AXIS2_PLACEMENT_3D('',#52980,#52990,#53000);
#53020=PLANE('',#53010);
#53030=CARTESIAN_POINT('',(0.249999999999998,5.57500035530601,
0.749999999999999));
#53040=DIRECTION('',(1.,0.,0.));
#53050=DIRECTION('',(0.,0.,-1.));
#53060=AXIS2_PLACEMENT_3D('',#53030,#53040,#53050);
#53070=CIRCLE('',#53060,0.75);
#53080=CARTESIAN_POINT('',(0.249999999999998,4.82500035530602,0.75));
#53090=VERTEX_POINT('',#53080);
#53100=CARTESIAN_POINT('',(0.249999999999998,5.57500035530602,0.));
#53110=VERTEX_POINT('',#53100);
#53120=EDGE_CURVE('',#53090,#53110,#53070,.T.);
#53130=ORIENTED_EDGE('',*,*,#53120,.T.);
#53140=CARTESIAN_POINT('',(0.249999999999998,4.82500035530602,3.346891))
;
#53150=DIRECTION('',(0.,0.,-1.));
#53160=VECTOR('',#53150,1.);
#53170=LINE('',#53140,#53160);
#53180=CARTESIAN_POINT('',(0.249999999999998,4.82500035530602,2.51));
#53190=VERTEX_POINT('',#53180);
#53200=EDGE_CURVE('',#53190,#53090,#53170,.T.);
#53210=ORIENTED_EDGE('',*,*,#53200,.T.);
#53220=CARTESIAN_POINT('',(0.249999999999998,4.57500035530601,
2.50999999999999));
#53230=DIRECTION('',(-1.,0.,0.));
#53240=DIRECTION('',(0.,0.,1.));
#53250=AXIS2_PLACEMENT_3D('',#53220,#53230,#53240);
#53260=CIRCLE('',#53250,0.250000000000007);
#53270=CARTESIAN_POINT('',(0.249999999999998,4.57500035530602,2.76));
#53280=VERTEX_POINT('',#53270);
#53290=EDGE_CURVE('',#53280,#53190,#53260,.T.);
#53300=ORIENTED_EDGE('',*,*,#53290,.T.);
#53310=CARTESIAN_POINT('',(0.249999999999998,-6.82499964469399,2.76));
#53320=DIRECTION('',(0.,-1.,0.));
#53330=VECTOR('',#53320,1.);
#53340=LINE('',#53310,#53330);
#53350=EDGE_CURVE('',#53280,#22280,#53340,.T.);
#53360=ORIENTED_EDGE('',*,*,#53350,.F.);
#53370=ORIENTED_EDGE('',*,*,#22290,.T.);
#53380=ORIENTED_EDGE('',*,*,#52780,.T.);
#53390=CARTESIAN_POINT('',(0.249999999999998,4.57500035530601,
2.50999999999999));
#53400=DIRECTION('',(1.,0.,0.));
#53410=DIRECTION('',(0.,0.,-1.));
#53420=AXIS2_PLACEMENT_3D('',#53390,#53400,#53410);
#53430=CIRCLE('',#53420,0.750000000000006);
#53440=CARTESIAN_POINT('',(0.249999999999998,5.32500035530602,2.51));
#53450=VERTEX_POINT('',#53440);
#53460=EDGE_CURVE('',#53450,#52770,#53430,.T.);
#53470=ORIENTED_EDGE('',*,*,#53460,.T.);
#53480=CARTESIAN_POINT('',(0.249999999999998,5.32500035530602,3.346891))
;
#53490=DIRECTION('',(-0.,0.,-1.));
#53500=VECTOR('',#53490,1.);
#53510=LINE('',#53480,#53500);
#53520=CARTESIAN_POINT('',(0.249999999999998,5.32500035530602,0.75));
#53530=VERTEX_POINT('',#53520);
#53540=EDGE_CURVE('',#53450,#53530,#53510,.T.);
#53550=ORIENTED_EDGE('',*,*,#53540,.F.);
#53560=CARTESIAN_POINT('',(0.249999999999998,5.57500035530601,
0.749999999999992));
#53570=DIRECTION('',(-1.,0.,0.));
#53580=DIRECTION('',(0.,0.,1.));
#53590=AXIS2_PLACEMENT_3D('',#53560,#53570,#53580);
#53600=CIRCLE('',#53590,0.249999999999994);
#53610=CARTESIAN_POINT('',(0.249999999999998,5.57500035530602,0.5));
#53620=VERTEX_POINT('',#53610);
#53630=EDGE_CURVE('',#53620,#53530,#53600,.T.);
#53640=ORIENTED_EDGE('',*,*,#53630,.T.);
#53650=CARTESIAN_POINT('',(0.249999999999998,-6.82499964469399,0.5));
#53660=DIRECTION('',(0.,-1.,0.));
#53670=VECTOR('',#53660,1.);
#53680=LINE('',#53650,#53670);
#53690=CARTESIAN_POINT('',(0.249999999999998,6.82500035530602,0.5));
#53700=VERTEX_POINT('',#53690);
#53710=EDGE_CURVE('',#53700,#53620,#53680,.T.);
#53720=ORIENTED_EDGE('',*,*,#53710,.T.);
#53730=CARTESIAN_POINT('',(0.249999999999998,6.82500035530602,3.346891))
;
#53740=DIRECTION('',(0.,0.,1.));
#53750=VECTOR('',#53740,1.);
#53760=LINE('',#53730,#53750);
#53770=CARTESIAN_POINT('',(0.249999999999998,6.82500035530602,0.));
#53780=VERTEX_POINT('',#53770);
#53790=EDGE_CURVE('',#53780,#53700,#53760,.T.);
#53800=ORIENTED_EDGE('',*,*,#53790,.T.);
#53810=CARTESIAN_POINT('',(0.249999999999998,-6.82499964469399,0.));
#53820=DIRECTION('',(0.,1.,-0.));
#53830=VECTOR('',#53820,1.);
#53840=LINE('',#53810,#53830);
#53850=EDGE_CURVE('',#53110,#53780,#53840,.T.);
#53860=ORIENTED_EDGE('',*,*,#53850,.T.);
#53870=EDGE_LOOP('',(#53860,#53800,#53720,#53640,#53550,#53470,#53380,
#53370,#53360,#53300,#53210,#53130));
#53880=FACE_OUTER_BOUND('',#53870,.T.);
#53890=ADVANCED_FACE('',(#53880),#53020,.T.);
#53900=CARTESIAN_POINT('',(0.262503149999998,6.82500035530602,
-0.012503150000001));
#53910=DIRECTION('',(0.,1.,-0.));
#53920=DIRECTION('',(-1.,0.,0.));
#53930=AXIS2_PLACEMENT_3D('',#53900,#53910,#53920);
#53940=PLANE('',#53930);
#53950=CARTESIAN_POINT('',(4.463169,6.82500035530602,0.5));
#53960=DIRECTION('',(1.,0.,0.));
#53970=VECTOR('',#53960,1.);
#53980=LINE('',#53950,#53970);
#53990=CARTESIAN_POINT('',(-0.250000000000002,6.82500035530602,0.5));
#54000=VERTEX_POINT('',#53990);
#54010=EDGE_CURVE('',#54000,#53700,#53980,.T.);
#54020=ORIENTED_EDGE('',*,*,#54010,.T.);
#54030=CARTESIAN_POINT('',(-0.250000000000002,6.82500035530602,3.346891)
);
#54040=DIRECTION('',(-0.,0.,-1.));
#54050=VECTOR('',#54040,1.);
#54060=LINE('',#54030,#54050);
#54070=CARTESIAN_POINT('',(-0.250000000000002,6.82500035530602,0.));
#54080=VERTEX_POINT('',#54070);
#54090=EDGE_CURVE('',#54000,#54080,#54060,.T.);
#54100=ORIENTED_EDGE('',*,*,#54090,.F.);
#54110=CARTESIAN_POINT('',(4.463169,6.82500035530602,0.));
#54120=DIRECTION('',(-1.,-0.,0.));
#54130=VECTOR('',#54120,1.);
#54140=LINE('',#54110,#54130);
#54150=EDGE_CURVE('',#53780,#54080,#54140,.T.);
#54160=ORIENTED_EDGE('',*,*,#54150,.T.);
#54170=ORIENTED_EDGE('',*,*,#53790,.F.);
#54180=EDGE_LOOP('',(#54170,#54160,#54100,#54020));
#54190=FACE_OUTER_BOUND('',#54180,.T.);
#54200=ADVANCED_FACE('',(#54190),#53940,.T.);
#54210=CARTESIAN_POINT('',(-0.262503150000002,6.85625350530601,0.));
#54220=DIRECTION('',(0.,0.,-1.));
#54230=DIRECTION('',(-1.,-0.,0.));
#54240=AXIS2_PLACEMENT_3D('',#54210,#54220,#54230);
#54250=PLANE('',#54240);
#54260=ORIENTED_EDGE('',*,*,#53850,.F.);
#54270=ORIENTED_EDGE('',*,*,#54150,.F.);
#54280=CARTESIAN_POINT('',(-0.250000000000002,-6.82499964469399,0.));
#54290=DIRECTION('',(0.,-1.,0.));
#54300=VECTOR('',#54290,1.);
#54310=LINE('',#54280,#54300);
#54320=CARTESIAN_POINT('',(-0.250000000000002,5.57500035530602,0.));
#54330=VERTEX_POINT('',#54320);
#54340=EDGE_CURVE('',#54080,#54330,#54310,.T.);
#54350=ORIENTED_EDGE('',*,*,#54340,.F.);
#54360=CARTESIAN_POINT('',(-0.250000000000002,5.57500035530602,0.));
#54370=DIRECTION('',(1.,0.,0.));
#54380=VECTOR('',#54370,1.);
#54390=LINE('',#54360,#54380);
#54400=EDGE_CURVE('',#54330,#53110,#54390,.T.);
#54410=ORIENTED_EDGE('',*,*,#54400,.F.);
#54420=EDGE_LOOP('',(#54410,#54350,#54270,#54260));
#54430=FACE_OUTER_BOUND('',#54420,.T.);
#54440=ADVANCED_FACE('',(#54430),#54250,.T.);
#54450=CARTESIAN_POINT('',(0.262503149999998,6.85625350530601,0.5));
#54460=DIRECTION('',(0.,0.,1.));
#54470=DIRECTION('',(1.,0.,0.));
#54480=AXIS2_PLACEMENT_3D('',#54450,#54460,#54470);
#54490=PLANE('',#54480);
#54500=CARTESIAN_POINT('',(-0.250000000000002,-6.82499964469399,0.5));
#54510=DIRECTION('',(-0.,1.,0.));
#54520=VECTOR('',#54510,1.);
#54530=LINE('',#54500,#54520);
#54540=CARTESIAN_POINT('',(-0.250000000000002,5.57500035530602,0.5));
#54550=VERTEX_POINT('',#54540);
#54560=EDGE_CURVE('',#54550,#54000,#54530,.T.);
#54570=ORIENTED_EDGE('',*,*,#54560,.F.);
#54580=ORIENTED_EDGE('',*,*,#54010,.F.);
#54590=ORIENTED_EDGE('',*,*,#53710,.F.);
#54600=CARTESIAN_POINT('',(0.249999999999998,5.57500035530602,0.5));
#54610=DIRECTION('',(-1.,0.,0.));
#54620=VECTOR('',#54610,1.);
#54630=LINE('',#54600,#54620);
#54640=EDGE_CURVE('',#53620,#54550,#54630,.T.);
#54650=ORIENTED_EDGE('',*,*,#54640,.F.);
#54660=EDGE_LOOP('',(#54650,#54590,#54580,#54570));
#54670=FACE_OUTER_BOUND('',#54660,.T.);
#54680=ADVANCED_FACE('',(#54670),#54490,.T.);
#54690=CARTESIAN_POINT('',(-0.250000000000002,4.21124720530602,
-0.081503150000001));
#54700=DIRECTION('',(-1.,0.,0.));
#54710=DIRECTION('',(0.,0.,1.));
#54720=AXIS2_PLACEMENT_3D('',#54690,#54700,#54710);
#54730=PLANE('',#54720);
#54740=ORIENTED_EDGE('',*,*,#54090,.T.);
#54750=ORIENTED_EDGE('',*,*,#54560,.T.);
#54760=CARTESIAN_POINT('',(-0.250000000000002,5.57500035530601,
0.749999999999992));
#54770=DIRECTION('',(-1.,0.,0.));
#54780=DIRECTION('',(0.,0.,1.));
#54790=AXIS2_PLACEMENT_3D('',#54760,#54770,#54780);
#54800=CIRCLE('',#54790,0.249999999999994);
#54810=CARTESIAN_POINT('',(-0.250000000000002,5.32500035530602,0.75));
#54820=VERTEX_POINT('',#54810);
#54830=EDGE_CURVE('',#54550,#54820,#54800,.T.);
#54840=ORIENTED_EDGE('',*,*,#54830,.F.);
#54850=CARTESIAN_POINT('',(-0.250000000000002,5.32500035530602,3.346891)
);
#54860=DIRECTION('',(0.,0.,-1.));
#54870=VECTOR('',#54860,1.);
#54880=LINE('',#54850,#54870);
#54890=CARTESIAN_POINT('',(-0.250000000000002,5.32500035530602,2.51));
#54900=VERTEX_POINT('',#54890);
#54910=EDGE_CURVE('',#54900,#54820,#54880,.T.);
#54920=ORIENTED_EDGE('',*,*,#54910,.T.);
#54930=CARTESIAN_POINT('',(-0.250000000000002,4.57500035530601,
2.50999999999999));
#54940=DIRECTION('',(1.,0.,0.));
#54950=DIRECTION('',(0.,0.,-1.));
#54960=AXIS2_PLACEMENT_3D('',#54930,#54940,#54950);
#54970=CIRCLE('',#54960,0.750000000000006);
#54980=EDGE_CURVE('',#54900,#52860,#54970,.T.);
#54990=ORIENTED_EDGE('',*,*,#54980,.F.);
#55000=ORIENTED_EDGE('',*,*,#52870,.F.);
#55010=ORIENTED_EDGE('',*,*,#22430,.T.);
#55020=CARTESIAN_POINT('',(-0.250000000000002,-6.82499964469399,2.76));
#55030=DIRECTION('',(0.,-1.,0.));
#55040=VECTOR('',#55030,1.);
#55050=LINE('',#55020,#55040);
#55060=CARTESIAN_POINT('',(-0.250000000000002,4.57500035530602,2.76));
#55070=VERTEX_POINT('',#55060);
#55080=EDGE_CURVE('',#55070,#22360,#55050,.T.);
#55090=ORIENTED_EDGE('',*,*,#55080,.T.);
#55100=CARTESIAN_POINT('',(-0.250000000000002,4.57500035530601,
2.50999999999999));
#55110=DIRECTION('',(-1.,0.,0.));
#55120=DIRECTION('',(0.,0.,1.));
#55130=AXIS2_PLACEMENT_3D('',#55100,#55110,#55120);
#55140=CIRCLE('',#55130,0.250000000000007);
#55150=CARTESIAN_POINT('',(-0.250000000000002,4.82500035530602,2.51));
#55160=VERTEX_POINT('',#55150);
#55170=EDGE_CURVE('',#55070,#55160,#55140,.T.);
#55180=ORIENTED_EDGE('',*,*,#55170,.F.);
#55190=CARTESIAN_POINT('',(-0.250000000000002,4.82500035530602,3.346891)
);
#55200=DIRECTION('',(0.,-0.,-1.));
#55210=VECTOR('',#55200,1.);
#55220=LINE('',#55190,#55210);
#55230=CARTESIAN_POINT('',(-0.250000000000002,4.82500035530602,0.75));
#55240=VERTEX_POINT('',#55230);
#55250=EDGE_CURVE('',#55160,#55240,#55220,.T.);
#55260=ORIENTED_EDGE('',*,*,#55250,.F.);
#55270=CARTESIAN_POINT('',(-0.250000000000002,5.57500035530601,
0.749999999999999));
#55280=DIRECTION('',(1.,0.,0.));
#55290=DIRECTION('',(0.,0.,-1.));
#55300=AXIS2_PLACEMENT_3D('',#55270,#55280,#55290);
#55310=CIRCLE('',#55300,0.75);
#55320=EDGE_CURVE('',#55240,#54330,#55310,.T.);
#55330=ORIENTED_EDGE('',*,*,#55320,.F.);
#55340=ORIENTED_EDGE('',*,*,#54340,.T.);
#55350=EDGE_LOOP('',(#55340,#55330,#55260,#55180,#55090,#55010,#55000,
#54990,#54920,#54840,#54750,#54740));
#55360=FACE_OUTER_BOUND('',#55350,.T.);
#55370=ADVANCED_FACE('',(#55360),#54730,.T.);
#55380=CARTESIAN_POINT('',(-0.262504200000002,5.57500035530601,
0.749999999999999));
#55390=DIRECTION('',(1.,0.,0.));
#55400=DIRECTION('',(0.,0.,-1.));
#55410=AXIS2_PLACEMENT_3D('',#55380,#55390,#55400);
#55420=CYLINDRICAL_SURFACE('',#55410,0.75);
#55430=ORIENTED_EDGE('',*,*,#55320,.T.);
#55440=CARTESIAN_POINT('',(-0.250000000000002,4.82500035530602,0.75));
#55450=DIRECTION('',(1.,0.,0.));
#55460=VECTOR('',#55450,1.);
#55470=LINE('',#55440,#55460);
#55480=EDGE_CURVE('',#55240,#53090,#55470,.T.);
#55490=ORIENTED_EDGE('',*,*,#55480,.F.);
#55500=ORIENTED_EDGE('',*,*,#53120,.F.);
#55510=ORIENTED_EDGE('',*,*,#54400,.T.);
#55520=EDGE_LOOP('',(#55510,#55500,#55490,#55430));
#55530=FACE_OUTER_BOUND('',#55520,.T.);
#55540=ADVANCED_FACE('',(#55530),#55420,.T.);
#55550=CARTESIAN_POINT('',(-0.262503150000001,4.82500035530602,
0.70599685));
#55560=DIRECTION('',(0.,-1.,0.));
#55570=DIRECTION('',(1.,0.,0.));
#55580=AXIS2_PLACEMENT_3D('',#55550,#55560,#55570);
#55590=PLANE('',#55580);
#55600=ORIENTED_EDGE('',*,*,#53200,.F.);
#55610=ORIENTED_EDGE('',*,*,#55480,.T.);
#55620=ORIENTED_EDGE('',*,*,#55250,.T.);
#55630=CARTESIAN_POINT('',(0.249999999999998,4.82500035530602,2.51));
#55640=DIRECTION('',(-1.,0.,0.));
#55650=VECTOR('',#55640,1.);
#55660=LINE('',#55630,#55650);
#55670=EDGE_CURVE('',#53190,#55160,#55660,.T.);
#55680=ORIENTED_EDGE('',*,*,#55670,.T.);
#55690=EDGE_LOOP('',(#55680,#55620,#55610,#55600));
#55700=FACE_OUTER_BOUND('',#55690,.T.);
#55710=ADVANCED_FACE('',(#55700),#55590,.T.);
#55720=CARTESIAN_POINT('',(0.262503149999998,4.26749720530602,2.76));
#55730=DIRECTION('',(0.,0.,-1.));
#55740=DIRECTION('',(-1.,-0.,0.));
#55750=AXIS2_PLACEMENT_3D('',#55720,#55730,#55740);
#55760=PLANE('',#55750);
#55770=ORIENTED_EDGE('',*,*,#55080,.F.);
#55780=ORIENTED_EDGE('',*,*,#22370,.T.);
#55790=ORIENTED_EDGE('',*,*,#53350,.T.);
#55800=CARTESIAN_POINT('',(0.249999999999998,4.57500035530602,2.76));
#55810=DIRECTION('',(-1.,0.,0.));
#55820=VECTOR('',#55810,1.);
#55830=LINE('',#55800,#55820);
#55840=EDGE_CURVE('',#53280,#55070,#55830,.T.);
#55850=ORIENTED_EDGE('',*,*,#55840,.F.);
#55860=EDGE_LOOP('',(#55850,#55790,#55780,#55770));
#55870=FACE_OUTER_BOUND('',#55860,.T.);
#55880=ADVANCED_FACE('',(#55870),#55760,.T.);
#55890=CARTESIAN_POINT('',(0.262512599999998,4.57500035530601,
2.50999999999999));
#55900=DIRECTION('',(-1.,0.,0.));
#55910=DIRECTION('',(0.,0.,1.));
#55920=AXIS2_PLACEMENT_3D('',#55890,#55900,#55910);
#55930=CYLINDRICAL_SURFACE('',#55920,0.250000000000007);
#55940=ORIENTED_EDGE('',*,*,#55670,.F.);
#55950=ORIENTED_EDGE('',*,*,#55170,.T.);
#55960=ORIENTED_EDGE('',*,*,#55840,.T.);
#55970=ORIENTED_EDGE('',*,*,#53290,.F.);
#55980=EDGE_LOOP('',(#55970,#55960,#55950,#55940));
#55990=FACE_OUTER_BOUND('',#55980,.T.);
#56000=ADVANCED_FACE('',(#55990),#55930,.F.);
#56010=CARTESIAN_POINT('',(-0.262503150000002,5.32500035530602,
0.70599685));
#56020=DIRECTION('',(0.,1.,-0.));
#56030=DIRECTION('',(-1.,0.,0.));
#56040=AXIS2_PLACEMENT_3D('',#56010,#56020,#56030);
#56050=PLANE('',#56040);
#56060=CARTESIAN_POINT('',(-0.250000000000002,5.32500035530602,2.51));
#56070=DIRECTION('',(1.,0.,0.));
#56080=VECTOR('',#56070,1.);
#56090=LINE('',#56060,#56080);
#56100=EDGE_CURVE('',#54900,#53450,#56090,.T.);
#56110=ORIENTED_EDGE('',*,*,#56100,.T.);
#56120=ORIENTED_EDGE('',*,*,#54910,.F.);
#56130=CARTESIAN_POINT('',(0.249999999999998,5.32500035530602,0.75));
#56140=DIRECTION('',(-1.,0.,0.));
#56150=VECTOR('',#56140,1.);
#56160=LINE('',#56130,#56150);
#56170=EDGE_CURVE('',#53530,#54820,#56160,.T.);
#56180=ORIENTED_EDGE('',*,*,#56170,.T.);
#56190=ORIENTED_EDGE('',*,*,#53540,.T.);
#56200=EDGE_LOOP('',(#56190,#56180,#56120,#56110));
#56210=FACE_OUTER_BOUND('',#56200,.T.);
#56220=ADVANCED_FACE('',(#56210),#56050,.T.);
#56230=CARTESIAN_POINT('',(-0.262504200000001,4.57500035530601,
2.50999999999999));
#56240=DIRECTION('',(1.,0.,0.));
#56250=DIRECTION('',(0.,0.,-1.));
#56260=AXIS2_PLACEMENT_3D('',#56230,#56240,#56250);
#56270=CYLINDRICAL_SURFACE('',#56260,0.750000000000006);
#56280=ORIENTED_EDGE('',*,*,#53460,.F.);
#56290=ORIENTED_EDGE('',*,*,#52930,.T.);
#56300=ORIENTED_EDGE('',*,*,#54980,.T.);
#56310=ORIENTED_EDGE('',*,*,#56100,.F.);
#56320=EDGE_LOOP('',(#56310,#56300,#56290,#56280));
#56330=FACE_OUTER_BOUND('',#56320,.T.);
#56340=ADVANCED_FACE('',(#56330),#56270,.T.);
#56350=CARTESIAN_POINT('',(0.262512599999999,5.57500035530601,
0.749999999999992));
#56360=DIRECTION('',(-1.,0.,0.));
#56370=DIRECTION('',(0.,0.,1.));
#56380=AXIS2_PLACEMENT_3D('',#56350,#56360,#56370);
#56390=CYLINDRICAL_SURFACE('',#56380,0.249999999999994);
#56400=ORIENTED_EDGE('',*,*,#54640,.T.);
#56410=ORIENTED_EDGE('',*,*,#53630,.F.);
#56420=ORIENTED_EDGE('',*,*,#56170,.F.);
#56430=ORIENTED_EDGE('',*,*,#54830,.T.);
#56440=EDGE_LOOP('',(#56430,#56420,#56410,#56400));
#56450=FACE_OUTER_BOUND('',#56440,.T.);
#56460=ADVANCED_FACE('',(#56450),#56390,.F.);
#56470=CARTESIAN_POINT('',(1.73749685,4.26749720530602,3.26));
#56480=DIRECTION('',(0.,0.,1.));
#56490=DIRECTION('',(1.,0.,0.));
#56500=AXIS2_PLACEMENT_3D('',#56470,#56480,#56490);
#56510=PLANE('',#56500);
#56520=CARTESIAN_POINT('',(2.25,-6.82499964469399,3.26));
#56530=DIRECTION('',(0.,-1.,0.));
#56540=VECTOR('',#56530,1.);
#56550=LINE('',#56520,#56540);
#56560=CARTESIAN_POINT('',(2.25,4.57500035530602,3.26));
#56570=VERTEX_POINT('',#56560);
#56580=EDGE_CURVE('',#56570,#22540,#56550,.T.);
#56590=ORIENTED_EDGE('',*,*,#56580,.F.);
#56600=ORIENTED_EDGE('',*,*,#22550,.T.);
#56610=CARTESIAN_POINT('',(1.75,-6.82499964469399,3.26));
#56620=DIRECTION('',(0.,-1.,0.));
#56630=VECTOR('',#56620,1.);
#56640=LINE('',#56610,#56630);
#56650=CARTESIAN_POINT('',(1.75,4.57500035530602,3.26));
#56660=VERTEX_POINT('',#56650);
#56670=EDGE_CURVE('',#56660,#22520,#56640,.T.);
#56680=ORIENTED_EDGE('',*,*,#56670,.T.);
#56690=CARTESIAN_POINT('',(1.75,4.57500035530602,3.26));
#56700=DIRECTION('',(1.,0.,0.));
#56710=VECTOR('',#56700,1.);
#56720=LINE('',#56690,#56710);
#56730=EDGE_CURVE('',#56660,#56570,#56720,.T.);
#56740=ORIENTED_EDGE('',*,*,#56730,.F.);
#56750=EDGE_LOOP('',(#56740,#56680,#56600,#56590));
#56760=FACE_OUTER_BOUND('',#56750,.T.);
#56770=ADVANCED_FACE('',(#56760),#56510,.T.);
#56780=CARTESIAN_POINT('',(2.25,6.88875350530602,-0.081503150000001));
#56790=DIRECTION('',(1.,-0.,0.));
#56800=DIRECTION('',(0.,0.,-1.));
#56810=AXIS2_PLACEMENT_3D('',#56780,#56790,#56800);
#56820=PLANE('',#56810);
#56830=CARTESIAN_POINT('',(2.25,5.57500035530601,0.749999999999997));
#56840=DIRECTION('',(1.,0.,0.));
#56850=DIRECTION('',(0.,0.,-1.));
#56860=AXIS2_PLACEMENT_3D('',#56830,#56840,#56850);
#56870=CIRCLE('',#56860,0.749999999999998);
#56880=CARTESIAN_POINT('',(2.25,4.82500035530602,0.75));
#56890=VERTEX_POINT('',#56880);
#56900=CARTESIAN_POINT('',(2.25,5.57500035530602,0.));
#56910=VERTEX_POINT('',#56900);
#56920=EDGE_CURVE('',#56890,#56910,#56870,.T.);
#56930=ORIENTED_EDGE('',*,*,#56920,.T.);
#56940=CARTESIAN_POINT('',(2.25,4.82500035530602,3.346891));
#56950=DIRECTION('',(0.,0.,-1.));
#56960=VECTOR('',#56950,1.);
#56970=LINE('',#56940,#56960);
#56980=CARTESIAN_POINT('',(2.25,4.82500035530602,2.51));
#56990=VERTEX_POINT('',#56980);
#57000=EDGE_CURVE('',#56990,#56890,#56970,.T.);
#57010=ORIENTED_EDGE('',*,*,#57000,.T.);
#57020=CARTESIAN_POINT('',(2.25,4.57500035530601,2.50999999999999));
#57030=DIRECTION('',(-1.,0.,0.));
#57040=DIRECTION('',(0.,0.,1.));
#57050=AXIS2_PLACEMENT_3D('',#57020,#57030,#57040);
#57060=CIRCLE('',#57050,0.250000000000007);
#57070=CARTESIAN_POINT('',(2.25,4.57500035530602,2.76));
#57080=VERTEX_POINT('',#57070);
#57090=EDGE_CURVE('',#57080,#56990,#57060,.T.);
#57100=ORIENTED_EDGE('',*,*,#57090,.T.);
#57110=CARTESIAN_POINT('',(2.25,-6.82499964469399,2.76));
#57120=DIRECTION('',(0.,-1.,0.));
#57130=VECTOR('',#57120,1.);
#57140=LINE('',#57110,#57130);
#57150=EDGE_CURVE('',#57080,#22620,#57140,.T.);
#57160=ORIENTED_EDGE('',*,*,#57150,.F.);
#57170=ORIENTED_EDGE('',*,*,#22630,.T.);
#57180=ORIENTED_EDGE('',*,*,#56580,.T.);
#57190=CARTESIAN_POINT('',(2.25,4.57500035530601,2.50999999999999));
#57200=DIRECTION('',(1.,0.,0.));
#57210=DIRECTION('',(0.,0.,-1.));
#57220=AXIS2_PLACEMENT_3D('',#57190,#57200,#57210);
#57230=CIRCLE('',#57220,0.750000000000006);
#57240=CARTESIAN_POINT('',(2.25,5.32500035530602,2.51));
#57250=VERTEX_POINT('',#57240);
#57260=EDGE_CURVE('',#57250,#56570,#57230,.T.);
#57270=ORIENTED_EDGE('',*,*,#57260,.T.);
#57280=CARTESIAN_POINT('',(2.25,5.32500035530602,3.346891));
#57290=DIRECTION('',(-0.,0.,-1.));
#57300=VECTOR('',#57290,1.);
#57310=LINE('',#57280,#57300);
#57320=CARTESIAN_POINT('',(2.25,5.32500035530602,0.75));
#57330=VERTEX_POINT('',#57320);
#57340=EDGE_CURVE('',#57250,#57330,#57310,.T.);
#57350=ORIENTED_EDGE('',*,*,#57340,.F.);
#57360=CARTESIAN_POINT('',(2.25,5.57500035530601,0.749999999999992));
#57370=DIRECTION('',(-1.,0.,0.));
#57380=DIRECTION('',(0.,0.,1.));
#57390=AXIS2_PLACEMENT_3D('',#57360,#57370,#57380);
#57400=CIRCLE('',#57390,0.249999999999994);
#57410=CARTESIAN_POINT('',(2.25,5.57500035530602,0.5));
#57420=VERTEX_POINT('',#57410);
#57430=EDGE_CURVE('',#57420,#57330,#57400,.T.);
#57440=ORIENTED_EDGE('',*,*,#57430,.T.);
#57450=CARTESIAN_POINT('',(2.25,-6.82499964469399,0.5));
#57460=DIRECTION('',(0.,-1.,0.));
#57470=VECTOR('',#57460,1.);
#57480=LINE('',#57450,#57470);
#57490=CARTESIAN_POINT('',(2.25,6.82500035530602,0.5));
#57500=VERTEX_POINT('',#57490);
#57510=EDGE_CURVE('',#57500,#57420,#57480,.T.);
#57520=ORIENTED_EDGE('',*,*,#57510,.T.);
#57530=CARTESIAN_POINT('',(2.25,6.82500035530602,3.346891));
#57540=DIRECTION('',(0.,0.,1.));
#57550=VECTOR('',#57540,1.);
#57560=LINE('',#57530,#57550);
#57570=CARTESIAN_POINT('',(2.25,6.82500035530602,0.));
#57580=VERTEX_POINT('',#57570);
#57590=EDGE_CURVE('',#57580,#57500,#57560,.T.);
#57600=ORIENTED_EDGE('',*,*,#57590,.T.);
#57610=CARTESIAN_POINT('',(2.25,-6.82499964469399,0.));
#57620=DIRECTION('',(0.,1.,-0.));
#57630=VECTOR('',#57620,1.);
#57640=LINE('',#57610,#57630);
#57650=EDGE_CURVE('',#56910,#57580,#57640,.T.);
#57660=ORIENTED_EDGE('',*,*,#57650,.T.);
#57670=EDGE_LOOP('',(#57660,#57600,#57520,#57440,#57350,#57270,#57180,
#57170,#57160,#57100,#57010,#56930));
#57680=FACE_OUTER_BOUND('',#57670,.T.);
#57690=ADVANCED_FACE('',(#57680),#56820,.T.);
#57700=CARTESIAN_POINT('',(2.26250315,6.82500035530602,
-0.012503150000001));
#57710=DIRECTION('',(0.,1.,-0.));
#57720=DIRECTION('',(-1.,0.,0.));
#57730=AXIS2_PLACEMENT_3D('',#57700,#57710,#57720);
#57740=PLANE('',#57730);
#57750=CARTESIAN_POINT('',(4.463169,6.82500035530602,0.5));
#57760=DIRECTION('',(1.,0.,0.));
#57770=VECTOR('',#57760,1.);
#57780=LINE('',#57750,#57770);
#57790=CARTESIAN_POINT('',(1.75,6.82500035530602,0.5));
#57800=VERTEX_POINT('',#57790);
#57810=EDGE_CURVE('',#57800,#57500,#57780,.T.);
#57820=ORIENTED_EDGE('',*,*,#57810,.T.);
#57830=CARTESIAN_POINT('',(1.75,6.82500035530602,3.346891));
#57840=DIRECTION('',(-0.,0.,-1.));
#57850=VECTOR('',#57840,1.);
#57860=LINE('',#57830,#57850);
#57870=CARTESIAN_POINT('',(1.75,6.82500035530602,0.));
#57880=VERTEX_POINT('',#57870);
#57890=EDGE_CURVE('',#57800,#57880,#57860,.T.);
#57900=ORIENTED_EDGE('',*,*,#57890,.F.);
#57910=CARTESIAN_POINT('',(4.463169,6.82500035530602,0.));
#57920=DIRECTION('',(-1.,-0.,0.));
#57930=VECTOR('',#57920,1.);
#57940=LINE('',#57910,#57930);
#57950=EDGE_CURVE('',#57580,#57880,#57940,.T.);
#57960=ORIENTED_EDGE('',*,*,#57950,.T.);
#57970=ORIENTED_EDGE('',*,*,#57590,.F.);
#57980=EDGE_LOOP('',(#57970,#57960,#57900,#57820));
#57990=FACE_OUTER_BOUND('',#57980,.T.);
#58000=ADVANCED_FACE('',(#57990),#57740,.T.);
#58010=CARTESIAN_POINT('',(1.73749685,6.85625350530601,0.));
#58020=DIRECTION('',(0.,0.,-1.));
#58030=DIRECTION('',(-1.,-0.,0.));
#58040=AXIS2_PLACEMENT_3D('',#58010,#58020,#58030);
#58050=PLANE('',#58040);
#58060=ORIENTED_EDGE('',*,*,#57650,.F.);
#58070=ORIENTED_EDGE('',*,*,#57950,.F.);
#58080=CARTESIAN_POINT('',(1.75,-6.82499964469399,0.));
#58090=DIRECTION('',(0.,-1.,0.));
#58100=VECTOR('',#58090,1.);
#58110=LINE('',#58080,#58100);
#58120=CARTESIAN_POINT('',(1.75,5.57500035530602,0.));
#58130=VERTEX_POINT('',#58120);
#58140=EDGE_CURVE('',#57880,#58130,#58110,.T.);
#58150=ORIENTED_EDGE('',*,*,#58140,.F.);
#58160=CARTESIAN_POINT('',(1.75,5.57500035530602,0.));
#58170=DIRECTION('',(1.,0.,0.));
#58180=VECTOR('',#58170,1.);
#58190=LINE('',#58160,#58180);
#58200=EDGE_CURVE('',#58130,#56910,#58190,.T.);
#58210=ORIENTED_EDGE('',*,*,#58200,.F.);
#58220=EDGE_LOOP('',(#58210,#58150,#58070,#58060));
#58230=FACE_OUTER_BOUND('',#58220,.T.);
#58240=ADVANCED_FACE('',(#58230),#58050,.T.);
#58250=CARTESIAN_POINT('',(2.26250315,6.85625350530601,0.5));
#58260=DIRECTION('',(0.,0.,1.));
#58270=DIRECTION('',(1.,0.,0.));
#58280=AXIS2_PLACEMENT_3D('',#58250,#58260,#58270);
#58290=PLANE('',#58280);
#58300=CARTESIAN_POINT('',(1.75,-6.82499964469399,0.5));
#58310=DIRECTION('',(-0.,1.,0.));
#58320=VECTOR('',#58310,1.);
#58330=LINE('',#58300,#58320);
#58340=CARTESIAN_POINT('',(1.75,5.57500035530602,0.5));
#58350=VERTEX_POINT('',#58340);
#58360=EDGE_CURVE('',#58350,#57800,#58330,.T.);
#58370=ORIENTED_EDGE('',*,*,#58360,.F.);
#58380=ORIENTED_EDGE('',*,*,#57810,.F.);
#58390=ORIENTED_EDGE('',*,*,#57510,.F.);
#58400=CARTESIAN_POINT('',(2.25,5.57500035530602,0.5));
#58410=DIRECTION('',(-1.,0.,0.));
#58420=VECTOR('',#58410,1.);
#58430=LINE('',#58400,#58420);
#58440=EDGE_CURVE('',#57420,#58350,#58430,.T.);
#58450=ORIENTED_EDGE('',*,*,#58440,.F.);
#58460=EDGE_LOOP('',(#58450,#58390,#58380,#58370));
#58470=FACE_OUTER_BOUND('',#58460,.T.);
#58480=ADVANCED_FACE('',(#58470),#58290,.T.);
#58490=CARTESIAN_POINT('',(1.75,4.21124720530602,-0.081503150000001));
#58500=DIRECTION('',(-1.,0.,0.));
#58510=DIRECTION('',(0.,0.,1.));
#58520=AXIS2_PLACEMENT_3D('',#58490,#58500,#58510);
#58530=PLANE('',#58520);
#58540=ORIENTED_EDGE('',*,*,#57890,.T.);
#58550=ORIENTED_EDGE('',*,*,#58360,.T.);
#58560=CARTESIAN_POINT('',(1.75,5.57500035530601,0.749999999999992));
#58570=DIRECTION('',(-1.,0.,0.));
#58580=DIRECTION('',(0.,0.,1.));
#58590=AXIS2_PLACEMENT_3D('',#58560,#58570,#58580);
#58600=CIRCLE('',#58590,0.249999999999994);
#58610=CARTESIAN_POINT('',(1.75,5.32500035530602,0.75));
#58620=VERTEX_POINT('',#58610);
#58630=EDGE_CURVE('',#58350,#58620,#58600,.T.);
#58640=ORIENTED_EDGE('',*,*,#58630,.F.);
#58650=CARTESIAN_POINT('',(1.75,5.32500035530602,3.346891));
#58660=DIRECTION('',(0.,0.,-1.));
#58670=VECTOR('',#58660,1.);
#58680=LINE('',#58650,#58670);
#58690=CARTESIAN_POINT('',(1.75,5.32500035530602,2.51));
#58700=VERTEX_POINT('',#58690);
#58710=EDGE_CURVE('',#58700,#58620,#58680,.T.);
#58720=ORIENTED_EDGE('',*,*,#58710,.T.);
#58730=CARTESIAN_POINT('',(1.75,4.57500035530601,2.50999999999999));
#58740=DIRECTION('',(1.,0.,0.));
#58750=DIRECTION('',(0.,0.,-1.));
#58760=AXIS2_PLACEMENT_3D('',#58730,#58740,#58750);
#58770=CIRCLE('',#58760,0.750000000000006);
#58780=EDGE_CURVE('',#58700,#56660,#58770,.T.);
#58790=ORIENTED_EDGE('',*,*,#58780,.F.);
#58800=ORIENTED_EDGE('',*,*,#56670,.F.);
#58810=ORIENTED_EDGE('',*,*,#22770,.T.);
#58820=CARTESIAN_POINT('',(1.75,-6.82499964469399,2.76));
#58830=DIRECTION('',(0.,-1.,0.));
#58840=VECTOR('',#58830,1.);
#58850=LINE('',#58820,#58840);
#58860=CARTESIAN_POINT('',(1.75,4.57500035530602,2.76));
#58870=VERTEX_POINT('',#58860);
#58880=EDGE_CURVE('',#58870,#22700,#58850,.T.);
#58890=ORIENTED_EDGE('',*,*,#58880,.T.);
#58900=CARTESIAN_POINT('',(1.75,4.57500035530601,2.50999999999999));
#58910=DIRECTION('',(-1.,0.,0.));
#58920=DIRECTION('',(0.,0.,1.));
#58930=AXIS2_PLACEMENT_3D('',#58900,#58910,#58920);
#58940=CIRCLE('',#58930,0.250000000000007);
#58950=CARTESIAN_POINT('',(1.75,4.82500035530602,2.51));
#58960=VERTEX_POINT('',#58950);
#58970=EDGE_CURVE('',#58870,#58960,#58940,.T.);
#58980=ORIENTED_EDGE('',*,*,#58970,.F.);
#58990=CARTESIAN_POINT('',(1.75,4.82500035530602,3.346891));
#59000=DIRECTION('',(0.,-0.,-1.));
#59010=VECTOR('',#59000,1.);
#59020=LINE('',#58990,#59010);
#59030=CARTESIAN_POINT('',(1.75,4.82500035530602,0.75));
#59040=VERTEX_POINT('',#59030);
#59050=EDGE_CURVE('',#58960,#59040,#59020,.T.);
#59060=ORIENTED_EDGE('',*,*,#59050,.F.);
#59070=CARTESIAN_POINT('',(1.75,5.57500035530601,0.749999999999997));
#59080=DIRECTION('',(1.,0.,0.));
#59090=DIRECTION('',(0.,0.,-1.));
#59100=AXIS2_PLACEMENT_3D('',#59070,#59080,#59090);
#59110=CIRCLE('',#59100,0.749999999999998);
#59120=EDGE_CURVE('',#59040,#58130,#59110,.T.);
#59130=ORIENTED_EDGE('',*,*,#59120,.F.);
#59140=ORIENTED_EDGE('',*,*,#58140,.T.);
#59150=EDGE_LOOP('',(#59140,#59130,#59060,#58980,#58890,#58810,#58800,
#58790,#58720,#58640,#58550,#58540));
#59160=FACE_OUTER_BOUND('',#59150,.T.);
#59170=ADVANCED_FACE('',(#59160),#58530,.T.);
#59180=CARTESIAN_POINT('',(1.7374958,5.57500035530601,0.749999999999997)
);
#59190=DIRECTION('',(1.,0.,0.));
#59200=DIRECTION('',(0.,0.,-1.));
#59210=AXIS2_PLACEMENT_3D('',#59180,#59190,#59200);
#59220=CYLINDRICAL_SURFACE('',#59210,0.749999999999998);
#59230=ORIENTED_EDGE('',*,*,#59120,.T.);
#59240=CARTESIAN_POINT('',(1.75,4.82500035530602,0.75));
#59250=DIRECTION('',(1.,0.,0.));
#59260=VECTOR('',#59250,1.);
#59270=LINE('',#59240,#59260);
#59280=EDGE_CURVE('',#59040,#56890,#59270,.T.);
#59290=ORIENTED_EDGE('',*,*,#59280,.F.);
#59300=ORIENTED_EDGE('',*,*,#56920,.F.);
#59310=ORIENTED_EDGE('',*,*,#58200,.T.);
#59320=EDGE_LOOP('',(#59310,#59300,#59290,#59230));
#59330=FACE_OUTER_BOUND('',#59320,.T.);
#59340=ADVANCED_FACE('',(#59330),#59220,.T.);
#59350=CARTESIAN_POINT('',(1.73749685,4.82500035530602,0.70599685));
#59360=DIRECTION('',(0.,-1.,0.));
#59370=DIRECTION('',(1.,0.,0.));
#59380=AXIS2_PLACEMENT_3D('',#59350,#59360,#59370);
#59390=PLANE('',#59380);
#59400=ORIENTED_EDGE('',*,*,#57000,.F.);
#59410=ORIENTED_EDGE('',*,*,#59280,.T.);
#59420=ORIENTED_EDGE('',*,*,#59050,.T.);
#59430=CARTESIAN_POINT('',(2.25,4.82500035530602,2.51));
#59440=DIRECTION('',(-1.,0.,0.));
#59450=VECTOR('',#59440,1.);
#59460=LINE('',#59430,#59450);
#59470=EDGE_CURVE('',#56990,#58960,#59460,.T.);
#59480=ORIENTED_EDGE('',*,*,#59470,.T.);
#59490=EDGE_LOOP('',(#59480,#59420,#59410,#59400));
#59500=FACE_OUTER_BOUND('',#59490,.T.);
#59510=ADVANCED_FACE('',(#59500),#59390,.T.);
#59520=CARTESIAN_POINT('',(2.26250315,4.26749720530602,2.76));
#59530=DIRECTION('',(0.,0.,-1.));
#59540=DIRECTION('',(-1.,-0.,0.));
#59550=AXIS2_PLACEMENT_3D('',#59520,#59530,#59540);
#59560=PLANE('',#59550);
#59570=ORIENTED_EDGE('',*,*,#58880,.F.);
#59580=ORIENTED_EDGE('',*,*,#22710,.T.);
#59590=ORIENTED_EDGE('',*,*,#57150,.T.);
#59600=CARTESIAN_POINT('',(2.25,4.57500035530602,2.76));
#59610=DIRECTION('',(-1.,0.,0.));
#59620=VECTOR('',#59610,1.);
#59630=LINE('',#59600,#59620);
#59640=EDGE_CURVE('',#57080,#58870,#59630,.T.);
#59650=ORIENTED_EDGE('',*,*,#59640,.F.);
#59660=EDGE_LOOP('',(#59650,#59590,#59580,#59570));
#59670=FACE_OUTER_BOUND('',#59660,.T.);
#59680=ADVANCED_FACE('',(#59670),#59560,.T.);
#59690=CARTESIAN_POINT('',(2.2625126,4.57500035530601,2.50999999999999))
;
#59700=DIRECTION('',(-1.,0.,0.));
#59710=DIRECTION('',(0.,0.,1.));
#59720=AXIS2_PLACEMENT_3D('',#59690,#59700,#59710);
#59730=CYLINDRICAL_SURFACE('',#59720,0.250000000000007);
#59740=ORIENTED_EDGE('',*,*,#59470,.F.);
#59750=ORIENTED_EDGE('',*,*,#58970,.T.);
#59760=ORIENTED_EDGE('',*,*,#59640,.T.);
#59770=ORIENTED_EDGE('',*,*,#57090,.F.);
#59780=EDGE_LOOP('',(#59770,#59760,#59750,#59740));
#59790=FACE_OUTER_BOUND('',#59780,.T.);
#59800=ADVANCED_FACE('',(#59790),#59730,.F.);
#59810=CARTESIAN_POINT('',(1.73749685,5.32500035530602,0.70599685));
#59820=DIRECTION('',(0.,1.,-0.));
#59830=DIRECTION('',(-1.,0.,0.));
#59840=AXIS2_PLACEMENT_3D('',#59810,#59820,#59830);
#59850=PLANE('',#59840);
#59860=CARTESIAN_POINT('',(1.75,5.32500035530602,2.51));
#59870=DIRECTION('',(1.,0.,0.));
#59880=VECTOR('',#59870,1.);
#59890=LINE('',#59860,#59880);
#59900=EDGE_CURVE('',#58700,#57250,#59890,.T.);
#59910=ORIENTED_EDGE('',*,*,#59900,.T.);
#59920=ORIENTED_EDGE('',*,*,#58710,.F.);
#59930=CARTESIAN_POINT('',(2.25,5.32500035530602,0.75));
#59940=DIRECTION('',(-1.,0.,0.));
#59950=VECTOR('',#59940,1.);
#59960=LINE('',#59930,#59950);
#59970=EDGE_CURVE('',#57330,#58620,#59960,.T.);
#59980=ORIENTED_EDGE('',*,*,#59970,.T.);
#59990=ORIENTED_EDGE('',*,*,#57340,.T.);
#60000=EDGE_LOOP('',(#59990,#59980,#59920,#59910));
#60010=FACE_OUTER_BOUND('',#60000,.T.);
#60020=ADVANCED_FACE('',(#60010),#59850,.T.);
#60030=CARTESIAN_POINT('',(1.7374958,4.57500035530601,2.50999999999999))
;
#60040=DIRECTION('',(1.,0.,0.));
#60050=DIRECTION('',(0.,0.,-1.));
#60060=AXIS2_PLACEMENT_3D('',#60030,#60040,#60050);
#60070=CYLINDRICAL_SURFACE('',#60060,0.750000000000006);
#60080=ORIENTED_EDGE('',*,*,#57260,.F.);
#60090=ORIENTED_EDGE('',*,*,#56730,.T.);
#60100=ORIENTED_EDGE('',*,*,#58780,.T.);
#60110=ORIENTED_EDGE('',*,*,#59900,.F.);
#60120=EDGE_LOOP('',(#60110,#60100,#60090,#60080));
#60130=FACE_OUTER_BOUND('',#60120,.T.);
#60140=ADVANCED_FACE('',(#60130),#60070,.T.);
#60150=CARTESIAN_POINT('',(2.2625126,5.57500035530601,0.749999999999992)
);
#60160=DIRECTION('',(-1.,0.,0.));
#60170=DIRECTION('',(0.,0.,1.));
#60180=AXIS2_PLACEMENT_3D('',#60150,#60160,#60170);
#60190=CYLINDRICAL_SURFACE('',#60180,0.249999999999994);
#60200=ORIENTED_EDGE('',*,*,#58440,.T.);
#60210=ORIENTED_EDGE('',*,*,#57430,.F.);
#60220=ORIENTED_EDGE('',*,*,#59970,.F.);
#60230=ORIENTED_EDGE('',*,*,#58630,.T.);
#60240=EDGE_LOOP('',(#60230,#60220,#60210,#60200));
#60250=FACE_OUTER_BOUND('',#60240,.T.);
#60260=ADVANCED_FACE('',(#60250),#60190,.F.);
#60270=CARTESIAN_POINT('',(3.73749685,4.26749720530602,3.26));
#60280=DIRECTION('',(0.,0.,1.));
#60290=DIRECTION('',(1.,0.,0.));
#60300=AXIS2_PLACEMENT_3D('',#60270,#60280,#60290);
#60310=PLANE('',#60300);
#60320=CARTESIAN_POINT('',(4.25,-6.82499964469399,3.26));
#60330=DIRECTION('',(0.,-1.,0.));
#60340=VECTOR('',#60330,1.);
#60350=LINE('',#60320,#60340);
#60360=CARTESIAN_POINT('',(4.25,4.57500035530602,3.26));
#60370=VERTEX_POINT('',#60360);
#60380=EDGE_CURVE('',#60370,#22880,#60350,.T.);
#60390=ORIENTED_EDGE('',*,*,#60380,.F.);
#60400=ORIENTED_EDGE('',*,*,#22890,.T.);
#60410=CARTESIAN_POINT('',(3.75,-6.82499964469399,3.26));
#60420=DIRECTION('',(0.,-1.,0.));
#60430=VECTOR('',#60420,1.);
#60440=LINE('',#60410,#60430);
#60450=CARTESIAN_POINT('',(3.75,4.57500035530602,3.26));
#60460=VERTEX_POINT('',#60450);
#60470=EDGE_CURVE('',#60460,#22860,#60440,.T.);
#60480=ORIENTED_EDGE('',*,*,#60470,.T.);
#60490=CARTESIAN_POINT('',(3.75,4.57500035530602,3.26));
#60500=DIRECTION('',(1.,0.,0.));
#60510=VECTOR('',#60500,1.);
#60520=LINE('',#60490,#60510);
#60530=EDGE_CURVE('',#60460,#60370,#60520,.T.);
#60540=ORIENTED_EDGE('',*,*,#60530,.F.);
#60550=EDGE_LOOP('',(#60540,#60480,#60400,#60390));
#60560=FACE_OUTER_BOUND('',#60550,.T.);
#60570=ADVANCED_FACE('',(#60560),#60310,.T.);
#60580=CARTESIAN_POINT('',(4.25,6.88875350530602,-0.081503150000001));
#60590=DIRECTION('',(1.,-0.,0.));
#60600=DIRECTION('',(0.,0.,-1.));
#60610=AXIS2_PLACEMENT_3D('',#60580,#60590,#60600);
#60620=PLANE('',#60610);
#60630=CARTESIAN_POINT('',(4.25,5.57500035530601,0.749999999999997));
#60640=DIRECTION('',(1.,0.,0.));
#60650=DIRECTION('',(0.,0.,-1.));
#60660=AXIS2_PLACEMENT_3D('',#60630,#60640,#60650);
#60670=CIRCLE('',#60660,0.749999999999998);
#60680=CARTESIAN_POINT('',(4.25,4.82500035530602,0.75));
#60690=VERTEX_POINT('',#60680);
#60700=CARTESIAN_POINT('',(4.25,5.57500035530602,0.));
#60710=VERTEX_POINT('',#60700);
#60720=EDGE_CURVE('',#60690,#60710,#60670,.T.);
#60730=ORIENTED_EDGE('',*,*,#60720,.T.);
#60740=CARTESIAN_POINT('',(4.25,4.82500035530602,3.346891));
#60750=DIRECTION('',(0.,0.,-1.));
#60760=VECTOR('',#60750,1.);
#60770=LINE('',#60740,#60760);
#60780=CARTESIAN_POINT('',(4.25,4.82500035530602,2.51));
#60790=VERTEX_POINT('',#60780);
#60800=EDGE_CURVE('',#60790,#60690,#60770,.T.);
#60810=ORIENTED_EDGE('',*,*,#60800,.T.);
#60820=CARTESIAN_POINT('',(4.25,4.57500035530602,2.51));
#60830=DIRECTION('',(-1.,0.,0.));
#60840=DIRECTION('',(0.,0.,1.));
#60850=AXIS2_PLACEMENT_3D('',#60820,#60830,#60840);
#60860=CIRCLE('',#60850,0.249999999999995);
#60870=CARTESIAN_POINT('',(4.25,4.57500035530602,2.76));
#60880=VERTEX_POINT('',#60870);
#60890=EDGE_CURVE('',#60880,#60790,#60860,.T.);
#60900=ORIENTED_EDGE('',*,*,#60890,.T.);
#60910=CARTESIAN_POINT('',(4.25,-6.82499964469399,2.76));
#60920=DIRECTION('',(0.,-1.,0.));
#60930=VECTOR('',#60920,1.);
#60940=LINE('',#60910,#60930);
#60950=EDGE_CURVE('',#60880,#22960,#60940,.T.);
#60960=ORIENTED_EDGE('',*,*,#60950,.F.);
#60970=ORIENTED_EDGE('',*,*,#22970,.T.);
#60980=ORIENTED_EDGE('',*,*,#60380,.T.);
#60990=CARTESIAN_POINT('',(4.25,4.57500035530601,2.50999999999999));
#61000=DIRECTION('',(1.,0.,0.));
#61010=DIRECTION('',(0.,0.,-1.));
#61020=AXIS2_PLACEMENT_3D('',#60990,#61000,#61010);
#61030=CIRCLE('',#61020,0.750000000000004);
#61040=CARTESIAN_POINT('',(4.25,5.32500035530602,2.51));
#61050=VERTEX_POINT('',#61040);
#61060=EDGE_CURVE('',#61050,#60370,#61030,.T.);
#61070=ORIENTED_EDGE('',*,*,#61060,.T.);
#61080=CARTESIAN_POINT('',(4.25,5.32500035530602,3.346891));
#61090=DIRECTION('',(-0.,0.,-1.));
#61100=VECTOR('',#61090,1.);
#61110=LINE('',#61080,#61100);
#61120=CARTESIAN_POINT('',(4.25,5.32500035530602,0.75));
#61130=VERTEX_POINT('',#61120);
#61140=EDGE_CURVE('',#61050,#61130,#61110,.T.);
#61150=ORIENTED_EDGE('',*,*,#61140,.F.);
#61160=CARTESIAN_POINT('',(4.25,5.57500035530601,0.749999999999992));
#61170=DIRECTION('',(-1.,0.,0.));
#61180=DIRECTION('',(0.,0.,1.));
#61190=AXIS2_PLACEMENT_3D('',#61160,#61170,#61180);
#61200=CIRCLE('',#61190,0.249999999999994);
#61210=CARTESIAN_POINT('',(4.25,5.57500035530602,0.5));
#61220=VERTEX_POINT('',#61210);
#61230=EDGE_CURVE('',#61220,#61130,#61200,.T.);
#61240=ORIENTED_EDGE('',*,*,#61230,.T.);
#61250=CARTESIAN_POINT('',(4.25,-6.82499964469399,0.5));
#61260=DIRECTION('',(0.,-1.,0.));
#61270=VECTOR('',#61260,1.);
#61280=LINE('',#61250,#61270);
#61290=CARTESIAN_POINT('',(4.25,6.82500035530602,0.5));
#61300=VERTEX_POINT('',#61290);
#61310=EDGE_CURVE('',#61300,#61220,#61280,.T.);
#61320=ORIENTED_EDGE('',*,*,#61310,.T.);
#61330=CARTESIAN_POINT('',(4.25,6.82500035530602,3.346891));
#61340=DIRECTION('',(0.,0.,1.));
#61350=VECTOR('',#61340,1.);
#61360=LINE('',#61330,#61350);
#61370=CARTESIAN_POINT('',(4.25,6.82500035530602,0.));
#61380=VERTEX_POINT('',#61370);
#61390=EDGE_CURVE('',#61380,#61300,#61360,.T.);
#61400=ORIENTED_EDGE('',*,*,#61390,.T.);
#61410=CARTESIAN_POINT('',(4.25,-6.82499964469399,0.));
#61420=DIRECTION('',(0.,1.,-0.));
#61430=VECTOR('',#61420,1.);
#61440=LINE('',#61410,#61430);
#61450=EDGE_CURVE('',#60710,#61380,#61440,.T.);
#61460=ORIENTED_EDGE('',*,*,#61450,.T.);
#61470=EDGE_LOOP('',(#61460,#61400,#61320,#61240,#61150,#61070,#60980,
#60970,#60960,#60900,#60810,#60730));
#61480=FACE_OUTER_BOUND('',#61470,.T.);
#61490=ADVANCED_FACE('',(#61480),#60620,.T.);
#61500=CARTESIAN_POINT('',(4.26250315,6.82500035530602,
-0.012503150000001));
#61510=DIRECTION('',(0.,1.,-0.));
#61520=DIRECTION('',(-1.,0.,0.));
#61530=AXIS2_PLACEMENT_3D('',#61500,#61510,#61520);
#61540=PLANE('',#61530);
#61550=CARTESIAN_POINT('',(4.463169,6.82500035530602,0.5));
#61560=DIRECTION('',(1.,0.,0.));
#61570=VECTOR('',#61560,1.);
#61580=LINE('',#61550,#61570);
#61590=CARTESIAN_POINT('',(3.75,6.82500035530602,0.5));
#61600=VERTEX_POINT('',#61590);
#61610=EDGE_CURVE('',#61600,#61300,#61580,.T.);
#61620=ORIENTED_EDGE('',*,*,#61610,.T.);
#61630=CARTESIAN_POINT('',(3.75,6.82500035530602,3.346891));
#61640=DIRECTION('',(-0.,0.,-1.));
#61650=VECTOR('',#61640,1.);
#61660=LINE('',#61630,#61650);
#61670=CARTESIAN_POINT('',(3.75,6.82500035530602,0.));
#61680=VERTEX_POINT('',#61670);
#61690=EDGE_CURVE('',#61600,#61680,#61660,.T.);
#61700=ORIENTED_EDGE('',*,*,#61690,.F.);
#61710=CARTESIAN_POINT('',(4.463169,6.82500035530602,0.));
#61720=DIRECTION('',(-1.,-0.,0.));
#61730=VECTOR('',#61720,1.);
#61740=LINE('',#61710,#61730);
#61750=EDGE_CURVE('',#61380,#61680,#61740,.T.);
#61760=ORIENTED_EDGE('',*,*,#61750,.T.);
#61770=ORIENTED_EDGE('',*,*,#61390,.F.);
#61780=EDGE_LOOP('',(#61770,#61760,#61700,#61620));
#61790=FACE_OUTER_BOUND('',#61780,.T.);
#61800=ADVANCED_FACE('',(#61790),#61540,.T.);
#61810=CARTESIAN_POINT('',(3.73749685,6.85625350530601,0.));
#61820=DIRECTION('',(0.,0.,-1.));
#61830=DIRECTION('',(-1.,-0.,0.));
#61840=AXIS2_PLACEMENT_3D('',#61810,#61820,#61830);
#61850=PLANE('',#61840);
#61860=ORIENTED_EDGE('',*,*,#61450,.F.);
#61870=ORIENTED_EDGE('',*,*,#61750,.F.);
#61880=CARTESIAN_POINT('',(3.75,-6.82499964469399,0.));
#61890=DIRECTION('',(0.,-1.,0.));
#61900=VECTOR('',#61890,1.);
#61910=LINE('',#61880,#61900);
#61920=CARTESIAN_POINT('',(3.75,5.57500035530602,0.));
#61930=VERTEX_POINT('',#61920);
#61940=EDGE_CURVE('',#61680,#61930,#61910,.T.);
#61950=ORIENTED_EDGE('',*,*,#61940,.F.);
#61960=CARTESIAN_POINT('',(3.75,5.57500035530602,0.));
#61970=DIRECTION('',(1.,0.,0.));
#61980=VECTOR('',#61970,1.);
#61990=LINE('',#61960,#61980);
#62000=EDGE_CURVE('',#61930,#60710,#61990,.T.);
#62010=ORIENTED_EDGE('',*,*,#62000,.F.);
#62020=EDGE_LOOP('',(#62010,#61950,#61870,#61860));
#62030=FACE_OUTER_BOUND('',#62020,.T.);
#62040=ADVANCED_FACE('',(#62030),#61850,.T.);
#62050=CARTESIAN_POINT('',(4.26250315,6.85625350530601,0.5));
#62060=DIRECTION('',(0.,0.,1.));
#62070=DIRECTION('',(1.,0.,0.));
#62080=AXIS2_PLACEMENT_3D('',#62050,#62060,#62070);
#62090=PLANE('',#62080);
#62100=CARTESIAN_POINT('',(3.75,-6.82499964469399,0.5));
#62110=DIRECTION('',(-0.,1.,0.));
#62120=VECTOR('',#62110,1.);
#62130=LINE('',#62100,#62120);
#62140=CARTESIAN_POINT('',(3.75,5.57500035530602,0.5));
#62150=VERTEX_POINT('',#62140);
#62160=EDGE_CURVE('',#62150,#61600,#62130,.T.);
#62170=ORIENTED_EDGE('',*,*,#62160,.F.);
#62180=ORIENTED_EDGE('',*,*,#61610,.F.);
#62190=ORIENTED_EDGE('',*,*,#61310,.F.);
#62200=CARTESIAN_POINT('',(4.25,5.57500035530602,0.5));
#62210=DIRECTION('',(-1.,0.,0.));
#62220=VECTOR('',#62210,1.);
#62230=LINE('',#62200,#62220);
#62240=EDGE_CURVE('',#61220,#62150,#62230,.T.);
#62250=ORIENTED_EDGE('',*,*,#62240,.F.);
#62260=EDGE_LOOP('',(#62250,#62190,#62180,#62170));
#62270=FACE_OUTER_BOUND('',#62260,.T.);
#62280=ADVANCED_FACE('',(#62270),#62090,.T.);
#62290=CARTESIAN_POINT('',(3.75,4.21124720530602,-0.081503150000001));
#62300=DIRECTION('',(-1.,0.,0.));
#62310=DIRECTION('',(0.,0.,1.));
#62320=AXIS2_PLACEMENT_3D('',#62290,#62300,#62310);
#62330=PLANE('',#62320);
#62340=ORIENTED_EDGE('',*,*,#61690,.T.);
#62350=ORIENTED_EDGE('',*,*,#62160,.T.);
#62360=CARTESIAN_POINT('',(3.75,5.57500035530601,0.749999999999992));
#62370=DIRECTION('',(-1.,0.,0.));
#62380=DIRECTION('',(0.,0.,1.));
#62390=AXIS2_PLACEMENT_3D('',#62360,#62370,#62380);
#62400=CIRCLE('',#62390,0.249999999999994);
#62410=CARTESIAN_POINT('',(3.75,5.32500035530602,0.75));
#62420=VERTEX_POINT('',#62410);
#62430=EDGE_CURVE('',#62150,#62420,#62400,.T.);
#62440=ORIENTED_EDGE('',*,*,#62430,.F.);
#62450=CARTESIAN_POINT('',(3.75,5.32500035530602,3.346891));
#62460=DIRECTION('',(0.,0.,-1.));
#62470=VECTOR('',#62460,1.);
#62480=LINE('',#62450,#62470);
#62490=CARTESIAN_POINT('',(3.75,5.32500035530602,2.51));
#62500=VERTEX_POINT('',#62490);
#62510=EDGE_CURVE('',#62500,#62420,#62480,.T.);
#62520=ORIENTED_EDGE('',*,*,#62510,.T.);
#62530=CARTESIAN_POINT('',(3.75,4.57500035530601,2.50999999999999));
#62540=DIRECTION('',(1.,0.,0.));
#62550=DIRECTION('',(0.,0.,-1.));
#62560=AXIS2_PLACEMENT_3D('',#62530,#62540,#62550);
#62570=CIRCLE('',#62560,0.750000000000004);
#62580=EDGE_CURVE('',#62500,#60460,#62570,.T.);
#62590=ORIENTED_EDGE('',*,*,#62580,.F.);
#62600=ORIENTED_EDGE('',*,*,#60470,.F.);
#62610=ORIENTED_EDGE('',*,*,#23110,.T.);
#62620=CARTESIAN_POINT('',(3.75,-6.82499964469399,2.76));
#62630=DIRECTION('',(0.,-1.,0.));
#62640=VECTOR('',#62630,1.);
#62650=LINE('',#62620,#62640);
#62660=CARTESIAN_POINT('',(3.75,4.57500035530602,2.76));
#62670=VERTEX_POINT('',#62660);
#62680=EDGE_CURVE('',#62670,#23040,#62650,.T.);
#62690=ORIENTED_EDGE('',*,*,#62680,.T.);
#62700=CARTESIAN_POINT('',(3.75,4.57500035530602,2.51));
#62710=DIRECTION('',(-1.,0.,0.));
#62720=DIRECTION('',(0.,0.,1.));
#62730=AXIS2_PLACEMENT_3D('',#62700,#62710,#62720);
#62740=CIRCLE('',#62730,0.249999999999995);
#62750=CARTESIAN_POINT('',(3.75,4.82500035530602,2.51));
#62760=VERTEX_POINT('',#62750);
#62770=EDGE_CURVE('',#62670,#62760,#62740,.T.);
#62780=ORIENTED_EDGE('',*,*,#62770,.F.);
#62790=CARTESIAN_POINT('',(3.75,4.82500035530602,3.346891));
#62800=DIRECTION('',(0.,-0.,-1.));
#62810=VECTOR('',#62800,1.);
#62820=LINE('',#62790,#62810);
#62830=CARTESIAN_POINT('',(3.75,4.82500035530602,0.75));
#62840=VERTEX_POINT('',#62830);
#62850=EDGE_CURVE('',#62760,#62840,#62820,.T.);
#62860=ORIENTED_EDGE('',*,*,#62850,.F.);
#62870=CARTESIAN_POINT('',(3.75,5.57500035530601,0.749999999999997));
#62880=DIRECTION('',(1.,0.,0.));
#62890=DIRECTION('',(0.,0.,-1.));
#62900=AXIS2_PLACEMENT_3D('',#62870,#62880,#62890);
#62910=CIRCLE('',#62900,0.749999999999998);
#62920=EDGE_CURVE('',#62840,#61930,#62910,.T.);
#62930=ORIENTED_EDGE('',*,*,#62920,.F.);
#62940=ORIENTED_EDGE('',*,*,#61940,.T.);
#62950=EDGE_LOOP('',(#62940,#62930,#62860,#62780,#62690,#62610,#62600,
#62590,#62520,#62440,#62350,#62340));
#62960=FACE_OUTER_BOUND('',#62950,.T.);
#62970=ADVANCED_FACE('',(#62960),#62330,.T.);
#62980=CARTESIAN_POINT('',(3.7374958,5.57500035530601,0.749999999999997)
);
#62990=DIRECTION('',(1.,0.,0.));
#63000=DIRECTION('',(0.,0.,-1.));
#63010=AXIS2_PLACEMENT_3D('',#62980,#62990,#63000);
#63020=CYLINDRICAL_SURFACE('',#63010,0.749999999999998);
#63030=ORIENTED_EDGE('',*,*,#62920,.T.);
#63040=CARTESIAN_POINT('',(3.75,4.82500035530602,0.75));
#63050=DIRECTION('',(1.,0.,0.));
#63060=VECTOR('',#63050,1.);
#63070=LINE('',#63040,#63060);
#63080=EDGE_CURVE('',#62840,#60690,#63070,.T.);
#63090=ORIENTED_EDGE('',*,*,#63080,.F.);
#63100=ORIENTED_EDGE('',*,*,#60720,.F.);
#63110=ORIENTED_EDGE('',*,*,#62000,.T.);
#63120=EDGE_LOOP('',(#63110,#63100,#63090,#63030));
#63130=FACE_OUTER_BOUND('',#63120,.T.);
#63140=ADVANCED_FACE('',(#63130),#63020,.T.);
#63150=CARTESIAN_POINT('',(3.73749685,4.82500035530602,0.70599685));
#63160=DIRECTION('',(0.,-1.,0.));
#63170=DIRECTION('',(1.,0.,0.));
#63180=AXIS2_PLACEMENT_3D('',#63150,#63160,#63170);
#63190=PLANE('',#63180);
#63200=ORIENTED_EDGE('',*,*,#60800,.F.);
#63210=ORIENTED_EDGE('',*,*,#63080,.T.);
#63220=ORIENTED_EDGE('',*,*,#62850,.T.);
#63230=CARTESIAN_POINT('',(4.25,4.82500035530602,2.51));
#63240=DIRECTION('',(-1.,0.,0.));
#63250=VECTOR('',#63240,1.);
#63260=LINE('',#63230,#63250);
#63270=EDGE_CURVE('',#60790,#62760,#63260,.T.);
#63280=ORIENTED_EDGE('',*,*,#63270,.T.);
#63290=EDGE_LOOP('',(#63280,#63220,#63210,#63200));
#63300=FACE_OUTER_BOUND('',#63290,.T.);
#63310=ADVANCED_FACE('',(#63300),#63190,.T.);
#63320=CARTESIAN_POINT('',(4.26250315,4.26749720530602,2.76));
#63330=DIRECTION('',(0.,0.,-1.));
#63340=DIRECTION('',(-1.,-0.,0.));
#63350=AXIS2_PLACEMENT_3D('',#63320,#63330,#63340);
#63360=PLANE('',#63350);
#63370=ORIENTED_EDGE('',*,*,#62680,.F.);
#63380=ORIENTED_EDGE('',*,*,#23050,.T.);
#63390=ORIENTED_EDGE('',*,*,#60950,.T.);
#63400=CARTESIAN_POINT('',(4.25,4.57500035530602,2.76));
#63410=DIRECTION('',(-1.,0.,0.));
#63420=VECTOR('',#63410,1.);
#63430=LINE('',#63400,#63420);
#63440=EDGE_CURVE('',#60880,#62670,#63430,.T.);
#63450=ORIENTED_EDGE('',*,*,#63440,.F.);
#63460=EDGE_LOOP('',(#63450,#63390,#63380,#63370));
#63470=FACE_OUTER_BOUND('',#63460,.T.);
#63480=ADVANCED_FACE('',(#63470),#63360,.T.);
#63490=CARTESIAN_POINT('',(4.2625126,4.57500035530602,2.51));
#63500=DIRECTION('',(-1.,0.,0.));
#63510=DIRECTION('',(0.,0.,1.));
#63520=AXIS2_PLACEMENT_3D('',#63490,#63500,#63510);
#63530=CYLINDRICAL_SURFACE('',#63520,0.249999999999995);
#63540=ORIENTED_EDGE('',*,*,#63270,.F.);
#63550=ORIENTED_EDGE('',*,*,#62770,.T.);
#63560=ORIENTED_EDGE('',*,*,#63440,.T.);
#63570=ORIENTED_EDGE('',*,*,#60890,.F.);
#63580=EDGE_LOOP('',(#63570,#63560,#63550,#63540));
#63590=FACE_OUTER_BOUND('',#63580,.T.);
#63600=ADVANCED_FACE('',(#63590),#63530,.F.);
#63610=CARTESIAN_POINT('',(3.73749685,5.32500035530602,0.705996849999999
));
#63620=DIRECTION('',(0.,1.,-0.));
#63630=DIRECTION('',(-1.,0.,0.));
#63640=AXIS2_PLACEMENT_3D('',#63610,#63620,#63630);
#63650=PLANE('',#63640);
#63660=CARTESIAN_POINT('',(3.75,5.32500035530602,2.51));
#63670=DIRECTION('',(1.,0.,0.));
#63680=VECTOR('',#63670,1.);
#63690=LINE('',#63660,#63680);
#63700=EDGE_CURVE('',#62500,#61050,#63690,.T.);
#63710=ORIENTED_EDGE('',*,*,#63700,.T.);
#63720=ORIENTED_EDGE('',*,*,#62510,.F.);
#63730=CARTESIAN_POINT('',(4.25,5.32500035530602,0.75));
#63740=DIRECTION('',(-1.,0.,0.));
#63750=VECTOR('',#63740,1.);
#63760=LINE('',#63730,#63750);
#63770=EDGE_CURVE('',#61130,#62420,#63760,.T.);
#63780=ORIENTED_EDGE('',*,*,#63770,.T.);
#63790=ORIENTED_EDGE('',*,*,#61140,.T.);
#63800=EDGE_LOOP('',(#63790,#63780,#63720,#63710));
#63810=FACE_OUTER_BOUND('',#63800,.T.);
#63820=ADVANCED_FACE('',(#63810),#63650,.T.);
#63830=CARTESIAN_POINT('',(3.7374958,4.57500035530601,2.50999999999999))
;
#63840=DIRECTION('',(1.,0.,0.));
#63850=DIRECTION('',(0.,0.,-1.));
#63860=AXIS2_PLACEMENT_3D('',#63830,#63840,#63850);
#63870=CYLINDRICAL_SURFACE('',#63860,0.750000000000004);
#63880=ORIENTED_EDGE('',*,*,#61060,.F.);
#63890=ORIENTED_EDGE('',*,*,#60530,.T.);
#63900=ORIENTED_EDGE('',*,*,#62580,.T.);
#63910=ORIENTED_EDGE('',*,*,#63700,.F.);
#63920=EDGE_LOOP('',(#63910,#63900,#63890,#63880));
#63930=FACE_OUTER_BOUND('',#63920,.T.);
#63940=ADVANCED_FACE('',(#63930),#63870,.T.);
#63950=CARTESIAN_POINT('',(4.2625126,5.57500035530601,0.749999999999992)
);
#63960=DIRECTION('',(-1.,0.,0.));
#63970=DIRECTION('',(0.,0.,1.));
#63980=AXIS2_PLACEMENT_3D('',#63950,#63960,#63970);
#63990=CYLINDRICAL_SURFACE('',#63980,0.249999999999994);
#64000=ORIENTED_EDGE('',*,*,#62240,.T.);
#64010=ORIENTED_EDGE('',*,*,#61230,.F.);
#64020=ORIENTED_EDGE('',*,*,#63770,.F.);
#64030=ORIENTED_EDGE('',*,*,#62430,.T.);
#64040=EDGE_LOOP('',(#64030,#64020,#64010,#64000));
#64050=FACE_OUTER_BOUND('',#64040,.T.);
#64060=ADVANCED_FACE('',(#64050),#63990,.F.);
#64070=CARTESIAN_POINT('',(-4.25,4.21124720530602,-0.081503150000001));
#64080=DIRECTION('',(-1.,0.,0.));
#64090=DIRECTION('',(0.,0.,1.));
#64100=AXIS2_PLACEMENT_3D('',#64070,#64080,#64090);
#64110=PLANE('',#64100);
#64120=CARTESIAN_POINT('',(-4.25,6.82500035530602,3.346891));
#64130=DIRECTION('',(0.,0.,-1.));
#64140=VECTOR('',#64130,1.);
#64150=LINE('',#64120,#64140);
#64160=CARTESIAN_POINT('',(-4.25,6.82500035530602,0.5));
#64170=VERTEX_POINT('',#64160);
#64180=CARTESIAN_POINT('',(-4.25,6.82500035530602,0.));
#64190=VERTEX_POINT('',#64180);
#64200=EDGE_CURVE('',#64170,#64190,#64150,.T.);
#64210=ORIENTED_EDGE('',*,*,#64200,.T.);
#64220=CARTESIAN_POINT('',(-4.25,-6.82499964469399,0.5));
#64230=DIRECTION('',(0.,1.,0.));
#64240=VECTOR('',#64230,1.);
#64250=LINE('',#64220,#64240);
#64260=CARTESIAN_POINT('',(-4.25,5.57500035530602,0.5));
#64270=VERTEX_POINT('',#64260);
#64280=EDGE_CURVE('',#64270,#64170,#64250,.T.);
#64290=ORIENTED_EDGE('',*,*,#64280,.T.);
#64300=CARTESIAN_POINT('',(-4.25,5.57500035530602,0.749999999999999));
#64310=DIRECTION('',(-1.,0.,0.));
#64320=DIRECTION('',(0.,0.,1.));
#64330=AXIS2_PLACEMENT_3D('',#64300,#64310,#64320);
#64340=CIRCLE('',#64330,0.249999999999998);
#64350=CARTESIAN_POINT('',(-4.25,5.32500035530602,0.75));
#64360=VERTEX_POINT('',#64350);
#64370=EDGE_CURVE('',#64270,#64360,#64340,.T.);
#64380=ORIENTED_EDGE('',*,*,#64370,.F.);
#64390=CARTESIAN_POINT('',(-4.25,5.32500035530602,3.346891));
#64400=DIRECTION('',(0.,0.,-1.));
#64410=VECTOR('',#64400,1.);
#64420=LINE('',#64390,#64410);
#64430=CARTESIAN_POINT('',(-4.25,5.32500035530602,2.51));
#64440=VERTEX_POINT('',#64430);
#64450=EDGE_CURVE('',#64440,#64360,#64420,.T.);
#64460=ORIENTED_EDGE('',*,*,#64450,.T.);
#64470=CARTESIAN_POINT('',(-4.25,4.57500035530601,2.50999999999999));
#64480=DIRECTION('',(1.,0.,0.));
#64490=DIRECTION('',(0.,0.,-1.));
#64500=AXIS2_PLACEMENT_3D('',#64470,#64480,#64490);
#64510=CIRCLE('',#64500,0.750000000000006);
#64520=CARTESIAN_POINT('',(-4.25,4.57500035530602,3.26));
#64530=VERTEX_POINT('',#64520);
#64540=EDGE_CURVE('',#64440,#64530,#64510,.T.);
#64550=ORIENTED_EDGE('',*,*,#64540,.F.);
#64560=CARTESIAN_POINT('',(-4.25,-6.82499964469399,3.26));
#64570=DIRECTION('',(0.,-1.,0.));
#64580=VECTOR('',#64570,1.);
#64590=LINE('',#64560,#64580);
#64600=EDGE_CURVE('',#64530,#23300,#64590,.T.);
#64610=ORIENTED_EDGE('',*,*,#64600,.F.);
#64620=ORIENTED_EDGE('',*,*,#23310,.T.);
#64630=CARTESIAN_POINT('',(-4.25,-6.82499964469399,2.76));
#64640=DIRECTION('',(0.,-1.,0.));
#64650=VECTOR('',#64640,1.);
#64660=LINE('',#64630,#64650);
#64670=CARTESIAN_POINT('',(-4.25,4.57500035530602,2.76));
#64680=VERTEX_POINT('',#64670);
#64690=EDGE_CURVE('',#64680,#23220,#64660,.T.);
#64700=ORIENTED_EDGE('',*,*,#64690,.T.);
#64710=CARTESIAN_POINT('',(-4.25,4.57500035530601,2.50999999999999));
#64720=DIRECTION('',(-1.,0.,0.));
#64730=DIRECTION('',(0.,0.,1.));
#64740=AXIS2_PLACEMENT_3D('',#64710,#64720,#64730);
#64750=CIRCLE('',#64740,0.250000000000007);
#64760=CARTESIAN_POINT('',(-4.25,4.82500035530602,2.51));
#64770=VERTEX_POINT('',#64760);
#64780=EDGE_CURVE('',#64680,#64770,#64750,.T.);
#64790=ORIENTED_EDGE('',*,*,#64780,.F.);
#64800=CARTESIAN_POINT('',(-4.25,4.82500035530602,3.346891));
#64810=DIRECTION('',(0.,-0.,-1.));
#64820=VECTOR('',#64810,1.);
#64830=LINE('',#64800,#64820);
#64840=CARTESIAN_POINT('',(-4.25,4.82500035530602,0.75));
#64850=VERTEX_POINT('',#64840);
#64860=EDGE_CURVE('',#64770,#64850,#64830,.T.);
#64870=ORIENTED_EDGE('',*,*,#64860,.F.);
#64880=CARTESIAN_POINT('',(-4.25,5.57500035530601,0.749999999999999));
#64890=DIRECTION('',(1.,0.,0.));
#64900=DIRECTION('',(0.,0.,-1.));
#64910=AXIS2_PLACEMENT_3D('',#64880,#64890,#64900);
#64920=CIRCLE('',#64910,0.75);
#64930=CARTESIAN_POINT('',(-4.25,5.57500035530602,0.));
#64940=VERTEX_POINT('',#64930);
#64950=EDGE_CURVE('',#64850,#64940,#64920,.T.);
#64960=ORIENTED_EDGE('',*,*,#64950,.F.);
#64970=CARTESIAN_POINT('',(-4.25,-6.82499964469399,0.));
#64980=DIRECTION('',(0.,-1.,0.));
#64990=VECTOR('',#64980,1.);
#65000=LINE('',#64970,#64990);
#65010=EDGE_CURVE('',#64190,#64940,#65000,.T.);
#65020=ORIENTED_EDGE('',*,*,#65010,.T.);
#65030=EDGE_LOOP('',(#65020,#64960,#64870,#64790,#64700,#64620,#64610,
#64550,#64460,#64380,#64290,#64210));
#65040=FACE_OUTER_BOUND('',#65030,.T.);
#65050=ADVANCED_FACE('',(#65040),#64110,.T.);
#65060=CARTESIAN_POINT('',(-3.73749685,6.82500035530602,
-0.012503150000001));
#65070=DIRECTION('',(0.,1.,-0.));
#65080=DIRECTION('',(-1.,0.,0.));
#65090=AXIS2_PLACEMENT_3D('',#65060,#65070,#65080);
#65100=PLANE('',#65090);
#65110=CARTESIAN_POINT('',(4.463169,6.82500035530602,0.5));
#65120=DIRECTION('',(1.,0.,0.));
#65130=VECTOR('',#65120,1.);
#65140=LINE('',#65110,#65130);
#65150=CARTESIAN_POINT('',(-3.75,6.82500035530602,0.5));
#65160=VERTEX_POINT('',#65150);
#65170=EDGE_CURVE('',#64170,#65160,#65140,.T.);
#65180=ORIENTED_EDGE('',*,*,#65170,.T.);
#65190=ORIENTED_EDGE('',*,*,#64200,.F.);
#65200=CARTESIAN_POINT('',(4.463169,6.82500035530602,0.));
#65210=DIRECTION('',(-1.,-0.,0.));
#65220=VECTOR('',#65210,1.);
#65230=LINE('',#65200,#65220);
#65240=CARTESIAN_POINT('',(-3.75,6.82500035530602,0.));
#65250=VERTEX_POINT('',#65240);
#65260=EDGE_CURVE('',#65250,#64190,#65230,.T.);
#65270=ORIENTED_EDGE('',*,*,#65260,.T.);
#65280=CARTESIAN_POINT('',(-3.75,6.82500035530602,3.346891));
#65290=DIRECTION('',(0.,0.,1.));
#65300=VECTOR('',#65290,1.);
#65310=LINE('',#65280,#65300);
#65320=EDGE_CURVE('',#65250,#65160,#65310,.T.);
#65330=ORIENTED_EDGE('',*,*,#65320,.F.);
#65340=EDGE_LOOP('',(#65330,#65270,#65190,#65180));
#65350=FACE_OUTER_BOUND('',#65340,.T.);
#65360=ADVANCED_FACE('',(#65350),#65100,.T.);
#65370=CARTESIAN_POINT('',(-4.26250315,6.85625350530601,0.));
#65380=DIRECTION('',(0.,0.,-1.));
#65390=DIRECTION('',(-1.,-0.,0.));
#65400=AXIS2_PLACEMENT_3D('',#65370,#65380,#65390);
#65410=PLANE('',#65400);
#65420=CARTESIAN_POINT('',(-3.75,-6.82499964469399,0.));
#65430=DIRECTION('',(0.,1.,-0.));
#65440=VECTOR('',#65430,1.);
#65450=LINE('',#65420,#65440);
#65460=CARTESIAN_POINT('',(-3.75,5.57500035530602,0.));
#65470=VERTEX_POINT('',#65460);
#65480=EDGE_CURVE('',#65470,#65250,#65450,.T.);
#65490=ORIENTED_EDGE('',*,*,#65480,.F.);
#65500=ORIENTED_EDGE('',*,*,#65260,.F.);
#65510=ORIENTED_EDGE('',*,*,#65010,.F.);
#65520=CARTESIAN_POINT('',(-4.25,5.57500035530602,0.));
#65530=DIRECTION('',(1.,0.,0.));
#65540=VECTOR('',#65530,1.);
#65550=LINE('',#65520,#65540);
#65560=EDGE_CURVE('',#64940,#65470,#65550,.T.);
#65570=ORIENTED_EDGE('',*,*,#65560,.F.);
#65580=EDGE_LOOP('',(#65570,#65510,#65500,#65490));
#65590=FACE_OUTER_BOUND('',#65580,.T.);
#65600=ADVANCED_FACE('',(#65590),#65410,.T.);
#65610=CARTESIAN_POINT('',(-4.2625042,5.57500035530601,0.749999999999999
));
#65620=DIRECTION('',(1.,0.,0.));
#65630=DIRECTION('',(0.,0.,-1.));
#65640=AXIS2_PLACEMENT_3D('',#65610,#65620,#65630);
#65650=CYLINDRICAL_SURFACE('',#65640,0.75);
#65660=ORIENTED_EDGE('',*,*,#64950,.T.);
#65670=CARTESIAN_POINT('',(-4.25,4.82500035530602,0.75));
#65680=DIRECTION('',(1.,0.,0.));
#65690=VECTOR('',#65680,1.);
#65700=LINE('',#65670,#65690);
#65710=CARTESIAN_POINT('',(-3.75,4.82500035530602,0.75));
#65720=VERTEX_POINT('',#65710);
#65730=EDGE_CURVE('',#64850,#65720,#65700,.T.);
#65740=ORIENTED_EDGE('',*,*,#65730,.F.);
#65750=CARTESIAN_POINT('',(-3.75,5.57500035530601,0.749999999999999));
#65760=DIRECTION('',(1.,0.,0.));
#65770=DIRECTION('',(0.,0.,-1.));
#65780=AXIS2_PLACEMENT_3D('',#65750,#65760,#65770);
#65790=CIRCLE('',#65780,0.75);
#65800=EDGE_CURVE('',#65720,#65470,#65790,.T.);
#65810=ORIENTED_EDGE('',*,*,#65800,.F.);
#65820=ORIENTED_EDGE('',*,*,#65560,.T.);
#65830=EDGE_LOOP('',(#65820,#65810,#65740,#65660));
#65840=FACE_OUTER_BOUND('',#65830,.T.);
#65850=ADVANCED_FACE('',(#65840),#65650,.T.);
#65860=CARTESIAN_POINT('',(-3.75,6.88875350530602,-0.081503150000001));
#65870=DIRECTION('',(1.,-0.,0.));
#65880=DIRECTION('',(0.,0.,-1.));
#65890=AXIS2_PLACEMENT_3D('',#65860,#65870,#65880);
#65900=PLANE('',#65890);
#65910=ORIENTED_EDGE('',*,*,#65800,.T.);
#65920=CARTESIAN_POINT('',(-3.75,4.82500035530602,3.346891));
#65930=DIRECTION('',(0.,0.,-1.));
#65940=VECTOR('',#65930,1.);
#65950=LINE('',#65920,#65940);
#65960=CARTESIAN_POINT('',(-3.75,4.82500035530602,2.51));
#65970=VERTEX_POINT('',#65960);
#65980=EDGE_CURVE('',#65970,#65720,#65950,.T.);
#65990=ORIENTED_EDGE('',*,*,#65980,.T.);
#66000=CARTESIAN_POINT('',(-3.75,4.57500035530601,2.50999999999999));
#66010=DIRECTION('',(-1.,0.,0.));
#66020=DIRECTION('',(0.,0.,1.));
#66030=AXIS2_PLACEMENT_3D('',#66000,#66010,#66020);
#66040=CIRCLE('',#66030,0.250000000000007);
#66050=CARTESIAN_POINT('',(-3.75,4.57500035530602,2.76));
#66060=VERTEX_POINT('',#66050);
#66070=EDGE_CURVE('',#66060,#65970,#66040,.T.);
#66080=ORIENTED_EDGE('',*,*,#66070,.T.);
#66090=CARTESIAN_POINT('',(-3.75,-6.82499964469399,2.76));
#66100=DIRECTION('',(0.,-1.,0.));
#66110=VECTOR('',#66100,1.);
#66120=LINE('',#66090,#66110);
#66130=EDGE_CURVE('',#66060,#23200,#66120,.T.);
#66140=ORIENTED_EDGE('',*,*,#66130,.F.);
#66150=ORIENTED_EDGE('',*,*,#23450,.T.);
#66160=CARTESIAN_POINT('',(-3.75,-6.82499964469399,3.26));
#66170=DIRECTION('',(0.,-1.,0.));
#66180=VECTOR('',#66170,1.);
#66190=LINE('',#66160,#66180);
#66200=CARTESIAN_POINT('',(-3.75,4.57500035530602,3.26));
#66210=VERTEX_POINT('',#66200);
#66220=EDGE_CURVE('',#66210,#23380,#66190,.T.);
#66230=ORIENTED_EDGE('',*,*,#66220,.T.);
#66240=CARTESIAN_POINT('',(-3.75,4.57500035530601,2.50999999999999));
#66250=DIRECTION('',(1.,0.,0.));
#66260=DIRECTION('',(0.,0.,-1.));
#66270=AXIS2_PLACEMENT_3D('',#66240,#66250,#66260);
#66280=CIRCLE('',#66270,0.750000000000006);
#66290=CARTESIAN_POINT('',(-3.75,5.32500035530602,2.51));
#66300=VERTEX_POINT('',#66290);
#66310=EDGE_CURVE('',#66300,#66210,#66280,.T.);
#66320=ORIENTED_EDGE('',*,*,#66310,.T.);
#66330=CARTESIAN_POINT('',(-3.75,5.32500035530602,3.346891));
#66340=DIRECTION('',(-0.,0.,-1.));
#66350=VECTOR('',#66340,1.);
#66360=LINE('',#66330,#66350);
#66370=CARTESIAN_POINT('',(-3.75,5.32500035530602,0.75));
#66380=VERTEX_POINT('',#66370);
#66390=EDGE_CURVE('',#66300,#66380,#66360,.T.);
#66400=ORIENTED_EDGE('',*,*,#66390,.F.);
#66410=CARTESIAN_POINT('',(-3.75,5.57500035530602,0.749999999999999));
#66420=DIRECTION('',(-1.,0.,0.));
#66430=DIRECTION('',(0.,0.,1.));
#66440=AXIS2_PLACEMENT_3D('',#66410,#66420,#66430);
#66450=CIRCLE('',#66440,0.249999999999998);
#66460=CARTESIAN_POINT('',(-3.75,5.57500035530602,0.5));
#66470=VERTEX_POINT('',#66460);
#66480=EDGE_CURVE('',#66470,#66380,#66450,.T.);
#66490=ORIENTED_EDGE('',*,*,#66480,.T.);
#66500=CARTESIAN_POINT('',(-3.75,-6.82499964469399,0.5));
#66510=DIRECTION('',(0.,-1.,0.));
#66520=VECTOR('',#66510,1.);
#66530=LINE('',#66500,#66520);
#66540=EDGE_CURVE('',#65160,#66470,#66530,.T.);
#66550=ORIENTED_EDGE('',*,*,#66540,.T.);
#66560=ORIENTED_EDGE('',*,*,#65320,.T.);
#66570=ORIENTED_EDGE('',*,*,#65480,.T.);
#66580=EDGE_LOOP('',(#66570,#66560,#66550,#66490,#66400,#66320,#66230,
#66150,#66140,#66080,#65990,#65910));
#66590=FACE_OUTER_BOUND('',#66580,.T.);
#66600=ADVANCED_FACE('',(#66590),#65900,.T.);
#66610=CARTESIAN_POINT('',(-3.73749685,6.85625350530601,0.5));
#66620=DIRECTION('',(0.,0.,1.));
#66630=DIRECTION('',(1.,0.,0.));
#66640=AXIS2_PLACEMENT_3D('',#66610,#66620,#66630);
#66650=PLANE('',#66640);
#66660=ORIENTED_EDGE('',*,*,#64280,.F.);
#66670=ORIENTED_EDGE('',*,*,#65170,.F.);
#66680=ORIENTED_EDGE('',*,*,#66540,.F.);
#66690=CARTESIAN_POINT('',(-3.75,5.57500035530602,0.5));
#66700=DIRECTION('',(-1.,0.,0.));
#66710=VECTOR('',#66700,1.);
#66720=LINE('',#66690,#66710);
#66730=EDGE_CURVE('',#66470,#64270,#66720,.T.);
#66740=ORIENTED_EDGE('',*,*,#66730,.F.);
#66750=EDGE_LOOP('',(#66740,#66680,#66670,#66660));
#66760=FACE_OUTER_BOUND('',#66750,.T.);
#66770=ADVANCED_FACE('',(#66760),#66650,.T.);
#66780=CARTESIAN_POINT('',(-4.26250315,5.32500035530602,0.70599685));
#66790=DIRECTION('',(0.,1.,-0.));
#66800=DIRECTION('',(-1.,0.,0.));
#66810=AXIS2_PLACEMENT_3D('',#66780,#66790,#66800);
#66820=PLANE('',#66810);
#66830=CARTESIAN_POINT('',(-4.25,5.32500035530602,2.51));
#66840=DIRECTION('',(1.,0.,0.));
#66850=VECTOR('',#66840,1.);
#66860=LINE('',#66830,#66850);
#66870=EDGE_CURVE('',#64440,#66300,#66860,.T.);
#66880=ORIENTED_EDGE('',*,*,#66870,.T.);
#66890=ORIENTED_EDGE('',*,*,#64450,.F.);
#66900=CARTESIAN_POINT('',(-3.75,5.32500035530602,0.75));
#66910=DIRECTION('',(-1.,0.,0.));
#66920=VECTOR('',#66910,1.);
#66930=LINE('',#66900,#66920);
#66940=EDGE_CURVE('',#66380,#64360,#66930,.T.);
#66950=ORIENTED_EDGE('',*,*,#66940,.T.);
#66960=ORIENTED_EDGE('',*,*,#66390,.T.);
#66970=EDGE_LOOP('',(#66960,#66950,#66890,#66880));
#66980=FACE_OUTER_BOUND('',#66970,.T.);
#66990=ADVANCED_FACE('',(#66980),#66820,.T.);
#67000=CARTESIAN_POINT('',(-4.26250315,4.26749720530602,3.26));
#67010=DIRECTION('',(0.,0.,1.));
#67020=DIRECTION('',(1.,0.,0.));
#67030=AXIS2_PLACEMENT_3D('',#67000,#67010,#67020);
#67040=PLANE('',#67030);
#67050=ORIENTED_EDGE('',*,*,#66220,.F.);
#67060=ORIENTED_EDGE('',*,*,#23390,.T.);
#67070=ORIENTED_EDGE('',*,*,#64600,.T.);
#67080=CARTESIAN_POINT('',(-4.25,4.57500035530602,3.26));
#67090=DIRECTION('',(1.,0.,0.));
#67100=VECTOR('',#67090,1.);
#67110=LINE('',#67080,#67100);
#67120=EDGE_CURVE('',#64530,#66210,#67110,.T.);
#67130=ORIENTED_EDGE('',*,*,#67120,.F.);
#67140=EDGE_LOOP('',(#67130,#67070,#67060,#67050));
#67150=FACE_OUTER_BOUND('',#67140,.T.);
#67160=ADVANCED_FACE('',(#67150),#67040,.T.);
#67170=CARTESIAN_POINT('',(-4.2625042,4.57500035530601,2.50999999999999)
);
#67180=DIRECTION('',(1.,0.,0.));
#67190=DIRECTION('',(0.,0.,-1.));
#67200=AXIS2_PLACEMENT_3D('',#67170,#67180,#67190);
#67210=CYLINDRICAL_SURFACE('',#67200,0.750000000000006);
#67220=ORIENTED_EDGE('',*,*,#66310,.F.);
#67230=ORIENTED_EDGE('',*,*,#67120,.T.);
#67240=ORIENTED_EDGE('',*,*,#64540,.T.);
#67250=ORIENTED_EDGE('',*,*,#66870,.F.);
#67260=EDGE_LOOP('',(#67250,#67240,#67230,#67220));
#67270=FACE_OUTER_BOUND('',#67260,.T.);
#67280=ADVANCED_FACE('',(#67270),#67210,.T.);
#67290=CARTESIAN_POINT('',(-3.7374874,5.57500035530602,0.749999999999999
));
#67300=DIRECTION('',(-1.,0.,0.));
#67310=DIRECTION('',(0.,0.,1.));
#67320=AXIS2_PLACEMENT_3D('',#67290,#67300,#67310);
#67330=CYLINDRICAL_SURFACE('',#67320,0.249999999999998);
#67340=ORIENTED_EDGE('',*,*,#66730,.T.);
#67350=ORIENTED_EDGE('',*,*,#66480,.F.);
#67360=ORIENTED_EDGE('',*,*,#66940,.F.);
#67370=ORIENTED_EDGE('',*,*,#64370,.T.);
#67380=EDGE_LOOP('',(#67370,#67360,#67350,#67340));
#67390=FACE_OUTER_BOUND('',#67380,.T.);
#67400=ADVANCED_FACE('',(#67390),#67330,.F.);
#67410=CARTESIAN_POINT('',(-3.7374874,4.57500035530601,2.50999999999999)
);
#67420=DIRECTION('',(-1.,0.,0.));
#67430=DIRECTION('',(0.,0.,1.));
#67440=AXIS2_PLACEMENT_3D('',#67410,#67420,#67430);
#67450=CYLINDRICAL_SURFACE('',#67440,0.250000000000007);
#67460=CARTESIAN_POINT('',(-3.75,4.82500035530602,2.51));
#67470=DIRECTION('',(-1.,0.,0.));
#67480=VECTOR('',#67470,1.);
#67490=LINE('',#67460,#67480);
#67500=EDGE_CURVE('',#65970,#64770,#67490,.T.);
#67510=ORIENTED_EDGE('',*,*,#67500,.F.);
#67520=ORIENTED_EDGE('',*,*,#64780,.T.);
#67530=CARTESIAN_POINT('',(-3.75,4.57500035530602,2.76));
#67540=DIRECTION('',(-1.,0.,0.));
#67550=VECTOR('',#67540,1.);
#67560=LINE('',#67530,#67550);
#67570=EDGE_CURVE('',#66060,#64680,#67560,.T.);
#67580=ORIENTED_EDGE('',*,*,#67570,.T.);
#67590=ORIENTED_EDGE('',*,*,#66070,.F.);
#67600=EDGE_LOOP('',(#67590,#67580,#67520,#67510));
#67610=FACE_OUTER_BOUND('',#67600,.T.);
#67620=ADVANCED_FACE('',(#67610),#67450,.F.);
#67630=CARTESIAN_POINT('',(-4.26250315,4.82500035530602,0.70599685));
#67640=DIRECTION('',(0.,-1.,0.));
#67650=DIRECTION('',(1.,0.,0.));
#67660=AXIS2_PLACEMENT_3D('',#67630,#67640,#67650);
#67670=PLANE('',#67660);
#67680=ORIENTED_EDGE('',*,*,#65980,.F.);
#67690=ORIENTED_EDGE('',*,*,#65730,.T.);
#67700=ORIENTED_EDGE('',*,*,#64860,.T.);
#67710=ORIENTED_EDGE('',*,*,#67500,.T.);
#67720=EDGE_LOOP('',(#67710,#67700,#67690,#67680));
#67730=FACE_OUTER_BOUND('',#67720,.T.);
#67740=ADVANCED_FACE('',(#67730),#67670,.T.);
#67750=CARTESIAN_POINT('',(-3.73749685,4.26749720530602,2.76));
#67760=DIRECTION('',(0.,0.,-1.));
#67770=DIRECTION('',(-1.,-0.,0.));
#67780=AXIS2_PLACEMENT_3D('',#67750,#67760,#67770);
#67790=PLANE('',#67780);
#67800=ORIENTED_EDGE('',*,*,#64690,.F.);
#67810=ORIENTED_EDGE('',*,*,#23230,.T.);
#67820=ORIENTED_EDGE('',*,*,#66130,.T.);
#67830=ORIENTED_EDGE('',*,*,#67570,.F.);
#67840=EDGE_LOOP('',(#67830,#67820,#67810,#67800));
#67850=FACE_OUTER_BOUND('',#67840,.T.);
#67860=ADVANCED_FACE('',(#67850),#67790,.T.);
#67870=CARTESIAN_POINT('',(-2.26250315,4.26749720530602,3.26));
#67880=DIRECTION('',(0.,0.,1.));
#67890=DIRECTION('',(1.,0.,0.));
#67900=AXIS2_PLACEMENT_3D('',#67870,#67880,#67890);
#67910=PLANE('',#67900);
#67920=CARTESIAN_POINT('',(-1.75,-6.82499964469399,3.26));
#67930=DIRECTION('',(0.,1.,0.));
#67940=VECTOR('',#67930,1.);
#67950=LINE('',#67920,#67940);
#67960=CARTESIAN_POINT('',(-1.75,4.57500035530602,3.26));
#67970=VERTEX_POINT('',#67960);
#67980=EDGE_CURVE('',#23560,#67970,#67950,.T.);
#67990=ORIENTED_EDGE('',*,*,#67980,.T.);
#68000=ORIENTED_EDGE('',*,*,#23570,.T.);
#68010=CARTESIAN_POINT('',(-2.25,-6.82499964469399,3.26));
#68020=DIRECTION('',(0.,-1.,0.));
#68030=VECTOR('',#68020,1.);
#68040=LINE('',#68010,#68030);
#68050=CARTESIAN_POINT('',(-2.25,4.57500035530602,3.26));
#68060=VERTEX_POINT('',#68050);
#68070=EDGE_CURVE('',#68060,#23540,#68040,.T.);
#68080=ORIENTED_EDGE('',*,*,#68070,.T.);
#68090=CARTESIAN_POINT('',(-2.25,4.57500035530602,3.26));
#68100=DIRECTION('',(1.,0.,0.));
#68110=VECTOR('',#68100,1.);
#68120=LINE('',#68090,#68110);
#68130=EDGE_CURVE('',#68060,#67970,#68120,.T.);
#68140=ORIENTED_EDGE('',*,*,#68130,.F.);
#68150=EDGE_LOOP('',(#68140,#68080,#68000,#67990));
#68160=FACE_OUTER_BOUND('',#68150,.T.);
#68170=ADVANCED_FACE('',(#68160),#67910,.T.);
#68180=CARTESIAN_POINT('',(-1.75,6.88875350530602,-0.081503150000001));
#68190=DIRECTION('',(1.,-0.,0.));
#68200=DIRECTION('',(0.,0.,-1.));
#68210=AXIS2_PLACEMENT_3D('',#68180,#68190,#68200);
#68220=PLANE('',#68210);
#68230=CARTESIAN_POINT('',(-1.75,5.57500035530601,0.749999999999999));
#68240=DIRECTION('',(1.,0.,0.));
#68250=DIRECTION('',(0.,0.,-1.));
#68260=AXIS2_PLACEMENT_3D('',#68230,#68240,#68250);
#68270=CIRCLE('',#68260,0.75);
#68280=CARTESIAN_POINT('',(-1.75,4.82500035530602,0.75));
#68290=VERTEX_POINT('',#68280);
#68300=CARTESIAN_POINT('',(-1.75,5.57500035530602,0.));
#68310=VERTEX_POINT('',#68300);
#68320=EDGE_CURVE('',#68290,#68310,#68270,.T.);
#68330=ORIENTED_EDGE('',*,*,#68320,.T.);
#68340=CARTESIAN_POINT('',(-1.75,4.82500035530602,3.346891));
#68350=DIRECTION('',(0.,0.,1.));
#68360=VECTOR('',#68350,1.);
#68370=LINE('',#68340,#68360);
#68380=CARTESIAN_POINT('',(-1.75,4.82500035530602,2.51));
#68390=VERTEX_POINT('',#68380);
#68400=EDGE_CURVE('',#68290,#68390,#68370,.T.);
#68410=ORIENTED_EDGE('',*,*,#68400,.F.);
#68420=CARTESIAN_POINT('',(-1.75,4.57500035530601,2.50999999999999));
#68430=DIRECTION('',(-1.,0.,0.));
#68440=DIRECTION('',(0.,0.,1.));
#68450=AXIS2_PLACEMENT_3D('',#68420,#68430,#68440);
#68460=CIRCLE('',#68450,0.250000000000007);
#68470=CARTESIAN_POINT('',(-1.75,4.57500035530602,2.76));
#68480=VERTEX_POINT('',#68470);
#68490=EDGE_CURVE('',#68480,#68390,#68460,.T.);
#68500=ORIENTED_EDGE('',*,*,#68490,.T.);
#68510=CARTESIAN_POINT('',(-1.75,-6.82499964469399,2.76));
#68520=DIRECTION('',(0.,-1.,0.));
#68530=VECTOR('',#68520,1.);
#68540=LINE('',#68510,#68530);
#68550=EDGE_CURVE('',#68480,#23640,#68540,.T.);
#68560=ORIENTED_EDGE('',*,*,#68550,.F.);
#68570=ORIENTED_EDGE('',*,*,#23650,.T.);
#68580=ORIENTED_EDGE('',*,*,#67980,.F.);
#68590=CARTESIAN_POINT('',(-1.75,4.57500035530601,2.50999999999999));
#68600=DIRECTION('',(1.,0.,0.));
#68610=DIRECTION('',(0.,0.,-1.));
#68620=AXIS2_PLACEMENT_3D('',#68590,#68600,#68610);
#68630=CIRCLE('',#68620,0.750000000000006);
#68640=CARTESIAN_POINT('',(-1.75,5.32500035530602,2.51));
#68650=VERTEX_POINT('',#68640);
#68660=EDGE_CURVE('',#68650,#67970,#68630,.T.);
#68670=ORIENTED_EDGE('',*,*,#68660,.T.);
#68680=CARTESIAN_POINT('',(-1.75,5.32500035530602,3.346891));
#68690=DIRECTION('',(0.,0.,1.));
#68700=VECTOR('',#68690,1.);
#68710=LINE('',#68680,#68700);
#68720=CARTESIAN_POINT('',(-1.75,5.32500035530602,0.75));
#68730=VERTEX_POINT('',#68720);
#68740=EDGE_CURVE('',#68730,#68650,#68710,.T.);
#68750=ORIENTED_EDGE('',*,*,#68740,.T.);
#68760=CARTESIAN_POINT('',(-1.75,5.57500035530601,0.749999999999992));
#68770=DIRECTION('',(-1.,0.,0.));
#68780=DIRECTION('',(0.,0.,1.));
#68790=AXIS2_PLACEMENT_3D('',#68760,#68770,#68780);
#68800=CIRCLE('',#68790,0.249999999999994);
#68810=CARTESIAN_POINT('',(-1.75,5.57500035530602,0.5));
#68820=VERTEX_POINT('',#68810);
#68830=EDGE_CURVE('',#68820,#68730,#68800,.T.);
#68840=ORIENTED_EDGE('',*,*,#68830,.T.);
#68850=CARTESIAN_POINT('',(-1.75,-6.82499964469399,0.5));
#68860=DIRECTION('',(0.,1.,0.));
#68870=VECTOR('',#68860,1.);
#68880=LINE('',#68850,#68870);
#68890=CARTESIAN_POINT('',(-1.75,6.82500035530602,0.5));
#68900=VERTEX_POINT('',#68890);
#68910=EDGE_CURVE('',#68820,#68900,#68880,.T.);
#68920=ORIENTED_EDGE('',*,*,#68910,.F.);
#68930=CARTESIAN_POINT('',(-1.75,6.82500035530602,3.346891));
#68940=DIRECTION('',(-0.,0.,-1.));
#68950=VECTOR('',#68940,1.);
#68960=LINE('',#68930,#68950);
#68970=CARTESIAN_POINT('',(-1.75,6.82500035530602,0.));
#68980=VERTEX_POINT('',#68970);
#68990=EDGE_CURVE('',#68900,#68980,#68960,.T.);
#69000=ORIENTED_EDGE('',*,*,#68990,.F.);
#69010=CARTESIAN_POINT('',(-1.75,-6.82499964469399,0.));
#69020=DIRECTION('',(0.,-1.,0.));
#69030=VECTOR('',#69020,1.);
#69040=LINE('',#69010,#69030);
#69050=EDGE_CURVE('',#68980,#68310,#69040,.T.);
#69060=ORIENTED_EDGE('',*,*,#69050,.F.);
#69070=EDGE_LOOP('',(#69060,#69000,#68920,#68840,#68750,#68670,#68580,
#68570,#68560,#68500,#68410,#68330));
#69080=FACE_OUTER_BOUND('',#69070,.T.);
#69090=ADVANCED_FACE('',(#69080),#68220,.T.);
#69100=CARTESIAN_POINT('',(-1.73749685,6.82500035530602,
-0.012503150000001));
#69110=DIRECTION('',(0.,1.,-0.));
#69120=DIRECTION('',(-1.,0.,0.));
#69130=AXIS2_PLACEMENT_3D('',#69100,#69110,#69120);
#69140=PLANE('',#69130);
#69150=CARTESIAN_POINT('',(4.463169,6.82500035530602,0.5));
#69160=DIRECTION('',(-1.,0.,0.));
#69170=VECTOR('',#69160,1.);
#69180=LINE('',#69150,#69170);
#69190=CARTESIAN_POINT('',(-2.25,6.82500035530602,0.5));
#69200=VERTEX_POINT('',#69190);
#69210=EDGE_CURVE('',#68900,#69200,#69180,.T.);
#69220=ORIENTED_EDGE('',*,*,#69210,.F.);
#69230=CARTESIAN_POINT('',(-2.25,6.82500035530602,3.346891));
#69240=DIRECTION('',(-0.,0.,-1.));
#69250=VECTOR('',#69240,1.);
#69260=LINE('',#69230,#69250);
#69270=CARTESIAN_POINT('',(-2.25,6.82500035530602,0.));
#69280=VERTEX_POINT('',#69270);
#69290=EDGE_CURVE('',#69200,#69280,#69260,.T.);
#69300=ORIENTED_EDGE('',*,*,#69290,.F.);
#69310=CARTESIAN_POINT('',(4.463169,6.82500035530602,0.));
#69320=DIRECTION('',(1.,0.,0.));
#69330=VECTOR('',#69320,1.);
#69340=LINE('',#69310,#69330);
#69350=EDGE_CURVE('',#69280,#68980,#69340,.T.);
#69360=ORIENTED_EDGE('',*,*,#69350,.F.);
#69370=ORIENTED_EDGE('',*,*,#68990,.T.);
#69380=EDGE_LOOP('',(#69370,#69360,#69300,#69220));
#69390=FACE_OUTER_BOUND('',#69380,.T.);
#69400=ADVANCED_FACE('',(#69390),#69140,.T.);
#69410=CARTESIAN_POINT('',(-2.26250315,6.85625350530601,0.));
#69420=DIRECTION('',(0.,0.,-1.));
#69430=DIRECTION('',(-1.,-0.,0.));
#69440=AXIS2_PLACEMENT_3D('',#69410,#69420,#69430);
#69450=PLANE('',#69440);
#69460=ORIENTED_EDGE('',*,*,#69050,.T.);
#69470=ORIENTED_EDGE('',*,*,#69350,.T.);
#69480=CARTESIAN_POINT('',(-2.25,-6.82499964469399,0.));
#69490=DIRECTION('',(0.,-1.,0.));
#69500=VECTOR('',#69490,1.);
#69510=LINE('',#69480,#69500);
#69520=CARTESIAN_POINT('',(-2.25,5.57500035530602,0.));
#69530=VERTEX_POINT('',#69520);
#69540=EDGE_CURVE('',#69280,#69530,#69510,.T.);
#69550=ORIENTED_EDGE('',*,*,#69540,.F.);
#69560=CARTESIAN_POINT('',(-2.25,5.57500035530602,0.));
#69570=DIRECTION('',(1.,0.,0.));
#69580=VECTOR('',#69570,1.);
#69590=LINE('',#69560,#69580);
#69600=EDGE_CURVE('',#69530,#68310,#69590,.T.);
#69610=ORIENTED_EDGE('',*,*,#69600,.F.);
#69620=EDGE_LOOP('',(#69610,#69550,#69470,#69460));
#69630=FACE_OUTER_BOUND('',#69620,.T.);
#69640=ADVANCED_FACE('',(#69630),#69450,.T.);
#69650=CARTESIAN_POINT('',(-1.73749685,6.85625350530601,0.5));
#69660=DIRECTION('',(0.,0.,1.));
#69670=DIRECTION('',(1.,0.,0.));
#69680=AXIS2_PLACEMENT_3D('',#69650,#69660,#69670);
#69690=PLANE('',#69680);
#69700=CARTESIAN_POINT('',(-2.25,-6.82499964469399,0.5));
#69710=DIRECTION('',(-0.,1.,0.));
#69720=VECTOR('',#69710,1.);
#69730=LINE('',#69700,#69720);
#69740=CARTESIAN_POINT('',(-2.25,5.57500035530602,0.5));
#69750=VERTEX_POINT('',#69740);
#69760=EDGE_CURVE('',#69750,#69200,#69730,.T.);
#69770=ORIENTED_EDGE('',*,*,#69760,.F.);
#69780=ORIENTED_EDGE('',*,*,#69210,.T.);
#69790=ORIENTED_EDGE('',*,*,#68910,.T.);
#69800=CARTESIAN_POINT('',(-1.75,5.57500035530602,0.5));
#69810=DIRECTION('',(-1.,0.,0.));
#69820=VECTOR('',#69810,1.);
#69830=LINE('',#69800,#69820);
#69840=EDGE_CURVE('',#68820,#69750,#69830,.T.);
#69850=ORIENTED_EDGE('',*,*,#69840,.F.);
#69860=EDGE_LOOP('',(#69850,#69790,#69780,#69770));
#69870=FACE_OUTER_BOUND('',#69860,.T.);
#69880=ADVANCED_FACE('',(#69870),#69690,.T.);
#69890=CARTESIAN_POINT('',(-2.25,4.21124720530602,-0.081503150000001));
#69900=DIRECTION('',(-1.,0.,0.));
#69910=DIRECTION('',(0.,0.,1.));
#69920=AXIS2_PLACEMENT_3D('',#69890,#69900,#69910);
#69930=PLANE('',#69920);
#69940=ORIENTED_EDGE('',*,*,#69290,.T.);
#69950=ORIENTED_EDGE('',*,*,#69760,.T.);
#69960=CARTESIAN_POINT('',(-2.25,5.57500035530601,0.749999999999992));
#69970=DIRECTION('',(-1.,0.,0.));
#69980=DIRECTION('',(0.,0.,1.));
#69990=AXIS2_PLACEMENT_3D('',#69960,#69970,#69980);
#70000=CIRCLE('',#69990,0.249999999999994);
#70010=CARTESIAN_POINT('',(-2.25,5.32500035530602,0.75));
#70020=VERTEX_POINT('',#70010);
#70030=EDGE_CURVE('',#69750,#70020,#70000,.T.);
#70040=ORIENTED_EDGE('',*,*,#70030,.F.);
#70050=CARTESIAN_POINT('',(-2.25,5.32500035530602,3.346891));
#70060=DIRECTION('',(0.,0.,-1.));
#70070=VECTOR('',#70060,1.);
#70080=LINE('',#70050,#70070);
#70090=CARTESIAN_POINT('',(-2.25,5.32500035530602,2.51));
#70100=VERTEX_POINT('',#70090);
#70110=EDGE_CURVE('',#70100,#70020,#70080,.T.);
#70120=ORIENTED_EDGE('',*,*,#70110,.T.);
#70130=CARTESIAN_POINT('',(-2.25,4.57500035530601,2.50999999999999));
#70140=DIRECTION('',(1.,0.,0.));
#70150=DIRECTION('',(0.,0.,-1.));
#70160=AXIS2_PLACEMENT_3D('',#70130,#70140,#70150);
#70170=CIRCLE('',#70160,0.750000000000006);
#70180=EDGE_CURVE('',#70100,#68060,#70170,.T.);
#70190=ORIENTED_EDGE('',*,*,#70180,.F.);
#70200=ORIENTED_EDGE('',*,*,#68070,.F.);
#70210=ORIENTED_EDGE('',*,*,#23790,.T.);
#70220=CARTESIAN_POINT('',(-2.25,-6.82499964469399,2.76));
#70230=DIRECTION('',(-0.,1.,0.));
#70240=VECTOR('',#70230,1.);
#70250=LINE('',#70220,#70240);
#70260=CARTESIAN_POINT('',(-2.25,4.57500035530602,2.76));
#70270=VERTEX_POINT('',#70260);
#70280=EDGE_CURVE('',#23720,#70270,#70250,.T.);
#70290=ORIENTED_EDGE('',*,*,#70280,.F.);
#70300=CARTESIAN_POINT('',(-2.25,4.57500035530601,2.50999999999999));
#70310=DIRECTION('',(-1.,0.,0.));
#70320=DIRECTION('',(0.,0.,1.));
#70330=AXIS2_PLACEMENT_3D('',#70300,#70310,#70320);
#70340=CIRCLE('',#70330,0.250000000000007);
#70350=CARTESIAN_POINT('',(-2.25,4.82500035530602,2.51));
#70360=VERTEX_POINT('',#70350);
#70370=EDGE_CURVE('',#70270,#70360,#70340,.T.);
#70380=ORIENTED_EDGE('',*,*,#70370,.F.);
#70390=CARTESIAN_POINT('',(-2.25,4.82500035530602,3.346891));
#70400=DIRECTION('',(0.,-0.,-1.));
#70410=VECTOR('',#70400,1.);
#70420=LINE('',#70390,#70410);
#70430=CARTESIAN_POINT('',(-2.25,4.82500035530602,0.75));
#70440=VERTEX_POINT('',#70430);
#70450=EDGE_CURVE('',#70360,#70440,#70420,.T.);
#70460=ORIENTED_EDGE('',*,*,#70450,.F.);
#70470=CARTESIAN_POINT('',(-2.25,5.57500035530601,0.749999999999999));
#70480=DIRECTION('',(1.,0.,0.));
#70490=DIRECTION('',(0.,0.,-1.));
#70500=AXIS2_PLACEMENT_3D('',#70470,#70480,#70490);
#70510=CIRCLE('',#70500,0.75);
#70520=EDGE_CURVE('',#70440,#69530,#70510,.T.);
#70530=ORIENTED_EDGE('',*,*,#70520,.F.);
#70540=ORIENTED_EDGE('',*,*,#69540,.T.);
#70550=EDGE_LOOP('',(#70540,#70530,#70460,#70380,#70290,#70210,#70200,
#70190,#70120,#70040,#69950,#69940));
#70560=FACE_OUTER_BOUND('',#70550,.T.);
#70570=ADVANCED_FACE('',(#70560),#69930,.T.);
#70580=CARTESIAN_POINT('',(-2.2625042,5.57500035530601,0.749999999999999
));
#70590=DIRECTION('',(1.,0.,0.));
#70600=DIRECTION('',(0.,0.,-1.));
#70610=AXIS2_PLACEMENT_3D('',#70580,#70590,#70600);
#70620=CYLINDRICAL_SURFACE('',#70610,0.75);
#70630=ORIENTED_EDGE('',*,*,#70520,.T.);
#70640=CARTESIAN_POINT('',(-2.25,4.82500035530602,0.75));
#70650=DIRECTION('',(1.,0.,0.));
#70660=VECTOR('',#70650,1.);
#70670=LINE('',#70640,#70660);
#70680=EDGE_CURVE('',#70440,#68290,#70670,.T.);
#70690=ORIENTED_EDGE('',*,*,#70680,.F.);
#70700=ORIENTED_EDGE('',*,*,#68320,.F.);
#70710=ORIENTED_EDGE('',*,*,#69600,.T.);
#70720=EDGE_LOOP('',(#70710,#70700,#70690,#70630));
#70730=FACE_OUTER_BOUND('',#70720,.T.);
#70740=ADVANCED_FACE('',(#70730),#70620,.T.);
#70750=CARTESIAN_POINT('',(-2.26250315,4.82500035530602,0.70599685));
#70760=DIRECTION('',(0.,-1.,0.));
#70770=DIRECTION('',(1.,0.,0.));
#70780=AXIS2_PLACEMENT_3D('',#70750,#70760,#70770);
#70790=PLANE('',#70780);
#70800=ORIENTED_EDGE('',*,*,#68400,.T.);
#70810=ORIENTED_EDGE('',*,*,#70680,.T.);
#70820=ORIENTED_EDGE('',*,*,#70450,.T.);
#70830=CARTESIAN_POINT('',(-1.75,4.82500035530602,2.51));
#70840=DIRECTION('',(-1.,0.,0.));
#70850=VECTOR('',#70840,1.);
#70860=LINE('',#70830,#70850);
#70870=EDGE_CURVE('',#68390,#70360,#70860,.T.);
#70880=ORIENTED_EDGE('',*,*,#70870,.T.);
#70890=EDGE_LOOP('',(#70880,#70820,#70810,#70800));
#70900=FACE_OUTER_BOUND('',#70890,.T.);
#70910=ADVANCED_FACE('',(#70900),#70790,.T.);
#70920=CARTESIAN_POINT('',(-1.73749685,4.26749720530602,2.76));
#70930=DIRECTION('',(0.,0.,-1.));
#70940=DIRECTION('',(-1.,-0.,0.));
#70950=AXIS2_PLACEMENT_3D('',#70920,#70930,#70940);
#70960=PLANE('',#70950);
#70970=ORIENTED_EDGE('',*,*,#70280,.T.);
#70980=ORIENTED_EDGE('',*,*,#23730,.T.);
#70990=ORIENTED_EDGE('',*,*,#68550,.T.);
#71000=CARTESIAN_POINT('',(-1.75,4.57500035530602,2.76));
#71010=DIRECTION('',(-1.,0.,0.));
#71020=VECTOR('',#71010,1.);
#71030=LINE('',#71000,#71020);
#71040=EDGE_CURVE('',#68480,#70270,#71030,.T.);
#71050=ORIENTED_EDGE('',*,*,#71040,.F.);
#71060=EDGE_LOOP('',(#71050,#70990,#70980,#70970));
#71070=FACE_OUTER_BOUND('',#71060,.T.);
#71080=ADVANCED_FACE('',(#71070),#70960,.T.);
#71090=CARTESIAN_POINT('',(-1.7374874,4.57500035530601,2.50999999999999)
);
#71100=DIRECTION('',(-1.,0.,0.));
#71110=DIRECTION('',(0.,0.,1.));
#71120=AXIS2_PLACEMENT_3D('',#71090,#71100,#71110);
#71130=CYLINDRICAL_SURFACE('',#71120,0.250000000000007);
#71140=ORIENTED_EDGE('',*,*,#70870,.F.);
#71150=ORIENTED_EDGE('',*,*,#70370,.T.);
#71160=ORIENTED_EDGE('',*,*,#71040,.T.);
#71170=ORIENTED_EDGE('',*,*,#68490,.F.);
#71180=EDGE_LOOP('',(#71170,#71160,#71150,#71140));
#71190=FACE_OUTER_BOUND('',#71180,.T.);
#71200=ADVANCED_FACE('',(#71190),#71130,.F.);
#71210=CARTESIAN_POINT('',(-2.26250315,5.32500035530602,0.70599685));
#71220=DIRECTION('',(0.,1.,-0.));
#71230=DIRECTION('',(-1.,0.,0.));
#71240=AXIS2_PLACEMENT_3D('',#71210,#71220,#71230);
#71250=PLANE('',#71240);
#71260=CARTESIAN_POINT('',(-2.25,5.32500035530602,2.51));
#71270=DIRECTION('',(1.,0.,0.));
#71280=VECTOR('',#71270,1.);
#71290=LINE('',#71260,#71280);
#71300=EDGE_CURVE('',#70100,#68650,#71290,.T.);
#71310=ORIENTED_EDGE('',*,*,#71300,.T.);
#71320=ORIENTED_EDGE('',*,*,#70110,.F.);
#71330=CARTESIAN_POINT('',(-1.75,5.32500035530602,0.75));
#71340=DIRECTION('',(-1.,0.,0.));
#71350=VECTOR('',#71340,1.);
#71360=LINE('',#71330,#71350);
#71370=EDGE_CURVE('',#68730,#70020,#71360,.T.);
#71380=ORIENTED_EDGE('',*,*,#71370,.T.);
#71390=ORIENTED_EDGE('',*,*,#68740,.F.);
#71400=EDGE_LOOP('',(#71390,#71380,#71320,#71310));
#71410=FACE_OUTER_BOUND('',#71400,.T.);
#71420=ADVANCED_FACE('',(#71410),#71250,.T.);
#71430=CARTESIAN_POINT('',(-2.2625042,4.57500035530601,2.50999999999999)
);
#71440=DIRECTION('',(1.,0.,0.));
#71450=DIRECTION('',(0.,0.,-1.));
#71460=AXIS2_PLACEMENT_3D('',#71430,#71440,#71450);
#71470=CYLINDRICAL_SURFACE('',#71460,0.750000000000006);
#71480=ORIENTED_EDGE('',*,*,#68660,.F.);
#71490=ORIENTED_EDGE('',*,*,#68130,.T.);
#71500=ORIENTED_EDGE('',*,*,#70180,.T.);
#71510=ORIENTED_EDGE('',*,*,#71300,.F.);
#71520=EDGE_LOOP('',(#71510,#71500,#71490,#71480));
#71530=FACE_OUTER_BOUND('',#71520,.T.);
#71540=ADVANCED_FACE('',(#71530),#71470,.T.);
#71550=CARTESIAN_POINT('',(-1.7374874,5.57500035530601,0.749999999999992
));
#71560=DIRECTION('',(-1.,0.,0.));
#71570=DIRECTION('',(0.,0.,1.));
#71580=AXIS2_PLACEMENT_3D('',#71550,#71560,#71570);
#71590=CYLINDRICAL_SURFACE('',#71580,0.249999999999994);
#71600=ORIENTED_EDGE('',*,*,#69840,.T.);
#71610=ORIENTED_EDGE('',*,*,#68830,.F.);
#71620=ORIENTED_EDGE('',*,*,#71370,.F.);
#71630=ORIENTED_EDGE('',*,*,#70030,.T.);
#71640=EDGE_LOOP('',(#71630,#71620,#71610,#71600));
#71650=FACE_OUTER_BOUND('',#71640,.T.);
#71660=ADVANCED_FACE('',(#71650),#71590,.F.);
#71670=CARTESIAN_POINT('',(-6.35250315,1.77500035530602,
0.864996849999999));
#71680=DIRECTION('',(0.,-1.,0.));
#71690=DIRECTION('',(1.,0.,0.));
#71700=AXIS2_PLACEMENT_3D('',#71670,#71680,#71690);
#71710=PLANE('',#71700);
#71720=CARTESIAN_POINT('',(-6.05,1.77500035530602,3.346891));
#71730=DIRECTION('',(0.,0.,1.));
#71740=VECTOR('',#71730,1.);
#71750=LINE('',#71720,#71740);
#71760=CARTESIAN_POINT('',(-6.05,1.77500035530602,1.3));
#71770=VERTEX_POINT('',#71760);
#71780=CARTESIAN_POINT('',(-6.05,1.77500035530602,5.7));
#71790=VERTEX_POINT('',#71780);
#71800=EDGE_CURVE('',#71770,#71790,#71750,.T.);
#71810=ORIENTED_EDGE('',*,*,#71800,.F.);
#71820=CARTESIAN_POINT('',(4.463169,1.77500035530602,5.7));
#71830=DIRECTION('',(1.,0.,0.));
#71840=VECTOR('',#71830,1.);
#71850=LINE('',#71820,#71840);
#71860=CARTESIAN_POINT('',(-4.6,1.77500035530602,5.7));
#71870=VERTEX_POINT('',#71860);
#71880=EDGE_CURVE('',#71790,#71870,#71850,.T.);
#71890=ORIENTED_EDGE('',*,*,#71880,.F.);
#71900=CARTESIAN_POINT('',(-4.6,1.77500035530602,3.346891));
#71910=DIRECTION('',(0.,-0.,-1.));
#71920=VECTOR('',#71910,1.);
#71930=LINE('',#71900,#71920);
#71940=CARTESIAN_POINT('',(-4.6,1.77500035530602,4.5));
#71950=VERTEX_POINT('',#71940);
#71960=EDGE_CURVE('',#71870,#71950,#71930,.T.);
#71970=ORIENTED_EDGE('',*,*,#71960,.F.);
#71980=CARTESIAN_POINT('',(4.463169,1.77500035530602,4.5));
#71990=DIRECTION('',(1.,0.,0.));
#72000=VECTOR('',#71990,1.);
#72010=LINE('',#71980,#72000);
#72020=CARTESIAN_POINT('',(-3.6,1.77500035530602,4.5));
#72030=VERTEX_POINT('',#72020);
#72040=EDGE_CURVE('',#71950,#72030,#72010,.T.);
#72050=ORIENTED_EDGE('',*,*,#72040,.F.);
#72060=CARTESIAN_POINT('',(-3.6,1.77500035530602,3.346891));
#72070=DIRECTION('',(0.,0.,1.));
#72080=VECTOR('',#72070,1.);
#72090=LINE('',#72060,#72080);
#72100=CARTESIAN_POINT('',(-3.6,1.77500035530602,6.4));
#72110=VERTEX_POINT('',#72100);
#72120=EDGE_CURVE('',#72030,#72110,#72090,.T.);
#72130=ORIENTED_EDGE('',*,*,#72120,.F.);
#72140=CARTESIAN_POINT('',(4.463169,1.77500035530602,6.4));
#72150=DIRECTION('',(-1.,0.,0.));
#72160=VECTOR('',#72150,1.);
#72170=LINE('',#72140,#72160);
#72180=CARTESIAN_POINT('',(-1.,1.77500035530602,6.4));
#72190=VERTEX_POINT('',#72180);
#72200=EDGE_CURVE('',#72190,#72110,#72170,.T.);
#72210=ORIENTED_EDGE('',*,*,#72200,.T.);
#72220=CARTESIAN_POINT('',(-1.,1.77500035530602,3.346891));
#72230=DIRECTION('',(0.,0.,1.));
#72240=VECTOR('',#72230,1.);
#72250=LINE('',#72220,#72240);
#72260=CARTESIAN_POINT('',(-1.,1.77500035530602,4.6));
#72270=VERTEX_POINT('',#72260);
#72280=EDGE_CURVE('',#72270,#72190,#72250,.T.);
#72290=ORIENTED_EDGE('',*,*,#72280,.T.);
#72300=CARTESIAN_POINT('',(4.463169,1.77500035530602,4.6));
#72310=DIRECTION('',(-1.,0.,0.));
#72320=VECTOR('',#72310,1.);
#72330=LINE('',#72300,#72320);
#72340=CARTESIAN_POINT('',(0.999999999999998,1.77500035530602,4.6));
#72350=VERTEX_POINT('',#72340);
#72360=EDGE_CURVE('',#72350,#72270,#72330,.T.);
#72370=ORIENTED_EDGE('',*,*,#72360,.T.);
#72380=CARTESIAN_POINT('',(0.999999999999998,1.77500035530602,3.346891))
;
#72390=DIRECTION('',(0.,0.,-1.));
#72400=VECTOR('',#72390,1.);
#72410=LINE('',#72380,#72400);
#72420=CARTESIAN_POINT('',(0.999999999999998,1.77500035530602,6.4));
#72430=VERTEX_POINT('',#72420);
#72440=EDGE_CURVE('',#72430,#72350,#72410,.T.);
#72450=ORIENTED_EDGE('',*,*,#72440,.T.);
#72460=CARTESIAN_POINT('',(4.463169,1.77500035530602,6.4));
#72470=DIRECTION('',(-1.,0.,0.));
#72480=VECTOR('',#72470,1.);
#72490=LINE('',#72460,#72480);
#72500=CARTESIAN_POINT('',(3.6,1.77500035530602,6.4));
#72510=VERTEX_POINT('',#72500);
#72520=EDGE_CURVE('',#72510,#72430,#72490,.T.);
#72530=ORIENTED_EDGE('',*,*,#72520,.T.);
#72540=CARTESIAN_POINT('',(3.6,1.77500035530602,3.346891));
#72550=DIRECTION('',(0.,0.,1.));
#72560=VECTOR('',#72550,1.);
#72570=LINE('',#72540,#72560);
#72580=CARTESIAN_POINT('',(3.6,1.77500035530602,4.5));
#72590=VERTEX_POINT('',#72580);
#72600=EDGE_CURVE('',#72590,#72510,#72570,.T.);
#72610=ORIENTED_EDGE('',*,*,#72600,.T.);
#72620=CARTESIAN_POINT('',(4.463169,1.77500035530602,4.5));
#72630=DIRECTION('',(-1.,0.,0.));
#72640=VECTOR('',#72630,1.);
#72650=LINE('',#72620,#72640);
#72660=CARTESIAN_POINT('',(4.6,1.77500035530602,4.5));
#72670=VERTEX_POINT('',#72660);
#72680=EDGE_CURVE('',#72670,#72590,#72650,.T.);
#72690=ORIENTED_EDGE('',*,*,#72680,.T.);
#72700=CARTESIAN_POINT('',(4.6,1.77500035530602,3.346891));
#72710=DIRECTION('',(0.,0.,-1.));
#72720=VECTOR('',#72710,1.);
#72730=LINE('',#72700,#72720);
#72740=CARTESIAN_POINT('',(4.6,1.77500035530602,5.7));
#72750=VERTEX_POINT('',#72740);
#72760=EDGE_CURVE('',#72750,#72670,#72730,.T.);
#72770=ORIENTED_EDGE('',*,*,#72760,.T.);
#72780=CARTESIAN_POINT('',(4.463169,1.77500035530602,5.7));
#72790=DIRECTION('',(-1.,0.,0.));
#72800=VECTOR('',#72790,1.);
#72810=LINE('',#72780,#72800);
#72820=CARTESIAN_POINT('',(6.05,1.77500035530602,5.7));
#72830=VERTEX_POINT('',#72820);
#72840=EDGE_CURVE('',#72830,#72750,#72810,.T.);
#72850=ORIENTED_EDGE('',*,*,#72840,.T.);
#72860=CARTESIAN_POINT('',(6.05,1.77500035530602,3.346891));
#72870=DIRECTION('',(0.,0.,1.));
#72880=VECTOR('',#72870,1.);
#72890=LINE('',#72860,#72880);
#72900=CARTESIAN_POINT('',(6.05,1.77500035530602,1.3));
#72910=VERTEX_POINT('',#72900);
#72920=EDGE_CURVE('',#72910,#72830,#72890,.T.);
#72930=ORIENTED_EDGE('',*,*,#72920,.T.);
#72940=CARTESIAN_POINT('',(5.75,1.77500035530602,1.3));
#72950=DIRECTION('',(0.,-1.,0.));
#72960=DIRECTION('',(1.,0.,0.));
#72970=AXIS2_PLACEMENT_3D('',#72940,#72950,#72960);
#72980=CIRCLE('',#72970,0.299999999999997);
#72990=CARTESIAN_POINT('',(5.75,1.77500035530602,0.999999999999999));
#73000=VERTEX_POINT('',#72990);
#73010=EDGE_CURVE('',#73000,#72910,#72980,.T.);
#73020=ORIENTED_EDGE('',*,*,#73010,.T.);
#73030=CARTESIAN_POINT('',(4.463169,1.77500035530602,0.999999999999999))
;
#73040=DIRECTION('',(1.,0.,-0.));
#73050=VECTOR('',#73040,1.);
#73060=LINE('',#73030,#73050);
#73070=CARTESIAN_POINT('',(-5.75,1.77500035530602,0.999999999999999));
#73080=VERTEX_POINT('',#73070);
#73090=EDGE_CURVE('',#73080,#73000,#73060,.T.);
#73100=ORIENTED_EDGE('',*,*,#73090,.T.);
#73110=CARTESIAN_POINT('',(-5.75000000000001,1.77500035530602,1.3));
#73120=DIRECTION('',(0.,-1.,0.));
#73130=DIRECTION('',(1.,0.,0.));
#73140=AXIS2_PLACEMENT_3D('',#73110,#73120,#73130);
#73150=CIRCLE('',#73140,0.299999999999995);
#73160=EDGE_CURVE('',#71770,#73080,#73150,.T.);
#73170=ORIENTED_EDGE('',*,*,#73160,.T.);
#73180=EDGE_LOOP('',(#73170,#73100,#73020,#72930,#72850,#72770,#72690,
#72610,#72530,#72450,#72370,#72290,#72210,#72130,#72050,#71970,#71890,
#71810));
#73190=FACE_OUTER_BOUND('',#73180,.T.);
#73200=CARTESIAN_POINT('',(4.25,1.77500035530602,3.346891));
#73210=DIRECTION('',(0.,0.,1.));
#73220=VECTOR('',#73210,1.);
#73230=LINE('',#73200,#73220);
#73240=CARTESIAN_POINT('',(4.25,1.77500035530602,2.76));
#73250=VERTEX_POINT('',#73240);
#73260=CARTESIAN_POINT('',(4.25,1.77500035530602,3.26));
#73270=VERTEX_POINT('',#73260);
#73280=EDGE_CURVE('',#73250,#73270,#73230,.T.);
#73290=ORIENTED_EDGE('',*,*,#73280,.F.);
#73300=CARTESIAN_POINT('',(4.463169,1.77500035530602,3.26));
#73310=DIRECTION('',(-1.,0.,0.));
#73320=VECTOR('',#73310,1.);
#73330=LINE('',#73300,#73320);
#73340=CARTESIAN_POINT('',(3.75,1.77500035530602,3.26));
#73350=VERTEX_POINT('',#73340);
#73360=EDGE_CURVE('',#73270,#73350,#73330,.T.);
#73370=ORIENTED_EDGE('',*,*,#73360,.F.);
#73380=CARTESIAN_POINT('',(3.75,1.77500035530602,3.346891));
#73390=DIRECTION('',(0.,-0.,-1.));
#73400=VECTOR('',#73390,1.);
#73410=LINE('',#73380,#73400);
#73420=CARTESIAN_POINT('',(3.75,1.77500035530602,2.76));
#73430=VERTEX_POINT('',#73420);
#73440=EDGE_CURVE('',#73350,#73430,#73410,.T.);
#73450=ORIENTED_EDGE('',*,*,#73440,.F.);
#73460=CARTESIAN_POINT('',(4.463169,1.77500035530602,2.76));
#73470=DIRECTION('',(1.,0.,0.));
#73480=VECTOR('',#73470,1.);
#73490=LINE('',#73460,#73480);
#73500=EDGE_CURVE('',#73430,#73250,#73490,.T.);
#73510=ORIENTED_EDGE('',*,*,#73500,.F.);
#73520=EDGE_LOOP('',(#73510,#73450,#73370,#73290));
#73530=FACE_BOUND('',#73520,.T.);
#73540=CARTESIAN_POINT('',(0.249999999999998,1.77500035530602,3.346891))
;
#73550=DIRECTION('',(0.,0.,1.));
#73560=VECTOR('',#73550,1.);
#73570=LINE('',#73540,#73560);
#73580=CARTESIAN_POINT('',(0.249999999999998,1.77500035530602,2.76));
#73590=VERTEX_POINT('',#73580);
#73600=CARTESIAN_POINT('',(0.249999999999998,1.77500035530602,3.26));
#73610=VERTEX_POINT('',#73600);
#73620=EDGE_CURVE('',#73590,#73610,#73570,.T.);
#73630=ORIENTED_EDGE('',*,*,#73620,.F.);
#73640=CARTESIAN_POINT('',(4.463169,1.77500035530602,3.26));
#73650=DIRECTION('',(-1.,0.,0.));
#73660=VECTOR('',#73650,1.);
#73670=LINE('',#73640,#73660);
#73680=CARTESIAN_POINT('',(-0.250000000000002,1.77500035530602,3.26));
#73690=VERTEX_POINT('',#73680);
#73700=EDGE_CURVE('',#73610,#73690,#73670,.T.);
#73710=ORIENTED_EDGE('',*,*,#73700,.F.);
#73720=CARTESIAN_POINT('',(-0.250000000000002,1.77500035530602,3.346891)
);
#73730=DIRECTION('',(0.,-0.,-1.));
#73740=VECTOR('',#73730,1.);
#73750=LINE('',#73720,#73740);
#73760=CARTESIAN_POINT('',(-0.250000000000002,1.77500035530602,2.76));
#73770=VERTEX_POINT('',#73760);
#73780=EDGE_CURVE('',#73690,#73770,#73750,.T.);
#73790=ORIENTED_EDGE('',*,*,#73780,.F.);
#73800=CARTESIAN_POINT('',(4.463169,1.77500035530602,2.76));
#73810=DIRECTION('',(1.,0.,0.));
#73820=VECTOR('',#73810,1.);
#73830=LINE('',#73800,#73820);
#73840=EDGE_CURVE('',#73770,#73590,#73830,.T.);
#73850=ORIENTED_EDGE('',*,*,#73840,.F.);
#73860=EDGE_LOOP('',(#73850,#73790,#73710,#73630));
#73870=FACE_BOUND('',#73860,.T.);
#73880=CARTESIAN_POINT('',(-3.75,1.77500035530602,3.346891));
#73890=DIRECTION('',(0.,0.,1.));
#73900=VECTOR('',#73890,1.);
#73910=LINE('',#73880,#73900);
#73920=CARTESIAN_POINT('',(-3.75,1.77500035530602,2.76));
#73930=VERTEX_POINT('',#73920);
#73940=CARTESIAN_POINT('',(-3.75,1.77500035530602,3.26));
#73950=VERTEX_POINT('',#73940);
#73960=EDGE_CURVE('',#73930,#73950,#73910,.T.);
#73970=ORIENTED_EDGE('',*,*,#73960,.F.);
#73980=CARTESIAN_POINT('',(4.463169,1.77500035530602,3.26));
#73990=DIRECTION('',(-1.,0.,0.));
#74000=VECTOR('',#73990,1.);
#74010=LINE('',#73980,#74000);
#74020=CARTESIAN_POINT('',(-4.25,1.77500035530602,3.26));
#74030=VERTEX_POINT('',#74020);
#74040=EDGE_CURVE('',#73950,#74030,#74010,.T.);
#74050=ORIENTED_EDGE('',*,*,#74040,.F.);
#74060=CARTESIAN_POINT('',(-4.25,1.77500035530602,3.346891));
#74070=DIRECTION('',(0.,-0.,-1.));
#74080=VECTOR('',#74070,1.);
#74090=LINE('',#74060,#74080);
#74100=CARTESIAN_POINT('',(-4.25,1.77500035530602,2.76));
#74110=VERTEX_POINT('',#74100);
#74120=EDGE_CURVE('',#74030,#74110,#74090,.T.);
#74130=ORIENTED_EDGE('',*,*,#74120,.F.);
#74140=CARTESIAN_POINT('',(4.463169,1.77500035530602,2.76));
#74150=DIRECTION('',(1.,0.,0.));
#74160=VECTOR('',#74150,1.);
#74170=LINE('',#74140,#74160);
#74180=EDGE_CURVE('',#74110,#73930,#74170,.T.);
#74190=ORIENTED_EDGE('',*,*,#74180,.F.);
#74200=EDGE_LOOP('',(#74190,#74130,#74050,#73970));
#74210=FACE_BOUND('',#74200,.T.);
#74220=CARTESIAN_POINT('',(4.463169,1.77500035530602,3.26));
#74230=DIRECTION('',(-1.,0.,0.));
#74240=VECTOR('',#74230,1.);
#74250=LINE('',#74220,#74240);
#74260=CARTESIAN_POINT('',(-1.75,1.77500035530602,3.26));
#74270=VERTEX_POINT('',#74260);
#74280=CARTESIAN_POINT('',(-2.25,1.77500035530602,3.26));
#74290=VERTEX_POINT('',#74280);
#74300=EDGE_CURVE('',#74270,#74290,#74250,.T.);
#74310=ORIENTED_EDGE('',*,*,#74300,.F.);
#74320=CARTESIAN_POINT('',(-2.25,1.77500035530602,3.346891));
#74330=DIRECTION('',(0.,-0.,-1.));
#74340=VECTOR('',#74330,1.);
#74350=LINE('',#74320,#74340);
#74360=CARTESIAN_POINT('',(-2.25,1.77500035530602,2.76));
#74370=VERTEX_POINT('',#74360);
#74380=EDGE_CURVE('',#74290,#74370,#74350,.T.);
#74390=ORIENTED_EDGE('',*,*,#74380,.F.);
#74400=CARTESIAN_POINT('',(4.463169,1.77500035530602,2.76));
#74410=DIRECTION('',(1.,0.,0.));
#74420=VECTOR('',#74410,1.);
#74430=LINE('',#74400,#74420);
#74440=CARTESIAN_POINT('',(-1.75,1.77500035530602,2.76));
#74450=VERTEX_POINT('',#74440);
#74460=EDGE_CURVE('',#74370,#74450,#74430,.T.);
#74470=ORIENTED_EDGE('',*,*,#74460,.F.);
#74480=CARTESIAN_POINT('',(-1.75,1.77500035530602,3.346891));
#74490=DIRECTION('',(0.,0.,1.));
#74500=VECTOR('',#74490,1.);
#74510=LINE('',#74480,#74500);
#74520=EDGE_CURVE('',#74450,#74270,#74510,.T.);
#74530=ORIENTED_EDGE('',*,*,#74520,.F.);
#74540=EDGE_LOOP('',(#74530,#74470,#74390,#74310));
#74550=FACE_BOUND('',#74540,.T.);
#74560=CARTESIAN_POINT('',(4.463169,1.77500035530602,2.76));
#74570=DIRECTION('',(1.,0.,0.));
#74580=VECTOR('',#74570,1.);
#74590=LINE('',#74560,#74580);
#74600=CARTESIAN_POINT('',(1.75,1.77500035530602,2.76));
#74610=VERTEX_POINT('',#74600);
#74620=CARTESIAN_POINT('',(2.25,1.77500035530602,2.76));
#74630=VERTEX_POINT('',#74620);
#74640=EDGE_CURVE('',#74610,#74630,#74590,.T.);
#74650=ORIENTED_EDGE('',*,*,#74640,.F.);
#74660=CARTESIAN_POINT('',(2.25,1.77500035530602,3.346891));
#74670=DIRECTION('',(0.,0.,1.));
#74680=VECTOR('',#74670,1.);
#74690=LINE('',#74660,#74680);
#74700=CARTESIAN_POINT('',(2.25,1.77500035530602,3.26));
#74710=VERTEX_POINT('',#74700);
#74720=EDGE_CURVE('',#74630,#74710,#74690,.T.);
#74730=ORIENTED_EDGE('',*,*,#74720,.F.);
#74740=CARTESIAN_POINT('',(4.463169,1.77500035530602,3.26));
#74750=DIRECTION('',(-1.,0.,0.));
#74760=VECTOR('',#74750,1.);
#74770=LINE('',#74740,#74760);
#74780=CARTESIAN_POINT('',(1.75,1.77500035530602,3.26));
#74790=VERTEX_POINT('',#74780);
#74800=EDGE_CURVE('',#74710,#74790,#74770,.T.);
#74810=ORIENTED_EDGE('',*,*,#74800,.F.);
#74820=CARTESIAN_POINT('',(1.75,1.77500035530602,3.346891));
#74830=DIRECTION('',(0.,-0.,-1.));
#74840=VECTOR('',#74830,1.);
#74850=LINE('',#74820,#74840);
#74860=EDGE_CURVE('',#74790,#74610,#74850,.T.);
#74870=ORIENTED_EDGE('',*,*,#74860,.F.);
#74880=EDGE_LOOP('',(#74870,#74810,#74730,#74650));
#74890=FACE_BOUND('',#74880,.T.);
#74900=ADVANCED_FACE('',(#73190,#73530,#73870,#74210,#74550,#74890),
#71710,.T.);
#74910=CARTESIAN_POINT('',(-6.03750315,-6.52750279469398,
0.999999999999999));
#74920=DIRECTION('',(0.,0.,1.));
#74930=DIRECTION('',(1.,0.,0.));
#74940=AXIS2_PLACEMENT_3D('',#74910,#74920,#74930);
#74950=PLANE('',#74940);
#74960=CARTESIAN_POINT('',(-5.75,-6.32499964469398,0.999999999999999));
#74970=DIRECTION('',(0.,1.,0.));
#74980=VECTOR('',#74970,1.);
#74990=LINE('',#74960,#74980);
#75000=CARTESIAN_POINT('',(-5.75,-6.32499964469398,0.999999999999998));
#75010=VERTEX_POINT('',#75000);
#75020=EDGE_CURVE('',#75010,#73080,#74990,.T.);
#75030=ORIENTED_EDGE('',*,*,#75020,.F.);
#75040=ORIENTED_EDGE('',*,*,#73090,.F.);
#75050=CARTESIAN_POINT('',(5.75,-6.32499964469398,0.999999999999999));
#75060=DIRECTION('',(0.,1.,0.));
#75070=VECTOR('',#75060,1.);
#75080=LINE('',#75050,#75070);
#75090=CARTESIAN_POINT('',(5.75,-6.32499964469398,0.999999999999999));
#75100=VERTEX_POINT('',#75090);
#75110=EDGE_CURVE('',#75100,#73000,#75080,.T.);
#75120=ORIENTED_EDGE('',*,*,#75110,.T.);
#75130=CARTESIAN_POINT('',(4.463169,-6.32499964469398,0.999999999999999)
);
#75140=DIRECTION('',(-1.,-0.,0.));
#75150=VECTOR('',#75140,1.);
#75160=LINE('',#75130,#75150);
#75170=EDGE_CURVE('',#75100,#75010,#75160,.T.);
#75180=ORIENTED_EDGE('',*,*,#75170,.F.);
#75190=EDGE_LOOP('',(#75180,#75120,#75040,#75030));
#75200=FACE_OUTER_BOUND('',#75190,.T.);
#75210=ADVANCED_FACE('',(#75200),#74950,.T.);
#75220=CARTESIAN_POINT('',(5.75,1.97751085530601,1.3));
#75230=DIRECTION('',(0.,-1.,0.));
#75240=DIRECTION('',(1.,0.,0.));
#75250=AXIS2_PLACEMENT_3D('',#75220,#75230,#75240);
#75260=CYLINDRICAL_SURFACE('',#75250,0.299999999999997);
#75270=ORIENTED_EDGE('',*,*,#73010,.F.);
#75280=CARTESIAN_POINT('',(6.05,-6.32499964469398,1.3));
#75290=DIRECTION('',(0.,1.,0.));
#75300=VECTOR('',#75290,1.);
#75310=LINE('',#75280,#75300);
#75320=CARTESIAN_POINT('',(6.05,-6.32499964469398,1.3));
#75330=VERTEX_POINT('',#75320);
#75340=EDGE_CURVE('',#75330,#72910,#75310,.T.);
#75350=ORIENTED_EDGE('',*,*,#75340,.T.);
#75360=CARTESIAN_POINT('',(5.75,-6.32499964469398,1.3));
#75370=DIRECTION('',(0.,-1.,0.));
#75380=DIRECTION('',(1.,0.,0.));
#75390=AXIS2_PLACEMENT_3D('',#75360,#75370,#75380);
#75400=CIRCLE('',#75390,0.299999999999996);
#75410=EDGE_CURVE('',#75100,#75330,#75400,.T.);
#75420=ORIENTED_EDGE('',*,*,#75410,.T.);
#75430=ORIENTED_EDGE('',*,*,#75110,.F.);
#75440=EDGE_LOOP('',(#75430,#75420,#75350,#75270));
#75450=FACE_OUTER_BOUND('',#75440,.T.);
#75460=ADVANCED_FACE('',(#75450),#75260,.F.);
#75470=CARTESIAN_POINT('',(6.05,-6.52750279469398,1.18999685));
#75480=DIRECTION('',(-1.,0.,0.));
#75490=DIRECTION('',(0.,0.,1.));
#75500=AXIS2_PLACEMENT_3D('',#75470,#75480,#75490);
#75510=PLANE('',#75500);
#75520=ORIENTED_EDGE('',*,*,#75340,.F.);
#75530=ORIENTED_EDGE('',*,*,#72920,.F.);
#75540=CARTESIAN_POINT('',(6.05,-6.82499964469399,5.7));
#75550=DIRECTION('',(-0.,1.,0.));
#75560=VECTOR('',#75550,1.);
#75570=LINE('',#75540,#75560);
#75580=CARTESIAN_POINT('',(6.05,-6.32499964469398,5.7));
#75590=VERTEX_POINT('',#75580);
#75600=EDGE_CURVE('',#75590,#72830,#75570,.T.);
#75610=ORIENTED_EDGE('',*,*,#75600,.T.);
#75620=CARTESIAN_POINT('',(6.05,-6.32499964469398,3.346891));
#75630=DIRECTION('',(0.,-0.,-1.));
#75640=VECTOR('',#75630,1.);
#75650=LINE('',#75620,#75640);
#75660=EDGE_CURVE('',#75590,#75330,#75650,.T.);
#75670=ORIENTED_EDGE('',*,*,#75660,.F.);
#75680=EDGE_LOOP('',(#75670,#75610,#75530,#75520));
#75690=FACE_OUTER_BOUND('',#75680,.T.);
#75700=ADVANCED_FACE('',(#75690),#75510,.T.);
#75710=CARTESIAN_POINT('',(6.08625315,-6.52750279469398,5.7));
#75720=DIRECTION('',(0.,0.,-1.));
#75730=DIRECTION('',(-1.,-0.,0.));
#75740=AXIS2_PLACEMENT_3D('',#75710,#75720,#75730);
#75750=PLANE('',#75740);
#75760=ORIENTED_EDGE('',*,*,#75600,.F.);
#75770=ORIENTED_EDGE('',*,*,#72840,.F.);
#75780=CARTESIAN_POINT('',(4.6,-6.82499964469399,5.7));
#75790=DIRECTION('',(0.,1.,-0.));
#75800=VECTOR('',#75790,1.);
#75810=LINE('',#75780,#75800);
#75820=CARTESIAN_POINT('',(4.6,-6.32499964469398,5.7));
#75830=VERTEX_POINT('',#75820);
#75840=EDGE_CURVE('',#75830,#72750,#75810,.T.);
#75850=ORIENTED_EDGE('',*,*,#75840,.T.);
#75860=CARTESIAN_POINT('',(4.463169,-6.32499964469398,5.7));
#75870=DIRECTION('',(1.,0.,-0.));
#75880=VECTOR('',#75870,1.);
#75890=LINE('',#75860,#75880);
#75900=EDGE_CURVE('',#75830,#75590,#75890,.T.);
#75910=ORIENTED_EDGE('',*,*,#75900,.F.);
#75920=EDGE_LOOP('',(#75910,#75850,#75770,#75760));
#75930=FACE_OUTER_BOUND('',#75920,.T.);
#75940=ADVANCED_FACE('',(#75930),#75750,.T.);
#75950=CARTESIAN_POINT('',(4.6,-6.52750279469398,5.73000315));
#75960=DIRECTION('',(1.,-0.,0.));
#75970=DIRECTION('',(0.,0.,-1.));
#75980=AXIS2_PLACEMENT_3D('',#75950,#75960,#75970);
#75990=PLANE('',#75980);
#76000=ORIENTED_EDGE('',*,*,#75840,.F.);
#76010=ORIENTED_EDGE('',*,*,#72760,.F.);
#76020=CARTESIAN_POINT('',(4.6,-6.82499964469399,4.5));
#76030=DIRECTION('',(0.,1.,-0.));
#76040=VECTOR('',#76030,1.);
#76050=LINE('',#76020,#76040);
#76060=CARTESIAN_POINT('',(4.6,-6.32499964469398,4.5));
#76070=VERTEX_POINT('',#76060);
#76080=EDGE_CURVE('',#76070,#72670,#76050,.T.);
#76090=ORIENTED_EDGE('',*,*,#76080,.T.);
#76100=CARTESIAN_POINT('',(4.6,-6.32499964469398,3.346891));
#76110=DIRECTION('',(0.,0.,1.));
#76120=VECTOR('',#76110,1.);
#76130=LINE('',#76100,#76120);
#76140=EDGE_CURVE('',#76070,#75830,#76130,.T.);
#76150=ORIENTED_EDGE('',*,*,#76140,.F.);
#76160=EDGE_LOOP('',(#76150,#76090,#76010,#76000));
#76170=FACE_OUTER_BOUND('',#76160,.T.);
#76180=ADVANCED_FACE('',(#76170),#75990,.T.);
#76190=CARTESIAN_POINT('',(4.62500315,-6.52750279469398,4.5));
#76200=DIRECTION('',(0.,0.,-1.));
#76210=DIRECTION('',(-1.,-0.,0.));
#76220=AXIS2_PLACEMENT_3D('',#76190,#76200,#76210);
#76230=PLANE('',#76220);
#76240=ORIENTED_EDGE('',*,*,#76080,.F.);
#76250=ORIENTED_EDGE('',*,*,#72680,.F.);
#76260=CARTESIAN_POINT('',(3.6,-6.82499964469399,4.5));
#76270=DIRECTION('',(0.,1.,0.));
#76280=VECTOR('',#76270,1.);
#76290=LINE('',#76260,#76280);
#76300=CARTESIAN_POINT('',(3.6,-6.32499964469398,4.5));
#76310=VERTEX_POINT('',#76300);
#76320=EDGE_CURVE('',#76310,#72590,#76290,.T.);
#76330=ORIENTED_EDGE('',*,*,#76320,.T.);
#76340=CARTESIAN_POINT('',(4.463169,-6.32499964469398,4.5));
#76350=DIRECTION('',(1.,0.,-0.));
#76360=VECTOR('',#76350,1.);
#76370=LINE('',#76340,#76360);
#76380=EDGE_CURVE('',#76310,#76070,#76370,.T.);
#76390=ORIENTED_EDGE('',*,*,#76380,.F.);
#76400=EDGE_LOOP('',(#76390,#76330,#76250,#76240));
#76410=FACE_OUTER_BOUND('',#76400,.T.);
#76420=ADVANCED_FACE('',(#76410),#76230,.T.);
#76430=CARTESIAN_POINT('',(3.6,-7.04000279469398,4.45249685));
#76440=DIRECTION('',(-1.,0.,0.));
#76450=DIRECTION('',(0.,0.,1.));
#76460=AXIS2_PLACEMENT_3D('',#76430,#76440,#76450);
#76470=PLANE('',#76460);
#76480=CARTESIAN_POINT('',(3.6,-5.17189064469398,3.346891));
#76490=DIRECTION('',(-0.,0.707106781186547,-0.707106781186548));
#76500=VECTOR('',#76490,1.);
#76510=LINE('',#76480,#76500);
#76520=EDGE_CURVE('',#17160,#76310,#76510,.T.);
#76530=ORIENTED_EDGE('',*,*,#76520,.F.);
#76540=ORIENTED_EDGE('',*,*,#76320,.F.);
#76550=ORIENTED_EDGE('',*,*,#72600,.F.);
#76560=CARTESIAN_POINT('',(3.6,-6.82499964469399,6.4));
#76570=DIRECTION('',(-0.,1.,0.));
#76580=VECTOR('',#76570,1.);
#76590=LINE('',#76560,#76580);
#76600=CARTESIAN_POINT('',(3.6,-5.97499964469398,6.4));
#76610=VERTEX_POINT('',#76600);
#76620=EDGE_CURVE('',#76610,#72510,#76590,.T.);
#76630=ORIENTED_EDGE('',*,*,#76620,.T.);
#76640=CARTESIAN_POINT('',(3.6,-5.66968874469398,3.346891));
#76650=DIRECTION('',(0.,0.099503719020999,-0.995037190209989));
#76660=VECTOR('',#76650,1.);
#76670=LINE('',#76640,#76660);
#76680=CARTESIAN_POINT('',(3.6,-5.92499964469398,5.9));
#76690=VERTEX_POINT('',#76680);
#76700=EDGE_CURVE('',#76610,#76690,#76670,.T.);
#76710=ORIENTED_EDGE('',*,*,#76700,.F.);
#76720=CARTESIAN_POINT('',(3.6,-6.82499964469399,5.9));
#76730=DIRECTION('',(0.,-1.,0.));
#76740=VECTOR('',#76730,1.);
#76750=LINE('',#76720,#76740);
#76760=CARTESIAN_POINT('',(3.6,-6.62499964469398,5.9));
#76770=VERTEX_POINT('',#76760);
#76780=EDGE_CURVE('',#76690,#76770,#76750,.T.);
#76790=ORIENTED_EDGE('',*,*,#76780,.F.);
#76800=CARTESIAN_POINT('',(3.6,-6.82499964469399,6.1));
#76810=DIRECTION('',(-0.,0.707106781186549,-0.707106781186546));
#76820=VECTOR('',#76810,1.);
#76830=LINE('',#76800,#76820);
#76840=EDGE_CURVE('',#17140,#76770,#76830,.T.);
#76850=ORIENTED_EDGE('',*,*,#76840,.T.);
#76860=ORIENTED_EDGE('',*,*,#17170,.F.);
#76870=EDGE_LOOP('',(#76860,#76850,#76790,#76710,#76630,#76550,#76540,
#76530));
#76880=FACE_OUTER_BOUND('',#76870,.T.);
#76890=ADVANCED_FACE('',(#76880),#76470,.T.);
#76900=CARTESIAN_POINT('',(-5.75000000000001,1.97751085530602,1.3));
#76910=DIRECTION('',(0.,-1.,0.));
#76920=DIRECTION('',(1.,0.,0.));
#76930=AXIS2_PLACEMENT_3D('',#76900,#76910,#76920);
#76940=CYLINDRICAL_SURFACE('',#76930,0.299999999999995);
#76950=ORIENTED_EDGE('',*,*,#73160,.F.);
#76960=ORIENTED_EDGE('',*,*,#75020,.T.);
#76970=CARTESIAN_POINT('',(-5.75,-6.32499964469397,1.3));
#76980=DIRECTION('',(0.,-1.,2.73282842275884E-16));
#76990=DIRECTION('',(1.,0.,0.));
#77000=AXIS2_PLACEMENT_3D('',#76970,#76980,#76990);
#77010=CIRCLE('',#77000,0.299999999999993);
#77020=CARTESIAN_POINT('',(-6.05,-6.32499964469398,1.3));
#77030=VERTEX_POINT('',#77020);
#77040=EDGE_CURVE('',#77030,#75010,#77010,.T.);
#77050=ORIENTED_EDGE('',*,*,#77040,.T.);
#77060=CARTESIAN_POINT('',(-6.05,-6.32499964469398,1.3));
#77070=DIRECTION('',(0.,1.,0.));
#77080=VECTOR('',#77070,1.);
#77090=LINE('',#77060,#77080);
#77100=EDGE_CURVE('',#77030,#71770,#77090,.T.);
#77110=ORIENTED_EDGE('',*,*,#77100,.F.);
#77120=EDGE_LOOP('',(#77110,#77050,#76960,#76950));
#77130=FACE_OUTER_BOUND('',#77120,.T.);
#77140=ADVANCED_FACE('',(#77130),#76940,.F.);
#77150=CARTESIAN_POINT('',(3.66500315,-6.16875279469398,6.4));
#77160=DIRECTION('',(0.,0.,-1.));
#77170=DIRECTION('',(-1.,-0.,0.));
#77180=AXIS2_PLACEMENT_3D('',#77150,#77160,#77170);
#77190=PLANE('',#77180);
#77200=ORIENTED_EDGE('',*,*,#76620,.F.);
#77210=ORIENTED_EDGE('',*,*,#72520,.F.);
#77220=CARTESIAN_POINT('',(0.999999999999998,-6.82499964469399,6.4));
#77230=DIRECTION('',(0.,-1.,0.));
#77240=VECTOR('',#77230,1.);
#77250=LINE('',#77220,#77240);
#77260=CARTESIAN_POINT('',(0.999999999999998,-5.97499964469398,6.4));
#77270=VERTEX_POINT('',#77260);
#77280=EDGE_CURVE('',#72430,#77270,#77250,.T.);
#77290=ORIENTED_EDGE('',*,*,#77280,.F.);
#77300=CARTESIAN_POINT('',(4.463169,-5.97499964469398,6.4));
#77310=DIRECTION('',(1.,0.,0.));
#77320=VECTOR('',#77310,1.);
#77330=LINE('',#77300,#77320);
#77340=EDGE_CURVE('',#77270,#76610,#77330,.T.);
#77350=ORIENTED_EDGE('',*,*,#77340,.F.);
#77360=EDGE_LOOP('',(#77350,#77290,#77210,#77200));
#77370=FACE_OUTER_BOUND('',#77360,.T.);
#77380=ADVANCED_FACE('',(#77370),#77190,.T.);
#77390=CARTESIAN_POINT('',(-3.57499685,-6.52750279469398,4.5));
#77400=DIRECTION('',(0.,0.,-1.));
#77410=DIRECTION('',(-1.,-0.,0.));
#77420=AXIS2_PLACEMENT_3D('',#77390,#77400,#77410);
#77430=PLANE('',#77420);
#77440=CARTESIAN_POINT('',(-3.6,-6.82499964469399,4.5));
#77450=DIRECTION('',(0.,1.,-0.));
#77460=VECTOR('',#77450,1.);
#77470=LINE('',#77440,#77460);
#77480=CARTESIAN_POINT('',(-3.6,-6.32499964469398,4.5));
#77490=VERTEX_POINT('',#77480);
#77500=EDGE_CURVE('',#77490,#72030,#77470,.T.);
#77510=ORIENTED_EDGE('',*,*,#77500,.F.);
#77520=ORIENTED_EDGE('',*,*,#72040,.T.);
#77530=CARTESIAN_POINT('',(-4.6,-6.82499964469399,4.5));
#77540=DIRECTION('',(0.,1.,0.));
#77550=VECTOR('',#77540,1.);
#77560=LINE('',#77530,#77550);
#77570=CARTESIAN_POINT('',(-4.6,-6.32499964469398,4.5));
#77580=VERTEX_POINT('',#77570);
#77590=EDGE_CURVE('',#77580,#71950,#77560,.T.);
#77600=ORIENTED_EDGE('',*,*,#77590,.T.);
#77610=CARTESIAN_POINT('',(4.463169,-6.32499964469398,4.5));
#77620=DIRECTION('',(1.,0.,-0.));
#77630=VECTOR('',#77620,1.);
#77640=LINE('',#77610,#77630);
#77650=EDGE_CURVE('',#77580,#77490,#77640,.T.);
#77660=ORIENTED_EDGE('',*,*,#77650,.F.);
#77670=EDGE_LOOP('',(#77660,#77600,#77520,#77510));
#77680=FACE_OUTER_BOUND('',#77670,.T.);
#77690=ADVANCED_FACE('',(#77680),#77430,.T.);
#77700=CARTESIAN_POINT('',(-4.6,-6.52750279469398,4.46999685));
#77710=DIRECTION('',(-1.,0.,0.));
#77720=DIRECTION('',(0.,0.,1.));
#77730=AXIS2_PLACEMENT_3D('',#77700,#77710,#77720);
#77740=PLANE('',#77730);
#77750=ORIENTED_EDGE('',*,*,#77590,.F.);
#77760=ORIENTED_EDGE('',*,*,#71960,.T.);
#77770=CARTESIAN_POINT('',(-4.6,-6.82499964469399,5.7));
#77780=DIRECTION('',(-0.,1.,0.));
#77790=VECTOR('',#77780,1.);
#77800=LINE('',#77770,#77790);
#77810=CARTESIAN_POINT('',(-4.6,-6.32499964469398,5.7));
#77820=VERTEX_POINT('',#77810);
#77830=EDGE_CURVE('',#77820,#71870,#77800,.T.);
#77840=ORIENTED_EDGE('',*,*,#77830,.T.);
#77850=CARTESIAN_POINT('',(-4.6,-6.32499964469398,3.346891));
#77860=DIRECTION('',(0.,-0.,-1.));
#77870=VECTOR('',#77860,1.);
#77880=LINE('',#77850,#77870);
#77890=EDGE_CURVE('',#77820,#77580,#77880,.T.);
#77900=ORIENTED_EDGE('',*,*,#77890,.F.);
#77910=EDGE_LOOP('',(#77900,#77840,#77760,#77750));
#77920=FACE_OUTER_BOUND('',#77910,.T.);
#77930=ADVANCED_FACE('',(#77920),#77740,.T.);
#77940=CARTESIAN_POINT('',(-4.56374685,-6.52750279469398,5.7));
#77950=DIRECTION('',(0.,0.,-1.));
#77960=DIRECTION('',(-1.,-0.,0.));
#77970=AXIS2_PLACEMENT_3D('',#77940,#77950,#77960);
#77980=PLANE('',#77970);
#77990=ORIENTED_EDGE('',*,*,#77830,.F.);
#78000=ORIENTED_EDGE('',*,*,#71880,.T.);
#78010=CARTESIAN_POINT('',(-6.05,-6.82499964469399,5.7));
#78020=DIRECTION('',(0.,1.,-0.));
#78030=VECTOR('',#78020,1.);
#78040=LINE('',#78010,#78030);
#78050=CARTESIAN_POINT('',(-6.05,-6.32499964469398,5.7));
#78060=VERTEX_POINT('',#78050);
#78070=EDGE_CURVE('',#78060,#71790,#78040,.T.);
#78080=ORIENTED_EDGE('',*,*,#78070,.T.);
#78090=CARTESIAN_POINT('',(4.463169,-6.32499964469398,5.7));
#78100=DIRECTION('',(1.,0.,-0.));
#78110=VECTOR('',#78100,1.);
#78120=LINE('',#78090,#78110);
#78130=EDGE_CURVE('',#78060,#77820,#78120,.T.);
#78140=ORIENTED_EDGE('',*,*,#78130,.F.);
#78150=EDGE_LOOP('',(#78140,#78080,#78000,#77990));
#78160=FACE_OUTER_BOUND('',#78150,.T.);
#78170=ADVANCED_FACE('',(#78160),#77980,.T.);
#78180=CARTESIAN_POINT('',(-6.05,-6.52750279469398,5.81000315));
#78190=DIRECTION('',(1.,-0.,0.));
#78200=DIRECTION('',(0.,0.,-1.));
#78210=AXIS2_PLACEMENT_3D('',#78180,#78190,#78200);
#78220=PLANE('',#78210);
#78230=ORIENTED_EDGE('',*,*,#78070,.F.);
#78240=ORIENTED_EDGE('',*,*,#71800,.T.);
#78250=ORIENTED_EDGE('',*,*,#77100,.T.);
#78260=CARTESIAN_POINT('',(-6.05,-6.32499964469398,3.346891));
#78270=DIRECTION('',(0.,0.,1.));
#78280=VECTOR('',#78270,1.);
#78290=LINE('',#78260,#78280);
#78300=EDGE_CURVE('',#77030,#78060,#78290,.T.);
#78310=ORIENTED_EDGE('',*,*,#78300,.F.);
#78320=EDGE_LOOP('',(#78310,#78250,#78240,#78230));
#78330=FACE_OUTER_BOUND('',#78320,.T.);
#78340=ADVANCED_FACE('',(#78330),#78220,.T.);
#78350=CARTESIAN_POINT('',(-3.6,-7.04000279469398,6.44750315));
#78360=DIRECTION('',(1.,-0.,0.));
#78370=DIRECTION('',(0.,0.,-1.));
#78380=AXIS2_PLACEMENT_3D('',#78350,#78360,#78370);
#78390=PLANE('',#78380);
#78400=CARTESIAN_POINT('',(-3.6,-5.66968874469398,3.346891));
#78410=DIRECTION('',(0.,-0.0995037190209992,0.995037190209989));
#78420=VECTOR('',#78410,1.);
#78430=LINE('',#78400,#78420);
#78440=CARTESIAN_POINT('',(-3.6,-5.92499964469398,5.9));
#78450=VERTEX_POINT('',#78440);
#78460=CARTESIAN_POINT('',(-3.6,-5.97499964469398,6.4));
#78470=VERTEX_POINT('',#78460);
#78480=EDGE_CURVE('',#78450,#78470,#78430,.T.);
#78490=ORIENTED_EDGE('',*,*,#78480,.F.);
#78500=CARTESIAN_POINT('',(-3.6,-6.82499964469399,6.4));
#78510=DIRECTION('',(0.,1.,-0.));
#78520=VECTOR('',#78510,1.);
#78530=LINE('',#78500,#78520);
#78540=EDGE_CURVE('',#78470,#72110,#78530,.T.);
#78550=ORIENTED_EDGE('',*,*,#78540,.F.);
#78560=ORIENTED_EDGE('',*,*,#72120,.T.);
#78570=ORIENTED_EDGE('',*,*,#77500,.T.);
#78580=CARTESIAN_POINT('',(-3.6,-5.17189064469398,3.346891));
#78590=DIRECTION('',(0.,-0.707106781186547,0.707106781186548));
#78600=VECTOR('',#78590,1.);
#78610=LINE('',#78580,#78600);
#78620=EDGE_CURVE('',#77490,#17320,#78610,.T.);
#78630=ORIENTED_EDGE('',*,*,#78620,.F.);
#78640=ORIENTED_EDGE('',*,*,#17330,.F.);
#78650=CARTESIAN_POINT('',(-3.6,-6.82499964469399,6.1));
#78660=DIRECTION('',(0.,-0.707106781186549,0.707106781186546));
#78670=VECTOR('',#78660,1.);
#78680=LINE('',#78650,#78670);
#78690=CARTESIAN_POINT('',(-3.6,-6.62499964469398,5.9));
#78700=VERTEX_POINT('',#78690);
#78710=EDGE_CURVE('',#78700,#17240,#78680,.T.);
#78720=ORIENTED_EDGE('',*,*,#78710,.T.);
#78730=CARTESIAN_POINT('',(-3.6,-6.82499964469399,5.9));
#78740=DIRECTION('',(0.,1.,-0.));
#78750=VECTOR('',#78740,1.);
#78760=LINE('',#78730,#78750);
#78770=EDGE_CURVE('',#78700,#78450,#78760,.T.);
#78780=ORIENTED_EDGE('',*,*,#78770,.F.);
#78790=EDGE_LOOP('',(#78780,#78720,#78640,#78630,#78570,#78560,#78550,
#78490));
#78800=FACE_OUTER_BOUND('',#78790,.T.);
#78810=ADVANCED_FACE('',(#78800),#78390,.T.);
#78820=CARTESIAN_POINT('',(-3.78000315,-6.64250279469398,5.9));
#78830=DIRECTION('',(0.,0.,-1.));
#78840=DIRECTION('',(-1.,-0.,0.));
#78850=AXIS2_PLACEMENT_3D('',#78820,#78830,#78840);
#78860=PLANE('',#78850);
#78870=ORIENTED_EDGE('',*,*,#76780,.T.);
#78880=CARTESIAN_POINT('',(4.463169,-5.92499964469398,5.9));
#78890=DIRECTION('',(-1.,0.,0.));
#78900=VECTOR('',#78890,1.);
#78910=LINE('',#78880,#78900);
#78920=CARTESIAN_POINT('',(0.999999999999998,-5.92499964469398,5.9));
#78930=VERTEX_POINT('',#78920);
#78940=EDGE_CURVE('',#76690,#78930,#78910,.T.);
#78950=ORIENTED_EDGE('',*,*,#78940,.F.);
#78960=CARTESIAN_POINT('',(0.999999999999998,-6.82499964469399,5.9));
#78970=DIRECTION('',(0.,-1.,0.));
#78980=VECTOR('',#78970,1.);
#78990=LINE('',#78960,#78980);
#79000=CARTESIAN_POINT('',(0.999999999999998,-6.22499964469398,5.9));
#79010=VERTEX_POINT('',#79000);
#79020=EDGE_CURVE('',#78930,#79010,#78990,.T.);
#79030=ORIENTED_EDGE('',*,*,#79020,.F.);
#79040=CARTESIAN_POINT('',(4.463169,-6.22499964469398,5.9));
#79050=DIRECTION('',(-1.,0.,0.));
#79060=VECTOR('',#79050,1.);
#79070=LINE('',#79040,#79060);
#79080=CARTESIAN_POINT('',(-1.,-6.22499964469398,5.9));
#79090=VERTEX_POINT('',#79080);
#79100=EDGE_CURVE('',#79010,#79090,#79070,.T.);
#79110=ORIENTED_EDGE('',*,*,#79100,.F.);
#79120=CARTESIAN_POINT('',(-1.,-6.82499964469399,5.9));
#79130=DIRECTION('',(0.,1.,0.));
#79140=VECTOR('',#79130,1.);
#79150=LINE('',#79120,#79140);
#79160=CARTESIAN_POINT('',(-1.,-5.92499964469398,5.9));
#79170=VERTEX_POINT('',#79160);
#79180=EDGE_CURVE('',#79090,#79170,#79150,.T.);
#79190=ORIENTED_EDGE('',*,*,#79180,.F.);
#79200=CARTESIAN_POINT('',(4.463169,-5.92499964469398,5.9));
#79210=DIRECTION('',(-1.,0.,0.));
#79220=VECTOR('',#79210,1.);
#79230=LINE('',#79200,#79220);
#79240=EDGE_CURVE('',#79170,#78450,#79230,.T.);
#79250=ORIENTED_EDGE('',*,*,#79240,.F.);
#79260=ORIENTED_EDGE('',*,*,#78770,.T.);
#79270=CARTESIAN_POINT('',(4.463169,-6.62499964469398,5.9));
#79280=DIRECTION('',(-1.,0.,0.));
#79290=VECTOR('',#79280,1.);
#79300=LINE('',#79270,#79290);
#79310=EDGE_CURVE('',#76770,#78700,#79300,.T.);
#79320=ORIENTED_EDGE('',*,*,#79310,.T.);
#79330=EDGE_LOOP('',(#79320,#79260,#79250,#79190,#79110,#79030,#78950,
#78870));
#79340=FACE_OUTER_BOUND('',#79330,.T.);
#79350=ADVANCED_FACE('',(#79340),#78860,.T.);
#79360=CARTESIAN_POINT('',(0.934996849999998,-5.92374933125727,
5.88749686563285));
#79370=DIRECTION('',(0.,0.995037190209989,0.099503719020999));
#79380=DIRECTION('',(0.,0.099503719020999,-0.995037190209989));
#79390=AXIS2_PLACEMENT_3D('',#79360,#79370,#79380);
#79400=PLANE('',#79390);
#79410=ORIENTED_EDGE('',*,*,#77340,.T.);
#79420=CARTESIAN_POINT('',(0.999999999999998,-5.66968874469398,3.346891)
);
#79430=DIRECTION('',(0.,0.099503719020999,-0.995037190209989));
#79440=VECTOR('',#79430,1.);
#79450=LINE('',#79420,#79440);
#79460=EDGE_CURVE('',#77270,#78930,#79450,.T.);
#79470=ORIENTED_EDGE('',*,*,#79460,.F.);
#79480=ORIENTED_EDGE('',*,*,#78940,.T.);
#79490=ORIENTED_EDGE('',*,*,#76700,.T.);
#79500=EDGE_LOOP('',(#79490,#79480,#79470,#79410));
#79510=FACE_OUTER_BOUND('',#79500,.T.);
#79520=ADVANCED_FACE('',(#79510),#79400,.T.);
#79530=CARTESIAN_POINT('',(3.78000315,-6.61999741730762,5.89499777261364
));
#79540=DIRECTION('',(-0.,-0.707106781186546,-0.707106781186549));
#79550=DIRECTION('',(0.,-0.707106781186549,0.707106781186546));
#79560=AXIS2_PLACEMENT_3D('',#79530,#79540,#79550);
#79570=PLANE('',#79560);
#79580=ORIENTED_EDGE('',*,*,#78710,.F.);
#79590=ORIENTED_EDGE('',*,*,#17250,.T.);
#79600=ORIENTED_EDGE('',*,*,#76840,.F.);
#79610=ORIENTED_EDGE('',*,*,#79310,.F.);
#79620=EDGE_LOOP('',(#79610,#79600,#79590,#79580));
#79630=FACE_OUTER_BOUND('',#79620,.T.);
#79640=ADVANCED_FACE('',(#79630),#79570,.T.);
#79650=CARTESIAN_POINT('',(4.04606918047033,-6.83750187208034,
6.21250222738636));
#79660=DIRECTION('',(-0.,-0.707106781186547,-0.707106781186548));
#79670=DIRECTION('',(0.,-0.707106781186548,0.707106781186547));
#79680=AXIS2_PLACEMENT_3D('',#79650,#79660,#79670);
#79690=PLANE('',#79680);
#79700=CARTESIAN_POINT('',(4.463169,-4.73816864469399,4.113169));
#79710=DIRECTION('',(-0.577350269189626,0.577350269189626,
-0.577350269189625));
#79720=VECTOR('',#79710,1.);
#79730=LINE('',#79700,#79720);
#79740=CARTESIAN_POINT('',(6.25710678118655,-6.53210642588053,
5.90710678118655));
#79750=VERTEX_POINT('',#79740);
#79760=EDGE_CURVE('',#79750,#75590,#79730,.T.);
#79770=ORIENTED_EDGE('',*,*,#79760,.F.);
#79780=ORIENTED_EDGE('',*,*,#75900,.T.);
#79790=CARTESIAN_POINT('',(4.463169,-6.46183064469398,5.836831));
#79800=DIRECTION('',(0.577350269189627,0.577350269189626,
-0.577350269189625));
#79810=VECTOR('',#79800,1.);
#79820=LINE('',#79790,#79810);
#79830=EDGE_CURVE('',#18240,#75830,#79820,.T.);
#79840=ORIENTED_EDGE('',*,*,#79830,.T.);
#79850=ORIENTED_EDGE('',*,*,#18250,.F.);
#79860=CARTESIAN_POINT('',(6.25710678118655,-6.53210642588053,
5.90710678118655));
#79870=CARTESIAN_POINT('',(6.23403641971118,-6.55517678735589,
5.93017714266191));
#79880=CARTESIAN_POINT('',(6.20976345945156,-6.57718305079163,
5.95218340609764));
#79890=CARTESIAN_POINT('',(6.18446970216502,-6.59794738342375,
5.97294773872977));
#79900=CARTESIAN_POINT('',(6.18431686564465,-6.59807281311449,
5.9730731684205));
#79910=CARTESIAN_POINT('',(6.15909509658698,-6.61876552095317,
5.99376587625919));
#79920=CARTESIAN_POINT('',(6.13277946104914,-6.63828266473573,
6.01328302004175));
#79930=CARTESIAN_POINT('',(6.10565446599682,-6.65641297432054,
6.03141332962656));
#79940=CARTESIAN_POINT('',(6.10548574422923,-6.6565257106014,
6.03152606590741));
#79950=CARTESIAN_POINT('',(6.07836337675428,-6.67464231352754,
6.04964266883355));
#79960=CARTESIAN_POINT('',(6.05026165967823,-6.69148624011848,
6.0664865954245));
#79970=CARTESIAN_POINT('',(6.0214927632652,-6.70686958184124,
6.08186993714726));
#79980=CARTESIAN_POINT('',(6.0213004106357,-6.70697239646374,
6.08197275176975));
#79990=CARTESIAN_POINT('',(5.99254612876653,-6.72233581941135,
6.09733617471736));
#80000=CARTESIAN_POINT('',(5.96292902906997,-6.73634446349727,
6.11134481880329));
#80010=CARTESIAN_POINT('',(5.93279809765601,-6.74883168128664,
6.12383203659265));
#80020=CARTESIAN_POINT('',(5.9325683823675,-6.74892683247462,
6.12392718778064));
#80030=CARTESIAN_POINT('',(5.90247373541174,-6.76138585298538,
6.13638620829139));
#80040=CARTESIAN_POINT('',(5.87162658919317,-6.77242465318187,
6.14742500848788));
#80050=CARTESIAN_POINT('',(5.84043179656998,-6.78189535226973,
6.15689570757575));
#80060=CARTESIAN_POINT('',(5.84013699518859,-6.7819847792911,
6.15698513459712));
#80070=CARTESIAN_POINT('',(5.80902757000028,-6.79141385072153,
6.16641420602755));
#80080=CARTESIAN_POINT('',(5.77724768602452,-6.79937753652961,
6.17437789183563));
#80090=CARTESIAN_POINT('',(5.7453045996064,-6.80574230263446,
6.18074265794047));
#80100=CARTESIAN_POINT('',(5.74487502831183,-6.80582774967762,
6.18082810498363));
#80110=CARTESIAN_POINT('',(5.71319064958617,-6.81211931173922,
6.18711966704523));
#80120=CARTESIAN_POINT('',(5.68078490353177,-6.81693631430408,
6.19193666961009));
#80130=CARTESIAN_POINT('',(5.64843757520299,-6.82014296214548,
6.19514331745149));
#80140=CARTESIAN_POINT('',(5.64759386541047,-6.82022606030697,
6.19522641561298));
#80150=CARTESIAN_POINT('',(5.61502394959791,-6.8234129221986,
6.19841327750461));
#80160=CARTESIAN_POINT('',(5.58230012442126,-6.82499964469398,6.2));
#80170=CARTESIAN_POINT('',(5.55,-6.82499964469398,6.2));
#80180=B_SPLINE_CURVE_WITH_KNOTS('',3,(#79860,#79870,#79880,#79890,
#79900,#79910,#79920,#79930,#79940,#79950,#79960,#79970,#79980,#79990,
#80000,#80010,#80020,#80030,#80040,#80050,#80060,#80070,#80080,#80090,
#80100,#80110,#80120,#80130,#80140,#80150,#80160,#80170),.UNSPECIFIED.,
.F.,.F.,(4,1,2,1,1,2,1,1,2,1,1,2,1,1,2,1,1,2,1,1,2,1,4),(0.,
0.117943870994285,0.118301241498617,0.118646609239223,0.232275257102526,
0.232629178449239,0.232972147961954,0.342717133935971,0.343084641457806,
0.343441264878755,0.449530802177415,0.449936043909888,0.450330608166031,
0.553137737626679,0.553624854573853,0.554101790596699,0.654085029974266,
0.654760213034189,0.655426544396074,0.752816580636357,0.75409899637918,
0.755378006719453,0.852509427702067),.UNSPECIFIED.);
#80190=EDGE_CURVE('',#79750,#18160,#80180,.T.);
#80200=ORIENTED_EDGE('',*,*,#80190,.T.);
#80210=EDGE_LOOP('',(#80200,#79850,#79840,#79780,#79770));
#80220=FACE_OUTER_BOUND('',#80210,.T.);
#80230=ADVANCED_FACE('',(#80220),#79690,.T.);
#80240=CARTESIAN_POINT('',(6.56250222738636,-6.83750187208034,
6.02228760071621));
#80250=DIRECTION('',(-0.707106781186547,-0.707106781186548,0.));
#80260=DIRECTION('',(0.707106781186548,-0.707106781186547,0.));
#80270=AXIS2_PLACEMENT_3D('',#80240,#80250,#80260);
#80280=PLANE('',#80270);
#80290=CARTESIAN_POINT('',(6.05,-6.32499964469398,1.3));
#80300=DIRECTION('',(0.707106781186548,-0.707106781186547,0.));
#80310=VECTOR('',#80300,1.);
#80320=LINE('',#80290,#80310);
#80330=EDGE_CURVE('',#75330,#17990,#80320,.T.);
#80340=ORIENTED_EDGE('',*,*,#80330,.T.);
#80350=ORIENTED_EDGE('',*,*,#75660,.T.);
#80360=ORIENTED_EDGE('',*,*,#79760,.T.);
#80370=CARTESIAN_POINT('',(6.55,-6.82499964469398,5.2));
#80380=CARTESIAN_POINT('',(6.55,-6.82499964469398,5.23230154898588));
#80390=CARTESIAN_POINT('',(6.54841320752381,-6.82341285221779,
5.265025374091));
#80400=CARTESIAN_POINT('',(6.54522627598113,-6.82022592067511,
5.29759528311648));
#80410=CARTESIAN_POINT('',(6.54514317744815,-6.82014282214213,
5.29843899668079));
#80420=CARTESIAN_POINT('',(6.54193627086238,-6.81693591555637,
5.33078822855806));
#80430=CARTESIAN_POINT('',(6.5371191056285,-6.81211875032248,
5.36319395158683));
#80440=CARTESIAN_POINT('',(6.53082773044593,-6.80582737513992,
5.39487691124));
#80450=CARTESIAN_POINT('',(6.5307422734484,-6.80574191814239,
5.39530653257855));
#80460=CARTESIAN_POINT('',(6.52437725595853,-6.79937690065251,
5.42725038750732));
#80470=CARTESIAN_POINT('',(6.51641343879444,-6.79141308348842,
5.45903023575665));
#80480=CARTESIAN_POINT('',(6.50698490153452,-6.78198454622851,
5.490137763493));
#80490=CARTESIAN_POINT('',(6.50689546792499,-6.78189511261898,
5.49043258659265));
#80500=CARTESIAN_POINT('',(6.49742458660945,-6.77242423130344,
5.52162784036562));
#80510=CARTESIAN_POINT('',(6.48638572570118,-6.76138537039517,
5.55247496403471));
#80520=CARTESIAN_POINT('',(6.47392699864875,-6.74892664334273,
5.58256883897227));
#80530=CARTESIAN_POINT('',(6.47383184142199,-6.74883148611598,
5.58279856883967));
#80540=CARTESIAN_POINT('',(6.46134445844271,-6.73634410313669,
5.61292983362523));
#80550=CARTESIAN_POINT('',(6.44733577540731,-6.7223354201013,
5.64254691453975));
#80560=CARTESIAN_POINT('',(6.43197257677304,-6.70697222146702,
5.67130073803152));
#80570=CARTESIAN_POINT('',(6.43186975612152,-6.7068694008155,
5.67149310194053));
#80580=CARTESIAN_POINT('',(6.41648624808658,-6.69148589278057,
5.70026226949614));
#80590=CARTESIAN_POINT('',(6.39964229204922,-6.67464193674321,
5.72836396874141));
#80600=CARTESIAN_POINT('',(6.38152588949234,-6.65652553418632,
5.75548600825305));
#80610=CARTESIAN_POINT('',(6.38141314696951,-6.6564127916635,
5.75565473936241));
#80620=CARTESIAN_POINT('',(6.36328274015172,-6.63828238484571,
5.7827798509093));
#80630=CARTESIAN_POINT('',(6.34376557771482,-6.6187652224088,
5.80909547208951));
#80640=CARTESIAN_POINT('',(6.32307307269634,-6.59807271739033,
5.83431698228487));
#80650=CARTESIAN_POINT('',(6.32294763937094,-6.59794728406493,
5.8344698232341));
#80660=CARTESIAN_POINT('',(6.3021833007935,-6.57718294548749,
5.85976357563684));
#80670=CARTESIAN_POINT('',(6.28017703191406,-6.55517667660805,
5.88403653045903));
#80680=CARTESIAN_POINT('',(6.25710678118655,-6.53210642588053,
5.90710678118655));
#80690=B_SPLINE_CURVE_WITH_KNOTS('',3,(#80370,#80380,#80390,#80400,
#80410,#80420,#80430,#80440,#80450,#80460,#80470,#80480,#80490,#80500,
#80510,#80520,#80530,#80540,#80550,#80560,#80570,#80580,#80590,#80600,
#80610,#80620,#80630,#80640,#80650,#80660,#80670,#80680),.UNSPECIFIED.,
.F.,.F.,(4,1,2,1,1,2,1,1,2,1,1,2,1,1,2,1,1,2,1,1,2,1,4),(0.,
0.097135704866595,0.0984104313228875,0.0996971828751727,
0.197088710945472,0.197749214667878,0.198430488472291,0.298410118327759,
0.298884573128215,0.299374305866724,0.402180385463248,0.40257338379218,
0.402980290747668,0.50906937492376,0.509424786244262,0.509793589927171,
0.619538351505022,0.619880249252828,0.62023531919858,0.73386334560955,
0.734208186203451,0.734566122890047,0.852509427702068),.UNSPECIFIED.);
#80700=EDGE_CURVE('',#18070,#79750,#80690,.T.);
#80710=ORIENTED_EDGE('',*,*,#80700,.T.);
#80720=ORIENTED_EDGE('',*,*,#18080,.F.);
#80730=EDGE_LOOP('',(#80720,#80710,#80360,#80350,#80340));
#80740=FACE_OUTER_BOUND('',#80730,.T.);
#80750=ADVANCED_FACE('',(#80740),#80280,.T.);
#80760=CARTESIAN_POINT('',(5.75,-6.83750804469398,1.3));
#80770=DIRECTION('',(0.,-1.,0.));
#80780=DIRECTION('',(1.,0.,0.));
#80790=AXIS2_PLACEMENT_3D('',#80760,#80770,#80780);
#80800=CONICAL_SURFACE('',#80790,0.812508399999997,0.785398163397449);
#80810=CARTESIAN_POINT('',(5.75,-6.32499964469398,0.999999999999999));
#80820=DIRECTION('',(0.,-0.707106781186548,-0.707106781186547));
#80830=VECTOR('',#80820,1.);
#80840=LINE('',#80810,#80830);
#80850=EDGE_CURVE('',#75100,#17900,#80840,.T.);
#80860=ORIENTED_EDGE('',*,*,#80850,.T.);
#80870=ORIENTED_EDGE('',*,*,#75410,.F.);
#80880=ORIENTED_EDGE('',*,*,#80330,.F.);
#80890=ORIENTED_EDGE('',*,*,#18000,.T.);
#80900=EDGE_LOOP('',(#80890,#80880,#80870,#80860));
#80910=FACE_OUTER_BOUND('',#80900,.T.);
#80920=ADVANCED_FACE('',(#80910),#80800,.F.);
#80930=CARTESIAN_POINT('',(6.03750315,-6.83750187208034,
0.487497772613638));
#80940=DIRECTION('',(0.,-0.707106781186548,0.707106781186547));
#80950=DIRECTION('',(0.,0.707106781186547,0.707106781186548));
#80960=AXIS2_PLACEMENT_3D('',#80930,#80940,#80950);
#80970=PLANE('',#80960);
#80980=CARTESIAN_POINT('',(-5.75,-6.32499964469398,0.999999999999999));
#80990=DIRECTION('',(0.,-0.707106781186548,-0.707106781186547));
#81000=VECTOR('',#80990,1.);
#81010=LINE('',#80980,#81000);
#81020=EDGE_CURVE('',#75010,#17820,#81010,.T.);
#81030=ORIENTED_EDGE('',*,*,#81020,.T.);
#81040=ORIENTED_EDGE('',*,*,#75170,.T.);
#81050=ORIENTED_EDGE('',*,*,#80850,.F.);
#81060=ORIENTED_EDGE('',*,*,#17910,.F.);
#81070=EDGE_LOOP('',(#81060,#81050,#81040,#81030));
#81080=FACE_OUTER_BOUND('',#81070,.T.);
#81090=ADVANCED_FACE('',(#81080),#80970,.T.);
#81100=CARTESIAN_POINT('',(-5.75,-6.83750804469398,1.3));
#81110=DIRECTION('',(0.,-1.,5.46565684551769E-16));
#81120=DIRECTION('',(0.,5.46565684551769E-16,1.));
#81130=AXIS2_PLACEMENT_3D('',#81100,#81110,#81120);
#81140=CONICAL_SURFACE('',#81130,0.812508399999997,0.785398163397447);
#81150=CARTESIAN_POINT('',(-6.55,-6.82499964469398,1.3));
#81160=DIRECTION('',(0.707106781186547,0.707106781186548,0.));
#81170=VECTOR('',#81160,1.);
#81180=LINE('',#81150,#81170);
#81190=EDGE_CURVE('',#17730,#77030,#81180,.T.);
#81200=ORIENTED_EDGE('',*,*,#81190,.F.);
#81210=ORIENTED_EDGE('',*,*,#77040,.F.);
#81220=ORIENTED_EDGE('',*,*,#81020,.F.);
#81230=ORIENTED_EDGE('',*,*,#17830,.T.);
#81240=EDGE_LOOP('',(#81230,#81220,#81210,#81200));
#81250=FACE_OUTER_BOUND('',#81240,.T.);
#81260=ADVANCED_FACE('',(#81250),#81140,.F.);
#81270=CARTESIAN_POINT('',(-6.31103760071621,-6.83750187208034,
6.21250222738636));
#81280=DIRECTION('',(-0.,-0.707106781186548,-0.707106781186547));
#81290=DIRECTION('',(0.,-0.707106781186547,0.707106781186548));
#81300=AXIS2_PLACEMENT_3D('',#81270,#81280,#81290);
#81310=PLANE('',#81300);
#81320=CARTESIAN_POINT('',(-6.95310899999999,-3.97189064469398,3.346891)
);
#81330=DIRECTION('',(0.577350269189625,-0.577350269189626,
0.577350269189626));
#81340=VECTOR('',#81330,1.);
#81350=LINE('',#81320,#81340);
#81360=EDGE_CURVE('',#77820,#17480,#81350,.T.);
#81370=ORIENTED_EDGE('',*,*,#81360,.T.);
#81380=ORIENTED_EDGE('',*,*,#78130,.T.);
#81390=CARTESIAN_POINT('',(-3.69689100000001,-3.97189064469398,3.346891)
);
#81400=DIRECTION('',(-0.577350269189625,-0.577350269189626,
0.577350269189626));
#81410=VECTOR('',#81400,1.);
#81420=LINE('',#81390,#81410);
#81430=CARTESIAN_POINT('',(-6.25710678118655,-6.53210642588053,
5.90710678118655));
#81440=VERTEX_POINT('',#81430);
#81450=EDGE_CURVE('',#78060,#81440,#81420,.T.);
#81460=ORIENTED_EDGE('',*,*,#81450,.F.);
#81470=CARTESIAN_POINT('',(-5.55,-6.82499964469398,6.2));
#81480=CARTESIAN_POINT('',(-5.58230154898588,-6.82499964469398,6.2));
#81490=CARTESIAN_POINT('',(-5.615025374091,-6.82341285221779,
6.19841320752381));
#81500=CARTESIAN_POINT('',(-5.64759528311648,-6.82022592067511,
6.19522627598113));
#81510=CARTESIAN_POINT('',(-5.64843899668079,-6.82014282214213,
6.19514317744815));
#81520=CARTESIAN_POINT('',(-5.68078822855806,-6.81693591555637,
6.19193627086238));
#81530=CARTESIAN_POINT('',(-5.71319395158683,-6.81211875032248,
6.1871191056285));
#81540=CARTESIAN_POINT('',(-5.74487691124,-6.80582737513992,
6.18082773044593));
#81550=CARTESIAN_POINT('',(-5.74530653257855,-6.80574191814239,
6.1807422734484));
#81560=CARTESIAN_POINT('',(-5.77725038750732,-6.79937690065251,
6.17437725595853));
#81570=CARTESIAN_POINT('',(-5.80903023575665,-6.79141308348843,
6.16641343879444));
#81580=CARTESIAN_POINT('',(-5.840137763493,-6.78198454622851,
6.15698490153452));
#81590=CARTESIAN_POINT('',(-5.84043258659266,-6.78189511261898,
6.15689546792499));
#81600=CARTESIAN_POINT('',(-5.87162784036563,-6.77242423130344,
6.14742458660946));
#81610=CARTESIAN_POINT('',(-5.90247496403471,-6.76138537039516,
6.13638572570118));
#81620=CARTESIAN_POINT('',(-5.93256883897227,-6.74892664334273,
6.12392699864875));
#81630=CARTESIAN_POINT('',(-5.93279856883967,-6.74883148611598,
6.12383184142199));
#81640=CARTESIAN_POINT('',(-5.96292983362523,-6.73634410313669,
6.11134445844271));
#81650=CARTESIAN_POINT('',(-5.99254691453975,-6.7223354201013,
6.09733577540732));
#81660=CARTESIAN_POINT('',(-6.02130073803153,-6.70697222146702,
6.08197257677304));
#81670=CARTESIAN_POINT('',(-6.02149310194054,-6.7068694008155,
6.08186975612152));
#81680=CARTESIAN_POINT('',(-6.05026226949614,-6.69148589278057,
6.06648624808658));
#81690=CARTESIAN_POINT('',(-6.07836396874141,-6.67464193674321,
6.04964229204922));
#81700=CARTESIAN_POINT('',(-6.10548600825305,-6.65652553418632,
6.03152588949234));
#81710=CARTESIAN_POINT('',(-6.10565473936241,-6.65641279166349,
6.03141314696951));
#81720=CARTESIAN_POINT('',(-6.13277985090931,-6.6382823848457,
6.01328274015172));
#81730=CARTESIAN_POINT('',(-6.15909547208951,-6.6187652224088,
5.99376557771482));
#81740=CARTESIAN_POINT('',(-6.18431698228488,-6.59807271739033,
5.97307307269634));
#81750=CARTESIAN_POINT('',(-6.1844698232341,-6.59794728406493,
5.97294763937095));
#81760=CARTESIAN_POINT('',(-6.20976357563684,-6.57718294548749,
5.95218330079351));
#81770=CARTESIAN_POINT('',(-6.23403653045903,-6.55517667660805,
5.93017703191406));
#81780=CARTESIAN_POINT('',(-6.25710678118655,-6.53210642588053,
5.90710678118655));
#81790=B_SPLINE_CURVE_WITH_KNOTS('',3,(#81470,#81480,#81490,#81500,
#81510,#81520,#81530,#81540,#81550,#81560,#81570,#81580,#81590,#81600,
#81610,#81620,#81630,#81640,#81650,#81660,#81670,#81680,#81690,#81700,
#81710,#81720,#81730,#81740,#81750,#81760,#81770,#81780),.UNSPECIFIED.,
.F.,.F.,(4,1,2,1,1,2,1,1,2,1,1,2,1,1,2,1,1,2,1,1,2,1,4),(0.,
0.0971357048666048,0.0984104313228864,0.0996971828751605,
0.197088710945475,0.197749214667878,0.198430488472289,0.298410118327761,
0.298884573128214,0.299374305866722,0.402180385463246,0.40257338379218,
0.402980290747669,0.50906937492376,0.509424786244262,0.509793589927171,
0.61953835150502,0.619880249252827,0.620235319198581,0.733863345609551,
0.73420818620345,0.734566122890045,0.852509427702069),.UNSPECIFIED.);
#81800=EDGE_CURVE('',#17560,#81440,#81790,.T.);
#81810=ORIENTED_EDGE('',*,*,#81800,.T.);
#81820=ORIENTED_EDGE('',*,*,#17570,.F.);
#81830=EDGE_LOOP('',(#81820,#81810,#81460,#81380,#81370));
#81840=FACE_OUTER_BOUND('',#81830,.T.);
#81850=ADVANCED_FACE('',(#81840),#81310,.T.);
#81860=CARTESIAN_POINT('',(-6.56250222738636,-6.83750187208034,
1.18481918047033));
#81870=DIRECTION('',(0.707106781186548,-0.707106781186547,0.));
#81880=DIRECTION('',(0.707106781186547,0.707106781186548,0.));
#81890=AXIS2_PLACEMENT_3D('',#81860,#81870,#81880);
#81900=PLANE('',#81890);
#81910=ORIENTED_EDGE('',*,*,#81450,.T.);
#81920=ORIENTED_EDGE('',*,*,#78300,.T.);
#81930=ORIENTED_EDGE('',*,*,#81190,.T.);
#81940=ORIENTED_EDGE('',*,*,#17740,.F.);
#81950=CARTESIAN_POINT('',(-6.25710678118655,-6.53210642588053,
5.90710678118655));
#81960=CARTESIAN_POINT('',(-6.28017714266191,-6.55517678735589,
5.88403641971118));
#81970=CARTESIAN_POINT('',(-6.30218340609765,-6.57718305079163,
5.85976345945156));
#81980=CARTESIAN_POINT('',(-6.32294773872977,-6.59794738342375,
5.83446970216502));
#81990=CARTESIAN_POINT('',(-6.32307316842051,-6.59807281311449,
5.83431686564465));
#82000=CARTESIAN_POINT('',(-6.34376587625919,-6.61876552095317,
5.80909509658698));
#82010=CARTESIAN_POINT('',(-6.36328302004175,-6.63828266473573,
5.78277946104914));
#82020=CARTESIAN_POINT('',(-6.38141332962656,-6.65641297432054,
5.75565446599683));
#82030=CARTESIAN_POINT('',(-6.38152606590742,-6.6565257106014,
5.75548574422923));
#82040=CARTESIAN_POINT('',(-6.39964266883355,-6.67464231352754,
5.72836337675429));
#82050=CARTESIAN_POINT('',(-6.41648659542451,-6.69148624011849,
5.70026165967823));
#82060=CARTESIAN_POINT('',(-6.43186993714726,-6.70686958184124,
5.6714927632652));
#82070=CARTESIAN_POINT('',(-6.43197275176976,-6.70697239646374,
5.6713004106357));
#82080=CARTESIAN_POINT('',(-6.44733617471737,-6.72233581941135,
5.64254612876653));
#82090=CARTESIAN_POINT('',(-6.46134481880329,-6.73634446349727,
5.61292902906997));
#82100=CARTESIAN_POINT('',(-6.47383203659266,-6.74883168128664,
5.58279809765601));
#82110=CARTESIAN_POINT('',(-6.47392718778064,-6.74892683247462,
5.5825683823675));
#82120=CARTESIAN_POINT('',(-6.48638620829139,-6.76138585298538,
5.55247373541174));
#82130=CARTESIAN_POINT('',(-6.49742500848789,-6.77242465318187,
5.52162658919317));
#82140=CARTESIAN_POINT('',(-6.50689570757575,-6.78189535226973,
5.49043179656998));
#82150=CARTESIAN_POINT('',(-6.50698513459712,-6.7819847792911,
5.49013699518859));
#82160=CARTESIAN_POINT('',(-6.51641420602755,-6.79141385072153,
5.45902757000028));
#82170=CARTESIAN_POINT('',(-6.52437789183563,-6.79937753652961,
5.42724768602453));
#82180=CARTESIAN_POINT('',(-6.53074265794048,-6.80574230263446,
5.3953045996064));
#82190=CARTESIAN_POINT('',(-6.53082810498364,-6.80582774967762,
5.39487502831183));
#82200=CARTESIAN_POINT('',(-6.53711966704524,-6.81211931173922,
5.36319064958617));
#82210=CARTESIAN_POINT('',(-6.5419366696101,-6.81693631430408,
5.33078490353177));
#82220=CARTESIAN_POINT('',(-6.54514331745149,-6.82014296214548,
5.298437575203));
#82230=CARTESIAN_POINT('',(-6.54522641561299,-6.82022606030697,
5.29759386541047));
#82240=CARTESIAN_POINT('',(-6.54841327750461,-6.8234129221986,
5.26502394959791));
#82250=CARTESIAN_POINT('',(-6.55,-6.82499964469398,5.23230012442126));
#82260=CARTESIAN_POINT('',(-6.55,-6.82499964469398,5.2));
#82270=B_SPLINE_CURVE_WITH_KNOTS('',3,(#81950,#81960,#81970,#81980,
#81990,#82000,#82010,#82020,#82030,#82040,#82050,#82060,#82070,#82080,
#82090,#82100,#82110,#82120,#82130,#82140,#82150,#82160,#82170,#82180,
#82190,#82200,#82210,#82220,#82230,#82240,#82250,#82260),.UNSPECIFIED.,
.F.,.F.,(4,1,2,1,1,2,1,1,2,1,1,2,1,1,2,1,1,2,1,1,2,1,4),(0.,
0.117943870994284,0.118301241498617,0.118646609239224,0.232275257102524,
0.232629178449239,0.232972147961954,0.342717133935971,0.343084641457806,
0.343441264878755,0.449530802177415,0.449936043909888,0.45033060816603,
0.553137737626683,0.553624854573853,0.554101790596695,0.654085029974266,
0.654760213034189,0.655426544396074,0.752816580636353,0.75409899637918,
0.755378006719457,0.852509427702068),.UNSPECIFIED.);
#82280=EDGE_CURVE('',#81440,#17650,#82270,.T.);
#82290=ORIENTED_EDGE('',*,*,#82280,.T.);
#82300=EDGE_LOOP('',(#82290,#81940,#81930,#81920,#81910));
#82310=FACE_OUTER_BOUND('',#82300,.T.);
#82320=ADVANCED_FACE('',(#82310),#81900,.T.);
#82330=CARTESIAN_POINT('',(-4.08749777261364,-6.83750187208034,
6.24250315));
#82340=DIRECTION('',(-0.707106781186548,-0.707106781186547,0.));
#82350=DIRECTION('',(0.707106781186547,-0.707106781186548,0.));
#82360=AXIS2_PLACEMENT_3D('',#82330,#82340,#82350);
#82370=PLANE('',#82360);
#82380=CARTESIAN_POINT('',(-4.1,-6.82499964469399,5.));
#82390=DIRECTION('',(-0.577350269189625,0.577350269189626,
-0.577350269189626));
#82400=VECTOR('',#82390,1.);
#82410=LINE('',#82380,#82400);
#82420=EDGE_CURVE('',#17400,#77580,#82410,.T.);
#82430=ORIENTED_EDGE('',*,*,#82420,.F.);
#82440=ORIENTED_EDGE('',*,*,#77890,.T.);
#82450=ORIENTED_EDGE('',*,*,#81360,.F.);
#82460=ORIENTED_EDGE('',*,*,#17490,.F.);
#82470=EDGE_LOOP('',(#82460,#82450,#82440,#82430));
#82480=FACE_OUTER_BOUND('',#82470,.T.);
#82490=ADVANCED_FACE('',(#82480),#82370,.T.);
#82500=CARTESIAN_POINT('',(-4.62500315,-6.83750187208034,
5.01250222738636));
#82510=DIRECTION('',(-0.,-0.707106781186548,-0.707106781186547));
#82520=DIRECTION('',(0.,-0.707106781186547,0.707106781186548));
#82530=AXIS2_PLACEMENT_3D('',#82500,#82510,#82520);
#82540=PLANE('',#82530);
#82550=ORIENTED_EDGE('',*,*,#78620,.T.);
#82560=ORIENTED_EDGE('',*,*,#77650,.T.);
#82570=ORIENTED_EDGE('',*,*,#82420,.T.);
#82580=ORIENTED_EDGE('',*,*,#17410,.F.);
#82590=EDGE_LOOP('',(#82580,#82570,#82560,#82550));
#82600=FACE_OUTER_BOUND('',#82590,.T.);
#82610=ADVANCED_FACE('',(#82600),#82540,.T.);
#82620=CARTESIAN_POINT('',(4.08749777261364,-6.83750187208034,4.45749685
));
#82630=DIRECTION('',(0.707106781186547,-0.707106781186548,0.));
#82640=DIRECTION('',(0.707106781186548,0.707106781186547,0.));
#82650=AXIS2_PLACEMENT_3D('',#82620,#82630,#82640);
#82660=PLANE('',#82650);
#82670=ORIENTED_EDGE('',*,*,#79830,.F.);
#82680=ORIENTED_EDGE('',*,*,#76140,.T.);
#82690=CARTESIAN_POINT('',(4.463169,-6.46183064469398,4.636831));
#82700=DIRECTION('',(-0.577350269189626,-0.577350269189625,
0.577350269189626));
#82710=VECTOR('',#82700,1.);
#82720=LINE('',#82690,#82710);
#82730=EDGE_CURVE('',#76070,#18320,#82720,.T.);
#82740=ORIENTED_EDGE('',*,*,#82730,.F.);
#82750=ORIENTED_EDGE('',*,*,#18330,.F.);
#82760=EDGE_LOOP('',(#82750,#82740,#82680,#82670));
#82770=FACE_OUTER_BOUND('',#82760,.T.);
#82780=ADVANCED_FACE('',(#82770),#82660,.T.);
#82790=CARTESIAN_POINT('',(3.57499685,-6.83750187208034,5.01250222738636
));
#82800=DIRECTION('',(-0.,-0.707106781186548,-0.707106781186547));
#82810=DIRECTION('',(0.,-0.707106781186547,0.707106781186548));
#82820=AXIS2_PLACEMENT_3D('',#82790,#82800,#82810);
#82830=PLANE('',#82820);
#82840=ORIENTED_EDGE('',*,*,#82730,.T.);
#82850=ORIENTED_EDGE('',*,*,#76380,.T.);
#82860=ORIENTED_EDGE('',*,*,#76520,.T.);
#82870=ORIENTED_EDGE('',*,*,#18390,.F.);
#82880=EDGE_LOOP('',(#82870,#82860,#82850,#82840));
#82890=FACE_OUTER_BOUND('',#82880,.T.);
#82900=ADVANCED_FACE('',(#82890),#82830,.T.);
#82910=CARTESIAN_POINT('',(-0.934996850000002,-6.16875279469398,6.4));
#82920=DIRECTION('',(0.,0.,-1.));
#82930=DIRECTION('',(-1.,-0.,0.));
#82940=AXIS2_PLACEMENT_3D('',#82910,#82920,#82930);
#82950=PLANE('',#82940);
#82960=ORIENTED_EDGE('',*,*,#72200,.F.);
#82970=ORIENTED_EDGE('',*,*,#78540,.T.);
#82980=CARTESIAN_POINT('',(4.463169,-5.97499964469398,6.4));
#82990=DIRECTION('',(1.,0.,0.));
#83000=VECTOR('',#82990,1.);
#83010=LINE('',#82980,#83000);
#83020=CARTESIAN_POINT('',(-1.,-5.97499964469398,6.4));
#83030=VERTEX_POINT('',#83020);
#83040=EDGE_CURVE('',#78470,#83030,#83010,.T.);
#83050=ORIENTED_EDGE('',*,*,#83040,.F.);
#83060=CARTESIAN_POINT('',(-1.,-6.82499964469399,6.4));
#83070=DIRECTION('',(0.,1.,0.));
#83080=VECTOR('',#83070,1.);
#83090=LINE('',#83060,#83080);
#83100=EDGE_CURVE('',#83030,#72190,#83090,.T.);
#83110=ORIENTED_EDGE('',*,*,#83100,.F.);
#83120=EDGE_LOOP('',(#83110,#83050,#82970,#82960));
#83130=FACE_OUTER_BOUND('',#83120,.T.);
#83140=ADVANCED_FACE('',(#83130),#82950,.T.);
#83150=CARTESIAN_POINT('',(-3.66500315,-5.92374933125727,
5.88749686563285));
#83160=DIRECTION('',(0.,0.995037190209989,0.0995037190209992));
#83170=DIRECTION('',(0.,0.0995037190209992,-0.995037190209989));
#83180=AXIS2_PLACEMENT_3D('',#83150,#83160,#83170);
#83190=PLANE('',#83180);
#83200=ORIENTED_EDGE('',*,*,#83040,.T.);
#83210=ORIENTED_EDGE('',*,*,#78480,.T.);
#83220=ORIENTED_EDGE('',*,*,#79240,.T.);
#83230=CARTESIAN_POINT('',(-1.,-5.66968874469398,3.346891));
#83240=DIRECTION('',(0.,-0.0995037190209992,0.995037190209989));
#83250=VECTOR('',#83240,1.);
#83260=LINE('',#83230,#83250);
#83270=EDGE_CURVE('',#79170,#83030,#83260,.T.);
#83280=ORIENTED_EDGE('',*,*,#83270,.F.);
#83290=EDGE_LOOP('',(#83280,#83220,#83210,#83200));
#83300=FACE_OUTER_BOUND('',#83290,.T.);
#83310=ADVANCED_FACE('',(#83300),#83190,.T.);
#83320=CARTESIAN_POINT('',(-1.,-6.42500279469398,4.55499685));
#83330=DIRECTION('',(-1.,0.,0.));
#83340=DIRECTION('',(0.,0.,1.));
#83350=AXIS2_PLACEMENT_3D('',#83320,#83330,#83340);
#83360=PLANE('',#83350);
#83370=ORIENTED_EDGE('',*,*,#83100,.T.);
#83380=ORIENTED_EDGE('',*,*,#83270,.T.);
#83390=ORIENTED_EDGE('',*,*,#79180,.T.);
#83400=CARTESIAN_POINT('',(-1.,-6.22499964469398,3.346891));
#83410=DIRECTION('',(0.,0.,1.));
#83420=VECTOR('',#83410,1.);
#83430=LINE('',#83400,#83420);
#83440=CARTESIAN_POINT('',(-1.,-6.22499964469398,4.8));
#83450=VERTEX_POINT('',#83440);
#83460=EDGE_CURVE('',#83450,#79090,#83430,.T.);
#83470=ORIENTED_EDGE('',*,*,#83460,.T.);
#83480=CARTESIAN_POINT('',(-1.,-6.82499964469399,5.4));
#83490=DIRECTION('',(0.,-0.707106781186548,0.707106781186547));
#83500=VECTOR('',#83490,1.);
#83510=LINE('',#83480,#83500);
#83520=CARTESIAN_POINT('',(-1.,-6.02499964469398,4.6));
#83530=VERTEX_POINT('',#83520);
#83540=EDGE_CURVE('',#83530,#83450,#83510,.T.);
#83550=ORIENTED_EDGE('',*,*,#83540,.T.);
#83560=CARTESIAN_POINT('',(-1.,-6.82499964469399,4.6));
#83570=DIRECTION('',(0.,-1.,0.));
#83580=VECTOR('',#83570,1.);
#83590=LINE('',#83560,#83580);
#83600=EDGE_CURVE('',#72270,#83530,#83590,.T.);
#83610=ORIENTED_EDGE('',*,*,#83600,.T.);
#83620=ORIENTED_EDGE('',*,*,#72280,.F.);
#83630=EDGE_LOOP('',(#83620,#83610,#83550,#83470,#83390,#83380,#83370));
#83640=FACE_OUTER_BOUND('',#83630,.T.);
#83650=ADVANCED_FACE('',(#83640),#83360,.T.);
#83660=CARTESIAN_POINT('',(-1.05000315,-6.22499964469398,4.77249685));
#83670=DIRECTION('',(0.,-1.,0.));
#83680=DIRECTION('',(1.,0.,0.));
#83690=AXIS2_PLACEMENT_3D('',#83660,#83670,#83680);
#83700=PLANE('',#83690);
#83710=ORIENTED_EDGE('',*,*,#83460,.F.);
#83720=ORIENTED_EDGE('',*,*,#79100,.T.);
#83730=CARTESIAN_POINT('',(0.999999999999998,-6.22499964469398,3.346891)
);
#83740=DIRECTION('',(0.,0.,-1.));
#83750=VECTOR('',#83740,1.);
#83760=LINE('',#83730,#83750);
#83770=CARTESIAN_POINT('',(0.999999999999998,-6.22499964469398,4.8));
#83780=VERTEX_POINT('',#83770);
#83790=EDGE_CURVE('',#79010,#83780,#83760,.T.);
#83800=ORIENTED_EDGE('',*,*,#83790,.F.);
#83810=CARTESIAN_POINT('',(4.463169,-6.22499964469398,4.8));
#83820=DIRECTION('',(-1.,0.,0.));
#83830=VECTOR('',#83820,1.);
#83840=LINE('',#83810,#83830);
#83850=EDGE_CURVE('',#83780,#83450,#83840,.T.);
#83860=ORIENTED_EDGE('',*,*,#83850,.F.);
#83870=EDGE_LOOP('',(#83860,#83800,#83720,#83710));
#83880=FACE_OUTER_BOUND('',#83870,.T.);
#83890=ADVANCED_FACE('',(#83880),#83700,.T.);
#83900=CARTESIAN_POINT('',(0.999999999999998,-6.42500279469398,
6.44500315));
#83910=DIRECTION('',(1.,-0.,0.));
#83920=DIRECTION('',(0.,0.,-1.));
#83930=AXIS2_PLACEMENT_3D('',#83900,#83910,#83920);
#83940=PLANE('',#83930);
#83950=CARTESIAN_POINT('',(0.999999999999998,-6.82499964469399,4.6));
#83960=DIRECTION('',(0.,-1.,0.));
#83970=VECTOR('',#83960,1.);
#83980=LINE('',#83950,#83970);
#83990=CARTESIAN_POINT('',(0.999999999999998,-6.02499964469398,4.6));
#84000=VERTEX_POINT('',#83990);
#84010=EDGE_CURVE('',#72350,#84000,#83980,.T.);
#84020=ORIENTED_EDGE('',*,*,#84010,.F.);
#84030=CARTESIAN_POINT('',(0.999999999999998,-6.82499964469399,5.4));
#84040=DIRECTION('',(0.,0.707106781186548,-0.707106781186547));
#84050=VECTOR('',#84040,1.);
#84060=LINE('',#84030,#84050);
#84070=EDGE_CURVE('',#83780,#84000,#84060,.T.);
#84080=ORIENTED_EDGE('',*,*,#84070,.T.);
#84090=ORIENTED_EDGE('',*,*,#83790,.T.);
#84100=ORIENTED_EDGE('',*,*,#79020,.T.);
#84110=ORIENTED_EDGE('',*,*,#79460,.T.);
#84120=ORIENTED_EDGE('',*,*,#77280,.T.);
#84130=ORIENTED_EDGE('',*,*,#72440,.F.);
#84140=EDGE_LOOP('',(#84130,#84120,#84110,#84100,#84090,#84080,#84020));
#84150=FACE_OUTER_BOUND('',#84140,.T.);
#84160=ADVANCED_FACE('',(#84150),#83940,.T.);
#84170=CARTESIAN_POINT('',(1.05000315,-6.22000279469398,4.6));
#84180=DIRECTION('',(0.,0.,-1.));
#84190=DIRECTION('',(-1.,-0.,0.));
#84200=AXIS2_PLACEMENT_3D('',#84170,#84180,#84190);
#84210=PLANE('',#84200);
#84220=ORIENTED_EDGE('',*,*,#83600,.F.);
#84230=CARTESIAN_POINT('',(4.463169,-6.02499964469398,4.6));
#84240=DIRECTION('',(-1.,0.,0.));
#84250=VECTOR('',#84240,1.);
#84260=LINE('',#84230,#84250);
#84270=EDGE_CURVE('',#84000,#83530,#84260,.T.);
#84280=ORIENTED_EDGE('',*,*,#84270,.T.);
#84290=ORIENTED_EDGE('',*,*,#84010,.T.);
#84300=ORIENTED_EDGE('',*,*,#72360,.F.);
#84310=EDGE_LOOP('',(#84300,#84290,#84280,#84220));
#84320=FACE_OUTER_BOUND('',#84310,.T.);
#84330=ADVANCED_FACE('',(#84320),#84210,.T.);
#84340=CARTESIAN_POINT('',(1.05000315,-6.23000187208034,4.80500222738636
));
#84350=DIRECTION('',(-0.,-0.707106781186547,-0.707106781186548));
#84360=DIRECTION('',(0.,-0.707106781186548,0.707106781186547));
#84370=AXIS2_PLACEMENT_3D('',#84340,#84350,#84360);
#84380=PLANE('',#84370);
#84390=ORIENTED_EDGE('',*,*,#84270,.F.);
#84400=ORIENTED_EDGE('',*,*,#83540,.F.);
#84410=ORIENTED_EDGE('',*,*,#83850,.T.);
#84420=ORIENTED_EDGE('',*,*,#84070,.F.);
#84430=EDGE_LOOP('',(#84420,#84410,#84400,#84390));
#84440=FACE_OUTER_BOUND('',#84430,.T.);
#84450=ADVANCED_FACE('',(#84440),#84380,.T.);
#84460=CARTESIAN_POINT('',(1.75,-2.47875279469398,2.74749685));
#84470=DIRECTION('',(-1.,0.,0.));
#84480=DIRECTION('',(0.,0.,1.));
#84490=AXIS2_PLACEMENT_3D('',#84460,#84470,#84480);
#84500=PLANE('',#84490);
#84510=CARTESIAN_POINT('',(1.75,-6.82499964469399,3.26));
#84520=DIRECTION('',(0.,-1.,0.));
#84530=VECTOR('',#84520,1.);
#84540=LINE('',#84510,#84530);
#84550=CARTESIAN_POINT('',(1.75,-2.37499964469399,3.26));
#84560=VERTEX_POINT('',#84550);
#84570=EDGE_CURVE('',#74790,#84560,#84540,.T.);
#84580=ORIENTED_EDGE('',*,*,#84570,.F.);
#84590=CARTESIAN_POINT('',(1.75,-2.37499964469399,3.346891));
#84600=DIRECTION('',(0.,0.,1.));
#84610=VECTOR('',#84600,1.);
#84620=LINE('',#84590,#84610);
#84630=CARTESIAN_POINT('',(1.75,-2.37499964469399,2.76));
#84640=VERTEX_POINT('',#84630);
#84650=EDGE_CURVE('',#84640,#84560,#84620,.T.);
#84660=ORIENTED_EDGE('',*,*,#84650,.T.);
#84670=CARTESIAN_POINT('',(1.75,-6.82499964469399,2.76));
#84680=DIRECTION('',(0.,-1.,0.));
#84690=VECTOR('',#84680,1.);
#84700=LINE('',#84670,#84690);
#84710=EDGE_CURVE('',#74610,#84640,#84700,.T.);
#84720=ORIENTED_EDGE('',*,*,#84710,.T.);
#84730=ORIENTED_EDGE('',*,*,#74860,.T.);
#84740=EDGE_LOOP('',(#84730,#84720,#84660,#84580));
#84750=FACE_OUTER_BOUND('',#84740,.T.);
#84760=ADVANCED_FACE('',(#84750),#84500,.T.);
#84770=CARTESIAN_POINT('',(1.73749685,-2.47875279469398,3.26));
#84780=DIRECTION('',(0.,0.,1.));
#84790=DIRECTION('',(1.,0.,0.));
#84800=AXIS2_PLACEMENT_3D('',#84770,#84780,#84790);
#84810=PLANE('',#84800);
#84820=CARTESIAN_POINT('',(2.25,-6.82499964469399,3.26));
#84830=DIRECTION('',(0.,-1.,0.));
#84840=VECTOR('',#84830,1.);
#84850=LINE('',#84820,#84840);
#84860=CARTESIAN_POINT('',(2.25,-2.37499964469399,3.26));
#84870=VERTEX_POINT('',#84860);
#84880=EDGE_CURVE('',#74710,#84870,#84850,.T.);
#84890=ORIENTED_EDGE('',*,*,#84880,.F.);
#84900=CARTESIAN_POINT('',(4.463169,-2.37499964469399,3.26));
#84910=DIRECTION('',(1.,0.,0.));
#84920=VECTOR('',#84910,1.);
#84930=LINE('',#84900,#84920);
#84940=EDGE_CURVE('',#84560,#84870,#84930,.T.);
#84950=ORIENTED_EDGE('',*,*,#84940,.T.);
#84960=ORIENTED_EDGE('',*,*,#84570,.T.);
#84970=ORIENTED_EDGE('',*,*,#74800,.T.);
#84980=EDGE_LOOP('',(#84970,#84960,#84950,#84890));
#84990=FACE_OUTER_BOUND('',#84980,.T.);
#85000=ADVANCED_FACE('',(#84990),#84810,.T.);
#85010=CARTESIAN_POINT('',(2.25,-2.47875279469398,3.27250315));
#85020=DIRECTION('',(1.,-0.,0.));
#85030=DIRECTION('',(0.,0.,-1.));
#85040=AXIS2_PLACEMENT_3D('',#85010,#85020,#85030);
#85050=PLANE('',#85040);
#85060=CARTESIAN_POINT('',(2.25,-6.82499964469399,2.76));
#85070=DIRECTION('',(0.,-1.,0.));
#85080=VECTOR('',#85070,1.);
#85090=LINE('',#85060,#85080);
#85100=CARTESIAN_POINT('',(2.25,-2.37499964469399,2.76));
#85110=VERTEX_POINT('',#85100);
#85120=EDGE_CURVE('',#74630,#85110,#85090,.T.);
#85130=ORIENTED_EDGE('',*,*,#85120,.F.);
#85140=CARTESIAN_POINT('',(2.25,-2.37499964469399,3.346891));
#85150=DIRECTION('',(0.,0.,-1.));
#85160=VECTOR('',#85150,1.);
#85170=LINE('',#85140,#85160);
#85180=EDGE_CURVE('',#84870,#85110,#85170,.T.);
#85190=ORIENTED_EDGE('',*,*,#85180,.T.);
#85200=ORIENTED_EDGE('',*,*,#84880,.T.);
#85210=ORIENTED_EDGE('',*,*,#74720,.T.);
#85220=EDGE_LOOP('',(#85210,#85200,#85190,#85130));
#85230=FACE_OUTER_BOUND('',#85220,.T.);
#85240=ADVANCED_FACE('',(#85230),#85050,.T.);
#85250=CARTESIAN_POINT('',(3.86874685,-2.67499964469398,2.87874685));
#85260=DIRECTION('',(0.,-1.,0.));
#85270=DIRECTION('',(1.,0.,0.));
#85280=AXIS2_PLACEMENT_3D('',#85250,#85260,#85270);
#85290=PLANE('',#85280);
#85300=CARTESIAN_POINT('',(3.875,-2.67499964469398,3.346891));
#85310=DIRECTION('',(0.,0.,1.));
#85320=VECTOR('',#85310,1.);
#85330=LINE('',#85300,#85320);
#85340=CARTESIAN_POINT('',(3.875,-2.67499964469398,2.885));
#85350=VERTEX_POINT('',#85340);
#85360=CARTESIAN_POINT('',(3.875,-2.67499964469398,3.135));
#85370=VERTEX_POINT('',#85360);
#85380=EDGE_CURVE('',#85350,#85370,#85330,.T.);
#85390=ORIENTED_EDGE('',*,*,#85380,.F.);
#85400=CARTESIAN_POINT('',(4.463169,-2.67499964469398,3.135));
#85410=DIRECTION('',(1.,0.,-0.));
#85420=VECTOR('',#85410,1.);
#85430=LINE('',#85400,#85420);
#85440=CARTESIAN_POINT('',(4.125,-2.67499964469398,3.135));
#85450=VERTEX_POINT('',#85440);
#85460=EDGE_CURVE('',#85370,#85450,#85430,.T.);
#85470=ORIENTED_EDGE('',*,*,#85460,.F.);
#85480=CARTESIAN_POINT('',(4.125,-2.67499964469398,3.346891));
#85490=DIRECTION('',(0.,0.,-1.));
#85500=VECTOR('',#85490,1.);
#85510=LINE('',#85480,#85500);
#85520=CARTESIAN_POINT('',(4.125,-2.67499964469398,2.885));
#85530=VERTEX_POINT('',#85520);
#85540=EDGE_CURVE('',#85450,#85530,#85510,.T.);
#85550=ORIENTED_EDGE('',*,*,#85540,.F.);
#85560=CARTESIAN_POINT('',(4.463169,-2.67499964469398,2.885));
#85570=DIRECTION('',(-1.,0.,0.));
#85580=VECTOR('',#85570,1.);
#85590=LINE('',#85560,#85580);
#85600=EDGE_CURVE('',#85530,#85350,#85590,.T.);
#85610=ORIENTED_EDGE('',*,*,#85600,.F.);
#85620=EDGE_LOOP('',(#85610,#85550,#85470,#85390));
#85630=FACE_OUTER_BOUND('',#85620,.T.);
#85640=ADVANCED_FACE('',(#85630),#85290,.T.);
#85650=CARTESIAN_POINT('',(4.25,-2.47875279469398,3.27250315));
#85660=DIRECTION('',(1.,-0.,0.));
#85670=DIRECTION('',(0.,0.,-1.));
#85680=AXIS2_PLACEMENT_3D('',#85650,#85660,#85670);
#85690=PLANE('',#85680);
#85700=CARTESIAN_POINT('',(4.25,-6.82499964469399,2.76));
#85710=DIRECTION('',(0.,-1.,0.));
#85720=VECTOR('',#85710,1.);
#85730=LINE('',#85700,#85720);
#85740=CARTESIAN_POINT('',(4.25,-2.37499964469398,2.76));
#85750=VERTEX_POINT('',#85740);
#85760=EDGE_CURVE('',#73250,#85750,#85730,.T.);
#85770=ORIENTED_EDGE('',*,*,#85760,.F.);
#85780=CARTESIAN_POINT('',(4.25,-2.37499964469399,3.346891));
#85790=DIRECTION('',(0.,0.,-1.));
#85800=VECTOR('',#85790,1.);
#85810=LINE('',#85780,#85800);
#85820=CARTESIAN_POINT('',(4.25,-2.37499964469399,3.26));
#85830=VERTEX_POINT('',#85820);
#85840=EDGE_CURVE('',#85830,#85750,#85810,.T.);
#85850=ORIENTED_EDGE('',*,*,#85840,.T.);
#85860=CARTESIAN_POINT('',(4.25,-6.82499964469399,3.26));
#85870=DIRECTION('',(0.,-1.,0.));
#85880=VECTOR('',#85870,1.);
#85890=LINE('',#85860,#85880);
#85900=EDGE_CURVE('',#73270,#85830,#85890,.T.);
#85910=ORIENTED_EDGE('',*,*,#85900,.T.);
#85920=ORIENTED_EDGE('',*,*,#73280,.T.);
#85930=EDGE_LOOP('',(#85920,#85910,#85850,#85770));
#85940=FACE_OUTER_BOUND('',#85930,.T.);
#85950=ADVANCED_FACE('',(#85940),#85690,.T.);
#85960=CARTESIAN_POINT('',(3.73749685,-2.47875279469398,3.26));
#85970=DIRECTION('',(0.,0.,1.));
#85980=DIRECTION('',(1.,0.,0.));
#85990=AXIS2_PLACEMENT_3D('',#85960,#85970,#85980);
#86000=PLANE('',#85990);
#86010=ORIENTED_EDGE('',*,*,#85900,.F.);
#86020=CARTESIAN_POINT('',(4.463169,-2.37499964469399,3.26));
#86030=DIRECTION('',(1.,0.,0.));
#86040=VECTOR('',#86030,1.);
#86050=LINE('',#86020,#86040);
#86060=CARTESIAN_POINT('',(3.75,-2.37499964469399,3.26));
#86070=VERTEX_POINT('',#86060);
#86080=EDGE_CURVE('',#86070,#85830,#86050,.T.);
#86090=ORIENTED_EDGE('',*,*,#86080,.T.);
#86100=CARTESIAN_POINT('',(3.75,-6.82499964469399,3.26));
#86110=DIRECTION('',(0.,-1.,0.));
#86120=VECTOR('',#86110,1.);
#86130=LINE('',#86100,#86120);
#86140=EDGE_CURVE('',#73350,#86070,#86130,.T.);
#86150=ORIENTED_EDGE('',*,*,#86140,.T.);
#86160=ORIENTED_EDGE('',*,*,#73360,.T.);
#86170=EDGE_LOOP('',(#86160,#86150,#86090,#86010));
#86180=FACE_OUTER_BOUND('',#86170,.T.);
#86190=ADVANCED_FACE('',(#86180),#86000,.T.);
#86200=CARTESIAN_POINT('',(3.75,-2.47875279469398,2.74749685));
#86210=DIRECTION('',(-1.,0.,0.));
#86220=DIRECTION('',(0.,0.,1.));
#86230=AXIS2_PLACEMENT_3D('',#86200,#86210,#86220);
#86240=PLANE('',#86230);
#86250=ORIENTED_EDGE('',*,*,#86140,.F.);
#86260=CARTESIAN_POINT('',(3.75,-2.37499964469399,3.346891));
#86270=DIRECTION('',(0.,0.,1.));
#86280=VECTOR('',#86270,1.);
#86290=LINE('',#86260,#86280);
#86300=CARTESIAN_POINT('',(3.75,-2.37499964469399,2.76));
#86310=VERTEX_POINT('',#86300);
#86320=EDGE_CURVE('',#86310,#86070,#86290,.T.);
#86330=ORIENTED_EDGE('',*,*,#86320,.T.);
#86340=CARTESIAN_POINT('',(3.75,-6.82499964469399,2.76));
#86350=DIRECTION('',(0.,-1.,0.));
#86360=VECTOR('',#86350,1.);
#86370=LINE('',#86340,#86360);
#86380=EDGE_CURVE('',#73430,#86310,#86370,.T.);
#86390=ORIENTED_EDGE('',*,*,#86380,.T.);
#86400=ORIENTED_EDGE('',*,*,#73440,.T.);
#86410=EDGE_LOOP('',(#86400,#86390,#86330,#86250));
#86420=FACE_OUTER_BOUND('',#86410,.T.);
#86430=ADVANCED_FACE('',(#86420),#86240,.T.);
#86440=CARTESIAN_POINT('',(4.26250315,-2.47875279469398,2.76));
#86450=DIRECTION('',(0.,0.,-1.));
#86460=DIRECTION('',(-1.,-0.,0.));
#86470=AXIS2_PLACEMENT_3D('',#86440,#86450,#86460);
#86480=PLANE('',#86470);
#86490=ORIENTED_EDGE('',*,*,#86380,.F.);
#86500=CARTESIAN_POINT('',(4.463169,-2.37499964469399,2.76));
#86510=DIRECTION('',(-1.,0.,0.));
#86520=VECTOR('',#86510,1.);
#86530=LINE('',#86500,#86520);
#86540=EDGE_CURVE('',#85750,#86310,#86530,.T.);
#86550=ORIENTED_EDGE('',*,*,#86540,.T.);
#86560=ORIENTED_EDGE('',*,*,#85760,.T.);
#86570=ORIENTED_EDGE('',*,*,#73500,.T.);
#86580=EDGE_LOOP('',(#86570,#86560,#86550,#86490));
#86590=FACE_OUTER_BOUND('',#86580,.T.);
#86600=ADVANCED_FACE('',(#86590),#86480,.T.);
#86610=CARTESIAN_POINT('',(-0.131253150000002,-2.67499964469398,
2.87874685));
#86620=DIRECTION('',(0.,-1.,0.));
#86630=DIRECTION('',(1.,0.,0.));
#86640=AXIS2_PLACEMENT_3D('',#86610,#86620,#86630);
#86650=PLANE('',#86640);
#86660=CARTESIAN_POINT('',(-0.125000000000002,-2.67499964469398,3.346891
));
#86670=DIRECTION('',(0.,0.,1.));
#86680=VECTOR('',#86670,1.);
#86690=LINE('',#86660,#86680);
#86700=CARTESIAN_POINT('',(-0.125000000000002,-2.67499964469398,2.885));
#86710=VERTEX_POINT('',#86700);
#86720=CARTESIAN_POINT('',(-0.125000000000002,-2.67499964469398,3.135));
#86730=VERTEX_POINT('',#86720);
#86740=EDGE_CURVE('',#86710,#86730,#86690,.T.);
#86750=ORIENTED_EDGE('',*,*,#86740,.F.);
#86760=CARTESIAN_POINT('',(4.463169,-2.67499964469398,3.135));
#86770=DIRECTION('',(1.,0.,-0.));
#86780=VECTOR('',#86770,1.);
#86790=LINE('',#86760,#86780);
#86800=CARTESIAN_POINT('',(0.124999999999998,-2.67499964469398,3.135));
#86810=VERTEX_POINT('',#86800);
#86820=EDGE_CURVE('',#86730,#86810,#86790,.T.);
#86830=ORIENTED_EDGE('',*,*,#86820,.F.);
#86840=CARTESIAN_POINT('',(0.124999999999999,-2.67499964469398,3.346891)
);
#86850=DIRECTION('',(0.,0.,-1.));
#86860=VECTOR('',#86850,1.);
#86870=LINE('',#86840,#86860);
#86880=CARTESIAN_POINT('',(0.124999999999998,-2.67499964469398,2.885));
#86890=VERTEX_POINT('',#86880);
#86900=EDGE_CURVE('',#86810,#86890,#86870,.T.);
#86910=ORIENTED_EDGE('',*,*,#86900,.F.);
#86920=CARTESIAN_POINT('',(4.463169,-2.67499964469398,2.885));
#86930=DIRECTION('',(-1.,0.,0.));
#86940=VECTOR('',#86930,1.);
#86950=LINE('',#86920,#86940);
#86960=EDGE_CURVE('',#86890,#86710,#86950,.T.);
#86970=ORIENTED_EDGE('',*,*,#86960,.F.);
#86980=EDGE_LOOP('',(#86970,#86910,#86830,#86750));
#86990=FACE_OUTER_BOUND('',#86980,.T.);
#87000=ADVANCED_FACE('',(#86990),#86650,.T.);
#87010=CARTESIAN_POINT('',(0.249999999999998,-2.47875279469398,
3.27250315));
#87020=DIRECTION('',(1.,-0.,0.));
#87030=DIRECTION('',(0.,0.,-1.));
#87040=AXIS2_PLACEMENT_3D('',#87010,#87020,#87030);
#87050=PLANE('',#87040);
#87060=CARTESIAN_POINT('',(0.249999999999998,-6.82499964469399,2.76));
#87070=DIRECTION('',(0.,-1.,0.));
#87080=VECTOR('',#87070,1.);
#87090=LINE('',#87060,#87080);
#87100=CARTESIAN_POINT('',(0.249999999999998,-2.37499964469398,2.76));
#87110=VERTEX_POINT('',#87100);
#87120=EDGE_CURVE('',#73590,#87110,#87090,.T.);
#87130=ORIENTED_EDGE('',*,*,#87120,.F.);
#87140=CARTESIAN_POINT('',(0.249999999999998,-2.37499964469398,3.346891)
);
#87150=DIRECTION('',(0.,0.,-1.));
#87160=VECTOR('',#87150,1.);
#87170=LINE('',#87140,#87160);
#87180=CARTESIAN_POINT('',(0.249999999999998,-2.37499964469399,3.26));
#87190=VERTEX_POINT('',#87180);
#87200=EDGE_CURVE('',#87190,#87110,#87170,.T.);
#87210=ORIENTED_EDGE('',*,*,#87200,.T.);
#87220=CARTESIAN_POINT('',(0.249999999999998,-6.82499964469399,3.26));
#87230=DIRECTION('',(0.,-1.,0.));
#87240=VECTOR('',#87230,1.);
#87250=LINE('',#87220,#87240);
#87260=EDGE_CURVE('',#73610,#87190,#87250,.T.);
#87270=ORIENTED_EDGE('',*,*,#87260,.T.);
#87280=ORIENTED_EDGE('',*,*,#73620,.T.);
#87290=EDGE_LOOP('',(#87280,#87270,#87210,#87130));
#87300=FACE_OUTER_BOUND('',#87290,.T.);
#87310=ADVANCED_FACE('',(#87300),#87050,.T.);
#87320=CARTESIAN_POINT('',(-0.262503150000001,-2.47875279469398,3.26));
#87330=DIRECTION('',(0.,0.,1.));
#87340=DIRECTION('',(1.,0.,0.));
#87350=AXIS2_PLACEMENT_3D('',#87320,#87330,#87340);
#87360=PLANE('',#87350);
#87370=ORIENTED_EDGE('',*,*,#87260,.F.);
#87380=CARTESIAN_POINT('',(4.463169,-2.37499964469399,3.26));
#87390=DIRECTION('',(1.,0.,0.));
#87400=VECTOR('',#87390,1.);
#87410=LINE('',#87380,#87400);
#87420=CARTESIAN_POINT('',(-0.250000000000002,-2.37499964469398,3.26));
#87430=VERTEX_POINT('',#87420);
#87440=EDGE_CURVE('',#87430,#87190,#87410,.T.);
#87450=ORIENTED_EDGE('',*,*,#87440,.T.);
#87460=CARTESIAN_POINT('',(-0.250000000000002,-6.82499964469399,3.26));
#87470=DIRECTION('',(0.,-1.,0.));
#87480=VECTOR('',#87470,1.);
#87490=LINE('',#87460,#87480);
#87500=EDGE_CURVE('',#73690,#87430,#87490,.T.);
#87510=ORIENTED_EDGE('',*,*,#87500,.T.);
#87520=ORIENTED_EDGE('',*,*,#73700,.T.);
#87530=EDGE_LOOP('',(#87520,#87510,#87450,#87370));
#87540=FACE_OUTER_BOUND('',#87530,.T.);
#87550=ADVANCED_FACE('',(#87540),#87360,.T.);
#87560=CARTESIAN_POINT('',(-0.250000000000002,-2.47875279469398,
2.74749685));
#87570=DIRECTION('',(-1.,0.,0.));
#87580=DIRECTION('',(0.,0.,1.));
#87590=AXIS2_PLACEMENT_3D('',#87560,#87570,#87580);
#87600=PLANE('',#87590);
#87610=ORIENTED_EDGE('',*,*,#87500,.F.);
#87620=CARTESIAN_POINT('',(-0.250000000000002,-2.37499964469398,3.346891
));
#87630=DIRECTION('',(0.,0.,1.));
#87640=VECTOR('',#87630,1.);
#87650=LINE('',#87620,#87640);
#87660=CARTESIAN_POINT('',(-0.250000000000002,-2.37499964469398,2.76));
#87670=VERTEX_POINT('',#87660);
#87680=EDGE_CURVE('',#87670,#87430,#87650,.T.);
#87690=ORIENTED_EDGE('',*,*,#87680,.T.);
#87700=CARTESIAN_POINT('',(-0.250000000000002,-6.82499964469399,2.76));
#87710=DIRECTION('',(0.,-1.,0.));
#87720=VECTOR('',#87710,1.);
#87730=LINE('',#87700,#87720);
#87740=EDGE_CURVE('',#73770,#87670,#87730,.T.);
#87750=ORIENTED_EDGE('',*,*,#87740,.T.);
#87760=ORIENTED_EDGE('',*,*,#73780,.T.);
#87770=EDGE_LOOP('',(#87760,#87750,#87690,#87610));
#87780=FACE_OUTER_BOUND('',#87770,.T.);
#87790=ADVANCED_FACE('',(#87780),#87600,.T.);
#87800=CARTESIAN_POINT('',(0.262503149999998,-2.47875279469398,2.76));
#87810=DIRECTION('',(0.,0.,-1.));
#87820=DIRECTION('',(-1.,-0.,0.));
#87830=AXIS2_PLACEMENT_3D('',#87800,#87810,#87820);
#87840=PLANE('',#87830);
#87850=ORIENTED_EDGE('',*,*,#87740,.F.);
#87860=CARTESIAN_POINT('',(4.463169,-2.37499964469398,2.76));
#87870=DIRECTION('',(-1.,0.,0.));
#87880=VECTOR('',#87870,1.);
#87890=LINE('',#87860,#87880);
#87900=EDGE_CURVE('',#87110,#87670,#87890,.T.);
#87910=ORIENTED_EDGE('',*,*,#87900,.T.);
#87920=ORIENTED_EDGE('',*,*,#87120,.T.);
#87930=ORIENTED_EDGE('',*,*,#73840,.T.);
#87940=EDGE_LOOP('',(#87930,#87920,#87910,#87850));
#87950=FACE_OUTER_BOUND('',#87940,.T.);
#87960=ADVANCED_FACE('',(#87950),#87840,.T.);
#87970=CARTESIAN_POINT('',(-4.13125315,-2.67499964469398,2.87874685));
#87980=DIRECTION('',(0.,-1.,0.));
#87990=DIRECTION('',(1.,0.,0.));
#88000=AXIS2_PLACEMENT_3D('',#87970,#87980,#87990);
#88010=PLANE('',#88000);
#88020=CARTESIAN_POINT('',(4.463169,-2.67499964469398,2.885));
#88030=DIRECTION('',(-1.,0.,0.));
#88040=VECTOR('',#88030,1.);
#88050=LINE('',#88020,#88040);
#88060=CARTESIAN_POINT('',(-3.875,-2.67499964469398,2.885));
#88070=VERTEX_POINT('',#88060);
#88080=CARTESIAN_POINT('',(-4.125,-2.67499964469398,2.885));
#88090=VERTEX_POINT('',#88080);
#88100=EDGE_CURVE('',#88070,#88090,#88050,.T.);
#88110=ORIENTED_EDGE('',*,*,#88100,.F.);
#88120=CARTESIAN_POINT('',(-4.125,-2.67499964469398,3.346891));
#88130=DIRECTION('',(0.,0.,1.));
#88140=VECTOR('',#88130,1.);
#88150=LINE('',#88120,#88140);
#88160=CARTESIAN_POINT('',(-4.125,-2.67499964469398,3.135));
#88170=VERTEX_POINT('',#88160);
#88180=EDGE_CURVE('',#88090,#88170,#88150,.T.);
#88190=ORIENTED_EDGE('',*,*,#88180,.F.);
#88200=CARTESIAN_POINT('',(4.463169,-2.67499964469398,3.135));
#88210=DIRECTION('',(1.,0.,-0.));
#88220=VECTOR('',#88210,1.);
#88230=LINE('',#88200,#88220);
#88240=CARTESIAN_POINT('',(-3.875,-2.67499964469398,3.135));
#88250=VERTEX_POINT('',#88240);
#88260=EDGE_CURVE('',#88170,#88250,#88230,.T.);
#88270=ORIENTED_EDGE('',*,*,#88260,.F.);
#88280=CARTESIAN_POINT('',(-3.875,-2.67499964469398,3.346891));
#88290=DIRECTION('',(0.,0.,-1.));
#88300=VECTOR('',#88290,1.);
#88310=LINE('',#88280,#88300);
#88320=EDGE_CURVE('',#88250,#88070,#88310,.T.);
#88330=ORIENTED_EDGE('',*,*,#88320,.F.);
#88340=EDGE_LOOP('',(#88330,#88270,#88190,#88110));
#88350=FACE_OUTER_BOUND('',#88340,.T.);
#88360=ADVANCED_FACE('',(#88350),#88010,.T.);
#88370=CARTESIAN_POINT('',(-3.75,-2.47875279469398,3.27250315));
#88380=DIRECTION('',(1.,-0.,0.));
#88390=DIRECTION('',(0.,0.,-1.));
#88400=AXIS2_PLACEMENT_3D('',#88370,#88380,#88390);
#88410=PLANE('',#88400);
#88420=CARTESIAN_POINT('',(-3.75,-6.82499964469399,2.76));
#88430=DIRECTION('',(0.,-1.,0.));
#88440=VECTOR('',#88430,1.);
#88450=LINE('',#88420,#88440);
#88460=CARTESIAN_POINT('',(-3.75,-2.37499964469399,2.76));
#88470=VERTEX_POINT('',#88460);
#88480=EDGE_CURVE('',#73930,#88470,#88450,.T.);
#88490=ORIENTED_EDGE('',*,*,#88480,.F.);
#88500=CARTESIAN_POINT('',(-3.75,-2.37499964469398,3.346891));
#88510=DIRECTION('',(0.,0.,-1.));
#88520=VECTOR('',#88510,1.);
#88530=LINE('',#88500,#88520);
#88540=CARTESIAN_POINT('',(-3.75,-2.37499964469399,3.26));
#88550=VERTEX_POINT('',#88540);
#88560=EDGE_CURVE('',#88550,#88470,#88530,.T.);
#88570=ORIENTED_EDGE('',*,*,#88560,.T.);
#88580=CARTESIAN_POINT('',(-3.75,-6.82499964469399,3.26));
#88590=DIRECTION('',(0.,-1.,0.));
#88600=VECTOR('',#88590,1.);
#88610=LINE('',#88580,#88600);
#88620=EDGE_CURVE('',#73950,#88550,#88610,.T.);
#88630=ORIENTED_EDGE('',*,*,#88620,.T.);
#88640=ORIENTED_EDGE('',*,*,#73960,.T.);
#88650=EDGE_LOOP('',(#88640,#88630,#88570,#88490));
#88660=FACE_OUTER_BOUND('',#88650,.T.);
#88670=ADVANCED_FACE('',(#88660),#88410,.T.);
#88680=CARTESIAN_POINT('',(-4.26250315,-2.47875279469398,3.26));
#88690=DIRECTION('',(0.,0.,1.));
#88700=DIRECTION('',(1.,0.,0.));
#88710=AXIS2_PLACEMENT_3D('',#88680,#88690,#88700);
#88720=PLANE('',#88710);
#88730=ORIENTED_EDGE('',*,*,#88620,.F.);
#88740=CARTESIAN_POINT('',(4.463169,-2.37499964469399,3.26));
#88750=DIRECTION('',(1.,0.,0.));
#88760=VECTOR('',#88750,1.);
#88770=LINE('',#88740,#88760);
#88780=CARTESIAN_POINT('',(-4.25,-2.37499964469398,3.26));
#88790=VERTEX_POINT('',#88780);
#88800=EDGE_CURVE('',#88790,#88550,#88770,.T.);
#88810=ORIENTED_EDGE('',*,*,#88800,.T.);
#88820=CARTESIAN_POINT('',(-4.25,-6.82499964469399,3.26));
#88830=DIRECTION('',(0.,-1.,0.));
#88840=VECTOR('',#88830,1.);
#88850=LINE('',#88820,#88840);
#88860=EDGE_CURVE('',#74030,#88790,#88850,.T.);
#88870=ORIENTED_EDGE('',*,*,#88860,.T.);
#88880=ORIENTED_EDGE('',*,*,#74040,.T.);
#88890=EDGE_LOOP('',(#88880,#88870,#88810,#88730));
#88900=FACE_OUTER_BOUND('',#88890,.T.);
#88910=ADVANCED_FACE('',(#88900),#88720,.T.);
#88920=CARTESIAN_POINT('',(-4.25,-2.47875279469398,2.74749685));
#88930=DIRECTION('',(-1.,0.,0.));
#88940=DIRECTION('',(0.,0.,1.));
#88950=AXIS2_PLACEMENT_3D('',#88920,#88930,#88940);
#88960=PLANE('',#88950);
#88970=ORIENTED_EDGE('',*,*,#88860,.F.);
#88980=CARTESIAN_POINT('',(-4.25,-2.37499964469398,3.346891));
#88990=DIRECTION('',(0.,0.,1.));
#89000=VECTOR('',#88990,1.);
#89010=LINE('',#88980,#89000);
#89020=CARTESIAN_POINT('',(-4.25,-2.37499964469399,2.76));
#89030=VERTEX_POINT('',#89020);
#89040=EDGE_CURVE('',#89030,#88790,#89010,.T.);
#89050=ORIENTED_EDGE('',*,*,#89040,.T.);
#89060=CARTESIAN_POINT('',(-4.25,-6.82499964469399,2.76));
#89070=DIRECTION('',(0.,-1.,0.));
#89080=VECTOR('',#89070,1.);
#89090=LINE('',#89060,#89080);
#89100=EDGE_CURVE('',#74110,#89030,#89090,.T.);
#89110=ORIENTED_EDGE('',*,*,#89100,.T.);
#89120=ORIENTED_EDGE('',*,*,#74120,.T.);
#89130=EDGE_LOOP('',(#89120,#89110,#89050,#88970));
#89140=FACE_OUTER_BOUND('',#89130,.T.);
#89150=ADVANCED_FACE('',(#89140),#88960,.T.);
#89160=CARTESIAN_POINT('',(-3.73749685,-2.47875279469398,2.76));
#89170=DIRECTION('',(0.,0.,-1.));
#89180=DIRECTION('',(-1.,-0.,0.));
#89190=AXIS2_PLACEMENT_3D('',#89160,#89170,#89180);
#89200=PLANE('',#89190);
#89210=ORIENTED_EDGE('',*,*,#89100,.F.);
#89220=CARTESIAN_POINT('',(4.463169,-2.37499964469398,2.76));
#89230=DIRECTION('',(-1.,0.,0.));
#89240=VECTOR('',#89230,1.);
#89250=LINE('',#89220,#89240);
#89260=EDGE_CURVE('',#88470,#89030,#89250,.T.);
#89270=ORIENTED_EDGE('',*,*,#89260,.T.);
#89280=ORIENTED_EDGE('',*,*,#88480,.T.);
#89290=ORIENTED_EDGE('',*,*,#74180,.T.);
#89300=EDGE_LOOP('',(#89290,#89280,#89270,#89210));
#89310=FACE_OUTER_BOUND('',#89300,.T.);
#89320=ADVANCED_FACE('',(#89310),#89200,.T.);
#89330=CARTESIAN_POINT('',(-2.13125315,-2.67499964469398,2.87874685));
#89340=DIRECTION('',(0.,-1.,0.));
#89350=DIRECTION('',(1.,0.,0.));
#89360=AXIS2_PLACEMENT_3D('',#89330,#89340,#89350);
#89370=PLANE('',#89360);
#89380=CARTESIAN_POINT('',(4.463169,-2.67499964469398,2.885));
#89390=DIRECTION('',(-1.,0.,0.));
#89400=VECTOR('',#89390,1.);
#89410=LINE('',#89380,#89400);
#89420=CARTESIAN_POINT('',(-1.875,-2.67499964469398,2.885));
#89430=VERTEX_POINT('',#89420);
#89440=CARTESIAN_POINT('',(-2.125,-2.67499964469398,2.885));
#89450=VERTEX_POINT('',#89440);
#89460=EDGE_CURVE('',#89430,#89450,#89410,.T.);
#89470=ORIENTED_EDGE('',*,*,#89460,.F.);
#89480=CARTESIAN_POINT('',(-2.125,-2.67499964469398,3.346891));
#89490=DIRECTION('',(0.,0.,1.));
#89500=VECTOR('',#89490,1.);
#89510=LINE('',#89480,#89500);
#89520=CARTESIAN_POINT('',(-2.125,-2.67499964469398,3.135));
#89530=VERTEX_POINT('',#89520);
#89540=EDGE_CURVE('',#89450,#89530,#89510,.T.);
#89550=ORIENTED_EDGE('',*,*,#89540,.F.);
#89560=CARTESIAN_POINT('',(4.463169,-2.67499964469398,3.135));
#89570=DIRECTION('',(1.,0.,-0.));
#89580=VECTOR('',#89570,1.);
#89590=LINE('',#89560,#89580);
#89600=CARTESIAN_POINT('',(-1.875,-2.67499964469398,3.135));
#89610=VERTEX_POINT('',#89600);
#89620=EDGE_CURVE('',#89530,#89610,#89590,.T.);
#89630=ORIENTED_EDGE('',*,*,#89620,.F.);
#89640=CARTESIAN_POINT('',(-1.875,-2.67499964469398,3.346891));
#89650=DIRECTION('',(0.,0.,-1.));
#89660=VECTOR('',#89650,1.);
#89670=LINE('',#89640,#89660);
#89680=EDGE_CURVE('',#89610,#89430,#89670,.T.);
#89690=ORIENTED_EDGE('',*,*,#89680,.F.);
#89700=EDGE_LOOP('',(#89690,#89630,#89550,#89470));
#89710=FACE_OUTER_BOUND('',#89700,.T.);
#89720=ADVANCED_FACE('',(#89710),#89370,.T.);
#89730=CARTESIAN_POINT('',(-2.26250315,-2.47875279469398,3.26));
#89740=DIRECTION('',(0.,0.,1.));
#89750=DIRECTION('',(1.,0.,0.));
#89760=AXIS2_PLACEMENT_3D('',#89730,#89740,#89750);
#89770=PLANE('',#89760);
#89780=CARTESIAN_POINT('',(-1.75,-6.82499964469399,3.26));
#89790=DIRECTION('',(0.,-1.,0.));
#89800=VECTOR('',#89790,1.);
#89810=LINE('',#89780,#89800);
#89820=CARTESIAN_POINT('',(-1.75,-2.37499964469398,3.26));
#89830=VERTEX_POINT('',#89820);
#89840=EDGE_CURVE('',#74270,#89830,#89810,.T.);
#89850=ORIENTED_EDGE('',*,*,#89840,.F.);
#89860=CARTESIAN_POINT('',(4.463169,-2.37499964469399,3.26));
#89870=DIRECTION('',(1.,0.,0.));
#89880=VECTOR('',#89870,1.);
#89890=LINE('',#89860,#89880);
#89900=CARTESIAN_POINT('',(-2.25,-2.37499964469399,3.26));
#89910=VERTEX_POINT('',#89900);
#89920=EDGE_CURVE('',#89910,#89830,#89890,.T.);
#89930=ORIENTED_EDGE('',*,*,#89920,.T.);
#89940=CARTESIAN_POINT('',(-2.25,-6.82499964469399,3.26));
#89950=DIRECTION('',(0.,-1.,0.));
#89960=VECTOR('',#89950,1.);
#89970=LINE('',#89940,#89960);
#89980=EDGE_CURVE('',#74290,#89910,#89970,.T.);
#89990=ORIENTED_EDGE('',*,*,#89980,.T.);
#90000=ORIENTED_EDGE('',*,*,#74300,.T.);
#90010=EDGE_LOOP('',(#90000,#89990,#89930,#89850));
#90020=FACE_OUTER_BOUND('',#90010,.T.);
#90030=ADVANCED_FACE('',(#90020),#89770,.T.);
#90040=CARTESIAN_POINT('',(-2.25,-2.47875279469398,2.74749685));
#90050=DIRECTION('',(-1.,0.,0.));
#90060=DIRECTION('',(0.,0.,1.));
#90070=AXIS2_PLACEMENT_3D('',#90040,#90050,#90060);
#90080=PLANE('',#90070);
#90090=ORIENTED_EDGE('',*,*,#89980,.F.);
#90100=CARTESIAN_POINT('',(-2.25,-2.37499964469398,3.346891));
#90110=DIRECTION('',(0.,0.,1.));
#90120=VECTOR('',#90110,1.);
#90130=LINE('',#90100,#90120);
#90140=CARTESIAN_POINT('',(-2.25,-2.37499964469399,2.76));
#90150=VERTEX_POINT('',#90140);
#90160=EDGE_CURVE('',#90150,#89910,#90130,.T.);
#90170=ORIENTED_EDGE('',*,*,#90160,.T.);
#90180=CARTESIAN_POINT('',(-2.25,-6.82499964469399,2.76));
#90190=DIRECTION('',(0.,-1.,0.));
#90200=VECTOR('',#90190,1.);
#90210=LINE('',#90180,#90200);
#90220=EDGE_CURVE('',#74370,#90150,#90210,.T.);
#90230=ORIENTED_EDGE('',*,*,#90220,.T.);
#90240=ORIENTED_EDGE('',*,*,#74380,.T.);
#90250=EDGE_LOOP('',(#90240,#90230,#90170,#90090));
#90260=FACE_OUTER_BOUND('',#90250,.T.);
#90270=ADVANCED_FACE('',(#90260),#90080,.T.);
#90280=CARTESIAN_POINT('',(-1.73749685,-2.47875279469398,2.76));
#90290=DIRECTION('',(0.,0.,-1.));
#90300=DIRECTION('',(-1.,-0.,0.));
#90310=AXIS2_PLACEMENT_3D('',#90280,#90290,#90300);
#90320=PLANE('',#90310);
#90330=ORIENTED_EDGE('',*,*,#90220,.F.);
#90340=CARTESIAN_POINT('',(4.463169,-2.37499964469399,2.76));
#90350=DIRECTION('',(-1.,0.,0.));
#90360=VECTOR('',#90350,1.);
#90370=LINE('',#90340,#90360);
#90380=CARTESIAN_POINT('',(-1.75,-2.37499964469398,2.76));
#90390=VERTEX_POINT('',#90380);
#90400=EDGE_CURVE('',#90390,#90150,#90370,.T.);
#90410=ORIENTED_EDGE('',*,*,#90400,.T.);
#90420=CARTESIAN_POINT('',(-1.75,-6.82499964469399,2.76));
#90430=DIRECTION('',(0.,-1.,0.));
#90440=VECTOR('',#90430,1.);
#90450=LINE('',#90420,#90440);
#90460=EDGE_CURVE('',#74450,#90390,#90450,.T.);
#90470=ORIENTED_EDGE('',*,*,#90460,.T.);
#90480=ORIENTED_EDGE('',*,*,#74460,.T.);
#90490=EDGE_LOOP('',(#90480,#90470,#90410,#90330));
#90500=FACE_OUTER_BOUND('',#90490,.T.);
#90510=ADVANCED_FACE('',(#90500),#90320,.T.);
#90520=CARTESIAN_POINT('',(-1.75,-2.47875279469398,3.27250315));
#90530=DIRECTION('',(1.,-0.,0.));
#90540=DIRECTION('',(0.,0.,-1.));
#90550=AXIS2_PLACEMENT_3D('',#90520,#90530,#90540);
#90560=PLANE('',#90550);
#90570=ORIENTED_EDGE('',*,*,#90460,.F.);
#90580=CARTESIAN_POINT('',(-1.75,-2.37499964469398,3.346891));
#90590=DIRECTION('',(0.,0.,-1.));
#90600=VECTOR('',#90590,1.);
#90610=LINE('',#90580,#90600);
#90620=EDGE_CURVE('',#89830,#90390,#90610,.T.);
#90630=ORIENTED_EDGE('',*,*,#90620,.T.);
#90640=ORIENTED_EDGE('',*,*,#89840,.T.);
#90650=ORIENTED_EDGE('',*,*,#74520,.T.);
#90660=EDGE_LOOP('',(#90650,#90640,#90630,#90570));
#90670=FACE_OUTER_BOUND('',#90660,.T.);
#90680=ADVANCED_FACE('',(#90670),#90560,.T.);
#90690=CARTESIAN_POINT('',(1.86874685,-2.67499964469398,2.87874685));
#90700=DIRECTION('',(0.,-1.,0.));
#90710=DIRECTION('',(1.,0.,0.));
#90720=AXIS2_PLACEMENT_3D('',#90690,#90700,#90710);
#90730=PLANE('',#90720);
#90740=CARTESIAN_POINT('',(4.463169,-2.67499964469398,2.885));
#90750=DIRECTION('',(-1.,0.,0.));
#90760=VECTOR('',#90750,1.);
#90770=LINE('',#90740,#90760);
#90780=CARTESIAN_POINT('',(2.125,-2.67499964469398,2.885));
#90790=VERTEX_POINT('',#90780);
#90800=CARTESIAN_POINT('',(1.875,-2.67499964469398,2.885));
#90810=VERTEX_POINT('',#90800);
#90820=EDGE_CURVE('',#90790,#90810,#90770,.T.);
#90830=ORIENTED_EDGE('',*,*,#90820,.F.);
#90840=CARTESIAN_POINT('',(1.875,-2.67499964469398,3.346891));
#90850=DIRECTION('',(0.,0.,1.));
#90860=VECTOR('',#90850,1.);
#90870=LINE('',#90840,#90860);
#90880=CARTESIAN_POINT('',(1.875,-2.67499964469398,3.135));
#90890=VERTEX_POINT('',#90880);
#90900=EDGE_CURVE('',#90810,#90890,#90870,.T.);
#90910=ORIENTED_EDGE('',*,*,#90900,.F.);
#90920=CARTESIAN_POINT('',(4.463169,-2.67499964469398,3.135));
#90930=DIRECTION('',(1.,0.,-0.));
#90940=VECTOR('',#90930,1.);
#90950=LINE('',#90920,#90940);
#90960=CARTESIAN_POINT('',(2.125,-2.67499964469398,3.135));
#90970=VERTEX_POINT('',#90960);
#90980=EDGE_CURVE('',#90890,#90970,#90950,.T.);
#90990=ORIENTED_EDGE('',*,*,#90980,.F.);
#91000=CARTESIAN_POINT('',(2.125,-2.67499964469398,3.346891));
#91010=DIRECTION('',(0.,0.,-1.));
#91020=VECTOR('',#91010,1.);
#91030=LINE('',#91000,#91020);
#91040=EDGE_CURVE('',#90970,#90790,#91030,.T.);
#91050=ORIENTED_EDGE('',*,*,#91040,.F.);
#91060=EDGE_LOOP('',(#91050,#90990,#90910,#90830));
#91070=FACE_OUTER_BOUND('',#91060,.T.);
#91080=ADVANCED_FACE('',(#91070),#90730,.T.);
#91090=CARTESIAN_POINT('',(2.26250315,-2.47875279469398,2.76));
#91100=DIRECTION('',(0.,0.,-1.));
#91110=DIRECTION('',(-1.,-0.,0.));
#91120=AXIS2_PLACEMENT_3D('',#91090,#91100,#91110);
#91130=PLANE('',#91120);
#91140=ORIENTED_EDGE('',*,*,#84710,.F.);
#91150=CARTESIAN_POINT('',(4.463169,-2.37499964469398,2.76));
#91160=DIRECTION('',(-1.,0.,0.));
#91170=VECTOR('',#91160,1.);
#91180=LINE('',#91150,#91170);
#91190=EDGE_CURVE('',#85110,#84640,#91180,.T.);
#91200=ORIENTED_EDGE('',*,*,#91190,.T.);
#91210=ORIENTED_EDGE('',*,*,#85120,.T.);
#91220=ORIENTED_EDGE('',*,*,#74640,.T.);
#91230=EDGE_LOOP('',(#91220,#91210,#91200,#91140));
#91240=FACE_OUTER_BOUND('',#91230,.T.);
#91250=ADVANCED_FACE('',(#91240),#91130,.T.);
#91260=CARTESIAN_POINT('',(-4.26250315,-2.68250255238629,
3.13187378846154));
#91270=DIRECTION('',(0.,-0.384615384615385,0.923076923076923));
#91280=DIRECTION('',(0.,0.923076923076923,0.384615384615385));
#91290=AXIS2_PLACEMENT_3D('',#91260,#91270,#91280);
#91300=PLANE('',#91290);
#91310=ORIENTED_EDGE('',*,*,#88800,.F.);
#91320=CARTESIAN_POINT('',(-5.60416666666667,-6.82499964469399,
1.40583333333333));
#91330=DIRECTION('',(-0.358979079308869,-0.861549790341286,
-0.358979079308869));
#91340=VECTOR('',#91330,1.);
#91350=LINE('',#91320,#91340);
#91360=EDGE_CURVE('',#88550,#88250,#91350,.T.);
#91370=ORIENTED_EDGE('',*,*,#91360,.F.);
#91380=ORIENTED_EDGE('',*,*,#88260,.T.);
#91390=CARTESIAN_POINT('',(-2.39583333333334,-6.82499964469399,
1.40583333333333));
#91400=DIRECTION('',(-0.358979079308869,0.861549790341286,
0.358979079308869));
#91410=VECTOR('',#91400,1.);
#91420=LINE('',#91390,#91410);
#91430=EDGE_CURVE('',#88170,#88790,#91420,.T.);
#91440=ORIENTED_EDGE('',*,*,#91430,.F.);
#91450=EDGE_LOOP('',(#91440,#91380,#91370,#91310));
#91460=FACE_OUTER_BOUND('',#91450,.T.);
#91470=ADVANCED_FACE('',(#91460),#91300,.T.);
#91480=CARTESIAN_POINT('',(-4.12187378846154,-2.68250255238629,
2.74749685));
#91490=DIRECTION('',(-0.923076923076923,-0.384615384615384,0.));
#91500=DIRECTION('',(0.384615384615384,-0.923076923076923,0.));
#91510=AXIS2_PLACEMENT_3D('',#91480,#91490,#91500);
#91520=PLANE('',#91510);
#91530=ORIENTED_EDGE('',*,*,#89040,.F.);
#91540=ORIENTED_EDGE('',*,*,#91430,.T.);
#91550=ORIENTED_EDGE('',*,*,#88180,.T.);
#91560=CARTESIAN_POINT('',(-2.39583333333334,-6.82499964469399,
4.61416666666667));
#91570=DIRECTION('',(-0.358979079308869,0.861549790341286,
-0.358979079308869));
#91580=VECTOR('',#91570,1.);
#91590=LINE('',#91560,#91580);
#91600=EDGE_CURVE('',#88090,#89030,#91590,.T.);
#91610=ORIENTED_EDGE('',*,*,#91600,.F.);
#91620=EDGE_LOOP('',(#91610,#91550,#91540,#91530));
#91630=FACE_OUTER_BOUND('',#91620,.T.);
#91640=ADVANCED_FACE('',(#91630),#91520,.T.);
#91650=CARTESIAN_POINT('',(-3.73749685,-2.68250255238629,
2.88812621153846));
#91660=DIRECTION('',(-0.,-0.384615384615385,-0.923076923076923));
#91670=DIRECTION('',(0.,-0.923076923076923,0.384615384615385));
#91680=AXIS2_PLACEMENT_3D('',#91650,#91660,#91670);
#91690=PLANE('',#91680);
#91700=ORIENTED_EDGE('',*,*,#89260,.F.);
#91710=ORIENTED_EDGE('',*,*,#91600,.T.);
#91720=ORIENTED_EDGE('',*,*,#88100,.T.);
#91730=CARTESIAN_POINT('',(-5.60416666666666,-6.82499964469399,
4.61416666666667));
#91740=DIRECTION('',(0.358979079308869,0.861549790341286,
-0.358979079308869));
#91750=VECTOR('',#91740,1.);
#91760=LINE('',#91730,#91750);
#91770=EDGE_CURVE('',#88070,#88470,#91760,.T.);
#91780=ORIENTED_EDGE('',*,*,#91770,.F.);
#91790=EDGE_LOOP('',(#91780,#91720,#91710,#91700));
#91800=FACE_OUTER_BOUND('',#91790,.T.);
#91810=ADVANCED_FACE('',(#91800),#91690,.T.);
#91820=CARTESIAN_POINT('',(-3.87812621153846,-2.68250255238629,
3.27250315));
#91830=DIRECTION('',(0.923076923076923,-0.384615384615384,0.));
#91840=DIRECTION('',(0.384615384615384,0.923076923076923,0.));
#91850=AXIS2_PLACEMENT_3D('',#91820,#91830,#91840);
#91860=PLANE('',#91850);
#91870=ORIENTED_EDGE('',*,*,#88560,.F.);
#91880=ORIENTED_EDGE('',*,*,#91770,.T.);
#91890=ORIENTED_EDGE('',*,*,#88320,.T.);
#91900=ORIENTED_EDGE('',*,*,#91360,.T.);
#91910=EDGE_LOOP('',(#91900,#91890,#91880,#91870));
#91920=FACE_OUTER_BOUND('',#91910,.T.);
#91930=ADVANCED_FACE('',(#91920),#91860,.T.);
#91940=CARTESIAN_POINT('',(-2.26250315,-2.68250255238629,
3.13187378846154));
#91950=DIRECTION('',(0.,-0.384615384615385,0.923076923076923));
#91960=DIRECTION('',(0.,0.923076923076923,0.384615384615385));
#91970=AXIS2_PLACEMENT_3D('',#91940,#91950,#91960);
#91980=PLANE('',#91970);
#91990=ORIENTED_EDGE('',*,*,#89920,.F.);
#92000=CARTESIAN_POINT('',(-3.60416666666667,-6.82499964469399,
1.40583333333333));
#92010=DIRECTION('',(-0.358979079308868,-0.861549790341286,
-0.358979079308869));
#92020=VECTOR('',#92010,1.);
#92030=LINE('',#92000,#92020);
#92040=EDGE_CURVE('',#89830,#89610,#92030,.T.);
#92050=ORIENTED_EDGE('',*,*,#92040,.F.);
#92060=ORIENTED_EDGE('',*,*,#89620,.T.);
#92070=CARTESIAN_POINT('',(-0.395833333333337,-6.82499964469399,
1.40583333333333));
#92080=DIRECTION('',(-0.358979079308868,0.861549790341286,
0.358979079308869));
#92090=VECTOR('',#92080,1.);
#92100=LINE('',#92070,#92090);
#92110=EDGE_CURVE('',#89530,#89910,#92100,.T.);
#92120=ORIENTED_EDGE('',*,*,#92110,.F.);
#92130=EDGE_LOOP('',(#92120,#92060,#92050,#91990));
#92140=FACE_OUTER_BOUND('',#92130,.T.);
#92150=ADVANCED_FACE('',(#92140),#91980,.T.);
#92160=CARTESIAN_POINT('',(-2.12187378846154,-2.68250255238629,
2.74749685));
#92170=DIRECTION('',(-0.923076923076923,-0.384615384615384,0.));
#92180=DIRECTION('',(0.384615384615384,-0.923076923076923,0.));
#92190=AXIS2_PLACEMENT_3D('',#92160,#92170,#92180);
#92200=PLANE('',#92190);
#92210=ORIENTED_EDGE('',*,*,#90160,.F.);
#92220=ORIENTED_EDGE('',*,*,#92110,.T.);
#92230=ORIENTED_EDGE('',*,*,#89540,.T.);
#92240=CARTESIAN_POINT('',(-0.395833333333337,-6.82499964469399,
4.61416666666668));
#92250=DIRECTION('',(-0.358979079308868,0.861549790341285,
-0.358979079308872));
#92260=VECTOR('',#92250,1.);
#92270=LINE('',#92240,#92260);
#92280=EDGE_CURVE('',#89450,#90150,#92270,.T.);
#92290=ORIENTED_EDGE('',*,*,#92280,.F.);
#92300=EDGE_LOOP('',(#92290,#92230,#92220,#92210));
#92310=FACE_OUTER_BOUND('',#92300,.T.);
#92320=ADVANCED_FACE('',(#92310),#92200,.T.);
#92330=CARTESIAN_POINT('',(-1.73749685,-2.68250255238629,
2.88812621153846));
#92340=DIRECTION('',(-0.,-0.384615384615387,-0.923076923076922));
#92350=DIRECTION('',(0.,-0.923076923076922,0.384615384615387));
#92360=AXIS2_PLACEMENT_3D('',#92330,#92340,#92350);
#92370=PLANE('',#92360);
#92380=ORIENTED_EDGE('',*,*,#90400,.F.);
#92390=ORIENTED_EDGE('',*,*,#92280,.T.);
#92400=ORIENTED_EDGE('',*,*,#89460,.T.);
#92410=CARTESIAN_POINT('',(-3.60416666666667,-6.82499964469399,
4.61416666666668));
#92420=DIRECTION('',(0.358979079308868,0.861549790341285,
-0.358979079308872));
#92430=VECTOR('',#92420,1.);
#92440=LINE('',#92410,#92430);
#92450=EDGE_CURVE('',#89430,#90390,#92440,.T.);
#92460=ORIENTED_EDGE('',*,*,#92450,.F.);
#92470=EDGE_LOOP('',(#92460,#92400,#92390,#92380));
#92480=FACE_OUTER_BOUND('',#92470,.T.);
#92490=ADVANCED_FACE('',(#92480),#92370,.T.);
#92500=CARTESIAN_POINT('',(-1.87812621153846,-2.68250255238629,
3.27250315));
#92510=DIRECTION('',(0.923076923076923,-0.384615384615384,0.));
#92520=DIRECTION('',(0.384615384615384,0.923076923076923,0.));
#92530=AXIS2_PLACEMENT_3D('',#92500,#92510,#92520);
#92540=PLANE('',#92530);
#92550=ORIENTED_EDGE('',*,*,#90620,.F.);
#92560=ORIENTED_EDGE('',*,*,#92450,.T.);
#92570=ORIENTED_EDGE('',*,*,#89680,.T.);
#92580=ORIENTED_EDGE('',*,*,#92040,.T.);
#92590=EDGE_LOOP('',(#92580,#92570,#92560,#92550));
#92600=FACE_OUTER_BOUND('',#92590,.T.);
#92610=ADVANCED_FACE('',(#92600),#92540,.T.);
#92620=CARTESIAN_POINT('',(-0.12187378846154,-2.68250255238629,
2.74749685));
#92630=DIRECTION('',(-0.923076923076923,-0.384615384615384,0.));
#92640=DIRECTION('',(0.384615384615384,-0.923076923076923,0.));
#92650=AXIS2_PLACEMENT_3D('',#92620,#92630,#92640);
#92660=PLANE('',#92650);
#92670=ORIENTED_EDGE('',*,*,#87680,.F.);
#92680=CARTESIAN_POINT('',(1.60416666666666,-6.82499964469399,
1.40583333333333));
#92690=DIRECTION('',(0.358979079308869,-0.861549790341286,
-0.358979079308869));
#92700=VECTOR('',#92690,1.);
#92710=LINE('',#92680,#92700);
#92720=EDGE_CURVE('',#87430,#86730,#92710,.T.);
#92730=ORIENTED_EDGE('',*,*,#92720,.F.);
#92740=ORIENTED_EDGE('',*,*,#86740,.T.);
#92750=CARTESIAN_POINT('',(1.60416666666666,-6.82499964469399,
4.61416666666667));
#92760=DIRECTION('',(-0.358979079308869,0.861549790341286,
-0.358979079308869));
#92770=VECTOR('',#92760,1.);
#92780=LINE('',#92750,#92770);
#92790=EDGE_CURVE('',#86710,#87670,#92780,.T.);
#92800=ORIENTED_EDGE('',*,*,#92790,.F.);
#92810=EDGE_LOOP('',(#92800,#92740,#92730,#92670));
#92820=FACE_OUTER_BOUND('',#92810,.T.);
#92830=ADVANCED_FACE('',(#92820),#92660,.T.);
#92840=CARTESIAN_POINT('',(-0.262503150000001,-2.68250255238629,
3.13187378846154));
#92850=DIRECTION('',(0.,-0.384615384615385,0.923076923076923));
#92860=DIRECTION('',(0.,0.923076923076923,0.384615384615385));
#92870=AXIS2_PLACEMENT_3D('',#92840,#92850,#92860);
#92880=PLANE('',#92870);
#92890=ORIENTED_EDGE('',*,*,#87440,.F.);
#92900=CARTESIAN_POINT('',(-1.60416666666667,-6.82499964469399,
1.40583333333333));
#92910=DIRECTION('',(-0.358979079308868,-0.861549790341286,
-0.358979079308869));
#92920=VECTOR('',#92910,1.);
#92930=LINE('',#92900,#92920);
#92940=EDGE_CURVE('',#87190,#86810,#92930,.T.);
#92950=ORIENTED_EDGE('',*,*,#92940,.F.);
#92960=ORIENTED_EDGE('',*,*,#86820,.T.);
#92970=ORIENTED_EDGE('',*,*,#92720,.T.);
#92980=EDGE_LOOP('',(#92970,#92960,#92950,#92890));
#92990=FACE_OUTER_BOUND('',#92980,.T.);
#93000=ADVANCED_FACE('',(#92990),#92880,.T.);
#93010=CARTESIAN_POINT('',(0.121873788461537,-2.68250255238629,
3.27250315));
#93020=DIRECTION('',(0.923076923076923,-0.384615384615384,0.));
#93030=DIRECTION('',(0.384615384615384,0.923076923076923,0.));
#93040=AXIS2_PLACEMENT_3D('',#93010,#93020,#93030);
#93050=PLANE('',#93040);
#93060=ORIENTED_EDGE('',*,*,#87200,.F.);
#93070=CARTESIAN_POINT('',(-1.60416666666667,-6.82499964469399,
4.61416666666667));
#93080=DIRECTION('',(-0.358979079308869,-0.861549790341286,
0.358979079308869));
#93090=VECTOR('',#93080,1.);
#93100=LINE('',#93070,#93090);
#93110=EDGE_CURVE('',#87110,#86890,#93100,.T.);
#93120=ORIENTED_EDGE('',*,*,#93110,.F.);
#93130=ORIENTED_EDGE('',*,*,#86900,.T.);
#93140=ORIENTED_EDGE('',*,*,#92940,.T.);
#93150=EDGE_LOOP('',(#93140,#93130,#93120,#93060));
#93160=FACE_OUTER_BOUND('',#93150,.T.);
#93170=ADVANCED_FACE('',(#93160),#93050,.T.);
#93180=CARTESIAN_POINT('',(0.262503149999998,-2.68250255238629,
2.88812621153846));
#93190=DIRECTION('',(-0.,-0.384615384615385,-0.923076923076923));
#93200=DIRECTION('',(0.,-0.923076923076923,0.384615384615385));
#93210=AXIS2_PLACEMENT_3D('',#93180,#93190,#93200);
#93220=PLANE('',#93210);
#93230=ORIENTED_EDGE('',*,*,#87900,.F.);
#93240=ORIENTED_EDGE('',*,*,#92790,.T.);
#93250=ORIENTED_EDGE('',*,*,#86960,.T.);
#93260=ORIENTED_EDGE('',*,*,#93110,.T.);
#93270=EDGE_LOOP('',(#93260,#93250,#93240,#93230));
#93280=FACE_OUTER_BOUND('',#93270,.T.);
#93290=ADVANCED_FACE('',(#93280),#93220,.T.);
#93300=CARTESIAN_POINT('',(1.73749685,-2.68250255238629,3.13187378846154
));
#93310=DIRECTION('',(0.,-0.384615384615385,0.923076923076923));
#93320=DIRECTION('',(0.,0.923076923076923,0.384615384615385));
#93330=AXIS2_PLACEMENT_3D('',#93300,#93310,#93320);
#93340=PLANE('',#93330);
#93350=ORIENTED_EDGE('',*,*,#84940,.F.);
#93360=CARTESIAN_POINT('',(0.395833333333329,-6.82499964469399,
1.40583333333333));
#93370=DIRECTION('',(-0.35897907930887,-0.861549790341286,
-0.358979079308869));
#93380=VECTOR('',#93370,1.);
#93390=LINE('',#93360,#93380);
#93400=EDGE_CURVE('',#84870,#90970,#93390,.T.);
#93410=ORIENTED_EDGE('',*,*,#93400,.F.);
#93420=ORIENTED_EDGE('',*,*,#90980,.T.);
#93430=CARTESIAN_POINT('',(3.60416666666666,-6.82499964469399,
1.40583333333333));
#93440=DIRECTION('',(-0.358979079308869,0.861549790341286,
0.358979079308869));
#93450=VECTOR('',#93440,1.);
#93460=LINE('',#93430,#93450);
#93470=EDGE_CURVE('',#90890,#84560,#93460,.T.);
#93480=ORIENTED_EDGE('',*,*,#93470,.F.);
#93490=EDGE_LOOP('',(#93480,#93420,#93410,#93350));
#93500=FACE_OUTER_BOUND('',#93490,.T.);
#93510=ADVANCED_FACE('',(#93500),#93340,.T.);
#93520=CARTESIAN_POINT('',(1.87812621153846,-2.68250255238629,2.74749685
));
#93530=DIRECTION('',(-0.923076923076923,-0.384615384615384,0.));
#93540=DIRECTION('',(0.384615384615384,-0.923076923076923,0.));
#93550=AXIS2_PLACEMENT_3D('',#93520,#93530,#93540);
#93560=PLANE('',#93550);
#93570=ORIENTED_EDGE('',*,*,#84650,.F.);
#93580=ORIENTED_EDGE('',*,*,#93470,.T.);
#93590=ORIENTED_EDGE('',*,*,#90900,.T.);
#93600=CARTESIAN_POINT('',(3.60416666666666,-6.82499964469399,
4.61416666666667));
#93610=DIRECTION('',(-0.358979079308869,0.861549790341286,
-0.358979079308869));
#93620=VECTOR('',#93610,1.);
#93630=LINE('',#93600,#93620);
#93640=EDGE_CURVE('',#90810,#84640,#93630,.T.);
#93650=ORIENTED_EDGE('',*,*,#93640,.F.);
#93660=EDGE_LOOP('',(#93650,#93590,#93580,#93570));
#93670=FACE_OUTER_BOUND('',#93660,.T.);
#93680=ADVANCED_FACE('',(#93670),#93560,.T.);
#93690=CARTESIAN_POINT('',(2.26250315,-2.68250255238629,2.88812621153846
));
#93700=DIRECTION('',(-0.,-0.384615384615385,-0.923076923076923));
#93710=DIRECTION('',(0.,-0.923076923076923,0.384615384615385));
#93720=AXIS2_PLACEMENT_3D('',#93690,#93700,#93710);
#93730=PLANE('',#93720);
#93740=ORIENTED_EDGE('',*,*,#91190,.F.);
#93750=ORIENTED_EDGE('',*,*,#93640,.T.);
#93760=ORIENTED_EDGE('',*,*,#90820,.T.);
#93770=CARTESIAN_POINT('',(0.395833333333329,-6.82499964469399,
4.61416666666667));
#93780=DIRECTION('',(0.35897907930887,0.861549790341286,
-0.358979079308869));
#93790=VECTOR('',#93780,1.);
#93800=LINE('',#93770,#93790);
#93810=EDGE_CURVE('',#90790,#85110,#93800,.T.);
#93820=ORIENTED_EDGE('',*,*,#93810,.F.);
#93830=EDGE_LOOP('',(#93820,#93760,#93750,#93740));
#93840=FACE_OUTER_BOUND('',#93830,.T.);
#93850=ADVANCED_FACE('',(#93840),#93730,.T.);
#93860=CARTESIAN_POINT('',(2.12187378846154,-2.68250255238629,3.27250315
));
#93870=DIRECTION('',(0.923076923076923,-0.384615384615385,0.));
#93880=DIRECTION('',(0.384615384615385,0.923076923076923,0.));
#93890=AXIS2_PLACEMENT_3D('',#93860,#93870,#93880);
#93900=PLANE('',#93890);
#93910=ORIENTED_EDGE('',*,*,#85180,.F.);
#93920=ORIENTED_EDGE('',*,*,#93810,.T.);
#93930=ORIENTED_EDGE('',*,*,#91040,.T.);
#93940=ORIENTED_EDGE('',*,*,#93400,.T.);
#93950=EDGE_LOOP('',(#93940,#93930,#93920,#93910));
#93960=FACE_OUTER_BOUND('',#93950,.T.);
#93970=ADVANCED_FACE('',(#93960),#93900,.T.);
#93980=CARTESIAN_POINT('',(3.87812621153846,-2.68250255238629,2.74749685
));
#93990=DIRECTION('',(-0.923076923076923,-0.384615384615385,0.));
#94000=DIRECTION('',(0.384615384615385,-0.923076923076923,0.));
#94010=AXIS2_PLACEMENT_3D('',#93980,#93990,#94000);
#94020=PLANE('',#94010);
#94030=ORIENTED_EDGE('',*,*,#86320,.F.);
#94040=CARTESIAN_POINT('',(5.60416666666666,-6.82499964469399,
1.40583333333333));
#94050=DIRECTION('',(0.358979079308869,-0.861549790341286,
-0.358979079308869));
#94060=VECTOR('',#94050,1.);
#94070=LINE('',#94040,#94060);
#94080=EDGE_CURVE('',#86070,#85370,#94070,.T.);
#94090=ORIENTED_EDGE('',*,*,#94080,.F.);
#94100=ORIENTED_EDGE('',*,*,#85380,.T.);
#94110=CARTESIAN_POINT('',(5.60416666666666,-6.82499964469399,
4.61416666666668));
#94120=DIRECTION('',(-0.358979079308869,0.861549790341285,
-0.358979079308872));
#94130=VECTOR('',#94120,1.);
#94140=LINE('',#94110,#94130);
#94150=EDGE_CURVE('',#85350,#86310,#94140,.T.);
#94160=ORIENTED_EDGE('',*,*,#94150,.F.);
#94170=EDGE_LOOP('',(#94160,#94100,#94090,#94030));
#94180=FACE_OUTER_BOUND('',#94170,.T.);
#94190=ADVANCED_FACE('',(#94180),#94020,.T.);
#94200=CARTESIAN_POINT('',(3.73749685,-2.68250255238629,3.13187378846154
));
#94210=DIRECTION('',(0.,-0.384615384615385,0.923076923076923));
#94220=DIRECTION('',(0.,0.923076923076923,0.384615384615385));
#94230=AXIS2_PLACEMENT_3D('',#94200,#94210,#94220);
#94240=PLANE('',#94230);
#94250=ORIENTED_EDGE('',*,*,#86080,.F.);
#94260=CARTESIAN_POINT('',(2.39583333333333,-6.82499964469399,
1.40583333333333));
#94270=DIRECTION('',(-0.358979079308869,-0.861549790341286,
-0.358979079308869));
#94280=VECTOR('',#94270,1.);
#94290=LINE('',#94260,#94280);
#94300=EDGE_CURVE('',#85830,#85450,#94290,.T.);
#94310=ORIENTED_EDGE('',*,*,#94300,.F.);
#94320=ORIENTED_EDGE('',*,*,#85460,.T.);
#94330=ORIENTED_EDGE('',*,*,#94080,.T.);
#94340=EDGE_LOOP('',(#94330,#94320,#94310,#94250));
#94350=FACE_OUTER_BOUND('',#94340,.T.);
#94360=ADVANCED_FACE('',(#94350),#94240,.T.);
#94370=CARTESIAN_POINT('',(4.12187378846154,-2.68250255238629,3.27250315
));
#94380=DIRECTION('',(0.923076923076923,-0.384615384615385,0.));
#94390=DIRECTION('',(0.384615384615385,0.923076923076923,0.));
#94400=AXIS2_PLACEMENT_3D('',#94370,#94380,#94390);
#94410=PLANE('',#94400);
#94420=ORIENTED_EDGE('',*,*,#85840,.F.);
#94430=CARTESIAN_POINT('',(2.39583333333333,-6.82499964469399,
4.61416666666668));
#94440=DIRECTION('',(-0.358979079308869,-0.861549790341285,
0.358979079308872));
#94450=VECTOR('',#94440,1.);
#94460=LINE('',#94430,#94450);
#94470=EDGE_CURVE('',#85750,#85530,#94460,.T.);
#94480=ORIENTED_EDGE('',*,*,#94470,.F.);
#94490=ORIENTED_EDGE('',*,*,#85540,.T.);
#94500=ORIENTED_EDGE('',*,*,#94300,.T.);
#94510=EDGE_LOOP('',(#94500,#94490,#94480,#94420));
#94520=FACE_OUTER_BOUND('',#94510,.T.);
#94530=ADVANCED_FACE('',(#94520),#94410,.T.);
#94540=CARTESIAN_POINT('',(4.26250315,-2.68250255238629,2.88812621153846
));
#94550=DIRECTION('',(-0.,-0.384615384615387,-0.923076923076922));
#94560=DIRECTION('',(0.,-0.923076923076922,0.384615384615387));
#94570=AXIS2_PLACEMENT_3D('',#94540,#94550,#94560);
#94580=PLANE('',#94570);
#94590=ORIENTED_EDGE('',*,*,#86540,.F.);
#94600=ORIENTED_EDGE('',*,*,#94150,.T.);
#94610=ORIENTED_EDGE('',*,*,#85600,.T.);
#94620=ORIENTED_EDGE('',*,*,#94470,.T.);
#94630=EDGE_LOOP('',(#94620,#94610,#94600,#94590));
#94640=FACE_OUTER_BOUND('',#94630,.T.);
#94650=ADVANCED_FACE('',(#94640),#94580,.T.);
#94660=CARTESIAN_POINT('',(-5.55,-6.5247809454102,5.2));
#94670=DIRECTION('',(0.,-1.,0.));
#94680=DIRECTION('',(1.,0.,0.));
#94690=AXIS2_PLACEMENT_3D('',#94660,#94670,#94680);
#94700=CYLINDRICAL_SURFACE('',#94690,0.999999999999999);
#94710=ORIENTED_EDGE('',*,*,#17660,.T.);
#94720=ORIENTED_EDGE('',*,*,#81800,.F.);
#94730=ORIENTED_EDGE('',*,*,#82280,.F.);
#94740=EDGE_LOOP('',(#94730,#94720,#94710));
#94750=FACE_OUTER_BOUND('',#94740,.T.);
#94760=ADVANCED_FACE('',(#94750),#94700,.F.);
#94770=CARTESIAN_POINT('',(5.55,-6.52478094541019,5.2));
#94780=DIRECTION('',(0.,-1.,0.));
#94790=DIRECTION('',(1.,0.,0.));
#94800=AXIS2_PLACEMENT_3D('',#94770,#94780,#94790);
#94810=CYLINDRICAL_SURFACE('',#94800,1.);
#94820=ORIENTED_EDGE('',*,*,#18170,.T.);
#94830=ORIENTED_EDGE('',*,*,#80700,.F.);
#94840=ORIENTED_EDGE('',*,*,#80190,.F.);
#94850=EDGE_LOOP('',(#94840,#94830,#94820));
#94860=FACE_OUTER_BOUND('',#94850,.T.);
#94870=ADVANCED_FACE('',(#94860),#94810,.F.);
#94880=CLOSED_SHELL('',(#420,#840,#2020,#2260,#2570,#2810,#3760,#6650,
#6820,#7040,#7210,#7380,#7500,#8380,#8620,#9380,#9690,#9930,#10170,
#10340,#10460,#10630,#10800,#10970,#11090,#11410,#12190,#12680,#13100,
#13410,#13630,#14890,#15290,#16700,#18430,#18600,#18720,#19400,#20170,
#20340,#20510,#20700,#20820,#20940,#21110,#21230,#21540,#21850,#23830,
#24080,#24760,#24980,#25100,#25220,#25530,#25770,#26010,#26180,#26300,
#26720,#27910,#29100,#29320,#29490,#29660,#29780,#29950,#30120,#30340,
#30510,#30730,#30850,#30970,#31140,#31260,#31380,#31800,#32020,#32440,
#33480,#33790,#34030,#34200,#35030,#35250,#35420,#35540,#35710,#35880,
#36050,#36220,#36340,#36460,#36880,#37100,#37520,#38560,#38870,#39110,
#39280,#40110,#40330,#40500,#40620,#40790,#40960,#41130,#41300,#41420,
#41540,#41850,#43070,#43380,#43620,#44680,#44900,#45070,#45240,#45410,
#45580,#45750,#45870,#45990,#46210,#46380,#46500,#46620,#46950,#47710,
#48470,#48690,#48860,#49030,#49150,#49320,#49440,#49610,#49730,#50130,
#50350,#50520,#50690,#50810,#51210,#51430,#51600,#51770,#51890,#52130,
#52370,#52540,#52660,#52970,#53890,#54200,#54440,#54680,#55370,#55540,
#55710,#55880,#56000,#56220,#56340,#56460,#56770,#57690,#58000,#58240,
#58480,#59170,#59340,#59510,#59680,#59800,#60020,#60140,#60260,#60570,
#61490,#61800,#62040,#62280,#62970,#63140,#63310,#63480,#63600,#63820,
#63940,#64060,#65050,#65360,#65600,#65850,#66600,#66770,#66990,#67160,
#67280,#67400,#67620,#67740,#67860,#68170,#69090,#69400,#69640,#69880,
#70570,#70740,#70910,#71080,#71200,#71420,#71540,#71660,#74900,#75210,
#75460,#75700,#75940,#76180,#76420,#76890,#77140,#77380,#77690,#77930,
#78170,#78340,#78810,#79350,#79520,#79640,#80230,#80750,#80920,#81090,
#81260,#81850,#82320,#82490,#82610,#82780,#82900,#83140,#83310,#83650,
#83890,#84160,#84330,#84450,#84760,#85000,#85240,#85640,#85950,#86190,
#86430,#86600,#87000,#87310,#87550,#87790,#87960,#88360,#88670,#88910,
#89150,#89320,#89720,#90030,#90270,#90510,#90680,#91080,#91250,#91470,
#91640,#91810,#91930,#92150,#92320,#92490,#92610,#92830,#93000,#93170,
#93290,#93510,#93680,#93850,#93970,#94190,#94360,#94530,#94650,#94760,
#94870));
#94890=MANIFOLD_SOLID_BREP('',#94880);
#94900=CARTESIAN_POINT('',(0.,0.,0.));
#94910=DIRECTION('',(0.,0.,1.));
#94920=DIRECTION('',(1.,0.,0.));
#94930=AXIS2_PLACEMENT_3D('',#94900,#94910,#94920);
#94940=APPLICATION_CONTEXT(' ');
#94950=APPLICATION_PROTOCOL_DEFINITION(' ','automotive_design',1998,
#94940);
#94960=PRODUCT_CONTEXT('',#94940,'mechanical');
#94970=PRODUCT_DEFINITION_CONTEXT('part definition',#94940,'design');
#94980=PRODUCT('GT8E-5P-2H','GT8E-5P-2H','',(#94960));
#94990=PRODUCT_RELATED_PRODUCT_CATEGORY('part',' ',(#94980));
#95000=PRODUCT_DEFINITION_FORMATION_WITH_SPECIFIED_SOURCE('','',#94980,
.BOUGHT.);
#95010=PRODUCT_DEFINITION('',' ',#95000,#94970);
#95020=PRODUCT_DEFINITION_SHAPE('','',#95010);
#95030=DIMENSIONAL_EXPONENTS(1.,0.,0.,0.,0.,0.,0.);
#95040=DIMENSIONAL_EXPONENTS(0.,0.,0.,0.,0.,0.,0.);
#95050=DIMENSIONAL_EXPONENTS(0.,0.,0.,0.,0.,0.,0.);
#95060=(LENGTH_UNIT() NAMED_UNIT(*) SI_UNIT(.MILLI.,.METRE.));
#95070=(NAMED_UNIT(*) PLANE_ANGLE_UNIT() SI_UNIT($,.RADIAN.));
#95080=(NAMED_UNIT(*) SI_UNIT($,.STERADIAN.) SOLID_ANGLE_UNIT());
#95090=(GEOMETRIC_REPRESENTATION_CONTEXT(3) 
GLOBAL_UNCERTAINTY_ASSIGNED_CONTEXT((#95100)) 
GLOBAL_UNIT_ASSIGNED_CONTEXT((#95060,#95070,#95080)) 
REPRESENTATION_CONTEXT('',''));
#95100=UNCERTAINTY_MEASURE_WITH_UNIT(LENGTH_MEASURE(1.E-6),#95060,
'distance_accuracy_value','maximum gap value');
#95110=ADVANCED_BREP_SHAPE_REPRESENTATION('',(#94930,#94890),#95090);
#95120=SHAPE_DEFINITION_REPRESENTATION(#95020,#95110);
#95130=COLOUR_RGB('',0.600000023841858,0.600000023841858,
0.600000023841858);
#95140=FILL_AREA_STYLE_COLOUR('',#95130);
#95150=FILL_AREA_STYLE('',(#95140));
#95160=SURFACE_STYLE_FILL_AREA(#95150);
#95170=SURFACE_SIDE_STYLE('',(#95160));
#95180=SURFACE_STYLE_USAGE(.BOTH.,#95170);
#95190=PRESENTATION_STYLE_ASSIGNMENT((#95180));
#95200=STYLED_ITEM('',(#95190),#94890);
#95210=DRAUGHTING_MODEL('',(#95200),#95090);
ENDSEC;
END-ISO-10303-21;
