ISO-10303-21;
HEADER;
FILE_DESCRIPTION (( 'STEP AP214' ),
    '1' );
FILE_NAME ('tes2m.STEP',
    '2016-03-29T06:34:13',
    ( '' ),
    ( '' ),
    'SwSTEP 2.0',
    'SolidWorks 2013',
    '' );
FILE_SCHEMA (( 'AUTOMOTIVE_DESIGN' ));
ENDSEC;

DATA;
#1 = CARTESIAN_POINT ( 'NONE',  ( 6.850000000000000500, -7.875740647047340600, 0.2507484938770950800 ) ) ;
#2 = VECTOR ( 'NONE', #4735, 1000.000000000000000 ) ;
#3 = LINE ( 'NONE', #7014, #2985 ) ;
#4 = AXIS2_PLACEMENT_3D ( 'NONE', #5415, #6529, #6009 ) ;
#5 = LINE ( 'NONE', #4631, #7138 ) ;
#6 = FILL_AREA_STYLE_COLOUR ( '', #9 ) ;
#7 = CARTESIAN_POINT ( 'NONE',  ( -2.225000000000000500, -2.549999999999999800, 0.0000000000000000000 ) ) ;
#8 = ORIENTED_EDGE ( 'NONE', *, *, #454, .T. ) ;
#9 = COLOUR_RGB ( '',0.7529411764705882200, 0.7529411764705882200, 0.7529411764705882200 ) ;
#10 = PRESENTATION_STYLE_ASSIGNMENT (( #6022 ) ) ;
#11 = EDGE_CURVE ( 'NONE', #5076, #2428, #3717, .T. ) ;
#12 = FACE_OUTER_BOUND ( 'NONE', #3893, .T. ) ;
#13 = VECTOR ( 'NONE', #5538, 1000.000000000000000 ) ;
#14 = UNCERTAINTY_MEASURE_WITH_UNIT (LENGTH_MEASURE( 1.000000000000000100E-005 ), #1130, 'distance_accuracy_value', 'NONE');
#15 = DIRECTION ( 'NONE',  ( 1.000000000000000000, 0.0000000000000000000, 0.0000000000000000000 ) ) ;
#16 = CARTESIAN_POINT ( 'NONE',  ( -11.87500000000000000, -6.850000000000000500, 0.2000000000000000100 ) ) ;
#17 =( NAMED_UNIT ( * ) SI_UNIT ( $, .STERADIAN. ) SOLID_ANGLE_UNIT ( ) );
#18 = STYLED_ITEM ( 'NONE', ( #3612 ), #6848 ) ;
#19 = DIRECTION ( 'NONE',  ( 0.0000000000000000000, 0.4259177099999558200, -0.9047619047619066500 ) ) ;
#20 = DIRECTION ( 'NONE',  ( 1.000000000000000000, 0.0000000000000000000, 0.0000000000000000000 ) ) ;
#21 = ADVANCED_FACE ( 'NONE', ( #6722 ), #5650, .T. ) ;
#22 = VERTEX_POINT ( 'NONE', #5779 ) ;
#23 = PLANE ( 'NONE',  #2284 ) ;
#24 = ORIENTED_EDGE ( 'NONE', *, *, #5659, .F. ) ;
#25 = LINE ( 'NONE', #1788, #7156 ) ;
#26 = EDGE_CURVE ( 'NONE', #4660, #487, #1693, .T. ) ;
#27 = LINE ( 'NONE', #3358, #4335 ) ;
#28 = MECHANICAL_DESIGN_GEOMETRIC_PRESENTATION_REPRESENTATION (  '', ( #6223 ), #406 ) ;
#29 = SURFACE_STYLE_USAGE ( .BOTH. , #3386 ) ;
#30 = CARTESIAN_POINT ( 'NONE',  ( -1.475000000000000100, -2.549999999999999800, 0.0000000000000000000 ) ) ;
#31 = FILL_AREA_STYLE ('',( #6 ) ) ;
#32 = CARTESIAN_POINT ( 'NONE',  ( -11.50000000000000000, 6.250000000000000000, 7.599999999999999600 ) ) ;
#33 = VECTOR ( 'NONE', #4834, 1000.000000000000000 ) ;
#34 = EDGE_CURVE ( 'NONE', #7218, #2238, #206, .T. ) ;
#35 = STYLED_ITEM ( 'NONE', ( #2377 ), #962 ) ;
#36 = APPLICATION_CONTEXT ( 'automotive_design' ) ;
#37 = VERTEX_POINT ( 'NONE', #5291 ) ;
#38 = MECHANICAL_DESIGN_GEOMETRIC_PRESENTATION_REPRESENTATION (  '', ( #6244 ), #419 ) ;
#39 = EDGE_LOOP ( 'NONE', ( #6513, #6140, #6906, #2708 ) ) ;
#40 =( NAMED_UNIT ( * ) PLANE_ANGLE_UNIT ( ) SI_UNIT ( $, .RADIAN. ) );
#42 = ORIENTED_EDGE ( 'NONE', *, *, #1849, .T. ) ;
#41 = DIRECTION ( 'NONE',  ( 1.000000000000000000, 2.047319486629579800E-065, -0.0000000000000000000 ) ) ;
#43 = PLANE ( 'NONE',  #310 ) ;
#44 =( LENGTH_UNIT ( ) NAMED_UNIT ( * ) SI_UNIT ( .MILLI., .METRE. ) );
#45 = DIRECTION ( 'NONE',  ( -1.000000000000000000, 0.0000000000000000000, 0.0000000000000000000 ) ) ;
#46 = VERTEX_POINT ( 'NONE', #5264 ) ;
#47 =( LENGTH_UNIT ( ) NAMED_UNIT ( * ) SI_UNIT ( .MILLI., .METRE. ) );
#48 =( NAMED_UNIT ( * ) PLANE_ANGLE_UNIT ( ) SI_UNIT ( $, .RADIAN. ) );
#49 = CYLINDRICAL_SURFACE ( 'NONE', #4661, 0.2000000000000005100 ) ;
#50 =( LENGTH_UNIT ( ) NAMED_UNIT ( * ) SI_UNIT ( .MILLI., .METRE. ) );
#51 = VERTEX_POINT ( 'NONE', #5213 ) ;
#52 = AXIS2_PLACEMENT_3D ( 'NONE', #2223, #6220, #2808 ) ;
#53 = ORIENTED_EDGE ( 'NONE', *, *, #3685, .F. ) ;
#54 =( NAMED_UNIT ( * ) SI_UNIT ( $, .STERADIAN. ) SOLID_ANGLE_UNIT ( ) );
#55 = CARTESIAN_POINT ( 'NONE',  ( -12.07499999999999900, -6.650000000000000400, 0.0000000000000000000 ) ) ;
#56 = VERTEX_POINT ( 'NONE', #5368 ) ;
#57 = LINE ( 'NONE', #324, #6159 ) ;
#58 = ADVANCED_FACE ( 'NONE', ( #5879 ), #5163, .T. ) ;
#59 = CIRCLE ( 'NONE', #1995, 0.2000000000000000100 ) ;
#60 = STYLED_ITEM ( 'NONE', ( #1511 ), #4987 ) ;
#61 = FACE_OUTER_BOUND ( 'NONE', #2346, .T. ) ;
#62 =( REPRESENTATION_RELATIONSHIP ('NONE','NONE', #4857, #6519 ) REPRESENTATION_RELATIONSHIP_WITH_TRANSFORMATION ( #1146 )SHAPE_REPRESENTATION_RELATIONSHIP( ) );
#63 = SURFACE_STYLE_USAGE ( .BOTH. , #85 ) ;
#64 = DIRECTION ( 'NONE',  ( 1.000000000000000000, -1.213057269022220100E-060, 0.0000000000000000000 ) ) ;
#65 = EDGE_CURVE ( 'NONE', #5340, #2661, #6819, .T. ) ;
#66 = CIRCLE ( 'NONE', #3049, 0.2000000000000000100 ) ;
#67 = DIRECTION ( 'NONE',  ( -1.000000000000000000, 0.0000000000000000000, 0.0000000000000000000 ) ) ;
#68 = EDGE_CURVE ( 'NONE', #1701, #7201, #2478, .T. ) ;
#69 = STYLED_ITEM ( 'NONE', ( #466 ), #1354 ) ;
#70 = PLANE ( 'NONE',  #4960 ) ;
#71 = SURFACE_STYLE_FILL_AREA ( #1180 ) ;
#72 = STYLED_ITEM ( 'NONE', ( #7068 ), #5815 ) ;
#73 = EDGE_LOOP ( 'NONE', ( #2164, #5582, #5314, #3557 ) ) ;
#74 =( NAMED_UNIT ( * ) SI_UNIT ( $, .STERADIAN. ) SOLID_ANGLE_UNIT ( ) );
#75 = CARTESIAN_POINT ( 'NONE',  ( 0.0000000000000000000, 1.354017197126070000E-016, 2.799999999999999800 ) ) ;
#76 =( LENGTH_UNIT ( ) NAMED_UNIT ( * ) SI_UNIT ( .MILLI., .METRE. ) );
#77 = EDGE_CURVE ( 'NONE', #6481, #3963, #1006, .T. ) ;
#78 = AXIS2_PLACEMENT_3D ( 'NONE', #179, #151, #130 ) ;
#79 = PRESENTATION_LAYER_ASSIGNMENT (  '', '', ( #7020 ) ) ;
#80 = DIRECTION ( 'NONE',  ( -0.0000000000000000000, -0.0000000000000000000, -1.000000000000000000 ) ) ;
#81 = CARTESIAN_POINT ( 'NONE',  ( -9.390000000000000600, 7.099999999999999600, 0.9500000000000000700 ) ) ;
#82 = LINE ( 'NONE', #4166, #3062 ) ;
#83 = SURFACE_STYLE_FILL_AREA ( #5333 ) ;
#84 =( NAMED_UNIT ( * ) PLANE_ANGLE_UNIT ( ) SI_UNIT ( $, .RADIAN. ) );
#85 = SURFACE_SIDE_STYLE ('',( #4255 ) ) ;
#86 = ORIENTED_EDGE ( 'NONE', *, *, #387, .T. ) ;
#87 = COLOUR_RGB ( '',0.7529411764705882200, 0.7529411764705882200, 0.7529411764705882200 ) ;
#88 = SURFACE_SIDE_STYLE ('',( #6619 ) ) ;
#89 = LINE ( 'NONE', #3336, #1587 ) ;
#90 = CARTESIAN_POINT ( 'NONE',  ( 8.890000000000000600, -7.833333333333331300, 0.2009288015000139900 ) ) ;
#91 = COLOUR_RGB ( '',0.7529411764705882200, 0.7529411764705882200, 0.7529411764705882200 ) ;
#92 = ADVANCED_FACE ( 'NONE', ( #3810 ), #4882, .T. ) ;
#93 =( NAMED_UNIT ( * ) SI_UNIT ( $, .STERADIAN. ) SOLID_ANGLE_UNIT ( ) );
#94 = STYLED_ITEM ( 'NONE', ( #4312 ), #3240 ) ;
#95 = ORIENTED_EDGE ( 'NONE', *, *, #7136, .T. ) ;
#96 = LINE ( 'NONE', #2783, #1591 ) ;
#97 = ORIENTED_EDGE ( 'NONE', *, *, #5483, .F. ) ;
#98 = COLOUR_RGB ( '',0.7529411764705882200, 0.7529411764705882200, 0.7529411764705882200 ) ;
#99 = VECTOR ( 'NONE', #5788, 1000.000000000000000 ) ;
#100 = VECTOR ( 'NONE', #3349, 1000.000000000000000 ) ;
#101 =( LENGTH_UNIT ( ) NAMED_UNIT ( * ) SI_UNIT ( .MILLI., .METRE. ) );
#102 = DIRECTION ( 'NONE',  ( 0.0000000000000000000, 0.0000000000000000000, 1.000000000000000000 ) ) ;
#103 = VERTEX_POINT ( 'NONE', #4330 ) ;
#104 = PRESENTATION_LAYER_ASSIGNMENT (  '', '', ( #6654 ) ) ;
#105 = SURFACE_STYLE_USAGE ( .BOTH. , #3466 ) ;
#106 = CARTESIAN_POINT ( 'NONE',  ( 5.850000000000000500, -9.000000000000001800, -4.264521207411895500E-057 ) ) ;
#107 = UNCERTAINTY_MEASURE_WITH_UNIT (LENGTH_MEASURE( 1.000000000000000100E-005 ), #5475, 'distance_accuracy_value', 'NONE');
#108 = VERTEX_POINT ( 'NONE', #4311 ) ;
#109 = DIRECTION ( 'NONE',  ( -4.551305969182499400E-029, 0.0000000000000000000, 1.000000000000000000 ) ) ;
#110 = EDGE_CURVE ( 'NONE', #1084, #5963, #3362, .T. ) ;
#111 = PLANE ( 'NONE',  #4079 ) ;
#112 = MECHANICAL_DESIGN_GEOMETRIC_PRESENTATION_REPRESENTATION (  '', ( #35 ), #489 ) ;
#113 = CARTESIAN_POINT ( 'NONE',  ( -11.87500000000000000, 0.0000000000000000000, 0.0000000000000000000 ) ) ;
#114 = AXIS2_PLACEMENT_3D ( 'NONE', #1986, #5970, #2555 ) ;
#115 = CIRCLE ( 'NONE', #3361, 0.2000000000000005100 ) ;
#116 = CARTESIAN_POINT ( 'NONE',  ( 6.037499999999999600, -6.850000000000000500, 0.1999999999999999800 ) ) ;
#117 = SURFACE_SIDE_STYLE ('',( #2987 ) ) ;
#118 = PLANE ( 'NONE',  #5171 ) ;
#119 = ORIENTED_EDGE ( 'NONE', *, *, #3591, .F. ) ;
#120 = UNCERTAINTY_MEASURE_WITH_UNIT (LENGTH_MEASURE( 1.000000000000000100E-005 ), #6470, 'distance_accuracy_value', 'NONE');
#121 = DIRECTION ( 'NONE',  ( -0.0000000000000000000, 1.000000000000000000, 5.887021680753820000E-033 ) ) ;
#122 = MECHANICAL_DESIGN_GEOMETRIC_PRESENTATION_REPRESENTATION (  '', ( #6323 ), #500 ) ;
#123 = ORIENTED_EDGE ( 'NONE', *, *, #4919, .T. ) ;
#124 =( NAMED_UNIT ( * ) PLANE_ANGLE_UNIT ( ) SI_UNIT ( $, .RADIAN. ) );
#125 = MECHANICAL_DESIGN_GEOMETRIC_PRESENTATION_REPRESENTATION (  '', ( #6671 ), #501 ) ;
#126 = VERTEX_POINT ( 'NONE', #4286 ) ;
#127 = ORIENTED_EDGE ( 'NONE', *, *, #5014, .T. ) ;
#128 = ADVANCED_FACE ( 'NONE', ( #2029 ), #4304, .T. ) ;
#129 = CARTESIAN_POINT ( 'NONE',  ( 6.850000000000000500, -8.150000000000000400, 0.3499999999999999800 ) ) ;
#130 = DIRECTION ( 'NONE',  ( 1.213057269022220100E-060, 1.000000000000000000, 0.0000000000000000000 ) ) ;
#131 = FILL_AREA_STYLE ('',( #6881 ) ) ;
#132 = MECHANICAL_DESIGN_GEOMETRIC_PRESENTATION_REPRESENTATION (  '', ( #6685 ), #513 ) ;
#133 = ORIENTED_EDGE ( 'NONE', *, *, #1346, .F. ) ;
#134 = CARTESIAN_POINT ( 'NONE',  ( -11.07499999999999900, -5.349999999999999600, 0.0000000000000000000 ) ) ;
#135 = VECTOR ( 'NONE', #2254, 1000.000000000000000 ) ;
#136 = CARTESIAN_POINT ( 'NONE',  ( 5.850000000000000500, -7.607142857142859400, 0.09444937400002442800 ) ) ;
#137 = DIRECTION ( 'NONE',  ( 0.0000000000000000000, -0.4259177099999607600, -0.9047619047619044300 ) ) ;
#138 = ORIENTED_EDGE ( 'NONE', *, *, #485, .T. ) ;
#139 = ORIENTED_EDGE ( 'NONE', *, *, #590, .F. ) ;
#140 = CARTESIAN_POINT ( 'NONE',  ( 8.589999999999999900, 4.955000000000000100, 4.599999999999999600 ) ) ;
#141 = FILL_AREA_STYLE_COLOUR ( '', #6901 ) ;
#142 = COLOUR_RGB ( '',0.7529411764705882200, 0.7529411764705882200, 0.7529411764705882200 ) ;
#143 = AXIS2_PLACEMENT_3D ( 'NONE', #777, #6954, #3021 ) ;
#144 =( LENGTH_UNIT ( ) NAMED_UNIT ( * ) SI_UNIT ( .MILLI., .METRE. ) );
#145 = DIRECTION ( 'NONE',  ( 0.0000000000000000000, 1.000000000000000000, 0.0000000000000000000 ) ) ;
#146 =( LENGTH_UNIT ( ) NAMED_UNIT ( * ) SI_UNIT ( .MILLI., .METRE. ) );
#147 = VERTEX_POINT ( 'NONE', #4788 ) ;
#148 = LINE ( 'NONE', #5398, #1472 ) ;
#149 = EDGE_CURVE ( 'NONE', #6257, #2428, #5877, .T. ) ;
#150 = CARTESIAN_POINT ( 'NONE',  ( -9.389999999999998800, -6.849999999999999600, 0.9499999999999999600 ) ) ;
#151 = DIRECTION ( 'NONE',  ( 1.000000000000000000, -1.213057269022220100E-060, 0.0000000000000000000 ) ) ;
#152 = DIRECTION ( 'NONE',  ( -1.000000000000000000, 0.0000000000000000000, 0.0000000000000000000 ) ) ;
#153 =( GEOMETRIC_REPRESENTATION_CONTEXT ( 3 ) GLOBAL_UNCERTAINTY_ASSIGNED_CONTEXT ( ( #3651 ) ) GLOBAL_UNIT_ASSIGNED_CONTEXT ( ( #5056, #1666, #5646 ) ) REPRESENTATION_CONTEXT ( 'NONE', 'WORKASPACE' ) );
#154 = STYLED_ITEM ( 'NONE', ( #5772 ), #6733 ) ;
#155 = ORIENTED_EDGE ( 'NONE', *, *, #4564, .T. ) ;
#156 = DIRECTION ( 'NONE',  ( 0.0000000000000000000, -0.0000000000000000000, -1.000000000000000000 ) ) ;
#157 = CARTESIAN_POINT ( 'NONE',  ( 6.850000000000000500, 7.875740647047340600, 0.6999999999999999600 ) ) ;
#158 = SURFACE_STYLE_USAGE ( .BOTH. , #3527 ) ;
#159 =( NAMED_UNIT ( * ) SI_UNIT ( $, .STERADIAN. ) SOLID_ANGLE_UNIT ( ) );
#160 = ADVANCED_FACE ( 'NONE', ( #4340 ), #3628, .T. ) ;
#161 = ORIENTED_EDGE ( 'NONE', *, *, #5910, .T. ) ;
#162 = EDGE_CURVE ( 'NONE', #1409, #7163, #5146, .T. ) ;
#163 = CARTESIAN_POINT ( 'NONE',  ( 6.349999999999999600, 8.150000000000000400, 0.3499999999999999800 ) ) ;
#164 = VERTEX_POINT ( 'NONE', #3518 ) ;
#165 = FACE_OUTER_BOUND ( 'NONE', #6559, .T. ) ;
#166 = PRESENTATION_LAYER_ASSIGNMENT (  '', '', ( #7108 ) ) ;
#167 = FACE_OUTER_BOUND ( 'NONE', #5158, .T. ) ;
#168 = VERTEX_POINT ( 'NONE', #3467 ) ;
#169 = STYLED_ITEM ( 'NONE', ( #4314 ), #6120 ) ;
#170 = SURFACE_STYLE_USAGE ( .BOTH. , #220 ) ;
#171 = DIRECTION ( 'NONE',  ( 1.000000000000000000, 0.0000000000000000000, 0.0000000000000000000 ) ) ;
#172 = FILL_AREA_STYLE ('',( #5257 ) ) ;
#173 = SURFACE_STYLE_FILL_AREA ( #964 ) ;
#174 = EDGE_CURVE ( 'NONE', #2510, #5072, #6460, .T. ) ;
#175 = EDGE_LOOP ( 'NONE', ( #1649, #6833, #5975, #781, #4873, #1696, #3287, #1589, #3025, #1584, #1757, #4504 ) ) ;
#176 = SURFACE_STYLE_FILL_AREA ( #3230 ) ;
#177 = FILL_AREA_STYLE_COLOUR ( '', #2170 ) ;
#178 = UNCERTAINTY_MEASURE_WITH_UNIT (LENGTH_MEASURE( 1.000000000000000100E-005 ), #4170, 'distance_accuracy_value', 'NONE');
#179 = CARTESIAN_POINT ( 'NONE',  ( -8.589999999999999900, 4.955000000000000100, 4.599999999999999600 ) ) ;
#180 = DIRECTION ( 'NONE',  ( 1.776356839400250100E-016, -1.000000000000000000, 0.0000000000000000000 ) ) ;
#181 = FACE_OUTER_BOUND ( 'NONE', #4175, .T. ) ;
#182 = VECTOR ( 'NONE', #3585, 1000.000000000000000 ) ;
#183 = FACE_OUTER_BOUND ( 'NONE', #3333, .T. ) ;
#184 = DIRECTION ( 'NONE',  ( 0.0000000000000000000, -1.000000000000000000, 0.0000000000000000000 ) ) ;
#185 = CARTESIAN_POINT ( 'NONE',  ( 5.850000000000000500, 9.000000000000001800, -4.264521207411895500E-057 ) ) ;
#186 = VERTEX_POINT ( 'NONE', #3413 ) ;
#187 = LINE ( 'NONE', #2233, #1514 ) ;
#188 = CIRCLE ( 'NONE', #4793, 0.2000000000000005100 ) ;
#189 = CARTESIAN_POINT ( 'NONE',  ( 5.850000000000000500, -4.955000000000000100, 4.599999999999999600 ) ) ;
#190 = DIRECTION ( 'NONE',  ( 0.0000000000000000000, 0.0000000000000000000, 1.000000000000000000 ) ) ;
#191 = STYLED_ITEM ( 'NONE', ( #4581 ), #3477 ) ;
#192 = DIRECTION ( 'NONE',  ( -1.000000000000000000, 1.174304530937220600E-056, -3.366640523681080300E-029 ) ) ;
#193 = CARTESIAN_POINT ( 'NONE',  ( 8.890000000000000600, 8.150000000000000400, 0.0000000000000000000 ) ) ;
#194 = PRESENTATION_STYLE_ASSIGNMENT (( #1404 ) ) ;
#195 = ORIENTED_EDGE ( 'NONE', *, *, #2458, .T. ) ;
#196 = VERTEX_POINT ( 'NONE', #3389 ) ;
#197 = LINE ( 'NONE', #2157, #4523 ) ;
#198 = AXIS2_PLACEMENT_3D ( 'NONE', #6758, #3378, #20 ) ;
#199 = ADVANCED_FACE ( 'NONE', ( #2289 ), #3366, .F. ) ;
#200 =( LENGTH_UNIT ( ) NAMED_UNIT ( * ) SI_UNIT ( .MILLI., .METRE. ) );
#201 = VECTOR ( 'NONE', #584, 1000.000000000000000 ) ;
#202 = DIRECTION ( 'NONE',  ( 1.000000000000000000, -0.0000000000000000000, -0.0000000000000000000 ) ) ;
#203 = EDGE_CURVE ( 'NONE', #2661, #37, #5956, .T. ) ;
#204 = EDGE_CURVE ( 'NONE', #5166, #1871, #115, .T. ) ;
#205 = CARTESIAN_POINT ( 'NONE',  ( 12.07499999999999900, -6.850000000000000500, 0.0000000000000000000 ) ) ;
#206 = LINE ( 'NONE', #5420, #3197 ) ;
#207 = EDGE_CURVE ( 'NONE', #4660, #6558, #4427, .T. ) ;
#208 = SURFACE_STYLE_USAGE ( .BOTH. , #3574 ) ;
#209 = AXIS2_PLACEMENT_3D ( 'NONE', #6751, #3369, #15 ) ;
#210 =( NAMED_UNIT ( * ) PLANE_ANGLE_UNIT ( ) SI_UNIT ( $, .RADIAN. ) );
#211 = DIRECTION ( 'NONE',  ( 1.213057269022220100E-060, -1.000000000000000000, 0.0000000000000000000 ) ) ;
#212 = ORIENTED_EDGE ( 'NONE', *, *, #3074, .T. ) ;
#213 = ORIENTED_EDGE ( 'NONE', *, *, #4514, .T. ) ;
#214 = ORIENTED_EDGE ( 'NONE', *, *, #966, .T. ) ;
#215 = SURFACE_STYLE_FILL_AREA ( #2861 ) ;
#216 = ORIENTED_EDGE ( 'NONE', *, *, #6026, .F. ) ;
#217 = EDGE_CURVE ( 'NONE', #3752, #6879, #3449, .T. ) ;
#218 = CARTESIAN_POINT ( 'NONE',  ( 9.440000000000001300, -5.349999999999999600, 0.0000000000000000000 ) ) ;
#219 = STYLED_ITEM ( 'NONE', ( #5688 ), #407 ) ;
#220 = SURFACE_SIDE_STYLE ('',( #762 ) ) ;
#221 = PRESENTATION_LAYER_ASSIGNMENT (  '', '', ( #7151 ) ) ;
#222 =( LENGTH_UNIT ( ) NAMED_UNIT ( * ) SI_UNIT ( .MILLI., .METRE. ) );
#223 = VERTEX_POINT ( 'NONE', #2623 ) ;
#224 = FILL_AREA_STYLE_COLOUR ( '', #910 ) ;
#225 = DIRECTION ( 'NONE',  ( -1.000000000000000000, 0.0000000000000000000, 0.0000000000000000000 ) ) ;
#226 = UNCERTAINTY_MEASURE_WITH_UNIT (LENGTH_MEASURE( 1.000000000000000100E-005 ), #2217, 'distance_accuracy_value', 'NONE');
#227 = ORIENTED_EDGE ( 'NONE', *, *, #4367, .T. ) ;
#228 = CARTESIAN_POINT ( 'NONE',  ( 6.650000000000000400, -5.205000000000000100, 4.599999999999999600 ) ) ;
#229 = ORIENTED_EDGE ( 'NONE', *, *, #1453, .T. ) ;
#230 =( NAMED_UNIT ( * ) SI_UNIT ( $, .STERADIAN. ) SOLID_ANGLE_UNIT ( ) );
#231 = ORIENTED_EDGE ( 'NONE', *, *, #2604, .F. ) ;
#232 = DIRECTION ( 'NONE',  ( -0.0000000000000000000, -0.0000000000000000000, -1.000000000000000000 ) ) ;
#233 = ORIENTED_EDGE ( 'NONE', *, *, #3976, .T. ) ;
#234 = CARTESIAN_POINT ( 'NONE',  ( -11.30000000000000100, 6.250000000000000000, 2.799999999999999800 ) ) ;
#235 = VECTOR ( 'NONE', #6398, 1000.000000000000000 ) ;
#236 = FILL_AREA_STYLE ('',( #3618 ) ) ;
#237 = PRESENTATION_LAYER_ASSIGNMENT (  '', '', ( #7166 ) ) ;
#238 = LINE ( 'NONE', #482, #4558 ) ;
#239 = CARTESIAN_POINT ( 'NONE',  ( -11.87500000000000000, 6.650000000000000400, 0.2000000000000000100 ) ) ;
#240 = SURFACE_STYLE_FILL_AREA ( #4363 ) ;
#241 = CARTESIAN_POINT ( 'NONE',  ( -12.07500000000000100, -6.649999999998205300, 0.08284271247461888500 ) ) ;
#242 = SURFACE_STYLE_USAGE ( .BOTH. , #3600 ) ;
#243 = ADVANCED_FACE ( 'NONE', ( #4245 ), #2602, .F. ) ;
#244 = VECTOR ( 'NONE', #1260, 1000.000000000000000 ) ;
#245 = VERTEX_POINT ( 'NONE', #2865 ) ;
#246 = CARTESIAN_POINT ( 'NONE',  ( 5.850000000000000500, -7.416666666666668700, 0.4990711984999866600 ) ) ;
#247 = MECHANICAL_DESIGN_GEOMETRIC_PRESENTATION_REPRESENTATION (  '', ( #6805 ), #622 ) ;
#248 = FILL_AREA_STYLE ('',( #365 ) ) ;
#249 = CARTESIAN_POINT ( 'NONE',  ( 5.850000000000000500, -7.833333333333333000, 0.2009288015000137200 ) ) ;
#250 = DIRECTION ( 'NONE',  ( -1.213057269022220100E-060, 1.000000000000000000, 0.0000000000000000000 ) ) ;
#251 = EDGE_CURVE ( 'NONE', #3963, #5963, #3712, .T. ) ;
#252 =( NAMED_UNIT ( * ) SI_UNIT ( $, .STERADIAN. ) SOLID_ANGLE_UNIT ( ) );
#253 = LINE ( 'NONE', #6784, #3055 ) ;
#254 = EDGE_LOOP ( 'NONE', ( #439, #3426, #360, #4240 ) ) ;
#255 =( NAMED_UNIT ( * ) PLANE_ANGLE_UNIT ( ) SI_UNIT ( $, .RADIAN. ) );
#256 = CARTESIAN_POINT ( 'NONE',  ( -11.87500000000000000, -6.850000000000000500, 0.0000000000000000000 ) ) ;
#257 = PLANE ( 'NONE',  #2002 ) ;
#258 = STYLED_ITEM ( 'NONE', ( #1256 ), #5602 ) ;
#259 = AXIS2_PLACEMENT_3D ( 'NONE', #6818, #45, #3424 ) ;
#260 = FACE_OUTER_BOUND ( 'NONE', #2444, .T. ) ;
#261 = LINE ( 'NONE', #5794, #2879 ) ;
#262 = DIRECTION ( 'NONE',  ( 1.393726859448460000E-028, -1.000000000000000000, 2.275909662416548100E-056 ) ) ;
#263 = EDGE_CURVE ( 'NONE', #2968, #6720, #5238, .T. ) ;
#264 = MECHANICAL_DESIGN_GEOMETRIC_PRESENTATION_REPRESENTATION (  '', ( #6090 ), #645 ) ;
#265 = COLOUR_RGB ( '',0.7529411764705882200, 0.7529411764705882200, 0.7529411764705882200 ) ;
#266 = COLOUR_RGB ( '',0.7529411764705882200, 0.7529411764705882200, 0.7529411764705882200 ) ;
#267 = ORIENTED_EDGE ( 'NONE', *, *, #2199, .F. ) ;
#268 =( NAMED_UNIT ( * ) SI_UNIT ( $, .STERADIAN. ) SOLID_ANGLE_UNIT ( ) );
#269 = LINE ( 'NONE', #5401, #3071 ) ;
#270 = AXIS2_PLACEMENT_3D ( 'NONE', #7212, #3842, #480 ) ;
#271 = LINE ( 'NONE', #189, #1588 ) ;
#272 = DIRECTION ( 'NONE',  ( 0.0000000000000000000, 0.0000000000000000000, 1.000000000000000000 ) ) ;
#273 = CARTESIAN_POINT ( 'NONE',  ( 12.07500000000000100, -6.650000000000000400, 0.2000000000000000400 ) ) ;
#274 = FILL_AREA_STYLE ('',( #871 ) ) ;
#275 = ORIENTED_EDGE ( 'NONE', *, *, #2268, .T. ) ;
#276 = DIRECTION ( 'NONE',  ( -0.0000000000000000000, 1.000000000000000000, 0.0000000000000000000 ) ) ;
#277 = ORIENTED_EDGE ( 'NONE', *, *, #6187, .T. ) ;
#278 = VECTOR ( 'NONE', #5162, 1000.000000000000000 ) ;
#279 = VECTOR ( 'NONE', #4944, 1000.000000000000000 ) ;
#280 = UNCERTAINTY_MEASURE_WITH_UNIT (LENGTH_MEASURE( 1.000000000000000100E-005 ), #2766, 'distance_accuracy_value', 'NONE');
#281 = ADVANCED_FACE ( 'NONE', ( #5052 ), #1525, .T. ) ;
#282 = FILL_AREA_STYLE_COLOUR ( '', #266 ) ;
#283 =( LENGTH_UNIT ( ) NAMED_UNIT ( * ) SI_UNIT ( .MILLI., .METRE. ) );
#284 = DIRECTION ( 'NONE',  ( -2.047319486629579800E-065, -1.000000000000000000, 0.0000000000000000000 ) ) ;
#285 = PRESENTATION_LAYER_ASSIGNMENT (  '', '', ( #657 ) ) ;
#286 = VERTEX_POINT ( 'NONE', #1954 ) ;
#287 = DIRECTION ( 'NONE',  ( 1.000000000000000000, -2.047319486629579800E-065, 0.0000000000000000000 ) ) ;
#288 =( NAMED_UNIT ( * ) SI_UNIT ( $, .STERADIAN. ) SOLID_ANGLE_UNIT ( ) );
#289 = DIRECTION ( 'NONE',  ( -1.000000000000000000, -0.0000000000000000000, -0.0000000000000000000 ) ) ;
#290 = VERTEX_POINT ( 'NONE', #1924 ) ;
#291 = AXIS2_PLACEMENT_3D ( 'NONE', #6851, #3469, #109 ) ;
#292 = FACE_OUTER_BOUND ( 'NONE', #5191, .T. ) ;
#293 = DIRECTION ( 'NONE',  ( -1.000000000000000000, 0.0000000000000000000, 0.0000000000000000000 ) ) ;
#294 = CARTESIAN_POINT ( 'NONE',  ( 12.07500000000000100, -6.650000000000000400, 0.2000000000000005100 ) ) ;
#295 = PLANE ( 'NONE',  #4072 ) ;
#296 = EDGE_LOOP ( 'NONE', ( #902, #3439, #1218, #1554 ) ) ;
#297 = MECHANICAL_DESIGN_GEOMETRIC_PRESENTATION_REPRESENTATION (  '', ( #6475 ), #679 ) ;
#298 =( GEOMETRIC_REPRESENTATION_CONTEXT ( 3 ) GLOBAL_UNCERTAINTY_ASSIGNED_CONTEXT ( ( #6878 ) ) GLOBAL_UNIT_ASSIGNED_CONTEXT ( ( #1900, #5894, #2465 ) ) REPRESENTATION_CONTEXT ( 'NONE', 'WORKASPACE' ) );
#299 = SURFACE_STYLE_USAGE ( .BOTH. , #323 ) ;
#300 = ORIENTED_EDGE ( 'NONE', *, *, #1386, .T. ) ;
#301 = VERTEX_POINT ( 'NONE', #1859 ) ;
#302 = ORIENTED_EDGE ( 'NONE', *, *, #6949, .T. ) ;
#303 = EDGE_CURVE ( 'NONE', #2523, #6347, #6035, .T. ) ;
#304 = CARTESIAN_POINT ( 'NONE',  ( -1.475000000000000100, -2.549999999999999800, 2.799999999999999800 ) ) ;
#305 =( GEOMETRIC_REPRESENTATION_CONTEXT ( 3 ) GLOBAL_UNCERTAINTY_ASSIGNED_CONTEXT ( ( #4917 ) ) GLOBAL_UNIT_ASSIGNED_CONTEXT ( ( #377, #361, #352 ) ) REPRESENTATION_CONTEXT ( 'NONE', 'WORKASPACE' ) );
#306 = DIRECTION ( 'NONE',  ( 1.000000000000000000, 0.0000000000000000000, 0.0000000000000000000 ) ) ;
#307 = FACE_OUTER_BOUND ( 'NONE', #6755, .T. ) ;
#308 = COLOUR_RGB ( '',0.7529411764705882200, 0.7529411764705882200, 0.7529411764705882200 ) ;
#309 =( NAMED_UNIT ( * ) SI_UNIT ( $, .STERADIAN. ) SOLID_ANGLE_UNIT ( ) );
#310 = AXIS2_PLACEMENT_3D ( 'NONE', #2276, #6266, #2855 ) ;
#311 = ORIENTED_EDGE ( 'NONE', *, *, #3894, .T. ) ;
#312 = EDGE_CURVE ( 'NONE', #4090, #5340, #197, .T. ) ;
#313 = COLOUR_RGB ( '',0.7529411764705882200, 0.7529411764705882200, 0.7529411764705882200 ) ;
#314 = MECHANICAL_DESIGN_GEOMETRIC_PRESENTATION_REPRESENTATION (  '', ( #6146 ), #694 ) ;
#315 = LINE ( 'NONE', #2285, #3124 ) ;
#316 = ORIENTED_EDGE ( 'NONE', *, *, #2882, .F. ) ;
#317 = CARTESIAN_POINT ( 'NONE',  ( 6.850000000000000500, 7.099999999999999600, 0.3499999999999999800 ) ) ;
#318 = ORIENTED_EDGE ( 'NONE', *, *, #6028, .T. ) ;
#319 = VECTOR ( 'NONE', #325, 1000.000000000000000 ) ;
#320 = CARTESIAN_POINT ( 'NONE',  ( 0.0000000000000000000, 0.0000000000000000000, 0.4999999999999980600 ) ) ;
#321 = SURFACE_STYLE_FILL_AREA ( #2133 ) ;
#322 = CARTESIAN_POINT ( 'NONE',  ( -11.87500000000000000, -6.850000000000000500, 0.0000000000000000000 ) ) ;
#323 = SURFACE_SIDE_STYLE ('',( #1240 ) ) ;
#324 = CARTESIAN_POINT ( 'NONE',  ( -9.390000000000000600, 7.875740647047340600, -0.2500000000000000600 ) ) ;
#325 = DIRECTION ( 'NONE',  ( -2.640288016400939700E-029, -1.000000000000000000, -1.201675860940661900E-057 ) ) ;
#326 = PRESENTATION_LAYER_ASSIGNMENT (  '', '', ( #7258 ) ) ;
#327 = UNCERTAINTY_MEASURE_WITH_UNIT (LENGTH_MEASURE( 1.000000000000000100E-005 ), #2124, 'distance_accuracy_value', 'NONE');
#328 = FILL_AREA_STYLE ('',( #883 ) ) ;
#329 = PLANE ( 'NONE',  #793 ) ;
#330 = LINE ( 'NONE', #113, #1816 ) ;
#331 = DIRECTION ( 'NONE',  ( 2.047319486629579800E-065, -1.000000000000000000, 0.0000000000000000000 ) ) ;
#332 = ORIENTED_EDGE ( 'NONE', *, *, #2302, .T. ) ;
#333 = DIRECTION ( 'NONE',  ( -1.000000000000000000, -0.0000000000000000000, 0.0000000000000000000 ) ) ;
#334 = SURFACE_SIDE_STYLE ('',( #5332 ) ) ;
#335 = MECHANICAL_DESIGN_GEOMETRIC_PRESENTATION_REPRESENTATION (  '', ( #6514 ), #721 ) ;
#336 =( NAMED_UNIT ( * ) PLANE_ANGLE_UNIT ( ) SI_UNIT ( $, .RADIAN. ) );
#337 = VERTEX_POINT ( 'NONE', #1672 ) ;
#338 =( NAMED_UNIT ( * ) PLANE_ANGLE_UNIT ( ) SI_UNIT ( $, .RADIAN. ) );
#339 = ORIENTED_EDGE ( 'NONE', *, *, #1497, .F. ) ;
#340 = SURFACE_STYLE_USAGE ( .BOTH. , #3703 ) ;
#341 = DIRECTION ( 'NONE',  ( 0.0000000000000000000, 1.000000000000000000, 0.0000000000000000000 ) ) ;
#342 = UNCERTAINTY_MEASURE_WITH_UNIT (LENGTH_MEASURE( 1.000000000000000100E-005 ), #2835, 'distance_accuracy_value', 'NONE');
#343 = ORIENTED_EDGE ( 'NONE', *, *, #4752, .F. ) ;
#344 = EDGE_CURVE ( 'NONE', #401, #1029, #5873, .T. ) ;
#345 = FILL_AREA_STYLE ('',( #372 ) ) ;
#346 = EDGE_CURVE ( 'NONE', #6109, #3148, #25, .T. ) ;
#347 = STYLED_ITEM ( 'NONE', ( #526 ), #1136 ) ;
#348 = FILL_AREA_STYLE ('',( #2543 ) ) ;
#349 = EDGE_LOOP ( 'NONE', ( #4001, #1097, #300, #4474 ) ) ;
#350 = AXIS2_PLACEMENT_3D ( 'NONE', #2096, #6093, #2670 ) ;
#351 = LINE ( 'NONE', #3766, #3160 ) ;
#352 =( NAMED_UNIT ( * ) SI_UNIT ( $, .STERADIAN. ) SOLID_ANGLE_UNIT ( ) );
#353 = DIRECTION ( 'NONE',  ( -0.0000000000000000000, 1.000000000000000000, 0.0000000000000000000 ) ) ;
#354 = UNCERTAINTY_MEASURE_WITH_UNIT (LENGTH_MEASURE( 1.000000000000000100E-005 ), #3492, 'distance_accuracy_value', 'NONE');
#355 = DIRECTION ( 'NONE',  ( 0.0000000000000000000, -0.0000000000000000000, -1.000000000000000000 ) ) ;
#356 = EDGE_CURVE ( 'NONE', #6825, #2042, #4334, .T. ) ;
#357 = PRESENTATION_LAYER_ASSIGNMENT (  '', '', ( #747 ) ) ;
#358 =( GEOMETRIC_REPRESENTATION_CONTEXT ( 3 ) GLOBAL_UNCERTAINTY_ASSIGNED_CONTEXT ( ( #1391 ) ) GLOBAL_UNIT_ASSIGNED_CONTEXT ( ( #5284, #5311, #1313 ) ) REPRESENTATION_CONTEXT ( 'NONE', 'WORKASPACE' ) );
#359 =( NAMED_UNIT ( * ) PLANE_ANGLE_UNIT ( ) SI_UNIT ( $, .RADIAN. ) );
#360 = ORIENTED_EDGE ( 'NONE', *, *, #34, .F. ) ;
#361 =( NAMED_UNIT ( * ) PLANE_ANGLE_UNIT ( ) SI_UNIT ( $, .RADIAN. ) );
#362 = FACE_OUTER_BOUND ( 'NONE', #6498, .T. ) ;
#363 = DIRECTION ( 'NONE',  ( 1.000000000000000000, -2.047319486629579800E-065, 0.0000000000000000000 ) ) ;
#364 = LINE ( 'NONE', #3943, #1676 ) ;
#365 = FILL_AREA_STYLE_COLOUR ( '', #3566 ) ;
#366 =( NAMED_UNIT ( * ) SI_UNIT ( $, .STERADIAN. ) SOLID_ANGLE_UNIT ( ) );
#367 = PLANE ( 'NONE',  #1099 ) ;
#368 = CARTESIAN_POINT ( 'NONE',  ( 9.189999999999999500, 4.955000000000000100, 2.799999999999999800 ) ) ;
#369 = COLOUR_RGB ( '',0.7529411764705882200, 0.7529411764705882200, 0.7529411764705882200 ) ;
#370 = SURFACE_STYLE_USAGE ( .BOTH. , #3729 ) ;
#371 = SURFACE_STYLE_FILL_AREA ( #1314 ) ;
#372 = FILL_AREA_STYLE_COLOUR ( '', #4216 ) ;
#373 = STYLED_ITEM ( 'NONE', ( #6168 ), #2916 ) ;
#374 = LINE ( 'NONE', #3061, #1857 ) ;
#375 = DIRECTION ( 'NONE',  ( -1.000000000000000000, 0.0000000000000000000, 0.0000000000000000000 ) ) ;
#376 = EDGE_LOOP ( 'NONE', ( #1277, #2648, #861, #6089 ) ) ;
#377 =( LENGTH_UNIT ( ) NAMED_UNIT ( * ) SI_UNIT ( .MILLI., .METRE. ) );
#378 = SURFACE_SIDE_STYLE ('',( #6577 ) ) ;
#379 = CARTESIAN_POINT ( 'NONE',  ( -8.589999999999999900, 5.205000000000000100, 2.799999999999999800 ) ) ;
#380 = SURFACE_STYLE_FILL_AREA ( #2218 ) ;
#381 = SURFACE_STYLE_FILL_AREA ( #4204 ) ;
#382 = MECHANICAL_DESIGN_GEOMETRIC_PRESENTATION_REPRESENTATION (  '', ( #6946 ), #768 ) ;
#383 = DIRECTION ( 'NONE',  ( 1.000000000000000000, 0.0000000000000000000, 0.0000000000000000000 ) ) ;
#384 = SURFACE_STYLE_USAGE ( .BOTH. , #404 ) ;
#385 = CARTESIAN_POINT ( 'NONE',  ( -8.890000000000000600, 4.955000000000000100, 4.599999999999999600 ) ) ;
#386 = PRESENTATION_STYLE_ASSIGNMENT (( #2854 ) ) ;
#387 = EDGE_CURVE ( 'NONE', #6944, #3104, #1351, .T. ) ;
#388 = DIRECTION ( 'NONE',  ( 1.000000000000000000, 0.0000000000000000000, 0.0000000000000000000 ) ) ;
#389 = DIRECTION ( 'NONE',  ( 0.0000000000000000000, -1.000000000000000000, 0.0000000000000000000 ) ) ;
#390 = ORIENTED_EDGE ( 'NONE', *, *, #1705, .F. ) ;
#391 = ORIENTED_EDGE ( 'NONE', *, *, #6075, .F. ) ;
#392 = VECTOR ( 'NONE', #1163, 1000.000000000000000 ) ;
#393 = VERTEX_POINT ( 'NONE', #1410 ) ;
#394 = COLOUR_RGB ( '',0.7529411764705882200, 0.7529411764705882200, 0.7529411764705882200 ) ;
#395 = UNCERTAINTY_MEASURE_WITH_UNIT (LENGTH_MEASURE( 1.000000000000000100E-005 ), #4142, 'distance_accuracy_value', 'NONE');
#396 = AXIS2_PLACEMENT_3D ( 'NONE', #1827, #5822, #2382 ) ;
#397 = AXIS2_PLACEMENT_3D ( 'NONE', #512, #4444, #1087 ) ;
#398 = ORIENTED_EDGE ( 'NONE', *, *, #4884, .F. ) ;
#399 = CARTESIAN_POINT ( 'NONE',  ( 0.0000000000000000000, 0.0000000000000000000, 0.0000000000000000000 ) ) ;
#400 = COLOUR_RGB ( '',0.7529411764705882200, 0.7529411764705882200, 0.7529411764705882200 ) ;
#401 = VERTEX_POINT ( 'NONE', #1692 ) ;
#402 = ORIENTED_EDGE ( 'NONE', *, *, #1837, .T. ) ;
#403 = EDGE_CURVE ( 'NONE', #2930, #1568, #6987, .T. ) ;
#404 = SURFACE_SIDE_STYLE ('',( #770 ) ) ;
#405 = EDGE_LOOP ( 'NONE', ( #1956, #5531, #7086, #5471 ) ) ;
#406 =( GEOMETRIC_REPRESENTATION_CONTEXT ( 3 ) GLOBAL_UNCERTAINTY_ASSIGNED_CONTEXT ( ( #5150 ) ) GLOBAL_UNIT_ASSIGNED_CONTEXT ( ( #7120, #7092, #7067 ) ) REPRESENTATION_CONTEXT ( 'NONE', 'WORKASPACE' ) );
#407 = ADVANCED_FACE ( 'NONE', ( #4159 ), #1937, .F. ) ;
#408 = FILL_AREA_STYLE_COLOUR ( '', #4488 ) ;
#409 = VECTOR ( 'NONE', #7006, 1000.000000000000000 ) ;
#410 = AXIS2_PLACEMENT_3D ( 'NONE', #2603, #6560, #3179 ) ;
#411 = FILL_AREA_STYLE ('',( #532 ) ) ;
#412 = EDGE_CURVE ( 'NONE', #7182, #6065, #639, .T. ) ;
#413 = CARTESIAN_POINT ( 'NONE',  ( 8.390000000000000600, 7.607142857142859400, 0.09444937400002442800 ) ) ;
#414 = AXIS2_PLACEMENT_3D ( 'NONE', #659, #630, #608 ) ;
#415 = LINE ( 'NONE', #5199, #4563 ) ;
#416 = CARTESIAN_POINT ( 'NONE',  ( 6.349999999999999600, -8.150000000000000400, 0.3499999999999999800 ) ) ;
#417 = PLANE ( 'NONE',  #3721 ) ;
#418 = PLANE ( 'NONE',  #5463 ) ;
#419 =( GEOMETRIC_REPRESENTATION_CONTEXT ( 3 ) GLOBAL_UNCERTAINTY_ASSIGNED_CONTEXT ( ( #6847 ) ) GLOBAL_UNIT_ASSIGNED_CONTEXT ( ( #2343, #6338, #2927 ) ) REPRESENTATION_CONTEXT ( 'NONE', 'WORKASPACE' ) );
#420 = ORIENTED_EDGE ( 'NONE', *, *, #3032, .F. ) ;
#421 = PRESENTATION_LAYER_ASSIGNMENT (  '', '', ( #6990 ) ) ;
#422 = ORIENTED_EDGE ( 'NONE', *, *, #1078, .T. ) ;
#423 = DIRECTION ( 'NONE',  ( 0.0000000000000000000, 0.0000000000000000000, 1.000000000000000000 ) ) ;
#424 = PLANE ( 'NONE',  #78 ) ;
#425 = VERTEX_POINT ( 'NONE', #1300 ) ;
#426 = SURFACE_SIDE_STYLE ('',( #176 ) ) ;
#427 = COLOUR_RGB ( '',0.7529411764705882200, 0.7529411764705882200, 0.7529411764705882200 ) ;
#428 = SURFACE_STYLE_USAGE ( .BOTH. , #3797 ) ;
#429 = LINE ( 'NONE', #1036, #1745 ) ;
#430 = PLANE ( 'NONE',  #1444 ) ;
#431 = SURFACE_STYLE_FILL_AREA ( #4385 ) ;
#432 = UNCERTAINTY_MEASURE_WITH_UNIT (LENGTH_MEASURE( 1.000000000000000100E-005 ), #3201, 'distance_accuracy_value', 'NONE');
#433 = PRESENTATION_LAYER_ASSIGNMENT (  '', '', ( #60 ) ) ;
#434 = CARTESIAN_POINT ( 'NONE',  ( 11.87500000000000000, -6.650000000000000400, 0.0000000000000000000 ) ) ;
#435 = CARTESIAN_POINT ( 'NONE',  ( 8.890000000000000600, -7.099999999999999600, 0.9499999999999999600 ) ) ;
#436 = FACE_OUTER_BOUND ( 'NONE', #1985, .T. ) ;
#437 = ADVANCED_FACE ( 'NONE', ( #3440 ), #1413, .T. ) ;
#438 = EDGE_CURVE ( 'NONE', #2661, #3476, #2888, .T. ) ;
#439 = ORIENTED_EDGE ( 'NONE', *, *, #4989, .T. ) ;
#440 = SURFACE_STYLE_USAGE ( .BOTH. , #3809 ) ;
#441 = EDGE_CURVE ( 'NONE', #7238, #1871, #7211, .T. ) ;
#442 = ORIENTED_EDGE ( 'NONE', *, *, #3894, .F. ) ;
#443 = PRESENTATION_LAYER_ASSIGNMENT (  '', '', ( #69 ) ) ;
#444 = UNCERTAINTY_MEASURE_WITH_UNIT (LENGTH_MEASURE( 1.000000000000000100E-005 ), #47, 'distance_accuracy_value', 'NONE');
#445 = CARTESIAN_POINT ( 'NONE',  ( 8.589999999999999900, -4.955000000000000100, 2.799999999999999800 ) ) ;
#446 = PLANE ( 'NONE',  #6428 ) ;
#447 = ORIENTED_EDGE ( 'NONE', *, *, #4741, .T. ) ;
#448 = FACE_OUTER_BOUND ( 'NONE', #7089, .T. ) ;
#449 = AXIS2_PLACEMENT_3D ( 'NONE', #3881, #510, #4442 ) ;
#450 = PRESENTATION_STYLE_ASSIGNMENT (( #6920 ) ) ;
#451 = CARTESIAN_POINT ( 'NONE',  ( -8.589999999999999900, 5.205000000000000100, 2.799999999999999800 ) ) ;
#452 = DIRECTION ( 'NONE',  ( 0.0000000000000000000, 0.4259177099999607600, -0.9047619047619044300 ) ) ;
#453 = LINE ( 'NONE', #368, #3263 ) ;
#454 = EDGE_CURVE ( 'NONE', #475, #4546, #4395, .T. ) ;
#455 = STYLED_ITEM ( 'NONE', ( #2161 ), #515 ) ;
#456 = FACE_OUTER_BOUND ( 'NONE', #254, .T. ) ;
#457 = CYLINDRICAL_SURFACE ( 'NONE', #5416, 0.3499999999999999800 ) ;
#458 = DIRECTION ( 'NONE',  ( -1.000000000000000000, -0.0000000000000000000, 0.0000000000000000000 ) ) ;
#459 = CARTESIAN_POINT ( 'NONE',  ( 9.189999999999999500, -5.205000000000000100, 4.599999999999999600 ) ) ;
#460 = CARTESIAN_POINT ( 'NONE',  ( -8.890000000000000600, -7.607142857142859400, 0.09444937400002434400 ) ) ;
#461 = ORIENTED_EDGE ( 'NONE', *, *, #4656, .T. ) ;
#462 =( NAMED_UNIT ( * ) PLANE_ANGLE_UNIT ( ) SI_UNIT ( $, .RADIAN. ) );
#463 = FACE_OUTER_BOUND ( 'NONE', #3920, .T. ) ;
#464 = SURFACE_STYLE_USAGE ( .BOTH. , #3825 ) ;
#465 = CARTESIAN_POINT ( 'NONE',  ( 8.390000000000000600, -8.150000000000000400, 0.3499999999999999800 ) ) ;
#466 = PRESENTATION_STYLE_ASSIGNMENT (( #7010 ) ) ;
#467 = ORIENTED_EDGE ( 'NONE', *, *, #2556, .T. ) ;
#468 = DIRECTION ( 'NONE',  ( -2.640288016400939700E-029, -1.000000000000000000, -1.201675860940661900E-057 ) ) ;
#469 = COLOUR_RGB ( '',0.7529411764705882200, 0.7529411764705882200, 0.7529411764705882200 ) ;
#470 = AXIS2_PLACEMENT_3D ( 'NONE', #1341, #5288, #1883 ) ;
#471 =( LENGTH_UNIT ( ) NAMED_UNIT ( * ) SI_UNIT ( .MILLI., .METRE. ) );
#472 = DIRECTION ( 'NONE',  ( 1.000000000000000000, 1.213057269022220100E-060, 0.0000000000000000000 ) ) ;
#473 = EDGE_LOOP ( 'NONE', ( #2022, #6224, #2114, #6081 ) ) ;
#474 = PRESENTATION_STYLE_ASSIGNMENT (( #1292 ) ) ;
#475 = VERTEX_POINT ( 'NONE', #379 ) ;
#476 = ORIENTED_EDGE ( 'NONE', *, *, #4616, .T. ) ;
#477 = DIRECTION ( 'NONE',  ( 0.0000000000000000000, 0.0000000000000000000, 1.000000000000000000 ) ) ;
#478 = EDGE_LOOP ( 'NONE', ( #3017, #514, #2578, #4902 ) ) ;
#479 = ADVANCED_FACE ( 'NONE', ( #5928 ), #424, .T. ) ;
#480 = DIRECTION ( 'NONE',  ( -1.000000000000000000, -2.047319486629579800E-065, 0.0000000000000000000 ) ) ;
#481 = MECHANICAL_DESIGN_GEOMETRIC_PRESENTATION_REPRESENTATION (  '', ( #6654 ), #869 ) ;
#482 = CARTESIAN_POINT ( 'NONE',  ( 12.07500000000000100, 3.425000000000000300, 0.2000000000000000100 ) ) ;
#483 = PLANE ( 'NONE',  #2693 ) ;
#484 = VECTOR ( 'NONE', #1621, 1000.000000000000000 ) ;
#485 = EDGE_CURVE ( 'NONE', #1029, #196, #706, .T. ) ;
#486 = DIRECTION ( 'NONE',  ( 0.0000000000000000000, 0.0000000000000000000, 1.000000000000000000 ) ) ;
#487 = VERTEX_POINT ( 'NONE', #32 ) ;
#488 = VERTEX_POINT ( 'NONE', #106 ) ;
#489 =( GEOMETRIC_REPRESENTATION_CONTEXT ( 3 ) GLOBAL_UNCERTAINTY_ASSIGNED_CONTEXT ( ( #4829 ) ) GLOBAL_UNIT_ASSIGNED_CONTEXT ( ( #50, #40, #17 ) ) REPRESENTATION_CONTEXT ( 'NONE', 'WORKASPACE' ) );
#490 = AXIS2_PLACEMENT_3D ( 'NONE', #6048, #2631, #6592 ) ;
#491 = AXIS2_PLACEMENT_3D ( 'NONE', #163, #2954, #190 ) ;
#492 =( LENGTH_UNIT ( ) NAMED_UNIT ( * ) SI_UNIT ( .MILLI., .METRE. ) );
#493 = ORIENTED_EDGE ( 'NONE', *, *, #2826, .T. ) ;
#494 = VERTEX_POINT ( 'NONE', #81 ) ;
#495 = UNCERTAINTY_MEASURE_WITH_UNIT (LENGTH_MEASURE( 1.000000000000000100E-005 ), #6328, 'distance_accuracy_value', 'NONE');
#496 = DIRECTION ( 'NONE',  ( 0.0000000000000000000, 4.956352788505163500E-015, 1.000000000000000000 ) ) ;
#497 = DIRECTION ( 'NONE',  ( -0.0000000000000000000, -0.0000000000000000000, -1.000000000000000000 ) ) ;
#498 = CARTESIAN_POINT ( 'NONE',  ( 9.390000000000000600, -7.099999999999999600, 0.3499999999999999800 ) ) ;
#499 = EDGE_CURVE ( 'NONE', #6053, #1751, #6511, .T. ) ;
#500 =( GEOMETRIC_REPRESENTATION_CONTEXT ( 3 ) GLOBAL_UNCERTAINTY_ASSIGNED_CONTEXT ( ( #4055 ) ) GLOBAL_UNIT_ASSIGNED_CONTEXT ( ( #5060, #5035, #5004 ) ) REPRESENTATION_CONTEXT ( 'NONE', 'WORKASPACE' ) );
#501 =( GEOMETRIC_REPRESENTATION_CONTEXT ( 3 ) GLOBAL_UNCERTAINTY_ASSIGNED_CONTEXT ( ( #1908 ) ) GLOBAL_UNIT_ASSIGNED_CONTEXT ( ( #990, #935, #914 ) ) REPRESENTATION_CONTEXT ( 'NONE', 'WORKASPACE' ) );
#502 = CARTESIAN_POINT ( 'NONE',  ( -8.390000000000000600, -9.000000000000001800, -2.251658876466633600E-058 ) ) ;
#503 = DIRECTION ( 'NONE',  ( -0.0000000000000000000, -1.000000000000000000, -0.0000000000000000000 ) ) ;
#504 = LINE ( 'NONE', #2610, #3486 ) ;
#505 =( BOUNDED_SURFACE ( )  B_SPLINE_SURFACE ( 3, 3, ( 
 ( #273, #7038, #3658, #294 ),
 ( #4224, #870, #4807, #1429 ),
 ( #5382, #1970, #5958, #2532 ),
 ( #6494, #3112, #7069, #3669 ) ),
 .UNSPECIFIED., .F., .F., .F. ) 
 B_SPLINE_SURFACE_WITH_KNOTS ( ( 4, 4 ),
 ( 4, 4 ),
 ( 0.0000000000000000000, 1.000000000000000000 ),
 ( 0.0000000000000000000, 1.000000000000000000 ),
 .UNSPECIFIED. ) 
 GEOMETRIC_REPRESENTATION_ITEM ( )  RATIONAL_B_SPLINE_SURFACE ( (
 ( 1.000000000000000000, 0.8047378541244780700, 0.8047378541244780700, 1.000000000000000000),
 ( 0.8047378541243649400, 0.6476030138607786800, 0.6476030138607786800, 0.8047378541243649400),
 ( 0.8047378541243649400, 0.6476030138607786800, 0.6476030138607786800, 0.8047378541243649400),
 ( 1.000000000000000000, 0.8047378541244780700, 0.8047378541244780700, 1.000000000000000000) ) ) 
 REPRESENTATION_ITEM ( '' )  SURFACE ( )  );
#506 = DIRECTION ( 'NONE',  ( -1.632966780389950100E-028, 0.0000000000000000000, 1.000000000000000000 ) ) ;
#507 = DIRECTION ( 'NONE',  ( -3.366640523681080300E-029, 3.488060345846600000E-028, 1.000000000000000000 ) ) ;
#508 = FILL_AREA_STYLE ('',( #141 ) ) ;
#509 = PRODUCT_DEFINITION_SHAPE ( 'NONE', 'NONE',  #7304 ) ;
#510 = DIRECTION ( 'NONE',  ( 2.047319486629579800E-065, 1.000000000000000000, -0.0000000000000000000 ) ) ;
#511 = CARTESIAN_POINT ( 'NONE',  ( 12.07500000000000100, 6.650000000000001200, 0.2000000000000004800 ) ) ;
#512 = CARTESIAN_POINT ( 'NONE',  ( 11.50000000000000000, 6.250000000000000000, 1.600000000000000100 ) ) ;
#513 =( GEOMETRIC_REPRESENTATION_CONTEXT ( 3 ) GLOBAL_UNCERTAINTY_ASSIGNED_CONTEXT ( ( #3659 ) ) GLOBAL_UNIT_ASSIGNED_CONTEXT ( ( #948, #4889, #1518 ) ) REPRESENTATION_CONTEXT ( 'NONE', 'WORKASPACE' ) );
#514 = ORIENTED_EDGE ( 'NONE', *, *, #3789, .F. ) ;
#515 = ADVANCED_FACE ( 'NONE', ( #3682 ), #483, .T. ) ;
#516 = CARTESIAN_POINT ( 'NONE',  ( 9.440000000000001300, -5.349999999999999600, 0.1000000000000000100 ) ) ;
#517 = PRESENTATION_STYLE_ASSIGNMENT (( #7002 ) ) ;
#518 = VERTEX_POINT ( 'NONE', #7 ) ;
#519 = DIRECTION ( 'NONE',  ( 1.000000000000000000, -0.0000000000000000000, -0.0000000000000000000 ) ) ;
#520 = PRESENTATION_STYLE_ASSIGNMENT (( #4506 ) ) ;
#521 = CARTESIAN_POINT ( 'NONE',  ( 11.50000000000000000, 6.049999999999999800, 1.600000000000000100 ) ) ;
#522 = ORIENTED_EDGE ( 'NONE', *, *, #2630, .F. ) ;
#523 = MECHANICAL_DESIGN_GEOMETRIC_PRESENTATION_REPRESENTATION (  '', ( #7085 ), #908 ) ;
#524 = PLANE ( 'NONE',  #4530 ) ;
#525 = CARTESIAN_POINT ( 'NONE',  ( -11.87500000000000000, 6.650000000000000400, 0.2000000000000000100 ) ) ;
#526 = PRESENTATION_STYLE_ASSIGNMENT (( #1233 ) ) ;
#527 = SURFACE_STYLE_USAGE ( .BOTH. , #3899 ) ;
#528 = VERTEX_POINT ( 'NONE', #6822 ) ;
#529 = EDGE_CURVE ( 'NONE', #7121, #6944, #6008, .T. ) ;
#530 = SHAPE_REPRESENTATION ( 'cover', ( #2977 ), #4887 ) ;
#531 = FILL_AREA_STYLE ('',( #3900 ) ) ;
#532 = FILL_AREA_STYLE_COLOUR ( '', #3931 ) ;
#533 = DIRECTION ( 'NONE',  ( -1.000000000000000000, 0.0000000000000000000, 0.0000000000000000000 ) ) ;
#534 = AXIS2_PLACEMENT_3D ( 'NONE', #2633, #6597, #3217 ) ;
#535 = COLOUR_RGB ( '',0.7529411764705882200, 0.7529411764705882200, 0.7529411764705882200 ) ;
#536 =( NAMED_UNIT ( * ) PLANE_ANGLE_UNIT ( ) SI_UNIT ( $, .RADIAN. ) );
#537 = VECTOR ( 'NONE', #5974, 1000.000000000000000 ) ;
#538 = CARTESIAN_POINT ( 'NONE',  ( 11.87499999999999800, 6.850000000000000500, 0.08284271247319559300 ) ) ;
#539 = ADVANCED_FACE ( 'NONE', ( #4486 ), #3770, .T. ) ;
#540 =( LENGTH_UNIT ( ) NAMED_UNIT ( * ) SI_UNIT ( .MILLI., .METRE. ) );
#541 = EDGE_LOOP ( 'NONE', ( #6850, #4610, #6528, #1060 ) ) ;
#542 = CYLINDRICAL_SURFACE ( 'NONE', #3169, 0.5000000000000004400 ) ;
#543 = DIRECTION ( 'NONE',  ( 0.0000000000000000000, 0.0000000000000000000, 1.000000000000000000 ) ) ;
#544 = FACE_OUTER_BOUND ( 'NONE', #2748, .T. ) ;
#545 = EDGE_CURVE ( 'NONE', #3640, #6307, #2435, .T. ) ;
#546 = ORIENTED_EDGE ( 'NONE', *, *, #4919, .F. ) ;
#547 = CARTESIAN_POINT ( 'NONE',  ( 5.850000000000000500, 8.150000000000000400, 0.3499999999999999800 ) ) ;
#548 = MECHANICAL_DESIGN_GEOMETRIC_PRESENTATION_REPRESENTATION (  '', ( #7108 ), #924 ) ;
#549 = FILL_AREA_STYLE ('',( #7281 ) ) ;
#550 = VECTOR ( 'NONE', #7042, 1000.000000000000000 ) ;
#551 = LINE ( 'NONE', #2362, #4869 ) ;
#552 =( NAMED_UNIT ( * ) PLANE_ANGLE_UNIT ( ) SI_UNIT ( $, .RADIAN. ) );
#553 = DIRECTION ( 'NONE',  ( -0.0000000000000000000, -0.0000000000000000000, -1.000000000000000000 ) ) ;
#554 = ORIENTED_EDGE ( 'NONE', *, *, #2829, .F. ) ;
#555 = EDGE_CURVE ( 'NONE', #5200, #3563, #971, .T. ) ;
#556 = STYLED_ITEM ( 'NONE', ( #386 ), #765 ) ;
#557 = FACE_OUTER_BOUND ( 'NONE', #1015, .T. ) ;
#558 = UNCERTAINTY_MEASURE_WITH_UNIT (LENGTH_MEASURE( 1.000000000000000100E-005 ), #2728, 'distance_accuracy_value', 'NONE');
#559 = SURFACE_SIDE_STYLE ('',( #5020 ) ) ;
#560 = CARTESIAN_POINT ( 'NONE',  ( -9.390000000000000600, -9.000000000000001800, -4.264521207411895500E-057 ) ) ;
#561 = MECHANICAL_DESIGN_GEOMETRIC_PRESENTATION_REPRESENTATION (  '', ( #7020 ), #940 ) ;
#562 = FILL_AREA_STYLE_COLOUR ( '', #2011 ) ;
#563 = CARTESIAN_POINT ( 'NONE',  ( 5.850000000000000500, -6.849999999999999600, 0.9499999999999999600 ) ) ;
#564 = CARTESIAN_POINT ( 'NONE',  ( 8.439999999999999500, -5.349999999999999600, 0.1000000000000000100 ) ) ;
#565 = SURFACE_STYLE_FILL_AREA ( #2870 ) ;
#566 = SURFACE_SIDE_STYLE ('',( #6349 ) ) ;
#567 = PRESENTATION_LAYER_ASSIGNMENT (  '', '', ( #191 ) ) ;
#568 = CARTESIAN_POINT ( 'NONE',  ( -9.189999999999999500, -5.080000000000000100, 4.599999999999999600 ) ) ;
#569 = ORIENTED_EDGE ( 'NONE', *, *, #4896, .F. ) ;
#570 = CARTESIAN_POINT ( 'NONE',  ( 6.349999999999999600, -8.150000000000000400, 0.0000000000000000000 ) ) ;
#571 = DIRECTION ( 'NONE',  ( 4.551305969182499400E-029, 0.0000000000000000000, -1.000000000000000000 ) ) ;
#572 = ORIENTED_EDGE ( 'NONE', *, *, #3742, .T. ) ;
#573 = CIRCLE ( 'NONE', #3249, 0.2000000000000005100 ) ;
#574 = ORIENTED_EDGE ( 'NONE', *, *, #5125, .F. ) ;
#575 = CIRCLE ( 'NONE', #6415, 0.5000000000000004400 ) ;
#576 = ADVANCED_FACE ( 'NONE', ( #6602 ), #3063, .T. ) ;
#577 = CARTESIAN_POINT ( 'NONE',  ( 0.0000000000000000000, 6.250000000000000000, 2.799999999999999800 ) ) ;
#578 = ORIENTED_EDGE ( 'NONE', *, *, #1297, .F. ) ;
#579 = SURFACE_SIDE_STYLE ('',( #2101 ) ) ;
#580 = ORIENTED_EDGE ( 'NONE', *, *, #6400, .F. ) ;
#581 = VERTEX_POINT ( 'NONE', #5750 ) ;
#582 = DIRECTION ( 'NONE',  ( -6.999027518125070200E-016, -1.398224500258520000E-015, -1.000000000000000000 ) ) ;
#583 = DIRECTION ( 'NONE',  ( -0.0000000000000000000, -0.0000000000000000000, -1.000000000000000000 ) ) ;
#584 = DIRECTION ( 'NONE',  ( -1.000000000000000000, -0.0000000000000000000, -0.0000000000000000000 ) ) ;
#585 = EDGE_CURVE ( 'NONE', #2526, #6053, #6095, .T. ) ;
#586 = DIRECTION ( 'NONE',  ( 1.000000000000000000, -0.0000000000000000000, 0.0000000000000000000 ) ) ;
#587 = CARTESIAN_POINT ( 'NONE',  ( 12.07499999999999900, 6.850000000000000500, 7.599999999999999600 ) ) ;
#588 = EDGE_CURVE ( 'NONE', #4181, #1019, #1746, .T. ) ;
#589 = DIRECTION ( 'NONE',  ( 1.000000000000000000, 1.213057269022220100E-060, 0.0000000000000000000 ) ) ;
#590 = EDGE_CURVE ( 'NONE', #7053, #6050, #4582, .T. ) ;
#591 = STYLED_ITEM ( 'NONE', ( #1405 ), #1242 ) ;
#592 = AXIS2_PLACEMENT_3D ( 'NONE', #3948, #582, #4525 ) ;
#593 = DIRECTION ( 'NONE',  ( 0.0000000000000000000, -1.000000000000000000, 3.488060345846600000E-028 ) ) ;
#594 = DIRECTION ( 'NONE',  ( -1.000000000000000000, 0.0000000000000000000, 0.0000000000000000000 ) ) ;
#595 =( NAMED_UNIT ( * ) PLANE_ANGLE_UNIT ( ) SI_UNIT ( $, .RADIAN. ) );
#596 = DIRECTION ( 'NONE',  ( 1.000000000000000000, 0.0000000000000000000, 0.0000000000000000000 ) ) ;
#597 = EDGE_CURVE ( 'NONE', #5438, #7196, #261, .T. ) ;
#598 = AXIS2_PLACEMENT_3D ( 'NONE', #1480, #1467, #1461 ) ;
#599 = FACE_OUTER_BOUND ( 'NONE', #2366, .T. ) ;
#600 = ORIENTED_EDGE ( 'NONE', *, *, #441, .T. ) ;
#601 = MECHANICAL_DESIGN_GEOMETRIC_PRESENTATION_REPRESENTATION (  '', ( #7151 ), #984 ) ;
#602 = SURFACE_STYLE_USAGE ( .BOTH. , #3966 ) ;
#603 = CARTESIAN_POINT ( 'NONE',  ( -12.07499999999999900, 6.650000000000001200, 0.0000000000000000000 ) ) ;
#604 = ORIENTED_EDGE ( 'NONE', *, *, #6630, .T. ) ;
#605 = PRODUCT_CONTEXT ( 'NONE', #36, 'mechanical' ) ;
#606 = VECTOR ( 'NONE', #2280, 1000.000000000000000 ) ;
#607 = SURFACE_STYLE_USAGE ( .BOTH. , #3371 ) ;
#608 = DIRECTION ( 'NONE',  ( 0.0000000000000000000, 0.0000000000000000000, 1.000000000000000000 ) ) ;
#609 = ORIENTED_EDGE ( 'NONE', *, *, #799, .T. ) ;
#610 = CARTESIAN_POINT ( 'NONE',  ( 6.849999999999999600, 9.000000000000001800, -0.2500000000000000000 ) ) ;
#611 = SURFACE_SIDE_STYLE ('',( #2809 ) ) ;
#612 =( NAMED_UNIT ( * ) SI_UNIT ( $, .STERADIAN. ) SOLID_ANGLE_UNIT ( ) );
#613 = ADVANCED_FACE ( 'NONE', ( #1406 ), #5198, .T. ) ;
#614 = FILL_AREA_STYLE ('',( #1706 ) ) ;
#615 = MECHANICAL_DESIGN_GEOMETRIC_PRESENTATION_REPRESENTATION (  '', ( #7166 ), #995 ) ;
#616 = PRESENTATION_STYLE_ASSIGNMENT (( #3847 ) ) ;
#617 = FILL_AREA_STYLE_COLOUR ( '', #7130 ) ;
#618 =( NAMED_UNIT ( * ) PLANE_ANGLE_UNIT ( ) SI_UNIT ( $, .RADIAN. ) );
#619 = DIRECTION ( 'NONE',  ( -1.000000000000000000, 0.0000000000000000000, 0.0000000000000000000 ) ) ;
#620 = UNCERTAINTY_MEASURE_WITH_UNIT (LENGTH_MEASURE( 1.000000000000000100E-005 ), #2713, 'distance_accuracy_value', 'NONE');
#621 = ORIENTED_EDGE ( 'NONE', *, *, #3742, .F. ) ;
#622 =( GEOMETRIC_REPRESENTATION_CONTEXT ( 3 ) GLOBAL_UNCERTAINTY_ASSIGNED_CONTEXT ( ( #4414 ) ) GLOBAL_UNIT_ASSIGNED_CONTEXT ( ( #3313, #7261, #3890 ) ) REPRESENTATION_CONTEXT ( 'NONE', 'WORKASPACE' ) );
#623 = COLOUR_RGB ( '',0.7529411764705882200, 0.7529411764705882200, 0.7529411764705882200 ) ;
#624 = CARTESIAN_POINT ( 'NONE',  ( -8.390000000000000600, -8.150000000000000400, 0.3499999999999999800 ) ) ;
#625 = ORIENTED_EDGE ( 'NONE', *, *, #731, .T. ) ;
#626 = SURFACE_STYLE_FILL_AREA ( #3330 ) ;
#627 = EDGE_CURVE ( 'NONE', #196, #4070, #884, .T. ) ;
#628 =( REPRESENTATION_RELATIONSHIP ('NONE','NONE', #4857, #530 ) REPRESENTATION_RELATIONSHIP_WITH_TRANSFORMATION ( #2436 )SHAPE_REPRESENTATION_RELATIONSHIP( ) );
#629 = CARTESIAN_POINT ( 'NONE',  ( -9.189999999999999500, 4.955000000000000100, 4.599999999999999600 ) ) ;
#630 = DIRECTION ( 'NONE',  ( 1.000000000000000000, -0.0000000000000000000, -0.0000000000000000000 ) ) ;
#631 = CARTESIAN_POINT ( 'NONE',  ( -11.50000000000000000, -6.250000000000000000, 7.599999999999999600 ) ) ;
#632 = AXIS2_PLACEMENT_3D ( 'NONE', #3060, #7021, #3630 ) ;
#633 = MECHANICAL_DESIGN_GEOMETRIC_PRESENTATION_REPRESENTATION (  '', ( #7185 ), #1017 ) ;
#634 = CARTESIAN_POINT ( 'NONE',  ( 6.349999999999999600, -7.099999999999999600, 0.6999999999999999600 ) ) ;
#635 = PLANE ( 'NONE',  #2108 ) ;
#636 = SURFACE_STYLE_FILL_AREA ( #7095 ) ;
#637 = DIRECTION ( 'NONE',  ( -1.000000000000000000, 0.0000000000000000000, 0.0000000000000000000 ) ) ;
#638 = ORIENTED_EDGE ( 'NONE', *, *, #6403, .F. ) ;
#639 = LINE ( 'NONE', #949, #4957 ) ;
#640 = LINE ( 'NONE', #1128, #6456 ) ;
#641 =( NAMED_UNIT ( * ) PLANE_ANGLE_UNIT ( ) SI_UNIT ( $, .RADIAN. ) );
#642 = EDGE_CURVE ( 'NONE', #1751, #3674, #3859, .T. ) ;
#643 = FACE_BOUND ( 'NONE', #757, .T. ) ;
#644 = FILL_AREA_STYLE_COLOUR ( '', #308 ) ;
#645 =( GEOMETRIC_REPRESENTATION_CONTEXT ( 3 ) GLOBAL_UNCERTAINTY_ASSIGNED_CONTEXT ( ( #3502 ) ) GLOBAL_UNIT_ASSIGNED_CONTEXT ( ( #4179, #4131, #4107 ) ) REPRESENTATION_CONTEXT ( 'NONE', 'WORKASPACE' ) );
#646 = DIRECTION ( 'NONE',  ( 0.0000000000000000000, -1.000000000000000000, -5.887021680753820000E-033 ) ) ;
#647 =( NAMED_UNIT ( * ) SI_UNIT ( $, .STERADIAN. ) SOLID_ANGLE_UNIT ( ) );
#648 = SURFACE_STYLE_FILL_AREA ( #3276 ) ;
#649 = PRESENTATION_LAYER_ASSIGNMENT (  '', '', ( #7195 ) ) ;
#650 = ADVANCED_FACE ( 'NONE', ( #6504 ), #4478, .F. ) ;
#651 = FILL_AREA_STYLE_COLOUR ( '', #4595 ) ;
#652 = ORIENTED_EDGE ( 'NONE', *, *, #4616, .F. ) ;
#653 = UNCERTAINTY_MEASURE_WITH_UNIT (LENGTH_MEASURE( 1.000000000000000100E-005 ), #4645, 'distance_accuracy_value', 'NONE');
#654 = VECTOR ( 'NONE', #1773, 1000.000000000000000 ) ;
#655 = ORIENTED_EDGE ( 'NONE', *, *, #7139, .F. ) ;
#656 = SURFACE_SIDE_STYLE ('',( #5544 ) ) ;
#657 = STYLED_ITEM ( 'NONE', ( #4284 ), #2774 ) ;
#658 = ORIENTED_EDGE ( 'NONE', *, *, #1263, .F. ) ;
#659 = CARTESIAN_POINT ( 'NONE',  ( -11.87499999999999800, -6.650000000000000400, 0.2000000000000000100 ) ) ;
#660 = FILL_AREA_STYLE ('',( #1200 ) ) ;
#661 =( LENGTH_UNIT ( ) NAMED_UNIT ( * ) SI_UNIT ( .MILLI., .METRE. ) );
#662 = DIRECTION ( 'NONE',  ( 0.0000000000000000000, -0.4259177099999558200, -0.9047619047619066500 ) ) ;
#663 = CARTESIAN_POINT ( 'NONE',  ( 8.589999999999999900, 5.205000000000000100, 4.599999999999999600 ) ) ;
#664 = CARTESIAN_POINT ( 'NONE',  ( 6.349999999999999600, -7.099999999999999600, 0.9499999999999999600 ) ) ;
#665 = UNCERTAINTY_MEASURE_WITH_UNIT (LENGTH_MEASURE( 1.000000000000000100E-005 ), #2045, 'distance_accuracy_value', 'NONE');
#666 = LINE ( 'NONE', #3861, #4811 ) ;
#667 = DIRECTION ( 'NONE',  ( -1.000000000000000000, -0.0000000000000000000, 0.0000000000000000000 ) ) ;
#668 = PRESENTATION_LAYER_ASSIGNMENT (  '', '', ( #7207 ) ) ;
#669 = DIRECTION ( 'NONE',  ( 0.0000000000000000000, 0.0000000000000000000, 1.000000000000000000 ) ) ;
#670 =( NAMED_UNIT ( * ) SI_UNIT ( $, .STERADIAN. ) SOLID_ANGLE_UNIT ( ) );
#671 = VERTEX_POINT ( 'NONE', #4776 ) ;
#672 = CARTESIAN_POINT ( 'NONE',  ( 8.589999999999999900, 1.354017197126070000E-016, 2.799999999999999800 ) ) ;
#673 = ORIENTED_EDGE ( 'NONE', *, *, #846, .T. ) ;
#674 = EDGE_LOOP ( 'NONE', ( #2958, #998, #3639, #1941 ) ) ;
#675 =( NAMED_UNIT ( * ) PLANE_ANGLE_UNIT ( ) SI_UNIT ( $, .RADIAN. ) );
#676 = VERTEX_POINT ( 'NONE', #4494 ) ;
#677 = DIRECTION ( 'NONE',  ( -0.0000000000000000000, 0.0000000000000000000, 1.000000000000000000 ) ) ;
#678 = CARTESIAN_POINT ( 'NONE',  ( 5.850000000000000500, -6.850000000000000500, 0.0000000000000000000 ) ) ;
#679 =( GEOMETRIC_REPRESENTATION_CONTEXT ( 3 ) GLOBAL_UNCERTAINTY_ASSIGNED_CONTEXT ( ( #178 ) ) GLOBAL_UNIT_ASSIGNED_CONTEXT ( ( #4170, #817, #4749 ) ) REPRESENTATION_CONTEXT ( 'NONE', 'WORKASPACE' ) );
#680 = COLOUR_RGB ( '',0.7529411764705882200, 0.7529411764705882200, 0.7529411764705882200 ) ;
#681 = CARTESIAN_POINT ( 'NONE',  ( 11.87500000000000000, 3.425000000000000300, 0.2000000000000000100 ) ) ;
#682 = LINE ( 'NONE', #3078, #6491 ) ;
#683 = DIRECTION ( 'NONE',  ( -0.0000000000000000000, -0.0000000000000000000, -1.000000000000000000 ) ) ;
#684 =( LENGTH_UNIT ( ) NAMED_UNIT ( * ) SI_UNIT ( .MILLI., .METRE. ) );
#685 = ADVANCED_FACE ( 'NONE', ( #167 ), #4465, .T. ) ;
#686 = EDGE_CURVE ( 'NONE', #3148, #7018, #5473, .T. ) ;
#687 = CARTESIAN_POINT ( 'NONE',  ( 8.390000000000000600, 6.850000000000000500, 0.6999999999999999600 ) ) ;
#688 = STYLED_ITEM ( 'NONE', ( #2090 ), #5917 ) ;
#689 = CARTESIAN_POINT ( 'NONE',  ( 9.189999999999999500, -4.955000000000000100, 4.599999999999999600 ) ) ;
#690 = DIRECTION ( 'NONE',  ( 0.0000000000000000000, 0.4259177099999605900, 0.9047619047619044300 ) ) ;
#691 = DIRECTION ( 'NONE',  ( 0.0000000000000000000, -1.000000000000000000, 0.0000000000000000000 ) ) ;
#692 = ORIENTED_EDGE ( 'NONE', *, *, #7016, .T. ) ;
#693 = EDGE_CURVE ( 'NONE', #1550, #2087, #6953, .T. ) ;
#694 =( GEOMETRIC_REPRESENTATION_CONTEXT ( 3 ) GLOBAL_UNCERTAINTY_ASSIGNED_CONTEXT ( ( #3489 ) ) GLOBAL_UNIT_ASSIGNED_CONTEXT ( ( #5177, #5153, #5133 ) ) REPRESENTATION_CONTEXT ( 'NONE', 'WORKASPACE' ) );
#695 = DIRECTION ( 'NONE',  ( 0.0000000000000000000, 4.956352788505163500E-015, -1.000000000000000000 ) ) ;
#696 = DIRECTION ( 'NONE',  ( 1.000000000000000000, 0.0000000000000000000, 0.0000000000000000000 ) ) ;
#697 = PRESENTATION_STYLE_ASSIGNMENT (( #5554 ) ) ;
#698 = COLOUR_RGB ( '',0.7529411764705882200, 0.7529411764705882200, 0.7529411764705882200 ) ;
#699 = LINE ( 'NONE', #6723, #2154 ) ;
#700 = ORIENTED_EDGE ( 'NONE', *, *, #6359, .F. ) ;
#701 = SURFACE_STYLE_USAGE ( .BOTH. , #4069 ) ;
#702 = DIRECTION ( 'NONE',  ( 1.000000000000000000, 0.0000000000000000000, 0.0000000000000000000 ) ) ;
#703 = LINE ( 'NONE', #2984, #1996 ) ;
#704 = COLOUR_RGB ( '',0.7529411764705882200, 0.7529411764705882200, 0.7529411764705882200 ) ;
#705 = FACE_OUTER_BOUND ( 'NONE', #5327, .T. ) ;
#706 = CIRCLE ( 'NONE', #7017, 0.2000000000000005100 ) ;
#707 = ORIENTED_EDGE ( 'NONE', *, *, #585, .T. ) ;
#708 = CARTESIAN_POINT ( 'NONE',  ( -9.390000000000000600, 8.150000000000000400, 0.3499999999999999800 ) ) ;
#709 = DIRECTION ( 'NONE',  ( 0.0000000000000000000, 0.0000000000000000000, -1.000000000000000000 ) ) ;
#710 = MECHANICAL_DESIGN_GEOMETRIC_PRESENTATION_REPRESENTATION (  '', ( #7258 ), #1090 ) ;
#711 = COLOUR_RGB ( '',0.7529411764705882200, 0.7529411764705882200, 0.7529411764705882200 ) ;
#712 = CARTESIAN_POINT ( 'NONE',  ( 8.589999999999999900, -5.080000000000000100, 4.599999999999999600 ) ) ;
#713 = FACE_OUTER_BOUND ( 'NONE', #4739, .T. ) ;
#714 = CARTESIAN_POINT ( 'NONE',  ( 0.0000000000000000000, -6.250000000000000000, 7.599999999999999600 ) ) ;
#715 = LINE ( 'NONE', #6939, #3692 ) ;
#716 = SURFACE_STYLE_FILL_AREA ( #1754 ) ;
#717 = DIRECTION ( 'NONE',  ( -1.000000000000000000, 0.0000000000000000000, -0.0000000000000000000 ) ) ;
#718 =( NAMED_UNIT ( * ) SI_UNIT ( $, .STERADIAN. ) SOLID_ANGLE_UNIT ( ) );
#719 = EDGE_LOOP ( 'NONE', ( #398, #442, #2120, #569, #138, #1894, #3298, #4189 ) ) ;
#720 = FACE_OUTER_BOUND ( 'NONE', #376, .T. ) ;
#721 =( GEOMETRIC_REPRESENTATION_CONTEXT ( 3 ) GLOBAL_UNCERTAINTY_ASSIGNED_CONTEXT ( ( #3874 ) ) GLOBAL_UNIT_ASSIGNED_CONTEXT ( ( #6430, #3042, #6996 ) ) REPRESENTATION_CONTEXT ( 'NONE', 'WORKASPACE' ) );
#722 = AXIS2_PLACEMENT_3D ( 'NONE', #3216, #7159, #3775 ) ;
#723 = ADVANCED_FACE ( 'NONE', ( #959 ), #3974, .F. ) ;
#724 = LINE ( 'NONE', #2195, #3700 ) ;
#725 = DIRECTION ( 'NONE',  ( -1.000000000000000000, -0.0000000000000000000, 0.0000000000000000000 ) ) ;
#726 =( BOUNDED_SURFACE ( )  B_SPLINE_SURFACE ( 3, 3, ( 
 ( #6662, #511, #4443, #1086 ),
 ( #5016, #1636, #5611, #2172 ),
 ( #6176, #2763, #6708, #3329 ),
 ( #7273, #3905, #538, #4468 ) ),
 .UNSPECIFIED., .F., .F., .F. ) 
 B_SPLINE_SURFACE_WITH_KNOTS ( ( 4, 4 ),
 ( 4, 4 ),
 ( 0.0000000000000000000, 1.000000000000000000 ),
 ( 0.0000000000000000000, 1.000000000000000000 ),
 .UNSPECIFIED. ) 
 GEOMETRIC_REPRESENTATION_ITEM ( )  RATIONAL_B_SPLINE_SURFACE ( (
 ( 1.000000000000000000, 0.8047378541207516100, 0.8047378541207516100, 1.000000000000000000),
 ( 0.8047378541243636100, 0.6476030138577788500, 0.6476030138577788500, 0.8047378541243636100),
 ( 0.8047378541243636100, 0.6476030138577788500, 0.6476030138577788500, 0.8047378541243636100),
 ( 1.000000000000000000, 0.8047378541207516100, 0.8047378541207516100, 1.000000000000000000) ) ) 
 REPRESENTATION_ITEM ( '' )  SURFACE ( )  );
#727 = VERTEX_POINT ( 'NONE', #3668 ) ;
#728 = CARTESIAN_POINT ( 'NONE',  ( -11.87500000000000000, 6.650000000000000400, 0.0000000000000000000 ) ) ;
#729 = PRESENTATION_STYLE_ASSIGNMENT (( #5512 ) ) ;
#730 = ORIENTED_EDGE ( 'NONE', *, *, #3945, .F. ) ;
#731 = EDGE_CURVE ( 'NONE', #2215, #3934, #6554, .T. ) ;
#732 = LINE ( 'NONE', #824, #2016 ) ;
#733 = LINE ( 'NONE', #6326, #2186 ) ;
#734 = EDGE_CURVE ( 'NONE', #6063, #2965, #5062, .T. ) ;
#735 = CARTESIAN_POINT ( 'NONE',  ( 6.049999999999999800, 5.205000000000000100, 4.599999999999999600 ) ) ;
#736 = AXIS2_PLACEMENT_3D ( 'NONE', #1381, #6992, #5889 ) ;
#737 = CARTESIAN_POINT ( 'NONE',  ( -11.07499999999999900, -5.349999999999999600, 0.1000000000000000100 ) ) ;
#738 = PRESENTATION_LAYER_ASSIGNMENT (  '', '', ( #7278 ) ) ;
#739 = VECTOR ( 'NONE', #2234, 1000.000000000000000 ) ;
#740 =( NAMED_UNIT ( * ) PLANE_ANGLE_UNIT ( ) SI_UNIT ( $, .RADIAN. ) );
#741 = CARTESIAN_POINT ( 'NONE',  ( 8.890000000000000600, 9.000000000000001800, -0.2500000000000000000 ) ) ;
#742 = CARTESIAN_POINT ( 'NONE',  ( -11.30000000000000100, -6.049999999999999800, 1.600000000000000100 ) ) ;
#743 = COLOUR_RGB ( '',0.7529411764705882200, 0.7529411764705882200, 0.7529411764705882200 ) ;
#744 = SURFACE_SIDE_STYLE ('',( #2859 ) ) ;
#745 = EDGE_CURVE ( 'NONE', #5445, #2129, #3550, .T. ) ;
#746 = CARTESIAN_POINT ( 'NONE',  ( 6.850000000000000500, 5.205000000000000100, 2.799999999999999800 ) ) ;
#747 = STYLED_ITEM ( 'NONE', ( #6631 ), #199 ) ;
#748 = VERTEX_POINT ( 'NONE', #3058 ) ;
#749 = AXIS2_PLACEMENT_3D ( 'NONE', #4062, #1811, #2935 ) ;
#750 = FILL_AREA_STYLE_COLOUR ( '', #4696 ) ;
#751 = CARTESIAN_POINT ( 'NONE',  ( 8.390000000000000600, 7.099999999999999600, 0.3499999999999999800 ) ) ;
#752 = COLOUR_RGB ( '',0.7529411764705882200, 0.7529411764705882200, 0.7529411764705882200 ) ;
#753 = VECTOR ( 'NONE', #3188, 1000.000000000000000 ) ;
#754 = CARTESIAN_POINT ( 'NONE',  ( -8.390000000000000600, 7.099999999999999600, 0.3499999999999999800 ) ) ;
#755 = CARTESIAN_POINT ( 'NONE',  ( 6.349999999999999600, 7.099999999999999600, 0.9499999999999999600 ) ) ;
#756 = EDGE_LOOP ( 'NONE', ( #1204, #2068, #2040, #6856, #1462, #2401, #2370, #4603, #24, #231, #6138, #7253 ) ) ;
#757 = EDGE_LOOP ( 'NONE', ( #2396, #227, #1907, #1077 ) ) ;
#758 = CARTESIAN_POINT ( 'NONE',  ( -8.890000000000000600, 7.416666666666669600, 0.4990711984999859900 ) ) ;
#759 = PRESENTATION_LAYER_ASSIGNMENT (  '', '', ( #373 ) ) ;
#760 = VERTEX_POINT ( 'NONE', #2957 ) ;
#761 = PLANE ( 'NONE',  #3418 ) ;
#762 = SURFACE_STYLE_FILL_AREA ( #248 ) ;
#763 = CARTESIAN_POINT ( 'NONE',  ( 0.0000000000000000000, -6.250000000000000000, 1.600000000000000100 ) ) ;
#765 = ADVANCED_FACE ( 'NONE', ( #3368, #6389 ), #3137, .T. ) ;
#764 = ORIENTED_EDGE ( 'NONE', *, *, #4208, .T. ) ;
#766 = ORIENTED_EDGE ( 'NONE', *, *, #4784, .T. ) ;
#767 = CARTESIAN_POINT ( 'NONE',  ( -0.7250000000000002000, -2.549999999999999800, 2.799999999999999800 ) ) ;
#768 =( GEOMETRIC_REPRESENTATION_CONTEXT ( 3 ) GLOBAL_UNCERTAINTY_ASSIGNED_CONTEXT ( ( #1038 ) ) GLOBAL_UNIT_ASSIGNED_CONTEXT ( ( #6576, #3198, #7143 ) ) REPRESENTATION_CONTEXT ( 'NONE', 'WORKASPACE' ) );
#769 = CARTESIAN_POINT ( 'NONE',  ( -11.50000000000000000, 6.049999999999999800, 1.600000000000000100 ) ) ;
#770 = SURFACE_STYLE_FILL_AREA ( #411 ) ;
#771 = DIRECTION ( 'NONE',  ( 0.0000000000000000000, -0.9047619047619067700, -0.4259177099999558700 ) ) ;
#772 = FACE_OUTER_BOUND ( 'NONE', #5391, .T. ) ;
#773 = EDGE_CURVE ( 'NONE', #4070, #401, #1365, .T. ) ;
#774 =( NAMED_UNIT ( * ) SI_UNIT ( $, .STERADIAN. ) SOLID_ANGLE_UNIT ( ) );
#775 = ORIENTED_EDGE ( 'NONE', *, *, #5224, .T. ) ;
#776 = DIRECTION ( 'NONE',  ( 0.0000000000000000000, 0.0000000000000000000, -1.000000000000000000 ) ) ;
#777 = CARTESIAN_POINT ( 'NONE',  ( -1.475000000000000100, -2.549999999999999800, 0.0000000000000000000 ) ) ;
#778 = AXIS2_PLACEMENT_3D ( 'NONE', #1235, #5182, #1784 ) ;
#779 = PRESENTATION_LAYER_ASSIGNMENT (  '', '', ( #18 ) ) ;
#780 = PRESENTATION_STYLE_ASSIGNMENT (( #208 ) ) ;
#781 = ORIENTED_EDGE ( 'NONE', *, *, #1942, .T. ) ;
#782 = DIRECTION ( 'NONE',  ( 0.0000000000000000000, -0.0000000000000000000, 1.000000000000000000 ) ) ;
#783 =( NAMED_UNIT ( * ) PLANE_ANGLE_UNIT ( ) SI_UNIT ( $, .RADIAN. ) );
#784 = CARTESIAN_POINT ( 'NONE',  ( 5.850000000000000500, -9.000000000000001800, -0.2500000000000000000 ) ) ;
#785 = EDGE_CURVE ( 'NONE', #223, #3884, #2832, .T. ) ;
#786 = COLOUR_RGB ( '',0.7529411764705882200, 0.7529411764705882200, 0.7529411764705882200 ) ;
#787 = ORIENTED_EDGE ( 'NONE', *, *, #963, .F. ) ;
#788 = FACE_OUTER_BOUND ( 'NONE', #5251, .T. ) ;
#789 = PRESENTATION_LAYER_ASSIGNMENT (  '', '', ( #1162 ) ) ;
#790 = LINE ( 'NONE', #5717, #2241 ) ;
#791 = ORIENTED_EDGE ( 'NONE', *, *, #5164, .F. ) ;
#792 = CARTESIAN_POINT ( 'NONE',  ( -11.30000000000000100, -6.250000000000000000, 1.600000000000000100 ) ) ;
#793 = AXIS2_PLACEMENT_3D ( 'NONE', #6538, #3153, #7112 ) ;
#794 = DIRECTION ( 'NONE',  ( 0.0000000000000000000, 0.4259177099999590900, 0.9047619047619052100 ) ) ;
#795 =( NAMED_UNIT ( * ) SI_UNIT ( $, .STERADIAN. ) SOLID_ANGLE_UNIT ( ) );
#796 = SURFACE_STYLE_FILL_AREA ( #5011 ) ;
#797 = VECTOR ( 'NONE', #6322, 1000.000000000000000 ) ;
#798 = PLANE ( 'NONE',  #1437 ) ;
#799 = EDGE_CURVE ( 'NONE', #1950, #7104, #4344, .T. ) ;
#800 = AXIS2_PLACEMENT_3D ( 'NONE', #1607, #1736, #1178 ) ;
#801 = ADVANCED_FACE ( 'NONE', ( #4168 ), #4968, .T. ) ;
#802 = FILL_AREA_STYLE_COLOUR ( '', #5850 ) ;
#803 =( NAMED_UNIT ( * ) SI_UNIT ( $, .STERADIAN. ) SOLID_ANGLE_UNIT ( ) );
#804 = CARTESIAN_POINT ( 'NONE',  ( -10.57499999999999900, -5.349999999999999600, 0.1000000000000000100 ) ) ;
#805 = PRESENTATION_LAYER_ASSIGNMENT (  '', '', ( #1177 ) ) ;
#806 = VECTOR ( 'NONE', #2491, 1000.000000000000200 ) ;
#807 = VERTEX_POINT ( 'NONE', #1809 ) ;
#808 = VECTOR ( 'NONE', #262, 1000.000000000000000 ) ;
#809 = ORIENTED_EDGE ( 'NONE', *, *, #7044, .F. ) ;
#810 = LINE ( 'NONE', #3911, #2262 ) ;
#811 = COLOUR_RGB ( '',0.7529411764705882200, 0.7529411764705882200, 0.7529411764705882200 ) ;
#812 =( LENGTH_UNIT ( ) NAMED_UNIT ( * ) SI_UNIT ( .MILLI., .METRE. ) );
#813 = ORIENTED_EDGE ( 'NONE', *, *, #6221, .T. ) ;
#814 = DIRECTION ( 'NONE',  ( 0.0000000000000000000, 0.0000000000000000000, -1.000000000000000000 ) ) ;
#815 = CARTESIAN_POINT ( 'NONE',  ( -12.07499999999999900, -6.650000000000000400, 0.2000000000000000700 ) ) ;
#816 = FACE_OUTER_BOUND ( 'NONE', #3316, .T. ) ;
#817 =( NAMED_UNIT ( * ) PLANE_ANGLE_UNIT ( ) SI_UNIT ( $, .RADIAN. ) );
#818 = VECTOR ( 'NONE', #3397, 1000.000000000000000 ) ;
#819 = MECHANICAL_DESIGN_GEOMETRIC_PRESENTATION_REPRESENTATION (  '', ( #6990 ), #1188 ) ;
#820 = CYLINDRICAL_SURFACE ( 'NONE', #6021, 0.3499999999999999800 ) ;
#821 = DIRECTION ( 'NONE',  ( 0.0000000000000000000, 0.9047619047619052100, -0.4259177099999590900 ) ) ;
#822 = PLANE ( 'NONE',  #632 ) ;
#823 = DIRECTION ( 'NONE',  ( 1.000000000000000000, -1.393726859448460000E-028, 1.632966780389950100E-028 ) ) ;
#824 = CARTESIAN_POINT ( 'NONE',  ( 9.189999999999999500, 4.955000000000000100, 2.799999999999999800 ) ) ;
#825 = ORIENTED_EDGE ( 'NONE', *, *, #1973, .T. ) ;
#826 = EDGE_LOOP ( 'NONE', ( #161, #5354, #4448, #6584 ) ) ;
#827 = MECHANICAL_DESIGN_GEOMETRIC_PRESENTATION_REPRESENTATION (  '', ( #60 ), #1197 ) ;
#828 = DIRECTION ( 'NONE',  ( 1.000000000000000000, 0.0000000000000000000, 0.0000000000000000000 ) ) ;
#829 = VECTOR ( 'NONE', #3408, 1000.000000000000000 ) ;
#830 =( NAMED_UNIT ( * ) PLANE_ANGLE_UNIT ( ) SI_UNIT ( $, .RADIAN. ) );
#831 = EDGE_CURVE ( 'NONE', #4774, #6053, #6465, .T. ) ;
#832 = VECTOR ( 'NONE', #3793, 1000.000000000000000 ) ;
#833 = EDGE_CURVE ( 'NONE', #5743, #4089, #2115, .T. ) ;
#834 = DIRECTION ( 'NONE',  ( 0.0000000000000000000, 0.0000000000000000000, 1.000000000000000000 ) ) ;
#835 = COLOUR_RGB ( '',0.7529411764705882200, 0.7529411764705882200, 0.7529411764705882200 ) ;
#836 = MECHANICAL_DESIGN_GEOMETRIC_PRESENTATION_REPRESENTATION (  '', ( #69 ), #1208 ) ;
#837 = DIRECTION ( 'NONE',  ( 0.0000000000000000000, 0.0000000000000000000, -1.000000000000000000 ) ) ;
#838 = ORIENTED_EDGE ( 'NONE', *, *, #2778, .T. ) ;
#839 = FILL_AREA_STYLE ('',( #1329 ) ) ;
#840 = ADVANCED_FACE ( 'NONE', ( #3634 ), #5793, .F. ) ;
#841 = PRESENTATION_LAYER_ASSIGNMENT (  '', '', ( #72 ) ) ;
#842 = DIRECTION ( 'NONE',  ( 0.0000000000000000000, -1.000000000000000000, 0.0000000000000000000 ) ) ;
#843 = ORIENTED_EDGE ( 'NONE', *, *, #6029, .F. ) ;
#844 = EDGE_LOOP ( 'NONE', ( #5886, #4835, #5441, #6239 ) ) ;
#845 = SURFACE_STYLE_FILL_AREA ( #5742 ) ;
#846 = EDGE_CURVE ( 'NONE', #5076, #2342, #7250, .T. ) ;
#847 = CARTESIAN_POINT ( 'NONE',  ( 9.390000000000000600, -6.850000000000000500, 0.0000000000000000000 ) ) ;
#848 = PRESENTATION_LAYER_ASSIGNMENT (  '', '', ( #455 ) ) ;
#849 = CARTESIAN_POINT ( 'NONE',  ( 6.349999999999999600, -7.416666666666669600, 0.4990711984999859900 ) ) ;
#850 = FILL_AREA_STYLE_COLOUR ( '', #5775 ) ;
#851 = FILL_AREA_STYLE ('',( #7022 ) ) ;
#852 = CARTESIAN_POINT ( 'NONE',  ( -11.50000000000000000, 0.0000000000000000000, 7.599999999999999600 ) ) ;
#853 = CIRCLE ( 'NONE', #1125, 0.3500000000000019800 ) ;
#854 = SURFACE_SIDE_STYLE ('',( #3777 ) ) ;
#855 =( LENGTH_UNIT ( ) NAMED_UNIT ( * ) SI_UNIT ( .MILLI., .METRE. ) );
#856 = DIRECTION ( 'NONE',  ( -1.000000000000000000, 0.0000000000000000000, -0.0000000000000000000 ) ) ;
#857 = ORIENTED_EDGE ( 'NONE', *, *, #6823, .T. ) ;
#858 = ORIENTED_EDGE ( 'NONE', *, *, #968, .T. ) ;
#859 = CARTESIAN_POINT ( 'NONE',  ( -9.390000000000000600, 7.099999999999999600, 0.6999999999999999600 ) ) ;
#860 = PRESENTATION_STYLE_ASSIGNMENT (( #4815 ) ) ;
#861 = ORIENTED_EDGE ( 'NONE', *, *, #2785, .F. ) ;
#862 = ORIENTED_EDGE ( 'NONE', *, *, #412, .T. ) ;
#863 =( NAMED_UNIT ( * ) PLANE_ANGLE_UNIT ( ) SI_UNIT ( $, .RADIAN. ) );
#864 = PRESENTATION_LAYER_ASSIGNMENT (  '', '', ( #94 ) ) ;
#865 = DIRECTION ( 'NONE',  ( 0.0000000000000000000, 0.0000000000000000000, 1.000000000000000000 ) ) ;
#866 = CARTESIAN_POINT ( 'NONE',  ( 8.390000000000000600, 7.875740647047340600, -0.2500000000000000600 ) ) ;
#867 = SURFACE_STYLE_FILL_AREA ( #131 ) ;
#868 = LINE ( 'NONE', #5925, #1394 ) ;
#869 =( GEOMETRIC_REPRESENTATION_CONTEXT ( 3 ) GLOBAL_UNCERTAINTY_ASSIGNED_CONTEXT ( ( #495 ) ) GLOBAL_UNIT_ASSIGNED_CONTEXT ( ( #6328, #2914, #6868 ) ) REPRESENTATION_CONTEXT ( 'NONE', 'WORKASPACE' ) );
#870 = CARTESIAN_POINT ( 'NONE',  ( 12.07500000000000100, -6.767157287525347600, 0.1313708498984461300 ) ) ;
#871 = FILL_AREA_STYLE_COLOUR ( '', #1170 ) ;
#872 = EDGE_CURVE ( 'NONE', #5210, #2215, #1446, .T. ) ;
#873 = SURFACE_SIDE_STYLE ('',( #3068 ) ) ;
#874 = VECTOR ( 'NONE', #2871, 1000.000000000000000 ) ;
#875 = SURFACE_STYLE_USAGE ( .BOTH. , #901 ) ;
#876 = VERTEX_POINT ( 'NONE', #1082 ) ;
#877 = PRESENTATION_LAYER_ASSIGNMENT (  '', '', ( #1251 ) ) ;
#878 = SURFACE_SIDE_STYLE ('',( #2312 ) ) ;
#879 = AXIS2_PLACEMENT_3D ( 'NONE', #3753, #388, #4324 ) ;
#880 = PRESENTATION_LAYER_ASSIGNMENT (  '', '', ( #7054 ) ) ;
#881 = COLOUR_RGB ( '',0.7529411764705882200, 0.7529411764705882200, 0.7529411764705882200 ) ;
#882 = UNCERTAINTY_MEASURE_WITH_UNIT (LENGTH_MEASURE( 1.000000000000000100E-005 ), #1145, 'distance_accuracy_value', 'NONE');
#883 = FILL_AREA_STYLE_COLOUR ( '', #4462 ) ;
#884 = LINE ( 'NONE', #4995, #2336 ) ;
#885 = CARTESIAN_POINT ( 'NONE',  ( 8.890000000000000600, 8.150000000000000400, -0.2500000000000000000 ) ) ;
#886 = ORIENTED_EDGE ( 'NONE', *, *, #3221, .T. ) ;
#887 = EDGE_CURVE ( 'NONE', #1592, #425, #4431, .T. ) ;
#888 = LINE ( 'NONE', #4271, #5206 ) ;
#889 = FILL_AREA_STYLE_COLOUR ( '', #704 ) ;
#890 = ORIENTED_EDGE ( 'NONE', *, *, #2750, .F. ) ;
#891 = PRESENTATION_STYLE_ASSIGNMENT (( #370 ) ) ;
#892 = ORIENTED_EDGE ( 'NONE', *, *, #2385, .F. ) ;
#893 = LINE ( 'NONE', #2028, #6690 ) ;
#894 =( NAMED_UNIT ( * ) SI_UNIT ( $, .STERADIAN. ) SOLID_ANGLE_UNIT ( ) );
#895 = CARTESIAN_POINT ( 'NONE',  ( -8.390000000000000600, 7.875740647047340600, -0.2500000000000000600 ) ) ;
#896 = DIRECTION ( 'NONE',  ( 1.000000000000000000, 0.0000000000000000000, -1.669287811177830000E-032 ) ) ;
#897 = CIRCLE ( 'NONE', #4555, 0.5999999999999999800 ) ;
#898 = ORIENTED_EDGE ( 'NONE', *, *, #7140, .T. ) ;
#899 = UNCERTAINTY_MEASURE_WITH_UNIT (LENGTH_MEASURE( 1.000000000000000100E-005 ), #4611, 'distance_accuracy_value', 'NONE');
#900 = VECTOR ( 'NONE', #6900, 1000.000000000000000 ) ;
#901 = SURFACE_SIDE_STYLE ('',( #6300 ) ) ;
#902 = ORIENTED_EDGE ( 'NONE', *, *, #7106, .T. ) ;
#903 = ORIENTED_EDGE ( 'NONE', *, *, #217, .T. ) ;
#904 = DIRECTION ( 'NONE',  ( 1.000000000000000000, 0.0000000000000000000, 0.0000000000000000000 ) ) ;
#905 = SURFACE_STYLE_USAGE ( .BOTH. , #4266 ) ;
#906 = ORIENTED_EDGE ( 'NONE', *, *, #6087, .T. ) ;
#907 = FILL_AREA_STYLE ('',( #3130 ) ) ;
#908 =( GEOMETRIC_REPRESENTATION_CONTEXT ( 3 ) GLOBAL_UNCERTAINTY_ASSIGNED_CONTEXT ( ( #5387 ) ) GLOBAL_UNIT_ASSIGNED_CONTEXT ( ( #1927, #5922, #2495 ) ) REPRESENTATION_CONTEXT ( 'NONE', 'WORKASPACE' ) );
#909 = CARTESIAN_POINT ( 'NONE',  ( 9.390000000000000600, -5.205000000000000100, 2.799999999999999800 ) ) ;
#910 = COLOUR_RGB ( '',0.7529411764705882200, 0.7529411764705882200, 0.7529411764705882200 ) ;
#911 = CARTESIAN_POINT ( 'NONE',  ( -9.390000000000000600, -6.850000000000000500, 0.6999999999999999600 ) ) ;
#912 = DIRECTION ( 'NONE',  ( 0.0000000000000000000, -0.0000000000000000000, -1.000000000000000000 ) ) ;
#913 = EDGE_CURVE ( 'NONE', #3910, #6279, #1274, .T. ) ;
#914 =( NAMED_UNIT ( * ) SI_UNIT ( $, .STERADIAN. ) SOLID_ANGLE_UNIT ( ) );
#915 =( NAMED_UNIT ( * ) PLANE_ANGLE_UNIT ( ) SI_UNIT ( $, .RADIAN. ) );
#916 = STYLED_ITEM ( 'NONE', ( #1528 ), #5280 ) ;
#917 = AXIS2_PLACEMENT_3D ( 'NONE', #4878, #2038, #4327 ) ;
#918 = CARTESIAN_POINT ( 'NONE',  ( -11.87500000000000000, 6.650000000000000400, 7.599999999999999600 ) ) ;
#919 = ORIENTED_EDGE ( 'NONE', *, *, #1709, .T. ) ;
#920 = VERTEX_POINT ( 'NONE', #413 ) ;
#921 = SURFACE_STYLE_USAGE ( .BOTH. , #4283 ) ;
#922 = EDGE_CURVE ( 'NONE', #4140, #56, #2563, .T. ) ;
#923 = CARTESIAN_POINT ( 'NONE',  ( -11.87500000000000000, -6.650000000000000400, 0.0000000000000000000 ) ) ;
#924 =( GEOMETRIC_REPRESENTATION_CONTEXT ( 3 ) GLOBAL_UNCERTAINTY_ASSIGNED_CONTEXT ( ( #5716 ) ) GLOBAL_UNIT_ASSIGNED_CONTEXT ( ( #7028, #863, #288 ) ) REPRESENTATION_CONTEXT ( 'NONE', 'WORKASPACE' ) );
#925 = FILL_AREA_STYLE_COLOUR ( '', #6455 ) ;
#926 = EDGE_LOOP ( 'NONE', ( #2712, #903, #7255, #7171 ) ) ;
#927 = ORIENTED_EDGE ( 'NONE', *, *, #1973, .F. ) ;
#928 = PRESENTATION_LAYER_ASSIGNMENT (  '', '', ( #169 ) ) ;
#929 = VERTEX_POINT ( 'NONE', #246 ) ;
#930 = EDGE_CURVE ( 'NONE', #7239, #1117, #7083, .T. ) ;
#931 = CARTESIAN_POINT ( 'NONE',  ( 9.390000000000000600, 7.099999999999999600, 0.6999999999999999600 ) ) ;
#932 = COLOUR_RGB ( '',0.7529411764705882200, 0.7529411764705882200, 0.7529411764705882200 ) ;
#933 = AXIS2_PLACEMENT_3D ( 'NONE', #3428, #3403, #3393 ) ;
#934 = EDGE_LOOP ( 'NONE', ( #3405, #6478, #5606, #862 ) ) ;
#935 =( NAMED_UNIT ( * ) PLANE_ANGLE_UNIT ( ) SI_UNIT ( $, .RADIAN. ) );
#936 = ORIENTED_EDGE ( 'NONE', *, *, #872, .F. ) ;
#937 = CARTESIAN_POINT ( 'NONE',  ( 11.30000000000000100, -6.049999999999999800, 2.799999999999999800 ) ) ;
#938 = FILL_AREA_STYLE_COLOUR ( '', #4238 ) ;
#939 = CARTESIAN_POINT ( 'NONE',  ( 6.850000000000000500, -8.150000000000000400, -8.239271102010437900E-059 ) ) ;
#940 =( GEOMETRIC_REPRESENTATION_CONTEXT ( 3 ) GLOBAL_UNCERTAINTY_ASSIGNED_CONTEXT ( ( #3231 ) ) GLOBAL_UNIT_ASSIGNED_CONTEXT ( ( #5121, #3328, #5838 ) ) REPRESENTATION_CONTEXT ( 'NONE', 'WORKASPACE' ) );
#941 =( NAMED_UNIT ( * ) PLANE_ANGLE_UNIT ( ) SI_UNIT ( $, .RADIAN. ) );
#942 = VECTOR ( 'NONE', #3545, 1000.000000000000000 ) ;
#943 = DIRECTION ( 'NONE',  ( -1.000000000000000000, -0.0000000000000000000, -0.0000000000000000000 ) ) ;
#944 = FACE_BOUND ( 'NONE', #6127, .T. ) ;
#945 = LINE ( 'NONE', #3714, #5277 ) ;
#946 = ORIENTED_EDGE ( 'NONE', *, *, #686, .F. ) ;
#947 = MECHANICAL_DESIGN_GEOMETRIC_PRESENTATION_REPRESENTATION (  '', ( #191 ), #1332 ) ;
#948 =( LENGTH_UNIT ( ) NAMED_UNIT ( * ) SI_UNIT ( .MILLI., .METRE. ) );
#949 = CARTESIAN_POINT ( 'NONE',  ( 6.349999999999999600, -7.642857142857142300, 0.6055506259999778900 ) ) ;
#950 = FILL_AREA_STYLE ('',( #6015 ) ) ;
#951 = ORIENTED_EDGE ( 'NONE', *, *, #3415, .F. ) ;
#952 = VECTOR ( 'NONE', #5247, 1000.000000000000000 ) ;
#953 = DIRECTION ( 'NONE',  ( 0.0000000000000000000, -7.434529182757701400E-015, 1.000000000000000000 ) ) ;
#954 = DIRECTION ( 'NONE',  ( 0.0000000000000000000, 0.0000000000000000000, 1.000000000000000000 ) ) ;
#955 = AXIS2_PLACEMENT_3D ( 'NONE', #4527, #1155, #5095 ) ;
#956 = ORIENTED_EDGE ( 'NONE', *, *, #6973, .T. ) ;
#957 = CARTESIAN_POINT ( 'NONE',  ( -9.390000000000000600, 4.955000000000000100, 2.799999999999999800 ) ) ;
#958 = VECTOR ( 'NONE', #4697, 1000.000000000000000 ) ;
#959 = FACE_OUTER_BOUND ( 'NONE', #2388, .T. ) ;
#960 = CARTESIAN_POINT ( 'NONE',  ( 8.939999999999999500, -5.349999999999999600, 0.0000000000000000000 ) ) ;
#961 = VERTEX_POINT ( 'NONE', #218 ) ;
#962 = ADVANCED_FACE ( 'NONE', ( #4080 ), #1861, .F. ) ;
#963 = EDGE_CURVE ( 'NONE', #3530, #3908, #6384, .T. ) ;
#964 = FILL_AREA_STYLE ('',( #2616 ) ) ;
#965 = FILL_AREA_STYLE ('',( #925 ) ) ;
#966 = EDGE_CURVE ( 'NONE', #103, #245, #3903, .T. ) ;
#967 = SURFACE_STYLE_FILL_AREA ( #6045 ) ;
#968 = EDGE_CURVE ( 'NONE', #5402, #1800, #3359, .T. ) ;
#969 = AXIS2_PLACEMENT_3D ( 'NONE', #5428, #4024, #3973 ) ;
#970 = FACE_OUTER_BOUND ( 'NONE', #1767, .T. ) ;
#971 = LINE ( 'NONE', #6273, #797 ) ;
#972 = DIRECTION ( 'NONE',  ( 1.000000000000000000, 0.0000000000000000000, -0.0000000000000000000 ) ) ;
#973 =( GEOMETRIC_REPRESENTATION_CONTEXT ( 3 ) GLOBAL_UNCERTAINTY_ASSIGNED_CONTEXT ( ( #6037 ) ) GLOBAL_UNIT_ASSIGNED_CONTEXT ( ( #1148, #5089, #1695 ) ) REPRESENTATION_CONTEXT ( 'NONE', 'WORKASPACE' ) );
#974 = CYLINDRICAL_SURFACE ( 'NONE', #5725, 0.5999999999999998700 ) ;
#975 = CARTESIAN_POINT ( 'NONE',  ( 12.07499999999999900, -6.850000000000000500, 0.9499999999999999600 ) ) ;
#976 = CARTESIAN_POINT ( 'NONE',  ( 5.850000000000000500, -8.150000000000000400, 0.3499999999999999800 ) ) ;
#977 = FACE_OUTER_BOUND ( 'NONE', #5613, .T. ) ;
#978 = LINE ( 'NONE', #5918, #6785 ) ;
#979 = EDGE_CURVE ( 'NONE', #5402, #7163, #4705, .T. ) ;
#980 = ORIENTED_EDGE ( 'NONE', *, *, #7009, .F. ) ;
#981 = VECTOR ( 'NONE', #2481, 1000.000000000000000 ) ;
#982 = AXIS2_PLACEMENT_3D ( 'NONE', #2134, #2265, #1994 ) ;
#983 = LINE ( 'NONE', #3498, #3964 ) ;
#984 =( GEOMETRIC_REPRESENTATION_CONTEXT ( 3 ) GLOBAL_UNCERTAINTY_ASSIGNED_CONTEXT ( ( #6622 ) ) GLOBAL_UNIT_ASSIGNED_CONTEXT ( ( #2440, #5293, #1343 ) ) REPRESENTATION_CONTEXT ( 'NONE', 'WORKASPACE' ) );
#985 = DIRECTION ( 'NONE',  ( 1.000000000000000000, -1.213057269022220100E-060, 0.0000000000000000000 ) ) ;
#986 = ORIENTED_EDGE ( 'NONE', *, *, #2100, .T. ) ;
#987 = CARTESIAN_POINT ( 'NONE',  ( -9.390000000000000600, 9.000000000000001800, 0.2507484938770950800 ) ) ;
#988 = CIRCLE ( 'NONE', #6422, 0.3499999999999999800 ) ;
#989 = CIRCLE ( 'NONE', #490, 0.3500000000000019800 ) ;
#990 =( LENGTH_UNIT ( ) NAMED_UNIT ( * ) SI_UNIT ( .MILLI., .METRE. ) );
#991 = FILL_AREA_STYLE_COLOUR ( '', #2454 ) ;
#992 = FILL_AREA_STYLE ('',( #7160 ) ) ;
#993 = FACE_OUTER_BOUND ( 'NONE', #7058, .T. ) ;
#994 = DIRECTION ( 'NONE',  ( 0.0000000000000000000, -0.0000000000000000000, -1.000000000000000000 ) ) ;
#995 =( GEOMETRIC_REPRESENTATION_CONTEXT ( 3 ) GLOBAL_UNCERTAINTY_ASSIGNED_CONTEXT ( ( #3892 ) ) GLOBAL_UNIT_ASSIGNED_CONTEXT ( ( #2290, #6283, #2863 ) ) REPRESENTATION_CONTEXT ( 'NONE', 'WORKASPACE' ) );
#996 = UNCERTAINTY_MEASURE_WITH_UNIT (LENGTH_MEASURE( 1.000000000000000100E-005 ), #3444, 'distance_accuracy_value', 'NONE');
#997 = DIRECTION ( 'NONE',  ( 2.047319486629579800E-065, -1.000000000000000000, 0.0000000000000000000 ) ) ;
#998 = ORIENTED_EDGE ( 'NONE', *, *, #2075, .F. ) ;
#999 = ORIENTED_EDGE ( 'NONE', *, *, #1981, .F. ) ;
#1000 = SURFACE_SIDE_STYLE ('',( #240 ) ) ;
#1001 = COLOUR_RGB ( '',0.7529411764705882200, 0.7529411764705882200, 0.7529411764705882200 ) ;
#1002 = VECTOR ( 'NONE', #1427, 1000.000000000000000 ) ;
#1003 = ADVANCED_FACE ( 'NONE', ( #6039 ), #2473, .T. ) ;
#1004 =( LENGTH_UNIT ( ) NAMED_UNIT ( * ) SI_UNIT ( .MILLI., .METRE. ) );
#1005 = PRESENTATION_LAYER_ASSIGNMENT (  '', '', ( #1382 ) ) ;
#1006 = LINE ( 'NONE', #4762, #2291 ) ;
#1007 =( NAMED_UNIT ( * ) PLANE_ANGLE_UNIT ( ) SI_UNIT ( $, .RADIAN. ) );
#1008 = DIRECTION ( 'NONE',  ( 0.0000000000000000000, 0.0000000000000000000, 1.000000000000000000 ) ) ;
#1009 = FILL_AREA_STYLE ('',( #2801 ) ) ;
#1010 = EDGE_CURVE ( 'NONE', #4089, #2627, #1179, .T. ) ;
#1011 = CARTESIAN_POINT ( 'NONE',  ( 5.850000000000000500, -7.875740647047340600, 0.0000000000000000000 ) ) ;
#1012 = CARTESIAN_POINT ( 'NONE',  ( 12.07499999999999900, 6.850000000000000500, 1.600000000000000100 ) ) ;
#1013 = ORIENTED_EDGE ( 'NONE', *, *, #3981, .F. ) ;
#1014 = DIRECTION ( 'NONE',  ( 1.000000000000000000, 0.0000000000000000000, -0.0000000000000000000 ) ) ;
#1015 = EDGE_LOOP ( 'NONE', ( #2390, #2690, #6156, #7173 ) ) ;
#1016 = PRESENTATION_LAYER_ASSIGNMENT (  '', '', ( #258 ) ) ;
#1017 =( GEOMETRIC_REPRESENTATION_CONTEXT ( 3 ) GLOBAL_UNCERTAINTY_ASSIGNED_CONTEXT ( ( #1101 ) ) GLOBAL_UNIT_ASSIGNED_CONTEXT ( ( #6839, #3452, #93 ) ) REPRESENTATION_CONTEXT ( 'NONE', 'WORKASPACE' ) );
#1018 =( NAMED_UNIT ( * ) PLANE_ANGLE_UNIT ( ) SI_UNIT ( $, .RADIAN. ) );
#1019 = VERTEX_POINT ( 'NONE', #6615 ) ;
#1020 = FILL_AREA_STYLE ('',( #2112 ) ) ;
#1021 = CARTESIAN_POINT ( 'NONE',  ( 9.390000000000000600, 7.607142857142859400, 0.09444937400002442800 ) ) ;
#1022 = EDGE_CURVE ( 'NONE', #961, #3752, #3994, .T. ) ;
#1023 = DIRECTION ( 'NONE',  ( 0.0000000000000000000, 0.0000000000000000000, 1.000000000000000000 ) ) ;
#1024 = ORIENTED_EDGE ( 'NONE', *, *, #3161, .T. ) ;
#1025 = FILL_AREA_STYLE_COLOUR ( '', #5484 ) ;
#1026 = PRODUCT_DEFINITION_CONTEXT ( 'detailed design', #6809, 'design' ) ;
#1027 = CIRCLE ( 'NONE', #1646, 0.3500000000000019800 ) ;
#1028 = MECHANICAL_DESIGN_GEOMETRIC_PRESENTATION_REPRESENTATION (  '', ( #7195 ), #1402 ) ;
#1029 = VERTEX_POINT ( 'NONE', #1052 ) ;
#1030 = LINE ( 'NONE', #2852, #4022 ) ;
#1031 = FACE_OUTER_BOUND ( 'NONE', #349, .T. ) ;
#1032 =( NAMED_UNIT ( * ) PLANE_ANGLE_UNIT ( ) SI_UNIT ( $, .RADIAN. ) );
#1033 = DIRECTION ( 'NONE',  ( 0.0000000000000000000, 0.0000000000000000000, -1.000000000000000000 ) ) ;
#1034 = VECTOR ( 'NONE', #2697, 1000.000000000000000 ) ;
#1035 = ADVANCED_FACE ( 'NONE', ( #6991 ), #5555, .F. ) ;
#1036 = CARTESIAN_POINT ( 'NONE',  ( 8.589999999999999900, 5.205000000000000100, 4.599999999999999600 ) ) ;
#1037 = VERTEX_POINT ( 'NONE', #931 ) ;
#1038 = UNCERTAINTY_MEASURE_WITH_UNIT (LENGTH_MEASURE( 1.000000000000000100E-005 ), #6576, 'distance_accuracy_value', 'NONE');
#1039 = SURFACE_STYLE_USAGE ( .BOTH. , #1067 ) ;
#1040 =( NAMED_UNIT ( * ) SI_UNIT ( $, .STERADIAN. ) SOLID_ANGLE_UNIT ( ) );
#1041 = CARTESIAN_POINT ( 'NONE',  ( -9.189999999999999500, 5.205000000000000100, 4.599999999999999600 ) ) ;
#1042 = LINE ( 'NONE', #5731, #874 ) ;
#1043 = MECHANICAL_DESIGN_GEOMETRIC_PRESENTATION_REPRESENTATION (  '', ( #7207 ), #1424 ) ;
#1044 = DIRECTION ( 'NONE',  ( 0.0000000000000000000, 0.0000000000000000000, -1.000000000000000000 ) ) ;
#1045 = DIRECTION ( 'NONE',  ( 1.000000000000000000, 0.0000000000000000000, 0.0000000000000000000 ) ) ;
#1046 = ORIENTED_EDGE ( 'NONE', *, *, #6444, .F. ) ;
#1047 = UNCERTAINTY_MEASURE_WITH_UNIT (LENGTH_MEASURE( 1.000000000000000100E-005 ), #6275, 'distance_accuracy_value', 'NONE');
#1048 = FILL_AREA_STYLE_COLOUR ( '', #7043 ) ;
#1049 = SURFACE_STYLE_FILL_AREA ( #5580 ) ;
#1050 = DIRECTION ( 'NONE',  ( 0.0000000000000000000, -0.0000000000000000000, -1.000000000000000000 ) ) ;
#1051 = VECTOR ( 'NONE', #1089, 1000.000000000000000 ) ;
#1052 = CARTESIAN_POINT ( 'NONE',  ( 12.07499999999999900, 6.650000000000000400, 7.599999999999999600 ) ) ;
#1053 = EDGE_LOOP ( 'NONE', ( #6477, #216, #5458, #4846 ) ) ;
#1054 = UNCERTAINTY_MEASURE_WITH_UNIT (LENGTH_MEASURE( 1.000000000000000100E-005 ), #1562, 'distance_accuracy_value', 'NONE');
#1055 = AXIS2_PLACEMENT_3D ( 'NONE', #3064, #7023, #3632 ) ;
#1056 = PLANE ( 'NONE',  #449 ) ;
#1057 = CARTESIAN_POINT ( 'NONE',  ( 5.850000000000000500, 7.099999999999999600, 0.9500000000000000700 ) ) ;
#1058 = CARTESIAN_POINT ( 'NONE',  ( 9.390000000000000600, 7.833333333333333000, 0.2009288015000136600 ) ) ;
#1059 = CIRCLE ( 'NONE', #114, 0.5999999999999999800 ) ;
#1060 = ORIENTED_EDGE ( 'NONE', *, *, #3696, .F. ) ;
#1061 = LINE ( 'NONE', #3677, #6871 ) ;
#1062 = ORIENTED_EDGE ( 'NONE', *, *, #6578, .T. ) ;
#1063 = COLOUR_RGB ( '',0.7529411764705882200, 0.7529411764705882200, 0.7529411764705882200 ) ;
#1064 =( NAMED_UNIT ( * ) SI_UNIT ( $, .STERADIAN. ) SOLID_ANGLE_UNIT ( ) );
#1065 = EDGE_CURVE ( 'NONE', #5166, #6063, #6305, .T. ) ;
#1066 = VERTEX_POINT ( 'NONE', #7178 ) ;
#1067 = SURFACE_SIDE_STYLE ('',( #5811 ) ) ;
#1068 = AXIS2_PLACEMENT_3D ( 'NONE', #2999, #2371, #702 ) ;
#1069 = CARTESIAN_POINT ( 'NONE',  ( 8.890000000000000600, 7.099999999999999600, 0.3499999999999999800 ) ) ;
#1070 = DIRECTION ( 'NONE',  ( 0.0000000000000000000, 2.478176394252567500E-015, -1.000000000000000000 ) ) ;
#1071 = ORIENTED_EDGE ( 'NONE', *, *, #6808, .F. ) ;
#1072 = VECTOR ( 'NONE', #6330, 1000.000000000000000 ) ;
#1073 = PRESENTATION_LAYER_ASSIGNMENT (  '', '', ( #688 ) ) ;
#1074 = SURFACE_STYLE_USAGE ( .BOTH. , #4435 ) ;
#1075 = ADVANCED_FACE ( 'NONE', ( #4791, #1412, #5749, #4214 ), #4244, .T. ) ;
#1076 = CARTESIAN_POINT ( 'NONE',  ( 11.87500000000000000, 6.850000000000000500, 0.0000000000000000000 ) ) ;
#1077 = ORIENTED_EDGE ( 'NONE', *, *, #6523, .F. ) ;
#1078 = EDGE_CURVE ( 'NONE', #2942, #1903, #2158, .T. ) ;
#1079 = PRESENTATION_LAYER_ASSIGNMENT (  '', '', ( #1455 ) ) ;
#1080 = ORIENTED_EDGE ( 'NONE', *, *, #4355, .T. ) ;
#1081 = DIRECTION ( 'NONE',  ( 0.0000000000000000000, 0.4259177099999605900, 0.9047619047619044300 ) ) ;
#1082 = CARTESIAN_POINT ( 'NONE',  ( -12.07499999999999900, -6.650000000000000400, 1.600000000000000100 ) ) ;
#1083 = EDGE_LOOP ( 'NONE', ( #813, #2211 ) ) ;
#1084 = VERTEX_POINT ( 'NONE', #4682 ) ;
#1085 = CARTESIAN_POINT ( 'NONE',  ( 5.850000000000000500, 8.150000000000000400, -0.2500000000000000000 ) ) ;
#1086 = CARTESIAN_POINT ( 'NONE',  ( 12.07500000000000100, 6.650000000000001200, 0.2000000000000005100 ) ) ;
#1087 = DIRECTION ( 'NONE',  ( 1.776356839400250100E-016, 1.000000000000000000, 0.0000000000000000000 ) ) ;
#1088 = VECTOR ( 'NONE', #3011, 1000.000000000000000 ) ;
#1089 = DIRECTION ( 'NONE',  ( 2.640288016400939700E-029, -1.000000000000000000, 1.201675860940661900E-057 ) ) ;
#1090 =( GEOMETRIC_REPRESENTATION_CONTEXT ( 3 ) GLOBAL_UNCERTAINTY_ASSIGNED_CONTEXT ( ( #5536 ) ) GLOBAL_UNIT_ASSIGNED_CONTEXT ( ( #4303, #941, #4881 ) ) REPRESENTATION_CONTEXT ( 'NONE', 'WORKASPACE' ) );
#1091 = CARTESIAN_POINT ( 'NONE',  ( 8.890000000000000600, -9.000000000000001800, 0.0000000000000000000 ) ) ;
#1092 = DIRECTION ( 'NONE',  ( 0.0000000000000000000, 0.0000000000000000000, -1.000000000000000000 ) ) ;
#1093 = VECTOR ( 'NONE', #363, 1000.000000000000000 ) ;
#1094 = ORIENTED_EDGE ( 'NONE', *, *, #3995, .T. ) ;
#1095 = EDGE_LOOP ( 'NONE', ( #6535, #6681, #5263, #7045 ) ) ;
#1096 =( NAMED_UNIT ( * ) SI_UNIT ( $, .STERADIAN. ) SOLID_ANGLE_UNIT ( ) );
#1097 = ORIENTED_EDGE ( 'NONE', *, *, #731, .F. ) ;
#1098 =( NAMED_UNIT ( * ) PLANE_ANGLE_UNIT ( ) SI_UNIT ( $, .RADIAN. ) );
#1099 = AXIS2_PLACEMENT_3D ( 'NONE', #3754, #389, #4325 ) ;
#1100 = ORIENTED_EDGE ( 'NONE', *, *, #3451, .T. ) ;
#1101 = UNCERTAINTY_MEASURE_WITH_UNIT (LENGTH_MEASURE( 1.000000000000000100E-005 ), #6839, 'distance_accuracy_value', 'NONE');
#1102 = SURFACE_STYLE_USAGE ( .BOTH. , #4463 ) ;
#1103 = CARTESIAN_POINT ( 'NONE',  ( 11.50000000000000200, 6.049999999999999800, 1.600000000000000100 ) ) ;
#1104 = EDGE_LOOP ( 'NONE', ( #4765, #1921, #6199, #1261 ) ) ;
#1105 = CARTESIAN_POINT ( 'NONE',  ( 8.890000000000000600, -7.607142857142859400, 0.09444937400002434400 ) ) ;
#1106 = LINE ( 'NONE', #6718, #6915 ) ;
#1107 = FACE_OUTER_BOUND ( 'NONE', #1451, .T. ) ;
#1108 = EDGE_CURVE ( 'NONE', #2868, #3530, #3679, .T. ) ;
#1109 = EDGE_CURVE ( 'NONE', #1019, #5088, #703, .T. ) ;
#1110 =( NAMED_UNIT ( * ) SI_UNIT ( $, .STERADIAN. ) SOLID_ANGLE_UNIT ( ) );
#1111 = ORIENTED_EDGE ( 'NONE', *, *, #1065, .F. ) ;
#1112 = PRESENTATION_LAYER_ASSIGNMENT (  '', '', ( #347 ) ) ;
#1113 = MECHANICAL_DESIGN_GEOMETRIC_PRESENTATION_REPRESENTATION (  '', ( #7278 ), #1484 ) ;
#1114 = LINE ( 'NONE', #2569, #5443 ) ;
#1115 = EDGE_LOOP ( 'NONE', ( #5673, #4405, #6887, #3914 ) ) ;
#1116 = ORIENTED_EDGE ( 'NONE', *, *, #1901, .T. ) ;
#1117 = VERTEX_POINT ( 'NONE', #4706 ) ;
#1118 = FACE_OUTER_BOUND ( 'NONE', #4522, .T. ) ;
#1119 = FILL_AREA_STYLE ('',( #1475 ) ) ;
#1120 = SURFACE_STYLE_USAGE ( .BOTH. , #4479 ) ;
#1121 = VECTOR ( 'NONE', #5624, 1000.000000000000000 ) ;
#1122 = EDGE_CURVE ( 'NONE', #7094, #1421, #6355, .T. ) ;
#1123 = COLOUR_RGB ( '',0.7529411764705882200, 0.7529411764705882200, 0.7529411764705882200 ) ;
#1124 = AXIS2_PLACEMENT_3D ( 'NONE', #3917, #3864, #3637 ) ;
#1125 = AXIS2_PLACEMENT_3D ( 'NONE', #1715, #6255, #5692 ) ;
#1126 =( NAMED_UNIT ( * ) PLANE_ANGLE_UNIT ( ) SI_UNIT ( $, .RADIAN. ) );
#1127 = VECTOR ( 'NONE', #1176, 1000.000000000000000 ) ;
#1128 = CARTESIAN_POINT ( 'NONE',  ( -8.589999999999999900, 4.955000000000000100, 2.799999999999999800 ) ) ;
#1129 = ORIENTED_EDGE ( 'NONE', *, *, #1892, .F. ) ;
#1130 =( LENGTH_UNIT ( ) NAMED_UNIT ( * ) SI_UNIT ( .MILLI., .METRE. ) );
#1131 = DIRECTION ( 'NONE',  ( 1.000000000000000000, -0.0000000000000000000, -0.0000000000000000000 ) ) ;
#1132 = ORIENTED_EDGE ( 'NONE', *, *, #799, .F. ) ;
#1133 = LINE ( 'NONE', #1840, #952 ) ;
#1134 = FILL_AREA_STYLE ('',( #562 ) ) ;
#1135 = CARTESIAN_POINT ( 'NONE',  ( -11.50000000000000000, 6.049999999999999800, 2.799999999999999800 ) ) ;
#1136 = ADVANCED_FACE ( 'NONE', ( #3331 ), #2358, .T. ) ;
#1137 = PLANE ( 'NONE',  #4927 ) ;
#1138 = MECHANICAL_DESIGN_GEOMETRIC_PRESENTATION_REPRESENTATION (  '', ( #373 ), #1512 ) ;
#1139 =( LENGTH_UNIT ( ) NAMED_UNIT ( * ) SI_UNIT ( .MILLI., .METRE. ) );
#1140 = ORIENTED_EDGE ( 'NONE', *, *, #2490, .T. ) ;
#1141 = DIRECTION ( 'NONE',  ( -0.0000000000000000000, -1.000000000000000000, -0.0000000000000000000 ) ) ;
#1142 =( LENGTH_UNIT ( ) NAMED_UNIT ( * ) SI_UNIT ( .MILLI., .METRE. ) );
#1143 = LINE ( 'NONE', #4354, #2434 ) ;
#1144 = ORIENTED_EDGE ( 'NONE', *, *, #403, .T. ) ;
#1145 =( LENGTH_UNIT ( ) NAMED_UNIT ( * ) SI_UNIT ( .MILLI., .METRE. ) );
#1146 = ITEM_DEFINED_TRANSFORMATION ( 'NONE', 'NONE', #209,  #2977 ) ;
#1147 = EDGE_CURVE ( 'NONE', #1368, #2627, #5845, .T. ) ;
#1148 =( LENGTH_UNIT ( ) NAMED_UNIT ( * ) SI_UNIT ( .MILLI., .METRE. ) );
#1149 = CARTESIAN_POINT ( 'NONE',  ( 0.0000000000000000000, 6.850000000000000500, 0.0000000000000000000 ) ) ;
#1150 = DIRECTION ( 'NONE',  ( 0.0000000000000000000, 0.0000000000000000000, 1.000000000000000000 ) ) ;
#1151 = AXIS2_PLACEMENT_3D ( 'NONE', #6922, #3539, #171 ) ;
#1152 = ORIENTED_EDGE ( 'NONE', *, *, #5904, .F. ) ;
#1153 = MECHANICAL_DESIGN_GEOMETRIC_PRESENTATION_REPRESENTATION (  '', ( #18 ), #1530 ) ;
#1154 = FILL_AREA_STYLE_COLOUR ( '', #4323 ) ;
#1155 = DIRECTION ( 'NONE',  ( -0.0000000000000000000, -0.0000000000000000000, -1.000000000000000000 ) ) ;
#1156 = FILL_AREA_STYLE_COLOUR ( '', #2632 ) ;
#1157 = EDGE_LOOP ( 'NONE', ( #1674, #4770, #4588, #6057 ) ) ;
#1158 = FACE_OUTER_BOUND ( 'NONE', #6143, .T. ) ;
#1159 = CARTESIAN_POINT ( 'NONE',  ( 8.390000000000000600, -6.849999999999999600, 0.9499999999999999600 ) ) ;
#1160 = EDGE_CURVE ( 'NONE', #3640, #6825, #2795, .T. ) ;
#1161 = VECTOR ( 'NONE', #3175, 1000.000000000000000 ) ;
#1162 = STYLED_ITEM ( 'NONE', ( #2541 ), #1815 ) ;
#1163 = DIRECTION ( 'NONE',  ( 1.000000000000000000, -2.047319486629579800E-065, 0.0000000000000000000 ) ) ;
#1164 = LINE ( 'NONE', #5408, #2457 ) ;
#1165 = CYLINDRICAL_SURFACE ( 'NONE', #3778, 0.5999999999999998700 ) ;
#1166 = STYLED_ITEM ( 'NONE', ( #2348 ), #6248 ) ;
#1167 = ADVANCED_FACE ( 'NONE', ( #6778 ), #4796, .T. ) ;
#1168 =( NAMED_UNIT ( * ) PLANE_ANGLE_UNIT ( ) SI_UNIT ( $, .RADIAN. ) );
#1169 = SURFACE_STYLE_USAGE ( .BOTH. , #1195 ) ;
#1170 = COLOUR_RGB ( '',0.7529411764705882200, 0.7529411764705882200, 0.7529411764705882200 ) ;
#1171 = EDGE_LOOP ( 'NONE', ( #1513, #5965, #3569, #6506 ) ) ;
#1172 = EDGE_CURVE ( 'NONE', #3716, #920, #6601, .T. ) ;
#1173 = EDGE_LOOP ( 'NONE', ( #2895, #4356, #7213, #3079 ) ) ;
#1174 = SURFACE_STYLE_FILL_AREA ( #1243 ) ;
#1175 = APPLICATION_PROTOCOL_DEFINITION ( 'draft international standard', 'automotive_design', 1998, #4549 ) ;
#1176 = DIRECTION ( 'NONE',  ( -1.000000000000000000, -0.0000000000000000000, 0.0000000000000000000 ) ) ;
#1177 = STYLED_ITEM ( 'NONE', ( #780 ), #2634 ) ;
#1178 = DIRECTION ( 'NONE',  ( 0.0000000000000000000, 0.0000000000000000000, -1.000000000000000000 ) ) ;
#1179 = LINE ( 'NONE', #460, #5514 ) ;
#1180 = FILL_AREA_STYLE ('',( #3394 ) ) ;
#1181 = ORIENTED_EDGE ( 'NONE', *, *, #6963, .T. ) ;
#1182 =( LENGTH_UNIT ( ) NAMED_UNIT ( * ) SI_UNIT ( .MILLI., .METRE. ) );
#1183 = CARTESIAN_POINT ( 'NONE',  ( -11.50000000000000000, 6.250000000000000000, 1.600000000000000100 ) ) ;
#1184 = SURFACE_STYLE_FILL_AREA ( #6989 ) ;
#1185 = COLOUR_RGB ( '',0.7529411764705882200, 0.7529411764705882200, 0.7529411764705882200 ) ;
#1186 = DIRECTION ( 'NONE',  ( -1.000000000000000000, 0.0000000000000000000, 0.0000000000000000000 ) ) ;
#1187 = CARTESIAN_POINT ( 'NONE',  ( 9.390000000000000600, -7.875740647047340600, 0.2507484938770950800 ) ) ;
#1188 =( GEOMETRIC_REPRESENTATION_CONTEXT ( 3 ) GLOBAL_UNCERTAINTY_ASSIGNED_CONTEXT ( ( #6301 ) ) GLOBAL_UNIT_ASSIGNED_CONTEXT ( ( #3402, #48, #3987 ) ) REPRESENTATION_CONTEXT ( 'NONE', 'WORKASPACE' ) );
#1189 =( LENGTH_UNIT ( ) NAMED_UNIT ( * ) SI_UNIT ( .MILLI., .METRE. ) );
#1190 = ORIENTED_EDGE ( 'NONE', *, *, #1108, .T. ) ;
#1191 = PLANE ( 'NONE',  #5851 ) ;
#1192 = VERTEX_POINT ( 'NONE', #4888 ) ;
#1193 = ORIENTED_EDGE ( 'NONE', *, *, #5996, .T. ) ;
#1194 = DIRECTION ( 'NONE',  ( 0.0000000000000000000, 4.956352788505163500E-015, -1.000000000000000000 ) ) ;
#1195 = SURFACE_SIDE_STYLE ('',( #1174 ) ) ;
#1196 = LINE ( 'NONE', #1559, #7013 ) ;
#1197 =( GEOMETRIC_REPRESENTATION_CONTEXT ( 3 ) GLOBAL_UNCERTAINTY_ASSIGNED_CONTEXT ( ( #4100 ) ) GLOBAL_UNIT_ASSIGNED_CONTEXT ( ( #684, #4627, #1257 ) ) REPRESENTATION_CONTEXT ( 'NONE', 'WORKASPACE' ) );
#1198 = CARTESIAN_POINT ( 'NONE',  ( -9.390000000000000600, 7.099999999999999600, 0.3499999999999999800 ) ) ;
#1199 = ORIENTED_EDGE ( 'NONE', *, *, #1443, .T. ) ;
#1200 = FILL_AREA_STYLE_COLOUR ( '', #6670 ) ;
#1201 = EDGE_CURVE ( 'NONE', #3908, #337, #2250, .T. ) ;
#1202 = DIRECTION ( 'NONE',  ( 1.000000000000000000, -0.0000000000000000000, -0.0000000000000000000 ) ) ;
#1203 = FILL_AREA_STYLE_COLOUR ( '', #3521 ) ;
#1204 = ORIENTED_EDGE ( 'NONE', *, *, #5116, .F. ) ;
#1205 = ADVANCED_FACE ( 'NONE', ( #5109 ), #5044, .T. ) ;
#1206 = EDGE_CURVE ( 'NONE', #5088, #7056, #82, .T. ) ;
#1207 = FILL_AREA_STYLE_COLOUR ( '', #2981 ) ;
#1208 =( GEOMETRIC_REPRESENTATION_CONTEXT ( 3 ) GLOBAL_UNCERTAINTY_ASSIGNED_CONTEXT ( ( #2406 ) ) GLOBAL_UNIT_ASSIGNED_CONTEXT ( ( #7055, #7107, #6401 ) ) REPRESENTATION_CONTEXT ( 'NONE', 'WORKASPACE' ) );
#1209 = FILL_AREA_STYLE ('',( #1758 ) ) ;
#1210 =( NAMED_UNIT ( * ) SI_UNIT ( $, .STERADIAN. ) SOLID_ANGLE_UNIT ( ) );
#1211 = MECHANICAL_DESIGN_GEOMETRIC_PRESENTATION_REPRESENTATION (  '', ( #72 ), #1577 ) ;
#1212 = PLANE ( 'NONE',  #1624 ) ;
#1213 = CARTESIAN_POINT ( 'NONE',  ( -12.07499999999999900, 6.650000000000001200, 7.599999999999999600 ) ) ;
#1214 = VECTOR ( 'NONE', #6587, 1000.000000000000000 ) ;
#1215 = CARTESIAN_POINT ( 'NONE',  ( 8.890000000000000600, 9.000000000000001800, 0.0000000000000000000 ) ) ;
#1216 = EDGE_CURVE ( 'NONE', #3381, #7121, #1572, .T. ) ;
#1217 = MECHANICAL_DESIGN_GEOMETRIC_PRESENTATION_REPRESENTATION (  '', ( #455 ), #1586 ) ;
#1218 = ORIENTED_EDGE ( 'NONE', *, *, #1397, .F. ) ;
#1219 = UNCERTAINTY_MEASURE_WITH_UNIT (LENGTH_MEASURE( 1.000000000000000100E-005 ), #2507, 'distance_accuracy_value', 'NONE');
#1220 = ORIENTED_EDGE ( 'NONE', *, *, #4256, .T. ) ;
#1221 = SURFACE_STYLE_USAGE ( .BOTH. , #656 ) ;
#1222 = EDGE_LOOP ( 'NONE', ( #5921, #1964, #3020, #6750 ) ) ;
#1223 =( NAMED_UNIT ( * ) PLANE_ANGLE_UNIT ( ) SI_UNIT ( $, .RADIAN. ) );
#1224 = SURFACE_STYLE_USAGE ( .BOTH. , #4602 ) ;
#1225 =( NAMED_UNIT ( * ) SI_UNIT ( $, .STERADIAN. ) SOLID_ANGLE_UNIT ( ) );
#1226 = PLANE ( 'NONE',  #2293 ) ;
#1227 = DIRECTION ( 'NONE',  ( -1.213057269022220100E-060, -1.000000000000000000, 0.0000000000000000000 ) ) ;
#1228 = MECHANICAL_DESIGN_GEOMETRIC_PRESENTATION_REPRESENTATION (  '', ( #94 ), #1601 ) ;
#1229 = VECTOR ( 'NONE', #2696, 1000.000000000000000 ) ;
#1230 = VECTOR ( 'NONE', #468, 1000.000000000000000 ) ;
#1231 = VECTOR ( 'NONE', #2162, 1000.000000000000000 ) ;
#1232 = DIRECTION ( 'NONE',  ( 1.000000000000000000, 0.0000000000000000000, -0.0000000000000000000 ) ) ;
#1233 = SURFACE_STYLE_USAGE ( .BOTH. , #3483 ) ;
#1234 = ORIENTED_EDGE ( 'NONE', *, *, #3553, .T. ) ;
#1235 = CARTESIAN_POINT ( 'NONE',  ( 11.50000000000000000, -6.250000000000000000, 7.599999999999999600 ) ) ;
#1236 = PLANE ( 'NONE',  #1967 ) ;
#1237 = PRESENTATION_STYLE_ASSIGNMENT (( #6412 ) ) ;
#1238 = VECTOR ( 'NONE', #333, 1000.000000000000000 ) ;
#1239 = VERTEX_POINT ( 'NONE', #4264 ) ;
#1240 = SURFACE_STYLE_FILL_AREA ( #345 ) ;
#1241 = ORIENTED_EDGE ( 'NONE', *, *, #2300, .T. ) ;
#1242 = ADVANCED_FACE ( 'NONE', ( #5924 ), #6676, .T. ) ;
#1243 = FILL_AREA_STYLE ('',( #1532 ) ) ;
#1244 = ORIENTED_EDGE ( 'NONE', *, *, #2593, .T. ) ;
#1245 = ORIENTED_EDGE ( 'NONE', *, *, #2236, .T. ) ;
#1246 = CARTESIAN_POINT ( 'NONE',  ( 0.0000000000000000000, 6.250000000000000000, 1.600000000000000100 ) ) ;
#1247 = EDGE_CURVE ( 'NONE', #3105, #3530, #2335, .T. ) ;
#1248 = PRESENTATION_STYLE_ASSIGNMENT (( #158 ) ) ;
#1249 = CYLINDRICAL_SURFACE ( 'NONE', #1536, 0.3499999999999999800 ) ;
#1250 = FACE_OUTER_BOUND ( 'NONE', #478, .T. ) ;
#1251 = STYLED_ITEM ( 'NONE', ( #4526 ), #1003 ) ;
#1252 = ORIENTED_EDGE ( 'NONE', *, *, #4267, .F. ) ;
#1254 = STYLED_ITEM ( 'NONE', ( #6616 ), #5697 ) ;
#1253 = FACE_OUTER_BOUND ( 'NONE', #3284, .T. ) ;
#1255 = MECHANICAL_DESIGN_GEOMETRIC_PRESENTATION_REPRESENTATION (  '', ( #7054 ), #1618 ) ;
#1256 = PRESENTATION_STYLE_ASSIGNMENT (( #5359 ) ) ;
#1257 =( NAMED_UNIT ( * ) SI_UNIT ( $, .STERADIAN. ) SOLID_ANGLE_UNIT ( ) );
#1258 = COLOUR_RGB ( '',0.7529411764705882200, 0.7529411764705882200, 0.7529411764705882200 ) ;
#1259 = DIRECTION ( 'NONE',  ( -0.0000000000000000000, -0.0000000000000000000, -1.000000000000000000 ) ) ;
#1260 = DIRECTION ( 'NONE',  ( 0.0000000000000000000, -1.000000000000000000, -0.0000000000000000000 ) ) ;
#1261 = ORIENTED_EDGE ( 'NONE', *, *, #1762, .F. ) ;
#1262 = ORIENTED_EDGE ( 'NONE', *, *, #1356, .F. ) ;
#1263 = EDGE_CURVE ( 'NONE', #7218, #6454, #5384, .T. ) ;
#1264 =( LENGTH_UNIT ( ) NAMED_UNIT ( * ) SI_UNIT ( .MILLI., .METRE. ) );
#1265 = AXIS2_PLACEMENT_3D ( 'NONE', #4737, #4713, #4691 ) ;
#1266 = FACE_OUTER_BOUND ( 'NONE', #4768, .T. ) ;
#1267 = AXIS2_PLACEMENT_3D ( 'NONE', #547, #519, #496 ) ;
#1268 = FILL_AREA_STYLE_COLOUR ( '', #1001 ) ;
#1269 = CARTESIAN_POINT ( 'NONE',  ( 6.349999999999999600, 9.000000000000001800, -0.2500000000000000000 ) ) ;
#1270 = UNCERTAINTY_MEASURE_WITH_UNIT (LENGTH_MEASURE( 1.000000000000000100E-005 ), #5383, 'distance_accuracy_value', 'NONE');
#1271 = CYLINDRICAL_SURFACE ( 'NONE', #4071, 0.3500000000000020300 ) ;
#1272 = DIRECTION ( 'NONE',  ( 0.0000000000000000000, 0.0000000000000000000, 1.000000000000000000 ) ) ;
#1273 = ORIENTED_EDGE ( 'NONE', *, *, #2202, .F. ) ;
#1274 = LINE ( 'NONE', #714, #5607 ) ;
#1275 =( NAMED_UNIT ( * ) PLANE_ANGLE_UNIT ( ) SI_UNIT ( $, .RADIAN. ) );
#1276 = ORIENTED_EDGE ( 'NONE', *, *, #7148, .F. ) ;
#1277 = ORIENTED_EDGE ( 'NONE', *, *, #1571, .F. ) ;
#1278 = FILL_AREA_STYLE ('',( #6882 ) ) ;
#1279 = AXIS2_PLACEMENT_3D ( 'NONE', #976, #4911, #1537 ) ;
#1280 = ORIENTED_EDGE ( 'NONE', *, *, #1705, .T. ) ;
#1281 = UNCERTAINTY_MEASURE_WITH_UNIT (LENGTH_MEASURE( 1.000000000000000100E-005 ), #2735, 'distance_accuracy_value', 'NONE');
#1282 = CARTESIAN_POINT ( 'NONE',  ( 8.890000000000000600, 4.955000000000000100, 4.599999999999999600 ) ) ;
#1283 = DIRECTION ( 'NONE',  ( 0.0000000000000000000, 4.956352788505163500E-015, 1.000000000000000000 ) ) ;
#1284 = ADVANCED_FACE ( 'NONE', ( #2148 ), #6003, .T. ) ;
#1285 = DIRECTION ( 'NONE',  ( 2.640288016400939700E-029, -1.000000000000000000, 1.201675860940661900E-057 ) ) ;
#1286 = ORIENTED_EDGE ( 'NONE', *, *, #251, .T. ) ;
#1287 = ORIENTED_EDGE ( 'NONE', *, *, #438, .T. ) ;
#1288 = CARTESIAN_POINT ( 'NONE',  ( 11.87500000000000000, -6.650000000000000400, 1.600000000000000100 ) ) ;
#1289 = LINE ( 'NONE', #5027, #484 ) ;
#1290 = VECTOR ( 'NONE', #1689, 1000.000000000000000 ) ;
#1291 = UNCERTAINTY_MEASURE_WITH_UNIT (LENGTH_MEASURE( 1.000000000000000100E-005 ), #4042, 'distance_accuracy_value', 'NONE');
#1292 = SURFACE_STYLE_USAGE ( .BOTH. , #1312 ) ;
#1293 = DIRECTION ( 'NONE',  ( 0.0000000000000000000, 0.4259177099999607600, -0.9047619047619044300 ) ) ;
#1294 = ORIENTED_EDGE ( 'NONE', *, *, #5669, .T. ) ;
#1295 = CARTESIAN_POINT ( 'NONE',  ( 6.049999999999999800, 5.205000000000000100, 4.599999999999999600 ) ) ;
#1296 = VECTOR ( 'NONE', #1293, 1000.000000000000200 ) ;
#1297 = EDGE_CURVE ( 'NONE', #5438, #5743, #1651, .T. ) ;
#1298 = ORIENTED_EDGE ( 'NONE', *, *, #6087, .F. ) ;
#1299 = ORIENTED_EDGE ( 'NONE', *, *, #7180, .T. ) ;
#1300 = CARTESIAN_POINT ( 'NONE',  ( -11.87500000000000000, -6.649999999996933500, 2.236166980751352900E-016 ) ) ;
#1301 =( NAMED_UNIT ( * ) SI_UNIT ( $, .STERADIAN. ) SOLID_ANGLE_UNIT ( ) );
#1302 = LINE ( 'NONE', #3315, #4105 ) ;
#1303 = SURFACE_SIDE_STYLE ('',( #3132 ) ) ;
#1304 = AXIS2_PLACEMENT_3D ( 'NONE', #6203, #2790, #6742 ) ;
#1305 = PRESENTATION_LAYER_ASSIGNMENT (  '', '', ( #154 ) ) ;
#1306 = LINE ( 'NONE', #1103, #4109 ) ;
#1307 = CARTESIAN_POINT ( 'NONE',  ( 5.850000000000000500, -7.607142857142860300, 0.09444937400002460800 ) ) ;
#1308 = DIRECTION ( 'NONE',  ( 0.0000000000000000000, -0.0000000000000000000, -1.000000000000000000 ) ) ;
#1309 = EDGE_CURVE ( 'NONE', #3622, #22, #4668, .T. ) ;
#1310 = DIRECTION ( 'NONE',  ( 1.000000000000000000, 0.0000000000000000000, 0.0000000000000000000 ) ) ;
#1311 =( LENGTH_UNIT ( ) NAMED_UNIT ( * ) SI_UNIT ( .MILLI., .METRE. ) );
#1312 = SURFACE_SIDE_STYLE ('',( #3456 ) ) ;
#1313 =( NAMED_UNIT ( * ) SI_UNIT ( $, .STERADIAN. ) SOLID_ANGLE_UNIT ( ) );
#1314 = FILL_AREA_STYLE ('',( #750 ) ) ;
#1315 = DIRECTION ( 'NONE',  ( 0.0000000000000000000, 0.0000000000000000000, 1.000000000000000000 ) ) ;
#1316 = EDGE_CURVE ( 'NONE', #5796, #3447, #4475, .T. ) ;
#1317 = PRESENTATION_LAYER_ASSIGNMENT (  '', '', ( #556 ) ) ;
#1318 = ADVANCED_FACE ( 'NONE', ( #165 ), #5482, .F. ) ;
#1319 = DIRECTION ( 'NONE',  ( 0.0000000000000000000, 0.0000000000000000000, 1.000000000000000000 ) ) ;
#1320 = ORIENTED_EDGE ( 'NONE', *, *, #6771, .F. ) ;
#1321 = VERTEX_POINT ( 'NONE', #6046 ) ;
#1322 = DIRECTION ( 'NONE',  ( -1.000000000000000000, -0.0000000000000000000, -0.0000000000000000000 ) ) ;
#1323 = FILL_AREA_STYLE_COLOUR ( '', #394 ) ;
#1324 = LINE ( 'NONE', #3382, #7127 ) ;
#1325 = CARTESIAN_POINT ( 'NONE',  ( 8.390000000000000600, 7.099999999999999600, 0.3499999999999999800 ) ) ;
#1326 =( NAMED_UNIT ( * ) SI_UNIT ( $, .STERADIAN. ) SOLID_ANGLE_UNIT ( ) );
#1327 = VECTOR ( 'NONE', #4319, 1000.000000000000200 ) ;
#1328 = DIRECTION ( 'NONE',  ( 0.0000000000000000000, 0.4259177099999605900, 0.9047619047619044300 ) ) ;
#1329 = FILL_AREA_STYLE_COLOUR ( '', #1509 ) ;
#1330 = FILL_AREA_STYLE ('',( #6940 ) ) ;
#1331 = CARTESIAN_POINT ( 'NONE',  ( -9.390000000000000600, -7.875740647047340600, 0.0000000000000000000 ) ) ;
#1332 =( GEOMETRIC_REPRESENTATION_CONTEXT ( 3 ) GLOBAL_UNCERTAINTY_ASSIGNED_CONTEXT ( ( #1576 ) ) GLOBAL_UNIT_ASSIGNED_CONTEXT ( ( #492, #4426, #1064 ) ) REPRESENTATION_CONTEXT ( 'NONE', 'WORKASPACE' ) );
#1333 = ADVANCED_BREP_SHAPE_REPRESENTATION ( '', ( #2155, #2977 ), #4887 ) ;
#1334 = FILL_AREA_STYLE ('',( #1503 ) ) ;
#1335 = SURFACE_STYLE_FILL_AREA ( #4275 ) ;
#1336 = FILL_AREA_STYLE ('',( #3089 ) ) ;
#1337 = DIRECTION ( 'NONE',  ( 0.0000000000000000000, -1.000000000000000000, -0.0000000000000000000 ) ) ;
#1338 = CARTESIAN_POINT ( 'NONE',  ( -12.07499999999999900, 6.850000000000000500, 0.6999999999999999600 ) ) ;
#1339 = ORIENTED_EDGE ( 'NONE', *, *, #3933, .F. ) ;
#1340 = VECTOR ( 'NONE', #4422, 1000.000000000000000 ) ;
#1341 = CARTESIAN_POINT ( 'NONE',  ( -11.50000000000000000, 6.250000000000000000, 7.599999999999999600 ) ) ;
#1342 = LINE ( 'NONE', #6727, #1161 ) ;
#1343 =( NAMED_UNIT ( * ) SI_UNIT ( $, .STERADIAN. ) SOLID_ANGLE_UNIT ( ) );
#1344 = SURFACE_SIDE_STYLE ('',( #6744 ) ) ;
#1345 = EDGE_CURVE ( 'NONE', #2528, #5446, #6765, .T. ) ;
#1346 = EDGE_CURVE ( 'NONE', #3862, #5446, #3763, .T. ) ;
#1347 = EDGE_CURVE ( 'NONE', #5969, #6651, #5292, .T. ) ;
#1348 = PRESENTATION_LAYER_ASSIGNMENT (  '', '', ( #591 ) ) ;
#1349 = ORIENTED_EDGE ( 'NONE', *, *, #1247, .T. ) ;
#1350 = EDGE_LOOP ( 'NONE', ( #3870, #2450, #886, #2179 ) ) ;
#1351 = LINE ( 'NONE', #1510, #2643 ) ;
#1352 = CARTESIAN_POINT ( 'NONE',  ( -11.87500000000000000, -6.767157287523740000, -1.796093705219270500E-012 ) ) ;
#1353 = CARTESIAN_POINT ( 'NONE',  ( -8.890000000000000600, -8.150000000000000400, -0.2499999999999999400 ) ) ;
#1354 = ADVANCED_FACE ( 'NONE', ( #788 ), #5497, .T. ) ;
#1355 = VECTOR ( 'NONE', #2227, 1000.000000000000000 ) ;
#1356 = EDGE_CURVE ( 'NONE', #6651, #1781, #5549, .T. ) ;
#1357 = DIRECTION ( 'NONE',  ( 0.0000000000000000000, 0.0000000000000000000, -1.000000000000000000 ) ) ;
#1358 = ORIENTED_EDGE ( 'NONE', *, *, #3919, .T. ) ;
#1359 = PRESENTATION_LAYER_ASSIGNMENT (  '', '', ( #219 ) ) ;
#1360 = PRESENTATION_STYLE_ASSIGNMENT (( #3730 ) ) ;
#1361 = STYLED_ITEM ( 'NONE', ( #517 ), #2315 ) ;
#1362 = CARTESIAN_POINT ( 'NONE',  ( 6.349999999999999600, -6.850000000000000500, 0.6999999999999999600 ) ) ;
#1363 = CARTESIAN_POINT ( 'NONE',  ( -8.589999999999999900, 5.205000000000000100, 4.599999999999999600 ) ) ;
#1364 = SURFACE_SIDE_STYLE ('',( #4242 ) ) ;
#1365 = CIRCLE ( 'NONE', #2797, 0.2000000000000005100 ) ;
#1366 = VERTEX_POINT ( 'NONE', #6563 ) ;
#1367 = CARTESIAN_POINT ( 'NONE',  ( -8.890000000000000600, -9.000000000000001800, 0.0000000000000000000 ) ) ;
#1368 = VERTEX_POINT ( 'NONE', #6614 ) ;
#1369 = VERTEX_POINT ( 'NONE', #6635 ) ;
#1370 = ORIENTED_EDGE ( 'NONE', *, *, #4256, .F. ) ;
#1371 = CIRCLE ( 'NONE', #1722, 0.5000000000000004400 ) ;
#1372 = CARTESIAN_POINT ( 'NONE',  ( 12.07499999999999900, -6.850000000000000500, 7.599999999999999600 ) ) ;
#1373 = DIRECTION ( 'NONE',  ( 0.0000000000000000000, 1.000000000000000000, 0.0000000000000000000 ) ) ;
#1374 = PRESENTATION_LAYER_ASSIGNMENT (  '', '', ( #1733 ) ) ;
#1375 = ORIENTED_EDGE ( 'NONE', *, *, #4218, .T. ) ;
#1376 = FILL_AREA_STYLE_COLOUR ( '', #7194 ) ;
#1377 = CARTESIAN_POINT ( 'NONE',  ( -12.07500000000000100, -6.650000000000001200, 0.1999999999999996500 ) ) ;
#1378 = EDGE_LOOP ( 'NONE', ( #3001, #2260, #2769, #2126 ) ) ;
#1379 = ORIENTED_EDGE ( 'NONE', *, *, #5378, .T. ) ;
#1380 = VERTEX_POINT ( 'NONE', #6555 ) ;
#1381 = CARTESIAN_POINT ( 'NONE',  ( -12.07499999999999900, 6.850000000000000500, 0.0000000000000000000 ) ) ;
#1382 = STYLED_ITEM ( 'NONE', ( #2575 ), #4186 ) ;
#1383 = CARTESIAN_POINT ( 'NONE',  ( 6.850000000000000500, 7.642857142857139700, 0.6055506259999771100 ) ) ;
#1384 = SURFACE_SIDE_STYLE ('',( #3434 ) ) ;
#1385 = DIRECTION ( 'NONE',  ( 0.0000000000000000000, 0.0000000000000000000, 1.000000000000000000 ) ) ;
#1386 = EDGE_CURVE ( 'NONE', #2215, #4721, #2677, .T. ) ;
#1387 = ADVANCED_FACE ( 'NONE', ( #7025 ), #2759, .F. ) ;
#1388 = CARTESIAN_POINT ( 'NONE',  ( 5.850000000000000500, -7.642857142857139700, 0.6055506259999771100 ) ) ;
#1389 = COLOUR_RGB ( '',0.7529411764705882200, 0.7529411764705882200, 0.7529411764705882200 ) ;
#1390 = FILL_AREA_STYLE_COLOUR ( '', #3499 ) ;
#1391 = UNCERTAINTY_MEASURE_WITH_UNIT (LENGTH_MEASURE( 1.000000000000000100E-005 ), #5284, 'distance_accuracy_value', 'NONE');
#1392 = SURFACE_SIDE_STYLE ('',( #3220 ) ) ;
#1393 = MECHANICAL_DESIGN_GEOMETRIC_PRESENTATION_REPRESENTATION (  '', ( #258 ), #1750 ) ;
#1394 = VECTOR ( 'NONE', #2501, 1000.000000000000000 ) ;
#1395 = ORIENTED_EDGE ( 'NONE', *, *, #4989, .F. ) ;
#1396 = SURFACE_STYLE_USAGE ( .BOTH. , #4772 ) ;
#1397 = EDGE_CURVE ( 'NONE', #7053, #2930, #504, .T. ) ;
#1398 = ORIENTED_EDGE ( 'NONE', *, *, #2867, .F. ) ;
#1399 = STYLED_ITEM ( 'NONE', ( #3607 ), #1914 ) ;
#1400 = ORIENTED_EDGE ( 'NONE', *, *, #3880, .F. ) ;
#1401 =( NAMED_UNIT ( * ) PLANE_ANGLE_UNIT ( ) SI_UNIT ( $, .RADIAN. ) );
#1402 =( GEOMETRIC_REPRESENTATION_CONTEXT ( 3 ) GLOBAL_UNCERTAINTY_ASSIGNED_CONTEXT ( ( #3481 ) ) GLOBAL_UNIT_ASSIGNED_CONTEXT ( ( #6144, #2721, #6675 ) ) REPRESENTATION_CONTEXT ( 'NONE', 'WORKASPACE' ) );
#1403 = SURFACE_SIDE_STYLE ('',( #7230 ) ) ;
#1404 = SURFACE_STYLE_USAGE ( .BOTH. , #4781 ) ;
#1405 = PRESENTATION_STYLE_ASSIGNMENT (( #6096 ) ) ;
#1406 = FACE_OUTER_BOUND ( 'NONE', #2483, .T. ) ;
#1407 = SURFACE_STYLE_FILL_AREA ( #7265 ) ;
#1408 =( LENGTH_UNIT ( ) NAMED_UNIT ( * ) SI_UNIT ( .MILLI., .METRE. ) );
#1409 = VERTEX_POINT ( 'NONE', #2972 ) ;
#1410 = CARTESIAN_POINT ( 'NONE',  ( -9.189999999999999500, -5.205000000000000100, 2.799999999999999800 ) ) ;
#1411 = CARTESIAN_POINT ( 'NONE',  ( 8.390000000000000600, -7.607142857142859400, 0.09444937400002442800 ) ) ;
#1412 = FACE_BOUND ( 'NONE', #2467, .T. ) ;
#1413 = CYLINDRICAL_SURFACE ( 'NONE', #5138, 0.2000000000000005100 ) ;
#1414 = CARTESIAN_POINT ( 'NONE',  ( 8.390000000000000600, -6.850000000000000500, 0.6999999999999999600 ) ) ;
#1415 = ORIENTED_EDGE ( 'NONE', *, *, #5518, .T. ) ;
#1416 = SURFACE_STYLE_FILL_AREA ( #2884 ) ;
#1417 = DIRECTION ( 'NONE',  ( 1.632966780389950100E-028, -0.0000000000000000000, -1.000000000000000000 ) ) ;
#1418 = ORIENTED_EDGE ( 'NONE', *, *, #7180, .F. ) ;
#1419 = UNCERTAINTY_MEASURE_WITH_UNIT (LENGTH_MEASURE( 1.000000000000000100E-005 ), #5422, 'distance_accuracy_value', 'NONE');
#1420 = PRESENTATION_STYLE_ASSIGNMENT (( #6219 ) ) ;
#1421 = VERTEX_POINT ( 'NONE', #6679 ) ;
#1422 = FILL_AREA_STYLE_COLOUR ( '', #6608 ) ;
#1423 = LINE ( 'NONE', #1819, #4227 ) ;
#1424 =( GEOMETRIC_REPRESENTATION_CONTEXT ( 3 ) GLOBAL_UNCERTAINTY_ASSIGNED_CONTEXT ( ( #653 ) ) GLOBAL_UNIT_ASSIGNED_CONTEXT ( ( #4645, #1275, #5217 ) ) REPRESENTATION_CONTEXT ( 'NONE', 'WORKASPACE' ) );
#1425 = VECTOR ( 'NONE', #1684, 1000.000000000000000 ) ;
#1426 = EDGE_LOOP ( 'NONE', ( #1280, #1190, #6183, #2533 ) ) ;
#1427 = DIRECTION ( 'NONE',  ( 0.0000000000000000000, -0.0000000000000000000, 1.000000000000000000 ) ) ;
#1428 = DIRECTION ( 'NONE',  ( -0.0000000000000000000, -0.0000000000000000000, -1.000000000000000000 ) ) ;
#1429 = CARTESIAN_POINT ( 'NONE',  ( 12.07500000000000100, -6.650000000000001200, 0.08284271247461974500 ) ) ;
#1430 = SURFACE_STYLE_USAGE ( .BOTH. , #4808 ) ;
#1431 = LINE ( 'NONE', #3723, #5780 ) ;
#1432 = UNCERTAINTY_MEASURE_WITH_UNIT (LENGTH_MEASURE( 1.000000000000000100E-005 ), #1944, 'distance_accuracy_value', 'NONE');
#1433 = ORIENTED_EDGE ( 'NONE', *, *, #1622, .F. ) ;
#1434 = ORIENTED_EDGE ( 'NONE', *, *, #5720, .T. ) ;
#1436 = STYLED_ITEM ( 'NONE', ( #1777 ), #5161 ) ;
#1435 = PRESENTATION_STYLE_ASSIGNMENT (( #5313 ) ) ;
#1437 = AXIS2_PLACEMENT_3D ( 'NONE', #3043, #6997, #3611 ) ;
#1438 =( LENGTH_UNIT ( ) NAMED_UNIT ( * ) SI_UNIT ( .MILLI., .METRE. ) );
#1439 = CARTESIAN_POINT ( 'NONE',  ( -10.57499999999999900, -5.349999999999999600, 0.0000000000000000000 ) ) ;
#1440 =( LENGTH_UNIT ( ) NAMED_UNIT ( * ) SI_UNIT ( .MILLI., .METRE. ) );
#1441 = VECTOR ( 'NONE', #2995, 1000.000000000000000 ) ;
#1442 = MANIFOLD_SOLID_BREP ( 'Importiert1', #6911 ) ;
#1443 = EDGE_CURVE ( 'NONE', #2627, #2292, #5823, .T. ) ;
#1444 = AXIS2_PLACEMENT_3D ( 'NONE', #205, #184, #156 ) ;
#1445 = ORIENTED_EDGE ( 'NONE', *, *, #6482, .T. ) ;
#1446 = LINE ( 'NONE', #847, #2749 ) ;
#1447 = DIRECTION ( 'NONE',  ( 1.000000000000000000, 0.0000000000000000000, -0.0000000000000000000 ) ) ;
#1448 = MECHANICAL_DESIGN_GEOMETRIC_PRESENTATION_REPRESENTATION (  '', ( #688 ), #1810 ) ;
#1449 = ORIENTED_EDGE ( 'NONE', *, *, #5529, .F. ) ;
#1450 = ORIENTED_EDGE ( 'NONE', *, *, #5662, .T. ) ;
#1451 = EDGE_LOOP ( 'NONE', ( #4445, #5444, #5410, #6122 ) ) ;
#1452 = CARTESIAN_POINT ( 'NONE',  ( 6.849999999999999600, 6.850000000000000500, 0.6999999999999999600 ) ) ;
#1453 = EDGE_CURVE ( 'NONE', #6228, #3963, #4823, .T. ) ;
#1454 = DIRECTION ( 'NONE',  ( 1.000000000000000000, 0.0000000000000000000, 0.0000000000000000000 ) ) ;
#1455 = STYLED_ITEM ( 'NONE', ( #3673 ), #650 ) ;
#1456 = FILL_AREA_STYLE_COLOUR ( '', #6533 ) ;
#1457 = ORIENTED_EDGE ( 'NONE', *, *, #217, .F. ) ;
#1458 = FILL_AREA_STYLE_COLOUR ( '', #3438 ) ;
#1459 = DIRECTION ( 'NONE',  ( 0.0000000000000000000, -0.4259177099999607600, -0.9047619047619044300 ) ) ;
#1460 = DIRECTION ( 'NONE',  ( -1.000000000000000000, -0.0000000000000000000, -0.0000000000000000000 ) ) ;
#1461 = DIRECTION ( 'NONE',  ( 0.0000000000000000000, 4.956352788505163500E-015, 1.000000000000000000 ) ) ;
#1462 = ORIENTED_EDGE ( 'NONE', *, *, #7117, .F. ) ;
#1463 = LINE ( 'NONE', #2111, #7266 ) ;
#1464 = ORIENTED_EDGE ( 'NONE', *, *, #2302, .F. ) ;
#1465 = ORIENTED_EDGE ( 'NONE', *, *, #2678, .T. ) ;
#1466 =( NAMED_UNIT ( * ) PLANE_ANGLE_UNIT ( ) SI_UNIT ( $, .RADIAN. ) );
#1467 = DIRECTION ( 'NONE',  ( 1.000000000000000000, -0.0000000000000000000, -0.0000000000000000000 ) ) ;
#1468 = SURFACE_STYLE_USAGE ( .BOTH. , #4845 ) ;
#1469 = ORIENTED_EDGE ( 'NONE', *, *, #3187, .F. ) ;
#1470 = DIRECTION ( 'NONE',  ( 0.0000000000000000000, 1.000000000000000000, 0.0000000000000000000 ) ) ;
#1471 = CARTESIAN_POINT ( 'NONE',  ( -8.390000000000000600, -8.150000000000000400, 0.3499999999999999800 ) ) ;
#1472 = VECTOR ( 'NONE', #1979, 1000.000000000000000 ) ;
#1473 = STYLED_ITEM ( 'NONE', ( #194 ), #4569 ) ;
#1474 = STYLED_ITEM ( 'NONE', ( #729 ), #4712 ) ;
#1475 = FILL_AREA_STYLE_COLOUR ( '', #7103 ) ;
#1476 = SURFACE_SIDE_STYLE ('',( #6980 ) ) ;
#1477 = EDGE_CURVE ( 'NONE', #2528, #3031, #2776, .T. ) ;
#1478 = DIRECTION ( 'NONE',  ( 1.000000000000000000, 0.0000000000000000000, 0.0000000000000000000 ) ) ;
#1479 = ORIENTED_EDGE ( 'NONE', *, *, #1216, .F. ) ;
#1480 = CARTESIAN_POINT ( 'NONE',  ( 9.390000000000000600, 8.150000000000000400, 0.3499999999999999800 ) ) ;
#1481 = EDGE_CURVE ( 'NONE', #245, #5208, #1306, .T. ) ;
#1482 = MECHANICAL_DESIGN_GEOMETRIC_PRESENTATION_REPRESENTATION (  '', ( #347 ), #1839 ) ;
#1483 =( NAMED_UNIT ( * ) PLANE_ANGLE_UNIT ( ) SI_UNIT ( $, .RADIAN. ) );
#1484 =( GEOMETRIC_REPRESENTATION_CONTEXT ( 3 ) GLOBAL_UNCERTAINTY_ASSIGNED_CONTEXT ( ( #558 ) ) GLOBAL_UNIT_ASSIGNED_CONTEXT ( ( #2728, #6677, #3300 ) ) REPRESENTATION_CONTEXT ( 'NONE', 'WORKASPACE' ) );
#1485 = ORIENTED_EDGE ( 'NONE', *, *, #1497, .T. ) ;
#1486 = UNCERTAINTY_MEASURE_WITH_UNIT (LENGTH_MEASURE( 1.000000000000000100E-005 ), #5859, 'distance_accuracy_value', 'NONE');
#1487 = SURFACE_STYLE_FILL_AREA ( #3544 ) ;
#1488 = CARTESIAN_POINT ( 'NONE',  ( -1.475000000000000100, -2.549999999999999800, 0.0000000000000000000 ) ) ;
#1489 = ORIENTED_EDGE ( 'NONE', *, *, #5224, .F. ) ;
#1490 = SURFACE_STYLE_FILL_AREA ( #5470 ) ;
#1491 = COLOUR_RGB ( '',0.7921568627450980000, 0.8196078431372548800, 0.9333333333333333500 ) ;
#1492 = CARTESIAN_POINT ( 'NONE',  ( 11.30000000000000100, 6.049999999999999800, 2.799999999999999800 ) ) ;
#1493 = SURFACE_STYLE_FILL_AREA ( #6251 ) ;
#1494 = DIRECTION ( 'NONE',  ( -1.000000000000000000, -0.0000000000000000000, 0.0000000000000000000 ) ) ;
#1495 = CARTESIAN_POINT ( 'NONE',  ( -9.390000000000000600, 7.416666666666668700, 0.4990711984999865500 ) ) ;
#1496 = ORIENTED_EDGE ( 'NONE', *, *, #5996, .F. ) ;
#1497 = EDGE_CURVE ( 'NONE', #807, #5166, #7276, .T. ) ;
#1498 = MECHANICAL_DESIGN_GEOMETRIC_PRESENTATION_REPRESENTATION (  '', ( #747 ), #1851 ) ;
#1499 = SURFACE_STYLE_USAGE ( .BOTH. , #4870 ) ;
#1500 = STYLED_ITEM ( 'NONE', ( #6152 ), #2198 ) ;
#1501 = DIRECTION ( 'NONE',  ( -1.000000000000000000, -1.393726859448460000E-028, -1.632966780389950100E-028 ) ) ;
#1502 = PRESENTATION_STYLE_ASSIGNMENT (( #6564 ) ) ;
#1503 = FILL_AREA_STYLE_COLOUR ( '', #1951 ) ;
#1504 = PRESENTATION_STYLE_ASSIGNMENT (( #4366 ) ) ;
#1505 = DIRECTION ( 'NONE',  ( 1.000000000000000000, 0.0000000000000000000, 0.0000000000000000000 ) ) ;
#1506 = DIRECTION ( 'NONE',  ( -1.000000000000000000, 2.047319486629579800E-065, 0.0000000000000000000 ) ) ;
#1507 = DIRECTION ( 'NONE',  ( -0.0000000000000000000, -0.0000000000000000000, -1.000000000000000000 ) ) ;
#1508 = SURFACE_STYLE_FILL_AREA ( #2469 ) ;
#1509 = COLOUR_RGB ( '',0.7529411764705882200, 0.7529411764705882200, 0.7529411764705882200 ) ;
#1510 = CARTESIAN_POINT ( 'NONE',  ( -12.07499999999999900, 6.850000000000000500, 0.9499999999999999600 ) ) ;
#1511 = PRESENTATION_STYLE_ASSIGNMENT (( #4054 ) ) ;
#1512 =( GEOMETRIC_REPRESENTATION_CONTEXT ( 3 ) GLOBAL_UNCERTAINTY_ASSIGNED_CONTEXT ( ( #4432 ) ) GLOBAL_UNIT_ASSIGNED_CONTEXT ( ( #5003, #1625, #5599 ) ) REPRESENTATION_CONTEXT ( 'NONE', 'WORKASPACE' ) );
#1513 = ORIENTED_EDGE ( 'NONE', *, *, #2504, .T. ) ;
#1514 = VECTOR ( 'NONE', #2815, 1000.000000000000000 ) ;
#1515 = COLOUR_RGB ( '',0.7529411764705882200, 0.7529411764705882200, 0.7529411764705882200 ) ;
#1516 = PRESENTATION_STYLE_ASSIGNMENT (( #4557 ) ) ;
#1517 = PRESENTATION_STYLE_ASSIGNMENT (( #464 ) ) ;
#1518 =( NAMED_UNIT ( * ) SI_UNIT ( $, .STERADIAN. ) SOLID_ANGLE_UNIT ( ) );
#1519 = SURFACE_STYLE_USAGE ( .BOTH. , #4895 ) ;
#1520 = STYLED_ITEM ( 'NONE', ( #3211 ), #4076 ) ;
#1521 = FILL_AREA_STYLE_COLOUR ( '', #3768 ) ;
#1522 = ORIENTED_EDGE ( 'NONE', *, *, #6903, .F. ) ;
#1523 =( NAMED_UNIT ( * ) PLANE_ANGLE_UNIT ( ) SI_UNIT ( $, .RADIAN. ) );
#1524 = EDGE_LOOP ( 'NONE', ( #5388, #2402, #5748, #5685 ) ) ;
#1525 = CYLINDRICAL_SURFACE ( 'NONE', #982, 0.5999999999999998700 ) ;
#1526 = EDGE_CURVE ( 'NONE', #3567, #5210, #2594, .T. ) ;
#1527 = DIRECTION ( 'NONE',  ( -0.0000000000000000000, 1.000000000000000000, 0.0000000000000000000 ) ) ;
#1528 = PRESENTATION_STYLE_ASSIGNMENT (( #29 ) ) ;
#1529 = STYLED_ITEM ( 'NONE', ( #6542 ), #5491 ) ;
#1530 =( GEOMETRIC_REPRESENTATION_CONTEXT ( 3 ) GLOBAL_UNCERTAINTY_ASSIGNED_CONTEXT ( ( #5026 ) ) GLOBAL_UNIT_ASSIGNED_CONTEXT ( ( #540, #4469, #1110 ) ) REPRESENTATION_CONTEXT ( 'NONE', 'WORKASPACE' ) );
#1531 = SURFACE_STYLE_USAGE ( .BOTH. , #4905 ) ;
#1532 = FILL_AREA_STYLE_COLOUR ( '', #3989 ) ;
#1533 = SURFACE_STYLE_FILL_AREA ( #5141 ) ;
#1534 = FILL_AREA_STYLE_COLOUR ( '', #400 ) ;
#1535 = EDGE_CURVE ( 'NONE', #6347, #4140, #5642, .T. ) ;
#1536 = AXIS2_PLACEMENT_3D ( 'NONE', #2673, #594, #6715 ) ;
#1537 = DIRECTION ( 'NONE',  ( 0.0000000000000000000, 4.956352788505163500E-015, -1.000000000000000000 ) ) ;
#1538 = ORIENTED_EDGE ( 'NONE', *, *, #5819, .F. ) ;
#1539 = ORIENTED_EDGE ( 'NONE', *, *, #441, .F. ) ;
#1540 = EDGE_LOOP ( 'NONE', ( #2757, #4056, #339, #6873, #2715, #3968, #3727, #3701 ) ) ;
#1541 = CARTESIAN_POINT ( 'NONE',  ( -9.390000000000000600, -7.099999999999999600, 0.9499999999999999600 ) ) ;
#1542 = PRESENTATION_LAYER_ASSIGNMENT (  '', '', ( #1166 ) ) ;
#1543 = ORIENTED_EDGE ( 'NONE', *, *, #529, .T. ) ;
#1544 = FILL_AREA_STYLE_COLOUR ( '', #427 ) ;
#1545 = EDGE_CURVE ( 'NONE', #168, #1117, #6937, .T. ) ;
#1546 = LINE ( 'NONE', #193, #4544 ) ;
#1547 = DIRECTION ( 'NONE',  ( -1.393726859448460000E-028, -1.000000000000000000, -2.275909662416548100E-056 ) ) ;
#1548 = ORIENTED_EDGE ( 'NONE', *, *, #2983, .F. ) ;
#1549 = SURFACE_SIDE_STYLE ('',( #3787 ) ) ;
#1550 = VERTEX_POINT ( 'NONE', #459 ) ;
#1551 = SURFACE_SIDE_STYLE ('',( #6537 ) ) ;
#1552 = SURFACE_STYLE_USAGE ( .BOTH. , #4925 ) ;
#1553 = AXIS2_PLACEMENT_3D ( 'NONE', #681, #4625, #3495 ) ;
#1554 = ORIENTED_EDGE ( 'NONE', *, *, #590, .T. ) ;
#1555 = ADVANCED_FACE ( 'NONE', ( #5272, #944, #3746, #2222 ), #430, .T. ) ;
#1556 = CARTESIAN_POINT ( 'NONE',  ( 5.850000000000000500, -8.150000000000000400, 0.3499999999999999800 ) ) ;
#1557 = COLOUR_RGB ( '',0.7529411764705882200, 0.7529411764705882200, 0.7529411764705882200 ) ;
#1558 = PRESENTATION_STYLE_ASSIGNMENT (( #607 ) ) ;
#1559 = CARTESIAN_POINT ( 'NONE',  ( 8.390000000000000600, -6.850000000000000500, 0.0000000000000000000 ) ) ;
#1560 = VECTOR ( 'NONE', #3764, 1000.000000000000000 ) ;
#1561 = LINE ( 'NONE', #712, #3226 ) ;
#1562 =( LENGTH_UNIT ( ) NAMED_UNIT ( * ) SI_UNIT ( .MILLI., .METRE. ) );
#1563 =( NAMED_UNIT ( * ) SI_UNIT ( $, .STERADIAN. ) SOLID_ANGLE_UNIT ( ) );
#1564 = CIRCLE ( 'NONE', #5730, 0.3499999999999999800 ) ;
#1565 = CARTESIAN_POINT ( 'NONE',  ( 12.07499999999999900, -6.850000000000000500, 0.9499999999999999600 ) ) ;
#1566 = FACE_OUTER_BOUND ( 'NONE', #2551, .T. ) ;
#1567 = DIRECTION ( 'NONE',  ( -0.0000000000000000000, 0.0000000000000000000, 1.000000000000000000 ) ) ;
#1568 = VERTEX_POINT ( 'NONE', #560 ) ;
#1569 = CARTESIAN_POINT ( 'NONE',  ( 8.890000000000000600, -8.150000000000000400, 0.3499999999999999800 ) ) ;
#1570 = EDGE_CURVE ( 'NONE', #401, #1369, #238, .T. ) ;
#1571 = EDGE_CURVE ( 'NONE', #5357, #5208, #1723, .T. ) ;
#1572 = LINE ( 'NONE', #3798, #4387 ) ;
#1573 = VECTOR ( 'NONE', #5737, 1000.000000000000000 ) ;
#1574 = DIRECTION ( 'NONE',  ( -0.0000000000000000000, 0.0000000000000000000, 1.000000000000000000 ) ) ;
#1575 = DIRECTION ( 'NONE',  ( -0.0000000000000000000, -0.0000000000000000000, -1.000000000000000000 ) ) ;
#1576 = UNCERTAINTY_MEASURE_WITH_UNIT (LENGTH_MEASURE( 1.000000000000000100E-005 ), #492, 'distance_accuracy_value', 'NONE');
#1577 =( GEOMETRIC_REPRESENTATION_CONTEXT ( 3 ) GLOBAL_UNCERTAINTY_ASSIGNED_CONTEXT ( ( #7264 ) ) GLOBAL_UNIT_ASSIGNED_CONTEXT ( ( #3904, #536, #4467 ) ) REPRESENTATION_CONTEXT ( 'NONE', 'WORKASPACE' ) );
#1578 = DIRECTION ( 'NONE',  ( -1.000000000000000000, -0.0000000000000000000, -0.0000000000000000000 ) ) ;
#1579 = DIRECTION ( 'NONE',  ( 0.0000000000000000000, -0.4259177099999605900, 0.9047619047619044300 ) ) ;
#1580 = CYLINDRICAL_SURFACE ( 'NONE', #4629, 0.5999999999999999800 ) ;
#1581 = ADVANCED_FACE ( 'NONE', ( #6069 ), #111, .T. ) ;
#1582 = FILL_AREA_STYLE ('',( #1025 ) ) ;
#1583 = EDGE_CURVE ( 'NONE', #46, #3910, #1030, .T. ) ;
#1584 = ORIENTED_EDGE ( 'NONE', *, *, #7283, .F. ) ;
#1585 = SURFACE_STYLE_FILL_AREA ( #907 ) ;
#1586 =( GEOMETRIC_REPRESENTATION_CONTEXT ( 3 ) GLOBAL_UNCERTAINTY_ASSIGNED_CONTEXT ( ( #2716 ) ) GLOBAL_UNIT_ASSIGNED_CONTEXT ( ( #7132, #7091, #7034 ) ) REPRESENTATION_CONTEXT ( 'NONE', 'WORKASPACE' ) );
#1587 = VECTOR ( 'NONE', #3357, 1000.000000000000000 ) ;
#1588 = VECTOR ( 'NONE', #4125, 1000.000000000000000 ) ;
#1589 = ORIENTED_EDGE ( 'NONE', *, *, #2194, .T. ) ;
#1590 = CARTESIAN_POINT ( 'NONE',  ( -9.390000000000000600, 7.099999999999999600, 0.9499999999999999600 ) ) ;
#1591 = VECTOR ( 'NONE', #6197, 1000.000000000000000 ) ;
#1592 = VERTEX_POINT ( 'NONE', #16 ) ;
#1593 = SURFACE_STYLE_USAGE ( .BOTH. , #1681 ) ;
#1594 = SURFACE_STYLE_FILL_AREA ( #6638 ) ;
#1595 = LINE ( 'NONE', #5193, #99 ) ;
#1596 = CARTESIAN_POINT ( 'NONE',  ( -8.390000000000000600, 8.150000000000000400, -0.2500000000000000000 ) ) ;
#1597 = LINE ( 'NONE', #5640, #100 ) ;
#1598 = SURFACE_SIDE_STYLE ('',( #3343 ) ) ;
#1599 = EDGE_LOOP ( 'NONE', ( #6870, #5037, #3093, #5369 ) ) ;
#1600 = CARTESIAN_POINT ( 'NONE',  ( 11.87500000000000000, -6.649999999999999500, 0.2000000000000000100 ) ) ;
#1601 =( GEOMETRIC_REPRESENTATION_CONTEXT ( 3 ) GLOBAL_UNCERTAINTY_ASSIGNED_CONTEXT ( ( #4982 ) ) GLOBAL_UNIT_ASSIGNED_CONTEXT ( ( #7001, #3614, #252 ) ) REPRESENTATION_CONTEXT ( 'NONE', 'WORKASPACE' ) );
#1602 = CARTESIAN_POINT ( 'NONE',  ( 8.890000000000000600, 7.099999999999999600, 0.3499999999999999800 ) ) ;
#1603 = ORIENTED_EDGE ( 'NONE', *, *, #6858, .T. ) ;
#1604 = DIRECTION ( 'NONE',  ( -0.0000000000000000000, -0.0000000000000000000, 1.000000000000000000 ) ) ;
#1605 = STYLED_ITEM ( 'NONE', ( #2288 ), #4425 ) ;
#1606 = VERTEX_POINT ( 'NONE', #6982 ) ;
#1607 = CARTESIAN_POINT ( 'NONE',  ( -8.890000000000000600, -8.150000000000000400, 0.3499999999999999800 ) ) ;
#1608 = EDGE_CURVE ( 'NONE', #2883, #3031, #6840, .T. ) ;
#1609 = CARTESIAN_POINT ( 'NONE',  ( 11.49999999999999800, -6.049999999999999800, 1.600000000000000100 ) ) ;
#1610 = DIRECTION ( 'NONE',  ( -1.000000000000000000, 0.0000000000000000000, 0.0000000000000000000 ) ) ;
#1611 = ORIENTED_EDGE ( 'NONE', *, *, #346, .T. ) ;
#1612 = ORIENTED_EDGE ( 'NONE', *, *, #5282, .F. ) ;
#1613 = FILL_AREA_STYLE_COLOUR ( '', #2628 ) ;
#1614 = ORIENTED_EDGE ( 'NONE', *, *, #6623, .F. ) ;
#1615 = AXIS2_PLACEMENT_3D ( 'NONE', #4552, #533, #6783 ) ;
#1616 = ADVANCED_FACE ( 'NONE', ( #2318 ), #3470, .F. ) ;
#1617 = PRESENTATION_LAYER_ASSIGNMENT (  '', '', ( #1254 ) ) ;
#1618 =( GEOMETRIC_REPRESENTATION_CONTEXT ( 3 ) GLOBAL_UNCERTAINTY_ASSIGNED_CONTEXT ( ( #4477 ) ) GLOBAL_UNIT_ASSIGNED_CONTEXT ( ( #3718, #359, #4288 ) ) REPRESENTATION_CONTEXT ( 'NONE', 'WORKASPACE' ) );
#1619 = PLANE ( 'NONE',  #52 ) ;
#1620 = SURFACE_SIDE_STYLE ('',( #5791 ) ) ;
#1621 = DIRECTION ( 'NONE',  ( -1.000000000000000000, -0.0000000000000000000, 0.0000000000000000000 ) ) ;
#1622 = EDGE_CURVE ( 'NONE', #3887, #1626, #3299, .T. ) ;
#1623 = AXIS2_PLACEMENT_3D ( 'NONE', #4933, #4912, #4906 ) ;
#1624 = AXIS2_PLACEMENT_3D ( 'NONE', #849, #821, #794 ) ;
#1625 =( NAMED_UNIT ( * ) PLANE_ANGLE_UNIT ( ) SI_UNIT ( $, .RADIAN. ) );
#1626 = VERTEX_POINT ( 'NONE', #4094 ) ;
#1627 = CARTESIAN_POINT ( 'NONE',  ( 12.07499999999999900, 6.650000000000000400, 0.0000000000000000000 ) ) ;
#1628 = PRESENTATION_STYLE_ASSIGNMENT (( #921 ) ) ;
#1629 = LINE ( 'NONE', #2204, #2941 ) ;
#1630 = ORIENTED_EDGE ( 'NONE', *, *, #5556, .T. ) ;
#1631 = ORIENTED_EDGE ( 'NONE', *, *, #4077, .F. ) ;
#1632 = PRESENTATION_STYLE_ASSIGNMENT (( #3075 ) ) ;
#1633 = UNCERTAINTY_MEASURE_WITH_UNIT (LENGTH_MEASURE( 1.000000000000000100E-005 ), #5513, 'distance_accuracy_value', 'NONE');
#1634 = LINE ( 'NONE', #2947, #4647 ) ;
#1635 = DIRECTION ( 'NONE',  ( -1.000000000000000000, -2.047319486629579800E-065, 0.0000000000000000000 ) ) ;
#1636 = CARTESIAN_POINT ( 'NONE',  ( 12.07500000000000100, 6.718629150100562200, 0.08284271247356671300 ) ) ;
#1637 = PLANE ( 'NONE',  #2637 ) ;
#1638 = AXIS2_PLACEMENT_3D ( 'NONE', #2053, #6038, #2622 ) ;
#1639 = ORIENTED_EDGE ( 'NONE', *, *, #545, .F. ) ;
#1640 = PLANE ( 'NONE',  #4728 ) ;
#1641 = VECTOR ( 'NONE', #6503, 1000.000000000000000 ) ;
#1642 = DIRECTION ( 'NONE',  ( 1.000000000000000000, 0.0000000000000000000, 0.0000000000000000000 ) ) ;
#1643 = DIRECTION ( 'NONE',  ( -1.000000000000000000, -0.0000000000000000000, 0.0000000000000000000 ) ) ;
#1644 = PRESENTATION_STYLE_ASSIGNMENT (( #5786 ) ) ;
#1645 = ORIENTED_EDGE ( 'NONE', *, *, #642, .F. ) ;
#1646 = AXIS2_PLACEMENT_3D ( 'NONE', #1958, #5946, #2517 ) ;
#1647 = CARTESIAN_POINT ( 'NONE',  ( -8.589999999999999900, 4.955000000000000100, 2.799999999999999800 ) ) ;
#1648 = EDGE_CURVE ( 'NONE', #5210, #6162, #1804, .T. ) ;
#1649 = ORIENTED_EDGE ( 'NONE', *, *, #34, .T. ) ;
#1650 = EDGE_LOOP ( 'NONE', ( #2837, #6032, #5308, #4276 ) ) ;
#1651 = LINE ( 'NONE', #5987, #3151 ) ;
#1652 =( NAMED_UNIT ( * ) PLANE_ANGLE_UNIT ( ) SI_UNIT ( $, .RADIAN. ) );
#1653 = SURFACE_STYLE_FILL_AREA ( #4390 ) ;
#1654 = UNCERTAINTY_MEASURE_WITH_UNIT (LENGTH_MEASURE( 1.000000000000000100E-005 ), #5605, 'distance_accuracy_value', 'NONE');
#1655 = ORIENTED_EDGE ( 'NONE', *, *, #3829, .F. ) ;
#1656 = PRESENTATION_LAYER_ASSIGNMENT (  '', '', ( #916 ) ) ;
#1657 = MECHANICAL_DESIGN_GEOMETRIC_PRESENTATION_REPRESENTATION (  '', ( #154 ), #2018 ) ;
#1658 = DIRECTION ( 'NONE',  ( 1.000000000000000000, -1.393726859448460000E-028, 1.632966780389950100E-028 ) ) ;
#1659 = CARTESIAN_POINT ( 'NONE',  ( 8.390000000000000600, -4.955000000000000100, 2.799999999999999800 ) ) ;
#1660 = FACE_OUTER_BOUND ( 'NONE', #5106, .T. ) ;
#1661 = ORIENTED_EDGE ( 'NONE', *, *, #6431, .T. ) ;
#1662 = LINE ( 'NONE', #6066, #6010 ) ;
#1663 = FILL_AREA_STYLE_COLOUR ( '', #3501 ) ;
#1664 = EDGE_CURVE ( 'NONE', #6967, #7031, #6333, .T. ) ;
#1665 = AXIS2_PLACEMENT_3D ( 'NONE', #923, #5905, #2476 ) ;
#1666 =( NAMED_UNIT ( * ) PLANE_ANGLE_UNIT ( ) SI_UNIT ( $, .RADIAN. ) );
#1667 = FILL_AREA_STYLE ('',( #3338 ) ) ;
#1668 = PRESENTATION_STYLE_ASSIGNMENT (( #2877 ) ) ;
#1669 = FACE_OUTER_BOUND ( 'NONE', #926, .T. ) ;
#1670 = ADVANCED_FACE ( 'NONE', ( #6164, #4819 ), #2547, .T. ) ;
#1671 = CARTESIAN_POINT ( 'NONE',  ( 6.850000000000000500, 5.205000000000000100, 2.799999999999999800 ) ) ;
#1672 = CARTESIAN_POINT ( 'NONE',  ( -9.189999999999999500, -4.955000000000000100, 2.799999999999999800 ) ) ;
#1673 = DIRECTION ( 'NONE',  ( 1.000000000000000000, -0.0000000000000000000, -0.0000000000000000000 ) ) ;
#1674 = ORIENTED_EDGE ( 'NONE', *, *, #773, .F. ) ;
#1675 = EDGE_CURVE ( 'NONE', #2294, #3319, #2587, .T. ) ;
#1676 = VECTOR ( 'NONE', #1141, 1000.000000000000000 ) ;
#1677 = MECHANICAL_DESIGN_GEOMETRIC_PRESENTATION_REPRESENTATION (  '', ( #556 ), #2034 ) ;
#1678 = SURFACE_STYLE_FILL_AREA ( #5459 ) ;
#1679 =( NAMED_UNIT ( * ) SI_UNIT ( $, .STERADIAN. ) SOLID_ANGLE_UNIT ( ) );
#1680 = STYLED_ITEM ( 'NONE', ( #5919 ), #2423 ) ;
#1681 = SURFACE_SIDE_STYLE ('',( #380 ) ) ;
#1682 = PRESENTATION_STYLE_ASSIGNMENT (( #2534 ) ) ;
#1683 = SURFACE_STYLE_USAGE ( .BOTH. , #5071 ) ;
#1684 = DIRECTION ( 'NONE',  ( -1.000000000000000000, -0.0000000000000000000, -0.0000000000000000000 ) ) ;
#1685 = COLOUR_RGB ( '',0.7529411764705882200, 0.7529411764705882200, 0.7529411764705882200 ) ;
#1686 = ORIENTED_EDGE ( 'NONE', *, *, #2059, .F. ) ;
#1687 =( NAMED_UNIT ( * ) SI_UNIT ( $, .STERADIAN. ) SOLID_ANGLE_UNIT ( ) );
#1688 = ORIENTED_EDGE ( 'NONE', *, *, #174, .F. ) ;
#1689 = DIRECTION ( 'NONE',  ( 0.0000000000000000000, -1.000000000000000000, 3.488060345846600000E-028 ) ) ;
#1690 = CARTESIAN_POINT ( 'NONE',  ( 5.850000000000000500, -4.955000000000000100, 2.799999999999999800 ) ) ;
#1691 = COLOUR_RGB ( '',0.7529411764705882200, 0.7529411764705882200, 0.7529411764705882200 ) ;
#1692 = CARTESIAN_POINT ( 'NONE',  ( 12.07500000000000100, 6.650000000000001200, 0.2000000000000000100 ) ) ;
#1693 = LINE ( 'NONE', #5439, #4531 ) ;
#1694 =( NAMED_UNIT ( * ) SI_UNIT ( $, .STERADIAN. ) SOLID_ANGLE_UNIT ( ) );
#1695 =( NAMED_UNIT ( * ) SI_UNIT ( $, .STERADIAN. ) SOLID_ANGLE_UNIT ( ) );
#1696 = ORIENTED_EDGE ( 'NONE', *, *, #833, .T. ) ;
#1697 = EDGE_LOOP ( 'NONE', ( #2586, #1965, #1349, #3606 ) ) ;
#1698 = CARTESIAN_POINT ( 'NONE',  ( 12.07499999999999900, -6.850000000000000500, 0.6999999999999999600 ) ) ;
#1699 = ORIENTED_EDGE ( 'NONE', *, *, #597, .F. ) ;
#1700 = VECTOR ( 'NONE', #5057, 1000.000000000000000 ) ;
#1701 = VERTEX_POINT ( 'NONE', #5349 ) ;
#1702 = EDGE_CURVE ( 'NONE', #2542, #2566, #6931, .T. ) ;
#1703 = CARTESIAN_POINT ( 'NONE',  ( 8.890000000000000600, 7.099999999999999600, 0.9499999999999999600 ) ) ;
#1704 = ADVANCED_FACE ( 'NONE', ( #1118 ), #4148, .F. ) ;
#1705 = EDGE_CURVE ( 'NONE', #337, #2868, #2811, .T. ) ;
#1706 = FILL_AREA_STYLE_COLOUR ( '', #711 ) ;
#1707 = ORIENTED_EDGE ( 'NONE', *, *, #3647, .T. ) ;
#1708 = CARTESIAN_POINT ( 'NONE',  ( 12.07499999999999900, 6.650000000000000400, 0.0000000000000000000 ) ) ;
#1709 = EDGE_CURVE ( 'NONE', #2129, #3732, #1342, .T. ) ;
#1710 = MECHANICAL_DESIGN_GEOMETRIC_PRESENTATION_REPRESENTATION (  '', ( #591 ), #2066 ) ;
#1711 = AXIS2_PLACEMENT_3D ( 'NONE', #5010, #2240, #6242 ) ;
#1712 = EDGE_LOOP ( 'NONE', ( #3383, #609, #1252, #6807 ) ) ;
#1713 = ORIENTED_EDGE ( 'NONE', *, *, #2311, .T. ) ;
#1714 = ORIENTED_EDGE ( 'NONE', *, *, #1078, .F. ) ;
#1715 = CARTESIAN_POINT ( 'NONE',  ( -8.390000000000000600, -7.099999999999999600, 0.3499999999999999800 ) ) ;
#1716 = DIRECTION ( 'NONE',  ( 0.0000000000000000000, 0.0000000000000000000, 1.000000000000000000 ) ) ;
#1717 = CARTESIAN_POINT ( 'NONE',  ( -11.87500000000000000, -6.850000000000000500, 7.599999999999999600 ) ) ;
#1718 = ORIENTED_EDGE ( 'NONE', *, *, #922, .T. ) ;
#1719 = EDGE_CURVE ( 'NONE', #760, #147, #5675, .T. ) ;
#1720 = CYLINDRICAL_SURFACE ( 'NONE', #143, 0.7500000000000000000 ) ;
#1721 = MECHANICAL_DESIGN_GEOMETRIC_PRESENTATION_REPRESENTATION (  '', ( #219 ), #2076 ) ;
#1722 = AXIS2_PLACEMENT_3D ( 'NONE', #1835, #2997, #6392 ) ;
#1723 = CIRCLE ( 'NONE', #1068, 0.2000000000000005100 ) ;
#1724 = LINE ( 'NONE', #687, #244 ) ;
#1725 = PRODUCT_CONTEXT ( 'NONE', #2823, 'mechanical' ) ;
#1726 = SURFACE_SIDE_STYLE ('',( #4103 ) ) ;
#1727 = DIRECTION ( 'NONE',  ( 1.000000000000000000, 0.0000000000000000000, 0.0000000000000000000 ) ) ;
#1728 = ORIENTED_EDGE ( 'NONE', *, *, #2928, .F. ) ;
#1729 = SURFACE_STYLE_USAGE ( .BOTH. , #5114 ) ;
#1730 =( NAMED_UNIT ( * ) SI_UNIT ( $, .STERADIAN. ) SOLID_ANGLE_UNIT ( ) );
#1731 = DIRECTION ( 'NONE',  ( -1.000000000000000000, 9.654113257610061500E-017, 0.0000000000000000000 ) ) ;
#1732 = SURFACE_STYLE_USAGE ( .BOTH. , #5126 ) ;
#1733 = STYLED_ITEM ( 'NONE', ( #3080 ), #3066 ) ;
#1734 = DIRECTION ( 'NONE',  ( 0.0000000000000000000, 0.0000000000000000000, -1.000000000000000000 ) ) ;
#1735 = DIRECTION ( 'NONE',  ( -1.000000000000000000, -0.0000000000000000000, 0.0000000000000000000 ) ) ;
#1736 = DIRECTION ( 'NONE',  ( 1.000000000000000000, 0.0000000000000000000, 0.0000000000000000000 ) ) ;
#1737 = LINE ( 'NONE', #5708, #3236 ) ;
#1738 = ORIENTED_EDGE ( 'NONE', *, *, #3592, .F. ) ;
#1739 = DIRECTION ( 'NONE',  ( 0.0000000000000000000, -1.224646799147353200E-016, -1.000000000000000000 ) ) ;
#1740 = FILL_AREA_STYLE ('',( #2813 ) ) ;
#1741 = AXIS2_PLACEMENT_3D ( 'NONE', #4453, #2153, #1092 ) ;
#1742 = ADVANCED_FACE ( 'NONE', ( #3971 ), #7134, .T. ) ;
#1743 = SURFACE_SIDE_STYLE ('',( #5315 ) ) ;
#1744 = SURFACE_STYLE_FILL_AREA ( #6613 ) ;
#1745 = VECTOR ( 'NONE', #4398, 1000.000000000000000 ) ;
#1746 = LINE ( 'NONE', #5719, #1573 ) ;
#1747 = EDGE_CURVE ( 'NONE', #301, #3105, #1925, .T. ) ;
#1748 = SURFACE_STYLE_FILL_AREA ( #1846 ) ;
#1749 = CARTESIAN_POINT ( 'NONE',  ( 12.07499999999999900, -6.650000000000001200, 0.0000000000000000000 ) ) ;
#1750 =( GEOMETRIC_REPRESENTATION_CONTEXT ( 3 ) GLOBAL_UNCERTAINTY_ASSIGNED_CONTEXT ( ( #1795 ) ) GLOBAL_UNIT_ASSIGNED_CONTEXT ( ( #1946, #5934, #2511 ) ) REPRESENTATION_CONTEXT ( 'NONE', 'WORKASPACE' ) );
#1751 = VERTEX_POINT ( 'NONE', #1708 ) ;
#1752 = AXIS2_PLACEMENT_3D ( 'NONE', #2906, #6859, #3479 ) ;
#1753 = VECTOR ( 'NONE', #6505, 1000.000000000000000 ) ;
#1754 = FILL_AREA_STYLE ('',( #1203 ) ) ;
#1755 = VECTOR ( 'NONE', #6381, 1000.000000000000000 ) ;
#1756 = ORIENTED_EDGE ( 'NONE', *, *, #1147, .F. ) ;
#1757 = ORIENTED_EDGE ( 'NONE', *, *, #785, .T. ) ;
#1758 = FILL_AREA_STYLE_COLOUR ( '', #6596 ) ;
#1759 = CYLINDRICAL_SURFACE ( 'NONE', #2086, 0.3500000000000020300 ) ;
#1760 = VECTOR ( 'NONE', #1567, 1000.000000000000000 ) ;
#1761 =( LENGTH_UNIT ( ) NAMED_UNIT ( * ) SI_UNIT ( .MILLI., .METRE. ) );
#1762 = EDGE_CURVE ( 'NONE', #3126, #223, #3430, .T. ) ;
#1763 = CARTESIAN_POINT ( 'NONE',  ( -11.87500000000000000, -6.650000000000000400, 0.2000000000000000100 ) ) ;
#1764 = AXIS2_PLACEMENT_3D ( 'NONE', #4015, #3991, #3959 ) ;
#1765 = CARTESIAN_POINT ( 'NONE',  ( 8.390000000000000600, 7.099999999999999600, 0.9499999999999999600 ) ) ;
#1766 = DIRECTION ( 'NONE',  ( -1.000000000000000000, 0.0000000000000000000, -0.0000000000000000000 ) ) ;
#1767 = EDGE_LOOP ( 'NONE', ( #4903, #5653, #5552, #4782 ) ) ;
#1768 = COLOUR_RGB ( '',0.7529411764705882200, 0.7529411764705882200, 0.7529411764705882200 ) ;
#1769 = CARTESIAN_POINT ( 'NONE',  ( 9.189999999999999500, -4.955000000000000100, 4.599999999999999600 ) ) ;
#1770 = DIRECTION ( 'NONE',  ( 1.213057269022220100E-060, 1.000000000000000000, -0.0000000000000000000 ) ) ;
#1771 = EDGE_LOOP ( 'NONE', ( #7015, #318, #3229, #4447 ) ) ;
#1772 = CIRCLE ( 'NONE', #3872, 0.5999999999999998700 ) ;
#1773 = DIRECTION ( 'NONE',  ( 0.0000000000000000000, 0.0000000000000000000, -1.000000000000000000 ) ) ;
#1774 =( NAMED_UNIT ( * ) PLANE_ANGLE_UNIT ( ) SI_UNIT ( $, .RADIAN. ) );
#1775 = CARTESIAN_POINT ( 'NONE',  ( -9.390000000000000600, 7.875740647047340600, 0.2507484938770950800 ) ) ;
#1776 = ADVANCED_FACE ( 'NONE', ( #3259 ), #1249, .F. ) ;
#1777 = PRESENTATION_STYLE_ASSIGNMENT (( #3836 ) ) ;
#1778 = ORIENTED_EDGE ( 'NONE', *, *, #2796, .F. ) ;
#1779 = CARTESIAN_POINT ( 'NONE',  ( 0.0000000000000000000, -6.850000000000000500, 0.0000000000000000000 ) ) ;
#1780 = FILL_AREA_STYLE ('',( #3007 ) ) ;
#1781 = VERTEX_POINT ( 'NONE', #6618 ) ;
#1782 = DIRECTION ( 'NONE',  ( 0.0000000000000000000, -0.4259177099999607600, -0.9047619047619044300 ) ) ;
#1783 = ORIENTED_EDGE ( 'NONE', *, *, #2842, .F. ) ;
#1784 = DIRECTION ( 'NONE',  ( 0.0000000000000000000, 0.0000000000000000000, -1.000000000000000000 ) ) ;
#1785 = ORIENTED_EDGE ( 'NONE', *, *, #110, .T. ) ;
#1786 = DIRECTION ( 'NONE',  ( 0.0000000000000000000, -1.000000000000000000, 0.0000000000000000000 ) ) ;
#1787 = UNCERTAINTY_MEASURE_WITH_UNIT (LENGTH_MEASURE( 1.000000000000000100E-005 ), #76, 'distance_accuracy_value', 'NONE');
#1788 = CARTESIAN_POINT ( 'NONE',  ( 6.850000000000000500, 7.607142857142860300, 0.09444937400002460800 ) ) ;
#1789 = LINE ( 'NONE', #5618, #4091 ) ;
#1790 = FACE_OUTER_BOUND ( 'NONE', #7248, .T. ) ;
#1791 = DIRECTION ( 'NONE',  ( -0.0000000000000000000, 0.0000000000000000000, 1.000000000000000000 ) ) ;
#1792 = AXIS2_PLACEMENT_3D ( 'NONE', #5328, #1913, #4104 ) ;
#1793 = STYLED_ITEM ( 'NONE', ( #1682 ), #6605 ) ;
#1794 = ORIENTED_EDGE ( 'NONE', *, *, #4160, .F. ) ;
#1795 = UNCERTAINTY_MEASURE_WITH_UNIT (LENGTH_MEASURE( 1.000000000000000100E-005 ), #1946, 'distance_accuracy_value', 'NONE');
#1796 = SURFACE_SIDE_STYLE ('',( #4659 ) ) ;
#1797 = CIRCLE ( 'NONE', #4287, 0.2000000000000000100 ) ;
#1798 = LINE ( 'NONE', #2836, #6160 ) ;
#1799 = CARTESIAN_POINT ( 'NONE',  ( 8.890000000000000600, -7.099999999999999600, 0.9499999999999999600 ) ) ;
#1800 = VERTEX_POINT ( 'NONE', #7260 ) ;
#1801 = ORIENTED_EDGE ( 'NONE', *, *, #2023, .T. ) ;
#1802 = EDGE_CURVE ( 'NONE', #3887, #7056, #4230, .T. ) ;
#1803 = DIRECTION ( 'NONE',  ( -1.000000000000000000, 2.047319486629579800E-065, -0.0000000000000000000 ) ) ;
#1804 = LINE ( 'NONE', #6935, #319 ) ;
#1805 = STYLED_ITEM ( 'NONE', ( #1558 ), #1581 ) ;
#1806 = FACE_OUTER_BOUND ( 'NONE', #1173, .T. ) ;
#1807 = UNCERTAINTY_MEASURE_WITH_UNIT (LENGTH_MEASURE( 1.000000000000000100E-005 ), #3915, 'distance_accuracy_value', 'NONE');
#1808 = PRODUCT ( 'tes2m', 'tes2m', '', ( #605 ) ) ;
#1809 = CARTESIAN_POINT ( 'NONE',  ( 11.87500000000000000, 6.850000000000000500, 0.0000000000000000000 ) ) ;
#1810 =( GEOMETRIC_REPRESENTATION_CONTEXT ( 3 ) GLOBAL_UNCERTAINTY_ASSIGNED_CONTEXT ( ( #3332 ) ) GLOBAL_UNIT_ASSIGNED_CONTEXT ( ( #661, #4604, #1225 ) ) REPRESENTATION_CONTEXT ( 'NONE', 'WORKASPACE' ) );
#1811 = DIRECTION ( 'NONE',  ( 1.000000000000000000, 0.0000000000000000000, 0.0000000000000000000 ) ) ;
#1812 = CARTESIAN_POINT ( 'NONE',  ( 9.189999999999999500, 4.955000000000000100, 2.799999999999999800 ) ) ;
#1813 = EDGE_CURVE ( 'NONE', #6864, #676, #5766, .T. ) ;
#1814 = AXIS2_PLACEMENT_3D ( 'NONE', #5429, #5583, #5091 ) ;
#1815 = ADVANCED_FACE ( 'NONE', ( #2718 ), #6386, .T. ) ;
#1816 = VECTOR ( 'NONE', #3473, 1000.000000000000000 ) ;
#1817 = ORIENTED_EDGE ( 'NONE', *, *, #2268, .F. ) ;
#1818 = CARTESIAN_POINT ( 'NONE',  ( 6.049999999999999800, 4.955000000000000100, 4.599999999999999600 ) ) ;
#1819 = CARTESIAN_POINT ( 'NONE',  ( -8.890000000000000600, 7.416666666666668700, 0.4990711984999855500 ) ) ;
#1820 = CARTESIAN_POINT ( 'NONE',  ( 6.650000000000000400, -5.205000000000000100, 4.599999999999999600 ) ) ;
#1821 = ORIENTED_EDGE ( 'NONE', *, *, #5378, .F. ) ;
#1822 = CARTESIAN_POINT ( 'NONE',  ( 6.850000000000000500, 5.205000000000000100, 4.599999999999999600 ) ) ;
#1823 = STYLED_ITEM ( 'NONE', ( #4485 ), #3399 ) ;
#1824 = ORIENTED_EDGE ( 'NONE', *, *, #5270, .T. ) ;
#1825 = DIRECTION ( 'NONE',  ( 1.000000000000000000, 0.0000000000000000000, 0.0000000000000000000 ) ) ;
#1826 = ORIENTED_EDGE ( 'NONE', *, *, #346, .F. ) ;
#1827 = CARTESIAN_POINT ( 'NONE',  ( -11.87500000000000000, -6.650000000000000400, 1.600000000000000100 ) ) ;
#1828 = DIRECTION ( 'NONE',  ( -1.213057269022220100E-060, -1.000000000000000000, 0.0000000000000000000 ) ) ;
#1829 = ORIENTED_EDGE ( 'NONE', *, *, #6431, .F. ) ;
#1830 = VECTOR ( 'NONE', #2074, 1000.000000000000000 ) ;
#1831 = AXIS2_PLACEMENT_3D ( 'NONE', #4182, #823, #4757 ) ;
#1832 = PRESENTATION_LAYER_ASSIGNMENT (  '', '', ( #1474 ) ) ;
#1833 = CARTESIAN_POINT ( 'NONE',  ( 8.890000000000000600, -7.099999999999999600, 0.3499999999999999800 ) ) ;
#1834 = DIRECTION ( 'NONE',  ( 0.0000000000000000000, 1.000000000000000000, -0.0000000000000000000 ) ) ;
#1835 = CARTESIAN_POINT ( 'NONE',  ( -10.57499999999999900, -5.349999999999999600, 0.0000000000000000000 ) ) ;
#1836 =( LENGTH_UNIT ( ) NAMED_UNIT ( * ) SI_UNIT ( .MILLI., .METRE. ) );
#1837 = EDGE_CURVE ( 'NONE', #3752, #961, #5031, .T. ) ;
#1838 = EDGE_CURVE ( 'NONE', #164, #2528, #2003, .T. ) ;
#1839 =( GEOMETRIC_REPRESENTATION_CONTEXT ( 3 ) GLOBAL_UNCERTAINTY_ASSIGNED_CONTEXT ( ( #5938 ) ) GLOBAL_UNIT_ASSIGNED_CONTEXT ( ( #1761, #641, #2307 ) ) REPRESENTATION_CONTEXT ( 'NONE', 'WORKASPACE' ) );
#1840 = CARTESIAN_POINT ( 'NONE',  ( 11.50000000000000000, 6.250000000000000000, 0.4999999999999978400 ) ) ;
#1841 = ORIENTED_EDGE ( 'NONE', *, *, #913, .T. ) ;
#1842 = VECTOR ( 'NONE', #2676, 1000.000000000000000 ) ;
#1843 = DIRECTION ( 'NONE',  ( 0.0000000000000000000, -1.000000000000000000, 0.0000000000000000000 ) ) ;
#1844 = CARTESIAN_POINT ( 'NONE',  ( 9.390000000000000600, -7.607142857142859400, 0.09444937400002442800 ) ) ;
#1845 = ADVANCED_FACE ( 'NONE', ( #3520 ), #6250, .T. ) ;
#1846 = FILL_AREA_STYLE ('',( #4101 ) ) ;
#1847 = UNCERTAINTY_MEASURE_WITH_UNIT (LENGTH_MEASURE( 1.000000000000000100E-005 ), #4370, 'distance_accuracy_value', 'NONE');
#1848 = VECTOR ( 'NONE', #3092, 1000.000000000000200 ) ;
#1849 = EDGE_CURVE ( 'NONE', #425, #3214, #4316, .T. ) ;
#1850 = DIRECTION ( 'NONE',  ( 1.000000000000000000, 0.0000000000000000000, 0.0000000000000000000 ) ) ;
#1851 =( GEOMETRIC_REPRESENTATION_CONTEXT ( 3 ) GLOBAL_UNCERTAINTY_ASSIGNED_CONTEXT ( ( #432 ) ) GLOBAL_UNIT_ASSIGNED_CONTEXT ( ( #3201, #3196, #3178 ) ) REPRESENTATION_CONTEXT ( 'NONE', 'WORKASPACE' ) );
#1852 = CIRCLE ( 'NONE', #396, 0.2000000000000005100 ) ;
#1853 = DIRECTION ( 'NONE',  ( 0.0000000000000000000, 0.0000000000000000000, 1.000000000000000000 ) ) ;
#1854 = PRESENTATION_LAYER_ASSIGNMENT (  '', '', ( #1500 ) ) ;
#1855 = SURFACE_STYLE_USAGE ( .BOTH. , #5255 ) ;
#1856 = CARTESIAN_POINT ( 'NONE',  ( -8.890000000000000600, 8.150000000000000400, -0.2499999999999999400 ) ) ;
#1857 = VECTOR ( 'NONE', #3631, 1000.000000000000000 ) ;
#1858 = ORIENTED_EDGE ( 'NONE', *, *, #6660, .T. ) ;
#1859 = CARTESIAN_POINT ( 'NONE',  ( -9.189999999999999500, -5.205000000000000100, 4.599999999999999600 ) ) ;
#1860 = FILL_AREA_STYLE_COLOUR ( '', #5833 ) ;
#1861 = CYLINDRICAL_SURFACE ( 'NONE', #1615, 0.3500000000000020300 ) ;
#1862 = UNCERTAINTY_MEASURE_WITH_UNIT (LENGTH_MEASURE( 1.000000000000000100E-005 ), #4518, 'distance_accuracy_value', 'NONE');
#1863 = DIRECTION ( 'NONE',  ( 0.0000000000000000000, -7.434529182757701400E-015, 1.000000000000000000 ) ) ;
#1864 = VECTOR ( 'NONE', #4364, 1000.000000000000000 ) ;
#1865 = PRESENTATION_LAYER_ASSIGNMENT (  '', '', ( #2221 ) ) ;
#1866 = CARTESIAN_POINT ( 'NONE',  ( 0.0000000000000000000, 6.650000000000000400, 0.0000000000000000000 ) ) ;
#1867 = COLOUR_RGB ( '',0.7529411764705882200, 0.7529411764705882200, 0.7529411764705882200 ) ;
#1868 = PLANE ( 'NONE',  #3561 ) ;
#1869 = SURFACE_STYLE_USAGE ( .BOTH. , #5279 ) ;
#1870 = CARTESIAN_POINT ( 'NONE',  ( -0.7250000000000002000, -2.549999999999999800, 0.0000000000000000000 ) ) ;
#1871 = VERTEX_POINT ( 'NONE', #4613 ) ;
#1872 = EDGE_LOOP ( 'NONE', ( #4665, #1024, #139, #2230 ) ) ;
#1873 = LINE ( 'NONE', #3387, #392 ) ;
#1874 = VERTEX_POINT ( 'NONE', #4684 ) ;
#1875 = VECTOR ( 'NONE', #4116, 1000.000000000000000 ) ;
#1876 = AXIS2_PLACEMENT_3D ( 'NONE', #399, #4331, #972 ) ;
#1877 = CARTESIAN_POINT ( 'NONE',  ( 9.390000000000000600, 7.099999999999999600, 0.9500000000000000700 ) ) ;
#1878 = ORIENTED_EDGE ( 'NONE', *, *, #5137, .F. ) ;
#1879 = SURFACE_STYLE_FILL_AREA ( #4908 ) ;
#1880 = EDGE_CURVE ( 'NONE', #1380, #3105, #5, .T. ) ;
#1882 = ADVANCED_FACE ( 'NONE', ( #5854 ), #4292, .F. ) ;
#1881 = EDGE_LOOP ( 'NONE', ( #6241, #4798, #4436, #3940, #5542, #4922, #3372, #6673, #5806, #5261, #6770, #5945 ) ) ;
#1883 = DIRECTION ( 'NONE',  ( 0.0000000000000000000, 0.0000000000000000000, 1.000000000000000000 ) ) ;
#1884 = ORIENTED_EDGE ( 'NONE', *, *, #1345, .F. ) ;
#1885 = ORIENTED_EDGE ( 'NONE', *, *, #3044, .F. ) ;
#1886 = SURFACE_STYLE_USAGE ( .BOTH. , #5875 ) ;
#1887 =( LENGTH_UNIT ( ) NAMED_UNIT ( * ) SI_UNIT ( .MILLI., .METRE. ) );
#1888 = PRESENTATION_LAYER_ASSIGNMENT (  '', '', ( #1529 ) ) ;
#1889 = DIRECTION ( 'NONE',  ( 0.0000000000000000000, 0.0000000000000000000, 1.000000000000000000 ) ) ;
#1890 = CARTESIAN_POINT ( 'NONE',  ( -11.99215728752538200, -6.849999999999999600, 0.2000000000000000400 ) ) ;
#1891 = VECTOR ( 'NONE', #3504, 1000.000000000000000 ) ;
#1892 = EDGE_CURVE ( 'NONE', #4143, #22, #810, .T. ) ;
#1893 = MECHANICAL_DESIGN_GEOMETRIC_PRESENTATION_REPRESENTATION (  '', ( #1162 ), #2255 ) ;
#1894 = ORIENTED_EDGE ( 'NONE', *, *, #6278, .F. ) ;
#1895 =( NAMED_UNIT ( * ) SI_UNIT ( $, .STERADIAN. ) SOLID_ANGLE_UNIT ( ) );
#1896 = MECHANICAL_DESIGN_GEOMETRIC_PRESENTATION_REPRESENTATION (  '', ( #1166 ), #2261 ) ;
#1897 = FILL_AREA_STYLE ('',( #6969 ) ) ;
#1898 = DIRECTION ( 'NONE',  ( -1.000000000000000000, 0.0000000000000000000, -0.0000000000000000000 ) ) ;
#1899 = PLANE ( 'NONE',  #1831 ) ;
#1900 =( LENGTH_UNIT ( ) NAMED_UNIT ( * ) SI_UNIT ( .MILLI., .METRE. ) );
#1901 = EDGE_CURVE ( 'NONE', #4018, #5796, #5122, .T. ) ;
#1902 = DIRECTION ( 'NONE',  ( 0.0000000000000000000, 0.0000000000000000000, 1.000000000000000000 ) ) ;
#1903 = VERTEX_POINT ( 'NONE', #3858 ) ;
#1904 = CARTESIAN_POINT ( 'NONE',  ( 6.049999999999999800, 5.205000000000000100, 4.599999999999999600 ) ) ;
#1905 = PLANE ( 'NONE',  #4369 ) ;
#1906 = MECHANICAL_DESIGN_GEOMETRIC_PRESENTATION_REPRESENTATION (  '', ( #1177 ), #2273 ) ;
#1907 = ORIENTED_EDGE ( 'NONE', *, *, #4851, .T. ) ;
#1908 = UNCERTAINTY_MEASURE_WITH_UNIT (LENGTH_MEASURE( 1.000000000000000100E-005 ), #990, 'distance_accuracy_value', 'NONE');
#1909 = CARTESIAN_POINT ( 'NONE',  ( 9.390000000000000600, -8.150000000000000400, -8.239271102010437900E-059 ) ) ;
#1910 = LINE ( 'NONE', #1590, #1229 ) ;
#1911 = LINE ( 'NONE', #2679, #4759 ) ;
#1912 = PRESENTATION_STYLE_ASSIGNMENT (( #2136 ) ) ;
#1913 = DIRECTION ( 'NONE',  ( 0.0000000000000000000, 0.0000000000000000000, 1.000000000000000000 ) ) ;
#1914 = ADVANCED_FACE ( 'NONE', ( #6610 ), #4399, .T. ) ;
#1915 = AXIS2_PLACEMENT_3D ( 'NONE', #4013, #637, #4583 ) ;
#1916 = LINE ( 'NONE', #5226, #3419 ) ;
#1917 = ORIENTED_EDGE ( 'NONE', *, *, #6724, .T. ) ;
#1918 =( NAMED_UNIT ( * ) PLANE_ANGLE_UNIT ( ) SI_UNIT ( $, .RADIAN. ) );
#1919 =( LENGTH_UNIT ( ) NAMED_UNIT ( * ) SI_UNIT ( .MILLI., .METRE. ) );
#1920 = EDGE_LOOP ( 'NONE', ( #3002, #1714, #1778, #1450 ) ) ;
#1921 = ORIENTED_EDGE ( 'NONE', *, *, #3232, .T. ) ;
#1922 = STYLED_ITEM ( 'NONE', ( #6611 ), #5049 ) ;
#1923 = DIRECTION ( 'NONE',  ( -1.000000000000000000, 0.0000000000000000000, 0.0000000000000000000 ) ) ;
#1924 = CARTESIAN_POINT ( 'NONE',  ( 11.50000000000000000, 6.250000000000000000, 0.4999999999999978400 ) ) ;
#1925 = LINE ( 'NONE', #2102, #4945 ) ;
#1926 = DIRECTION ( 'NONE',  ( -1.213057269022220100E-060, 1.000000000000000000, 0.0000000000000000000 ) ) ;
#1927 =( LENGTH_UNIT ( ) NAMED_UNIT ( * ) SI_UNIT ( .MILLI., .METRE. ) );
#1928 = EDGE_CURVE ( 'NONE', #5446, #2883, #89, .T. ) ;
#1929 = SURFACE_STYLE_FILL_AREA ( #6025 ) ;
#1930 = LINE ( 'NONE', #3040, #4951 ) ;
#1931 = LINE ( 'NONE', #6099, #6295 ) ;
#1932 = EDGE_CURVE ( 'NONE', #494, #2840, #5933, .T. ) ;
#1933 = PRESENTATION_STYLE_ASSIGNMENT (( #340 ) ) ;
#1934 = STYLED_ITEM ( 'NONE', ( #4025 ), #1387 ) ;
#1935 = FILL_AREA_STYLE_COLOUR ( '', #5087 ) ;
#1936 = EDGE_LOOP ( 'NONE', ( #3248, #447, #4686, #7073 ) ) ;
#1937 = CYLINDRICAL_SURFACE ( 'NONE', #3233, 0.5000000000000004400 ) ;
#1938 =( NAMED_UNIT ( * ) PLANE_ANGLE_UNIT ( ) SI_UNIT ( $, .RADIAN. ) );
#1939 = PRESENTATION_STYLE_ASSIGNMENT (( #4520 ) ) ;
#1940 = FACE_BOUND ( 'NONE', #1083, .T. ) ;
#1941 = ORIENTED_EDGE ( 'NONE', *, *, #3843, .T. ) ;
#1942 = EDGE_CURVE ( 'NONE', #2930, #5438, #3072, .T. ) ;
#1943 = PRODUCT_DEFINITION_CONTEXT ( 'detailed design', #4549, 'design' ) ;
#1944 =( LENGTH_UNIT ( ) NAMED_UNIT ( * ) SI_UNIT ( .MILLI., .METRE. ) );
#1945 = CARTESIAN_POINT ( 'NONE',  ( 9.390000000000000600, -7.642857142857139700, 0.6055506259999771100 ) ) ;
#1946 =( LENGTH_UNIT ( ) NAMED_UNIT ( * ) SI_UNIT ( .MILLI., .METRE. ) );
#1947 = LINE ( 'NONE', #4954, #4964 ) ;
#1948 =( NAMED_UNIT ( * ) PLANE_ANGLE_UNIT ( ) SI_UNIT ( $, .RADIAN. ) );
#1949 = CARTESIAN_POINT ( 'NONE',  ( -11.50000000000000000, -6.250000000000000000, 0.4999999999999978400 ) ) ;
#1950 = VERTEX_POINT ( 'NONE', #3138 ) ;
#1951 = COLOUR_RGB ( '',0.7529411764705882200, 0.7529411764705882200, 0.7529411764705882200 ) ;
#1952 = ADVANCED_FACE ( 'NONE', ( #2892 ), #2959, .F. ) ;
#1953 =( NAMED_UNIT ( * ) SI_UNIT ( $, .STERADIAN. ) SOLID_ANGLE_UNIT ( ) );
#1954 = CARTESIAN_POINT ( 'NONE',  ( 8.390000000000000600, -7.642857142857141500, 0.6055506259999767800 ) ) ;
#1955 = SURFACE_SIDE_STYLE ('',( #2576 ) ) ;
#1956 = ORIENTED_EDGE ( 'NONE', *, *, #1172, .F. ) ;
#1957 = VERTEX_POINT ( 'NONE', #2559 ) ;
#1958 = CARTESIAN_POINT ( 'NONE',  ( 8.390000000000000600, -7.099999999999999600, 0.3499999999999999800 ) ) ;
#1959 = FILL_AREA_STYLE ('',( #5396 ) ) ;
#1960 = PRESENTATION_LAYER_ASSIGNMENT (  '', '', ( #2327 ) ) ;
#1961 = FILL_AREA_STYLE ('',( #6463 ) ) ;
#1962 = VECTOR ( 'NONE', #2714, 1000.000000000000000 ) ;
#1963 = DIRECTION ( 'NONE',  ( -1.000000000000000000, 0.0000000000000000000, -0.0000000000000000000 ) ) ;
#1964 = ORIENTED_EDGE ( 'NONE', *, *, #3352, .F. ) ;
#1965 = ORIENTED_EDGE ( 'NONE', *, *, #1747, .T. ) ;
#1966 = SURFACE_STYLE_USAGE ( .BOTH. , #1987 ) ;
#1967 = AXIS2_PLACEMENT_3D ( 'NONE', #4064, #691, #4634 ) ;
#1968 = ORIENTED_EDGE ( 'NONE', *, *, #887, .F. ) ;
#1969 = ORIENTED_EDGE ( 'NONE', *, *, #5656, .T. ) ;
#1970 = CARTESIAN_POINT ( 'NONE',  ( 11.99215728752538200, -6.849999999999942800, 0.08284271247456799500 ) ) ;
#1971 =( NAMED_UNIT ( * ) PLANE_ANGLE_UNIT ( ) SI_UNIT ( $, .RADIAN. ) );
#1972 = FILL_AREA_STYLE ('',( #4810 ) ) ;
#1973 = EDGE_CURVE ( 'NONE', #425, #3154, #1798, .T. ) ;
#1974 =( NAMED_UNIT ( * ) SI_UNIT ( $, .STERADIAN. ) SOLID_ANGLE_UNIT ( ) );
#1975 = SURFACE_STYLE_FILL_AREA ( #3149 ) ;
#1976 = MECHANICAL_DESIGN_GEOMETRIC_PRESENTATION_REPRESENTATION (  '', ( #1251 ), #2341 ) ;
#1977 =( NAMED_UNIT ( * ) SI_UNIT ( $, .STERADIAN. ) SOLID_ANGLE_UNIT ( ) );
#1978 = MECHANICAL_DESIGN_GEOMETRIC_PRESENTATION_REPRESENTATION (  '', ( #1254 ), #2345 ) ;
#1979 = DIRECTION ( 'NONE',  ( 0.0000000000000000000, 0.0000000000000000000, 1.000000000000000000 ) ) ;
#1980 = CARTESIAN_POINT ( 'NONE',  ( 0.0000000000000000000, -6.250000000000000000, 2.799999999999999800 ) ) ;
#1981 = EDGE_CURVE ( 'NONE', #168, #5703, #315, .T. ) ;
#1982 = STYLED_ITEM ( 'NONE', ( #6633 ), #92 ) ;
#1983 = DIRECTION ( 'NONE',  ( 1.000000000000000000, 2.047319486629579800E-065, 0.0000000000000000000 ) ) ;
#1984 = AXIS2_PLACEMENT_3D ( 'NONE', #317, #293, #272 ) ;
#1985 = EDGE_LOOP ( 'NONE', ( #546, #2156, #766, #3144 ) ) ;
#1986 = CARTESIAN_POINT ( 'NONE',  ( 5.850000000000000500, -7.099999999999999600, 0.3499999999999999800 ) ) ;
#1987 = SURFACE_SIDE_STYLE ('',( #7168 ) ) ;
#1988 = CARTESIAN_POINT ( 'NONE',  ( 6.049999999999999800, -4.955000000000000100, 2.799999999999999800 ) ) ;
#1989 = SURFACE_STYLE_FILL_AREA ( #3571 ) ;
#1990 = CARTESIAN_POINT ( 'NONE',  ( -11.50000000000000000, 6.250000000000000000, 0.4999999999999978400 ) ) ;
#1991 = FACE_OUTER_BOUND ( 'NONE', #934, .T. ) ;
#1992 = ORIENTED_EDGE ( 'NONE', *, *, #3272, .F. ) ;
#1993 = CARTESIAN_POINT ( 'NONE',  ( 12.07499999999999900, -6.850000000000000500, 0.9499999999999999600 ) ) ;
#1994 = DIRECTION ( 'NONE',  ( 0.0000000000000000000, 0.0000000000000000000, 1.000000000000000000 ) ) ;
#1995 = AXIS2_PLACEMENT_3D ( 'NONE', #7170, #3792, #423 ) ;
#1996 = VECTOR ( 'NONE', #4129, 1000.000000000000000 ) ;
#1997 = COLOUR_RGB ( '',0.7529411764705882200, 0.7529411764705882200, 0.7529411764705882200 ) ;
#1998 = ORIENTED_EDGE ( 'NONE', *, *, #68, .F. ) ;
#1999 = UNCERTAINTY_MEASURE_WITH_UNIT (LENGTH_MEASURE( 1.000000000000000100E-005 ), #6683, 'distance_accuracy_value', 'NONE');
#2000 =( NAMED_UNIT ( * ) PLANE_ANGLE_UNIT ( ) SI_UNIT ( $, .RADIAN. ) );
#2001 = VECTOR ( 'NONE', #5278, 1000.000000000000000 ) ;
#2002 = AXIS2_PLACEMENT_3D ( 'NONE', #7026, #3641, #287 ) ;
#2003 = LINE ( 'NONE', #5913, #537 ) ;
#2004 =( NAMED_UNIT ( * ) PLANE_ANGLE_UNIT ( ) SI_UNIT ( $, .RADIAN. ) );
#2005 = UNCERTAINTY_MEASURE_WITH_UNIT (LENGTH_MEASURE( 1.000000000000000100E-005 ), #4097, 'distance_accuracy_value', 'NONE');
#2006 = ORIENTED_EDGE ( 'NONE', *, *, #979, .T. ) ;
#2007 = LINE ( 'NONE', #435, #3526 ) ;
#2008 = DIRECTION ( 'NONE',  ( 1.000000000000000000, -1.393726859448460000E-028, 1.632966780389950100E-028 ) ) ;
#2009 = EDGE_CURVE ( 'NONE', #393, #1380, #3296, .T. ) ;
#2010 = DIRECTION ( 'NONE',  ( 1.000000000000000000, 0.0000000000000000000, 0.0000000000000000000 ) ) ;
#2011 = COLOUR_RGB ( '',0.7529411764705882200, 0.7529411764705882200, 0.7529411764705882200 ) ;
#2012 = VERTEX_POINT ( 'NONE', #2430 ) ;
#2013 = DIRECTION ( 'NONE',  ( 0.0000000000000000000, -0.9047619047619067700, -0.4259177099999558700 ) ) ;
#2014 = FACE_OUTER_BOUND ( 'NONE', #3029, .T. ) ;
#2015 =( LENGTH_UNIT ( ) NAMED_UNIT ( * ) SI_UNIT ( .MILLI., .METRE. ) );
#2017 = MECHANICAL_DESIGN_GEOMETRIC_PRESENTATION_REPRESENTATION (  '', ( #916 ), #2393 ) ;
#2016 = VECTOR ( 'NONE', #6452, 1000.000000000000000 ) ;
#2018 =( GEOMETRIC_REPRESENTATION_CONTEXT ( 3 ) GLOBAL_UNCERTAINTY_ASSIGNED_CONTEXT ( ( #1633 ) ) GLOBAL_UNIT_ASSIGNED_CONTEXT ( ( #5513, #2082, #6080 ) ) REPRESENTATION_CONTEXT ( 'NONE', 'WORKASPACE' ) );
#2019 = DIRECTION ( 'NONE',  ( 4.551305969182499400E-029, -0.0000000000000000000, -1.000000000000000000 ) ) ;
#2020 = VECTOR ( 'NONE', #690, 1000.000000000000000 ) ;
#2021 =( NAMED_UNIT ( * ) SI_UNIT ( $, .STERADIAN. ) SOLID_ANGLE_UNIT ( ) );
#2022 = ORIENTED_EDGE ( 'NONE', *, *, #5137, .T. ) ;
#2023 = EDGE_CURVE ( 'NONE', #2292, #5436, #1629, .T. ) ;
#2024 = PRESENTATION_STYLE_ASSIGNMENT (( #1120 ) ) ;
#2025 = AXIS2_PLACEMENT_3D ( 'NONE', #2051, #834, #4766 ) ;
#2026 = DIRECTION ( 'NONE',  ( 1.000000000000000000, 0.0000000000000000000, 0.0000000000000000000 ) ) ;
#2027 =( NAMED_UNIT ( * ) PLANE_ANGLE_UNIT ( ) SI_UNIT ( $, .RADIAN. ) );
#2028 = CARTESIAN_POINT ( 'NONE',  ( 8.589999999999999900, 5.205000000000000100, 4.599999999999999600 ) ) ;
#2029 = FACE_OUTER_BOUND ( 'NONE', #175, .T. ) ;
#2030 = MECHANICAL_DESIGN_GEOMETRIC_PRESENTATION_REPRESENTATION (  '', ( #169 ), #2408 ) ;
#2031 = EDGE_CURVE ( 'NONE', #1592, #3214, #4636, .T. ) ;
#2032 = FILL_AREA_STYLE ('',( #2252 ) ) ;
#2033 = VECTOR ( 'NONE', #4014, 1000.000000000000000 ) ;
#2034 =( GEOMETRIC_REPRESENTATION_CONTEXT ( 3 ) GLOBAL_UNCERTAINTY_ASSIGNED_CONTEXT ( ( #342 ) ) GLOBAL_UNIT_ASSIGNED_CONTEXT ( ( #2835, #2730, #2698 ) ) REPRESENTATION_CONTEXT ( 'NONE', 'WORKASPACE' ) );
#2035 = SURFACE_SIDE_STYLE ('',( #1678 ) ) ;
#2036 = SURFACE_SIDE_STYLE ('',( #7233 ) ) ;
#2037 = VERTEX_POINT ( 'NONE', #1877 ) ;
#2038 = DIRECTION ( 'NONE',  ( 1.000000000000000000, 0.0000000000000000000, 0.0000000000000000000 ) ) ;
#2039 = AXIS2_PLACEMENT_3D ( 'NONE', #2802, #842, #6781 ) ;
#2040 = ORIENTED_EDGE ( 'NONE', *, *, #2826, .F. ) ;
#2041 = CIRCLE ( 'NONE', #4386, 0.5999999999999998700 ) ;
#2042 = VERTEX_POINT ( 'NONE', #2149 ) ;
#2043 = VECTOR ( 'NONE', #4763, 1000.000000000000000 ) ;
#2044 = DIRECTION ( 'NONE',  ( 0.0000000000000000000, 0.0000000000000000000, -1.000000000000000000 ) ) ;
#2045 =( LENGTH_UNIT ( ) NAMED_UNIT ( * ) SI_UNIT ( .MILLI., .METRE. ) );
#2046 = ORIENTED_EDGE ( 'NONE', *, *, #4896, .T. ) ;
#2047 = FILL_AREA_STYLE ('',( #4885 ) ) ;
#2048 = PRESENTATION_STYLE_ASSIGNMENT (( #170 ) ) ;
#2049 = EDGE_LOOP ( 'NONE', ( #4573, #1539, #6345, #1111 ) ) ;
#2050 = ORIENTED_EDGE ( 'NONE', *, *, #6042, .T. ) ;
#2051 = CARTESIAN_POINT ( 'NONE',  ( 0.0000000000000000000, 0.0000000000000000000, 1.600000000000000100 ) ) ;
#2052 = STYLED_ITEM ( 'NONE', ( #3242 ), #3517 ) ;
#2053 = CARTESIAN_POINT ( 'NONE',  ( -8.890000000000000600, 5.080000000000000100, 4.599999999999999600 ) ) ;
#2054 =( NAMED_UNIT ( * ) PLANE_ANGLE_UNIT ( ) SI_UNIT ( $, .RADIAN. ) );
#2055 = CARTESIAN_POINT ( 'NONE',  ( -8.390000000000000600, -7.642857142857141500, 0.6055506259999767800 ) ) ;
#2056 = DIRECTION ( 'NONE',  ( 0.0000000000000000000, 0.0000000000000000000, 1.000000000000000000 ) ) ;
#2057 = STYLED_ITEM ( 'NONE', ( #4408 ), #4913 ) ;
#2058 = CARTESIAN_POINT ( 'NONE',  ( -11.50000000000000200, -6.049999999999999800, 1.600000000000000100 ) ) ;
#2059 = EDGE_CURVE ( 'NONE', #51, #1239, #1463, .T. ) ;
#2060 =( NAMED_UNIT ( * ) PLANE_ANGLE_UNIT ( ) SI_UNIT ( $, .RADIAN. ) );
#2061 = VECTOR ( 'NONE', #1328, 1000.000000000000000 ) ;
#2062 = ORIENTED_EDGE ( 'NONE', *, *, #5370, .F. ) ;
#2063 = SURFACE_STYLE_USAGE ( .BOTH. , #2071 ) ;
#2064 = EDGE_CURVE ( 'NONE', #3505, #6738, #5972, .T. ) ;
#2065 = EDGE_CURVE ( 'NONE', #7198, #3622, #4446, .T. ) ;
#2066 =( GEOMETRIC_REPRESENTATION_CONTEXT ( 3 ) GLOBAL_UNCERTAINTY_ASSIGNED_CONTEXT ( ( #6374 ) ) GLOBAL_UNIT_ASSIGNED_CONTEXT ( ( #6071, #6125, #6148 ) ) REPRESENTATION_CONTEXT ( 'NONE', 'WORKASPACE' ) );
#2067 = PRODUCT_DEFINITION ( 'UNKNOWN', '', #4359, #4194 ) ;
#2068 = ORIENTED_EDGE ( 'NONE', *, *, #5702, .F. ) ;
#2069 = CARTESIAN_POINT ( 'NONE',  ( -9.390000000000000600, 7.642857142857140600, 0.6055506259999767800 ) ) ;
#2070 = FACE_OUTER_BOUND ( 'NONE', #6469, .T. ) ;
#2071 = SURFACE_SIDE_STYLE ('',( #2188 ) ) ;
#2072 = ORIENTED_EDGE ( 'NONE', *, *, #4391, .T. ) ;
#2073 = ADVANCED_FACE ( 'NONE', ( #2767 ), #1212, .T. ) ;
#2074 = DIRECTION ( 'NONE',  ( 0.0000000000000000000, -1.000000000000000000, -0.0000000000000000000 ) ) ;
#2075 = EDGE_CURVE ( 'NONE', #22, #1421, #6565, .T. ) ;
#2076 =( GEOMETRIC_REPRESENTATION_CONTEXT ( 3 ) GLOBAL_UNCERTAINTY_ASSIGNED_CONTEXT ( ( #3270 ) ) GLOBAL_UNIT_ASSIGNED_CONTEXT ( ( #1142, #1126, #1096 ) ) REPRESENTATION_CONTEXT ( 'NONE', 'WORKASPACE' ) );
#2077 = AXIS2_PLACEMENT_3D ( 'NONE', #4738, #3015, #776 ) ;
#2078 = COLOUR_RGB ( '',0.7529411764705882200, 0.7529411764705882200, 0.7529411764705882200 ) ;
#2079 = CARTESIAN_POINT ( 'NONE',  ( 5.850000000000000500, 7.099999999999999600, 0.6999999999999999600 ) ) ;
#2080 =( LENGTH_UNIT ( ) NAMED_UNIT ( * ) SI_UNIT ( .MILLI., .METRE. ) );
#2081 =( LENGTH_UNIT ( ) NAMED_UNIT ( * ) SI_UNIT ( .MILLI., .METRE. ) );
#2082 =( NAMED_UNIT ( * ) PLANE_ANGLE_UNIT ( ) SI_UNIT ( $, .RADIAN. ) );
#2083 = EDGE_LOOP ( 'NONE', ( #2584, #6892, #3262, #6034 ) ) ;
#2084 = DIRECTION ( 'NONE',  ( 0.0000000000000000000, 0.0000000000000000000, -1.000000000000000000 ) ) ;
#2085 = VECTOR ( 'NONE', #3835, 1000.000000000000000 ) ;
#2086 = AXIS2_PLACEMENT_3D ( 'NONE', #3998, #2846, #3437 ) ;
#2087 = VERTEX_POINT ( 'NONE', #689 ) ;
#2088 = CARTESIAN_POINT ( 'NONE',  ( 8.589999999999999900, -4.955000000000000100, 2.799999999999999800 ) ) ;
#2089 = LINE ( 'NONE', #5017, #5130 ) ;
#2090 = PRESENTATION_STYLE_ASSIGNMENT (( #4030 ) ) ;
#2091 =( NAMED_UNIT ( * ) SI_UNIT ( $, .STERADIAN. ) SOLID_ANGLE_UNIT ( ) );
#2092 = FILL_AREA_STYLE ('',( #2119 ) ) ;
#2093 = CARTESIAN_POINT ( 'NONE',  ( -8.890000000000000600, 7.099999999999999600, 0.3499999999999999800 ) ) ;
#2094 = MECHANICAL_DESIGN_GEOMETRIC_PRESENTATION_REPRESENTATION (  '', ( #1382 ), #2486 ) ;
#2095 = VECTOR ( 'NONE', #4828, 1000.000000000000000 ) ;
#2096 = CARTESIAN_POINT ( 'NONE',  ( -8.890000000000000600, -9.000000000000001800, 0.0000000000000000000 ) ) ;
#2097 =( NAMED_UNIT ( * ) PLANE_ANGLE_UNIT ( ) SI_UNIT ( $, .RADIAN. ) );
#2098 = DIRECTION ( 'NONE',  ( -1.000000000000000000, 0.0000000000000000000, -0.0000000000000000000 ) ) ;
#2099 = EDGE_LOOP ( 'NONE', ( #343, #4727, #5802, #3812 ) ) ;
#2100 = EDGE_CURVE ( 'NONE', #5290, #7198, #2213, .T. ) ;
#2101 = SURFACE_STYLE_FILL_AREA ( #3944 ) ;
#2102 = CARTESIAN_POINT ( 'NONE',  ( -8.890000000000000600, -5.205000000000000100, 4.599999999999999600 ) ) ;
#2103 = LINE ( 'NONE', #55, #6628 ) ;
#2104 = CARTESIAN_POINT ( 'NONE',  ( 8.890000000000000600, -8.150000000000000400, 0.0000000000000000000 ) ) ;
#2105 = CARTESIAN_POINT ( 'NONE',  ( 8.890000000000000600, -8.150000000000000400, -0.2499999999999999400 ) ) ;
#2106 = ADVANCED_FACE ( 'NONE', ( #5074 ), #49, .T. ) ;
#2107 = STYLED_ITEM ( 'NONE', ( #5039 ), #5623 ) ;
#2108 = AXIS2_PLACEMENT_3D ( 'NONE', #663, #4607, #1227 ) ;
#2109 = DIRECTION ( 'NONE',  ( 3.366640523681080300E-029, 3.488060345846600000E-028, -1.000000000000000000 ) ) ;
#2110 = COLOUR_RGB ( '',0.7529411764705882200, 0.7529411764705882200, 0.7529411764705882200 ) ;
#2111 = CARTESIAN_POINT ( 'NONE',  ( 8.390000000000000600, -7.875740647047340600, 0.0000000000000000000 ) ) ;
#2112 = FILL_AREA_STYLE_COLOUR ( '', #3453 ) ;
#2113 = SURFACE_SIDE_STYLE ('',( #5718 ) ) ;
#2114 = ORIENTED_EDGE ( 'NONE', *, *, #3044, .T. ) ;
#2115 = CIRCLE ( 'NONE', #5485, 0.5999999999999999800 ) ;
#2116 = EDGE_CURVE ( 'NONE', #2042, #6651, #1546, .T. ) ;
#2117 = PRESENTATION_LAYER_ASSIGNMENT (  '', '', ( #1399 ) ) ;
#2118 = ORIENTED_EDGE ( 'NONE', *, *, #2490, .F. ) ;
#2119 = FILL_AREA_STYLE_COLOUR ( '', #6547 ) ;
#2120 = ORIENTED_EDGE ( 'NONE', *, *, #4702, .T. ) ;
#2121 = SURFACE_STYLE_USAGE ( .BOTH. , #5550 ) ;
#2122 = STYLED_ITEM ( 'NONE', ( #5570 ), #6382 ) ;
#2123 = VECTOR ( 'NONE', #1575, 1000.000000000000000 ) ;
#2124 =( LENGTH_UNIT ( ) NAMED_UNIT ( * ) SI_UNIT ( .MILLI., .METRE. ) );
#2125 = ORIENTED_EDGE ( 'NONE', *, *, #6187, .F. ) ;
#2126 = ORIENTED_EDGE ( 'NONE', *, *, #2939, .T. ) ;
#2127 = DIRECTION ( 'NONE',  ( 1.000000000000000000, 0.0000000000000000000, 0.0000000000000000000 ) ) ;
#2128 = ORIENTED_EDGE ( 'NONE', *, *, #7245, .F. ) ;
#2129 = VERTEX_POINT ( 'NONE', #4806 ) ;
#2130 = CARTESIAN_POINT ( 'NONE',  ( 6.850000000000000500, -5.205000000000000100, 2.799999999999999800 ) ) ;
#2131 = VECTOR ( 'NONE', #2920, 1000.000000000000000 ) ;
#2132 = STYLED_ITEM ( 'NONE', ( #4454 ), #3828 ) ;
#2133 = FILL_AREA_STYLE ('',( #3863 ) ) ;
#2134 = CARTESIAN_POINT ( 'NONE',  ( 6.349999999999999600, 7.099999999999999600, 0.3499999999999999800 ) ) ;
#2135 = ADVANCED_FACE ( 'NONE', ( #6059 ), #4153, .F. ) ;
#2136 = SURFACE_STYLE_USAGE ( .BOTH. , #5577 ) ;
#2137 = SURFACE_STYLE_FILL_AREA ( #1961 ) ;
#2138 = UNCERTAINTY_MEASURE_WITH_UNIT (LENGTH_MEASURE( 1.000000000000000100E-005 ), #4459, 'distance_accuracy_value', 'NONE');
#2139 = SURFACE_SIDE_STYLE ('',( #1049 ) ) ;
#2140 = PRESENTATION_LAYER_ASSIGNMENT (  '', '', ( #1436 ) ) ;
#2141 = PRESENTATION_LAYER_ASSIGNMENT (  '', '', ( #1793 ) ) ;
#2142 = SURFACE_SIDE_STYLE ('',( #6449 ) ) ;
#2143 = FILL_AREA_STYLE ('',( #3260 ) ) ;
#2144 = FILL_AREA_STYLE ('',( #1613 ) ) ;
#2145 = VERTEX_POINT ( 'NONE', #1988 ) ;
#2146 = DIRECTION ( 'NONE',  ( -1.000000000000000000, -2.640288016400939700E-029, -4.551305969182499400E-029 ) ) ;
#2147 = EDGE_CURVE ( 'NONE', #528, #5357, #5350, .T. ) ;
#2148 = FACE_OUTER_BOUND ( 'NONE', #1599, .T. ) ;
#2149 = CARTESIAN_POINT ( 'NONE',  ( 9.390000000000000600, 8.150000000000000400, -8.239271102010437900E-059 ) ) ;
#2150 = PRESENTATION_LAYER_ASSIGNMENT (  '', '', ( #1805 ) ) ;
#2151 = VECTOR ( 'NONE', #4967, 1000.000000000000000 ) ;
#2152 =( LENGTH_UNIT ( ) NAMED_UNIT ( * ) SI_UNIT ( .MILLI., .METRE. ) );
#2153 = DIRECTION ( 'NONE',  ( 1.000000000000000000, 0.0000000000000000000, 0.0000000000000000000 ) ) ;
#2154 = VECTOR ( 'NONE', #2777, 1000.000000000000000 ) ;
#2155 = MANIFOLD_SOLID_BREP ( 'Importiert1', #2897 ) ;
#2156 = ORIENTED_EDGE ( 'NONE', *, *, #1316, .T. ) ;
#2157 = CARTESIAN_POINT ( 'NONE',  ( -12.07499999999999900, -6.850000000000000500, 7.599999999999999600 ) ) ;
#2158 = LINE ( 'NONE', #792, #5205 ) ;
#2159 = VECTOR ( 'NONE', #1470, 1000.000000000000000 ) ;
#2160 = COLOUR_RGB ( '',0.7529411764705882200, 0.7529411764705882200, 0.7529411764705882200 ) ;
#2161 = PRESENTATION_STYLE_ASSIGNMENT (( #7154 ) ) ;
#2162 = DIRECTION ( 'NONE',  ( 1.000000000000000000, 0.0000000000000000000, 0.0000000000000000000 ) ) ;
#2163 = EDGE_CURVE ( 'NONE', #2818, #5076, #3291, .T. ) ;
#2164 = ORIENTED_EDGE ( 'NONE', *, *, #1316, .F. ) ;
#2165 = MECHANICAL_DESIGN_GEOMETRIC_PRESENTATION_REPRESENTATION (  '', ( #1455 ), #2558 ) ;
#2166 =( NAMED_UNIT ( * ) PLANE_ANGLE_UNIT ( ) SI_UNIT ( $, .RADIAN. ) );
#2167 =( NAMED_UNIT ( * ) SI_UNIT ( $, .STERADIAN. ) SOLID_ANGLE_UNIT ( ) );
#2168 = VECTOR ( 'NONE', #3982, 1000.000000000000000 ) ;
#2169 = FILL_AREA_STYLE_COLOUR ( '', #1997 ) ;
#2170 = COLOUR_RGB ( '',0.7529411764705882200, 0.7529411764705882200, 0.7529411764705882200 ) ;
#2171 = DIRECTION ( 'NONE',  ( 0.0000000000000000000, -0.0000000000000000000, -1.000000000000000000 ) ) ;
#2172 = CARTESIAN_POINT ( 'NONE',  ( 12.07500000000000300, 6.767157287525384000, 0.2000000000000005700 ) ) ;
#2173 = CIRCLE ( 'NONE', #3970, 0.5999999999999998700 ) ;
#2174 = FILL_AREA_STYLE_COLOUR ( '', #4940 ) ;
#2175 = ORIENTED_EDGE ( 'NONE', *, *, #1109, .T. ) ;
#2176 = SURFACE_SIDE_STYLE ('',( #5568 ) ) ;
#2177 = SURFACE_STYLE_FILL_AREA ( #6517 ) ;
#2178 = LINE ( 'NONE', #6731, #3529 ) ;
#2179 = ORIENTED_EDGE ( 'NONE', *, *, #3833, .F. ) ;
#2180 = AXIS2_PLACEMENT_3D ( 'NONE', #5465, #2044, #6027 ) ;
#2181 = LINE ( 'NONE', #6049, #5042 ) ;
#2182 = CARTESIAN_POINT ( 'NONE',  ( -8.390000000000000600, -5.205000000000000100, 2.799999999999999800 ) ) ;
#2183 = CARTESIAN_POINT ( 'NONE',  ( 5.850000000000000500, 7.875740647047340600, 0.0000000000000000000 ) ) ;
#2184 = ORIENTED_EDGE ( 'NONE', *, *, #149, .T. ) ;
#2185 = LINE ( 'NONE', #4760, #5231 ) ;
#2186 = VECTOR ( 'NONE', #6867, 1000.000000000000000 ) ;
#2187 = DIRECTION ( 'NONE',  ( 0.0000000000000000000, 0.9047619047619052100, 0.4259177099999590900 ) ) ;
#2188 = SURFACE_STYLE_FILL_AREA ( #2092 ) ;
#2189 = PRESENTATION_LAYER_ASSIGNMENT (  '', '', ( #1473 ) ) ;
#2190 = MECHANICAL_DESIGN_GEOMETRIC_PRESENTATION_REPRESENTATION (  '', ( #1474 ), #2583 ) ;
#2191 = SURFACE_STYLE_FILL_AREA ( #549 ) ;
#2192 =( NAMED_UNIT ( * ) PLANE_ANGLE_UNIT ( ) SI_UNIT ( $, .RADIAN. ) );
#2193 = CARTESIAN_POINT ( 'NONE',  ( -11.87500000000000000, 6.650000000000000400, 0.0000000000000000000 ) ) ;
#2194 = EDGE_CURVE ( 'NONE', #5436, #1800, #853, .T. ) ;
#2195 = CARTESIAN_POINT ( 'NONE',  ( 9.390000000000000600, -7.875740647047340600, -0.2500000000000000600 ) ) ;
#2196 = CARTESIAN_POINT ( 'NONE',  ( -11.87500000000000000, -6.850000000000000500, 1.600000000000000100 ) ) ;
#2197 = ORIENTED_EDGE ( 'NONE', *, *, #6042, .F. ) ;
#2198 = ADVANCED_FACE ( 'NONE', ( #1790 ), #2462, .T. ) ;
#2199 = EDGE_CURVE ( 'NONE', #2868, #301, #5621, .T. ) ;
#2200 = DIRECTION ( 'NONE',  ( -1.000000000000000000, -2.047319486629579800E-065, 0.0000000000000000000 ) ) ;
#2201 = VECTOR ( 'NONE', #5626, 1000.000000000000000 ) ;
#2202 = EDGE_CURVE ( 'NONE', #1192, #6454, #7098, .T. ) ;
#2203 =( GEOMETRIC_REPRESENTATION_CONTEXT ( 3 ) GLOBAL_UNCERTAINTY_ASSIGNED_CONTEXT ( ( #6556 ) ) GLOBAL_UNIT_ASSIGNED_CONTEXT ( ( #5604, #2166, #6171 ) ) REPRESENTATION_CONTEXT ( 'NONE', 'WORKASPACE' ) );
#2204 = CARTESIAN_POINT ( 'NONE',  ( -8.890000000000000600, -7.416666666666668700, 0.4990711984999857700 ) ) ;
#2205 = SURFACE_STYLE_USAGE ( .BOTH. , #5647 ) ;
#2206 = ORIENTED_EDGE ( 'NONE', *, *, #4606, .F. ) ;
#2207 = ORIENTED_EDGE ( 'NONE', *, *, #3272, .T. ) ;
#2208 = EDGE_CURVE ( 'NONE', #3884, #7218, #2762, .T. ) ;
#2209 = MECHANICAL_DESIGN_GEOMETRIC_PRESENTATION_REPRESENTATION (  '', ( #1500 ), #2608 ) ;
#2210 = DIRECTION ( 'NONE',  ( 1.000000000000000000, -2.047319486629579800E-065, 0.0000000000000000000 ) ) ;
#2211 = ORIENTED_EDGE ( 'NONE', *, *, #1664, .T. ) ;
#2212 = CARTESIAN_POINT ( 'NONE',  ( 8.390000000000000600, -7.875740647047340600, -0.2500000000000000600 ) ) ;
#2213 = CIRCLE ( 'NONE', #1984, 0.5999999999999998700 ) ;
#2214 = ORIENTED_EDGE ( 'NONE', *, *, #5656, .F. ) ;
#2215 = VERTEX_POINT ( 'NONE', #7280 ) ;
#2216 = CARTESIAN_POINT ( 'NONE',  ( 0.0000000000000000000, 0.0000000000000000000, 0.0000000000000000000 ) ) ;
#2217 =( LENGTH_UNIT ( ) NAMED_UNIT ( * ) SI_UNIT ( .MILLI., .METRE. ) );
#2218 = FILL_AREA_STYLE ('',( #3373 ) ) ;
#2219 =( NAMED_UNIT ( * ) PLANE_ANGLE_UNIT ( ) SI_UNIT ( $, .RADIAN. ) );
#2220 = SURFACE_SIDE_STYLE ('',( #2896 ) ) ;
#2221 = STYLED_ITEM ( 'NONE', ( #5450 ), #2953 ) ;
#2222 = FACE_OUTER_BOUND ( 'NONE', #6299, .T. ) ;
#2223 = CARTESIAN_POINT ( 'NONE',  ( 6.349999999999999600, -7.833333333333331300, 0.2009288015000139900 ) ) ;
#2224 = CYLINDRICAL_SURFACE ( 'NONE', #6336, 0.3499999999999999800 ) ;
#2225 = ORIENTED_EDGE ( 'NONE', *, *, #2630, .T. ) ;
#2226 = DIRECTION ( 'NONE',  ( -0.0000000000000000000, 1.000000000000000000, 5.887021680753820000E-033 ) ) ;
#2227 = DIRECTION ( 'NONE',  ( -1.000000000000000000, -2.047319486629579800E-065, 0.0000000000000000000 ) ) ;
#2228 = CARTESIAN_POINT ( 'NONE',  ( -11.30000000000000100, 6.049999999999999800, 1.600000000000000100 ) ) ;
#2229 = VECTOR ( 'NONE', #2975, 1000.000000000000000 ) ;
#2230 = ORIENTED_EDGE ( 'NONE', *, *, #3013, .F. ) ;
#2231 = PRESENTATION_LAYER_ASSIGNMENT (  '', '', ( #1520 ) ) ;
#2232 = ADVANCED_FACE ( 'NONE', ( #1107 ), #5000, .T. ) ;
#2233 = CARTESIAN_POINT ( 'NONE',  ( 6.049999999999999800, 1.354017197126070000E-016, 2.799999999999999800 ) ) ;
#2234 = DIRECTION ( 'NONE',  ( 0.0000000000000000000, -1.000000000000000000, -0.0000000000000000000 ) ) ;
#2235 = DIRECTION ( 'NONE',  ( 1.000000000000000000, 0.0000000000000000000, 0.0000000000000000000 ) ) ;
#2236 = EDGE_CURVE ( 'NONE', #4817, #5290, #6397, .T. ) ;
#2237 = SURFACE_STYLE_FILL_AREA ( #5083 ) ;
#2238 = VERTEX_POINT ( 'NONE', #4692 ) ;
#2239 = VECTOR ( 'NONE', #2671, 1000.000000000000000 ) ;
#2240 = DIRECTION ( 'NONE',  ( 0.0000000000000000000, 0.0000000000000000000, 1.000000000000000000 ) ) ;
#2241 = VECTOR ( 'NONE', #1735, 1000.000000000000000 ) ;
#2242 = CARTESIAN_POINT ( 'NONE',  ( -9.390000000000000600, -7.607142857142860300, 0.09444937400002460800 ) ) ;
#2243 = ORIENTED_EDGE ( 'NONE', *, *, #3415, .T. ) ;
#2244 = DIRECTION ( 'NONE',  ( 0.0000000000000000000, -0.0000000000000000000, -1.000000000000000000 ) ) ;
#2245 = MECHANICAL_DESIGN_GEOMETRIC_PRESENTATION_REPRESENTATION (  '', ( #1529 ), #2636 ) ;
#2246 = STYLED_ITEM ( 'NONE', ( #1420 ), #6886 ) ;
#2247 = DIRECTION ( 'NONE',  ( -1.000000000000000000, 0.0000000000000000000, 0.0000000000000000000 ) ) ;
#2248 = PLANE ( 'NONE',  #4346 ) ;
#2249 = CARTESIAN_POINT ( 'NONE',  ( -8.390000000000000600, 6.850000000000000500, 0.9499999999999999600 ) ) ;
#2250 = LINE ( 'NONE', #5165, #3594 ) ;
#2251 = SURFACE_STYLE_FILL_AREA ( #6126 ) ;
#2252 = FILL_AREA_STYLE_COLOUR ( '', #1185 ) ;
#2253 = EDGE_CURVE ( 'NONE', #2566, #1366, #575, .T. ) ;
#2254 = DIRECTION ( 'NONE',  ( 1.000000000000000000, 2.047319486629579800E-065, 0.0000000000000000000 ) ) ;
#2255 =( GEOMETRIC_REPRESENTATION_CONTEXT ( 3 ) GLOBAL_UNCERTAINTY_ASSIGNED_CONTEXT ( ( #2502 ) ) GLOBAL_UNIT_ASSIGNED_CONTEXT ( ( #6303, #7181, #6222 ) ) REPRESENTATION_CONTEXT ( 'NONE', 'WORKASPACE' ) );
#2256 = DIRECTION ( 'NONE',  ( 1.000000000000000000, 2.047319486629579800E-065, 0.0000000000000000000 ) ) ;
#2257 = CYLINDRICAL_SURFACE ( 'NONE', #2711, 0.5000000000000004400 ) ;
#2258 = ORIENTED_EDGE ( 'NONE', *, *, #344, .T. ) ;
#2259 = FACE_OUTER_BOUND ( 'NONE', #2099, .T. ) ;
#2260 = ORIENTED_EDGE ( 'NONE', *, *, #2590, .T. ) ;
#2261 =( GEOMETRIC_REPRESENTATION_CONTEXT ( 3 ) GLOBAL_UNCERTAINTY_ASSIGNED_CONTEXT ( ( #107 ) ) GLOBAL_UNIT_ASSIGNED_CONTEXT ( ( #5475, #2054, #6041 ) ) REPRESENTATION_CONTEXT ( 'NONE', 'WORKASPACE' ) );
#2262 = VECTOR ( 'NONE', #3935, 1000.000000000000200 ) ;
#2263 = VECTOR ( 'NONE', #4652, 1000.000000000000000 ) ;
#2264 = DIRECTION ( 'NONE',  ( 0.0000000000000000000, 1.000000000000000000, 0.0000000000000000000 ) ) ;
#2265 = DIRECTION ( 'NONE',  ( -1.000000000000000000, 0.0000000000000000000, 0.0000000000000000000 ) ) ;
#2266 = UNCERTAINTY_MEASURE_WITH_UNIT (LENGTH_MEASURE( 1.000000000000000100E-005 ), #2799, 'distance_accuracy_value', 'NONE');
#2267 = ORIENTED_EDGE ( 'NONE', *, *, #2504, .F. ) ;
#2268 = EDGE_CURVE ( 'NONE', #4818, #3319, #4894, .T. ) ;
#2269 = VECTOR ( 'NONE', #1527, 1000.000000000000000 ) ;
#2270 = LINE ( 'NONE', #634, #818 ) ;
#2271 = SURFACE_STYLE_FILL_AREA ( #2143 ) ;
#2272 = APPLICATION_PROTOCOL_DEFINITION ( 'draft international standard', 'automotive_design', 1998, #5704 ) ;
#2273 =( GEOMETRIC_REPRESENTATION_CONTEXT ( 3 ) GLOBAL_UNCERTAINTY_ASSIGNED_CONTEXT ( ( #395 ) ) GLOBAL_UNIT_ASSIGNED_CONTEXT ( ( #4142, #783, #4722 ) ) REPRESENTATION_CONTEXT ( 'NONE', 'WORKASPACE' ) );
#2274 = CARTESIAN_POINT ( 'NONE',  ( 11.50000000000000000, 1.354017197126070000E-016, 2.799999999999999800 ) ) ;
#2275 =( NAMED_UNIT ( * ) PLANE_ANGLE_UNIT ( ) SI_UNIT ( $, .RADIAN. ) );
#2276 = CARTESIAN_POINT ( 'NONE',  ( 8.890000000000000600, -8.150000000000000400, -0.2500000000000000000 ) ) ;
#2277 = ADVANCED_FACE ( 'NONE', ( #3558 ), #4176, .F. ) ;
#2278 =( NAMED_UNIT ( * ) PLANE_ANGLE_UNIT ( ) SI_UNIT ( $, .RADIAN. ) );
#2279 = VERTEX_POINT ( 'NONE', #6952 ) ;
#2280 = DIRECTION ( 'NONE',  ( 1.000000000000000000, 0.0000000000000000000, 0.0000000000000000000 ) ) ;
#2281 = VERTEX_POINT ( 'NONE', #6433 ) ;
#2282 = DIRECTION ( 'NONE',  ( 1.000000000000000000, 0.0000000000000000000, 0.0000000000000000000 ) ) ;
#2283 = FACE_BOUND ( 'NONE', #4893, .T. ) ;
#2284 = AXIS2_PLACEMENT_3D ( 'NONE', #4560, #1186, #5132 ) ;
#2285 = CARTESIAN_POINT ( 'NONE',  ( -9.189999999999999500, 1.354017197126070000E-016, 2.799999999999999800 ) ) ;
#2286 = SURFACE_STYLE_USAGE ( .BOTH. , #5722 ) ;
#2287 = FILL_AREA_STYLE_COLOUR ( '', #6395 ) ;
#2288 = PRESENTATION_STYLE_ASSIGNMENT (( #3512 ) ) ;
#2289 = FACE_OUTER_BOUND ( 'NONE', #6327, .T. ) ;
#2290 =( LENGTH_UNIT ( ) NAMED_UNIT ( * ) SI_UNIT ( .MILLI., .METRE. ) );
#2291 = VECTOR ( 'NONE', #4860, 1000.000000000000000 ) ;
#2292 = VERTEX_POINT ( 'NONE', #3048 ) ;
#2293 = AXIS2_PLACEMENT_3D ( 'NONE', #1799, #5789, #2350 ) ;
#2294 = VERTEX_POINT ( 'NONE', #5899 ) ;
#2295 = SURFACE_STYLE_USAGE ( .BOTH. , #2948 ) ;
#2296 = ORIENTED_EDGE ( 'NONE', *, *, #872, .T. ) ;
#2297 = DIRECTION ( 'NONE',  ( -0.0000000000000000000, -0.0000000000000000000, -1.000000000000000000 ) ) ;
#2298 = FACE_OUTER_BOUND ( 'NONE', #2850, .T. ) ;
#2299 = CARTESIAN_POINT ( 'NONE',  ( -9.390000000000000600, 9.000000000000001800, -4.264521207411895500E-057 ) ) ;
#2300 = EDGE_CURVE ( 'NONE', #3783, #2542, #1371, .T. ) ;
#2301 = SURFACE_STYLE_USAGE ( .BOTH. , #5734 ) ;
#2302 = EDGE_CURVE ( 'NONE', #393, #337, #7174, .T. ) ;
#2303 = FILL_AREA_STYLE ('',( #1207 ) ) ;
#2304 = AXIS2_PLACEMENT_3D ( 'NONE', #6462, #6483, #6536 ) ;
#2305 = SURFACE_SIDE_STYLE ('',( #4924 ) ) ;
#2306 = VECTOR ( 'NONE', #1428, 1000.000000000000000 ) ;
#2307 =( NAMED_UNIT ( * ) SI_UNIT ( $, .STERADIAN. ) SOLID_ANGLE_UNIT ( ) );
#2308 = STYLED_ITEM ( 'NONE', ( #5040 ), #5848 ) ;
#2309 = FILL_AREA_STYLE_COLOUR ( '', #7076 ) ;
#2310 = ORIENTED_EDGE ( 'NONE', *, *, #6578, .F. ) ;
#2311 = EDGE_CURVE ( 'NONE', #37, #4070, #6501, .T. ) ;
#2312 = SURFACE_STYLE_FILL_AREA ( #4233 ) ;
#2313 = STYLED_ITEM ( 'NONE', ( #1502 ), #539 ) ;
#2314 = ORIENTED_EDGE ( 'NONE', *, *, #1160, .F. ) ;
#2315 = ADVANCED_FACE ( 'NONE', ( #2841 ), #1905, .F. ) ;
#2316 = ORIENTED_EDGE ( 'NONE', *, *, #438, .F. ) ;
#2317 = UNCERTAINTY_MEASURE_WITH_UNIT (LENGTH_MEASURE( 1.000000000000000100E-005 ), #4863, 'distance_accuracy_value', 'NONE');
#2318 = FACE_OUTER_BOUND ( 'NONE', #4726, .T. ) ;
#2319 = PRESENTATION_STYLE_ASSIGNMENT (( #6650 ) ) ;
#2320 = LINE ( 'NONE', #678, #5178 ) ;
#2321 = FILL_AREA_STYLE ('',( #4623 ) ) ;
#2322 = CARTESIAN_POINT ( 'NONE',  ( 11.87500000000000000, 6.650000000000000400, 0.2000000000000000100 ) ) ;
#2323 = UNCERTAINTY_MEASURE_WITH_UNIT (LENGTH_MEASURE( 1.000000000000000100E-005 ), #3960, 'distance_accuracy_value', 'NONE');
#2324 = DIRECTION ( 'NONE',  ( -1.632966780389950100E-028, 0.0000000000000000000, 1.000000000000000000 ) ) ;
#2325 = CARTESIAN_POINT ( 'NONE',  ( -1.475000000000000100, -2.549999999999999800, 0.0000000000000000000 ) ) ;
#2326 = CARTESIAN_POINT ( 'NONE',  ( -2.225000000000000500, -2.549999999999999800, 2.799999999999999800 ) ) ;
#2327 = STYLED_ITEM ( 'NONE', ( #6604 ), #3278 ) ;
#2328 = CARTESIAN_POINT ( 'NONE',  ( 9.390000000000000600, 7.642857142857140600, 0.6055506259999767800 ) ) ;
#2329 = UNCERTAINTY_MEASURE_WITH_UNIT (LENGTH_MEASURE( 1.000000000000000100E-005 ), #200, 'distance_accuracy_value', 'NONE');
#2330 = SURFACE_STYLE_FILL_AREA ( #660 ) ;
#2331 = SURFACE_STYLE_USAGE ( .BOTH. , #5769 ) ;
#2332 = EDGE_LOOP ( 'NONE', ( #4662, #5256, #1152, #2705 ) ) ;
#2333 = PRESENTATION_LAYER_ASSIGNMENT (  '', '', ( #1605 ) ) ;
#2334 = DIRECTION ( 'NONE',  ( 1.393726859448460000E-028, 1.000000000000000000, 2.275909662416548100E-056 ) ) ;
#2335 = LINE ( 'NONE', #3210, #3856 ) ;
#2336 = VECTOR ( 'NONE', #5068, 1000.000000000000000 ) ;
#2337 = ORIENTED_EDGE ( 'NONE', *, *, #1386, .F. ) ;
#2338 = EDGE_CURVE ( 'NONE', #1800, #1409, #2964, .T. ) ;
#2339 =( NAMED_UNIT ( * ) SI_UNIT ( $, .STERADIAN. ) SOLID_ANGLE_UNIT ( ) );
#2340 = VECTOR ( 'NONE', #3136, 1000.000000000000000 ) ;
#2341 =( GEOMETRIC_REPRESENTATION_CONTEXT ( 3 ) GLOBAL_UNCERTAINTY_ASSIGNED_CONTEXT ( ( #6453 ) ) GLOBAL_UNIT_ASSIGNED_CONTEXT ( ( #5045, #3902, #2760 ) ) REPRESENTATION_CONTEXT ( 'NONE', 'WORKASPACE' ) );
#2342 = VERTEX_POINT ( 'NONE', #1411 ) ;
#2343 =( LENGTH_UNIT ( ) NAMED_UNIT ( * ) SI_UNIT ( .MILLI., .METRE. ) );
#2344 = LINE ( 'NONE', #3142, #6688 ) ;
#2345 =( GEOMETRIC_REPRESENTATION_CONTEXT ( 3 ) GLOBAL_UNCERTAINTY_ASSIGNED_CONTEXT ( ( #3882 ) ) GLOBAL_UNIT_ASSIGNED_CONTEXT ( ( #2080, #6078, #2656 ) ) REPRESENTATION_CONTEXT ( 'NONE', 'WORKASPACE' ) );
#2346 = EDGE_LOOP ( 'NONE', ( #5795, #4127, #3159, #5215, #3471, #6055, #946, #1826, #6240, #7259, #6820, #3460 ) ) ;
#2347 = AXIS2_PLACEMENT_3D ( 'NONE', #3747, #383, #4317 ) ;
#2348 = PRESENTATION_STYLE_ASSIGNMENT (( #1519 ) ) ;
#2349 = DIRECTION ( 'NONE',  ( -1.000000000000000000, 0.0000000000000000000, 0.0000000000000000000 ) ) ;
#2350 = DIRECTION ( 'NONE',  ( 1.000000000000000000, 0.0000000000000000000, -0.0000000000000000000 ) ) ;
#2351 = ADVANCED_FACE ( 'NONE', ( #7290 ), #2577, .T. ) ;
#2352 = SURFACE_SIDE_STYLE ('',( #5490 ) ) ;
#2353 = LINE ( 'NONE', #4011, #4493 ) ;
#2354 = ORIENTED_EDGE ( 'NONE', *, *, #4497, .F. ) ;
#2355 = DIRECTION ( 'NONE',  ( 0.0000000000000000000, 0.0000000000000000000, 1.000000000000000000 ) ) ;
#2356 = CIRCLE ( 'NONE', #4767, 0.5999999999999998700 ) ;
#2357 = EDGE_CURVE ( 'NONE', #1781, #2012, #5289, .T. ) ;
#2358 = PLANE ( 'NONE',  #2974 ) ;
#2359 = PRESENTATION_LAYER_ASSIGNMENT (  '', '', ( #1982 ) ) ;
#2360 = DIRECTION ( 'NONE',  ( 1.000000000000000000, 0.0000000000000000000, -0.0000000000000000000 ) ) ;
#2361 = STYLED_ITEM ( 'NONE', ( #2048 ), #2106 ) ;
#2362 = CARTESIAN_POINT ( 'NONE',  ( -8.589999999999999900, 4.955000000000000100, 2.799999999999999800 ) ) ;
#2363 = DIRECTION ( 'NONE',  ( 1.213057269022220100E-060, 1.000000000000000000, -0.0000000000000000000 ) ) ;
#2364 = ORIENTED_EDGE ( 'NONE', *, *, #2644, .F. ) ;
#2365 = CARTESIAN_POINT ( 'NONE',  ( 6.349999999999999600, -7.833333333333334800, 0.2009288015000149600 ) ) ;
#2366 = EDGE_LOOP ( 'NONE', ( #4206, #956 ) ) ;
#2367 = DIRECTION ( 'NONE',  ( -1.000000000000000000, 2.047319486629579800E-065, 0.0000000000000000000 ) ) ;
#2368 = ORIENTED_EDGE ( 'NONE', *, *, #6359, .T. ) ;
#2369 = DIRECTION ( 'NONE',  ( 0.0000000000000000000, 0.0000000000000000000, -1.000000000000000000 ) ) ;
#2370 = ORIENTED_EDGE ( 'NONE', *, *, #3773, .F. ) ;
#2371 = DIRECTION ( 'NONE',  ( -0.0000000000000000000, -0.0000000000000000000, -1.000000000000000000 ) ) ;
#2372 = STYLED_ITEM ( 'NONE', ( #4374 ), #2844 ) ;
#2373 = VECTOR ( 'NONE', #4155, 1000.000000000000000 ) ;
#2374 = DIRECTION ( 'NONE',  ( -1.000000000000000000, 0.0000000000000000000, 0.0000000000000000000 ) ) ;
#2375 = FILL_AREA_STYLE ('',( #6339 ) ) ;
#2376 = UNCERTAINTY_MEASURE_WITH_UNIT (LENGTH_MEASURE( 1.000000000000000100E-005 ), #5713, 'distance_accuracy_value', 'NONE');
#2377 = PRESENTATION_STYLE_ASSIGNMENT (( #63 ) ) ;
#2378 = DIRECTION ( 'NONE',  ( -1.213057269022220100E-060, 1.000000000000000000, 0.0000000000000000000 ) ) ;
#2379 = DIRECTION ( 'NONE',  ( -2.640288016400939700E-029, -1.000000000000000000, -1.201675860940661900E-057 ) ) ;
#2380 = STYLED_ITEM ( 'NONE', ( #860 ), #3965 ) ;
#2381 = VERTEX_POINT ( 'NONE', #5968 ) ;
#2382 = DIRECTION ( 'NONE',  ( 1.000000000000000000, 0.0000000000000000000, 0.0000000000000000000 ) ) ;
#2383 = CARTESIAN_POINT ( 'NONE',  ( 6.650000000000000400, -4.955000000000000100, 4.599999999999999600 ) ) ;
#2384 = ORIENTED_EDGE ( 'NONE', *, *, #1608, .F. ) ;
#2385 = EDGE_CURVE ( 'NONE', #4817, #4143, #4294, .T. ) ;
#2386 = ADVANCED_FACE ( 'NONE', ( #3761 ), #3670, .T. ) ;
#2387 = DIRECTION ( 'NONE',  ( 2.047319486629579800E-065, 1.000000000000000000, -0.0000000000000000000 ) ) ;
#2388 = EDGE_LOOP ( 'NONE', ( #1728, #4642, #4418, #6367 ) ) ;
#2389 = FILL_AREA_STYLE ('',( #5567 ) ) ;
#2390 = ORIENTED_EDGE ( 'NONE', *, *, #7136, .F. ) ;
#2391 = EDGE_LOOP ( 'NONE', ( #5143, #5736, #1718, #5174 ) ) ;
#2392 =( NAMED_UNIT ( * ) SI_UNIT ( $, .STERADIAN. ) SOLID_ANGLE_UNIT ( ) );
#2393 =( GEOMETRIC_REPRESENTATION_CONTEXT ( 3 ) GLOBAL_UNCERTAINTY_ASSIGNED_CONTEXT ( ( #2323 ) ) GLOBAL_UNIT_ASSIGNED_CONTEXT ( ( #3960, #595, #4535 ) ) REPRESENTATION_CONTEXT ( 'NONE', 'WORKASPACE' ) );
#2394 = STYLED_ITEM ( 'NONE', ( #4687 ), #6773 ) ;
#2395 = CARTESIAN_POINT ( 'NONE',  ( -8.890000000000000600, 9.000000000000001800, 0.0000000000000000000 ) ) ;
#2396 = ORIENTED_EDGE ( 'NONE', *, *, #745, .T. ) ;
#2397 = CARTESIAN_POINT ( 'NONE',  ( 8.890000000000000600, -7.833333333333334800, 0.2009288015000149600 ) ) ;
#2398 = FACE_OUTER_BOUND ( 'NONE', #1540, .T. ) ;
#2399 = CARTESIAN_POINT ( 'NONE',  ( -11.87500000000000000, 6.850000000000000500, 1.600000000000000100 ) ) ;
#2400 = CARTESIAN_POINT ( 'NONE',  ( 6.850000000000000500, 7.875740647047340600, -0.2500000000000000600 ) ) ;
#2401 = ORIENTED_EDGE ( 'NONE', *, *, #3919, .F. ) ;
#2402 = ORIENTED_EDGE ( 'NONE', *, *, #3933, .T. ) ;
#2403 = EDGE_CURVE ( 'NONE', #1019, #3887, #1737, .T. ) ;
#2404 = SURFACE_STYLE_USAGE ( .BOTH. , #5834 ) ;
#2405 = STYLED_ITEM ( 'NONE', ( #5634 ), #1704 ) ;
#2406 = UNCERTAINTY_MEASURE_WITH_UNIT (LENGTH_MEASURE( 1.000000000000000100E-005 ), #7055, 'distance_accuracy_value', 'NONE');
#2407 = CYLINDRICAL_SURFACE ( 'NONE', #4822, 0.3499999999999999800 ) ;
#2408 =( GEOMETRIC_REPRESENTATION_CONTEXT ( 3 ) GLOBAL_UNCERTAINTY_ASSIGNED_CONTEXT ( ( #4033 ) ) GLOBAL_UNIT_ASSIGNED_CONTEXT ( ( #5351, #1938, #5927 ) ) REPRESENTATION_CONTEXT ( 'NONE', 'WORKASPACE' ) );
#2409 =( NAMED_UNIT ( * ) PLANE_ANGLE_UNIT ( ) SI_UNIT ( $, .RADIAN. ) );
#2410 = VECTOR ( 'NONE', #583, 1000.000000000000000 ) ;
#2411 = SURFACE_STYLE_USAGE ( .BOTH. , #5844 ) ;
#2412 = EDGE_CURVE ( 'NONE', #671, #2087, #253, .T. ) ;
#2413 = DIRECTION ( 'NONE',  ( 1.000000000000000000, -0.0000000000000000000, -0.0000000000000000000 ) ) ;
#2414 = ORIENTED_EDGE ( 'NONE', *, *, #6973, .F. ) ;
#2415 = CARTESIAN_POINT ( 'NONE',  ( 8.390000000000000600, 4.955000000000000100, 2.799999999999999800 ) ) ;
#2416 = PRESENTATION_LAYER_ASSIGNMENT (  '', '', ( #1680 ) ) ;
#2417 = VERTEX_POINT ( 'NONE', #610 ) ;
#2418 = LINE ( 'NONE', #157, #6756 ) ;
#2419 = DIRECTION ( 'NONE',  ( -1.000000000000000000, 0.0000000000000000000, -0.0000000000000000000 ) ) ;
#2420 = DIRECTION ( 'NONE',  ( -1.000000000000000000, -0.0000000000000000000, 0.0000000000000000000 ) ) ;
#2421 = CARTESIAN_POINT ( 'NONE',  ( -11.87500000000000000, -6.850000000000000500, 0.2000000000000000400 ) ) ;
#2422 =( NAMED_UNIT ( * ) PLANE_ANGLE_UNIT ( ) SI_UNIT ( $, .RADIAN. ) );
#2423 = ADVANCED_FACE ( 'NONE', ( #1566 ), #3975, .T. ) ;
#2424 = CARTESIAN_POINT ( 'NONE',  ( -8.390000000000000600, -8.150000000000000400, -8.239271102010437900E-059 ) ) ;
#2425 = AXIS2_PLACEMENT_3D ( 'NONE', #5592, #2146, #6158 ) ;
#2426 = ORIENTED_EDGE ( 'NONE', *, *, #5411, .F. ) ;
#2427 = VECTOR ( 'NONE', #3951, 1000.000000000000000 ) ;
#2428 = VERTEX_POINT ( 'NONE', #6813 ) ;
#2429 = DIRECTION ( 'NONE',  ( 0.0000000000000000000, -1.000000000000000000, -5.887021680753820000E-033 ) ) ;
#2430 = CARTESIAN_POINT ( 'NONE',  ( 9.390000000000000600, 9.000000000000001800, -2.251658876466633600E-058 ) ) ;
#2431 = FILL_AREA_STYLE_COLOUR ( '', #4777 ) ;
#2432 = DIRECTION ( 'NONE',  ( -1.000000000000000000, 0.0000000000000000000, 0.0000000000000000000 ) ) ;
#2433 = FACE_OUTER_BOUND ( 'NONE', #2792, .T. ) ;
#2434 = VECTOR ( 'NONE', #4928, 1000.000000000000000 ) ;
#2435 = LINE ( 'NONE', #6263, #6777 ) ;
#2436 = ITEM_DEFINED_TRANSFORMATION ( 'NONE', 'NONE', #592,  #2977 ) ;
#2437 = PRESENTATION_STYLE_ASSIGNMENT (( #2121 ) ) ;
#2438 = PRESENTATION_LAYER_ASSIGNMENT (  '', '', ( #2057 ) ) ;
#2439 = DIRECTION ( 'NONE',  ( -0.0000000000000000000, -1.000000000000000000, -0.0000000000000000000 ) ) ;
#2440 =( LENGTH_UNIT ( ) NAMED_UNIT ( * ) SI_UNIT ( .MILLI., .METRE. ) );
#2441 = CIRCLE ( 'NONE', #2496, 0.5000000000000004400 ) ;
#2442 =( NAMED_UNIT ( * ) SI_UNIT ( $, .STERADIAN. ) SOLID_ANGLE_UNIT ( ) );
#2443 = EDGE_CURVE ( 'NONE', #6279, #6558, #4572, .T. ) ;
#2444 = EDGE_LOOP ( 'NONE', ( #5695, #2314, #1738, #213, #3493, #4095, #580, #3590, #5771, #5507, #5914, #5792 ) ) ;
#2445 = FACE_OUTER_BOUND ( 'NONE', #1222, .T. ) ;
#2446 = EDGE_CURVE ( 'NONE', #3425, #6926, #6854, .T. ) ;
#2447 = DIRECTION ( 'NONE',  ( 0.0000000000000000000, 0.0000000000000000000, -1.000000000000000000 ) ) ;
#2448 = PRESENTATION_LAYER_ASSIGNMENT (  '', '', ( #2831 ) ) ;
#2449 = CARTESIAN_POINT ( 'NONE',  ( 8.389999999999998800, 6.850000000000000500, 0.9499999999999999600 ) ) ;
#2450 = ORIENTED_EDGE ( 'NONE', *, *, #4120, .T. ) ;
#2451 = PRODUCT_DEFINITION ( 'UNKNOWN', '', #5131, #1026 ) ;
#2452 = FACE_OUTER_BOUND ( 'NONE', #5516, .T. ) ;
#2453 = CARTESIAN_POINT ( 'NONE',  ( -11.99215728752538200, -6.767157287523740900, -1.796093705219270100E-012 ) ) ;
#2454 = COLOUR_RGB ( '',0.7529411764705882200, 0.7529411764705882200, 0.7529411764705882200 ) ;
#2455 = DIRECTION ( 'NONE',  ( 1.632966780389950100E-028, 0.0000000000000000000, -1.000000000000000000 ) ) ;
#2456 = PRESENTATION_STYLE_ASSIGNMENT (( #3401 ) ) ;
#2457 = VECTOR ( 'NONE', #3141, 1000.000000000000000 ) ;
#2458 = EDGE_CURVE ( 'NONE', #1871, #2294, #1042, .T. ) ;
#2459 = PRESENTATION_LAYER_ASSIGNMENT (  '', '', ( #2843 ) ) ;
#2460 = UNCERTAINTY_MEASURE_WITH_UNIT (LENGTH_MEASURE( 1.000000000000000100E-005 ), #1440, 'distance_accuracy_value', 'NONE');
#2461 = PRESENTATION_STYLE_ASSIGNMENT (( #3582 ) ) ;
#2462 = PLANE ( 'NONE',  #3745 ) ;
#2463 = PRESENTATION_LAYER_ASSIGNMENT (  '', '', ( #1361 ) ) ;
#2464 = SURFACE_STYLE_USAGE ( .BOTH. , #5893 ) ;
#2465 =( NAMED_UNIT ( * ) SI_UNIT ( $, .STERADIAN. ) SOLID_ANGLE_UNIT ( ) );
#2466 = ORIENTED_EDGE ( 'NONE', *, *, #1453, .F. ) ;
#2467 = EDGE_LOOP ( 'NONE', ( #3354, #212, #1785, #95 ) ) ;
#2468 = ADVANCED_FACE ( 'NONE', ( #3849 ), #4027, .F. ) ;
#2469 = FILL_AREA_STYLE ('',( #802 ) ) ;
#2470 =( NAMED_UNIT ( * ) SI_UNIT ( $, .STERADIAN. ) SOLID_ANGLE_UNIT ( ) );
#2471 = DIRECTION ( 'NONE',  ( 1.000000000000000000, 0.0000000000000000000, 0.0000000000000000000 ) ) ;
#2472 = SURFACE_STYLE_FILL_AREA ( #2938 ) ;
#2473 = CYLINDRICAL_SURFACE ( 'NONE', #3494, 0.2000000000000005100 ) ;
#2474 = DIRECTION ( 'NONE',  ( -1.000000000000000000, -0.0000000000000000000, -0.0000000000000000000 ) ) ;
#2475 = COLOUR_RGB ( '',0.7529411764705882200, 0.7529411764705882200, 0.7529411764705882200 ) ;
#2476 = DIRECTION ( 'NONE',  ( 1.000000000000000000, 0.0000000000000000000, 0.0000000000000000000 ) ) ;
#2477 = MECHANICAL_DESIGN_GEOMETRIC_PRESENTATION_REPRESENTATION (  '', ( #1733 ), #2857 ) ;
#2478 = CIRCLE ( 'NONE', #1265, 0.3500000000000020300 ) ;
#2479 = SURFACE_SIDE_STYLE ('',( #5732 ) ) ;
#2480 = UNCERTAINTY_MEASURE_WITH_UNIT (LENGTH_MEASURE( 1.000000000000000100E-005 ), #1836, 'distance_accuracy_value', 'NONE');
#2481 = DIRECTION ( 'NONE',  ( -0.0000000000000000000, 1.000000000000000000, 0.0000000000000000000 ) ) ;
#2482 = ORIENTED_EDGE ( 'NONE', *, *, #4449, .T. ) ;
#2483 = EDGE_LOOP ( 'NONE', ( #6551, #3586, #5067, #1046 ) ) ;
#2484 = LINE ( 'NONE', #2887, #5527 ) ;
#2485 = ORIENTED_EDGE ( 'NONE', *, *, #1932, .T. ) ;
#2486 =( GEOMETRIC_REPRESENTATION_CONTEXT ( 3 ) GLOBAL_UNCERTAINTY_ASSIGNED_CONTEXT ( ( #3098 ) ) GLOBAL_UNIT_ASSIGNED_CONTEXT ( ( #6204, #2791, #6743 ) ) REPRESENTATION_CONTEXT ( 'NONE', 'WORKASPACE' ) );
#2487 = DIRECTION ( 'NONE',  ( 1.213057269022220100E-060, -1.000000000000000000, 0.0000000000000000000 ) ) ;
#2488 =( NAMED_UNIT ( * ) SI_UNIT ( $, .STERADIAN. ) SOLID_ANGLE_UNIT ( ) );
#2489 = DIRECTION ( 'NONE',  ( -1.000000000000000000, 2.047319486629579800E-065, -0.0000000000000000000 ) ) ;
#2490 = EDGE_CURVE ( 'NONE', #3476, #425, #330, .T. ) ;
#2491 = DIRECTION ( 'NONE',  ( 0.0000000000000000000, -0.4259177099999607600, -0.9047619047619044300 ) ) ;
#2492 =( NAMED_UNIT ( * ) PLANE_ANGLE_UNIT ( ) SI_UNIT ( $, .RADIAN. ) );
#2493 =( LENGTH_UNIT ( ) NAMED_UNIT ( * ) SI_UNIT ( .MILLI., .METRE. ) );
#2494 = ORIENTED_EDGE ( 'NONE', *, *, #4702, .F. ) ;
#2495 =( NAMED_UNIT ( * ) SI_UNIT ( $, .STERADIAN. ) SOLID_ANGLE_UNIT ( ) );
#2496 = AXIS2_PLACEMENT_3D ( 'NONE', #4628, #1259, #5196 ) ;
#2497 = COLOUR_RGB ( '',0.7529411764705882200, 0.7529411764705882200, 0.7529411764705882200 ) ;
#2498 = ORIENTED_EDGE ( 'NONE', *, *, #6212, .F. ) ;
#2499 =( LENGTH_UNIT ( ) NAMED_UNIT ( * ) SI_UNIT ( .MILLI., .METRE. ) );
#2500 = PRESENTATION_STYLE_ASSIGNMENT (( #1221 ) ) ;
#2501 = DIRECTION ( 'NONE',  ( -1.000000000000000000, -0.0000000000000000000, -0.0000000000000000000 ) ) ;
#2502 = UNCERTAINTY_MEASURE_WITH_UNIT (LENGTH_MEASURE( 1.000000000000000100E-005 ), #6303, 'distance_accuracy_value', 'NONE');
#2503 = ADVANCED_FACE ( 'NONE', ( #6174 ), #6945, .T. ) ;
#2504 = EDGE_CURVE ( 'NONE', #2768, #3732, #5648, .T. ) ;
#2505 = MECHANICAL_DESIGN_GEOMETRIC_PRESENTATION_REPRESENTATION (  '', ( #1399 ), #2885 ) ;
#2506 = SURFACE_STYLE_FILL_AREA ( #3024 ) ;
#2507 =( LENGTH_UNIT ( ) NAMED_UNIT ( * ) SI_UNIT ( .MILLI., .METRE. ) );
#2508 = AXIS2_PLACEMENT_3D ( 'NONE', #7244, #3869, #506 ) ;
#2509 = DIRECTION ( 'NONE',  ( -1.000000000000000000, -1.213057269022220100E-060, 0.0000000000000000000 ) ) ;
#2510 = VERTEX_POINT ( 'NONE', #4649 ) ;
#2511 =( NAMED_UNIT ( * ) SI_UNIT ( $, .STERADIAN. ) SOLID_ANGLE_UNIT ( ) );
#2512 = CARTESIAN_POINT ( 'NONE',  ( 9.390000000000000600, -9.000000000000001800, 0.2507484938770950800 ) ) ;
#2513 = DIRECTION ( 'NONE',  ( 0.0000000000000000000, 0.0000000000000000000, -1.000000000000000000 ) ) ;
#2514 = VECTOR ( 'NONE', #6289, 1000.000000000000000 ) ;
#2515 =( LENGTH_UNIT ( ) NAMED_UNIT ( * ) SI_UNIT ( .MILLI., .METRE. ) );
#2516 = EDGE_LOOP ( 'NONE', ( #890, #621, #1878, #4937 ) ) ;
#2517 = DIRECTION ( 'NONE',  ( 0.0000000000000000000, 2.478176394252567500E-015, -1.000000000000000000 ) ) ;
#2518 = DIRECTION ( 'NONE',  ( -0.0000000000000000000, -0.0000000000000000000, -1.000000000000000000 ) ) ;
#2519 = LINE ( 'NONE', #3846, #5385 ) ;
#2520 = SURFACE_STYLE_USAGE ( .BOTH. , #5951 ) ;
#2521 = LINE ( 'NONE', #6691, #1051 ) ;
#2522 = FILL_AREA_STYLE ('',( #1422 ) ) ;
#2523 = VERTEX_POINT ( 'NONE', #1818 ) ;
#2524 = AXIS2_PLACEMENT_3D ( 'NONE', #5803, #2369, #6351 ) ;
#2525 = VECTOR ( 'NONE', #3531, 1000.000000000000000 ) ;
#2526 = VERTEX_POINT ( 'NONE', #5808 ) ;
#2527 = CIRCLE ( 'NONE', #6163, 0.3499999999999999800 ) ;
#2528 = VERTEX_POINT ( 'NONE', #2299 ) ;
#2529 = DIRECTION ( 'NONE',  ( 1.000000000000000000, 0.0000000000000000000, -0.0000000000000000000 ) ) ;
#2530 = SURFACE_STYLE_FILL_AREA ( #950 ) ;
#2531 = CARTESIAN_POINT ( 'NONE',  ( 6.650000000000000400, -4.955000000000000100, 4.599999999999999600 ) ) ;
#2532 = CARTESIAN_POINT ( 'NONE',  ( 11.99215728752538200, -6.650000000000001200, 8.673617379884035500E-016 ) ) ;
#2533 = ORIENTED_EDGE ( 'NONE', *, *, #1201, .T. ) ;
#2534 = SURFACE_STYLE_USAGE ( .BOTH. , #5960 ) ;
#2535 = EDGE_LOOP ( 'NONE', ( #1884, #4438, #3799, #6468 ) ) ;
#2536 = LINE ( 'NONE', #4641, #5400 ) ;
#2537 = MECHANICAL_DESIGN_GEOMETRIC_PRESENTATION_REPRESENTATION (  '', ( #1436 ), #2921 ) ;
#2538 = MECHANICAL_DESIGN_GEOMETRIC_PRESENTATION_REPRESENTATION (  '', ( #1793 ), #2922 ) ;
#2539 = CARTESIAN_POINT ( 'NONE',  ( 6.349999999999999600, 9.000000000000001800, -0.2500000000000000000 ) ) ;
#2540 = SURFACE_STYLE_USAGE ( .BOTH. , #2565 ) ;
#2541 = PRESENTATION_STYLE_ASSIGNMENT (( #6324 ) ) ;
#2542 = VERTEX_POINT ( 'NONE', #134 ) ;
#2543 = FILL_AREA_STYLE_COLOUR ( '', #313 ) ;
#2544 = COLOUR_RGB ( '',0.7529411764705882200, 0.7529411764705882200, 0.7529411764705882200 ) ;
#2546 = EDGE_CURVE ( 'NONE', #494, #7277, #5466, .T. ) ;
#2545 = UNCERTAINTY_MEASURE_WITH_UNIT (LENGTH_MEASURE( 1.000000000000000100E-005 ), #5361, 'distance_accuracy_value', 'NONE');
#2547 = PLANE ( 'NONE',  #2025 ) ;
#2548 = MECHANICAL_DESIGN_GEOMETRIC_PRESENTATION_REPRESENTATION (  '', ( #1805 ), #2931 ) ;
#2549 = CARTESIAN_POINT ( 'NONE',  ( 9.189999999999999500, 4.955000000000000100, 4.599999999999999600 ) ) ;
#2550 = VERTEX_POINT ( 'NONE', #2950 ) ;
#2551 = EDGE_LOOP ( 'NONE', ( #4534, #1858, #4068, #3171 ) ) ;
#2552 = AXIS2_PLACEMENT_3D ( 'NONE', #4053, #683, #4626 ) ;
#2553 = LINE ( 'NONE', #5287, #2373 ) ;
#2554 = UNCERTAINTY_MEASURE_WITH_UNIT (LENGTH_MEASURE( 1.000000000000000100E-005 ), #3824, 'distance_accuracy_value', 'NONE');
#2555 = DIRECTION ( 'NONE',  ( 0.0000000000000000000, 0.0000000000000000000, -1.000000000000000000 ) ) ;
#2556 = EDGE_CURVE ( 'NONE', #7018, #7121, #2418, .T. ) ;
#2557 = DIRECTION ( 'NONE',  ( 0.0000000000000000000, 0.0000000000000000000, 1.000000000000000000 ) ) ;
#2558 =( GEOMETRIC_REPRESENTATION_CONTEXT ( 3 ) GLOBAL_UNCERTAINTY_ASSIGNED_CONTEXT ( ( #899 ) ) GLOBAL_UNIT_ASSIGNED_CONTEXT ( ( #4611, #4601, #4584 ) ) REPRESENTATION_CONTEXT ( 'NONE', 'WORKASPACE' ) );
#2559 = CARTESIAN_POINT ( 'NONE',  ( 8.589999999999999900, -5.205000000000000100, 4.599999999999999600 ) ) ;
#2560 = DIRECTION ( 'NONE',  ( 0.0000000000000000000, 0.0000000000000000000, 1.000000000000000000 ) ) ;
#2561 = DIRECTION ( 'NONE',  ( -0.0000000000000000000, 1.000000000000000000, -0.0000000000000000000 ) ) ;
#2562 = FILL_AREA_STYLE_COLOUR ( '', #3977 ) ;
#2563 = LINE ( 'NONE', #746, #1093 ) ;
#2564 = DIRECTION ( 'NONE',  ( 1.000000000000000000, 0.0000000000000000000, 0.0000000000000000000 ) ) ;
#2565 = SURFACE_SIDE_STYLE ('',( #2915 ) ) ;
#2566 = VERTEX_POINT ( 'NONE', #737 ) ;
#2567 = ORIENTED_EDGE ( 'NONE', *, *, #5870, .F. ) ;
#2568 = ORIENTED_EDGE ( 'NONE', *, *, #4128, .F. ) ;
#2569 = CARTESIAN_POINT ( 'NONE',  ( 8.890000000000000600, 7.416666666666668700, 0.4990711984999855500 ) ) ;
#2570 = DIRECTION ( 'NONE',  ( 0.0000000000000000000, 0.0000000000000000000, -1.000000000000000000 ) ) ;
#2571 = PRESENTATION_LAYER_ASSIGNMENT (  '', '', ( #1823 ) ) ;
#2572 = ORIENTED_EDGE ( 'NONE', *, *, #7274, .T. ) ;
#2573 = FILL_AREA_STYLE ('',( #2617 ) ) ;
#2574 = ORIENTED_EDGE ( 'NONE', *, *, #4023, .T. ) ;
#2575 = PRESENTATION_STYLE_ASSIGNMENT (( #2205 ) ) ;
#2576 = SURFACE_STYLE_FILL_AREA ( #2389 ) ;
#2577 = PLANE ( 'NONE',  #6632 ) ;
#2578 = ORIENTED_EDGE ( 'NONE', *, *, #6444, .T. ) ;
#2579 = PLANE ( 'NONE',  #2741 ) ;
#2580 = CARTESIAN_POINT ( 'NONE',  ( 0.0000000000000000000, 0.0000000000000000000, 7.599999999999999600 ) ) ;
#2581 = LINE ( 'NONE', #4306, #4096 ) ;
#2582 = MECHANICAL_DESIGN_GEOMETRIC_PRESENTATION_REPRESENTATION (  '', ( #1473 ), #2961 ) ;
#2583 =( GEOMETRIC_REPRESENTATION_CONTEXT ( 3 ) GLOBAL_UNCERTAINTY_ASSIGNED_CONTEXT ( ( #4653 ) ) GLOBAL_UNIT_ASSIGNED_CONTEXT ( ( #2081, #6079, #2657 ) ) REPRESENTATION_CONTEXT ( 'NONE', 'WORKASPACE' ) );
#2584 = ORIENTED_EDGE ( 'NONE', *, *, #2546, .F. ) ;
#2585 = ORIENTED_EDGE ( 'NONE', *, *, #4646, .F. ) ;
#2586 = ORIENTED_EDGE ( 'NONE', *, *, #2199, .T. ) ;
#2587 = CIRCLE ( 'NONE', #1665, 0.2000000000000005100 ) ;
#2588 = CARTESIAN_POINT ( 'NONE',  ( 6.349999999999999600, 7.607142857142859400, 0.09444937400002434400 ) ) ;
#2589 =( NAMED_UNIT ( * ) SI_UNIT ( $, .STERADIAN. ) SOLID_ANGLE_UNIT ( ) );
#2590 = EDGE_CURVE ( 'NONE', #290, #4660, #1133, .T. ) ;
#2591 = PLANE ( 'NONE',  #2180 ) ;
#2592 = CARTESIAN_POINT ( 'NONE',  ( -9.390000000000000600, 6.850000000000000500, 0.6999999999999999600 ) ) ;
#2593 = EDGE_CURVE ( 'NONE', #7291, #6738, #5283, .T. ) ;
#2594 = LINE ( 'NONE', #975, #5453 ) ;
#2595 = EDGE_CURVE ( 'NONE', #1626, #6060, #4119, .T. ) ;
#2596 = AXIS2_PLACEMENT_3D ( 'NONE', #6354, #4550, #2570 ) ;
#2597 = DIRECTION ( 'NONE',  ( 0.0000000000000000000, 1.000000000000000000, 0.0000000000000000000 ) ) ;
#2598 = AXIS2_PLACEMENT_3D ( 'NONE', #3875, #507, #4439 ) ;
#2599 = VERTEX_POINT ( 'NONE', #185 ) ;
#2600 = DIRECTION ( 'NONE',  ( 0.0000000000000000000, 0.0000000000000000000, 1.000000000000000000 ) ) ;
#2601 = CARTESIAN_POINT ( 'NONE',  ( 9.390000000000000600, -8.150000000000000400, -0.2500000000000000000 ) ) ;
#2602 = PLANE ( 'NONE',  #6043 ) ;
#2603 = CARTESIAN_POINT ( 'NONE',  ( -1.475000000000000100, -2.549999999999999800, 2.799999999999999800 ) ) ;
#2604 = EDGE_CURVE ( 'NONE', #6060, #929, #3580, .T. ) ;
#2605 = ORIENTED_EDGE ( 'NONE', *, *, #545, .T. ) ;
#2606 = AXIS2_PLACEMENT_3D ( 'NONE', #2945, #2917, #2894 ) ;
#2607 = VECTOR ( 'NONE', #5222, 1000.000000000000000 ) ;
#2608 =( GEOMETRIC_REPRESENTATION_CONTEXT ( 3 ) GLOBAL_UNCERTAINTY_ASSIGNED_CONTEXT ( ( #6104 ) ) GLOBAL_UNIT_ASSIGNED_CONTEXT ( ( #1189, #618, #54 ) ) REPRESENTATION_CONTEXT ( 'NONE', 'WORKASPACE' ) );
#2609 = CARTESIAN_POINT ( 'NONE',  ( 6.850000000000000500, -7.642857142857141500, 0.6055506259999767800 ) ) ;
#2610 = CARTESIAN_POINT ( 'NONE',  ( -8.390000000000000600, -7.875740647047340600, 0.0000000000000000000 ) ) ;
#2611 =( LENGTH_UNIT ( ) NAMED_UNIT ( * ) SI_UNIT ( .MILLI., .METRE. ) );
#2612 = ORIENTED_EDGE ( 'NONE', *, *, #3174, .T. ) ;
#2613 =( LENGTH_UNIT ( ) NAMED_UNIT ( * ) SI_UNIT ( .MILLI., .METRE. ) );
#2614 = UNCERTAINTY_MEASURE_WITH_UNIT (LENGTH_MEASURE( 1.000000000000000100E-005 ), #6194, 'distance_accuracy_value', 'NONE');
#2615 = SURFACE_SIDE_STYLE ('',( #1929 ) ) ;
#2616 = FILL_AREA_STYLE_COLOUR ( '', #6007 ) ;
#2617 = FILL_AREA_STYLE_COLOUR ( '', #7247 ) ;
#2618 = AXIS2_PLACEMENT_3D ( 'NONE', #6169, #2720, #2754 ) ;
#2619 = ORIENTED_EDGE ( 'NONE', *, *, #3995, .F. ) ;
#2620 = SHAPE_DEFINITION_REPRESENTATION ( #7033, #6519 ) ;
#2621 = SURFACE_STYLE_USAGE ( .BOTH. , #6031 ) ;
#2622 = DIRECTION ( 'NONE',  ( 0.0000000000000000000, 1.000000000000000000, 3.488060345846600000E-028 ) ) ;
#2623 = CARTESIAN_POINT ( 'NONE',  ( -8.389999999999998800, -6.850000000000000500, 0.9500000000000000700 ) ) ;
#2624 = ORIENTED_EDGE ( 'NONE', *, *, #65, .T. ) ;
#2625 = MECHANICAL_DESIGN_GEOMETRIC_PRESENTATION_REPRESENTATION (  '', ( #1520 ), #3008 ) ;
#2626 = SURFACE_SIDE_STYLE ('',( #967 ) ) ;
#2627 = VERTEX_POINT ( 'NONE', #5275 ) ;
#2628 = COLOUR_RGB ( '',0.7529411764705882200, 0.7529411764705882200, 0.7529411764705882200 ) ;
#2629 =( LENGTH_UNIT ( ) NAMED_UNIT ( * ) SI_UNIT ( .MILLI., .METRE. ) );
#2630 = EDGE_CURVE ( 'NONE', #3947, #3476, #3758, .T. ) ;
#2631 = DIRECTION ( 'NONE',  ( -1.000000000000000000, -0.0000000000000000000, -0.0000000000000000000 ) ) ;
#2632 = COLOUR_RGB ( '',0.7529411764705882200, 0.7529411764705882200, 0.7529411764705882200 ) ;
#2633 = CARTESIAN_POINT ( 'NONE',  ( 8.939999999999999500, -5.349999999999999600, 0.1000000000000000100 ) ) ;
#2634 = ADVANCED_FACE ( 'NONE', ( #599 ), #761, .F. ) ;
#2636 =( GEOMETRIC_REPRESENTATION_CONTEXT ( 3 ) GLOBAL_UNCERTAINTY_ASSIGNED_CONTEXT ( ( #5770 ) ) GLOBAL_UNIT_ASSIGNED_CONTEXT ( ( #5843, #2409, #6387 ) ) REPRESENTATION_CONTEXT ( 'NONE', 'WORKASPACE' ) );
#2635 = LINE ( 'NONE', #5978, #5502 ) ;
#2637 = AXIS2_PLACEMENT_3D ( 'NONE', #1659, #5641, #2200 ) ;
#2638 = LINE ( 'NONE', #5286, #4151 ) ;
#2639 = SURFACE_STYLE_FILL_AREA ( #274 ) ;
#2640 = SURFACE_STYLE_USAGE ( .BOTH. , #6058 ) ;
#2641 = ORIENTED_EDGE ( 'NONE', *, *, #4500, .F. ) ;
#2642 = ORIENTED_EDGE ( 'NONE', *, *, #1622, .T. ) ;
#2643 = VECTOR ( 'NONE', #1494, 1000.000000000000000 ) ;
#2644 = EDGE_CURVE ( 'NONE', #3476, #37, #66, .T. ) ;
#2645 = FILL_AREA_STYLE_COLOUR ( '', #5908 ) ;
#2646 = DIRECTION ( 'NONE',  ( 0.0000000000000000000, 0.0000000000000000000, 1.000000000000000000 ) ) ;
#2647 = DIRECTION ( 'NONE',  ( -1.000000000000000000, 0.0000000000000000000, 0.0000000000000000000 ) ) ;
#2648 = ORIENTED_EDGE ( 'NONE', *, *, #2147, .F. ) ;
#2649 = VECTOR ( 'NONE', #5304, 1000.000000000000000 ) ;
#2650 = DIRECTION ( 'NONE',  ( 0.0000000000000000000, 0.4259177099999607600, -0.9047619047619044300 ) ) ;
#2651 = EDGE_CURVE ( 'NONE', #4265, #1592, #4378, .T. ) ;
#2652 = DIRECTION ( 'NONE',  ( -1.000000000000000000, 0.0000000000000000000, -0.0000000000000000000 ) ) ;
#2653 = VECTOR ( 'NONE', #2429, 1000.000000000000000 ) ;
#2654 = ORIENTED_EDGE ( 'NONE', *, *, #6759, .F. ) ;
#2655 =( NAMED_UNIT ( * ) SI_UNIT ( $, .STERADIAN. ) SOLID_ANGLE_UNIT ( ) );
#2656 =( NAMED_UNIT ( * ) SI_UNIT ( $, .STERADIAN. ) SOLID_ANGLE_UNIT ( ) );
#2657 =( NAMED_UNIT ( * ) SI_UNIT ( $, .STERADIAN. ) SOLID_ANGLE_UNIT ( ) );
#2658 = ORIENTED_EDGE ( 'NONE', *, *, #4218, .F. ) ;
#2659 = ORIENTED_EDGE ( 'NONE', *, *, #1443, .F. ) ;
#2660 = PLANE ( 'NONE',  #7124 ) ;
#2661 = VERTEX_POINT ( 'NONE', #6984 ) ;
#2662 = DIRECTION ( 'NONE',  ( 0.0000000000000000000, 0.0000000000000000000, -1.000000000000000000 ) ) ;
#2663 = COLOUR_RGB ( '',0.7529411764705882200, 0.7529411764705882200, 0.7529411764705882200 ) ;
#2664 = STYLED_ITEM ( 'NONE', ( #3407 ), #3625 ) ;
#2665 = CARTESIAN_POINT ( 'NONE',  ( -8.890000000000000600, -7.099999999999999600, 0.9499999999999999600 ) ) ;
#2666 = VERTEX_POINT ( 'NONE', #2449 ) ;
#2667 = ADVANCED_FACE ( 'NONE', ( #5912 ), #5184, .F. ) ;
#2668 = FILL_AREA_STYLE_COLOUR ( '', #6271 ) ;
#2669 = EDGE_LOOP ( 'NONE', ( #6642, #3955, #3125, #3018 ) ) ;
#2670 = DIRECTION ( 'NONE',  ( 1.000000000000000000, 0.0000000000000000000, -0.0000000000000000000 ) ) ;
#2671 = DIRECTION ( 'NONE',  ( 1.000000000000000000, -0.0000000000000000000, 0.0000000000000000000 ) ) ;
#2672 = PRESENTATION_LAYER_ASSIGNMENT (  '', '', ( #1922 ) ) ;
#2673 = CARTESIAN_POINT ( 'NONE',  ( 6.349999999999999600, 8.150000000000000400, 0.3499999999999999800 ) ) ;
#2674 = DIRECTION ( 'NONE',  ( 1.000000000000000000, 0.0000000000000000000, 0.0000000000000000000 ) ) ;
#2675 = DIRECTION ( 'NONE',  ( -1.000000000000000000, -0.0000000000000000000, -0.0000000000000000000 ) ) ;
#2676 = DIRECTION ( 'NONE',  ( -1.000000000000000000, -0.0000000000000000000, -0.0000000000000000000 ) ) ;
#2677 = LINE ( 'NONE', #4464, #1034 ) ;
#2678 = EDGE_CURVE ( 'NONE', #5394, #1239, #868, .T. ) ;
#2679 = CARTESIAN_POINT ( 'NONE',  ( 6.850000000000000500, -6.850000000000000500, 0.0000000000000000000 ) ) ;
#2680 = ORIENTED_EDGE ( 'NONE', *, *, #627, .T. ) ;
#2681 = EDGE_CURVE ( 'NONE', #7291, #51, #1564, .T. ) ;
#2682 =( NAMED_UNIT ( * ) PLANE_ANGLE_UNIT ( ) SI_UNIT ( $, .RADIAN. ) );
#2683 = PRESENTATION_LAYER_ASSIGNMENT (  '', '', ( #1934 ) ) ;
#2684 = DIRECTION ( 'NONE',  ( -1.000000000000000000, 0.0000000000000000000, 0.0000000000000000000 ) ) ;
#2685 =( LENGTH_UNIT ( ) NAMED_UNIT ( * ) SI_UNIT ( .MILLI., .METRE. ) );
#2686 = AXIS2_PLACEMENT_3D ( 'NONE', #5047, #1658, #5639 ) ;
#2687 = VERTEX_POINT ( 'NONE', #4769 ) ;
#2688 = SURFACE_SIDE_STYLE ('',( #3838 ) ) ;
#2689 = CARTESIAN_POINT ( 'NONE',  ( 8.439999999999999500, -5.349999999999999600, 0.0000000000000000000 ) ) ;
#2690 = ORIENTED_EDGE ( 'NONE', *, *, #251, .F. ) ;
#2691 =( NAMED_UNIT ( * ) PLANE_ANGLE_UNIT ( ) SI_UNIT ( $, .RADIAN. ) );
#2692 = EDGE_CURVE ( 'NONE', #3567, #4935, #682, .T. ) ;
#2693 = AXIS2_PLACEMENT_3D ( 'NONE', #6943, #6893, #6865 ) ;
#2694 = PRESENTATION_STYLE_ASSIGNMENT (( #6147 ) ) ;
#2695 = UNCERTAINTY_MEASURE_WITH_UNIT (LENGTH_MEASURE( 1.000000000000000100E-005 ), #7060, 'distance_accuracy_value', 'NONE');
#2696 = DIRECTION ( 'NONE',  ( 0.0000000000000000000, 1.000000000000000000, 0.0000000000000000000 ) ) ;
#2697 = DIRECTION ( 'NONE',  ( -0.0000000000000000000, -1.000000000000000000, -0.0000000000000000000 ) ) ;
#2698 =( NAMED_UNIT ( * ) SI_UNIT ( $, .STERADIAN. ) SOLID_ANGLE_UNIT ( ) );
#2699 = FACE_OUTER_BOUND ( 'NONE', #2937, .T. ) ;
#2700 = ORIENTED_EDGE ( 'NONE', *, *, #1648, .T. ) ;
#2701 = DIRECTION ( 'NONE',  ( 0.0000000000000000000, -1.000000000000000000, -5.887021680753820000E-033 ) ) ;
#2702 =( NAMED_UNIT ( * ) SI_UNIT ( $, .STERADIAN. ) SOLID_ANGLE_UNIT ( ) );
#2703 = SURFACE_STYLE_FILL_AREA ( #5403 ) ;
#2704 = LINE ( 'NONE', #4824, #2340 ) ;
#2705 = ORIENTED_EDGE ( 'NONE', *, *, #6482, .F. ) ;
#2706 = ADVANCED_FACE ( 'NONE', ( #4998 ), #2951, .T. ) ;
#2707 = VECTOR ( 'NONE', #677, 1000.000000000000000 ) ;
#2708 = ORIENTED_EDGE ( 'NONE', *, *, #6399, .F. ) ;
#2709 = PLANE ( 'NONE',  #2425 ) ;
#2710 = PRESENTATION_STYLE_ASSIGNMENT (( #2745 ) ) ;
#2711 = AXIS2_PLACEMENT_3D ( 'NONE', #5320, #1902, #828 ) ;
#2712 = ORIENTED_EDGE ( 'NONE', *, *, #1022, .T. ) ;
#2713 =( LENGTH_UNIT ( ) NAMED_UNIT ( * ) SI_UNIT ( .MILLI., .METRE. ) );
#2714 = DIRECTION ( 'NONE',  ( 1.000000000000000000, 2.047319486629579800E-065, 0.0000000000000000000 ) ) ;
#2715 = ORIENTED_EDGE ( 'NONE', *, *, #499, .F. ) ;
#2716 = UNCERTAINTY_MEASURE_WITH_UNIT (LENGTH_MEASURE( 1.000000000000000100E-005 ), #7132, 'distance_accuracy_value', 'NONE');
#2717 = FACE_OUTER_BOUND ( 'NONE', #6698, .T. ) ;
#2718 = FACE_OUTER_BOUND ( 'NONE', #1936, .T. ) ;
#2719 = VECTOR ( 'NONE', #5681, 1000.000000000000000 ) ;
#2720 = DIRECTION ( 'NONE',  ( 1.000000000000000000, 0.0000000000000000000, 0.0000000000000000000 ) ) ;
#2721 =( NAMED_UNIT ( * ) PLANE_ANGLE_UNIT ( ) SI_UNIT ( $, .RADIAN. ) );
#2722 = ORIENTED_EDGE ( 'NONE', *, *, #4118, .T. ) ;
#2723 = CIRCLE ( 'NONE', #534, 0.5000000000000004400 ) ;
#2724 = VECTOR ( 'NONE', #4827, 1000.000000000000000 ) ;
#2725 = MECHANICAL_DESIGN_GEOMETRIC_PRESENTATION_REPRESENTATION (  '', ( #1605 ), #3109 ) ;
#2726 = FACE_OUTER_BOUND ( 'NONE', #3463, .T. ) ;
#2727 = FACE_OUTER_BOUND ( 'NONE', #1095, .T. ) ;
#2728 =( LENGTH_UNIT ( ) NAMED_UNIT ( * ) SI_UNIT ( .MILLI., .METRE. ) );
#2729 = SURFACE_STYLE_USAGE ( .BOTH. , #3158 ) ;
#2730 =( NAMED_UNIT ( * ) PLANE_ANGLE_UNIT ( ) SI_UNIT ( $, .RADIAN. ) );
#2731 = VERTEX_POINT ( 'NONE', #4239 ) ;
#2732 = ORIENTED_EDGE ( 'NONE', *, *, #7117, .T. ) ;
#2733 = EDGE_CURVE ( 'NONE', #961, #3525, #148, .T. ) ;
#2734 = FACE_OUTER_BOUND ( 'NONE', #4365, .T. ) ;
#2735 =( LENGTH_UNIT ( ) NAMED_UNIT ( * ) SI_UNIT ( .MILLI., .METRE. ) );
#2736 = LINE ( 'NONE', #1765, #5784 ) ;
#2737 = SURFACE_STYLE_USAGE ( .BOTH. , #6154 ) ;
#2738 = SURFACE_STYLE_USAGE ( .BOTH. , #6155 ) ;
#2739 = STYLED_ITEM ( 'NONE', ( #3808 ), #1035 ) ;
#2740 = PRESENTATION_LAYER_ASSIGNMENT (  '', '', ( #3121 ) ) ;
#2741 = AXIS2_PLACEMENT_3D ( 'NONE', #4871, #1501, #5454 ) ;
#2742 = CARTESIAN_POINT ( 'NONE',  ( 6.850000000000000500, -7.875740647047340600, 0.9500000000000000700 ) ) ;
#2743 = PRESENTATION_STYLE_ASSIGNMENT (( #2540 ) ) ;
#2744 = CIRCLE ( 'NONE', #3675, 0.2000000000000005100 ) ;
#2745 = SURFACE_STYLE_USAGE ( .BOTH. , #2770 ) ;
#2746 =( NAMED_UNIT ( * ) SI_UNIT ( $, .STERADIAN. ) SOLID_ANGLE_UNIT ( ) );
#2747 = SURFACE_SIDE_STYLE ('',( #6321 ) ) ;
#2748 = EDGE_LOOP ( 'NONE', ( #4434, #2787, #1829, #6694 ) ) ;
#2749 = VECTOR ( 'NONE', #912, 1000.000000000000000 ) ;
#2750 = EDGE_CURVE ( 'NONE', #1957, #2731, #5985, .T. ) ;
#2751 = MECHANICAL_DESIGN_GEOMETRIC_PRESENTATION_REPRESENTATION (  '', ( #1982 ), #3133 ) ;
#2752 = ORIENTED_EDGE ( 'NONE', *, *, #2842, .T. ) ;
#2753 = PRESENTATION_LAYER_ASSIGNMENT (  '', '', ( #2361 ) ) ;
#2754 = DIRECTION ( 'NONE',  ( 0.0000000000000000000, 0.0000000000000000000, -1.000000000000000000 ) ) ;
#2755 = ORIENTED_EDGE ( 'NONE', *, *, #3506, .T. ) ;
#2756 = DIRECTION ( 'NONE',  ( 1.000000000000000000, 0.0000000000000000000, 0.0000000000000000000 ) ) ;
#2757 = ORIENTED_EDGE ( 'NONE', *, *, #2458, .F. ) ;
#2758 = ORIENTED_EDGE ( 'NONE', *, *, #2644, .T. ) ;
#2759 = PLANE ( 'NONE',  #4608 ) ;
#2760 =( NAMED_UNIT ( * ) SI_UNIT ( $, .STERADIAN. ) SOLID_ANGLE_UNIT ( ) );
#2761 = FACE_OUTER_BOUND ( 'NONE', #4437, .T. ) ;
#2762 = CIRCLE ( 'NONE', #4132, 0.5999999999999999800 ) ;
#2763 = CARTESIAN_POINT ( 'NONE',  ( 11.99215728752538000, 6.767157287523741800, -1.795569909488486600E-012 ) ) ;
#2764 = PRESENTATION_LAYER_ASSIGNMENT (  '', '', ( #2372 ) ) ;
#2765 = ORIENTED_EDGE ( 'NONE', *, *, #5804, .F. ) ;
#2766 =( LENGTH_UNIT ( ) NAMED_UNIT ( * ) SI_UNIT ( .MILLI., .METRE. ) );
#2767 = FACE_OUTER_BOUND ( 'NONE', #4164, .T. ) ;
#2768 = VERTEX_POINT ( 'NONE', #2549 ) ;
#2769 = ORIENTED_EDGE ( 'NONE', *, *, #207, .T. ) ;
#2770 = SURFACE_SIDE_STYLE ('',( #1416 ) ) ;
#2771 = DIRECTION ( 'NONE',  ( -1.000000000000000000, 0.0000000000000000000, 0.0000000000000000000 ) ) ;
#2772 = COLOUR_RGB ( '',0.7529411764705882200, 0.7529411764705882200, 0.7529411764705882200 ) ;
#2773 = PRESENTATION_LAYER_ASSIGNMENT (  '', '', ( #2380 ) ) ;
#2774 = ADVANCED_FACE ( 'NONE', ( #7279 ), #2224, .F. ) ;
#2775 = DIRECTION ( 'NONE',  ( 0.0000000000000000000, 0.0000000000000000000, 1.000000000000000000 ) ) ;
#2776 = LINE ( 'NONE', #987, #7114 ) ;
#2777 = DIRECTION ( 'NONE',  ( -0.0000000000000000000, 0.0000000000000000000, 1.000000000000000000 ) ) ;
#2778 = EDGE_CURVE ( 'NONE', #3154, #3947, #945, .T. ) ;
#2779 = UNCERTAINTY_MEASURE_WITH_UNIT (LENGTH_MEASURE( 1.000000000000000100E-005 ), #6910, 'distance_accuracy_value', 'NONE');
#2780 =( NAMED_UNIT ( * ) PLANE_ANGLE_UNIT ( ) SI_UNIT ( $, .RADIAN. ) );
#2781 = CARTESIAN_POINT ( 'NONE',  ( 12.07499999999999900, 0.0000000000000000000, 0.0000000000000000000 ) ) ;
#2782 = AXIS2_PLACEMENT_3D ( 'NONE', #465, #4394, #1033 ) ;
#2783 = CARTESIAN_POINT ( 'NONE',  ( -9.389999999999998800, -6.850000000000000500, 0.0000000000000000000 ) ) ;
#2784 = ORIENTED_EDGE ( 'NONE', *, *, #11, .F. ) ;
#2785 = EDGE_CURVE ( 'NONE', #245, #528, #6748, .T. ) ;
#2786 = PRESENTATION_STYLE_ASSIGNMENT (( #1499 ) ) ;
#2787 = ORIENTED_EDGE ( 'NONE', *, *, #6566, .F. ) ;
#2788 = PRESENTATION_LAYER_ASSIGNMENT (  '', '', ( #2405 ) ) ;
#2789 = PRESENTATION_STYLE_ASSIGNMENT (( #6796 ) ) ;
#2790 = DIRECTION ( 'NONE',  ( 0.0000000000000000000, 0.0000000000000000000, 1.000000000000000000 ) ) ;
#2791 =( NAMED_UNIT ( * ) PLANE_ANGLE_UNIT ( ) SI_UNIT ( $, .RADIAN. ) );
#2792 = EDGE_LOOP ( 'NONE', ( #6113, #4397, #5936, #302 ) ) ;
#2793 = DIRECTION ( 'NONE',  ( 0.0000000000000000000, -0.4259177099999607600, -0.9047619047619044300 ) ) ;
#2794 = CARTESIAN_POINT ( 'NONE',  ( -11.87500000000000000, 6.650000000000000400, 0.0000000000000000000 ) ) ;
#2795 = LINE ( 'NONE', #6335, #1327 ) ;
#2796 = EDGE_CURVE ( 'NONE', #5377, #2942, #3750, .T. ) ;
#2797 = AXIS2_PLACEMENT_3D ( 'NONE', #2322, #2297, #2282 ) ;
#2798 = DIRECTION ( 'NONE',  ( 1.000000000000000000, 0.0000000000000000000, 0.0000000000000000000 ) ) ;
#2799 =( LENGTH_UNIT ( ) NAMED_UNIT ( * ) SI_UNIT ( .MILLI., .METRE. ) );
#2800 = MECHANICAL_DESIGN_GEOMETRIC_PRESENTATION_REPRESENTATION (  '', ( #1680 ), #3194 ) ;
#2801 = FILL_AREA_STYLE_COLOUR ( '', #6812 ) ;
#2802 = CARTESIAN_POINT ( 'NONE',  ( 6.349999999999999600, -9.000000000000001800, -0.2500000000000000000 ) ) ;
#2803 = PRESENTATION_STYLE_ASSIGNMENT (( #4196 ) ) ;
#2804 = FILL_AREA_STYLE_COLOUR ( '', #5944 ) ;
#2805 = ADVANCED_FACE ( 'NONE', ( #772 ), #7110, .F. ) ;
#2806 =( LENGTH_UNIT ( ) NAMED_UNIT ( * ) SI_UNIT ( .MILLI., .METRE. ) );
#2807 = ORIENTED_EDGE ( 'NONE', *, *, #3945, .T. ) ;
#2808 = DIRECTION ( 'NONE',  ( 0.0000000000000000000, -0.4259177099999558200, -0.9047619047619066500 ) ) ;
#2809 = SURFACE_STYLE_FILL_AREA ( #3978 ) ;
#2810 = PRESENTATION_LAYER_ASSIGNMENT (  '', '', ( #2052 ) ) ;
#2811 = LINE ( 'NONE', #6214, #7146 ) ;
#2812 = FACE_OUTER_BOUND ( 'NONE', #6408, .T. ) ;
#2813 = FILL_AREA_STYLE_COLOUR ( '', #6302 ) ;
#2814 = DIRECTION ( 'NONE',  ( 1.000000000000000000, 0.0000000000000000000, 0.0000000000000000000 ) ) ;
#2815 = DIRECTION ( 'NONE',  ( -0.0000000000000000000, 1.000000000000000000, 5.887021680753820000E-033 ) ) ;
#2816 = CARTESIAN_POINT ( 'NONE',  ( -11.50000000000000000, 6.250000000000000000, 0.4999999999999978400 ) ) ;
#2817 = CARTESIAN_POINT ( 'NONE',  ( 8.390000000000000600, 7.099999999999999600, 0.6999999999999999600 ) ) ;
#2818 = VERTEX_POINT ( 'NONE', #2601 ) ;
#2819 = ORIENTED_EDGE ( 'NONE', *, *, #4502, .F. ) ;
#2820 = VECTOR ( 'NONE', #1604, 1000.000000000000000 ) ;
#2821 = MECHANICAL_DESIGN_GEOMETRIC_PRESENTATION_REPRESENTATION (  '', ( #2057 ), #3212 ) ;
#2822 = SURFACE_STYLE_FILL_AREA ( #6768 ) ;
#2823 = APPLICATION_CONTEXT ( 'automotive_design' ) ;
#2824 =( NAMED_UNIT ( * ) PLANE_ANGLE_UNIT ( ) SI_UNIT ( $, .RADIAN. ) );
#2825 = DIRECTION ( 'NONE',  ( 2.640288016400939700E-029, 1.000000000000000000, 1.201675860940661900E-057 ) ) ;
#2826 = EDGE_CURVE ( 'NONE', #4536, #4082, #4561, .T. ) ;
#2827 = SURFACE_STYLE_FILL_AREA ( #3760 ) ;
#2828 = FILL_AREA_STYLE ('',( #2804 ) ) ;
#2829 = EDGE_CURVE ( 'NONE', #37, #4383, #3045, .T. ) ;
#2830 = DIRECTION ( 'NONE',  ( 1.000000000000000000, 0.0000000000000000000, 0.0000000000000000000 ) ) ;
#2831 = STYLED_ITEM ( 'NONE', ( #697 ), #1284 ) ;
#2832 = LINE ( 'NONE', #2881, #5701 ) ;
#2833 = SURFACE_SIDE_STYLE ('',( #1493 ) ) ;
#2834 = ORIENTED_EDGE ( 'NONE', *, *, #6858, .F. ) ;
#2835 =( LENGTH_UNIT ( ) NAMED_UNIT ( * ) SI_UNIT ( .MILLI., .METRE. ) );
#2836 = CARTESIAN_POINT ( 'NONE',  ( 0.0000000000000000000, -6.650000000000000400, 0.0000000000000000000 ) ) ;
#2837 = ORIENTED_EDGE ( 'NONE', *, *, #4978, .T. ) ;
#2838 = CARTESIAN_POINT ( 'NONE',  ( 8.390000000000000600, 7.099999999999999600, 0.9500000000000000700 ) ) ;
#2839 = ORIENTED_EDGE ( 'NONE', *, *, #1675, .T. ) ;
#2840 = VERTEX_POINT ( 'NONE', #2069 ) ;
#2841 = FACE_OUTER_BOUND ( 'NONE', #7153, .T. ) ;
#2842 = EDGE_CURVE ( 'NONE', #3154, #2281, #59, .T. ) ;
#2843 = STYLED_ITEM ( 'NONE', ( #4783 ), #437 ) ;
#2844 = ADVANCED_FACE ( 'NONE', ( #6073 ), #5500, .T. ) ;
#2845 = MECHANICAL_DESIGN_GEOMETRIC_PRESENTATION_REPRESENTATION (  '', ( #1361 ), #3234 ) ;
#2846 = DIRECTION ( 'NONE',  ( -1.000000000000000000, 0.0000000000000000000, 0.0000000000000000000 ) ) ;
#2847 = ORIENTED_EDGE ( 'NONE', *, *, #2692, .F. ) ;
#2848 = PRESENTATION_STYLE_ASSIGNMENT (( #6548 ) ) ;
#2849 = ORIENTED_EDGE ( 'NONE', *, *, #3174, .F. ) ;
#2850 = EDGE_LOOP ( 'NONE', ( #3478, #1699, #6161, #1144 ) ) ;
#2851 = PRODUCT_CONTEXT ( 'NONE', #6780, 'mechanical' ) ;
#2852 = CARTESIAN_POINT ( 'NONE',  ( 11.50000000000000000, -6.250000000000000000, 7.599999999999999600 ) ) ;
#2853 = ORIENTED_EDGE ( 'NONE', *, *, #4391, .F. ) ;
#2854 = SURFACE_STYLE_USAGE ( .BOTH. , #2858 ) ;
#2855 = DIRECTION ( 'NONE',  ( -1.000000000000000000, 0.0000000000000000000, -0.0000000000000000000 ) ) ;
#2856 = FILL_AREA_STYLE_COLOUR ( '', #4499 ) ;
#2857 =( GEOMETRIC_REPRESENTATION_CONTEXT ( 3 ) GLOBAL_UNCERTAINTY_ASSIGNED_CONTEXT ( ( #1291 ) ) GLOBAL_UNIT_ASSIGNED_CONTEXT ( ( #4042, #675, #4618 ) ) REPRESENTATION_CONTEXT ( 'NONE', 'WORKASPACE' ) );
#2858 = SURFACE_SIDE_STYLE ('',( #565 ) ) ;
#2859 = SURFACE_STYLE_FILL_AREA ( #3533 ) ;
#2860 =( NAMED_UNIT ( * ) PLANE_ANGLE_UNIT ( ) SI_UNIT ( $, .RADIAN. ) );
#2861 = FILL_AREA_STYLE ('',( #2287 ) ) ;
#2862 = VECTOR ( 'NONE', #3026, 1000.000000000000000 ) ;
#2863 =( NAMED_UNIT ( * ) SI_UNIT ( $, .STERADIAN. ) SOLID_ANGLE_UNIT ( ) );
#2864 = ORIENTED_EDGE ( 'NONE', *, *, #5273, .F. ) ;
#2865 = CARTESIAN_POINT ( 'NONE',  ( 11.50000000000000000, 6.049999999999999800, 2.799999999999999800 ) ) ;
#2866 = UNCERTAINTY_MEASURE_WITH_UNIT (LENGTH_MEASURE( 1.000000000000000100E-005 ), #4377, 'distance_accuracy_value', 'NONE');
#2867 = EDGE_CURVE ( 'NONE', #2292, #1409, #6842, .T. ) ;
#2868 = VERTEX_POINT ( 'NONE', #3227 ) ;
#2869 = ORIENTED_EDGE ( 'NONE', *, *, #1838, .T. ) ;
#2870 = FILL_AREA_STYLE ('',( #2902 ) ) ;
#2871 = DIRECTION ( 'NONE',  ( 0.0000000000000000000, -1.000000000000000000, -0.0000000000000000000 ) ) ;
#2872 = PRESENTATION_LAYER_ASSIGNMENT (  '', '', ( #2107 ) ) ;
#2873 = STYLED_ITEM ( 'NONE', ( #6782 ), #7000 ) ;
#2874 = CARTESIAN_POINT ( 'NONE',  ( 12.07499999999999900, -6.850000000000000500, 0.6999999999999999600 ) ) ;
#2875 =( NAMED_UNIT ( * ) PLANE_ANGLE_UNIT ( ) SI_UNIT ( $, .RADIAN. ) );
#2876 = ADVANCED_FACE ( 'NONE', ( #1031 ), #7191, .T. ) ;
#2877 = SURFACE_STYLE_USAGE ( .BOTH. , #6296 ) ;
#2878 = SURFACE_STYLE_FILL_AREA ( #4308 ) ;
#2879 = VECTOR ( 'NONE', #5506, 1000.000000000000000 ) ;
#2880 =( LENGTH_UNIT ( ) NAMED_UNIT ( * ) SI_UNIT ( .MILLI., .METRE. ) );
#2881 = CARTESIAN_POINT ( 'NONE',  ( -8.390000000000000600, -7.875740647047340600, 0.9500000000000000700 ) ) ;
#2882 = EDGE_CURVE ( 'NONE', #4070, #3947, #3303, .T. ) ;
#2883 = VERTEX_POINT ( 'NONE', #6141 ) ;
#2884 = FILL_AREA_STYLE ('',( #3162 ) ) ;
#2885 =( GEOMETRIC_REPRESENTATION_CONTEXT ( 3 ) GLOBAL_UNCERTAINTY_ASSIGNED_CONTEXT ( ( #7162 ) ) GLOBAL_UNIT_ASSIGNED_CONTEXT ( ( #3484, #3459, #3431 ) ) REPRESENTATION_CONTEXT ( 'NONE', 'WORKASPACE' ) );
#2886 = FILL_AREA_STYLE ('',( #2309 ) ) ;
#2887 = CARTESIAN_POINT ( 'NONE',  ( 5.850000000000000500, 7.607142857142860300, 0.09444937400002460800 ) ) ;
#2888 = CIRCLE ( 'NONE', #4754, 0.2000000000000000100 ) ;
#2889 = PRODUCT_DEFINITION_SHAPE ( 'NONE', 'NONE',  #2067 ) ;
#2890 = EDGE_LOOP ( 'NONE', ( #7008, #1276, #6951, #7096 ) ) ;
#2891 = PRESENTATION_LAYER_ASSIGNMENT (  '', '', ( #2122 ) ) ;
#2892 = FACE_OUTER_BOUND ( 'NONE', #4716, .T. ) ;
#2893 = PLANE ( 'NONE',  #4012 ) ;
#2894 = DIRECTION ( 'NONE',  ( 1.000000000000000000, 0.0000000000000000000, 0.0000000000000000000 ) ) ;
#2895 = ORIENTED_EDGE ( 'NONE', *, *, #6771, .T. ) ;
#2896 = SURFACE_STYLE_FILL_AREA ( #5660 ) ;
#2897 = CLOSED_SHELL ( 'NONE', ( #3240, #6443, #6733, #6927, #6644, #92, #2503, #2634, #1167, #5602, #6082, #4569, #1845, #1581, #4785, #5658, #1242, #765, #6418, #801, #1914, #6040, #5352, #2992, #3206, #6605 ) ) ;
#2898 = PLANE ( 'NONE',  #2524 ) ;
#2899 = SURFACE_STYLE_FILL_AREA ( #6909 ) ;
#2900 = LINE ( 'NONE', #7300, #1425 ) ;
#2901 = DIRECTION ( 'NONE',  ( -1.000000000000000000, -0.0000000000000000000, 0.0000000000000000000 ) ) ;
#2902 = FILL_AREA_STYLE_COLOUR ( '', #1867 ) ;
#2903 = DIRECTION ( 'NONE',  ( -1.000000000000000000, -2.640288016400939700E-029, -4.551305969182499400E-029 ) ) ;
#2904 = ORIENTED_EDGE ( 'NONE', *, *, #5014, .F. ) ;
#2905 = DIRECTION ( 'NONE',  ( 1.000000000000000000, 0.0000000000000000000, 0.0000000000000000000 ) ) ;
#2906 = CARTESIAN_POINT ( 'NONE',  ( 11.87500000000000000, 6.650000000000000400, 1.600000000000000100 ) ) ;
#2907 = LINE ( 'NONE', #2588, #5950 ) ;
#2908 = CARTESIAN_POINT ( 'NONE',  ( 6.850000000000000500, -7.099999999999999600, 0.6999999999999999600 ) ) ;
#2909 = EDGE_LOOP ( 'NONE', ( #2296, #625, #4899, #3603 ) ) ;
#2910 = VERTEX_POINT ( 'NONE', #5572 ) ;
#2911 = VECTOR ( 'NONE', #225, 1000.000000000000000 ) ;
#2912 = PRESENTATION_LAYER_ASSIGNMENT (  '', '', ( #2132 ) ) ;
#2913 = CARTESIAN_POINT ( 'NONE',  ( -8.389999999999998800, -6.850000000000000500, 0.6999999999999999600 ) ) ;
#2914 =( NAMED_UNIT ( * ) PLANE_ANGLE_UNIT ( ) SI_UNIT ( $, .RADIAN. ) );
#2915 = SURFACE_STYLE_FILL_AREA ( #2573 ) ;
#2916 = ADVANCED_FACE ( 'NONE', ( #1806 ), #5638, .T. ) ;
#2917 = DIRECTION ( 'NONE',  ( -0.0000000000000000000, -0.0000000000000000000, -1.000000000000000000 ) ) ;
#2918 = ORIENTED_EDGE ( 'NONE', *, *, #3731, .T. ) ;
#2919 = VECTOR ( 'NONE', #2098, 1000.000000000000000 ) ;
#2920 = DIRECTION ( 'NONE',  ( 1.000000000000000000, 0.0000000000000000000, -0.0000000000000000000 ) ) ;
#2921 =( GEOMETRIC_REPRESENTATION_CONTEXT ( 3 ) GLOBAL_UNCERTAINTY_ASSIGNED_CONTEXT ( ( #6202 ) ) GLOBAL_UNIT_ASSIGNED_CONTEXT ( ( #471, #4402, #1040 ) ) REPRESENTATION_CONTEXT ( 'NONE', 'WORKASPACE' ) );
#2922 =( GEOMETRIC_REPRESENTATION_CONTEXT ( 3 ) GLOBAL_UNCERTAINTY_ASSIGNED_CONTEXT ( ( #5594 ) ) GLOBAL_UNIT_ASSIGNED_CONTEXT ( ( #6496, #3114, #7072 ) ) REPRESENTATION_CONTEXT ( 'NONE', 'WORKASPACE' ) );
#2923 = VERTEX_POINT ( 'NONE', #7262 ) ;
#2924 = EDGE_LOOP ( 'NONE', ( #2807, #2184, #2784, #673 ) ) ;
#2925 = FILL_AREA_STYLE_COLOUR ( '', #6845 ) ;
#2926 = ORIENTED_EDGE ( 'NONE', *, *, #4355, .F. ) ;
#2927 =( NAMED_UNIT ( * ) SI_UNIT ( $, .STERADIAN. ) SOLID_ANGLE_UNIT ( ) );
#2928 = EDGE_CURVE ( 'NONE', #7263, #6640, #1302, .T. ) ;
#2929 =( LENGTH_UNIT ( ) NAMED_UNIT ( * ) SI_UNIT ( .MILLI., .METRE. ) );
#2930 = VERTEX_POINT ( 'NONE', #502 ) ;
#2931 =( GEOMETRIC_REPRESENTATION_CONTEXT ( 3 ) GLOBAL_UNCERTAINTY_ASSIGNED_CONTEXT ( ( #2266 ) ) GLOBAL_UNIT_ASSIGNED_CONTEXT ( ( #2799, #5676, #6243 ) ) REPRESENTATION_CONTEXT ( 'NONE', 'WORKASPACE' ) );
#2932 = UNCERTAINTY_MEASURE_WITH_UNIT (LENGTH_MEASURE( 1.000000000000000100E-005 ), #3193, 'distance_accuracy_value', 'NONE');
#2933 = CARTESIAN_POINT ( 'NONE',  ( 8.390000000000000600, 8.150000000000000400, -0.2500000000000000000 ) ) ;
#2934 = AXIS2_PLACEMENT_3D ( 'NONE', #1775, #5755, #2324 ) ;
#2935 = DIRECTION ( 'NONE',  ( 0.0000000000000000000, 0.0000000000000000000, -1.000000000000000000 ) ) ;
#2936 = DIRECTION ( 'NONE',  ( -0.0000000000000000000, -0.0000000000000000000, -1.000000000000000000 ) ) ;
#2937 = EDGE_LOOP ( 'NONE', ( #6985, #5344, #2585, #1611 ) ) ;
#2938 = FILL_AREA_STYLE ('',( #1268 ) ) ;
#2939 = EDGE_CURVE ( 'NONE', #6558, #46, #4820, .T. ) ;
#2940 = PRESENTATION_LAYER_ASSIGNMENT (  '', '', ( #3318 ) ) ;
#2941 = VECTOR ( 'NONE', #2010, 1000.000000000000000 ) ;
#2942 = VERTEX_POINT ( 'NONE', #5034 ) ;
#2943 = CARTESIAN_POINT ( 'NONE',  ( 6.850000000000000500, 7.416666666666668700, 0.4990711984999865500 ) ) ;
#2944 = ORIENTED_EDGE ( 'NONE', *, *, #2443, .F. ) ;
#2945 = CARTESIAN_POINT ( 'NONE',  ( -11.87500000000000000, 6.650000000000000400, 0.2000000000000000100 ) ) ;
#2946 = UNCERTAINTY_MEASURE_WITH_UNIT (LENGTH_MEASURE( 1.000000000000000100E-005 ), #3579, 'distance_accuracy_value', 'NONE');
#2947 = CARTESIAN_POINT ( 'NONE',  ( -8.890000000000000600, 7.833333333333334800, 0.2009288015000148300 ) ) ;
#2948 = SURFACE_SIDE_STYLE ('',( #2506 ) ) ;
#2949 = VERTEX_POINT ( 'NONE', #1647 ) ;
#2950 = CARTESIAN_POINT ( 'NONE',  ( 6.850000000000000500, -7.416666666666668700, 0.4990711984999866600 ) ) ;
#2951 = CYLINDRICAL_SURFACE ( 'NONE', #4423, 0.2000000000000005100 ) ;
#2952 = SURFACE_STYLE_USAGE ( .BOTH. , #6358 ) ;
#2953 = ADVANCED_FACE ( 'NONE', ( #7111 ), #524, .F. ) ;
#2954 = DIRECTION ( 'NONE',  ( -1.000000000000000000, 0.0000000000000000000, 0.0000000000000000000 ) ) ;
#2955 = MECHANICAL_DESIGN_GEOMETRIC_PRESENTATION_REPRESENTATION (  '', ( #1823 ), #3335 ) ;
#2956 = PLANE ( 'NONE',  #291 ) ;
#2957 = CARTESIAN_POINT ( 'NONE',  ( 9.189999999999999500, 5.205000000000000100, 4.599999999999999600 ) ) ;
#2958 = ORIENTED_EDGE ( 'NONE', *, *, #1122, .T. ) ;
#2959 = PLANE ( 'NONE',  #6325 ) ;
#2960 = CARTESIAN_POINT ( 'NONE',  ( 8.390000000000000600, -6.850000000000000500, 0.6999999999999999600 ) ) ;
#2961 =( GEOMETRIC_REPRESENTATION_CONTEXT ( 3 ) GLOBAL_UNCERTAINTY_ASSIGNED_CONTEXT ( ( #2545 ) ) GLOBAL_UNIT_ASSIGNED_CONTEXT ( ( #5361, #1948, #5935 ) ) REPRESENTATION_CONTEXT ( 'NONE', 'WORKASPACE' ) );
#2962 = CARTESIAN_POINT ( 'NONE',  ( -9.390000000000000600, -8.150000000000000400, 0.3499999999999999800 ) ) ;
#2963 = ORIENTED_EDGE ( 'NONE', *, *, #979, .F. ) ;
#2964 = LINE ( 'NONE', #4789, #4472 ) ;
#2965 = VERTEX_POINT ( 'NONE', #6745 ) ;
#2966 = VECTOR ( 'NONE', #5995, 1000.000000000000000 ) ;
#2967 = PRESENTATION_STYLE_ASSIGNMENT (( #4343 ) ) ;
#2968 = VERTEX_POINT ( 'NONE', #3365 ) ;
#2969 = DIRECTION ( 'NONE',  ( 0.0000000000000000000, 0.0000000000000000000, 1.000000000000000000 ) ) ;
#2970 = EDGE_CURVE ( 'NONE', #7182, #6986, #6201, .T. ) ;
#2971 = EDGE_CURVE ( 'NONE', #7277, #6926, #364, .T. ) ;
#2972 = CARTESIAN_POINT ( 'NONE',  ( -9.390000000000000600, -7.099999999999999600, 0.6999999999999999600 ) ) ;
#2973 = EDGE_CURVE ( 'NONE', #528, #3877, #6019, .T. ) ;
#2974 = AXIS2_PLACEMENT_3D ( 'NONE', #1187, #6252, #6799 ) ;
#2975 = DIRECTION ( 'NONE',  ( 1.000000000000000000, 0.0000000000000000000, 0.0000000000000000000 ) ) ;
#2976 = SURFACE_STYLE_FILL_AREA ( #6658 ) ;
#2977 = AXIS2_PLACEMENT_3D ( 'NONE', #6701, #3323, #7270 ) ;
#2978 = LINE ( 'NONE', #3247, #6779 ) ;
#2979 = CARTESIAN_POINT ( 'NONE',  ( 12.07499999999999900, -6.650000000000001200, 0.0000000000000000000 ) ) ;
#2980 =( NAMED_UNIT ( * ) PLANE_ANGLE_UNIT ( ) SI_UNIT ( $, .RADIAN. ) );
#2981 = COLOUR_RGB ( '',0.7529411764705882200, 0.7529411764705882200, 0.7529411764705882200 ) ;
#2982 = VECTOR ( 'NONE', #2439, 1000.000000000000000 ) ;
#2983 = EDGE_CURVE ( 'NONE', #2910, #4140, #187, .T. ) ;
#2984 = CARTESIAN_POINT ( 'NONE',  ( 6.349999999999999600, -9.000000000000001800, -0.2500000000000000000 ) ) ;
#2985 = VECTOR ( 'NONE', #3623, 1000.000000000000000 ) ;
#2986 = AXIS2_PLACEMENT_3D ( 'NONE', #3145, #3117, #3095 ) ;
#2987 = SURFACE_STYLE_FILL_AREA ( #3475 ) ;
#2988 =( NAMED_UNIT ( * ) PLANE_ANGLE_UNIT ( ) SI_UNIT ( $, .RADIAN. ) );
#2989 = ORIENTED_EDGE ( 'NONE', *, *, #1216, .T. ) ;
#2990 = SURFACE_STYLE_FILL_AREA ( #31 ) ;
#2991 = CYLINDRICAL_SURFACE ( 'NONE', #5563, 0.2000000000000005100 ) ;
#2992 = ADVANCED_FACE ( 'NONE', ( #3173 ), #3388, .F. ) ;
#2993 = LINE ( 'NONE', #1703, #5860 ) ;
#2994 = FILL_AREA_STYLE ('',( #177 ) ) ;
#2995 = DIRECTION ( 'NONE',  ( -0.0000000000000000000, -1.000000000000000000, 0.0000000000000000000 ) ) ;
#2996 = VECTOR ( 'NONE', #2675, 1000.000000000000000 ) ;
#2997 = DIRECTION ( 'NONE',  ( -0.0000000000000000000, -0.0000000000000000000, -1.000000000000000000 ) ) ;
#2998 = FILL_AREA_STYLE_COLOUR ( '', #1123 ) ;
#2999 = CARTESIAN_POINT ( 'NONE',  ( 11.30000000000000100, 6.049999999999999800, 1.600000000000000100 ) ) ;
#3000 = MECHANICAL_DESIGN_GEOMETRIC_PRESENTATION_REPRESENTATION (  '', ( #2221 ), #3380 ) ;
#3001 = ORIENTED_EDGE ( 'NONE', *, *, #6133, .T. ) ;
#3002 = ORIENTED_EDGE ( 'NONE', *, *, #7016, .F. ) ;
#3003 = VECTOR ( 'NONE', #1770, 1000.000000000000000 ) ;
#3004 = SURFACE_SIDE_STYLE ('',( #6524 ) ) ;
#3005 = CARTESIAN_POINT ( 'NONE',  ( 9.189999999999999500, -5.205000000000000100, 2.799999999999999800 ) ) ;
#3006 = LINE ( 'NONE', #570, #4524 ) ;
#3007 = FILL_AREA_STYLE_COLOUR ( '', #6509 ) ;
#3008 =( GEOMETRIC_REPRESENTATION_CONTEXT ( 3 ) GLOBAL_UNCERTAINTY_ASSIGNED_CONTEXT ( ( #7037 ) ) GLOBAL_UNIT_ASSIGNED_CONTEXT ( ( #6603, #3224, #7167 ) ) REPRESENTATION_CONTEXT ( 'NONE', 'WORKASPACE' ) );
#3009 = DIRECTION ( 'NONE',  ( 0.0000000000000000000, 0.0000000000000000000, 1.000000000000000000 ) ) ;
#3010 = FILL_AREA_STYLE ('',( #4708 ) ) ;
#3011 = DIRECTION ( 'NONE',  ( 1.000000000000000000, -0.0000000000000000000, -0.0000000000000000000 ) ) ;
#3012 = COLOUR_RGB ( '',0.7529411764705882200, 0.7529411764705882200, 0.7529411764705882200 ) ;
#3013 = EDGE_CURVE ( 'NONE', #2238, #7053, #988, .T. ) ;
#3014 = CARTESIAN_POINT ( 'NONE',  ( -11.30000000000000100, 6.250000000000000000, 1.600000000000000100 ) ) ;
#3015 = DIRECTION ( 'NONE',  ( 1.000000000000000000, 0.0000000000000000000, 0.0000000000000000000 ) ) ;
#3016 = ORIENTED_EDGE ( 'NONE', *, *, #1583, .T. ) ;
#3017 = ORIENTED_EDGE ( 'NONE', *, *, #2147, .T. ) ;
#3018 = ORIENTED_EDGE ( 'NONE', *, *, #5423, .F. ) ;
#3019 = PRESENTATION_STYLE_ASSIGNMENT (( #3432 ) ) ;
#3020 = ORIENTED_EDGE ( 'NONE', *, *, #2357, .T. ) ;
#3021 = DIRECTION ( 'NONE',  ( 1.000000000000000000, 0.0000000000000000000, 0.0000000000000000000 ) ) ;
#3022 = PRESENTATION_LAYER_ASSIGNMENT (  '', '', ( #3395 ) ) ;
#3023 = PRESENTATION_LAYER_ASSIGNMENT (  '', '', ( #2246 ) ) ;
#3024 = FILL_AREA_STYLE ('',( #2925 ) ) ;
#3025 = ORIENTED_EDGE ( 'NONE', *, *, #968, .F. ) ;
#3026 = DIRECTION ( 'NONE',  ( 0.0000000000000000000, -0.0000000000000000000, -1.000000000000000000 ) ) ;
#3027 = COLOUR_RGB ( '',0.7529411764705882200, 0.7529411764705882200, 0.7529411764705882200 ) ;
#3028 = CARTESIAN_POINT ( 'NONE',  ( -12.07500000000000100, -6.767157287525381400, 0.2000000000000000400 ) ) ;
#3030 = ADVANCED_FACE ( 'NONE', ( #2452 ), #1759, .F. ) ;
#3029 = EDGE_LOOP ( 'NONE', ( #2567, #5882, #2128, #5920 ) ) ;
#3031 = VERTEX_POINT ( 'NONE', #4021 ) ;
#3032 = EDGE_CURVE ( 'NONE', #4089, #5436, #3255, .T. ) ;
#3033 = EDGE_LOOP ( 'NONE', ( #4049, #3779, #1433, #3342 ) ) ;
#3034 = AXIS2_PLACEMENT_3D ( 'NONE', #5890, #3235, #5842 ) ;
#3035 = ORIENTED_EDGE ( 'NONE', *, *, #6278, .T. ) ;
#3036 = CARTESIAN_POINT ( 'NONE',  ( 9.189999999999999500, 1.354017197126070000E-016, 2.799999999999999800 ) ) ;
#3037 = LINE ( 'NONE', #6434, #409 ) ;
#3038 = STYLED_ITEM ( 'NONE', ( #1504 ), #6281 ) ;
#3039 = DIRECTION ( 'NONE',  ( -1.000000000000000000, 0.0000000000000000000, 0.0000000000000000000 ) ) ;
#3040 = CARTESIAN_POINT ( 'NONE',  ( 6.349999999999999600, 9.000000000000001800, 0.0000000000000000000 ) ) ;
#3041 = SURFACE_STYLE_FILL_AREA ( #1278 ) ;
#3042 =( NAMED_UNIT ( * ) PLANE_ANGLE_UNIT ( ) SI_UNIT ( $, .RADIAN. ) );
#3043 = CARTESIAN_POINT ( 'NONE',  ( 0.0000000000000000000, 0.0000000000000000000, 0.0000000000000000000 ) ) ;
#3044 = EDGE_CURVE ( 'NONE', #2087, #1950, #4771, .T. ) ;
#3045 = LINE ( 'NONE', #4337, #1560 ) ;
#3046 = SURFACE_STYLE_USAGE ( .BOTH. , #6432 ) ;
#3047 = CIRCLE ( 'NONE', #4585, 0.2000000000000005100 ) ;
#3048 = CARTESIAN_POINT ( 'NONE',  ( -9.390000000000000600, -7.416666666666668700, 0.4990711984999866600 ) ) ;
#3049 = AXIS2_PLACEMENT_3D ( 'NONE', #239, #4167, #814 ) ;
#3050 = CARTESIAN_POINT ( 'NONE',  ( 11.50000000000000000, -6.250000000000000000, 7.599999999999999600 ) ) ;
#3051 = DIRECTION ( 'NONE',  ( 0.0000000000000000000, 0.0000000000000000000, 1.000000000000000000 ) ) ;
#3052 =( LENGTH_UNIT ( ) NAMED_UNIT ( * ) SI_UNIT ( .MILLI., .METRE. ) );
#3053 = UNCERTAINTY_MEASURE_WITH_UNIT (LENGTH_MEASURE( 1.000000000000000100E-005 ), #812, 'distance_accuracy_value', 'NONE');
#3054 = CARTESIAN_POINT ( 'NONE',  ( 6.850000000000000500, 7.607142857142859400, 0.09444937400002442800 ) ) ;
#3055 = VECTOR ( 'NONE', #41, 1000.000000000000000 ) ;
#3056 = PRESENTATION_LAYER_ASSIGNMENT (  '', '', ( #2664 ) ) ;
#3057 = ORIENTED_EDGE ( 'NONE', *, *, #3541, .T. ) ;
#3058 = CARTESIAN_POINT ( 'NONE',  ( 11.87500000000000000, -6.850000000000000500, 1.600000000000000100 ) ) ;
#3059 = CARTESIAN_POINT ( 'NONE',  ( -9.390000000000000600, 7.099999999999999600, 0.3499999999999999800 ) ) ;
#3060 = CARTESIAN_POINT ( 'NONE',  ( -8.890000000000000600, -7.833333333333331300, 0.2009288015000139900 ) ) ;
#3061 = CARTESIAN_POINT ( 'NONE',  ( 6.049999999999999800, -4.955000000000000100, 2.799999999999999800 ) ) ;
#3062 = VECTOR ( 'NONE', #4191, 1000.000000000000000 ) ;
#3063 = CYLINDRICAL_SURFACE ( 'NONE', #6875, 0.2000000000000005100 ) ;
#3064 = CARTESIAN_POINT ( 'NONE',  ( 6.850000000000000500, -7.099999999999999600, 0.3499999999999999800 ) ) ;
#3065 = MECHANICAL_DESIGN_GEOMETRIC_PRESENTATION_REPRESENTATION (  '', ( #1922 ), #3442 ) ;
#3066 = ADVANCED_FACE ( 'NONE', ( #448 ), #2893, .T. ) ;
#3067 =( NAMED_UNIT ( * ) SI_UNIT ( $, .STERADIAN. ) SOLID_ANGLE_UNIT ( ) );
#3068 = SURFACE_STYLE_FILL_AREA ( #4228 ) ;
#3069 = EDGE_CURVE ( 'NONE', #6986, #6656, #4058, .T. ) ;
#3070 = ORIENTED_EDGE ( 'NONE', *, *, #2678, .F. ) ;
#3071 = VECTOR ( 'NONE', #1963, 1000.000000000000000 ) ;
#3072 = LINE ( 'NONE', #3111, #7214 ) ;
#3073 = PRESENTATION_STYLE_ASSIGNMENT (( #1869 ) ) ;
#3074 = EDGE_CURVE ( 'NONE', #6926, #1084, #7059, .T. ) ;
#3075 = SURFACE_STYLE_USAGE ( .BOTH. , #5371 ) ;
#3076 = ORIENTED_EDGE ( 'NONE', *, *, #2194, .F. ) ;
#3077 = MECHANICAL_DESIGN_GEOMETRIC_PRESENTATION_REPRESENTATION (  '', ( #1934 ), #3454 ) ;
#3078 = CARTESIAN_POINT ( 'NONE',  ( 8.390000000000000600, -7.099999999999999600, 0.9499999999999999600 ) ) ;
#3079 = ORIENTED_EDGE ( 'NONE', *, *, #6761, .T. ) ;
#3080 = PRESENTATION_STYLE_ASSIGNMENT (( #105 ) ) ;
#3081 = DIRECTION ( 'NONE',  ( 3.366640523681080300E-029, 3.488060345846600000E-028, -1.000000000000000000 ) ) ;
#3082 = FACE_OUTER_BOUND ( 'NONE', #4751, .T. ) ;
#3083 = LINE ( 'NONE', #116, #4406 ) ;
#3084 = PRESENTATION_LAYER_ASSIGNMENT (  '', '', ( #2308 ) ) ;
#3085 = VECTOR ( 'NONE', #6196, 1000.000000000000000 ) ;
#3086 = ORIENTED_EDGE ( 'NONE', *, *, #693, .T. ) ;
#3087 = EDGE_CURVE ( 'NONE', #2042, #2012, #2536, .T. ) ;
#3088 = PRESENTATION_LAYER_ASSIGNMENT (  '', '', ( #2313 ) ) ;
#3089 = FILL_AREA_STYLE_COLOUR ( '', #5895 ) ;
#3090 = CARTESIAN_POINT ( 'NONE',  ( -2.225000000000000500, -2.549999999999999800, 0.0000000000000000000 ) ) ;
#3091 = DIRECTION ( 'NONE',  ( -1.000000000000000000, 0.0000000000000000000, 0.0000000000000000000 ) ) ;
#3092 = DIRECTION ( 'NONE',  ( 0.0000000000000000000, 0.4259177099999607600, -0.9047619047619044300 ) ) ;
#3093 = ORIENTED_EDGE ( 'NONE', *, *, #833, .F. ) ;
#3094 = CARTESIAN_POINT ( 'NONE',  ( 9.389999999999998800, 6.850000000000000500, 0.6999999999999999600 ) ) ;
#3095 = DIRECTION ( 'NONE',  ( 0.0000000000000000000, -0.4259177099999590900, 0.9047619047619052100 ) ) ;
#3096 = PRESENTATION_STYLE_ASSIGNMENT (( #2411 ) ) ;
#3097 = DIRECTION ( 'NONE',  ( 0.0000000000000000000, 0.4259177099999605900, 0.9047619047619044300 ) ) ;
#3098 = UNCERTAINTY_MEASURE_WITH_UNIT (LENGTH_MEASURE( 1.000000000000000100E-005 ), #6204, 'distance_accuracy_value', 'NONE');
#3099 = DIRECTION ( 'NONE',  ( 1.000000000000000000, 0.0000000000000000000, 0.0000000000000000000 ) ) ;
#3100 = MECHANICAL_DESIGN_GEOMETRIC_PRESENTATION_REPRESENTATION (  '', ( #2327 ), #3480 ) ;
#3101 =( NAMED_UNIT ( * ) PLANE_ANGLE_UNIT ( ) SI_UNIT ( $, .RADIAN. ) );
#3102 = ORIENTED_EDGE ( 'NONE', *, *, #5116, .T. ) ;
#3103 = SURFACE_STYLE_USAGE ( .BOTH. , #6486 ) ;
#3104 = VERTEX_POINT ( 'NONE', #5801 ) ;
#3105 = VERTEX_POINT ( 'NONE', #5212 ) ;
#3106 = ORIENTED_EDGE ( 'NONE', *, *, #5986, .T. ) ;
#3107 = UNCERTAINTY_MEASURE_WITH_UNIT (LENGTH_MEASURE( 1.000000000000000100E-005 ), #1919, 'distance_accuracy_value', 'NONE');
#3108 = DIRECTION ( 'NONE',  ( -1.000000000000000000, 2.047319486629579800E-065, 0.0000000000000000000 ) ) ;
#3109 =( GEOMETRIC_REPRESENTATION_CONTEXT ( 3 ) GLOBAL_UNCERTAINTY_ASSIGNED_CONTEXT ( ( #6493 ) ) GLOBAL_UNIT_ASSIGNED_CONTEXT ( ( #146, #4084, #718 ) ) REPRESENTATION_CONTEXT ( 'NONE', 'WORKASPACE' ) );
#3110 = AXIS2_PLACEMENT_3D ( 'NONE', #5977, #2561, #6518 ) ;
#3111 = CARTESIAN_POINT ( 'NONE',  ( -8.390000000000000600, -9.000000000000001800, 0.2507484938770950800 ) ) ;
#3112 = CARTESIAN_POINT ( 'NONE',  ( 11.87500000000000200, -6.849999999999941900, 0.08284271247456795300 ) ) ;
#3113 = DIRECTION ( 'NONE',  ( -1.000000000000000000, -1.213057269022220100E-060, 0.0000000000000000000 ) ) ;
#3114 =( NAMED_UNIT ( * ) PLANE_ANGLE_UNIT ( ) SI_UNIT ( $, .RADIAN. ) );
#3115 = EDGE_CURVE ( 'NONE', #4536, #6986, #3879, .T. ) ;
#3116 = DIRECTION ( 'NONE',  ( 0.0000000000000000000, -0.0000000000000000000, -1.000000000000000000 ) ) ;
#3117 = DIRECTION ( 'NONE',  ( 0.0000000000000000000, 0.9047619047619052100, 0.4259177099999590900 ) ) ;
#3118 = ORIENTED_EDGE ( 'NONE', *, *, #5773, .F. ) ;
#3119 = AXIS2_PLACEMENT_3D ( 'NONE', #5534, #6097, #6637 ) ;
#3120 = DIRECTION ( 'NONE',  ( -3.366640523681080300E-029, 3.488060345846600000E-028, 1.000000000000000000 ) ) ;
#3121 = STYLED_ITEM ( 'NONE', ( #5941 ), #5735 ) ;
#3122 = STYLED_ITEM ( 'NONE', ( #5477 ), #7192 ) ;
#3123 = FACE_OUTER_BOUND ( 'NONE', #5614, .T. ) ;
#3124 = VECTOR ( 'NONE', #2226, 1000.000000000000000 ) ;
#3125 = ORIENTED_EDGE ( 'NONE', *, *, #4689, .F. ) ;
#3126 = VERTEX_POINT ( 'NONE', #150 ) ;
#3127 = FILL_AREA_STYLE_COLOUR ( '', #6337 ) ;
#3128 = SURFACE_STYLE_FILL_AREA ( #1959 ) ;
#3129 = DIRECTION ( 'NONE',  ( -1.000000000000000000, 0.0000000000000000000, 0.0000000000000000000 ) ) ;
#3130 = FILL_AREA_STYLE_COLOUR ( '', #87 ) ;
#3131 = EDGE_CURVE ( 'NONE', #2417, #4018, #5584, .T. ) ;
#3132 = SURFACE_STYLE_FILL_AREA ( #4670 ) ;
#3133 =( GEOMETRIC_REPRESENTATION_CONTEXT ( 3 ) GLOBAL_UNCERTAINTY_ASSIGNED_CONTEXT ( ( #1862 ) ) GLOBAL_UNIT_ASSIGNED_CONTEXT ( ( #4518, #4484, #4457 ) ) REPRESENTATION_CONTEXT ( 'NONE', 'WORKASPACE' ) );
#3134 = MECHANICAL_DESIGN_GEOMETRIC_PRESENTATION_REPRESENTATION (  '', ( #2361 ), #3510 ) ;
#3135 = ORIENTED_EDGE ( 'NONE', *, *, #412, .F. ) ;
#3136 = DIRECTION ( 'NONE',  ( 1.000000000000000000, 0.0000000000000000000, -0.0000000000000000000 ) ) ;
#3137 = PLANE ( 'NONE',  #3190 ) ;
#3138 = CARTESIAN_POINT ( 'NONE',  ( 9.189999999999999500, -4.955000000000000100, 2.799999999999999800 ) ) ;
#3139 = SURFACE_SIDE_STYLE ('',( #2177 ) ) ;
#3140 = PLANE ( 'NONE',  #6170 ) ;
#3141 = DIRECTION ( 'NONE',  ( 1.000000000000000000, 1.174304530937220600E-056, 3.366640523681080300E-029 ) ) ;
#3142 = CARTESIAN_POINT ( 'NONE',  ( 8.390000000000000600, 9.000000000000001800, 0.2507484938770950800 ) ) ;
#3143 = COLOUR_RGB ( '',0.7529411764705882200, 0.7529411764705882200, 0.7529411764705882200 ) ;
#3144 = ORIENTED_EDGE ( 'NONE', *, *, #4646, .T. ) ;
#3145 = CARTESIAN_POINT ( 'NONE',  ( 8.890000000000000600, 7.416666666666669600, 0.4990711984999859900 ) ) ;
#3146 = MECHANICAL_DESIGN_GEOMETRIC_PRESENTATION_REPRESENTATION (  '', ( #2372 ), #3523 ) ;
#3147 = CARTESIAN_POINT ( 'NONE',  ( 11.87500000000000000, 6.650000000000000400, 0.2000000000000000100 ) ) ;
#3148 = VERTEX_POINT ( 'NONE', #2943 ) ;
#3149 = FILL_AREA_STYLE ('',( #3127 ) ) ;
#3150 = VERTEX_POINT ( 'NONE', #4664 ) ;
#3151 = VECTOR ( 'NONE', #5949, 1000.000000000000000 ) ;
#3152 = COLOUR_RGB ( '',0.7529411764705882200, 0.7529411764705882200, 0.7529411764705882200 ) ;
#3153 = DIRECTION ( 'NONE',  ( 0.0000000000000000000, 0.0000000000000000000, -1.000000000000000000 ) ) ;
#3154 = VERTEX_POINT ( 'NONE', #5240 ) ;
#3155 = MECHANICAL_DESIGN_GEOMETRIC_PRESENTATION_REPRESENTATION (  '', ( #2380 ), #3537 ) ;
#3156 = SURFACE_SIDE_STYLE ('',( #3680 ) ) ;
#3157 = LINE ( 'NONE', #7137, #4674 ) ;
#3158 = SURFACE_SIDE_STYLE ('',( #1975 ) ) ;
#3159 = ORIENTED_EDGE ( 'NONE', *, *, #2100, .F. ) ;
#3160 = VECTOR ( 'NONE', #355, 1000.000000000000000 ) ;
#3161 = EDGE_CURVE ( 'NONE', #2687, #6050, #6880, .T. ) ;
#3162 = FILL_AREA_STYLE_COLOUR ( '', #5756 ) ;
#3163 = CARTESIAN_POINT ( 'NONE',  ( -10.57499999999999900, -5.349999999999999600, 0.0000000000000000000 ) ) ;
#3164 = UNCERTAINTY_MEASURE_WITH_UNIT (LENGTH_MEASURE( 1.000000000000000100E-005 ), #3209, 'distance_accuracy_value', 'NONE');
#3165 = DIRECTION ( 'NONE',  ( 0.0000000000000000000, 0.0000000000000000000, 1.000000000000000000 ) ) ;
#3166 = SURFACE_STYLE_FILL_AREA ( #2303 ) ;
#3167 = LINE ( 'NONE', #6975, #2 ) ;
#3168 = STYLED_ITEM ( 'NONE', ( #3273 ), #5318 ) ;
#3169 = AXIS2_PLACEMENT_3D ( 'NONE', #960, #4299, #6621 ) ;
#3170 = CARTESIAN_POINT ( 'NONE',  ( 5.850000000000001400, 6.849999999999999600, 0.6999999999999999600 ) ) ;
#3171 = ORIENTED_EDGE ( 'NONE', *, *, #6399, .T. ) ;
#3172 = PLANE ( 'NONE',  #1876 ) ;
#3173 = FACE_OUTER_BOUND ( 'NONE', #4890, .T. ) ;
#3174 = EDGE_CURVE ( 'NONE', #7277, #6211, #2356, .T. ) ;
#3175 = DIRECTION ( 'NONE',  ( 0.0000000000000000000, 0.0000000000000000000, 1.000000000000000000 ) ) ;
#3176 = MECHANICAL_DESIGN_GEOMETRIC_PRESENTATION_REPRESENTATION (  '', ( #2405 ), #3554 ) ;
#3177 = DIRECTION ( 'NONE',  ( 0.0000000000000000000, 0.0000000000000000000, 1.000000000000000000 ) ) ;
#3178 =( NAMED_UNIT ( * ) SI_UNIT ( $, .STERADIAN. ) SOLID_ANGLE_UNIT ( ) );
#3179 = DIRECTION ( 'NONE',  ( 1.000000000000000000, 0.0000000000000000000, 0.0000000000000000000 ) ) ;
#3180 = FACE_OUTER_BOUND ( 'NONE', #1378, .T. ) ;
#3181 = FACE_OUTER_BOUND ( 'NONE', #405, .T. ) ;
#3182 = STYLED_ITEM ( 'NONE', ( #5118 ), #6157 ) ;
#3183 = FACE_OUTER_BOUND ( 'NONE', #5983, .T. ) ;
#3184 = CARTESIAN_POINT ( 'NONE',  ( -0.7250000000000002000, -2.549999999999999800, 0.0000000000000000000 ) ) ;
#3185 = CARTESIAN_POINT ( 'NONE',  ( -8.890000000000000600, -7.642857142857142300, 0.6055506259999778900 ) ) ;
#3186 = ORIENTED_EDGE ( 'NONE', *, *, #6761, .F. ) ;
#3187 = EDGE_CURVE ( 'NONE', #2381, #6481, #3690, .T. ) ;
#3188 = DIRECTION ( 'NONE',  ( 1.000000000000000000, 0.0000000000000000000, -0.0000000000000000000 ) ) ;
#3189 = EDGE_LOOP ( 'NONE', ( #7142, #6916, #1080, #3472 ) ) ;
#3190 = AXIS2_PLACEMENT_3D ( 'NONE', #2580, #2557, #2529 ) ;
#3191 =( NAMED_UNIT ( * ) SI_UNIT ( $, .STERADIAN. ) SOLID_ANGLE_UNIT ( ) );
#3192 =( NAMED_UNIT ( * ) SI_UNIT ( $, .STERADIAN. ) SOLID_ANGLE_UNIT ( ) );
#3193 =( LENGTH_UNIT ( ) NAMED_UNIT ( * ) SI_UNIT ( .MILLI., .METRE. ) );
#3194 =( GEOMETRIC_REPRESENTATION_CONTEXT ( 3 ) GLOBAL_UNCERTAINTY_ASSIGNED_CONTEXT ( ( #4217 ) ) GLOBAL_UNIT_ASSIGNED_CONTEXT ( ( #5709, #2275, #6264 ) ) REPRESENTATION_CONTEXT ( 'NONE', 'WORKASPACE' ) );
#3195 = VECTOR ( 'NONE', #3925, 1000.000000000000000 ) ;
#3196 =( NAMED_UNIT ( * ) PLANE_ANGLE_UNIT ( ) SI_UNIT ( $, .RADIAN. ) );
#3197 = VECTOR ( 'NONE', #5342, 1000.000000000000200 ) ;
#3198 =( NAMED_UNIT ( * ) PLANE_ANGLE_UNIT ( ) SI_UNIT ( $, .RADIAN. ) );
#3199 = MECHANICAL_DESIGN_GEOMETRIC_PRESENTATION_REPRESENTATION (  '', ( #2052 ), #3578 ) ;
#3200 = ORIENTED_EDGE ( 'NONE', *, *, #2867, .T. ) ;
#3201 =( LENGTH_UNIT ( ) NAMED_UNIT ( * ) SI_UNIT ( .MILLI., .METRE. ) );
#3202 = ORIENTED_EDGE ( 'NONE', *, *, #3346, .F. ) ;
#3203 = ORIENTED_EDGE ( 'NONE', *, *, #773, .T. ) ;
#3204 = LINE ( 'NONE', #3409, #1700 ) ;
#3205 = ORIENTED_EDGE ( 'NONE', *, *, #7148, .T. ) ;
#3206 = ADVANCED_FACE ( 'NONE', ( #713 ), #5262, .F. ) ;
#3207 = DIRECTION ( 'NONE',  ( 0.0000000000000000000, 0.0000000000000000000, 1.000000000000000000 ) ) ;
#3208 = ORIENTED_EDGE ( 'NONE', *, *, #3317, .F. ) ;
#3209 =( LENGTH_UNIT ( ) NAMED_UNIT ( * ) SI_UNIT ( .MILLI., .METRE. ) );
#3210 = CARTESIAN_POINT ( 'NONE',  ( -8.589999999999999900, -4.955000000000000100, 4.599999999999999600 ) ) ;
#3211 = PRESENTATION_STYLE_ASSIGNMENT (( #2640 ) ) ;
#3212 =( GEOMETRIC_REPRESENTATION_CONTEXT ( 3 ) GLOBAL_UNCERTAINTY_ASSIGNED_CONTEXT ( ( #6713 ) ) GLOBAL_UNIT_ASSIGNED_CONTEXT ( ( #44, #3980, #612 ) ) REPRESENTATION_CONTEXT ( 'NONE', 'WORKASPACE' ) );
#3213 = ORIENTED_EDGE ( 'NONE', *, *, #5317, .F. ) ;
#3214 = VERTEX_POINT ( 'NONE', #6419 ) ;
#3215 = VERTEX_POINT ( 'NONE', #3014 ) ;
#3216 = CARTESIAN_POINT ( 'NONE',  ( 11.87500000000000000, -6.650000000000000400, 7.599999999999999600 ) ) ;
#3217 = DIRECTION ( 'NONE',  ( 1.000000000000000000, 0.0000000000000000000, 0.0000000000000000000 ) ) ;
#3218 = EDGE_CURVE ( 'NONE', #2923, #3689, #4496, .T. ) ;
#3219 = DIRECTION ( 'NONE',  ( 0.0000000000000000000, 0.9047619047619052100, -0.4259177099999590900 ) ) ;
#3220 = SURFACE_STYLE_FILL_AREA ( #4190 ) ;
#3221 = EDGE_CURVE ( 'NONE', #5072, #5069, #6014, .T. ) ;
#3222 = COLOUR_RGB ( '',0.7529411764705882200, 0.7529411764705882200, 0.7529411764705882200 ) ;
#3223 = AXIS2_PLACEMENT_3D ( 'NONE', #4289, #5855, #6262 ) ;
#3224 =( NAMED_UNIT ( * ) PLANE_ANGLE_UNIT ( ) SI_UNIT ( $, .RADIAN. ) );
#3225 = PRODUCT_DEFINITION ( 'UNKNOWN', '', #3598, #1943 ) ;
#3226 = VECTOR ( 'NONE', #6914, 1000.000000000000000 ) ;
#3227 = CARTESIAN_POINT ( 'NONE',  ( -9.189999999999999500, -4.955000000000000100, 4.599999999999999600 ) ) ;
#3228 = SURFACE_STYLE_USAGE ( .BOTH. , #3245 ) ;
#3229 = ORIENTED_EDGE ( 'NONE', *, *, #3773, .T. ) ;
#3230 = FILL_AREA_STYLE ('',( #408 ) ) ;
#3231 = UNCERTAINTY_MEASURE_WITH_UNIT (LENGTH_MEASURE( 1.000000000000000100E-005 ), #5121, 'distance_accuracy_value', 'NONE');
#3232 = EDGE_CURVE ( 'NONE', #1192, #3884, #3167, .T. ) ;
#3233 = AXIS2_PLACEMENT_3D ( 'NONE', #1439, #1272, #1045 ) ;
#3234 =( GEOMETRIC_REPRESENTATION_CONTEXT ( 3 ) GLOBAL_UNCERTAINTY_ASSIGNED_CONTEXT ( ( #5888 ) ) GLOBAL_UNIT_ASSIGNED_CONTEXT ( ( #2493, #6458, #3067 ) ) REPRESENTATION_CONTEXT ( 'NONE', 'WORKASPACE' ) );
#3235 = DIRECTION ( 'NONE',  ( -0.0000000000000000000, -0.0000000000000000000, -1.000000000000000000 ) ) ;
#3236 = VECTOR ( 'NONE', #2825, 1000.000000000000000 ) ;
#3237 = DIRECTION ( 'NONE',  ( 0.0000000000000000000, 0.0000000000000000000, 1.000000000000000000 ) ) ;
#3238 = ORIENTED_EDGE ( 'NONE', *, *, #3491, .F. ) ;
#3239 = CARTESIAN_POINT ( 'NONE',  ( 8.890000000000000600, 7.099999999999999600, 0.9499999999999999600 ) ) ;
#3240 = ADVANCED_FACE ( 'NONE', ( #1669 ), #2257, .F. ) ;
#3241 = FACE_OUTER_BOUND ( 'NONE', #296, .T. ) ;
#3242 = PRESENTATION_STYLE_ASSIGNMENT (( #6181 ) ) ;
#3243 = CARTESIAN_POINT ( 'NONE',  ( -8.390000000000000600, -7.607142857142859400, 0.09444937400002442800 ) ) ;
#3244 = DIRECTION ( 'NONE',  ( 1.000000000000000000, 0.0000000000000000000, -0.0000000000000000000 ) ) ;
#3245 = SURFACE_SIDE_STYLE ('',( #648 ) ) ;
#3246 = VECTOR ( 'NONE', #1803, 1000.000000000000000 ) ;
#3247 = CARTESIAN_POINT ( 'NONE',  ( -8.390000000000000600, 7.642857142857139700, 0.6055506259999771100 ) ) ;
#3248 = ORIENTED_EDGE ( 'NONE', *, *, #642, .T. ) ;
#3249 = AXIS2_PLACEMENT_3D ( 'NONE', #2228, #6226, #2814 ) ;
#3250 = FACE_OUTER_BOUND ( 'NONE', #6052, .T. ) ;
#3251 = VERTEX_POINT ( 'NONE', #5341 ) ;
#3252 = CARTESIAN_POINT ( 'NONE',  ( -12.07499999999999900, 6.850000000000000500, 0.9499999999999999600 ) ) ;
#3253 = ORIENTED_EDGE ( 'NONE', *, *, #5270, .F. ) ;
#3254 = CARTESIAN_POINT ( 'NONE',  ( 8.390000000000000600, 4.955000000000000100, 2.799999999999999800 ) ) ;
#3255 = LINE ( 'NONE', #4517, #278 ) ;
#3256 = LINE ( 'NONE', #1011, #279 ) ;
#3257 = EDGE_CURVE ( 'NONE', #6065, #4536, #5305, .T. ) ;
#3258 = SURFACE_SIDE_STYLE ('',( #1594 ) ) ;
#3259 = FACE_OUTER_BOUND ( 'NONE', #674, .T. ) ;
#3260 = FILL_AREA_STYLE_COLOUR ( '', #5135 ) ;
#3261 = PLANE ( 'NONE',  #397 ) ;
#3262 = ORIENTED_EDGE ( 'NONE', *, *, #3074, .F. ) ;
#3263 = VECTOR ( 'NONE', #1507, 1000.000000000000000 ) ;
#3264 = PRESENTATION_LAYER_ASSIGNMENT (  '', '', ( #2873 ) ) ;
#3265 = FILL_AREA_STYLE ('',( #6132 ) ) ;
#3266 = PRESENTATION_STYLE_ASSIGNMENT (( #5336 ) ) ;
#3267 = FACE_OUTER_BOUND ( 'NONE', #2669, .T. ) ;
#3268 = DIRECTION ( 'NONE',  ( 4.551305969182499400E-029, 0.0000000000000000000, -1.000000000000000000 ) ) ;
#3269 =( NAMED_UNIT ( * ) SI_UNIT ( $, .STERADIAN. ) SOLID_ANGLE_UNIT ( ) );
#3270 = UNCERTAINTY_MEASURE_WITH_UNIT (LENGTH_MEASURE( 1.000000000000000100E-005 ), #1142, 'distance_accuracy_value', 'NONE');
#3271 = ORIENTED_EDGE ( 'NONE', *, *, #2403, .F. ) ;
#3272 = EDGE_CURVE ( 'NONE', #7198, #4143, #978, .T. ) ;
#3273 = PRESENTATION_STYLE_ASSIGNMENT (( #2286 ) ) ;
#3274 = STYLED_ITEM ( 'NONE', ( #2710 ), #1952 ) ;
#3275 =( LENGTH_UNIT ( ) NAMED_UNIT ( * ) SI_UNIT ( .MILLI., .METRE. ) );
#3276 = FILL_AREA_STYLE ('',( #3340 ) ) ;
#3277 = COLOUR_RGB ( '',0.7529411764705882200, 0.7529411764705882200, 0.7529411764705882200 ) ;
#3278 = ADVANCED_FACE ( 'NONE', ( #3601 ), #1580, .T. ) ;
#3279 = MECHANICAL_DESIGN_GEOMETRIC_PRESENTATION_REPRESENTATION (  '', ( #2122 ), #3653 ) ;
#3280 = SURFACE_STYLE_FILL_AREA ( #1020 ) ;
#3281 = DIRECTION ( 'NONE',  ( -1.000000000000000000, -0.0000000000000000000, -0.0000000000000000000 ) ) ;
#3282 = VERTEX_POINT ( 'NONE', #3094 ) ;
#3283 = CARTESIAN_POINT ( 'NONE',  ( 8.890000000000000600, 8.150000000000000400, -0.2499999999999999400 ) ) ;
#3284 = EDGE_LOOP ( 'NONE', ( #1457, #402, #3326, #2414 ) ) ;
#3285 = ORIENTED_EDGE ( 'NONE', *, *, #6236, .T. ) ;
#3286 = CARTESIAN_POINT ( 'NONE',  ( 8.890000000000000600, -5.080000000000000100, 4.599999999999999600 ) ) ;
#3287 = ORIENTED_EDGE ( 'NONE', *, *, #3032, .T. ) ;
#3288 = CARTESIAN_POINT ( 'NONE',  ( -11.87500000000000000, 6.850000000000000500, 0.0000000000000000000 ) ) ;
#3289 = FILL_AREA_STYLE_COLOUR ( '', #3290 ) ;
#3290 = COLOUR_RGB ( '',0.7529411764705882200, 0.7529411764705882200, 0.7529411764705882200 ) ;
#3291 = CIRCLE ( 'NONE', #749, 0.5999999999999999800 ) ;
#3292 = MECHANICAL_DESIGN_GEOMETRIC_PRESENTATION_REPRESENTATION (  '', ( #2132 ), #3666 ) ;
#3293 = DIRECTION ( 'NONE',  ( -1.000000000000000000, -0.0000000000000000000, -0.0000000000000000000 ) ) ;
#3294 = ORIENTED_EDGE ( 'NONE', *, *, #1477, .T. ) ;
#3295 = LINE ( 'NONE', #3683, #4816 ) ;
#3296 = LINE ( 'NONE', #2182, #135 ) ;
#3297 = ORIENTED_EDGE ( 'NONE', *, *, #1849, .F. ) ;
#3298 = ORIENTED_EDGE ( 'NONE', *, *, #3350, .T. ) ;
#3299 = CIRCLE ( 'NONE', #5988, 0.5999999999999999800 ) ;
#3300 =( NAMED_UNIT ( * ) SI_UNIT ( $, .STERADIAN. ) SOLID_ANGLE_UNIT ( ) );
#3301 = CARTESIAN_POINT ( 'NONE',  ( 6.349999999999999600, 8.150000000000000400, -0.2499999999999999400 ) ) ;
#3302 = CARTESIAN_POINT ( 'NONE',  ( -12.07499999999999900, 6.850000000000000500, 1.600000000000000100 ) ) ;
#3303 = CIRCLE ( 'NONE', #6936, 0.2000000000000000100 ) ;
#3304 = STYLED_ITEM ( 'NONE', ( #7080 ), #5194 ) ;
#3305 =( NAMED_UNIT ( * ) SI_UNIT ( $, .STERADIAN. ) SOLID_ANGLE_UNIT ( ) );
#3306 =( NAMED_UNIT ( * ) PLANE_ANGLE_UNIT ( ) SI_UNIT ( $, .RADIAN. ) );
#3307 =( NAMED_UNIT ( * ) PLANE_ANGLE_UNIT ( ) SI_UNIT ( $, .RADIAN. ) );
#3308 = PRESENTATION_STYLE_ASSIGNMENT (( #2729 ) ) ;
#3309 = ADVANCED_FACE ( 'NONE', ( #6103 ), #3660, .F. ) ;
#3310 = EDGE_CURVE ( 'NONE', #6738, #3921, #2527, .T. ) ;
#3311 = DIRECTION ( 'NONE',  ( 0.0000000000000000000, 0.0000000000000000000, 1.000000000000000000 ) ) ;
#3312 = DIRECTION ( 'NONE',  ( 0.0000000000000000000, 0.0000000000000000000, 1.000000000000000000 ) ) ;
#3313 =( LENGTH_UNIT ( ) NAMED_UNIT ( * ) SI_UNIT ( .MILLI., .METRE. ) );
#3314 = AXIS2_PLACEMENT_3D ( 'NONE', #708, #4651, #1283 ) ;
#3315 = CARTESIAN_POINT ( 'NONE',  ( 6.049999999999999800, -5.205000000000000100, 2.799999999999999800 ) ) ;
#3316 = EDGE_LOOP ( 'NONE', ( #1489, #5022, #5399, #857 ) ) ;
#3317 = EDGE_CURVE ( 'NONE', #7196, #1368, #1061, .T. ) ;
#3318 = STYLED_ITEM ( 'NONE', ( #2967 ), #685 ) ;
#3319 = VERTEX_POINT ( 'NONE', #322 ) ;
#3320 = UNCERTAINTY_MEASURE_WITH_UNIT (LENGTH_MEASURE( 1.000000000000000100E-005 ), #4393, 'distance_accuracy_value', 'NONE');
#3321 = ORIENTED_EDGE ( 'NONE', *, *, #2064, .F. ) ;
#3322 = SHAPE_REPRESENTATION_RELATIONSHIP ( 'NONE' , 'NONE' ,  #6519, #5266 ) ;
#3323 = DIRECTION ( 'NONE',  ( 0.0000000000000000000, 0.0000000000000000000, 1.000000000000000000 ) ) ;
#3324 = FILL_AREA_STYLE_COLOUR ( '', #881 ) ;
#3325 = CARTESIAN_POINT ( 'NONE',  ( 12.07499999999999900, -6.850000000000000500, 0.6999999999999999600 ) ) ;
#3326 = ORIENTED_EDGE ( 'NONE', *, *, #2733, .T. ) ;
#3327 = SURFACE_SIDE_STYLE ('',( #4236 ) ) ;
#3328 =( NAMED_UNIT ( * ) PLANE_ANGLE_UNIT ( ) SI_UNIT ( $, .RADIAN. ) );
#3329 = CARTESIAN_POINT ( 'NONE',  ( 11.99215728752538000, 6.850000000000002300, 0.2000000000000014300 ) ) ;
#3330 = FILL_AREA_STYLE ('',( #2174 ) ) ;
#3331 = FACE_OUTER_BOUND ( 'NONE', #3684, .T. ) ;
#3332 = UNCERTAINTY_MEASURE_WITH_UNIT (LENGTH_MEASURE( 1.000000000000000100E-005 ), #661, 'distance_accuracy_value', 'NONE');
#3333 = EDGE_LOOP ( 'NONE', ( #5633, #6609, #5869, #4174 ) ) ;
#3334 =( NAMED_UNIT ( * ) SI_UNIT ( $, .STERADIAN. ) SOLID_ANGLE_UNIT ( ) );
#3335 =( GEOMETRIC_REPRESENTATION_CONTEXT ( 3 ) GLOBAL_UNCERTAINTY_ASSIGNED_CONTEXT ( ( #4193 ) ) GLOBAL_UNIT_ASSIGNED_CONTEXT ( ( #5493, #2060, #6056 ) ) REPRESENTATION_CONTEXT ( 'NONE', 'WORKASPACE' ) );
#3336 = CARTESIAN_POINT ( 'NONE',  ( -8.390000000000000600, 9.000000000000001800, 0.2507484938770950800 ) ) ;
#3337 = PLANE ( 'NONE',  #1304 ) ;
#3338 = FILL_AREA_STYLE_COLOUR ( '', #5437 ) ;
#3339 = SURFACE_SIDE_STYLE ('',( #6933 ) ) ;
#3340 = FILL_AREA_STYLE_COLOUR ( '', #2110 ) ;
#3341 = DIRECTION ( 'NONE',  ( -0.0000000000000000000, -1.000000000000000000, -3.488060345846600000E-028 ) ) ;
#3342 = ORIENTED_EDGE ( 'NONE', *, *, #1802, .T. ) ;
#3343 = SURFACE_STYLE_FILL_AREA ( #4975 ) ;
#3344 = STYLED_ITEM ( 'NONE', ( #1517 ), #4750 ) ;
#3345 = CARTESIAN_POINT ( 'NONE',  ( -8.890000000000000600, -8.150000000000000400, 0.3499999999999999800 ) ) ;
#3346 = EDGE_CURVE ( 'NONE', #4862, #1321, #4051, .T. ) ;
#3347 = LINE ( 'NONE', #5363, #1848 ) ;
#3348 = LINE ( 'NONE', #2960, #6206 ) ;
#3349 = DIRECTION ( 'NONE',  ( -0.0000000000000000000, -0.0000000000000000000, -1.000000000000000000 ) ) ;
#3350 = EDGE_CURVE ( 'NONE', #4383, #5340, #5392, .T. ) ;
#3351 = FILL_AREA_STYLE_COLOUR ( '', #5939 ) ;
#3352 = EDGE_CURVE ( 'NONE', #1781, #5597, #2344, .T. ) ;
#3353 = STYLED_ITEM ( 'NONE', ( #5661 ), #1167 ) ;
#3354 = ORIENTED_EDGE ( 'NONE', *, *, #2446, .T. ) ;
#3355 = STYLED_ITEM ( 'NONE', ( #5837 ), #5266 ) ;
#3356 = DIRECTION ( 'NONE',  ( 1.000000000000000000, 0.0000000000000000000, 0.0000000000000000000 ) ) ;
#3357 = DIRECTION ( 'NONE',  ( 4.551305969182499400E-029, -0.0000000000000000000, -1.000000000000000000 ) ) ;
#3358 = CARTESIAN_POINT ( 'NONE',  ( 9.390000000000000600, -7.875740647047340600, 0.0000000000000000000 ) ) ;
#3359 = LINE ( 'NONE', #3420, #3195 ) ;
#3360 = EDGE_CURVE ( 'NONE', #2012, #5200, #3867, .T. ) ;
#3361 = AXIS2_PLACEMENT_3D ( 'NONE', #2794, #2775, #2756 ) ;
#3362 = LINE ( 'NONE', #4338, #1864 ) ;
#3363 = ADVANCED_FACE ( 'NONE', ( #705 ), #2591, .F. ) ;
#3364 = AXIS2_PLACEMENT_3D ( 'NONE', #4979, #4401, #5593 ) ;
#3365 = CARTESIAN_POINT ( 'NONE',  ( 8.390000000000000600, -9.000000000000001800, -0.2500000000000000000 ) ) ;
#3366 = PLANE ( 'NONE',  #2986 ) ;
#3367 = FILL_AREA_STYLE_COLOUR ( '', #4958 ) ;
#3368 = FACE_BOUND ( 'NONE', #4537, .T. ) ;
#3369 = DIRECTION ( 'NONE',  ( 0.0000000000000000000, 0.0000000000000000000, 1.000000000000000000 ) ) ;
#3370 = ORIENTED_EDGE ( 'NONE', *, *, #5125, .T. ) ;
#3371 = SURFACE_SIDE_STYLE ('',( #3041 ) ) ;
#3372 = ORIENTED_EDGE ( 'NONE', *, *, #3685, .T. ) ;
#3373 = FILL_AREA_STYLE_COLOUR ( '', #1691 ) ;
#3374 = LINE ( 'NONE', #4513, #4718 ) ;
#3375 = ORIENTED_EDGE ( 'NONE', *, *, #6029, .T. ) ;
#3376 = SURFACE_STYLE_FILL_AREA ( #6420 ) ;
#3377 = DIRECTION ( 'NONE',  ( 0.0000000000000000000, -0.9047619047619067700, -0.4259177099999558700 ) ) ;
#3378 = DIRECTION ( 'NONE',  ( -0.0000000000000000000, -0.0000000000000000000, -1.000000000000000000 ) ) ;
#3379 =( NAMED_UNIT ( * ) SI_UNIT ( $, .STERADIAN. ) SOLID_ANGLE_UNIT ( ) );
#3380 =( GEOMETRIC_REPRESENTATION_CONTEXT ( 3 ) GLOBAL_UNCERTAINTY_ASSIGNED_CONTEXT ( ( #1807 ) ) GLOBAL_UNIT_ASSIGNED_CONTEXT ( ( #3915, #552, #4483 ) ) REPRESENTATION_CONTEXT ( 'NONE', 'WORKASPACE' ) );
#3381 = VERTEX_POINT ( 'NONE', #3170 ) ;
#3382 = CARTESIAN_POINT ( 'NONE',  ( 6.650000000000000400, 4.955000000000000100, 2.799999999999999800 ) ) ;
#3383 = ORIENTED_EDGE ( 'NONE', *, *, #5847, .F. ) ;
#3384 = ORIENTED_EDGE ( 'NONE', *, *, #2075, .T. ) ;
#3385 = DIRECTION ( 'NONE',  ( 1.000000000000000000, 0.0000000000000000000, 0.0000000000000000000 ) ) ;
#3386 = SURFACE_SIDE_STYLE ('',( #2822 ) ) ;
#3387 = CARTESIAN_POINT ( 'NONE',  ( -8.390000000000000600, 5.205000000000000100, 2.799999999999999800 ) ) ;
#3388 = PLANE ( 'NONE',  #6793 ) ;
#3389 = CARTESIAN_POINT ( 'NONE',  ( 11.87500000000000000, 6.850000000000000500, 7.599999999999999600 ) ) ;
#3390 = EDGE_CURVE ( 'NONE', #4985, #2279, #3157, .T. ) ;
#3391 = LINE ( 'NONE', #5176, #4909 ) ;
#3392 = DIRECTION ( 'NONE',  ( 1.000000000000000000, 0.0000000000000000000, 0.0000000000000000000 ) ) ;
#3393 = DIRECTION ( 'NONE',  ( -1.213057269022220100E-060, 1.000000000000000000, 0.0000000000000000000 ) ) ;
#3394 = FILL_AREA_STYLE_COLOUR ( '', #6088 ) ;
#3395 = STYLED_ITEM ( 'NONE', ( #2461 ), #5528 ) ;
#3396 = MECHANICAL_DESIGN_GEOMETRIC_PRESENTATION_REPRESENTATION (  '', ( #2246 ), #3780 ) ;
#3397 = DIRECTION ( 'NONE',  ( -1.000000000000000000, 0.0000000000000000000, -0.0000000000000000000 ) ) ;
#3398 = SURFACE_STYLE_USAGE ( .BOTH. , #6790 ) ;
#3399 = ADVANCED_FACE ( 'NONE', ( #1660 ), #4329, .T. ) ;
#3400 = CARTESIAN_POINT ( 'NONE',  ( -9.390000000000000600, -9.000000000000001800, 0.2507484938770950800 ) ) ;
#3401 = SURFACE_STYLE_USAGE ( .BOTH. , #6568 ) ;
#3402 =( LENGTH_UNIT ( ) NAMED_UNIT ( * ) SI_UNIT ( .MILLI., .METRE. ) );
#3403 = DIRECTION ( 'NONE',  ( 1.000000000000000000, 1.213057269022220100E-060, 0.0000000000000000000 ) ) ;
#3404 = EDGE_CURVE ( 'NONE', #7056, #6060, #5479, .T. ) ;
#3405 = ORIENTED_EDGE ( 'NONE', *, *, #3257, .T. ) ;
#3406 = AXIS2_PLACEMENT_3D ( 'NONE', #6165, #6110, #6076 ) ;
#3407 = PRESENTATION_STYLE_ASSIGNMENT (( #6298 ) ) ;
#3408 = DIRECTION ( 'NONE',  ( 0.0000000000000000000, 0.0000000000000000000, 1.000000000000000000 ) ) ;
#3409 = CARTESIAN_POINT ( 'NONE',  ( 8.389999999999998800, 6.850000000000000500, 0.0000000000000000000 ) ) ;
#3410 = ORIENTED_EDGE ( 'NONE', *, *, #3789, .T. ) ;
#3411 = AXIS2_PLACEMENT_3D ( 'NONE', #6582, #3207, #7147 ) ;
#3412 = FILL_AREA_STYLE_COLOUR ( '', #6797 ) ;
#3413 = CARTESIAN_POINT ( 'NONE',  ( 5.850000000000000500, -7.099999999999999600, 0.6999999999999999600 ) ) ;
#3414 = COLOUR_RGB ( '',0.7529411764705882200, 0.7529411764705882200, 0.7529411764705882200 ) ;
#3415 = EDGE_CURVE ( 'NONE', #108, #4466, #1143, .T. ) ;
#3416 = APPLICATION_PROTOCOL_DEFINITION ( 'draft international standard', 'automotive_design', 1998, #6809 ) ;
#3417 =( NAMED_UNIT ( * ) PLANE_ANGLE_UNIT ( ) SI_UNIT ( $, .RADIAN. ) );
#3418 = AXIS2_PLACEMENT_3D ( 'NONE', #5299, #1889, #5880 ) ;
#3419 = VECTOR ( 'NONE', #1285, 1000.000000000000000 ) ;
#3420 = CARTESIAN_POINT ( 'NONE',  ( -8.390000000000000600, -6.850000000000000500, 0.6999999999999999600 ) ) ;
#3421 = CARTESIAN_POINT ( 'NONE',  ( 9.189999999999999500, 4.955000000000000100, 4.599999999999999600 ) ) ;
#3422 = EDGE_LOOP ( 'NONE', ( #1479, #6806, #655, #467 ) ) ;
#3423 = CARTESIAN_POINT ( 'NONE',  ( 5.850000000000000500, 8.150000000000000400, 0.3499999999999999800 ) ) ;
#3424 = DIRECTION ( 'NONE',  ( 0.0000000000000000000, 0.0000000000000000000, 1.000000000000000000 ) ) ;
#3425 = VERTEX_POINT ( 'NONE', #6085 ) ;
#3426 = ORIENTED_EDGE ( 'NONE', *, *, #6369, .T. ) ;
#3427 = DIRECTION ( 'NONE',  ( 0.0000000000000000000, 1.000000000000000000, 0.0000000000000000000 ) ) ;
#3428 = CARTESIAN_POINT ( 'NONE',  ( 6.049999999999999800, -5.205000000000000100, 4.599999999999999600 ) ) ;
#3429 = MECHANICAL_DESIGN_GEOMETRIC_PRESENTATION_REPRESENTATION (  '', ( #2664 ), #3813 ) ;
#3430 = LINE ( 'NONE', #1565, #6445 ) ;
#3431 =( NAMED_UNIT ( * ) SI_UNIT ( $, .STERADIAN. ) SOLID_ANGLE_UNIT ( ) );
#3432 = SURFACE_STYLE_USAGE ( .BOTH. , #6827 ) ;
#3433 = FACE_OUTER_BOUND ( 'NONE', #6923, .T. ) ;
#3434 = SURFACE_STYLE_FILL_AREA ( #4756 ) ;
#3435 = ADVANCED_FACE ( 'NONE', ( #970 ), #2660, .F. ) ;
#3436 = CIRCLE ( 'NONE', #5021, 0.2000000000000005100 ) ;
#3437 = DIRECTION ( 'NONE',  ( 0.0000000000000000000, 0.0000000000000000000, 1.000000000000000000 ) ) ;
#3438 = COLOUR_RGB ( '',0.7529411764705882200, 0.7529411764705882200, 0.7529411764705882200 ) ;
#3439 = ORIENTED_EDGE ( 'NONE', *, *, #403, .F. ) ;
#3440 = FACE_OUTER_BOUND ( 'NONE', #2049, .T. ) ;
#3442 =( GEOMETRIC_REPRESENTATION_CONTEXT ( 3 ) GLOBAL_UNCERTAINTY_ASSIGNED_CONTEXT ( ( #2779 ) ) GLOBAL_UNIT_ASSIGNED_CONTEXT ( ( #6910, #3528, #159 ) ) REPRESENTATION_CONTEXT ( 'NONE', 'WORKASPACE' ) );
#3441 = FACE_OUTER_BOUND ( 'NONE', #6402, .T. ) ;
#3443 = FACE_BOUND ( 'NONE', #5230, .T. ) ;
#3444 =( LENGTH_UNIT ( ) NAMED_UNIT ( * ) SI_UNIT ( .MILLI., .METRE. ) );
#3445 = DIRECTION ( 'NONE',  ( -0.0000000000000000000, 1.000000000000000000, 0.0000000000000000000 ) ) ;
#3446 = UNCERTAINTY_MEASURE_WITH_UNIT (LENGTH_MEASURE( 1.000000000000000100E-005 ), #5826, 'distance_accuracy_value', 'NONE');
#3447 = VERTEX_POINT ( 'NONE', #6624 ) ;
#3448 = EDGE_CURVE ( 'NONE', #1321, #2923, #1911, .T. ) ;
#3449 = LINE ( 'NONE', #2689, #5787 ) ;
#3450 = FILL_AREA_STYLE ('',( #6789 ) ) ;
#3451 = EDGE_CURVE ( 'NONE', #1369, #2281, #6270, .T. ) ;
#3452 =( NAMED_UNIT ( * ) PLANE_ANGLE_UNIT ( ) SI_UNIT ( $, .RADIAN. ) );
#3453 = COLOUR_RGB ( '',0.7529411764705882200, 0.7529411764705882200, 0.7529411764705882200 ) ;
#3454 =( GEOMETRIC_REPRESENTATION_CONTEXT ( 3 ) GLOBAL_UNCERTAINTY_ASSIGNED_CONTEXT ( ( #5055 ) ) GLOBAL_UNIT_ASSIGNED_CONTEXT ( ( #2499, #2192, #2167 ) ) REPRESENTATION_CONTEXT ( 'NONE', 'WORKASPACE' ) );
#3455 = ORIENTED_EDGE ( 'NONE', *, *, #693, .F. ) ;
#3456 = SURFACE_STYLE_FILL_AREA ( #1334 ) ;
#3457 =( NAMED_UNIT ( * ) SI_UNIT ( $, .STERADIAN. ) SOLID_ANGLE_UNIT ( ) );
#3458 = MECHANICAL_DESIGN_GEOMETRIC_PRESENTATION_REPRESENTATION (  '', ( #2308 ), #3839 ) ;
#3459 =( NAMED_UNIT ( * ) PLANE_ANGLE_UNIT ( ) SI_UNIT ( $, .RADIAN. ) );
#3460 = ORIENTED_EDGE ( 'NONE', *, *, #6588, .F. ) ;
#3461 = SURFACE_STYLE_USAGE ( .BOTH. , #6844 ) ;
#3462 = DIRECTION ( 'NONE',  ( -0.0000000000000000000, 1.000000000000000000, 5.887021680753820000E-033 ) ) ;
#3463 = EDGE_LOOP ( 'NONE', ( #4926, #7065, #3802, #1395, #1273, #3832, #2834, #4991, #1398, #2659, #1756, #3208 ) ) ;
#3464 = EDGE_CURVE ( 'NONE', #3732, #147, #429, .T. ) ;
#3465 = MECHANICAL_DESIGN_GEOMETRIC_PRESENTATION_REPRESENTATION (  '', ( #2313 ), #3844 ) ;
#3466 = SURFACE_SIDE_STYLE ('',( #6114 ) ) ;
#3467 = CARTESIAN_POINT ( 'NONE',  ( -9.189999999999999500, 4.955000000000000100, 2.799999999999999800 ) ) ;
#3468 = CIRCLE ( 'NONE', #6068, 0.3500000000000019800 ) ;
#3469 = DIRECTION ( 'NONE',  ( -1.000000000000000000, -2.640288016400939700E-029, -4.551305969182499400E-029 ) ) ;
#3470 = PLANE ( 'NONE',  #6360 ) ;
#3471 = ORIENTED_EDGE ( 'NONE', *, *, #529, .F. ) ;
#3472 = ORIENTED_EDGE ( 'NONE', *, *, #2253, .F. ) ;
#3473 = DIRECTION ( 'NONE',  ( 0.0000000000000000000, -1.000000000000000000, -0.0000000000000000000 ) ) ;
#3474 = CARTESIAN_POINT ( 'NONE',  ( -9.390000000000000600, 6.849999999999999600, 0.6999999999999999600 ) ) ;
#3475 = FILL_AREA_STYLE ('',( #2856 ) ) ;
#3476 = VERTEX_POINT ( 'NONE', #6665 ) ;
#3477 = ADVANCED_FACE ( 'NONE', ( #260 ), #2709, .F. ) ;
#3478 = ORIENTED_EDGE ( 'NONE', *, *, #6918, .T. ) ;
#3479 = DIRECTION ( 'NONE',  ( 1.000000000000000000, 0.0000000000000000000, 0.0000000000000000000 ) ) ;
#3480 =( GEOMETRIC_REPRESENTATION_CONTEXT ( 3 ) GLOBAL_UNCERTAINTY_ASSIGNED_CONTEXT ( ( #6074 ) ) GLOBAL_UNIT_ASSIGNED_CONTEXT ( ( #1408, #5367, #1953 ) ) REPRESENTATION_CONTEXT ( 'NONE', 'WORKASPACE' ) );
#3481 = UNCERTAINTY_MEASURE_WITH_UNIT (LENGTH_MEASURE( 1.000000000000000100E-005 ), #6144, 'distance_accuracy_value', 'NONE');
#3482 = DIRECTION ( 'NONE',  ( 1.000000000000000000, 0.0000000000000000000, -0.0000000000000000000 ) ) ;
#3483 = SURFACE_SIDE_STYLE ('',( #3513 ) ) ;
#3484 =( LENGTH_UNIT ( ) NAMED_UNIT ( * ) SI_UNIT ( .MILLI., .METRE. ) );
#3485 = CARTESIAN_POINT ( 'NONE',  ( 6.850000000000000500, -7.607142857142860300, 0.09444937400002460800 ) ) ;
#3486 = VECTOR ( 'NONE', #6546, 1000.000000000000000 ) ;
#3487 = AXIS2_PLACEMENT_3D ( 'NONE', #6495, #3113, #7071 ) ;
#3488 = CARTESIAN_POINT ( 'NONE',  ( -12.07499999999999900, 6.850000000000000500, 0.9499999999999999600 ) ) ;
#3489 = UNCERTAINTY_MEASURE_WITH_UNIT (LENGTH_MEASURE( 1.000000000000000100E-005 ), #5177, 'distance_accuracy_value', 'NONE');
#3490 = DIRECTION ( 'NONE',  ( -1.000000000000000000, 0.0000000000000000000, 0.0000000000000000000 ) ) ;
#3491 = EDGE_CURVE ( 'NONE', #1321, #2279, #7041, .T. ) ;
#3492 =( LENGTH_UNIT ( ) NAMED_UNIT ( * ) SI_UNIT ( .MILLI., .METRE. ) );
#3493 = ORIENTED_EDGE ( 'NONE', *, *, #5910, .F. ) ;
#3494 = AXIS2_PLACEMENT_3D ( 'NONE', #6288, #1150, #3878 ) ;
#3495 = DIRECTION ( 'NONE',  ( 0.0000000000000000000, 0.0000000000000000000, -1.000000000000000000 ) ) ;
#3496 = AXIS2_PLACEMENT_3D ( 'NONE', #4347, #3774, #3237 ) ;
#3497 = PRESENTATION_LAYER_ASSIGNMENT (  '', '', ( #3122 ) ) ;
#3498 = CARTESIAN_POINT ( 'NONE',  ( -9.390000000000000600, -7.642857142857139700, 0.6055506259999771100 ) ) ;
#3499 = COLOUR_RGB ( '',0.7529411764705882200, 0.7529411764705882200, 0.7529411764705882200 ) ;
#3500 =( NAMED_UNIT ( * ) SI_UNIT ( $, .STERADIAN. ) SOLID_ANGLE_UNIT ( ) );
#3501 = COLOUR_RGB ( '',0.7529411764705882200, 0.7529411764705882200, 0.7529411764705882200 ) ;
#3502 = UNCERTAINTY_MEASURE_WITH_UNIT (LENGTH_MEASURE( 1.000000000000000100E-005 ), #4179, 'distance_accuracy_value', 'NONE');
#3503 = PRESENTATION_STYLE_ASSIGNMENT (( #7115 ) ) ;
#3504 = DIRECTION ( 'NONE',  ( 0.0000000000000000000, -0.4259177099999605900, 0.9047619047619044300 ) ) ;
#3505 = VERTEX_POINT ( 'NONE', #7256 ) ;
#3506 = EDGE_CURVE ( 'NONE', #1037, #3282, #2521, .T. ) ;
#3507 =( NAMED_UNIT ( * ) SI_UNIT ( $, .STERADIAN. ) SOLID_ANGLE_UNIT ( ) );
#3508 = PRESENTATION_LAYER_ASSIGNMENT (  '', '', ( #3895 ) ) ;
#3509 = SURFACE_STYLE_USAGE ( .BOTH. , #3538 ) ;
#3510 =( GEOMETRIC_REPRESENTATION_CONTEXT ( 3 ) GLOBAL_UNCERTAINTY_ASSIGNED_CONTEXT ( ( #6410 ) ) GLOBAL_UNIT_ASSIGNED_CONTEXT ( ( #144, #124, #74 ) ) REPRESENTATION_CONTEXT ( 'NONE', 'WORKASPACE' ) );
#3511 = CARTESIAN_POINT ( 'NONE',  ( -8.390000000000000600, -7.416666666666668700, 0.4990711984999866600 ) ) ;
#3512 = SURFACE_STYLE_USAGE ( .BOTH. , #6896 ) ;
#3513 = SURFACE_STYLE_FILL_AREA ( #1780 ) ;
#3514 = VECTOR ( 'NONE', #3445, 1000.000000000000000 ) ;
#3515 = PRESENTATION_STYLE_ASSIGNMENT (( #4491 ) ) ;
#3516 = EDGE_LOOP ( 'NONE', ( #707, #4057, #3785, #574 ) ) ;
#3517 = ADVANCED_FACE ( 'NONE', ( #4045 ), #1640, .F. ) ;
#3518 = CARTESIAN_POINT ( 'NONE',  ( -9.390000000000000600, 8.150000000000000400, -1.560473778482678100E-057 ) ) ;
#3519 = LINE ( 'NONE', #763, #2001 ) ;
#3520 = FACE_OUTER_BOUND ( 'NONE', #5480, .T. ) ;
#3521 = COLOUR_RGB ( '',0.7529411764705882200, 0.7529411764705882200, 0.7529411764705882200 ) ;
#3522 = CARTESIAN_POINT ( 'NONE',  ( 6.850000000000000500, -8.150000000000000400, 0.3499999999999999800 ) ) ;
#3523 =( GEOMETRIC_REPRESENTATION_CONTEXT ( 3 ) GLOBAL_UNCERTAINTY_ASSIGNED_CONTEXT ( ( #1054 ) ) GLOBAL_UNIT_ASSIGNED_CONTEXT ( ( #1562, #5523, #2091 ) ) REPRESENTATION_CONTEXT ( 'NONE', 'WORKASPACE' ) );
#3524 = DIRECTION ( 'NONE',  ( 1.000000000000000000, -0.0000000000000000000, 0.0000000000000000000 ) ) ;
#3525 = VERTEX_POINT ( 'NONE', #516 ) ;
#3526 = VECTOR ( 'NONE', #1014, 1000.000000000000000 ) ;
#3527 = SURFACE_SIDE_STYLE ('',( #2899 ) ) ;
#3528 =( NAMED_UNIT ( * ) PLANE_ANGLE_UNIT ( ) SI_UNIT ( $, .RADIAN. ) );
#3529 = VECTOR ( 'NONE', #1635, 1000.000000000000000 ) ;
#3530 = VERTEX_POINT ( 'NONE', #5051 ) ;
#3531 = DIRECTION ( 'NONE',  ( -1.000000000000000000, -0.0000000000000000000, -0.0000000000000000000 ) ) ;
#3532 = COLOUR_RGB ( '',0.7529411764705882200, 0.7529411764705882200, 0.7529411764705882200 ) ;
#3533 = FILL_AREA_STYLE ('',( #6361 ) ) ;
#3534 = LINE ( 'NONE', #852, #6375 ) ;
#3535 =( NAMED_UNIT ( * ) PLANE_ANGLE_UNIT ( ) SI_UNIT ( $, .RADIAN. ) );
#3536 = VECTOR ( 'NONE', #5204, 1000.000000000000000 ) ;
#3537 =( GEOMETRIC_REPRESENTATION_CONTEXT ( 3 ) GLOBAL_UNCERTAINTY_ASSIGNED_CONTEXT ( ( #2460 ) ) GLOBAL_UNIT_ASSIGNED_CONTEXT ( ( #1440, #5393, #1977 ) ) REPRESENTATION_CONTEXT ( 'NONE', 'WORKASPACE' ) );
#3538 = SURFACE_SIDE_STYLE ('',( #6438 ) ) ;
#3539 = DIRECTION ( 'NONE',  ( 0.0000000000000000000, 0.0000000000000000000, 1.000000000000000000 ) ) ;
#3540 = PRESENTATION_STYLE_ASSIGNMENT (( #2063 ) ) ;
#3541 = EDGE_CURVE ( 'NONE', #2279, #7182, #4843, .T. ) ;
#3542 = DIRECTION ( 'NONE',  ( 0.0000000000000000000, 4.956352788505163500E-015, -1.000000000000000000 ) ) ;
#3543 = CIRCLE ( 'NONE', #5979, 0.5999999999999998700 ) ;
#3544 = FILL_AREA_STYLE ('',( #1860 ) ) ;
#3545 = DIRECTION ( 'NONE',  ( 1.000000000000000000, 1.174304530937220600E-056, 3.366640523681080300E-029 ) ) ;
#3546 = AXIS2_PLACEMENT_3D ( 'NONE', #5104, #1716, #5693 ) ;
#3547 = PRESENTATION_LAYER_ASSIGNMENT (  '', '', ( #2394 ) ) ;
#3548 = COLOUR_RGB ( '',0.7529411764705882200, 0.7529411764705882200, 0.7529411764705882200 ) ;
#3549 = SURFACE_STYLE_USAGE ( .BOTH. , #4838 ) ;
#3550 = LINE ( 'NONE', #3254, #4886 ) ;
#3551 = DIRECTION ( 'NONE',  ( 0.0000000000000000000, -0.4259177099999605900, 0.9047619047619044300 ) ) ;
#3552 = ADVANCED_FACE ( 'NONE', ( #1991 ), #1619, .T. ) ;
#3553 = EDGE_CURVE ( 'NONE', #4619, #7263, #4298, .T. ) ;
#3554 =( GEOMETRIC_REPRESENTATION_CONTEXT ( 3 ) GLOBAL_UNCERTAINTY_ASSIGNED_CONTEXT ( ( #3053 ) ) GLOBAL_UNIT_ASSIGNED_CONTEXT ( ( #812, #3417, #5878 ) ) REPRESENTATION_CONTEXT ( 'NONE', 'WORKASPACE' ) );
#3555 = EDGE_LOOP ( 'NONE', ( #3762, #6728, #7032, #4633 ) ) ;
#3556 = EDGE_LOOP ( 'NONE', ( #3695, #5575, #980, #5760 ) ) ;
#3557 = ORIENTED_EDGE ( 'NONE', *, *, #5063, .T. ) ;
#3558 = FACE_OUTER_BOUND ( 'NONE', #1524, .T. ) ;
#3559 = PRODUCT ( 'cover', 'cover', '', ( #1725 ) ) ;
#3560 = CARTESIAN_POINT ( 'NONE',  ( 6.349999999999999600, 8.150000000000000400, 0.0000000000000000000 ) ) ;
#3561 = AXIS2_PLACEMENT_3D ( 'NONE', #6466, #3081, #7029 ) ;
#3562 = FILL_AREA_STYLE ('',( #3888 ) ) ;
#3563 = VERTEX_POINT ( 'NONE', #4532 ) ;
#3564 = EDGE_CURVE ( 'NONE', #676, #727, #1324, .T. ) ;
#3565 = STYLED_ITEM ( 'NONE', ( #6998 ), #801 ) ;
#3566 = COLOUR_RGB ( '',0.7529411764705882200, 0.7529411764705882200, 0.7529411764705882200 ) ;
#3567 = VERTEX_POINT ( 'NONE', #1159 ) ;
#3568 = SURFACE_STYLE_USAGE ( .BOTH. , #6950 ) ;
#3569 = ORIENTED_EDGE ( 'NONE', *, *, #745, .F. ) ;
#3570 = CARTESIAN_POINT ( 'NONE',  ( 6.650000000000000400, 1.354017197126070000E-016, 2.799999999999999800 ) ) ;
#3571 = FILL_AREA_STYLE ('',( #1390 ) ) ;
#3572 = CARTESIAN_POINT ( 'NONE',  ( 6.850000000000000500, 8.150000000000000400, 0.3499999999999999800 ) ) ;
#3573 =( NAMED_UNIT ( * ) SI_UNIT ( $, .STERADIAN. ) SOLID_ANGLE_UNIT ( ) );
#3574 = SURFACE_SIDE_STYLE ('',( #5092 ) ) ;
#3575 = PRESENTATION_STYLE_ASSIGNMENT (( #4310 ) ) ;
#3576 =( LENGTH_UNIT ( ) NAMED_UNIT ( * ) SI_UNIT ( .MILLI., .METRE. ) );
#3577 = DIRECTION ( 'NONE',  ( -1.000000000000000000, -1.213057269022220100E-060, 0.0000000000000000000 ) ) ;
#3578 =( GEOMETRIC_REPRESENTATION_CONTEXT ( 3 ) GLOBAL_UNCERTAINTY_ASSIGNED_CONTEXT ( ( #280 ) ) GLOBAL_UNIT_ASSIGNED_CONTEXT ( ( #2766, #6711, #3334 ) ) REPRESENTATION_CONTEXT ( 'NONE', 'WORKASPACE' ) );
#3579 =( LENGTH_UNIT ( ) NAMED_UNIT ( * ) SI_UNIT ( .MILLI., .METRE. ) );
#3580 = LINE ( 'NONE', #1307, #2061 ) ;
#3581 = ORIENTED_EDGE ( 'NONE', *, *, #263, .T. ) ;
#3582 = SURFACE_STYLE_USAGE ( .BOTH. , #6970 ) ;
#3583 = CARTESIAN_POINT ( 'NONE',  ( -8.890000000000000600, 7.642857142857141500, 0.6055506259999780000 ) ) ;
#3584 = ADVANCED_FACE ( 'NONE', ( #5654 ), #23, .T. ) ;
#3585 = DIRECTION ( 'NONE',  ( 0.0000000000000000000, 0.0000000000000000000, 1.000000000000000000 ) ) ;
#3586 = ORIENTED_EDGE ( 'NONE', *, *, #4837, .F. ) ;
#3587 = DIRECTION ( 'NONE',  ( 0.0000000000000000000, -1.000000000000000000, -5.887021680753820000E-033 ) ) ;
#3588 = DIRECTION ( 'NONE',  ( 1.000000000000000000, 0.0000000000000000000, 0.0000000000000000000 ) ) ;
#3589 = LINE ( 'NONE', #6272, #606 ) ;
#3590 = ORIENTED_EDGE ( 'NONE', *, *, #3728, .F. ) ;
#3591 = EDGE_CURVE ( 'NONE', #1037, #6439, #790, .T. ) ;
#3592 = EDGE_CURVE ( 'NONE', #2037, #3640, #5103, .T. ) ;
#3593 = CARTESIAN_POINT ( 'NONE',  ( 12.07499999999999900, -6.850000000000000500, 0.0000000000000000000 ) ) ;
#3594 = VECTOR ( 'NONE', #3771, 1000.000000000000000 ) ;
#3595 = MECHANICAL_DESIGN_GEOMETRIC_PRESENTATION_REPRESENTATION (  '', ( #2831 ), #3984 ) ;
#3596 = CARTESIAN_POINT ( 'NONE',  ( -11.87500000000000000, -6.850000000000000500, 0.0000000000000000000 ) ) ;
#3597 = UNCERTAINTY_MEASURE_WITH_UNIT (LENGTH_MEASURE( 1.000000000000000100E-005 ), #5457, 'distance_accuracy_value', 'NONE');
#3598 = PRODUCT_DEFINITION_FORMATION_WITH_SPECIFIED_SOURCE ( 'ANY', '', #1808, .NOT_KNOWN. ) ;
#3599 = CARTESIAN_POINT ( 'NONE',  ( -12.07500000000000100, -6.718629150100562200, 0.08284271247356712900 ) ) ;
#3600 = SURFACE_SIDE_STYLE ('',( #1184 ) ) ;
#3601 = FACE_OUTER_BOUND ( 'NONE', #4729, .T. ) ;
#3602 = EDGE_CURVE ( 'NONE', #929, #2550, #3589, .T. ) ;
#3603 = ORIENTED_EDGE ( 'NONE', *, *, #1526, .T. ) ;
#3604 = SURFACE_STYLE_USAGE ( .BOTH. , #3627 ) ;
#3605 = MECHANICAL_DESIGN_GEOMETRIC_PRESENTATION_REPRESENTATION (  '', ( #2843 ), #3996 ) ;
#3606 = ORIENTED_EDGE ( 'NONE', *, *, #1108, .F. ) ;
#3607 = PRESENTATION_STYLE_ASSIGNMENT (( #3509 ) ) ;
#3608 = DIRECTION ( 'NONE',  ( 0.0000000000000000000, 0.0000000000000000000, 1.000000000000000000 ) ) ;
#3609 = CARTESIAN_POINT ( 'NONE',  ( 6.349999999999999600, -9.000000000000001800, 0.0000000000000000000 ) ) ;
#3610 = ORIENTED_EDGE ( 'NONE', *, *, #5085, .F. ) ;
#3611 = DIRECTION ( 'NONE',  ( 1.000000000000000000, 0.0000000000000000000, -0.0000000000000000000 ) ) ;
#3612 = PRESENTATION_STYLE_ASSIGNMENT (( #3907 ) ) ;
#3613 = COLOUR_RGB ( '',0.7529411764705882200, 0.7529411764705882200, 0.7529411764705882200 ) ;
#3614 =( NAMED_UNIT ( * ) PLANE_ANGLE_UNIT ( ) SI_UNIT ( $, .RADIAN. ) );
#3615 = CARTESIAN_POINT ( 'NONE',  ( -9.390000000000000600, -6.850000000000000500, 0.6999999999999999600 ) ) ;
#3616 = PRESENTATION_STYLE_ASSIGNMENT (( #2737 ) ) ;
#3617 = CARTESIAN_POINT ( 'NONE',  ( -9.189999999999999500, -5.205000000000000100, 2.799999999999999800 ) ) ;
#3618 = FILL_AREA_STYLE_COLOUR ( '', #3922 ) ;
#3619 = AXIS2_PLACEMENT_3D ( 'NONE', #129, #4067, #695 ) ;
#3620 = CIRCLE ( 'NONE', #3110, 0.2000000000000000100 ) ;
#3621 =( NAMED_UNIT ( * ) SI_UNIT ( $, .STERADIAN. ) SOLID_ANGLE_UNIT ( ) );
#3622 = VERTEX_POINT ( 'NONE', #5152 ) ;
#3623 = DIRECTION ( 'NONE',  ( -0.0000000000000000000, -0.0000000000000000000, -1.000000000000000000 ) ) ;
#3624 = VECTOR ( 'NONE', #3341, 1000.000000000000000 ) ;
#3625 = ADVANCED_FACE ( 'NONE', ( #2070 ), #70, .T. ) ;
#3626 = FACE_BOUND ( 'NONE', #6230, .T. ) ;
#3627 = SURFACE_SIDE_STYLE ('',( #6004 ) ) ;
#3628 = CYLINDRICAL_SURFACE ( 'NONE', #1124, 0.2000000000000005100 ) ;
#3629 = AXIS2_PLACEMENT_3D ( 'NONE', #1, #3939, #571 ) ;
#3630 = DIRECTION ( 'NONE',  ( 0.0000000000000000000, -0.4259177099999558200, -0.9047619047619066500 ) ) ;
#3631 = DIRECTION ( 'NONE',  ( 0.0000000000000000000, 0.0000000000000000000, 1.000000000000000000 ) ) ;
#3632 = DIRECTION ( 'NONE',  ( 0.0000000000000000000, 2.478176394252567500E-015, -1.000000000000000000 ) ) ;
#3633 = ORIENTED_EDGE ( 'NONE', *, *, #3464, .T. ) ;
#3634 = FACE_OUTER_BOUND ( 'NONE', #1872, .T. ) ;
#3635 = EDGE_CURVE ( 'NONE', #186, #3765, #3391, .T. ) ;
#3636 = FILL_AREA_STYLE_COLOUR ( '', #5115 ) ;
#3637 = DIRECTION ( 'NONE',  ( 1.000000000000000000, 0.0000000000000000000, 0.0000000000000000000 ) ) ;
#3638 = CARTESIAN_POINT ( 'NONE',  ( -8.390000000000000600, 5.205000000000000100, 2.799999999999999800 ) ) ;
#3639 = ORIENTED_EDGE ( 'NONE', *, *, #1309, .F. ) ;
#3640 = VERTEX_POINT ( 'NONE', #2328 ) ;
#3641 = DIRECTION ( 'NONE',  ( -2.047319486629579800E-065, -1.000000000000000000, 0.0000000000000000000 ) ) ;
#3642 = MECHANICAL_DESIGN_GEOMETRIC_PRESENTATION_REPRESENTATION (  '', ( #2873 ), #4029 ) ;
#3643 = DIRECTION ( 'NONE',  ( 0.0000000000000000000, -0.0000000000000000000, -1.000000000000000000 ) ) ;
#3644 = CARTESIAN_POINT ( 'NONE',  ( 8.390000000000000600, -8.150000000000000400, 0.3499999999999999800 ) ) ;
#3645 = CARTESIAN_POINT ( 'NONE',  ( 11.50000000000000000, -6.250000000000000000, 0.4999999999999978400 ) ) ;
#3646 = UNCERTAINTY_MEASURE_WITH_UNIT (LENGTH_MEASURE( 1.000000000000000100E-005 ), #2880, 'distance_accuracy_value', 'NONE');
#3647 = EDGE_CURVE ( 'NONE', #3319, #2526, #6253, .T. ) ;
#3648 = AXIS2_PLACEMENT_3D ( 'NONE', #3059, #3039, #3009 ) ;
#3649 = ORIENTED_EDGE ( 'NONE', *, *, #686, .T. ) ;
#3650 = ORIENTED_EDGE ( 'NONE', *, *, #6403, .T. ) ;
#3651 = UNCERTAINTY_MEASURE_WITH_UNIT (LENGTH_MEASURE( 1.000000000000000100E-005 ), #5056, 'distance_accuracy_value', 'NONE');
#3652 = FILL_AREA_STYLE ('',( #3719 ) ) ;
#3653 =( GEOMETRIC_REPRESENTATION_CONTEXT ( 3 ) GLOBAL_UNCERTAINTY_ASSIGNED_CONTEXT ( ( #2138 ) ) GLOBAL_UNIT_ASSIGNED_CONTEXT ( ( #4459, #1098, #5036 ) ) REPRESENTATION_CONTEXT ( 'NONE', 'WORKASPACE' ) );
#3654 = ORIENTED_EDGE ( 'NONE', *, *, #3491, .T. ) ;
#3655 = CARTESIAN_POINT ( 'NONE',  ( 11.87500000000000000, 6.650000000000000400, 0.0000000000000000000 ) ) ;
#3656 = VERTEX_POINT ( 'NONE', #4034 ) ;
#3657 = ORIENTED_EDGE ( 'NONE', *, *, #3564, .F. ) ;
#3658 = CARTESIAN_POINT ( 'NONE',  ( 12.07500000000000100, -6.649999999999998600, 0.2000000000000005400 ) ) ;
#3659 = UNCERTAINTY_MEASURE_WITH_UNIT (LENGTH_MEASURE( 1.000000000000000100E-005 ), #948, 'distance_accuracy_value', 'NONE');
#3660 = PLANE ( 'NONE',  #6502 ) ;
#3661 = PRESENTATION_STYLE_ASSIGNMENT (( #701 ) ) ;
#3662 = FILL_AREA_STYLE_COLOUR ( '', #2497 ) ;
#3663 = PRESENTATION_STYLE_ASSIGNMENT (( #2520 ) ) ;
#3664 = DIRECTION ( 'NONE',  ( 0.0000000000000000000, -1.000000000000000000, 0.0000000000000000000 ) ) ;
#3665 =( NAMED_UNIT ( * ) PLANE_ANGLE_UNIT ( ) SI_UNIT ( $, .RADIAN. ) );
#3666 =( GEOMETRIC_REPRESENTATION_CONTEXT ( 3 ) GLOBAL_UNCERTAINTY_ASSIGNED_CONTEXT ( ( #2480 ) ) GLOBAL_UNIT_ASSIGNED_CONTEXT ( ( #1836, #5828, #2392 ) ) REPRESENTATION_CONTEXT ( 'NONE', 'WORKASPACE' ) );
#3667 = ORIENTED_EDGE ( 'NONE', *, *, #5942, .F. ) ;
#3668 = CARTESIAN_POINT ( 'NONE',  ( 6.650000000000000400, 4.955000000000000100, 2.799999999999999800 ) ) ;
#3669 = CARTESIAN_POINT ( 'NONE',  ( 11.87500000000000000, -6.650000000000000400, 8.673617379884035500E-016 ) ) ;
#3670 = PLANE ( 'NONE',  #2039 ) ;
#3671 = CARTESIAN_POINT ( 'NONE',  ( 6.049999999999999800, -4.955000000000000100, 4.599999999999999600 ) ) ;
#3672 = VECTOR ( 'NONE', #3281, 1000.000000000000000 ) ;
#3673 = PRESENTATION_STYLE_ASSIGNMENT (( #4630 ) ) ;
#3674 = VERTEX_POINT ( 'NONE', #6863 ) ;
#3675 = AXIS2_PLACEMENT_3D ( 'NONE', #3860, #497, #4428 ) ;
#3676 = STYLED_ITEM ( 'NONE', ( #6804 ), #6644 ) ;
#3677 = CARTESIAN_POINT ( 'NONE',  ( -9.390000000000000600, -7.875740647047340600, -0.2500000000000000600 ) ) ;
#3678 =( NAMED_UNIT ( * ) SI_UNIT ( $, .STERADIAN. ) SOLID_ANGLE_UNIT ( ) );
#3679 = LINE ( 'NONE', #4106, #5018 ) ;
#3680 = SURFACE_STYLE_FILL_AREA ( #6545 ) ;
#3681 = VECTOR ( 'NONE', #2019, 1000.000000000000000 ) ;
#3682 = FACE_OUTER_BOUND ( 'NONE', #6425, .T. ) ;
#3683 = CARTESIAN_POINT ( 'NONE',  ( 6.349999999999999600, 4.955000000000000100, 4.599999999999999600 ) ) ;
#3684 = EDGE_LOOP ( 'NONE', ( #4260, #5579, #1824, #1062, #4226, #5495, #5252, #5225, #2337, #936, #2700, #4157 ) ) ;
#3685 = EDGE_CURVE ( 'NONE', #6439, #1874, #1724, .T. ) ;
#3686 = STYLED_ITEM ( 'NONE', ( #2500 ), #1616 ) ;
#3687 = CARTESIAN_POINT ( 'NONE',  ( 8.890000000000000600, 8.150000000000000400, 0.3499999999999999800 ) ) ;
#3688 = LINE ( 'NONE', #3400, #2168 ) ;
#3689 = VERTEX_POINT ( 'NONE', #2908 ) ;
#3690 = CIRCLE ( 'NONE', #5149, 0.3500000000000020300 ) ;
#3691 = CARTESIAN_POINT ( 'NONE',  ( -8.390000000000000600, 7.642857142857140600, 0.6055506259999767800 ) ) ;
#3692 = VECTOR ( 'NONE', #3551, 1000.000000000000000 ) ;
#3693 = STYLED_ITEM ( 'NONE', ( #1248 ), #6040 ) ;
#3694 = PRESENTATION_STYLE_ASSIGNMENT (( #2301 ) ) ;
#3695 = ORIENTED_EDGE ( 'NONE', *, *, #922, .F. ) ;
#3696 = EDGE_CURVE ( 'NONE', #3214, #4090, #415, .T. ) ;
#3697 = AXIS2_PLACEMENT_3D ( 'NONE', #4918, #4853, #4562 ) ;
#3698 = LINE ( 'NONE', #3090, #2724 ) ;
#3699 = SURFACE_SIDE_STYLE ('',( #4360 ) ) ;
#3700 = VECTOR ( 'NONE', #5015, 1000.000000000000000 ) ;
#3701 = ORIENTED_EDGE ( 'NONE', *, *, #1675, .F. ) ;
#3702 =( LENGTH_UNIT ( ) NAMED_UNIT ( * ) SI_UNIT ( .MILLI., .METRE. ) );
#3703 = SURFACE_SIDE_STYLE ('',( #636 ) ) ;
#3704 = LINE ( 'NONE', #957, #6700 ) ;
#3705 = UNCERTAINTY_MEASURE_WITH_UNIT (LENGTH_MEASURE( 1.000000000000000100E-005 ), #2806, 'distance_accuracy_value', 'NONE');
#3706 = CARTESIAN_POINT ( 'NONE',  ( 6.049999999999999800, -5.205000000000000100, 2.799999999999999800 ) ) ;
#3707 = ORIENTED_EDGE ( 'NONE', *, *, #6540, .F. ) ;
#3708 = LINE ( 'NONE', #5916, #5046 ) ;
#3709 = LINE ( 'NONE', #3485, #2020 ) ;
#3710 =( NAMED_UNIT ( * ) PLANE_ANGLE_UNIT ( ) SI_UNIT ( $, .RADIAN. ) );
#3711 = DIRECTION ( 'NONE',  ( 0.0000000000000000000, 0.0000000000000000000, -1.000000000000000000 ) ) ;
#3712 = LINE ( 'NONE', #2592, #739 ) ;
#3713 = LINE ( 'NONE', #2183, #6549 ) ;
#3714 = CARTESIAN_POINT ( 'NONE',  ( 11.87500000000000000, 0.0000000000000000000, 0.0000000000000000000 ) ) ;
#3715 =( LENGTH_UNIT ( ) NAMED_UNIT ( * ) SI_UNIT ( .MILLI., .METRE. ) );
#3716 = VERTEX_POINT ( 'NONE', #2933 ) ;
#3717 = LINE ( 'NONE', #5600, #2201 ) ;
#3718 =( LENGTH_UNIT ( ) NAMED_UNIT ( * ) SI_UNIT ( .MILLI., .METRE. ) );
#3719 = FILL_AREA_STYLE_COLOUR ( '', #3949 ) ;
#3720 = STYLED_ITEM ( 'NONE', ( #4156 ), #4605 ) ;
#3721 = AXIS2_PLACEMENT_3D ( 'NONE', #3239, #7183, #3804 ) ;
#3722 = DIRECTION ( 'NONE',  ( 1.000000000000000000, 0.0000000000000000000, 0.0000000000000000000 ) ) ;
#3723 = CARTESIAN_POINT ( 'NONE',  ( -11.50000000000000000, 1.354017197126070000E-016, 2.799999999999999800 ) ) ;
#3724 = CARTESIAN_POINT ( 'NONE',  ( 8.390000000000000600, 8.150000000000000400, -1.560473778482678100E-057 ) ) ;
#3725 = UNCERTAINTY_MEASURE_WITH_UNIT (LENGTH_MEASURE( 1.000000000000000100E-005 ), #5455, 'distance_accuracy_value', 'NONE');
#3726 = ORIENTED_EDGE ( 'NONE', *, *, #1247, .F. ) ;
#3727 = ORIENTED_EDGE ( 'NONE', *, *, #3647, .F. ) ;
#3728 = EDGE_CURVE ( 'NONE', #4098, #126, #6077, .T. ) ;
#3729 = SURFACE_SIDE_STYLE ('',( #5209 ) ) ;
#3730 = SURFACE_STYLE_USAGE ( .BOTH. , #3740 ) ;
#3731 = EDGE_CURVE ( 'NONE', #748, #4774, #3047, .T. ) ;
#3732 = VERTEX_POINT ( 'NONE', #140 ) ;
#3733 = EDGE_CURVE ( 'NONE', #6640, #2145, #5909, .T. ) ;
#3734 = PRESENTATION_LAYER_ASSIGNMENT (  '', '', ( #3353 ) ) ;
#3735 = PRESENTATION_LAYER_ASSIGNMENT (  '', '', ( #3355 ) ) ;
#3736 = EDGE_LOOP ( 'NONE', ( #5433, #4966, #4622, #2605 ) ) ;
#3737 = EDGE_LOOP ( 'NONE', ( #2752, #1193, #4974, #825 ) ) ;
#3738 = DIRECTION ( 'NONE',  ( -1.000000000000000000, 0.0000000000000000000, 0.0000000000000000000 ) ) ;
#3739 = FILL_AREA_STYLE ('',( #1935 ) ) ;
#3740 = SURFACE_SIDE_STYLE ('',( #2827 ) ) ;
#3741 = DIRECTION ( 'NONE',  ( -0.0000000000000000000, -0.0000000000000000000, -1.000000000000000000 ) ) ;
#3742 = EDGE_CURVE ( 'NONE', #671, #1957, #1561, .T. ) ;
#3743 = PRESENTATION_STYLE_ASSIGNMENT (( #5295 ) ) ;
#3744 = STYLED_ITEM ( 'NONE', ( #2743 ), #243 ) ;
#3745 = AXIS2_PLACEMENT_3D ( 'NONE', #1091, #3311, #6184 ) ;
#3746 = FACE_BOUND ( 'NONE', #1771, .T. ) ;
#3747 = CARTESIAN_POINT ( 'NONE',  ( 8.390000000000000600, -7.099999999999999600, 0.3499999999999999800 ) ) ;
#3748 = DIRECTION ( 'NONE',  ( 0.0000000000000000000, 0.0000000000000000000, 1.000000000000000000 ) ) ;
#3749 =( NAMED_UNIT ( * ) SI_UNIT ( $, .STERADIAN. ) SOLID_ANGLE_UNIT ( ) );
#3750 = CIRCLE ( 'NONE', #5589, 0.2000000000000005100 ) ;
#3751 = DIRECTION ( 'NONE',  ( -1.000000000000000000, 2.047319486629579800E-065, -0.0000000000000000000 ) ) ;
#3752 = VERTEX_POINT ( 'NONE', #5818 ) ;
#3753 = CARTESIAN_POINT ( 'NONE',  ( 12.07499999999999900, 6.850000000000000500, 0.0000000000000000000 ) ) ;
#3754 = CARTESIAN_POINT ( 'NONE',  ( -8.890000000000000600, 9.000000000000001800, -0.2500000000000000000 ) ) ;
#3755 =( NAMED_UNIT ( * ) SI_UNIT ( $, .STERADIAN. ) SOLID_ANGLE_UNIT ( ) );
#3756 = ADVANCED_FACE ( 'NONE', ( #61 ), #2956, .F. ) ;
#3757 = DIRECTION ( 'NONE',  ( 1.000000000000000000, 0.0000000000000000000, -0.0000000000000000000 ) ) ;
#3758 = LINE ( 'NONE', #1866, #6421 ) ;
#3759 = ORIENTED_EDGE ( 'NONE', *, *, #3451, .F. ) ;
#3760 = FILL_AREA_STYLE ('',( #3841 ) ) ;
#3761 = FACE_OUTER_BOUND ( 'NONE', #6567, .T. ) ;
#3762 = ORIENTED_EDGE ( 'NONE', *, *, #2116, .T. ) ;
#3763 = LINE ( 'NONE', #4901, #958 ) ;
#3764 = DIRECTION ( 'NONE',  ( 0.0000000000000000000, -0.0000000000000000000, 1.000000000000000000 ) ) ;
#3765 = VERTEX_POINT ( 'NONE', #4620 ) ;
#3766 = CARTESIAN_POINT ( 'NONE',  ( -9.189999999999999500, -5.205000000000000100, 2.799999999999999800 ) ) ;
#3767 = STYLED_ITEM ( 'NONE', ( #7179 ), #4113 ) ;
#3768 = COLOUR_RGB ( '',0.7529411764705882200, 0.7529411764705882200, 0.7529411764705882200 ) ;
#3769 =( NAMED_UNIT ( * ) SI_UNIT ( $, .STERADIAN. ) SOLID_ANGLE_UNIT ( ) );
#3770 = CYLINDRICAL_SURFACE ( 'NONE', #4990, 0.5999999999999999800 ) ;
#3771 = DIRECTION ( 'NONE',  ( -1.000000000000000000, -2.047319486629579800E-065, 0.0000000000000000000 ) ) ;
#3772 = SURFACE_STYLE_USAGE ( .BOTH. , #334 ) ;
#3773 = EDGE_CURVE ( 'NONE', #3765, #4862, #2320, .T. ) ;
#3774 = DIRECTION ( 'NONE',  ( -1.000000000000000000, 0.0000000000000000000, 0.0000000000000000000 ) ) ;
#3775 = DIRECTION ( 'NONE',  ( 1.000000000000000000, 0.0000000000000000000, 0.0000000000000000000 ) ) ;
#3776 = DIRECTION ( 'NONE',  ( 1.000000000000000000, 0.0000000000000000000, -0.0000000000000000000 ) ) ;
#3777 = SURFACE_STYLE_FILL_AREA ( #4202 ) ;
#3778 = AXIS2_PLACEMENT_3D ( 'NONE', #6366, #4108, #6947 ) ;
#3779 = ORIENTED_EDGE ( 'NONE', *, *, #2595, .F. ) ;
#3780 =( GEOMETRIC_REPRESENTATION_CONTEXT ( 3 ) GLOBAL_UNCERTAINTY_ASSIGNED_CONTEXT ( ( #3705 ) ) GLOBAL_UNIT_ASSIGNED_CONTEXT ( ( #2806, #6760, #3379 ) ) REPRESENTATION_CONTEXT ( 'NONE', 'WORKASPACE' ) );
#3781 = SURFACE_STYLE_FILL_AREA ( #2522 ) ;
#3782 = FILL_AREA_STYLE_COLOUR ( '', #3954 ) ;
#3783 = VERTEX_POINT ( 'NONE', #5187 ) ;
#3784 = SURFACE_STYLE_FILL_AREA ( #2375 ) ;
#3785 = ORIENTED_EDGE ( 'NONE', *, *, #3731, .F. ) ;
#3786 = PRESENTATION_STYLE_ASSIGNMENT (( #5726 ) ) ;
#3787 = SURFACE_STYLE_FILL_AREA ( #4921 ) ;
#3788 = FACE_OUTER_BOUND ( 'NONE', #6786, .T. ) ;
#3789 = EDGE_CURVE ( 'NONE', #3215, #5357, #7188, .T. ) ;
#3790 = VECTOR ( 'NONE', #7224, 1000.000000000000000 ) ;
#3791 = STYLED_ITEM ( 'NONE', ( #4861 ), #1845 ) ;
#3792 = DIRECTION ( 'NONE',  ( -1.000000000000000000, 0.0000000000000000000, 0.0000000000000000000 ) ) ;
#3793 = DIRECTION ( 'NONE',  ( 0.0000000000000000000, 1.000000000000000000, 0.0000000000000000000 ) ) ;
#3794 = ADVANCED_FACE ( 'NONE', ( #6661 ), #2898, .F. ) ;
#3795 = CARTESIAN_POINT ( 'NONE',  ( 8.390000000000000600, 7.642857142857140600, 0.6055506259999767800 ) ) ;
#3796 = PRESENTATION_LAYER_ASSIGNMENT (  '', '', ( #3038 ) ) ;
#3797 = SURFACE_SIDE_STYLE ('',( #1744 ) ) ;
#3798 = CARTESIAN_POINT ( 'NONE',  ( -12.07499999999999900, 6.850000000000000500, 0.6999999999999999600 ) ) ;
#3799 = ORIENTED_EDGE ( 'NONE', *, *, #6173, .F. ) ;
#3800 = EDGE_CURVE ( 'NONE', #5155, #4241, #1634, .T. ) ;
#3801 = DIRECTION ( 'NONE',  ( 0.0000000000000000000, -7.434529182757701400E-015, 1.000000000000000000 ) ) ;
#3802 = ORIENTED_EDGE ( 'NONE', *, *, #3161, .F. ) ;
#3803 = CARTESIAN_POINT ( 'NONE',  ( -9.189999999999999500, 5.205000000000000100, 2.799999999999999800 ) ) ;
#3804 = DIRECTION ( 'NONE',  ( -1.000000000000000000, 0.0000000000000000000, -0.0000000000000000000 ) ) ;
#3805 = CARTESIAN_POINT ( 'NONE',  ( 9.390000000000000600, -7.833333333333333000, 0.2009288015000137200 ) ) ;
#3806 = STYLED_ITEM ( 'NONE', ( #4195 ), #2667 ) ;
#3807 = FACE_OUTER_BOUND ( 'NONE', #5526, .T. ) ;
#3808 = PRESENTATION_STYLE_ASSIGNMENT (( #3772 ) ) ;
#3809 = SURFACE_SIDE_STYLE ('',( #6958 ) ) ;
#3810 = FACE_OUTER_BOUND ( 'NONE', #5524, .T. ) ;
#3811 = DIRECTION ( 'NONE',  ( -0.0000000000000000000, 0.0000000000000000000, 1.000000000000000000 ) ) ;
#3812 = ORIENTED_EDGE ( 'NONE', *, *, #555, .T. ) ;
#3813 =( GEOMETRIC_REPRESENTATION_CONTEXT ( 3 ) GLOBAL_UNCERTAINTY_ASSIGNED_CONTEXT ( ( #3646 ) ) GLOBAL_UNIT_ASSIGNED_CONTEXT ( ( #2880, #6841, #3457 ) ) REPRESENTATION_CONTEXT ( 'NONE', 'WORKASPACE' ) );
#3814 = ORIENTED_EDGE ( 'NONE', *, *, #4128, .T. ) ;
#3815 = DIRECTION ( 'NONE',  ( 1.000000000000000000, 0.0000000000000000000, 0.0000000000000000000 ) ) ;
#3816 = EDGE_LOOP ( 'NONE', ( #4992, #3035, #2680, #4956 ) ) ;
#3817 = VECTOR ( 'NONE', #3462, 1000.000000000000000 ) ;
#3818 = CARTESIAN_POINT ( 'NONE',  ( 6.650000000000000400, -4.955000000000000100, 4.599999999999999600 ) ) ;
#3819 = CARTESIAN_POINT ( 'NONE',  ( -8.589999999999999900, 4.955000000000000100, 4.599999999999999600 ) ) ;
#3820 = SURFACE_SIDE_STYLE ('',( #796 ) ) ;
#3821 = DIRECTION ( 'NONE',  ( 1.000000000000000000, -0.0000000000000000000, -0.0000000000000000000 ) ) ;
#3822 = SURFACE_STYLE_FILL_AREA ( #6824 ) ;
#3823 = AXIS2_PLACEMENT_3D ( 'NONE', #5061, #1673, #5651 ) ;
#3824 =( LENGTH_UNIT ( ) NAMED_UNIT ( * ) SI_UNIT ( .MILLI., .METRE. ) );
#3825 = SURFACE_SIDE_STYLE ('',( #5863 ) ) ;
#3826 = CARTESIAN_POINT ( 'NONE',  ( 9.189999999999999500, 5.080000000000000100, 4.599999999999999600 ) ) ;
#3827 = ORIENTED_EDGE ( 'NONE', *, *, #913, .F. ) ;
#3828 = ADVANCED_FACE ( 'NONE', ( #5982 ), #2407, .F. ) ;
#3829 = EDGE_CURVE ( 'NONE', #7184, #6439, #3928, .T. ) ;
#3830 = VECTOR ( 'NONE', #3097, 1000.000000000000000 ) ;
#3831 = EDGE_LOOP ( 'NONE', ( #1234, #6739, #2482, #7176 ) ) ;
#3832 = ORIENTED_EDGE ( 'NONE', *, *, #6268, .F. ) ;
#3833 = EDGE_CURVE ( 'NONE', #7263, #5069, #6934, .T. ) ;
#3834 = VECTOR ( 'NONE', #2901, 1000.000000000000000 ) ;
#3835 = DIRECTION ( 'NONE',  ( 1.393726859448460000E-028, -1.000000000000000000, 2.275909662416548100E-056 ) ) ;
#3836 = SURFACE_STYLE_USAGE ( .BOTH. , #7204 ) ;
#3837 = CARTESIAN_POINT ( 'NONE',  ( -9.189999999999999500, -5.205000000000000100, 4.599999999999999600 ) ) ;
#3838 = SURFACE_STYLE_FILL_AREA ( #6119 ) ;
#3839 =( GEOMETRIC_REPRESENTATION_CONTEXT ( 3 ) GLOBAL_UNCERTAINTY_ASSIGNED_CONTEXT ( ( #5984 ) ) GLOBAL_UNIT_ASSIGNED_CONTEXT ( ( #5657, #2219, #6218 ) ) REPRESENTATION_CONTEXT ( 'NONE', 'WORKASPACE' ) );
#3840 =( NAMED_UNIT ( * ) SI_UNIT ( $, .STERADIAN. ) SOLID_ANGLE_UNIT ( ) );
#3841 = FILL_AREA_STYLE_COLOUR ( '', #5696 ) ;
#3842 = DIRECTION ( 'NONE',  ( -2.047319486629579800E-065, 1.000000000000000000, 0.0000000000000000000 ) ) ;
#3843 = EDGE_CURVE ( 'NONE', #3622, #7094, #5451, .T. ) ;
#3844 =( GEOMETRIC_REPRESENTATION_CONTEXT ( 3 ) GLOBAL_UNCERTAINTY_ASSIGNED_CONTEXT ( ( #120 ) ) GLOBAL_UNIT_ASSIGNED_CONTEXT ( ( #6470, #6446, #6427 ) ) REPRESENTATION_CONTEXT ( 'NONE', 'WORKASPACE' ) );
#3845 = ORIENTED_EDGE ( 'NONE', *, *, #1762, .T. ) ;
#3846 = CARTESIAN_POINT ( 'NONE',  ( -8.389999999999998800, -6.850000000000000500, 0.0000000000000000000 ) ) ;
#3847 = SURFACE_STYLE_USAGE ( .BOTH. , #3820 ) ;
#3848 = CARTESIAN_POINT ( 'NONE',  ( 6.850000000000000500, 7.099999999999999600, 0.3499999999999999800 ) ) ;
#3849 = FACE_OUTER_BOUND ( 'NONE', #6436, .T. ) ;
#3850 = CARTESIAN_POINT ( 'NONE',  ( 11.87500000000000000, 6.650000000000000400, 0.0000000000000000000 ) ) ;
#3851 = CARTESIAN_POINT ( 'NONE',  ( 12.07499999999999900, -6.650000000000001200, 1.600000000000000100 ) ) ;
#3852 = DIRECTION ( 'NONE',  ( 0.0000000000000000000, -1.000000000000000000, 3.488060345846600000E-028 ) ) ;
#3853 = ORIENTED_EDGE ( 'NONE', *, *, #1109, .F. ) ;
#3854 = SURFACE_STYLE_USAGE ( .BOTH. , #7229 ) ;
#3855 = PRESENTATION_LAYER_ASSIGNMENT (  '', '', ( #4237 ) ) ;
#3856 = VECTOR ( 'NONE', #6312, 1000.000000000000000 ) ;
#3857 = COLOUR_RGB ( '',0.7529411764705882200, 0.7529411764705882200, 0.7529411764705882200 ) ;
#3858 = CARTESIAN_POINT ( 'NONE',  ( -11.30000000000000100, -6.250000000000000000, 1.600000000000000100 ) ) ;
#3859 = LINE ( 'NONE', #4942, #2151 ) ;
#3860 = CARTESIAN_POINT ( 'NONE',  ( -11.87500000000000000, 6.650000000000000400, 1.600000000000000100 ) ) ;
#3861 = CARTESIAN_POINT ( 'NONE',  ( 5.850000000000000500, 9.000000000000001800, 0.2507484938770950800 ) ) ;
#3862 = VERTEX_POINT ( 'NONE', #4117 ) ;
#3863 = FILL_AREA_STYLE_COLOUR ( '', #6334 ) ;
#3864 = DIRECTION ( 'NONE',  ( 0.0000000000000000000, 0.0000000000000000000, 1.000000000000000000 ) ) ;
#3865 = LINE ( 'NONE', #7090, #1238 ) ;
#3866 = ORIENTED_EDGE ( 'NONE', *, *, #7283, .T. ) ;
#3867 = LINE ( 'NONE', #4280, #3681 ) ;
#3868 = ADVANCED_FACE ( 'NONE', ( #5269 ), #1720, .F. ) ;
#3869 = DIRECTION ( 'NONE',  ( -1.000000000000000000, -1.393726859448460000E-028, -1.632966780389950100E-028 ) ) ;
#3870 = ORIENTED_EDGE ( 'NONE', *, *, #2928, .T. ) ;
#3871 = VECTOR ( 'NONE', #4867, 1000.000000000000000 ) ;
#3872 = AXIS2_PLACEMENT_3D ( 'NONE', #751, #4685, #1315 ) ;
#3873 = STYLED_ITEM ( 'NONE', ( #1933 ), #4640 ) ;
#3874 = UNCERTAINTY_MEASURE_WITH_UNIT (LENGTH_MEASURE( 1.000000000000000100E-005 ), #6430, 'distance_accuracy_value', 'NONE');
#3875 = CARTESIAN_POINT ( 'NONE',  ( -8.890000000000000600, -5.080000000000000100, 4.599999999999999600 ) ) ;
#3876 =( NAMED_UNIT ( * ) PLANE_ANGLE_UNIT ( ) SI_UNIT ( $, .RADIAN. ) );
#3877 = VERTEX_POINT ( 'NONE', #234 ) ;
#3878 = DIRECTION ( 'NONE',  ( 1.000000000000000000, 0.0000000000000000000, 0.0000000000000000000 ) ) ;
#3879 = LINE ( 'NONE', #2365, #900 ) ;
#3880 = EDGE_CURVE ( 'NONE', #920, #7184, #4731, .T. ) ;
#3881 = CARTESIAN_POINT ( 'NONE',  ( -9.390000000000000600, 4.955000000000000100, 2.799999999999999800 ) ) ;
#3883 = PRESENTATION_LAYER_ASSIGNMENT (  '', '', ( #2739 ) ) ;
#3882 = UNCERTAINTY_MEASURE_WITH_UNIT (LENGTH_MEASURE( 1.000000000000000100E-005 ), #2080, 'distance_accuracy_value', 'NONE');
#3884 = VERTEX_POINT ( 'NONE', #4162 ) ;
#3885 = MECHANICAL_DESIGN_GEOMETRIC_PRESENTATION_REPRESENTATION (  '', ( #3121 ), #4262 ) ;
#3886 = MECHANICAL_DESIGN_GEOMETRIC_PRESENTATION_REPRESENTATION (  '', ( #3122 ), #4263 ) ;
#3887 = VERTEX_POINT ( 'NONE', #4740 ) ;
#3888 = FILL_AREA_STYLE_COLOUR ( '', #623 ) ;
#3889 = CARTESIAN_POINT ( 'NONE',  ( 9.390000000000000600, 9.000000000000001800, -0.2500000000000000000 ) ) ;
#3890 =( NAMED_UNIT ( * ) SI_UNIT ( $, .STERADIAN. ) SOLID_ANGLE_UNIT ( ) );
#3891 = ORIENTED_EDGE ( 'NONE', *, *, #162, .T. ) ;
#3892 = UNCERTAINTY_MEASURE_WITH_UNIT (LENGTH_MEASURE( 1.000000000000000100E-005 ), #2290, 'distance_accuracy_value', 'NONE');
#3893 = EDGE_LOOP ( 'NONE', ( #3581, #3186, #1538, #3106 ) ) ;
#3894 = EDGE_CURVE ( 'NONE', #4521, #4265, #6246, .T. ) ;
#3895 = STYLED_ITEM ( 'NONE', ( #6385 ), #128 ) ;
#3896 = PRESENTATION_LAYER_ASSIGNMENT (  '', '', ( #4269 ) ) ;
#3897 = CARTESIAN_POINT ( 'NONE',  ( -11.50000000000000000, -6.250000000000000000, 0.4999999999999978400 ) ) ;
#3898 = SURFACE_STYLE_FILL_AREA ( #6417 ) ;
#3899 = SURFACE_SIDE_STYLE ('',( #1407 ) ) ;
#3900 = FILL_AREA_STYLE_COLOUR ( '', #1491 ) ;
#3901 =( NAMED_UNIT ( * ) SI_UNIT ( $, .STERADIAN. ) SOLID_ANGLE_UNIT ( ) );
#3902 =( NAMED_UNIT ( * ) PLANE_ANGLE_UNIT ( ) SI_UNIT ( $, .RADIAN. ) );
#3903 = LINE ( 'NONE', #2274, #6215 ) ;
#3904 =( LENGTH_UNIT ( ) NAMED_UNIT ( * ) SI_UNIT ( .MILLI., .METRE. ) );
#3905 = CARTESIAN_POINT ( 'NONE',  ( 11.87499999999999800, 6.767157287523740900, -1.795070620444697100E-012 ) ) ;
#3906 = ORIENTED_EDGE ( 'NONE', *, *, #1160, .T. ) ;
#3907 = SURFACE_STYLE_USAGE ( .BOTH. , #7275 ) ;
#3908 = VERTEX_POINT ( 'NONE', #5901 ) ;
#3909 = CARTESIAN_POINT ( 'NONE',  ( -8.890000000000000600, 8.150000000000000400, -0.2500000000000000000 ) ) ;
#3910 = VERTEX_POINT ( 'NONE', #3050 ) ;
#3911 = CARTESIAN_POINT ( 'NONE',  ( 5.850000000000000500, 7.642857142857139700, 0.6055506259999771100 ) ) ;
#3912 = CARTESIAN_POINT ( 'NONE',  ( 6.849999999999999600, -9.000000000000001800, -2.251658876466633600E-058 ) ) ;
#3913 = ORIENTED_EDGE ( 'NONE', *, *, #930, .F. ) ;
#3914 = ORIENTED_EDGE ( 'NONE', *, *, #1747, .F. ) ;
#3915 =( LENGTH_UNIT ( ) NAMED_UNIT ( * ) SI_UNIT ( .MILLI., .METRE. ) );
#3916 = ORIENTED_EDGE ( 'NONE', *, *, #5456, .F. ) ;
#3917 = CARTESIAN_POINT ( 'NONE',  ( 11.30000000000000100, -6.049999999999999800, 1.600000000000000100 ) ) ;
#3918 = FACE_BOUND ( 'NONE', #5952, .T. ) ;
#3919 = EDGE_CURVE ( 'NONE', #4862, #4985, #3037, .T. ) ;
#3920 = EDGE_LOOP ( 'NONE', ( #5492, #7049, #5223, #461, #7027, #5900, #1969, #214 ) ) ;
#3921 = VERTEX_POINT ( 'NONE', #1909 ) ;
#3922 = COLOUR_RGB ( '',0.7529411764705882200, 0.7529411764705882200, 0.7529411764705882200 ) ;
#3923 = FILL_AREA_STYLE ('',( #7294 ) ) ;
#3924 = FILL_AREA_STYLE ('',( #3324 ) ) ;
#3925 = DIRECTION ( 'NONE',  ( -0.0000000000000000000, -1.000000000000000000, -0.0000000000000000000 ) ) ;
#3926 = PRESENTATION_LAYER_ASSIGNMENT (  '', '', ( #3168 ) ) ;
#3927 = MECHANICAL_DESIGN_GEOMETRIC_PRESENTATION_REPRESENTATION (  '', ( #2394 ), #4302 ) ;
#3928 = CIRCLE ( 'NONE', #4433, 0.3500000000000020300 ) ;
#3929 = PLANE ( 'NONE',  #4983 ) ;
#3930 = ADVANCED_FACE ( 'NONE', ( #6067 ), #257, .F. ) ;
#3931 = COLOUR_RGB ( '',0.7529411764705882200, 0.7529411764705882200, 0.7529411764705882200 ) ;
#3932 = FILL_AREA_STYLE ('',( #1663 ) ) ;
#3933 = EDGE_CURVE ( 'NONE', #6257, #5962, #1027, .T. ) ;
#3934 = VERTEX_POINT ( 'NONE', #1414 ) ;
#3935 = DIRECTION ( 'NONE',  ( 0.0000000000000000000, 0.4259177099999607600, -0.9047619047619044300 ) ) ;
#3936 = PRESENTATION_LAYER_ASSIGNMENT (  '', '', ( #4309 ) ) ;
#3937 = UNCERTAINTY_MEASURE_WITH_UNIT (LENGTH_MEASURE( 1.000000000000000100E-005 ), #5043, 'distance_accuracy_value', 'NONE');
#3938 = DIRECTION ( 'NONE',  ( -1.000000000000000000, -0.0000000000000000000, -0.0000000000000000000 ) ) ;
#3939 = DIRECTION ( 'NONE',  ( 1.000000000000000000, -2.640288016400939700E-029, 4.551305969182499400E-029 ) ) ;
#3940 = ORIENTED_EDGE ( 'NONE', *, *, #1172, .T. ) ;
#3941 = VECTOR ( 'NONE', #3524, 1000.000000000000000 ) ;
#3942 = PRESENTATION_LAYER_ASSIGNMENT (  '', '', ( #3182 ) ) ;
#3943 = CARTESIAN_POINT ( 'NONE',  ( -8.390000000000000600, 7.099999999999999600, 0.9499999999999999600 ) ) ;
#3944 = FILL_AREA_STYLE ('',( #3367 ) ) ;
#3945 = EDGE_CURVE ( 'NONE', #2342, #6257, #5356, .T. ) ;
#3946 = PRESENTATION_LAYER_ASSIGNMENT (  '', '', ( #3565 ) ) ;
#3947 = VERTEX_POINT ( 'NONE', #4207 ) ;
#3948 = CARTESIAN_POINT ( 'NONE',  ( 3.036153007650399800E-078, 0.0000000000000000000, 9.200000000000009900 ) ) ;
#3949 = COLOUR_RGB ( '',0.7529411764705882200, 0.7529411764705882200, 0.7529411764705882200 ) ;
#3950 = STYLED_ITEM ( 'NONE', ( #5188 ), #2468 ) ;
#3951 = DIRECTION ( 'NONE',  ( -1.213057269022220100E-060, 1.000000000000000000, -0.0000000000000000000 ) ) ;
#3952 = CARTESIAN_POINT ( 'NONE',  ( 8.589999999999999900, -5.205000000000000100, 4.599999999999999600 ) ) ;
#3953 = CIRCLE ( 'NONE', #2347, 0.5999999999999999800 ) ;
#3954 = COLOUR_RGB ( '',0.7529411764705882200, 0.7529411764705882200, 0.7529411764705882200 ) ;
#3955 = ORIENTED_EDGE ( 'NONE', *, *, #1545, .F. ) ;
#3956 = CONTEXT_DEPENDENT_SHAPE_REPRESENTATION ( #62, #5159 ) ;
#3957 = SURFACE_STYLE_FILL_AREA ( #1582 ) ;
#3958 = CARTESIAN_POINT ( 'NONE',  ( 6.049999999999999800, -5.080000000000000100, 4.599999999999999600 ) ) ;
#3959 = DIRECTION ( 'NONE',  ( 1.000000000000000000, 0.0000000000000000000, -0.0000000000000000000 ) ) ;
#3960 =( LENGTH_UNIT ( ) NAMED_UNIT ( * ) SI_UNIT ( .MILLI., .METRE. ) );
#3961 = DIRECTION ( 'NONE',  ( -0.0000000000000000000, -0.0000000000000000000, -1.000000000000000000 ) ) ;
#3962 = CIRCLE ( 'NONE', #1752, 0.2000000000000005100 ) ;
#3963 = VERTEX_POINT ( 'NONE', #859 ) ;
#3964 = VECTOR ( 'NONE', #137, 1000.000000000000200 ) ;
#3965 = ADVANCED_FACE ( 'NONE', ( #6835 ), #7051, .T. ) ;
#3966 = SURFACE_SIDE_STYLE ('',( #2990 ) ) ;
#3967 = DIRECTION ( 'NONE',  ( 4.551305969182499400E-029, 0.0000000000000000000, -1.000000000000000000 ) ) ;
#3968 = ORIENTED_EDGE ( 'NONE', *, *, #585, .F. ) ;
#3969 = LINE ( 'NONE', #2058, #5316 ) ;
#3970 = AXIS2_PLACEMENT_3D ( 'NONE', #3423, #67, #4009 ) ;
#3971 = FACE_OUTER_BOUND ( 'NONE', #5294, .T. ) ;
#3972 = APPLICATION_PROTOCOL_DEFINITION ( 'draft international standard', 'automotive_design', 1998, #36 ) ;
#3973 = DIRECTION ( 'NONE',  ( 1.000000000000000000, 2.047319486629579800E-065, 0.0000000000000000000 ) ) ;
#3974 = PLANE ( 'NONE',  #933 ) ;
#3975 = PLANE ( 'NONE',  #4328 ) ;
#3976 = EDGE_CURVE ( 'NONE', #676, #2523, #3295, .T. ) ;
#3977 = COLOUR_RGB ( '',0.7529411764705882200, 0.7529411764705882200, 0.7529411764705882200 ) ;
#3978 = FILL_AREA_STYLE ('',( #1154 ) ) ;
#3979 = COLOUR_RGB ( '',0.7529411764705882200, 0.7529411764705882200, 0.7529411764705882200 ) ;
#3980 =( NAMED_UNIT ( * ) PLANE_ANGLE_UNIT ( ) SI_UNIT ( $, .RADIAN. ) );
#3981 = EDGE_CURVE ( 'NONE', #3031, #6913, #57, .T. ) ;
#3982 = DIRECTION ( 'NONE',  ( 1.632966780389950100E-028, 0.0000000000000000000, -1.000000000000000000 ) ) ;
#3983 =( NAMED_UNIT ( * ) PLANE_ANGLE_UNIT ( ) SI_UNIT ( $, .RADIAN. ) );
#3984 =( GEOMETRIC_REPRESENTATION_CONTEXT ( 3 ) GLOBAL_UNCERTAINTY_ASSIGNED_CONTEXT ( ( #1654 ) ) GLOBAL_UNIT_ASSIGNED_CONTEXT ( ( #5605, #5636, #5655 ) ) REPRESENTATION_CONTEXT ( 'NONE', 'WORKASPACE' ) );
#3985 = ORIENTED_EDGE ( 'NONE', *, *, #5236, .T. ) ;
#3986 = PRODUCT_RELATED_PRODUCT_CATEGORY ( 'part', '', ( #1808 ) ) ;
#3987 =( NAMED_UNIT ( * ) SI_UNIT ( $, .STERADIAN. ) SOLID_ANGLE_UNIT ( ) );
#3988 = ORIENTED_EDGE ( 'NONE', *, *, #3390, .F. ) ;
#3989 = COLOUR_RGB ( '',0.7529411764705882200, 0.7529411764705882200, 0.7529411764705882200 ) ;
#3990 = CARTESIAN_POINT ( 'NONE',  ( 9.189999999999999500, -4.955000000000000100, 4.599999999999999600 ) ) ;
#3991 = DIRECTION ( 'NONE',  ( 0.0000000000000000000, 0.0000000000000000000, 1.000000000000000000 ) ) ;
#3992 = PLANE ( 'NONE',  #778 ) ;
#3993 = CARTESIAN_POINT ( 'NONE',  ( 9.390000000000000600, 8.150000000000000400, 0.3499999999999999800 ) ) ;
#3994 = CIRCLE ( 'NONE', #3119, 0.5000000000000004400 ) ;
#3995 = EDGE_CURVE ( 'NONE', #3947, #401, #1797, .T. ) ;
#3996 =( GEOMETRIC_REPRESENTATION_CONTEXT ( 3 ) GLOBAL_UNCERTAINTY_ASSIGNED_CONTEXT ( ( #6659 ) ) GLOBAL_UNIT_ASSIGNED_CONTEXT ( ( #855, #830, #803 ) ) REPRESENTATION_CONTEXT ( 'NONE', 'WORKASPACE' ) );
#3997 = STYLED_ITEM ( 'NONE', ( #2786 ), #2351 ) ;
#3998 = CARTESIAN_POINT ( 'NONE',  ( 6.349999999999999600, 7.099999999999999600, 0.3499999999999999800 ) ) ;
#3999 = VECTOR ( 'NONE', #2455, 1000.000000000000000 ) ;
#4000 = DIRECTION ( 'NONE',  ( 1.000000000000000000, -2.640288016400939700E-029, 4.551305969182499400E-029 ) ) ;
#4001 = ORIENTED_EDGE ( 'NONE', *, *, #5483, .T. ) ;
#4002 = DIRECTION ( 'NONE',  ( 1.000000000000000000, 0.0000000000000000000, 0.0000000000000000000 ) ) ;
#4003 = ORIENTED_EDGE ( 'NONE', *, *, #6411, .F. ) ;
#4004 = LINE ( 'NONE', #6276, #6829 ) ;
#4005 = DIRECTION ( 'NONE',  ( 1.213057269022220100E-060, 1.000000000000000000, 0.0000000000000000000 ) ) ;
#4006 = UNCERTAINTY_MEASURE_WITH_UNIT (LENGTH_MEASURE( 1.000000000000000100E-005 ), #5430, 'distance_accuracy_value', 'NONE');
#4007 = ORIENTED_EDGE ( 'NONE', *, *, #1570, .T. ) ;
#4008 = CARTESIAN_POINT ( 'NONE',  ( 8.390000000000000600, -7.099999999999999600, 0.6999999999999999600 ) ) ;
#4009 = DIRECTION ( 'NONE',  ( 0.0000000000000000000, 0.0000000000000000000, 1.000000000000000000 ) ) ;
#4010 = ADVANCED_FACE ( 'NONE', ( #3123 ), #6925, .F. ) ;
#4011 = CARTESIAN_POINT ( 'NONE',  ( 6.650000000000000400, 5.205000000000000100, 2.799999999999999800 ) ) ;
#4012 = AXIS2_PLACEMENT_3D ( 'NONE', #5185, #1786, #5778 ) ;
#4013 = CARTESIAN_POINT ( 'NONE',  ( 9.390000000000000600, 7.099999999999999600, 0.3499999999999999800 ) ) ;
#4014 = DIRECTION ( 'NONE',  ( -1.000000000000000000, -0.0000000000000000000, -0.0000000000000000000 ) ) ;
#4015 = CARTESIAN_POINT ( 'NONE',  ( 6.349999999999999600, 6.850000000000000500, 0.6999999999999999600 ) ) ;
#4016 = DIRECTION ( 'NONE',  ( 3.477682939953820000E-033, -5.887021680753820000E-033, 1.000000000000000000 ) ) ;
#4017 =( NAMED_UNIT ( * ) PLANE_ANGLE_UNIT ( ) SI_UNIT ( $, .RADIAN. ) );
#4018 = VERTEX_POINT ( 'NONE', #6553 ) ;
#4019 = AXIS2_PLACEMENT_3D ( 'NONE', #30, #3961, #596 ) ;
#4020 = EDGE_LOOP ( 'NONE', ( #5798, #1244, #3321, #4052 ) ) ;
#4021 = CARTESIAN_POINT ( 'NONE',  ( -9.390000000000000600, 9.000000000000001800, -0.2500000000000000000 ) ) ;
#4022 = VECTOR ( 'NONE', #5189, 1000.000000000000000 ) ;
#4023 = EDGE_CURVE ( 'NONE', #126, #7184, #1114, .T. ) ;
#4024 = DIRECTION ( 'NONE',  ( 2.047319486629579800E-065, -1.000000000000000000, 0.0000000000000000000 ) ) ;
#4025 = PRESENTATION_STYLE_ASSIGNMENT (( #2295 ) ) ;
#4026 = CARTESIAN_POINT ( 'NONE',  ( -8.589999999999999900, -4.955000000000000100, 4.599999999999999600 ) ) ;
#4027 = PLANE ( 'NONE',  #6598 ) ;
#4028 = MECHANICAL_DESIGN_GEOMETRIC_PRESENTATION_REPRESENTATION (  '', ( #2107 ), #4396 ) ;
#4029 =( GEOMETRIC_REPRESENTATION_CONTEXT ( 3 ) GLOBAL_UNCERTAINTY_ASSIGNED_CONTEXT ( ( #7109 ) ) GLOBAL_UNIT_ASSIGNED_CONTEXT ( ( #2929, #6888, #3500 ) ) REPRESENTATION_CONTEXT ( 'NONE', 'WORKASPACE' ) );
#4030 = SURFACE_STYLE_USAGE ( .BOTH. , #88 ) ;
#4031 = DIRECTION ( 'NONE',  ( 0.0000000000000000000, -0.9047619047619067700, 0.4259177099999558700 ) ) ;
#4032 = ORIENTED_EDGE ( 'NONE', *, *, #1802, .F. ) ;
#4033 = UNCERTAINTY_MEASURE_WITH_UNIT (LENGTH_MEASURE( 1.000000000000000100E-005 ), #5351, 'distance_accuracy_value', 'NONE');
#4034 = CARTESIAN_POINT ( 'NONE',  ( 9.390000000000000600, 6.850000000000000500, 0.9499999999999999600 ) ) ;
#4035 = DIRECTION ( 'NONE',  ( -1.213057269022220100E-060, -1.000000000000000000, 0.0000000000000000000 ) ) ;
#4036 = EDGE_CURVE ( 'NONE', #3214, #2661, #2581, .T. ) ;
#4037 = AXIS2_PLACEMENT_3D ( 'NONE', #3655, #3608, #3385 ) ;
#4038 =( NAMED_UNIT ( * ) PLANE_ANGLE_UNIT ( ) SI_UNIT ( $, .RADIAN. ) );
#4039 = CARTESIAN_POINT ( 'NONE',  ( -8.390000000000000600, 7.607142857142859400, 0.09444937400002442800 ) ) ;
#4040 = ORIENTED_EDGE ( 'NONE', *, *, #1928, .F. ) ;
#4041 = ADVANCED_FACE ( 'NONE', ( #5629, #3918, #2398 ), #3172, .F. ) ;
#4042 =( LENGTH_UNIT ( ) NAMED_UNIT ( * ) SI_UNIT ( .MILLI., .METRE. ) );
#4043 = CARTESIAN_POINT ( 'NONE',  ( -8.390000000000000600, -7.875740647047340600, 0.2507484938770950800 ) ) ;
#4044 = VECTOR ( 'NONE', #7216, 1000.000000000000000 ) ;
#4045 = FACE_OUTER_BOUND ( 'NONE', #5590, .T. ) ;
#4046 = UNCERTAINTY_MEASURE_WITH_UNIT (LENGTH_MEASURE( 1.000000000000000100E-005 ), #1264, 'distance_accuracy_value', 'NONE');
#4047 = EDGE_LOOP ( 'NONE', ( #2619, #316, #3203 ) ) ;
#4048 = CYLINDRICAL_SURFACE ( 'NONE', #491, 0.5999999999999998700 ) ;
#4049 = ORIENTED_EDGE ( 'NONE', *, *, #3404, .T. ) ;
#4050 = FILL_AREA_STYLE_COLOUR ( '', #3143 ) ;
#4051 = LINE ( 'NONE', #1993, #5576 ) ;
#4052 = ORIENTED_EDGE ( 'NONE', *, *, #7044, .T. ) ;
#4053 = CARTESIAN_POINT ( 'NONE',  ( 11.30000000000000100, -6.049999999999999800, 1.600000000000000100 ) ) ;
#4054 = SURFACE_STYLE_USAGE ( .BOTH. , #117 ) ;
#4055 = UNCERTAINTY_MEASURE_WITH_UNIT (LENGTH_MEASURE( 1.000000000000000100E-005 ), #5060, 'distance_accuracy_value', 'NONE');
#4056 = ORIENTED_EDGE ( 'NONE', *, *, #204, .F. ) ;
#4057 = ORIENTED_EDGE ( 'NONE', *, *, #831, .F. ) ;
#4058 = CIRCLE ( 'NONE', #3619, 0.3499999999999999800 ) ;
#4059 = DIRECTION ( 'NONE',  ( -1.000000000000000000, 1.213057269022220100E-060, 0.0000000000000000000 ) ) ;
#4060 = AXIS2_PLACEMENT_3D ( 'NONE', #3572, #202, #4139 ) ;
#4061 = COLOUR_RGB ( '',0.7529411764705882200, 0.7529411764705882200, 0.7529411764705882200 ) ;
#4062 = CARTESIAN_POINT ( 'NONE',  ( 9.390000000000000600, -8.150000000000000400, 0.3499999999999999800 ) ) ;
#4063 = CARTESIAN_POINT ( 'NONE',  ( 9.390000000000000600, -9.000000000000001800, -2.251658876466633600E-058 ) ) ;
#4064 = CARTESIAN_POINT ( 'NONE',  ( -8.890000000000000600, -9.000000000000001800, -0.2500000000000000000 ) ) ;
#4065 = ORIENTED_EDGE ( 'NONE', *, *, #1571, .T. ) ;
#4066 = VECTOR ( 'NONE', #3776, 1000.000000000000000 ) ;
#4067 = DIRECTION ( 'NONE',  ( -1.000000000000000000, -0.0000000000000000000, -0.0000000000000000000 ) ) ;
#4068 = ORIENTED_EDGE ( 'NONE', *, *, #6523, .T. ) ;
#4069 = SURFACE_SIDE_STYLE ('',( #867 ) ) ;
#4070 = VERTEX_POINT ( 'NONE', #5468 ) ;
#4071 = AXIS2_PLACEMENT_3D ( 'NONE', #1602, #2684, #5569 ) ;
#4072 = AXIS2_PLACEMENT_3D ( 'NONE', #320, #4253, #896 ) ;
#4073 = LINE ( 'NONE', #5868, #6131 ) ;
#4074 = PLANE ( 'NONE',  #5992 ) ;
#4075 = CARTESIAN_POINT ( 'NONE',  ( -12.07499999999999900, -6.850000000000000500, 1.600000000000000100 ) ) ;
#4076 = ADVANCED_FACE ( 'NONE', ( #6237 ), #5496, .T. ) ;
#4077 = EDGE_CURVE ( 'NONE', #5856, #1369, #4185, .T. ) ;
#4078 = CARTESIAN_POINT ( 'NONE',  ( -8.890000000000000600, -8.150000000000000400, -0.2500000000000000000 ) ) ;
#4079 = AXIS2_PLACEMENT_3D ( 'NONE', #4574, #1373, #782 ) ;
#4080 = FACE_OUTER_BOUND ( 'NONE', #7172, .T. ) ;
#4081 = PRESENTATION_LAYER_ASSIGNMENT (  '', '', ( #3693 ) ) ;
#4082 = VERTEX_POINT ( 'NONE', #5521 ) ;
#4083 = ORIENTED_EDGE ( 'NONE', *, *, #3218, .F. ) ;
#4084 =( NAMED_UNIT ( * ) PLANE_ANGLE_UNIT ( ) SI_UNIT ( $, .RADIAN. ) );
#4085 = VERTEX_POINT ( 'NONE', #2088 ) ;
#4086 = EDGE_CURVE ( 'NONE', #3934, #3567, #1196, .T. ) ;
#4087 = MECHANICAL_DESIGN_GEOMETRIC_PRESENTATION_REPRESENTATION (  '', ( #3318 ), #4461 ) ;
#4088 =( NAMED_UNIT ( * ) SI_UNIT ( $, .STERADIAN. ) SOLID_ANGLE_UNIT ( ) );
#4089 = VERTEX_POINT ( 'NONE', #3243 ) ;
#4090 = VERTEX_POINT ( 'NONE', #7187 ) ;
#4091 = VECTOR ( 'NONE', #1643, 1000.000000000000000 ) ;
#4092 = COLOUR_RGB ( '',0.7529411764705882200, 0.7529411764705882200, 0.7529411764705882200 ) ;
#4093 = FILL_AREA_STYLE_COLOUR ( '', #142 ) ;
#4094 = CARTESIAN_POINT ( 'NONE',  ( 6.850000000000000500, -7.607142857142859400, 0.09444937400002442800 ) ) ;
#4095 = ORIENTED_EDGE ( 'NONE', *, *, #3506, .F. ) ;
#4096 = VECTOR ( 'NONE', #2597, 1000.000000000000000 ) ;
#4097 =( LENGTH_UNIT ( ) NAMED_UNIT ( * ) SI_UNIT ( .MILLI., .METRE. ) );
#4098 = VERTEX_POINT ( 'NONE', #1021 ) ;
#4099 = ORIENTED_EDGE ( 'NONE', *, *, #2300, .F. ) ;
#4100 = UNCERTAINTY_MEASURE_WITH_UNIT (LENGTH_MEASURE( 1.000000000000000100E-005 ), #684, 'distance_accuracy_value', 'NONE');
#4101 = FILL_AREA_STYLE_COLOUR ( '', #265 ) ;
#4102 = AXIS2_PLACEMENT_3D ( 'NONE', #1556, #5517, #2084 ) ;
#4103 = SURFACE_STYLE_FILL_AREA ( #236 ) ;
#4104 = DIRECTION ( 'NONE',  ( 1.000000000000000000, 0.0000000000000000000, -0.0000000000000000000 ) ) ;
#4105 = VECTOR ( 'NONE', #4456, 1000.000000000000000 ) ;
#4106 = CARTESIAN_POINT ( 'NONE',  ( -9.390000000000000600, -4.955000000000000100, 4.599999999999999600 ) ) ;
#4107 =( NAMED_UNIT ( * ) SI_UNIT ( $, .STERADIAN. ) SOLID_ANGLE_UNIT ( ) );
#4108 = DIRECTION ( 'NONE',  ( -1.000000000000000000, 0.0000000000000000000, 0.0000000000000000000 ) ) ;
#4109 = VECTOR ( 'NONE', #7116, 1000.000000000000000 ) ;
#4110 = PLANE ( 'NONE',  #6898 ) ;
#4111 = AXIS2_PLACEMENT_3D ( 'NONE', #6472, #3091, #7039 ) ;
#4112 = PRESENTATION_LAYER_ASSIGNMENT (  '', '', ( #3344 ) ) ;
#4113 = ADVANCED_FACE ( 'NONE', ( #5535 ), #446, .F. ) ;
#4114 = ORIENTED_EDGE ( 'NONE', *, *, #5028, .F. ) ;
#4115 =( NAMED_UNIT ( * ) PLANE_ANGLE_UNIT ( ) SI_UNIT ( $, .RADIAN. ) );
#4116 = DIRECTION ( 'NONE',  ( 0.0000000000000000000, -0.0000000000000000000, -1.000000000000000000 ) ) ;
#4117 = CARTESIAN_POINT ( 'NONE',  ( -8.390000000000000600, 8.150000000000000400, -8.239271102010437900E-059 ) ) ;
#4118 = EDGE_CURVE ( 'NONE', #6904, #5703, #6474, .T. ) ;
#4119 = LINE ( 'NONE', #6356, #6583 ) ;
#4120 = EDGE_CURVE ( 'NONE', #6640, #5072, #4981, .T. ) ;
#4121 = DIRECTION ( 'NONE',  ( 0.0000000000000000000, 0.9047619047619052100, 0.4259177099999590900 ) ) ;
#4122 = EDGE_CURVE ( 'NONE', #2428, #4721, #3468, .T. ) ;
#4123 = MECHANICAL_DESIGN_GEOMETRIC_PRESENTATION_REPRESENTATION (  '', ( #3353 ), #4503 ) ;
#4124 = MECHANICAL_DESIGN_GEOMETRIC_PRESENTATION_REPRESENTATION (  '', ( #3355 ), #4505 ) ;
#4125 = DIRECTION ( 'NONE',  ( 1.000000000000000000, 2.047319486629579800E-065, -0.0000000000000000000 ) ) ;
#4126 = CARTESIAN_POINT ( 'NONE',  ( 8.890000000000000600, -7.642857142857142300, 0.6055506259999778900 ) ) ;
#4127 = ORIENTED_EDGE ( 'NONE', *, *, #2065, .F. ) ;
#4128 = EDGE_CURVE ( 'NONE', #2599, #4018, #666, .T. ) ;
#4129 = DIRECTION ( 'NONE',  ( -1.000000000000000000, 0.0000000000000000000, -0.0000000000000000000 ) ) ;
#4130 = PRESENTATION_LAYER_ASSIGNMENT (  '', '', ( #3744 ) ) ;
#4131 =( NAMED_UNIT ( * ) PLANE_ANGLE_UNIT ( ) SI_UNIT ( $, .RADIAN. ) );
#4132 = AXIS2_PLACEMENT_3D ( 'NONE', #7234, #6667, #6134 ) ;
#4133 = CARTESIAN_POINT ( 'NONE',  ( 11.50000000000000000, 0.0000000000000000000, 1.600000000000000100 ) ) ;
#4134 = CARTESIAN_POINT ( 'NONE',  ( 8.890000000000000600, 7.833333333333331300, 0.2009288015000139900 ) ) ;
#4135 = EDGE_LOOP ( 'NONE', ( #3650, #5832, #6703, #8 ) ) ;
#4136 = SHAPE_DEFINITION_REPRESENTATION ( #2889, #530 ) ;
#4137 =( NAMED_UNIT ( * ) PLANE_ANGLE_UNIT ( ) SI_UNIT ( $, .RADIAN. ) );
#4138 =( LENGTH_UNIT ( ) NAMED_UNIT ( * ) SI_UNIT ( .MILLI., .METRE. ) );
#4139 = DIRECTION ( 'NONE',  ( 0.0000000000000000000, 4.956352788505163500E-015, 1.000000000000000000 ) ) ;
#4140 = VERTEX_POINT ( 'NONE', #7237 ) ;
#4141 = STYLED_ITEM ( 'NONE', ( #5857 ), #2992 ) ;
#4142 =( LENGTH_UNIT ( ) NAMED_UNIT ( * ) SI_UNIT ( .MILLI., .METRE. ) );
#4143 = VERTEX_POINT ( 'NONE', #5002 ) ;
#4144 = PRESENTATION_STYLE_ASSIGNMENT (( #2738 ) ) ;
#4145 =( NAMED_UNIT ( * ) SI_UNIT ( $, .STERADIAN. ) SOLID_ANGLE_UNIT ( ) );
#4146 = CARTESIAN_POINT ( 'NONE',  ( 5.850000000000000500, -9.000000000000001800, 0.2507484938770950800 ) ) ;
#4147 = ADVANCED_FACE ( 'NONE', ( #307 ), #7097, .T. ) ;
#4148 = CYLINDRICAL_SURFACE ( 'NONE', #4704, 0.7500000000000000000 ) ;
#4149 = LINE ( 'NONE', #5386, #5678 ) ;
#4150 = CARTESIAN_POINT ( 'NONE',  ( -9.189999999999999500, 5.205000000000000100, 4.599999999999999600 ) ) ;
#4151 = VECTOR ( 'NONE', #5867, 1000.000000000000000 ) ;
#4152 = AXIS2_PLACEMENT_3D ( 'NONE', #4358, #997, #4929 ) ;
#4153 = PLANE ( 'NONE',  #6544 ) ;
#4154 =( NAMED_UNIT ( * ) PLANE_ANGLE_UNIT ( ) SI_UNIT ( $, .RADIAN. ) );
#4155 = DIRECTION ( 'NONE',  ( -0.0000000000000000000, -1.000000000000000000, -0.0000000000000000000 ) ) ;
#4156 = PRESENTATION_STYLE_ASSIGNMENT (( #1430 ) ) ;
#4157 = ORIENTED_EDGE ( 'NONE', *, *, #6903, .T. ) ;
#4158 = EDGE_LOOP ( 'NONE', ( #1543, #86, #277, #2989 ) ) ;
#4159 = FACE_OUTER_BOUND ( 'NONE', #3189, .T. ) ;
#4160 = EDGE_CURVE ( 'NONE', #4098, #920, #1289, .T. ) ;
#4161 = SURFACE_STYLE_USAGE ( .BOTH. , #4187 ) ;
#4162 = CARTESIAN_POINT ( 'NONE',  ( -8.390000000000000600, -7.099999999999999600, 0.9500000000000000700 ) ) ;
#4163 = MECHANICAL_DESIGN_GEOMETRIC_PRESENTATION_REPRESENTATION (  '', ( #3395 ), #4554 ) ;
#4164 = EDGE_LOOP ( 'NONE', ( #5244, #6612, #1821, #6687 ) ) ;
#4165 = LINE ( 'NONE', #1353, #2649 ) ;
#4166 = CARTESIAN_POINT ( 'NONE',  ( 5.850000000000000500, -7.875740647047340600, -0.2500000000000000600 ) ) ;
#4167 = DIRECTION ( 'NONE',  ( 1.000000000000000000, 0.0000000000000000000, 0.0000000000000000000 ) ) ;
#4168 = FACE_OUTER_BOUND ( 'NONE', #4551, .T. ) ;
#4169 = CARTESIAN_POINT ( 'NONE',  ( -12.07500000000000100, -6.650000000000000400, 0.2000000000000000100 ) ) ;
#4170 =( LENGTH_UNIT ( ) NAMED_UNIT ( * ) SI_UNIT ( .MILLI., .METRE. ) );
#4171 = ORIENTED_EDGE ( 'NONE', *, *, #4689, .T. ) ;
#4172 = EDGE_CURVE ( 'NONE', #5200, #5597, #1789, .T. ) ;
#4173 = PRESENTATION_LAYER_ASSIGNMENT (  '', '', ( #3791 ) ) ;
#4174 = ORIENTED_EDGE ( 'NONE', *, *, #1526, .F. ) ;
#4175 = EDGE_LOOP ( 'NONE', ( #3633, #3285, #4458, #919 ) ) ;
#4176 = CYLINDRICAL_SURFACE ( 'NONE', #2077, 0.3500000000000019800 ) ;
#4177 = ORIENTED_EDGE ( 'NONE', *, *, #1932, .F. ) ;
#4178 = MECHANICAL_DESIGN_GEOMETRIC_PRESENTATION_REPRESENTATION (  '', ( #3038 ), #4568 ) ;
#4179 =( LENGTH_UNIT ( ) NAMED_UNIT ( * ) SI_UNIT ( .MILLI., .METRE. ) );
#4180 = CARTESIAN_POINT ( 'NONE',  ( 8.390000000000000600, 9.000000000000001800, -0.2500000000000000000 ) ) ;
#4181 = VERTEX_POINT ( 'NONE', #3912 ) ;
#4182 = CARTESIAN_POINT ( 'NONE',  ( 8.390000000000000600, -7.875740647047340600, 0.2507484938770950800 ) ) ;
#4183 = CARTESIAN_POINT ( 'NONE',  ( -9.390000000000000600, -7.642857142857141500, 0.6055506259999767800 ) ) ;
#4184 = EDGE_CURVE ( 'NONE', #727, #56, #1106, .T. ) ;
#4185 = LINE ( 'NONE', #6086, #4723 ) ;
#4186 = ADVANCED_FACE ( 'NONE', ( #2761 ), #7282, .T. ) ;
#4187 = SURFACE_SIDE_STYLE ('',( #381 ) ) ;
#4188 = PRESENTATION_LAYER_ASSIGNMENT (  '', '', ( #3806 ) ) ;
#4189 = ORIENTED_EDGE ( 'NONE', *, *, #312, .F. ) ;
#4190 = FILL_AREA_STYLE ('',( #5322 ) ) ;
#4191 = DIRECTION ( 'NONE',  ( 1.393726859448460000E-028, 1.000000000000000000, 2.275909662416548100E-056 ) ) ;
#4192 = CARTESIAN_POINT ( 'NONE',  ( 6.349999999999999600, -7.099999999999999600, 0.3499999999999999800 ) ) ;
#4193 = UNCERTAINTY_MEASURE_WITH_UNIT (LENGTH_MEASURE( 1.000000000000000100E-005 ), #5493, 'distance_accuracy_value', 'NONE');
#4194 = PRODUCT_DEFINITION_CONTEXT ( 'detailed design', #5704, 'design' ) ;
#4195 = PRESENTATION_STYLE_ASSIGNMENT (( #6440 ) ) ;
#4196 = SURFACE_STYLE_USAGE ( .BOTH. , #4223 ) ;
#4197 = ORIENTED_EDGE ( 'NONE', *, *, #7274, .F. ) ;
#4198 = PLANE ( 'NONE',  #4111 ) ;
#4199 = UNCERTAINTY_MEASURE_WITH_UNIT (LENGTH_MEASURE( 1.000000000000000100E-005 ), #6485, 'distance_accuracy_value', 'NONE');
#4200 = STYLED_ITEM ( 'NONE', ( #3073 ), #5080 ) ;
#4201 = AXIS2_PLACEMENT_3D ( 'NONE', #5627, #2187, #6191 ) ;
#4202 = FILL_AREA_STYLE ('',( #3636 ) ) ;
#4203 = ORIENTED_EDGE ( 'NONE', *, *, #5268, .F. ) ;
#4204 = FILL_AREA_STYLE ('',( #4257 ) ) ;
#4205 = DIRECTION ( 'NONE',  ( 1.000000000000000000, -2.047319486629579800E-065, 0.0000000000000000000 ) ) ;
#4206 = ORIENTED_EDGE ( 'NONE', *, *, #6714, .T. ) ;
#4207 = CARTESIAN_POINT ( 'NONE',  ( 11.87500000000000000, 6.649999999996934400, 6.776263578034402700E-018 ) ) ;
#4208 = EDGE_CURVE ( 'NONE', #5505, #3215, #573, .T. ) ;
#4209 = LINE ( 'NONE', #6657, #4044 ) ;
#4210 = STYLED_ITEM ( 'NONE', ( #3308 ), #1442 ) ;
#4211 = DIRECTION ( 'NONE',  ( 0.0000000000000000000, 4.956352788505163500E-015, -1.000000000000000000 ) ) ;
#4212 = LINE ( 'NONE', #5006, #1231 ) ;
#4213 = EDGE_LOOP ( 'NONE', ( #4361, #1496, #1434, #311 ) ) ;
#4214 = FACE_OUTER_BOUND ( 'NONE', #4333, .T. ) ;
#4215 = ORIENTED_EDGE ( 'NONE', *, *, #4036, .F. ) ;
#4216 = COLOUR_RGB ( '',0.7529411764705882200, 0.7529411764705882200, 0.7529411764705882200 ) ;
#4217 = UNCERTAINTY_MEASURE_WITH_UNIT (LENGTH_MEASURE( 1.000000000000000100E-005 ), #5709, 'distance_accuracy_value', 'NONE');
#4218 = EDGE_CURVE ( 'NONE', #518, #7105, #4892, .T. ) ;
#4219 = ORIENTED_EDGE ( 'NONE', *, *, #7189, .T. ) ;
#4220 =( NAMED_UNIT ( * ) SI_UNIT ( $, .STERADIAN. ) SOLID_ANGLE_UNIT ( ) );
#4221 = PRESENTATION_LAYER_ASSIGNMENT (  '', '', ( #4617 ) ) ;
#4222 = VECTOR ( 'NONE', #1926, 1000.000000000000000 ) ;
#4223 = SURFACE_SIDE_STYLE ('',( #1335 ) ) ;
#4224 = CARTESIAN_POINT ( 'NONE',  ( 12.07500000000000100, -6.767157287525381400, 0.1999999999999439200 ) ) ;
#4225 = ORIENTED_EDGE ( 'NONE', *, *, #4883, .F. ) ;
#4226 = ORIENTED_EDGE ( 'NONE', *, *, #5819, .T. ) ;
#4227 = VECTOR ( 'NONE', #2374, 1000.000000000000000 ) ;
#4228 = FILL_AREA_STYLE ('',( #282 ) ) ;
#4229 = CARTESIAN_POINT ( 'NONE',  ( 8.890000000000000600, -7.416666666666668700, 0.4990711984999857700 ) ) ;
#4230 = LINE ( 'NONE', #6894, #7063 ) ;
#4231 = LINE ( 'NONE', #587, #2719 ) ;
#4232 = EDGE_LOOP ( 'NONE', ( #4719, #1129, #1992, #6409 ) ) ;
#4233 = FILL_AREA_STYLE ('',( #3662 ) ) ;
#4234 = SURFACE_STYLE_FILL_AREA ( #992 ) ;
#4235 = FACE_OUTER_BOUND ( 'NONE', #6795, .T. ) ;
#4236 = SURFACE_STYLE_FILL_AREA ( #6707 ) ;
#4237 = STYLED_ITEM ( 'NONE', ( #4587 ), #3309 ) ;
#4238 = COLOUR_RGB ( '',0.7529411764705882200, 0.7529411764705882200, 0.7529411764705882200 ) ;
#4239 = CARTESIAN_POINT ( 'NONE',  ( 8.589999999999999900, -5.205000000000000100, 2.799999999999999800 ) ) ;
#4240 = ORIENTED_EDGE ( 'NONE', *, *, #1263, .T. ) ;
#4241 = VERTEX_POINT ( 'NONE', #6769 ) ;
#4242 = SURFACE_STYLE_FILL_AREA ( #4733 ) ;
#4243 = SURFACE_STYLE_FILL_AREA ( #2886 ) ;
#4244 = PLANE ( 'NONE',  #736 ) ;
#4245 = FACE_OUTER_BOUND ( 'NONE', #1171, .T. ) ;
#4246 = AXIS2_PLACEMENT_3D ( 'NONE', #1295, #5234, #1828 ) ;
#4247 = PRESENTATION_LAYER_ASSIGNMENT (  '', '', ( #3873 ) ) ;
#4248 = CARTESIAN_POINT ( 'NONE',  ( 6.349999999999999600, 8.150000000000000400, -0.2500000000000000000 ) ) ;
#4249 = FACE_OUTER_BOUND ( 'NONE', #3736, .T. ) ;
#4250 = DIRECTION ( 'NONE',  ( -1.000000000000000000, 0.0000000000000000000, 0.0000000000000000000 ) ) ;
#4251 = DIRECTION ( 'NONE',  ( -1.000000000000000000, -0.0000000000000000000, 0.0000000000000000000 ) ) ;
#4252 = UNCERTAINTY_MEASURE_WITH_UNIT (LENGTH_MEASURE( 1.000000000000000100E-005 ), #2015, 'distance_accuracy_value', 'NONE');
#4253 = DIRECTION ( 'NONE',  ( 1.669287811177830000E-032, -1.770298997201920100E-048, 1.000000000000000000 ) ) ;
#4254 = ORIENTED_EDGE ( 'NONE', *, *, #174, .T. ) ;
#4255 = SURFACE_STYLE_FILL_AREA ( #508 ) ;
#4256 = EDGE_CURVE ( 'NONE', #5703, #475, #1873, .T. ) ;
#4257 = FILL_AREA_STYLE_COLOUR ( '', #3548 ) ;
#4258 = ORIENTED_EDGE ( 'NONE', *, *, #2546, .T. ) ;
#4259 = EDGE_LOOP ( 'NONE', ( #6928, #4852, #6061, #7289 ) ) ;
#4260 = ORIENTED_EDGE ( 'NONE', *, *, #2064, .T. ) ;
#4261 = MECHANICAL_DESIGN_GEOMETRIC_PRESENTATION_REPRESENTATION (  '', ( #2739 ), #4648 ) ;
#4262 =( GEOMETRIC_REPRESENTATION_CONTEXT ( 3 ) GLOBAL_UNCERTAINTY_ASSIGNED_CONTEXT ( ( #2554 ) ) GLOBAL_UNIT_ASSIGNED_CONTEXT ( ( #3824, #462, #4392 ) ) REPRESENTATION_CONTEXT ( 'NONE', 'WORKASPACE' ) );
#4263 =( GEOMETRIC_REPRESENTATION_CONTEXT ( 3 ) GLOBAL_UNCERTAINTY_ASSIGNED_CONTEXT ( ( #3164 ) ) GLOBAL_UNIT_ASSIGNED_CONTEXT ( ( #3209, #7152, #3769 ) ) REPRESENTATION_CONTEXT ( 'NONE', 'WORKASPACE' ) );
#4264 = CARTESIAN_POINT ( 'NONE',  ( 8.390000000000000600, -9.000000000000001800, -4.264521207411895500E-057 ) ) ;
#4265 = VERTEX_POINT ( 'NONE', #1717 ) ;
#4266 = SURFACE_SIDE_STYLE ('',( #5825 ) ) ;
#4267 = EDGE_CURVE ( 'NONE', #2731, #7104, #3374, .T. ) ;
#4268 = AXIS2_PLACEMENT_3D ( 'NONE', #4667, #4643, #4411 ) ;
#4269 = STYLED_ITEM ( 'NONE', ( #2848 ), #2135 ) ;
#4270 = VERTEX_POINT ( 'NONE', #5694 ) ;
#4271 = CARTESIAN_POINT ( 'NONE',  ( 5.850000000000000500, 6.850000000000000500, 0.6999999999999999600 ) ) ;
#4272 = DIRECTION ( 'NONE',  ( 1.632966780389950100E-028, 0.0000000000000000000, -1.000000000000000000 ) ) ;
#4273 = VECTOR ( 'NONE', #1782, 1000.000000000000200 ) ;
#4274 = ORIENTED_EDGE ( 'NONE', *, *, #2357, .F. ) ;
#4275 = FILL_AREA_STYLE ('',( #4450 ) ) ;
#4276 = ORIENTED_EDGE ( 'NONE', *, *, #7189, .F. ) ;
#4277 =( NAMED_UNIT ( * ) SI_UNIT ( $, .STERADIAN. ) SOLID_ANGLE_UNIT ( ) );
#4278 =( LENGTH_UNIT ( ) NAMED_UNIT ( * ) SI_UNIT ( .MILLI., .METRE. ) );
#4279 = CARTESIAN_POINT ( 'NONE',  ( -11.87500000000000000, -3.425000000000000300, 0.2000000000000000100 ) ) ;
#4280 = CARTESIAN_POINT ( 'NONE',  ( 9.390000000000000600, 9.000000000000001800, 0.2507484938770950800 ) ) ;
#4281 = AXIS2_PLACEMENT_3D ( 'NONE', #4961, #1578, #5547 ) ;
#4282 = VECTOR ( 'NONE', #1081, 1000.000000000000000 ) ;
#4283 = SURFACE_SIDE_STYLE ('',( #4635 ) ) ;
#4284 = PRESENTATION_STYLE_ASSIGNMENT (( #905 ) ) ;
#4285 = FILL_AREA_STYLE_COLOUR ( '', #4580 ) ;
#4286 = CARTESIAN_POINT ( 'NONE',  ( 9.390000000000000600, 7.416666666666668700, 0.4990711984999865500 ) ) ;
#4287 = AXIS2_PLACEMENT_3D ( 'NONE', #3147, #7102, #3711 ) ;
#4288 =( NAMED_UNIT ( * ) SI_UNIT ( $, .STERADIAN. ) SOLID_ANGLE_UNIT ( ) );
#4289 = CARTESIAN_POINT ( 'NONE',  ( -11.87500000000000000, -6.650000000000000400, 0.0000000000000000000 ) ) ;
#4290 =( NAMED_UNIT ( * ) PLANE_ANGLE_UNIT ( ) SI_UNIT ( $, .RADIAN. ) );
#4291 = EDGE_CURVE ( 'NONE', #3563, #4098, #2041, .T. ) ;
#4292 = PLANE ( 'NONE',  #1764 ) ;
#4293 = ORIENTED_EDGE ( 'NONE', *, *, #26, .T. ) ;
#4294 = CIRCLE ( 'NONE', #6282, 0.5999999999999998700 ) ;
#4295 = ORIENTED_EDGE ( 'NONE', *, *, #4353, .T. ) ;
#4296 = DIRECTION ( 'NONE',  ( 0.0000000000000000000, -1.000000000000000000, -5.887021680753820000E-033 ) ) ;
#4297 = PRESENTATION_STYLE_ASSIGNMENT (( #5325 ) ) ;
#4298 = LINE ( 'NONE', #3958, #7295 ) ;
#4299 = DIRECTION ( 'NONE',  ( 0.0000000000000000000, 0.0000000000000000000, 1.000000000000000000 ) ) ;
#4300 = ORIENTED_EDGE ( 'NONE', *, *, #2116, .F. ) ;
#4301 = MECHANICAL_DESIGN_GEOMETRIC_PRESENTATION_REPRESENTATION (  '', ( #3168 ), #4695 ) ;
#4302 =( GEOMETRIC_REPRESENTATION_CONTEXT ( 3 ) GLOBAL_UNCERTAINTY_ASSIGNED_CONTEXT ( ( #327 ) ) GLOBAL_UNIT_ASSIGNED_CONTEXT ( ( #2124, #6130, #2702 ) ) REPRESENTATION_CONTEXT ( 'NONE', 'WORKASPACE' ) );
#4303 =( LENGTH_UNIT ( ) NAMED_UNIT ( * ) SI_UNIT ( .MILLI., .METRE. ) );
#4304 = PLANE ( 'NONE',  #6188 ) ;
#4305 = SURFACE_STYLE_FILL_AREA ( #4743 ) ;
#4306 = CARTESIAN_POINT ( 'NONE',  ( -12.07500000000000100, -3.425000000000000300, 0.1999999999999999800 ) ) ;
#4307 = EDGE_CURVE ( 'NONE', #2666, #1874, #3204, .T. ) ;
#4308 = FILL_AREA_STYLE ('',( #4285 ) ) ;
#4309 = STYLED_ITEM ( 'NONE', ( #2456 ), #1742 ) ;
#4310 = SURFACE_STYLE_USAGE ( .BOTH. , #378 ) ;
#4311 = CARTESIAN_POINT ( 'NONE',  ( 11.30000000000000100, -6.250000000000000000, 2.799999999999999800 ) ) ;
#4312 = PRESENTATION_STYLE_ASSIGNMENT (( #3046 ) ) ;
#4313 = CARTESIAN_POINT ( 'NONE',  ( 8.390000000000000600, -7.416666666666668700, 0.4990711984999866600 ) ) ;
#4314 = PRESENTATION_STYLE_ASSIGNMENT (( #1396 ) ) ;
#4315 = MECHANICAL_DESIGN_GEOMETRIC_PRESENTATION_REPRESENTATION (  '', ( #3182 ), #4707 ) ;
#4316 = CIRCLE ( 'NONE', #5330, 0.2000000000000000100 ) ;
#4317 = DIRECTION ( 'NONE',  ( 0.0000000000000000000, 0.0000000000000000000, -1.000000000000000000 ) ) ;
#4318 = ORIENTED_EDGE ( 'NONE', *, *, #2443, .T. ) ;
#4319 = DIRECTION ( 'NONE',  ( 0.0000000000000000000, 0.4259177099999607600, -0.9047619047619044300 ) ) ;
#4320 = EDGE_CURVE ( 'NONE', #5290, #6944, #6229, .T. ) ;
#4321 =( LENGTH_UNIT ( ) NAMED_UNIT ( * ) SI_UNIT ( .MILLI., .METRE. ) );
#4322 = MECHANICAL_DESIGN_GEOMETRIC_PRESENTATION_REPRESENTATION (  '', ( #3565 ), #4711 ) ;
#4323 = COLOUR_RGB ( '',0.7529411764705882200, 0.7529411764705882200, 0.7529411764705882200 ) ;
#4324 = DIRECTION ( 'NONE',  ( 0.0000000000000000000, 0.0000000000000000000, -1.000000000000000000 ) ) ;
#4325 = DIRECTION ( 'NONE',  ( 0.0000000000000000000, -0.0000000000000000000, -1.000000000000000000 ) ) ;
#4326 = COLOUR_RGB ( '',0.7529411764705882200, 0.7529411764705882200, 0.7529411764705882200 ) ;
#4327 = DIRECTION ( 'NONE',  ( 0.0000000000000000000, 0.0000000000000000000, -1.000000000000000000 ) ) ;
#4328 = AXIS2_PLACEMENT_3D ( 'NONE', #3421, #64, #4005 ) ;
#4329 = PLANE ( 'NONE',  #4473 ) ;
#4330 = CARTESIAN_POINT ( 'NONE',  ( 11.50000000000000000, -6.049999999999999800, 2.799999999999999800 ) ) ;
#4331 = DIRECTION ( 'NONE',  ( 0.0000000000000000000, 0.0000000000000000000, 1.000000000000000000 ) ) ;
#4332 = ORIENTED_EDGE ( 'NONE', *, *, #4978, .F. ) ;
#4333 = EDGE_LOOP ( 'NONE', ( #2368, #1485, #6652, #5816 ) ) ;
#4334 = CIRCLE ( 'NONE', #598, 0.3499999999999999800 ) ;
#4335 = VECTOR ( 'NONE', #4512, 1000.000000000000000 ) ;
#4336 = AXIS2_PLACEMENT_3D ( 'NONE', #6736, #3356, #7302 ) ;
#4337 = CARTESIAN_POINT ( 'NONE',  ( -11.87500000000000000, 6.850000000000000500, 0.0000000000000000000 ) ) ;
#4338 = CARTESIAN_POINT ( 'NONE',  ( -9.390000000000000600, 6.850000000000000500, 0.0000000000000000000 ) ) ;
#4339 = CARTESIAN_POINT ( 'NONE',  ( -11.50000000000000000, -6.250000000000000000, 7.599999999999999600 ) ) ;
#4340 = FACE_OUTER_BOUND ( 'NONE', #5427, .T. ) ;
#4341 = CARTESIAN_POINT ( 'NONE',  ( 6.650000000000000400, 4.955000000000000100, 4.599999999999999600 ) ) ;
#4342 = SURFACE_SIDE_STYLE ('',( #2878 ) ) ;
#4343 = SURFACE_STYLE_USAGE ( .BOTH. , #4373 ) ;
#4344 = LINE ( 'NONE', #3036, #2653 ) ;
#4345 = ORIENTED_EDGE ( 'NONE', *, *, #3733, .T. ) ;
#4346 = AXIS2_PLACEMENT_3D ( 'NONE', #1183, #5123, #1731 ) ;
#4347 = CARTESIAN_POINT ( 'NONE',  ( -8.890000000000000600, 8.150000000000000400, 0.3499999999999999800 ) ) ;
#4348 = FILL_AREA_STYLE_COLOUR ( '', #3532 ) ;
#4349 = ORIENTED_EDGE ( 'NONE', *, *, #5317, .T. ) ;
#4350 = EDGE_LOOP ( 'NONE', ( #6579, #1655, #4547, #5617 ) ) ;
#4351 = ORIENTED_EDGE ( 'NONE', *, *, #3728, .T. ) ;
#4352 = ADVANCED_FACE ( 'NONE', ( #4538 ), #5723, .F. ) ;
#4353 = EDGE_CURVE ( 'NONE', #1606, #1701, #2484, .T. ) ;
#4354 = CARTESIAN_POINT ( 'NONE',  ( 11.30000000000000100, -6.249999999999999100, 1.600000000000000100 ) ) ;
#4355 = EDGE_CURVE ( 'NONE', #3783, #1366, #4004, .T. ) ;
#4356 = ORIENTED_EDGE ( 'NONE', *, *, #846, .F. ) ;
#4357 = PRESENTATION_LAYER_ASSIGNMENT (  '', '', ( #4744 ) ) ;
#4358 = CARTESIAN_POINT ( 'NONE',  ( 6.850000000000000500, -5.205000000000000100, 2.799999999999999800 ) ) ;
#4359 = PRODUCT_DEFINITION_FORMATION_WITH_SPECIFIED_SOURCE ( 'ANY', '', #3559, .NOT_KNOWN. ) ;
#4360 = SURFACE_STYLE_FILL_AREA ( #1897 ) ;
#4361 = ORIENTED_EDGE ( 'NONE', *, *, #2651, .T. ) ;
#4362 = ORIENTED_EDGE ( 'NONE', *, *, #4880, .F. ) ;
#4363 = FILL_AREA_STYLE ('',( #2645 ) ) ;
#4364 = DIRECTION ( 'NONE',  ( -0.0000000000000000000, 0.0000000000000000000, -1.000000000000000000 ) ) ;
#4365 = EDGE_LOOP ( 'NONE', ( #2118, #522, #5406, #927 ) ) ;
#4366 = SURFACE_STYLE_USAGE ( .BOTH. , #426 ) ;
#4367 = EDGE_CURVE ( 'NONE', #2129, #1066, #7005, .T. ) ;
#4368 = STYLED_ITEM ( 'NONE', ( #7050 ), #479 ) ;
#4369 = AXIS2_PLACEMENT_3D ( 'NONE', #3638, #284, #4205 ) ;
#4370 =( LENGTH_UNIT ( ) NAMED_UNIT ( * ) SI_UNIT ( .MILLI., .METRE. ) );
#4371 = UNCERTAINTY_MEASURE_WITH_UNIT (LENGTH_MEASURE( 1.000000000000000100E-005 ), #2629, 'distance_accuracy_value', 'NONE');
#4372 = FILL_AREA_STYLE_COLOUR ( '', #5101 ) ;
#4373 = SURFACE_SIDE_STYLE ('',( #1653 ) ) ;
#4374 = PRESENTATION_STYLE_ASSIGNMENT (( #4932 ) ) ;
#4375 = VECTOR ( 'NONE', #2378, 1000.000000000000000 ) ;
#4376 = CARTESIAN_POINT ( 'NONE',  ( 11.87500000000000000, -6.850000000000000500, 0.0000000000000000000 ) ) ;
#4377 =( LENGTH_UNIT ( ) NAMED_UNIT ( * ) SI_UNIT ( .MILLI., .METRE. ) );
#4378 = LINE ( 'NONE', #3596, #2862 ) ;
#4379 = ORIENTED_EDGE ( 'NONE', *, *, #1545, .T. ) ;
#4380 = AXIS2_PLACEMENT_3D ( 'NONE', #2962, #6929, #3542 ) ;
#4381 = FILL_AREA_STYLE_COLOUR ( '', #2663 ) ;
#4382 = ORIENTED_EDGE ( 'NONE', *, *, #5773, .T. ) ;
#4383 = VERTEX_POINT ( 'NONE', #5183 ) ;
#4384 = ADVANCED_FACE ( 'NONE', ( #2298 ), #1236, .T. ) ;
#4385 = FILL_AREA_STYLE ('',( #2668 ) ) ;
#4386 = AXIS2_PLACEMENT_3D ( 'NONE', #3993, #619, #4567 ) ;
#4387 = VECTOR ( 'NONE', #6062, 1000.000000000000000 ) ;
#4388 = CARTESIAN_POINT ( 'NONE',  ( -8.390000000000000600, 7.099999999999999600, 0.9500000000000000700 ) ) ;
#4389 = COLOUR_RGB ( '',0.7529411764705882200, 0.7529411764705882200, 0.7529411764705882200 ) ;
#4390 = FILL_AREA_STYLE ('',( #4417 ) ) ;
#4391 = EDGE_CURVE ( 'NONE', #1117, #6904, #6811, .T. ) ;
#4392 =( NAMED_UNIT ( * ) SI_UNIT ( $, .STERADIAN. ) SOLID_ANGLE_UNIT ( ) );
#4393 =( LENGTH_UNIT ( ) NAMED_UNIT ( * ) SI_UNIT ( .MILLI., .METRE. ) );
#4394 = DIRECTION ( 'NONE',  ( 1.000000000000000000, 0.0000000000000000000, 0.0000000000000000000 ) ) ;
#4395 = LINE ( 'NONE', #451, #2707 ) ;
#4396 =( GEOMETRIC_REPRESENTATION_CONTEXT ( 3 ) GLOBAL_UNCERTAINTY_ASSIGNED_CONTEXT ( ( #6499 ) ) GLOBAL_UNIT_ASSIGNED_CONTEXT ( ( #3702, #338, #4277 ) ) REPRESENTATION_CONTEXT ( 'NONE', 'WORKASPACE' ) );
#4397 = ORIENTED_EDGE ( 'NONE', *, *, #3564, .T. ) ;
#4398 = DIRECTION ( 'NONE',  ( 1.213057269022220100E-060, 1.000000000000000000, -0.0000000000000000000 ) ) ;
#4399 = CYLINDRICAL_SURFACE ( 'NONE', #4037, 0.2000000000000005100 ) ;
#4400 = ORIENTED_EDGE ( 'NONE', *, *, #26, .F. ) ;
#4401 = DIRECTION ( 'NONE',  ( 1.000000000000000000, 0.0000000000000000000, 0.0000000000000000000 ) ) ;
#4402 =( NAMED_UNIT ( * ) PLANE_ANGLE_UNIT ( ) SI_UNIT ( $, .RADIAN. ) );
#4403 = DIRECTION ( 'NONE',  ( -1.213057269022220100E-060, 1.000000000000000000, 0.0000000000000000000 ) ) ;
#4404 = LINE ( 'NONE', #6709, #7217 ) ;
#4405 = ORIENTED_EDGE ( 'NONE', *, *, #2009, .T. ) ;
#4406 = VECTOR ( 'NONE', #2349, 1000.000000000000000 ) ;
#4407 = STYLED_ITEM ( 'NONE', ( #6552 ), #21 ) ;
#4408 = PRESENTATION_STYLE_ASSIGNMENT (( #3398 ) ) ;
#4409 = PRESENTATION_LAYER_ASSIGNMENT (  '', '', ( #3274 ) ) ;
#4410 = CARTESIAN_POINT ( 'NONE',  ( 8.890000000000000600, -6.850000000000000500, 0.6999999999999999600 ) ) ;
#4411 = DIRECTION ( 'NONE',  ( 0.0000000000000000000, 0.0000000000000000000, -1.000000000000000000 ) ) ;
#4412 = PLANE ( 'NONE',  #2508 ) ;
#4413 = ORIENTED_EDGE ( 'NONE', *, *, #5804, .T. ) ;
#4414 = UNCERTAINTY_MEASURE_WITH_UNIT (LENGTH_MEASURE( 1.000000000000000100E-005 ), #3313, 'distance_accuracy_value', 'NONE');
#4415 = PRESENTATION_STYLE_ASSIGNMENT (( #6023 ) ) ;
#4416 = PLANE ( 'NONE',  #2598 ) ;
#4417 = FILL_AREA_STYLE_COLOUR ( '', #3152 ) ;
#4418 = ORIENTED_EDGE ( 'NONE', *, *, #4564, .F. ) ;
#4419 = ORIENTED_EDGE ( 'NONE', *, *, #303, .T. ) ;
#4420 = FACE_BOUND ( 'NONE', #5041, .T. ) ;
#4421 = DIRECTION ( 'NONE',  ( 1.000000000000000000, 0.0000000000000000000, 0.0000000000000000000 ) ) ;
#4422 = DIRECTION ( 'NONE',  ( -0.0000000000000000000, -1.000000000000000000, -3.488060345846600000E-028 ) ) ;
#4423 = AXIS2_PLACEMENT_3D ( 'NONE', #5373, #865, #306 ) ;
#4424 = UNCERTAINTY_MEASURE_WITH_UNIT (LENGTH_MEASURE( 1.000000000000000100E-005 ), #222, 'distance_accuracy_value', 'NONE');
#4425 = ADVANCED_FACE ( 'NONE', ( #3807 ), #6344, .T. ) ;
#4426 =( NAMED_UNIT ( * ) PLANE_ANGLE_UNIT ( ) SI_UNIT ( $, .RADIAN. ) );
#4427 = LINE ( 'NONE', #2816, #1441 ) ;
#4428 = DIRECTION ( 'NONE',  ( 1.000000000000000000, 0.0000000000000000000, 0.0000000000000000000 ) ) ;
#4429 = DIRECTION ( 'NONE',  ( -1.000000000000000000, -0.0000000000000000000, -0.0000000000000000000 ) ) ;
#4430 = ORIENTED_EDGE ( 'NONE', *, *, #966, .F. ) ;
#4431 = CIRCLE ( 'NONE', #414, 0.2000000000000000100 ) ;
#4432 = UNCERTAINTY_MEASURE_WITH_UNIT (LENGTH_MEASURE( 1.000000000000000100E-005 ), #5003, 'distance_accuracy_value', 'NONE');
#4433 = AXIS2_PLACEMENT_3D ( 'NONE', #1325, #5267, #1863 ) ;
#4434 = ORIENTED_EDGE ( 'NONE', *, *, #3800, .T. ) ;
#4435 = SURFACE_SIDE_STYLE ('',( #321 ) ) ;
#4436 = ORIENTED_EDGE ( 'NONE', *, *, #6145, .T. ) ;
#4437 = EDGE_LOOP ( 'NONE', ( #5005, #7101, #5075, #6599, #7228, #2642, #1379, #1445, #4083, #6993, #3654, #3057 ) ) ;
#4438 = ORIENTED_EDGE ( 'NONE', *, *, #1838, .F. ) ;
#4439 = DIRECTION ( 'NONE',  ( 0.0000000000000000000, -1.000000000000000000, 3.488060345846600000E-028 ) ) ;
#4440 = PRESENTATION_LAYER_ASSIGNMENT (  '', '', ( #3304 ) ) ;
#4441 = PRESENTATION_LAYER_ASSIGNMENT (  '', '', ( #3676 ) ) ;
#4442 = DIRECTION ( 'NONE',  ( -1.000000000000000000, 2.047319486629579800E-065, 0.0000000000000000000 ) ) ;
#4443 = CARTESIAN_POINT ( 'NONE',  ( 12.07500000000000100, 6.650000000000001200, 0.2000000000000000400 ) ) ;
#4444 = DIRECTION ( 'NONE',  ( 1.000000000000000000, -1.776356839400250100E-016, 0.0000000000000000000 ) ) ;
#4445 = ORIENTED_EDGE ( 'NONE', *, *, #5662, .F. ) ;
#4446 = LINE ( 'NONE', #1383, #1296 ) ;
#4447 = ORIENTED_EDGE ( 'NONE', *, *, #3346, .T. ) ;
#4448 = ORIENTED_EDGE ( 'NONE', *, *, #4307, .T. ) ;
#4449 = EDGE_CURVE ( 'NONE', #5069, #6310, #4790, .T. ) ;
#4450 = FILL_AREA_STYLE_COLOUR ( '', #5671 ) ;
#4451 = PRESENTATION_LAYER_ASSIGNMENT (  '', '', ( #3686 ) ) ;
#4452 = CARTESIAN_POINT ( 'NONE',  ( 9.390000000000000600, -6.850000000000000500, 0.9500000000000000700 ) ) ;
#4453 = CARTESIAN_POINT ( 'NONE',  ( 6.349999999999999600, -7.099999999999999600, 0.3499999999999999800 ) ) ;
#4454 = PRESENTATION_STYLE_ASSIGNMENT (( #5243 ) ) ;
#4455 = MECHANICAL_DESIGN_GEOMETRIC_PRESENTATION_REPRESENTATION (  '', ( #3693 ), #4847 ) ;
#4456 = DIRECTION ( 'NONE',  ( 0.0000000000000000000, -0.0000000000000000000, -1.000000000000000000 ) ) ;
#4457 =( NAMED_UNIT ( * ) SI_UNIT ( $, .STERADIAN. ) SOLID_ANGLE_UNIT ( ) );
#4458 = ORIENTED_EDGE ( 'NONE', *, *, #4367, .F. ) ;
#4459 =( LENGTH_UNIT ( ) NAMED_UNIT ( * ) SI_UNIT ( .MILLI., .METRE. ) );
#4460 = EDGE_CURVE ( 'NONE', #5306, #6307, #1772, .T. ) ;
#4461 =( GEOMETRIC_REPRESENTATION_CONTEXT ( 3 ) GLOBAL_UNCERTAINTY_ASSIGNED_CONTEXT ( ( #5608 ) ) GLOBAL_UNIT_ASSIGNED_CONTEXT ( ( #4321, #4290, #4220 ) ) REPRESENTATION_CONTEXT ( 'NONE', 'WORKASPACE' ) );
#4462 = COLOUR_RGB ( '',0.7529411764705882200, 0.7529411764705882200, 0.7529411764705882200 ) ;
#4463 = SURFACE_SIDE_STYLE ('',( #7293 ) ) ;
#4464 = CARTESIAN_POINT ( 'NONE',  ( 9.390000000000000600, -6.850000000000000500, 0.6999999999999999600 ) ) ;
#4465 = PLANE ( 'NONE',  #5630 ) ;
#4466 = VERTEX_POINT ( 'NONE', #6924 ) ;
#4467 =( NAMED_UNIT ( * ) SI_UNIT ( $, .STERADIAN. ) SOLID_ANGLE_UNIT ( ) );
#4468 = CARTESIAN_POINT ( 'NONE',  ( 11.87499999999999800, 6.850000000000000500, 0.2000000000000005100 ) ) ;
#4469 =( NAMED_UNIT ( * ) PLANE_ANGLE_UNIT ( ) SI_UNIT ( $, .RADIAN. ) );
#4470 = DIRECTION ( 'NONE',  ( 1.000000000000000000, 0.0000000000000000000, -0.0000000000000000000 ) ) ;
#4471 = ORIENTED_EDGE ( 'NONE', *, *, #5986, .F. ) ;
#4472 = VECTOR ( 'NONE', #856, 1000.000000000000000 ) ;
#4473 = AXIS2_PLACEMENT_3D ( 'NONE', #6600, #3219, #7164 ) ;
#4474 = ORIENTED_EDGE ( 'NONE', *, *, #4930, .T. ) ;
#4475 = LINE ( 'NONE', #3301, #7292 ) ;
#4476 = DIRECTION ( 'NONE',  ( 0.0000000000000000000, 0.0000000000000000000, 1.000000000000000000 ) ) ;
#4477 = UNCERTAINTY_MEASURE_WITH_UNIT (LENGTH_MEASURE( 1.000000000000000100E-005 ), #3718, 'distance_accuracy_value', 'NONE');
#4478 = CYLINDRICAL_SURFACE ( 'NONE', #3697, 0.3500000000000019800 ) ;
#4479 = SURFACE_SIDE_STYLE ('',( #2191 ) ) ;
#4480 = DIRECTION ( 'NONE',  ( 1.213057269022220100E-060, 1.000000000000000000, 0.0000000000000000000 ) ) ;
#4481 = VERTEX_POINT ( 'NONE', #4039 ) ;
#4482 = ADVANCED_FACE ( 'NONE', ( #292 ), #4110, .F. ) ;
#4483 =( NAMED_UNIT ( * ) SI_UNIT ( $, .STERADIAN. ) SOLID_ANGLE_UNIT ( ) );
#4484 =( NAMED_UNIT ( * ) PLANE_ANGLE_UNIT ( ) SI_UNIT ( $, .RADIAN. ) );
#4485 = PRESENTATION_STYLE_ASSIGNMENT (( #1531 ) ) ;
#4486 = FACE_OUTER_BOUND ( 'NONE', #3033, .T. ) ;
#4487 = CARTESIAN_POINT ( 'NONE',  ( 11.87500000000000000, -6.650000000000000400, 0.0000000000000000000 ) ) ;
#4488 = COLOUR_RGB ( '',0.7529411764705882200, 0.7529411764705882200, 0.7529411764705882200 ) ;
#4489 = PRESENTATION_LAYER_ASSIGNMENT (  '', '', ( #3720 ) ) ;
#4490 = MECHANICAL_DESIGN_GEOMETRIC_PRESENTATION_REPRESENTATION (  '', ( #3344 ), #4875 ) ;
#4491 = SURFACE_STYLE_USAGE ( .BOTH. , #559 ) ;
#4492 = DIRECTION ( 'NONE',  ( 0.0000000000000000000, 0.0000000000000000000, 1.000000000000000000 ) ) ;
#4493 = VECTOR ( 'NONE', #5148, 1000.000000000000000 ) ;
#4494 = CARTESIAN_POINT ( 'NONE',  ( 6.650000000000000400, 4.955000000000000100, 4.599999999999999600 ) ) ;
#4495 = UNCERTAINTY_MEASURE_WITH_UNIT (LENGTH_MEASURE( 1.000000000000000100E-005 ), #5548, 'distance_accuracy_value', 'NONE');
#4496 = LINE ( 'NONE', #6371, #2982 ) ;
#4497 = EDGE_CURVE ( 'NONE', #3148, #1701, #4073, .T. ) ;
#4498 = SURFACE_STYLE_FILL_AREA ( #839 ) ;
#4499 = COLOUR_RGB ( '',0.7529411764705882200, 0.7529411764705882200, 0.7529411764705882200 ) ;
#4500 = EDGE_CURVE ( 'NONE', #6913, #5751, #5601, .T. ) ;
#4501 = DIRECTION ( 'NONE',  ( 4.551305969182499400E-029, -0.0000000000000000000, -1.000000000000000000 ) ) ;
#4502 = EDGE_CURVE ( 'NONE', #1874, #3282, #7078, .T. ) ;
#4503 =( GEOMETRIC_REPRESENTATION_CONTEXT ( 3 ) GLOBAL_UNCERTAINTY_ASSIGNED_CONTEXT ( ( #354 ) ) GLOBAL_UNIT_ASSIGNED_CONTEXT ( ( #3492, #2824, #3573 ) ) REPRESENTATION_CONTEXT ( 'NONE', 'WORKASPACE' ) );
#4504 = ORIENTED_EDGE ( 'NONE', *, *, #2208, .T. ) ;
#4505 =( GEOMETRIC_REPRESENTATION_CONTEXT ( 3 ) GLOBAL_UNCERTAINTY_ASSIGNED_CONTEXT ( ( #3937 ) ) GLOBAL_UNIT_ASSIGNED_CONTEXT ( ( #5043, #1652, #5635 ) ) REPRESENTATION_CONTEXT ( 'NONE', 'WORKASPACE' ) );
#4506 = SURFACE_STYLE_USAGE ( .BOTH. , #566 ) ;
#4507 = VECTOR ( 'NONE', #5081, 1000.000000000000000 ) ;
#4508 = CIRCLE ( 'NONE', #5170, 0.5000000000000004400 ) ;
#4509 = CIRCLE ( 'NONE', #4612, 0.5999999999999998700 ) ;
#4510 = LINE ( 'NONE', #1012, #13 ) ;
#4511 = DIRECTION ( 'NONE',  ( 0.0000000000000000000, 1.000000000000000000, 0.0000000000000000000 ) ) ;
#4512 = DIRECTION ( 'NONE',  ( -2.640288016400939700E-029, -1.000000000000000000, -1.201675860940661900E-057 ) ) ;
#4513 = CARTESIAN_POINT ( 'NONE',  ( 9.390000000000000600, -5.205000000000000100, 2.799999999999999800 ) ) ;
#4514 = EDGE_CURVE ( 'NONE', #2037, #3656, #2553, .T. ) ;
#4515 = MECHANICAL_DESIGN_GEOMETRIC_PRESENTATION_REPRESENTATION (  '', ( #3744 ), #4897 ) ;
#4516 = STYLED_ITEM ( 'NONE', ( #6917 ), #2232 ) ;
#4517 = CARTESIAN_POINT ( 'NONE',  ( -8.390000000000000600, -7.607142857142860300, 0.09444937400002460800 ) ) ;
#4518 =( LENGTH_UNIT ( ) NAMED_UNIT ( * ) SI_UNIT ( .MILLI., .METRE. ) );
#4519 = SURFACE_SIDE_STYLE ('',( #2237 ) ) ;
#4520 = SURFACE_STYLE_USAGE ( .BOTH. , #579 ) ;
#4521 = VERTEX_POINT ( 'NONE', #4732 ) ;
#4522 = EDGE_LOOP ( 'NONE', ( #7215, #1375, #4219, #5940 ) ) ;
#4523 = VECTOR ( 'NONE', #1834, 1000.000000000000000 ) ;
#4524 = VECTOR ( 'NONE', #3938, 1000.000000000000000 ) ;
#4525 = DIRECTION ( 'NONE',  ( -1.000000000000000000, -4.440892098500609900E-016, 6.999027518125076100E-016 ) ) ;
#4526 = PRESENTATION_STYLE_ASSIGNMENT (( #1593 ) ) ;
#4527 = CARTESIAN_POINT ( 'NONE',  ( -11.87500000000000000, -6.650000000000000400, 7.599999999999999600 ) ) ;
#4528 = ADVANCED_FACE ( 'NONE', ( #6710 ), #1899, .F. ) ;
#4529 = DIRECTION ( 'NONE',  ( -1.213057269022220100E-060, 1.000000000000000000, 0.0000000000000000000 ) ) ;
#4530 = AXIS2_PLACEMENT_3D ( 'NONE', #1671, #5649, #2210 ) ;
#4531 = VECTOR ( 'NONE', #5700, 1000.000000000000000 ) ;
#4532 = CARTESIAN_POINT ( 'NONE',  ( 9.390000000000000600, 8.150000000000000400, -0.2500000000000000000 ) ) ;
#4533 = CARTESIAN_POINT ( 'NONE',  ( -11.87500000000000000, -6.650000000000000400, 0.2000000000000000100 ) ) ;
#4534 = ORIENTED_EDGE ( 'NONE', *, *, #6808, .T. ) ;
#4535 =( NAMED_UNIT ( * ) SI_UNIT ( $, .STERADIAN. ) SOLID_ANGLE_UNIT ( ) );
#4536 = VERTEX_POINT ( 'NONE', #249 ) ;
#4537 = EDGE_LOOP ( 'NONE', ( #5781, #1841, #4941, #1917 ) ) ;
#4538 = FACE_OUTER_BOUND ( 'NONE', #5326, .T. ) ;
#4539 = EDGE_LOOP ( 'NONE', ( #600, #195, #4349, #127 ) ) ;
#4540 = PRESENTATION_LAYER_ASSIGNMENT (  '', '', ( #3767 ) ) ;
#4541 =( LENGTH_UNIT ( ) NAMED_UNIT ( * ) SI_UNIT ( .MILLI., .METRE. ) );
#4542 = ORIENTED_EDGE ( 'NONE', *, *, #2059, .T. ) ;
#4543 = SURFACE_STYLE_USAGE ( .BOTH. , #4571 ) ;
#4544 = VECTOR ( 'NONE', #717, 1000.000000000000000 ) ;
#4545 = EDGE_CURVE ( 'NONE', #4546, #6904, #6897, .T. ) ;
#4546 = VERTEX_POINT ( 'NONE', #1363 ) ;
#4547 = ORIENTED_EDGE ( 'NONE', *, *, #4023, .F. ) ;
#4548 = ORIENTED_EDGE ( 'NONE', *, *, #5556, .F. ) ;
#4549 = APPLICATION_CONTEXT ( 'automotive_design' ) ;
#4550 = DIRECTION ( 'NONE',  ( 1.000000000000000000, 0.0000000000000000000, 0.0000000000000000000 ) ) ;
#4551 = EDGE_LOOP ( 'NONE', ( #4592, #6313, #4714, #554 ) ) ;
#4552 = CARTESIAN_POINT ( 'NONE',  ( -8.890000000000000600, 7.099999999999999600, 0.3499999999999999800 ) ) ;
#4553 = UNCERTAINTY_MEASURE_WITH_UNIT (LENGTH_MEASURE( 1.000000000000000100E-005 ), #5425, 'distance_accuracy_value', 'NONE');
#4554 =( GEOMETRIC_REPRESENTATION_CONTEXT ( 3 ) GLOBAL_UNCERTAINTY_ASSIGNED_CONTEXT ( ( #4424 ) ) GLOBAL_UNIT_ASSIGNED_CONTEXT ( ( #222, #4154, #795 ) ) REPRESENTATION_CONTEXT ( 'NONE', 'WORKASPACE' ) );
#4555 = AXIS2_PLACEMENT_3D ( 'NONE', #6249, #2830, #6792 ) ;
#4556 = VECTOR ( 'NONE', #2474, 1000.000000000000000 ) ;
#4557 = SURFACE_STYLE_USAGE ( .BOTH. , #611 ) ;
#4558 = VECTOR ( 'NONE', #5066, 1000.000000000000000 ) ;
#4559 =( NAMED_UNIT ( * ) SI_UNIT ( $, .STERADIAN. ) SOLID_ANGLE_UNIT ( ) );
#4560 = CARTESIAN_POINT ( 'NONE',  ( -12.07499999999999900, -6.850000000000000500, 0.0000000000000000000 ) ) ;
#4561 = CIRCLE ( 'NONE', #1279, 0.3499999999999999800 ) ;
#4562 = DIRECTION ( 'NONE',  ( 0.0000000000000000000, 0.0000000000000000000, -1.000000000000000000 ) ) ;
#4563 = VECTOR ( 'NONE', #2355, 1000.000000000000000 ) ;
#4564 = EDGE_CURVE ( 'NONE', #2145, #4619, #374, .T. ) ;
#4565 = MECHANICAL_DESIGN_GEOMETRIC_PRESENTATION_REPRESENTATION (  '', ( #3791 ), #4931 ) ;
#4566 = DIRECTION ( 'NONE',  ( 0.0000000000000000000, 0.0000000000000000000, 1.000000000000000000 ) ) ;
#4567 = DIRECTION ( 'NONE',  ( 0.0000000000000000000, 0.0000000000000000000, 1.000000000000000000 ) ) ;
#4568 =( GEOMETRIC_REPRESENTATION_CONTEXT ( 3 ) GLOBAL_UNCERTAINTY_ASSIGNED_CONTEXT ( ( #6136 ) ) GLOBAL_UNIT_ASSIGNED_CONTEXT ( ( #1004, #4934, #1563 ) ) REPRESENTATION_CONTEXT ( 'NONE', 'WORKASPACE' ) );
#4569 = ADVANCED_FACE ( 'NONE', ( #3183 ), #4198, .T. ) ;
#4570 = DIRECTION ( 'NONE',  ( -1.000000000000000000, -0.0000000000000000000, -0.0000000000000000000 ) ) ;
#4571 = SURFACE_SIDE_STYLE ('',( #5338 ) ) ;
#4572 = LINE ( 'NONE', #631, #5375 ) ;
#4573 = ORIENTED_EDGE ( 'NONE', *, *, #204, .T. ) ;
#4574 = CARTESIAN_POINT ( 'NONE',  ( -12.07499999999999900, 6.850000000000000500, 0.0000000000000000000 ) ) ;
#4575 = MECHANICAL_DESIGN_GEOMETRIC_PRESENTATION_REPRESENTATION (  '', ( #3806 ), #4948 ) ;
#4576 = CARTESIAN_POINT ( 'NONE',  ( -8.390000000000000600, 6.850000000000000500, 0.0000000000000000000 ) ) ;
#4577 = CARTESIAN_POINT ( 'NONE',  ( -8.390000000000000600, 8.150000000000000400, 0.3499999999999999800 ) ) ;
#4578 = PLANE ( 'NONE',  #6999 ) ;
#4579 = CARTESIAN_POINT ( 'NONE',  ( 6.850000000000000500, 6.850000000000000500, 0.9499999999999999600 ) ) ;
#4580 = COLOUR_RGB ( '',0.7529411764705882200, 0.7529411764705882200, 0.7529411764705882200 ) ;
#4581 = PRESENTATION_STYLE_ASSIGNMENT (( #3854 ) ) ;
#4582 = LINE ( 'NONE', #6195, #5926 ) ;
#4583 = DIRECTION ( 'NONE',  ( 0.0000000000000000000, 0.0000000000000000000, 1.000000000000000000 ) ) ;
#4584 =( NAMED_UNIT ( * ) SI_UNIT ( $, .STERADIAN. ) SOLID_ANGLE_UNIT ( ) );
#4585 = AXIS2_PLACEMENT_3D ( 'NONE', #1288, #5229, #1825 ) ;
#4586 = CARTESIAN_POINT ( 'NONE',  ( -11.50000000000000000, -6.049999999999999800, 2.799999999999999800 ) ) ;
#4587 = PRESENTATION_STYLE_ASSIGNMENT (( #4812 ) ) ;
#4588 = ORIENTED_EDGE ( 'NONE', *, *, #485, .F. ) ;
#4589 = FACE_OUTER_BOUND ( 'NONE', #2890, .T. ) ;
#4590 = SURFACE_STYLE_FILL_AREA ( #1330 ) ;
#4591 = FILL_AREA_STYLE ('',( #5241 ) ) ;
#4592 = ORIENTED_EDGE ( 'NONE', *, *, #203, .F. ) ;
#4593 = ORIENTED_EDGE ( 'NONE', *, *, #207, .F. ) ;
#4594 = UNCERTAINTY_MEASURE_WITH_UNIT (LENGTH_MEASURE( 1.000000000000000100E-005 ), #2515, 'distance_accuracy_value', 'NONE');
#4595 = COLOUR_RGB ( '',0.7529411764705882200, 0.7529411764705882200, 0.7529411764705882200 ) ;
#4596 = CYLINDRICAL_SURFACE ( 'NONE', #3496, 0.5999999999999998700 ) ;
#4597 = AXIS2_PLACEMENT_3D ( 'NONE', #741, #4678, #1308 ) ;
#4598 = STYLED_ITEM ( 'NONE', ( #1939 ), #6418 ) ;
#4599 = CIRCLE ( 'NONE', #2552, 0.2000000000000005100 ) ;
#4600 = LINE ( 'NONE', #6732, #3085 ) ;
#4601 =( NAMED_UNIT ( * ) PLANE_ANGLE_UNIT ( ) SI_UNIT ( $, .RADIAN. ) );
#4602 = SURFACE_SIDE_STYLE ('',( #2330 ) ) ;
#4603 = ORIENTED_EDGE ( 'NONE', *, *, #3635, .F. ) ;
#4604 =( NAMED_UNIT ( * ) PLANE_ANGLE_UNIT ( ) SI_UNIT ( $, .RADIAN. ) );
#4605 = ADVANCED_FACE ( 'NONE', ( #6983 ), #6450, .F. ) ;
#4606 = EDGE_CURVE ( 'NONE', #2883, #5751, #6451, .T. ) ;
#4607 = DIRECTION ( 'NONE',  ( -1.000000000000000000, 1.213057269022220100E-060, 0.0000000000000000000 ) ) ;
#4608 = AXIS2_PLACEMENT_3D ( 'NONE', #2395, #2447, #2419 ) ;
#4609 = DIRECTION ( 'NONE',  ( 0.0000000000000000000, 0.0000000000000000000, 1.000000000000000000 ) ) ;
#4610 = ORIENTED_EDGE ( 'NONE', *, *, #2651, .F. ) ;
#4611 =( LENGTH_UNIT ( ) NAMED_UNIT ( * ) SI_UNIT ( .MILLI., .METRE. ) );
#4612 = AXIS2_PLACEMENT_3D ( 'NONE', #5679, #2247, #6247 ) ;
#4613 = CARTESIAN_POINT ( 'NONE',  ( -12.07499999999999900, 6.650000000000001200, 0.0000000000000000000 ) ) ;
#4614 = FILL_AREA_STYLE_COLOUR ( '', #5347 ) ;
#4615 = SURFACE_STYLE_FILL_AREA ( #172 ) ;
#4616 = EDGE_CURVE ( 'NONE', #1369, #3154, #3620, .T. ) ;
#4617 = STYLED_ITEM ( 'NONE', ( #5110 ), #576 ) ;
#4618 =( NAMED_UNIT ( * ) SI_UNIT ( $, .STERADIAN. ) SOLID_ANGLE_UNIT ( ) );
#4619 = VERTEX_POINT ( 'NONE', #3671 ) ;
#4620 = CARTESIAN_POINT ( 'NONE',  ( 5.850000000000000500, -6.850000000000000500, 0.6999999999999999600 ) ) ;
#4621 = ORIENTED_EDGE ( 'NONE', *, *, #4606, .T. ) ;
#4622 = ORIENTED_EDGE ( 'NONE', *, *, #3592, .T. ) ;
#4623 = FILL_AREA_STYLE_COLOUR ( '', #5360 ) ;
#4624 = ORIENTED_EDGE ( 'NONE', *, *, #2590, .F. ) ;
#4625 = DIRECTION ( 'NONE',  ( 0.0000000000000000000, -1.000000000000000000, 0.0000000000000000000 ) ) ;
#4626 = DIRECTION ( 'NONE',  ( 1.000000000000000000, 0.0000000000000000000, 0.0000000000000000000 ) ) ;
#4627 =( NAMED_UNIT ( * ) PLANE_ANGLE_UNIT ( ) SI_UNIT ( $, .RADIAN. ) );
#4628 = CARTESIAN_POINT ( 'NONE',  ( 8.939999999999999500, -5.349999999999999600, 0.1000000000000000100 ) ) ;
#4629 = AXIS2_PLACEMENT_3D ( 'NONE', #1833, #7024, #2513 ) ;
#4630 = SURFACE_STYLE_USAGE ( .BOTH. , #4730 ) ;
#4631 = CARTESIAN_POINT ( 'NONE',  ( -8.589999999999999900, -5.205000000000000100, 4.599999999999999600 ) ) ;
#4632 = CARTESIAN_POINT ( 'NONE',  ( 6.850000000000000500, -7.875740647047340600, 0.0000000000000000000 ) ) ;
#4633 = ORIENTED_EDGE ( 'NONE', *, *, #356, .T. ) ;
#4634 = DIRECTION ( 'NONE',  ( 0.0000000000000000000, -0.0000000000000000000, -1.000000000000000000 ) ) ;
#4635 = SURFACE_STYLE_FILL_AREA ( #348 ) ;
#4636 = CIRCLE ( 'NONE', #5955, 0.2000000000000005100 ) ;
#4637 = STYLED_ITEM ( 'NONE', ( #3096 ), #4482 ) ;
#4638 = ORIENTED_EDGE ( 'NONE', *, *, #4883, .T. ) ;
#4639 = MECHANICAL_DESIGN_GEOMETRIC_PRESENTATION_REPRESENTATION (  '', ( #3873 ), #5008 ) ;
#4640 = ADVANCED_FACE ( 'NONE', ( #4953 ), #3140, .F. ) ;
#4641 = CARTESIAN_POINT ( 'NONE',  ( 9.390000000000000600, 7.875740647047340600, 0.0000000000000000000 ) ) ;
#4642 = ORIENTED_EDGE ( 'NONE', *, *, #3553, .F. ) ;
#4643 = DIRECTION ( 'NONE',  ( 1.000000000000000000, 0.0000000000000000000, 0.0000000000000000000 ) ) ;
#4644 = COLOUR_RGB ( '',0.7529411764705882200, 0.7529411764705882200, 0.7529411764705882200 ) ;
#4645 =( LENGTH_UNIT ( ) NAMED_UNIT ( * ) SI_UNIT ( .MILLI., .METRE. ) );
#4646 = EDGE_CURVE ( 'NONE', #6109, #1606, #2907, .T. ) ;
#4647 = VECTOR ( 'NONE', #3490, 1000.000000000000000 ) ;
#4648 =( GEOMETRIC_REPRESENTATION_CONTEXT ( 3 ) GLOBAL_UNCERTAINTY_ASSIGNED_CONTEXT ( ( #4371 ) ) GLOBAL_UNIT_ASSIGNED_CONTEXT ( ( #2629, #1523, #3749 ) ) REPRESENTATION_CONTEXT ( 'NONE', 'WORKASPACE' ) );
#4649 = CARTESIAN_POINT ( 'NONE',  ( 6.650000000000000400, -4.955000000000000100, 2.799999999999999800 ) ) ;
#4650 = STYLED_ITEM ( 'NONE', ( #4952 ), #5776 ) ;
#4651 = DIRECTION ( 'NONE',  ( 1.000000000000000000, -0.0000000000000000000, -0.0000000000000000000 ) ) ;
#4652 = DIRECTION ( 'NONE',  ( 0.0000000000000000000, -0.4259177099999605900, 0.9047619047619044300 ) ) ;
#4653 = UNCERTAINTY_MEASURE_WITH_UNIT (LENGTH_MEASURE( 1.000000000000000100E-005 ), #2081, 'distance_accuracy_value', 'NONE');
#4654 = DIRECTION ( 'NONE',  ( -1.000000000000000000, 0.0000000000000000000, -0.0000000000000000000 ) ) ;
#4655 = CARTESIAN_POINT ( 'NONE',  ( 6.049999999999999800, -5.205000000000000100, 2.799999999999999800 ) ) ;
#4656 = EDGE_CURVE ( 'NONE', #4891, #5377, #1431, .T. ) ;
#4657 = DIRECTION ( 'NONE',  ( -1.000000000000000000, 0.0000000000000000000, -0.0000000000000000000 ) ) ;
#4658 = MECHANICAL_DESIGN_GEOMETRIC_PRESENTATION_REPRESENTATION (  '', ( #3895 ), #5030 ) ;
#4659 = SURFACE_STYLE_FILL_AREA ( #5192 ) ;
#4660 = VERTEX_POINT ( 'NONE', #1990 ) ;
#4661 = AXIS2_PLACEMENT_3D ( 'NONE', #434, #669, #5510 ) ;
#4662 = ORIENTED_EDGE ( 'NONE', *, *, #3602, .F. ) ;
#4663 = UNCERTAINTY_MEASURE_WITH_UNIT (LENGTH_MEASURE( 1.000000000000000100E-005 ), #1182, 'distance_accuracy_value', 'NONE');
#4664 = CARTESIAN_POINT ( 'NONE',  ( -9.390000000000000600, 7.607142857142859400, 0.09444937400002442800 ) ) ;
#4665 = ORIENTED_EDGE ( 'NONE', *, *, #6369, .F. ) ;
#4666 = ORIENTED_EDGE ( 'NONE', *, *, #6588, .T. ) ;
#4667 = CARTESIAN_POINT ( 'NONE',  ( -6.037499999999999600, 6.650000000000000400, 0.2000000000000000100 ) ) ;
#4668 = LINE ( 'NONE', #6011, #2966 ) ;
#4669 = ORIENTED_EDGE ( 'NONE', *, *, #5028, .T. ) ;
#4670 = FILL_AREA_STYLE ('',( #4093 ) ) ;
#4671 = CARTESIAN_POINT ( 'NONE',  ( -11.07499999999999900, -5.349999999999999600, 0.0000000000000000000 ) ) ;
#4672 = AXIS2_PLACEMENT_3D ( 'NONE', #2665, #6629, #3244 ) ;
#4673 = DIRECTION ( 'NONE',  ( 2.640288016400939700E-029, -1.000000000000000000, 1.201675860940661900E-057 ) ) ;
#4674 = VECTOR ( 'NONE', #3757, 1000.000000000000000 ) ;
#4675 = ORIENTED_EDGE ( 'NONE', *, *, #1022, .F. ) ;
#4676 = LINE ( 'NONE', #1541, #1830 ) ;
#4677 =( NAMED_UNIT ( * ) SI_UNIT ( $, .STERADIAN. ) SOLID_ANGLE_UNIT ( ) );
#4678 = DIRECTION ( 'NONE',  ( 0.0000000000000000000, -1.000000000000000000, 0.0000000000000000000 ) ) ;
#4679 = ADVANCED_FACE ( 'NONE', ( #2727 ), #367, .F. ) ;
#4680 = DIRECTION ( 'NONE',  ( -0.0000000000000000000, -0.0000000000000000000, -1.000000000000000000 ) ) ;
#4681 = SURFACE_STYLE_USAGE ( .BOTH. , #744 ) ;
#4682 = CARTESIAN_POINT ( 'NONE',  ( -9.390000000000000600, 6.850000000000000500, 0.9499999999999999600 ) ) ;
#4683 = AXIS2_PLACEMENT_3D ( 'NONE', #6500, #3120, #7079 ) ;
#4684 = CARTESIAN_POINT ( 'NONE',  ( 8.389999999999998800, 6.849999999999999600, 0.6999999999999999600 ) ) ;
#4685 = DIRECTION ( 'NONE',  ( -1.000000000000000000, 0.0000000000000000000, 0.0000000000000000000 ) ) ;
#4686 = ORIENTED_EDGE ( 'NONE', *, *, #831, .T. ) ;
#4687 = PRESENTATION_STYLE_ASSIGNMENT (( #5559 ) ) ;
#4688 = VECTOR ( 'NONE', #2793, 1000.000000000000200 ) ;
#4689 = EDGE_CURVE ( 'NONE', #2949, #168, #3704, .T. ) ;
#4690 = DIRECTION ( 'NONE',  ( -1.000000000000000000, 0.0000000000000000000, 0.0000000000000000000 ) ) ;
#4691 = DIRECTION ( 'NONE',  ( 0.0000000000000000000, -7.434529182757701400E-015, 1.000000000000000000 ) ) ;
#4692 = CARTESIAN_POINT ( 'NONE',  ( -8.390000000000000600, -7.833333333333333000, 0.2009288015000137200 ) ) ;
#4693 = CARTESIAN_POINT ( 'NONE',  ( 6.349999999999999600, -5.205000000000000100, 4.599999999999999600 ) ) ;
#4695 =( GEOMETRIC_REPRESENTATION_CONTEXT ( 3 ) GLOBAL_UNCERTAINTY_ASSIGNED_CONTEXT ( ( #1047 ) ) GLOBAL_UNIT_ASSIGNED_CONTEXT ( ( #6275, #2860, #6826 ) ) REPRESENTATION_CONTEXT ( 'NONE', 'WORKASPACE' ) );
#4694 = VECTOR ( 'NONE', #6473, 1000.000000000000000 ) ;
#4696 = COLOUR_RGB ( '',0.7529411764705882200, 0.7529411764705882200, 0.7529411764705882200 ) ;
#4697 = DIRECTION ( 'NONE',  ( -2.640288016400939700E-029, 1.000000000000000000, -1.201675860940661900E-057 ) ) ;
#4698 = VECTOR ( 'NONE', #2489, 1000.000000000000000 ) ;
#4699 = ORIENTED_EDGE ( 'NONE', *, *, #5518, .F. ) ;
#4700 = ORIENTED_EDGE ( 'NONE', *, *, #3087, .T. ) ;
#4701 = CARTESIAN_POINT ( 'NONE',  ( 5.850000000000000500, -7.642857142857141500, 0.6055506259999767800 ) ) ;
#4702 = EDGE_CURVE ( 'NONE', #4521, #5856, #5227, .T. ) ;
#4703 = CARTESIAN_POINT ( 'NONE',  ( 6.850000000000000500, 8.150000000000000400, -8.239271102010437900E-059 ) ) ;
#4704 = AXIS2_PLACEMENT_3D ( 'NONE', #1488, #3051, #4002 ) ;
#4705 = LINE ( 'NONE', #1698, #201 ) ;
#4706 = CARTESIAN_POINT ( 'NONE',  ( -9.189999999999999500, 4.955000000000000100, 4.599999999999999600 ) ) ;
#4707 =( GEOMETRIC_REPRESENTATION_CONTEXT ( 3 ) GLOBAL_UNCERTAINTY_ASSIGNED_CONTEXT ( ( #2695 ) ) GLOBAL_UNIT_ASSIGNED_CONTEXT ( ( #7060, #3665, #309 ) ) REPRESENTATION_CONTEXT ( 'NONE', 'WORKASPACE' ) );
#4708 = FILL_AREA_STYLE_COLOUR ( '', #3979 ) ;
#4709 = DIRECTION ( 'NONE',  ( 0.0000000000000000000, 0.4259177099999558200, -0.9047619047619066500 ) ) ;
#4710 = EDGE_CURVE ( 'NONE', #7206, #3910, #2181, .T. ) ;
#4711 =( GEOMETRIC_REPRESENTATION_CONTEXT ( 3 ) GLOBAL_UNCERTAINTY_ASSIGNED_CONTEXT ( ( #1432 ) ) GLOBAL_UNIT_ASSIGNED_CONTEXT ( ( #1944, #1918, #1895 ) ) REPRESENTATION_CONTEXT ( 'NONE', 'WORKASPACE' ) );
#4712 = ADVANCED_FACE ( 'NONE', ( #2014 ), #417, .F. ) ;
#4713 = DIRECTION ( 'NONE',  ( 1.000000000000000000, -0.0000000000000000000, -0.0000000000000000000 ) ) ;
#4714 = ORIENTED_EDGE ( 'NONE', *, *, #3350, .F. ) ;
#4715 = PRESENTATION_LAYER_ASSIGNMENT (  '', '', ( #3950 ) ) ;
#4716 = EDGE_LOOP ( 'NONE', ( #1298, #7074, #6290, #1688 ) ) ;
#4717 = VERTEX_POINT ( 'NONE', #6594 ) ;
#4718 = VECTOR ( 'NONE', #2256, 1000.000000000000000 ) ;
#4719 = ORIENTED_EDGE ( 'NONE', *, *, #1309, .T. ) ;
#4720 = FILL_AREA_STYLE ('',( #2998 ) ) ;
#4721 = VERTEX_POINT ( 'NONE', #4946 ) ;
#4722 =( NAMED_UNIT ( * ) SI_UNIT ( $, .STERADIAN. ) SOLID_ANGLE_UNIT ( ) );
#4723 = VECTOR ( 'NONE', #2662, 1000.000000000000000 ) ;
#4724 = CARTESIAN_POINT ( 'NONE',  ( -11.87500000000000000, -6.849999999999999600, 0.08284271247319469100 ) ) ;
#4725 = FILL_AREA_STYLE_COLOUR ( '', #2475 ) ;
#4726 = EDGE_LOOP ( 'NONE', ( #3375, #4114, #5013, #2050 ) ) ;
#4727 = ORIENTED_EDGE ( 'NONE', *, *, #6145, .F. ) ;
#4728 = AXIS2_PLACEMENT_3D ( 'NONE', #3909, #543, #4470 ) ;
#4729 = EDGE_LOOP ( 'NONE', ( #1299, #809, #1522, #5705 ) ) ;
#4730 = SURFACE_SIDE_STYLE ('',( #6678 ) ) ;
#4731 = LINE ( 'NONE', #6979, #235 ) ;
#4732 = CARTESIAN_POINT ( 'NONE',  ( 11.87500000000000000, -6.850000000000000500, 7.599999999999999600 ) ) ;
#4733 = FILL_AREA_STYLE ('',( #6235 ) ) ;
#4734 = STYLED_ITEM ( 'NONE', ( #3694 ), #4949 ) ;
#4735 = DIRECTION ( 'NONE',  ( 1.000000000000000000, 0.0000000000000000000, -0.0000000000000000000 ) ) ;
#4736 = VECTOR ( 'NONE', #3482, 1000.000000000000000 ) ;
#4737 = CARTESIAN_POINT ( 'NONE',  ( 5.850000000000000500, 7.099999999999999600, 0.3499999999999999800 ) ) ;
#4738 = CARTESIAN_POINT ( 'NONE',  ( 8.890000000000000600, -7.099999999999999600, 0.3499999999999999800 ) ) ;
#4739 = EDGE_LOOP ( 'NONE', ( #4293, #3707, #4318, #4593 ) ) ;
#4740 = CARTESIAN_POINT ( 'NONE',  ( 6.850000000000000500, -8.150000000000000400, -0.2500000000000000000 ) ) ;
#4741 = EDGE_CURVE ( 'NONE', #3674, #4774, #4510, .T. ) ;
#4742 = EDGE_CURVE ( 'NONE', #3921, #51, #6024, .T. ) ;
#4743 = FILL_AREA_STYLE ('',( #617 ) ) ;
#4744 = STYLED_ITEM ( 'NONE', ( #4297 ), #1318 ) ;
#4745 = DIRECTION ( 'NONE',  ( 1.000000000000000000, 0.0000000000000000000, 0.0000000000000000000 ) ) ;
#4746 = PRODUCT_RELATED_PRODUCT_CATEGORY ( 'part', '', ( #3559 ) ) ;
#4747 = CARTESIAN_POINT ( 'NONE',  ( -12.07499999999999900, -6.650000000000001200, 0.2000000000000002100 ) ) ;
#4748 = UNCERTAINTY_MEASURE_WITH_UNIT (LENGTH_MEASURE( 1.000000000000000100E-005 ), #1438, 'distance_accuracy_value', 'NONE');
#4749 =( NAMED_UNIT ( * ) SI_UNIT ( $, .STERADIAN. ) SOLID_ANGLE_UNIT ( ) );
#4750 = ADVANCED_FACE ( 'NONE', ( #2812 ), #820, .F. ) ;
#4751 = EDGE_LOOP ( 'NONE', ( #7169, #493, #4203, #7004 ) ) ;
#4752 = EDGE_CURVE ( 'NONE', #3716, #3563, #6801, .T. ) ;
#4753 = FILL_AREA_STYLE ('',( #4805 ) ) ;
#4754 = AXIS2_PLACEMENT_3D ( 'NONE', #525, #503, #477 ) ;
#4755 = PRESENTATION_LAYER_ASSIGNMENT (  '', '', ( #3997 ) ) ;
#4756 = FILL_AREA_STYLE ('',( #2431 ) ) ;
#4757 = DIRECTION ( 'NONE',  ( 1.632966780389950100E-028, 0.0000000000000000000, -1.000000000000000000 ) ) ;
#4758 = PRESENTATION_STYLE_ASSIGNMENT (( #428 ) ) ;
#4759 = VECTOR ( 'NONE', #994, 1000.000000000000000 ) ;
#4760 = CARTESIAN_POINT ( 'NONE',  ( -11.30000000000000100, 6.250000000000000000, 1.600000000000000100 ) ) ;
#4761 = FACE_OUTER_BOUND ( 'NONE', #1881, .T. ) ;
#4762 = CARTESIAN_POINT ( 'NONE',  ( -8.890000000000000600, 7.099999999999999600, 0.6999999999999999600 ) ) ;
#4763 = DIRECTION ( 'NONE',  ( 1.000000000000000000, -0.0000000000000000000, 0.0000000000000000000 ) ) ;
#4764 = CIRCLE ( 'NONE', #4794, 0.2000000000000005100 ) ;
#4765 = ORIENTED_EDGE ( 'NONE', *, *, #6268, .T. ) ;
#4766 = DIRECTION ( 'NONE',  ( 1.000000000000000000, 0.0000000000000000000, -0.0000000000000000000 ) ) ;
#4767 = AXIS2_PLACEMENT_3D ( 'NONE', #754, #4690, #1319 ) ;
#4768 = EDGE_LOOP ( 'NONE', ( #3016, #4839, #4699, #5093 ) ) ;
#4769 = CARTESIAN_POINT ( 'NONE',  ( -9.390000000000000600, -7.833333333333333000, 0.2009288015000137200 ) ) ;
#4770 = ORIENTED_EDGE ( 'NONE', *, *, #627, .F. ) ;
#4771 = LINE ( 'NONE', #1769, #6286 ) ;
#4772 = SURFACE_SIDE_STYLE ('',( #4498 ) ) ;
#4773 = COLOUR_RGB ( '',0.7529411764705882200, 0.7529411764705882200, 0.7529411764705882200 ) ;
#4774 = VERTEX_POINT ( 'NONE', #3851 ) ;
#4775 = CYLINDRICAL_SURFACE ( 'NONE', #6353, 0.2000000000000000100 ) ;
#4776 = CARTESIAN_POINT ( 'NONE',  ( 8.589999999999999900, -4.955000000000000100, 4.599999999999999600 ) ) ;
#4777 = COLOUR_RGB ( '',0.7529411764705882200, 0.7529411764705882200, 0.7529411764705882200 ) ;
#4778 = STYLED_ITEM ( 'NONE', ( #3019 ), #4352 ) ;
#4779 = CARTESIAN_POINT ( 'NONE',  ( -12.07500000000000100, 6.650000000000000400, 0.2000000000000005100 ) ) ;
#4780 = COLOUR_RGB ( '',0.7529411764705882200, 0.7529411764705882200, 0.7529411764705882200 ) ;
#4781 = SURFACE_SIDE_STYLE ('',( #6209 ) ) ;
#4782 = ORIENTED_EDGE ( 'NONE', *, *, #1813, .F. ) ;
#4783 = PRESENTATION_STYLE_ASSIGNMENT (( #875 ) ) ;
#4784 = EDGE_CURVE ( 'NONE', #3447, #6109, #5321, .T. ) ;
#4785 = ADVANCED_FACE ( 'NONE', ( #6620 ), #726, .T. ) ;
#4786 = SURFACE_STYLE_USAGE ( .BOTH. , #854 ) ;
#4787 = SURFACE_STYLE_FILL_AREA ( #1740 ) ;
#4788 = CARTESIAN_POINT ( 'NONE',  ( 8.589999999999999900, 5.205000000000000100, 4.599999999999999600 ) ) ;
#4789 = CARTESIAN_POINT ( 'NONE',  ( -8.890000000000000600, -7.099999999999999600, 0.6999999999999999600 ) ) ;
#4790 = LINE ( 'NONE', #2383, #6304 ) ;
#4791 = FACE_BOUND ( 'NONE', #826, .T. ) ;
#4792 = CARTESIAN_POINT ( 'NONE',  ( 8.390000000000000600, -7.607142857142860300, 0.09444937400002460800 ) ) ;
#4793 = AXIS2_PLACEMENT_3D ( 'NONE', #937, #4877, #1505 ) ;
#4794 = AXIS2_PLACEMENT_3D ( 'NONE', #742, #4680, #1310 ) ;
#4795 = FACE_OUTER_BOUND ( 'NONE', #4350, .T. ) ;
#4796 = PLANE ( 'NONE',  #5663 ) ;
#4797 = DIRECTION ( 'NONE',  ( 0.0000000000000000000, -1.000000000000000000, -0.0000000000000000000 ) ) ;
#4798 = ORIENTED_EDGE ( 'NONE', *, *, #3352, .T. ) ;
#4799 = CARTESIAN_POINT ( 'NONE',  ( 9.390000000000000600, -7.099999999999999600, 0.9500000000000000700 ) ) ;
#4800 = PRESENTATION_LAYER_ASSIGNMENT (  '', '', ( #4407 ) ) ;
#4801 = ORIENTED_EDGE ( 'NONE', *, *, #5529, .T. ) ;
#4802 = MECHANICAL_DESIGN_GEOMETRIC_PRESENTATION_REPRESENTATION (  '', ( #3274 ), #5181 ) ;
#4803 = ORIENTED_EDGE ( 'NONE', *, *, #7232, .F. ) ;
#4804 = ORIENTED_EDGE ( 'NONE', *, *, #2338, .F. ) ;
#4805 = FILL_AREA_STYLE_COLOUR ( '', #698 ) ;
#4806 = CARTESIAN_POINT ( 'NONE',  ( 8.589999999999999900, 4.955000000000000100, 2.799999999999999800 ) ) ;
#4807 = CARTESIAN_POINT ( 'NONE',  ( 12.07500000000000100, -6.718629150101497400, 0.08284271247461973100 ) ) ;
#4808 = SURFACE_SIDE_STYLE ('',( #2639 ) ) ;
#4809 = UNCERTAINTY_MEASURE_WITH_UNIT (LENGTH_MEASURE( 1.000000000000000100E-005 ), #6121, 'distance_accuracy_value', 'NONE');
#4810 = FILL_AREA_STYLE_COLOUR ( '', #369 ) ;
#4811 = VECTOR ( 'NONE', #4955, 1000.000000000000000 ) ;
#4812 = SURFACE_STYLE_USAGE ( .BOTH. , #873 ) ;
#4813 = MECHANICAL_DESIGN_GEOMETRIC_PRESENTATION_REPRESENTATION (  '', ( #657 ), #5190 ) ;
#4814 = ORIENTED_EDGE ( 'NONE', *, *, #4036, .T. ) ;
#4815 = SURFACE_STYLE_USAGE ( .BOTH. , #878 ) ;
#4816 = VECTOR ( 'NONE', #6479, 1000.000000000000000 ) ;
#4817 = VERTEX_POINT ( 'NONE', #1057 ) ;
#4818 = VERTEX_POINT ( 'NONE', #2196 ) ;
#4819 = FACE_OUTER_BOUND ( 'NONE', #5632, .T. ) ;
#4820 = LINE ( 'NONE', #3897, #1121 ) ;
#4821 = DIRECTION ( 'NONE',  ( 0.0000000000000000000, 0.0000000000000000000, 1.000000000000000000 ) ) ;
#4822 = AXIS2_PLACEMENT_3D ( 'NONE', #6902, #152, #2969 ) ;
#4823 = CIRCLE ( 'NONE', #6135, 0.3500000000000020300 ) ;
#4824 = CARTESIAN_POINT ( 'NONE',  ( -12.07499999999999900, 6.850000000000000500, 0.6999999999999999600 ) ) ;
#4825 = FILL_AREA_STYLE_COLOUR ( '', #7209 ) ;
#4826 = CARTESIAN_POINT ( 'NONE',  ( -12.07499999999999900, 6.650000000000001200, 0.2000000000000005100 ) ) ;
#4827 = DIRECTION ( 'NONE',  ( 0.0000000000000000000, 0.0000000000000000000, 1.000000000000000000 ) ) ;
#4828 = DIRECTION ( 'NONE',  ( 2.640288016400939700E-029, -1.000000000000000000, 1.201675860940661900E-057 ) ) ;
#4829 = UNCERTAINTY_MEASURE_WITH_UNIT (LENGTH_MEASURE( 1.000000000000000100E-005 ), #50, 'distance_accuracy_value', 'NONE');
#4830 = UNCERTAINTY_MEASURE_WITH_UNIT (LENGTH_MEASURE( 1.000000000000000100E-005 ), #1887, 'distance_accuracy_value', 'NONE');
#4831 = MECHANICAL_DESIGN_GEOMETRIC_PRESENTATION_REPRESENTATION (  '', ( #3304 ), #5218 ) ;
#4832 = MECHANICAL_DESIGN_GEOMETRIC_PRESENTATION_REPRESENTATION (  '', ( #3676 ), #5219 ) ;
#4833 = CARTESIAN_POINT ( 'NONE',  ( 9.390000000000000600, -8.150000000000000400, 0.3499999999999999800 ) ) ;
#4834 = DIRECTION ( 'NONE',  ( -0.0000000000000000000, -0.0000000000000000000, -1.000000000000000000 ) ) ;
#4835 = ORIENTED_EDGE ( 'NONE', *, *, #6028, .F. ) ;
#4836 = DIRECTION ( 'NONE',  ( 1.393726859448460000E-028, -1.000000000000000000, 2.275909662416548100E-056 ) ) ;
#4837 = EDGE_CURVE ( 'NONE', #4891, #5505, #1597, .T. ) ;
#4838 = SURFACE_SIDE_STYLE ('',( #4305 ) ) ;
#4839 = ORIENTED_EDGE ( 'NONE', *, *, #4710, .F. ) ;
#4840 = SHAPE_REPRESENTATION_RELATIONSHIP ( 'NONE' , 'NONE' ,  #530, #1333 ) ;
#4841 = MECHANICAL_DESIGN_GEOMETRIC_PRESENTATION_REPRESENTATION (  '', ( #3686 ), #5228 ) ;
#4842 =( LENGTH_UNIT ( ) NAMED_UNIT ( * ) SI_UNIT ( .MILLI., .METRE. ) );
#4843 = CIRCLE ( 'NONE', #4336, 0.5999999999999999800 ) ;
#4844 = CARTESIAN_POINT ( 'NONE',  ( -12.07499999999999900, 6.650000000000001200, 0.0000000000000000000 ) ) ;
#4845 = SURFACE_SIDE_STYLE ('',( #1585 ) ) ;
#4846 = ORIENTED_EDGE ( 'NONE', *, *, #5902, .T. ) ;
#4847 =( GEOMETRIC_REPRESENTATION_CONTEXT ( 3 ) GLOBAL_UNCERTAINTY_ASSIGNED_CONTEXT ( ( #2005 ) ) GLOBAL_UNIT_ASSIGNED_CONTEXT ( ( #4097, #740, #4677 ) ) REPRESENTATION_CONTEXT ( 'NONE', 'WORKASPACE' ) );
#4848 =( NAMED_UNIT ( * ) SI_UNIT ( $, .STERADIAN. ) SOLID_ANGLE_UNIT ( ) );
#4849 = VECTOR ( 'NONE', #4657, 1000.000000000000000 ) ;
#4850 = DIRECTION ( 'NONE',  ( 0.0000000000000000000, -1.000000000000000000, -0.0000000000000000000 ) ) ;
#4851 = EDGE_CURVE ( 'NONE', #1066, #3251, #4600, .T. ) ;
#4852 = ORIENTED_EDGE ( 'NONE', *, *, #4267, .T. ) ;
#4853 = DIRECTION ( 'NONE',  ( 1.000000000000000000, 0.0000000000000000000, 0.0000000000000000000 ) ) ;
#4854 = CARTESIAN_POINT ( 'NONE',  ( -12.07499999999999900, 6.650000000000002100, 0.2000000000000004600 ) ) ;
#4855 = DIRECTION ( 'NONE',  ( 1.000000000000000000, 0.0000000000000000000, 0.0000000000000000000 ) ) ;
#4856 =( NAMED_UNIT ( * ) SI_UNIT ( $, .STERADIAN. ) SOLID_ANGLE_UNIT ( ) );
#4857 = SHAPE_REPRESENTATION ( 'tes2m', ( #1711, #209, #592 ), #973 ) ;
#4858 = FILL_AREA_STYLE ('',( #2562 ) ) ;
#4859 = DIRECTION ( 'NONE',  ( 0.0000000000000000000, 0.0000000000000000000, 1.000000000000000000 ) ) ;
#4860 = DIRECTION ( 'NONE',  ( -1.000000000000000000, -0.0000000000000000000, 0.0000000000000000000 ) ) ;
#4861 = PRESENTATION_STYLE_ASSIGNMENT (( #5645 ) ) ;
#4862 = VERTEX_POINT ( 'NONE', #563 ) ;
#4863 =( LENGTH_UNIT ( ) NAMED_UNIT ( * ) SI_UNIT ( .MILLI., .METRE. ) );
#4864 = VECTOR ( 'NONE', #5539, 1000.000000000000000 ) ;
#4865 = CARTESIAN_POINT ( 'NONE',  ( 8.390000000000000600, 8.150000000000000400, 0.3499999999999999800 ) ) ;
#4866 = STYLED_ITEM ( 'NONE', ( #6776 ), #3435 ) ;
#4867 = DIRECTION ( 'NONE',  ( 1.000000000000000000, 2.047319486629582400E-065, -3.477682939953820000E-033 ) ) ;
#4868 = LINE ( 'NONE', #2512, #550 ) ;
#4869 = VECTOR ( 'NONE', #2936, 1000.000000000000000 ) ;
#4870 = SURFACE_SIDE_STYLE ('',( #1487 ) ) ;
#4871 = CARTESIAN_POINT ( 'NONE',  ( 5.850000000000000500, 7.875740647047340600, 0.2507484938770950800 ) ) ;
#4872 = FILL_AREA_STYLE_COLOUR ( '', #2078 ) ;
#4873 = ORIENTED_EDGE ( 'NONE', *, *, #1297, .T. ) ;
#4874 = MECHANICAL_DESIGN_GEOMETRIC_PRESENTATION_REPRESENTATION (  '', ( #3720 ), #5259 ) ;
#4875 =( GEOMETRIC_REPRESENTATION_CONTEXT ( 3 ) GLOBAL_UNCERTAINTY_ASSIGNED_CONTEXT ( ( #3320 ) ) GLOBAL_UNIT_ASSIGNED_CONTEXT ( ( #4393, #1032, #4973 ) ) REPRESENTATION_CONTEXT ( 'NONE', 'WORKASPACE' ) );
#4876 = CARTESIAN_POINT ( 'NONE',  ( -12.07500000000000100, 6.650000000000001200, 0.1999999999999999800 ) ) ;
#4877 = DIRECTION ( 'NONE',  ( 0.0000000000000000000, 0.0000000000000000000, 1.000000000000000000 ) ) ;
#4878 = CARTESIAN_POINT ( 'NONE',  ( -8.890000000000000600, -7.099999999999999600, 0.3499999999999999800 ) ) ;
#4879 = VECTOR ( 'NONE', #5168, 1000.000000000000000 ) ;
#4880 = EDGE_CURVE ( 'NONE', #748, #4818, #2900, .T. ) ;
#4881 =( NAMED_UNIT ( * ) SI_UNIT ( $, .STERADIAN. ) SOLID_ANGLE_UNIT ( ) );
#4882 = CYLINDRICAL_SURFACE ( 'NONE', #4268, 0.2000000000000000100 ) ;
#4883 = EDGE_CURVE ( 'NONE', #1366, #2566, #6118, .T. ) ;
#4884 = EDGE_CURVE ( 'NONE', #4265, #4090, #7225, .T. ) ;
#4885 = FILL_AREA_STYLE_COLOUR ( '', #932 ) ;
#4886 = VECTOR ( 'NONE', #3108, 1000.000000000000000 ) ;
#4887 =( GEOMETRIC_REPRESENTATION_CONTEXT ( 3 ) GLOBAL_UNCERTAINTY_ASSIGNED_CONTEXT ( ( #2614 ) ) GLOBAL_UNIT_ASSIGNED_CONTEXT ( ( #6194, #2780, #6726 ) ) REPRESENTATION_CONTEXT ( 'NONE', 'WORKASPACE' ) );
#4888 = CARTESIAN_POINT ( 'NONE',  ( -9.390000000000000600, -7.099999999999999600, 0.9500000000000000700 ) ) ;
#4889 =( NAMED_UNIT ( * ) PLANE_ANGLE_UNIT ( ) SI_UNIT ( $, .RADIAN. ) );
#4890 = EDGE_LOOP ( 'NONE', ( #1415, #5892, #4400, #4624 ) ) ;
#4891 = VERTEX_POINT ( 'NONE', #1135 ) ;
#4892 = CIRCLE ( 'NONE', #4019, 0.7500000000000000000 ) ;
#4893 = EDGE_LOOP ( 'NONE', ( #6480, #4382, #5706, #332 ) ) ;
#4894 = LINE ( 'NONE', #256, #1875 ) ;
#4895 = SURFACE_SIDE_STYLE ('',( #2530 ) ) ;
#4896 = EDGE_CURVE ( 'NONE', #1029, #5856, #4231, .T. ) ;
#4897 =( GEOMETRIC_REPRESENTATION_CONTEXT ( 3 ) GLOBAL_UNCERTAINTY_ASSIGNED_CONTEXT ( ( #4594 ) ) GLOBAL_UNIT_ASSIGNED_CONTEXT ( ( #2515, #2492, #2470 ) ) REPRESENTATION_CONTEXT ( 'NONE', 'WORKASPACE' ) );
#4898 = PRESENTATION_LAYER_ASSIGNMENT (  '', '', ( #4516 ) ) ;
#4899 = ORIENTED_EDGE ( 'NONE', *, *, #4086, .T. ) ;
#4900 = PLANE ( 'NONE',  #5417 ) ;
#4901 = CARTESIAN_POINT ( 'NONE',  ( -8.390000000000000600, 7.875740647047340600, 0.0000000000000000000 ) ) ;
#4902 = ORIENTED_EDGE ( 'NONE', *, *, #2973, .F. ) ;
#4903 = ORIENTED_EDGE ( 'NONE', *, *, #7009, .T. ) ;
#4904 = DIRECTION ( 'NONE',  ( -0.0000000000000000000, -0.0000000000000000000, -1.000000000000000000 ) ) ;
#4905 = SURFACE_SIDE_STYLE ('',( #173 ) ) ;
#4906 = DIRECTION ( 'NONE',  ( -1.000000000000000000, -2.047319486629579800E-065, 0.0000000000000000000 ) ) ;
#4907 = PRESENTATION_LAYER_ASSIGNMENT (  '', '', ( #4141 ) ) ;
#4908 = FILL_AREA_STYLE ('',( #1534 ) ) ;
#4909 = VECTOR ( 'NONE', #3427, 1000.000000000000000 ) ;
#4910 = CARTESIAN_POINT ( 'NONE',  ( -8.890000000000000600, 9.000000000000001800, 0.0000000000000000000 ) ) ;
#4911 = DIRECTION ( 'NONE',  ( -1.000000000000000000, -0.0000000000000000000, -0.0000000000000000000 ) ) ;
#4912 = DIRECTION ( 'NONE',  ( -2.047319486629579800E-065, 1.000000000000000000, 0.0000000000000000000 ) ) ;
#4913 = ADVANCED_FACE ( 'NONE', ( #1250 ), #2248, .T. ) ;
#4914 = COLOUR_RGB ( '',0.7529411764705882200, 0.7529411764705882200, 0.7529411764705882200 ) ;
#4915 = MECHANICAL_DESIGN_GEOMETRIC_PRESENTATION_REPRESENTATION (  '', ( #3767 ), #5309 ) ;
#4916 = DIRECTION ( 'NONE',  ( 1.213057269022220100E-060, 1.000000000000000000, 0.0000000000000000000 ) ) ;
#4917 = UNCERTAINTY_MEASURE_WITH_UNIT (LENGTH_MEASURE( 1.000000000000000100E-005 ), #377, 'distance_accuracy_value', 'NONE');
#4918 = CARTESIAN_POINT ( 'NONE',  ( -8.890000000000000600, -7.099999999999999600, 0.3499999999999999800 ) ) ;
#4919 = EDGE_CURVE ( 'NONE', #5796, #1606, #2173, .T. ) ;
#4920 = CARTESIAN_POINT ( 'NONE',  ( -12.07500000000000300, 6.767157287525380500, 0.2000000000000004800 ) ) ;
#4921 = FILL_AREA_STYLE ('',( #991 ) ) ;
#4922 = ORIENTED_EDGE ( 'NONE', *, *, #3829, .T. ) ;
#4923 = FILL_AREA_STYLE ('',( #4348 ) ) ;
#4924 = SURFACE_STYLE_FILL_AREA ( #1209 ) ;
#4925 = SURFACE_SIDE_STYLE ('',( #4234 ) ) ;
#4926 = ORIENTED_EDGE ( 'NONE', *, *, #6918, .F. ) ;
#4927 = AXIS2_PLACEMENT_3D ( 'NONE', #3952, #589, #4529 ) ;
#4928 = DIRECTION ( 'NONE',  ( -0.0000000000000000000, -0.0000000000000000000, -1.000000000000000000 ) ) ;
#4929 = DIRECTION ( 'NONE',  ( 1.000000000000000000, 2.047319486629579800E-065, 0.0000000000000000000 ) ) ;
#4930 = EDGE_CURVE ( 'NONE', #4721, #5962, #5221, .T. ) ;
#4931 =( GEOMETRIC_REPRESENTATION_CONTEXT ( 3 ) GLOBAL_UNCERTAINTY_ASSIGNED_CONTEXT ( ( #3597 ) ) GLOBAL_UNIT_ASSIGNED_CONTEXT ( ( #5457, #5405, #5381 ) ) REPRESENTATION_CONTEXT ( 'NONE', 'WORKASPACE' ) );
#4932 = SURFACE_STYLE_USAGE ( .BOTH. , #1000 ) ;
#4933 = CARTESIAN_POINT ( 'NONE',  ( -9.390000000000000600, -4.955000000000000100, 2.799999999999999800 ) ) ;
#4934 =( NAMED_UNIT ( * ) PLANE_ANGLE_UNIT ( ) SI_UNIT ( $, .RADIAN. ) );
#4935 = VERTEX_POINT ( 'NONE', #5712 ) ;
#4936 = PRESENTATION_LAYER_ASSIGNMENT (  '', '', ( #5334 ) ) ;
#4937 = ORIENTED_EDGE ( 'NONE', *, *, #6488, .F. ) ;
#4938 =( NAMED_UNIT ( * ) SI_UNIT ( $, .STERADIAN. ) SOLID_ANGLE_UNIT ( ) );
#4939 = DIRECTION ( 'NONE',  ( -1.000000000000000000, 2.047319486629579800E-065, 0.0000000000000000000 ) ) ;
#4940 = COLOUR_RGB ( '',0.7529411764705882200, 0.7529411764705882200, 0.7529411764705882200 ) ;
#4941 = ORIENTED_EDGE ( 'NONE', *, *, #6540, .T. ) ;
#4942 = CARTESIAN_POINT ( 'NONE',  ( 12.07499999999999900, 6.650000000000000400, 0.0000000000000000000 ) ) ;
#4943 = DIRECTION ( 'NONE',  ( 0.0000000000000000000, 0.0000000000000000000, 1.000000000000000000 ) ) ;
#4944 = DIRECTION ( 'NONE',  ( -1.393726859448460000E-028, -1.000000000000000000, -2.275909662416548100E-056 ) ) ;
#4945 = VECTOR ( 'NONE', #6098, 1000.000000000000000 ) ;
#4946 = CARTESIAN_POINT ( 'NONE',  ( 9.390000000000000600, -7.099999999999999600, 0.6999999999999999600 ) ) ;
#4947 = CARTESIAN_POINT ( 'NONE',  ( 5.850000000000000500, 4.955000000000000100, 2.799999999999999800 ) ) ;
#4948 =( GEOMETRIC_REPRESENTATION_CONTEXT ( 3 ) GLOBAL_UNCERTAINTY_ASSIGNED_CONTEXT ( ( #5546 ) ) GLOBAL_UNIT_ASSIGNED_CONTEXT ( ( #3052, #7012, #3621 ) ) REPRESENTATION_CONTEXT ( 'NONE', 'WORKASPACE' ) );
#4949 = ADVANCED_FACE ( 'NONE', ( #5032 ), #4578, .T. ) ;
#4950 =( NAMED_UNIT ( * ) SI_UNIT ( $, .STERADIAN. ) SOLID_ANGLE_UNIT ( ) );
#4951 = VECTOR ( 'NONE', #6994, 1000.000000000000000 ) ;
#4952 = PRESENTATION_STYLE_ASSIGNMENT (( #6153 ) ) ;
#4953 = FACE_OUTER_BOUND ( 'NONE', #4232, .T. ) ;
#4954 = CARTESIAN_POINT ( 'NONE',  ( 11.87500000000000000, -6.850000000000000500, 0.0000000000000000000 ) ) ;
#4955 = DIRECTION ( 'NONE',  ( 1.632966780389950100E-028, -0.0000000000000000000, -1.000000000000000000 ) ) ;
#4956 = ORIENTED_EDGE ( 'NONE', *, *, #2311, .F. ) ;
#4957 = VECTOR ( 'NONE', #943, 1000.000000000000000 ) ;
#4958 = COLOUR_RGB ( '',0.7529411764705882200, 0.7529411764705882200, 0.7529411764705882200 ) ;
#4959 = FACE_BOUND ( 'NONE', #2391, .T. ) ;
#4960 = AXIS2_PLACEMENT_3D ( 'NONE', #664, #4609, #1232 ) ;
#4961 = CARTESIAN_POINT ( 'NONE',  ( -9.390000000000000600, -7.099999999999999600, 0.3499999999999999800 ) ) ;
#4962 = ORIENTED_EDGE ( 'NONE', *, *, #3187, .T. ) ;
#4963 = VECTOR ( 'NONE', #3587, 1000.000000000000000 ) ;
#4964 = VECTOR ( 'NONE', #1574, 1000.000000000000000 ) ;
#4965 = DIRECTION ( 'NONE',  ( 2.047319486629579800E-065, 1.000000000000000000, -0.0000000000000000000 ) ) ;
#4966 = ORIENTED_EDGE ( 'NONE', *, *, #5870, .T. ) ;
#4967 = DIRECTION ( 'NONE',  ( -0.0000000000000000000, -0.0000000000000000000, 1.000000000000000000 ) ) ;
#4968 = CYLINDRICAL_SURFACE ( 'NONE', #5872, 0.2000000000000005100 ) ;
#4969 = UNCERTAINTY_MEASURE_WITH_UNIT (LENGTH_MEASURE( 1.000000000000000100E-005 ), #1139, 'distance_accuracy_value', 'NONE');
#4970 = PRESENTATION_LAYER_ASSIGNMENT (  '', '', ( #4200 ) ) ;
#4971 = PRESENTATION_LAYER_ASSIGNMENT (  '', '', ( #4598 ) ) ;
#4972 = DIRECTION ( 'NONE',  ( 0.0000000000000000000, 0.0000000000000000000, -1.000000000000000000 ) ) ;
#4973 =( NAMED_UNIT ( * ) SI_UNIT ( $, .STERADIAN. ) SOLID_ANGLE_UNIT ( ) );
#4974 = ORIENTED_EDGE ( 'NONE', *, *, #887, .T. ) ;
#4975 = FILL_AREA_STYLE ('',( #6641 ) ) ;
#4976 = ORIENTED_EDGE ( 'NONE', *, *, #4880, .T. ) ;
#4977 = UNCERTAINTY_MEASURE_WITH_UNIT (LENGTH_MEASURE( 1.000000000000000100E-005 ), #2152, 'distance_accuracy_value', 'NONE');
#4978 = EDGE_CURVE ( 'NONE', #7105, #518, #6016, .T. ) ;
#4979 = CARTESIAN_POINT ( 'NONE',  ( -9.390000000000000600, -7.099999999999999600, 0.3499999999999999800 ) ) ;
#4980 = PRESENTATION_LAYER_ASSIGNMENT (  '', '', ( #4210 ) ) ;
#4981 = LINE ( 'NONE', #2130, #1962 ) ;
#4982 = UNCERTAINTY_MEASURE_WITH_UNIT (LENGTH_MEASURE( 1.000000000000000100E-005 ), #7001, 'distance_accuracy_value', 'NONE');
#4983 = AXIS2_PLACEMENT_3D ( 'NONE', #6757, #3377, #19 ) ;
#4984 = DIRECTION ( 'NONE',  ( -1.000000000000000000, 0.0000000000000000000, -0.0000000000000000000 ) ) ;
#4985 = VERTEX_POINT ( 'NONE', #5172 ) ;
#4986 = ORIENTED_EDGE ( 'NONE', *, *, #263, .F. ) ;
#4987 = ADVANCED_FACE ( 'NONE', ( #183 ), #1226, .T. ) ;
#4988 = CARTESIAN_POINT ( 'NONE',  ( 6.049999999999999800, 5.205000000000000100, 4.599999999999999600 ) ) ;
#4989 = EDGE_CURVE ( 'NONE', #6454, #2687, #983, .T. ) ;
#4990 = AXIS2_PLACEMENT_3D ( 'NONE', #6702, #6753, #6362 ) ;
#4991 = ORIENTED_EDGE ( 'NONE', *, *, #162, .F. ) ;
#4992 = ORIENTED_EDGE ( 'NONE', *, *, #2829, .T. ) ;
#4993 = CARTESIAN_POINT ( 'NONE',  ( 8.390000000000000600, -7.833333333333333000, 0.2009288015000137200 ) ) ;
#4994 = CARTESIAN_POINT ( 'NONE',  ( 5.850000000000000500, 4.955000000000000100, 2.799999999999999800 ) ) ;
#4995 = CARTESIAN_POINT ( 'NONE',  ( 11.87500000000000000, 6.850000000000000500, 0.0000000000000000000 ) ) ;
#4996 = FILL_AREA_STYLE_COLOUR ( '', #4780 ) ;
#4997 = CARTESIAN_POINT ( 'NONE',  ( 6.850000000000000500, 8.150000000000000400, 0.3499999999999999800 ) ) ;
#4998 = FACE_OUTER_BOUND ( 'NONE', #1920, .T. ) ;
#4999 = MECHANICAL_DESIGN_GEOMETRIC_PRESENTATION_REPRESENTATION (  '', ( #4237 ), #5397 ) ;
#5000 = PLANE ( 'NONE',  #6774 ) ;
#5001 = FILL_AREA_STYLE ('',( #6668 ) ) ;
#5002 = CARTESIAN_POINT ( 'NONE',  ( 5.850000000000000500, 7.642857142857140600, 0.6055506259999767800 ) ) ;
#5003 =( LENGTH_UNIT ( ) NAMED_UNIT ( * ) SI_UNIT ( .MILLI., .METRE. ) );
#5004 =( NAMED_UNIT ( * ) SI_UNIT ( $, .STERADIAN. ) SOLID_ANGLE_UNIT ( ) );
#5005 = ORIENTED_EDGE ( 'NONE', *, *, #2970, .T. ) ;
#5006 = CARTESIAN_POINT ( 'NONE',  ( -8.890000000000000600, -7.833333333333334800, 0.2009288015000149600 ) ) ;
#5007 = PRESENTATION_LAYER_ASSIGNMENT (  '', '', ( #4637 ) ) ;
#5008 =( GEOMETRIC_REPRESENTATION_CONTEXT ( 3 ) GLOBAL_UNCERTAINTY_ASSIGNED_CONTEXT ( ( #7257 ) ) GLOBAL_UNIT_ASSIGNED_CONTEXT ( ( #4278, #915, #4856 ) ) REPRESENTATION_CONTEXT ( 'NONE', 'WORKASPACE' ) );
#5009 = VECTOR ( 'NONE', #2471, 1000.000000000000000 ) ;
#5010 = CARTESIAN_POINT ( 'NONE',  ( 0.0000000000000000000, 0.0000000000000000000, 0.0000000000000000000 ) ) ;
#5011 = FILL_AREA_STYLE ('',( #4872 ) ) ;
#5012 = CIRCLE ( 'NONE', #3823, 0.3500000000000020300 ) ;
#5013 = ORIENTED_EDGE ( 'NONE', *, *, #6823, .F. ) ;
#5014 = EDGE_CURVE ( 'NONE', #876, #7238, #5494, .T. ) ;
#5015 = DIRECTION ( 'NONE',  ( 2.640288016400939700E-029, 1.000000000000000000, 1.201675860940661900E-057 ) ) ;
#5016 = CARTESIAN_POINT ( 'NONE',  ( 12.07500000000000300, 6.649999999998206200, 0.08284271247461846800 ) ) ;
#5017 = CARTESIAN_POINT ( 'NONE',  ( -8.890000000000000600, 7.607142857142859400, 0.09444937400002434400 ) ) ;
#5018 = VECTOR ( 'NONE', #5253, 1000.000000000000000 ) ;
#5019 = SURFACE_STYLE_FILL_AREA ( #7249 ) ;
#5020 = SURFACE_STYLE_FILL_AREA ( #3923 ) ;
#5021 = AXIS2_PLACEMENT_3D ( 'NONE', #3850, #486, #4421 ) ;
#5022 = ORIENTED_EDGE ( 'NONE', *, *, #4500, .T. ) ;
#5023 = STYLED_ITEM ( 'NONE', ( #4758 ), #7227 ) ;
#5024 = FILL_AREA_STYLE_COLOUR ( '', #6862 ) ;
#5025 = CARTESIAN_POINT ( 'NONE',  ( -12.07500000000000100, 6.767157287525380500, 0.1313708498984767800 ) ) ;
#5026 = UNCERTAINTY_MEASURE_WITH_UNIT (LENGTH_MEASURE( 1.000000000000000100E-005 ), #540, 'distance_accuracy_value', 'NONE');
#5027 = CARTESIAN_POINT ( 'NONE',  ( 8.890000000000000600, 7.607142857142859400, 0.09444937400002434400 ) ) ;
#5028 = EDGE_CURVE ( 'NONE', #3150, #6228, #6791, .T. ) ;
#5029 = PRESENTATION_STYLE_ASSIGNMENT (( #6960 ) ) ;
#5030 =( GEOMETRIC_REPRESENTATION_CONTEXT ( 3 ) GLOBAL_UNCERTAINTY_ASSIGNED_CONTEXT ( ( #5142 ) ) GLOBAL_UNIT_ASSIGNED_CONTEXT ( ( #4138, #4115, #4088 ) ) REPRESENTATION_CONTEXT ( 'NONE', 'WORKASPACE' ) );
#5031 = CIRCLE ( 'NONE', #3034, 0.5000000000000004400 ) ;
#5032 = FACE_OUTER_BOUND ( 'NONE', #4020, .T. ) ;
#5033 = MECHANICAL_DESIGN_GEOMETRIC_PRESENTATION_REPRESENTATION (  '', ( #4269 ), #5426 ) ;
#5034 = CARTESIAN_POINT ( 'NONE',  ( -11.30000000000000100, -6.250000000000000000, 2.799999999999999800 ) ) ;
#5035 =( NAMED_UNIT ( * ) PLANE_ANGLE_UNIT ( ) SI_UNIT ( $, .RADIAN. ) );
#5036 =( NAMED_UNIT ( * ) SI_UNIT ( $, .STERADIAN. ) SOLID_ANGLE_UNIT ( ) );
#5037 = ORIENTED_EDGE ( 'NONE', *, *, #1010, .F. ) ;
#5038 = LINE ( 'NONE', #4947, #4864 ) ;
#5039 = PRESENTATION_STYLE_ASSIGNMENT (( #7093 ) ) ;
#5040 = PRESENTATION_STYLE_ASSIGNMENT (( #1683 ) ) ;
#5041 = EDGE_LOOP ( 'NONE', ( #4675, #7252 ) ) ;
#5042 = VECTOR ( 'NONE', #5487, 1000.000000000000000 ) ;
#5043 =( LENGTH_UNIT ( ) NAMED_UNIT ( * ) SI_UNIT ( .MILLI., .METRE. ) );
#5044 = PLANE ( 'NONE',  #969 ) ;
#5045 =( LENGTH_UNIT ( ) NAMED_UNIT ( * ) SI_UNIT ( .MILLI., .METRE. ) );
#5046 = VECTOR ( 'NONE', #250, 1000.000000000000000 ) ;
#5047 = CARTESIAN_POINT ( 'NONE',  ( -9.390000000000000600, -7.875740647047340600, 0.2507484938770950800 ) ) ;
#5048 = LINE ( 'NONE', #4632, #3536 ) ;
#5049 = ADVANCED_FACE ( 'NONE', ( #2445 ), #5813, .F. ) ;
#5050 = STYLED_ITEM ( 'NONE', ( #2319 ), #2876 ) ;
#5051 = CARTESIAN_POINT ( 'NONE',  ( -8.589999999999999900, -4.955000000000000100, 4.599999999999999600 ) ) ;
#5052 = FACE_OUTER_BOUND ( 'NONE', #6426, .T. ) ;
#5053 = CYLINDRICAL_SURFACE ( 'NONE', #6352, 0.5999999999999998700 ) ;
#5054 = CARTESIAN_POINT ( 'NONE',  ( -12.07500000000000100, 6.718629150101524900, 0.08284271247461934300 ) ) ;
#5055 = UNCERTAINTY_MEASURE_WITH_UNIT (LENGTH_MEASURE( 1.000000000000000100E-005 ), #2499, 'distance_accuracy_value', 'NONE');
#5056 =( LENGTH_UNIT ( ) NAMED_UNIT ( * ) SI_UNIT ( .MILLI., .METRE. ) );
#5057 = DIRECTION ( 'NONE',  ( -0.0000000000000000000, 0.0000000000000000000, -1.000000000000000000 ) ) ;
#5058 = STYLED_ITEM ( 'NONE', ( #1628 ), #4010 ) ;
#5059 = CARTESIAN_POINT ( 'NONE',  ( 6.850000000000000500, -7.642857142857139700, 0.6055506259999771100 ) ) ;
#5060 =( LENGTH_UNIT ( ) NAMED_UNIT ( * ) SI_UNIT ( .MILLI., .METRE. ) );
#5061 = CARTESIAN_POINT ( 'NONE',  ( 9.390000000000000600, 7.099999999999999600, 0.3499999999999999800 ) ) ;
#5062 = LINE ( 'NONE', #3302, #753 ) ;
#5063 = EDGE_CURVE ( 'NONE', #2417, #3447, #6108, .T. ) ;
#5064 =( NAMED_UNIT ( * ) PLANE_ANGLE_UNIT ( ) SI_UNIT ( $, .RADIAN. ) );
#5065 = ORIENTED_EDGE ( 'NONE', *, *, #588, .F. ) ;
#5066 = DIRECTION ( 'NONE',  ( 0.0000000000000000000, -1.000000000000000000, 0.0000000000000000000 ) ) ;
#5067 = ORIENTED_EDGE ( 'NONE', *, *, #5469, .F. ) ;
#5068 = DIRECTION ( 'NONE',  ( -0.0000000000000000000, 0.0000000000000000000, -1.000000000000000000 ) ) ;
#5069 = VERTEX_POINT ( 'NONE', #1820 ) ;
#5070 = STYLED_ITEM ( 'NONE', ( #4144 ), #6817 ) ;
#5071 = SURFACE_SIDE_STYLE ('',( #6534 ) ) ;
#5072 = VERTEX_POINT ( 'NONE', #5249 ) ;
#5073 =( NAMED_UNIT ( * ) PLANE_ANGLE_UNIT ( ) SI_UNIT ( $, .RADIAN. ) );
#5074 = FACE_OUTER_BOUND ( 'NONE', #3516, .T. ) ;
#5075 = ORIENTED_EDGE ( 'NONE', *, *, #5411, .T. ) ;
#5076 = VERTEX_POINT ( 'NONE', #1844 ) ;
#5077 = EDGE_CURVE ( 'NONE', #4619, #6310, #271, .T. ) ;
#5078 = CARTESIAN_POINT ( 'NONE',  ( -12.07500000000000300, 6.650000000000003000, 0.08284271247461884300 ) ) ;
#5079 = MECHANICAL_DESIGN_GEOMETRIC_PRESENTATION_REPRESENTATION (  '', ( #4309 ), #5472 ) ;
#5080 = ADVANCED_FACE ( 'NONE', ( #3250 ), #5831, .F. ) ;
#5081 = DIRECTION ( 'NONE',  ( -1.000000000000000000, -2.047319486629582400E-065, 3.477682939953820000E-033 ) ) ;
#5082 = SURFACE_STYLE_USAGE ( .BOTH. , #5108 ) ;
#5083 = FILL_AREA_STYLE ('',( #5993 ) ) ;
#5084 =( NAMED_UNIT ( * ) PLANE_ANGLE_UNIT ( ) SI_UNIT ( $, .RADIAN. ) );
#5085 = EDGE_CURVE ( 'NONE', #5743, #1368, #4165, .T. ) ;
#5086 = STYLED_ITEM ( 'NONE', ( #474 ), #840 ) ;
#5087 = COLOUR_RGB ( '',0.7529411764705882200, 0.7529411764705882200, 0.7529411764705882200 ) ;
#5088 = VERTEX_POINT ( 'NONE', #784 ) ;
#5089 =( NAMED_UNIT ( * ) PLANE_ANGLE_UNIT ( ) SI_UNIT ( $, .RADIAN. ) );
#5090 = MECHANICAL_DESIGN_GEOMETRIC_PRESENTATION_REPRESENTATION (  '', ( #3950 ), #5489 ) ;
#5091 = DIRECTION ( 'NONE',  ( 1.000000000000000000, 0.0000000000000000000, 0.0000000000000000000 ) ) ;
#5092 = SURFACE_STYLE_FILL_AREA ( #6957 ) ;
#5093 = ORIENTED_EDGE ( 'NONE', *, *, #6133, .F. ) ;
#5094 = CARTESIAN_POINT ( 'NONE',  ( -11.50000000000000000, -6.049999999999999800, 1.600000000000000100 ) ) ;
#5095 = DIRECTION ( 'NONE',  ( 1.000000000000000000, 0.0000000000000000000, 0.0000000000000000000 ) ) ;
#5096 = CARTESIAN_POINT ( 'NONE',  ( -9.189999999999999500, 5.205000000000000100, 4.599999999999999600 ) ) ;
#5097 = CARTESIAN_POINT ( 'NONE',  ( 9.390000000000000600, 5.205000000000000100, 4.599999999999999600 ) ) ;
#5098 = DIRECTION ( 'NONE',  ( -0.0000000000000000000, -0.0000000000000000000, -1.000000000000000000 ) ) ;
#5099 = STYLED_ITEM ( 'NONE', ( #520 ), #3552 ) ;
#5100 = EDGE_LOOP ( 'NONE', ( #6379, #3200, #4804, #3076 ) ) ;
#5101 = COLOUR_RGB ( '',0.7529411764705882200, 0.7529411764705882200, 0.7529411764705882200 ) ;
#5102 = CARTESIAN_POINT ( 'NONE',  ( -11.99215728752538500, 6.850000000000000500, 0.2000000000000004800 ) ) ;
#5103 = CIRCLE ( 'NONE', #1915, 0.5999999999999998700 ) ;
#5104 = CARTESIAN_POINT ( 'NONE',  ( 6.349999999999999600, -9.000000000000001800, 0.0000000000000000000 ) ) ;
#5105 = DIRECTION ( 'NONE',  ( -0.0000000000000000000, -1.000000000000000000, -0.0000000000000000000 ) ) ;
#5106 = EDGE_LOOP ( 'NONE', ( #1199, #1801, #420, #5973 ) ) ;
#5107 =( NAMED_UNIT ( * ) SI_UNIT ( $, .STERADIAN. ) SOLID_ANGLE_UNIT ( ) );
#5108 = SURFACE_SIDE_STYLE ('',( #1533 ) ) ;
#5109 = FACE_OUTER_BOUND ( 'NONE', #1115, .T. ) ;
#5110 = PRESENTATION_STYLE_ASSIGNMENT (( #6047 ) ) ;
#5111 = PRESENTATION_LAYER_ASSIGNMENT (  '', '', ( #4734 ) ) ;
#5112 = APPLICATION_PROTOCOL_DEFINITION ( 'draft international standard', 'automotive_design', 1998, #2823 ) ;
#5113 = SURFACE_STYLE_USAGE ( .BOTH. , #1726 ) ;
#5114 = SURFACE_SIDE_STYLE ('',( #71 ) ) ;
#5115 = COLOUR_RGB ( '',0.7529411764705882200, 0.7529411764705882200, 0.7529411764705882200 ) ;
#5116 = EDGE_CURVE ( 'NONE', #488, #5088, #5519, .T. ) ;
#5117 = EDGE_LOOP ( 'NONE', ( #3410, #4065, #6627, #6260, #6227, #692, #1294, #764 ) ) ;
#5118 = PRESENTATION_STYLE_ASSIGNMENT (( #3103 ) ) ;
#5119 = ORIENTED_EDGE ( 'NONE', *, *, #5628, .F. ) ;
#5120 =( NAMED_UNIT ( * ) PLANE_ANGLE_UNIT ( ) SI_UNIT ( $, .RADIAN. ) );
#5121 =( LENGTH_UNIT ( ) NAMED_UNIT ( * ) SI_UNIT ( .MILLI., .METRE. ) );
#5122 = LINE ( 'NONE', #5957, #2085 ) ;
#5123 = DIRECTION ( 'NONE',  ( 9.654113257610061500E-017, 1.000000000000000000, -0.0000000000000000000 ) ) ;
#5124 = ADVANCED_FACE ( 'NONE', ( #5699 ), #6424, .F. ) ;
#5125 = EDGE_CURVE ( 'NONE', #2526, #748, #1947, .T. ) ;
#5126 = SURFACE_SIDE_STYLE ('',( #6693 ) ) ;
#5127 = CARTESIAN_POINT ( 'NONE',  ( 6.349999999999999600, -8.150000000000000400, -0.2500000000000000000 ) ) ;
#5128 = ORIENTED_EDGE ( 'NONE', *, *, #4077, .T. ) ;
#5129 = AXIS2_PLACEMENT_3D ( 'NONE', #3345, #3392, #5729 ) ;
#5130 = VECTOR ( 'NONE', #5588, 1000.000000000000000 ) ;
#5131 = PRODUCT_DEFINITION_FORMATION_WITH_SPECIFIED_SOURCE ( 'ANY', '', #5820, .NOT_KNOWN. ) ;
#5132 = DIRECTION ( 'NONE',  ( 0.0000000000000000000, 0.0000000000000000000, 1.000000000000000000 ) ) ;
#5133 =( NAMED_UNIT ( * ) SI_UNIT ( $, .STERADIAN. ) SOLID_ANGLE_UNIT ( ) );
#5134 = VECTOR ( 'NONE', #6292, 1000.000000000000000 ) ;
#5135 = COLOUR_RGB ( '',0.7529411764705882200, 0.7529411764705882200, 0.7529411764705882200 ) ;
#5136 = CARTESIAN_POINT ( 'NONE',  ( -11.99215728752538200, 6.850000000000000500, 0.08284271247461938400 ) ) ;
#5137 = EDGE_CURVE ( 'NONE', #4085, #671, #6461, .T. ) ;
#5138 = AXIS2_PLACEMENT_3D ( 'NONE', #728, #1023, #696 ) ;
#5139 = MECHANICAL_DESIGN_GEOMETRIC_PRESENTATION_REPRESENTATION (  '', ( #3997 ), #5532 ) ;
#5140 = FILL_AREA_STYLE ('',( #3412 ) ) ;
#5141 = FILL_AREA_STYLE ('',( #5186 ) ) ;
#5142 = UNCERTAINTY_MEASURE_WITH_UNIT (LENGTH_MEASURE( 1.000000000000000100E-005 ), #4138, 'distance_accuracy_value', 'NONE');
#5143 = ORIENTED_EDGE ( 'NONE', *, *, #6759, .T. ) ;
#5144 = LINE ( 'NONE', #7288, #3624 ) ;
#5145 = LINE ( 'NONE', #6802, #829 ) ;
#5146 = LINE ( 'NONE', #3615, #832 ) ;
#5147 = DIRECTION ( 'NONE',  ( 0.0000000000000000000, 4.956352788505163500E-015, 1.000000000000000000 ) ) ;
#5148 = DIRECTION ( 'NONE',  ( -0.0000000000000000000, 0.0000000000000000000, 1.000000000000000000 ) ) ;
#5149 = AXIS2_PLACEMENT_3D ( 'NONE', #5849, #2413, #6391 ) ;
#5150 = UNCERTAINTY_MEASURE_WITH_UNIT (LENGTH_MEASURE( 1.000000000000000100E-005 ), #7120, 'distance_accuracy_value', 'NONE');
#5151 = ORIENTED_EDGE ( 'NONE', *, *, #6625, .T. ) ;
#5152 = CARTESIAN_POINT ( 'NONE',  ( 6.850000000000000500, 7.833333333333333000, 0.2009288015000136600 ) ) ;
#5153 =( NAMED_UNIT ( * ) PLANE_ANGLE_UNIT ( ) SI_UNIT ( $, .RADIAN. ) );
#5154 = CARTESIAN_POINT ( 'NONE',  ( -11.99215728752538200, 6.767157287525381400, 1.485492217140810600E-016 ) ) ;
#5155 = VERTEX_POINT ( 'NONE', #6647 ) ;
#5156 = CARTESIAN_POINT ( 'NONE',  ( 11.30000000000000100, 6.249999999999998200, 1.600000000000000100 ) ) ;
#5157 = DIRECTION ( 'NONE',  ( 0.0000000000000000000, 0.0000000000000000000, -1.000000000000000000 ) ) ;
#5158 = EDGE_LOOP ( 'NONE', ( #2072, #2722, #999, #4379 ) ) ;
#5159 = PRODUCT_DEFINITION_SHAPE ( 'NONE', 'NONE',  #7303 ) ;
#5160 = PRESENTATION_LAYER_ASSIGNMENT (  '', '', ( #4778 ) ) ;
#5161 = ADVANCED_FACE ( 'NONE', ( #4795 ), #1271, .F. ) ;
#5162 = DIRECTION ( 'NONE',  ( 0.0000000000000000000, 0.4259177099999605900, 0.9047619047619044300 ) ) ;
#5163 = PLANE ( 'NONE',  #1623 ) ;
#5164 = EDGE_CURVE ( 'NONE', #7238, #6063, #2744, .T. ) ;
#5165 = CARTESIAN_POINT ( 'NONE',  ( -9.390000000000000600, -4.955000000000000100, 2.799999999999999800 ) ) ;
#5166 = VERTEX_POINT ( 'NONE', #3288 ) ;
#5167 = ORIENTED_EDGE ( 'NONE', *, *, #5077, .T. ) ;
#5168 = DIRECTION ( 'NONE',  ( -0.0000000000000000000, -0.0000000000000000000, -1.000000000000000000 ) ) ;
#5169 =( LENGTH_UNIT ( ) NAMED_UNIT ( * ) SI_UNIT ( .MILLI., .METRE. ) );
#5170 = AXIS2_PLACEMENT_3D ( 'NONE', #3163, #7122, #3722 ) ;
#5171 = AXIS2_PLACEMENT_3D ( 'NONE', #4078, #709, #4654 ) ;
#5172 = CARTESIAN_POINT ( 'NONE',  ( 5.850000000000000500, -7.099999999999999600, 0.9500000000000000700 ) ) ;
#5173 = EDGE_LOOP ( 'NONE', ( #5643, #6396, #2267, #1071 ) ) ;
#5174 = ORIENTED_EDGE ( 'NONE', *, *, #4184, .F. ) ;
#5175 = FILL_AREA_STYLE_COLOUR ( '', #6966 ) ;
#5176 = CARTESIAN_POINT ( 'NONE',  ( 5.850000000000000500, -6.850000000000000500, 0.6999999999999999600 ) ) ;
#5177 =( LENGTH_UNIT ( ) NAMED_UNIT ( * ) SI_UNIT ( .MILLI., .METRE. ) );
#5178 = VECTOR ( 'NONE', #1791, 1000.000000000000000 ) ;
#5179 = MECHANICAL_DESIGN_GEOMETRIC_PRESENTATION_REPRESENTATION (  '', ( #4407 ), #5571 ) ;
#5180 = CARTESIAN_POINT ( 'NONE',  ( -11.99215728752538500, 6.650000000000003000, -3.595395209160261300E-016 ) ) ;
#5181 =( GEOMETRIC_REPRESENTATION_CONTEXT ( 3 ) GLOBAL_UNCERTAINTY_ASSIGNED_CONTEXT ( ( #620 ) ) GLOBAL_UNIT_ASSIGNED_CONTEXT ( ( #2713, #2682, #2655 ) ) REPRESENTATION_CONTEXT ( 'NONE', 'WORKASPACE' ) );
#5182 = DIRECTION ( 'NONE',  ( 1.000000000000000000, 0.0000000000000000000, 0.0000000000000000000 ) ) ;
#5183 = CARTESIAN_POINT ( 'NONE',  ( -11.87500000000000000, 6.850000000000000500, 7.599999999999999600 ) ) ;
#5184 = CYLINDRICAL_SURFACE ( 'NONE', #6101, 0.3500000000000019800 ) ;
#5185 = CARTESIAN_POINT ( 'NONE',  ( 11.50000000000000000, -6.250000000000000000, 1.600000000000000100 ) ) ;
#5186 = FILL_AREA_STYLE_COLOUR ( '', #3012 ) ;
#5187 = CARTESIAN_POINT ( 'NONE',  ( -10.07499999999999900, -5.349999999999999600, 0.0000000000000000000 ) ) ;
#5188 = PRESENTATION_STYLE_ASSIGNMENT (( #1224 ) ) ;
#5189 = DIRECTION ( 'NONE',  ( -0.0000000000000000000, 0.0000000000000000000, 1.000000000000000000 ) ) ;
#5190 =( GEOMETRIC_REPRESENTATION_CONTEXT ( 3 ) GLOBAL_UNCERTAINTY_ASSIGNED_CONTEXT ( ( #6308 ) ) GLOBAL_UNIT_ASSIGNED_CONTEXT ( ( #4842, #1466, #5419 ) ) REPRESENTATION_CONTEXT ( 'NONE', 'WORKASPACE' ) );
#5191 = EDGE_LOOP ( 'NONE', ( #5151, #4803, #1639, #3906 ) ) ;
#5192 = FILL_AREA_STYLE ('',( #4050 ) ) ;
#5193 = CARTESIAN_POINT ( 'NONE',  ( 8.890000000000000600, -9.000000000000001800, -0.2500000000000000000 ) ) ;
#5194 = ADVANCED_FACE ( 'NONE', ( #4249 ), #5053, .T. ) ;
#5195 = UNCERTAINTY_MEASURE_WITH_UNIT (LENGTH_MEASURE( 1.000000000000000100E-005 ), #6388, 'distance_accuracy_value', 'NONE');
#5196 = DIRECTION ( 'NONE',  ( 1.000000000000000000, 0.0000000000000000000, 0.0000000000000000000 ) ) ;
#5197 = SURFACE_STYLE_FILL_AREA ( #3924 ) ;
#5198 = CYLINDRICAL_SURFACE ( 'NONE', #1814, 0.2000000000000005100 ) ;
#5199 = CARTESIAN_POINT ( 'NONE',  ( -12.07499999999999900, -6.650000000000000400, 0.0000000000000000000 ) ) ;
#5200 = VERTEX_POINT ( 'NONE', #3889 ) ;
#5201 = SURFACE_STYLE_USAGE ( .BOTH. , #5232 ) ;
#5202 = STYLED_ITEM ( 'NONE', ( #3743 ), #3868 ) ;
#5203 = CARTESIAN_POINT ( 'NONE',  ( -11.87500000000000000, 6.850000000000000500, 0.2000000000000005100 ) ) ;
#5204 = DIRECTION ( 'NONE',  ( -2.640288016400939700E-029, -1.000000000000000000, -1.201675860940661900E-057 ) ) ;
#5205 = VECTOR ( 'NONE', #6489, 1000.000000000000000 ) ;
#5206 = VECTOR ( 'NONE', #4850, 1000.000000000000000 ) ;
#5207 = UNCERTAINTY_MEASURE_WITH_UNIT (LENGTH_MEASURE( 1.000000000000000100E-005 ), #2611, 'distance_accuracy_value', 'NONE');
#5208 = VERTEX_POINT ( 'NONE', #521 ) ;
#5209 = SURFACE_STYLE_FILL_AREA ( #7123 ) ;
#5210 = VERTEX_POINT ( 'NONE', #4452 ) ;
#5211 = FACE_OUTER_BOUND ( 'NONE', #5578, .T. ) ;
#5212 = CARTESIAN_POINT ( 'NONE',  ( -8.589999999999999900, -5.205000000000000100, 4.599999999999999600 ) ) ;
#5213 = CARTESIAN_POINT ( 'NONE',  ( 8.390000000000000600, -8.150000000000000400, -1.560473778482678100E-057 ) ) ;
#5214 = FACE_OUTER_BOUND ( 'NONE', #3737, .T. ) ;
#5215 = ORIENTED_EDGE ( 'NONE', *, *, #4320, .T. ) ;
#5216 = VECTOR ( 'NONE', #725, 1000.000000000000000 ) ;
#5217 =( NAMED_UNIT ( * ) SI_UNIT ( $, .STERADIAN. ) SOLID_ANGLE_UNIT ( ) );
#5218 =( GEOMETRIC_REPRESENTATION_CONTEXT ( 3 ) GLOBAL_UNCERTAINTY_ASSIGNED_CONTEXT ( ( #4977 ) ) GLOBAL_UNIT_ASSIGNED_CONTEXT ( ( #2152, #6166, #2746 ) ) REPRESENTATION_CONTEXT ( 'NONE', 'WORKASPACE' ) );
#5219 =( GEOMETRIC_REPRESENTATION_CONTEXT ( 3 ) GLOBAL_UNCERTAINTY_ASSIGNED_CONTEXT ( ( #4252 ) ) GLOBAL_UNIT_ASSIGNED_CONTEXT ( ( #2015, #6005, #2589 ) ) REPRESENTATION_CONTEXT ( 'NONE', 'WORKASPACE' ) );
#5220 = FACE_OUTER_BOUND ( 'NONE', #6689, .T. ) ;
#5221 = LINE ( 'NONE', #6267, #6526 ) ;
#5222 = DIRECTION ( 'NONE',  ( -1.000000000000000000, 1.174304530937220600E-056, -3.366640523681080300E-029 ) ) ;
#5223 = ORIENTED_EDGE ( 'NONE', *, *, #5469, .T. ) ;
#5224 = EDGE_CURVE ( 'NONE', #6913, #3150, #3543, .T. ) ;
#5225 = ORIENTED_EDGE ( 'NONE', *, *, #4122, .T. ) ;
#5226 = CARTESIAN_POINT ( 'NONE',  ( -8.390000000000000600, 7.875740647047340600, 0.6999999999999999600 ) ) ;
#5227 = CIRCLE ( 'NONE', #722, 0.2000000000000005100 ) ;
#5228 =( GEOMETRIC_REPRESENTATION_CONTEXT ( 3 ) GLOBAL_UNCERTAINTY_ASSIGNED_CONTEXT ( ( #996 ) ) GLOBAL_UNIT_ASSIGNED_CONTEXT ( ( #3444, #84, #1326 ) ) REPRESENTATION_CONTEXT ( 'NONE', 'WORKASPACE' ) );
#5229 = DIRECTION ( 'NONE',  ( 0.0000000000000000000, 0.0000000000000000000, 1.000000000000000000 ) ) ;
#5230 = EDGE_LOOP ( 'NONE', ( #4171, #6329, #1220, #4003 ) ) ;
#5231 = VECTOR ( 'NONE', #1385, 1000.000000000000000 ) ;
#5232 = SURFACE_SIDE_STYLE ('',( #83 ) ) ;
#5233 = CARTESIAN_POINT ( 'NONE',  ( -11.87499999999999800, 6.850000000000000500, 0.08284271247461988400 ) ) ;
#5234 = DIRECTION ( 'NONE',  ( -1.000000000000000000, 1.213057269022220100E-060, 0.0000000000000000000 ) ) ;
#5235 = PRESENTATION_STYLE_ASSIGNMENT (( #2464 ) ) ;
#5236 = EDGE_CURVE ( 'NONE', #1421, #2599, #3713, .T. ) ;
#5237 = AXIS2_PLACEMENT_3D ( 'NONE', #3848, #3821, #3801 ) ;
#5238 = LINE ( 'NONE', #2212, #6712 ) ;
#5239 = ADVANCED_FACE ( 'NONE', ( #557 ), #3337, .F. ) ;
#5240 = CARTESIAN_POINT ( 'NONE',  ( 11.87500000000000000, -6.650000000000000400, 6.776263578034402700E-018 ) ) ;
#5241 = FILL_AREA_STYLE_COLOUR ( '', #835 ) ;
#5242 = SURFACE_STYLE_USAGE ( .BOTH. , #1955 ) ;
#5243 = SURFACE_STYLE_USAGE ( .BOTH. , #1303 ) ;
#5244 = ORIENTED_EDGE ( 'NONE', *, *, #2604, .T. ) ;
#5245 =( NAMED_UNIT ( * ) SI_UNIT ( $, .STERADIAN. ) SOLID_ANGLE_UNIT ( ) );
#5246 = SURFACE_STYLE_FILL_AREA ( #6259 ) ;
#5247 = DIRECTION ( 'NONE',  ( -1.000000000000000000, -0.0000000000000000000, 0.0000000000000000000 ) ) ;
#5248 = CARTESIAN_POINT ( 'NONE',  ( -11.50000000000000000, -6.250000000000000000, 7.599999999999999600 ) ) ;
#5249 = CARTESIAN_POINT ( 'NONE',  ( 6.650000000000000400, -5.205000000000000100, 2.799999999999999800 ) ) ;
#5250 = PRESENTATION_LAYER_ASSIGNMENT (  '', '', ( #4866 ) ) ;
#5251 = EDGE_LOOP ( 'NONE', ( #3891, #2963, #858, #7269 ) ) ;
#5252 = ORIENTED_EDGE ( 'NONE', *, *, #11, .T. ) ;
#5253 = DIRECTION ( 'NONE',  ( 1.000000000000000000, 2.047319486629579800E-065, -0.0000000000000000000 ) ) ;
#5254 = CARTESIAN_POINT ( 'NONE',  ( -11.87499999999999800, 6.767157287525382300, 1.557230365723182000E-016 ) ) ;
#5255 = SURFACE_SIDE_STYLE ('',( #371 ) ) ;
#5256 = ORIENTED_EDGE ( 'NONE', *, *, #5659, .T. ) ;
#5257 = FILL_AREA_STYLE_COLOUR ( '', #3277 ) ;
#5258 = PRESENTATION_STYLE_ASSIGNMENT (( #2621 ) ) ;
#5259 =( GEOMETRIC_REPRESENTATION_CONTEXT ( 3 ) GLOBAL_UNCERTAINTY_ASSIGNED_CONTEXT ( ( #1270 ) ) GLOBAL_UNIT_ASSIGNED_CONTEXT ( ( #5383, #1971, #5959 ) ) REPRESENTATION_CONTEXT ( 'NONE', 'WORKASPACE' ) );
#5260 = STYLED_ITEM ( 'NONE', ( #3616 ), #4785 ) ;
#5261 = ORIENTED_EDGE ( 'NONE', *, *, #4460, .T. ) ;
#5262 = PLANE ( 'NONE',  #470 ) ;
#5263 = ORIENTED_EDGE ( 'NONE', *, *, #1345, .T. ) ;
#5264 = CARTESIAN_POINT ( 'NONE',  ( 11.50000000000000000, -6.250000000000000000, 0.4999999999999978400 ) ) ;
#5265 =( NAMED_UNIT ( * ) PLANE_ANGLE_UNIT ( ) SI_UNIT ( $, .RADIAN. ) );
#5266 = ADVANCED_BREP_SHAPE_REPRESENTATION ( '', ( #1442, #2977 ), #2203 ) ;
#5267 = DIRECTION ( 'NONE',  ( 1.000000000000000000, -0.0000000000000000000, -0.0000000000000000000 ) ) ;
#5268 = EDGE_CURVE ( 'NONE', #6656, #4082, #3006, .T. ) ;
#5269 = FACE_OUTER_BOUND ( 'NONE', #1650, .T. ) ;
#5270 = EDGE_CURVE ( 'NONE', #3921, #5394, #27, .T. ) ;
#5271 =( NAMED_UNIT ( * ) PLANE_ANGLE_UNIT ( ) SI_UNIT ( $, .RADIAN. ) );
#5272 = FACE_BOUND ( 'NONE', #2909, .T. ) ;
#5273 = EDGE_CURVE ( 'NONE', #2510, #2145, #5874, .T. ) ;
#5274 = AXIS2_PLACEMENT_3D ( 'NONE', #4865, #3738, #3748 ) ;
#5275 = CARTESIAN_POINT ( 'NONE',  ( -9.390000000000000600, -7.607142857142859400, 0.09444937400002442800 ) ) ;
#5276 = STYLED_ITEM ( 'NONE', ( #3515 ), #1333 ) ;
#5277 = VECTOR ( 'NONE', #353, 1000.000000000000000 ) ;
#5278 = DIRECTION ( 'NONE',  ( -1.000000000000000000, -0.0000000000000000000, 0.0000000000000000000 ) ) ;
#5279 = SURFACE_SIDE_STYLE ('',( #4590 ) ) ;
#5280 = ADVANCED_FACE ( 'NONE', ( #5691 ), #5668, .T. ) ;
#5281 = EDGE_LOOP ( 'NONE', ( #4177, #4258, #2612, #1661 ) ) ;
#5282 = EDGE_CURVE ( 'NONE', #7104, #1550, #5145, .T. ) ;
#5283 = LINE ( 'NONE', #2397, #2229 ) ;
#5284 =( LENGTH_UNIT ( ) NAMED_UNIT ( * ) SI_UNIT ( .MILLI., .METRE. ) );
#5285 = MECHANICAL_DESIGN_GEOMETRIC_PRESENTATION_REPRESENTATION (  '', ( #4516 ), #5672 ) ;
#5286 = CARTESIAN_POINT ( 'NONE',  ( 11.50000000000000000, 6.250000000000000000, 7.599999999999999600 ) ) ;
#5287 = CARTESIAN_POINT ( 'NONE',  ( 9.390000000000000600, 7.099999999999999600, 0.9499999999999999600 ) ) ;
#5288 = DIRECTION ( 'NONE',  ( -1.000000000000000000, 0.0000000000000000000, 0.0000000000000000000 ) ) ;
#5289 = LINE ( 'NONE', #6508, #6763 ) ;
#5290 = VERTEX_POINT ( 'NONE', #6256 ) ;
#5291 = CARTESIAN_POINT ( 'NONE',  ( -11.87500000000000000, 6.850000000000000500, 0.2000000000000000100 ) ) ;
#5292 = CIRCLE ( 'NONE', #6626, 0.3499999999999999800 ) ;
#5293 =( NAMED_UNIT ( * ) PLANE_ANGLE_UNIT ( ) SI_UNIT ( $, .RADIAN. ) );
#5294 = EDGE_LOOP ( 'NONE', ( #5724, #4032, #3271, #2175 ) ) ;
#5295 = SURFACE_STYLE_USAGE ( .BOTH. , #1344 ) ;
#5296 =( LENGTH_UNIT ( ) NAMED_UNIT ( * ) SI_UNIT ( .MILLI., .METRE. ) );
#5297 = MECHANICAL_DESIGN_GEOMETRIC_PRESENTATION_REPRESENTATION (  '', ( #4141 ), #5683 ) ;
#5298 = VECTOR ( 'NONE', #7131, 1000.000000000000000 ) ;
#5299 = CARTESIAN_POINT ( 'NONE',  ( 8.939999999999999500, -5.349999999999999600, 0.1000000000000000100 ) ) ;
#5300 = COLOUR_RGB ( '',0.7529411764705882200, 0.7529411764705882200, 0.7529411764705882200 ) ;
#5301 = CONTEXT_DEPENDENT_SHAPE_REPRESENTATION ( #628, #509 ) ;
#5302 = FACE_OUTER_BOUND ( 'NONE', #5961, .T. ) ;
#5303 = CARTESIAN_POINT ( 'NONE',  ( -11.87500000000000000, -6.649999999996934400, 0.0000000000000000000 ) ) ;
#5304 = DIRECTION ( 'NONE',  ( -1.000000000000000000, -0.0000000000000000000, -0.0000000000000000000 ) ) ;
#5305 = LINE ( 'NONE', #1388, #806 ) ;
#5306 = VERTEX_POINT ( 'NONE', #2838 ) ;
#5307 = LINE ( 'NONE', #3645, #981 ) ;
#5308 = ORIENTED_EDGE ( 'NONE', *, *, #6221, .F. ) ;
#5309 =( GEOMETRIC_REPRESENTATION_CONTEXT ( 3 ) GLOBAL_UNCERTAINTY_ASSIGNED_CONTEXT ( ( #5758 ) ) GLOBAL_UNIT_ASSIGNED_CONTEXT ( ( #2685, #6648, #3269 ) ) REPRESENTATION_CONTEXT ( 'NONE', 'WORKASPACE' ) );
#5310 = VECTOR ( 'NONE', #6885, 1000.000000000000000 ) ;
#5311 =( NAMED_UNIT ( * ) PLANE_ANGLE_UNIT ( ) SI_UNIT ( $, .RADIAN. ) );
#5312 = DIRECTION ( 'NONE',  ( 0.0000000000000000000, 0.0000000000000000000, -1.000000000000000000 ) ) ;
#5313 = SURFACE_STYLE_USAGE ( .BOTH. , #1364 ) ;
#5314 = ORIENTED_EDGE ( 'NONE', *, *, #3131, .F. ) ;
#5315 = SURFACE_STYLE_FILL_AREA ( #5140 ) ;
#5316 = VECTOR ( 'NONE', #4904, 1000.000000000000000 ) ;
#5317 = EDGE_CURVE ( 'NONE', #2294, #876, #2103, .T. ) ;
#5318 = ADVANCED_FACE ( 'NONE', ( #6457, #3626, #2283, #643, #4959, #3443, #1940, #463 ), #1191, .T. ) ;
#5319 = CIRCLE ( 'NONE', #7242, 0.3499999999999999800 ) ;
#5320 = CARTESIAN_POINT ( 'NONE',  ( 8.939999999999999500, -5.349999999999999600, 0.0000000000000000000 ) ) ;
#5321 = CIRCLE ( 'NONE', #5652, 0.5999999999999998700 ) ;
#5322 = FILL_AREA_STYLE_COLOUR ( '', #1557 ) ;
#5323 = STYLED_ITEM ( 'NONE', ( #3266 ), #5561 ) ;
#5324 = STYLED_ITEM ( 'NONE', ( #6521 ), #6927 ) ;
#5325 = SURFACE_STYLE_USAGE ( .BOTH. , #5418 ) ;
#5326 = EDGE_LOOP ( 'NONE', ( #4274, #1262, #4300, #4700 ) ) ;
#5327 = EDGE_LOOP ( 'NONE', ( #1449, #7125, #6192, #4666 ) ) ;
#5328 = CARTESIAN_POINT ( 'NONE',  ( -10.57499999999999900, -5.349999999999999600, 0.1000000000000000100 ) ) ;
#5329 = EDGE_CURVE ( 'NONE', #2666, #5306, #2736, .T. ) ;
#5330 = AXIS2_PLACEMENT_3D ( 'NONE', #4533, #4511, #4476 ) ;
#5331 = VECTOR ( 'NONE', #2363, 1000.000000000000000 ) ;
#5332 = SURFACE_STYLE_FILL_AREA ( #1009 ) ;
#5333 = FILL_AREA_STYLE ('',( #5355 ) ) ;
#5334 = STYLED_ITEM ( 'NONE', ( #2437 ), #6319 ) ;
#5335 = SURFACE_STYLE_USAGE ( .BOTH. , #7036 ) ;
#5336 = SURFACE_STYLE_USAGE ( .BOTH. , #1384 ) ;
#5337 = CARTESIAN_POINT ( 'NONE',  ( -8.390000000000000600, 5.205000000000000100, 4.599999999999999600 ) ) ;
#5338 = SURFACE_STYLE_FILL_AREA ( #4591 ) ;
#5339 = CARTESIAN_POINT ( 'NONE',  ( -8.390000000000000600, 7.099999999999999600, 0.6999999999999999600 ) ) ;
#5340 = VERTEX_POINT ( 'NONE', #1213 ) ;
#5341 = CARTESIAN_POINT ( 'NONE',  ( 9.189999999999999500, 5.205000000000000100, 2.799999999999999800 ) ) ;
#5342 = DIRECTION ( 'NONE',  ( 0.0000000000000000000, -0.4259177099999607600, -0.9047619047619044300 ) ) ;
#5343 = SURFACE_SIDE_STYLE ('',( #1989 ) ) ;
#5344 = ORIENTED_EDGE ( 'NONE', *, *, #4353, .F. ) ;
#5345 = STYLED_ITEM ( 'NONE', ( #3663 ), #2706 ) ;
#5346 = ORIENTED_EDGE ( 'NONE', *, *, #3317, .T. ) ;
#5347 = COLOUR_RGB ( '',0.7529411764705882200, 0.7529411764705882200, 0.7529411764705882200 ) ;
#5348 = SURFACE_STYLE_USAGE ( .BOTH. , #1392 ) ;
#5349 = CARTESIAN_POINT ( 'NONE',  ( 5.850000000000000500, 7.416666666666668700, 0.4990711984999865500 ) ) ;
#5350 = LINE ( 'NONE', #7019, #2306 ) ;
#5351 =( LENGTH_UNIT ( ) NAMED_UNIT ( * ) SI_UNIT ( .MILLI., .METRE. ) );
#5352 = ADVANCED_FACE ( 'NONE', ( #1266 ), #3992, .F. ) ;
#5353 = STYLED_ITEM ( 'NONE', ( #5728 ), #3756 ) ;
#5354 = ORIENTED_EDGE ( 'NONE', *, *, #7245, .T. ) ;
#5355 = FILL_AREA_STYLE_COLOUR ( '', #4389 ) ;
#5356 = LINE ( 'NONE', #4792, #3830 ) ;
#5357 = VERTEX_POINT ( 'NONE', #5156 ) ;
#5358 = ORIENTED_EDGE ( 'NONE', *, *, #4120, .F. ) ;
#5359 = SURFACE_STYLE_USAGE ( .BOTH. , #1403 ) ;
#5360 = COLOUR_RGB ( '',0.7529411764705882200, 0.7529411764705882200, 0.7529411764705882200 ) ;
#5361 =( LENGTH_UNIT ( ) NAMED_UNIT ( * ) SI_UNIT ( .MILLI., .METRE. ) );
#5362 =( BOUNDED_SURFACE ( )  B_SPLINE_SURFACE ( 3, 3, ( 
 ( #2421, #4724, #1352, #5303 ),
 ( #1890, #5881, #2453, #6423 ),
 ( #3028, #6988, #3599, #241 ),
 ( #4169, #815, #4747, #1377 ) ),
 .UNSPECIFIED., .F., .F., .F. ) 
 B_SPLINE_SURFACE_WITH_KNOTS ( ( 4, 4 ),
 ( 4, 4 ),
 ( 0.0000000000000000000, 1.000000000000000000 ),
 ( 0.0000000000000000000, 1.000000000000000000 ),
 .UNSPECIFIED. ) 
 GEOMETRIC_REPRESENTATION_ITEM ( )  RATIONAL_B_SPLINE_SURFACE ( (
 ( 1.000000000000000000, 0.8047378541207503800, 0.8047378541207503800, 1.000000000000000000),
 ( 0.8047378541243649400, 0.6476030138577788500, 0.6476030138577788500, 0.8047378541243649400),
 ( 0.8047378541243649400, 0.6476030138577788500, 0.6476030138577788500, 0.8047378541243649400),
 ( 1.000000000000000000, 0.8047378541207503800, 0.8047378541207503800, 1.000000000000000000) ) ) 
 REPRESENTATION_ITEM ( '' )  SURFACE ( )  );
#5363 = CARTESIAN_POINT ( 'NONE',  ( -9.390000000000000600, 7.642857142857139700, 0.6055506259999771100 ) ) ;
#5364 = COLOUR_RGB ( '',0.7529411764705882200, 0.7529411764705882200, 0.7529411764705882200 ) ;
#5365 = MECHANICAL_DESIGN_GEOMETRIC_PRESENTATION_REPRESENTATION (  '', ( #4200 ), #5746 ) ;
#5366 = MECHANICAL_DESIGN_GEOMETRIC_PRESENTATION_REPRESENTATION (  '', ( #4598 ), #5747 ) ;
#5367 =( NAMED_UNIT ( * ) PLANE_ANGLE_UNIT ( ) SI_UNIT ( $, .RADIAN. ) );
#5368 = CARTESIAN_POINT ( 'NONE',  ( 6.650000000000000400, 5.205000000000000100, 2.799999999999999800 ) ) ;
#5369 = ORIENTED_EDGE ( 'NONE', *, *, #5085, .T. ) ;
#5370 = EDGE_CURVE ( 'NONE', #1239, #2968, #733, .T. ) ;
#5371 = SURFACE_SIDE_STYLE ('',( #3128 ) ) ;
#5372 = MECHANICAL_DESIGN_GEOMETRIC_PRESENTATION_REPRESENTATION (  '', ( #4210 ), #5761 ) ;
#5373 = CARTESIAN_POINT ( 'NONE',  ( -11.30000000000000100, -6.049999999999999800, 1.600000000000000100 ) ) ;
#5374 = UNCERTAINTY_MEASURE_WITH_UNIT (LENGTH_MEASURE( 1.000000000000000100E-005 ), #283, 'distance_accuracy_value', 'NONE');
#5375 = VECTOR ( 'NONE', #2244, 1000.000000000000000 ) ;
#5376 = STYLED_ITEM ( 'NONE', ( #1516 ), #5883 ) ;
#5377 = VERTEX_POINT ( 'NONE', #4586 ) ;
#5378 = EDGE_CURVE ( 'NONE', #1626, #2550, #3709, .T. ) ;
#5379 = CARTESIAN_POINT ( 'NONE',  ( -11.87500000000000000, 6.850000000000000500, 0.0000000000000000000 ) ) ;
#5380 = MECHANICAL_DESIGN_GEOMETRIC_PRESENTATION_REPRESENTATION (  '', ( #4617 ), #5774 ) ;
#5381 =( NAMED_UNIT ( * ) SI_UNIT ( $, .STERADIAN. ) SOLID_ANGLE_UNIT ( ) );
#5382 = CARTESIAN_POINT ( 'NONE',  ( 11.99215728752538200, -6.849999999999999600, 0.1999999999999042300 ) ) ;
#5383 =( LENGTH_UNIT ( ) NAMED_UNIT ( * ) SI_UNIT ( .MILLI., .METRE. ) );
#5384 = LINE ( 'NONE', #3185, #3672 ) ;
#5385 = VECTOR ( 'NONE', #1050, 1000.000000000000000 ) ;
#5386 = CARTESIAN_POINT ( 'NONE',  ( 8.390000000000000600, -7.642857142857139700, 0.6055506259999771100 ) ) ;
#5387 = UNCERTAINTY_MEASURE_WITH_UNIT (LENGTH_MEASURE( 1.000000000000000100E-005 ), #1927, 'distance_accuracy_value', 'NONE');
#5388 = ORIENTED_EDGE ( 'NONE', *, *, #149, .F. ) ;
#5389 =( NAMED_UNIT ( * ) PLANE_ANGLE_UNIT ( ) SI_UNIT ( $, .RADIAN. ) );
#5390 = VECTOR ( 'NONE', #6964, 1000.000000000000000 ) ;
#5391 = EDGE_LOOP ( 'NONE', ( #6331, #2853, #3913, #638 ) ) ;
#5392 = CIRCLE ( 'NONE', #6889, 0.2000000000000005100 ) ;
#5393 =( NAMED_UNIT ( * ) PLANE_ANGLE_UNIT ( ) SI_UNIT ( $, .RADIAN. ) );
#5394 = VERTEX_POINT ( 'NONE', #4063 ) ;
#5395 = CIRCLE ( 'NONE', #410, 0.7500000000000000000 ) ;
#5396 = FILL_AREA_STYLE_COLOUR ( '', #4644 ) ;
#5397 =( GEOMETRIC_REPRESENTATION_CONTEXT ( 3 ) GLOBAL_UNCERTAINTY_ASSIGNED_CONTEXT ( ( #4748 ) ) GLOBAL_UNIT_ASSIGNED_CONTEXT ( ( #1438, #5389, #1974 ) ) REPRESENTATION_CONTEXT ( 'NONE', 'WORKASPACE' ) );
#5398 = CARTESIAN_POINT ( 'NONE',  ( 9.440000000000001300, -5.349999999999999600, 0.0000000000000000000 ) ) ;
#5399 = ORIENTED_EDGE ( 'NONE', *, *, #5861, .T. ) ;
#5400 = VECTOR ( 'NONE', #6876, 1000.000000000000000 ) ;
#5401 = CARTESIAN_POINT ( 'NONE',  ( -8.890000000000000600, 8.150000000000000400, 0.0000000000000000000 ) ) ;
#5402 = VERTEX_POINT ( 'NONE', #2913 ) ;
#5403 = FILL_AREA_STYLE ('',( #4825 ) ) ;
#5404 = MECHANICAL_DESIGN_GEOMETRIC_PRESENTATION_REPRESENTATION (  '', ( #4637 ), #5799 ) ;
#5405 =( NAMED_UNIT ( * ) PLANE_ANGLE_UNIT ( ) SI_UNIT ( $, .RADIAN. ) );
#5406 = ORIENTED_EDGE ( 'NONE', *, *, #2778, .F. ) ;
#5407 = CARTESIAN_POINT ( 'NONE',  ( 11.30000000000000100, 6.049999999999999800, 1.600000000000000100 ) ) ;
#5408 = CARTESIAN_POINT ( 'NONE',  ( 8.890000000000000600, -5.205000000000000100, 4.599999999999999600 ) ) ;
#5409 = ORIENTED_EDGE ( 'NONE', *, *, #5370, .T. ) ;
#5410 = ORIENTED_EDGE ( 'NONE', *, *, #4837, .T. ) ;
#5411 = EDGE_CURVE ( 'NONE', #6656, #4181, #5048, .T. ) ;
#5412 = DIRECTION ( 'NONE',  ( 0.0000000000000000000, 4.956352788505163500E-015, -1.000000000000000000 ) ) ;
#5413 = VECTOR ( 'NONE', #6971, 1000.000000000000000 ) ;
#5414 = STYLED_ITEM ( 'NONE', ( #1237 ), #1075 ) ;
#5415 = CARTESIAN_POINT ( 'NONE',  ( -10.57499999999999900, -5.349999999999999600, 0.0000000000000000000 ) ) ;
#5416 = AXIS2_PLACEMENT_3D ( 'NONE', #416, #2674, #4972 ) ;
#5417 = AXIS2_PLACEMENT_3D ( 'NONE', #4341, #985, #4916 ) ;
#5418 = SURFACE_SIDE_STYLE ('',( #1490 ) ) ;
#5419 =( NAMED_UNIT ( * ) SI_UNIT ( $, .STERADIAN. ) SOLID_ANGLE_UNIT ( ) );
#5420 = CARTESIAN_POINT ( 'NONE',  ( -8.390000000000000600, -7.642857142857139700, 0.6055506259999771100 ) ) ;
#5421 = VECTOR ( 'NONE', #192, 1000.000000000000000 ) ;
#5422 =( LENGTH_UNIT ( ) NAMED_UNIT ( * ) SI_UNIT ( .MILLI., .METRE. ) );
#5423 = EDGE_CURVE ( 'NONE', #7239, #2949, #551, .T. ) ;
#5424 = ORIENTED_EDGE ( 'NONE', *, *, #6566, .T. ) ;
#5425 =( LENGTH_UNIT ( ) NAMED_UNIT ( * ) SI_UNIT ( .MILLI., .METRE. ) );
#5426 =( GEOMETRIC_REPRESENTATION_CONTEXT ( 3 ) GLOBAL_UNCERTAINTY_ASSIGNED_CONTEXT ( ( #4006 ) ) GLOBAL_UNIT_ASSIGNED_CONTEXT ( ( #5430, #336, #894 ) ) REPRESENTATION_CONTEXT ( 'NONE', 'WORKASPACE' ) );
#5427 = EDGE_LOOP ( 'NONE', ( #3667, #2765, #2214, #2243 ) ) ;
#5428 = CARTESIAN_POINT ( 'NONE',  ( -8.390000000000000600, -5.205000000000000100, 2.799999999999999800 ) ) ;
#5429 = CARTESIAN_POINT ( 'NONE',  ( -11.30000000000000100, 6.049999999999999800, 1.600000000000000100 ) ) ;
#5430 =( LENGTH_UNIT ( ) NAMED_UNIT ( * ) SI_UNIT ( .MILLI., .METRE. ) );
#5431 = UNCERTAINTY_MEASURE_WITH_UNIT (LENGTH_MEASURE( 1.000000000000000100E-005 ), #6294, 'distance_accuracy_value', 'NONE');
#5432 = FILL_AREA_STYLE_COLOUR ( '', #1515 ) ;
#5433 = ORIENTED_EDGE ( 'NONE', *, *, #4460, .F. ) ;
#5434 = CARTESIAN_POINT ( 'NONE',  ( 6.349999999999999600, 7.833333333333331300, 0.2009288015000139900 ) ) ;
#5435 = SURFACE_STYLE_USAGE ( .BOTH. , #1476 ) ;
#5436 = VERTEX_POINT ( 'NONE', #3511 ) ;
#5437 = COLOUR_RGB ( '',0.7529411764705882200, 0.7529411764705882200, 0.7529411764705882200 ) ;
#5438 = VERTEX_POINT ( 'NONE', #6895 ) ;
#5439 = CARTESIAN_POINT ( 'NONE',  ( -11.50000000000000000, 6.250000000000000000, 7.599999999999999600 ) ) ;
#5440 = PRESENTATION_LAYER_ASSIGNMENT (  '', '', ( #5050 ) ) ;
#5441 = ORIENTED_EDGE ( 'NONE', *, *, #3218, .T. ) ;
#5442 =( NAMED_UNIT ( * ) SI_UNIT ( $, .STERADIAN. ) SOLID_ANGLE_UNIT ( ) );
#5443 = VECTOR ( 'NONE', #375, 1000.000000000000000 ) ;
#5444 = ORIENTED_EDGE ( 'NONE', *, *, #4656, .F. ) ;
#5445 = VERTEX_POINT ( 'NONE', #1812 ) ;
#5446 = VERTEX_POINT ( 'NONE', #6343 ) ;
#5447 = VECTOR ( 'NONE', #2600, 1000.000000000000000 ) ;
#5448 = DIRECTION ( 'NONE',  ( 0.0000000000000000000, 0.0000000000000000000, 1.000000000000000000 ) ) ;
#5449 = DIRECTION ( 'NONE',  ( 0.0000000000000000000, 0.4259177099999590900, 0.9047619047619052100 ) ) ;
#5450 = PRESENTATION_STYLE_ASSIGNMENT (( #7287 ) ) ;
#5451 = CIRCLE ( 'NONE', #4060, 0.3499999999999999800 ) ;
#5452 = PRESENTATION_LAYER_ASSIGNMENT (  '', '', ( #5058 ) ) ;
#5453 = VECTOR ( 'NONE', #904, 1000.000000000000000 ) ;
#5454 = DIRECTION ( 'NONE',  ( -1.632966780389950100E-028, 0.0000000000000000000, 1.000000000000000000 ) ) ;
#5455 =( LENGTH_UNIT ( ) NAMED_UNIT ( * ) SI_UNIT ( .MILLI., .METRE. ) );
#5456 = EDGE_CURVE ( 'NONE', #876, #4818, #1852, .T. ) ;
#5457 =( LENGTH_UNIT ( ) NAMED_UNIT ( * ) SI_UNIT ( .MILLI., .METRE. ) );
#5458 = ORIENTED_EDGE ( 'NONE', *, *, #3800, .F. ) ;
#5459 = FILL_AREA_STYLE ('',( #5432 ) ) ;
#5460 = FILL_AREA_STYLE ('',( #938 ) ) ;
#5461 = FILL_AREA_STYLE_COLOUR ( '', #1768 ) ;
#5462 = STYLED_ITEM ( 'NONE', ( #7241 ), #5352 ) ;
#5463 = AXIS2_PLACEMENT_3D ( 'NONE', #3286, #7226, #3852 ) ;
#5464 = EDGE_LOOP ( 'NONE', ( #6285, #267, #390, #1464 ) ) ;
#5465 = CARTESIAN_POINT ( 'NONE',  ( 6.349999999999999600, 9.000000000000001800, 0.0000000000000000000 ) ) ;
#5466 = LINE ( 'NONE', #6908, #3941 ) ;
#5467 = DIRECTION ( 'NONE',  ( 0.0000000000000000000, 0.9047619047619052100, -0.4259177099999590900 ) ) ;
#5468 = CARTESIAN_POINT ( 'NONE',  ( 11.87499999999999800, 6.850000000000000500, 0.2000000000000000100 ) ) ;
#5469 = EDGE_CURVE ( 'NONE', #3877, #4891, #6376, .T. ) ;
#5470 = FILL_AREA_STYLE ('',( #6036 ) ) ;
#5471 = ORIENTED_EDGE ( 'NONE', *, *, #4160, .T. ) ;
#5472 =( GEOMETRIC_REPRESENTATION_CONTEXT ( 3 ) GLOBAL_UNCERTAINTY_ASSIGNED_CONTEXT ( ( #444 ) ) GLOBAL_UNIT_ASSIGNED_CONTEXT ( ( #47, #3983, #4559 ) ) REPRESENTATION_CONTEXT ( 'NONE', 'WORKASPACE' ) );
#5473 = CIRCLE ( 'NONE', #5237, 0.3500000000000020300 ) ;
#5474 = CARTESIAN_POINT ( 'NONE',  ( 8.890000000000000600, -7.416666666666669600, 0.4990711984999859900 ) ) ;
#5475 =( LENGTH_UNIT ( ) NAMED_UNIT ( * ) SI_UNIT ( .MILLI., .METRE. ) );
#5476 = STYLED_ITEM ( 'NONE', ( #5931 ), #6208 ) ;
#5477 = PRESENTATION_STYLE_ASSIGNMENT (( #6586 ) ) ;
#5478 = CARTESIAN_POINT ( 'NONE',  ( -9.390000000000000600, -9.000000000000001800, -0.2500000000000000000 ) ) ;
#5479 = CIRCLE ( 'NONE', #4102, 0.5999999999999999800 ) ;
#5480 = EDGE_LOOP ( 'NONE', ( #2316, #7082, #2364 ) ) ;
#5481 = VECTOR ( 'NONE', #6729, 1000.000000000000000 ) ;
#5482 = PLANE ( 'NONE',  #7011 ) ;
#5483 = EDGE_CURVE ( 'NONE', #5962, #3934, #3348, .T. ) ;
#5484 = COLOUR_RGB ( '',0.7529411764705882200, 0.7529411764705882200, 0.7529411764705882200 ) ;
#5485 = AXIS2_PLACEMENT_3D ( 'NONE', #1471, #1454, #1357 ) ;
#5486 = CARTESIAN_POINT ( 'NONE',  ( -11.50000000000000000, 0.0000000000000000000, 1.600000000000000100 ) ) ;
#5487 = DIRECTION ( 'NONE',  ( 0.0000000000000000000, -1.000000000000000000, -0.0000000000000000000 ) ) ;
#5488 = CARTESIAN_POINT ( 'NONE',  ( 8.390000000000000600, -8.150000000000000400, -0.2500000000000000000 ) ) ;
#5489 =( GEOMETRIC_REPRESENTATION_CONTEXT ( 3 ) GLOBAL_UNCERTAINTY_ASSIGNED_CONTEXT ( ( #5562 ) ) GLOBAL_UNIT_ASSIGNED_CONTEXT ( ( #5169, #1774, #5752 ) ) REPRESENTATION_CONTEXT ( 'NONE', 'WORKASPACE' ) );
#5490 = SURFACE_STYLE_FILL_AREA ( #5790 ) ;
#5491 = ADVANCED_FACE ( 'NONE', ( #3181 ), #1165, .T. ) ;
#5492 = ORIENTED_EDGE ( 'NONE', *, *, #2785, .T. ) ;
#5493 =( LENGTH_UNIT ( ) NAMED_UNIT ( * ) SI_UNIT ( .MILLI., .METRE. ) );
#5494 = LINE ( 'NONE', #4075, #5310 ) ;
#5495 = ORIENTED_EDGE ( 'NONE', *, *, #2163, .T. ) ;
#5496 = PLANE ( 'NONE',  #4152 ) ;
#5497 = PLANE ( 'NONE',  #2304 ) ;
#5498 = PRESENTATION_LAYER_ASSIGNMENT (  '', '', ( #5099 ) ) ;
#5499 = VECTOR ( 'NONE', #3751, 1000.000000000000000 ) ;
#5500 = PLANE ( 'NONE',  #4672 ) ;
#5501 =( NAMED_UNIT ( * ) SI_UNIT ( $, .STERADIAN. ) SOLID_ANGLE_UNIT ( ) );
#5502 = VECTOR ( 'NONE', #6520, 1000.000000000000000 ) ;
#5503 = SURFACE_STYLE_FILL_AREA ( #3010 ) ;
#5504 = CARTESIAN_POINT ( 'NONE',  ( 6.850000000000000500, 7.642857142857140600, 0.6055506259999767800 ) ) ;
#5505 = VERTEX_POINT ( 'NONE', #769 ) ;
#5506 = DIRECTION ( 'NONE',  ( -1.000000000000000000, 0.0000000000000000000, -0.0000000000000000000 ) ) ;
#5507 = ORIENTED_EDGE ( 'NONE', *, *, #555, .F. ) ;
#5508 = VECTOR ( 'NONE', #1322, 1000.000000000000000 ) ;
#5509 = MECHANICAL_DESIGN_GEOMETRIC_PRESENTATION_REPRESENTATION (  '', ( #4734 ), #5896 ) ;
#5510 = DIRECTION ( 'NONE',  ( 1.000000000000000000, 0.0000000000000000000, 0.0000000000000000000 ) ) ;
#5511 = SURFACE_STYLE_USAGE ( .BOTH. , #1549 ) ;
#5512 = SURFACE_STYLE_USAGE ( .BOTH. , #1551 ) ;
#5513 =( LENGTH_UNIT ( ) NAMED_UNIT ( * ) SI_UNIT ( .MILLI., .METRE. ) );
#5514 = VECTOR ( 'NONE', #2652, 1000.000000000000000 ) ;
#5515 = EDGE_CURVE ( 'NONE', #5208, #581, #5680, .T. ) ;
#5516 = EDGE_LOOP ( 'NONE', ( #5835, #1998, #2354, #3649 ) ) ;
#5517 = DIRECTION ( 'NONE',  ( 1.000000000000000000, 0.0000000000000000000, 0.0000000000000000000 ) ) ;
#5518 = EDGE_CURVE ( 'NONE', #290, #7206, #2638, .T. ) ;
#5519 = LINE ( 'NONE', #4146, #3999 ) ;
#5520 = MECHANICAL_DESIGN_GEOMETRIC_PRESENTATION_REPRESENTATION (  '', ( #4744 ), #5906 ) ;
#5521 = CARTESIAN_POINT ( 'NONE',  ( 5.850000000000000500, -8.150000000000000400, -1.560473778482678100E-057 ) ) ;
#5522 = PRODUCT_RELATED_PRODUCT_CATEGORY ( 'part', '', ( #5820 ) ) ;
#5523 =( NAMED_UNIT ( * ) PLANE_ANGLE_UNIT ( ) SI_UNIT ( $, .RADIAN. ) );
#5524 = EDGE_LOOP ( 'NONE', ( #2758, #1713, #6186, #2225 ) ) ;
#5525 =( NAMED_UNIT ( * ) PLANE_ANGLE_UNIT ( ) SI_UNIT ( $, .RADIAN. ) );
#5526 = EDGE_LOOP ( 'NONE', ( #4419, #6006, #1548, #2572 ) ) ;
#5527 = VECTOR ( 'NONE', #6846, 1000.000000000000000 ) ;
#5528 = ADVANCED_FACE ( 'NONE', ( #7150 ), #6416, .T. ) ;
#5529 = EDGE_CURVE ( 'NONE', #2599, #4270, #1930, .T. ) ;
#5530 = PRESENTATION_LAYER_ASSIGNMENT (  '', '', ( #4368 ) ) ;
#5531 = ORIENTED_EDGE ( 'NONE', *, *, #4752, .T. ) ;
#5532 =( GEOMETRIC_REPRESENTATION_CONTEXT ( 3 ) GLOBAL_UNCERTAINTY_ASSIGNED_CONTEXT ( ( #4553 ) ) GLOBAL_UNIT_ASSIGNED_CONTEXT ( ( #5425, #2004, #4848 ) ) REPRESENTATION_CONTEXT ( 'NONE', 'WORKASPACE' ) );
#5533 = CARTESIAN_POINT ( 'NONE',  ( -12.07499999999999900, 6.650000000000001200, 1.600000000000000100 ) ) ;
#5534 = CARTESIAN_POINT ( 'NONE',  ( 8.939999999999999500, -5.349999999999999600, 0.0000000000000000000 ) ) ;
#5535 = FACE_OUTER_BOUND ( 'NONE', #5464, .T. ) ;
#5536 = UNCERTAINTY_MEASURE_WITH_UNIT (LENGTH_MEASURE( 1.000000000000000100E-005 ), #4303, 'distance_accuracy_value', 'NONE');
#5537 = FILL_AREA_STYLE_COLOUR ( '', #98 ) ;
#5538 = DIRECTION ( 'NONE',  ( 0.0000000000000000000, -1.000000000000000000, -0.0000000000000000000 ) ) ;
#5539 = DIRECTION ( 'NONE',  ( -1.000000000000000000, 2.047319486629579800E-065, 0.0000000000000000000 ) ) ;
#5540 = ORIENTED_EDGE ( 'NONE', *, *, #5702, .T. ) ;
#5541 = CARTESIAN_POINT ( 'NONE',  ( 6.349999999999999600, 5.080000000000000100, 4.599999999999999600 ) ) ;
#5542 = ORIENTED_EDGE ( 'NONE', *, *, #3880, .T. ) ;
#5543 = STYLED_ITEM ( 'NONE', ( #6522 ), #3206 ) ;
#5544 = SURFACE_STYLE_FILL_AREA ( #2321 ) ;
#5545 = FILL_AREA_STYLE ('',( #4381 ) ) ;
#5546 = UNCERTAINTY_MEASURE_WITH_UNIT (LENGTH_MEASURE( 1.000000000000000100E-005 ), #3052, 'distance_accuracy_value', 'NONE');
#5547 = DIRECTION ( 'NONE',  ( 0.0000000000000000000, 2.478176394252567500E-015, -1.000000000000000000 ) ) ;
#5548 =( LENGTH_UNIT ( ) NAMED_UNIT ( * ) SI_UNIT ( .MILLI., .METRE. ) );
#5549 = LINE ( 'NONE', #6580, #1214 ) ;
#5550 = SURFACE_SIDE_STYLE ('',( #3957 ) ) ;
#5551 = MECHANICAL_DESIGN_GEOMETRIC_PRESENTATION_REPRESENTATION (  '', ( #4778 ), #5932 ) ;
#5552 = ORIENTED_EDGE ( 'NONE', *, *, #3976, .F. ) ;
#5553 = CARTESIAN_POINT ( 'NONE',  ( 6.049999999999999800, -5.205000000000000100, 4.599999999999999600 ) ) ;
#5554 = SURFACE_STYLE_USAGE ( .BOTH. , #5581 ) ;
#5555 = PLANE ( 'NONE',  #5807 ) ;
#5556 = EDGE_CURVE ( 'NONE', #4181, #488, #6447, .T. ) ;
#5557 = FILL_AREA_STYLE_COLOUR ( '', #1258 ) ;
#5558 = DIRECTION ( 'NONE',  ( 0.0000000000000000000, 0.0000000000000000000, -1.000000000000000000 ) ) ;
#5559 = SURFACE_STYLE_USAGE ( .BOTH. , #1598 ) ;
#5560 = ORIENTED_EDGE ( 'NONE', *, *, #1880, .F. ) ;
#5561 = ADVANCED_FACE ( 'NONE', ( #456 ), #822, .T. ) ;
#5562 = UNCERTAINTY_MEASURE_WITH_UNIT (LENGTH_MEASURE( 1.000000000000000100E-005 ), #5169, 'distance_accuracy_value', 'NONE');
#5563 = AXIS2_PLACEMENT_3D ( 'NONE', #5407, #2560, #4855 ) ;
#5564 = STYLED_ITEM ( 'NONE', ( #6102 ), #7030 ) ;
#5565 = DIRECTION ( 'NONE',  ( 0.0000000000000000000, 9.582220501765203700E-013, -1.000000000000000000 ) ) ;
#5566 = VECTOR ( 'NONE', #458, 1000.000000000000000 ) ;
#5567 = FILL_AREA_STYLE_COLOUR ( '', #4092 ) ;
#5568 = SURFACE_STYLE_FILL_AREA ( #5615 ) ;
#5569 = DIRECTION ( 'NONE',  ( 0.0000000000000000000, 0.0000000000000000000, 1.000000000000000000 ) ) ;
#5570 = PRESENTATION_STYLE_ASSIGNMENT (( #527 ) ) ;
#5571 =( GEOMETRIC_REPRESENTATION_CONTEXT ( 3 ) GLOBAL_UNCERTAINTY_ASSIGNED_CONTEXT ( ( #4495 ) ) GLOBAL_UNIT_ASSIGNED_CONTEXT ( ( #5548, #5525, #5501 ) ) REPRESENTATION_CONTEXT ( 'NONE', 'WORKASPACE' ) );
#5572 = CARTESIAN_POINT ( 'NONE',  ( 6.049999999999999800, 4.955000000000000100, 2.799999999999999800 ) ) ;
#5573 = SURFACE_STYLE_USAGE ( .BOTH. , #5727 ) ;
#5574 = LINE ( 'NONE', #6510, #2159 ) ;
#5575 = ORIENTED_EDGE ( 'NONE', *, *, #1535, .F. ) ;
#5576 = VECTOR ( 'NONE', #2564, 1000.000000000000000 ) ;
#5577 = SURFACE_SIDE_STYLE ('',( #431 ) ) ;
#5578 = EDGE_LOOP ( 'NONE', ( #2819, #53, #119, #2755 ) ) ;
#5579 = ORIENTED_EDGE ( 'NONE', *, *, #3310, .T. ) ;
#5580 = FILL_AREA_STYLE ('',( #6124 ) ) ;
#5581 = SURFACE_SIDE_STYLE ('',( #5197 ) ) ;
#5582 = ORIENTED_EDGE ( 'NONE', *, *, #1901, .F. ) ;
#5583 = DIRECTION ( 'NONE',  ( 0.0000000000000000000, 0.0000000000000000000, 1.000000000000000000 ) ) ;
#5584 = LINE ( 'NONE', #1269, #5216 ) ;
#5585 = FILL_AREA_STYLE ('',( #4996 ) ) ;
#5586 = SURFACE_STYLE_FILL_AREA ( #6365 ) ;
#5587 = DIRECTION ( 'NONE',  ( 0.0000000000000000000, 0.0000000000000000000, 1.000000000000000000 ) ) ;
#5588 = DIRECTION ( 'NONE',  ( -1.000000000000000000, -0.0000000000000000000, 0.0000000000000000000 ) ) ;
#5589 = AXIS2_PLACEMENT_3D ( 'NONE', #6557, #3177, #7126 ) ;
#5590 = EDGE_LOOP ( 'NONE', ( #2641, #1013, #2384, #4621 ) ) ;
#5591 = LINE ( 'NONE', #6051, #4066 ) ;
#5592 = CARTESIAN_POINT ( 'NONE',  ( 9.390000000000000600, 7.875740647047340600, 0.2507484938770950800 ) ) ;
#5593 = DIRECTION ( 'NONE',  ( 0.0000000000000000000, 0.0000000000000000000, -1.000000000000000000 ) ) ;
#5594 = UNCERTAINTY_MEASURE_WITH_UNIT (LENGTH_MEASURE( 1.000000000000000100E-005 ), #6496, 'distance_accuracy_value', 'NONE');
#5595 = SURFACE_STYLE_USAGE ( .BOTH. , #1620 ) ;
#5596 = EDGE_LOOP ( 'NONE', ( #4638, #6959 ) ) ;
#5597 = VERTEX_POINT ( 'NONE', #4180 ) ;
#5598 = PRESENTATION_LAYER_ASSIGNMENT (  '', '', ( #5202 ) ) ;
#5599 =( NAMED_UNIT ( * ) SI_UNIT ( $, .STERADIAN. ) SOLID_ANGLE_UNIT ( ) );
#5600 = CARTESIAN_POINT ( 'NONE',  ( 9.390000000000000600, -7.607142857142860300, 0.09444937400002460800 ) ) ;
#5601 = LINE ( 'NONE', #1856, #1088 ) ;
#5602 = ADVANCED_FACE ( 'NONE', ( #4235 ), #505, .T. ) ;
#5603 = DIRECTION ( 'NONE',  ( -0.0000000000000000000, 0.0000000000000000000, -1.000000000000000000 ) ) ;
#5604 =( LENGTH_UNIT ( ) NAMED_UNIT ( * ) SI_UNIT ( .MILLI., .METRE. ) );
#5605 =( LENGTH_UNIT ( ) NAMED_UNIT ( * ) SI_UNIT ( .MILLI., .METRE. ) );
#5606 = ORIENTED_EDGE ( 'NONE', *, *, #2970, .F. ) ;
#5607 = VECTOR ( 'NONE', #667, 1000.000000000000000 ) ;
#5608 = UNCERTAINTY_MEASURE_WITH_UNIT (LENGTH_MEASURE( 1.000000000000000100E-005 ), #4321, 'distance_accuracy_value', 'NONE');
#5609 = STYLED_ITEM ( 'NONE', ( #2024 ), #5239 ) ;
#5610 = PRESENTATION_LAYER_ASSIGNMENT (  '', '', ( #5980 ) ) ;
#5611 = CARTESIAN_POINT ( 'NONE',  ( 12.07500000000000100, 6.767157287525382300, 0.1313708498976419400 ) ) ;
#5612 = ORIENTED_EDGE ( 'NONE', *, *, #5268, .T. ) ;
#5613 = EDGE_LOOP ( 'NONE', ( #5346, #3610, #578, #6607 ) ) ;
#5614 = EDGE_LOOP ( 'NONE', ( #1241, #5714, #4225, #2926 ) ) ;
#5615 = FILL_AREA_STYLE ('',( #5024 ) ) ;
#5616 = EDGE_CURVE ( 'NONE', #518, #6967, #3698, .T. ) ;
#5617 = ORIENTED_EDGE ( 'NONE', *, *, #6400, .T. ) ;
#5618 = CARTESIAN_POINT ( 'NONE',  ( 8.890000000000000600, 9.000000000000001800, -0.2500000000000000000 ) ) ;
#5619 = EDGE_LOOP ( 'NONE', ( #2062, #1686, #5885, #1614, #1418, #2847, #5754, #97, #1339, #730, #1320, #4986 ) ) ;
#5620 = SURFACE_STYLE_FILL_AREA ( #1667 ) ;
#5621 = LINE ( 'NONE', #568, #1290 ) ;
#5622 = STYLED_ITEM ( 'NONE', ( #5029 ), #6082 ) ;
#5623 = ADVANCED_FACE ( 'NONE', ( #720 ), #2991, .T. ) ;
#5624 = DIRECTION ( 'NONE',  ( 1.000000000000000000, 0.0000000000000000000, 0.0000000000000000000 ) ) ;
#5625 = EDGE_LOOP ( 'NONE', ( #7003, #2568, #4801, #6001 ) ) ;
#5626 = DIRECTION ( 'NONE',  ( 0.0000000000000000000, 0.4259177099999605900, 0.9047619047619044300 ) ) ;
#5627 = CARTESIAN_POINT ( 'NONE',  ( 6.349999999999999600, 7.416666666666669600, 0.4990711984999859900 ) ) ;
#5628 = EDGE_CURVE ( 'NONE', #2542, #3783, #4508, .T. ) ;
#5629 = FACE_BOUND ( 'NONE', #5897, .T. ) ;
#5630 = AXIS2_PLACEMENT_3D ( 'NONE', #4150, #4059, #4035 ) ;
#5631 = PRESENTATION_STYLE_ASSIGNMENT (( #1039 ) ) ;
#5632 = EDGE_LOOP ( 'NONE', ( #791, #2904, #5687, #4362, #2918, #7088, #1181, #6655 ) ) ;
#5633 = ORIENTED_EDGE ( 'NONE', *, *, #2692, .T. ) ;
#5634 = PRESENTATION_STYLE_ASSIGNMENT (( #5113 ) ) ;
#5635 =( NAMED_UNIT ( * ) SI_UNIT ( $, .STERADIAN. ) SOLID_ANGLE_UNIT ( ) );
#5636 =( NAMED_UNIT ( * ) PLANE_ANGLE_UNIT ( ) SI_UNIT ( $, .RADIAN. ) );
#5637 = DIRECTION ( 'NONE',  ( -1.000000000000000000, -0.0000000000000000000, -0.0000000000000000000 ) ) ;
#5638 = CYLINDRICAL_SURFACE ( 'NONE', #2618, 0.5999999999999999800 ) ;
#5639 = DIRECTION ( 'NONE',  ( 1.632966780389950100E-028, 0.0000000000000000000, -1.000000000000000000 ) ) ;
#5640 = CARTESIAN_POINT ( 'NONE',  ( -11.50000000000000200, 6.049999999999999800, 1.600000000000000100 ) ) ;
#5641 = DIRECTION ( 'NONE',  ( -2.047319486629579800E-065, 1.000000000000000000, 0.0000000000000000000 ) ) ;
#5642 = LINE ( 'NONE', #735, #2410 ) ;
#5643 = ORIENTED_EDGE ( 'NONE', *, *, #1719, .T. ) ;
#5644 = MECHANICAL_DESIGN_GEOMETRIC_PRESENTATION_REPRESENTATION (  '', ( #4866 ), #6012 ) ;
#5645 = SURFACE_STYLE_USAGE ( .BOTH. , #5667 ) ;
#5646 =( NAMED_UNIT ( * ) SI_UNIT ( $, .STERADIAN. ) SOLID_ANGLE_UNIT ( ) );
#5647 = SURFACE_SIDE_STYLE ('',( #5620 ) ) ;
#5648 = LINE ( 'NONE', #1282, #2607 ) ;
#5649 = DIRECTION ( 'NONE',  ( -2.047319486629579800E-065, -1.000000000000000000, 0.0000000000000000000 ) ) ;
#5650 = PLANE ( 'NONE',  #6669 ) ;
#5651 = DIRECTION ( 'NONE',  ( 0.0000000000000000000, -7.434529182757701400E-015, 1.000000000000000000 ) ) ;
#5652 = AXIS2_PLACEMENT_3D ( 'NONE', #4997, #1610, #5587 ) ;
#5653 = ORIENTED_EDGE ( 'NONE', *, *, #303, .F. ) ;
#5654 = FACE_OUTER_BOUND ( 'NONE', #4539, .T. ) ;
#5655 =( NAMED_UNIT ( * ) SI_UNIT ( $, .STERADIAN. ) SOLID_ANGLE_UNIT ( ) );
#5656 = EDGE_CURVE ( 'NONE', #108, #103, #188, .T. ) ;
#5657 =( LENGTH_UNIT ( ) NAMED_UNIT ( * ) SI_UNIT ( .MILLI., .METRE. ) );
#5658 = ADVANCED_FACE ( 'NONE', ( #6020 ), #6000, .T. ) ;
#5659 = EDGE_CURVE ( 'NONE', #929, #186, #989, .T. ) ;
#5660 = FILL_AREA_STYLE ('',( #3351 ) ) ;
#5661 = PRESENTATION_STYLE_ASSIGNMENT (( #3549 ) ) ;
#5662 = EDGE_CURVE ( 'NONE', #5377, #5871, #3969, .T. ) ;
#5663 = AXIS2_PLACEMENT_3D ( 'NONE', #3593, #3664, #3643 ) ;
#5664 = ORIENTED_EDGE ( 'NONE', *, *, #4118, .F. ) ;
#5665 = SHAPE_DEFINITION_REPRESENTATION ( #6123, #4857 ) ;
#5666 = PRESENTATION_LAYER_ASSIGNMENT (  '', '', ( #5276 ) ) ;
#5667 = SURFACE_SIDE_STYLE ('',( #6525 ) ) ;
#5668 = PLANE ( 'NONE',  #3546 ) ;
#5669 = EDGE_CURVE ( 'NONE', #5871, #5505, #6798, .T. ) ;
#5670 = STYLED_ITEM ( 'NONE', ( #3540 ), #281 ) ;
#5671 = COLOUR_RGB ( '',0.7529411764705882200, 0.7529411764705882200, 0.7529411764705882200 ) ;
#5672 =( GEOMETRIC_REPRESENTATION_CONTEXT ( 3 ) GLOBAL_UNCERTAINTY_ASSIGNED_CONTEXT ( ( #3446 ) ) GLOBAL_UNIT_ASSIGNED_CONTEXT ( ( #5826, #5265, #1301 ) ) REPRESENTATION_CONTEXT ( 'NONE', 'WORKASPACE' ) );
#5673 = ORIENTED_EDGE ( 'NONE', *, *, #6265, .T. ) ;
#5674 = SURFACE_STYLE_FILL_AREA ( #2144 ) ;
#5675 = LINE ( 'NONE', #5097, #5499 ) ;
#5676 =( NAMED_UNIT ( * ) PLANE_ANGLE_UNIT ( ) SI_UNIT ( $, .RADIAN. ) );
#5677 = DIRECTION ( 'NONE',  ( 1.000000000000000000, 0.0000000000000000000, 0.0000000000000000000 ) ) ;
#5678 = VECTOR ( 'NONE', #1459, 1000.000000000000200 ) ;
#5679 = CARTESIAN_POINT ( 'NONE',  ( -8.390000000000000600, 8.150000000000000400, 0.3499999999999999800 ) ) ;
#5680 = LINE ( 'NONE', #4133, #6981 ) ;
#5681 = DIRECTION ( 'NONE',  ( 0.0000000000000000000, -1.000000000000000000, -0.0000000000000000000 ) ) ;
#5682 = CARTESIAN_POINT ( 'NONE',  ( -9.390000000000000600, 8.150000000000000400, -0.2500000000000000000 ) ) ;
#5683 =( GEOMETRIC_REPRESENTATION_CONTEXT ( 3 ) GLOBAL_UNCERTAINTY_ASSIGNED_CONTEXT ( ( #6507 ) ) GLOBAL_UNIT_ASSIGNED_CONTEXT ( ( #4541, #1168, #5107 ) ) REPRESENTATION_CONTEXT ( 'NONE', 'WORKASPACE' ) );
#5684 = FILL_AREA_STYLE_COLOUR ( '', #4773 ) ;
#5685 = ORIENTED_EDGE ( 'NONE', *, *, #4122, .F. ) ;
#5686 = FILL_AREA_STYLE_COLOUR ( '', #5839 ) ;
#5687 = ORIENTED_EDGE ( 'NONE', *, *, #5456, .T. ) ;
#5688 = PRESENTATION_STYLE_ASSIGNMENT (( #1169 ) ) ;
#5689 = DIRECTION ( 'NONE',  ( 0.0000000000000000000, 0.0000000000000000000, 1.000000000000000000 ) ) ;
#5690 = EDGE_LOOP ( 'NONE', ( #5540, #4548, #2426, #5612 ) ) ;
#5691 = FACE_OUTER_BOUND ( 'NONE', #5690, .T. ) ;
#5692 = DIRECTION ( 'NONE',  ( 0.0000000000000000000, 2.478176394252567500E-015, -1.000000000000000000 ) ) ;
#5693 = DIRECTION ( 'NONE',  ( 1.000000000000000000, 0.0000000000000000000, -0.0000000000000000000 ) ) ;
#5694 = CARTESIAN_POINT ( 'NONE',  ( 6.849999999999999600, 9.000000000000001800, -2.251658876466633600E-058 ) ) ;
#5695 = ORIENTED_EDGE ( 'NONE', *, *, #356, .F. ) ;
#5696 = COLOUR_RGB ( '',0.7529411764705882200, 0.7529411764705882200, 0.7529411764705882200 ) ;
#5697 = ADVANCED_FACE ( 'NONE', ( #816 ), #4596, .T. ) ;
#5698 = CARTESIAN_POINT ( 'NONE',  ( 11.50000000000000000, 6.250000000000000000, 7.599999999999999600 ) ) ;
#5699 = FACE_OUTER_BOUND ( 'NONE', #5596, .T. ) ;
#5700 = DIRECTION ( 'NONE',  ( 0.0000000000000000000, -0.0000000000000000000, 1.000000000000000000 ) ) ;
#5701 = VECTOR ( 'NONE', #2379, 1000.000000000000000 ) ;
#5702 = EDGE_CURVE ( 'NONE', #4082, #488, #3256, .T. ) ;
#5703 = VERTEX_POINT ( 'NONE', #3803 ) ;
#5704 = APPLICATION_CONTEXT ( 'automotive_design' ) ;
#5705 = ORIENTED_EDGE ( 'NONE', *, *, #6754, .F. ) ;
#5706 = ORIENTED_EDGE ( 'NONE', *, *, #2009, .F. ) ;
#5707 = CARTESIAN_POINT ( 'NONE',  ( 11.87500000000000000, -6.650000000000000400, 0.0000000000000000000 ) ) ;
#5708 = CARTESIAN_POINT ( 'NONE',  ( 6.850000000000000500, -7.875740647047340600, -0.2500000000000000600 ) ) ;
#5709 =( LENGTH_UNIT ( ) NAMED_UNIT ( * ) SI_UNIT ( .MILLI., .METRE. ) );
#5710 = AXIS2_PLACEMENT_3D ( 'NONE', #1362, #5312, #1898 ) ;
#5711 = PRESENTATION_LAYER_ASSIGNMENT (  '', '', ( #5324 ) ) ;
#5712 = CARTESIAN_POINT ( 'NONE',  ( 8.390000000000000600, -7.099999999999999600, 0.9500000000000000700 ) ) ;
#5713 =( LENGTH_UNIT ( ) NAMED_UNIT ( * ) SI_UNIT ( .MILLI., .METRE. ) );
#5714 = ORIENTED_EDGE ( 'NONE', *, *, #1702, .T. ) ;
#5715 = DIRECTION ( 'NONE',  ( -1.000000000000000000, 0.0000000000000000000, -0.0000000000000000000 ) ) ;
#5716 = UNCERTAINTY_MEASURE_WITH_UNIT (LENGTH_MEASURE( 1.000000000000000100E-005 ), #7028, 'distance_accuracy_value', 'NONE');
#5717 = CARTESIAN_POINT ( 'NONE',  ( 8.890000000000000600, 7.099999999999999600, 0.6999999999999999600 ) ) ;
#5718 = SURFACE_STYLE_FILL_AREA ( #5545 ) ;
#5719 = CARTESIAN_POINT ( 'NONE',  ( 6.850000000000000500, -9.000000000000001800, 0.2507484938770950800 ) ) ;
#5720 = EDGE_CURVE ( 'NONE', #2281, #4521, #6115, .T. ) ;
#5721 = SURFACE_STYLE_USAGE ( .BOTH. , #6274 ) ;
#5722 = SURFACE_SIDE_STYLE ('',( #4787 ) ) ;
#5723 = PLANE ( 'NONE',  #7035 ) ;
#5724 = ORIENTED_EDGE ( 'NONE', *, *, #1206, .T. ) ;
#5725 = AXIS2_PLACEMENT_3D ( 'NONE', #2093, #2647, #6091 ) ;
#5726 = SURFACE_STYLE_USAGE ( .BOTH. , #1743 ) ;
#5727 = SURFACE_SIDE_STYLE ('',( #5246 ) ) ;
#5728 = PRESENTATION_STYLE_ASSIGNMENT (( #4681 ) ) ;
#5729 = DIRECTION ( 'NONE',  ( 0.0000000000000000000, 0.0000000000000000000, -1.000000000000000000 ) ) ;
#5730 = AXIS2_PLACEMENT_3D ( 'NONE', #3644, #289, #4211 ) ;
#5731 = CARTESIAN_POINT ( 'NONE',  ( -12.07499999999999900, 0.0000000000000000000, 0.0000000000000000000 ) ) ;
#5732 = SURFACE_STYLE_FILL_AREA ( #5907 ) ;
#5733 = CARTESIAN_POINT ( 'NONE',  ( 9.389999999999998800, 6.850000000000000500, 0.0000000000000000000 ) ) ;
#5734 = SURFACE_SIDE_STYLE ('',( #716 ) ) ;
#5735 = ADVANCED_FACE ( 'NONE', ( #3082 ), #457, .F. ) ;
#5736 = ORIENTED_EDGE ( 'NONE', *, *, #2983, .T. ) ;
#5737 = DIRECTION ( 'NONE',  ( 4.551305969182499400E-029, 0.0000000000000000000, -1.000000000000000000 ) ) ;
#5738 = PRESENTATION_LAYER_ASSIGNMENT (  '', '', ( #5353 ) ) ;
#5739 = ORIENTED_EDGE ( 'NONE', *, *, #2031, .T. ) ;
#5740 = FILL_AREA_STYLE ('',( #6414 ) ) ;
#5741 = DIRECTION ( 'NONE',  ( 0.0000000000000000000, 1.000000000000000000, 0.0000000000000000000 ) ) ;
#5742 = FILL_AREA_STYLE ('',( #4614 ) ) ;
#5743 = VERTEX_POINT ( 'NONE', #6129 ) ;
#5744 = LINE ( 'NONE', #6634, #7202 ) ;
#5745 = LINE ( 'NONE', #1076, #7205 ) ;
#5746 =( GEOMETRIC_REPRESENTATION_CONTEXT ( 3 ) GLOBAL_UNCERTAINTY_ASSIGNED_CONTEXT ( ( #1486 ) ) GLOBAL_UNIT_ASSIGNED_CONTEXT ( ( #5859, #2422, #6407 ) ) REPRESENTATION_CONTEXT ( 'NONE', 'WORKASPACE' ) );
#5747 =( GEOMETRIC_REPRESENTATION_CONTEXT ( 3 ) GLOBAL_UNCERTAINTY_ASSIGNED_CONTEXT ( ( #882 ) ) GLOBAL_UNIT_ASSIGNED_CONTEXT ( ( #1145, #5084, #1694 ) ) REPRESENTATION_CONTEXT ( 'NONE', 'WORKASPACE' ) );
#5748 = ORIENTED_EDGE ( 'NONE', *, *, #4930, .F. ) ;
#5749 = FACE_BOUND ( 'NONE', #4158, .T. ) ;
#5750 = CARTESIAN_POINT ( 'NONE',  ( 11.50000000000000000, -6.049999999999999800, 1.600000000000000100 ) ) ;
#5751 = VERTEX_POINT ( 'NONE', #1596 ) ;
#5752 =( NAMED_UNIT ( * ) SI_UNIT ( $, .STERADIAN. ) SOLID_ANGLE_UNIT ( ) );
#5753 = VECTOR ( 'NONE', #553, 1000.000000000000000 ) ;
#5754 = ORIENTED_EDGE ( 'NONE', *, *, #4086, .F. ) ;
#5755 = DIRECTION ( 'NONE',  ( -1.000000000000000000, -1.393726859448460000E-028, -1.632966780389950100E-028 ) ) ;
#5756 = COLOUR_RGB ( '',0.7529411764705882200, 0.7529411764705882200, 0.7529411764705882200 ) ;
#5757 = CARTESIAN_POINT ( 'NONE',  ( -9.390000000000000600, 7.607142857142860300, 0.09444937400002460800 ) ) ;
#5759 = EDGE_CURVE ( 'NONE', #1751, #807, #3436, .T. ) ;
#5758 = UNCERTAINTY_MEASURE_WITH_UNIT (LENGTH_MEASURE( 1.000000000000000100E-005 ), #2685, 'distance_accuracy_value', 'NONE');
#5760 = ORIENTED_EDGE ( 'NONE', *, *, #6949, .F. ) ;
#5761 =( GEOMETRIC_REPRESENTATION_CONTEXT ( 3 ) GLOBAL_UNCERTAINTY_ASSIGNED_CONTEXT ( ( #226 ) ) GLOBAL_UNIT_ASSIGNED_CONTEXT ( ( #2217, #2097, #2339 ) ) REPRESENTATION_CONTEXT ( 'NONE', 'WORKASPACE' ) );
#5762 = FACE_OUTER_BOUND ( 'NONE', #2516, .T. ) ;
#5763 = ORIENTED_EDGE ( 'NONE', *, *, #2593, .F. ) ;
#5764 = COLOUR_RGB ( '',0.7529411764705882200, 0.7529411764705882200, 0.7529411764705882200 ) ;
#5765 = PRESENTATION_LAYER_ASSIGNMENT (  '', '', ( #5376 ) ) ;
#5766 = LINE ( 'NONE', #7157, #7223 ) ;
#5767 = SURFACE_STYLE_FILL_AREA ( #2828 ) ;
#5768 = CARTESIAN_POINT ( 'NONE',  ( -11.87500000000000000, 6.650000000000001200, -3.523657060577889400E-016 ) ) ;
#5769 = SURFACE_SIDE_STYLE ('',( #845 ) ) ;
#5770 = UNCERTAINTY_MEASURE_WITH_UNIT (LENGTH_MEASURE( 1.000000000000000100E-005 ), #5843, 'distance_accuracy_value', 'NONE');
#5771 = ORIENTED_EDGE ( 'NONE', *, *, #4291, .F. ) ;
#5772 = PRESENTATION_STYLE_ASSIGNMENT (( #1552 ) ) ;
#5773 = EDGE_CURVE ( 'NONE', #3908, #1380, #1931, .T. ) ;
#5774 =( GEOMETRIC_REPRESENTATION_CONTEXT ( 3 ) GLOBAL_UNCERTAINTY_ASSIGNED_CONTEXT ( ( #6150 ) ) GLOBAL_UNIT_ASSIGNED_CONTEXT ( ( #6018, #5997, #5930 ) ) REPRESENTATION_CONTEXT ( 'NONE', 'WORKASPACE' ) );
#5775 = COLOUR_RGB ( '',0.7529411764705882200, 0.7529411764705882200, 0.7529411764705882200 ) ;
#5776 = ADVANCED_FACE ( 'NONE', ( #3267 ), #1056, .F. ) ;
#5777 = LINE ( 'NONE', #1609, #7231 ) ;
#5778 = DIRECTION ( 'NONE',  ( 0.0000000000000000000, -0.0000000000000000000, -1.000000000000000000 ) ) ;
#5779 = CARTESIAN_POINT ( 'NONE',  ( 5.850000000000000500, 7.833333333333333000, 0.2009288015000136600 ) ) ;
#5780 = VECTOR ( 'NONE', #4296, 1000.000000000000000 ) ;
#5781 = ORIENTED_EDGE ( 'NONE', *, *, #4710, .T. ) ;
#5782 = ORIENTED_EDGE ( 'NONE', *, *, #5902, .F. ) ;
#5783 = COLOUR_RGB ( '',0.7529411764705882200, 0.7529411764705882200, 0.7529411764705882200 ) ;
#5784 = VECTOR ( 'NONE', #5741, 1000.000000000000000 ) ;
#5785 = CARTESIAN_POINT ( 'NONE',  ( -8.890000000000000600, 9.000000000000001800, -0.2500000000000000000 ) ) ;
#5786 = SURFACE_STYLE_USAGE ( .BOTH. , #1796 ) ;
#5787 = VECTOR ( 'NONE', #2646, 1000.000000000000000 ) ;
#5788 = DIRECTION ( 'NONE',  ( -1.000000000000000000, 0.0000000000000000000, -0.0000000000000000000 ) ) ;
#5789 = DIRECTION ( 'NONE',  ( 0.0000000000000000000, 0.0000000000000000000, 1.000000000000000000 ) ) ;
#5790 = FILL_AREA_STYLE ('',( #5175 ) ) ;
#5791 = SURFACE_STYLE_FILL_AREA ( #5001 ) ;
#5792 = ORIENTED_EDGE ( 'NONE', *, *, #3087, .F. ) ;
#5793 = CYLINDRICAL_SURFACE ( 'NONE', #800, 0.3499999999999999800 ) ;
#5794 = CARTESIAN_POINT ( 'NONE',  ( -8.890000000000000600, -9.000000000000001800, -0.2500000000000000000 ) ) ;
#5795 = ORIENTED_EDGE ( 'NONE', *, *, #3843, .F. ) ;
#5796 = VERTEX_POINT ( 'NONE', #1085 ) ;
#5797 = CARTESIAN_POINT ( 'NONE',  ( -9.189999999999999500, 5.205000000000000100, 4.599999999999999600 ) ) ;
#5798 = ORIENTED_EDGE ( 'NONE', *, *, #6623, .T. ) ;
#5799 =( GEOMETRIC_REPRESENTATION_CONTEXT ( 3 ) GLOBAL_UNCERTAINTY_ASSIGNED_CONTEXT ( ( #5195 ) ) GLOBAL_UNIT_ASSIGNED_CONTEXT ( ( #6388, #2988, #6948 ) ) REPRESENTATION_CONTEXT ( 'NONE', 'WORKASPACE' ) );
#5800 = STYLED_ITEM ( 'NONE', ( #4415 ), #4679 ) ;
#5801 = CARTESIAN_POINT ( 'NONE',  ( 5.850000000000001400, 6.850000000000000500, 0.9499999999999999600 ) ) ;
#5802 = ORIENTED_EDGE ( 'NONE', *, *, #4172, .F. ) ;
#5803 = CARTESIAN_POINT ( 'NONE',  ( -8.890000000000000600, 7.099999999999999600, 0.9499999999999999600 ) ) ;
#5804 = EDGE_CURVE ( 'NONE', #103, #581, #5777, .T. ) ;
#5805 = DIRECTION ( 'NONE',  ( 1.000000000000000000, -0.0000000000000000000, -0.0000000000000000000 ) ) ;
#5806 = ORIENTED_EDGE ( 'NONE', *, *, #5329, .T. ) ;
#5807 = AXIS2_PLACEMENT_3D ( 'NONE', #7118, #2008, #4272 ) ;
#5808 = CARTESIAN_POINT ( 'NONE',  ( 11.87500000000000000, -6.850000000000000500, 0.0000000000000000000 ) ) ;
#5809 = PRESENTATION_LAYER_ASSIGNMENT (  '', '', ( #4650 ) ) ;
#5810 = PRESENTATION_LAYER_ASSIGNMENT (  '', '', ( #5023 ) ) ;
#5811 = SURFACE_STYLE_FILL_AREA ( #1119 ) ;
#5812 = FILL_AREA_STYLE_COLOUR ( '', #5764 ) ;
#5813 = PLANE ( 'NONE',  #4597 ) ;
#5815 = ADVANCED_FACE ( 'NONE', ( #2726 ), #6175, .F. ) ;
#5814 = EDGE_LOOP ( 'NONE', ( #2839, #1817, #3916, #3213 ) ) ;
#5816 = ORIENTED_EDGE ( 'NONE', *, *, #734, .T. ) ;
#5817 = CARTESIAN_POINT ( 'NONE',  ( 6.850000000000000500, 7.099999999999999600, 0.6999999999999999600 ) ) ;
#5818 = CARTESIAN_POINT ( 'NONE',  ( 8.439999999999999500, -5.349999999999999600, 0.0000000000000000000 ) ) ;
#5819 = EDGE_CURVE ( 'NONE', #4717, #2818, #724, .T. ) ;
#5820 = PRODUCT ( 'base', 'base', '', ( #2851 ) ) ;
#5821 = STYLED_ITEM ( 'NONE', ( #1360 ), #160 ) ;
#5822 = DIRECTION ( 'NONE',  ( 0.0000000000000000000, 0.0000000000000000000, 1.000000000000000000 ) ) ;
#5823 = LINE ( 'NONE', #2242, #4282 ) ;
#5824 = DIRECTION ( 'NONE',  ( -1.213057269022220100E-060, 1.000000000000000000, -0.0000000000000000000 ) ) ;
#5825 = SURFACE_STYLE_FILL_AREA ( #328 ) ;
#5826 =( LENGTH_UNIT ( ) NAMED_UNIT ( * ) SI_UNIT ( .MILLI., .METRE. ) );
#5827 = UNCERTAINTY_MEASURE_WITH_UNIT (LENGTH_MEASURE( 1.000000000000000100E-005 ), #6383, 'distance_accuracy_value', 'NONE');
#5828 =( NAMED_UNIT ( * ) PLANE_ANGLE_UNIT ( ) SI_UNIT ( $, .RADIAN. ) );
#5829 = MECHANICAL_DESIGN_GEOMETRIC_PRESENTATION_REPRESENTATION (  '', ( #5050 ), #6198 ) ;
#5830 = DIRECTION ( 'NONE',  ( 0.0000000000000000000, -0.0000000000000000000, -1.000000000000000000 ) ) ;
#5831 = PLANE ( 'NONE',  #6852 ) ;
#5832 = ORIENTED_EDGE ( 'NONE', *, *, #5423, .T. ) ;
#5833 = COLOUR_RGB ( '',0.7529411764705882200, 0.7529411764705882200, 0.7529411764705882200 ) ;
#5834 = SURFACE_SIDE_STYLE ('',( #1748 ) ) ;
#5835 = ORIENTED_EDGE ( 'NONE', *, *, #7139, .T. ) ;
#5836 = COLOUR_RGB ( '',0.7529411764705882200, 0.7529411764705882200, 0.7529411764705882200 ) ;
#5837 = PRESENTATION_STYLE_ASSIGNMENT (( #1102 ) ) ;
#5838 =( NAMED_UNIT ( * ) SI_UNIT ( $, .STERADIAN. ) SOLID_ANGLE_UNIT ( ) );
#5839 = COLOUR_RGB ( '',0.7529411764705882200, 0.7529411764705882200, 0.7529411764705882200 ) ;
#5840 = ORIENTED_EDGE ( 'NONE', *, *, #3541, .F. ) ;
#5841 = MECHANICAL_DESIGN_GEOMETRIC_PRESENTATION_REPRESENTATION (  '', ( #5058 ), #6207 ) ;
#5842 = DIRECTION ( 'NONE',  ( 1.000000000000000000, 0.0000000000000000000, 0.0000000000000000000 ) ) ;
#5843 =( LENGTH_UNIT ( ) NAMED_UNIT ( * ) SI_UNIT ( .MILLI., .METRE. ) );
#5844 = SURFACE_SIDE_STYLE ('',( #4615 ) ) ;
#5845 = CIRCLE ( 'NONE', #2596, 0.5999999999999999800 ) ;
#5846 = COLOUR_RGB ( '',0.7529411764705882200, 0.7529411764705882200, 0.7529411764705882200 ) ;
#5847 = EDGE_CURVE ( 'NONE', #1950, #4085, #2178, .T. ) ;
#5848 = ADVANCED_FACE ( 'NONE', ( #544 ), #3929, .F. ) ;
#5849 = CARTESIAN_POINT ( 'NONE',  ( -8.390000000000000600, 7.099999999999999600, 0.3499999999999999800 ) ) ;
#5850 = COLOUR_RGB ( '',0.7529411764705882200, 0.7529411764705882200, 0.7529411764705882200 ) ;
#5851 = AXIS2_PLACEMENT_3D ( 'NONE', #75, #4016, #646 ) ;
#5852 = PRESENTATION_LAYER_ASSIGNMENT (  '', '', ( #5070 ) ) ;
#5853 = FACE_OUTER_BOUND ( 'NONE', #5173, .T. ) ;
#5854 = FACE_OUTER_BOUND ( 'NONE', #3422, .T. ) ;
#5855 = DIRECTION ( 'NONE',  ( 0.0000000000000000000, 0.0000000000000000000, 1.000000000000000000 ) ) ;
#5856 = VERTEX_POINT ( 'NONE', #7298 ) ;
#5857 = PRESENTATION_STYLE_ASSIGNMENT (( #602 ) ) ;
#5858 = FILL_AREA_STYLE_COLOUR ( '', #535 ) ;
#5859 =( LENGTH_UNIT ( ) NAMED_UNIT ( * ) SI_UNIT ( .MILLI., .METRE. ) );
#5860 = VECTOR ( 'NONE', #586, 1000.000000000000000 ) ;
#5861 = EDGE_CURVE ( 'NONE', #5751, #4481, #4509, .T. ) ;
#5862 = CARTESIAN_POINT ( 'NONE',  ( 5.850000000000000500, -8.150000000000000400, -0.2500000000000000000 ) ) ;
#5863 = SURFACE_STYLE_FILL_AREA ( #7199 ) ;
#5864 = DIRECTION ( 'NONE',  ( 1.000000000000000000, 0.0000000000000000000, 0.0000000000000000000 ) ) ;
#5865 = AXIS2_PLACEMENT_3D ( 'NONE', #885, #4821, #1447 ) ;
#5866 = DIRECTION ( 'NONE',  ( 1.000000000000000000, 0.0000000000000000000, -0.0000000000000000000 ) ) ;
#5867 = DIRECTION ( 'NONE',  ( -0.0000000000000000000, -0.0000000000000000000, 1.000000000000000000 ) ) ;
#5868 = CARTESIAN_POINT ( 'NONE',  ( 6.349999999999999600, 7.416666666666668700, 0.4990711984999855500 ) ) ;
#5869 = ORIENTED_EDGE ( 'NONE', *, *, #1648, .F. ) ;
#5870 = EDGE_CURVE ( 'NONE', #5306, #2037, #2993, .T. ) ;
#5871 = VERTEX_POINT ( 'NONE', #5094 ) ;
#5872 = AXIS2_PLACEMENT_3D ( 'NONE', #2193, #2056, #1850 ) ;
#5873 = LINE ( 'NONE', #1627, #2820 ) ;
#5874 = LINE ( 'NONE', #1690, #1355 ) ;
#5875 = SURFACE_SIDE_STYLE ('',( #3376 ) ) ;
#5876 =( NAMED_UNIT ( * ) PLANE_ANGLE_UNIT ( ) SI_UNIT ( $, .RADIAN. ) );
#5877 = LINE ( 'NONE', #4229, #7165 ) ;
#5878 =( NAMED_UNIT ( * ) SI_UNIT ( $, .STERADIAN. ) SOLID_ANGLE_UNIT ( ) );
#5879 = FACE_OUTER_BOUND ( 'NONE', #1426, .T. ) ;
#5880 = DIRECTION ( 'NONE',  ( 1.000000000000000000, 0.0000000000000000000, -0.0000000000000000000 ) ) ;
#5881 = CARTESIAN_POINT ( 'NONE',  ( -11.99215728752538200, -6.850000000000000500, 0.08284271247319467700 ) ) ;
#5882 = ORIENTED_EDGE ( 'NONE', *, *, #5329, .F. ) ;
#5883 = ADVANCED_FACE ( 'NONE', ( #12 ), #43, .T. ) ;
#5884 = MECHANICAL_DESIGN_GEOMETRIC_PRESENTATION_REPRESENTATION (  '', ( #5099 ), #6254 ) ;
#5885 = ORIENTED_EDGE ( 'NONE', *, *, #2681, .F. ) ;
#5886 = ORIENTED_EDGE ( 'NONE', *, *, #3635, .T. ) ;
#5887 = ORIENTED_EDGE ( 'NONE', *, *, #3981, .T. ) ;
#5888 = UNCERTAINTY_MEASURE_WITH_UNIT (LENGTH_MEASURE( 1.000000000000000100E-005 ), #2493, 'distance_accuracy_value', 'NONE');
#5889 = DIRECTION ( 'NONE',  ( 0.0000000000000000000, -0.0000000000000000000, 1.000000000000000000 ) ) ;
#5890 = CARTESIAN_POINT ( 'NONE',  ( 8.939999999999999500, -5.349999999999999600, 0.0000000000000000000 ) ) ;
#5891 = FILL_AREA_STYLE ('',( #850 ) ) ;
#5892 = ORIENTED_EDGE ( 'NONE', *, *, #6724, .F. ) ;
#5893 = SURFACE_SIDE_STYLE ('',( #3898 ) ) ;
#5894 =( NAMED_UNIT ( * ) PLANE_ANGLE_UNIT ( ) SI_UNIT ( $, .RADIAN. ) );
#5895 = COLOUR_RGB ( '',0.7529411764705882200, 0.7529411764705882200, 0.7529411764705882200 ) ;
#5896 =( GEOMETRIC_REPRESENTATION_CONTEXT ( 3 ) GLOBAL_UNCERTAINTY_ASSIGNED_CONTEXT ( ( #5431 ) ) GLOBAL_UNIT_ASSIGNED_CONTEXT ( ( #6294, #2875, #6837 ) ) REPRESENTATION_CONTEXT ( 'NONE', 'WORKASPACE' ) );
#5897 = EDGE_LOOP ( 'NONE', ( #4099, #5119 ) ) ;
#5898 = ORIENTED_EDGE ( 'NONE', *, *, #1481, .F. ) ;
#5899 = CARTESIAN_POINT ( 'NONE',  ( -12.07499999999999900, -6.650000000000000400, 0.0000000000000000000 ) ) ;
#5900 = ORIENTED_EDGE ( 'NONE', *, *, #6212, .T. ) ;
#5901 = CARTESIAN_POINT ( 'NONE',  ( -8.589999999999999900, -4.955000000000000100, 2.799999999999999800 ) ) ;
#5902 = EDGE_CURVE ( 'NONE', #5155, #3862, #5319, .T. ) ;
#5903 = PRESENTATION_STYLE_ASSIGNMENT (( #5348 ) ) ;
#5904 = EDGE_CURVE ( 'NONE', #3689, #186, #2270, .T. ) ;
#5905 = DIRECTION ( 'NONE',  ( 0.0000000000000000000, 0.0000000000000000000, 1.000000000000000000 ) ) ;
#5906 =( GEOMETRIC_REPRESENTATION_CONTEXT ( 3 ) GLOBAL_UNCERTAINTY_ASSIGNED_CONTEXT ( ( #7128 ) ) GLOBAL_UNIT_ASSIGNED_CONTEXT ( ( #5296, #5271, #5245 ) ) REPRESENTATION_CONTEXT ( 'NONE', 'WORKASPACE' ) );
#5907 = FILL_AREA_STYLE ('',( #1376 ) ) ;
#5908 = COLOUR_RGB ( '',0.7529411764705882200, 0.7529411764705882200, 0.7529411764705882200 ) ;
#5909 = LINE ( 'NONE', #4655, #4375 ) ;
#5910 = EDGE_CURVE ( 'NONE', #3282, #3656, #6800, .T. ) ;
#5911 = MECHANICAL_DESIGN_GEOMETRIC_PRESENTATION_REPRESENTATION (  '', ( #4368 ), #6280 ) ;
#5912 = FACE_OUTER_BOUND ( 'NONE', #2332, .T. ) ;
#5913 = CARTESIAN_POINT ( 'NONE',  ( -9.390000000000000600, 7.875740647047340600, 0.0000000000000000000 ) ) ;
#5914 = ORIENTED_EDGE ( 'NONE', *, *, #3360, .F. ) ;
#5915 =( NAMED_UNIT ( * ) PLANE_ANGLE_UNIT ( ) SI_UNIT ( $, .RADIAN. ) );
#5916 = CARTESIAN_POINT ( 'NONE',  ( 8.589999999999999900, -5.205000000000000100, 2.799999999999999800 ) ) ;
#5917 = ADVANCED_FACE ( 'NONE', ( #3788 ), #6836, .T. ) ;
#5918 = CARTESIAN_POINT ( 'NONE',  ( 6.349999999999999600, 7.642857142857141500, 0.6055506259999780000 ) ) ;
#5919 = PRESENTATION_STYLE_ASSIGNMENT (( #1729 ) ) ;
#5920 = ORIENTED_EDGE ( 'NONE', *, *, #4514, .F. ) ;
#5921 = ORIENTED_EDGE ( 'NONE', *, *, #4172, .T. ) ;
#5922 =( NAMED_UNIT ( * ) PLANE_ANGLE_UNIT ( ) SI_UNIT ( $, .RADIAN. ) );
#5923 = PRESENTATION_LAYER_ASSIGNMENT (  '', '', ( #5543 ) ) ;
#5924 = FACE_OUTER_BOUND ( 'NONE', #541, .T. ) ;
#5925 = CARTESIAN_POINT ( 'NONE',  ( 8.890000000000000600, -9.000000000000001800, 0.0000000000000000000 ) ) ;
#5926 = VECTOR ( 'NONE', #5637, 1000.000000000000000 ) ;
#5927 =( NAMED_UNIT ( * ) SI_UNIT ( $, .STERADIAN. ) SOLID_ANGLE_UNIT ( ) );
#5928 = FACE_OUTER_BOUND ( 'NONE', #4135, .T. ) ;
#5929 = EDGE_LOOP ( 'NONE', ( #6372, #700, #6569, #1645 ) ) ;
#5930 =( NAMED_UNIT ( * ) SI_UNIT ( $, .STERADIAN. ) SOLID_ANGLE_UNIT ( ) );
#5931 = PRESENTATION_STYLE_ASSIGNMENT (( #1468 ) ) ;
#5932 =( GEOMETRIC_REPRESENTATION_CONTEXT ( 3 ) GLOBAL_UNCERTAINTY_ASSIGNED_CONTEXT ( ( #1787 ) ) GLOBAL_UNIT_ASSIGNED_CONTEXT ( ( #76, #4017, #647 ) ) REPRESENTATION_CONTEXT ( 'NONE', 'WORKASPACE' ) );
#5933 = CIRCLE ( 'NONE', #3648, 0.5999999999999998700 ) ;
#5934 =( NAMED_UNIT ( * ) PLANE_ANGLE_UNIT ( ) SI_UNIT ( $, .RADIAN. ) );
#5935 =( NAMED_UNIT ( * ) SI_UNIT ( $, .STERADIAN. ) SOLID_ANGLE_UNIT ( ) );
#5936 = ORIENTED_EDGE ( 'NONE', *, *, #4184, .T. ) ;
#5937 = CARTESIAN_POINT ( 'NONE',  ( 6.850000000000000500, 7.875740647047340600, 0.0000000000000000000 ) ) ;
#5938 = UNCERTAINTY_MEASURE_WITH_UNIT (LENGTH_MEASURE( 1.000000000000000100E-005 ), #1761, 'distance_accuracy_value', 'NONE');
#5939 = COLOUR_RGB ( '',0.7529411764705882200, 0.7529411764705882200, 0.7529411764705882200 ) ;
#5940 = ORIENTED_EDGE ( 'NONE', *, *, #1664, .F. ) ;
#5941 = PRESENTATION_STYLE_ASSIGNMENT (( #7197 ) ) ;
#5942 = EDGE_CURVE ( 'NONE', #581, #4466, #4599, .T. ) ;
#5943 = LINE ( 'NONE', #2874, #7222 ) ;
#5944 = COLOUR_RGB ( '',0.7529411764705882200, 0.7529411764705882200, 0.7529411764705882200 ) ;
#5945 = ORIENTED_EDGE ( 'NONE', *, *, #1347, .T. ) ;
#5946 = DIRECTION ( 'NONE',  ( -1.000000000000000000, -0.0000000000000000000, -0.0000000000000000000 ) ) ;
#5947 = STYLED_ITEM ( 'NONE', ( #10 ), #5658 ) ;
#5948 = PRESENTATION_LAYER_ASSIGNMENT (  '', '', ( #5564 ) ) ;
#5949 = DIRECTION ( 'NONE',  ( 2.640288016400939700E-029, 1.000000000000000000, 1.201675860940661900E-057 ) ) ;
#5950 = VECTOR ( 'NONE', #4251, 1000.000000000000000 ) ;
#5951 = SURFACE_SIDE_STYLE ('',( #2137 ) ) ;
#5952 = EDGE_LOOP ( 'NONE', ( #4332, #2658 ) ) ;
#5953 = PLANE ( 'NONE',  #5865 ) ;
#5954 = LINE ( 'NONE', #3583, #2911 ) ;
#5955 = AXIS2_PLACEMENT_3D ( 'NONE', #1763, #1739, #1642 ) ;
#5956 = CIRCLE ( 'NONE', #2606, 0.2000000000000005100 ) ;
#5957 = CARTESIAN_POINT ( 'NONE',  ( 5.850000000000000500, 7.875740647047340600, -0.2500000000000000600 ) ) ;
#5958 = CARTESIAN_POINT ( 'NONE',  ( 11.99215728752538200, -6.767157287525335200, 8.673617379884035500E-016 ) ) ;
#5959 =( NAMED_UNIT ( * ) SI_UNIT ( $, .STERADIAN. ) SOLID_ANGLE_UNIT ( ) );
#5960 = SURFACE_SIDE_STYLE ('',( #6205 ) ) ;
#5961 = EDGE_LOOP ( 'NONE', ( #155, #5167, #906, #6788 ) ) ;
#5962 = VERTEX_POINT ( 'NONE', #4008 ) ;
#5963 = VERTEX_POINT ( 'NONE', #3474 ) ;
#5964 = AXIS2_PLACEMENT_3D ( 'NONE', #1492, #5448, #2026 ) ;
#5965 = ORIENTED_EDGE ( 'NONE', *, *, #1709, .F. ) ;
#5966 = CARTESIAN_POINT ( 'NONE',  ( 8.589999999999999900, -5.205000000000000100, 2.799999999999999800 ) ) ;
#5967 = MECHANICAL_DESIGN_GEOMETRIC_PRESENTATION_REPRESENTATION (  '', ( #5202 ), #6341 ) ;
#5968 = CARTESIAN_POINT ( 'NONE',  ( -8.390000000000000600, 7.416666666666668700, 0.4990711984999865500 ) ) ;
#5969 = VERTEX_POINT ( 'NONE', #6317 ) ;
#5970 = DIRECTION ( 'NONE',  ( 1.000000000000000000, 0.0000000000000000000, 0.0000000000000000000 ) ) ;
#5971 = SURFACE_SIDE_STYLE ('',( #2703 ) ) ;
#5972 = LINE ( 'NONE', #1945, #4273 ) ;
#5973 = ORIENTED_EDGE ( 'NONE', *, *, #1010, .T. ) ;
#5974 = DIRECTION ( 'NONE',  ( -1.393726859448460000E-028, 1.000000000000000000, -2.275909662416548100E-056 ) ) ;
#5975 = ORIENTED_EDGE ( 'NONE', *, *, #1397, .T. ) ;
#5976 = UNCERTAINTY_MEASURE_WITH_UNIT (LENGTH_MEASURE( 1.000000000000000100E-005 ), #2613, 'distance_accuracy_value', 'NONE');
#5977 = CARTESIAN_POINT ( 'NONE',  ( 11.87500000000000000, -6.650000000000000400, 0.2000000000000000100 ) ) ;
#5978 = CARTESIAN_POINT ( 'NONE',  ( 8.890000000000000600, 7.833333333333334800, 0.2009288015000148300 ) ) ;
#5979 = AXIS2_PLACEMENT_3D ( 'NONE', #6185, #2771, #6717 ) ;
#5980 = STYLED_ITEM ( 'NONE', ( #6291 ), #6674 ) ;
#5981 = DIRECTION ( 'NONE',  ( 1.632966780389950100E-028, -0.0000000000000000000, -1.000000000000000000 ) ) ;
#5982 = FACE_OUTER_BOUND ( 'NONE', #1053, .T. ) ;
#5983 = EDGE_LOOP ( 'NONE', ( #2624, #4215, #6177, #6735 ) ) ;
#5984 = UNCERTAINTY_MEASURE_WITH_UNIT (LENGTH_MEASURE( 1.000000000000000100E-005 ), #5657, 'distance_accuracy_value', 'NONE');
#5985 = LINE ( 'NONE', #5966, #1641 ) ;
#5986 = EDGE_CURVE ( 'NONE', #4717, #2968, #1595, .T. ) ;
#5987 = CARTESIAN_POINT ( 'NONE',  ( -8.390000000000000600, -7.875740647047340600, -0.2500000000000000600 ) ) ;
#5988 = AXIS2_PLACEMENT_3D ( 'NONE', #3522, #6905, #7081 ) ;
#5989 = DIRECTION ( 'NONE',  ( 0.0000000000000000000, 0.0000000000000000000, 1.000000000000000000 ) ) ;
#5990 =( NAMED_UNIT ( * ) SI_UNIT ( $, .STERADIAN. ) SOLID_ANGLE_UNIT ( ) );
#5991 = ORIENTED_EDGE ( 'NONE', *, *, #77, .T. ) ;
#5992 = AXIS2_PLACEMENT_3D ( 'NONE', #5248, #1843, #5830 ) ;
#5993 = FILL_AREA_STYLE_COLOUR ( '', #786 ) ;
#5994 = CARTESIAN_POINT ( 'NONE',  ( 8.390000000000000600, 7.416666666666668700, 0.4990711984999865500 ) ) ;
#5995 = DIRECTION ( 'NONE',  ( -1.000000000000000000, 0.0000000000000000000, 0.0000000000000000000 ) ) ;
#5996 = EDGE_CURVE ( 'NONE', #2281, #1592, #3083, .T. ) ;
#5997 =( NAMED_UNIT ( * ) PLANE_ANGLE_UNIT ( ) SI_UNIT ( $, .RADIAN. ) );
#5998 = STYLED_ITEM ( 'NONE', ( #6767 ), #723 ) ;
#5999 = ORIENTED_EDGE ( 'NONE', *, *, #1583, .F. ) ;
#6000 = PLANE ( 'NONE',  #879 ) ;
#6001 = ORIENTED_EDGE ( 'NONE', *, *, #6872, .T. ) ;
#6002 = DIRECTION ( 'NONE',  ( 0.0000000000000000000, 0.4259177099999558200, -0.9047619047619066500 ) ) ;
#6003 = CYLINDRICAL_SURFACE ( 'NONE', #5129, 0.5999999999999999800 ) ;
#6004 = SURFACE_STYLE_FILL_AREA ( #3652 ) ;
#6005 =( NAMED_UNIT ( * ) PLANE_ANGLE_UNIT ( ) SI_UNIT ( $, .RADIAN. ) );
#6006 = ORIENTED_EDGE ( 'NONE', *, *, #1535, .T. ) ;
#6007 = COLOUR_RGB ( '',0.7529411764705882200, 0.7529411764705882200, 0.7529411764705882200 ) ;
#6008 = LINE ( 'NONE', #6843, #5481 ) ;
#6009 = DIRECTION ( 'NONE',  ( 1.000000000000000000, 0.0000000000000000000, 0.0000000000000000000 ) ) ;
#6010 = VECTOR ( 'NONE', #6606, 1000.000000000000000 ) ;
#6011 = CARTESIAN_POINT ( 'NONE',  ( 6.349999999999999600, 7.833333333333334800, 0.2009288015000148300 ) ) ;
#6012 =( GEOMETRIC_REPRESENTATION_CONTEXT ( 3 ) GLOBAL_UNCERTAINTY_ASSIGNED_CONTEXT ( ( #2866 ) ) GLOBAL_UNIT_ASSIGNED_CONTEXT ( ( #4377, #1018, #4950 ) ) REPRESENTATION_CONTEXT ( 'NONE', 'WORKASPACE' ) );
#6013 = CYLINDRICAL_SURFACE ( 'NONE', #259, 0.2000000000000000100 ) ;
#6014 = LINE ( 'NONE', #228, #182 ) ;
#6015 = FILL_AREA_STYLE_COLOUR ( '', #1063 ) ;
#6016 = CIRCLE ( 'NONE', #6617, 0.7500000000000000000 ) ;
#6017 = ORIENTED_EDGE ( 'NONE', *, *, #4742, .T. ) ;
#6018 =( LENGTH_UNIT ( ) NAMED_UNIT ( * ) SI_UNIT ( .MILLI., .METRE. ) );
#6019 = LINE ( 'NONE', #577, #4507 ) ;
#6020 = FACE_OUTER_BOUND ( 'NONE', #6877, .T. ) ;
#6021 = AXIS2_PLACEMENT_3D ( 'NONE', #1569, #6100, #5558 ) ;
#6022 = SURFACE_STYLE_USAGE ( .BOTH. , #2035 ) ;
#6023 = SURFACE_STYLE_USAGE ( .BOTH. , #2036 ) ;
#6024 = LINE ( 'NONE', #2104, #2996 ) ;
#6025 = FILL_AREA_STYLE ('',( #5461 ) ) ;
#6026 = EDGE_CURVE ( 'NONE', #4241, #164, #6116, .T. ) ;
#6027 = DIRECTION ( 'NONE',  ( -1.000000000000000000, 0.0000000000000000000, -0.0000000000000000000 ) ) ;
#6028 = EDGE_CURVE ( 'NONE', #2923, #3765, #5943, .T. ) ;
#6029 = EDGE_CURVE ( 'NONE', #2381, #6228, #1423, .T. ) ;
#6030 = STYLED_ITEM ( 'NONE', ( #616 ), #1205 ) ;
#6031 = SURFACE_SIDE_STYLE ('',( #6737 ) ) ;
#6032 = ORIENTED_EDGE ( 'NONE', *, *, #5616, .T. ) ;
#6033 = MECHANICAL_DESIGN_GEOMETRIC_PRESENTATION_REPRESENTATION (  '', ( #5276 ), #6405 ) ;
#6034 = ORIENTED_EDGE ( 'NONE', *, *, #2971, .F. ) ;
#6035 = LINE ( 'NONE', #1904, #3003 ) ;
#6036 = FILL_AREA_STYLE_COLOUR ( '', #5836 ) ;
#6037 = UNCERTAINTY_MEASURE_WITH_UNIT (LENGTH_MEASURE( 1.000000000000000100E-005 ), #1148, 'distance_accuracy_value', 'NONE');
#6038 = DIRECTION ( 'NONE',  ( 3.366640523681080300E-029, 3.488060345846600000E-028, -1.000000000000000000 ) ) ;
#6039 = FACE_OUTER_BOUND ( 'NONE', #5929, .T. ) ;
#6040 = ADVANCED_FACE ( 'NONE', ( #2717 ), #4074, .F. ) ;
#6041 =( NAMED_UNIT ( * ) SI_UNIT ( $, .STERADIAN. ) SOLID_ANGLE_UNIT ( ) );
#6042 = EDGE_CURVE ( 'NONE', #4481, #2381, #715, .T. ) ;
#6043 = AXIS2_PLACEMENT_3D ( 'NONE', #2415, #2387, #2367 ) ;
#6044 = PRESENTATION_STYLE_ASSIGNMENT (( #5082 ) ) ;
#6045 = FILL_AREA_STYLE ('',( #1521 ) ) ;
#6046 = CARTESIAN_POINT ( 'NONE',  ( 6.850000000000000500, -6.850000000000000500, 0.9500000000000000700 ) ) ;
#6047 = SURFACE_STYLE_USAGE ( .BOTH. , #6072 ) ;
#6048 = CARTESIAN_POINT ( 'NONE',  ( 5.850000000000000500, -7.099999999999999600, 0.3499999999999999800 ) ) ;
#6049 = CARTESIAN_POINT ( 'NONE',  ( 11.50000000000000000, 0.0000000000000000000, 7.599999999999999600 ) ) ;
#6050 = VERTEX_POINT ( 'NONE', #6380 ) ;
#6051 = CARTESIAN_POINT ( 'NONE',  ( 0.0000000000000000000, 6.250000000000000000, 7.599999999999999600 ) ) ;
#6052 = EDGE_LOOP ( 'NONE', ( #787, #3726, #5560, #3118 ) ) ;
#6053 = VERTEX_POINT ( 'NONE', #2979 ) ;
#6054 = VECTOR ( 'NONE', #5105, 1000.000000000000000 ) ;
#6055 = ORIENTED_EDGE ( 'NONE', *, *, #2556, .F. ) ;
#6056 =( NAMED_UNIT ( * ) SI_UNIT ( $, .STERADIAN. ) SOLID_ANGLE_UNIT ( ) );
#6057 = ORIENTED_EDGE ( 'NONE', *, *, #344, .F. ) ;
#6058 = SURFACE_SIDE_STYLE ('',( #1879 ) ) ;
#6059 = FACE_OUTER_BOUND ( 'NONE', #73, .T. ) ;
#6060 = VERTEX_POINT ( 'NONE', #136 ) ;
#6061 = ORIENTED_EDGE ( 'NONE', *, *, #5282, .T. ) ;
#6062 = DIRECTION ( 'NONE',  ( 1.000000000000000000, 0.0000000000000000000, -0.0000000000000000000 ) ) ;
#6063 = VERTEX_POINT ( 'NONE', #2399 ) ;
#6064 = FILL_AREA_STYLE_COLOUR ( '', #5364 ) ;
#6065 = VERTEX_POINT ( 'NONE', #4701 ) ;
#6066 = CARTESIAN_POINT ( 'NONE',  ( -12.07499999999999900, 6.850000000000000500, 7.599999999999999600 ) ) ;
#6067 = FACE_OUTER_BOUND ( 'NONE', #39, .T. ) ;
#6068 = AXIS2_PLACEMENT_3D ( 'NONE', #498, #4429, #1070 ) ;
#6069 = FACE_OUTER_BOUND ( 'NONE', #3816, .T. ) ;
#6070 = CARTESIAN_POINT ( 'NONE',  ( 11.50000000000000000, 6.250000000000000000, 7.599999999999999600 ) ) ;
#6071 =( LENGTH_UNIT ( ) NAMED_UNIT ( * ) SI_UNIT ( .MILLI., .METRE. ) );
#6072 = SURFACE_SIDE_STYLE ('',( #2251 ) ) ;
#6073 = FACE_OUTER_BOUND ( 'NONE', #1104, .T. ) ;
#6074 = UNCERTAINTY_MEASURE_WITH_UNIT (LENGTH_MEASURE( 1.000000000000000100E-005 ), #1408, 'distance_accuracy_value', 'NONE');
#6075 = EDGE_CURVE ( 'NONE', #4466, #1903, #3519, .T. ) ;
#6076 = DIRECTION ( 'NONE',  ( 0.0000000000000000000, 0.0000000000000000000, -1.000000000000000000 ) ) ;
#6077 = LINE ( 'NONE', #6890, #1891 ) ;
#6078 =( NAMED_UNIT ( * ) PLANE_ANGLE_UNIT ( ) SI_UNIT ( $, .RADIAN. ) );
#6079 =( NAMED_UNIT ( * ) PLANE_ANGLE_UNIT ( ) SI_UNIT ( $, .RADIAN. ) );
#6080 =( NAMED_UNIT ( * ) SI_UNIT ( $, .STERADIAN. ) SOLID_ANGLE_UNIT ( ) );
#6081 = ORIENTED_EDGE ( 'NONE', *, *, #5847, .T. ) ;
#6082 = ADVANCED_FACE ( 'NONE', ( #5220 ), #5362, .T. ) ;
#6083 = PRESENTATION_LAYER_ASSIGNMENT (  '', '', ( #5323 ) ) ;
#6084 = MECHANICAL_DESIGN_GEOMETRIC_PRESENTATION_REPRESENTATION (  '', ( #5324 ), #6437 ) ;
#6085 = CARTESIAN_POINT ( 'NONE',  ( -8.390000000000000600, 6.850000000000000500, 0.6999999999999999600 ) ) ;
#6086 = CARTESIAN_POINT ( 'NONE',  ( 12.07499999999999900, -6.650000000000001200, 0.0000000000000000000 ) ) ;
#6087 = EDGE_CURVE ( 'NONE', #6310, #2510, #3, .T. ) ;
#6088 = COLOUR_RGB ( '',0.7529411764705882200, 0.7529411764705882200, 0.7529411764705882200 ) ;
#6089 = ORIENTED_EDGE ( 'NONE', *, *, #1481, .T. ) ;
#6090 = STYLED_ITEM ( 'NONE', ( #2803 ), #1882 ) ;
#6091 = DIRECTION ( 'NONE',  ( 0.0000000000000000000, 0.0000000000000000000, 1.000000000000000000 ) ) ;
#6092 = MECHANICAL_DESIGN_GEOMETRIC_PRESENTATION_REPRESENTATION (  '', ( #5334 ), #6448 ) ;
#6093 = DIRECTION ( 'NONE',  ( 0.0000000000000000000, 0.0000000000000000000, 1.000000000000000000 ) ) ;
#6094 = SURFACE_STYLE_FILL_AREA ( #3265 ) ;
#6095 = CIRCLE ( 'NONE', #6490, 0.2000000000000005100 ) ;
#6096 = SURFACE_STYLE_USAGE ( .BOTH. , #4342 ) ;
#6097 = DIRECTION ( 'NONE',  ( -0.0000000000000000000, -0.0000000000000000000, -1.000000000000000000 ) ) ;
#6098 = DIRECTION ( 'NONE',  ( 1.000000000000000000, 1.174304530937220600E-056, 3.366640523681080300E-029 ) ) ;
#6099 = CARTESIAN_POINT ( 'NONE',  ( -8.589999999999999900, 1.354017197126070000E-016, 2.799999999999999800 ) ) ;
#6100 = DIRECTION ( 'NONE',  ( 1.000000000000000000, 0.0000000000000000000, 0.0000000000000000000 ) ) ;
#6101 = AXIS2_PLACEMENT_3D ( 'NONE', #4192, #4745, #837 ) ;
#6102 = PRESENTATION_STYLE_ASSIGNMENT (( #2404 ) ) ;
#6103 = FACE_OUTER_BOUND ( 'NONE', #5625, .T. ) ;
#6104 = UNCERTAINTY_MEASURE_WITH_UNIT (LENGTH_MEASURE( 1.000000000000000100E-005 ), #1189, 'distance_accuracy_value', 'NONE');
#6105 = EDGE_LOOP ( 'NONE', ( #3985, #3814, #1116, #123, #4295, #6357, #898, #2125, #3205, #6941, #6350, #3384 ) ) ;
#6106 = LINE ( 'NONE', #7084, #1753 ) ;
#6107 = DIRECTION ( 'NONE',  ( 0.0000000000000000000, 1.000000000000000000, 3.488060345846600000E-028 ) ) ;
#6108 = LINE ( 'NONE', #2400, #1755 ) ;
#6109 = VERTEX_POINT ( 'NONE', #3054 ) ;
#6110 = DIRECTION ( 'NONE',  ( 1.000000000000000000, 0.0000000000000000000, 0.0000000000000000000 ) ) ;
#6111 = DIRECTION ( 'NONE',  ( 0.0000000000000000000, 0.0000000000000000000, 1.000000000000000000 ) ) ;
#6112 = SURFACE_STYLE_USAGE ( .BOTH. , #2113 ) ;
#6113 = ORIENTED_EDGE ( 'NONE', *, *, #1813, .T. ) ;
#6114 = SURFACE_STYLE_FILL_AREA ( #6849 ) ;
#6115 = LINE ( 'NONE', #4376, #1760 ) ;
#6116 = CIRCLE ( 'NONE', #3314, 0.3499999999999999800 ) ;
#6117 = MECHANICAL_DESIGN_GEOMETRIC_PRESENTATION_REPRESENTATION (  '', ( #5353 ), #6467 ) ;
#6118 = CIRCLE ( 'NONE', #198, 0.5000000000000004400 ) ;
#6119 = FILL_AREA_STYLE ('',( #6064 ) ) ;
#6120 = ADVANCED_FACE ( 'NONE', ( #5853 ), #1868, .F. ) ;
#6121 =( LENGTH_UNIT ( ) NAMED_UNIT ( * ) SI_UNIT ( .MILLI., .METRE. ) );
#6122 = ORIENTED_EDGE ( 'NONE', *, *, #5669, .F. ) ;
#6123 = PRODUCT_DEFINITION_SHAPE ( 'NONE', 'NONE',  #3225 ) ;
#6124 = FILL_AREA_STYLE_COLOUR ( '', #3857 ) ;
#6125 =( NAMED_UNIT ( * ) PLANE_ANGLE_UNIT ( ) SI_UNIT ( $, .RADIAN. ) );
#6126 = FILL_AREA_STYLE ('',( #6149 ) ) ;
#6127 = EDGE_LOOP ( 'NONE', ( #3866, #2006, #1603, #3845 ) ) ;
#6128 = PRESENTATION_LAYER_ASSIGNMENT (  '', '', ( #6476 ) ) ;
#6129 = CARTESIAN_POINT ( 'NONE',  ( -8.390000000000000600, -8.150000000000000400, -0.2500000000000000000 ) ) ;
#6130 =( NAMED_UNIT ( * ) PLANE_ANGLE_UNIT ( ) SI_UNIT ( $, .RADIAN. ) );
#6131 = VECTOR ( 'NONE', #2432, 1000.000000000000000 ) ;
#6132 = FILL_AREA_STYLE_COLOUR ( '', #3414 ) ;
#6133 = EDGE_CURVE ( 'NONE', #46, #290, #5307, .T. ) ;
#6134 = DIRECTION ( 'NONE',  ( 0.0000000000000000000, 0.0000000000000000000, -1.000000000000000000 ) ) ;
#6135 = AXIS2_PLACEMENT_3D ( 'NONE', #1198, #1131, #953 ) ;
#6136 = UNCERTAINTY_MEASURE_WITH_UNIT (LENGTH_MEASURE( 1.000000000000000100E-005 ), #1004, 'distance_accuracy_value', 'NONE');
#6137 = DIRECTION ( 'NONE',  ( -1.000000000000000000, 0.0000000000000000000, 0.0000000000000000000 ) ) ;
#6138 = ORIENTED_EDGE ( 'NONE', *, *, #3404, .F. ) ;
#6139 = MECHANICAL_DESIGN_GEOMETRIC_PRESENTATION_REPRESENTATION (  '', ( #5376 ), #6487 ) ;
#6140 = ORIENTED_EDGE ( 'NONE', *, *, #6236, .F. ) ;
#6141 = CARTESIAN_POINT ( 'NONE',  ( -8.390000000000000600, 9.000000000000001800, -0.2500000000000000000 ) ) ;
#6142 = ORIENTED_EDGE ( 'NONE', *, *, #7007, .F. ) ;
#6143 = EDGE_LOOP ( 'NONE', ( #4413, #7155, #5898, #4430 ) ) ;
#6144 =( LENGTH_UNIT ( ) NAMED_UNIT ( * ) SI_UNIT ( .MILLI., .METRE. ) );
#6145 = EDGE_CURVE ( 'NONE', #5597, #3716, #6787, .T. ) ;
#6146 = STYLED_ITEM ( 'NONE', ( #7203 ), #613 ) ;
#6147 = SURFACE_STYLE_USAGE ( .BOTH. , #2139 ) ;
#6148 =( NAMED_UNIT ( * ) SI_UNIT ( $, .STERADIAN. ) SOLID_ANGLE_UNIT ( ) );
#6149 = FILL_AREA_STYLE_COLOUR ( '', #5300 ) ;
#6150 = UNCERTAINTY_MEASURE_WITH_UNIT (LENGTH_MEASURE( 1.000000000000000100E-005 ), #6018, 'distance_accuracy_value', 'NONE');
#6151 = PRESENTATION_STYLE_ASSIGNMENT (( #6692 ) ) ;
#6152 = PRESENTATION_STYLE_ASSIGNMENT (( #5721 ) ) ;
#6153 = SURFACE_STYLE_USAGE ( .BOTH. , #2142 ) ;
#6154 = SURFACE_SIDE_STYLE ('',( #2271 ) ) ;
#6155 = SURFACE_SIDE_STYLE ('',( #5674 ) ) ;
#6156 = ORIENTED_EDGE ( 'NONE', *, *, #77, .F. ) ;
#6157 = ADVANCED_FACE ( 'NONE', ( #2259 ), #5953, .F. ) ;
#6158 = DIRECTION ( 'NONE',  ( -4.551305969182499400E-029, 0.0000000000000000000, 1.000000000000000000 ) ) ;
#6159 = VECTOR ( 'NONE', #4836, 1000.000000000000000 ) ;
#6160 = VECTOR ( 'NONE', #2360, 1000.000000000000000 ) ;
#6161 = ORIENTED_EDGE ( 'NONE', *, *, #1942, .F. ) ;
#6162 = VERTEX_POINT ( 'NONE', #4799 ) ;
#6163 = AXIS2_PLACEMENT_3D ( 'NONE', #4833, #1460, #5412 ) ;
#6164 = FACE_BOUND ( 'NONE', #5117, .T. ) ;
#6165 = CARTESIAN_POINT ( 'NONE',  ( 12.07499999999999900, 6.850000000000000500, 0.0000000000000000000 ) ) ;
#6166 =( NAMED_UNIT ( * ) PLANE_ANGLE_UNIT ( ) SI_UNIT ( $, .RADIAN. ) );
#6167 = FILL_AREA_STYLE ('',( #3289 ) ) ;
#6168 = PRESENTATION_STYLE_ASSIGNMENT (( #1074 ) ) ;
#6169 = CARTESIAN_POINT ( 'NONE',  ( 8.890000000000000600, -8.150000000000000400, 0.3499999999999999800 ) ) ;
#6170 = AXIS2_PLACEMENT_3D ( 'NONE', #5434, #2013, #6002 ) ;
#6171 =( NAMED_UNIT ( * ) SI_UNIT ( $, .STERADIAN. ) SOLID_ANGLE_UNIT ( ) );
#6172 = CARTESIAN_POINT ( 'NONE',  ( -11.87500000000000000, -6.650000000000000400, 0.0000000000000000000 ) ) ;
#6173 = EDGE_CURVE ( 'NONE', #3862, #164, #269, .T. ) ;
#6174 = FACE_OUTER_BOUND ( 'NONE', #6930, .T. ) ;
#6175 = PLANE ( 'NONE',  #2686 ) ;
#6176 = CARTESIAN_POINT ( 'NONE',  ( 11.99215728752538000, 6.649999999996936100, -4.923817544949523200E-016 ) ) ;
#6177 = ORIENTED_EDGE ( 'NONE', *, *, #3696, .T. ) ;
#6178 = PRESENTATION_LAYER_ASSIGNMENT (  '', '', ( #5414 ) ) ;
#6179 = MECHANICAL_DESIGN_GEOMETRIC_PRESENTATION_REPRESENTATION (  '', ( #4650 ), #6531 ) ;
#6180 = MECHANICAL_DESIGN_GEOMETRIC_PRESENTATION_REPRESENTATION (  '', ( #5023 ), #6532 ) ;
#6181 = SURFACE_STYLE_USAGE ( .BOTH. , #2176 ) ;
#6182 = ORIENTED_EDGE ( 'NONE', *, *, #5720, .F. ) ;
#6183 = ORIENTED_EDGE ( 'NONE', *, *, #963, .T. ) ;
#6184 = DIRECTION ( 'NONE',  ( 1.000000000000000000, 0.0000000000000000000, -0.0000000000000000000 ) ) ;
#6185 = CARTESIAN_POINT ( 'NONE',  ( -9.390000000000000600, 8.150000000000000400, 0.3499999999999999800 ) ) ;
#6186 = ORIENTED_EDGE ( 'NONE', *, *, #2882, .T. ) ;
#6187 = EDGE_CURVE ( 'NONE', #3104, #3381, #6106, .T. ) ;
#6188 = AXIS2_PLACEMENT_3D ( 'NONE', #4043, #4000, #3967 ) ;
#6189 = STYLED_ITEM ( 'NONE', ( #6649 ), #2155 ) ;
#6190 = FILL_AREA_STYLE_COLOUR ( '', #2772 ) ;
#6191 = DIRECTION ( 'NONE',  ( 0.0000000000000000000, -0.4259177099999590900, 0.9047619047619052100 ) ) ;
#6192 = ORIENTED_EDGE ( 'NONE', *, *, #1122, .F. ) ;
#6193 = FACE_OUTER_BOUND ( 'NONE', #5281, .T. ) ;
#6194 =( LENGTH_UNIT ( ) NAMED_UNIT ( * ) SI_UNIT ( .MILLI., .METRE. ) );
#6195 = CARTESIAN_POINT ( 'NONE',  ( -8.890000000000000600, -8.150000000000000400, 0.0000000000000000000 ) ) ;
#6196 = DIRECTION ( 'NONE',  ( 1.000000000000000000, -2.047319486629579800E-065, 0.0000000000000000000 ) ) ;
#6197 = DIRECTION ( 'NONE',  ( -0.0000000000000000000, 0.0000000000000000000, 1.000000000000000000 ) ) ;
#6198 =( GEOMETRIC_REPRESENTATION_CONTEXT ( 3 ) GLOBAL_UNCERTAINTY_ASSIGNED_CONTEXT ( ( #7061 ) ) GLOBAL_UNIT_ASSIGNED_CONTEXT ( ( #3275, #7208, #3840 ) ) REPRESENTATION_CONTEXT ( 'NONE', 'WORKASPACE' ) );
#6199 = ORIENTED_EDGE ( 'NONE', *, *, #785, .F. ) ;
#6200 = COLOUR_RGB ( '',0.7529411764705882200, 0.7529411764705882200, 0.7529411764705882200 ) ;
#6201 = LINE ( 'NONE', #5059, #4688 ) ;
#6202 = UNCERTAINTY_MEASURE_WITH_UNIT (LENGTH_MEASURE( 1.000000000000000100E-005 ), #471, 'distance_accuracy_value', 'NONE');
#6203 = CARTESIAN_POINT ( 'NONE',  ( -8.890000000000000600, 6.850000000000000500, 0.6999999999999999600 ) ) ;
#6204 =( LENGTH_UNIT ( ) NAMED_UNIT ( * ) SI_UNIT ( .MILLI., .METRE. ) );
#6205 = SURFACE_STYLE_FILL_AREA ( #1972 ) ;
#6206 = VECTOR ( 'NONE', #145, 1000.000000000000000 ) ;
#6207 =( GEOMETRIC_REPRESENTATION_CONTEXT ( 3 ) GLOBAL_UNCERTAINTY_ASSIGNED_CONTEXT ( ( #2317 ) ) GLOBAL_UNIT_ASSIGNED_CONTEXT ( ( #4863, #1483, #5442 ) ) REPRESENTATION_CONTEXT ( 'NONE', 'WORKASPACE' ) );
#6208 = ADVANCED_FACE ( 'NONE', ( #4589 ), #329, .F. ) ;
#6209 = SURFACE_STYLE_FILL_AREA ( #851 ) ;
#6210 = DIRECTION ( 'NONE',  ( 1.213057269022220100E-060, 1.000000000000000000, 0.0000000000000000000 ) ) ;
#6211 = VERTEX_POINT ( 'NONE', #3691 ) ;
#6212 = EDGE_CURVE ( 'NONE', #2942, #108, #6874, .T. ) ;
#6213 = DIRECTION ( 'NONE',  ( 0.0000000000000000000, 0.0000000000000000000, 1.000000000000000000 ) ) ;
#6214 = CARTESIAN_POINT ( 'NONE',  ( -9.189999999999999500, -4.955000000000000100, 2.799999999999999800 ) ) ;
#6215 = VECTOR ( 'NONE', #121, 1000.000000000000000 ) ;
#6216 = PRESENTATION_LAYER_ASSIGNMENT (  '', '', ( #5462 ) ) ;
#6217 = MECHANICAL_DESIGN_GEOMETRIC_PRESENTATION_REPRESENTATION (  '', ( #5070 ), #6574 ) ;
#6218 =( NAMED_UNIT ( * ) SI_UNIT ( $, .STERADIAN. ) SOLID_ANGLE_UNIT ( ) );
#6219 = SURFACE_STYLE_USAGE ( .BOTH. , #2220 ) ;
#6220 = DIRECTION ( 'NONE',  ( 0.0000000000000000000, -0.9047619047619067700, 0.4259177099999558700 ) ) ;
#6221 = EDGE_CURVE ( 'NONE', #7031, #6967, #5395, .T. ) ;
#6222 =( NAMED_UNIT ( * ) SI_UNIT ( $, .STERADIAN. ) SOLID_ANGLE_UNIT ( ) );
#6223 = STYLED_ITEM ( 'NONE', ( #450 ), #1776 ) ;
#6224 = ORIENTED_EDGE ( 'NONE', *, *, #2412, .T. ) ;
#6225 = FILL_AREA_STYLE_COLOUR ( '', #7158 ) ;
#6226 = DIRECTION ( 'NONE',  ( -0.0000000000000000000, -0.0000000000000000000, -1.000000000000000000 ) ) ;
#6227 = ORIENTED_EDGE ( 'NONE', *, *, #6075, .T. ) ;
#6228 = VERTEX_POINT ( 'NONE', #1495 ) ;
#6229 = LINE ( 'NONE', #6803, #6054 ) ;
#6230 = EDGE_LOOP ( 'NONE', ( #2864, #4254, #5358, #4345 ) ) ;
#6231 = PRESENTATION_STYLE_ASSIGNMENT (( #1886 ) ) ;
#6232 = PRESENTATION_LAYER_ASSIGNMENT (  '', '', ( #5476 ) ) ;
#6233 = ORIENTED_EDGE ( 'NONE', *, *, #3232, .F. ) ;
#6234 = DIRECTION ( 'NONE',  ( 0.0000000000000000000, 0.0000000000000000000, 1.000000000000000000 ) ) ;
#6235 = FILL_AREA_STYLE_COLOUR ( '', #5783 ) ;
#6236 = EDGE_CURVE ( 'NONE', #147, #1066, #893, .T. ) ;
#6237 = FACE_OUTER_BOUND ( 'NONE', #1350, .T. ) ;
#6238 = PRESENTATION_LAYER_ASSIGNMENT (  '', '', ( #5086 ) ) ;
#6239 = ORIENTED_EDGE ( 'NONE', *, *, #5904, .T. ) ;
#6240 = ORIENTED_EDGE ( 'NONE', *, *, #4784, .F. ) ;
#6241 = ORIENTED_EDGE ( 'NONE', *, *, #1356, .T. ) ;
#6242 = DIRECTION ( 'NONE',  ( 1.000000000000000000, 0.0000000000000000000, 0.0000000000000000000 ) ) ;
#6243 =( NAMED_UNIT ( * ) SI_UNIT ( $, .STERADIAN. ) SOLID_ANGLE_UNIT ( ) );
#6244 = STYLED_ITEM ( 'NONE', ( #1644 ), #2503 ) ;
#6245 = DIRECTION ( 'NONE',  ( -1.000000000000000000, 0.0000000000000000000, 0.0000000000000000000 ) ) ;
#6246 = LINE ( 'NONE', #1372, #4556 ) ;
#6247 = DIRECTION ( 'NONE',  ( 0.0000000000000000000, 0.0000000000000000000, 1.000000000000000000 ) ) ;
#6248 = ADVANCED_FACE ( 'NONE', ( #5211 ), #7129, .F. ) ;
#6249 = CARTESIAN_POINT ( 'NONE',  ( 9.390000000000000600, -7.099999999999999600, 0.3499999999999999800 ) ) ;
#6250 =( BOUNDED_SURFACE ( )  B_SPLINE_SURFACE ( 3, 3, ( 
 ( #5768, #5254, #5233, #5203 ),
 ( #5180, #5154, #5136, #5102 ),
 ( #5078, #5054, #5025, #4920 ),
 ( #4876, #4854, #4826, #4779 ) ),
 .UNSPECIFIED., .F., .F., .F. ) 
 B_SPLINE_SURFACE_WITH_KNOTS ( ( 4, 4 ),
 ( 4, 4 ),
 ( 0.0000000000000000000, 1.000000000000000000 ),
 ( 0.0000000000000000000, 1.000000000000000000 ),
 .UNSPECIFIED. ) 
 GEOMETRIC_REPRESENTATION_ITEM ( )  RATIONAL_B_SPLINE_SURFACE ( (
 ( 1.000000000000000000, 0.8047378541243653800, 0.8047378541243653800, 1.000000000000000000),
 ( 0.8047378541243646000, 0.6476030138606877500, 0.6476030138606877500, 0.8047378541243646000),
 ( 0.8047378541243646000, 0.6476030138606877500, 0.6476030138606877500, 0.8047378541243646000),
 ( 1.000000000000000000, 0.8047378541243653800, 0.8047378541243653800, 1.000000000000000000) ) ) 
 REPRESENTATION_ITEM ( '' )  SURFACE ( )  );
#6251 = FILL_AREA_STYLE ('',( #5686 ) ) ;
#6252 = DIRECTION ( 'NONE',  ( 1.000000000000000000, -2.640288016400939700E-029, 4.551305969182499400E-029 ) ) ;
#6253 = LINE ( 'NONE', #1779, #4736 ) ;
#6254 =( GEOMETRIC_REPRESENTATION_CONTEXT ( 3 ) GLOBAL_UNCERTAINTY_ASSIGNED_CONTEXT ( ( #4969 ) ) GLOBAL_UNIT_ASSIGNED_CONTEXT ( ( #1139, #5073, #1687 ) ) REPRESENTATION_CONTEXT ( 'NONE', 'WORKASPACE' ) );
#6255 = DIRECTION ( 'NONE',  ( -1.000000000000000000, -0.0000000000000000000, -0.0000000000000000000 ) ) ;
#6256 = CARTESIAN_POINT ( 'NONE',  ( 6.850000000000000500, 7.099999999999999600, 0.9500000000000000700 ) ) ;
#6257 = VERTEX_POINT ( 'NONE', #4313 ) ;
#6258 = DIRECTION ( 'NONE',  ( 0.0000000000000000000, -0.0000000000000000000, 1.000000000000000000 ) ) ;
#6259 = FILL_AREA_STYLE ('',( #6332 ) ) ;
#6260 = ORIENTED_EDGE ( 'NONE', *, *, #5942, .T. ) ;
#6261 = APPLICATION_PROTOCOL_DEFINITION ( 'draft international standard', 'automotive_design', 1998, #6780 ) ;
#6262 = DIRECTION ( 'NONE',  ( 1.000000000000000000, 0.0000000000000000000, 0.0000000000000000000 ) ) ;
#6263 = CARTESIAN_POINT ( 'NONE',  ( 8.890000000000000600, 7.642857142857141500, 0.6055506259999780000 ) ) ;
#6264 =( NAMED_UNIT ( * ) SI_UNIT ( $, .STERADIAN. ) SOLID_ANGLE_UNIT ( ) );
#6265 = EDGE_CURVE ( 'NONE', #301, #393, #351, .T. ) ;
#6266 = DIRECTION ( 'NONE',  ( 0.0000000000000000000, 0.0000000000000000000, -1.000000000000000000 ) ) ;
#6267 = CARTESIAN_POINT ( 'NONE',  ( 8.890000000000000600, -7.099999999999999600, 0.6999999999999999600 ) ) ;
#6268 = EDGE_CURVE ( 'NONE', #3126, #1192, #4676, .T. ) ;
#6269 =( NAMED_UNIT ( * ) SI_UNIT ( $, .STERADIAN. ) SOLID_ANGLE_UNIT ( ) );
#6270 = CIRCLE ( 'NONE', #6740, 0.2000000000000005100 ) ;
#6271 = COLOUR_RGB ( '',0.7529411764705882200, 0.7529411764705882200, 0.7529411764705882200 ) ;
#6272 = CARTESIAN_POINT ( 'NONE',  ( 6.349999999999999600, -7.416666666666668700, 0.4990711984999857700 ) ) ;
#6273 = CARTESIAN_POINT ( 'NONE',  ( 9.390000000000000600, 7.875740647047340600, -0.2500000000000000600 ) ) ;
#6274 = SURFACE_SIDE_STYLE ('',( #3822 ) ) ;
#6275 =( LENGTH_UNIT ( ) NAMED_UNIT ( * ) SI_UNIT ( .MILLI., .METRE. ) );
#6276 = CARTESIAN_POINT ( 'NONE',  ( -10.07499999999999900, -5.349999999999999600, 0.0000000000000000000 ) ) ;
#6277 = LINE ( 'NONE', #1822, #3246 ) ;
#6278 = EDGE_CURVE ( 'NONE', #4383, #196, #1662, .T. ) ;
#6279 = VERTEX_POINT ( 'NONE', #4339 ) ;
#6280 =( GEOMETRIC_REPRESENTATION_CONTEXT ( 3 ) GLOBAL_UNCERTAINTY_ASSIGNED_CONTEXT ( ( #5374 ) ) GLOBAL_UNIT_ASSIGNED_CONTEXT ( ( #283, #255, #230 ) ) REPRESENTATION_CONTEXT ( 'NONE', 'WORKASPACE' ) );
#6281 = ADVANCED_FACE ( 'NONE', ( #6193 ), #974, .T. ) ;
#6282 = AXIS2_PLACEMENT_3D ( 'NONE', #7070, #4250, #6234 ) ;
#6283 =( NAMED_UNIT ( * ) PLANE_ANGLE_UNIT ( ) SI_UNIT ( $, .RADIAN. ) );
#6284 = ORIENTED_EDGE ( 'NONE', *, *, #2208, .F. ) ;
#6285 = ORIENTED_EDGE ( 'NONE', *, *, #6265, .F. ) ;
#6286 = VECTOR ( 'NONE', #80, 1000.000000000000000 ) ;
#6287 = SURFACE_STYLE_FILL_AREA ( #6741 ) ;
#6288 = CARTESIAN_POINT ( 'NONE',  ( 11.87500000000000000, 6.650000000000000400, 0.0000000000000000000 ) ) ;
#6289 = DIRECTION ( 'NONE',  ( 0.0000000000000000000, -0.0000000000000000000, 1.000000000000000000 ) ) ;
#6290 = ORIENTED_EDGE ( 'NONE', *, *, #3221, .F. ) ;
#6291 = PRESENTATION_STYLE_ASSIGNMENT (( #6572 ) ) ;
#6292 = DIRECTION ( 'NONE',  ( 0.0000000000000000000, -0.0000000000000000000, 1.000000000000000000 ) ) ;
#6293 = VECTOR ( 'NONE', #6429, 1000.000000000000000 ) ;
#6294 =( LENGTH_UNIT ( ) NAMED_UNIT ( * ) SI_UNIT ( .MILLI., .METRE. ) );
#6295 = VECTOR ( 'NONE', #2701, 1000.000000000000000 ) ;
#6296 = SURFACE_SIDE_STYLE ('',( #3166 ) ) ;
#6297 = MECHANICAL_DESIGN_GEOMETRIC_PRESENTATION_REPRESENTATION (  '', ( #5543 ), #6645 ) ;
#6298 = SURFACE_STYLE_USAGE ( .BOTH. , #2305 ) ;
#6299 = EDGE_LOOP ( 'NONE', ( #3370, #4976, #275, #1707 ) ) ;
#6300 = SURFACE_STYLE_FILL_AREA ( #965 ) ;
#6301 = UNCERTAINTY_MEASURE_WITH_UNIT (LENGTH_MEASURE( 1.000000000000000100E-005 ), #3402, 'distance_accuracy_value', 'NONE');
#6302 = COLOUR_RGB ( '',0.7529411764705882200, 0.7529411764705882200, 0.7529411764705882200 ) ;
#6303 =( LENGTH_UNIT ( ) NAMED_UNIT ( * ) SI_UNIT ( .MILLI., .METRE. ) );
#6304 = VECTOR ( 'NONE', #5824, 1000.000000000000000 ) ;
#6305 = LINE ( 'NONE', #5379, #1002 ) ;
#6306 = VECTOR ( 'NONE', #6111, 1000.000000000000000 ) ;
#6307 = VERTEX_POINT ( 'NONE', #3795 ) ;
#6308 = UNCERTAINTY_MEASURE_WITH_UNIT (LENGTH_MEASURE( 1.000000000000000100E-005 ), #4842, 'distance_accuracy_value', 'NONE');
#6309 = EDGE_CURVE ( 'NONE', #6211, #5155, #2978, .T. ) ;
#6310 = VERTEX_POINT ( 'NONE', #3818 ) ;
#6311 = ORIENTED_EDGE ( 'NONE', *, *, #7271, .T. ) ;
#6312 = DIRECTION ( 'NONE',  ( -1.213057269022220100E-060, 1.000000000000000000, -0.0000000000000000000 ) ) ;
#6313 = ORIENTED_EDGE ( 'NONE', *, *, #65, .F. ) ;
#6314 = CARTESIAN_POINT ( 'NONE',  ( -8.390000000000000600, 7.875740647047340600, 0.2507484938770950800 ) ) ;
#6315 = PRESENTATION_LAYER_ASSIGNMENT (  '', '', ( #5947 ) ) ;
#6316 = MECHANICAL_DESIGN_GEOMETRIC_PRESENTATION_REPRESENTATION (  '', ( #5564 ), #6664 ) ;
#6317 = CARTESIAN_POINT ( 'NONE',  ( 8.390000000000000600, 7.833333333333333000, 0.2009288015000136600 ) ) ;
#6318 = DIRECTION ( 'NONE',  ( -0.0000000000000000000, -0.0000000000000000000, -1.000000000000000000 ) ) ;
#6319 = ADVANCED_FACE ( 'NONE', ( #5302 ), #7193, .T. ) ;
#6320 = CARTESIAN_POINT ( 'NONE',  ( 6.850000000000000500, -7.833333333333333000, 0.2009288015000137200 ) ) ;
#6321 = SURFACE_STYLE_FILL_AREA ( #6167 ) ;
#6322 = DIRECTION ( 'NONE',  ( 2.640288016400939700E-029, -1.000000000000000000, 1.201675860940661900E-057 ) ) ;
#6323 = STYLED_ITEM ( 'NONE', ( #6044 ), #58 ) ;
#6324 = SURFACE_STYLE_USAGE ( .BOTH. , #6342 ) ;
#6325 = AXIS2_PLACEMENT_3D ( 'NONE', #2531, #2509, #2487 ) ;
#6326 = CARTESIAN_POINT ( 'NONE',  ( 8.390000000000000600, -9.000000000000001800, 0.2507484938770950800 ) ) ;
#6327 = EDGE_LOOP ( 'NONE', ( #2574, #1400, #1794, #4351 ) ) ;
#6328 =( LENGTH_UNIT ( ) NAMED_UNIT ( * ) SI_UNIT ( .MILLI., .METRE. ) );
#6329 = ORIENTED_EDGE ( 'NONE', *, *, #1981, .T. ) ;
#6330 = DIRECTION ( 'NONE',  ( -1.000000000000000000, -0.0000000000000000000, 0.0000000000000000000 ) ) ;
#6331 = ORIENTED_EDGE ( 'NONE', *, *, #4545, .T. ) ;
#6332 = FILL_AREA_STYLE_COLOUR ( '', #752 ) ;
#6333 = CIRCLE ( 'NONE', #6716, 0.7500000000000000000 ) ;
#6334 = COLOUR_RGB ( '',0.7529411764705882200, 0.7529411764705882200, 0.7529411764705882200 ) ;
#6335 = CARTESIAN_POINT ( 'NONE',  ( 9.390000000000000600, 7.642857142857139700, 0.6055506259999771100 ) ) ;
#6336 = AXIS2_PLACEMENT_3D ( 'NONE', #3687, #3129, #5989 ) ;
#6337 = COLOUR_RGB ( '',0.7529411764705882200, 0.7529411764705882200, 0.7529411764705882200 ) ;
#6338 =( NAMED_UNIT ( * ) PLANE_ANGLE_UNIT ( ) SI_UNIT ( $, .RADIAN. ) );
#6339 = FILL_AREA_STYLE_COLOUR ( '', #811 ) ;
#6340 = SURFACE_STYLE_USAGE ( .BOTH. , #2352 ) ;
#6341 =( GEOMETRIC_REPRESENTATION_CONTEXT ( 3 ) GLOBAL_UNCERTAINTY_ASSIGNED_CONTEXT ( ( #4830 ) ) GLOBAL_UNIT_ASSIGNED_CONTEXT ( ( #1887, #5876, #2442 ) ) REPRESENTATION_CONTEXT ( 'NONE', 'WORKASPACE' ) );
#6342 = SURFACE_SIDE_STYLE ('',( #5586 ) ) ;
#6343 = CARTESIAN_POINT ( 'NONE',  ( -8.390000000000000600, 9.000000000000001800, -2.251658876466633600E-058 ) ) ;
#6344 = PLANE ( 'NONE',  #4246 ) ;
#6345 = ORIENTED_EDGE ( 'NONE', *, *, #5164, .T. ) ;
#6346 = ADVANCED_FACE ( 'NONE', ( #4761 ), #4412, .T. ) ;
#6347 = VERTEX_POINT ( 'NONE', #4988 ) ;
#6348 = UNCERTAINTY_MEASURE_WITH_UNIT (LENGTH_MEASURE( 1.000000000000000100E-005 ), #6684, 'distance_accuracy_value', 'NONE');
#6349 = SURFACE_STYLE_FILL_AREA ( #3932 ) ;
#6350 = ORIENTED_EDGE ( 'NONE', *, *, #1892, .T. ) ;
#6351 = DIRECTION ( 'NONE',  ( -1.000000000000000000, 0.0000000000000000000, -0.0000000000000000000 ) ) ;
#6352 = AXIS2_PLACEMENT_3D ( 'NONE', #1069, #6137, #3312 ) ;
#6353 = AXIS2_PLACEMENT_3D ( 'NONE', #4279, #341, #3165 ) ;
#6354 = CARTESIAN_POINT ( 'NONE',  ( -9.390000000000000600, -8.150000000000000400, 0.3499999999999999800 ) ) ;
#6355 = LINE ( 'NONE', #3560, #4849 ) ;
#6356 = CARTESIAN_POINT ( 'NONE',  ( 6.349999999999999600, -7.607142857142859400, 0.09444937400002434400 ) ) ;
#6357 = ORIENTED_EDGE ( 'NONE', *, *, #68, .T. ) ;
#6358 = SURFACE_SIDE_STYLE ('',( #3784 ) ) ;
#6359 = EDGE_CURVE ( 'NONE', #2965, #807, #5745, .T. ) ;
#6360 = AXIS2_PLACEMENT_3D ( 'NONE', #758, #4121, #6377 ) ;
#6361 = FILL_AREA_STYLE_COLOUR ( '', #1389 ) ;
#6362 = DIRECTION ( 'NONE',  ( 0.0000000000000000000, 0.0000000000000000000, -1.000000000000000000 ) ) ;
#6363 = PRESENTATION_LAYER_ASSIGNMENT (  '', '', ( #5622 ) ) ;
#6364 = COLOUR_RGB ( '',0.7529411764705882200, 0.7529411764705882200, 0.7529411764705882200 ) ;
#6365 = FILL_AREA_STYLE ('',( #6516 ) ) ;
#6366 = CARTESIAN_POINT ( 'NONE',  ( 8.890000000000000600, 8.150000000000000400, 0.3499999999999999800 ) ) ;
#6367 = ORIENTED_EDGE ( 'NONE', *, *, #3733, .F. ) ;
#6368 = LINE ( 'NONE', #2105, #1842 ) ;
#6369 = EDGE_CURVE ( 'NONE', #2687, #2238, #4212, .T. ) ;
#6370 = PRESENTATION_LAYER_ASSIGNMENT (  '', '', ( #5998 ) ) ;
#6371 = CARTESIAN_POINT ( 'NONE',  ( 6.850000000000000500, -6.850000000000000500, 0.6999999999999999600 ) ) ;
#6372 = ORIENTED_EDGE ( 'NONE', *, *, #5759, .T. ) ;
#6373 = CARTESIAN_POINT ( 'NONE',  ( -11.50000000000000000, -6.250000000000000000, 1.600000000000000100 ) ) ;
#6374 = UNCERTAINTY_MEASURE_WITH_UNIT (LENGTH_MEASURE( 1.000000000000000100E-005 ), #6071, 'distance_accuracy_value', 'NONE');
#6375 = VECTOR ( 'NONE', #276, 1000.000000000000000 ) ;
#6376 = CIRCLE ( 'NONE', #1151, 0.2000000000000005100 ) ;
#6377 = DIRECTION ( 'NONE',  ( 0.0000000000000000000, -0.4259177099999590900, 0.9047619047619052100 ) ) ;
#6378 = FILL_AREA_STYLE_COLOUR ( '', #4914 ) ;
#6379 = ORIENTED_EDGE ( 'NONE', *, *, #2023, .F. ) ;
#6380 = CARTESIAN_POINT ( 'NONE',  ( -9.390000000000000600, -8.150000000000000400, -1.560473778482678100E-057 ) ) ;
#6381 = DIRECTION ( 'NONE',  ( 2.640288016400939700E-029, -1.000000000000000000, 1.201675860940661900E-057 ) ) ;
#6382 = ADVANCED_FACE ( 'NONE', ( #2699 ), #6697, .F. ) ;
#6383 =( LENGTH_UNIT ( ) NAMED_UNIT ( * ) SI_UNIT ( .MILLI., .METRE. ) );
#6384 = LINE ( 'NONE', #4026, #4879 ) ;
#6385 = PRESENTATION_STYLE_ASSIGNMENT (( #4161 ) ) ;
#6386 = PLANE ( 'NONE',  #3406 ) ;
#6387 =( NAMED_UNIT ( * ) SI_UNIT ( $, .STERADIAN. ) SOLID_ANGLE_UNIT ( ) );
#6388 =( LENGTH_UNIT ( ) NAMED_UNIT ( * ) SI_UNIT ( .MILLI., .METRE. ) );
#6389 = FACE_OUTER_BOUND ( 'NONE', #719, .T. ) ;
#6390 = PRESENTATION_LAYER_ASSIGNMENT (  '', '', ( #5260 ) ) ;
#6391 = DIRECTION ( 'NONE',  ( 0.0000000000000000000, -7.434529182757701400E-015, 1.000000000000000000 ) ) ;
#6392 = DIRECTION ( 'NONE',  ( 1.000000000000000000, 0.0000000000000000000, 0.0000000000000000000 ) ) ;
#6393 = ORIENTED_EDGE ( 'NONE', *, *, #2202, .T. ) ;
#6394 = EDGE_LOOP ( 'NONE', ( #1885, #3455, #1612, #1132 ) ) ;
#6395 = COLOUR_RGB ( '',0.7529411764705882200, 0.7529411764705882200, 0.7529411764705882200 ) ;
#6396 = ORIENTED_EDGE ( 'NONE', *, *, #3464, .F. ) ;
#6397 = LINE ( 'NONE', #755, #2043 ) ;
#6398 = DIRECTION ( 'NONE',  ( 0.0000000000000000000, -0.4259177099999605900, 0.9047619047619044300 ) ) ;
#6399 = EDGE_CURVE ( 'NONE', #3251, #760, #699, .T. ) ;
#6400 = EDGE_CURVE ( 'NONE', #126, #1037, #5012, .T. ) ;
#6401 =( NAMED_UNIT ( * ) SI_UNIT ( $, .STERADIAN. ) SOLID_ANGLE_UNIT ( ) );
#6402 = EDGE_LOOP ( 'NONE', ( #3759, #1631, #2494, #6182 ) ) ;
#6403 = EDGE_CURVE ( 'NONE', #4546, #7239, #5144, .T. ) ;
#6404 = PRESENTATION_LAYER_ASSIGNMENT (  '', '', ( #6030 ) ) ;
#6405 =( GEOMETRIC_REPRESENTATION_CONTEXT ( 3 ) GLOBAL_UNCERTAINTY_ASSIGNED_CONTEXT ( ( #14 ) ) GLOBAL_UNIT_ASSIGNED_CONTEXT ( ( #1130, #5064, #1679 ) ) REPRESENTATION_CONTEXT ( 'NONE', 'WORKASPACE' ) );
#6406 = FILL_AREA_STYLE ('',( #5858 ) ) ;
#6407 =( NAMED_UNIT ( * ) SI_UNIT ( $, .STERADIAN. ) SOLID_ANGLE_UNIT ( ) );
#6408 = EDGE_LOOP ( 'NONE', ( #5763, #6972, #6730, #6699 ) ) ;
#6409 = ORIENTED_EDGE ( 'NONE', *, *, #2065, .T. ) ;
#6410 = UNCERTAINTY_MEASURE_WITH_UNIT (LENGTH_MEASURE( 1.000000000000000100E-005 ), #144, 'distance_accuracy_value', 'NONE');
#6411 = EDGE_CURVE ( 'NONE', #2949, #475, #640, .T. ) ;
#6412 = SURFACE_STYLE_USAGE ( .BOTH. , #5971 ) ;
#6413 = PRESENTATION_LAYER_ASSIGNMENT (  '', '', ( #5670 ) ) ;
#6414 = FILL_AREA_STYLE_COLOUR ( '', #6364 ) ;
#6415 = AXIS2_PLACEMENT_3D ( 'NONE', #804, #232, #3588 ) ;
#6416 = PLANE ( 'NONE',  #5710 ) ;
#6417 = FILL_AREA_STYLE ('',( #224 ) ) ;
#6418 = ADVANCED_FACE ( 'NONE', ( #3441 ), #7240, .T. ) ;
#6419 = CARTESIAN_POINT ( 'NONE',  ( -12.07499999999999900, -6.650000000000000400, 0.1999999999999999800 ) ) ;
#6420 = FILL_AREA_STYLE ('',( #1323 ) ) ;
#6421 = VECTOR ( 'NONE', #2420, 1000.000000000000000 ) ;
#6422 = AXIS2_PLACEMENT_3D ( 'NONE', #624, #4570, #1194 ) ;
#6423 = CARTESIAN_POINT ( 'NONE',  ( -11.99215728752538200, -6.649999999996934400, 0.0000000000000000000 ) ) ;
#6424 = PLANE ( 'NONE',  #1792 ) ;
#6425 = EDGE_LOOP ( 'NONE', ( #5409, #4471, #2310, #1465 ) ) ;
#6426 = EDGE_LOOP ( 'NONE', ( #892, #1245, #986, #2207 ) ) ;
#6427 =( NAMED_UNIT ( * ) SI_UNIT ( $, .STERADIAN. ) SOLID_ANGLE_UNIT ( ) );
#6428 = AXIS2_PLACEMENT_3D ( 'NONE', #3837, #472, #4403 ) ;
#6429 = DIRECTION ( 'NONE',  ( -1.000000000000000000, -0.0000000000000000000, -0.0000000000000000000 ) ) ;
#6430 =( LENGTH_UNIT ( ) NAMED_UNIT ( * ) SI_UNIT ( .MILLI., .METRE. ) );
#6431 = EDGE_CURVE ( 'NONE', #6211, #2840, #5954, .T. ) ;
#6432 = SURFACE_SIDE_STYLE ('',( #1508 ) ) ;
#6433 = CARTESIAN_POINT ( 'NONE',  ( 11.87500000000000000, -6.850000000000000500, 0.1999999999999041700 ) ) ;
#6434 = CARTESIAN_POINT ( 'NONE',  ( 5.850000000000000500, -7.099999999999999600, 0.9499999999999999600 ) ) ;
#6435 = MECHANICAL_DESIGN_GEOMETRIC_PRESENTATION_REPRESENTATION (  '', ( #5323 ), #6814 ) ;
#6436 = EDGE_LOOP ( 'NONE', ( #5782, #7297, #2849, #6912, #6464, #6142, #1469, #2197, #6593, #2206, #4040, #133 ) ) ;
#6437 =( GEOMETRIC_REPRESENTATION_CONTEXT ( 3 ) GLOBAL_UNCERTAINTY_ASSIGNED_CONTEXT ( ( #2376 ) ) GLOBAL_UNIT_ASSIGNED_CONTEXT ( ( #5713, #2278, #6269 ) ) REPRESENTATION_CONTEXT ( 'NONE', 'WORKASPACE' ) );
#6438 = SURFACE_STYLE_FILL_AREA ( #3562 ) ;
#6439 = VERTEX_POINT ( 'NONE', #2817 ) ;
#6440 = SURFACE_STYLE_USAGE ( .BOTH. , #2479 ) ;
#6441 = FACE_OUTER_BOUND ( 'NONE', #473, .T. ) ;
#6442 = UNCERTAINTY_MEASURE_WITH_UNIT (LENGTH_MEASURE( 1.000000000000000100E-005 ), #3715, 'distance_accuracy_value', 'NONE');
#6443 = ADVANCED_FACE ( 'NONE', ( #4420, #2734 ), #798, .F. ) ;
#6444 = EDGE_CURVE ( 'NONE', #3215, #3877, #2185, .T. ) ;
#6445 = VECTOR ( 'NONE', #6766, 1000.000000000000000 ) ;
#6446 =( NAMED_UNIT ( * ) PLANE_ANGLE_UNIT ( ) SI_UNIT ( $, .RADIAN. ) );
#6447 = LINE ( 'NONE', #3609, #6293 ) ;
#6448 =( GEOMETRIC_REPRESENTATION_CONTEXT ( 3 ) GLOBAL_UNCERTAINTY_ASSIGNED_CONTEXT ( ( #4809 ) ) GLOBAL_UNIT_ASSIGNED_CONTEXT ( ( #6121, #2691, #6653 ) ) REPRESENTATION_CONTEXT ( 'NONE', 'WORKASPACE' ) );
#6449 = SURFACE_STYLE_FILL_AREA ( #5585 ) ;
#6450 = PLANE ( 'NONE',  #3487 ) ;
#6451 = LINE ( 'NONE', #895, #2095 ) ;
#6452 = DIRECTION ( 'NONE',  ( 1.213057269022220100E-060, 1.000000000000000000, 0.0000000000000000000 ) ) ;
#6453 = UNCERTAINTY_MEASURE_WITH_UNIT (LENGTH_MEASURE( 1.000000000000000100E-005 ), #5045, 'distance_accuracy_value', 'NONE');
#6454 = VERTEX_POINT ( 'NONE', #4183 ) ;
#6455 = COLOUR_RGB ( '',0.7529411764705882200, 0.7529411764705882200, 0.7529411764705882200 ) ;
#6456 = VECTOR ( 'NONE', #6210, 1000.000000000000000 ) ;
#6457 = FACE_BOUND ( 'NONE', #1712, .T. ) ;
#6458 =( NAMED_UNIT ( * ) PLANE_ANGLE_UNIT ( ) SI_UNIT ( $, .RADIAN. ) );
#6459 = PRESENTATION_LAYER_ASSIGNMENT (  '', '', ( #5345 ) ) ;
#6460 = LINE ( 'NONE', #3570, #4963 ) ;
#6461 = LINE ( 'NONE', #445, #6306 ) ;
#6462 = CARTESIAN_POINT ( 'NONE',  ( -8.890000000000000600, -6.850000000000000500, 0.6999999999999999600 ) ) ;
#6463 = FILL_AREA_STYLE_COLOUR ( '', #6666 ) ;
#6464 = ORIENTED_EDGE ( 'NONE', *, *, #2446, .F. ) ;
#6465 = LINE ( 'NONE', #1749, #654 ) ;
#6466 = CARTESIAN_POINT ( 'NONE',  ( 8.890000000000000600, 5.080000000000000100, 4.599999999999999600 ) ) ;
#6467 =( GEOMETRIC_REPRESENTATION_CONTEXT ( 3 ) GLOBAL_UNCERTAINTY_ASSIGNED_CONTEXT ( ( #6821 ) ) GLOBAL_UNIT_ASSIGNED_CONTEXT ( ( #1311, #7087, #366 ) ) REPRESENTATION_CONTEXT ( 'NONE', 'WORKASPACE' ) );
#6468 = ORIENTED_EDGE ( 'NONE', *, *, #1346, .T. ) ;
#6469 = EDGE_LOOP ( 'NONE', ( #1358, #6838, #3238, #3202 ) ) ;
#6470 =( LENGTH_UNIT ( ) NAMED_UNIT ( * ) SI_UNIT ( .MILLI., .METRE. ) );
#6471 = DIRECTION ( 'NONE',  ( -0.0000000000000000000, -1.000000000000000000, -3.488060345846600000E-028 ) ) ;
#6472 = CARTESIAN_POINT ( 'NONE',  ( -12.07499999999999900, -6.850000000000000500, 0.0000000000000000000 ) ) ;
#6473 = DIRECTION ( 'NONE',  ( -2.640288016400939700E-029, 1.000000000000000000, -1.201675860940661900E-057 ) ) ;
#6474 = LINE ( 'NONE', #1041, #2123 ) ;
#6475 = STYLED_ITEM ( 'NONE', ( #6995 ), #5124 ) ;
#6476 = STYLED_ITEM ( 'NONE', ( #1435 ), #6443 ) ;
#6477 = ORIENTED_EDGE ( 'NONE', *, *, #6173, .T. ) ;
#6478 = ORIENTED_EDGE ( 'NONE', *, *, #3115, .T. ) ;
#6479 = DIRECTION ( 'NONE',  ( -1.000000000000000000, 1.174304530937220600E-056, -3.366640523681080300E-029 ) ) ;
#6480 = ORIENTED_EDGE ( 'NONE', *, *, #1201, .F. ) ;
#6481 = VERTEX_POINT ( 'NONE', #5339 ) ;
#6482 = EDGE_CURVE ( 'NONE', #2550, #3689, #6539, .T. ) ;
#6483 = DIRECTION ( 'NONE',  ( 0.0000000000000000000, 0.0000000000000000000, -1.000000000000000000 ) ) ;
#6484 = STYLED_ITEM ( 'NONE', ( #6575 ), #1555 ) ;
#6485 =( LENGTH_UNIT ( ) NAMED_UNIT ( * ) SI_UNIT ( .MILLI., .METRE. ) );
#6486 = SURFACE_SIDE_STYLE ('',( #3781 ) ) ;
#6487 =( GEOMETRIC_REPRESENTATION_CONTEXT ( 3 ) GLOBAL_UNCERTAINTY_ASSIGNED_CONTEXT ( ( #4663 ) ) GLOBAL_UNIT_ASSIGNED_CONTEXT ( ( #1182, #5120, #1730 ) ) REPRESENTATION_CONTEXT ( 'NONE', 'WORKASPACE' ) );
#6488 = EDGE_CURVE ( 'NONE', #2731, #4085, #3708, .T. ) ;
#6489 = DIRECTION ( 'NONE',  ( 0.0000000000000000000, -0.0000000000000000000, -1.000000000000000000 ) ) ;
#6490 = AXIS2_PLACEMENT_3D ( 'NONE', #5707, #5689, #5677 ) ;
#6491 = VECTOR ( 'NONE', #4797, 1000.000000000000000 ) ;
#6492 = DIRECTION ( 'NONE',  ( -1.000000000000000000, -0.0000000000000000000, -0.0000000000000000000 ) ) ;
#6493 = UNCERTAINTY_MEASURE_WITH_UNIT (LENGTH_MEASURE( 1.000000000000000100E-005 ), #146, 'distance_accuracy_value', 'NONE');
#6494 = CARTESIAN_POINT ( 'NONE',  ( 11.87500000000000000, -6.850000000000000500, 0.1999999999999042300 ) ) ;
#6495 = CARTESIAN_POINT ( 'NONE',  ( 9.189999999999999500, -4.955000000000000100, 4.599999999999999600 ) ) ;
#6496 =( LENGTH_UNIT ( ) NAMED_UNIT ( * ) SI_UNIT ( .MILLI., .METRE. ) );
#6497 = DIRECTION ( 'NONE',  ( 0.0000000000000000000, -1.000000000000000000, 0.0000000000000000000 ) ) ;
#6498 = EDGE_LOOP ( 'NONE', ( #572, #604, #3086, #6562 ) ) ;
#6499 = UNCERTAINTY_MEASURE_WITH_UNIT (LENGTH_MEASURE( 1.000000000000000100E-005 ), #3702, 'distance_accuracy_value', 'NONE');
#6500 = CARTESIAN_POINT ( 'NONE',  ( 6.349999999999999600, -5.080000000000000100, 4.599999999999999600 ) ) ;
#6501 = LINE ( 'NONE', #6977, #5009 ) ;
#6502 = AXIS2_PLACEMENT_3D ( 'NONE', #2539, #6497, #3116 ) ;
#6503 = DIRECTION ( 'NONE',  ( 0.0000000000000000000, -0.0000000000000000000, -1.000000000000000000 ) ) ;
#6504 = FACE_OUTER_BOUND ( 'NONE', #5100, .T. ) ;
#6505 = DIRECTION ( 'NONE',  ( -0.0000000000000000000, 0.0000000000000000000, -1.000000000000000000 ) ) ;
#6506 = ORIENTED_EDGE ( 'NONE', *, *, #6660, .F. ) ;
#6507 = UNCERTAINTY_MEASURE_WITH_UNIT (LENGTH_MEASURE( 1.000000000000000100E-005 ), #4541, 'distance_accuracy_value', 'NONE');
#6508 = CARTESIAN_POINT ( 'NONE',  ( 8.890000000000000600, 9.000000000000001800, 0.0000000000000000000 ) ) ;
#6509 = COLOUR_RGB ( '',0.7529411764705882200, 0.7529411764705882200, 0.7529411764705882200 ) ;
#6510 = CARTESIAN_POINT ( 'NONE',  ( 5.850000000000000500, 7.099999999999999600, 0.9499999999999999600 ) ) ;
#6511 = LINE ( 'NONE', #2781, #3514 ) ;
#6512 = COLOUR_RGB ( '',0.7921568627450980000, 0.8196078431372548800, 0.9333333333333333500 ) ;
#6513 = ORIENTED_EDGE ( 'NONE', *, *, #4851, .F. ) ;
#6514 = STYLED_ITEM ( 'NONE', ( #5235 ), #4528 ) ;
#6515 = PRESENTATION_LAYER_ASSIGNMENT (  '', '', ( #5800 ) ) ;
#6516 = FILL_AREA_STYLE_COLOUR ( '', #4061 ) ;
#6517 = FILL_AREA_STYLE ('',( #1456 ) ) ;
#6518 = DIRECTION ( 'NONE',  ( 0.0000000000000000000, 0.0000000000000000000, -1.000000000000000000 ) ) ;
#6519 = SHAPE_REPRESENTATION ( 'base', ( #2977 ), #2203 ) ;
#6520 = DIRECTION ( 'NONE',  ( -1.000000000000000000, 0.0000000000000000000, 0.0000000000000000000 ) ) ;
#6521 = PRESENTATION_STYLE_ASSIGNMENT (( #1732 ) ) ;
#6522 = PRESENTATION_STYLE_ASSIGNMENT (( #3568 ) ) ;
#6523 = EDGE_CURVE ( 'NONE', #5445, #3251, #732, .T. ) ;
#6524 = SURFACE_STYLE_FILL_AREA ( #6406 ) ;
#6525 = SURFACE_STYLE_FILL_AREA ( #5740 ) ;
#6526 = VECTOR ( 'NONE', #6816, 1000.000000000000000 ) ;
#6527 = MECHANICAL_DESIGN_GEOMETRIC_PRESENTATION_REPRESENTATION (  '', ( #5414 ), #6907 ) ;
#6528 = ORIENTED_EDGE ( 'NONE', *, *, #4884, .T. ) ;
#6529 = DIRECTION ( 'NONE',  ( 0.0000000000000000000, 0.0000000000000000000, 1.000000000000000000 ) ) ;
#6531 =( GEOMETRIC_REPRESENTATION_CONTEXT ( 3 ) GLOBAL_UNCERTAINTY_ASSIGNED_CONTEXT ( ( #1281 ) ) GLOBAL_UNIT_ASSIGNED_CONTEXT ( ( #2735, #6682, #3305 ) ) REPRESENTATION_CONTEXT ( 'NONE', 'WORKASPACE' ) );
#6530 = CIRCLE ( 'NONE', #2782, 0.5999999999999999800 ) ;
#6532 =( GEOMETRIC_REPRESENTATION_CONTEXT ( 3 ) GLOBAL_UNCERTAINTY_ASSIGNED_CONTEXT ( ( #1847 ) ) GLOBAL_UNIT_ASSIGNED_CONTEXT ( ( #4370, #1007, #4938 ) ) REPRESENTATION_CONTEXT ( 'NONE', 'WORKASPACE' ) );
#6533 = COLOUR_RGB ( '',0.7529411764705882200, 0.7529411764705882200, 0.7529411764705882200 ) ;
#6534 = SURFACE_STYLE_FILL_AREA ( #1134 ) ;
#6535 = ORIENTED_EDGE ( 'NONE', *, *, #1608, .T. ) ;
#6536 = DIRECTION ( 'NONE',  ( -1.000000000000000000, 0.0000000000000000000, -0.0000000000000000000 ) ) ;
#6537 = SURFACE_STYLE_FILL_AREA ( #4923 ) ;
#6538 = CARTESIAN_POINT ( 'NONE',  ( 6.349999999999999600, 7.099999999999999600, 0.9499999999999999600 ) ) ;
#6539 = CIRCLE ( 'NONE', #1055, 0.3500000000000019800 ) ;
#6540 = EDGE_CURVE ( 'NONE', #6279, #487, #3534, .T. ) ;
#6541 = PRESENTATION_LAYER_ASSIGNMENT (  '', '', ( #5821 ) ) ;
#6542 = PRESENTATION_STYLE_ASSIGNMENT (( #1855 ) ) ;
#6543 = DIRECTION ( 'NONE',  ( 1.000000000000000000, -0.0000000000000000000, 0.0000000000000000000 ) ) ;
#6544 = AXIS2_PLACEMENT_3D ( 'NONE', #4248, #1853, #5866 ) ;
#6545 = FILL_AREA_STYLE ('',( #889 ) ) ;
#6546 = DIRECTION ( 'NONE',  ( -2.640288016400939700E-029, -1.000000000000000000, -1.201675860940661900E-057 ) ) ;
#6547 = COLOUR_RGB ( '',0.7529411764705882200, 0.7529411764705882200, 0.7529411764705882200 ) ;
#6548 = SURFACE_STYLE_USAGE ( .BOTH. , #3699 ) ;
#6549 = VECTOR ( 'NONE', #7236, 1000.000000000000000 ) ;
#6550 = FILL_AREA_STYLE_COLOUR ( '', #2160 ) ;
#6551 = ORIENTED_EDGE ( 'NONE', *, *, #4208, .F. ) ;
#6552 = PRESENTATION_STYLE_ASSIGNMENT (( #5573 ) ) ;
#6553 = CARTESIAN_POINT ( 'NONE',  ( 5.850000000000000500, 9.000000000000001800, -0.2500000000000000000 ) ) ;
#6554 = LINE ( 'NONE', #3325, #2033 ) ;
#6555 = CARTESIAN_POINT ( 'NONE',  ( -8.589999999999999900, -5.205000000000000100, 2.799999999999999800 ) ) ;
#6556 = UNCERTAINTY_MEASURE_WITH_UNIT (LENGTH_MEASURE( 1.000000000000000100E-005 ), #5604, 'distance_accuracy_value', 'NONE');
#6557 = CARTESIAN_POINT ( 'NONE',  ( -11.30000000000000100, -6.049999999999999800, 2.799999999999999800 ) ) ;
#6558 = VERTEX_POINT ( 'NONE', #1949 ) ;
#6559 = EDGE_LOOP ( 'NONE', ( #233, #4197, #2654, #3657 ) ) ;
#6560 = DIRECTION ( 'NONE',  ( -0.0000000000000000000, -0.0000000000000000000, -1.000000000000000000 ) ) ;
#6561 = PRESENTATION_LAYER_ASSIGNMENT (  '', '', ( #6946 ) ) ;
#6562 = ORIENTED_EDGE ( 'NONE', *, *, #2412, .F. ) ;
#6563 = CARTESIAN_POINT ( 'NONE',  ( -10.07499999999999900, -5.349999999999999600, 0.1000000000000000100 ) ) ;
#6564 = SURFACE_STYLE_USAGE ( .BOTH. , #6589 ) ;
#6565 = CIRCLE ( 'NONE', #1267, 0.3499999999999999800 ) ;
#6566 = EDGE_CURVE ( 'NONE', #2840, #4241, #3347, .T. ) ;
#6567 = EDGE_LOOP ( 'NONE', ( #3102, #3853, #5065, #1630 ) ) ;
#6568 = SURFACE_SIDE_STYLE ('',( #6976 ) ) ;
#6569 = ORIENTED_EDGE ( 'NONE', *, *, #6963, .F. ) ;
#6570 =( NAMED_UNIT ( * ) PLANE_ANGLE_UNIT ( ) SI_UNIT ( $, .RADIAN. ) );
#6571 =( NAMED_UNIT ( * ) PLANE_ANGLE_UNIT ( ) SI_UNIT ( $, .RADIAN. ) );
#6572 = SURFACE_STYLE_USAGE ( .BOTH. , #2615 ) ;
#6573 = MECHANICAL_DESIGN_GEOMETRIC_PRESENTATION_REPRESENTATION (  '', ( #5462 ), #6955 ) ;
#6574 =( GEOMETRIC_REPRESENTATION_CONTEXT ( 3 ) GLOBAL_UNCERTAINTY_ASSIGNED_CONTEXT ( ( #6348 ) ) GLOBAL_UNIT_ASSIGNED_CONTEXT ( ( #6684, #3307, #7254 ) ) REPRESENTATION_CONTEXT ( 'NONE', 'WORKASPACE' ) );
#6575 = PRESENTATION_STYLE_ASSIGNMENT (( #384 ) ) ;
#6576 =( LENGTH_UNIT ( ) NAMED_UNIT ( * ) SI_UNIT ( .MILLI., .METRE. ) );
#6577 = SURFACE_STYLE_FILL_AREA ( #3739 ) ;
#6578 = EDGE_CURVE ( 'NONE', #5394, #4717, #4868, .T. ) ;
#6579 = ORIENTED_EDGE ( 'NONE', *, *, #3591, .T. ) ;
#6580 = CARTESIAN_POINT ( 'NONE',  ( 8.390000000000000600, 7.875740647047340600, 0.0000000000000000000 ) ) ;
#6581 = AXIS2_PLACEMENT_3D ( 'NONE', #5127, #1734, #5715 ) ;
#6582 = CARTESIAN_POINT ( 'NONE',  ( 8.890000000000000600, 6.850000000000000500, 0.6999999999999999600 ) ) ;
#6583 = VECTOR ( 'NONE', #6938, 1000.000000000000000 ) ;
#6584 = ORIENTED_EDGE ( 'NONE', *, *, #4502, .T. ) ;
#6585 = MECHANICAL_DESIGN_GEOMETRIC_PRESENTATION_REPRESENTATION (  '', ( #5476 ), #6968 ) ;
#6586 = SURFACE_STYLE_USAGE ( .BOTH. , #2626 ) ;
#6587 = DIRECTION ( 'NONE',  ( -1.393726859448460000E-028, 1.000000000000000000, -2.275909662416548100E-056 ) ) ;
#6588 = EDGE_CURVE ( 'NONE', #7094, #4270, #6704, .T. ) ;
#6589 = SURFACE_SIDE_STYLE ('',( #2976 ) ) ;
#6590 = MECHANICAL_DESIGN_GEOMETRIC_PRESENTATION_REPRESENTATION (  '', ( #5086 ), #6974 ) ;
#6591 = PRESENTATION_STYLE_ASSIGNMENT (( #7299 ) ) ;
#6592 = DIRECTION ( 'NONE',  ( 0.0000000000000000000, 2.478176394252567500E-015, -1.000000000000000000 ) ) ;
#6593 = ORIENTED_EDGE ( 'NONE', *, *, #5861, .F. ) ;
#6594 = CARTESIAN_POINT ( 'NONE',  ( 9.390000000000000600, -9.000000000000001800, -0.2500000000000000000 ) ) ;
#6595 = SURFACE_STYLE_FILL_AREA ( #6855 ) ;
#6596 = COLOUR_RGB ( '',0.7529411764705882200, 0.7529411764705882200, 0.7529411764705882200 ) ;
#6597 = DIRECTION ( 'NONE',  ( -0.0000000000000000000, -0.0000000000000000000, -1.000000000000000000 ) ) ;
#6598 = AXIS2_PLACEMENT_3D ( 'NONE', #6314, #2903, #6857 ) ;
#6599 = ORIENTED_EDGE ( 'NONE', *, *, #588, .T. ) ;
#6600 = CARTESIAN_POINT ( 'NONE',  ( -8.890000000000000600, -7.416666666666669600, 0.4990711984999859900 ) ) ;
#6601 = CIRCLE ( 'NONE', #5274, 0.5999999999999998700 ) ;
#6602 = FACE_OUTER_BOUND ( 'NONE', #5814, .T. ) ;
#6603 =( LENGTH_UNIT ( ) NAMED_UNIT ( * ) SI_UNIT ( .MILLI., .METRE. ) );
#6604 = PRESENTATION_STYLE_ASSIGNMENT (( #4786 ) ) ;
#6605 = ADVANCED_FACE ( 'NONE', ( #3180 ), #295, .T. ) ;
#6606 = DIRECTION ( 'NONE',  ( 1.000000000000000000, 0.0000000000000000000, -0.0000000000000000000 ) ) ;
#6607 = ORIENTED_EDGE ( 'NONE', *, *, #597, .T. ) ;
#6608 = COLOUR_RGB ( '',0.7529411764705882200, 0.7529411764705882200, 0.7529411764705882200 ) ;
#6609 = ORIENTED_EDGE ( 'NONE', *, *, #6754, .T. ) ;
#6610 = FACE_OUTER_BOUND ( 'NONE', #1157, .T. ) ;
#6611 = PRESENTATION_STYLE_ASSIGNMENT (( #2952 ) ) ;
#6612 = ORIENTED_EDGE ( 'NONE', *, *, #3602, .T. ) ;
#6613 = FILL_AREA_STYLE ('',( #1544 ) ) ;
#6614 = CARTESIAN_POINT ( 'NONE',  ( -9.390000000000000600, -8.150000000000000400, -0.2500000000000000000 ) ) ;
#6615 = CARTESIAN_POINT ( 'NONE',  ( 6.849999999999999600, -9.000000000000001800, -0.2500000000000000000 ) ) ;
#6616 = PRESENTATION_STYLE_ASSIGNMENT (( #5511 ) ) ;
#6617 = AXIS2_PLACEMENT_3D ( 'NONE', #2325, #6318, #2905 ) ;
#6618 = CARTESIAN_POINT ( 'NONE',  ( 8.390000000000000600, 9.000000000000001800, -4.264521207411895500E-057 ) ) ;
#6619 = SURFACE_STYLE_FILL_AREA ( #3450 ) ;
#6620 = FACE_OUTER_BOUND ( 'NONE', #4047, .T. ) ;
#6621 = DIRECTION ( 'NONE',  ( 1.000000000000000000, 0.0000000000000000000, 0.0000000000000000000 ) ) ;
#6622 = UNCERTAINTY_MEASURE_WITH_UNIT (LENGTH_MEASURE( 1.000000000000000100E-005 ), #2440, 'distance_accuracy_value', 'NONE');
#6623 = EDGE_CURVE ( 'NONE', #286, #7291, #4149, .T. ) ;
#6624 = CARTESIAN_POINT ( 'NONE',  ( 6.850000000000000500, 8.150000000000000400, -0.2500000000000000000 ) ) ;
#6625 = EDGE_CURVE ( 'NONE', #6825, #5969, #2635, .T. ) ;
#6626 = AXIS2_PLACEMENT_3D ( 'NONE', #6752, #6810, #6831 ) ;
#6627 = ORIENTED_EDGE ( 'NONE', *, *, #5515, .T. ) ;
#6628 = VECTOR ( 'NONE', #4566, 1000.000000000000000 ) ;
#6629 = DIRECTION ( 'NONE',  ( 0.0000000000000000000, 0.0000000000000000000, 1.000000000000000000 ) ) ;
#6630 = EDGE_CURVE ( 'NONE', #1957, #1550, #1164, .T. ) ;
#6631 = PRESENTATION_STYLE_ASSIGNMENT (( #3228 ) ) ;
#6632 = AXIS2_PLACEMENT_3D ( 'NONE', #909, #331, #1983 ) ;
#6633 = PRESENTATION_STYLE_ASSIGNMENT (( #4543 ) ) ;
#6634 = CARTESIAN_POINT ( 'NONE',  ( 8.390000000000000600, 7.642857142857139700, 0.6055506259999771100 ) ) ;
#6635 = CARTESIAN_POINT ( 'NONE',  ( 12.07500000000000100, -6.650000000000000400, 0.2000000000000000100 ) ) ;
#6636 = ORIENTED_EDGE ( 'NONE', *, *, #110, .F. ) ;
#6637 = DIRECTION ( 'NONE',  ( 1.000000000000000000, 0.0000000000000000000, 0.0000000000000000000 ) ) ;
#6638 = FILL_AREA_STYLE ('',( #5537 ) ) ;
#6639 = FILL_AREA_STYLE_COLOUR ( '', #4326 ) ;
#6640 = VERTEX_POINT ( 'NONE', #3706 ) ;
#6641 = FILL_AREA_STYLE_COLOUR ( '', #6200 ) ;
#6642 = ORIENTED_EDGE ( 'NONE', *, *, #930, .T. ) ;
#6643 = PRESENTATION_STYLE_ASSIGNMENT (( #2331 ) ) ;
#6644 = ADVANCED_FACE ( 'NONE', ( #993 ), #4775, .T. ) ;
#6645 =( GEOMETRIC_REPRESENTATION_CONTEXT ( 3 ) GLOBAL_UNCERTAINTY_ASSIGNED_CONTEXT ( ( #2329 ) ) GLOBAL_UNIT_ASSIGNED_CONTEXT ( ( #200, #4137, #774 ) ) REPRESENTATION_CONTEXT ( 'NONE', 'WORKASPACE' ) );
#6646 = UNCERTAINTY_MEASURE_WITH_UNIT (LENGTH_MEASURE( 1.000000000000000100E-005 ), #3576, 'distance_accuracy_value', 'NONE');
#6647 = CARTESIAN_POINT ( 'NONE',  ( -8.390000000000000600, 7.833333333333333000, 0.2009288015000136600 ) ) ;
#6648 =( NAMED_UNIT ( * ) PLANE_ANGLE_UNIT ( ) SI_UNIT ( $, .RADIAN. ) );
#6649 = PRESENTATION_STYLE_ASSIGNMENT (( #5335 ) ) ;
#6650 = SURFACE_STYLE_USAGE ( .BOTH. , #2688 ) ;
#6651 = VERTEX_POINT ( 'NONE', #3724 ) ;
#6652 = ORIENTED_EDGE ( 'NONE', *, *, #1065, .T. ) ;
#6653 =( NAMED_UNIT ( * ) SI_UNIT ( $, .STERADIAN. ) SOLID_ANGLE_UNIT ( ) );
#6654 = STYLED_ITEM ( 'NONE', ( #6643 ), #4384 ) ;
#6655 = ORIENTED_EDGE ( 'NONE', *, *, #734, .F. ) ;
#6656 = VERTEX_POINT ( 'NONE', #939 ) ;
#6657 = CARTESIAN_POINT ( 'NONE',  ( 6.049999999999999800, 4.955000000000000100, 4.599999999999999600 ) ) ;
#6658 = FILL_AREA_STYLE ('',( #6834 ) ) ;
#6659 = UNCERTAINTY_MEASURE_WITH_UNIT (LENGTH_MEASURE( 1.000000000000000100E-005 ), #855, 'distance_accuracy_value', 'NONE');
#6660 = EDGE_CURVE ( 'NONE', #2768, #5445, #453, .T. ) ;
#6661 = FACE_OUTER_BOUND ( 'NONE', #2083, .T. ) ;
#6662 = CARTESIAN_POINT ( 'NONE',  ( 12.07500000000000100, 6.650000000000001200, 0.2000000000000000100 ) ) ;
#6663 = MECHANICAL_DESIGN_GEOMETRIC_PRESENTATION_REPRESENTATION (  '', ( #5947 ), #7052 ) ;
#6664 =( GEOMETRIC_REPRESENTATION_CONTEXT ( 3 ) GLOBAL_UNCERTAINTY_ASSIGNED_CONTEXT ( ( #5827 ) ) GLOBAL_UNIT_ASSIGNED_CONTEXT ( ( #6383, #2980, #6942 ) ) REPRESENTATION_CONTEXT ( 'NONE', 'WORKASPACE' ) );
#6665 = CARTESIAN_POINT ( 'NONE',  ( -11.87500000000000000, 6.650000000000001200, 6.776263578034402700E-018 ) ) ;
#6666 = COLOUR_RGB ( '',0.7529411764705882200, 0.7529411764705882200, 0.7529411764705882200 ) ;
#6667 = DIRECTION ( 'NONE',  ( 1.000000000000000000, 0.0000000000000000000, 0.0000000000000000000 ) ) ;
#6668 = FILL_AREA_STYLE_COLOUR ( '', #469 ) ;
#6669 = AXIS2_PLACEMENT_3D ( 'NONE', #5474, #5467, #5449 ) ;
#6670 = COLOUR_RGB ( '',0.7529411764705882200, 0.7529411764705882200, 0.7529411764705882200 ) ;
#6671 = STYLED_ITEM ( 'NONE', ( #5631 ), #2073 ) ;
#6672 = CARTESIAN_POINT ( 'NONE',  ( 11.87499999999999800, 6.650000000000000400, 0.2000000000000000100 ) ) ;
#6673 = ORIENTED_EDGE ( 'NONE', *, *, #4307, .F. ) ;
#6674 = ADVANCED_FACE ( 'NONE', ( #3433 ), #7066, .T. ) ;
#6675 =( NAMED_UNIT ( * ) SI_UNIT ( $, .STERADIAN. ) SOLID_ANGLE_UNIT ( ) );
#6676 = CYLINDRICAL_SURFACE ( 'NONE', #3223, 0.2000000000000005100 ) ;
#6677 =( NAMED_UNIT ( * ) PLANE_ANGLE_UNIT ( ) SI_UNIT ( $, .RADIAN. ) );
#6678 = SURFACE_STYLE_FILL_AREA ( #4753 ) ;
#6679 = CARTESIAN_POINT ( 'NONE',  ( 5.850000000000000500, 8.150000000000000400, -1.560473778482678100E-057 ) ) ;
#6680 = DIRECTION ( 'NONE',  ( 0.0000000000000000000, 0.0000000000000000000, 1.000000000000000000 ) ) ;
#6681 = ORIENTED_EDGE ( 'NONE', *, *, #1477, .F. ) ;
#6682 =( NAMED_UNIT ( * ) PLANE_ANGLE_UNIT ( ) SI_UNIT ( $, .RADIAN. ) );
#6683 =( LENGTH_UNIT ( ) NAMED_UNIT ( * ) SI_UNIT ( .MILLI., .METRE. ) );
#6684 =( LENGTH_UNIT ( ) NAMED_UNIT ( * ) SI_UNIT ( .MILLI., .METRE. ) );
#6685 = STYLED_ITEM ( 'NONE', ( #3575 ), #2805 ) ;
#6686 = FACE_OUTER_BOUND ( 'NONE', #6105, .T. ) ;
#6687 = ORIENTED_EDGE ( 'NONE', *, *, #2595, .T. ) ;
#6688 = VECTOR ( 'NONE', #5981, 1000.000000000000000 ) ;
#6689 = EDGE_LOOP ( 'NONE', ( #1968, #5739, #3297 ) ) ;
#6690 = VECTOR ( 'NONE', #3741, 1000.000000000000000 ) ;
#6691 = CARTESIAN_POINT ( 'NONE',  ( 9.390000000000000600, 7.875740647047340600, 0.6999999999999999600 ) ) ;
#6692 = SURFACE_STYLE_USAGE ( .BOTH. , #2747 ) ;
#6693 = SURFACE_STYLE_FILL_AREA ( #614 ) ;
#6694 = ORIENTED_EDGE ( 'NONE', *, *, #6309, .T. ) ;
#6695 = SURFACE_STYLE_FILL_AREA ( #2994 ) ;
#6696 = PRESENTATION_LAYER_ASSIGNMENT (  '', '', ( #7085 ) ) ;
#6697 = PLANE ( 'NONE',  #4201 ) ;
#6698 = EDGE_LOOP ( 'NONE', ( #2944, #3827, #5999, #6891 ) ) ;
#6699 = ORIENTED_EDGE ( 'NONE', *, *, #3310, .F. ) ;
#6700 = VECTOR ( 'NONE', #1506, 1000.000000000000000 ) ;
#6701 = CARTESIAN_POINT ( 'NONE',  ( 0.0000000000000000000, 0.0000000000000000000, 0.0000000000000000000 ) ) ;
#6702 = CARTESIAN_POINT ( 'NONE',  ( 6.349999999999999600, -8.150000000000000400, 0.3499999999999999800 ) ) ;
#6703 = ORIENTED_EDGE ( 'NONE', *, *, #6411, .T. ) ;
#6705 = PRESENTATION_LAYER_ASSIGNMENT (  '', '', ( #5609 ) ) ;
#6704 = LINE ( 'NONE', #5937, #4694 ) ;
#6706 = MECHANICAL_DESIGN_GEOMETRIC_PRESENTATION_REPRESENTATION (  '', ( #5980 ), #7100 ) ;
#6707 = FILL_AREA_STYLE ('',( #5557 ) ) ;
#6708 = CARTESIAN_POINT ( 'NONE',  ( 11.99215728752538000, 6.850000000000003200, 0.08284271247319544000 ) ) ;
#6709 = CARTESIAN_POINT ( 'NONE',  ( 6.850000000000000500, 9.000000000000001800, 0.2507484938770950800 ) ) ;
#6710 = FACE_OUTER_BOUND ( 'NONE', #5619, .T. ) ;
#6711 =( NAMED_UNIT ( * ) PLANE_ANGLE_UNIT ( ) SI_UNIT ( $, .RADIAN. ) );
#6712 = VECTOR ( 'NONE', #2334, 1000.000000000000000 ) ;
#6714 = EDGE_CURVE ( 'NONE', #3525, #6879, #2723, .T. ) ;
#6713 = UNCERTAINTY_MEASURE_WITH_UNIT (LENGTH_MEASURE( 1.000000000000000100E-005 ), #44, 'distance_accuracy_value', 'NONE');
#6715 = DIRECTION ( 'NONE',  ( 0.0000000000000000000, 0.0000000000000000000, 1.000000000000000000 ) ) ;
#6716 = AXIS2_PLACEMENT_3D ( 'NONE', #304, #2518, #3099 ) ;
#6717 = DIRECTION ( 'NONE',  ( 0.0000000000000000000, 0.0000000000000000000, 1.000000000000000000 ) ) ;
#6718 = CARTESIAN_POINT ( 'NONE',  ( 6.650000000000000400, 4.955000000000000100, 2.799999999999999800 ) ) ;
#6719 = MECHANICAL_DESIGN_GEOMETRIC_PRESENTATION_REPRESENTATION (  '', ( #5622 ), #7113 ) ;
#6720 = VERTEX_POINT ( 'NONE', #5488 ) ;
#6721 = FILL_AREA_STYLE ('',( #6190 ) ) ;
#6722 = FACE_OUTER_BOUND ( 'NONE', #2924, .T. ) ;
#6723 = CARTESIAN_POINT ( 'NONE',  ( 9.189999999999999500, 5.205000000000000100, 2.799999999999999800 ) ) ;
#6724 = EDGE_CURVE ( 'NONE', #487, #7206, #5591, .T. ) ;
#6725 = MECHANICAL_DESIGN_GEOMETRIC_PRESENTATION_REPRESENTATION (  '', ( #5998 ), #7119 ) ;
#6726 =( NAMED_UNIT ( * ) SI_UNIT ( $, .STERADIAN. ) SOLID_ANGLE_UNIT ( ) );
#6727 = CARTESIAN_POINT ( 'NONE',  ( 8.589999999999999900, 4.955000000000000100, 4.599999999999999600 ) ) ;
#6728 = ORIENTED_EDGE ( 'NONE', *, *, #1347, .F. ) ;
#6729 = DIRECTION ( 'NONE',  ( 0.0000000000000000000, -0.0000000000000000000, 1.000000000000000000 ) ) ;
#6730 = ORIENTED_EDGE ( 'NONE', *, *, #4742, .F. ) ;
#6731 = CARTESIAN_POINT ( 'NONE',  ( 8.390000000000000600, -4.955000000000000100, 2.799999999999999800 ) ) ;
#6732 = CARTESIAN_POINT ( 'NONE',  ( 9.390000000000000600, 5.205000000000000100, 2.799999999999999800 ) ) ;
#6733 = ADVANCED_FACE ( 'NONE', ( #1253 ), #542, .F. ) ;
#6734 = CARTESIAN_POINT ( 'NONE',  ( 6.650000000000000400, 5.205000000000000100, 4.599999999999999600 ) ) ;
#6735 = ORIENTED_EDGE ( 'NONE', *, *, #312, .T. ) ;
#6736 = CARTESIAN_POINT ( 'NONE',  ( 6.850000000000000500, -7.099999999999999600, 0.3499999999999999800 ) ) ;
#6737 = SURFACE_STYLE_FILL_AREA ( #2047 ) ;
#6738 = VERTEX_POINT ( 'NONE', #3805 ) ;
#6739 = ORIENTED_EDGE ( 'NONE', *, *, #3833, .T. ) ;
#6740 = AXIS2_PLACEMENT_3D ( 'NONE', #1600, #5565, #2127 ) ;
#6741 = FILL_AREA_STYLE ('',( #5684 ) ) ;
#6742 = DIRECTION ( 'NONE',  ( 1.000000000000000000, 0.0000000000000000000, -0.0000000000000000000 ) ) ;
#6743 =( NAMED_UNIT ( * ) SI_UNIT ( $, .STERADIAN. ) SOLID_ANGLE_UNIT ( ) );
#6744 = SURFACE_STYLE_FILL_AREA ( #4720 ) ;
#6745 = CARTESIAN_POINT ( 'NONE',  ( 11.87500000000000000, 6.850000000000000500, 1.600000000000000100 ) ) ;
#6746 = VECTOR ( 'NONE', #1008, 1000.000000000000000 ) ;
#6747 = DIRECTION ( 'NONE',  ( 0.0000000000000000000, 0.0000000000000000000, 1.000000000000000000 ) ) ;
#6748 = CIRCLE ( 'NONE', #5964, 0.2000000000000005100 ) ;
#6749 = MECHANICAL_DESIGN_GEOMETRIC_PRESENTATION_REPRESENTATION (  '', ( #5260 ), #7133 ) ;
#6750 = ORIENTED_EDGE ( 'NONE', *, *, #3360, .T. ) ;
#6751 = CARTESIAN_POINT ( 'NONE',  ( 0.0000000000000000000, 0.0000000000000000000, 0.0000000000000000000 ) ) ;
#6752 = CARTESIAN_POINT ( 'NONE',  ( 8.390000000000000600, 8.150000000000000400, 0.3499999999999999800 ) ) ;
#6753 = DIRECTION ( 'NONE',  ( 1.000000000000000000, 0.0000000000000000000, 0.0000000000000000000 ) ) ;
#6754 = EDGE_CURVE ( 'NONE', #4935, #6162, #2007, .T. ) ;
#6755 = EDGE_LOOP ( 'NONE', ( #2732, #3135, #5840, #3988 ) ) ;
#6756 = VECTOR ( 'NONE', #4673, 1000.000000000000000 ) ;
#6757 = CARTESIAN_POINT ( 'NONE',  ( -8.890000000000000600, 7.833333333333331300, 0.2009288015000139900 ) ) ;
#6758 = CARTESIAN_POINT ( 'NONE',  ( -10.57499999999999900, -5.349999999999999600, 0.1000000000000000100 ) ) ;
#6759 = EDGE_CURVE ( 'NONE', #727, #2910, #5038, .T. ) ;
#6760 =( NAMED_UNIT ( * ) PLANE_ANGLE_UNIT ( ) SI_UNIT ( $, .RADIAN. ) );
#6761 = EDGE_CURVE ( 'NONE', #2818, #6720, #6368, .T. ) ;
#6762 = MECHANICAL_DESIGN_GEOMETRIC_PRESENTATION_REPRESENTATION (  '', ( #6030 ), #7141 ) ;
#6763 = VECTOR ( 'NONE', #6543, 1000.000000000000000 ) ;
#6764 = ORIENTED_EDGE ( 'NONE', *, *, #6026, .T. ) ;
#6765 = LINE ( 'NONE', #4910, #2239 ) ;
#6766 = DIRECTION ( 'NONE',  ( 1.000000000000000000, 0.0000000000000000000, 0.0000000000000000000 ) ) ;
#6767 = PRESENTATION_STYLE_ASSIGNMENT (( #3604 ) ) ;
#6768 = FILL_AREA_STYLE ('',( #6225 ) ) ;
#6769 = CARTESIAN_POINT ( 'NONE',  ( -9.390000000000000600, 7.833333333333333000, 0.2009288015000136600 ) ) ;
#6770 = ORIENTED_EDGE ( 'NONE', *, *, #7232, .T. ) ;
#6771 = EDGE_CURVE ( 'NONE', #6720, #2342, #6530, .T. ) ;
#6772 = MECHANICAL_DESIGN_GEOMETRIC_PRESENTATION_REPRESENTATION (  '', ( #5670 ), #7149 ) ;
#6773 = ADVANCED_FACE ( 'NONE', ( #362 ), #418, .T. ) ;
#6774 = AXIS2_PLACEMENT_3D ( 'NONE', #6373, #6932, #180 ) ;
#6775 = LINE ( 'NONE', #3184, #5298 ) ;
#6776 = PRESENTATION_STYLE_ASSIGNMENT (( #440 ) ) ;
#6777 = VECTOR ( 'NONE', #6245, 1000.000000000000000 ) ;
#6778 = FACE_OUTER_BOUND ( 'NONE', #4213, .T. ) ;
#6779 = VECTOR ( 'NONE', #452, 1000.000000000000200 ) ;
#6780 = APPLICATION_CONTEXT ( 'automotive_design' ) ;
#6781 = DIRECTION ( 'NONE',  ( 0.0000000000000000000, -0.0000000000000000000, -1.000000000000000000 ) ) ;
#6782 = PRESENTATION_STYLE_ASSIGNMENT (( #6340 ) ) ;
#6783 = DIRECTION ( 'NONE',  ( 0.0000000000000000000, 0.0000000000000000000, 1.000000000000000000 ) ) ;
#6784 = CARTESIAN_POINT ( 'NONE',  ( 8.390000000000000600, -4.955000000000000100, 4.599999999999999600 ) ) ;
#6785 = VECTOR ( 'NONE', #1923, 1000.000000000000000 ) ;
#6786 = EDGE_LOOP ( 'NONE', ( #2869, #3294, #5887, #775, #4669, #229, #1286, #6636, #6311, #2485, #5424, #6764 ) ) ;
#6787 = LINE ( 'NONE', #866, #808 ) ;
#6788 = ORIENTED_EDGE ( 'NONE', *, *, #5273, .T. ) ;
#6789 = FILL_AREA_STYLE_COLOUR ( '', #3613 ) ;
#6790 = SURFACE_SIDE_STYLE ('',( #5767 ) ) ;
#6791 = LINE ( 'NONE', #5757, #2263 ) ;
#6792 = DIRECTION ( 'NONE',  ( 0.0000000000000000000, 0.0000000000000000000, -1.000000000000000000 ) ) ;
#6793 = AXIS2_PLACEMENT_3D ( 'NONE', #5698, #2264, #6258 ) ;
#6794 = FILL_AREA_STYLE ('',( #1156 ) ) ;
#6795 = EDGE_LOOP ( 'NONE', ( #1783, #652, #1100 ) ) ;
#6796 = SURFACE_STYLE_USAGE ( .BOTH. , #2833 ) ;
#6797 = COLOUR_RGB ( '',0.7529411764705882200, 0.7529411764705882200, 0.7529411764705882200 ) ;
#6798 = LINE ( 'NONE', #5486, #2269 ) ;
#6799 = DIRECTION ( 'NONE',  ( 4.551305969182499400E-029, 0.0000000000000000000, -1.000000000000000000 ) ) ;
#6800 = LINE ( 'NONE', #5733, #5134 ) ;
#6801 = LINE ( 'NONE', #3283, #3790 ) ;
#6802 = CARTESIAN_POINT ( 'NONE',  ( 9.189999999999999500, -5.205000000000000100, 4.599999999999999600 ) ) ;
#6803 = CARTESIAN_POINT ( 'NONE',  ( 6.850000000000000500, 7.099999999999999600, 0.9499999999999999600 ) ) ;
#6804 = PRESENTATION_STYLE_ASSIGNMENT (( #5435 ) ) ;
#6805 = STYLED_ITEM ( 'NONE', ( #6151 ), #4147 ) ;
#6806 = ORIENTED_EDGE ( 'NONE', *, *, #7140, .F. ) ;
#6807 = ORIENTED_EDGE ( 'NONE', *, *, #6488, .T. ) ;
#6808 = EDGE_CURVE ( 'NONE', #760, #2768, #7144, .T. ) ;
#6809 = APPLICATION_CONTEXT ( 'automotive_design' ) ;
#6810 = DIRECTION ( 'NONE',  ( 1.000000000000000000, -0.0000000000000000000, -0.0000000000000000000 ) ) ;
#6811 = LINE ( 'NONE', #5797, #5331 ) ;
#6812 = COLOUR_RGB ( '',0.7529411764705882200, 0.7529411764705882200, 0.7529411764705882200 ) ;
#6813 = CARTESIAN_POINT ( 'NONE',  ( 9.390000000000000600, -7.416666666666668700, 0.4990711984999866600 ) ) ;
#6814 =( GEOMETRIC_REPRESENTATION_CONTEXT ( 3 ) GLOBAL_UNCERTAINTY_ASSIGNED_CONTEXT ( ( #3107 ) ) GLOBAL_UNIT_ASSIGNED_CONTEXT ( ( #1919, #5915, #2488 ) ) REPRESENTATION_CONTEXT ( 'NONE', 'WORKASPACE' ) );
#6815 = PRESENTATION_LAYER_ASSIGNMENT (  '', '', ( #7185 ) ) ;
#6816 = DIRECTION ( 'NONE',  ( -1.000000000000000000, 0.0000000000000000000, -0.0000000000000000000 ) ) ;
#6817 = ADVANCED_FACE ( 'NONE', ( #1158 ), #3261, .T. ) ;
#6818 = CARTESIAN_POINT ( 'NONE',  ( 6.037499999999999600, -6.650000000000000400, 0.2000000000000000100 ) ) ;
#6819 = LINE ( 'NONE', #4844, #33 ) ;
#6820 = ORIENTED_EDGE ( 'NONE', *, *, #6872, .F. ) ;
#6821 = UNCERTAINTY_MEASURE_WITH_UNIT (LENGTH_MEASURE( 1.000000000000000100E-005 ), #1311, 'distance_accuracy_value', 'NONE');
#6822 = CARTESIAN_POINT ( 'NONE',  ( 11.30000000000000100, 6.249999999999998200, 2.799999999999999800 ) ) ;
#6823 = EDGE_CURVE ( 'NONE', #4481, #3150, #2089, .T. ) ;
#6824 = FILL_AREA_STYLE ('',( #644 ) ) ;
#6825 = VERTEX_POINT ( 'NONE', #1058 ) ;
#6826 =( NAMED_UNIT ( * ) SI_UNIT ( $, .STERADIAN. ) SOLID_ANGLE_UNIT ( ) );
#6827 = SURFACE_SIDE_STYLE ('',( #215 ) ) ;
#6828 = ORIENTED_EDGE ( 'NONE', *, *, #1570, .F. ) ;
#6829 = VECTOR ( 'NONE', #102, 1000.000000000000000 ) ;
#6830 = SURFACE_STYLE_FILL_AREA ( #1336 ) ;
#6831 = DIRECTION ( 'NONE',  ( 0.0000000000000000000, 4.956352788505163500E-015, 1.000000000000000000 ) ) ;
#6832 = MECHANICAL_DESIGN_GEOMETRIC_PRESENTATION_REPRESENTATION (  '', ( #5345 ), #7200 ) ;
#6833 = ORIENTED_EDGE ( 'NONE', *, *, #3013, .T. ) ;
#6834 = FILL_AREA_STYLE_COLOUR ( '', #5846 ) ;
#6835 = FACE_OUTER_BOUND ( 'NONE', #3831, .T. ) ;
#6836 = PLANE ( 'NONE',  #2934 ) ;
#6837 =( NAMED_UNIT ( * ) SI_UNIT ( $, .STERADIAN. ) SOLID_ANGLE_UNIT ( ) );
#6838 = ORIENTED_EDGE ( 'NONE', *, *, #3390, .T. ) ;
#6839 =( LENGTH_UNIT ( ) NAMED_UNIT ( * ) SI_UNIT ( .MILLI., .METRE. ) );
#6840 = LINE ( 'NONE', #5785, #3834 ) ;
#6841 =( NAMED_UNIT ( * ) PLANE_ANGLE_UNIT ( ) SI_UNIT ( $, .RADIAN. ) );
#6842 = CIRCLE ( 'NONE', #4281, 0.3500000000000019800 ) ;
#6843 = CARTESIAN_POINT ( 'NONE',  ( 6.849999999999998800, 6.850000000000000500, 0.0000000000000000000 ) ) ;
#6844 = SURFACE_SIDE_STYLE ('',( #4243 ) ) ;
#6845 = COLOUR_RGB ( '',0.7529411764705882200, 0.7529411764705882200, 0.7529411764705882200 ) ;
#6846 = DIRECTION ( 'NONE',  ( 0.0000000000000000000, -0.4259177099999605900, 0.9047619047619044300 ) ) ;
#6847 = UNCERTAINTY_MEASURE_WITH_UNIT (LENGTH_MEASURE( 1.000000000000000100E-005 ), #2343, 'distance_accuracy_value', 'NONE');
#6848 = ADVANCED_FACE ( 'NONE', ( #6441 ), #1637, .T. ) ;
#6849 = FILL_AREA_STYLE ('',( #651 ) ) ;
#6850 = ORIENTED_EDGE ( 'NONE', *, *, #2031, .F. ) ;
#6851 = CARTESIAN_POINT ( 'NONE',  ( 6.850000000000000500, 7.875740647047340600, 0.2507484938770950800 ) ) ;
#6852 = AXIS2_PLACEMENT_3D ( 'NONE', #6961, #3577, #211 ) ;
#6853 = AXIS2_PLACEMENT_3D ( 'NONE', #4487, #6747, #2235 ) ;
#6854 = LINE ( 'NONE', #4576, #2514 ) ;
#6855 = FILL_AREA_STYLE ('',( #4372 ) ) ;
#6856 = ORIENTED_EDGE ( 'NONE', *, *, #3257, .F. ) ;
#6857 = DIRECTION ( 'NONE',  ( -4.551305969182499400E-029, 0.0000000000000000000, 1.000000000000000000 ) ) ;
#6858 = EDGE_CURVE ( 'NONE', #7163, #3126, #96, .T. ) ;
#6859 = DIRECTION ( 'NONE',  ( 0.0000000000000000000, 0.0000000000000000000, 1.000000000000000000 ) ) ;
#6860 = FACE_OUTER_BOUND ( 'NONE', #1697, .T. ) ;
#6861 = PRESENTATION_LAYER_ASSIGNMENT (  '', '', ( #6484 ) ) ;
#6862 = COLOUR_RGB ( '',0.7529411764705882200, 0.7529411764705882200, 0.7529411764705882200 ) ;
#6863 = CARTESIAN_POINT ( 'NONE',  ( 12.07499999999999900, 6.650000000000000400, 1.600000000000000100 ) ) ;
#6864 = VERTEX_POINT ( 'NONE', #6734 ) ;
#6865 = DIRECTION ( 'NONE',  ( 0.0000000000000000000, -0.0000000000000000000, -1.000000000000000000 ) ) ;
#6866 = SURFACE_SIDE_STYLE ('',( #6287 ) ) ;
#6867 = DIRECTION ( 'NONE',  ( 1.632966780389950100E-028, 0.0000000000000000000, -1.000000000000000000 ) ) ;
#6868 =( NAMED_UNIT ( * ) SI_UNIT ( $, .STERADIAN. ) SOLID_ANGLE_UNIT ( ) );
#6869 = LINE ( 'NONE', #1331, #5390 ) ;
#6870 = ORIENTED_EDGE ( 'NONE', *, *, #1147, .T. ) ;
#6871 = VECTOR ( 'NONE', #7075, 1000.000000000000000 ) ;
#6872 = EDGE_CURVE ( 'NONE', #4270, #2417, #4404, .T. ) ;
#6873 = ORIENTED_EDGE ( 'NONE', *, *, #5759, .F. ) ;
#6874 = LINE ( 'NONE', #1980, #3871 ) ;
#6875 = AXIS2_PLACEMENT_3D ( 'NONE', #6172, #6680, #5864 ) ;
#6876 = DIRECTION ( 'NONE',  ( -2.640288016400939700E-029, 1.000000000000000000, -1.201675860940661900E-057 ) ) ;
#6877 = EDGE_LOOP ( 'NONE', ( #2258, #2046, #5128, #6828 ) ) ;
#6878 = UNCERTAINTY_MEASURE_WITH_UNIT (LENGTH_MEASURE( 1.000000000000000100E-005 ), #1900, 'distance_accuracy_value', 'NONE');
#6879 = VERTEX_POINT ( 'NONE', #564 ) ;
#6880 = CIRCLE ( 'NONE', #4380, 0.3499999999999999800 ) ;
#6881 = FILL_AREA_STYLE_COLOUR ( '', #680 ) ;
#6882 = FILL_AREA_STYLE_COLOUR ( '', #3222 ) ;
#6883 = ORIENTED_EDGE ( 'NONE', *, *, #454, .F. ) ;
#6884 = DIRECTION ( 'NONE',  ( -1.000000000000000000, -0.0000000000000000000, -0.0000000000000000000 ) ) ;
#6885 = DIRECTION ( 'NONE',  ( 0.0000000000000000000, 1.000000000000000000, -0.0000000000000000000 ) ) ;
#6886 = ADVANCED_FACE ( 'NONE', ( #5762 ), #1137, .F. ) ;
#6887 = ORIENTED_EDGE ( 'NONE', *, *, #1880, .T. ) ;
#6888 =( NAMED_UNIT ( * ) PLANE_ANGLE_UNIT ( ) SI_UNIT ( $, .RADIAN. ) );
#6889 = AXIS2_PLACEMENT_3D ( 'NONE', #918, #4859, #1478 ) ;
#6890 = CARTESIAN_POINT ( 'NONE',  ( 9.390000000000000600, 7.607142857142860300, 0.09444937400002460800 ) ) ;
#6891 = ORIENTED_EDGE ( 'NONE', *, *, #2939, .F. ) ;
#6892 = ORIENTED_EDGE ( 'NONE', *, *, #7271, .F. ) ;
#6893 = DIRECTION ( 'NONE',  ( 0.0000000000000000000, -1.000000000000000000, 0.0000000000000000000 ) ) ;
#6894 = CARTESIAN_POINT ( 'NONE',  ( 6.349999999999999600, -8.150000000000000400, -0.2499999999999999400 ) ) ;
#6895 = CARTESIAN_POINT ( 'NONE',  ( -8.390000000000000600, -9.000000000000001800, -0.2500000000000000000 ) ) ;
#6896 = SURFACE_SIDE_STYLE ('',( #2472 ) ) ;
#6897 = LINE ( 'NONE', #5337, #4698 ) ;
#6898 = AXIS2_PLACEMENT_3D ( 'NONE', #4134, #771, #4709 ) ;
#6899 = MECHANICAL_DESIGN_GEOMETRIC_PRESENTATION_REPRESENTATION (  '', ( #5800 ), #7268 ) ;
#6900 = DIRECTION ( 'NONE',  ( 1.000000000000000000, 0.0000000000000000000, 0.0000000000000000000 ) ) ;
#6901 = COLOUR_RGB ( '',0.7529411764705882200, 0.7529411764705882200, 0.7529411764705882200 ) ;
#6902 = CARTESIAN_POINT ( 'NONE',  ( -8.890000000000000600, 8.150000000000000400, 0.3499999999999999800 ) ) ;
#6903 = EDGE_CURVE ( 'NONE', #6162, #3505, #897, .T. ) ;
#6904 = VERTEX_POINT ( 'NONE', #5096 ) ;
#6905 = DIRECTION ( 'NONE',  ( 1.000000000000000000, 0.0000000000000000000, 0.0000000000000000000 ) ) ;
#6906 = ORIENTED_EDGE ( 'NONE', *, *, #1719, .F. ) ;
#6907 =( GEOMETRIC_REPRESENTATION_CONTEXT ( 3 ) GLOBAL_UNCERTAINTY_ASSIGNED_CONTEXT ( ( #1219 ) ) GLOBAL_UNIT_ASSIGNED_CONTEXT ( ( #2507, #1401, #268 ) ) REPRESENTATION_CONTEXT ( 'NONE', 'WORKASPACE' ) );
#6908 = CARTESIAN_POINT ( 'NONE',  ( -8.890000000000000600, 7.099999999999999600, 0.9499999999999999600 ) ) ;
#6909 = FILL_AREA_STYLE ('',( #5812 ) ) ;
#6910 =( LENGTH_UNIT ( ) NAMED_UNIT ( * ) SI_UNIT ( .MILLI., .METRE. ) );
#6911 = CLOSED_SHELL ( 'NONE', ( #4010, #3868, #4041, #407, #1704, #3584, #1075, #1815, #1555, #5124, #5318, #437, #1670, #576, #4712, #3477, #6248, #6346, #3794, #2468, #5239, #5917, #6208, #3756, #1882, #7161, #1003, #2106, #2876, #1136, #4987, #4528, #1354, #128, #2844, #5815, #5528, #4186, #3625, #1035, #4605, #1952, #5080, #6962, #4425, #685, #4913, #5623, #6817, #160, #3066, #2706, #2232, #613, #5194, #4352, #2774, #4482, #5161, #199, #5491, #6157, #5049, #6281, #1387, #3828, #5848, #962, #1616, #5697, #3517, #4679, #281, #3363, #1776, #4640, #3030, #6382, #7030, #2135, #3309, #2277, #4750, #4949, #3278, #21, #2916, #5883, #515, #2198, #650, #840, #5561, #6674, #3399, #1284, #7000, #4384, #7227, #2667, #5735, #3552, #4147, #2073, #539, #1742, #2386, #5280, #6848, #6773, #2351, #6319, #3965, #4076, #58, #7285, #1205, #3930, #6120, #243, #2953, #3435, #1318, #2315, #2805, #5776, #6886, #723, #4113, #2423, #7192, #479 ) ) ;
#6912 = ORIENTED_EDGE ( 'NONE', *, *, #2971, .T. ) ;
#6913 = VERTEX_POINT ( 'NONE', #5682 ) ;
#6914 = DIRECTION ( 'NONE',  ( 0.0000000000000000000, -1.000000000000000000, 3.488060345846600000E-028 ) ) ;
#6915 = VECTOR ( 'NONE', #4480, 1000.000000000000000 ) ;
#6916 = ORIENTED_EDGE ( 'NONE', *, *, #5628, .T. ) ;
#6917 = PRESENTATION_STYLE_ASSIGNMENT (( #5242 ) ) ;
#6918 = EDGE_CURVE ( 'NONE', #1568, #7196, #3688, .T. ) ;
#6919 = MECHANICAL_DESIGN_GEOMETRIC_PRESENTATION_REPRESENTATION (  '', ( #5821 ), #7284 ) ;
#6920 = SURFACE_STYLE_USAGE ( .BOTH. , #6866 ) ;
#6921 = PRESENTATION_LAYER_ASSIGNMENT (  '', '', ( #6189 ) ) ;
#6922 = CARTESIAN_POINT ( 'NONE',  ( -11.30000000000000100, 6.049999999999999800, 2.799999999999999800 ) ) ;
#6923 = EDGE_LOOP ( 'NONE', ( #6393, #658, #6284, #6233 ) ) ;
#6924 = CARTESIAN_POINT ( 'NONE',  ( 11.30000000000000100, -6.250000000000000000, 1.600000000000000100 ) ) ;
#6925 = CYLINDRICAL_SURFACE ( 'NONE', #4, 0.5000000000000004400 ) ;
#6927 = ADVANCED_FACE ( 'NONE', ( #5214 ), #6013, .T. ) ;
#6926 = VERTEX_POINT ( 'NONE', #2249 ) ;
#6928 = ORIENTED_EDGE ( 'NONE', *, *, #2750, .T. ) ;
#6929 = DIRECTION ( 'NONE',  ( -1.000000000000000000, -0.0000000000000000000, -0.0000000000000000000 ) ) ;
#6930 = EDGE_LOOP ( 'NONE', ( #1094, #4007, #476, #838 ) ) ;
#6931 = LINE ( 'NONE', #4671, #5447 ) ;
#6932 = DIRECTION ( 'NONE',  ( -1.000000000000000000, -1.776356839400250100E-016, 0.0000000000000000000 ) ) ;
#6933 = SURFACE_STYLE_FILL_AREA ( #6721 ) ;
#6934 = LINE ( 'NONE', #4693, #942 ) ;
#6935 = CARTESIAN_POINT ( 'NONE',  ( 9.390000000000000600, -7.875740647047340600, 0.9500000000000000700 ) ) ;
#6936 = AXIS2_PLACEMENT_3D ( 'NONE', #6672, #3293, #7243 ) ;
#6937 = LINE ( 'NONE', #629, #6746 ) ;
#6938 = DIRECTION ( 'NONE',  ( -1.000000000000000000, 0.0000000000000000000, -0.0000000000000000000 ) ) ;
#6939 = CARTESIAN_POINT ( 'NONE',  ( -8.390000000000000600, 7.607142857142860300, 0.09444937400002460800 ) ) ;
#6940 = FILL_AREA_STYLE_COLOUR ( '', #91 ) ;
#6941 = ORIENTED_EDGE ( 'NONE', *, *, #2385, .T. ) ;
#6942 =( NAMED_UNIT ( * ) SI_UNIT ( $, .STERADIAN. ) SOLID_ANGLE_UNIT ( ) );
#6943 = CARTESIAN_POINT ( 'NONE',  ( 8.890000000000000600, -9.000000000000001800, -0.2500000000000000000 ) ) ;
#6944 = VERTEX_POINT ( 'NONE', #4579 ) ;
#6945 = CYLINDRICAL_SURFACE ( 'NONE', #1553, 0.2000000000000000100 ) ;
#6946 = STYLED_ITEM ( 'NONE', ( #5258 ), #4041 ) ;
#6947 = DIRECTION ( 'NONE',  ( 0.0000000000000000000, 0.0000000000000000000, 1.000000000000000000 ) ) ;
#6948 =( NAMED_UNIT ( * ) SI_UNIT ( $, .STERADIAN. ) SOLID_ANGLE_UNIT ( ) );
#6949 = EDGE_CURVE ( 'NONE', #56, #6864, #2353, .T. ) ;
#6950 = SURFACE_SIDE_STYLE ('',( #6695 ) ) ;
#6951 = ORIENTED_EDGE ( 'NONE', *, *, #387, .F. ) ;
#6952 = CARTESIAN_POINT ( 'NONE',  ( 6.850000000000000500, -7.099999999999999600, 0.9500000000000000700 ) ) ;
#6953 = LINE ( 'NONE', #3990, #2427 ) ;
#6954 = DIRECTION ( 'NONE',  ( 0.0000000000000000000, 0.0000000000000000000, 1.000000000000000000 ) ) ;
#6955 =( GEOMETRIC_REPRESENTATION_CONTEXT ( 3 ) GLOBAL_UNCERTAINTY_ASSIGNED_CONTEXT ( ( #7047 ) ) GLOBAL_UNIT_ASSIGNED_CONTEXT ( ( #101, #4038, #670 ) ) REPRESENTATION_CONTEXT ( 'NONE', 'WORKASPACE' ) );
#6956 = SURFACE_SIDE_STYLE ('',( #6595 ) ) ;
#6957 = FILL_AREA_STYLE ('',( #6378 ) ) ;
#6958 = SURFACE_STYLE_FILL_AREA ( #7186 ) ;
#6959 = ORIENTED_EDGE ( 'NONE', *, *, #2253, .T. ) ;
#6960 = SURFACE_STYLE_USAGE ( .BOTH. , #3004 ) ;
#6961 = CARTESIAN_POINT ( 'NONE',  ( -8.589999999999999900, -4.955000000000000100, 4.599999999999999600 ) ) ;
#6962 = ADVANCED_FACE ( 'NONE', ( #181 ), #635, .T. ) ;
#6963 = EDGE_CURVE ( 'NONE', #3674, #2965, #3962, .T. ) ;
#6964 = DIRECTION ( 'NONE',  ( -1.393726859448460000E-028, -1.000000000000000000, -2.275909662416548100E-056 ) ) ;
#6965 = PRESENTATION_LAYER_ASSIGNMENT (  '', '', ( #6223 ) ) ;
#6966 = COLOUR_RGB ( '',0.7529411764705882200, 0.7529411764705882200, 0.7529411764705882200 ) ;
#6967 = VERTEX_POINT ( 'NONE', #2326 ) ;
#6968 =( GEOMETRIC_REPRESENTATION_CONTEXT ( 3 ) GLOBAL_UNCERTAINTY_ASSIGNED_CONTEXT ( ( #1419 ) ) GLOBAL_UNIT_ASSIGNED_CONTEXT ( ( #5422, #2000, #5990 ) ) REPRESENTATION_CONTEXT ( 'NONE', 'WORKASPACE' ) );
#6969 = FILL_AREA_STYLE_COLOUR ( '', #3027 ) ;
#6970 = SURFACE_SIDE_STYLE ('',( #5503 ) ) ;
#6971 = DIRECTION ( 'NONE',  ( 1.000000000000000000, 0.0000000000000000000, -0.0000000000000000000 ) ) ;
#6972 = ORIENTED_EDGE ( 'NONE', *, *, #2681, .T. ) ;
#6973 = EDGE_CURVE ( 'NONE', #6879, #3525, #2441, .T. ) ;
#6974 =( GEOMETRIC_REPRESENTATION_CONTEXT ( 3 ) GLOBAL_UNCERTAINTY_ASSIGNED_CONTEXT ( ( #4046 ) ) GLOBAL_UNIT_ASSIGNED_CONTEXT ( ( #1264, #1223, #1210 ) ) REPRESENTATION_CONTEXT ( 'NONE', 'WORKASPACE' ) );
#6975 = CARTESIAN_POINT ( 'NONE',  ( -8.890000000000000600, -7.099999999999999600, 0.9499999999999999600 ) ) ;
#6976 = SURFACE_STYLE_FILL_AREA ( #6794 ) ;
#6977 = CARTESIAN_POINT ( 'NONE',  ( -6.037499999999999600, 6.850000000000000500, 0.2000000000000000100 ) ) ;
#6978 = PRESENTATION_LAYER_ASSIGNMENT (  '', '', ( #6244 ) ) ;
#6979 = CARTESIAN_POINT ( 'NONE',  ( 8.390000000000000600, 7.607142857142860300, 0.09444937400002460800 ) ) ;
#6980 = SURFACE_STYLE_FILL_AREA ( #4858 ) ;
#6981 = VECTOR ( 'NONE', #1337, 1000.000000000000000 ) ;
#6982 = CARTESIAN_POINT ( 'NONE',  ( 5.850000000000000500, 7.607142857142859400, 0.09444937400002442800 ) ) ;
#6983 = FACE_OUTER_BOUND ( 'NONE', #6394, .T. ) ;
#6984 = CARTESIAN_POINT ( 'NONE',  ( -12.07499999999999900, 6.650000000000001200, 0.1999999999999999800 ) ) ;
#6985 = ORIENTED_EDGE ( 'NONE', *, *, #4497, .T. ) ;
#6986 = VERTEX_POINT ( 'NONE', #6320 ) ;
#6987 = LINE ( 'NONE', #1367, #5508 ) ;
#6988 = CARTESIAN_POINT ( 'NONE',  ( -12.07500000000000100, -6.767157287525380500, 0.1313708498976416900 ) ) ;
#6989 = FILL_AREA_STYLE ('',( #4725 ) ) ;
#6990 = STYLED_ITEM ( 'NONE', ( #2789 ), #3584 ) ;
#6991 = FACE_OUTER_BOUND ( 'NONE', #756, .T. ) ;
#6992 = DIRECTION ( 'NONE',  ( 0.0000000000000000000, 1.000000000000000000, 0.0000000000000000000 ) ) ;
#6993 = ORIENTED_EDGE ( 'NONE', *, *, #3448, .F. ) ;
#6994 = DIRECTION ( 'NONE',  ( 1.000000000000000000, -0.0000000000000000000, 0.0000000000000000000 ) ) ;
#6995 = PRESENTATION_STYLE_ASSIGNMENT (( #242 ) ) ;
#6996 =( NAMED_UNIT ( * ) SI_UNIT ( $, .STERADIAN. ) SOLID_ANGLE_UNIT ( ) );
#6997 = DIRECTION ( 'NONE',  ( 0.0000000000000000000, 0.0000000000000000000, 1.000000000000000000 ) ) ;
#6998 = PRESENTATION_STYLE_ASSIGNMENT (( #1966 ) ) ;
#6999 = AXIS2_PLACEMENT_3D ( 'NONE', #90, #4031, #662 ) ;
#7000 = ADVANCED_FACE ( 'NONE', ( #977 ), #118, .T. ) ;
#7001 =( LENGTH_UNIT ( ) NAMED_UNIT ( * ) SI_UNIT ( .MILLI., .METRE. ) );
#7002 = SURFACE_STYLE_USAGE ( .BOTH. , #5343 ) ;
#7003 = ORIENTED_EDGE ( 'NONE', *, *, #3131, .T. ) ;
#7004 = ORIENTED_EDGE ( 'NONE', *, *, #3069, .F. ) ;
#7005 = LINE ( 'NONE', #672, #3817 ) ;
#7006 = DIRECTION ( 'NONE',  ( 0.0000000000000000000, -1.000000000000000000, -0.0000000000000000000 ) ) ;
#7007 = EDGE_CURVE ( 'NONE', #6481, #3425, #1916, .T. ) ;
#7008 = ORIENTED_EDGE ( 'NONE', *, *, #2236, .F. ) ;
#7009 = EDGE_CURVE ( 'NONE', #6864, #6347, #6277, .T. ) ;
#7010 = SURFACE_STYLE_USAGE ( .BOTH. , #6956 ) ;
#7011 = AXIS2_PLACEMENT_3D ( 'NONE', #4994, #4965, #4939 ) ;
#7012 =( NAMED_UNIT ( * ) PLANE_ANGLE_UNIT ( ) SI_UNIT ( $, .RADIAN. ) );
#7013 = VECTOR ( 'NONE', #3811, 1000.000000000000000 ) ;
#7014 = CARTESIAN_POINT ( 'NONE',  ( 6.650000000000000400, -4.955000000000000100, 4.599999999999999600 ) ) ;
#7015 = ORIENTED_EDGE ( 'NONE', *, *, #3448, .T. ) ;
#7016 = EDGE_CURVE ( 'NONE', #1903, #5871, #4764, .T. ) ;
#7017 = AXIS2_PLACEMENT_3D ( 'NONE', #7296, #954, #1727 ) ;
#7018 = VERTEX_POINT ( 'NONE', #5817 ) ;
#7019 = CARTESIAN_POINT ( 'NONE',  ( 11.30000000000000100, 6.249999999999997300, 1.600000000000000100 ) ) ;
#7020 = STYLED_ITEM ( 'NONE', ( #6591 ), #2386 ) ;
#7021 = DIRECTION ( 'NONE',  ( 0.0000000000000000000, -0.9047619047619067700, 0.4259177099999558700 ) ) ;
#7022 = FILL_AREA_STYLE_COLOUR ( '', #1685 ) ;
#7023 = DIRECTION ( 'NONE',  ( -1.000000000000000000, -0.0000000000000000000, -0.0000000000000000000 ) ) ;
#7024 = DIRECTION ( 'NONE',  ( 1.000000000000000000, 0.0000000000000000000, 0.0000000000000000000 ) ) ;
#7025 = FACE_OUTER_BOUND ( 'NONE', #2535, .T. ) ;
#7026 = CARTESIAN_POINT ( 'NONE',  ( 9.390000000000000600, 5.205000000000000100, 2.799999999999999800 ) ) ;
#7027 = ORIENTED_EDGE ( 'NONE', *, *, #2796, .T. ) ;
#7028 =( LENGTH_UNIT ( ) NAMED_UNIT ( * ) SI_UNIT ( .MILLI., .METRE. ) );
#7029 = DIRECTION ( 'NONE',  ( 0.0000000000000000000, 1.000000000000000000, 3.488060345846600000E-028 ) ) ;
#7030 = ADVANCED_FACE ( 'NONE', ( #436 ), #4048, .T. ) ;
#7031 = VERTEX_POINT ( 'NONE', #767 ) ;
#7032 = ORIENTED_EDGE ( 'NONE', *, *, #6625, .F. ) ;
#7033 = PRODUCT_DEFINITION_SHAPE ( 'NONE', 'NONE',  #2451 ) ;
#7034 =( NAMED_UNIT ( * ) SI_UNIT ( $, .STERADIAN. ) SOLID_ANGLE_UNIT ( ) );
#7035 = AXIS2_PLACEMENT_3D ( 'NONE', #1215, #5157, #1766 ) ;
#7036 = SURFACE_SIDE_STYLE ('',( #6830 ) ) ;
#7037 = UNCERTAINTY_MEASURE_WITH_UNIT (LENGTH_MEASURE( 1.000000000000000100E-005 ), #6603, 'distance_accuracy_value', 'NONE');
#7038 = CARTESIAN_POINT ( 'NONE',  ( 12.07500000000000100, -6.649999999999998600, 0.1999999999999999800 ) ) ;
#7039 = DIRECTION ( 'NONE',  ( 0.0000000000000000000, 0.0000000000000000000, 1.000000000000000000 ) ) ;
#7040 = LINE ( 'NONE', #3252, #5566 ) ;
#7041 = LINE ( 'NONE', #2742, #1230 ) ;
#7042 = DIRECTION ( 'NONE',  ( 4.551305969182499400E-029, 0.0000000000000000000, -1.000000000000000000 ) ) ;
#7043 = COLOUR_RGB ( '',0.7529411764705882200, 0.7529411764705882200, 0.7529411764705882200 ) ;
#7044 = EDGE_CURVE ( 'NONE', #3505, #286, #7046, .T. ) ;
#7045 = ORIENTED_EDGE ( 'NONE', *, *, #1928, .T. ) ;
#7046 = LINE ( 'NONE', #4126, #2525 ) ;
#7048 = PRESENTATION_LAYER_ASSIGNMENT (  '', '', ( #35 ) ) ;
#7047 = UNCERTAINTY_MEASURE_WITH_UNIT (LENGTH_MEASURE( 1.000000000000000100E-005 ), #101, 'distance_accuracy_value', 'NONE');
#7049 = ORIENTED_EDGE ( 'NONE', *, *, #2973, .T. ) ;
#7050 = PRESENTATION_STYLE_ASSIGNMENT (( #299 ) ) ;
#7051 = PLANE ( 'NONE',  #4683 ) ;
#7052 =( GEOMETRIC_REPRESENTATION_CONTEXT ( 3 ) GLOBAL_UNCERTAINTY_ASSIGNED_CONTEXT ( ( #5207 ) ) GLOBAL_UNIT_ASSIGNED_CONTEXT ( ( #2611, #6570, #3191 ) ) REPRESENTATION_CONTEXT ( 'NONE', 'WORKASPACE' ) );
#7053 = VERTEX_POINT ( 'NONE', #2424 ) ;
#7054 = STYLED_ITEM ( 'NONE', ( #3503 ), #7161 ) ;
#7055 =( LENGTH_UNIT ( ) NAMED_UNIT ( * ) SI_UNIT ( .MILLI., .METRE. ) );
#7056 = VERTEX_POINT ( 'NONE', #5862 ) ;
#7057 =( NAMED_UNIT ( * ) SI_UNIT ( $, .STERADIAN. ) SOLID_ANGLE_UNIT ( ) );
#7058 = EDGE_LOOP ( 'NONE', ( #42, #4814, #1287, #1140 ) ) ;
#7059 = LINE ( 'NONE', #3488, #1072 ) ;
#7060 =( LENGTH_UNIT ( ) NAMED_UNIT ( * ) SI_UNIT ( .MILLI., .METRE. ) );
#7061 = UNCERTAINTY_MEASURE_WITH_UNIT (LENGTH_MEASURE( 1.000000000000000100E-005 ), #3275, 'distance_accuracy_value', 'NONE');
#7062 = PRESENTATION_LAYER_ASSIGNMENT (  '', '', ( #6323 ) ) ;
#7063 = VECTOR ( 'NONE', #6492, 1000.000000000000000 ) ;
#7064 = PRESENTATION_LAYER_ASSIGNMENT (  '', '', ( #6671 ) ) ;
#7065 = ORIENTED_EDGE ( 'NONE', *, *, #7106, .F. ) ;
#7066 = CYLINDRICAL_SURFACE ( 'NONE', #917, 0.5999999999999999800 ) ;
#7067 =( NAMED_UNIT ( * ) SI_UNIT ( $, .STERADIAN. ) SOLID_ANGLE_UNIT ( ) );
#7068 = PRESENTATION_STYLE_ASSIGNMENT (( #7272 ) ) ;
#7069 = CARTESIAN_POINT ( 'NONE',  ( 11.87500000000000200, -6.767157287525337000, 8.673617379884034500E-016 ) ) ;
#7070 = CARTESIAN_POINT ( 'NONE',  ( 5.850000000000000500, 7.099999999999999600, 0.3499999999999999800 ) ) ;
#7071 = DIRECTION ( 'NONE',  ( 1.213057269022220100E-060, -1.000000000000000000, 0.0000000000000000000 ) ) ;
#7072 =( NAMED_UNIT ( * ) SI_UNIT ( $, .STERADIAN. ) SOLID_ANGLE_UNIT ( ) );
#7073 = ORIENTED_EDGE ( 'NONE', *, *, #499, .T. ) ;
#7074 = ORIENTED_EDGE ( 'NONE', *, *, #4449, .F. ) ;
#7075 = DIRECTION ( 'NONE',  ( 1.393726859448460000E-028, 1.000000000000000000, 2.275909662416548100E-056 ) ) ;
#7076 = COLOUR_RGB ( '',0.7529411764705882200, 0.7529411764705882200, 0.7529411764705882200 ) ;
#7077 = PRESENTATION_LAYER_ASSIGNMENT (  '', '', ( #6685 ) ) ;
#7078 = LINE ( 'NONE', #1338, #5413 ) ;
#7079 = DIRECTION ( 'NONE',  ( 0.0000000000000000000, -1.000000000000000000, 3.488060345846600000E-028 ) ) ;
#7080 = PRESENTATION_STYLE_ASSIGNMENT (( #5595 ) ) ;
#7081 = DIRECTION ( 'NONE',  ( 0.0000000000000000000, 0.0000000000000000000, -1.000000000000000000 ) ) ;
#7082 = ORIENTED_EDGE ( 'NONE', *, *, #203, .T. ) ;
#7083 = LINE ( 'NONE', #385, #5421 ) ;
#7084 = CARTESIAN_POINT ( 'NONE',  ( 5.850000000000001400, 6.850000000000000500, 0.0000000000000000000 ) ) ;
#7085 = STYLED_ITEM ( 'NONE', ( #5903 ), #3930 ) ;
#7086 = ORIENTED_EDGE ( 'NONE', *, *, #4291, .T. ) ;
#7087 =( NAMED_UNIT ( * ) PLANE_ANGLE_UNIT ( ) SI_UNIT ( $, .RADIAN. ) );
#7088 = ORIENTED_EDGE ( 'NONE', *, *, #4741, .F. ) ;
#7089 = EDGE_LOOP ( 'NONE', ( #951, #2498, #422, #391 ) ) ;
#7090 = CARTESIAN_POINT ( 'NONE',  ( 6.349999999999999600, 7.099999999999999600, 0.6999999999999999600 ) ) ;
#7091 =( NAMED_UNIT ( * ) PLANE_ANGLE_UNIT ( ) SI_UNIT ( $, .RADIAN. ) );
#7092 =( NAMED_UNIT ( * ) PLANE_ANGLE_UNIT ( ) SI_UNIT ( $, .RADIAN. ) );
#7093 = SURFACE_STYLE_USAGE ( .BOTH. , #3139 ) ;
#7094 = VERTEX_POINT ( 'NONE', #4703 ) ;
#7095 = FILL_AREA_STYLE ('',( #1458 ) ) ;
#7096 = ORIENTED_EDGE ( 'NONE', *, *, #4320, .F. ) ;
#7097 = CYLINDRICAL_SURFACE ( 'NONE', #1741, 0.5999999999999999800 ) ;
#7098 = CIRCLE ( 'NONE', #3364, 0.5999999999999999800 ) ;
#7099 = MECHANICAL_DESIGN_GEOMETRIC_PRESENTATION_REPRESENTATION (  '', ( #5609 ), #153 ) ;
#7100 =( GEOMETRIC_REPRESENTATION_CONTEXT ( 3 ) GLOBAL_UNCERTAINTY_ASSIGNED_CONTEXT ( ( #2932 ) ) GLOBAL_UNIT_ASSIGNED_CONTEXT ( ( #3193, #7135, #3755 ) ) REPRESENTATION_CONTEXT ( 'NONE', 'WORKASPACE' ) );
#7101 = ORIENTED_EDGE ( 'NONE', *, *, #3069, .T. ) ;
#7102 = DIRECTION ( 'NONE',  ( 0.0000000000000000000, -1.000000000000000000, 0.0000000000000000000 ) ) ;
#7103 = COLOUR_RGB ( '',0.7529411764705882200, 0.7529411764705882200, 0.7529411764705882200 ) ;
#7104 = VERTEX_POINT ( 'NONE', #3005 ) ;
#7105 = VERTEX_POINT ( 'NONE', #1870 ) ;
#7106 = EDGE_CURVE ( 'NONE', #6050, #1568, #6869, .T. ) ;
#7107 =( NAMED_UNIT ( * ) PLANE_ANGLE_UNIT ( ) SI_UNIT ( $, .RADIAN. ) );
#7108 = STYLED_ITEM ( 'NONE', ( #1632 ), #1670 ) ;
#7109 = UNCERTAINTY_MEASURE_WITH_UNIT (LENGTH_MEASURE( 1.000000000000000100E-005 ), #2929, 'distance_accuracy_value', 'NONE');
#7110 = PLANE ( 'NONE',  #1638 ) ;
#7111 = FACE_OUTER_BOUND ( 'NONE', #3556, .T. ) ;
#7112 = DIRECTION ( 'NONE',  ( -1.000000000000000000, 0.0000000000000000000, -0.0000000000000000000 ) ) ;
#7113 =( GEOMETRIC_REPRESENTATION_CONTEXT ( 3 ) GLOBAL_UNCERTAINTY_ASSIGNED_CONTEXT ( ( #6646 ) ) GLOBAL_UNIT_ASSIGNED_CONTEXT ( ( #3576, #210, #4145 ) ) REPRESENTATION_CONTEXT ( 'NONE', 'WORKASPACE' ) );
#7114 = VECTOR ( 'NONE', #1417, 1000.000000000000000 ) ;
#7115 = SURFACE_STYLE_USAGE ( .BOTH. , #3156 ) ;
#7116 = DIRECTION ( 'NONE',  ( -0.0000000000000000000, -0.0000000000000000000, -1.000000000000000000 ) ) ;
#7117 = EDGE_CURVE ( 'NONE', #4985, #6065, #1059, .T. ) ;
#7118 = CARTESIAN_POINT ( 'NONE',  ( 5.850000000000000500, -7.875740647047340600, 0.2507484938770950800 ) ) ;
#7119 =( GEOMETRIC_REPRESENTATION_CONTEXT ( 3 ) GLOBAL_UNCERTAINTY_ASSIGNED_CONTEXT ( ( #2946 ) ) GLOBAL_UNIT_ASSIGNED_CONTEXT ( ( #3579, #3535, #3507 ) ) REPRESENTATION_CONTEXT ( 'NONE', 'WORKASPACE' ) );
#7120 =( LENGTH_UNIT ( ) NAMED_UNIT ( * ) SI_UNIT ( .MILLI., .METRE. ) );
#7121 = VERTEX_POINT ( 'NONE', #1452 ) ;
#7122 = DIRECTION ( 'NONE',  ( -0.0000000000000000000, -0.0000000000000000000, -1.000000000000000000 ) ) ;
#7123 = FILL_AREA_STYLE ('',( #6550 ) ) ;
#7124 = AXIS2_PLACEMENT_3D ( 'NONE', #5541, #2109, #6107 ) ;
#7125 = ORIENTED_EDGE ( 'NONE', *, *, #5236, .F. ) ;
#7126 = DIRECTION ( 'NONE',  ( 1.000000000000000000, 0.0000000000000000000, 0.0000000000000000000 ) ) ;
#7127 = VECTOR ( 'NONE', #5098, 1000.000000000000000 ) ;
#7128 = UNCERTAINTY_MEASURE_WITH_UNIT (LENGTH_MEASURE( 1.000000000000000100E-005 ), #5296, 'distance_accuracy_value', 'NONE');
#7129 = PLANE ( 'NONE',  #3411 ) ;
#7130 = COLOUR_RGB ( '',0.7529411764705882200, 0.7529411764705882200, 0.7529411764705882200 ) ;
#7131 = DIRECTION ( 'NONE',  ( 0.0000000000000000000, 0.0000000000000000000, 1.000000000000000000 ) ) ;
#7132 =( LENGTH_UNIT ( ) NAMED_UNIT ( * ) SI_UNIT ( .MILLI., .METRE. ) );
#7133 =( GEOMETRIC_REPRESENTATION_CONTEXT ( 3 ) GLOBAL_UNCERTAINTY_ASSIGNED_CONTEXT ( ( #1999 ) ) GLOBAL_UNIT_ASSIGNED_CONTEXT ( ( #6683, #3306, #7251 ) ) REPRESENTATION_CONTEXT ( 'NONE', 'WORKASPACE' ) );
#7134 = PLANE ( 'NONE',  #6581 ) ;
#7135 =( NAMED_UNIT ( * ) PLANE_ANGLE_UNIT ( ) SI_UNIT ( $, .RADIAN. ) );
#7136 = EDGE_CURVE ( 'NONE', #5963, #3425, #2704, .T. ) ;
#7137 = CARTESIAN_POINT ( 'NONE',  ( 6.349999999999999600, -7.099999999999999600, 0.9499999999999999600 ) ) ;
#7138 = VECTOR ( 'NONE', #4943, 1000.000000000000000 ) ;
#7139 = EDGE_CURVE ( 'NONE', #7018, #7201, #3865, .T. ) ;
#7140 = EDGE_CURVE ( 'NONE', #7201, #3381, #888, .T. ) ;
#7141 =( GEOMETRIC_REPRESENTATION_CONTEXT ( 3 ) GLOBAL_UNCERTAINTY_ASSIGNED_CONTEXT ( ( #3725 ) ) GLOBAL_UNIT_ASSIGNED_CONTEXT ( ( #5455, #3876, #3901 ) ) REPRESENTATION_CONTEXT ( 'NONE', 'WORKASPACE' ) );
#7142 = ORIENTED_EDGE ( 'NONE', *, *, #1702, .F. ) ;
#7143 =( NAMED_UNIT ( * ) SI_UNIT ( $, .STERADIAN. ) SOLID_ANGLE_UNIT ( ) );
#7144 = LINE ( 'NONE', #3826, #1340 ) ;
#7145 = AXIS2_PLACEMENT_3D ( 'NONE', #2216, #6213, #2798 ) ;
#7146 = VECTOR ( 'NONE', #4492, 1000.000000000000000 ) ;
#7147 = DIRECTION ( 'NONE',  ( 1.000000000000000000, 0.0000000000000000000, -0.0000000000000000000 ) ) ;
#7148 = EDGE_CURVE ( 'NONE', #3104, #4817, #5574, .T. ) ;
#7149 =( GEOMETRIC_REPRESENTATION_CONTEXT ( 3 ) GLOBAL_UNCERTAINTY_ASSIGNED_CONTEXT ( ( #665 ) ) GLOBAL_UNIT_ASSIGNED_CONTEXT ( ( #2045, #2027, #2021 ) ) REPRESENTATION_CONTEXT ( 'NONE', 'WORKASPACE' ) );
#7150 = FACE_OUTER_BOUND ( 'NONE', #844, .T. ) ;
#7151 = STYLED_ITEM ( 'NONE', ( #6231 ), #2277 ) ;
#7152 =( NAMED_UNIT ( * ) PLANE_ANGLE_UNIT ( ) SI_UNIT ( $, .RADIAN. ) );
#7153 = EDGE_LOOP ( 'NONE', ( #1370, #5664, #7210, #6883 ) ) ;
#7154 = SURFACE_STYLE_USAGE ( .BOTH. , #7219 ) ;
#7155 = ORIENTED_EDGE ( 'NONE', *, *, #5515, .F. ) ;
#7156 = VECTOR ( 'NONE', #1579, 1000.000000000000000 ) ;
#7157 = CARTESIAN_POINT ( 'NONE',  ( 6.650000000000000400, 5.080000000000000100, 4.599999999999999600 ) ) ;
#7158 = COLOUR_RGB ( '',0.7529411764705882200, 0.7529411764705882200, 0.7529411764705882200 ) ;
#7159 = DIRECTION ( 'NONE',  ( 0.0000000000000000000, 0.0000000000000000000, 1.000000000000000000 ) ) ;
#7160 = FILL_AREA_STYLE_COLOUR ( '', #2544 ) ;
#7161 = ADVANCED_FACE ( 'NONE', ( #6686 ), #2579, .T. ) ;
#7162 = UNCERTAINTY_MEASURE_WITH_UNIT (LENGTH_MEASURE( 1.000000000000000100E-005 ), #3484, 'distance_accuracy_value', 'NONE');
#7163 = VERTEX_POINT ( 'NONE', #911 ) ;
#7164 = DIRECTION ( 'NONE',  ( 0.0000000000000000000, 0.4259177099999590900, 0.9047619047619052100 ) ) ;
#7165 = VECTOR ( 'NONE', #3815, 1000.000000000000000 ) ;
#7166 = STYLED_ITEM ( 'NONE', ( #3786 ), #3030 ) ;
#7167 =( NAMED_UNIT ( * ) SI_UNIT ( $, .STERADIAN. ) SOLID_ANGLE_UNIT ( ) );
#7168 = SURFACE_STYLE_FILL_AREA ( #2032 ) ;
#7169 = ORIENTED_EDGE ( 'NONE', *, *, #3115, .F. ) ;
#7170 = CARTESIAN_POINT ( 'NONE',  ( 11.87500000000000000, -6.650000000000000400, 0.2000000000000000100 ) ) ;
#7171 = ORIENTED_EDGE ( 'NONE', *, *, #2733, .F. ) ;
#7172 = EDGE_LOOP ( 'NONE', ( #5991, #2466, #843, #4962 ) ) ;
#7173 = ORIENTED_EDGE ( 'NONE', *, *, #7007, .T. ) ;
#7174 = LINE ( 'NONE', #3617, #4222 ) ;
#7175 = PRESENTATION_LAYER_ASSIGNMENT (  '', '', ( #6805 ) ) ;
#7176 = ORIENTED_EDGE ( 'NONE', *, *, #5077, .F. ) ;
#7177 = PLANE ( 'NONE',  #350 ) ;
#7178 = CARTESIAN_POINT ( 'NONE',  ( 8.589999999999999900, 5.205000000000000100, 2.799999999999999800 ) ) ;
#7179 = PRESENTATION_STYLE_ASSIGNMENT (( #6112 ) ) ;
#7180 = EDGE_CURVE ( 'NONE', #4935, #286, #3953, .T. ) ;
#7181 =( NAMED_UNIT ( * ) PLANE_ANGLE_UNIT ( ) SI_UNIT ( $, .RADIAN. ) );
#7182 = VERTEX_POINT ( 'NONE', #2609 ) ;
#7183 = DIRECTION ( 'NONE',  ( 0.0000000000000000000, 0.0000000000000000000, -1.000000000000000000 ) ) ;
#7184 = VERTEX_POINT ( 'NONE', #5994 ) ;
#7185 = STYLED_ITEM ( 'NONE', ( #1668 ), #6962 ) ;
#7186 = FILL_AREA_STYLE ('',( #3782 ) ) ;
#7187 = CARTESIAN_POINT ( 'NONE',  ( -12.07499999999999900, -6.650000000000000400, 7.599999999999999600 ) ) ;
#7188 = LINE ( 'NONE', #1246, #2131 ) ;
#7189 = EDGE_CURVE ( 'NONE', #7105, #7031, #6775, .T. ) ;
#7190 = PRESENTATION_LAYER_ASSIGNMENT (  '', '', ( #6090 ) ) ;
#7191 = PLANE ( 'NONE',  #7301 ) ;
#7192 = ADVANCED_FACE ( 'NONE', ( #2433 ), #4900, .T. ) ;
#7193 = PLANE ( 'NONE',  #270 ) ;
#7194 = COLOUR_RGB ( '',0.7529411764705882200, 0.7529411764705882200, 0.7529411764705882200 ) ;
#7195 = STYLED_ITEM ( 'NONE', ( #1912 ), #6346 ) ;
#7196 = VERTEX_POINT ( 'NONE', #5478 ) ;
#7197 = SURFACE_STYLE_USAGE ( .BOTH. , #3258 ) ;
#7198 = VERTEX_POINT ( 'NONE', #5504 ) ;
#7199 = FILL_AREA_STYLE ('',( #6639 ) ) ;
#7200 =( GEOMETRIC_REPRESENTATION_CONTEXT ( 3 ) GLOBAL_UNCERTAINTY_ASSIGNED_CONTEXT ( ( #4199 ) ) GLOBAL_UNIT_ASSIGNED_CONTEXT ( ( #6485, #3101, #7057 ) ) REPRESENTATION_CONTEXT ( 'NONE', 'WORKASPACE' ) );
#7201 = VERTEX_POINT ( 'NONE', #2079 ) ;
#7202 = VECTOR ( 'NONE', #2650, 1000.000000000000200 ) ;
#7203 = PRESENTATION_STYLE_ASSIGNMENT (( #5201 ) ) ;
#7204 = SURFACE_SIDE_STYLE ('',( #3280 ) ) ;
#7205 = VECTOR ( 'NONE', #5603, 1000.000000000000000 ) ;
#7206 = VERTEX_POINT ( 'NONE', #6070 ) ;
#7207 = STYLED_ITEM ( 'NONE', ( #3661 ), #3794 ) ;
#7208 =( NAMED_UNIT ( * ) PLANE_ANGLE_UNIT ( ) SI_UNIT ( $, .RADIAN. ) );
#7209 = COLOUR_RGB ( '',0.7529411764705882200, 0.7529411764705882200, 0.7529411764705882200 ) ;
#7210 = ORIENTED_EDGE ( 'NONE', *, *, #4545, .F. ) ;
#7211 = LINE ( 'NONE', #603, #5753 ) ;
#7212 = CARTESIAN_POINT ( 'NONE',  ( 5.850000000000000500, -4.955000000000000100, 2.799999999999999800 ) ) ;
#7213 = ORIENTED_EDGE ( 'NONE', *, *, #2163, .F. ) ;
#7214 = VECTOR ( 'NONE', #3268, 1000.000000000000000 ) ;
#7215 = ORIENTED_EDGE ( 'NONE', *, *, #5616, .F. ) ;
#7216 = DIRECTION ( 'NONE',  ( 0.0000000000000000000, 0.0000000000000000000, 1.000000000000000000 ) ) ;
#7217 = VECTOR ( 'NONE', #4501, 1000.000000000000000 ) ;
#7218 = VERTEX_POINT ( 'NONE', #2055 ) ;
#7219 = SURFACE_SIDE_STYLE ('',( #5019 ) ) ;
#7220 = PRESENTATION_LAYER_ASSIGNMENT (  '', '', ( #6475 ) ) ;
#7221 = MECHANICAL_DESIGN_GEOMETRIC_PRESENTATION_REPRESENTATION (  '', ( #6476 ), #298 ) ;
#7222 = VECTOR ( 'NONE', #6884, 1000.000000000000000 ) ;
#7223 = VECTOR ( 'NONE', #6471, 1000.000000000000000 ) ;
#7224 = DIRECTION ( 'NONE',  ( 1.000000000000000000, -0.0000000000000000000, -0.0000000000000000000 ) ) ;
#7225 = CIRCLE ( 'NONE', #955, 0.2000000000000005100 ) ;
#7226 = DIRECTION ( 'NONE',  ( -3.366640523681080300E-029, 3.488060345846600000E-028, 1.000000000000000000 ) ) ;
#7227 = ADVANCED_FACE ( 'NONE', ( #3241 ), #7177, .T. ) ;
#7228 = ORIENTED_EDGE ( 'NONE', *, *, #2403, .T. ) ;
#7229 = SURFACE_SIDE_STYLE ('',( #6094 ) ) ;
#7230 = SURFACE_STYLE_FILL_AREA ( #5891 ) ;
#7231 = VECTOR ( 'NONE', #2171, 1000.000000000000000 ) ;
#7232 = EDGE_CURVE ( 'NONE', #6307, #5969, #5744, .T. ) ;
#7233 = SURFACE_STYLE_FILL_AREA ( #5460 ) ;
#7234 = CARTESIAN_POINT ( 'NONE',  ( -8.390000000000000600, -7.099999999999999600, 0.3499999999999999800 ) ) ;
#7235 = MECHANICAL_DESIGN_GEOMETRIC_PRESENTATION_REPRESENTATION (  '', ( #6484 ), #305 ) ;
#7236 = DIRECTION ( 'NONE',  ( -1.393726859448460000E-028, 1.000000000000000000, -2.275909662416548100E-056 ) ) ;
#7237 = CARTESIAN_POINT ( 'NONE',  ( 6.049999999999999800, 5.205000000000000100, 2.799999999999999800 ) ) ;
#7238 = VERTEX_POINT ( 'NONE', #5533 ) ;
#7239 = VERTEX_POINT ( 'NONE', #3819 ) ;
#7240 = CYLINDRICAL_SURFACE ( 'NONE', #6853, 0.2000000000000005100 ) ;
#7241 = PRESENTATION_STYLE_ASSIGNMENT (( #3461 ) ) ;
#7242 = AXIS2_PLACEMENT_3D ( 'NONE', #4577, #1202, #5147 ) ;
#7243 = DIRECTION ( 'NONE',  ( 0.0000000000000000000, 0.0000000000000000000, -1.000000000000000000 ) ) ;
#7244 = CARTESIAN_POINT ( 'NONE',  ( 8.390000000000000600, 7.875740647047340600, 0.2507484938770950800 ) ) ;
#7245 = EDGE_CURVE ( 'NONE', #3656, #2666, #7040, .T. ) ;
#7246 = PRESENTATION_LAYER_ASSIGNMENT (  '', '', ( #6146 ) ) ;
#7247 = COLOUR_RGB ( '',0.7529411764705882200, 0.7529411764705882200, 0.7529411764705882200 ) ;
#7248 = EDGE_LOOP ( 'NONE', ( #4542, #3070, #3253, #6017 ) ) ;
#7249 = FILL_AREA_STYLE ('',( #2169 ) ) ;
#7250 = LINE ( 'NONE', #1105, #2919 ) ;
#7251 =( NAMED_UNIT ( * ) SI_UNIT ( $, .STERADIAN. ) SOLID_ANGLE_UNIT ( ) );
#7252 = ORIENTED_EDGE ( 'NONE', *, *, #1837, .F. ) ;
#7253 = ORIENTED_EDGE ( 'NONE', *, *, #1206, .F. ) ;
#7254 =( NAMED_UNIT ( * ) SI_UNIT ( $, .STERADIAN. ) SOLID_ANGLE_UNIT ( ) );
#7255 = ORIENTED_EDGE ( 'NONE', *, *, #6714, .F. ) ;
#7256 = CARTESIAN_POINT ( 'NONE',  ( 9.390000000000000600, -7.642857142857141500, 0.6055506259999767800 ) ) ;
#7257 = UNCERTAINTY_MEASURE_WITH_UNIT (LENGTH_MEASURE( 1.000000000000000100E-005 ), #4278, 'distance_accuracy_value', 'NONE');
#7258 = STYLED_ITEM ( 'NONE', ( #891 ), #3363 ) ;
#7259 = ORIENTED_EDGE ( 'NONE', *, *, #5063, .F. ) ;
#7260 = CARTESIAN_POINT ( 'NONE',  ( -8.390000000000000600, -7.099999999999999600, 0.6999999999999999600 ) ) ;
#7261 =( NAMED_UNIT ( * ) PLANE_ANGLE_UNIT ( ) SI_UNIT ( $, .RADIAN. ) );
#7262 = CARTESIAN_POINT ( 'NONE',  ( 6.850000000000000500, -6.850000000000000500, 0.6999999999999999600 ) ) ;
#7263 = VERTEX_POINT ( 'NONE', #5553 ) ;
#7264 = UNCERTAINTY_MEASURE_WITH_UNIT (LENGTH_MEASURE( 1.000000000000000100E-005 ), #3904, 'distance_accuracy_value', 'NONE');
#7265 = FILL_AREA_STYLE ('',( #1048 ) ) ;
#7266 = VECTOR ( 'NONE', #1547, 1000.000000000000000 ) ;
#7267 = PRESENTATION_LAYER_ASSIGNMENT (  '', '', ( #6514 ) ) ;
#7268 =( GEOMETRIC_REPRESENTATION_CONTEXT ( 3 ) GLOBAL_UNCERTAINTY_ASSIGNED_CONTEXT ( ( #5976 ) ) GLOBAL_UNIT_ASSIGNED_CONTEXT ( ( #2613, #6571, #3192 ) ) REPRESENTATION_CONTEXT ( 'NONE', 'WORKASPACE' ) );
#7269 = ORIENTED_EDGE ( 'NONE', *, *, #2338, .T. ) ;
#7270 = DIRECTION ( 'NONE',  ( 1.000000000000000000, 0.0000000000000000000, 0.0000000000000000000 ) ) ;
#7271 = EDGE_CURVE ( 'NONE', #1084, #494, #1910, .T. ) ;
#7272 = SURFACE_STYLE_USAGE ( .BOTH. , #3327 ) ;
#7273 = CARTESIAN_POINT ( 'NONE',  ( 11.87499999999999800, 6.649999999996935300, 5.149960319306146100E-016 ) ) ;
#7274 = EDGE_CURVE ( 'NONE', #2910, #2523, #4209, .T. ) ;
#7275 = SURFACE_SIDE_STYLE ('',( #626 ) ) ;
#7276 = LINE ( 'NONE', #1149, #1127 ) ;
#7277 = VERTEX_POINT ( 'NONE', #4388 ) ;
#7278 = STYLED_ITEM ( 'NONE', ( #2694 ), #7285 ) ;
#7279 = FACE_OUTER_BOUND ( 'NONE', #3555, .T. ) ;
#7280 = CARTESIAN_POINT ( 'NONE',  ( 9.390000000000000600, -6.850000000000000500, 0.6999999999999999600 ) ) ;
#7281 = FILL_AREA_STYLE_COLOUR ( '', #743 ) ;
#7282 = PLANE ( 'NONE',  #3629 ) ;
#7283 = EDGE_CURVE ( 'NONE', #223, #5402, #2519, .T. ) ;
#7284 =( GEOMETRIC_REPRESENTATION_CONTEXT ( 3 ) GLOBAL_UNCERTAINTY_ASSIGNED_CONTEXT ( ( #6442 ) ) GLOBAL_UNIT_ASSIGNED_CONTEXT ( ( #3715, #3710, #3678 ) ) REPRESENTATION_CONTEXT ( 'NONE', 'WORKASPACE' ) );
#7285 = ADVANCED_FACE ( 'NONE', ( #6860 ), #4416, .T. ) ;
#7286 = MECHANICAL_DESIGN_GEOMETRIC_PRESENTATION_REPRESENTATION (  '', ( #6189 ), #358 ) ;
#7287 = SURFACE_STYLE_USAGE ( .BOTH. , #3339 ) ;
#7288 = CARTESIAN_POINT ( 'NONE',  ( -8.589999999999999900, 5.080000000000000100, 4.599999999999999600 ) ) ;
#7289 = ORIENTED_EDGE ( 'NONE', *, *, #6630, .F. ) ;
#7290 = FACE_OUTER_BOUND ( 'NONE', #4259, .T. ) ;
#7291 = VERTEX_POINT ( 'NONE', #4993 ) ;
#7292 = VECTOR ( 'NONE', #5805, 1000.000000000000000 ) ;
#7293 = SURFACE_STYLE_FILL_AREA ( #531 ) ;
#7294 = FILL_AREA_STYLE_COLOUR ( '', #6512 ) ;
#7295 = VECTOR ( 'NONE', #593, 1000.000000000000000 ) ;
#7296 = CARTESIAN_POINT ( 'NONE',  ( 11.87500000000000000, 6.650000000000000400, 7.599999999999999600 ) ) ;
#7297 = ORIENTED_EDGE ( 'NONE', *, *, #6309, .F. ) ;
#7298 = CARTESIAN_POINT ( 'NONE',  ( 12.07499999999999900, -6.650000000000001200, 7.599999999999999600 ) ) ;
#7299 = SURFACE_STYLE_USAGE ( .BOTH. , #4519 ) ;
#7300 = CARTESIAN_POINT ( 'NONE',  ( 12.07499999999999900, -6.850000000000000500, 1.600000000000000100 ) ) ;
#7301 = AXIS2_PLACEMENT_3D ( 'NONE', #4410, #1044, #4984 ) ;
#7302 = DIRECTION ( 'NONE',  ( 0.0000000000000000000, 0.0000000000000000000, -1.000000000000000000 ) ) ;
#7303 = NEXT_ASSEMBLY_USAGE_OCCURRENCE ( 'NAUO1', ' ', ' ', #3225, #2451, $ ) ;
#7304 = NEXT_ASSEMBLY_USAGE_OCCURRENCE ( 'NAUO2', ' ', ' ', #3225, #2067, $ ) ;
ENDSEC;
END-ISO-10303-21;

