ISO-10303-21;
HEADER;
FILE_DESCRIPTION( ( 'Unknown' ), '1' );
FILE_NAME( 'C:/0_April/01_CAD Drawing/01_Product Drawing/02_CAD team/WE-Polymer/WCAP-PSLC/8x11.7x3.1/Released_Data/8x11.7x3.1.stp', 'Unknown', ( 'Unknown' ), ( 'Unknown' ), 'PSStep 21.0.46', 'Unknown', '  ' );
FILE_SCHEMA( ( 'AUTOMOTIVE_DESIGN { 1 0 10303 214 1 1 1 1 }' ) );
ENDSEC;
DATA;
#1 = PRODUCT_DEFINITION_CONTEXT( '', #18, 'design' );
#2 = APPLICATION_PROTOCOL_DEFINITION( 'international standard', 'automotive_design', 2001, #18 );
#3 = PRODUCT_CATEGORY_RELATIONSHIP( 'NONE', 'NONE', #19, #20 );
#4 = SHAPE_DEFINITION_REPRESENTATION( #21, #22 );
#5 = PRODUCT_CATEGORY_RELATIONSHIP( 'NONE', 'NONE', #19, #23 );
#6 = CONTEXT_DEPENDENT_SHAPE_REPRESENTATION( #24, #25 );
#7 = SHAPE_DEFINITION_REPRESENTATION( #26, #27 );
#8 = SHAPE_REPRESENTATION_RELATIONSHIP( 'NONE', 'NONE', #27, #28 );
#9 = PRODUCT_CATEGORY_RELATIONSHIP( 'NONE', 'NONE', #19, #29 );
#10 = CONTEXT_DEPENDENT_SHAPE_REPRESENTATION( #30, #31 );
#11 = SHAPE_DEFINITION_REPRESENTATION( #32, #33 );
#12 = SHAPE_REPRESENTATION_RELATIONSHIP( 'NONE', 'NONE', #33, #34 );
#13 = MECHANICAL_DESIGN_GEOMETRIC_PRESENTATION_REPRESENTATION( ' ', ( #35, #36, #37, #38, #39, #40, #41, #42, #43, #44, #45, #46, #47, #48, #49, #50, #51, #52, #53, #54, #55, #56, #57, #58, #59, #60, #61, #62, #63, #64, #65, #66, #67, #68, #69, #70, #71, #72, #73, #74, #75, #76, #77, #78, #79, #80, #81, #82, #83, #84, #85, #86, #87, #88, #89, #90, #91, #92, #93, #94, #95, #96, #97, #98, #99, #100, #101, #102, #103, #104, #105, #106, #107, #108, #109, #110, #111, #112, #113, #114, #115, #116, #117, #118, #119, #120, #121, #122, #123, #124, #125, #126, #127, #128, #129, #130, #131, #132, #133, #134, #135, #136, #137, #138, #139, #140, #141, #142, #143, #144, #145, #146, #147, #148, #149, #150, #151, #152, #153, #154, #155, #156, #157, #158, #159, #160, #161, #162, #163, #164, #165, #166, #167, #168, #169, #170, #171, #172, #173, #174, #175, #176, #177, #178, #179, #180, #181, #182, #183, #184, #185, #186, #187, #188, #189, #190, #191, #192, #193, #194, #195, #196, #197, #198, #199, #200, #201, #202, #203, #204, #205, #206, #207, #208, #209, #210, #211, #212, #213, #214, #215, #216, #217, #218, #219, #220, #221, #222, #223, #224, #225, #226, #227, #228, #229, #230, #231, #232, #233, #234, #235, #236, #237, #238, #239, #240, #241, #242, #243 ), #14 );
#14 =  ( GEOMETRIC_REPRESENTATION_CONTEXT( 3 )GLOBAL_UNCERTAINTY_ASSIGNED_CONTEXT( ( #246 ) )GLOBAL_UNIT_ASSIGNED_CONTEXT( ( #248, #249, #250 ) )REPRESENTATION_CONTEXT( 'NONE', 'WORKSPACE' ) );
#18 = APPLICATION_CONTEXT( 'core data for automotive mechanical design processes' );
#19 = PRODUCT_CATEGORY( 'part', 'NONE' );
#20 = PRODUCT_RELATED_PRODUCT_CATEGORY( 'detail', ' ', ( #252 ) );
#21 = PRODUCT_DEFINITION_SHAPE( 'NONE', 'NONE', #253 );
#22 = SHAPE_REPRESENTATION( 'Assem1', ( #254, #255, #256 ), #257 );
#23 = PRODUCT_RELATED_PRODUCT_CATEGORY( 'detail', ' ', ( #258 ) );
#24 = ( REPRESENTATION_RELATIONSHIP( '', '', #27, #22 )REPRESENTATION_RELATIONSHIP_WITH_TRANSFORMATION( #261 )SHAPE_REPRESENTATION_RELATIONSHIP(  ) );
#25 = PRODUCT_DEFINITION_SHAPE( 'NAUO-PROD-DEF', 'NAUO-PROD-DEF', #263 );
#26 = PRODUCT_DEFINITION_SHAPE( 'NONE', 'NONE', #264 );
#27 = SHAPE_REPRESENTATION( 'Base_\X2\03A6\X0\8Capacitor', ( #254 ), #257 );
#28 = ADVANCED_BREP_SHAPE_REPRESENTATION( 'Base_\X2\03A6\X0\8Capacitor', ( #265 ), #14 );
#29 = PRODUCT_RELATED_PRODUCT_CATEGORY( 'detail', ' ', ( #266 ) );
#30 = ( REPRESENTATION_RELATIONSHIP( '', '', #33, #22 )REPRESENTATION_RELATIONSHIP_WITH_TRANSFORMATION( #269 )SHAPE_REPRESENTATION_RELATIONSHIP(  ) );
#31 = PRODUCT_DEFINITION_SHAPE( 'NAUO-PROD-DEF', 'NAUO-PROD-DEF', #271 );
#32 = PRODUCT_DEFINITION_SHAPE( 'NONE', 'NONE', #272 );
#33 = SHAPE_REPRESENTATION( 'capicitor_8x11.7x3.1', ( #254 ), #257 );
#34 = ADVANCED_BREP_SHAPE_REPRESENTATION( 'capicitor_8x11.7x3.1', ( #273 ), #14 );
#35 = STYLED_ITEM( '', ( #274 ), #275 );
#36 = STYLED_ITEM( '', ( #276 ), #277 );
#37 = STYLED_ITEM( '', ( #278 ), #279 );
#38 = STYLED_ITEM( '', ( #280 ), #281 );
#39 = STYLED_ITEM( '', ( #282 ), #283 );
#40 = STYLED_ITEM( '', ( #284 ), #285 );
#41 = STYLED_ITEM( '', ( #286 ), #287 );
#42 = STYLED_ITEM( '', ( #288 ), #289 );
#43 = STYLED_ITEM( '', ( #290 ), #291 );
#44 = STYLED_ITEM( '', ( #292 ), #293 );
#45 = STYLED_ITEM( '', ( #294 ), #295 );
#46 = STYLED_ITEM( '', ( #296 ), #297 );
#47 = STYLED_ITEM( '', ( #298 ), #299 );
#48 = STYLED_ITEM( '', ( #300 ), #301 );
#49 = STYLED_ITEM( '', ( #302 ), #303 );
#50 = STYLED_ITEM( '', ( #304 ), #305 );
#51 = STYLED_ITEM( '', ( #306 ), #307 );
#52 = STYLED_ITEM( '', ( #308 ), #309 );
#53 = STYLED_ITEM( '', ( #310 ), #311 );
#54 = STYLED_ITEM( '', ( #312 ), #313 );
#55 = STYLED_ITEM( '', ( #314 ), #315 );
#56 = STYLED_ITEM( '', ( #316 ), #317 );
#57 = STYLED_ITEM( '', ( #318 ), #319 );
#58 = STYLED_ITEM( '', ( #320 ), #321 );
#59 = STYLED_ITEM( '', ( #322 ), #323 );
#60 = STYLED_ITEM( '', ( #324 ), #325 );
#61 = STYLED_ITEM( '', ( #326 ), #327 );
#62 = STYLED_ITEM( '', ( #328 ), #329 );
#63 = STYLED_ITEM( '', ( #330 ), #331 );
#64 = STYLED_ITEM( '', ( #332 ), #333 );
#65 = STYLED_ITEM( '', ( #334 ), #335 );
#66 = STYLED_ITEM( '', ( #336 ), #337 );
#67 = STYLED_ITEM( '', ( #338 ), #339 );
#68 = STYLED_ITEM( '', ( #340 ), #341 );
#69 = STYLED_ITEM( '', ( #342 ), #343 );
#70 = STYLED_ITEM( '', ( #344 ), #345 );
#71 = STYLED_ITEM( '', ( #346 ), #347 );
#72 = STYLED_ITEM( '', ( #348 ), #349 );
#73 = STYLED_ITEM( '', ( #350 ), #351 );
#74 = STYLED_ITEM( '', ( #352 ), #353 );
#75 = STYLED_ITEM( '', ( #354 ), #355 );
#76 = STYLED_ITEM( '', ( #356 ), #357 );
#77 = STYLED_ITEM( '', ( #358 ), #359 );
#78 = STYLED_ITEM( '', ( #360 ), #361 );
#79 = STYLED_ITEM( '', ( #362 ), #363 );
#80 = STYLED_ITEM( '', ( #364 ), #365 );
#81 = STYLED_ITEM( '', ( #366 ), #367 );
#82 = STYLED_ITEM( '', ( #368 ), #369 );
#83 = STYLED_ITEM( '', ( #370 ), #371 );
#84 = STYLED_ITEM( '', ( #372 ), #373 );
#85 = STYLED_ITEM( '', ( #374 ), #375 );
#86 = STYLED_ITEM( '', ( #376 ), #377 );
#87 = STYLED_ITEM( '', ( #378 ), #379 );
#88 = STYLED_ITEM( '', ( #380 ), #381 );
#89 = STYLED_ITEM( '', ( #382 ), #383 );
#90 = STYLED_ITEM( '', ( #384 ), #385 );
#91 = STYLED_ITEM( '', ( #386 ), #387 );
#92 = STYLED_ITEM( '', ( #388 ), #389 );
#93 = STYLED_ITEM( '', ( #390 ), #391 );
#94 = STYLED_ITEM( '', ( #392 ), #393 );
#95 = STYLED_ITEM( '', ( #394 ), #395 );
#96 = STYLED_ITEM( '', ( #396 ), #397 );
#97 = STYLED_ITEM( '', ( #398 ), #399 );
#98 = STYLED_ITEM( '', ( #400 ), #401 );
#99 = STYLED_ITEM( '', ( #402 ), #403 );
#100 = STYLED_ITEM( '', ( #404 ), #405 );
#101 = STYLED_ITEM( '', ( #406 ), #407 );
#102 = STYLED_ITEM( '', ( #408 ), #409 );
#103 = STYLED_ITEM( '', ( #410 ), #411 );
#104 = STYLED_ITEM( '', ( #412 ), #413 );
#105 = STYLED_ITEM( '', ( #414 ), #415 );
#106 = STYLED_ITEM( '', ( #416 ), #417 );
#107 = STYLED_ITEM( '', ( #418 ), #419 );
#108 = STYLED_ITEM( '', ( #420 ), #421 );
#109 = STYLED_ITEM( '', ( #422 ), #423 );
#110 = STYLED_ITEM( '', ( #424 ), #425 );
#111 = STYLED_ITEM( '', ( #426 ), #427 );
#112 = STYLED_ITEM( '', ( #428 ), #429 );
#113 = STYLED_ITEM( '', ( #430 ), #431 );
#114 = STYLED_ITEM( '', ( #432 ), #433 );
#115 = STYLED_ITEM( '', ( #434 ), #435 );
#116 = STYLED_ITEM( '', ( #436 ), #437 );
#117 = STYLED_ITEM( '', ( #438 ), #439 );
#118 = STYLED_ITEM( '', ( #440 ), #441 );
#119 = STYLED_ITEM( '', ( #442 ), #443 );
#120 = STYLED_ITEM( '', ( #444 ), #445 );
#121 = STYLED_ITEM( '', ( #446 ), #447 );
#122 = STYLED_ITEM( '', ( #448 ), #449 );
#123 = STYLED_ITEM( '', ( #450 ), #451 );
#124 = STYLED_ITEM( '', ( #452 ), #453 );
#125 = STYLED_ITEM( '', ( #454 ), #455 );
#126 = STYLED_ITEM( '', ( #456 ), #457 );
#127 = STYLED_ITEM( '', ( #458 ), #459 );
#128 = STYLED_ITEM( '', ( #460 ), #461 );
#129 = STYLED_ITEM( '', ( #462 ), #463 );
#130 = STYLED_ITEM( '', ( #464 ), #465 );
#131 = STYLED_ITEM( '', ( #466 ), #467 );
#132 = STYLED_ITEM( '', ( #468 ), #469 );
#133 = STYLED_ITEM( '', ( #470 ), #471 );
#134 = STYLED_ITEM( '', ( #472 ), #473 );
#135 = STYLED_ITEM( '', ( #474 ), #475 );
#136 = STYLED_ITEM( '', ( #476 ), #477 );
#137 = STYLED_ITEM( '', ( #478 ), #479 );
#138 = STYLED_ITEM( '', ( #480 ), #481 );
#139 = STYLED_ITEM( '', ( #482 ), #483 );
#140 = STYLED_ITEM( '', ( #484 ), #485 );
#141 = STYLED_ITEM( '', ( #486 ), #487 );
#142 = STYLED_ITEM( '', ( #488 ), #489 );
#143 = STYLED_ITEM( '', ( #490 ), #491 );
#144 = STYLED_ITEM( '', ( #492 ), #493 );
#145 = STYLED_ITEM( '', ( #494 ), #495 );
#146 = STYLED_ITEM( '', ( #496 ), #497 );
#147 = STYLED_ITEM( '', ( #498 ), #499 );
#148 = STYLED_ITEM( '', ( #500 ), #501 );
#149 = STYLED_ITEM( '', ( #502 ), #503 );
#150 = STYLED_ITEM( '', ( #504 ), #505 );
#151 = STYLED_ITEM( '', ( #506 ), #507 );
#152 = STYLED_ITEM( '', ( #508 ), #509 );
#153 = STYLED_ITEM( '', ( #510 ), #511 );
#154 = STYLED_ITEM( '', ( #512 ), #513 );
#155 = STYLED_ITEM( '', ( #514 ), #515 );
#156 = STYLED_ITEM( '', ( #516 ), #517 );
#157 = STYLED_ITEM( '', ( #518 ), #519 );
#158 = STYLED_ITEM( '', ( #520 ), #521 );
#159 = STYLED_ITEM( '', ( #522 ), #523 );
#160 = STYLED_ITEM( '', ( #524 ), #525 );
#161 = STYLED_ITEM( '', ( #526 ), #527 );
#162 = STYLED_ITEM( '', ( #528 ), #529 );
#163 = STYLED_ITEM( '', ( #530 ), #531 );
#164 = STYLED_ITEM( '', ( #532 ), #533 );
#165 = STYLED_ITEM( '', ( #534 ), #535 );
#166 = STYLED_ITEM( '', ( #536 ), #537 );
#167 = STYLED_ITEM( '', ( #538 ), #539 );
#168 = STYLED_ITEM( '', ( #540 ), #541 );
#169 = STYLED_ITEM( '', ( #542 ), #543 );
#170 = STYLED_ITEM( '', ( #544 ), #545 );
#171 = STYLED_ITEM( '', ( #546 ), #547 );
#172 = STYLED_ITEM( '', ( #548 ), #549 );
#173 = STYLED_ITEM( '', ( #550 ), #551 );
#174 = STYLED_ITEM( '', ( #552 ), #553 );
#175 = STYLED_ITEM( '', ( #554 ), #555 );
#176 = STYLED_ITEM( '', ( #556 ), #557 );
#177 = STYLED_ITEM( '', ( #558 ), #559 );
#178 = STYLED_ITEM( '', ( #560 ), #561 );
#179 = STYLED_ITEM( '', ( #562 ), #563 );
#180 = STYLED_ITEM( '', ( #564 ), #565 );
#181 = STYLED_ITEM( '', ( #566 ), #567 );
#182 = STYLED_ITEM( '', ( #568 ), #569 );
#183 = STYLED_ITEM( '', ( #570 ), #571 );
#184 = STYLED_ITEM( '', ( #572 ), #573 );
#185 = STYLED_ITEM( '', ( #574 ), #575 );
#186 = STYLED_ITEM( '', ( #576 ), #577 );
#187 = STYLED_ITEM( '', ( #578 ), #579 );
#188 = STYLED_ITEM( '', ( #580 ), #581 );
#189 = STYLED_ITEM( '', ( #582 ), #583 );
#190 = STYLED_ITEM( '', ( #584 ), #585 );
#191 = STYLED_ITEM( '', ( #586 ), #587 );
#192 = STYLED_ITEM( '', ( #588 ), #589 );
#193 = STYLED_ITEM( '', ( #590 ), #591 );
#194 = STYLED_ITEM( '', ( #592 ), #593 );
#195 = STYLED_ITEM( '', ( #594 ), #595 );
#196 = STYLED_ITEM( '', ( #596 ), #597 );
#197 = STYLED_ITEM( '', ( #598 ), #599 );
#198 = STYLED_ITEM( '', ( #600 ), #601 );
#199 = STYLED_ITEM( '', ( #602 ), #603 );
#200 = STYLED_ITEM( '', ( #604 ), #605 );
#201 = STYLED_ITEM( '', ( #606 ), #607 );
#202 = STYLED_ITEM( '', ( #608 ), #609 );
#203 = STYLED_ITEM( '', ( #610 ), #611 );
#204 = STYLED_ITEM( '', ( #612 ), #613 );
#205 = STYLED_ITEM( '', ( #614 ), #615 );
#206 = STYLED_ITEM( '', ( #616 ), #617 );
#207 = STYLED_ITEM( '', ( #618 ), #619 );
#208 = STYLED_ITEM( '', ( #620 ), #621 );
#209 = STYLED_ITEM( '', ( #622 ), #623 );
#210 = STYLED_ITEM( '', ( #624 ), #625 );
#211 = STYLED_ITEM( '', ( #626 ), #627 );
#212 = STYLED_ITEM( '', ( #628 ), #629 );
#213 = STYLED_ITEM( '', ( #630 ), #631 );
#214 = STYLED_ITEM( '', ( #632 ), #633 );
#215 = STYLED_ITEM( '', ( #634 ), #635 );
#216 = STYLED_ITEM( '', ( #636 ), #637 );
#217 = STYLED_ITEM( '', ( #638 ), #639 );
#218 = STYLED_ITEM( '', ( #640 ), #641 );
#219 = STYLED_ITEM( '', ( #642 ), #643 );
#220 = STYLED_ITEM( '', ( #644 ), #645 );
#221 = STYLED_ITEM( '', ( #646 ), #647 );
#222 = STYLED_ITEM( '', ( #648 ), #649 );
#223 = STYLED_ITEM( '', ( #650 ), #651 );
#224 = STYLED_ITEM( '', ( #652 ), #653 );
#225 = STYLED_ITEM( '', ( #654 ), #655 );
#226 = STYLED_ITEM( '', ( #656 ), #657 );
#227 = STYLED_ITEM( '', ( #658 ), #659 );
#228 = STYLED_ITEM( '', ( #660 ), #661 );
#229 = STYLED_ITEM( '', ( #662 ), #663 );
#230 = STYLED_ITEM( '', ( #664 ), #665 );
#231 = STYLED_ITEM( '', ( #666 ), #667 );
#232 = STYLED_ITEM( '', ( #668 ), #669 );
#233 = STYLED_ITEM( '', ( #670 ), #671 );
#234 = STYLED_ITEM( '', ( #672 ), #673 );
#235 = STYLED_ITEM( '', ( #674 ), #675 );
#236 = STYLED_ITEM( '', ( #676 ), #677 );
#237 = STYLED_ITEM( '', ( #678 ), #679 );
#238 = STYLED_ITEM( '', ( #680 ), #681 );
#239 = STYLED_ITEM( '', ( #682 ), #683 );
#240 = STYLED_ITEM( '', ( #684 ), #685 );
#241 = STYLED_ITEM( '', ( #686 ), #687 );
#242 = STYLED_ITEM( '', ( #688 ), #689 );
#243 = STYLED_ITEM( '', ( #690 ), #691 );
#246 = UNCERTAINTY_MEASURE_WITH_UNIT( LENGTH_MEASURE( 0.00100000000000000 ), #248, '', '' );
#248 =  ( CONVERSION_BASED_UNIT( 'MILLIMETRE', #694 )LENGTH_UNIT(  )NAMED_UNIT( #697 ) );
#249 =  ( NAMED_UNIT( #699 )PLANE_ANGLE_UNIT(  )SI_UNIT( $, .RADIAN. ) );
#250 =  ( NAMED_UNIT( #699 )SI_UNIT( $, .STERADIAN. )SOLID_ANGLE_UNIT(  ) );
#252 = PRODUCT( 'Assem1', 'Assem1', 'PART-Assem1-DESC', ( #705 ) );
#253 = PRODUCT_DEFINITION( 'NONE', 'NONE', #706, #1 );
#254 = AXIS2_PLACEMENT_3D( '', #707, #708, #709 );
#255 = AXIS2_PLACEMENT_3D( '', #710, #711, #712 );
#256 = AXIS2_PLACEMENT_3D( '', #713, #714, #715 );
#257 =  ( GEOMETRIC_REPRESENTATION_CONTEXT( 3 )GLOBAL_UNCERTAINTY_ASSIGNED_CONTEXT( ( #718 ) )GLOBAL_UNIT_ASSIGNED_CONTEXT( ( #720, #721, #722 ) )REPRESENTATION_CONTEXT( 'NONE', 'WORKSPACE' ) );
#258 = PRODUCT( 'Base_\X2\03A6\X0\8Capacitor', 'Base_\X2\03A6\X0\8Capacitor', 'PART-Base_\X2\03A6\X0\8Capacitor-DESC', ( #705 ) );
#261 = ITEM_DEFINED_TRANSFORMATION( '', '', #254, #255 );
#263 = NEXT_ASSEMBLY_USAGE_OCCURRENCE( 'NAUO1', 'Base_\X2\03A6\X0\8Capacitor', 'Base_\X2\03A6\X0\8Capacitor', #253, #264, $ );
#264 = PRODUCT_DEFINITION( 'Base_\X2\03A6\X0\8Capacitor', 'Base_\X2\03A6\X0\8Capacitor', #724, #1 );
#265 = MANIFOLD_SOLID_BREP( 'Base_\X2\03A6\X0\8Capacitor', #725 );
#266 = PRODUCT( 'capicitor_8x11.7x3.1', 'capicitor_8x11.7x3.1', 'PART-capicitor_8x11.7x3.1-DESC', ( #705 ) );
#269 = ITEM_DEFINED_TRANSFORMATION( '', '', #254, #256 );
#271 = NEXT_ASSEMBLY_USAGE_OCCURRENCE( 'NAUO2', 'capicitor_8x11.7x3.1', 'capicitor_8x11.7x3.1', #253, #272, $ );
#272 = PRODUCT_DEFINITION( 'capicitor_8x11.7x3.1', 'capicitor_8x11.7x3.1', #726, #1 );
#273 = MANIFOLD_SOLID_BREP( 'capicitor_8x11.7x3.1', #727 );
#274 = PRESENTATION_STYLE_ASSIGNMENT( ( #728 ) );
#275 = ADVANCED_FACE( '', ( #729 ), #730, .T. );
#276 = PRESENTATION_STYLE_ASSIGNMENT( ( #731 ) );
#277 = ADVANCED_FACE( '', ( #732 ), #733, .F. );
#278 = PRESENTATION_STYLE_ASSIGNMENT( ( #734 ) );
#279 = ADVANCED_FACE( '', ( #735 ), #736, .T. );
#280 = PRESENTATION_STYLE_ASSIGNMENT( ( #737 ) );
#281 = ADVANCED_FACE( '', ( #738 ), #739, .T. );
#282 = PRESENTATION_STYLE_ASSIGNMENT( ( #740 ) );
#283 = ADVANCED_FACE( '', ( #741 ), #742, .F. );
#284 = PRESENTATION_STYLE_ASSIGNMENT( ( #743 ) );
#285 = ADVANCED_FACE( '', ( #744, #745 ), #746, .F. );
#286 = PRESENTATION_STYLE_ASSIGNMENT( ( #747 ) );
#287 = ADVANCED_FACE( '', ( #748 ), #749, .F. );
#288 = PRESENTATION_STYLE_ASSIGNMENT( ( #750 ) );
#289 = ADVANCED_FACE( '', ( #751 ), #752, .F. );
#290 = PRESENTATION_STYLE_ASSIGNMENT( ( #753 ) );
#291 = ADVANCED_FACE( '', ( #754 ), #755, .T. );
#292 = PRESENTATION_STYLE_ASSIGNMENT( ( #756 ) );
#293 = ADVANCED_FACE( '', ( #757 ), #758, .T. );
#294 = PRESENTATION_STYLE_ASSIGNMENT( ( #759 ) );
#295 = ADVANCED_FACE( '', ( #760 ), #761, .T. );
#296 = PRESENTATION_STYLE_ASSIGNMENT( ( #762 ) );
#297 = ADVANCED_FACE( '', ( #763 ), #764, .T. );
#298 = PRESENTATION_STYLE_ASSIGNMENT( ( #765 ) );
#299 = ADVANCED_FACE( '', ( #766, #767 ), #768, .T. );
#300 = PRESENTATION_STYLE_ASSIGNMENT( ( #769 ) );
#301 = ADVANCED_FACE( '', ( #770 ), #771, .T. );
#302 = PRESENTATION_STYLE_ASSIGNMENT( ( #772 ) );
#303 = ADVANCED_FACE( '', ( #773 ), #774, .T. );
#304 = PRESENTATION_STYLE_ASSIGNMENT( ( #775 ) );
#305 = ADVANCED_FACE( '', ( #776 ), #777, .T. );
#306 = PRESENTATION_STYLE_ASSIGNMENT( ( #778 ) );
#307 = ADVANCED_FACE( '', ( #779 ), #780, .T. );
#308 = PRESENTATION_STYLE_ASSIGNMENT( ( #781 ) );
#309 = ADVANCED_FACE( '', ( #782, #783 ), #784, .F. );
#310 = PRESENTATION_STYLE_ASSIGNMENT( ( #785 ) );
#311 = ADVANCED_FACE( '', ( #786 ), #787, .F. );
#312 = PRESENTATION_STYLE_ASSIGNMENT( ( #788 ) );
#313 = ADVANCED_FACE( '', ( #789 ), #790, .T. );
#314 = PRESENTATION_STYLE_ASSIGNMENT( ( #791 ) );
#315 = ADVANCED_FACE( '', ( #792, #793 ), #794, .F. );
#316 = PRESENTATION_STYLE_ASSIGNMENT( ( #795 ) );
#317 = ADVANCED_FACE( '', ( #796, #797 ), #798, .F. );
#318 = PRESENTATION_STYLE_ASSIGNMENT( ( #799 ) );
#319 = ADVANCED_FACE( '', ( #800 ), #801, .T. );
#320 = PRESENTATION_STYLE_ASSIGNMENT( ( #802 ) );
#321 = ADVANCED_FACE( '', ( #803 ), #804, .T. );
#322 = PRESENTATION_STYLE_ASSIGNMENT( ( #805 ) );
#323 = ADVANCED_FACE( '', ( #806 ), #807, .F. );
#324 = PRESENTATION_STYLE_ASSIGNMENT( ( #808 ) );
#325 = ADVANCED_FACE( '', ( #809 ), #810, .T. );
#326 = PRESENTATION_STYLE_ASSIGNMENT( ( #811 ) );
#327 = ADVANCED_FACE( '', ( #812, #813 ), #814, .F. );
#328 = PRESENTATION_STYLE_ASSIGNMENT( ( #815 ) );
#329 = ADVANCED_FACE( '', ( #816 ), #817, .T. );
#330 = PRESENTATION_STYLE_ASSIGNMENT( ( #818 ) );
#331 = ADVANCED_FACE( '', ( #819 ), #820, .T. );
#332 = PRESENTATION_STYLE_ASSIGNMENT( ( #821 ) );
#333 = ADVANCED_FACE( '', ( #822 ), #823, .T. );
#334 = PRESENTATION_STYLE_ASSIGNMENT( ( #824 ) );
#335 = ADVANCED_FACE( '', ( #825, #826 ), #827, .T. );
#336 = PRESENTATION_STYLE_ASSIGNMENT( ( #828 ) );
#337 = ADVANCED_FACE( '', ( #829 ), #830, .T. );
#338 = PRESENTATION_STYLE_ASSIGNMENT( ( #831 ) );
#339 = ADVANCED_FACE( '', ( #832 ), #833, .T. );
#340 = PRESENTATION_STYLE_ASSIGNMENT( ( #834 ) );
#341 = ADVANCED_FACE( '', ( #835 ), #836, .T. );
#342 = PRESENTATION_STYLE_ASSIGNMENT( ( #837 ) );
#343 = ADVANCED_FACE( '', ( #838 ), #839, .T. );
#344 = PRESENTATION_STYLE_ASSIGNMENT( ( #840 ) );
#345 = ADVANCED_FACE( '', ( #841 ), #842, .T. );
#346 = PRESENTATION_STYLE_ASSIGNMENT( ( #843 ) );
#347 = ADVANCED_FACE( '', ( #844 ), #845, .T. );
#348 = PRESENTATION_STYLE_ASSIGNMENT( ( #846 ) );
#349 = ADVANCED_FACE( '', ( #847 ), #848, .T. );
#350 = PRESENTATION_STYLE_ASSIGNMENT( ( #849 ) );
#351 = ADVANCED_FACE( '', ( #850 ), #851, .T. );
#352 = PRESENTATION_STYLE_ASSIGNMENT( ( #852 ) );
#353 = ADVANCED_FACE( '', ( #853 ), #854, .T. );
#354 = PRESENTATION_STYLE_ASSIGNMENT( ( #855 ) );
#355 = ADVANCED_FACE( '', ( #856, #857, #858, #859, #860 ), #861, .T. );
#356 = PRESENTATION_STYLE_ASSIGNMENT( ( #862 ) );
#357 = ADVANCED_FACE( '', ( #863 ), #864, .F. );
#358 = PRESENTATION_STYLE_ASSIGNMENT( ( #865 ) );
#359 = ADVANCED_FACE( '', ( #866 ), #867, .T. );
#360 = PRESENTATION_STYLE_ASSIGNMENT( ( #868 ) );
#361 = ADVANCED_FACE( '', ( #869 ), #870, .F. );
#362 = PRESENTATION_STYLE_ASSIGNMENT( ( #871 ) );
#363 = ADVANCED_FACE( '', ( #872 ), #873, .F. );
#364 = PRESENTATION_STYLE_ASSIGNMENT( ( #874 ) );
#365 = ADVANCED_FACE( '', ( #875, #876 ), #877, .T. );
#366 = PRESENTATION_STYLE_ASSIGNMENT( ( #878 ) );
#367 = ADVANCED_FACE( '', ( #879 ), #880, .F. );
#368 = PRESENTATION_STYLE_ASSIGNMENT( ( #881 ) );
#369 = ADVANCED_FACE( '', ( #882, #883 ), #884, .F. );
#370 = PRESENTATION_STYLE_ASSIGNMENT( ( #885 ) );
#371 = ADVANCED_FACE( '', ( #886 ), #887, .T. );
#372 = PRESENTATION_STYLE_ASSIGNMENT( ( #888 ) );
#373 = ADVANCED_FACE( '', ( #889 ), #890, .F. );
#374 = PRESENTATION_STYLE_ASSIGNMENT( ( #891 ) );
#375 = ADVANCED_FACE( '', ( #892 ), #893, .T. );
#376 = PRESENTATION_STYLE_ASSIGNMENT( ( #894 ) );
#377 = ADVANCED_FACE( '', ( #895, #896 ), #897, .F. );
#378 = PRESENTATION_STYLE_ASSIGNMENT( ( #898 ) );
#379 = ADVANCED_FACE( '', ( #899 ), #900, .F. );
#380 = PRESENTATION_STYLE_ASSIGNMENT( ( #901 ) );
#381 = ADVANCED_FACE( '', ( #902 ), #903, .T. );
#382 = PRESENTATION_STYLE_ASSIGNMENT( ( #904 ) );
#383 = ADVANCED_FACE( '', ( #905 ), #906, .T. );
#384 = PRESENTATION_STYLE_ASSIGNMENT( ( #907 ) );
#385 = ADVANCED_FACE( '', ( #908 ), #909, .T. );
#386 = PRESENTATION_STYLE_ASSIGNMENT( ( #910 ) );
#387 = ADVANCED_FACE( '', ( #911, #912 ), #913, .T. );
#388 = PRESENTATION_STYLE_ASSIGNMENT( ( #914 ) );
#389 = ADVANCED_FACE( '', ( #915 ), #916, .F. );
#390 = PRESENTATION_STYLE_ASSIGNMENT( ( #917 ) );
#391 = ADVANCED_FACE( '', ( #918 ), #919, .T. );
#392 = PRESENTATION_STYLE_ASSIGNMENT( ( #920 ) );
#393 = ADVANCED_FACE( '', ( #921 ), #922, .T. );
#394 = PRESENTATION_STYLE_ASSIGNMENT( ( #923 ) );
#395 = ADVANCED_FACE( '', ( #924 ), #925, .T. );
#396 = PRESENTATION_STYLE_ASSIGNMENT( ( #926 ) );
#397 = ADVANCED_FACE( '', ( #927 ), #928, .F. );
#398 = PRESENTATION_STYLE_ASSIGNMENT( ( #929 ) );
#399 = ADVANCED_FACE( '', ( #930 ), #931, .T. );
#400 = PRESENTATION_STYLE_ASSIGNMENT( ( #932 ) );
#401 = ADVANCED_FACE( '', ( #933 ), #934, .T. );
#402 = PRESENTATION_STYLE_ASSIGNMENT( ( #935 ) );
#403 = ADVANCED_FACE( '', ( #936, #937 ), #938, .F. );
#404 = PRESENTATION_STYLE_ASSIGNMENT( ( #939 ) );
#405 = ADVANCED_FACE( '', ( #940 ), #941, .T. );
#406 = PRESENTATION_STYLE_ASSIGNMENT( ( #942 ) );
#407 = ADVANCED_FACE( '', ( #943 ), #944, .T. );
#408 = PRESENTATION_STYLE_ASSIGNMENT( ( #945 ) );
#409 = ADVANCED_FACE( '', ( #946 ), #947, .F. );
#410 = PRESENTATION_STYLE_ASSIGNMENT( ( #948 ) );
#411 = ADVANCED_FACE( '', ( #949 ), #950, .T. );
#412 = PRESENTATION_STYLE_ASSIGNMENT( ( #951 ) );
#413 = ADVANCED_FACE( '', ( #952 ), #953, .T. );
#414 = PRESENTATION_STYLE_ASSIGNMENT( ( #954 ) );
#415 = ADVANCED_FACE( '', ( #955 ), #956, .T. );
#416 = PRESENTATION_STYLE_ASSIGNMENT( ( #957 ) );
#417 = ADVANCED_FACE( '', ( #958 ), #959, .T. );
#418 = PRESENTATION_STYLE_ASSIGNMENT( ( #960 ) );
#419 = ADVANCED_FACE( '', ( #961 ), #962, .T. );
#420 = PRESENTATION_STYLE_ASSIGNMENT( ( #963 ) );
#421 = ADVANCED_FACE( '', ( #964 ), #965, .F. );
#422 = PRESENTATION_STYLE_ASSIGNMENT( ( #966 ) );
#423 = ADVANCED_FACE( '', ( #967 ), #968, .T. );
#424 = PRESENTATION_STYLE_ASSIGNMENT( ( #969 ) );
#425 = ADVANCED_FACE( '', ( #970 ), #971, .T. );
#426 = PRESENTATION_STYLE_ASSIGNMENT( ( #972 ) );
#427 = ADVANCED_FACE( '', ( #973, #974, #975 ), #976, .F. );
#428 = PRESENTATION_STYLE_ASSIGNMENT( ( #977 ) );
#429 = ADVANCED_FACE( '', ( #978 ), #979, .T. );
#430 = PRESENTATION_STYLE_ASSIGNMENT( ( #980 ) );
#431 = ADVANCED_FACE( '', ( #981 ), #982, .T. );
#432 = PRESENTATION_STYLE_ASSIGNMENT( ( #983 ) );
#433 = ADVANCED_FACE( '', ( #984 ), #985, .T. );
#434 = PRESENTATION_STYLE_ASSIGNMENT( ( #986 ) );
#435 = ADVANCED_FACE( '', ( #987 ), #988, .T. );
#436 = PRESENTATION_STYLE_ASSIGNMENT( ( #989 ) );
#437 = ADVANCED_FACE( '', ( #990 ), #991, .F. );
#438 = PRESENTATION_STYLE_ASSIGNMENT( ( #992 ) );
#439 = ADVANCED_FACE( '', ( #993 ), #994, .F. );
#440 = PRESENTATION_STYLE_ASSIGNMENT( ( #995 ) );
#441 = ADVANCED_FACE( '', ( #996 ), #997, .T. );
#442 = PRESENTATION_STYLE_ASSIGNMENT( ( #998 ) );
#443 = ADVANCED_FACE( '', ( #999 ), #1000, .T. );
#444 = PRESENTATION_STYLE_ASSIGNMENT( ( #1001 ) );
#445 = ADVANCED_FACE( '', ( #1002 ), #1003, .T. );
#446 = PRESENTATION_STYLE_ASSIGNMENT( ( #1004 ) );
#447 = ADVANCED_FACE( '', ( #1005 ), #1006, .T. );
#448 = PRESENTATION_STYLE_ASSIGNMENT( ( #1007 ) );
#449 = ADVANCED_FACE( '', ( #1008, #1009 ), #1010, .F. );
#450 = PRESENTATION_STYLE_ASSIGNMENT( ( #1011 ) );
#451 = ADVANCED_FACE( '', ( #1012, #1013 ), #1014, .T. );
#452 = PRESENTATION_STYLE_ASSIGNMENT( ( #1015 ) );
#453 = ADVANCED_FACE( '', ( #1016 ), #1017, .T. );
#454 = PRESENTATION_STYLE_ASSIGNMENT( ( #1018 ) );
#455 = ADVANCED_FACE( '', ( #1019, #1020 ), #1021, .T. );
#456 = PRESENTATION_STYLE_ASSIGNMENT( ( #1022 ) );
#457 = ADVANCED_FACE( '', ( #1023 ), #1024, .T. );
#458 = PRESENTATION_STYLE_ASSIGNMENT( ( #1025 ) );
#459 = ADVANCED_FACE( '', ( #1026 ), #1027, .T. );
#460 = PRESENTATION_STYLE_ASSIGNMENT( ( #1028 ) );
#461 = ADVANCED_FACE( '', ( #1029 ), #1030, .F. );
#462 = PRESENTATION_STYLE_ASSIGNMENT( ( #1031 ) );
#463 = ADVANCED_FACE( '', ( #1032, #1033 ), #1034, .F. );
#464 = PRESENTATION_STYLE_ASSIGNMENT( ( #1035 ) );
#465 = ADVANCED_FACE( '', ( #1036, #1037 ), #1038, .T. );
#466 = PRESENTATION_STYLE_ASSIGNMENT( ( #1039 ) );
#467 = ADVANCED_FACE( '', ( #1040 ), #1041, .F. );
#468 = PRESENTATION_STYLE_ASSIGNMENT( ( #1042 ) );
#469 = ADVANCED_FACE( '', ( #1043 ), #1044, .T. );
#470 = PRESENTATION_STYLE_ASSIGNMENT( ( #1045 ) );
#471 = ADVANCED_FACE( '', ( #1046 ), #1047, .T. );
#472 = PRESENTATION_STYLE_ASSIGNMENT( ( #1048 ) );
#473 = ADVANCED_FACE( '', ( #1049 ), #1050, .T. );
#474 = PRESENTATION_STYLE_ASSIGNMENT( ( #1051 ) );
#475 = ADVANCED_FACE( '', ( #1052 ), #1053, .T. );
#476 = PRESENTATION_STYLE_ASSIGNMENT( ( #1054 ) );
#477 = ADVANCED_FACE( '', ( #1055, #1056 ), #1057, .F. );
#478 = PRESENTATION_STYLE_ASSIGNMENT( ( #1058 ) );
#479 = ADVANCED_FACE( '', ( #1059 ), #1060, .F. );
#480 = PRESENTATION_STYLE_ASSIGNMENT( ( #1061 ) );
#481 = ADVANCED_FACE( '', ( #1062 ), #1063, .T. );
#482 = PRESENTATION_STYLE_ASSIGNMENT( ( #1064 ) );
#483 = ADVANCED_FACE( '', ( #1065, #1066 ), #1067, .T. );
#484 = PRESENTATION_STYLE_ASSIGNMENT( ( #1068 ) );
#485 = ADVANCED_FACE( '', ( #1069 ), #1070, .F. );
#486 = PRESENTATION_STYLE_ASSIGNMENT( ( #1071 ) );
#487 = ADVANCED_FACE( '', ( #1072 ), #1073, .T. );
#488 = PRESENTATION_STYLE_ASSIGNMENT( ( #1074 ) );
#489 = ADVANCED_FACE( '', ( #1075 ), #1076, .T. );
#490 = PRESENTATION_STYLE_ASSIGNMENT( ( #1077 ) );
#491 = ADVANCED_FACE( '', ( #1078 ), #1079, .F. );
#492 = PRESENTATION_STYLE_ASSIGNMENT( ( #1080 ) );
#493 = ADVANCED_FACE( '', ( #1081 ), #1082, .T. );
#494 = PRESENTATION_STYLE_ASSIGNMENT( ( #1083 ) );
#495 = ADVANCED_FACE( '', ( #1084 ), #1085, .F. );
#496 = PRESENTATION_STYLE_ASSIGNMENT( ( #1086 ) );
#497 = ADVANCED_FACE( '', ( #1087 ), #1088, .T. );
#498 = PRESENTATION_STYLE_ASSIGNMENT( ( #1089 ) );
#499 = ADVANCED_FACE( '', ( #1090 ), #1091, .T. );
#500 = PRESENTATION_STYLE_ASSIGNMENT( ( #1092 ) );
#501 = ADVANCED_FACE( '', ( #1093 ), #1094, .F. );
#502 = PRESENTATION_STYLE_ASSIGNMENT( ( #1095 ) );
#503 = ADVANCED_FACE( '', ( #1096 ), #1097, .T. );
#504 = PRESENTATION_STYLE_ASSIGNMENT( ( #1098 ) );
#505 = ADVANCED_FACE( '', ( #1099 ), #1100, .T. );
#506 = PRESENTATION_STYLE_ASSIGNMENT( ( #1101 ) );
#507 = ADVANCED_FACE( '', ( #1102 ), #1103, .T. );
#508 = PRESENTATION_STYLE_ASSIGNMENT( ( #1104 ) );
#509 = ADVANCED_FACE( '', ( #1105 ), #1106, .T. );
#510 = PRESENTATION_STYLE_ASSIGNMENT( ( #1107 ) );
#511 = ADVANCED_FACE( '', ( #1108 ), #1109, .T. );
#512 = PRESENTATION_STYLE_ASSIGNMENT( ( #1110 ) );
#513 = ADVANCED_FACE( '', ( #1111 ), #1112, .T. );
#514 = PRESENTATION_STYLE_ASSIGNMENT( ( #1113 ) );
#515 = ADVANCED_FACE( '', ( #1114, #1115 ), #1116, .T. );
#516 = PRESENTATION_STYLE_ASSIGNMENT( ( #1117 ) );
#517 = ADVANCED_FACE( '', ( #1118, #1119 ), #1120, .T. );
#518 = PRESENTATION_STYLE_ASSIGNMENT( ( #1121 ) );
#519 = ADVANCED_FACE( '', ( #1122 ), #1123, .T. );
#520 = PRESENTATION_STYLE_ASSIGNMENT( ( #1124 ) );
#521 = ADVANCED_FACE( '', ( #1125 ), #1126, .T. );
#522 = PRESENTATION_STYLE_ASSIGNMENT( ( #1127 ) );
#523 = ADVANCED_FACE( '', ( #1128 ), #1129, .F. );
#524 = PRESENTATION_STYLE_ASSIGNMENT( ( #1130 ) );
#525 = ADVANCED_FACE( '', ( #1131 ), #1132, .F. );
#526 = PRESENTATION_STYLE_ASSIGNMENT( ( #1133 ) );
#527 = ADVANCED_FACE( '', ( #1134, #1135 ), #1136, .T. );
#528 = PRESENTATION_STYLE_ASSIGNMENT( ( #1137 ) );
#529 = ADVANCED_FACE( '', ( #1138 ), #1139, .F. );
#530 = PRESENTATION_STYLE_ASSIGNMENT( ( #1140 ) );
#531 = ADVANCED_FACE( '', ( #1141 ), #1142, .T. );
#532 = PRESENTATION_STYLE_ASSIGNMENT( ( #1143 ) );
#533 = ADVANCED_FACE( '', ( #1144, #1145 ), #1146, .F. );
#534 = PRESENTATION_STYLE_ASSIGNMENT( ( #1147 ) );
#535 = ADVANCED_FACE( '', ( #1148 ), #1149, .T. );
#536 = PRESENTATION_STYLE_ASSIGNMENT( ( #1150 ) );
#537 = ADVANCED_FACE( '', ( #1151, #1152 ), #1153, .T. );
#538 = PRESENTATION_STYLE_ASSIGNMENT( ( #1154 ) );
#539 = ADVANCED_FACE( '', ( #1155 ), #1156, .T. );
#540 = PRESENTATION_STYLE_ASSIGNMENT( ( #1157 ) );
#541 = ADVANCED_FACE( '', ( #1158 ), #1159, .F. );
#542 = PRESENTATION_STYLE_ASSIGNMENT( ( #1160 ) );
#543 = ADVANCED_FACE( '', ( #1161 ), #1162, .T. );
#544 = PRESENTATION_STYLE_ASSIGNMENT( ( #1163 ) );
#545 = ADVANCED_FACE( '', ( #1164 ), #1165, .T. );
#546 = PRESENTATION_STYLE_ASSIGNMENT( ( #1166 ) );
#547 = ADVANCED_FACE( '', ( #1167 ), #1168, .F. );
#548 = PRESENTATION_STYLE_ASSIGNMENT( ( #1169 ) );
#549 = ADVANCED_FACE( '', ( #1170 ), #1171, .T. );
#550 = PRESENTATION_STYLE_ASSIGNMENT( ( #1172 ) );
#551 = ADVANCED_FACE( '', ( #1173 ), #1174, .F. );
#552 = PRESENTATION_STYLE_ASSIGNMENT( ( #1175 ) );
#553 = ADVANCED_FACE( '', ( #1176 ), #1177, .T. );
#554 = PRESENTATION_STYLE_ASSIGNMENT( ( #1178 ) );
#555 = ADVANCED_FACE( '', ( #1179 ), #1180, .F. );
#556 = PRESENTATION_STYLE_ASSIGNMENT( ( #1181 ) );
#557 = ADVANCED_FACE( '', ( #1182 ), #1183, .T. );
#558 = PRESENTATION_STYLE_ASSIGNMENT( ( #1184 ) );
#559 = ADVANCED_FACE( '', ( #1185 ), #1186, .F. );
#560 = PRESENTATION_STYLE_ASSIGNMENT( ( #1187 ) );
#561 = ADVANCED_FACE( '', ( #1188, #1189 ), #1190, .T. );
#562 = PRESENTATION_STYLE_ASSIGNMENT( ( #1191 ) );
#563 = ADVANCED_FACE( '', ( #1192 ), #1193, .T. );
#564 = PRESENTATION_STYLE_ASSIGNMENT( ( #1194 ) );
#565 = ADVANCED_FACE( '', ( #1195 ), #1196, .T. );
#566 = PRESENTATION_STYLE_ASSIGNMENT( ( #1197 ) );
#567 = ADVANCED_FACE( '', ( #1198 ), #1199, .T. );
#568 = PRESENTATION_STYLE_ASSIGNMENT( ( #1200 ) );
#569 = ADVANCED_FACE( '', ( #1201 ), #1202, .T. );
#570 = PRESENTATION_STYLE_ASSIGNMENT( ( #1203 ) );
#571 = ADVANCED_FACE( '', ( #1204 ), #1205, .F. );
#572 = PRESENTATION_STYLE_ASSIGNMENT( ( #1206 ) );
#573 = ADVANCED_FACE( '', ( #1207, #1208 ), #1209, .F. );
#574 = PRESENTATION_STYLE_ASSIGNMENT( ( #1210 ) );
#575 = ADVANCED_FACE( '', ( #1211 ), #1212, .T. );
#576 = PRESENTATION_STYLE_ASSIGNMENT( ( #1213 ) );
#577 = ADVANCED_FACE( '', ( #1214 ), #1215, .T. );
#578 = PRESENTATION_STYLE_ASSIGNMENT( ( #1216 ) );
#579 = ADVANCED_FACE( '', ( #1217 ), #1218, .F. );
#580 = PRESENTATION_STYLE_ASSIGNMENT( ( #1219 ) );
#581 = ADVANCED_FACE( '', ( #1220 ), #1221, .T. );
#582 = PRESENTATION_STYLE_ASSIGNMENT( ( #1222 ) );
#583 = ADVANCED_FACE( '', ( #1223, #1224, #1225, #1226, #1227, #1228, #1229, #1230, #1231, #1232, #1233 ), #1234, .F. );
#584 = PRESENTATION_STYLE_ASSIGNMENT( ( #1235 ) );
#585 = ADVANCED_FACE( '', ( #1236 ), #1237, .T. );
#586 = PRESENTATION_STYLE_ASSIGNMENT( ( #1238 ) );
#587 = ADVANCED_FACE( '', ( #1239, #1240 ), #1241, .F. );
#588 = PRESENTATION_STYLE_ASSIGNMENT( ( #1242 ) );
#589 = ADVANCED_FACE( '', ( #1243, #1244 ), #1245, .T. );
#590 = PRESENTATION_STYLE_ASSIGNMENT( ( #1246 ) );
#591 = ADVANCED_FACE( '', ( #1247 ), #1248, .T. );
#592 = PRESENTATION_STYLE_ASSIGNMENT( ( #1249 ) );
#593 = ADVANCED_FACE( '', ( #1250, #1251 ), #1252, .F. );
#594 = PRESENTATION_STYLE_ASSIGNMENT( ( #1253 ) );
#595 = ADVANCED_FACE( '', ( #1254 ), #1255, .F. );
#596 = PRESENTATION_STYLE_ASSIGNMENT( ( #1256 ) );
#597 = ADVANCED_FACE( '', ( #1257, #1258 ), #1259, .F. );
#598 = PRESENTATION_STYLE_ASSIGNMENT( ( #1260 ) );
#599 = ADVANCED_FACE( '', ( #1261, #1262 ), #1263, .T. );
#600 = PRESENTATION_STYLE_ASSIGNMENT( ( #1264 ) );
#601 = ADVANCED_FACE( '', ( #1265 ), #1266, .T. );
#602 = PRESENTATION_STYLE_ASSIGNMENT( ( #1267 ) );
#603 = ADVANCED_FACE( '', ( #1268 ), #1269, .T. );
#604 = PRESENTATION_STYLE_ASSIGNMENT( ( #1270 ) );
#605 = ADVANCED_FACE( '', ( #1271, #1272 ), #1273, .F. );
#606 = PRESENTATION_STYLE_ASSIGNMENT( ( #1274 ) );
#607 = ADVANCED_FACE( '', ( #1275 ), #1276, .T. );
#608 = PRESENTATION_STYLE_ASSIGNMENT( ( #1277 ) );
#609 = ADVANCED_FACE( '', ( #1278, #1279 ), #1280, .F. );
#610 = PRESENTATION_STYLE_ASSIGNMENT( ( #1281 ) );
#611 = ADVANCED_FACE( '', ( #1282 ), #1283, .F. );
#612 = PRESENTATION_STYLE_ASSIGNMENT( ( #1284 ) );
#613 = ADVANCED_FACE( '', ( #1285, #1286 ), #1287, .F. );
#614 = PRESENTATION_STYLE_ASSIGNMENT( ( #1288 ) );
#615 = ADVANCED_FACE( '', ( #1289 ), #1290, .T. );
#616 = PRESENTATION_STYLE_ASSIGNMENT( ( #1291 ) );
#617 = ADVANCED_FACE( '', ( #1292 ), #1293, .T. );
#618 = PRESENTATION_STYLE_ASSIGNMENT( ( #1294 ) );
#619 = ADVANCED_FACE( '', ( #1295, #1296 ), #1297, .T. );
#620 = PRESENTATION_STYLE_ASSIGNMENT( ( #1298 ) );
#621 = ADVANCED_FACE( '', ( #1299 ), #1300, .F. );
#622 = PRESENTATION_STYLE_ASSIGNMENT( ( #1301 ) );
#623 = ADVANCED_FACE( '', ( #1302 ), #1303, .T. );
#624 = PRESENTATION_STYLE_ASSIGNMENT( ( #1304 ) );
#625 = ADVANCED_FACE( '', ( #1305, #1306 ), #1307, .T. );
#626 = PRESENTATION_STYLE_ASSIGNMENT( ( #1308 ) );
#627 = ADVANCED_FACE( '', ( #1309 ), #1310, .F. );
#628 = PRESENTATION_STYLE_ASSIGNMENT( ( #1311 ) );
#629 = ADVANCED_FACE( '', ( #1312 ), #1313, .T. );
#630 = PRESENTATION_STYLE_ASSIGNMENT( ( #1314 ) );
#631 = ADVANCED_FACE( '', ( #1315 ), #1316, .T. );
#632 = PRESENTATION_STYLE_ASSIGNMENT( ( #1317 ) );
#633 = ADVANCED_FACE( '', ( #1318 ), #1319, .T. );
#634 = PRESENTATION_STYLE_ASSIGNMENT( ( #1320 ) );
#635 = ADVANCED_FACE( '', ( #1321 ), #1322, .T. );
#636 = PRESENTATION_STYLE_ASSIGNMENT( ( #1323 ) );
#637 = ADVANCED_FACE( '', ( #1324 ), #1325, .F. );
#638 = PRESENTATION_STYLE_ASSIGNMENT( ( #1326 ) );
#639 = ADVANCED_FACE( '', ( #1327 ), #1328, .T. );
#640 = PRESENTATION_STYLE_ASSIGNMENT( ( #1329 ) );
#641 = ADVANCED_FACE( '', ( #1330 ), #1331, .T. );
#642 = PRESENTATION_STYLE_ASSIGNMENT( ( #1332 ) );
#643 = ADVANCED_FACE( '', ( #1333 ), #1334, .F. );
#644 = PRESENTATION_STYLE_ASSIGNMENT( ( #1335 ) );
#645 = ADVANCED_FACE( '', ( #1336 ), #1337, .T. );
#646 = PRESENTATION_STYLE_ASSIGNMENT( ( #1338 ) );
#647 = ADVANCED_FACE( '', ( #1339 ), #1340, .T. );
#648 = PRESENTATION_STYLE_ASSIGNMENT( ( #1341 ) );
#649 = ADVANCED_FACE( '', ( #1342 ), #1343, .T. );
#650 = PRESENTATION_STYLE_ASSIGNMENT( ( #1344 ) );
#651 = ADVANCED_FACE( '', ( #1345, #1346 ), #1347, .F. );
#652 = PRESENTATION_STYLE_ASSIGNMENT( ( #1348 ) );
#653 = ADVANCED_FACE( '', ( #1349 ), #1350, .T. );
#654 = PRESENTATION_STYLE_ASSIGNMENT( ( #1351 ) );
#655 = ADVANCED_FACE( '', ( #1352 ), #1353, .F. );
#656 = PRESENTATION_STYLE_ASSIGNMENT( ( #1354 ) );
#657 = ADVANCED_FACE( '', ( #1355, #1356 ), #1357, .T. );
#658 = PRESENTATION_STYLE_ASSIGNMENT( ( #1358 ) );
#659 = ADVANCED_FACE( '', ( #1359 ), #1360, .T. );
#660 = PRESENTATION_STYLE_ASSIGNMENT( ( #1361 ) );
#661 = ADVANCED_FACE( '', ( #1362, #1363 ), #1364, .T. );
#662 = PRESENTATION_STYLE_ASSIGNMENT( ( #1365 ) );
#663 = ADVANCED_FACE( '', ( #1366 ), #1367, .T. );
#664 = PRESENTATION_STYLE_ASSIGNMENT( ( #1368 ) );
#665 = ADVANCED_FACE( '', ( #1369 ), #1370, .T. );
#666 = PRESENTATION_STYLE_ASSIGNMENT( ( #1371 ) );
#667 = ADVANCED_FACE( '', ( #1372 ), #1373, .F. );
#668 = PRESENTATION_STYLE_ASSIGNMENT( ( #1374 ) );
#669 = ADVANCED_FACE( '', ( #1375 ), #1376, .F. );
#670 = PRESENTATION_STYLE_ASSIGNMENT( ( #1377 ) );
#671 = ADVANCED_FACE( '', ( #1378 ), #1379, .T. );
#672 = PRESENTATION_STYLE_ASSIGNMENT( ( #1380 ) );
#673 = ADVANCED_FACE( '', ( #1381 ), #1382, .T. );
#674 = PRESENTATION_STYLE_ASSIGNMENT( ( #1383 ) );
#675 = ADVANCED_FACE( '', ( #1384, #1385 ), #1386, .F. );
#676 = PRESENTATION_STYLE_ASSIGNMENT( ( #1387 ) );
#677 = ADVANCED_FACE( '', ( #1388 ), #1389, .F. );
#678 = PRESENTATION_STYLE_ASSIGNMENT( ( #1390 ) );
#679 = ADVANCED_FACE( '', ( #1391 ), #1392, .T. );
#680 = PRESENTATION_STYLE_ASSIGNMENT( ( #1393 ) );
#681 = ADVANCED_FACE( '', ( #1394 ), #1395, .F. );
#682 = PRESENTATION_STYLE_ASSIGNMENT( ( #1396 ) );
#683 = ADVANCED_FACE( '', ( #1397 ), #1398, .T. );
#684 = PRESENTATION_STYLE_ASSIGNMENT( ( #1399 ) );
#685 = ADVANCED_FACE( '', ( #1400 ), #1401, .T. );
#686 = PRESENTATION_STYLE_ASSIGNMENT( ( #1402 ) );
#687 = ADVANCED_FACE( '', ( #1403 ), #1404, .T. );
#688 = PRESENTATION_STYLE_ASSIGNMENT( ( #1405 ) );
#689 = ADVANCED_FACE( '', ( #1406 ), #1407, .T. );
#690 = PRESENTATION_STYLE_ASSIGNMENT( ( #1408 ) );
#691 = ADVANCED_FACE( '', ( #1409 ), #1410, .T. );
#694 = LENGTH_MEASURE_WITH_UNIT( LENGTH_MEASURE( 1.00000000000000 ), #1411 );
#697 = DIMENSIONAL_EXPONENTS( 1.00000000000000, 0.000000000000000, 0.000000000000000, 0.000000000000000, 0.000000000000000, 0.000000000000000, 0.000000000000000 );
#699 = DIMENSIONAL_EXPONENTS( 0.000000000000000, 0.000000000000000, 0.000000000000000, 0.000000000000000, 0.000000000000000, 0.000000000000000, 0.000000000000000 );
#705 = PRODUCT_CONTEXT( '', #18, 'mechanical' );
#706 = PRODUCT_DEFINITION_FORMATION_WITH_SPECIFIED_SOURCE( ' ', 'NONE', #252, .NOT_KNOWN. );
#707 = CARTESIAN_POINT( '', ( 0.000000000000000, 0.000000000000000, 0.000000000000000 ) );
#708 = DIRECTION( '', ( 0.000000000000000, 0.000000000000000, 1.00000000000000 ) );
#709 = DIRECTION( '', ( 1.00000000000000, 0.000000000000000, 0.000000000000000 ) );
#710 = CARTESIAN_POINT( '', ( 0.000000000000000, 0.000000000000000, 0.000000000000000 ) );
#711 = DIRECTION( '', ( 0.000000000000000, 0.000000000000000, 1.00000000000000 ) );
#712 = DIRECTION( '', ( 1.00000000000000, 0.000000000000000, 0.000000000000000 ) );
#713 = CARTESIAN_POINT( '', ( 1.15555796663234E-30, 7.70371977754894E-31, 0.600000000000000 ) );
#714 = DIRECTION( '', ( -5.64326264466610E-16, -5.64326264466610E-16, 1.00000000000000 ) );
#715 = DIRECTION( '', ( 3.18464132766838E-31, -1.00000000000000, -5.64326264466610E-16 ) );
#718 = UNCERTAINTY_MEASURE_WITH_UNIT( LENGTH_MEASURE( 0.00100000000000000 ), #720, '', '' );
#720 =  ( CONVERSION_BASED_UNIT( 'MILLIMETRE', #1414 )LENGTH_UNIT(  )NAMED_UNIT( #1417 ) );
#721 =  ( NAMED_UNIT( #1419 )PLANE_ANGLE_UNIT(  )SI_UNIT( $, .RADIAN. ) );
#722 =  ( NAMED_UNIT( #1419 )SI_UNIT( $, .STERADIAN. )SOLID_ANGLE_UNIT(  ) );
#724 = PRODUCT_DEFINITION_FORMATION_WITH_SPECIFIED_SOURCE( ' ', 'NONE', #258, .NOT_KNOWN. );
#725 = CLOSED_SHELL( '', ( #535, #313, #597, #341, #381, #531, #633, #445, #415, #315, #427, #355, #499, #501, #545, #631, #569, #611, #563, #553, #665, #637, #383, #635, #339, #357, #435, #557, #625, #437, #657, #323, #387, #503, #599, #469, #441, #429, #287, #327, #537, #541, #655, #571 ) );
#726 = PRODUCT_DEFINITION_FORMATION_WITH_SPECIFIED_SOURCE( ' ', 'NONE', #266, .NOT_KNOWN. );
#727 = CLOSED_SHELL( '', ( #641, #659, #565, #575, #413, #601, #407, #513, #687, #617, #401, #577, #459, #417, #307, #359, #331, #689, #521, #543, #679, #647, #549, #673, #433, #653, #329, #301, #275, #481, #393, #509, #629, #581, #293, #591, #539, #345, #473, #471, #529, #277, #409, #479, #643, #547, #551, #495, #289, #667, #579, #559, #485, #305, #303, #291, #391, #333, #487, #489, #297, #615, #453, #325, #511, #399, #389, #319, #361, #523, #467, #621, #669, #491, #421, #423, #439, #493, #567, #419, #373, #405, #281, #395, #351, #321, #411, #589, #369, #573, #675, #627, #555, #497, #397, #681, #607, #309, #613, #455, #377, #651, #365, #477, #533, #619, #285, #463, #527, #661, #515, #317, #363, #299, #451, #483, #449, #587, #465, #583, #367, #335, #375, #349, #639, #337, #507, #671, #385, #447, #517, #403, #311, #593, #609, #283, #379, #595, #585, #605, #505, #561, #685, #683, #475, #431, #603, #343, #443, #649, #347, #371, #457, #645, #663, #425, #623, #279, #295, #353, #519, #525, #677, #691, #461 ) );
#728 = SURFACE_STYLE_USAGE( .BOTH., #1425 );
#729 = FACE_OUTER_BOUND( '', #1426, .T. );
#730 = PLANE( '', #1427 );
#731 = SURFACE_STYLE_USAGE( .BOTH., #1428 );
#732 = FACE_OUTER_BOUND( '', #1429, .T. );
#733 = PLANE( '', #1430 );
#734 = SURFACE_STYLE_USAGE( .BOTH., #1431 );
#735 = FACE_OUTER_BOUND( '', #1432, .T. );
#736 = PLANE( '', #1433 );
#737 = SURFACE_STYLE_USAGE( .BOTH., #1434 );
#738 = FACE_OUTER_BOUND( '', #1435, .T. );
#739 = PLANE( '', #1436 );
#740 = SURFACE_STYLE_USAGE( .BOTH., #1437 );
#741 = FACE_OUTER_BOUND( '', #1438, .T. );
#742 = PLANE( '', #1439 );
#743 = SURFACE_STYLE_USAGE( .BOTH., #1440 );
#744 = FACE_BOUND( '', #1441, .T. );
#745 = FACE_OUTER_BOUND( '', #1442, .T. );
#746 = PLANE( '', #1443 );
#747 = SURFACE_STYLE_USAGE( .BOTH., #1444 );
#748 = FACE_OUTER_BOUND( '', #1445, .T. );
#749 = CYLINDRICAL_SURFACE( '', #1446, 0.650000000000000 );
#750 = SURFACE_STYLE_USAGE( .BOTH., #1447 );
#751 = FACE_OUTER_BOUND( '', #1448, .T. );
#752 = PLANE( '', #1449 );
#753 = SURFACE_STYLE_USAGE( .BOTH., #1450 );
#754 = FACE_OUTER_BOUND( '', #1451, .T. );
#755 = PLANE( '', #1452 );
#756 = SURFACE_STYLE_USAGE( .BOTH., #1453 );
#757 = FACE_OUTER_BOUND( '', #1454, .T. );
#758 = SURFACE_OF_LINEAR_EXTRUSION( '', #1455, #1456 );
#759 = SURFACE_STYLE_USAGE( .BOTH., #1457 );
#760 = FACE_OUTER_BOUND( '', #1458, .T. );
#761 = PLANE( '', #1459 );
#762 = SURFACE_STYLE_USAGE( .BOTH., #1460 );
#763 = FACE_OUTER_BOUND( '', #1461, .T. );
#764 = PLANE( '', #1462 );
#765 = SURFACE_STYLE_USAGE( .BOTH., #1463 );
#766 = FACE_OUTER_BOUND( '', #1464, .T. );
#767 = FACE_OUTER_BOUND( '', #1465, .T. );
#768 = TOROIDAL_SURFACE( '', #1466, 3.76000000000000, 0.240000000000000 );
#769 = SURFACE_STYLE_USAGE( .BOTH., #1467 );
#770 = FACE_OUTER_BOUND( '', #1468, .T. );
#771 = PLANE( '', #1469 );
#772 = SURFACE_STYLE_USAGE( .BOTH., #1470 );
#773 = FACE_OUTER_BOUND( '', #1471, .T. );
#774 = PLANE( '', #1472 );
#775 = SURFACE_STYLE_USAGE( .BOTH., #1473 );
#776 = FACE_OUTER_BOUND( '', #1474, .T. );
#777 = PLANE( '', #1475 );
#778 = SURFACE_STYLE_USAGE( .BOTH., #1476 );
#779 = FACE_OUTER_BOUND( '', #1477, .T. );
#780 = PLANE( '', #1478 );
#781 = SURFACE_STYLE_USAGE( .BOTH., #1479 );
#782 = FACE_BOUND( '', #1480, .T. );
#783 = FACE_OUTER_BOUND( '', #1481, .T. );
#784 = PLANE( '', #1482 );
#785 = SURFACE_STYLE_USAGE( .BOTH., #1483 );
#786 = FACE_OUTER_BOUND( '', #1484, .T. );
#787 = PLANE( '', #1485 );
#788 = SURFACE_STYLE_USAGE( .BOTH., #1486 );
#789 = FACE_OUTER_BOUND( '', #1487, .T. );
#790 = CYLINDRICAL_SURFACE( '', #1488, 0.800000000000000 );
#791 = SURFACE_STYLE_USAGE( .BOTH., #1489 );
#792 = FACE_OUTER_BOUND( '', #1490, .T. );
#793 = FACE_OUTER_BOUND( '', #1491, .T. );
#794 = CYLINDRICAL_SURFACE( '', #1492, 0.600000000000000 );
#795 = SURFACE_STYLE_USAGE( .BOTH., #1493 );
#796 = FACE_BOUND( '', #1494, .T. );
#797 = FACE_OUTER_BOUND( '', #1495, .T. );
#798 = PLANE( '', #1496 );
#799 = SURFACE_STYLE_USAGE( .BOTH., #1497 );
#800 = FACE_OUTER_BOUND( '', #1498, .T. );
#801 = PLANE( '', #1499 );
#802 = SURFACE_STYLE_USAGE( .BOTH., #1500 );
#803 = FACE_OUTER_BOUND( '', #1501, .T. );
#804 = PLANE( '', #1502 );
#805 = SURFACE_STYLE_USAGE( .BOTH., #1503 );
#806 = FACE_OUTER_BOUND( '', #1504, .T. );
#807 = PLANE( '', #1505 );
#808 = SURFACE_STYLE_USAGE( .BOTH., #1506 );
#809 = FACE_OUTER_BOUND( '', #1507, .T. );
#810 = PLANE( '', #1508 );
#811 = SURFACE_STYLE_USAGE( .BOTH., #1509 );
#812 = FACE_BOUND( '', #1510, .T. );
#813 = FACE_OUTER_BOUND( '', #1511, .T. );
#814 = PLANE( '', #1512 );
#815 = SURFACE_STYLE_USAGE( .BOTH., #1513 );
#816 = FACE_OUTER_BOUND( '', #1514, .T. );
#817 = PLANE( '', #1515 );
#818 = SURFACE_STYLE_USAGE( .BOTH., #1516 );
#819 = FACE_OUTER_BOUND( '', #1517, .T. );
#820 = PLANE( '', #1518 );
#821 = SURFACE_STYLE_USAGE( .BOTH., #1519 );
#822 = FACE_OUTER_BOUND( '', #1520, .T. );
#823 = PLANE( '', #1521 );
#824 = SURFACE_STYLE_USAGE( .BOTH., #1522 );
#825 = FACE_BOUND( '', #1523, .T. );
#826 = FACE_OUTER_BOUND( '', #1524, .T. );
#827 = PLANE( '', #1525 );
#828 = SURFACE_STYLE_USAGE( .BOTH., #1526 );
#829 = FACE_OUTER_BOUND( '', #1527, .T. );
#830 = SURFACE_OF_LINEAR_EXTRUSION( '', #1528, #1529 );
#831 = SURFACE_STYLE_USAGE( .BOTH., #1530 );
#832 = FACE_OUTER_BOUND( '', #1531, .T. );
#833 = PLANE( '', #1532 );
#834 = SURFACE_STYLE_USAGE( .BOTH., #1533 );
#835 = FACE_OUTER_BOUND( '', #1534, .T. );
#836 = PLANE( '', #1535 );
#837 = SURFACE_STYLE_USAGE( .BOTH., #1536 );
#838 = FACE_OUTER_BOUND( '', #1537, .T. );
#839 = PLANE( '', #1538 );
#840 = SURFACE_STYLE_USAGE( .BOTH., #1539 );
#841 = FACE_OUTER_BOUND( '', #1540, .T. );
#842 = PLANE( '', #1541 );
#843 = SURFACE_STYLE_USAGE( .BOTH., #1542 );
#844 = FACE_OUTER_BOUND( '', #1543, .T. );
#845 = SURFACE_OF_LINEAR_EXTRUSION( '', #1544, #1545 );
#846 = SURFACE_STYLE_USAGE( .BOTH., #1546 );
#847 = FACE_OUTER_BOUND( '', #1547, .T. );
#848 = PLANE( '', #1548 );
#849 = SURFACE_STYLE_USAGE( .BOTH., #1549 );
#850 = FACE_OUTER_BOUND( '', #1550, .T. );
#851 = CYLINDRICAL_SURFACE( '', #1551, 0.350000000000000 );
#852 = SURFACE_STYLE_USAGE( .BOTH., #1552 );
#853 = FACE_OUTER_BOUND( '', #1553, .T. );
#854 = PLANE( '', #1554 );
#855 = SURFACE_STYLE_USAGE( .BOTH., #1555 );
#856 = FACE_OUTER_BOUND( '', #1556, .T. );
#857 = FACE_BOUND( '', #1557, .T. );
#858 = FACE_BOUND( '', #1558, .T. );
#859 = FACE_BOUND( '', #1559, .T. );
#860 = FACE_BOUND( '', #1560, .T. );
#861 = PLANE( '', #1561 );
#862 = SURFACE_STYLE_USAGE( .BOTH., #1562 );
#863 = FACE_OUTER_BOUND( '', #1563, .T. );
#864 = CYLINDRICAL_SURFACE( '', #1564, 4.00000000000000 );
#865 = SURFACE_STYLE_USAGE( .BOTH., #1565 );
#866 = FACE_OUTER_BOUND( '', #1566, .T. );
#867 = PLANE( '', #1567 );
#868 = SURFACE_STYLE_USAGE( .BOTH., #1568 );
#869 = FACE_OUTER_BOUND( '', #1569, .T. );
#870 = CYLINDRICAL_SURFACE( '', #1570, 3.60000000000000 );
#871 = SURFACE_STYLE_USAGE( .BOTH., #1571 );
#872 = FACE_OUTER_BOUND( '', #1572, .T. );
#873 = PLANE( '', #1573 );
#874 = SURFACE_STYLE_USAGE( .BOTH., #1574 );
#875 = FACE_OUTER_BOUND( '', #1575, .T. );
#876 = FACE_OUTER_BOUND( '', #1576, .T. );
#877 = CYLINDRICAL_SURFACE( '', #1577, 1.06000000000000 );
#878 = SURFACE_STYLE_USAGE( .BOTH., #1578 );
#879 = FACE_OUTER_BOUND( '', #1579, .T. );
#880 = PLANE( '', #1580 );
#881 = SURFACE_STYLE_USAGE( .BOTH., #1581 );
#882 = FACE_OUTER_BOUND( '', #1582, .T. );
#883 = FACE_OUTER_BOUND( '', #1583, .T. );
#884 = CYLINDRICAL_SURFACE( '', #1584, 0.500000000000000 );
#885 = SURFACE_STYLE_USAGE( .BOTH., #1585 );
#886 = FACE_OUTER_BOUND( '', #1586, .T. );
#887 = PLANE( '', #1587 );
#888 = SURFACE_STYLE_USAGE( .BOTH., #1588 );
#889 = FACE_OUTER_BOUND( '', #1589, .T. );
#890 = CYLINDRICAL_SURFACE( '', #1590, 0.0500000000000000 );
#891 = SURFACE_STYLE_USAGE( .BOTH., #1591 );
#892 = FACE_OUTER_BOUND( '', #1592, .T. );
#893 = SURFACE_OF_LINEAR_EXTRUSION( '', #1593, #1594 );
#894 = SURFACE_STYLE_USAGE( .BOTH., #1595 );
#895 = FACE_BOUND( '', #1596, .T. );
#896 = FACE_OUTER_BOUND( '', #1597, .T. );
#897 = PLANE( '', #1598 );
#898 = SURFACE_STYLE_USAGE( .BOTH., #1599 );
#899 = FACE_OUTER_BOUND( '', #1600, .T. );
#900 = PLANE( '', #1601 );
#901 = SURFACE_STYLE_USAGE( .BOTH., #1602 );
#902 = FACE_OUTER_BOUND( '', #1603, .T. );
#903 = PLANE( '', #1604 );
#904 = SURFACE_STYLE_USAGE( .BOTH., #1605 );
#905 = FACE_OUTER_BOUND( '', #1606, .T. );
#906 = PLANE( '', #1607 );
#907 = SURFACE_STYLE_USAGE( .BOTH., #1608 );
#908 = FACE_OUTER_BOUND( '', #1609, .T. );
#909 = PLANE( '', #1610 );
#910 = SURFACE_STYLE_USAGE( .BOTH., #1611 );
#911 = FACE_OUTER_BOUND( '', #1612, .T. );
#912 = FACE_OUTER_BOUND( '', #1613, .T. );
#913 = CYLINDRICAL_SURFACE( '', #1614, 0.500000000000000 );
#914 = SURFACE_STYLE_USAGE( .BOTH., #1615 );
#915 = FACE_OUTER_BOUND( '', #1616, .T. );
#916 = PLANE( '', #1617 );
#917 = SURFACE_STYLE_USAGE( .BOTH., #1618 );
#918 = FACE_OUTER_BOUND( '', #1619, .T. );
#919 = PLANE( '', #1620 );
#920 = SURFACE_STYLE_USAGE( .BOTH., #1621 );
#921 = FACE_OUTER_BOUND( '', #1622, .T. );
#922 = SURFACE_OF_LINEAR_EXTRUSION( '', #1623, #1624 );
#923 = SURFACE_STYLE_USAGE( .BOTH., #1625 );
#924 = FACE_OUTER_BOUND( '', #1626, .T. );
#925 = PLANE( '', #1627 );
#926 = SURFACE_STYLE_USAGE( .BOTH., #1628 );
#927 = FACE_OUTER_BOUND( '', #1629, .T. );
#928 = PLANE( '', #1630 );
#929 = SURFACE_STYLE_USAGE( .BOTH., #1631 );
#930 = FACE_OUTER_BOUND( '', #1632, .T. );
#931 = PLANE( '', #1633 );
#932 = SURFACE_STYLE_USAGE( .BOTH., #1634 );
#933 = FACE_OUTER_BOUND( '', #1635, .T. );
#934 = PLANE( '', #1636 );
#935 = SURFACE_STYLE_USAGE( .BOTH., #1637 );
#936 = FACE_BOUND( '', #1638, .T. );
#937 = FACE_OUTER_BOUND( '', #1639, .T. );
#938 = PLANE( '', #1640 );
#939 = SURFACE_STYLE_USAGE( .BOTH., #1641 );
#940 = FACE_OUTER_BOUND( '', #1642, .T. );
#941 = PLANE( '', #1643 );
#942 = SURFACE_STYLE_USAGE( .BOTH., #1644 );
#943 = FACE_OUTER_BOUND( '', #1645, .T. );
#944 = PLANE( '', #1646 );
#945 = SURFACE_STYLE_USAGE( .BOTH., #1647 );
#946 = FACE_OUTER_BOUND( '', #1648, .T. );
#947 = PLANE( '', #1649 );
#948 = SURFACE_STYLE_USAGE( .BOTH., #1650 );
#949 = FACE_OUTER_BOUND( '', #1651, .T. );
#950 = PLANE( '', #1652 );
#951 = SURFACE_STYLE_USAGE( .BOTH., #1653 );
#952 = FACE_OUTER_BOUND( '', #1654, .T. );
#953 = PLANE( '', #1655 );
#954 = SURFACE_STYLE_USAGE( .BOTH., #1656 );
#955 = FACE_OUTER_BOUND( '', #1657, .T. );
#956 = PLANE( '', #1658 );
#957 = SURFACE_STYLE_USAGE( .BOTH., #1659 );
#958 = FACE_OUTER_BOUND( '', #1660, .T. );
#959 = PLANE( '', #1661 );
#960 = SURFACE_STYLE_USAGE( .BOTH., #1662 );
#961 = FACE_OUTER_BOUND( '', #1663, .T. );
#962 = PLANE( '', #1664 );
#963 = SURFACE_STYLE_USAGE( .BOTH., #1665 );
#964 = FACE_OUTER_BOUND( '', #1666, .T. );
#965 = PLANE( '', #1667 );
#966 = SURFACE_STYLE_USAGE( .BOTH., #1668 );
#967 = FACE_OUTER_BOUND( '', #1669, .T. );
#968 = CYLINDRICAL_SURFACE( '', #1670, 0.350000000000000 );
#969 = SURFACE_STYLE_USAGE( .BOTH., #1671 );
#970 = FACE_OUTER_BOUND( '', #1672, .T. );
#971 = PLANE( '', #1673 );
#972 = SURFACE_STYLE_USAGE( .BOTH., #1674 );
#973 = FACE_OUTER_BOUND( '', #1675, .T. );
#974 = FACE_BOUND( '', #1676, .T. );
#975 = FACE_BOUND( '', #1677, .T. );
#976 = PLANE( '', #1678 );
#977 = SURFACE_STYLE_USAGE( .BOTH., #1679 );
#978 = FACE_OUTER_BOUND( '', #1680, .T. );
#979 = PLANE( '', #1681 );
#980 = SURFACE_STYLE_USAGE( .BOTH., #1682 );
#981 = FACE_OUTER_BOUND( '', #1683, .T. );
#982 = PLANE( '', #1684 );
#983 = SURFACE_STYLE_USAGE( .BOTH., #1685 );
#984 = FACE_OUTER_BOUND( '', #1686, .T. );
#985 = PLANE( '', #1687 );
#986 = SURFACE_STYLE_USAGE( .BOTH., #1688 );
#987 = FACE_OUTER_BOUND( '', #1689, .T. );
#988 = PLANE( '', #1690 );
#989 = SURFACE_STYLE_USAGE( .BOTH., #1691 );
#990 = FACE_OUTER_BOUND( '', #1692, .T. );
#991 = PLANE( '', #1693 );
#992 = SURFACE_STYLE_USAGE( .BOTH., #1694 );
#993 = FACE_OUTER_BOUND( '', #1695, .T. );
#994 = PLANE( '', #1696 );
#995 = SURFACE_STYLE_USAGE( .BOTH., #1697 );
#996 = FACE_OUTER_BOUND( '', #1698, .T. );
#997 = PLANE( '', #1699 );
#998 = SURFACE_STYLE_USAGE( .BOTH., #1700 );
#999 = FACE_OUTER_BOUND( '', #1701, .T. );
#1000 = SURFACE_OF_LINEAR_EXTRUSION( '', #1702, #1703 );
#1001 = SURFACE_STYLE_USAGE( .BOTH., #1704 );
#1002 = FACE_OUTER_BOUND( '', #1705, .T. );
#1003 = PLANE( '', #1706 );
#1004 = SURFACE_STYLE_USAGE( .BOTH., #1707 );
#1005 = FACE_OUTER_BOUND( '', #1708, .T. );
#1006 = PLANE( '', #1709 );
#1007 = SURFACE_STYLE_USAGE( .BOTH., #1710 );
#1008 = FACE_OUTER_BOUND( '', #1711, .T. );
#1009 = FACE_OUTER_BOUND( '', #1712, .T. );
#1010 = TOROIDAL_SURFACE( '', #1713, 3.80000000000000, 0.240000000000000 );
#1011 = SURFACE_STYLE_USAGE( .BOTH., #1714 );
#1012 = FACE_OUTER_BOUND( '', #1715, .T. );
#1013 = FACE_OUTER_BOUND( '', #1716, .T. );
#1014 = TOROIDAL_SURFACE( '', #1717, 3.60000000000000, 0.400000000000000 );
#1015 = SURFACE_STYLE_USAGE( .BOTH., #1718 );
#1016 = FACE_OUTER_BOUND( '', #1719, .T. );
#1017 = PLANE( '', #1720 );
#1018 = SURFACE_STYLE_USAGE( .BOTH., #1721 );
#1019 = FACE_OUTER_BOUND( '', #1722, .T. );
#1020 = FACE_OUTER_BOUND( '', #1723, .T. );
#1021 = CYLINDRICAL_SURFACE( '', #1724, 1.54000000000000 );
#1022 = SURFACE_STYLE_USAGE( .BOTH., #1725 );
#1023 = FACE_OUTER_BOUND( '', #1726, .T. );
#1024 = PLANE( '', #1727 );
#1025 = SURFACE_STYLE_USAGE( .BOTH., #1728 );
#1026 = FACE_OUTER_BOUND( '', #1729, .T. );
#1027 = PLANE( '', #1730 );
#1028 = SURFACE_STYLE_USAGE( .BOTH., #1731 );
#1029 = FACE_OUTER_BOUND( '', #1732, .T. );
#1030 = CYLINDRICAL_SURFACE( '', #1733, 1.94000000000000 );
#1031 = SURFACE_STYLE_USAGE( .BOTH., #1734 );
#1032 = FACE_OUTER_BOUND( '', #1735, .T. );
#1033 = FACE_OUTER_BOUND( '', #1736, .T. );
#1034 = CYLINDRICAL_SURFACE( '', #1737, 2.80000000000000 );
#1035 = SURFACE_STYLE_USAGE( .BOTH., #1738 );
#1036 = FACE_OUTER_BOUND( '', #1739, .T. );
#1037 = FACE_OUTER_BOUND( '', #1740, .T. );
#1038 = TOROIDAL_SURFACE( '', #1741, 3.76000000000000, 0.240000000000000 );
#1039 = SURFACE_STYLE_USAGE( .BOTH., #1742 );
#1040 = FACE_OUTER_BOUND( '', #1743, .T. );
#1041 = PLANE( '', #1744 );
#1042 = SURFACE_STYLE_USAGE( .BOTH., #1745 );
#1043 = FACE_OUTER_BOUND( '', #1746, .T. );
#1044 = PLANE( '', #1747 );
#1045 = SURFACE_STYLE_USAGE( .BOTH., #1748 );
#1046 = FACE_OUTER_BOUND( '', #1749, .T. );
#1047 = PLANE( '', #1750 );
#1048 = SURFACE_STYLE_USAGE( .BOTH., #1751 );
#1049 = FACE_OUTER_BOUND( '', #1752, .T. );
#1050 = PLANE( '', #1753 );
#1051 = SURFACE_STYLE_USAGE( .BOTH., #1754 );
#1052 = FACE_OUTER_BOUND( '', #1755, .T. );
#1053 = SURFACE_OF_LINEAR_EXTRUSION( '', #1756, #1757 );
#1054 = SURFACE_STYLE_USAGE( .BOTH., #1758 );
#1055 = FACE_BOUND( '', #1759, .T. );
#1056 = FACE_OUTER_BOUND( '', #1760, .T. );
#1057 = PLANE( '', #1761 );
#1058 = SURFACE_STYLE_USAGE( .BOTH., #1762 );
#1059 = FACE_OUTER_BOUND( '', #1763, .T. );
#1060 = PLANE( '', #1764 );
#1061 = SURFACE_STYLE_USAGE( .BOTH., #1765 );
#1062 = FACE_OUTER_BOUND( '', #1766, .T. );
#1063 = SURFACE_OF_LINEAR_EXTRUSION( '', #1767, #1768 );
#1064 = SURFACE_STYLE_USAGE( .BOTH., #1769 );
#1065 = FACE_OUTER_BOUND( '', #1770, .T. );
#1066 = FACE_OUTER_BOUND( '', #1771, .T. );
#1067 = TOROIDAL_SURFACE( '', #1772, 3.60000000000000, 0.400000000000000 );
#1068 = SURFACE_STYLE_USAGE( .BOTH., #1773 );
#1069 = FACE_OUTER_BOUND( '', #1774, .T. );
#1070 = PLANE( '', #1775 );
#1071 = SURFACE_STYLE_USAGE( .BOTH., #1776 );
#1072 = FACE_OUTER_BOUND( '', #1777, .T. );
#1073 = PLANE( '', #1778 );
#1074 = SURFACE_STYLE_USAGE( .BOTH., #1779 );
#1075 = FACE_OUTER_BOUND( '', #1780, .T. );
#1076 = PLANE( '', #1781 );
#1077 = SURFACE_STYLE_USAGE( .BOTH., #1782 );
#1078 = FACE_OUTER_BOUND( '', #1783, .T. );
#1079 = PLANE( '', #1784 );
#1080 = SURFACE_STYLE_USAGE( .BOTH., #1785 );
#1081 = FACE_OUTER_BOUND( '', #1786, .T. );
#1082 = PLANE( '', #1787 );
#1083 = SURFACE_STYLE_USAGE( .BOTH., #1788 );
#1084 = FACE_OUTER_BOUND( '', #1789, .T. );
#1085 = PLANE( '', #1790 );
#1086 = SURFACE_STYLE_USAGE( .BOTH., #1791 );
#1087 = FACE_OUTER_BOUND( '', #1792, .T. );
#1088 = CYLINDRICAL_SURFACE( '', #1793, 2.50000000000000 );
#1089 = SURFACE_STYLE_USAGE( .BOTH., #1794 );
#1090 = FACE_OUTER_BOUND( '', #1795, .T. );
#1091 = PLANE( '', #1796 );
#1092 = SURFACE_STYLE_USAGE( .BOTH., #1797 );
#1093 = FACE_OUTER_BOUND( '', #1798, .T. );
#1094 = CYLINDRICAL_SURFACE( '', #1799, 4.00000000000000 );
#1095 = SURFACE_STYLE_USAGE( .BOTH., #1800 );
#1096 = FACE_OUTER_BOUND( '', #1801, .T. );
#1097 = PLANE( '', #1802 );
#1098 = SURFACE_STYLE_USAGE( .BOTH., #1803 );
#1099 = FACE_OUTER_BOUND( '', #1804, .T. );
#1100 = PLANE( '', #1805 );
#1101 = SURFACE_STYLE_USAGE( .BOTH., #1806 );
#1102 = FACE_OUTER_BOUND( '', #1807, .T. );
#1103 = PLANE( '', #1808 );
#1104 = SURFACE_STYLE_USAGE( .BOTH., #1809 );
#1105 = FACE_OUTER_BOUND( '', #1810, .T. );
#1106 = SURFACE_OF_LINEAR_EXTRUSION( '', #1811, #1812 );
#1107 = SURFACE_STYLE_USAGE( .BOTH., #1813 );
#1108 = FACE_OUTER_BOUND( '', #1814, .T. );
#1109 = PLANE( '', #1815 );
#1110 = SURFACE_STYLE_USAGE( .BOTH., #1816 );
#1111 = FACE_OUTER_BOUND( '', #1817, .T. );
#1112 = PLANE( '', #1818 );
#1113 = SURFACE_STYLE_USAGE( .BOTH., #1819 );
#1114 = FACE_OUTER_BOUND( '', #1820, .T. );
#1115 = FACE_OUTER_BOUND( '', #1821, .T. );
#1116 = CYLINDRICAL_SURFACE( '', #1822, 4.00000000000000 );
#1117 = SURFACE_STYLE_USAGE( .BOTH., #1823 );
#1118 = FACE_BOUND( '', #1824, .T. );
#1119 = FACE_OUTER_BOUND( '', #1825, .T. );
#1120 = PLANE( '', #1826 );
#1121 = SURFACE_STYLE_USAGE( .BOTH., #1827 );
#1122 = FACE_OUTER_BOUND( '', #1828, .T. );
#1123 = SURFACE_OF_LINEAR_EXTRUSION( '', #1829, #1830 );
#1124 = SURFACE_STYLE_USAGE( .BOTH., #1831 );
#1125 = FACE_OUTER_BOUND( '', #1832, .T. );
#1126 = PLANE( '', #1833 );
#1127 = SURFACE_STYLE_USAGE( .BOTH., #1834 );
#1128 = FACE_OUTER_BOUND( '', #1835, .T. );
#1129 = PLANE( '', #1836 );
#1130 = SURFACE_STYLE_USAGE( .BOTH., #1837 );
#1131 = FACE_OUTER_BOUND( '', #1838, .T. );
#1132 = PLANE( '', #1839 );
#1133 = SURFACE_STYLE_USAGE( .BOTH., #1840 );
#1134 = FACE_OUTER_BOUND( '', #1841, .T. );
#1135 = FACE_OUTER_BOUND( '', #1842, .T. );
#1136 = CYLINDRICAL_SURFACE( '', #1843, 4.00000000000000 );
#1137 = SURFACE_STYLE_USAGE( .BOTH., #1844 );
#1138 = FACE_OUTER_BOUND( '', #1845, .T. );
#1139 = PLANE( '', #1846 );
#1140 = SURFACE_STYLE_USAGE( .BOTH., #1847 );
#1141 = FACE_OUTER_BOUND( '', #1848, .T. );
#1142 = PLANE( '', #1849 );
#1143 = SURFACE_STYLE_USAGE( .BOTH., #1850 );
#1144 = FACE_OUTER_BOUND( '', #1851, .T. );
#1145 = FACE_OUTER_BOUND( '', #1852, .T. );
#1146 = CYLINDRICAL_SURFACE( '', #1853, 0.500000000000000 );
#1147 = SURFACE_STYLE_USAGE( .BOTH., #1854 );
#1148 = FACE_OUTER_BOUND( '', #1855, .T. );
#1149 = CYLINDRICAL_SURFACE( '', #1856, 0.800000000000000 );
#1150 = SURFACE_STYLE_USAGE( .BOTH., #1857 );
#1151 = FACE_OUTER_BOUND( '', #1858, .T. );
#1152 = FACE_BOUND( '', #1859, .T. );
#1153 = PLANE( '', #1860 );
#1154 = SURFACE_STYLE_USAGE( .BOTH., #1861 );
#1155 = FACE_OUTER_BOUND( '', #1862, .T. );
#1156 = PLANE( '', #1863 );
#1157 = SURFACE_STYLE_USAGE( .BOTH., #1864 );
#1158 = FACE_OUTER_BOUND( '', #1865, .T. );
#1159 = PLANE( '', #1866 );
#1160 = SURFACE_STYLE_USAGE( .BOTH., #1867 );
#1161 = FACE_OUTER_BOUND( '', #1868, .T. );
#1162 = PLANE( '', #1869 );
#1163 = SURFACE_STYLE_USAGE( .BOTH., #1870 );
#1164 = FACE_OUTER_BOUND( '', #1871, .T. );
#1165 = PLANE( '', #1872 );
#1166 = SURFACE_STYLE_USAGE( .BOTH., #1873 );
#1167 = FACE_OUTER_BOUND( '', #1874, .T. );
#1168 = PLANE( '', #1875 );
#1169 = SURFACE_STYLE_USAGE( .BOTH., #1876 );
#1170 = FACE_OUTER_BOUND( '', #1877, .T. );
#1171 = PLANE( '', #1878 );
#1172 = SURFACE_STYLE_USAGE( .BOTH., #1879 );
#1173 = FACE_OUTER_BOUND( '', #1880, .T. );
#1174 = PLANE( '', #1881 );
#1175 = SURFACE_STYLE_USAGE( .BOTH., #1882 );
#1176 = FACE_OUTER_BOUND( '', #1883, .T. );
#1177 = PLANE( '', #1884 );
#1178 = SURFACE_STYLE_USAGE( .BOTH., #1885 );
#1179 = FACE_OUTER_BOUND( '', #1886, .T. );
#1180 = CYLINDRICAL_SURFACE( '', #1887, 2.42000000000000 );
#1181 = SURFACE_STYLE_USAGE( .BOTH., #1888 );
#1182 = FACE_OUTER_BOUND( '', #1889, .T. );
#1183 = PLANE( '', #1890 );
#1184 = SURFACE_STYLE_USAGE( .BOTH., #1891 );
#1185 = FACE_OUTER_BOUND( '', #1892, .T. );
#1186 = PLANE( '', #1893 );
#1187 = SURFACE_STYLE_USAGE( .BOTH., #1894 );
#1188 = FACE_OUTER_BOUND( '', #1895, .T. );
#1189 = FACE_OUTER_BOUND( '', #1896, .T. );
#1190 = SURFACE_OF_LINEAR_EXTRUSION( '', #1897, #1898 );
#1191 = SURFACE_STYLE_USAGE( .BOTH., #1899 );
#1192 = FACE_OUTER_BOUND( '', #1900, .T. );
#1193 = PLANE( '', #1901 );
#1194 = SURFACE_STYLE_USAGE( .BOTH., #1902 );
#1195 = FACE_OUTER_BOUND( '', #1903, .T. );
#1196 = PLANE( '', #1904 );
#1197 = SURFACE_STYLE_USAGE( .BOTH., #1905 );
#1198 = FACE_OUTER_BOUND( '', #1906, .T. );
#1199 = PLANE( '', #1907 );
#1200 = SURFACE_STYLE_USAGE( .BOTH., #1908 );
#1201 = FACE_OUTER_BOUND( '', #1909, .T. );
#1202 = PLANE( '', #1910 );
#1203 = SURFACE_STYLE_USAGE( .BOTH., #1911 );
#1204 = FACE_OUTER_BOUND( '', #1912, .T. );
#1205 = PLANE( '', #1913 );
#1206 = SURFACE_STYLE_USAGE( .BOTH., #1914 );
#1207 = FACE_BOUND( '', #1915, .T. );
#1208 = FACE_OUTER_BOUND( '', #1916, .T. );
#1209 = PLANE( '', #1917 );
#1210 = SURFACE_STYLE_USAGE( .BOTH., #1918 );
#1211 = FACE_OUTER_BOUND( '', #1919, .T. );
#1212 = PLANE( '', #1920 );
#1213 = SURFACE_STYLE_USAGE( .BOTH., #1921 );
#1214 = FACE_OUTER_BOUND( '', #1922, .T. );
#1215 = PLANE( '', #1923 );
#1216 = SURFACE_STYLE_USAGE( .BOTH., #1924 );
#1217 = FACE_OUTER_BOUND( '', #1925, .T. );
#1218 = PLANE( '', #1926 );
#1219 = SURFACE_STYLE_USAGE( .BOTH., #1927 );
#1220 = FACE_OUTER_BOUND( '', #1928, .T. );
#1221 = PLANE( '', #1929 );
#1222 = SURFACE_STYLE_USAGE( .BOTH., #1930 );
#1223 = FACE_BOUND( '', #1931, .T. );
#1224 = FACE_BOUND( '', #1932, .T. );
#1225 = FACE_BOUND( '', #1933, .T. );
#1226 = FACE_BOUND( '', #1934, .T. );
#1227 = FACE_BOUND( '', #1935, .T. );
#1228 = FACE_OUTER_BOUND( '', #1936, .T. );
#1229 = FACE_BOUND( '', #1937, .T. );
#1230 = FACE_BOUND( '', #1938, .T. );
#1231 = FACE_BOUND( '', #1939, .T. );
#1232 = FACE_BOUND( '', #1940, .T. );
#1233 = FACE_BOUND( '', #1941, .T. );
#1234 = PLANE( '', #1942 );
#1235 = SURFACE_STYLE_USAGE( .BOTH., #1943 );
#1236 = FACE_OUTER_BOUND( '', #1944, .T. );
#1237 = CYLINDRICAL_SURFACE( '', #1945, 2.50000000000000 );
#1238 = SURFACE_STYLE_USAGE( .BOTH., #1946 );
#1239 = FACE_OUTER_BOUND( '', #1947, .T. );
#1240 = FACE_OUTER_BOUND( '', #1948, .T. );
#1241 = TOROIDAL_SURFACE( '', #1949, 3.80000000000000, 0.240000000000000 );
#1242 = SURFACE_STYLE_USAGE( .BOTH., #1950 );
#1243 = FACE_OUTER_BOUND( '', #1951, .T. );
#1244 = FACE_BOUND( '', #1952, .T. );
#1245 = PLANE( '', #1953 );
#1246 = SURFACE_STYLE_USAGE( .BOTH., #1954 );
#1247 = FACE_OUTER_BOUND( '', #1955, .T. );
#1248 = SURFACE_OF_LINEAR_EXTRUSION( '', #1956, #1957 );
#1249 = SURFACE_STYLE_USAGE( .BOTH., #1958 );
#1250 = FACE_BOUND( '', #1959, .T. );
#1251 = FACE_OUTER_BOUND( '', #1960, .T. );
#1252 = PLANE( '', #1961 );
#1253 = SURFACE_STYLE_USAGE( .BOTH., #1962 );
#1254 = FACE_OUTER_BOUND( '', #1963, .T. );
#1255 = PLANE( '', #1964 );
#1256 = SURFACE_STYLE_USAGE( .BOTH., #1965 );
#1257 = FACE_OUTER_BOUND( '', #1966, .T. );
#1258 = FACE_OUTER_BOUND( '', #1967, .T. );
#1259 = CYLINDRICAL_SURFACE( '', #1968, 0.600000000000000 );
#1260 = SURFACE_STYLE_USAGE( .BOTH., #1969 );
#1261 = FACE_OUTER_BOUND( '', #1970, .T. );
#1262 = FACE_OUTER_BOUND( '', #1971, .T. );
#1263 = CYLINDRICAL_SURFACE( '', #1972, 0.500000000000000 );
#1264 = SURFACE_STYLE_USAGE( .BOTH., #1973 );
#1265 = FACE_OUTER_BOUND( '', #1974, .T. );
#1266 = PLANE( '', #1975 );
#1267 = SURFACE_STYLE_USAGE( .BOTH., #1976 );
#1268 = FACE_OUTER_BOUND( '', #1977, .T. );
#1269 = PLANE( '', #1978 );
#1270 = SURFACE_STYLE_USAGE( .BOTH., #1979 );
#1271 = FACE_OUTER_BOUND( '', #1980, .T. );
#1272 = FACE_OUTER_BOUND( '', #1981, .T. );
#1273 = TOROIDAL_SURFACE( '', #1982, 2.70000000000000, 0.100000000000000 );
#1274 = SURFACE_STYLE_USAGE( .BOTH., #1983 );
#1275 = FACE_OUTER_BOUND( '', #1984, .T. );
#1276 = CYLINDRICAL_SURFACE( '', #1985, 2.02000000000000 );
#1277 = SURFACE_STYLE_USAGE( .BOTH., #1986 );
#1278 = FACE_OUTER_BOUND( '', #1987, .T. );
#1279 = FACE_BOUND( '', #1988, .T. );
#1280 = PLANE( '', #1989 );
#1281 = SURFACE_STYLE_USAGE( .BOTH., #1990 );
#1282 = FACE_OUTER_BOUND( '', #1991, .T. );
#1283 = CYLINDRICAL_SURFACE( '', #1992, 4.00000000000000 );
#1284 = SURFACE_STYLE_USAGE( .BOTH., #1993 );
#1285 = FACE_OUTER_BOUND( '', #1994, .T. );
#1286 = FACE_OUTER_BOUND( '', #1995, .T. );
#1287 = CYLINDRICAL_SURFACE( '', #1996, 1.46000000000000 );
#1288 = SURFACE_STYLE_USAGE( .BOTH., #1997 );
#1289 = FACE_OUTER_BOUND( '', #1998, .T. );
#1290 = PLANE( '', #1999 );
#1291 = SURFACE_STYLE_USAGE( .BOTH., #2000 );
#1292 = FACE_OUTER_BOUND( '', #2001, .T. );
#1293 = PLANE( '', #2002 );
#1294 = SURFACE_STYLE_USAGE( .BOTH., #2003 );
#1295 = FACE_OUTER_BOUND( '', #2004, .T. );
#1296 = FACE_OUTER_BOUND( '', #2005, .T. );
#1297 = CYLINDRICAL_SURFACE( '', #2006, 0.580000000000000 );
#1298 = SURFACE_STYLE_USAGE( .BOTH., #2007 );
#1299 = FACE_OUTER_BOUND( '', #2008, .T. );
#1300 = CYLINDRICAL_SURFACE( '', #2009, 0.0500000000000000 );
#1301 = SURFACE_STYLE_USAGE( .BOTH., #2010 );
#1302 = FACE_OUTER_BOUND( '', #2011, .T. );
#1303 = PLANE( '', #2012 );
#1304 = SURFACE_STYLE_USAGE( .BOTH., #2013 );
#1305 = FACE_OUTER_BOUND( '', #2014, .T. );
#1306 = FACE_OUTER_BOUND( '', #2015, .T. );
#1307 = CYLINDRICAL_SURFACE( '', #2016, 0.500000000000000 );
#1308 = SURFACE_STYLE_USAGE( .BOTH., #2017 );
#1309 = FACE_OUTER_BOUND( '', #2018, .T. );
#1310 = PLANE( '', #2019 );
#1311 = SURFACE_STYLE_USAGE( .BOTH., #2020 );
#1312 = FACE_OUTER_BOUND( '', #2021, .T. );
#1313 = SURFACE_OF_LINEAR_EXTRUSION( '', #2022, #2023 );
#1314 = SURFACE_STYLE_USAGE( .BOTH., #2024 );
#1315 = FACE_OUTER_BOUND( '', #2025, .T. );
#1316 = PLANE( '', #2026 );
#1317 = SURFACE_STYLE_USAGE( .BOTH., #2027 );
#1318 = FACE_OUTER_BOUND( '', #2028, .T. );
#1319 = PLANE( '', #2029 );
#1320 = SURFACE_STYLE_USAGE( .BOTH., #2030 );
#1321 = FACE_OUTER_BOUND( '', #2031, .T. );
#1322 = PLANE( '', #2032 );
#1323 = SURFACE_STYLE_USAGE( .BOTH., #2033 );
#1324 = FACE_OUTER_BOUND( '', #2034, .T. );
#1325 = CYLINDRICAL_SURFACE( '', #2035, 4.00000000000000 );
#1326 = SURFACE_STYLE_USAGE( .BOTH., #2036 );
#1327 = FACE_OUTER_BOUND( '', #2037, .T. );
#1328 = SURFACE_OF_LINEAR_EXTRUSION( '', #2038, #2039 );
#1329 = SURFACE_STYLE_USAGE( .BOTH., #2040 );
#1330 = FACE_OUTER_BOUND( '', #2041, .T. );
#1331 = SURFACE_OF_LINEAR_EXTRUSION( '', #2042, #2043 );
#1332 = SURFACE_STYLE_USAGE( .BOTH., #2044 );
#1333 = FACE_OUTER_BOUND( '', #2045, .T. );
#1334 = PLANE( '', #2046 );
#1335 = SURFACE_STYLE_USAGE( .BOTH., #2047 );
#1336 = FACE_OUTER_BOUND( '', #2048, .T. );
#1337 = PLANE( '', #2049 );
#1338 = SURFACE_STYLE_USAGE( .BOTH., #2050 );
#1339 = FACE_OUTER_BOUND( '', #2051, .T. );
#1340 = PLANE( '', #2052 );
#1341 = SURFACE_STYLE_USAGE( .BOTH., #2053 );
#1342 = FACE_OUTER_BOUND( '', #2054, .T. );
#1343 = PLANE( '', #2055 );
#1344 = SURFACE_STYLE_USAGE( .BOTH., #2056 );
#1345 = FACE_OUTER_BOUND( '', #2057, .T. );
#1346 = FACE_OUTER_BOUND( '', #2058, .T. );
#1347 = CYLINDRICAL_SURFACE( '', #2059, 0.980000000000000 );
#1348 = SURFACE_STYLE_USAGE( .BOTH., #2060 );
#1349 = FACE_OUTER_BOUND( '', #2061, .T. );
#1350 = PLANE( '', #2062 );
#1351 = SURFACE_STYLE_USAGE( .BOTH., #2063 );
#1352 = FACE_OUTER_BOUND( '', #2064, .T. );
#1353 = CYLINDRICAL_SURFACE( '', #2065, 0.650000000000000 );
#1354 = SURFACE_STYLE_USAGE( .BOTH., #2066 );
#1355 = FACE_OUTER_BOUND( '', #2067, .T. );
#1356 = FACE_OUTER_BOUND( '', #2068, .T. );
#1357 = CYLINDRICAL_SURFACE( '', #2069, 0.500000000000000 );
#1358 = SURFACE_STYLE_USAGE( .BOTH., #2070 );
#1359 = FACE_OUTER_BOUND( '', #2071, .T. );
#1360 = PLANE( '', #2072 );
#1361 = SURFACE_STYLE_USAGE( .BOTH., #2073 );
#1362 = FACE_OUTER_BOUND( '', #2074, .T. );
#1363 = FACE_OUTER_BOUND( '', #2075, .T. );
#1364 = CYLINDRICAL_SURFACE( '', #2076, 3.56000000000000 );
#1365 = SURFACE_STYLE_USAGE( .BOTH., #2077 );
#1366 = FACE_OUTER_BOUND( '', #2078, .T. );
#1367 = PLANE( '', #2079 );
#1368 = SURFACE_STYLE_USAGE( .BOTH., #2080 );
#1369 = FACE_OUTER_BOUND( '', #2081, .T. );
#1370 = PLANE( '', #2082 );
#1371 = SURFACE_STYLE_USAGE( .BOTH., #2083 );
#1372 = FACE_OUTER_BOUND( '', #2084, .T. );
#1373 = PLANE( '', #2085 );
#1374 = SURFACE_STYLE_USAGE( .BOTH., #2086 );
#1375 = FACE_OUTER_BOUND( '', #2087, .T. );
#1376 = PLANE( '', #2088 );
#1377 = SURFACE_STYLE_USAGE( .BOTH., #2089 );
#1378 = FACE_OUTER_BOUND( '', #2090, .T. );
#1379 = PLANE( '', #2091 );
#1380 = SURFACE_STYLE_USAGE( .BOTH., #2092 );
#1381 = FACE_OUTER_BOUND( '', #2093, .T. );
#1382 = PLANE( '', #2094 );
#1383 = SURFACE_STYLE_USAGE( .BOTH., #2095 );
#1384 = FACE_OUTER_BOUND( '', #2096, .T. );
#1385 = FACE_OUTER_BOUND( '', #2097, .T. );
#1386 = CYLINDRICAL_SURFACE( '', #2098, 0.500000000000000 );
#1387 = SURFACE_STYLE_USAGE( .BOTH., #2099 );
#1388 = FACE_OUTER_BOUND( '', #2100, .T. );
#1389 = CYLINDRICAL_SURFACE( '', #2101, 2.42000000000000 );
#1390 = SURFACE_STYLE_USAGE( .BOTH., #2102 );
#1391 = FACE_OUTER_BOUND( '', #2103, .T. );
#1392 = PLANE( '', #2104 );
#1393 = SURFACE_STYLE_USAGE( .BOTH., #2105 );
#1394 = FACE_OUTER_BOUND( '', #2106, .T. );
#1395 = CYLINDRICAL_SURFACE( '', #2107, 1.94000000000000 );
#1396 = SURFACE_STYLE_USAGE( .BOTH., #2108 );
#1397 = FACE_OUTER_BOUND( '', #2109, .T. );
#1398 = SURFACE_OF_LINEAR_EXTRUSION( '', #2110, #2111 );
#1399 = SURFACE_STYLE_USAGE( .BOTH., #2112 );
#1400 = FACE_OUTER_BOUND( '', #2113, .T. );
#1401 = PLANE( '', #2114 );
#1402 = SURFACE_STYLE_USAGE( .BOTH., #2115 );
#1403 = FACE_OUTER_BOUND( '', #2116, .T. );
#1404 = PLANE( '', #2117 );
#1405 = SURFACE_STYLE_USAGE( .BOTH., #2118 );
#1406 = FACE_OUTER_BOUND( '', #2119, .T. );
#1407 = PLANE( '', #2120 );
#1408 = SURFACE_STYLE_USAGE( .BOTH., #2121 );
#1409 = FACE_OUTER_BOUND( '', #2122, .T. );
#1410 = CYLINDRICAL_SURFACE( '', #2123, 2.02000000000000 );
#1411 =  ( LENGTH_UNIT(  )NAMED_UNIT( #697 )SI_UNIT( .MILLI., .METRE. ) );
#1414 = LENGTH_MEASURE_WITH_UNIT( LENGTH_MEASURE( 1.00000000000000 ), #2125 );
#1417 = DIMENSIONAL_EXPONENTS( 1.00000000000000, 0.000000000000000, 0.000000000000000, 0.000000000000000, 0.000000000000000, 0.000000000000000, 0.000000000000000 );
#1419 = DIMENSIONAL_EXPONENTS( 0.000000000000000, 0.000000000000000, 0.000000000000000, 0.000000000000000, 0.000000000000000, 0.000000000000000, 0.000000000000000 );
#1425 = SURFACE_SIDE_STYLE( '', ( #2126 ) );
#1426 = EDGE_LOOP( '', ( #2127, #2128, #2129, #2130, #2131, #2132, #2133 ) );
#1427 = AXIS2_PLACEMENT_3D( '', #2134, #2135, #2136 );
#1428 = SURFACE_SIDE_STYLE( '', ( #2137 ) );
#1429 = EDGE_LOOP( '', ( #2138, #2139, #2140, #2141 ) );
#1430 = AXIS2_PLACEMENT_3D( '', #2142, #2143, #2144 );
#1431 = SURFACE_SIDE_STYLE( '', ( #2145 ) );
#1432 = EDGE_LOOP( '', ( #2146, #2147, #2148, #2149 ) );
#1433 = AXIS2_PLACEMENT_3D( '', #2150, #2151, #2152 );
#1434 = SURFACE_SIDE_STYLE( '', ( #2153 ) );
#1435 = EDGE_LOOP( '', ( #2154, #2155, #2156, #2157, #2158, #2159, #2160, #2161 ) );
#1436 = AXIS2_PLACEMENT_3D( '', #2162, #2163, #2164 );
#1437 = SURFACE_SIDE_STYLE( '', ( #2165 ) );
#1438 = EDGE_LOOP( '', ( #2166, #2167, #2168, #2169 ) );
#1439 = AXIS2_PLACEMENT_3D( '', #2170, #2171, #2172 );
#1440 = SURFACE_SIDE_STYLE( '', ( #2173 ) );
#1441 = EDGE_LOOP( '', ( #2174, #2175, #2176, #2177 ) );
#1442 = EDGE_LOOP( '', ( #2178 ) );
#1443 = AXIS2_PLACEMENT_3D( '', #2179, #2180, #2181 );
#1444 = SURFACE_SIDE_STYLE( '', ( #2182 ) );
#1445 = EDGE_LOOP( '', ( #2183, #2184, #2185, #2186 ) );
#1446 = AXIS2_PLACEMENT_3D( '', #2187, #2188, #2189 );
#1447 = SURFACE_SIDE_STYLE( '', ( #2190 ) );
#1448 = EDGE_LOOP( '', ( #2191, #2192, #2193, #2194 ) );
#1449 = AXIS2_PLACEMENT_3D( '', #2195, #2196, #2197 );
#1450 = SURFACE_SIDE_STYLE( '', ( #2198 ) );
#1451 = EDGE_LOOP( '', ( #2199, #2200, #2201, #2202 ) );
#1452 = AXIS2_PLACEMENT_3D( '', #2203, #2204, #2205 );
#1453 = SURFACE_SIDE_STYLE( '', ( #2206 ) );
#1454 = EDGE_LOOP( '', ( #2207, #2208, #2209, #2210 ) );
#1455 = B_SPLINE_CURVE_WITH_KNOTS( '', 3, ( #2211, #2212, #2213, #2214, #2215, #2216, #2217, #2218, #2219, #2220, #2221, #2222, #2223, #2224, #2225, #2226, #2227, #2228, #2229, #2230, #2231, #2232, #2233, #2234, #2235, #2236, #2237, #2238, #2239 ), .UNSPECIFIED., .F., .F., ( 4, 3, 3, 2, 3, 2, 3, 3, 3, 3, 4 ), ( 0.552821966117895, 0.591195853023447, 0.628362709588093, 0.673645756531012, 0.718447068931985, 0.745729185612108, 0.773011302292232, 0.805021387191843, 0.851113267633908, 0.912015902936809, 0.937811771499920 ), .UNSPECIFIED. );
#1456 = VECTOR( '', #2240, 1000.00000000000 );
#1457 = SURFACE_SIDE_STYLE( '', ( #2241 ) );
#1458 = EDGE_LOOP( '', ( #2242, #2243, #2244, #2245 ) );
#1459 = AXIS2_PLACEMENT_3D( '', #2246, #2247, #2248 );
#1460 = SURFACE_SIDE_STYLE( '', ( #2249 ) );
#1461 = EDGE_LOOP( '', ( #2250, #2251, #2252, #2253 ) );
#1462 = AXIS2_PLACEMENT_3D( '', #2254, #2255, #2256 );
#1463 = SURFACE_SIDE_STYLE( '', ( #2257 ) );
#1464 = EDGE_LOOP( '', ( #2258 ) );
#1465 = EDGE_LOOP( '', ( #2259 ) );
#1466 = AXIS2_PLACEMENT_3D( '', #2260, #2261, #2262 );
#1467 = SURFACE_SIDE_STYLE( '', ( #2263 ) );
#1468 = EDGE_LOOP( '', ( #2264, #2265, #2266, #2267 ) );
#1469 = AXIS2_PLACEMENT_3D( '', #2268, #2269, #2270 );
#1470 = SURFACE_SIDE_STYLE( '', ( #2271 ) );
#1471 = EDGE_LOOP( '', ( #2272, #2273, #2274, #2275 ) );
#1472 = AXIS2_PLACEMENT_3D( '', #2276, #2277, #2278 );
#1473 = SURFACE_SIDE_STYLE( '', ( #2279 ) );
#1474 = EDGE_LOOP( '', ( #2280, #2281, #2282, #2283 ) );
#1475 = AXIS2_PLACEMENT_3D( '', #2284, #2285, #2286 );
#1476 = SURFACE_SIDE_STYLE( '', ( #2287 ) );
#1477 = EDGE_LOOP( '', ( #2288, #2289, #2290, #2291 ) );
#1478 = AXIS2_PLACEMENT_3D( '', #2292, #2293, #2294 );
#1479 = SURFACE_SIDE_STYLE( '', ( #2295 ) );
#1480 = EDGE_LOOP( '', ( #2296 ) );
#1481 = EDGE_LOOP( '', ( #2297 ) );
#1482 = AXIS2_PLACEMENT_3D( '', #2298, #2299, #2300 );
#1483 = SURFACE_SIDE_STYLE( '', ( #2301 ) );
#1484 = EDGE_LOOP( '', ( #2302 ) );
#1485 = AXIS2_PLACEMENT_3D( '', #2303, #2304, #2305 );
#1486 = SURFACE_SIDE_STYLE( '', ( #2306 ) );
#1487 = EDGE_LOOP( '', ( #2307, #2308, #2309, #2310 ) );
#1488 = AXIS2_PLACEMENT_3D( '', #2311, #2312, #2313 );
#1489 = SURFACE_SIDE_STYLE( '', ( #2314 ) );
#1490 = EDGE_LOOP( '', ( #2315 ) );
#1491 = EDGE_LOOP( '', ( #2316 ) );
#1492 = AXIS2_PLACEMENT_3D( '', #2317, #2318, #2319 );
#1493 = SURFACE_SIDE_STYLE( '', ( #2320 ) );
#1494 = EDGE_LOOP( '', ( #2321 ) );
#1495 = EDGE_LOOP( '', ( #2322 ) );
#1496 = AXIS2_PLACEMENT_3D( '', #2323, #2324, #2325 );
#1497 = SURFACE_SIDE_STYLE( '', ( #2326 ) );
#1498 = EDGE_LOOP( '', ( #2327, #2328, #2329, #2330 ) );
#1499 = AXIS2_PLACEMENT_3D( '', #2331, #2332, #2333 );
#1500 = SURFACE_SIDE_STYLE( '', ( #2334 ) );
#1501 = EDGE_LOOP( '', ( #2335, #2336, #2337, #2338 ) );
#1502 = AXIS2_PLACEMENT_3D( '', #2339, #2340, #2341 );
#1503 = SURFACE_SIDE_STYLE( '', ( #2342 ) );
#1504 = EDGE_LOOP( '', ( #2343 ) );
#1505 = AXIS2_PLACEMENT_3D( '', #2344, #2345, #2346 );
#1506 = SURFACE_SIDE_STYLE( '', ( #2347 ) );
#1507 = EDGE_LOOP( '', ( #2348, #2349, #2350, #2351 ) );
#1508 = AXIS2_PLACEMENT_3D( '', #2352, #2353, #2354 );
#1509 = SURFACE_SIDE_STYLE( '', ( #2355 ) );
#1510 = EDGE_LOOP( '', ( #2356 ) );
#1511 = EDGE_LOOP( '', ( #2357, #2358, #2359, #2360 ) );
#1512 = AXIS2_PLACEMENT_3D( '', #2361, #2362, #2363 );
#1513 = SURFACE_SIDE_STYLE( '', ( #2364 ) );
#1514 = EDGE_LOOP( '', ( #2365, #2366, #2367, #2368 ) );
#1515 = AXIS2_PLACEMENT_3D( '', #2369, #2370, #2371 );
#1516 = SURFACE_SIDE_STYLE( '', ( #2372 ) );
#1517 = EDGE_LOOP( '', ( #2373, #2374, #2375, #2376 ) );
#1518 = AXIS2_PLACEMENT_3D( '', #2377, #2378, #2379 );
#1519 = SURFACE_SIDE_STYLE( '', ( #2380 ) );
#1520 = EDGE_LOOP( '', ( #2381, #2382, #2383, #2384 ) );
#1521 = AXIS2_PLACEMENT_3D( '', #2385, #2386, #2387 );
#1522 = SURFACE_SIDE_STYLE( '', ( #2388 ) );
#1523 = EDGE_LOOP( '', ( #2389 ) );
#1524 = EDGE_LOOP( '', ( #2390, #2391, #2392, #2393, #2394, #2395 ) );
#1525 = AXIS2_PLACEMENT_3D( '', #2396, #2397, #2398 );
#1526 = SURFACE_SIDE_STYLE( '', ( #2399 ) );
#1527 = EDGE_LOOP( '', ( #2400, #2401, #2402, #2403 ) );
#1528 = B_SPLINE_CURVE_WITH_KNOTS( '', 3, ( #2404, #2405, #2406, #2407, #2408, #2409, #2410, #2411, #2412 ), .UNSPECIFIED., .F., .F., ( 4, 3, 2, 4 ), ( 0.409688211292898, 0.465068850248148, 0.502714729188323, 0.558287217147629 ), .UNSPECIFIED. );
#1529 = VECTOR( '', #2413, 1000.00000000000 );
#1530 = SURFACE_SIDE_STYLE( '', ( #2414 ) );
#1531 = EDGE_LOOP( '', ( #2415, #2416, #2417, #2418 ) );
#1532 = AXIS2_PLACEMENT_3D( '', #2419, #2420, #2421 );
#1533 = SURFACE_SIDE_STYLE( '', ( #2422 ) );
#1534 = EDGE_LOOP( '', ( #2423, #2424, #2425, #2426, #2427, #2428, #2429, #2430, #2431, #2432, #2433, #2434 ) );
#1535 = AXIS2_PLACEMENT_3D( '', #2435, #2436, #2437 );
#1536 = SURFACE_SIDE_STYLE( '', ( #2438 ) );
#1537 = EDGE_LOOP( '', ( #2439, #2440, #2441, #2442 ) );
#1538 = AXIS2_PLACEMENT_3D( '', #2443, #2444, #2445 );
#1539 = SURFACE_SIDE_STYLE( '', ( #2446 ) );
#1540 = EDGE_LOOP( '', ( #2447, #2448, #2449, #2450 ) );
#1541 = AXIS2_PLACEMENT_3D( '', #2451, #2452, #2453 );
#1542 = SURFACE_SIDE_STYLE( '', ( #2454 ) );
#1543 = EDGE_LOOP( '', ( #2455, #2456, #2457, #2458 ) );
#1544 = B_SPLINE_CURVE_WITH_KNOTS( '', 3, ( #2459, #2460, #2461, #2462, #2463, #2464, #2465, #2466, #2467, #2468, #2469, #2470, #2471, #2472, #2473 ), .UNSPECIFIED., .F., .F., ( 4, 2, 3, 3, 3, 4 ), ( 0.361857452813977, 0.365353287071812, 0.403308059014016, 0.445301318245176, 0.482732751851467, 0.518355841223786 ), .UNSPECIFIED. );
#1545 = VECTOR( '', #2474, 1000.00000000000 );
#1546 = SURFACE_SIDE_STYLE( '', ( #2475 ) );
#1547 = EDGE_LOOP( '', ( #2476, #2477, #2478, #2479, #2480, #2481, #2482 ) );
#1548 = AXIS2_PLACEMENT_3D( '', #2483, #2484, #2485 );
#1549 = SURFACE_SIDE_STYLE( '', ( #2486 ) );
#1550 = EDGE_LOOP( '', ( #2487, #2488, #2489, #2490 ) );
#1551 = AXIS2_PLACEMENT_3D( '', #2491, #2492, #2493 );
#1552 = SURFACE_SIDE_STYLE( '', ( #2494 ) );
#1553 = EDGE_LOOP( '', ( #2495, #2496, #2497, #2498 ) );
#1554 = AXIS2_PLACEMENT_3D( '', #2499, #2500, #2501 );
#1555 = SURFACE_SIDE_STYLE( '', ( #2502 ) );
#1556 = EDGE_LOOP( '', ( #2503, #2504, #2505, #2506, #2507, #2508, #2509, #2510, #2511, #2512, #2513, #2514, #2515, #2516, #2517, #2518 ) );
#1557 = EDGE_LOOP( '', ( #2519 ) );
#1558 = EDGE_LOOP( '', ( #2520 ) );
#1559 = EDGE_LOOP( '', ( #2521 ) );
#1560 = EDGE_LOOP( '', ( #2522 ) );
#1561 = AXIS2_PLACEMENT_3D( '', #2523, #2524, #2525 );
#1562 = SURFACE_SIDE_STYLE( '', ( #2526 ) );
#1563 = EDGE_LOOP( '', ( #2527, #2528, #2529, #2530 ) );
#1564 = AXIS2_PLACEMENT_3D( '', #2531, #2532, #2533 );
#1565 = SURFACE_SIDE_STYLE( '', ( #2534 ) );
#1566 = EDGE_LOOP( '', ( #2535, #2536, #2537, #2538, #2539, #2540, #2541, #2542, #2543, #2544, #2545, #2546 ) );
#1567 = AXIS2_PLACEMENT_3D( '', #2547, #2548, #2549 );
#1568 = SURFACE_SIDE_STYLE( '', ( #2550 ) );
#1569 = EDGE_LOOP( '', ( #2551, #2552, #2553, #2554 ) );
#1570 = AXIS2_PLACEMENT_3D( '', #2555, #2556, #2557 );
#1571 = SURFACE_SIDE_STYLE( '', ( #2558 ) );
#1572 = EDGE_LOOP( '', ( #2559, #2560 ) );
#1573 = AXIS2_PLACEMENT_3D( '', #2561, #2562, #2563 );
#1574 = SURFACE_SIDE_STYLE( '', ( #2564 ) );
#1575 = EDGE_LOOP( '', ( #2565 ) );
#1576 = EDGE_LOOP( '', ( #2566 ) );
#1577 = AXIS2_PLACEMENT_3D( '', #2567, #2568, #2569 );
#1578 = SURFACE_SIDE_STYLE( '', ( #2570 ) );
#1579 = EDGE_LOOP( '', ( #2571 ) );
#1580 = AXIS2_PLACEMENT_3D( '', #2572, #2573, #2574 );
#1581 = SURFACE_SIDE_STYLE( '', ( #2575 ) );
#1582 = EDGE_LOOP( '', ( #2576, #2577, #2578, #2579, #2580, #2581, #2582, #2583, #2584, #2585, #2586, #2587, #2588, #2589, #2590, #2591 ) );
#1583 = EDGE_LOOP( '', ( #2592 ) );
#1584 = AXIS2_PLACEMENT_3D( '', #2593, #2594, #2595 );
#1585 = SURFACE_SIDE_STYLE( '', ( #2596 ) );
#1586 = EDGE_LOOP( '', ( #2597, #2598, #2599, #2600, #2601, #2602, #2603, #2604, #2605, #2606, #2607, #2608, #2609 ) );
#1587 = AXIS2_PLACEMENT_3D( '', #2610, #2611, #2612 );
#1588 = SURFACE_SIDE_STYLE( '', ( #2613 ) );
#1589 = EDGE_LOOP( '', ( #2614, #2615, #2616, #2617 ) );
#1590 = AXIS2_PLACEMENT_3D( '', #2618, #2619, #2620 );
#1591 = SURFACE_SIDE_STYLE( '', ( #2621 ) );
#1592 = EDGE_LOOP( '', ( #2622, #2623, #2624, #2625 ) );
#1593 = B_SPLINE_CURVE_WITH_KNOTS( '', 3, ( #2626, #2627, #2628, #2629, #2630, #2631, #2632, #2633, #2634, #2635, #2636, #2637, #2638, #2639, #2640, #2641, #2642 ), .UNSPECIFIED., .F., .F., ( 4, 3, 3, 2, 2, 3, 4 ), ( 0.606662573971491, 0.756804334491811, 0.815206514537476, 0.858159583962297, 0.901112653387118, 0.951875371798270, 1.00000000000000 ), .UNSPECIFIED. );
#1594 = VECTOR( '', #2643, 1000.00000000000 );
#1595 = SURFACE_SIDE_STYLE( '', ( #2644 ) );
#1596 = EDGE_LOOP( '', ( #2645 ) );
#1597 = EDGE_LOOP( '', ( #2646 ) );
#1598 = AXIS2_PLACEMENT_3D( '', #2647, #2648, #2649 );
#1599 = SURFACE_SIDE_STYLE( '', ( #2650 ) );
#1600 = EDGE_LOOP( '', ( #2651, #2652, #2653, #2654 ) );
#1601 = AXIS2_PLACEMENT_3D( '', #2655, #2656, #2657 );
#1602 = SURFACE_SIDE_STYLE( '', ( #2658 ) );
#1603 = EDGE_LOOP( '', ( #2659, #2660, #2661, #2662 ) );
#1604 = AXIS2_PLACEMENT_3D( '', #2663, #2664, #2665 );
#1605 = SURFACE_SIDE_STYLE( '', ( #2666 ) );
#1606 = EDGE_LOOP( '', ( #2667, #2668, #2669, #2670 ) );
#1607 = AXIS2_PLACEMENT_3D( '', #2671, #2672, #2673 );
#1608 = SURFACE_SIDE_STYLE( '', ( #2674 ) );
#1609 = EDGE_LOOP( '', ( #2675, #2676, #2677, #2678 ) );
#1610 = AXIS2_PLACEMENT_3D( '', #2679, #2680, #2681 );
#1611 = SURFACE_SIDE_STYLE( '', ( #2682 ) );
#1612 = EDGE_LOOP( '', ( #2683 ) );
#1613 = EDGE_LOOP( '', ( #2684 ) );
#1614 = AXIS2_PLACEMENT_3D( '', #2685, #2686, #2687 );
#1615 = SURFACE_SIDE_STYLE( '', ( #2688 ) );
#1616 = EDGE_LOOP( '', ( #2689, #2690 ) );
#1617 = AXIS2_PLACEMENT_3D( '', #2691, #2692, #2693 );
#1618 = SURFACE_SIDE_STYLE( '', ( #2694 ) );
#1619 = EDGE_LOOP( '', ( #2695, #2696, #2697, #2698 ) );
#1620 = AXIS2_PLACEMENT_3D( '', #2699, #2700, #2701 );
#1621 = SURFACE_SIDE_STYLE( '', ( #2702 ) );
#1622 = EDGE_LOOP( '', ( #2703, #2704, #2705, #2706 ) );
#1623 = B_SPLINE_CURVE_WITH_KNOTS( '', 3, ( #2707, #2708, #2709, #2710, #2711, #2712, #2713, #2714, #2715, #2716, #2717, #2718, #2719, #2720, #2721, #2722, #2723, #2724, #2725, #2726, #2727, #2728, #2729, #2730, #2731, #2732 ), .UNSPECIFIED., .F., .F., ( 4, 3, 2, 3, 2, 3, 3, 3, 3, 4 ), ( 0.000000000000000, 0.0435677467798340, 0.0792300526083791, 0.137853021093658, 0.185823090862069, 0.213458022359089, 0.240417574286251, 0.267771210990726, 0.299022736414279, 0.361857452813977 ), .UNSPECIFIED. );
#1624 = VECTOR( '', #2733, 1000.00000000000 );
#1625 = SURFACE_SIDE_STYLE( '', ( #2734 ) );
#1626 = EDGE_LOOP( '', ( #2735, #2736, #2737, #2738 ) );
#1627 = AXIS2_PLACEMENT_3D( '', #2739, #2740, #2741 );
#1628 = SURFACE_SIDE_STYLE( '', ( #2742 ) );
#1629 = EDGE_LOOP( '', ( #2743, #2744, #2745, #2746 ) );
#1630 = AXIS2_PLACEMENT_3D( '', #2747, #2748, #2749 );
#1631 = SURFACE_SIDE_STYLE( '', ( #2750 ) );
#1632 = EDGE_LOOP( '', ( #2751, #2752, #2753, #2754 ) );
#1633 = AXIS2_PLACEMENT_3D( '', #2755, #2756, #2757 );
#1634 = SURFACE_SIDE_STYLE( '', ( #2758 ) );
#1635 = EDGE_LOOP( '', ( #2759, #2760, #2761, #2762 ) );
#1636 = AXIS2_PLACEMENT_3D( '', #2763, #2764, #2765 );
#1637 = SURFACE_SIDE_STYLE( '', ( #2766 ) );
#1638 = EDGE_LOOP( '', ( #2767 ) );
#1639 = EDGE_LOOP( '', ( #2768 ) );
#1640 = AXIS2_PLACEMENT_3D( '', #2769, #2770, #2771 );
#1641 = SURFACE_SIDE_STYLE( '', ( #2772 ) );
#1642 = EDGE_LOOP( '', ( #2773, #2774, #2775, #2776 ) );
#1643 = AXIS2_PLACEMENT_3D( '', #2777, #2778, #2779 );
#1644 = SURFACE_SIDE_STYLE( '', ( #2780 ) );
#1645 = EDGE_LOOP( '', ( #2781, #2782, #2783, #2784 ) );
#1646 = AXIS2_PLACEMENT_3D( '', #2785, #2786, #2787 );
#1647 = SURFACE_SIDE_STYLE( '', ( #2788 ) );
#1648 = EDGE_LOOP( '', ( #2789, #2790, #2791, #2792 ) );
#1649 = AXIS2_PLACEMENT_3D( '', #2793, #2794, #2795 );
#1650 = SURFACE_SIDE_STYLE( '', ( #2796 ) );
#1651 = EDGE_LOOP( '', ( #2797, #2798, #2799, #2800 ) );
#1652 = AXIS2_PLACEMENT_3D( '', #2801, #2802, #2803 );
#1653 = SURFACE_SIDE_STYLE( '', ( #2804 ) );
#1654 = EDGE_LOOP( '', ( #2805, #2806, #2807, #2808 ) );
#1655 = AXIS2_PLACEMENT_3D( '', #2809, #2810, #2811 );
#1656 = SURFACE_SIDE_STYLE( '', ( #2812 ) );
#1657 = EDGE_LOOP( '', ( #2813, #2814, #2815, #2816, #2817, #2818, #2819, #2820 ) );
#1658 = AXIS2_PLACEMENT_3D( '', #2821, #2822, #2823 );
#1659 = SURFACE_SIDE_STYLE( '', ( #2824 ) );
#1660 = EDGE_LOOP( '', ( #2825, #2826, #2827, #2828 ) );
#1661 = AXIS2_PLACEMENT_3D( '', #2829, #2830, #2831 );
#1662 = SURFACE_SIDE_STYLE( '', ( #2832 ) );
#1663 = EDGE_LOOP( '', ( #2833, #2834, #2835, #2836 ) );
#1664 = AXIS2_PLACEMENT_3D( '', #2837, #2838, #2839 );
#1665 = SURFACE_SIDE_STYLE( '', ( #2840 ) );
#1666 = EDGE_LOOP( '', ( #2841, #2842, #2843, #2844 ) );
#1667 = AXIS2_PLACEMENT_3D( '', #2845, #2846, #2847 );
#1668 = SURFACE_SIDE_STYLE( '', ( #2848 ) );
#1669 = EDGE_LOOP( '', ( #2849, #2850, #2851, #2852 ) );
#1670 = AXIS2_PLACEMENT_3D( '', #2853, #2854, #2855 );
#1671 = SURFACE_SIDE_STYLE( '', ( #2856 ) );
#1672 = EDGE_LOOP( '', ( #2857, #2858, #2859, #2860 ) );
#1673 = AXIS2_PLACEMENT_3D( '', #2861, #2862, #2863 );
#1674 = SURFACE_SIDE_STYLE( '', ( #2864 ) );
#1675 = EDGE_LOOP( '', ( #2865, #2866, #2867, #2868, #2869, #2870, #2871, #2872, #2873, #2874, #2875, #2876, #2877, #2878, #2879, #2880 ) );
#1676 = EDGE_LOOP( '', ( #2881 ) );
#1677 = EDGE_LOOP( '', ( #2882 ) );
#1678 = AXIS2_PLACEMENT_3D( '', #2883, #2884, #2885 );
#1679 = SURFACE_SIDE_STYLE( '', ( #2886 ) );
#1680 = EDGE_LOOP( '', ( #2887, #2888, #2889, #2890 ) );
#1681 = AXIS2_PLACEMENT_3D( '', #2891, #2892, #2893 );
#1682 = SURFACE_SIDE_STYLE( '', ( #2894 ) );
#1683 = EDGE_LOOP( '', ( #2895, #2896, #2897, #2898 ) );
#1684 = AXIS2_PLACEMENT_3D( '', #2899, #2900, #2901 );
#1685 = SURFACE_SIDE_STYLE( '', ( #2902 ) );
#1686 = EDGE_LOOP( '', ( #2903, #2904, #2905, #2906 ) );
#1687 = AXIS2_PLACEMENT_3D( '', #2907, #2908, #2909 );
#1688 = SURFACE_SIDE_STYLE( '', ( #2910 ) );
#1689 = EDGE_LOOP( '', ( #2911, #2912, #2913, #2914 ) );
#1690 = AXIS2_PLACEMENT_3D( '', #2915, #2916, #2917 );
#1691 = SURFACE_SIDE_STYLE( '', ( #2918 ) );
#1692 = EDGE_LOOP( '', ( #2919 ) );
#1693 = AXIS2_PLACEMENT_3D( '', #2920, #2921, #2922 );
#1694 = SURFACE_SIDE_STYLE( '', ( #2923 ) );
#1695 = EDGE_LOOP( '', ( #2924, #2925, #2926, #2927 ) );
#1696 = AXIS2_PLACEMENT_3D( '', #2928, #2929, #2930 );
#1697 = SURFACE_SIDE_STYLE( '', ( #2931 ) );
#1698 = EDGE_LOOP( '', ( #2932, #2933, #2934, #2935 ) );
#1699 = AXIS2_PLACEMENT_3D( '', #2936, #2937, #2938 );
#1700 = SURFACE_SIDE_STYLE( '', ( #2939 ) );
#1701 = EDGE_LOOP( '', ( #2940, #2941, #2942, #2943 ) );
#1702 = B_SPLINE_CURVE_WITH_KNOTS( '', 3, ( #2944, #2945, #2946, #2947, #2948, #2949, #2950, #2951, #2952, #2953, #2954, #2955, #2956, #2957, #2958 ), .UNSPECIFIED., .F., .F., ( 4, 3, 3, 3, 2, 4 ), ( 0.000000000000000, 0.192828299748918, 0.295900478323482, 0.355281930473563, 0.411434543107853, 0.499173000348934 ), .UNSPECIFIED. );
#1703 = VECTOR( '', #2959, 1000.00000000000 );
#1704 = SURFACE_SIDE_STYLE( '', ( #2960 ) );
#1705 = EDGE_LOOP( '', ( #2961, #2962, #2963, #2964, #2965, #2966, #2967, #2968, #2969, #2970, #2971, #2972 ) );
#1706 = AXIS2_PLACEMENT_3D( '', #2973, #2974, #2975 );
#1707 = SURFACE_SIDE_STYLE( '', ( #2976 ) );
#1708 = EDGE_LOOP( '', ( #2977, #2978, #2979, #2980 ) );
#1709 = AXIS2_PLACEMENT_3D( '', #2981, #2982, #2983 );
#1710 = SURFACE_SIDE_STYLE( '', ( #2984 ) );
#1711 = EDGE_LOOP( '', ( #2985 ) );
#1712 = EDGE_LOOP( '', ( #2986 ) );
#1713 = AXIS2_PLACEMENT_3D( '', #2987, #2988, #2989 );
#1714 = SURFACE_SIDE_STYLE( '', ( #2990 ) );
#1715 = EDGE_LOOP( '', ( #2991 ) );
#1716 = EDGE_LOOP( '', ( #2992 ) );
#1717 = AXIS2_PLACEMENT_3D( '', #2993, #2994, #2995 );
#1718 = SURFACE_SIDE_STYLE( '', ( #2996 ) );
#1719 = EDGE_LOOP( '', ( #2997, #2998, #2999, #3000 ) );
#1720 = AXIS2_PLACEMENT_3D( '', #3001, #3002, #3003 );
#1721 = SURFACE_SIDE_STYLE( '', ( #3004 ) );
#1722 = EDGE_LOOP( '', ( #3005 ) );
#1723 = EDGE_LOOP( '', ( #3006 ) );
#1724 = AXIS2_PLACEMENT_3D( '', #3007, #3008, #3009 );
#1725 = SURFACE_SIDE_STYLE( '', ( #3010 ) );
#1726 = EDGE_LOOP( '', ( #3011, #3012, #3013, #3014 ) );
#1727 = AXIS2_PLACEMENT_3D( '', #3015, #3016, #3017 );
#1728 = SURFACE_SIDE_STYLE( '', ( #3018 ) );
#1729 = EDGE_LOOP( '', ( #3019, #3020, #3021, #3022 ) );
#1730 = AXIS2_PLACEMENT_3D( '', #3023, #3024, #3025 );
#1731 = SURFACE_SIDE_STYLE( '', ( #3026 ) );
#1732 = EDGE_LOOP( '', ( #3027, #3028, #3029, #3030 ) );
#1733 = AXIS2_PLACEMENT_3D( '', #3031, #3032, #3033 );
#1734 = SURFACE_SIDE_STYLE( '', ( #3034 ) );
#1735 = EDGE_LOOP( '', ( #3035 ) );
#1736 = EDGE_LOOP( '', ( #3036 ) );
#1737 = AXIS2_PLACEMENT_3D( '', #3037, #3038, #3039 );
#1738 = SURFACE_SIDE_STYLE( '', ( #3040 ) );
#1739 = EDGE_LOOP( '', ( #3041 ) );
#1740 = EDGE_LOOP( '', ( #3042 ) );
#1741 = AXIS2_PLACEMENT_3D( '', #3043, #3044, #3045 );
#1742 = SURFACE_SIDE_STYLE( '', ( #3046 ) );
#1743 = EDGE_LOOP( '', ( #3047, #3048, #3049, #3050 ) );
#1744 = AXIS2_PLACEMENT_3D( '', #3051, #3052, #3053 );
#1745 = SURFACE_SIDE_STYLE( '', ( #3054 ) );
#1746 = EDGE_LOOP( '', ( #3055 ) );
#1747 = AXIS2_PLACEMENT_3D( '', #3056, #3057, #3058 );
#1748 = SURFACE_SIDE_STYLE( '', ( #3059 ) );
#1749 = EDGE_LOOP( '', ( #3060, #3061, #3062, #3063, #3064, #3065, #3066, #3067, #3068, #3069, #3070, #3071 ) );
#1750 = AXIS2_PLACEMENT_3D( '', #3072, #3073, #3074 );
#1751 = SURFACE_SIDE_STYLE( '', ( #3075 ) );
#1752 = EDGE_LOOP( '', ( #3076, #3077, #3078, #3079 ) );
#1753 = AXIS2_PLACEMENT_3D( '', #3080, #3081, #3082 );
#1754 = SURFACE_SIDE_STYLE( '', ( #3083 ) );
#1755 = EDGE_LOOP( '', ( #3084, #3085, #3086, #3087 ) );
#1756 = B_SPLINE_CURVE_WITH_KNOTS( '', 3, ( #3088, #3089, #3090, #3091, #3092, #3093, #3094, #3095, #3096, #3097, #3098, #3099, #3100, #3101 ), .UNSPECIFIED., .F., .F., ( 4, 3, 2, 2, 3, 4 ), ( 0.0289434027834781, 0.0517568870854070, 0.0811100186776984, 0.113031549284314, 0.144953079890931, 0.182860790289621 ), .UNSPECIFIED. );
#1757 = VECTOR( '', #3102, 1000.00000000000 );
#1758 = SURFACE_SIDE_STYLE( '', ( #3103 ) );
#1759 = EDGE_LOOP( '', ( #3104 ) );
#1760 = EDGE_LOOP( '', ( #3105 ) );
#1761 = AXIS2_PLACEMENT_3D( '', #3106, #3107, #3108 );
#1762 = SURFACE_SIDE_STYLE( '', ( #3109 ) );
#1763 = EDGE_LOOP( '', ( #3110, #3111, #3112, #3113 ) );
#1764 = AXIS2_PLACEMENT_3D( '', #3114, #3115, #3116 );
#1765 = SURFACE_SIDE_STYLE( '', ( #3117 ) );
#1766 = EDGE_LOOP( '', ( #3118, #3119, #3120, #3121 ) );
#1767 = B_SPLINE_CURVE_WITH_KNOTS( '', 3, ( #3122, #3123, #3124, #3125, #3126, #3127, #3128, #3129, #3130, #3131, #3132, #3133, #3134, #3135, #3136 ), .UNSPECIFIED., .F., .F., ( 4, 2, 3, 3, 3, 4 ), ( 0.610658117094134, 0.649580036061723, 0.684079009692085, 0.719729512721674, 0.782879952987661, 0.947239308468262 ), .UNSPECIFIED. );
#1768 = VECTOR( '', #3137, 1000.00000000000 );
#1769 = SURFACE_SIDE_STYLE( '', ( #3138 ) );
#1770 = EDGE_LOOP( '', ( #3139 ) );
#1771 = EDGE_LOOP( '', ( #3140, #3141 ) );
#1772 = AXIS2_PLACEMENT_3D( '', #3142, #3143, #3144 );
#1773 = SURFACE_SIDE_STYLE( '', ( #3145 ) );
#1774 = EDGE_LOOP( '', ( #3146, #3147, #3148, #3149, #3150, #3151, #3152, #3153, #3154, #3155, #3156, #3157, #3158 ) );
#1775 = AXIS2_PLACEMENT_3D( '', #3159, #3160, #3161 );
#1776 = SURFACE_SIDE_STYLE( '', ( #3162 ) );
#1777 = EDGE_LOOP( '', ( #3163, #3164, #3165, #3166 ) );
#1778 = AXIS2_PLACEMENT_3D( '', #3167, #3168, #3169 );
#1779 = SURFACE_SIDE_STYLE( '', ( #3170 ) );
#1780 = EDGE_LOOP( '', ( #3171, #3172, #3173, #3174 ) );
#1781 = AXIS2_PLACEMENT_3D( '', #3175, #3176, #3177 );
#1782 = SURFACE_SIDE_STYLE( '', ( #3178 ) );
#1783 = EDGE_LOOP( '', ( #3179, #3180, #3181, #3182, #3183, #3184, #3185, #3186 ) );
#1784 = AXIS2_PLACEMENT_3D( '', #3187, #3188, #3189 );
#1785 = SURFACE_SIDE_STYLE( '', ( #3190 ) );
#1786 = EDGE_LOOP( '', ( #3191, #3192, #3193, #3194 ) );
#1787 = AXIS2_PLACEMENT_3D( '', #3195, #3196, #3197 );
#1788 = SURFACE_SIDE_STYLE( '', ( #3198 ) );
#1789 = EDGE_LOOP( '', ( #3199, #3200, #3201, #3202 ) );
#1790 = AXIS2_PLACEMENT_3D( '', #3203, #3204, #3205 );
#1791 = SURFACE_SIDE_STYLE( '', ( #3206 ) );
#1792 = EDGE_LOOP( '', ( #3207, #3208, #3209, #3210 ) );
#1793 = AXIS2_PLACEMENT_3D( '', #3211, #3212, #3213 );
#1794 = SURFACE_SIDE_STYLE( '', ( #3214 ) );
#1795 = EDGE_LOOP( '', ( #3215, #3216, #3217, #3218 ) );
#1796 = AXIS2_PLACEMENT_3D( '', #3219, #3220, #3221 );
#1797 = SURFACE_SIDE_STYLE( '', ( #3222 ) );
#1798 = EDGE_LOOP( '', ( #3223, #3224, #3225, #3226 ) );
#1799 = AXIS2_PLACEMENT_3D( '', #3227, #3228, #3229 );
#1800 = SURFACE_SIDE_STYLE( '', ( #3230 ) );
#1801 = EDGE_LOOP( '', ( #3231 ) );
#1802 = AXIS2_PLACEMENT_3D( '', #3232, #3233, #3234 );
#1803 = SURFACE_SIDE_STYLE( '', ( #3235 ) );
#1804 = EDGE_LOOP( '', ( #3236, #3237, #3238, #3239 ) );
#1805 = AXIS2_PLACEMENT_3D( '', #3240, #3241, #3242 );
#1806 = SURFACE_SIDE_STYLE( '', ( #3243 ) );
#1807 = EDGE_LOOP( '', ( #3244, #3245, #3246, #3247 ) );
#1808 = AXIS2_PLACEMENT_3D( '', #3248, #3249, #3250 );
#1809 = SURFACE_SIDE_STYLE( '', ( #3251 ) );
#1810 = EDGE_LOOP( '', ( #3252, #3253, #3254, #3255 ) );
#1811 = B_SPLINE_CURVE_WITH_KNOTS( '', 3, ( #3256, #3257, #3258, #3259 ), .UNSPECIFIED., .F., .F., ( 4, 4 ), ( 0.973266954868237, 1.00000000000000 ), .UNSPECIFIED. );
#1812 = VECTOR( '', #3260, 1000.00000000000 );
#1813 = SURFACE_SIDE_STYLE( '', ( #3261 ) );
#1814 = EDGE_LOOP( '', ( #3262, #3263, #3264, #3265 ) );
#1815 = AXIS2_PLACEMENT_3D( '', #3266, #3267, #3268 );
#1816 = SURFACE_SIDE_STYLE( '', ( #3269 ) );
#1817 = EDGE_LOOP( '', ( #3270, #3271, #3272, #3273 ) );
#1818 = AXIS2_PLACEMENT_3D( '', #3274, #3275, #3276 );
#1819 = SURFACE_SIDE_STYLE( '', ( #3277 ) );
#1820 = EDGE_LOOP( '', ( #3278 ) );
#1821 = EDGE_LOOP( '', ( #3279 ) );
#1822 = AXIS2_PLACEMENT_3D( '', #3280, #3281, #3282 );
#1823 = SURFACE_SIDE_STYLE( '', ( #3283 ) );
#1824 = EDGE_LOOP( '', ( #3284, #3285 ) );
#1825 = EDGE_LOOP( '', ( #3286, #3287, #3288, #3289, #3290, #3291 ) );
#1826 = AXIS2_PLACEMENT_3D( '', #3292, #3293, #3294 );
#1827 = SURFACE_SIDE_STYLE( '', ( #3295 ) );
#1828 = EDGE_LOOP( '', ( #3296, #3297, #3298, #3299 ) );
#1829 = B_SPLINE_CURVE_WITH_KNOTS( '', 3, ( #3300, #3301, #3302, #3303, #3304, #3305, #3306 ), .UNSPECIFIED., .F., .F., ( 4, 3, 4 ), ( 0.261468230552944, 0.282521875201090, 0.374240109198532 ), .UNSPECIFIED. );
#1830 = VECTOR( '', #3307, 1000.00000000000 );
#1831 = SURFACE_SIDE_STYLE( '', ( #3308 ) );
#1832 = EDGE_LOOP( '', ( #3309, #3310, #3311, #3312 ) );
#1833 = AXIS2_PLACEMENT_3D( '', #3313, #3314, #3315 );
#1834 = SURFACE_SIDE_STYLE( '', ( #3316 ) );
#1835 = EDGE_LOOP( '', ( #3317, #3318, #3319, #3320, #3321, #3322, #3323, #3324 ) );
#1836 = AXIS2_PLACEMENT_3D( '', #3325, #3326, #3327 );
#1837 = SURFACE_SIDE_STYLE( '', ( #3328 ) );
#1838 = EDGE_LOOP( '', ( #3329, #3330, #3331, #3332 ) );
#1839 = AXIS2_PLACEMENT_3D( '', #3333, #3334, #3335 );
#1840 = SURFACE_SIDE_STYLE( '', ( #3336 ) );
#1841 = EDGE_LOOP( '', ( #3337 ) );
#1842 = EDGE_LOOP( '', ( #3338 ) );
#1843 = AXIS2_PLACEMENT_3D( '', #3339, #3340, #3341 );
#1844 = SURFACE_SIDE_STYLE( '', ( #3342 ) );
#1845 = EDGE_LOOP( '', ( #3343, #3344, #3345, #3346 ) );
#1846 = AXIS2_PLACEMENT_3D( '', #3347, #3348, #3349 );
#1847 = SURFACE_SIDE_STYLE( '', ( #3350 ) );
#1848 = EDGE_LOOP( '', ( #3351, #3352, #3353, #3354 ) );
#1849 = AXIS2_PLACEMENT_3D( '', #3355, #3356, #3357 );
#1850 = SURFACE_SIDE_STYLE( '', ( #3358 ) );
#1851 = EDGE_LOOP( '', ( #3359 ) );
#1852 = EDGE_LOOP( '', ( #3360 ) );
#1853 = AXIS2_PLACEMENT_3D( '', #3361, #3362, #3363 );
#1854 = SURFACE_SIDE_STYLE( '', ( #3364 ) );
#1855 = EDGE_LOOP( '', ( #3365, #3366, #3367, #3368 ) );
#1856 = AXIS2_PLACEMENT_3D( '', #3369, #3370, #3371 );
#1857 = SURFACE_SIDE_STYLE( '', ( #3372 ) );
#1858 = EDGE_LOOP( '', ( #3373, #3374, #3375, #3376 ) );
#1859 = EDGE_LOOP( '', ( #3377 ) );
#1860 = AXIS2_PLACEMENT_3D( '', #3378, #3379, #3380 );
#1861 = SURFACE_SIDE_STYLE( '', ( #3381 ) );
#1862 = EDGE_LOOP( '', ( #3382, #3383, #3384, #3385 ) );
#1863 = AXIS2_PLACEMENT_3D( '', #3386, #3387, #3388 );
#1864 = SURFACE_SIDE_STYLE( '', ( #3389 ) );
#1865 = EDGE_LOOP( '', ( #3390, #3391, #3392, #3393 ) );
#1866 = AXIS2_PLACEMENT_3D( '', #3394, #3395, #3396 );
#1867 = SURFACE_SIDE_STYLE( '', ( #3397 ) );
#1868 = EDGE_LOOP( '', ( #3398, #3399, #3400, #3401 ) );
#1869 = AXIS2_PLACEMENT_3D( '', #3402, #3403, #3404 );
#1870 = SURFACE_SIDE_STYLE( '', ( #3405 ) );
#1871 = EDGE_LOOP( '', ( #3406, #3407, #3408, #3409 ) );
#1872 = AXIS2_PLACEMENT_3D( '', #3410, #3411, #3412 );
#1873 = SURFACE_SIDE_STYLE( '', ( #3413 ) );
#1874 = EDGE_LOOP( '', ( #3414, #3415, #3416, #3417 ) );
#1875 = AXIS2_PLACEMENT_3D( '', #3418, #3419, #3420 );
#1876 = SURFACE_SIDE_STYLE( '', ( #3421 ) );
#1877 = EDGE_LOOP( '', ( #3422, #3423, #3424, #3425 ) );
#1878 = AXIS2_PLACEMENT_3D( '', #3426, #3427, #3428 );
#1879 = SURFACE_SIDE_STYLE( '', ( #3429 ) );
#1880 = EDGE_LOOP( '', ( #3430, #3431, #3432, #3433 ) );
#1881 = AXIS2_PLACEMENT_3D( '', #3434, #3435, #3436 );
#1882 = SURFACE_SIDE_STYLE( '', ( #3437 ) );
#1883 = EDGE_LOOP( '', ( #3438, #3439, #3440, #3441, #3442, #3443 ) );
#1884 = AXIS2_PLACEMENT_3D( '', #3444, #3445, #3446 );
#1885 = SURFACE_SIDE_STYLE( '', ( #3447 ) );
#1886 = EDGE_LOOP( '', ( #3448, #3449, #3450, #3451 ) );
#1887 = AXIS2_PLACEMENT_3D( '', #3452, #3453, #3454 );
#1888 = SURFACE_SIDE_STYLE( '', ( #3455 ) );
#1889 = EDGE_LOOP( '', ( #3456, #3457, #3458, #3459, #3460, #3461 ) );
#1890 = AXIS2_PLACEMENT_3D( '', #3462, #3463, #3464 );
#1891 = SURFACE_SIDE_STYLE( '', ( #3465 ) );
#1892 = EDGE_LOOP( '', ( #3466, #3467, #3468, #3469 ) );
#1893 = AXIS2_PLACEMENT_3D( '', #3470, #3471, #3472 );
#1894 = SURFACE_SIDE_STYLE( '', ( #3473 ) );
#1895 = EDGE_LOOP( '', ( #3474 ) );
#1896 = EDGE_LOOP( '', ( #3475 ) );
#1897 = B_SPLINE_CURVE_WITH_KNOTS( '', 3, ( #3476, #3477, #3478, #3479, #3480, #3481, #3482, #3483, #3484, #3485, #3486, #3487, #3488, #3489, #3490, #3491, #3492, #3493, #3494, #3495, #3496, #3497, #3498 ), .UNSPECIFIED., .T., .F., ( 4, 3, 2, 3, 2, 3, 3, 3, 4 ), ( 0.000000000000000, 0.146111505192002, 0.252576618225214, 0.360294261999992, 0.507022501550928, 0.646414329124318, 0.754569249265786, 0.860633886954452, 1.00000000000000 ), .UNSPECIFIED. );
#1898 = VECTOR( '', #3499, 1000.00000000000 );
#1899 = SURFACE_SIDE_STYLE( '', ( #3500 ) );
#1900 = EDGE_LOOP( '', ( #3501, #3502, #3503, #3504 ) );
#1901 = AXIS2_PLACEMENT_3D( '', #3505, #3506, #3507 );
#1902 = SURFACE_SIDE_STYLE( '', ( #3508 ) );
#1903 = EDGE_LOOP( '', ( #3509, #3510, #3511, #3512 ) );
#1904 = AXIS2_PLACEMENT_3D( '', #3513, #3514, #3515 );
#1905 = SURFACE_SIDE_STYLE( '', ( #3516 ) );
#1906 = EDGE_LOOP( '', ( #3517, #3518, #3519, #3520, #3521, #3522, #3523, #3524 ) );
#1907 = AXIS2_PLACEMENT_3D( '', #3525, #3526, #3527 );
#1908 = SURFACE_SIDE_STYLE( '', ( #3528 ) );
#1909 = EDGE_LOOP( '', ( #3529, #3530, #3531, #3532 ) );
#1910 = AXIS2_PLACEMENT_3D( '', #3533, #3534, #3535 );
#1911 = SURFACE_SIDE_STYLE( '', ( #3536 ) );
#1912 = EDGE_LOOP( '', ( #3537, #3538, #3539, #3540 ) );
#1913 = AXIS2_PLACEMENT_3D( '', #3541, #3542, #3543 );
#1914 = SURFACE_SIDE_STYLE( '', ( #3544 ) );
#1915 = EDGE_LOOP( '', ( #3545, #3546, #3547, #3548 ) );
#1916 = EDGE_LOOP( '', ( #3549 ) );
#1917 = AXIS2_PLACEMENT_3D( '', #3550, #3551, #3552 );
#1918 = SURFACE_SIDE_STYLE( '', ( #3553 ) );
#1919 = EDGE_LOOP( '', ( #3554, #3555, #3556, #3557 ) );
#1920 = AXIS2_PLACEMENT_3D( '', #3558, #3559, #3560 );
#1921 = SURFACE_SIDE_STYLE( '', ( #3561 ) );
#1922 = EDGE_LOOP( '', ( #3562, #3563, #3564, #3565 ) );
#1923 = AXIS2_PLACEMENT_3D( '', #3566, #3567, #3568 );
#1924 = SURFACE_SIDE_STYLE( '', ( #3569 ) );
#1925 = EDGE_LOOP( '', ( #3570, #3571, #3572, #3573 ) );
#1926 = AXIS2_PLACEMENT_3D( '', #3574, #3575, #3576 );
#1927 = SURFACE_SIDE_STYLE( '', ( #3577 ) );
#1928 = EDGE_LOOP( '', ( #3578, #3579, #3580, #3581 ) );
#1929 = AXIS2_PLACEMENT_3D( '', #3582, #3583, #3584 );
#1930 = SURFACE_SIDE_STYLE( '', ( #3585 ) );
#1931 = EDGE_LOOP( '', ( #3586, #3587, #3588, #3589, #3590, #3591, #3592 ) );
#1932 = EDGE_LOOP( '', ( #3593, #3594, #3595, #3596 ) );
#1933 = EDGE_LOOP( '', ( #3597, #3598, #3599, #3600, #3601, #3602, #3603 ) );
#1934 = EDGE_LOOP( '', ( #3604, #3605, #3606, #3607, #3608, #3609, #3610, #3611, #3612, #3613, #3614, #3615, #3616 ) );
#1935 = EDGE_LOOP( '', ( #3617, #3618, #3619, #3620, #3621, #3622, #3623, #3624, #3625, #3626, #3627, #3628 ) );
#1936 = EDGE_LOOP( '', ( #3629, #3630 ) );
#1937 = EDGE_LOOP( '', ( #3631, #3632, #3633, #3634, #3635, #3636, #3637, #3638, #3639, #3640, #3641, #3642, #3643 ) );
#1938 = EDGE_LOOP( '', ( #3644, #3645, #3646, #3647, #3648, #3649 ) );
#1939 = EDGE_LOOP( '', ( #3650, #3651, #3652, #3653, #3654, #3655, #3656, #3657, #3658, #3659, #3660, #3661 ) );
#1940 = EDGE_LOOP( '', ( #3662, #3663, #3664, #3665 ) );
#1941 = EDGE_LOOP( '', ( #3666, #3667, #3668, #3669, #3670, #3671 ) );
#1942 = AXIS2_PLACEMENT_3D( '', #3672, #3673, #3674 );
#1943 = SURFACE_SIDE_STYLE( '', ( #3675 ) );
#1944 = EDGE_LOOP( '', ( #3676, #3677, #3678, #3679 ) );
#1945 = AXIS2_PLACEMENT_3D( '', #3680, #3681, #3682 );
#1946 = SURFACE_SIDE_STYLE( '', ( #3683 ) );
#1947 = EDGE_LOOP( '', ( #3684 ) );
#1948 = EDGE_LOOP( '', ( #3685 ) );
#1949 = AXIS2_PLACEMENT_3D( '', #3686, #3687, #3688 );
#1950 = SURFACE_SIDE_STYLE( '', ( #3689 ) );
#1951 = EDGE_LOOP( '', ( #3690 ) );
#1952 = EDGE_LOOP( '', ( #3691, #3692, #3693, #3694 ) );
#1953 = AXIS2_PLACEMENT_3D( '', #3695, #3696, #3697 );
#1954 = SURFACE_SIDE_STYLE( '', ( #3698 ) );
#1955 = EDGE_LOOP( '', ( #3699, #3700, #3701, #3702 ) );
#1956 = B_SPLINE_CURVE_WITH_KNOTS( '', 3, ( #3703, #3704, #3705, #3706, #3707, #3708, #3709 ), .UNSPECIFIED., .F., .F., ( 4, 3, 4 ), ( 0.149069852529666, 0.242039240282829, 0.261468230552944 ), .UNSPECIFIED. );
#1957 = VECTOR( '', #3710, 1000.00000000000 );
#1958 = SURFACE_SIDE_STYLE( '', ( #3711 ) );
#1959 = EDGE_LOOP( '', ( #3712 ) );
#1960 = EDGE_LOOP( '', ( #3713 ) );
#1961 = AXIS2_PLACEMENT_3D( '', #3714, #3715, #3716 );
#1962 = SURFACE_SIDE_STYLE( '', ( #3717 ) );
#1963 = EDGE_LOOP( '', ( #3718, #3719, #3720, #3721 ) );
#1964 = AXIS2_PLACEMENT_3D( '', #3722, #3723, #3724 );
#1965 = SURFACE_SIDE_STYLE( '', ( #3725 ) );
#1966 = EDGE_LOOP( '', ( #3726 ) );
#1967 = EDGE_LOOP( '', ( #3727 ) );
#1968 = AXIS2_PLACEMENT_3D( '', #3728, #3729, #3730 );
#1969 = SURFACE_SIDE_STYLE( '', ( #3731 ) );
#1970 = EDGE_LOOP( '', ( #3732 ) );
#1971 = EDGE_LOOP( '', ( #3733 ) );
#1972 = AXIS2_PLACEMENT_3D( '', #3734, #3735, #3736 );
#1973 = SURFACE_SIDE_STYLE( '', ( #3737 ) );
#1974 = EDGE_LOOP( '', ( #3738, #3739, #3740, #3741 ) );
#1975 = AXIS2_PLACEMENT_3D( '', #3742, #3743, #3744 );
#1976 = SURFACE_SIDE_STYLE( '', ( #3745 ) );
#1977 = EDGE_LOOP( '', ( #3746, #3747, #3748, #3749 ) );
#1978 = AXIS2_PLACEMENT_3D( '', #3750, #3751, #3752 );
#1979 = SURFACE_SIDE_STYLE( '', ( #3753 ) );
#1980 = EDGE_LOOP( '', ( #3754 ) );
#1981 = EDGE_LOOP( '', ( #3755 ) );
#1982 = AXIS2_PLACEMENT_3D( '', #3756, #3757, #3758 );
#1983 = SURFACE_SIDE_STYLE( '', ( #3759 ) );
#1984 = EDGE_LOOP( '', ( #3760, #3761, #3762, #3763 ) );
#1985 = AXIS2_PLACEMENT_3D( '', #3764, #3765, #3766 );
#1986 = SURFACE_SIDE_STYLE( '', ( #3767 ) );
#1987 = EDGE_LOOP( '', ( #3768, #3769, #3770, #3771 ) );
#1988 = EDGE_LOOP( '', ( #3772 ) );
#1989 = AXIS2_PLACEMENT_3D( '', #3773, #3774, #3775 );
#1990 = SURFACE_SIDE_STYLE( '', ( #3776 ) );
#1991 = EDGE_LOOP( '', ( #3777, #3778, #3779, #3780 ) );
#1992 = AXIS2_PLACEMENT_3D( '', #3781, #3782, #3783 );
#1993 = SURFACE_SIDE_STYLE( '', ( #3784 ) );
#1994 = EDGE_LOOP( '', ( #3785 ) );
#1995 = EDGE_LOOP( '', ( #3786 ) );
#1996 = AXIS2_PLACEMENT_3D( '', #3787, #3788, #3789 );
#1997 = SURFACE_SIDE_STYLE( '', ( #3790 ) );
#1998 = EDGE_LOOP( '', ( #3791, #3792, #3793, #3794 ) );
#1999 = AXIS2_PLACEMENT_3D( '', #3795, #3796, #3797 );
#2000 = SURFACE_SIDE_STYLE( '', ( #3798 ) );
#2001 = EDGE_LOOP( '', ( #3799, #3800, #3801, #3802 ) );
#2002 = AXIS2_PLACEMENT_3D( '', #3803, #3804, #3805 );
#2003 = SURFACE_SIDE_STYLE( '', ( #3806 ) );
#2004 = EDGE_LOOP( '', ( #3807 ) );
#2005 = EDGE_LOOP( '', ( #3808 ) );
#2006 = AXIS2_PLACEMENT_3D( '', #3809, #3810, #3811 );
#2007 = SURFACE_SIDE_STYLE( '', ( #3812 ) );
#2008 = EDGE_LOOP( '', ( #3813, #3814, #3815, #3816 ) );
#2009 = AXIS2_PLACEMENT_3D( '', #3817, #3818, #3819 );
#2010 = SURFACE_SIDE_STYLE( '', ( #3820 ) );
#2011 = EDGE_LOOP( '', ( #3821, #3822, #3823, #3824 ) );
#2012 = AXIS2_PLACEMENT_3D( '', #3825, #3826, #3827 );
#2013 = SURFACE_SIDE_STYLE( '', ( #3828 ) );
#2014 = EDGE_LOOP( '', ( #3829 ) );
#2015 = EDGE_LOOP( '', ( #3830 ) );
#2016 = AXIS2_PLACEMENT_3D( '', #3831, #3832, #3833 );
#2017 = SURFACE_SIDE_STYLE( '', ( #3834 ) );
#2018 = EDGE_LOOP( '', ( #3835, #3836, #3837, #3838 ) );
#2019 = AXIS2_PLACEMENT_3D( '', #3839, #3840, #3841 );
#2020 = SURFACE_SIDE_STYLE( '', ( #3842 ) );
#2021 = EDGE_LOOP( '', ( #3843, #3844, #3845, #3846 ) );
#2022 = B_SPLINE_CURVE_WITH_KNOTS( '', 3, ( #3847, #3848, #3849, #3850, #3851, #3852, #3853, #3854, #3855, #3856, #3857, #3858, #3859, #3860, #3861 ), .UNSPECIFIED., .F., .F., ( 4, 2, 3, 3, 3, 4 ), ( 0.499173000348934, 0.614831299932540, 0.730489599516148, 0.841701158441076, 0.958540723515278, 1.00000000000000 ), .UNSPECIFIED. );
#2023 = VECTOR( '', #3862, 1000.00000000000 );
#2024 = SURFACE_SIDE_STYLE( '', ( #3863 ) );
#2025 = EDGE_LOOP( '', ( #3864, #3865, #3866, #3867, #3868, #3869 ) );
#2026 = AXIS2_PLACEMENT_3D( '', #3870, #3871, #3872 );
#2027 = SURFACE_SIDE_STYLE( '', ( #3873 ) );
#2028 = EDGE_LOOP( '', ( #3874, #3875, #3876, #3877, #3878, #3879, #3880, #3881 ) );
#2029 = AXIS2_PLACEMENT_3D( '', #3882, #3883, #3884 );
#2030 = SURFACE_SIDE_STYLE( '', ( #3885 ) );
#2031 = EDGE_LOOP( '', ( #3886, #3887, #3888, #3889, #3890, #3891 ) );
#2032 = AXIS2_PLACEMENT_3D( '', #3892, #3893, #3894 );
#2033 = SURFACE_SIDE_STYLE( '', ( #3895 ) );
#2034 = EDGE_LOOP( '', ( #3896, #3897, #3898, #3899 ) );
#2035 = AXIS2_PLACEMENT_3D( '', #3900, #3901, #3902 );
#2036 = SURFACE_SIDE_STYLE( '', ( #3903 ) );
#2037 = EDGE_LOOP( '', ( #3904, #3905, #3906, #3907 ) );
#2038 = B_SPLINE_CURVE_WITH_KNOTS( '', 3, ( #3908, #3909, #3910, #3911, #3912, #3913, #3914, #3915, #3916, #3917, #3918, #3919, #3920, #3921, #3922, #3923, #3924, #3925, #3926, #3927 ), .UNSPECIFIED., .F., .F., ( 4, 3, 3, 2, 3, 2, 3, 4 ), ( 0.582301816735135, 0.697897258735781, 0.727682193021292, 0.749965873996903, 0.772249554972515, 0.818209178399425, 0.864168801826335, 0.967967528120303 ), .UNSPECIFIED. );
#2039 = VECTOR( '', #3928, 1000.00000000000 );
#2040 = SURFACE_SIDE_STYLE( '', ( #3929 ) );
#2041 = EDGE_LOOP( '', ( #3930, #3931, #3932, #3933 ) );
#2042 = B_SPLINE_CURVE_WITH_KNOTS( '', 3, ( #3934, #3935, #3936, #3937, #3938, #3939, #3940, #3941, #3942, #3943, #3944, #3945, #3946, #3947, #3948, #3949, #3950, #3951 ), .UNSPECIFIED., .F., .F., ( 4, 2, 3, 3, 3, 3, 4 ), ( 0.245640314251374, 0.317563337196489, 0.348999890271838, 0.376335385920032, 0.402372375392432, 0.433633459013527, 0.550269344855437 ), .UNSPECIFIED. );
#2043 = VECTOR( '', #3952, 1000.00000000000 );
#2044 = SURFACE_SIDE_STYLE( '', ( #3953 ) );
#2045 = EDGE_LOOP( '', ( #3954, #3955, #3956, #3957 ) );
#2046 = AXIS2_PLACEMENT_3D( '', #3958, #3959, #3960 );
#2047 = SURFACE_SIDE_STYLE( '', ( #3961 ) );
#2048 = EDGE_LOOP( '', ( #3962, #3963, #3964, #3965 ) );
#2049 = AXIS2_PLACEMENT_3D( '', #3966, #3967, #3968 );
#2050 = SURFACE_SIDE_STYLE( '', ( #3969 ) );
#2051 = EDGE_LOOP( '', ( #3970, #3971, #3972, #3973 ) );
#2052 = AXIS2_PLACEMENT_3D( '', #3974, #3975, #3976 );
#2053 = SURFACE_SIDE_STYLE( '', ( #3977 ) );
#2054 = EDGE_LOOP( '', ( #3978, #3979, #3980, #3981 ) );
#2055 = AXIS2_PLACEMENT_3D( '', #3982, #3983, #3984 );
#2056 = SURFACE_SIDE_STYLE( '', ( #3985 ) );
#2057 = EDGE_LOOP( '', ( #3986 ) );
#2058 = EDGE_LOOP( '', ( #3987 ) );
#2059 = AXIS2_PLACEMENT_3D( '', #3988, #3989, #3990 );
#2060 = SURFACE_SIDE_STYLE( '', ( #3991 ) );
#2061 = EDGE_LOOP( '', ( #3992, #3993, #3994, #3995 ) );
#2062 = AXIS2_PLACEMENT_3D( '', #3996, #3997, #3998 );
#2063 = SURFACE_SIDE_STYLE( '', ( #3999 ) );
#2064 = EDGE_LOOP( '', ( #4000, #4001, #4002, #4003 ) );
#2065 = AXIS2_PLACEMENT_3D( '', #4004, #4005, #4006 );
#2066 = SURFACE_SIDE_STYLE( '', ( #4007 ) );
#2067 = EDGE_LOOP( '', ( #4008 ) );
#2068 = EDGE_LOOP( '', ( #4009 ) );
#2069 = AXIS2_PLACEMENT_3D( '', #4010, #4011, #4012 );
#2070 = SURFACE_SIDE_STYLE( '', ( #4013 ) );
#2071 = EDGE_LOOP( '', ( #4014, #4015, #4016, #4017 ) );
#2072 = AXIS2_PLACEMENT_3D( '', #4018, #4019, #4020 );
#2073 = SURFACE_SIDE_STYLE( '', ( #4021 ) );
#2074 = EDGE_LOOP( '', ( #4022 ) );
#2075 = EDGE_LOOP( '', ( #4023 ) );
#2076 = AXIS2_PLACEMENT_3D( '', #4024, #4025, #4026 );
#2077 = SURFACE_SIDE_STYLE( '', ( #4027 ) );
#2078 = EDGE_LOOP( '', ( #4028, #4029, #4030, #4031 ) );
#2079 = AXIS2_PLACEMENT_3D( '', #4032, #4033, #4034 );
#2080 = SURFACE_SIDE_STYLE( '', ( #4035 ) );
#2081 = EDGE_LOOP( '', ( #4036, #4037, #4038, #4039 ) );
#2082 = AXIS2_PLACEMENT_3D( '', #4040, #4041, #4042 );
#2083 = SURFACE_SIDE_STYLE( '', ( #4043 ) );
#2084 = EDGE_LOOP( '', ( #4044, #4045, #4046, #4047 ) );
#2085 = AXIS2_PLACEMENT_3D( '', #4048, #4049, #4050 );
#2086 = SURFACE_SIDE_STYLE( '', ( #4051 ) );
#2087 = EDGE_LOOP( '', ( #4052, #4053, #4054, #4055 ) );
#2088 = AXIS2_PLACEMENT_3D( '', #4056, #4057, #4058 );
#2089 = SURFACE_SIDE_STYLE( '', ( #4059 ) );
#2090 = EDGE_LOOP( '', ( #4060, #4061, #4062, #4063 ) );
#2091 = AXIS2_PLACEMENT_3D( '', #4064, #4065, #4066 );
#2092 = SURFACE_SIDE_STYLE( '', ( #4067 ) );
#2093 = EDGE_LOOP( '', ( #4068, #4069, #4070, #4071 ) );
#2094 = AXIS2_PLACEMENT_3D( '', #4072, #4073, #4074 );
#2095 = SURFACE_SIDE_STYLE( '', ( #4075 ) );
#2096 = EDGE_LOOP( '', ( #4076 ) );
#2097 = EDGE_LOOP( '', ( #4077, #4078, #4079, #4080, #4081, #4082, #4083, #4084, #4085, #4086, #4087, #4088, #4089, #4090, #4091, #4092 ) );
#2098 = AXIS2_PLACEMENT_3D( '', #4093, #4094, #4095 );
#2099 = SURFACE_SIDE_STYLE( '', ( #4096 ) );
#2100 = EDGE_LOOP( '', ( #4097, #4098, #4099, #4100 ) );
#2101 = AXIS2_PLACEMENT_3D( '', #4101, #4102, #4103 );
#2102 = SURFACE_SIDE_STYLE( '', ( #4104 ) );
#2103 = EDGE_LOOP( '', ( #4105, #4106, #4107, #4108 ) );
#2104 = AXIS2_PLACEMENT_3D( '', #4109, #4110, #4111 );
#2105 = SURFACE_SIDE_STYLE( '', ( #4112 ) );
#2106 = EDGE_LOOP( '', ( #4113, #4114, #4115, #4116 ) );
#2107 = AXIS2_PLACEMENT_3D( '', #4117, #4118, #4119 );
#2108 = SURFACE_SIDE_STYLE( '', ( #4120 ) );
#2109 = EDGE_LOOP( '', ( #4121, #4122, #4123, #4124 ) );
#2110 = B_SPLINE_CURVE_WITH_KNOTS( '', 3, ( #4125, #4126, #4127, #4128, #4129, #4130, #4131, #4132, #4133, #4134, #4135, #4136, #4137, #4138, #4139, #4140, #4141 ), .UNSPECIFIED., .F., .F., ( 4, 2, 3, 2, 2, 2, 2, 4 ), ( 0.182860790289621, 0.235547193108222, 0.301844249988295, 0.367171546661369, 0.411439385854307, 0.455707225047245, 0.499975064240183, 0.558846726672027 ), .UNSPECIFIED. );
#2111 = VECTOR( '', #4142, 1000.00000000000 );
#2112 = SURFACE_SIDE_STYLE( '', ( #4143 ) );
#2113 = EDGE_LOOP( '', ( #4144, #4145, #4146, #4147 ) );
#2114 = AXIS2_PLACEMENT_3D( '', #4148, #4149, #4150 );
#2115 = SURFACE_SIDE_STYLE( '', ( #4151 ) );
#2116 = EDGE_LOOP( '', ( #4152, #4153, #4154, #4155 ) );
#2117 = AXIS2_PLACEMENT_3D( '', #4156, #4157, #4158 );
#2118 = SURFACE_SIDE_STYLE( '', ( #4159 ) );
#2119 = EDGE_LOOP( '', ( #4160, #4161, #4162, #4163 ) );
#2120 = AXIS2_PLACEMENT_3D( '', #4164, #4165, #4166 );
#2121 = SURFACE_SIDE_STYLE( '', ( #4167 ) );
#2122 = EDGE_LOOP( '', ( #4168, #4169, #4170, #4171 ) );
#2123 = AXIS2_PLACEMENT_3D( '', #4172, #4173, #4174 );
#2125 =  ( LENGTH_UNIT(  )NAMED_UNIT( #1417 )SI_UNIT( .MILLI., .METRE. ) );
#2126 = SURFACE_STYLE_FILL_AREA( #4176 );
#2127 = ORIENTED_EDGE( '', *, *, #4177, .F. );
#2128 = ORIENTED_EDGE( '', *, *, #4178, .F. );
#2129 = ORIENTED_EDGE( '', *, *, #4179, .F. );
#2130 = ORIENTED_EDGE( '', *, *, #4180, .F. );
#2131 = ORIENTED_EDGE( '', *, *, #4181, .F. );
#2132 = ORIENTED_EDGE( '', *, *, #4182, .F. );
#2133 = ORIENTED_EDGE( '', *, *, #4183, .F. );
#2134 = CARTESIAN_POINT( '', ( 0.829421850495500, 0.389831143896800, 10.9400000000000 ) );
#2135 = DIRECTION( '', ( 0.000000000000000, 0.000000000000000, 1.00000000000000 ) );
#2136 = DIRECTION( '', ( 1.00000000000000, 0.000000000000000, 0.000000000000000 ) );
#2137 = SURFACE_STYLE_FILL_AREA( #4184 );
#2138 = ORIENTED_EDGE( '', *, *, #4185, .T. );
#2139 = ORIENTED_EDGE( '', *, *, #4186, .F. );
#2140 = ORIENTED_EDGE( '', *, *, #4187, .F. );
#2141 = ORIENTED_EDGE( '', *, *, #4188, .T. );
#2142 = CARTESIAN_POINT( '', ( 1.00477431804292, 2.32616306157728, 10.9400000000000 ) );
#2143 = DIRECTION( '', ( 2.77555756156289E-16, -1.00000000000000, -2.19030741916264E-17 ) );
#2144 = DIRECTION( '', ( 1.00000000000000, 2.77555756156289E-16, 0.000000000000000 ) );
#2145 = SURFACE_STYLE_FILL_AREA( #4189 );
#2146 = ORIENTED_EDGE( '', *, *, #4190, .F. );
#2147 = ORIENTED_EDGE( '', *, *, #4191, .F. );
#2148 = ORIENTED_EDGE( '', *, *, #4192, .T. );
#2149 = ORIENTED_EDGE( '', *, *, #4193, .T. );
#2150 = CARTESIAN_POINT( '', ( -0.282821722630197, -0.292286604832271, 10.9400000000000 ) );
#2151 = DIRECTION( '', ( 9.19466829305716E-16, 1.00000000000000, 2.19030741916264E-17 ) );
#2152 = DIRECTION( '', ( -1.00000000000000, 9.19466829305716E-16, 0.000000000000000 ) );
#2153 = SURFACE_STYLE_FILL_AREA( #4194 );
#2154 = ORIENTED_EDGE( '', *, *, #4195, .T. );
#2155 = ORIENTED_EDGE( '', *, *, #4196, .T. );
#2156 = ORIENTED_EDGE( '', *, *, #4197, .T. );
#2157 = ORIENTED_EDGE( '', *, *, #4198, .F. );
#2158 = ORIENTED_EDGE( '', *, *, #4199, .F. );
#2159 = ORIENTED_EDGE( '', *, *, #4200, .F. );
#2160 = ORIENTED_EDGE( '', *, *, #4201, .F. );
#2161 = ORIENTED_EDGE( '', *, *, #4202, .T. );
#2162 = CARTESIAN_POINT( '', ( -4.50000000000000, -0.450000000000000, -0.750000000000000 ) );
#2163 = DIRECTION( '', ( 0.000000000000000, -1.00000000000000, 0.000000000000000 ) );
#2164 = DIRECTION( '', ( 0.000000000000000, 0.000000000000000, -1.00000000000000 ) );
#2165 = SURFACE_STYLE_FILL_AREA( #4203 );
#2166 = ORIENTED_EDGE( '', *, *, #4204, .T. );
#2167 = ORIENTED_EDGE( '', *, *, #4205, .T. );
#2168 = ORIENTED_EDGE( '', *, *, #4206, .F. );
#2169 = ORIENTED_EDGE( '', *, *, #4207, .F. );
#2170 = CARTESIAN_POINT( '', ( -2.40047491893047E-17, 0.000000000000000, 0.240000000000000 ) );
#2171 = DIRECTION( '', ( -1.00019788288769E-16, 0.000000000000000, 1.00000000000000 ) );
#2172 = DIRECTION( '', ( 1.00000000000000, 0.000000000000000, 1.00019788288769E-16 ) );
#2173 = SURFACE_STYLE_FILL_AREA( #4208 );
#2174 = ORIENTED_EDGE( '', *, *, #4209, .T. );
#2175 = ORIENTED_EDGE( '', *, *, #4210, .T. );
#2176 = ORIENTED_EDGE( '', *, *, #4211, .T. );
#2177 = ORIENTED_EDGE( '', *, *, #4212, .F. );
#2178 = ORIENTED_EDGE( '', *, *, #4213, .T. );
#2179 = CARTESIAN_POINT( '', ( -2.40047491893047E-17, 0.000000000000000, 0.240000000000000 ) );
#2180 = DIRECTION( '', ( -1.00019788288769E-16, 0.000000000000000, 1.00000000000000 ) );
#2181 = DIRECTION( '', ( 1.00000000000000, 0.000000000000000, 1.00019788288769E-16 ) );
#2182 = SURFACE_STYLE_FILL_AREA( #4214 );
#2183 = ORIENTED_EDGE( '', *, *, #4215, .F. );
#2184 = ORIENTED_EDGE( '', *, *, #4216, .F. );
#2185 = ORIENTED_EDGE( '', *, *, #4217, .T. );
#2186 = ORIENTED_EDGE( '', *, *, #4218, .T. );
#2187 = CARTESIAN_POINT( '', ( 1.33272752166440E-15, -1.65000000000000, 0.300000000000000 ) );
#2188 = DIRECTION( '', ( -0.000000000000000, -0.000000000000000, 1.00000000000000 ) );
#2189 = DIRECTION( '', ( -1.00000000000000, 0.000000000000000, 0.000000000000000 ) );
#2190 = SURFACE_STYLE_FILL_AREA( #4219 );
#2191 = ORIENTED_EDGE( '', *, *, #4220, .T. );
#2192 = ORIENTED_EDGE( '', *, *, #4221, .F. );
#2193 = ORIENTED_EDGE( '', *, *, #4222, .F. );
#2194 = ORIENTED_EDGE( '', *, *, #4223, .T. );
#2195 = CARTESIAN_POINT( '', ( 0.973025276454454, 1.27340653755458, 10.9400000000000 ) );
#2196 = DIRECTION( '', ( 0.860646621654616, -0.509202702893942, 7.69770222681090E-18 ) );
#2197 = DIRECTION( '', ( 0.509202702893942, 0.860646621654616, -6.83693299913104E-33 ) );
#2198 = SURFACE_STYLE_FILL_AREA( #4224 );
#2199 = ORIENTED_EDGE( '', *, *, #4225, .F. );
#2200 = ORIENTED_EDGE( '', *, *, #4226, .F. );
#2201 = ORIENTED_EDGE( '', *, *, #4227, .T. );
#2202 = ORIENTED_EDGE( '', *, *, #4228, .T. );
#2203 = CARTESIAN_POINT( '', ( -0.483456577369479, 1.27340653755458, 10.9400000000000 ) );
#2204 = DIRECTION( '', ( 0.989944134660290, 0.141458864167963, 2.47812038239637E-17 ) );
#2205 = DIRECTION( '', ( -0.141458864167963, 0.989944134660290, 4.81471603607637E-33 ) );
#2206 = SURFACE_STYLE_FILL_AREA( #4229 );
#2207 = ORIENTED_EDGE( '', *, *, #4230, .F. );
#2208 = ORIENTED_EDGE( '', *, *, #4231, .F. );
#2209 = ORIENTED_EDGE( '', *, *, #4232, .T. );
#2210 = ORIENTED_EDGE( '', *, *, #4233, .T. );
#2211 = CARTESIAN_POINT( '', ( -0.117368346424408, 0.188639440183806, 10.9400000000000 ) );
#2212 = CARTESIAN_POINT( '', ( -0.107490532919586, 0.236176417675768, 10.9400000000000 ) );
#2213 = CARTESIAN_POINT( '', ( -0.0908217226301962, 0.274452945006958, 10.9400000000000 ) );
#2214 = CARTESIAN_POINT( '', ( -0.0673619155562412, 0.304086385521428, 10.9400000000000 ) );
#2215 = CARTESIAN_POINT( '', ( -0.0442025542505757, 0.333340315591742, 10.9400000000000 ) );
#2216 = CARTESIAN_POINT( '', ( -0.0105644879035082, 0.355944906421749, 10.9400000000000 ) );
#2217 = CARTESIAN_POINT( '', ( 0.0332683095241443, 0.371996353367086, 10.9400000000000 ) );
#2218 = CARTESIAN_POINT( '', ( 0.0774461263473277, 0.388174145443182, 10.9400000000000 ) );
#2219 = CARTESIAN_POINT( '', ( 0.128342264508067, 0.395456160441041, 10.9400000000000 ) );
#2220 = CARTESIAN_POINT( '', ( 0.243789209845688, 0.395456160441041, 10.9400000000000 ) );
#2221 = CARTESIAN_POINT( '', ( 0.290091460649546, 0.388665163656476, 10.9400000000000 ) );
#2222 = CARTESIAN_POINT( '', ( 0.326515897948582, 0.375083170087344, 10.9400000000000 ) );
#2223 = CARTESIAN_POINT( '', ( 0.362398332271415, 0.361703279322898, 10.9400000000000 ) );
#2224 = CARTESIAN_POINT( '', ( 0.388869595697778, 0.344832366228823, 10.9400000000000 ) );
#2225 = CARTESIAN_POINT( '', ( 0.422207216276557, 0.304086385521428, 10.9400000000000 ) );
#2226 = CARTESIAN_POINT( '', ( 0.433937119813534, 0.278157125071266, 10.9400000000000 ) );
#2227 = CARTESIAN_POINT( '', ( 0.440728116598099, 0.247288957868694, 10.9400000000000 ) );
#2228 = CARTESIAN_POINT( '', ( 0.445073214502608, 0.227538512848200, 10.9400000000000 ) );
#2229 = CARTESIAN_POINT( '', ( 0.446901750038614, 0.192343620248116, 10.9400000000000 ) );
#2230 = CARTESIAN_POINT( '', ( 0.446901750038614, 0.141719826035897, 10.9400000000000 ) );
#2231 = CARTESIAN_POINT( '', ( 0.446901750038614, 0.0908902440423275, 10.9400000000000 ) );
#2232 = CARTESIAN_POINT( '', ( 0.446901750038614, 0.0400606620487586, 10.9400000000000 ) );
#2233 = CARTESIAN_POINT( '', ( 0.446901750038614, -0.0107689199448107, 10.9400000000000 ) );
#2234 = CARTESIAN_POINT( '', ( 0.446901750038614, -0.116955415121659, 10.9400000000000 ) );
#2235 = CARTESIAN_POINT( '', ( 0.449371203414820, -0.184248019623267, 10.9400000000000 ) );
#2236 = CARTESIAN_POINT( '', ( 0.453692746823180, -0.212029370105582, 10.9400000000000 ) );
#2237 = CARTESIAN_POINT( '', ( 0.458122641368104, -0.240507263608669, 10.9400000000000 ) );
#2238 = CARTESIAN_POINT( '', ( 0.467892103736363, -0.266974707726161, 10.9400000000000 ) );
#2239 = CARTESIAN_POINT( '', ( 0.481474097305495, -0.292286604832271, 10.9400000000000 ) );
#2240 = DIRECTION( '', ( -2.19030741916263E-17, -2.19030741916264E-17, 1.00000000000000 ) );
#2241 = SURFACE_STYLE_FILL_AREA( #4234 );
#2242 = ORIENTED_EDGE( '', *, *, #4235, .F. );
#2243 = ORIENTED_EDGE( '', *, *, #4236, .F. );
#2244 = ORIENTED_EDGE( '', *, *, #4237, .T. );
#2245 = ORIENTED_EDGE( '', *, *, #4191, .T. );
#2246 = CARTESIAN_POINT( '', ( -0.282821722630196, 0.634993137933003, 10.9400000000000 ) );
#2247 = DIRECTION( '', ( -1.00000000000000, 4.67691516371216E-16, -2.19030741916263E-17 ) );
#2248 = DIRECTION( '', ( -4.67691516371216E-16, -1.00000000000000, 0.000000000000000 ) );
#2249 = SURFACE_STYLE_FILL_AREA( #4238 );
#2250 = ORIENTED_EDGE( '', *, *, #4239, .F. );
#2251 = ORIENTED_EDGE( '', *, *, #4240, .F. );
#2252 = ORIENTED_EDGE( '', *, *, #4241, .T. );
#2253 = ORIENTED_EDGE( '', *, *, #4242, .T. );
#2254 = CARTESIAN_POINT( '', ( -0.173957712309624, 2.16324834885772, 10.9400000000000 ) );
#2255 = DIRECTION( '', ( -0.985344937398061, -0.170573603889969, -2.53181695693082E-17 ) );
#2256 = DIRECTION( '', ( 0.170573603889969, -0.985344937398061, 0.000000000000000 ) );
#2257 = SURFACE_STYLE_FILL_AREA( #4243 );
#2258 = ORIENTED_EDGE( '', *, *, #4244, .T. );
#2259 = ORIENTED_EDGE( '', *, *, #4245, .F. );
#2260 = CARTESIAN_POINT( '', ( -1.32544888965327E-16, 0.000000000000000, 3.02571428571428 ) );
#2261 = DIRECTION( '', ( -4.38061483832527E-17, 0.000000000000000, 1.00000000000000 ) );
#2262 = DIRECTION( '', ( 1.00000000000000, 0.000000000000000, 4.38061483832527E-17 ) );
#2263 = SURFACE_STYLE_FILL_AREA( #4246 );
#2264 = ORIENTED_EDGE( '', *, *, #4247, .F. );
#2265 = ORIENTED_EDGE( '', *, *, #4248, .F. );
#2266 = ORIENTED_EDGE( '', *, *, #4249, .T. );
#2267 = ORIENTED_EDGE( '', *, *, #4250, .T. );
#2268 = CARTESIAN_POINT( '', ( 1.16674740920260, -0.292286604832271, 10.9400000000000 ) );
#2269 = DIRECTION( '', ( 4.77223272818996E-16, 1.00000000000000, 2.19030741916264E-17 ) );
#2270 = DIRECTION( '', ( -1.00000000000000, 4.77223272818996E-16, 0.000000000000000 ) );
#2271 = SURFACE_STYLE_FILL_AREA( #4251 );
#2272 = ORIENTED_EDGE( '', *, *, #4252, .F. );
#2273 = ORIENTED_EDGE( '', *, *, #4228, .F. );
#2274 = ORIENTED_EDGE( '', *, *, #4253, .T. );
#2275 = ORIENTED_EDGE( '', *, *, #4254, .T. );
#2276 = CARTESIAN_POINT( '', ( -0.517854991785320, 1.51413028995331, 10.9400000000000 ) );
#2277 = DIRECTION( '', ( -0.834335938836839, 0.551256329818761, -6.20031367845950E-18 ) );
#2278 = DIRECTION( '', ( -0.551256329818761, -0.834335938836839, 0.000000000000000 ) );
#2279 = SURFACE_STYLE_FILL_AREA( #4255 );
#2280 = ORIENTED_EDGE( '', *, *, #4256, .F. );
#2281 = ORIENTED_EDGE( '', *, *, #4254, .F. );
#2282 = ORIENTED_EDGE( '', *, *, #4257, .T. );
#2283 = ORIENTED_EDGE( '', *, *, #4258, .T. );
#2284 = CARTESIAN_POINT( '', ( -0.676904226117151, 1.27340653755458, 10.9400000000000 ) );
#2285 = DIRECTION( '', ( -1.22124532708767E-15, 1.00000000000000, 2.19030741916263E-17 ) );
#2286 = DIRECTION( '', ( -1.00000000000000, -1.22124532708767E-15, 0.000000000000000 ) );
#2287 = SURFACE_STYLE_FILL_AREA( #4259 );
#2288 = ORIENTED_EDGE( '', *, *, #4260, .F. );
#2289 = ORIENTED_EDGE( '', *, *, #4261, .F. );
#2290 = ORIENTED_EDGE( '', *, *, #4262, .T. );
#2291 = ORIENTED_EDGE( '', *, *, #4263, .T. );
#2292 = CARTESIAN_POINT( '', ( 1.81683101048878, 0.504729472338148, 10.9400000000000 ) );
#2293 = DIRECTION( '', ( -9.54446545637999E-16, 1.00000000000000, 2.19030741916264E-17 ) );
#2294 = DIRECTION( '', ( -1.00000000000000, -9.54446545637999E-16, 0.000000000000000 ) );
#2295 = SURFACE_STYLE_FILL_AREA( #4264 );
#2296 = ORIENTED_EDGE( '', *, *, #4265, .T. );
#2297 = ORIENTED_EDGE( '', *, *, #4266, .F. );
#2298 = CARTESIAN_POINT( '', ( -1.40027703604277E-17, 0.000000000000000, 0.140000000000000 ) );
#2299 = DIRECTION( '', ( -1.00389090044955E-16, 0.000000000000000, 1.00000000000000 ) );
#2300 = DIRECTION( '', ( 1.00000000000000, 0.000000000000000, 1.00389090044955E-16 ) );
#2301 = SURFACE_STYLE_FILL_AREA( #4267 );
#2302 = ORIENTED_EDGE( '', *, *, #4268, .F. );
#2303 = CARTESIAN_POINT( '', ( -2.40047491893047E-17, 0.000000000000000, 0.240000000000000 ) );
#2304 = DIRECTION( '', ( -1.00019788288769E-16, 0.000000000000000, 1.00000000000000 ) );
#2305 = DIRECTION( '', ( 1.00000000000000, 0.000000000000000, 1.00019788288769E-16 ) );
#2306 = SURFACE_STYLE_FILL_AREA( #4269 );
#2307 = ORIENTED_EDGE( '', *, *, #4270, .F. );
#2308 = ORIENTED_EDGE( '', *, *, #4271, .F. );
#2309 = ORIENTED_EDGE( '', *, *, #4272, .F. );
#2310 = ORIENTED_EDGE( '', *, *, #4273, .F. );
#2311 = CARTESIAN_POINT( '', ( -3.35000000000000, 3.35000000000000, 0.600000000000000 ) );
#2312 = DIRECTION( '', ( -0.000000000000000, -0.000000000000000, 1.00000000000000 ) );
#2313 = DIRECTION( '', ( -1.00000000000000, 0.000000000000000, 0.000000000000000 ) );
#2314 = SURFACE_STYLE_FILL_AREA( #4274 );
#2315 = ORIENTED_EDGE( '', *, *, #4275, .F. );
#2316 = ORIENTED_EDGE( '', *, *, #4276, .T. );
#2317 = CARTESIAN_POINT( '', ( 1.33272752166440E-15, -1.65000000000000, 0.600000000000000 ) );
#2318 = DIRECTION( '', ( -0.000000000000000, -0.000000000000000, 1.00000000000000 ) );
#2319 = DIRECTION( '', ( -1.00000000000000, 0.000000000000000, 0.000000000000000 ) );
#2320 = SURFACE_STYLE_FILL_AREA( #4277 );
#2321 = ORIENTED_EDGE( '', *, *, #4278, .T. );
#2322 = ORIENTED_EDGE( '', *, *, #4279, .T. );
#2323 = CARTESIAN_POINT( '', ( -1.76208664878586E-32, 0.000000000000000, 4.02246422892436E-16 ) );
#2324 = DIRECTION( '', ( -4.38061483832527E-17, 0.000000000000000, 1.00000000000000 ) );
#2325 = DIRECTION( '', ( 1.00000000000000, 0.000000000000000, 4.38061483832527E-17 ) );
#2326 = SURFACE_STYLE_FILL_AREA( #4280 );
#2327 = ORIENTED_EDGE( '', *, *, #4281, .F. );
#2328 = ORIENTED_EDGE( '', *, *, #4282, .F. );
#2329 = ORIENTED_EDGE( '', *, *, #4283, .T. );
#2330 = ORIENTED_EDGE( '', *, *, #4284, .T. );
#2331 = CARTESIAN_POINT( '', ( -1.44000000000000, 3.29945450036820, 10.9400000000000 ) );
#2332 = DIRECTION( '', ( -1.00000000000000, 0.000000000000000, -4.38061483832527E-17 ) );
#2333 = DIRECTION( '', ( -4.38061483832527E-17, 0.000000000000000, 1.00000000000000 ) );
#2334 = SURFACE_STYLE_FILL_AREA( #4285 );
#2335 = ORIENTED_EDGE( '', *, *, #4286, .F. );
#2336 = ORIENTED_EDGE( '', *, *, #4197, .F. );
#2337 = ORIENTED_EDGE( '', *, *, #4287, .T. );
#2338 = ORIENTED_EDGE( '', *, *, #4288, .T. );
#2339 = CARTESIAN_POINT( '', ( -1.90000000000000, 0.450000000000000, -0.400000000000000 ) );
#2340 = DIRECTION( '', ( 1.00000000000000, 0.000000000000000, 4.17000835571349E-16 ) );
#2341 = DIRECTION( '', ( 4.17000835571349E-16, 0.000000000000000, -1.00000000000000 ) );
#2342 = SURFACE_STYLE_FILL_AREA( #4289 );
#2343 = ORIENTED_EDGE( '', *, *, #4290, .F. );
#2344 = CARTESIAN_POINT( '', ( -2.65000000000000, -2.65000000000000, -0.0500000000000000 ) );
#2345 = DIRECTION( '', ( 0.000000000000000, 0.000000000000000, 1.00000000000000 ) );
#2346 = DIRECTION( '', ( 1.00000000000000, 0.000000000000000, 0.000000000000000 ) );
#2347 = SURFACE_STYLE_FILL_AREA( #4291 );
#2348 = ORIENTED_EDGE( '', *, *, #4292, .F. );
#2349 = ORIENTED_EDGE( '', *, *, #4293, .F. );
#2350 = ORIENTED_EDGE( '', *, *, #4294, .T. );
#2351 = ORIENTED_EDGE( '', *, *, #4295, .T. );
#2352 = CARTESIAN_POINT( '', ( -0.728501847741039, 2.67481618244003, 10.9400000000000 ) );
#2353 = DIRECTION( '', ( -0.998882737529132, -0.0472575567111555, -2.29136884795948E-17 ) );
#2354 = DIRECTION( '', ( 0.0472575567111555, -0.998882737529131, 0.000000000000000 ) );
#2355 = SURFACE_STYLE_FILL_AREA( #4296 );
#2356 = ORIENTED_EDGE( '', *, *, #4275, .T. );
#2357 = ORIENTED_EDGE( '', *, *, #4297, .F. );
#2358 = ORIENTED_EDGE( '', *, *, #4217, .F. );
#2359 = ORIENTED_EDGE( '', *, *, #4298, .F. );
#2360 = ORIENTED_EDGE( '', *, *, #4299, .F. );
#2361 = CARTESIAN_POINT( '', ( 1.33272752166440E-15, -1.65000000000000, 0.300000000000000 ) );
#2362 = DIRECTION( '', ( 0.000000000000000, 0.000000000000000, 1.00000000000000 ) );
#2363 = DIRECTION( '', ( 1.00000000000000, 0.000000000000000, 0.000000000000000 ) );
#2364 = SURFACE_STYLE_FILL_AREA( #4300 );
#2365 = ORIENTED_EDGE( '', *, *, #4301, .F. );
#2366 = ORIENTED_EDGE( '', *, *, #4250, .F. );
#2367 = ORIENTED_EDGE( '', *, *, #4302, .T. );
#2368 = ORIENTED_EDGE( '', *, *, #4303, .T. );
#2369 = CARTESIAN_POINT( '', ( 1.05315255389713, -0.292286604832271, 10.9400000000000 ) );
#2370 = DIRECTION( '', ( 1.00000000000000, 0.000000000000000, 2.19030741916263E-17 ) );
#2371 = DIRECTION( '', ( 2.19030741916263E-17, 0.000000000000000, -1.00000000000000 ) );
#2372 = SURFACE_STYLE_FILL_AREA( #4304 );
#2373 = ORIENTED_EDGE( '', *, *, #4305, .F. );
#2374 = ORIENTED_EDGE( '', *, *, #4306, .F. );
#2375 = ORIENTED_EDGE( '', *, *, #4307, .T. );
#2376 = ORIENTED_EDGE( '', *, *, #4248, .T. );
#2377 = CARTESIAN_POINT( '', ( 1.16674740920260, -0.0262030035460967, 10.9400000000000 ) );
#2378 = DIRECTION( '', ( -1.00000000000000, 8.14933477482095E-16, -2.19030741916263E-17 ) );
#2379 = DIRECTION( '', ( -8.14933477482095E-16, -1.00000000000000, 0.000000000000000 ) );
#2380 = SURFACE_STYLE_FILL_AREA( #4308 );
#2381 = ORIENTED_EDGE( '', *, *, #4309, .F. );
#2382 = ORIENTED_EDGE( '', *, *, #4310, .F. );
#2383 = ORIENTED_EDGE( '', *, *, #4311, .T. );
#2384 = ORIENTED_EDGE( '', *, *, #4312, .T. );
#2385 = CARTESIAN_POINT( '', ( 0.698728324127007, 2.67481618244003, 10.9400000000000 ) );
#2386 = DIRECTION( '', ( -0.862812800576462, 0.505523561430525, -7.82573271288317E-18 ) );
#2387 = DIRECTION( '', ( -0.505523561430525, -0.862812800576462, -3.90973888908233E-33 ) );
#2388 = SURFACE_STYLE_FILL_AREA( #4313 );
#2389 = ORIENTED_EDGE( '', *, *, #4314, .F. );
#2390 = ORIENTED_EDGE( '', *, *, #4315, .F. );
#2391 = ORIENTED_EDGE( '', *, *, #4316, .F. );
#2392 = ORIENTED_EDGE( '', *, *, #4317, .F. );
#2393 = ORIENTED_EDGE( '', *, *, #4318, .F. );
#2394 = ORIENTED_EDGE( '', *, *, #4319, .F. );
#2395 = ORIENTED_EDGE( '', *, *, #4320, .F. );
#2396 = CARTESIAN_POINT( '', ( 3.23931392702280, -0.392916195676017, 10.9400000000000 ) );
#2397 = DIRECTION( '', ( 0.000000000000000, 0.000000000000000, 1.00000000000000 ) );
#2398 = DIRECTION( '', ( 1.00000000000000, 0.000000000000000, 0.000000000000000 ) );
#2399 = SURFACE_STYLE_FILL_AREA( #4321 );
#2400 = ORIENTED_EDGE( '', *, *, #4322, .F. );
#2401 = ORIENTED_EDGE( '', *, *, #4323, .F. );
#2402 = ORIENTED_EDGE( '', *, *, #4180, .T. );
#2403 = ORIENTED_EDGE( '', *, *, #4324, .T. );
#2404 = CARTESIAN_POINT( '', ( 0.723480528173663, 0.278774488415318, 10.9400000000000 ) );
#2405 = CARTESIAN_POINT( '', ( 0.749409788623824, 0.326311465907280, 10.9400000000000 ) );
#2406 = CARTESIAN_POINT( '', ( 0.772869595697778, 0.357796996453904, 10.9400000000000 ) );
#2407 = CARTESIAN_POINT( '', ( 0.794477312739579, 0.372613716711138, 10.9400000000000 ) );
#2408 = CARTESIAN_POINT( '', ( 0.816792889473476, 0.387915826471525, 10.9400000000000 ) );
#2409 = CARTESIAN_POINT( '', ( 0.840779563543438, 0.395456160441042, 10.9400000000000 ) );
#2410 = CARTESIAN_POINT( '', ( 0.904985351324787, 0.395456160441041, 10.9400000000000 ) );
#2411 = CARTESIAN_POINT( '', ( 0.943261878655978, 0.383108893560013, 10.9400000000000 ) );
#2412 = CARTESIAN_POINT( '', ( 0.982155769331219, 0.359031723142006, 10.9400000000000 ) );
#2413 = DIRECTION( '', ( -2.19030741916263E-17, -2.19030741916264E-17, 1.00000000000000 ) );
#2414 = SURFACE_STYLE_FILL_AREA( #4325 );
#2415 = ORIENTED_EDGE( '', *, *, #4326, .F. );
#2416 = ORIENTED_EDGE( '', *, *, #4327, .F. );
#2417 = ORIENTED_EDGE( '', *, *, #4328, .T. );
#2418 = ORIENTED_EDGE( '', *, *, #4329, .T. );
#2419 = CARTESIAN_POINT( '', ( 1.55000000000000, -4.15000000000000, 1.00000000000000 ) );
#2420 = DIRECTION( '', ( -1.00000000000000, -9.37645413120455E-16, 0.000000000000000 ) );
#2421 = DIRECTION( '', ( 9.37645413120455E-16, -1.00000000000000, 0.000000000000000 ) );
#2422 = SURFACE_STYLE_FILL_AREA( #4330 );
#2423 = ORIENTED_EDGE( '', *, *, #4331, .F. );
#2424 = ORIENTED_EDGE( '', *, *, #4332, .F. );
#2425 = ORIENTED_EDGE( '', *, *, #4299, .T. );
#2426 = ORIENTED_EDGE( '', *, *, #4333, .T. );
#2427 = ORIENTED_EDGE( '', *, *, #4334, .F. );
#2428 = ORIENTED_EDGE( '', *, *, #4335, .F. );
#2429 = ORIENTED_EDGE( '', *, *, #4336, .T. );
#2430 = ORIENTED_EDGE( '', *, *, #4327, .T. );
#2431 = ORIENTED_EDGE( '', *, *, #4337, .T. );
#2432 = ORIENTED_EDGE( '', *, *, #4338, .F. );
#2433 = ORIENTED_EDGE( '', *, *, #4339, .T. );
#2434 = ORIENTED_EDGE( '', *, *, #4340, .T. );
#2435 = CARTESIAN_POINT( '', ( 2.35000000000000, -4.15000000000000, 0.600000000000000 ) );
#2436 = DIRECTION( '', ( 0.000000000000000, -1.00000000000000, 0.000000000000000 ) );
#2437 = DIRECTION( '', ( 0.000000000000000, 0.000000000000000, -1.00000000000000 ) );
#2438 = SURFACE_STYLE_FILL_AREA( #4341 );
#2439 = ORIENTED_EDGE( '', *, *, #4342, .F. );
#2440 = ORIENTED_EDGE( '', *, *, #4324, .F. );
#2441 = ORIENTED_EDGE( '', *, *, #4179, .T. );
#2442 = ORIENTED_EDGE( '', *, *, #4343, .T. );
#2443 = CARTESIAN_POINT( '', ( 0.982155769331219, 0.359031723142006, 10.9400000000000 ) );
#2444 = DIRECTION( '', ( -0.935875921829129, 0.352329758806261, -1.27814549029287E-17 ) );
#2445 = DIRECTION( '', ( -0.352329758806261, -0.935875921829129, 0.000000000000000 ) );
#2446 = SURFACE_STYLE_FILL_AREA( #4344 );
#2447 = ORIENTED_EDGE( '', *, *, #4345, .F. );
#2448 = ORIENTED_EDGE( '', *, *, #4346, .F. );
#2449 = ORIENTED_EDGE( '', *, *, #4347, .T. );
#2450 = ORIENTED_EDGE( '', *, *, #4348, .T. );
#2451 = CARTESIAN_POINT( '', ( -1.16688603131187, -0.292286604832271, 10.9400000000000 ) );
#2452 = DIRECTION( '', ( 1.00000000000000, 0.000000000000000, 2.19030741916263E-17 ) );
#2453 = DIRECTION( '', ( 2.19030741916263E-17, 0.000000000000000, -1.00000000000000 ) );
#2454 = SURFACE_STYLE_FILL_AREA( #4349 );
#2455 = ORIENTED_EDGE( '', *, *, #4350, .F. );
#2456 = ORIENTED_EDGE( '', *, *, #4351, .F. );
#2457 = ORIENTED_EDGE( '', *, *, #4352, .T. );
#2458 = ORIENTED_EDGE( '', *, *, #4353, .T. );
#2459 = CARTESIAN_POINT( '', ( 0.332689531389097, 0.134311465907279, 10.9400000000000 ) );
#2460 = CARTESIAN_POINT( '', ( 0.333306894733148, 0.149745549508565, 10.9400000000000 ) );
#2461 = CARTESIAN_POINT( '', ( 0.333306894733148, 0.159623363013389, 10.9400000000000 ) );
#2462 = CARTESIAN_POINT( '', ( 0.333306894733148, 0.210864520569659, 10.9400000000000 ) );
#2463 = CARTESIAN_POINT( '', ( 0.322811717884273, 0.243584777804386, 10.9400000000000 ) );
#2464 = CARTESIAN_POINT( '', ( 0.301204000842473, 0.263340404814032, 10.9400000000000 ) );
#2465 = CARTESIAN_POINT( '', ( 0.272794032281955, 0.289315233212220, 10.9400000000000 ) );
#2466 = CARTESIAN_POINT( '', ( 0.228355126244402, 0.301616932145222, 10.9400000000000 ) );
#2467 = CARTESIAN_POINT( '', ( 0.170940335247617, 0.302234295489273, 10.9400000000000 ) );
#2468 = CARTESIAN_POINT( '', ( 0.117859863154983, 0.302805053253710, 10.9400000000000 ) );
#2469 = CARTESIAN_POINT( '', ( 0.0783358336399003, 0.292356481984450, 10.9400000000000 ) );
#2470 = CARTESIAN_POINT( '', ( 0.0524065731897395, 0.273835581662907, 10.9400000000000 ) );
#2471 = CARTESIAN_POINT( '', ( 0.0265941112100750, 0.255398108820289, 10.9400000000000 ) );
#2472 = CARTESIAN_POINT( '', ( 0.00795641241803521, 0.221359697418534, 10.9400000000000 ) );
#2473 = CARTESIAN_POINT( '', ( -0.00439085446299337, 0.173205356582521, 10.9400000000000 ) );
#2474 = DIRECTION( '', ( -2.19030741916263E-17, -2.19030741916264E-17, 1.00000000000000 ) );
#2475 = SURFACE_STYLE_FILL_AREA( #4354 );
#2476 = ORIENTED_EDGE( '', *, *, #4355, .F. );
#2477 = ORIENTED_EDGE( '', *, *, #4356, .F. );
#2478 = ORIENTED_EDGE( '', *, *, #4357, .F. );
#2479 = ORIENTED_EDGE( '', *, *, #4358, .F. );
#2480 = ORIENTED_EDGE( '', *, *, #4359, .F. );
#2481 = ORIENTED_EDGE( '', *, *, #4360, .F. );
#2482 = ORIENTED_EDGE( '', *, *, #4361, .F. );
#2483 = CARTESIAN_POINT( '', ( 2.52500541742151, 0.248103614508992, 10.9400000000000 ) );
#2484 = DIRECTION( '', ( 0.000000000000000, 0.000000000000000, 1.00000000000000 ) );
#2485 = DIRECTION( '', ( 1.00000000000000, 0.000000000000000, 0.000000000000000 ) );
#2486 = SURFACE_STYLE_FILL_AREA( #4362 );
#2487 = ORIENTED_EDGE( '', *, *, #4287, .F. );
#2488 = ORIENTED_EDGE( '', *, *, #4196, .F. );
#2489 = ORIENTED_EDGE( '', *, *, #4363, .T. );
#2490 = ORIENTED_EDGE( '', *, *, #4364, .T. );
#2491 = CARTESIAN_POINT( '', ( -2.25000000000000, 0.000000000000000, -0.400000000000000 ) );
#2492 = DIRECTION( '', ( -0.000000000000000, 1.00000000000000, -0.000000000000000 ) );
#2493 = DIRECTION( '', ( 0.000000000000000, 0.000000000000000, -1.00000000000000 ) );
#2494 = SURFACE_STYLE_FILL_AREA( #4365 );
#2495 = ORIENTED_EDGE( '', *, *, #4366, .F. );
#2496 = ORIENTED_EDGE( '', *, *, #4367, .F. );
#2497 = ORIENTED_EDGE( '', *, *, #4368, .T. );
#2498 = ORIENTED_EDGE( '', *, *, #4236, .T. );
#2499 = CARTESIAN_POINT( '', ( -0.445805645459778, 0.634993137933003, 10.9400000000000 ) );
#2500 = DIRECTION( '', ( -1.99566095906127E-15, -1.00000000000000, -2.19030741916264E-17 ) );
#2501 = DIRECTION( '', ( 1.00000000000000, -1.99566095906127E-15, 0.000000000000000 ) );
#2502 = SURFACE_STYLE_FILL_AREA( #4369 );
#2503 = ORIENTED_EDGE( '', *, *, #4370, .T. );
#2504 = ORIENTED_EDGE( '', *, *, #4371, .T. );
#2505 = ORIENTED_EDGE( '', *, *, #4372, .T. );
#2506 = ORIENTED_EDGE( '', *, *, #4373, .T. );
#2507 = ORIENTED_EDGE( '', *, *, #4334, .T. );
#2508 = ORIENTED_EDGE( '', *, *, #4374, .T. );
#2509 = ORIENTED_EDGE( '', *, *, #4215, .T. );
#2510 = ORIENTED_EDGE( '', *, *, #4375, .T. );
#2511 = ORIENTED_EDGE( '', *, *, #4331, .T. );
#2512 = ORIENTED_EDGE( '', *, *, #4376, .T. );
#2513 = ORIENTED_EDGE( '', *, *, #4377, .T. );
#2514 = ORIENTED_EDGE( '', *, *, #4272, .T. );
#2515 = ORIENTED_EDGE( '', *, *, #4378, .T. );
#2516 = ORIENTED_EDGE( '', *, *, #4379, .F. );
#2517 = ORIENTED_EDGE( '', *, *, #4380, .F. );
#2518 = ORIENTED_EDGE( '', *, *, #4381, .F. );
#2519 = ORIENTED_EDGE( '', *, *, #4382, .F. );
#2520 = ORIENTED_EDGE( '', *, *, #4383, .F. );
#2521 = ORIENTED_EDGE( '', *, *, #4384, .F. );
#2522 = ORIENTED_EDGE( '', *, *, #4385, .F. );
#2523 = CARTESIAN_POINT( '', ( 0.000000000000000, 0.000000000000000, 0.000000000000000 ) );
#2524 = DIRECTION( '', ( 0.000000000000000, 0.000000000000000, -1.00000000000000 ) );
#2525 = DIRECTION( '', ( -1.00000000000000, 0.000000000000000, 0.000000000000000 ) );
#2526 = SURFACE_STYLE_FILL_AREA( #4386 );
#2527 = ORIENTED_EDGE( '', *, *, #4387, .F. );
#2528 = ORIENTED_EDGE( '', *, *, #4329, .F. );
#2529 = ORIENTED_EDGE( '', *, *, #4388, .T. );
#2530 = ORIENTED_EDGE( '', *, *, #4389, .T. );
#2531 = CARTESIAN_POINT( '', ( 0.000000000000000, 0.000000000000000, 1.00000000000000 ) );
#2532 = DIRECTION( '', ( -0.000000000000000, -0.000000000000000, 1.00000000000000 ) );
#2533 = DIRECTION( '', ( -1.00000000000000, 0.000000000000000, 0.000000000000000 ) );
#2534 = SURFACE_STYLE_FILL_AREA( #4390 );
#2535 = ORIENTED_EDGE( '', *, *, #4249, .F. );
#2536 = ORIENTED_EDGE( '', *, *, #4307, .F. );
#2537 = ORIENTED_EDGE( '', *, *, #4391, .F. );
#2538 = ORIENTED_EDGE( '', *, *, #4392, .F. );
#2539 = ORIENTED_EDGE( '', *, *, #4393, .F. );
#2540 = ORIENTED_EDGE( '', *, *, #4394, .F. );
#2541 = ORIENTED_EDGE( '', *, *, #4395, .F. );
#2542 = ORIENTED_EDGE( '', *, *, #4396, .F. );
#2543 = ORIENTED_EDGE( '', *, *, #4397, .F. );
#2544 = ORIENTED_EDGE( '', *, *, #4398, .F. );
#2545 = ORIENTED_EDGE( '', *, *, #4399, .F. );
#2546 = ORIENTED_EDGE( '', *, *, #4302, .F. );
#2547 = CARTESIAN_POINT( '', ( 1.10994998154987, -0.292286604832271, 10.9400000000000 ) );
#2548 = DIRECTION( '', ( 0.000000000000000, 0.000000000000000, 1.00000000000000 ) );
#2549 = DIRECTION( '', ( 1.00000000000000, 0.000000000000000, 0.000000000000000 ) );
#2550 = SURFACE_STYLE_FILL_AREA( #4400 );
#2551 = ORIENTED_EDGE( '', *, *, #4401, .F. );
#2552 = ORIENTED_EDGE( '', *, *, #4284, .F. );
#2553 = ORIENTED_EDGE( '', *, *, #4402, .T. );
#2554 = ORIENTED_EDGE( '', *, *, #4282, .T. );
#2555 = CARTESIAN_POINT( '', ( -9.42926068793617E-16, 0.000000000000000, 10.9400000000000 ) );
#2556 = DIRECTION( '', ( 4.38061483832527E-17, -0.000000000000000, -1.00000000000000 ) );
#2557 = DIRECTION( '', ( 1.00000000000000, 0.000000000000000, 4.38061483832527E-17 ) );
#2558 = SURFACE_STYLE_FILL_AREA( #4403 );
#2559 = ORIENTED_EDGE( '', *, *, #4404, .T. );
#2560 = ORIENTED_EDGE( '', *, *, #4405, .T. );
#2561 = CARTESIAN_POINT( '', ( 4.00000000000000, 0.000000000000000, 10.9500000000000 ) );
#2562 = DIRECTION( '', ( 4.38061483832527E-17, 0.000000000000000, -1.00000000000000 ) );
#2563 = DIRECTION( '', ( -1.00000000000000, 0.000000000000000, -4.38061483832527E-17 ) );
#2564 = SURFACE_STYLE_FILL_AREA( #4406 );
#2565 = ORIENTED_EDGE( '', *, *, #4407, .T. );
#2566 = ORIENTED_EDGE( '', *, *, #4408, .F. );
#2567 = CARTESIAN_POINT( '', ( -1.40027703604277E-17, 0.000000000000000, 0.140000000000000 ) );
#2568 = DIRECTION( '', ( 1.00019788288769E-16, -0.000000000000000, -1.00000000000000 ) );
#2569 = DIRECTION( '', ( 1.00000000000000, 0.000000000000000, 1.00019788288769E-16 ) );
#2570 = SURFACE_STYLE_FILL_AREA( #4409 );
#2571 = ORIENTED_EDGE( '', *, *, #4410, .T. );
#2572 = CARTESIAN_POINT( '', ( 4.00000000000000, 0.000000000000000, 10.9500000000000 ) );
#2573 = DIRECTION( '', ( 4.38061483832527E-17, 0.000000000000000, -1.00000000000000 ) );
#2574 = DIRECTION( '', ( -1.00000000000000, 0.000000000000000, -4.38061483832527E-17 ) );
#2575 = SURFACE_STYLE_FILL_AREA( #4411 );
#2576 = ORIENTED_EDGE( '', *, *, #4412, .T. );
#2577 = ORIENTED_EDGE( '', *, *, #4413, .F. );
#2578 = ORIENTED_EDGE( '', *, *, #4414, .F. );
#2579 = ORIENTED_EDGE( '', *, *, #4415, .T. );
#2580 = ORIENTED_EDGE( '', *, *, #4416, .T. );
#2581 = ORIENTED_EDGE( '', *, *, #4210, .F. );
#2582 = ORIENTED_EDGE( '', *, *, #4417, .T. );
#2583 = ORIENTED_EDGE( '', *, *, #4418, .T. );
#2584 = ORIENTED_EDGE( '', *, *, #4419, .F. );
#2585 = ORIENTED_EDGE( '', *, *, #4205, .F. );
#2586 = ORIENTED_EDGE( '', *, *, #4420, .T. );
#2587 = ORIENTED_EDGE( '', *, *, #4421, .T. );
#2588 = ORIENTED_EDGE( '', *, *, #4422, .F. );
#2589 = ORIENTED_EDGE( '', *, *, #4423, .F. );
#2590 = ORIENTED_EDGE( '', *, *, #4424, .F. );
#2591 = ORIENTED_EDGE( '', *, *, #4425, .T. );
#2592 = ORIENTED_EDGE( '', *, *, #4426, .F. );
#2593 = CARTESIAN_POINT( '', ( 2.05000000000000, -1.25526296912605E-16, 0.640000000000000 ) );
#2594 = DIRECTION( '', ( -1.00389090044955E-16, -0.000000000000000, 1.00000000000000 ) );
#2595 = DIRECTION( '', ( -1.00000000000000, 0.000000000000000, -1.00389090044955E-16 ) );
#2596 = SURFACE_STYLE_FILL_AREA( #4427 );
#2597 = ORIENTED_EDGE( '', *, *, #4428, .F. );
#2598 = ORIENTED_EDGE( '', *, *, #4429, .F. );
#2599 = ORIENTED_EDGE( '', *, *, #4430, .F. );
#2600 = ORIENTED_EDGE( '', *, *, #4431, .F. );
#2601 = ORIENTED_EDGE( '', *, *, #4432, .F. );
#2602 = ORIENTED_EDGE( '', *, *, #4433, .F. );
#2603 = ORIENTED_EDGE( '', *, *, #4192, .F. );
#2604 = ORIENTED_EDGE( '', *, *, #4237, .F. );
#2605 = ORIENTED_EDGE( '', *, *, #4368, .F. );
#2606 = ORIENTED_EDGE( '', *, *, #4434, .F. );
#2607 = ORIENTED_EDGE( '', *, *, #4435, .F. );
#2608 = ORIENTED_EDGE( '', *, *, #4436, .F. );
#2609 = ORIENTED_EDGE( '', *, *, #4347, .F. );
#2610 = CARTESIAN_POINT( '', ( -0.850917369443463, 0.238291328165455, 10.9400000000000 ) );
#2611 = DIRECTION( '', ( 0.000000000000000, 0.000000000000000, 1.00000000000000 ) );
#2612 = DIRECTION( '', ( 1.00000000000000, 0.000000000000000, 0.000000000000000 ) );
#2613 = SURFACE_STYLE_FILL_AREA( #4437 );
#2614 = ORIENTED_EDGE( '', *, *, #4200, .T. );
#2615 = ORIENTED_EDGE( '', *, *, #4438, .F. );
#2616 = ORIENTED_EDGE( '', *, *, #4439, .F. );
#2617 = ORIENTED_EDGE( '', *, *, #4440, .T. );
#2618 = CARTESIAN_POINT( '', ( -2.25000000000000, 0.000000000000000, -0.400000000000000 ) );
#2619 = DIRECTION( '', ( -0.000000000000000, 1.00000000000000, -0.000000000000000 ) );
#2620 = DIRECTION( '', ( 0.000000000000000, 0.000000000000000, -1.00000000000000 ) );
#2621 = SURFACE_STYLE_FILL_AREA( #4441 );
#2622 = ORIENTED_EDGE( '', *, *, #4442, .F. );
#2623 = ORIENTED_EDGE( '', *, *, #4443, .F. );
#2624 = ORIENTED_EDGE( '', *, *, #4315, .T. );
#2625 = ORIENTED_EDGE( '', *, *, #4444, .T. );
#2626 = CARTESIAN_POINT( '', ( 3.25960914553700, 0.380639440183806, 10.9400000000000 ) );
#2627 = CARTESIAN_POINT( '', ( 3.25960914553700, 0.186787350151652, 10.9400000000000 ) );
#2628 = CARTESIAN_POINT( '', ( 3.25960914553700, -0.00706473988050203, 10.9400000000000 ) );
#2629 = CARTESIAN_POINT( '', ( 3.25960914553700, -0.200916829912656, 10.9400000000000 ) );
#2630 = CARTESIAN_POINT( '', ( 3.25960914553700, -0.305251235057351, 10.9400000000000 ) );
#2631 = CARTESIAN_POINT( '', ( 3.24911396868813, -0.379952199687576, 10.9400000000000 ) );
#2632 = CARTESIAN_POINT( '', ( 3.22750625164633, -0.423167633771177, 10.9400000000000 ) );
#2633 = CARTESIAN_POINT( '', ( 3.20577506193572, -0.466630013192399, 10.9400000000000 ) );
#2634 = CARTESIAN_POINT( '', ( 3.17256091402575, -0.501572778465711, 10.9400000000000 ) );
#2635 = CARTESIAN_POINT( '', ( 3.07995641241803, -0.552196572677930, 10.9400000000000 ) );
#2636 = CARTESIAN_POINT( '', ( 3.02315898476530, -0.564543839558959, 10.9400000000000 ) );
#2637 = CARTESIAN_POINT( '', ( 2.87499178219295, -0.564543839558958, 10.9400000000000 ) );
#2638 = CARTESIAN_POINT( '', ( 2.81016863106756, -0.546640302581467, 10.9400000000000 ) );
#2639 = CARTESIAN_POINT( '', ( 2.76077956354344, -0.510833228626483, 10.9400000000000 ) );
#2640 = CARTESIAN_POINT( '', ( 2.71109711565099, -0.474813453904457, 10.9400000000000 ) );
#2641 = CARTESIAN_POINT( '', ( 2.68731332560131, -0.420080817050920, 10.9400000000000 ) );
#2642 = CARTESIAN_POINT( '', ( 2.68916541563347, -0.347231942452849, 10.9400000000000 ) );
#2643 = DIRECTION( '', ( -2.19030741916263E-17, -2.19030741916264E-17, 1.00000000000000 ) );
#2644 = SURFACE_STYLE_FILL_AREA( #4445 );
#2645 = ORIENTED_EDGE( '', *, *, #4446, .T. );
#2646 = ORIENTED_EDGE( '', *, *, #4407, .F. );
#2647 = CARTESIAN_POINT( '', ( -1.40027703604277E-17, 0.000000000000000, 0.140000000000000 ) );
#2648 = DIRECTION( '', ( -1.00389090044955E-16, 0.000000000000000, 1.00000000000000 ) );
#2649 = DIRECTION( '', ( 1.00000000000000, 0.000000000000000, 1.00389090044955E-16 ) );
#2650 = SURFACE_STYLE_FILL_AREA( #4447 );
#2651 = ORIENTED_EDGE( '', *, *, #4448, .F. );
#2652 = ORIENTED_EDGE( '', *, *, #4413, .T. );
#2653 = ORIENTED_EDGE( '', *, *, #4449, .T. );
#2654 = ORIENTED_EDGE( '', *, *, #4450, .F. );
#2655 = CARTESIAN_POINT( '', ( -2.40047491893047E-17, 0.000000000000000, 0.240000000000000 ) );
#2656 = DIRECTION( '', ( -1.00019788288769E-16, 0.000000000000000, 1.00000000000000 ) );
#2657 = DIRECTION( '', ( 1.00000000000000, 0.000000000000000, 1.00019788288769E-16 ) );
#2658 = SURFACE_STYLE_FILL_AREA( #4451 );
#2659 = ORIENTED_EDGE( '', *, *, #4376, .F. );
#2660 = ORIENTED_EDGE( '', *, *, #4340, .F. );
#2661 = ORIENTED_EDGE( '', *, *, #4452, .T. );
#2662 = ORIENTED_EDGE( '', *, *, #4453, .T. );
#2663 = CARTESIAN_POINT( '', ( -4.15000000000000, -2.35000000000000, 0.600000000000000 ) );
#2664 = DIRECTION( '', ( -0.707106781186548, -0.707106781186548, 0.000000000000000 ) );
#2665 = DIRECTION( '', ( 0.707106781186548, -0.707106781186548, 0.000000000000000 ) );
#2666 = SURFACE_STYLE_FILL_AREA( #4454 );
#2667 = ORIENTED_EDGE( '', *, *, #4455, .F. );
#2668 = ORIENTED_EDGE( '', *, *, #4456, .F. );
#2669 = ORIENTED_EDGE( '', *, *, #4457, .T. );
#2670 = ORIENTED_EDGE( '', *, *, #4338, .T. );
#2671 = CARTESIAN_POINT( '', ( -1.55000000000000, -4.15000000000000, 1.00000000000000 ) );
#2672 = DIRECTION( '', ( 1.00000000000000, -9.37645413120455E-16, 0.000000000000000 ) );
#2673 = DIRECTION( '', ( 9.37645413120455E-16, 1.00000000000000, 0.000000000000000 ) );
#2674 = SURFACE_STYLE_FILL_AREA( #4458 );
#2675 = ORIENTED_EDGE( '', *, *, #4459, .F. );
#2676 = ORIENTED_EDGE( '', *, *, #4460, .F. );
#2677 = ORIENTED_EDGE( '', *, *, #4183, .T. );
#2678 = ORIENTED_EDGE( '', *, *, #4461, .T. );
#2679 = CARTESIAN_POINT( '', ( 0.620998213061122, -0.292286604832271, 10.9400000000000 ) );
#2680 = DIRECTION( '', ( 1.00000000000000, -3.22235164031911E-16, 2.19030741916263E-17 ) );
#2681 = DIRECTION( '', ( 3.22235164031911E-16, 1.00000000000000, 0.000000000000000 ) );
#2682 = SURFACE_STYLE_FILL_AREA( #4462 );
#2683 = ORIENTED_EDGE( '', *, *, #4463, .F. );
#2684 = ORIENTED_EDGE( '', *, *, #4383, .T. );
#2685 = CARTESIAN_POINT( '', ( -2.65000000000000, 2.65000000000000, -0.0500000000000000 ) );
#2686 = DIRECTION( '', ( -0.000000000000000, -0.000000000000000, -1.00000000000000 ) );
#2687 = DIRECTION( '', ( 1.00000000000000, 0.000000000000000, 0.000000000000000 ) );
#2688 = SURFACE_STYLE_FILL_AREA( #4464 );
#2689 = ORIENTED_EDGE( '', *, *, #4402, .F. );
#2690 = ORIENTED_EDGE( '', *, *, #4283, .F. );
#2691 = CARTESIAN_POINT( '', ( -9.42926068793617E-16, 0.000000000000000, 10.9400000000000 ) );
#2692 = DIRECTION( '', ( 0.000000000000000, 0.000000000000000, -1.00000000000000 ) );
#2693 = DIRECTION( '', ( -1.00000000000000, 0.000000000000000, 0.000000000000000 ) );
#2694 = SURFACE_STYLE_FILL_AREA( #4465 );
#2695 = ORIENTED_EDGE( '', *, *, #4466, .F. );
#2696 = ORIENTED_EDGE( '', *, *, #4312, .F. );
#2697 = ORIENTED_EDGE( '', *, *, #4467, .T. );
#2698 = ORIENTED_EDGE( '', *, *, #4226, .T. );
#2699 = CARTESIAN_POINT( '', ( -0.122360090685864, 1.27340653755458, 10.9400000000000 ) );
#2700 = DIRECTION( '', ( -1.22124532708767E-15, 1.00000000000000, 2.19030741916263E-17 ) );
#2701 = DIRECTION( '', ( -1.00000000000000, -1.22124532708767E-15, 0.000000000000000 ) );
#2702 = SURFACE_STYLE_FILL_AREA( #4468 );
#2703 = ORIENTED_EDGE( '', *, *, #4469, .F. );
#2704 = ORIENTED_EDGE( '', *, *, #4470, .F. );
#2705 = ORIENTED_EDGE( '', *, *, #4471, .T. );
#2706 = ORIENTED_EDGE( '', *, *, #4351, .T. );
#2707 = CARTESIAN_POINT( '', ( 0.340097891517714, -0.207707826697222, 10.9400000000000 ) );
#2708 = CARTESIAN_POINT( '', ( 0.299351910810318, -0.244132263996257, 10.9400000000000 ) );
#2709 = CARTESIAN_POINT( '', ( 0.259223293446974, -0.270678887790470, 10.9400000000000 ) );
#2710 = CARTESIAN_POINT( '', ( 0.219712039427682, -0.285495608047705, 10.9400000000000 ) );
#2711 = CARTESIAN_POINT( '', ( 0.180742035463448, -0.300109359534292, 10.9400000000000 ) );
#2712 = CARTESIAN_POINT( '', ( 0.138837441356942, -0.307720688433556, 10.9400000000000 ) );
#2713 = CARTESIAN_POINT( '', ( 0.0196863159550127, -0.307720688433556, 10.9400000000000 ) );
#2714 = CARTESIAN_POINT( '', ( -0.0371111116977201, -0.289817151456064, 10.9400000000000 ) );
#2715 = CARTESIAN_POINT( '', ( -0.0772397290610643, -0.254010077501081, 10.9400000000000 ) );
#2716 = CARTESIAN_POINT( '', ( -0.117331332282685, -0.218236031549481, 10.9400000000000 ) );
#2717 = CARTESIAN_POINT( '', ( -0.137123973434055, -0.171900752742239, 10.9400000000000 ) );
#2718 = CARTESIAN_POINT( '', ( -0.137123973434055, -0.0823830678547785, 10.9400000000000 ) );
#2719 = CARTESIAN_POINT( '', ( -0.129098249961386, -0.0527496273403088, 10.9400000000000 ) );
#2720 = CARTESIAN_POINT( '', ( -0.114281529704151, -0.0249682768579938, 10.9400000000000 ) );
#2721 = CARTESIAN_POINT( '', ( -0.0997211540880452, 0.00233242742220510, 10.9400000000000 ) );
#2722 = CARTESIAN_POINT( '', ( -0.0797091824372700, 0.0238034273220704, 10.9400000000000 ) );
#2723 = CARTESIAN_POINT( '', ( -0.0550146486752127, 0.0404722376114596, 10.9400000000000 ) );
#2724 = CARTESIAN_POINT( '', ( -0.0310305201351630, 0.0566615243759934, 10.9400000000000 ) );
#2725 = CARTESIAN_POINT( '', ( -0.00315612777489074, 0.0694883147818776, 10.9400000000000 ) );
#2726 = CARTESIAN_POINT( '', ( 0.0270946760836302, 0.0775140382545465, 10.9400000000000 ) );
#2727 = CARTESIAN_POINT( '', ( 0.0493884591606882, 0.0834287153974393, 10.9400000000000 ) );
#2728 = CARTESIAN_POINT( '', ( 0.0832747403923121, 0.0892439417915239, 10.9400000000000 ) );
#2729 = CARTESIAN_POINT( '', ( 0.128959627852119, 0.0948002118879869, 10.9400000000000 ) );
#2730 = CARTESIAN_POINT( '', ( 0.220937767297921, 0.105986742361125, 10.9400000000000 ) );
#2731 = CARTESIAN_POINT( '', ( 0.289474097305495, 0.118877382305993, 10.9400000000000 ) );
#2732 = CARTESIAN_POINT( '', ( 0.332689531389097, 0.134311465907279, 10.9400000000000 ) );
#2733 = DIRECTION( '', ( -2.19030741916263E-17, -2.19030741916264E-17, 1.00000000000000 ) );
#2734 = SURFACE_STYLE_FILL_AREA( #4472 );
#2735 = ORIENTED_EDGE( '', *, *, #4363, .F. );
#2736 = ORIENTED_EDGE( '', *, *, #4195, .F. );
#2737 = ORIENTED_EDGE( '', *, *, #4473, .T. );
#2738 = ORIENTED_EDGE( '', *, *, #4474, .T. );
#2739 = CARTESIAN_POINT( '', ( -4.50000000000000, 0.450000000000000, -0.750000000000000 ) );
#2740 = DIRECTION( '', ( 1.92747052886313E-16, 0.000000000000000, -1.00000000000000 ) );
#2741 = DIRECTION( '', ( -1.00000000000000, 0.000000000000000, -1.92747052886313E-16 ) );
#2742 = SURFACE_STYLE_FILL_AREA( #4475 );
#2743 = ORIENTED_EDGE( '', *, *, #4476, .T. );
#2744 = ORIENTED_EDGE( '', *, *, #4421, .F. );
#2745 = ORIENTED_EDGE( '', *, *, #4477, .F. );
#2746 = ORIENTED_EDGE( '', *, *, #4478, .T. );
#2747 = CARTESIAN_POINT( '', ( -1.40027703604277E-17, 0.000000000000000, 0.140000000000000 ) );
#2748 = DIRECTION( '', ( -1.00389090044955E-16, 0.000000000000000, 1.00000000000000 ) );
#2749 = DIRECTION( '', ( 1.00000000000000, 0.000000000000000, 1.00389090044955E-16 ) );
#2750 = SURFACE_STYLE_FILL_AREA( #4479 );
#2751 = ORIENTED_EDGE( '', *, *, #4480, .F. );
#2752 = ORIENTED_EDGE( '', *, *, #4258, .F. );
#2753 = ORIENTED_EDGE( '', *, *, #4481, .T. );
#2754 = ORIENTED_EDGE( '', *, *, #4482, .T. );
#2755 = CARTESIAN_POINT( '', ( -1.00792381635773, 1.27340653755458, 10.9400000000000 ) );
#2756 = DIRECTION( '', ( 0.998643274761987, 0.0520731194826541, 2.30139191374984E-17 ) );
#2757 = DIRECTION( '', ( -0.0520731194826541, 0.998643274761987, 0.000000000000000 ) );
#2758 = SURFACE_STYLE_FILL_AREA( #4483 );
#2759 = ORIENTED_EDGE( '', *, *, #4262, .F. );
#2760 = ORIENTED_EDGE( '', *, *, #4484, .F. );
#2761 = ORIENTED_EDGE( '', *, *, #4485, .F. );
#2762 = ORIENTED_EDGE( '', *, *, #4486, .F. );
#2763 = CARTESIAN_POINT( '', ( 1.76003358283604, 0.504729472338148, 10.9400000000000 ) );
#2764 = DIRECTION( '', ( 0.000000000000000, 0.000000000000000, 1.00000000000000 ) );
#2765 = DIRECTION( '', ( 1.00000000000000, 0.000000000000000, 0.000000000000000 ) );
#2766 = SURFACE_STYLE_FILL_AREA( #4487 );
#2767 = ORIENTED_EDGE( '', *, *, #4488, .T. );
#2768 = ORIENTED_EDGE( '', *, *, #4489, .F. );
#2769 = CARTESIAN_POINT( '', ( -2.40047491893047E-17, 0.000000000000000, 0.240000000000000 ) );
#2770 = DIRECTION( '', ( -1.00019788288769E-16, 0.000000000000000, 1.00000000000000 ) );
#2771 = DIRECTION( '', ( 1.00000000000000, 0.000000000000000, 1.00019788288769E-16 ) );
#2772 = SURFACE_STYLE_FILL_AREA( #4490 );
#2773 = ORIENTED_EDGE( '', *, *, #4199, .T. );
#2774 = ORIENTED_EDGE( '', *, *, #4491, .F. );
#2775 = ORIENTED_EDGE( '', *, *, #4492, .F. );
#2776 = ORIENTED_EDGE( '', *, *, #4438, .T. );
#2777 = CARTESIAN_POINT( '', ( -2.20000000000000, -0.450000000000000, -0.400000000000000 ) );
#2778 = DIRECTION( '', ( -1.00000000000000, 0.000000000000000, -4.17000835571349E-16 ) );
#2779 = DIRECTION( '', ( -4.17000835571349E-16, 0.000000000000000, 1.00000000000000 ) );
#2780 = SURFACE_STYLE_FILL_AREA( #4493 );
#2781 = ORIENTED_EDGE( '', *, *, #4494, .F. );
#2782 = ORIENTED_EDGE( '', *, *, #4495, .F. );
#2783 = ORIENTED_EDGE( '', *, *, #4496, .T. );
#2784 = ORIENTED_EDGE( '', *, *, #4497, .T. );
#2785 = CARTESIAN_POINT( '', ( 1.81683101048878, 0.380639440183807, 10.9400000000000 ) );
#2786 = DIRECTION( '', ( -1.00000000000000, -3.22235164031912E-16, -2.19030741916263E-17 ) );
#2787 = DIRECTION( '', ( 3.22235164031911E-16, -1.00000000000000, 0.000000000000000 ) );
#2788 = SURFACE_STYLE_FILL_AREA( #4498 );
#2789 = ORIENTED_EDGE( '', *, *, #4499, .T. );
#2790 = ORIENTED_EDGE( '', *, *, #4188, .F. );
#2791 = ORIENTED_EDGE( '', *, *, #4500, .F. );
#2792 = ORIENTED_EDGE( '', *, *, #4501, .T. );
#2793 = CARTESIAN_POINT( '', ( 0.905683431060879, 2.16324834885772, 10.9400000000000 ) );
#2794 = DIRECTION( '', ( 0.854372242878022, -0.519661496168014, 7.33119431792394E-18 ) );
#2795 = DIRECTION( '', ( 0.519661496168014, 0.854372242878022, 0.000000000000000 ) );
#2796 = SURFACE_STYLE_FILL_AREA( #4502 );
#2797 = ORIENTED_EDGE( '', *, *, #4473, .F. );
#2798 = ORIENTED_EDGE( '', *, *, #4202, .F. );
#2799 = ORIENTED_EDGE( '', *, *, #4503, .F. );
#2800 = ORIENTED_EDGE( '', *, *, #4504, .F. );
#2801 = CARTESIAN_POINT( '', ( -4.50000000000000, -0.225000000000000, -0.675000000000000 ) );
#2802 = DIRECTION( '', ( -1.00000000000000, -1.20466908053945E-16, -1.37146941476802E-16 ) );
#2803 = DIRECTION( '', ( -1.37146941476802E-16, 0.000000000000000, 1.00000000000000 ) );
#2804 = SURFACE_STYLE_FILL_AREA( #4505 );
#2805 = ORIENTED_EDGE( '', *, *, #4506, .F. );
#2806 = ORIENTED_EDGE( '', *, *, #4507, .F. );
#2807 = ORIENTED_EDGE( '', *, *, #4355, .T. );
#2808 = ORIENTED_EDGE( '', *, *, #4508, .T. );
#2809 = CARTESIAN_POINT( '', ( 2.10205287544055, -0.292286604832271, 10.9400000000000 ) );
#2810 = DIRECTION( '', ( 1.90889309127601E-15, 1.00000000000000, 2.19030741916264E-17 ) );
#2811 = DIRECTION( '', ( -1.00000000000000, 1.90889309127601E-15, 0.000000000000000 ) );
#2812 = SURFACE_STYLE_FILL_AREA( #4509 );
#2813 = ORIENTED_EDGE( '', *, *, #4510, .T. );
#2814 = ORIENTED_EDGE( '', *, *, #4273, .T. );
#2815 = ORIENTED_EDGE( '', *, *, #4377, .F. );
#2816 = ORIENTED_EDGE( '', *, *, #4453, .F. );
#2817 = ORIENTED_EDGE( '', *, *, #4511, .T. );
#2818 = ORIENTED_EDGE( '', *, *, #4512, .T. );
#2819 = ORIENTED_EDGE( '', *, *, #4513, .T. );
#2820 = ORIENTED_EDGE( '', *, *, #4514, .F. );
#2821 = CARTESIAN_POINT( '', ( -4.15000000000000, -2.35000000000000, 0.600000000000000 ) );
#2822 = DIRECTION( '', ( -1.00000000000000, 0.000000000000000, 0.000000000000000 ) );
#2823 = DIRECTION( '', ( 0.000000000000000, 0.000000000000000, 1.00000000000000 ) );
#2824 = SURFACE_STYLE_FILL_AREA( #4515 );
#2825 = ORIENTED_EDGE( '', *, *, #4516, .F. );
#2826 = ORIENTED_EDGE( '', *, *, #4263, .F. );
#2827 = ORIENTED_EDGE( '', *, *, #4486, .T. );
#2828 = ORIENTED_EDGE( '', *, *, #4517, .T. );
#2829 = CARTESIAN_POINT( '', ( 1.70323615518331, 0.504729472338148, 10.9400000000000 ) );
#2830 = DIRECTION( '', ( 1.00000000000000, -3.32925430137234E-15, 2.19030741916262E-17 ) );
#2831 = DIRECTION( '', ( 3.32925430137234E-15, 1.00000000000000, 0.000000000000000 ) );
#2832 = SURFACE_STYLE_FILL_AREA( #4518 );
#2833 = ORIENTED_EDGE( '', *, *, #4201, .T. );
#2834 = ORIENTED_EDGE( '', *, *, #4440, .F. );
#2835 = ORIENTED_EDGE( '', *, *, #4519, .F. );
#2836 = ORIENTED_EDGE( '', *, *, #4503, .T. );
#2837 = CARTESIAN_POINT( '', ( -4.50000000000000, -0.450000000000000, -0.450000000000000 ) );
#2838 = DIRECTION( '', ( -1.92747052886313E-16, 0.000000000000000, 1.00000000000000 ) );
#2839 = DIRECTION( '', ( 1.00000000000000, 0.000000000000000, 1.92747052886313E-16 ) );
#2840 = SURFACE_STYLE_FILL_AREA( #4520 );
#2841 = ORIENTED_EDGE( '', *, *, #4521, .T. );
#2842 = ORIENTED_EDGE( '', *, *, #4522, .F. );
#2843 = ORIENTED_EDGE( '', *, *, #4523, .F. );
#2844 = ORIENTED_EDGE( '', *, *, #4524, .T. );
#2845 = CARTESIAN_POINT( '', ( 1.90000000000000, -0.450000000000000, 0.640000000000000 ) );
#2846 = DIRECTION( '', ( 1.00000000000000, 0.000000000000000, -4.17000835571349E-16 ) );
#2847 = DIRECTION( '', ( -4.17000835571349E-16, 0.000000000000000, -1.00000000000000 ) );
#2848 = SURFACE_STYLE_FILL_AREA( #4525 );
#2849 = ORIENTED_EDGE( '', *, *, #4526, .T. );
#2850 = ORIENTED_EDGE( '', *, *, #4527, .F. );
#2851 = ORIENTED_EDGE( '', *, *, #4521, .F. );
#2852 = ORIENTED_EDGE( '', *, *, #4528, .T. );
#2853 = CARTESIAN_POINT( '', ( 2.25000000000000, 0.000000000000000, -0.400000000000000 ) );
#2854 = DIRECTION( '', ( -0.000000000000000, 1.00000000000000, -0.000000000000000 ) );
#2855 = DIRECTION( '', ( 0.000000000000000, 0.000000000000000, -1.00000000000000 ) );
#2856 = SURFACE_STYLE_FILL_AREA( #4529 );
#2857 = ORIENTED_EDGE( '', *, *, #4530, .F. );
#2858 = ORIENTED_EDGE( '', *, *, #4531, .F. );
#2859 = ORIENTED_EDGE( '', *, *, #4432, .T. );
#2860 = ORIENTED_EDGE( '', *, *, #4532, .T. );
#2861 = CARTESIAN_POINT( '', ( -0.400738121344022, 0.484973845328502, 10.9400000000000 ) );
#2862 = DIRECTION( '', ( -0.943776519914421, 0.330584150343336, -1.34307979644546E-17 ) );
#2863 = DIRECTION( '', ( -0.330584150343336, -0.943776519914421, 0.000000000000000 ) );
#2864 = SURFACE_STYLE_FILL_AREA( #4533 );
#2865 = ORIENTED_EDGE( '', *, *, #4337, .F. );
#2866 = ORIENTED_EDGE( '', *, *, #4326, .T. );
#2867 = ORIENTED_EDGE( '', *, *, #4387, .T. );
#2868 = ORIENTED_EDGE( '', *, *, #4534, .T. );
#2869 = ORIENTED_EDGE( '', *, *, #4535, .F. );
#2870 = ORIENTED_EDGE( '', *, *, #4536, .T. );
#2871 = ORIENTED_EDGE( '', *, *, #4537, .T. );
#2872 = ORIENTED_EDGE( '', *, *, #4538, .T. );
#2873 = ORIENTED_EDGE( '', *, *, #4539, .F. );
#2874 = ORIENTED_EDGE( '', *, *, #4540, .T. );
#2875 = ORIENTED_EDGE( '', *, *, #4541, .T. );
#2876 = ORIENTED_EDGE( '', *, *, #4542, .T. );
#2877 = ORIENTED_EDGE( '', *, *, #4513, .F. );
#2878 = ORIENTED_EDGE( '', *, *, #4543, .T. );
#2879 = ORIENTED_EDGE( '', *, *, #4544, .T. );
#2880 = ORIENTED_EDGE( '', *, *, #4455, .T. );
#2881 = ORIENTED_EDGE( '', *, *, #4545, .T. );
#2882 = ORIENTED_EDGE( '', *, *, #4276, .F. );
#2883 = CARTESIAN_POINT( '', ( 0.000000000000000, 0.000000000000000, 0.600000000000000 ) );
#2884 = DIRECTION( '', ( 0.000000000000000, 0.000000000000000, -1.00000000000000 ) );
#2885 = DIRECTION( '', ( -1.00000000000000, 0.000000000000000, 0.000000000000000 ) );
#2886 = SURFACE_STYLE_FILL_AREA( #4546 );
#2887 = ORIENTED_EDGE( '', *, *, #4374, .F. );
#2888 = ORIENTED_EDGE( '', *, *, #4333, .F. );
#2889 = ORIENTED_EDGE( '', *, *, #4298, .T. );
#2890 = ORIENTED_EDGE( '', *, *, #4216, .T. );
#2891 = CARTESIAN_POINT( '', ( 0.650000000000000, -4.15000000000000, 0.300000000000000 ) );
#2892 = DIRECTION( '', ( -1.00000000000000, -1.73472347597680E-16, 0.000000000000000 ) );
#2893 = DIRECTION( '', ( 1.73472347597680E-16, -1.00000000000000, 0.000000000000000 ) );
#2894 = SURFACE_STYLE_FILL_AREA( #4547 );
#2895 = ORIENTED_EDGE( '', *, *, #4548, .F. );
#2896 = ORIENTED_EDGE( '', *, *, #4444, .F. );
#2897 = ORIENTED_EDGE( '', *, *, #4320, .T. );
#2898 = ORIENTED_EDGE( '', *, *, #4549, .T. );
#2899 = CARTESIAN_POINT( '', ( 2.68916541563347, -0.347231942452849, 10.9400000000000 ) );
#2900 = DIRECTION( '', ( -0.132163720091018, -0.991227900682635, -2.46057300160566E-17 ) );
#2901 = DIRECTION( '', ( 0.991227900682635, -0.132163720091018, 0.000000000000000 ) );
#2902 = SURFACE_STYLE_FILL_AREA( #4550 );
#2903 = ORIENTED_EDGE( '', *, *, #4551, .F. );
#2904 = ORIENTED_EDGE( '', *, *, #4552, .F. );
#2905 = ORIENTED_EDGE( '', *, *, #4398, .T. );
#2906 = ORIENTED_EDGE( '', *, *, #4553, .T. );
#2907 = CARTESIAN_POINT( '', ( 1.16674740920260, 0.634993137933004, 10.9400000000000 ) );
#2908 = DIRECTION( '', ( -1.00000000000000, 4.11283757370940E-16, -2.19030741916263E-17 ) );
#2909 = DIRECTION( '', ( -4.11283757370940E-16, -1.00000000000000, 0.000000000000000 ) );
#2910 = SURFACE_STYLE_FILL_AREA( #4554 );
#2911 = ORIENTED_EDGE( '', *, *, #4534, .F. );
#2912 = ORIENTED_EDGE( '', *, *, #4389, .F. );
#2913 = ORIENTED_EDGE( '', *, *, #4555, .T. );
#2914 = ORIENTED_EDGE( '', *, *, #4556, .T. );
#2915 = CARTESIAN_POINT( '', ( 4.15000000000000, -1.55000000000000, 1.00000000000000 ) );
#2916 = DIRECTION( '', ( 1.87529082624092E-15, 1.00000000000000, 0.000000000000000 ) );
#2917 = DIRECTION( '', ( -1.00000000000000, 1.87529082624092E-15, 0.000000000000000 ) );
#2918 = SURFACE_STYLE_FILL_AREA( #4557 );
#2919 = ORIENTED_EDGE( '', *, *, #4558, .F. );
#2920 = CARTESIAN_POINT( '', ( 2.65000000000000, 2.65000000000000, -0.0500000000000000 ) );
#2921 = DIRECTION( '', ( 0.000000000000000, 0.000000000000000, 1.00000000000000 ) );
#2922 = DIRECTION( '', ( 1.00000000000000, 0.000000000000000, 0.000000000000000 ) );
#2923 = SURFACE_STYLE_FILL_AREA( #4559 );
#2924 = ORIENTED_EDGE( '', *, *, #4560, .T. );
#2925 = ORIENTED_EDGE( '', *, *, #4561, .F. );
#2926 = ORIENTED_EDGE( '', *, *, #4526, .F. );
#2927 = ORIENTED_EDGE( '', *, *, #4562, .T. );
#2928 = CARTESIAN_POINT( '', ( 2.25000000000000, -0.450000000000000, -0.750000000000000 ) );
#2929 = DIRECTION( '', ( 1.92747052886313E-16, 0.000000000000000, 1.00000000000000 ) );
#2930 = DIRECTION( '', ( 1.00000000000000, 0.000000000000000, -1.92747052886313E-16 ) );
#2931 = SURFACE_STYLE_FILL_AREA( #4563 );
#2932 = ORIENTED_EDGE( '', *, *, #4375, .F. );
#2933 = ORIENTED_EDGE( '', *, *, #4218, .F. );
#2934 = ORIENTED_EDGE( '', *, *, #4297, .T. );
#2935 = ORIENTED_EDGE( '', *, *, #4332, .T. );
#2936 = CARTESIAN_POINT( '', ( -0.650000000000000, -1.65000000000000, 0.300000000000000 ) );
#2937 = DIRECTION( '', ( 1.00000000000000, 8.67361737988404E-17, 0.000000000000000 ) );
#2938 = DIRECTION( '', ( -8.67361737988404E-17, 1.00000000000000, 0.000000000000000 ) );
#2939 = SURFACE_STYLE_FILL_AREA( #4564 );
#2940 = ORIENTED_EDGE( '', *, *, #4405, .F. );
#2941 = ORIENTED_EDGE( '', *, *, #4565, .F. );
#2942 = ORIENTED_EDGE( '', *, *, #4566, .T. );
#2943 = ORIENTED_EDGE( '', *, *, #4567, .T. );
#2944 = CARTESIAN_POINT( '', ( 0.333306894733148, 0.0447937810198196, 10.9400000000000 ) );
#2945 = CARTESIAN_POINT( '', ( 0.291943550681701, 0.0281249707304306, 10.9400000000000 ) );
#2946 = CARTESIAN_POINT( '', ( 0.229589852932505, 0.0133082504731959, 10.9400000000000 ) );
#2947 = CARTESIAN_POINT( '', ( 0.146245801485559, 0.00157834693621846, 10.9400000000000 ) );
#2948 = CARTESIAN_POINT( '', ( 0.0993003116223250, -0.00502879608157007, 10.9400000000000 ) );
#2949 = CARTESIAN_POINT( '', ( 0.0659885667588715, -0.0126210099769649, 10.9400000000000 ) );
#2950 = CARTESIAN_POINT( '', ( 0.0462329397492246, -0.0212640967936850, 10.9400000000000 ) );
#2951 = CARTESIAN_POINT( '', ( 0.0267040166560825, -0.0298080006469345, 10.9400000000000 ) );
#2952 = CARTESIAN_POINT( '', ( 0.0116605924823441, -0.0416370871473827, 10.9400000000000 ) );
#2953 = CARTESIAN_POINT( '', ( 0.00116541563346950, -0.0583058974367719, 10.9400000000000 ) );
#2954 = CARTESIAN_POINT( '', ( -0.00922666517563244, -0.0748109669571103, 10.9400000000000 ) );
#2955 = CARTESIAN_POINT( '', ( -0.0148860313118684, -0.0922608813596016, 10.9400000000000 ) );
#2956 = CARTESIAN_POINT( '', ( -0.0148860313118687, -0.142884675571820, 10.9400000000000 ) );
#2957 = CARTESIAN_POINT( '', ( -0.00315612777489074, -0.168196572677930, 10.9400000000000 ) );
#2958 = CARTESIAN_POINT( '', ( 0.0196863159550127, -0.188569563031627, 10.9400000000000 ) );
#2959 = DIRECTION( '', ( -2.19030741916263E-17, -2.19030741916264E-17, 1.00000000000000 ) );
#2960 = SURFACE_STYLE_FILL_AREA( #4568 );
#2961 = ORIENTED_EDGE( '', *, *, #4569, .T. );
#2962 = ORIENTED_EDGE( '', *, *, #4570, .T. );
#2963 = ORIENTED_EDGE( '', *, *, #4370, .F. );
#2964 = ORIENTED_EDGE( '', *, *, #4571, .F. );
#2965 = ORIENTED_EDGE( '', *, *, #4572, .F. );
#2966 = ORIENTED_EDGE( '', *, *, #4573, .T. );
#2967 = ORIENTED_EDGE( '', *, *, #4378, .F. );
#2968 = ORIENTED_EDGE( '', *, *, #4271, .T. );
#2969 = ORIENTED_EDGE( '', *, *, #4574, .T. );
#2970 = ORIENTED_EDGE( '', *, *, #4575, .T. );
#2971 = ORIENTED_EDGE( '', *, *, #4539, .T. );
#2972 = ORIENTED_EDGE( '', *, *, #4576, .F. );
#2973 = CARTESIAN_POINT( '', ( -4.15000000000000, 4.15000000000000, 0.600000000000000 ) );
#2974 = DIRECTION( '', ( 0.000000000000000, 1.00000000000000, 0.000000000000000 ) );
#2975 = DIRECTION( '', ( 0.000000000000000, 0.000000000000000, 1.00000000000000 ) );
#2976 = SURFACE_STYLE_FILL_AREA( #4577 );
#2977 = ORIENTED_EDGE( '', *, *, #4578, .F. );
#2978 = ORIENTED_EDGE( '', *, *, #4579, .F. );
#2979 = ORIENTED_EDGE( '', *, *, #4177, .T. );
#2980 = ORIENTED_EDGE( '', *, *, #4460, .T. );
#2981 = CARTESIAN_POINT( '', ( 0.733975705022536, -0.292286604832271, 10.9400000000000 ) );
#2982 = DIRECTION( '', ( 4.79831050266098E-16, 1.00000000000000, 2.19030741916264E-17 ) );
#2983 = DIRECTION( '', ( -1.00000000000000, 4.79831050266098E-16, 0.000000000000000 ) );
#2984 = SURFACE_STYLE_FILL_AREA( #4580 );
#2985 = ORIENTED_EDGE( '', *, *, #4581, .F. );
#2986 = ORIENTED_EDGE( '', *, *, #4244, .F. );
#2987 = CARTESIAN_POINT( '', ( -1.11591075184610E-16, 0.000000000000000, 2.54738385599023 ) );
#2988 = DIRECTION( '', ( -4.38061483832527E-17, 0.000000000000000, 1.00000000000000 ) );
#2989 = DIRECTION( '', ( 1.00000000000000, 0.000000000000000, 4.38061483832527E-17 ) );
#2990 = SURFACE_STYLE_FILL_AREA( #4582 );
#2991 = ORIENTED_EDGE( '', *, *, #4279, .F. );
#2992 = ORIENTED_EDGE( '', *, *, #4583, .F. );
#2993 = CARTESIAN_POINT( '', ( -1.75224593533011E-17, 0.000000000000000, 0.400000000000000 ) );
#2994 = DIRECTION( '', ( -4.38061483832527E-17, 0.000000000000000, 1.00000000000000 ) );
#2995 = DIRECTION( '', ( 1.00000000000000, 0.000000000000000, 4.38061483832527E-17 ) );
#2996 = SURFACE_STYLE_FILL_AREA( #4584 );
#2997 = ORIENTED_EDGE( '', *, *, #4585, .F. );
#2998 = ORIENTED_EDGE( '', *, *, #4295, .F. );
#2999 = ORIENTED_EDGE( '', *, *, #4586, .T. );
#3000 = ORIENTED_EDGE( '', *, *, #4587, .T. );
#3001 = CARTESIAN_POINT( '', ( -0.694103433325179, 1.94773707066142, 10.9400000000000 ) );
#3002 = DIRECTION( '', ( 0.812281971897563, -0.583264946769653, 5.01617689252215E-18 ) );
#3003 = DIRECTION( '', ( 0.583264946769653, 0.812281971897563, 3.06299129491892E-33 ) );
#3004 = SURFACE_STYLE_FILL_AREA( #4588 );
#3005 = ORIENTED_EDGE( '', *, *, #4266, .T. );
#3006 = ORIENTED_EDGE( '', *, *, #4589, .F. );
#3007 = CARTESIAN_POINT( '', ( -1.40027703604277E-17, 0.000000000000000, 0.140000000000000 ) );
#3008 = DIRECTION( '', ( 1.00019788288769E-16, -0.000000000000000, -1.00000000000000 ) );
#3009 = DIRECTION( '', ( 1.00000000000000, 0.000000000000000, 1.00019788288769E-16 ) );
#3010 = SURFACE_STYLE_FILL_AREA( #4590 );
#3011 = ORIENTED_EDGE( '', *, *, #4591, .F. );
#3012 = ORIENTED_EDGE( '', *, *, #4592, .F. );
#3013 = ORIENTED_EDGE( '', *, *, #4429, .T. );
#3014 = ORIENTED_EDGE( '', *, *, #4593, .T. );
#3015 = CARTESIAN_POINT( '', ( -1.04958699594209, 0.497938475553582, 10.9400000000000 ) );
#3016 = DIRECTION( '', ( -1.00000000000000, 5.48806763741849E-16, -2.19030741916263E-17 ) );
#3017 = DIRECTION( '', ( -5.48806763741849E-16, -1.00000000000000, 0.000000000000000 ) );
#3018 = SURFACE_STYLE_FILL_AREA( #4594 );
#3019 = ORIENTED_EDGE( '', *, *, #4595, .F. );
#3020 = ORIENTED_EDGE( '', *, *, #4517, .F. );
#3021 = ORIENTED_EDGE( '', *, *, #4485, .T. );
#3022 = ORIENTED_EDGE( '', *, *, #4596, .T. );
#3023 = CARTESIAN_POINT( '', ( 1.70323615518331, 0.634993137933004, 10.9400000000000 ) );
#3024 = DIRECTION( '', ( 9.54446545637999E-16, -1.00000000000000, -2.19030741916264E-17 ) );
#3025 = DIRECTION( '', ( 1.00000000000000, 9.54446545637999E-16, 0.000000000000000 ) );
#3026 = SURFACE_STYLE_FILL_AREA( #4597 );
#3027 = ORIENTED_EDGE( '', *, *, #4598, .F. );
#3028 = ORIENTED_EDGE( '', *, *, #4424, .T. );
#3029 = ORIENTED_EDGE( '', *, *, #4599, .T. );
#3030 = ORIENTED_EDGE( '', *, *, #4600, .F. );
#3031 = CARTESIAN_POINT( '', ( -1.40027703604277E-17, 0.000000000000000, 0.140000000000000 ) );
#3032 = DIRECTION( '', ( 1.00019788288769E-16, -0.000000000000000, -1.00000000000000 ) );
#3033 = DIRECTION( '', ( 1.00000000000000, 0.000000000000000, 1.00019788288769E-16 ) );
#3034 = SURFACE_STYLE_FILL_AREA( #4601 );
#3035 = ORIENTED_EDGE( '', *, *, #4602, .T. );
#3036 = ORIENTED_EDGE( '', *, *, #4278, .F. );
#3037 = CARTESIAN_POINT( '', ( -2.40047491893047E-17, 0.000000000000000, 0.240000000000000 ) );
#3038 = DIRECTION( '', ( -1.00019788288769E-16, -0.000000000000000, 1.00000000000000 ) );
#3039 = DIRECTION( '', ( -1.00000000000000, 0.000000000000000, -1.00019788288769E-16 ) );
#3040 = SURFACE_STYLE_FILL_AREA( #4603 );
#3041 = ORIENTED_EDGE( '', *, *, #4604, .F. );
#3042 = ORIENTED_EDGE( '', *, *, #4605, .F. );
#3043 = CARTESIAN_POINT( '', ( -7.74222794456734E-17, 0.000000000000000, 1.76738385599023 ) );
#3044 = DIRECTION( '', ( 4.38061483832527E-17, 0.000000000000000, -1.00000000000000 ) );
#3045 = DIRECTION( '', ( -1.00000000000000, 0.000000000000000, -4.38061483832527E-17 ) );
#3046 = SURFACE_STYLE_FILL_AREA( #4606 );
#3047 = ORIENTED_EDGE( '', *, *, #4607, .F. );
#3048 = ORIENTED_EDGE( '', *, *, #4608, .F. );
#3049 = ORIENTED_EDGE( '', *, *, #4609, .T. );
#3050 = ORIENTED_EDGE( '', *, *, #4610, .T. );
#3051 = CARTESIAN_POINT( '', ( 2.20000000000000, 0.450000000000000, 0.640000000000000 ) );
#3052 = DIRECTION( '', ( -1.00000000000000, 0.000000000000000, 4.17000835571349E-16 ) );
#3053 = DIRECTION( '', ( 4.17000835571349E-16, 0.000000000000000, 1.00000000000000 ) );
#3054 = SURFACE_STYLE_FILL_AREA( #4611 );
#3055 = ORIENTED_EDGE( '', *, *, #4612, .T. );
#3056 = CARTESIAN_POINT( '', ( 2.65000000000000, -2.65000000000000, -0.0500000000000000 ) );
#3057 = DIRECTION( '', ( 0.000000000000000, 0.000000000000000, -1.00000000000000 ) );
#3058 = DIRECTION( '', ( -1.00000000000000, 0.000000000000000, 0.000000000000000 ) );
#3059 = SURFACE_STYLE_FILL_AREA( #4613 );
#3060 = ORIENTED_EDGE( '', *, *, #4614, .T. );
#3061 = ORIENTED_EDGE( '', *, *, #4615, .T. );
#3062 = ORIENTED_EDGE( '', *, *, #4616, .T. );
#3063 = ORIENTED_EDGE( '', *, *, #4222, .T. );
#3064 = ORIENTED_EDGE( '', *, *, #4617, .T. );
#3065 = ORIENTED_EDGE( '', *, *, #4618, .T. );
#3066 = ORIENTED_EDGE( '', *, *, #4619, .T. );
#3067 = ORIENTED_EDGE( '', *, *, #4620, .T. );
#3068 = ORIENTED_EDGE( '', *, *, #4621, .T. );
#3069 = ORIENTED_EDGE( '', *, *, #4500, .T. );
#3070 = ORIENTED_EDGE( '', *, *, #4187, .T. );
#3071 = ORIENTED_EDGE( '', *, *, #4622, .T. );
#3072 = CARTESIAN_POINT( '', ( -2.39619631656392E-16, -2.39619631656392E-16, 10.9400000000000 ) );
#3073 = DIRECTION( '', ( -2.19030741916263E-17, -2.19030741916264E-17, 1.00000000000000 ) );
#3074 = DIRECTION( '', ( 0.000000000000000, -1.00000000000000, -2.19030741916264E-17 ) );
#3075 = SURFACE_STYLE_FILL_AREA( #4623 );
#3076 = ORIENTED_EDGE( '', *, *, #4624, .F. );
#3077 = ORIENTED_EDGE( '', *, *, #4593, .F. );
#3078 = ORIENTED_EDGE( '', *, *, #4428, .T. );
#3079 = ORIENTED_EDGE( '', *, *, #4346, .T. );
#3080 = CARTESIAN_POINT( '', ( -1.04958699594209, -0.292286604832271, 10.9400000000000 ) );
#3081 = DIRECTION( '', ( 0.000000000000000, 1.00000000000000, 2.19030741916264E-17 ) );
#3082 = DIRECTION( '', ( 0.000000000000000, -2.19030741916264E-17, 1.00000000000000 ) );
#3083 = SURFACE_STYLE_FILL_AREA( #4625 );
#3084 = ORIENTED_EDGE( '', *, *, #4626, .F. );
#3085 = ORIENTED_EDGE( '', *, *, #4549, .F. );
#3086 = ORIENTED_EDGE( '', *, *, #4319, .T. );
#3087 = ORIENTED_EDGE( '', *, *, #4627, .T. );
#3088 = CARTESIAN_POINT( '', ( 2.80029081756273, -0.362048662710084, 10.9400000000000 ) );
#3089 = CARTESIAN_POINT( '', ( 2.80461236097109, -0.397238373321016, 10.9400000000000 ) );
#3090 = CARTESIAN_POINT( '', ( 2.81757699119617, -0.422550270427126, 10.9400000000000 ) );
#3091 = CARTESIAN_POINT( '', ( 2.83918470823797, -0.438601717372464, 10.9400000000000 ) );
#3092 = CARTESIAN_POINT( '', ( 2.86782828895620, -0.459879805905999, 10.9400000000000 ) );
#3093 = CARTESIAN_POINT( '', ( 2.90647731273958, -0.471321974607190, 10.9400000000000 ) );
#3094 = CARTESIAN_POINT( '', ( 3.00957699119617, -0.471321974607190, 10.9400000000000 ) );
#3095 = CARTESIAN_POINT( '', ( 3.05032297190356, -0.460826797758315, 10.9400000000000 ) );
#3096 = CARTESIAN_POINT( '', ( 3.10835512624441, -0.418846090362817, 10.9400000000000 ) );
#3097 = CARTESIAN_POINT( '', ( 3.12811075325405, -0.389212649848347, 10.9400000000000 ) );
#3098 = CARTESIAN_POINT( '', ( 3.13798856675887, -0.351553485861209, 10.9400000000000 ) );
#3099 = CARTESIAN_POINT( '', ( 3.14414326172114, -0.328088711317552, 10.9400000000000 ) );
#3100 = CARTESIAN_POINT( '', ( 3.14663165357559, -0.279939337951242, 10.9400000000000 ) );
#3101 = CARTESIAN_POINT( '', ( 3.14663165357560, -0.205238373321016, 10.9400000000000 ) );
#3102 = DIRECTION( '', ( -2.19030741916263E-17, -2.19030741916264E-17, 1.00000000000000 ) );
#3103 = SURFACE_STYLE_FILL_AREA( #4628 );
#3104 = ORIENTED_EDGE( '', *, *, #4629, .T. );
#3105 = ORIENTED_EDGE( '', *, *, #4630, .F. );
#3106 = CARTESIAN_POINT( '', ( -1.40027703604277E-17, 0.000000000000000, 0.140000000000000 ) );
#3107 = DIRECTION( '', ( -1.00389090044955E-16, 0.000000000000000, 1.00000000000000 ) );
#3108 = DIRECTION( '', ( 1.00000000000000, 0.000000000000000, 1.00389090044955E-16 ) );
#3109 = SURFACE_STYLE_FILL_AREA( #4631 );
#3110 = ORIENTED_EDGE( '', *, *, #4632, .T. );
#3111 = ORIENTED_EDGE( '', *, *, #4501, .F. );
#3112 = ORIENTED_EDGE( '', *, *, #4621, .F. );
#3113 = ORIENTED_EDGE( '', *, *, #4633, .T. );
#3114 = CARTESIAN_POINT( '', ( 1.49634155839470, 2.16324834885772, 10.9400000000000 ) );
#3115 = DIRECTION( '', ( -2.22044604925032E-16, 1.00000000000000, 2.19030741916264E-17 ) );
#3116 = DIRECTION( '', ( -1.00000000000000, -2.22044604925032E-16, 0.000000000000000 ) );
#3117 = SURFACE_STYLE_FILL_AREA( #4634 );
#3118 = ORIENTED_EDGE( '', *, *, #4635, .F. );
#3119 = ORIENTED_EDGE( '', *, *, #4343, .F. );
#3120 = ORIENTED_EDGE( '', *, *, #4178, .T. );
#3121 = ORIENTED_EDGE( '', *, *, #4579, .T. );
#3122 = CARTESIAN_POINT( '', ( 0.942644515311926, 0.254079954653260, 10.9400000000000 ) );
#3123 = CARTESIAN_POINT( '', ( 0.915480528173663, 0.270131401598598, 10.9400000000000 ) );
#3124 = CARTESIAN_POINT( '', ( 0.887699177691348, 0.278157125071267, 10.9400000000000 ) );
#3125 = CARTESIAN_POINT( '', ( 0.836458020135078, 0.278157125071267, 10.9400000000000 ) );
#3126 = CARTESIAN_POINT( '', ( 0.814232939749225, 0.270131401598598, 10.9400000000000 ) );
#3127 = CARTESIAN_POINT( '', ( 0.795094676083630, 0.255314681341363, 10.9400000000000 ) );
#3128 = CARTESIAN_POINT( '', ( 0.775570409702594, 0.240199120272175, 10.9400000000000 ) );
#3129 = CARTESIAN_POINT( '', ( 0.761757055504853, 0.219507607386379, 10.9400000000000 ) );
#3130 = CARTESIAN_POINT( '', ( 0.753113968688132, 0.192960983592167, 10.9400000000000 ) );
#3131 = CARTESIAN_POINT( '', ( 0.739935902822834, 0.152485495577324, 10.9400000000000 ) );
#3132 = CARTESIAN_POINT( '', ( 0.733975705022536, 0.107764842113067, 10.9400000000000 ) );
#3133 = CARTESIAN_POINT( '', ( 0.733975705022536, 0.0596105012770543, 10.9400000000000 ) );
#3134 = CARTESIAN_POINT( '', ( 0.733975705022536, -0.0576885340927206, 10.9400000000000 ) );
#3135 = CARTESIAN_POINT( '', ( 0.733975705022536, -0.174987569462495, 10.9400000000000 ) );
#3136 = CARTESIAN_POINT( '', ( 0.733975705022536, -0.292286604832271, 10.9400000000000 ) );
#3137 = DIRECTION( '', ( -2.19030741916263E-17, -2.19030741916264E-17, 1.00000000000000 ) );
#3138 = SURFACE_STYLE_FILL_AREA( #4636 );
#3139 = ORIENTED_EDGE( '', *, *, #4637, .F. );
#3140 = ORIENTED_EDGE( '', *, *, #4638, .F. );
#3141 = ORIENTED_EDGE( '', *, *, #4401, .T. );
#3142 = CARTESIAN_POINT( '', ( -4.62154865443316E-16, 0.000000000000000, 10.5500000000000 ) );
#3143 = DIRECTION( '', ( 4.38061483832527E-17, 0.000000000000000, -1.00000000000000 ) );
#3144 = DIRECTION( '', ( -1.00000000000000, 0.000000000000000, -4.38061483832527E-17 ) );
#3145 = SURFACE_STYLE_FILL_AREA( #4639 );
#3146 = ORIENTED_EDGE( '', *, *, #4481, .F. );
#3147 = ORIENTED_EDGE( '', *, *, #4257, .F. );
#3148 = ORIENTED_EDGE( '', *, *, #4253, .F. );
#3149 = ORIENTED_EDGE( '', *, *, #4227, .F. );
#3150 = ORIENTED_EDGE( '', *, *, #4467, .F. );
#3151 = ORIENTED_EDGE( '', *, *, #4311, .F. );
#3152 = ORIENTED_EDGE( '', *, *, #4640, .F. );
#3153 = ORIENTED_EDGE( '', *, *, #4641, .F. );
#3154 = ORIENTED_EDGE( '', *, *, #4241, .F. );
#3155 = ORIENTED_EDGE( '', *, *, #4642, .F. );
#3156 = ORIENTED_EDGE( '', *, *, #4586, .F. );
#3157 = ORIENTED_EDGE( '', *, *, #4294, .F. );
#3158 = ORIENTED_EDGE( '', *, *, #4643, .F. );
#3159 = CARTESIAN_POINT( '', ( -2.39619631656392E-16, -2.39619631656392E-16, 10.9400000000000 ) );
#3160 = DIRECTION( '', ( 2.19030741916263E-17, 2.19030741916264E-17, -1.00000000000000 ) );
#3161 = DIRECTION( '', ( 0.000000000000000, 1.00000000000000, 2.19030741916264E-17 ) );
#3162 = SURFACE_STYLE_FILL_AREA( #4644 );
#3163 = ORIENTED_EDGE( '', *, *, #4645, .F. );
#3164 = ORIENTED_EDGE( '', *, *, #4646, .F. );
#3165 = ORIENTED_EDGE( '', *, *, #4640, .T. );
#3166 = ORIENTED_EDGE( '', *, *, #4310, .T. );
#3167 = CARTESIAN_POINT( '', ( 0.303233423027437, 2.67481618244003, 10.9400000000000 ) );
#3168 = DIRECTION( '', ( 1.60982338570648E-15, -1.00000000000000, -2.19030741916263E-17 ) );
#3169 = DIRECTION( '', ( 1.00000000000000, 1.60982338570648E-15, 0.000000000000000 ) );
#3170 = SURFACE_STYLE_FILL_AREA( #4647 );
#3171 = ORIENTED_EDGE( '', *, *, #4648, .F. );
#3172 = ORIENTED_EDGE( '', *, *, #4242, .F. );
#3173 = ORIENTED_EDGE( '', *, *, #4641, .T. );
#3174 = ORIENTED_EDGE( '', *, *, #4646, .T. );
#3175 = CARTESIAN_POINT( '', ( -0.135259496091806, 1.93970208749621, 10.9400000000000 ) );
#3176 = DIRECTION( '', ( 0.858817546736231, -0.512281584109717, 7.59020289947517E-18 ) );
#3177 = DIRECTION( '', ( 0.512281584109717, 0.858817546736231, 3.79206810925828E-33 ) );
#3178 = SURFACE_STYLE_FILL_AREA( #4649 );
#3179 = ORIENTED_EDGE( '', *, *, #4524, .F. );
#3180 = ORIENTED_EDGE( '', *, *, #4650, .F. );
#3181 = ORIENTED_EDGE( '', *, *, #4607, .T. );
#3182 = ORIENTED_EDGE( '', *, *, #4651, .T. );
#3183 = ORIENTED_EDGE( '', *, *, #4652, .T. );
#3184 = ORIENTED_EDGE( '', *, *, #4653, .T. );
#3185 = ORIENTED_EDGE( '', *, *, #4562, .F. );
#3186 = ORIENTED_EDGE( '', *, *, #4528, .F. );
#3187 = CARTESIAN_POINT( '', ( 1.90000000000000, 0.450000000000000, 0.640000000000000 ) );
#3188 = DIRECTION( '', ( 0.000000000000000, -1.00000000000000, 0.000000000000000 ) );
#3189 = DIRECTION( '', ( 0.000000000000000, 0.000000000000000, -1.00000000000000 ) );
#3190 = SURFACE_STYLE_FILL_AREA( #4654 );
#3191 = ORIENTED_EDGE( '', *, *, #4560, .F. );
#3192 = ORIENTED_EDGE( '', *, *, #4653, .F. );
#3193 = ORIENTED_EDGE( '', *, *, #4655, .F. );
#3194 = ORIENTED_EDGE( '', *, *, #4656, .F. );
#3195 = CARTESIAN_POINT( '', ( 4.50000000000000, 0.225000000000000, -0.675000000000000 ) );
#3196 = DIRECTION( '', ( 1.00000000000000, 1.20466908053945E-16, 2.24253782685035E-16 ) );
#3197 = DIRECTION( '', ( -1.20466908053945E-16, 1.00000000000000, -2.70151598194674E-32 ) );
#3198 = SURFACE_STYLE_FILL_AREA( #4657 );
#3199 = ORIENTED_EDGE( '', *, *, #4658, .T. );
#3200 = ORIENTED_EDGE( '', *, *, #4659, .F. );
#3201 = ORIENTED_EDGE( '', *, *, #4617, .F. );
#3202 = ORIENTED_EDGE( '', *, *, #4221, .T. );
#3203 = CARTESIAN_POINT( '', ( 1.17524625817192, 1.61519734847073, 10.9400000000000 ) );
#3204 = DIRECTION( '', ( -7.21644966006352E-16, 1.00000000000000, 2.19030741916264E-17 ) );
#3205 = DIRECTION( '', ( -1.00000000000000, -7.21644966006352E-16, 0.000000000000000 ) );
#3206 = SURFACE_STYLE_FILL_AREA( #4660 );
#3207 = ORIENTED_EDGE( '', *, *, #4417, .F. );
#3208 = ORIENTED_EDGE( '', *, *, #4209, .F. );
#3209 = ORIENTED_EDGE( '', *, *, #4661, .T. );
#3210 = ORIENTED_EDGE( '', *, *, #4662, .T. );
#3211 = CARTESIAN_POINT( '', ( -1.40027703604277E-17, 0.000000000000000, 0.140000000000000 ) );
#3212 = DIRECTION( '', ( 1.00019788288769E-16, -0.000000000000000, -1.00000000000000 ) );
#3213 = DIRECTION( '', ( 1.00000000000000, 0.000000000000000, 1.00019788288769E-16 ) );
#3214 = SURFACE_STYLE_FILL_AREA( #4663 );
#3215 = ORIENTED_EDGE( '', *, *, #4536, .F. );
#3216 = ORIENTED_EDGE( '', *, *, #4664, .F. );
#3217 = ORIENTED_EDGE( '', *, *, #4665, .T. );
#3218 = ORIENTED_EDGE( '', *, *, #4666, .T. );
#3219 = CARTESIAN_POINT( '', ( 4.15000000000000, 1.55000000000000, 1.60000000000000 ) );
#3220 = DIRECTION( '', ( 0.000000000000000, -1.00000000000000, 0.000000000000000 ) );
#3221 = DIRECTION( '', ( 0.000000000000000, 0.000000000000000, -1.00000000000000 ) );
#3222 = SURFACE_STYLE_FILL_AREA( #4667 );
#3223 = ORIENTED_EDGE( '', *, *, #4537, .F. );
#3224 = ORIENTED_EDGE( '', *, *, #4666, .F. );
#3225 = ORIENTED_EDGE( '', *, *, #4668, .T. );
#3226 = ORIENTED_EDGE( '', *, *, #4669, .T. );
#3227 = CARTESIAN_POINT( '', ( 0.000000000000000, 0.000000000000000, 1.60000000000000 ) );
#3228 = DIRECTION( '', ( -0.000000000000000, -0.000000000000000, 1.00000000000000 ) );
#3229 = DIRECTION( '', ( -1.00000000000000, 0.000000000000000, 0.000000000000000 ) );
#3230 = SURFACE_STYLE_FILL_AREA( #4670 );
#3231 = ORIENTED_EDGE( '', *, *, #4463, .T. );
#3232 = CARTESIAN_POINT( '', ( -2.65000000000000, 2.65000000000000, -0.0500000000000000 ) );
#3233 = DIRECTION( '', ( 0.000000000000000, 0.000000000000000, -1.00000000000000 ) );
#3234 = DIRECTION( '', ( -1.00000000000000, 0.000000000000000, 0.000000000000000 ) );
#3235 = SURFACE_STYLE_FILL_AREA( #4671 );
#3236 = ORIENTED_EDGE( '', *, *, #4672, .F. );
#3237 = ORIENTED_EDGE( '', *, *, #4673, .F. );
#3238 = ORIENTED_EDGE( '', *, *, #4316, .T. );
#3239 = ORIENTED_EDGE( '', *, *, #4443, .T. );
#3240 = CARTESIAN_POINT( '', ( 3.15712683042447, 0.380639440183806, 10.9400000000000 ) );
#3241 = DIRECTION( '', ( 0.000000000000000, -1.00000000000000, -2.19030741916264E-17 ) );
#3242 = DIRECTION( '', ( 0.000000000000000, 2.19030741916264E-17, -1.00000000000000 ) );
#3243 = SURFACE_STYLE_FILL_AREA( #4674 );
#3244 = ORIENTED_EDGE( '', *, *, #4675, .F. );
#3245 = ORIENTED_EDGE( '', *, *, #4676, .F. );
#3246 = ORIENTED_EDGE( '', *, *, #4181, .T. );
#3247 = ORIENTED_EDGE( '', *, *, #4323, .T. );
#3248 = CARTESIAN_POINT( '', ( 0.723480528173663, 0.380639440183806, 10.9400000000000 ) );
#3249 = DIRECTION( '', ( -1.00000000000000, 0.000000000000000, -2.19030741916263E-17 ) );
#3250 = DIRECTION( '', ( -2.19030741916263E-17, 0.000000000000000, 1.00000000000000 ) );
#3251 = SURFACE_STYLE_FILL_AREA( #4677 );
#3252 = ORIENTED_EDGE( '', *, *, #4678, .F. );
#3253 = ORIENTED_EDGE( '', *, *, #4679, .F. );
#3254 = ORIENTED_EDGE( '', *, *, #4680, .T. );
#3255 = ORIENTED_EDGE( '', *, *, #4470, .T. );
#3256 = CARTESIAN_POINT( '', ( 0.364175061935720, -0.292286604832271, 10.9400000000000 ) );
#3257 = CARTESIAN_POINT( '', ( 0.351827795054691, -0.268826797758315, 10.9400000000000 ) );
#3258 = CARTESIAN_POINT( '', ( 0.343802071582022, -0.240428083931948, 10.9400000000000 ) );
#3259 = CARTESIAN_POINT( '', ( 0.340097891517714, -0.207707826697222, 10.9400000000000 ) );
#3260 = DIRECTION( '', ( -2.19030741916263E-17, -2.19030741916264E-17, 1.00000000000000 ) );
#3261 = SURFACE_STYLE_FILL_AREA( #4681 );
#3262 = ORIENTED_EDGE( '', *, *, #4682, .F. );
#3263 = ORIENTED_EDGE( '', *, *, #4482, .F. );
#3264 = ORIENTED_EDGE( '', *, *, #4643, .T. );
#3265 = ORIENTED_EDGE( '', *, *, #4293, .T. );
#3266 = CARTESIAN_POINT( '', ( -1.08099873082071, 2.67481618244003, 10.9400000000000 ) );
#3267 = DIRECTION( '', ( 8.32667268468867E-16, -1.00000000000000, -2.19030741916263E-17 ) );
#3268 = DIRECTION( '', ( 1.00000000000000, 8.32667268468867E-16, -2.15980986674116E-47 ) );
#3269 = SURFACE_STYLE_FILL_AREA( #4683 );
#3270 = ORIENTED_EDGE( '', *, *, #4684, .F. );
#3271 = ORIENTED_EDGE( '', *, *, #4685, .F. );
#3272 = ORIENTED_EDGE( '', *, *, #4686, .T. );
#3273 = ORIENTED_EDGE( '', *, *, #4495, .T. );
#3274 = CARTESIAN_POINT( '', ( 1.70323615518331, 0.380639440183807, 10.9400000000000 ) );
#3275 = DIRECTION( '', ( 4.77223272819000E-16, -1.00000000000000, -2.19030741916264E-17 ) );
#3276 = DIRECTION( '', ( 1.00000000000000, 4.77223272819000E-16, 0.000000000000000 ) );
#3277 = SURFACE_STYLE_FILL_AREA( #4687 );
#3278 = ORIENTED_EDGE( '', *, *, #4604, .T. );
#3279 = ORIENTED_EDGE( '', *, *, #4583, .T. );
#3280 = CARTESIAN_POINT( '', ( -4.33680868994202E-16, 0.000000000000000, 9.90000000000000 ) );
#3281 = DIRECTION( '', ( 4.38061483832527E-17, -0.000000000000000, -1.00000000000000 ) );
#3282 = DIRECTION( '', ( 1.00000000000000, 0.000000000000000, 4.38061483832527E-17 ) );
#3283 = SURFACE_STYLE_FILL_AREA( #4688 );
#3284 = ORIENTED_EDGE( '', *, *, #4689, .F. );
#3285 = ORIENTED_EDGE( '', *, *, #4566, .F. );
#3286 = ORIENTED_EDGE( '', *, *, #4680, .F. );
#3287 = ORIENTED_EDGE( '', *, *, #4690, .F. );
#3288 = ORIENTED_EDGE( '', *, *, #4232, .F. );
#3289 = ORIENTED_EDGE( '', *, *, #4691, .F. );
#3290 = ORIENTED_EDGE( '', *, *, #4352, .F. );
#3291 = ORIENTED_EDGE( '', *, *, #4471, .F. );
#3292 = CARTESIAN_POINT( '', ( 0.348895319170447, -0.253469884575035, 10.9400000000000 ) );
#3293 = DIRECTION( '', ( 0.000000000000000, 0.000000000000000, 1.00000000000000 ) );
#3294 = DIRECTION( '', ( 1.00000000000000, 0.000000000000000, 0.000000000000000 ) );
#3295 = SURFACE_STYLE_FILL_AREA( #4692 );
#3296 = ORIENTED_EDGE( '', *, *, #4693, .F. );
#3297 = ORIENTED_EDGE( '', *, *, #4694, .F. );
#3298 = ORIENTED_EDGE( '', *, *, #4434, .T. );
#3299 = ORIENTED_EDGE( '', *, *, #4367, .T. );
#3300 = CARTESIAN_POINT( '', ( -0.719297606874570, -0.158936122517157, 10.9400000000000 ) );
#3301 = CARTESIAN_POINT( '', ( -0.708802430025694, -0.124981138594328, 10.9400000000000 ) );
#3302 = CARTESIAN_POINT( '', ( -0.692133619736306, -0.0755920710702124, 10.9400000000000 ) );
#3303 = CARTESIAN_POINT( '', ( -0.669908539350454, -0.0101515566007589, 10.9400000000000 ) );
#3304 = CARTESIAN_POINT( '', ( -0.596701030444636, 0.205403886288595, 10.9400000000000 ) );
#3305 = CARTESIAN_POINT( '', ( -0.520506610090004, 0.419944906421750, 10.9400000000000 ) );
#3306 = CARTESIAN_POINT( '', ( -0.445805645459778, 0.634993137933003, 10.9400000000000 ) );
#3307 = DIRECTION( '', ( -2.19030741916263E-17, -2.19030741916264E-17, 1.00000000000000 ) );
#3308 = SURFACE_STYLE_FILL_AREA( #4695 );
#3309 = ORIENTED_EDGE( '', *, *, #4696, .F. );
#3310 = ORIENTED_EDGE( '', *, *, #4697, .F. );
#3311 = ORIENTED_EDGE( '', *, *, #4392, .T. );
#3312 = ORIENTED_EDGE( '', *, *, #4698, .T. );
#3313 = CARTESIAN_POINT( '', ( 1.47110753781996, -0.292286604832271, 10.9400000000000 ) );
#3314 = DIRECTION( '', ( 0.835508021739430, 0.549478248531336, 3.03354570321244E-17 ) );
#3315 = DIRECTION( '', ( -0.549478248531336, 0.835508021739430, 0.000000000000000 ) );
#3316 = SURFACE_STYLE_FILL_AREA( #4699 );
#3317 = ORIENTED_EDGE( '', *, *, #4609, .F. );
#3318 = ORIENTED_EDGE( '', *, *, #4700, .F. );
#3319 = ORIENTED_EDGE( '', *, *, #4522, .T. );
#3320 = ORIENTED_EDGE( '', *, *, #4527, .T. );
#3321 = ORIENTED_EDGE( '', *, *, #4561, .T. );
#3322 = ORIENTED_EDGE( '', *, *, #4656, .T. );
#3323 = ORIENTED_EDGE( '', *, *, #4701, .F. );
#3324 = ORIENTED_EDGE( '', *, *, #4702, .F. );
#3325 = CARTESIAN_POINT( '', ( 2.20000000000000, -0.450000000000000, 0.640000000000000 ) );
#3326 = DIRECTION( '', ( 0.000000000000000, 1.00000000000000, 0.000000000000000 ) );
#3327 = DIRECTION( '', ( 0.000000000000000, 0.000000000000000, 1.00000000000000 ) );
#3328 = SURFACE_STYLE_FILL_AREA( #4703 );
#3329 = ORIENTED_EDGE( '', *, *, #4704, .F. );
#3330 = ORIENTED_EDGE( '', *, *, #4415, .F. );
#3331 = ORIENTED_EDGE( '', *, *, #4705, .T. );
#3332 = ORIENTED_EDGE( '', *, *, #4706, .T. );
#3333 = CARTESIAN_POINT( '', ( -1.40027703604277E-17, 0.000000000000000, 0.140000000000000 ) );
#3334 = DIRECTION( '', ( -1.00389090044955E-16, 0.000000000000000, 1.00000000000000 ) );
#3335 = DIRECTION( '', ( 1.00000000000000, 0.000000000000000, 1.00389090044955E-16 ) );
#3336 = SURFACE_STYLE_FILL_AREA( #4707 );
#3337 = ORIENTED_EDGE( '', *, *, #4637, .T. );
#3338 = ORIENTED_EDGE( '', *, *, #4245, .T. );
#3339 = CARTESIAN_POINT( '', ( -4.33680868994202E-16, 0.000000000000000, 9.90000000000000 ) );
#3340 = DIRECTION( '', ( 4.38061483832527E-17, -0.000000000000000, -1.00000000000000 ) );
#3341 = DIRECTION( '', ( 1.00000000000000, 0.000000000000000, 4.38061483832527E-17 ) );
#3342 = SURFACE_STYLE_FILL_AREA( #4708 );
#3343 = ORIENTED_EDGE( '', *, *, #4709, .T. );
#3344 = ORIENTED_EDGE( '', *, *, #4710, .F. );
#3345 = ORIENTED_EDGE( '', *, *, #4622, .F. );
#3346 = ORIENTED_EDGE( '', *, *, #4186, .T. );
#3347 = CARTESIAN_POINT( '', ( 1.59354313852431, 2.32616306157728, 10.9400000000000 ) );
#3348 = DIRECTION( '', ( 0.861796194174881, -0.507254689190441, 7.76554888768501E-18 ) );
#3349 = DIRECTION( '', ( 0.507254689190441, 0.861796194174881, 0.000000000000000 ) );
#3350 = SURFACE_STYLE_FILL_AREA( #4711 );
#3351 = ORIENTED_EDGE( '', *, *, #4373, .F. );
#3352 = ORIENTED_EDGE( '', *, *, #4712, .F. );
#3353 = ORIENTED_EDGE( '', *, *, #4713, .T. );
#3354 = ORIENTED_EDGE( '', *, *, #4335, .T. );
#3355 = CARTESIAN_POINT( '', ( 4.15000000000000, -2.35000000000000, 0.600000000000000 ) );
#3356 = DIRECTION( '', ( 0.707106781186548, -0.707106781186548, 0.000000000000000 ) );
#3357 = DIRECTION( '', ( 0.707106781186548, 0.707106781186548, 0.000000000000000 ) );
#3358 = SURFACE_STYLE_FILL_AREA( #4714 );
#3359 = ORIENTED_EDGE( '', *, *, #4629, .F. );
#3360 = ORIENTED_EDGE( '', *, *, #4268, .T. );
#3361 = CARTESIAN_POINT( '', ( -1.40027703604277E-17, 0.000000000000000, 0.140000000000000 ) );
#3362 = DIRECTION( '', ( 1.00019788288769E-16, -0.000000000000000, -1.00000000000000 ) );
#3363 = DIRECTION( '', ( 1.00000000000000, 0.000000000000000, 1.00019788288769E-16 ) );
#3364 = SURFACE_STYLE_FILL_AREA( #4715 );
#3365 = ORIENTED_EDGE( '', *, *, #4716, .F. );
#3366 = ORIENTED_EDGE( '', *, *, #4717, .F. );
#3367 = ORIENTED_EDGE( '', *, *, #4371, .F. );
#3368 = ORIENTED_EDGE( '', *, *, #4570, .F. );
#3369 = CARTESIAN_POINT( '', ( 3.35000000000000, 3.35000000000000, 0.600000000000000 ) );
#3370 = DIRECTION( '', ( -0.000000000000000, -0.000000000000000, 1.00000000000000 ) );
#3371 = DIRECTION( '', ( -1.00000000000000, 0.000000000000000, 0.000000000000000 ) );
#3372 = SURFACE_STYLE_FILL_AREA( #4718 );
#3373 = ORIENTED_EDGE( '', *, *, #4572, .T. );
#3374 = ORIENTED_EDGE( '', *, *, #4719, .T. );
#3375 = ORIENTED_EDGE( '', *, *, #4720, .T. );
#3376 = ORIENTED_EDGE( '', *, *, #4721, .T. );
#3377 = ORIENTED_EDGE( '', *, *, #4722, .T. );
#3378 = CARTESIAN_POINT( '', ( 1.33272752166440E-15, 1.65000000000000, 0.300000000000000 ) );
#3379 = DIRECTION( '', ( 0.000000000000000, 0.000000000000000, -1.00000000000000 ) );
#3380 = DIRECTION( '', ( -1.00000000000000, 0.000000000000000, 0.000000000000000 ) );
#3381 = SURFACE_STYLE_FILL_AREA( #4723 );
#3382 = ORIENTED_EDGE( '', *, *, #4724, .F. );
#3383 = ORIENTED_EDGE( '', *, *, #4348, .F. );
#3384 = ORIENTED_EDGE( '', *, *, #4436, .T. );
#3385 = ORIENTED_EDGE( '', *, *, #4725, .T. );
#3386 = CARTESIAN_POINT( '', ( -1.16688603131187, 0.634993137933003, 10.9400000000000 ) );
#3387 = DIRECTION( '', ( 2.37321843780259E-15, -1.00000000000000, -2.19030741916263E-17 ) );
#3388 = DIRECTION( '', ( 1.00000000000000, 2.37321843780259E-15, 0.000000000000000 ) );
#3389 = SURFACE_STYLE_FILL_AREA( #4726 );
#3390 = ORIENTED_EDGE( '', *, *, #4381, .T. );
#3391 = ORIENTED_EDGE( '', *, *, #4727, .F. );
#3392 = ORIENTED_EDGE( '', *, *, #4719, .F. );
#3393 = ORIENTED_EDGE( '', *, *, #4571, .T. );
#3394 = CARTESIAN_POINT( '', ( 0.650000000000000, 4.15000000000000, 0.300000000000000 ) );
#3395 = DIRECTION( '', ( 1.00000000000000, -1.73472347597680E-16, 0.000000000000000 ) );
#3396 = DIRECTION( '', ( 1.73472347597680E-16, 1.00000000000000, 0.000000000000000 ) );
#3397 = SURFACE_STYLE_FILL_AREA( #4728 );
#3398 = ORIENTED_EDGE( '', *, *, #4729, .F. );
#3399 = ORIENTED_EDGE( '', *, *, #4730, .F. );
#3400 = ORIENTED_EDGE( '', *, *, #4393, .T. );
#3401 = ORIENTED_EDGE( '', *, *, #4697, .T. );
#3402 = CARTESIAN_POINT( '', ( 1.61186638026369, -0.292286604832271, 10.9400000000000 ) );
#3403 = DIRECTION( '', ( -1.92563776751526E-15, 1.00000000000000, 2.19030741916263E-17 ) );
#3404 = DIRECTION( '', ( -1.00000000000000, -1.92563776751526E-15, 0.000000000000000 ) );
#3405 = SURFACE_STYLE_FILL_AREA( #4731 );
#3406 = ORIENTED_EDGE( '', *, *, #4538, .F. );
#3407 = ORIENTED_EDGE( '', *, *, #4669, .F. );
#3408 = ORIENTED_EDGE( '', *, *, #4732, .T. );
#3409 = ORIENTED_EDGE( '', *, *, #4576, .T. );
#3410 = CARTESIAN_POINT( '', ( 1.55000000000000, 4.15000000000000, 1.60000000000000 ) );
#3411 = DIRECTION( '', ( -1.00000000000000, 4.68822706560228E-16, 0.000000000000000 ) );
#3412 = DIRECTION( '', ( -4.68822706560228E-16, -1.00000000000000, 0.000000000000000 ) );
#3413 = SURFACE_STYLE_FILL_AREA( #4733 );
#3414 = ORIENTED_EDGE( '', *, *, #4734, .T. );
#3415 = ORIENTED_EDGE( '', *, *, #4735, .F. );
#3416 = ORIENTED_EDGE( '', *, *, #4619, .F. );
#3417 = ORIENTED_EDGE( '', *, *, #4736, .T. );
#3418 = CARTESIAN_POINT( '', ( 0.699379809248565, 1.81505126758003, 10.9400000000000 ) );
#3419 = DIRECTION( '', ( 1.22124532708767E-15, -1.00000000000000, -2.19030741916263E-17 ) );
#3420 = DIRECTION( '', ( 1.00000000000000, 1.22124532708767E-15, 0.000000000000000 ) );
#3421 = SURFACE_STYLE_FILL_AREA( #4737 );
#3422 = ORIENTED_EDGE( '', *, *, #4738, .F. );
#3423 = ORIENTED_EDGE( '', *, *, #4739, .F. );
#3424 = ORIENTED_EDGE( '', *, *, #4396, .T. );
#3425 = ORIENTED_EDGE( '', *, *, #4740, .T. );
#3426 = CARTESIAN_POINT( '', ( 1.43776991724119, 0.380639440183806, 10.9400000000000 ) );
#3427 = DIRECTION( '', ( 1.82935587913949E-15, -1.00000000000000, -2.19030741916263E-17 ) );
#3428 = DIRECTION( '', ( 1.00000000000000, 1.82935587913949E-15, 0.000000000000000 ) );
#3429 = SURFACE_STYLE_FILL_AREA( #4741 );
#3430 = ORIENTED_EDGE( '', *, *, #4742, .T. );
#3431 = ORIENTED_EDGE( '', *, *, #4736, .F. );
#3432 = ORIENTED_EDGE( '', *, *, #4618, .F. );
#3433 = ORIENTED_EDGE( '', *, *, #4659, .T. );
#3434 = CARTESIAN_POINT( '', ( 0.581743312474130, 1.61519734847073, 10.9400000000000 ) );
#3435 = DIRECTION( '', ( 0.861792152832441, -0.507261555133470, 7.76530998460216E-18 ) );
#3436 = DIRECTION( '', ( 0.507261555133470, 0.861792152832441, 0.000000000000000 ) );
#3437 = SURFACE_STYLE_FILL_AREA( #4743 );
#3438 = ORIENTED_EDGE( '', *, *, #4574, .F. );
#3439 = ORIENTED_EDGE( '', *, *, #4270, .T. );
#3440 = ORIENTED_EDGE( '', *, *, #4510, .F. );
#3441 = ORIENTED_EDGE( '', *, *, #4744, .F. );
#3442 = ORIENTED_EDGE( '', *, *, #4745, .F. );
#3443 = ORIENTED_EDGE( '', *, *, #4746, .F. );
#3444 = CARTESIAN_POINT( '', ( 0.000000000000000, 0.000000000000000, 1.60000000000000 ) );
#3445 = DIRECTION( '', ( 0.000000000000000, 0.000000000000000, 1.00000000000000 ) );
#3446 = DIRECTION( '', ( 1.00000000000000, 0.000000000000000, 0.000000000000000 ) );
#3447 = SURFACE_STYLE_FILL_AREA( #4747 );
#3448 = ORIENTED_EDGE( '', *, *, #4206, .T. );
#3449 = ORIENTED_EDGE( '', *, *, #4419, .T. );
#3450 = ORIENTED_EDGE( '', *, *, #4748, .F. );
#3451 = ORIENTED_EDGE( '', *, *, #4749, .F. );
#3452 = CARTESIAN_POINT( '', ( -1.40027703604277E-17, 0.000000000000000, 0.140000000000000 ) );
#3453 = DIRECTION( '', ( 1.00019788288769E-16, -0.000000000000000, -1.00000000000000 ) );
#3454 = DIRECTION( '', ( 1.00000000000000, 0.000000000000000, 1.00019788288769E-16 ) );
#3455 = SURFACE_STYLE_FILL_AREA( #4750 );
#3456 = ORIENTED_EDGE( '', *, *, #4328, .F. );
#3457 = ORIENTED_EDGE( '', *, *, #4336, .F. );
#3458 = ORIENTED_EDGE( '', *, *, #4713, .F. );
#3459 = ORIENTED_EDGE( '', *, *, #4751, .F. );
#3460 = ORIENTED_EDGE( '', *, *, #4555, .F. );
#3461 = ORIENTED_EDGE( '', *, *, #4388, .F. );
#3462 = CARTESIAN_POINT( '', ( 0.000000000000000, 0.000000000000000, 1.00000000000000 ) );
#3463 = DIRECTION( '', ( 0.000000000000000, 0.000000000000000, 1.00000000000000 ) );
#3464 = DIRECTION( '', ( 1.00000000000000, 0.000000000000000, 0.000000000000000 ) );
#3465 = SURFACE_STYLE_FILL_AREA( #4752 );
#3466 = ORIENTED_EDGE( '', *, *, #4753, .T. );
#3467 = ORIENTED_EDGE( '', *, *, #4754, .F. );
#3468 = ORIENTED_EDGE( '', *, *, #4614, .F. );
#3469 = ORIENTED_EDGE( '', *, *, #4710, .T. );
#3470 = CARTESIAN_POINT( '', ( 1.79876095180074, 2.67481618244003, 10.9400000000000 ) );
#3471 = DIRECTION( '', ( -1.11022302462516E-16, 1.00000000000000, 2.19030741916264E-17 ) );
#3472 = DIRECTION( '', ( -1.00000000000000, -1.11022302462516E-16, 0.000000000000000 ) );
#3473 = SURFACE_STYLE_FILL_AREA( #4755 );
#3474 = ORIENTED_EDGE( '', *, *, #4314, .T. );
#3475 = ORIENTED_EDGE( '', *, *, #4410, .F. );
#3476 = CARTESIAN_POINT( '', ( 2.78485673396144, 0.0559063212127456, 10.9400000000000 ) );
#3477 = CARTESIAN_POINT( '', ( 2.78485673396144, -0.0329940003306627, 10.9400000000000 ) );
#3478 = CARTESIAN_POINT( '', ( 2.80214290759488, -0.0978171514560649, 10.9400000000000 ) );
#3479 = CARTESIAN_POINT( '', ( 2.83733261820581, -0.137945768819409, 10.9400000000000 ) );
#3480 = CARTESIAN_POINT( '', ( 2.87282836724192, -0.178423377369349, 10.9400000000000 ) );
#3481 = CARTESIAN_POINT( '', ( 2.91697248958846, -0.199064739880502, 10.9400000000000 ) );
#3482 = CARTESIAN_POINT( '', ( 3.02254162142125, -0.199064739880501, 10.9400000000000 ) );
#3483 = CARTESIAN_POINT( '', ( 3.06637441884891, -0.178691749526804, 10.9400000000000 ) );
#3484 = CARTESIAN_POINT( '', ( 3.10156412945984, -0.138563132163459, 10.9400000000000 ) );
#3485 = CARTESIAN_POINT( '', ( 3.13732825065339, -0.0977794851883516, 10.9400000000000 ) );
#3486 = CARTESIAN_POINT( '', ( 3.15527474039231, -0.0342287270187655, 10.9400000000000 ) );
#3487 = CARTESIAN_POINT( '', ( 3.15527474039231, 0.134311465907279, 10.9400000000000 ) );
#3488 = CARTESIAN_POINT( '', ( 3.13675384007077, 0.196665163656475, 10.9400000000000 ) );
#3489 = CARTESIAN_POINT( '', ( 3.10032940277173, 0.239263234396026, 10.9400000000000 ) );
#3490 = CARTESIAN_POINT( '', ( 3.06451483836123, 0.281148063960854, 10.9400000000000 ) );
#3491 = CARTESIAN_POINT( '', ( 3.01945480470099, 0.301616932145222, 10.9400000000000 ) );
#3492 = CARTESIAN_POINT( '', ( 2.96759628380068, 0.302234295489273, 10.9400000000000 ) );
#3493 = CARTESIAN_POINT( '', ( 2.91698701166797, 0.302836786824186, 10.9400000000000 ) );
#3494 = CARTESIAN_POINT( '', ( 2.87375705550485, 0.281243941791524, 10.9400000000000 ) );
#3495 = CARTESIAN_POINT( '', ( 2.83794998154987, 0.239880597740077, 10.9400000000000 ) );
#3496 = CARTESIAN_POINT( '', ( 2.80240736834739, 0.198822751454450, 10.9400000000000 ) );
#3497 = CARTESIAN_POINT( '', ( 2.78485673396144, 0.137398282627536, 10.9400000000000 ) );
#3498 = CARTESIAN_POINT( '', ( 2.78485673396144, 0.0559063212127456, 10.9400000000000 ) );
#3499 = DIRECTION( '', ( -2.19030741916263E-17, -2.19030741916264E-17, 1.00000000000000 ) );
#3500 = SURFACE_STYLE_FILL_AREA( #4756 );
#3501 = ORIENTED_EDGE( '', *, *, #4542, .F. );
#3502 = ORIENTED_EDGE( '', *, *, #4757, .F. );
#3503 = ORIENTED_EDGE( '', *, *, #4744, .T. );
#3504 = ORIENTED_EDGE( '', *, *, #4514, .T. );
#3505 = CARTESIAN_POINT( '', ( -4.15000000000000, 1.55000000000000, 1.60000000000000 ) );
#3506 = DIRECTION( '', ( 0.000000000000000, -1.00000000000000, 0.000000000000000 ) );
#3507 = DIRECTION( '', ( 0.000000000000000, 0.000000000000000, -1.00000000000000 ) );
#3508 = SURFACE_STYLE_FILL_AREA( #4758 );
#3509 = ORIENTED_EDGE( '', *, *, #4759, .F. );
#3510 = ORIENTED_EDGE( '', *, *, #4760, .F. );
#3511 = ORIENTED_EDGE( '', *, *, #4360, .T. );
#3512 = ORIENTED_EDGE( '', *, *, #4761, .T. );
#3513 = CARTESIAN_POINT( '', ( 1.98845802013508, 0.380639440183807, 10.9400000000000 ) );
#3514 = DIRECTION( '', ( -2.64485187345472E-15, -1.00000000000000, -2.19030741916264E-17 ) );
#3515 = DIRECTION( '', ( 1.00000000000000, -2.64485187345472E-15, 0.000000000000000 ) );
#3516 = SURFACE_STYLE_FILL_AREA( #4762 );
#3517 = ORIENTED_EDGE( '', *, *, #4519, .T. );
#3518 = ORIENTED_EDGE( '', *, *, #4439, .T. );
#3519 = ORIENTED_EDGE( '', *, *, #4492, .T. );
#3520 = ORIENTED_EDGE( '', *, *, #4763, .F. );
#3521 = ORIENTED_EDGE( '', *, *, #4288, .F. );
#3522 = ORIENTED_EDGE( '', *, *, #4364, .F. );
#3523 = ORIENTED_EDGE( '', *, *, #4474, .F. );
#3524 = ORIENTED_EDGE( '', *, *, #4504, .T. );
#3525 = CARTESIAN_POINT( '', ( -4.50000000000000, 0.450000000000000, -0.450000000000000 ) );
#3526 = DIRECTION( '', ( 0.000000000000000, 1.00000000000000, 0.000000000000000 ) );
#3527 = DIRECTION( '', ( 0.000000000000000, 0.000000000000000, 1.00000000000000 ) );
#3528 = SURFACE_STYLE_FILL_AREA( #4764 );
#3529 = ORIENTED_EDGE( '', *, *, #4540, .F. );
#3530 = ORIENTED_EDGE( '', *, *, #4575, .F. );
#3531 = ORIENTED_EDGE( '', *, *, #4746, .T. );
#3532 = ORIENTED_EDGE( '', *, *, #4765, .T. );
#3533 = CARTESIAN_POINT( '', ( -1.55000000000000, 3.68747881349846, 1.60000000000000 ) );
#3534 = DIRECTION( '', ( 1.00000000000000, 4.68822706560228E-16, 0.000000000000000 ) );
#3535 = DIRECTION( '', ( -4.68822706560228E-16, 1.00000000000000, 0.000000000000000 ) );
#3536 = SURFACE_STYLE_FILL_AREA( #4766 );
#3537 = ORIENTED_EDGE( '', *, *, #4379, .T. );
#3538 = ORIENTED_EDGE( '', *, *, #4573, .F. );
#3539 = ORIENTED_EDGE( '', *, *, #4721, .F. );
#3540 = ORIENTED_EDGE( '', *, *, #4767, .T. );
#3541 = CARTESIAN_POINT( '', ( -0.650000000000000, 1.65000000000000, 0.300000000000000 ) );
#3542 = DIRECTION( '', ( -1.00000000000000, 8.67361737988404E-17, 0.000000000000000 ) );
#3543 = DIRECTION( '', ( -8.67361737988404E-17, -1.00000000000000, 0.000000000000000 ) );
#3544 = SURFACE_STYLE_FILL_AREA( #4768 );
#3545 = ORIENTED_EDGE( '', *, *, #4763, .T. );
#3546 = ORIENTED_EDGE( '', *, *, #4491, .T. );
#3547 = ORIENTED_EDGE( '', *, *, #4198, .T. );
#3548 = ORIENTED_EDGE( '', *, *, #4286, .T. );
#3549 = ORIENTED_EDGE( '', *, *, #4769, .F. );
#3550 = CARTESIAN_POINT( '', ( -2.05000000000000, -1.25526296912605E-16, 0.640000000000000 ) );
#3551 = DIRECTION( '', ( -1.00637577891602E-16, 0.000000000000000, 1.00000000000000 ) );
#3552 = DIRECTION( '', ( 1.00000000000000, 0.000000000000000, 1.00637577891602E-16 ) );
#3553 = SURFACE_STYLE_FILL_AREA( #4770 );
#3554 = ORIENTED_EDGE( '', *, *, #4771, .F. );
#3555 = ORIENTED_EDGE( '', *, *, #4508, .F. );
#3556 = ORIENTED_EDGE( '', *, *, #4361, .T. );
#3557 = ORIENTED_EDGE( '', *, *, #4760, .T. );
#3558 = CARTESIAN_POINT( '', ( 1.98845802013508, -0.292286604832271, 10.9400000000000 ) );
#3559 = DIRECTION( '', ( 1.00000000000000, -6.44470328063822E-16, 2.19030741916263E-17 ) );
#3560 = DIRECTION( '', ( 6.44470328063822E-16, 1.00000000000000, 0.000000000000000 ) );
#3561 = SURFACE_STYLE_FILL_AREA( #4772 );
#3562 = ORIENTED_EDGE( '', *, *, #4773, .F. );
#3563 = ORIENTED_EDGE( '', *, *, #4596, .F. );
#3564 = ORIENTED_EDGE( '', *, *, #4484, .T. );
#3565 = ORIENTED_EDGE( '', *, *, #4261, .T. );
#3566 = CARTESIAN_POINT( '', ( 1.81683101048878, 0.634993137933004, 10.9400000000000 ) );
#3567 = DIRECTION( '', ( -1.00000000000000, 3.32925430137234E-15, -2.19030741916262E-17 ) );
#3568 = DIRECTION( '', ( -3.32925430137234E-15, -1.00000000000000, 0.000000000000000 ) );
#3569 = SURFACE_STYLE_FILL_AREA( #4774 );
#3570 = ORIENTED_EDGE( '', *, *, #4775, .T. );
#3571 = ORIENTED_EDGE( '', *, *, #4776, .F. );
#3572 = ORIENTED_EDGE( '', *, *, #4615, .F. );
#3573 = ORIENTED_EDGE( '', *, *, #4754, .T. );
#3574 = CARTESIAN_POINT( '', ( 0.797688914084689, 2.67481618244003, 10.9400000000000 ) );
#3575 = DIRECTION( '', ( -0.863966758174713, 0.503548846457895, -7.89426026032448E-18 ) );
#3576 = DIRECTION( '', ( -0.503548846457895, -0.863966758174713, 0.000000000000000 ) );
#3577 = SURFACE_STYLE_FILL_AREA( #4777 );
#3578 = ORIENTED_EDGE( '', *, *, #4778, .F. );
#3579 = ORIENTED_EDGE( '', *, *, #4233, .F. );
#3580 = ORIENTED_EDGE( '', *, *, #4690, .T. );
#3581 = ORIENTED_EDGE( '', *, *, #4679, .T. );
#3582 = CARTESIAN_POINT( '', ( 0.481474097305495, -0.292286604832271, 10.9400000000000 ) );
#3583 = DIRECTION( '', ( 4.62153064203661E-16, 1.00000000000000, 2.19030741916264E-17 ) );
#3584 = DIRECTION( '', ( -1.00000000000000, 4.62153064203661E-16, 0.000000000000000 ) );
#3585 = SURFACE_STYLE_FILL_AREA( #4779 );
#3586 = ORIENTED_EDGE( '', *, *, #4506, .T. );
#3587 = ORIENTED_EDGE( '', *, *, #4771, .T. );
#3588 = ORIENTED_EDGE( '', *, *, #4759, .T. );
#3589 = ORIENTED_EDGE( '', *, *, #4780, .T. );
#3590 = ORIENTED_EDGE( '', *, *, #4781, .T. );
#3591 = ORIENTED_EDGE( '', *, *, #4782, .T. );
#3592 = ORIENTED_EDGE( '', *, *, #4783, .T. );
#3593 = ORIENTED_EDGE( '', *, *, #4260, .T. );
#3594 = ORIENTED_EDGE( '', *, *, #4516, .T. );
#3595 = ORIENTED_EDGE( '', *, *, #4595, .T. );
#3596 = ORIENTED_EDGE( '', *, *, #4773, .T. );
#3597 = ORIENTED_EDGE( '', *, *, #4578, .T. );
#3598 = ORIENTED_EDGE( '', *, *, #4459, .T. );
#3599 = ORIENTED_EDGE( '', *, *, #4784, .T. );
#3600 = ORIENTED_EDGE( '', *, *, #4675, .T. );
#3601 = ORIENTED_EDGE( '', *, *, #4322, .T. );
#3602 = ORIENTED_EDGE( '', *, *, #4342, .T. );
#3603 = ORIENTED_EDGE( '', *, *, #4635, .T. );
#3604 = ORIENTED_EDGE( '', *, *, #4624, .T. );
#3605 = ORIENTED_EDGE( '', *, *, #4345, .T. );
#3606 = ORIENTED_EDGE( '', *, *, #4724, .T. );
#3607 = ORIENTED_EDGE( '', *, *, #4785, .T. );
#3608 = ORIENTED_EDGE( '', *, *, #4693, .T. );
#3609 = ORIENTED_EDGE( '', *, *, #4366, .T. );
#3610 = ORIENTED_EDGE( '', *, *, #4235, .T. );
#3611 = ORIENTED_EDGE( '', *, *, #4190, .T. );
#3612 = ORIENTED_EDGE( '', *, *, #4786, .T. );
#3613 = ORIENTED_EDGE( '', *, *, #4530, .T. );
#3614 = ORIENTED_EDGE( '', *, *, #4787, .T. );
#3615 = ORIENTED_EDGE( '', *, *, #4788, .T. );
#3616 = ORIENTED_EDGE( '', *, *, #4591, .T. );
#3617 = ORIENTED_EDGE( '', *, *, #4775, .F. );
#3618 = ORIENTED_EDGE( '', *, *, #4753, .F. );
#3619 = ORIENTED_EDGE( '', *, *, #4709, .F. );
#3620 = ORIENTED_EDGE( '', *, *, #4185, .F. );
#3621 = ORIENTED_EDGE( '', *, *, #4499, .F. );
#3622 = ORIENTED_EDGE( '', *, *, #4632, .F. );
#3623 = ORIENTED_EDGE( '', *, *, #4789, .F. );
#3624 = ORIENTED_EDGE( '', *, *, #4734, .F. );
#3625 = ORIENTED_EDGE( '', *, *, #4742, .F. );
#3626 = ORIENTED_EDGE( '', *, *, #4658, .F. );
#3627 = ORIENTED_EDGE( '', *, *, #4220, .F. );
#3628 = ORIENTED_EDGE( '', *, *, #4790, .F. );
#3629 = ORIENTED_EDGE( '', *, *, #4281, .T. );
#3630 = ORIENTED_EDGE( '', *, *, #4638, .T. );
#3631 = ORIENTED_EDGE( '', *, *, #4480, .T. );
#3632 = ORIENTED_EDGE( '', *, *, #4682, .T. );
#3633 = ORIENTED_EDGE( '', *, *, #4292, .T. );
#3634 = ORIENTED_EDGE( '', *, *, #4585, .T. );
#3635 = ORIENTED_EDGE( '', *, *, #4791, .T. );
#3636 = ORIENTED_EDGE( '', *, *, #4239, .T. );
#3637 = ORIENTED_EDGE( '', *, *, #4648, .T. );
#3638 = ORIENTED_EDGE( '', *, *, #4645, .T. );
#3639 = ORIENTED_EDGE( '', *, *, #4309, .T. );
#3640 = ORIENTED_EDGE( '', *, *, #4466, .T. );
#3641 = ORIENTED_EDGE( '', *, *, #4225, .T. );
#3642 = ORIENTED_EDGE( '', *, *, #4252, .T. );
#3643 = ORIENTED_EDGE( '', *, *, #4256, .T. );
#3644 = ORIENTED_EDGE( '', *, *, #4678, .T. );
#3645 = ORIENTED_EDGE( '', *, *, #4469, .T. );
#3646 = ORIENTED_EDGE( '', *, *, #4350, .T. );
#3647 = ORIENTED_EDGE( '', *, *, #4792, .T. );
#3648 = ORIENTED_EDGE( '', *, *, #4230, .T. );
#3649 = ORIENTED_EDGE( '', *, *, #4778, .T. );
#3650 = ORIENTED_EDGE( '', *, *, #4247, .T. );
#3651 = ORIENTED_EDGE( '', *, *, #4301, .T. );
#3652 = ORIENTED_EDGE( '', *, *, #4793, .T. );
#3653 = ORIENTED_EDGE( '', *, *, #4551, .T. );
#3654 = ORIENTED_EDGE( '', *, *, #4794, .T. );
#3655 = ORIENTED_EDGE( '', *, *, #4738, .T. );
#3656 = ORIENTED_EDGE( '', *, *, #4795, .T. );
#3657 = ORIENTED_EDGE( '', *, *, #4796, .T. );
#3658 = ORIENTED_EDGE( '', *, *, #4729, .T. );
#3659 = ORIENTED_EDGE( '', *, *, #4696, .T. );
#3660 = ORIENTED_EDGE( '', *, *, #4797, .T. );
#3661 = ORIENTED_EDGE( '', *, *, #4305, .T. );
#3662 = ORIENTED_EDGE( '', *, *, #4798, .T. );
#3663 = ORIENTED_EDGE( '', *, *, #4799, .T. );
#3664 = ORIENTED_EDGE( '', *, *, #4684, .T. );
#3665 = ORIENTED_EDGE( '', *, *, #4494, .T. );
#3666 = ORIENTED_EDGE( '', *, *, #4442, .T. );
#3667 = ORIENTED_EDGE( '', *, *, #4548, .T. );
#3668 = ORIENTED_EDGE( '', *, *, #4626, .T. );
#3669 = ORIENTED_EDGE( '', *, *, #4800, .T. );
#3670 = ORIENTED_EDGE( '', *, *, #4801, .T. );
#3671 = ORIENTED_EDGE( '', *, *, #4672, .T. );
#3672 = CARTESIAN_POINT( '', ( 4.00000000000000, 0.000000000000000, 10.9500000000000 ) );
#3673 = DIRECTION( '', ( 4.38061483832527E-17, 0.000000000000000, -1.00000000000000 ) );
#3674 = DIRECTION( '', ( -1.00000000000000, 0.000000000000000, -4.38061483832527E-17 ) );
#3675 = SURFACE_STYLE_FILL_AREA( #4802 );
#3676 = ORIENTED_EDGE( '', *, *, #4416, .F. );
#3677 = ORIENTED_EDGE( '', *, *, #4704, .T. );
#3678 = ORIENTED_EDGE( '', *, *, #4803, .T. );
#3679 = ORIENTED_EDGE( '', *, *, #4211, .F. );
#3680 = CARTESIAN_POINT( '', ( -1.40027703604277E-17, 0.000000000000000, 0.140000000000000 ) );
#3681 = DIRECTION( '', ( 1.00019788288769E-16, -0.000000000000000, -1.00000000000000 ) );
#3682 = DIRECTION( '', ( 1.00000000000000, 0.000000000000000, 1.00019788288769E-16 ) );
#3683 = SURFACE_STYLE_FILL_AREA( #4804 );
#3684 = ORIENTED_EDGE( '', *, *, #4605, .T. );
#3685 = ORIENTED_EDGE( '', *, *, #4805, .F. );
#3686 = CARTESIAN_POINT( '', ( -9.83760932263904E-17, 0.000000000000000, 2.24571428571429 ) );
#3687 = DIRECTION( '', ( 4.38061483832527E-17, 0.000000000000000, -1.00000000000000 ) );
#3688 = DIRECTION( '', ( -1.00000000000000, 0.000000000000000, -4.38061483832527E-17 ) );
#3689 = SURFACE_STYLE_FILL_AREA( #4806 );
#3690 = ORIENTED_EDGE( '', *, *, #4426, .T. );
#3691 = ORIENTED_EDGE( '', *, *, #4523, .T. );
#3692 = ORIENTED_EDGE( '', *, *, #4700, .T. );
#3693 = ORIENTED_EDGE( '', *, *, #4608, .T. );
#3694 = ORIENTED_EDGE( '', *, *, #4650, .T. );
#3695 = CARTESIAN_POINT( '', ( 2.05000000000000, -1.25526296912605E-16, 0.640000000000000 ) );
#3696 = DIRECTION( '', ( 1.00637577891602E-16, 0.000000000000000, -1.00000000000000 ) );
#3697 = DIRECTION( '', ( -1.00000000000000, 0.000000000000000, -1.00637577891602E-16 ) );
#3698 = SURFACE_STYLE_FILL_AREA( #4807 );
#3699 = ORIENTED_EDGE( '', *, *, #4785, .F. );
#3700 = ORIENTED_EDGE( '', *, *, #4725, .F. );
#3701 = ORIENTED_EDGE( '', *, *, #4435, .T. );
#3702 = ORIENTED_EDGE( '', *, *, #4694, .T. );
#3703 = CARTESIAN_POINT( '', ( -0.984146481472640, 0.634993137933004, 10.9400000000000 ) );
#3704 = CARTESIAN_POINT( '', ( -0.910680243530518, 0.416240726357440, 10.9400000000000 ) );
#3705 = CARTESIAN_POINT( '', ( -0.837214005588395, 0.197488314781878, 10.9400000000000 ) );
#3706 = CARTESIAN_POINT( '', ( -0.763747767646273, -0.0212640967936849, 10.9400000000000 ) );
#3707 = CARTESIAN_POINT( '', ( -0.743050672068406, -0.0828915830661595, 10.9400000000000 ) );
#3708 = CARTESIAN_POINT( '', ( -0.728558057035341, -0.128685318658637, 10.9400000000000 ) );
#3709 = CARTESIAN_POINT( '', ( -0.719297606874570, -0.158936122517157, 10.9400000000000 ) );
#3710 = DIRECTION( '', ( -2.19030741916263E-17, -2.19030741916264E-17, 1.00000000000000 ) );
#3711 = SURFACE_STYLE_FILL_AREA( #4808 );
#3712 = ORIENTED_EDGE( '', *, *, #4408, .T. );
#3713 = ORIENTED_EDGE( '', *, *, #4809, .F. );
#3714 = CARTESIAN_POINT( '', ( -2.40047491893047E-17, 0.000000000000000, 0.240000000000000 ) );
#3715 = DIRECTION( '', ( -1.00019788288769E-16, 0.000000000000000, 1.00000000000000 ) );
#3716 = DIRECTION( '', ( 1.00000000000000, 0.000000000000000, 1.00019788288769E-16 ) );
#3717 = SURFACE_STYLE_FILL_AREA( #4810 );
#3718 = ORIENTED_EDGE( '', *, *, #4811, .F. );
#3719 = ORIENTED_EDGE( '', *, *, #4425, .F. );
#3720 = ORIENTED_EDGE( '', *, *, #4598, .T. );
#3721 = ORIENTED_EDGE( '', *, *, #4812, .T. );
#3722 = CARTESIAN_POINT( '', ( -1.40027703604277E-17, 0.000000000000000, 0.140000000000000 ) );
#3723 = DIRECTION( '', ( -1.00389090044955E-16, 0.000000000000000, 1.00000000000000 ) );
#3724 = DIRECTION( '', ( 1.00000000000000, 0.000000000000000, 1.00389090044955E-16 ) );
#3725 = SURFACE_STYLE_FILL_AREA( #4813 );
#3726 = ORIENTED_EDGE( '', *, *, #4545, .F. );
#3727 = ORIENTED_EDGE( '', *, *, #4722, .F. );
#3728 = CARTESIAN_POINT( '', ( 1.33272752166440E-15, 1.65000000000000, 0.600000000000000 ) );
#3729 = DIRECTION( '', ( -0.000000000000000, -0.000000000000000, 1.00000000000000 ) );
#3730 = DIRECTION( '', ( -1.00000000000000, 0.000000000000000, 0.000000000000000 ) );
#3731 = SURFACE_STYLE_FILL_AREA( #4814 );
#3732 = ORIENTED_EDGE( '', *, *, #4612, .F. );
#3733 = ORIENTED_EDGE( '', *, *, #4382, .T. );
#3734 = CARTESIAN_POINT( '', ( 2.65000000000000, -2.65000000000000, -0.0500000000000000 ) );
#3735 = DIRECTION( '', ( -0.000000000000000, -0.000000000000000, -1.00000000000000 ) );
#3736 = DIRECTION( '', ( 1.00000000000000, 0.000000000000000, 0.000000000000000 ) );
#3737 = SURFACE_STYLE_FILL_AREA( #4815 );
#3738 = ORIENTED_EDGE( '', *, *, #4816, .F. );
#3739 = ORIENTED_EDGE( '', *, *, #4496, .F. );
#3740 = ORIENTED_EDGE( '', *, *, #4686, .F. );
#3741 = ORIENTED_EDGE( '', *, *, #4817, .F. );
#3742 = CARTESIAN_POINT( '', ( 1.76003358283605, -0.292286604832270, 10.9400000000000 ) );
#3743 = DIRECTION( '', ( 0.000000000000000, 0.000000000000000, 1.00000000000000 ) );
#3744 = DIRECTION( '', ( 1.00000000000000, 0.000000000000000, 0.000000000000000 ) );
#3745 = SURFACE_STYLE_FILL_AREA( #4818 );
#3746 = ORIENTED_EDGE( '', *, *, #4782, .F. );
#3747 = ORIENTED_EDGE( '', *, *, #4819, .F. );
#3748 = ORIENTED_EDGE( '', *, *, #4357, .T. );
#3749 = ORIENTED_EDGE( '', *, *, #4820, .T. );
#3750 = CARTESIAN_POINT( '', ( 2.53544194296466, -0.292286604832270, 10.9400000000000 ) );
#3751 = DIRECTION( '', ( -2.86333963691400E-15, 1.00000000000000, 2.19030741916263E-17 ) );
#3752 = DIRECTION( '', ( -1.00000000000000, -2.86333963691400E-15, 0.000000000000000 ) );
#3753 = SURFACE_STYLE_FILL_AREA( #4821 );
#3754 = ORIENTED_EDGE( '', *, *, #4213, .F. );
#3755 = ORIENTED_EDGE( '', *, *, #4602, .F. );
#3756 = CARTESIAN_POINT( '', ( -1.40027703604277E-17, 0.000000000000000, 0.140000000000000 ) );
#3757 = DIRECTION( '', ( -1.00019788288769E-16, 0.000000000000000, 1.00000000000000 ) );
#3758 = DIRECTION( '', ( 1.00000000000000, 0.000000000000000, 1.00019788288769E-16 ) );
#3759 = SURFACE_STYLE_FILL_AREA( #4822 );
#3760 = ORIENTED_EDGE( '', *, *, #4420, .F. );
#3761 = ORIENTED_EDGE( '', *, *, #4204, .F. );
#3762 = ORIENTED_EDGE( '', *, *, #4823, .T. );
#3763 = ORIENTED_EDGE( '', *, *, #4477, .T. );
#3764 = CARTESIAN_POINT( '', ( -1.40027703604277E-17, 0.000000000000000, 0.140000000000000 ) );
#3765 = DIRECTION( '', ( 1.00019788288769E-16, -0.000000000000000, -1.00000000000000 ) );
#3766 = DIRECTION( '', ( 1.00000000000000, 0.000000000000000, 1.00019788288769E-16 ) );
#3767 = SURFACE_STYLE_FILL_AREA( #4824 );
#3768 = ORIENTED_EDGE( '', *, *, #4599, .F. );
#3769 = ORIENTED_EDGE( '', *, *, #4423, .T. );
#3770 = ORIENTED_EDGE( '', *, *, #4825, .F. );
#3771 = ORIENTED_EDGE( '', *, *, #4826, .F. );
#3772 = ORIENTED_EDGE( '', *, *, #4589, .T. );
#3773 = CARTESIAN_POINT( '', ( -2.40047491893047E-17, 0.000000000000000, 0.240000000000000 ) );
#3774 = DIRECTION( '', ( -1.00019788288769E-16, 0.000000000000000, 1.00000000000000 ) );
#3775 = DIRECTION( '', ( 1.00000000000000, 0.000000000000000, 1.00019788288769E-16 ) );
#3776 = SURFACE_STYLE_FILL_AREA( #4827 );
#3777 = ORIENTED_EDGE( '', *, *, #4541, .F. );
#3778 = ORIENTED_EDGE( '', *, *, #4765, .F. );
#3779 = ORIENTED_EDGE( '', *, *, #4745, .T. );
#3780 = ORIENTED_EDGE( '', *, *, #4757, .T. );
#3781 = CARTESIAN_POINT( '', ( 0.000000000000000, 0.000000000000000, 1.60000000000000 ) );
#3782 = DIRECTION( '', ( -0.000000000000000, -0.000000000000000, 1.00000000000000 ) );
#3783 = DIRECTION( '', ( -1.00000000000000, 0.000000000000000, 0.000000000000000 ) );
#3784 = SURFACE_STYLE_FILL_AREA( #4828 );
#3785 = ORIENTED_EDGE( '', *, *, #4265, .F. );
#3786 = ORIENTED_EDGE( '', *, *, #4809, .T. );
#3787 = CARTESIAN_POINT( '', ( -1.40027703604277E-17, 0.000000000000000, 0.140000000000000 ) );
#3788 = DIRECTION( '', ( 1.00019788288769E-16, -0.000000000000000, -1.00000000000000 ) );
#3789 = DIRECTION( '', ( 1.00000000000000, 0.000000000000000, 1.00019788288769E-16 ) );
#3790 = SURFACE_STYLE_FILL_AREA( #4829 );
#3791 = ORIENTED_EDGE( '', *, *, #4791, .F. );
#3792 = ORIENTED_EDGE( '', *, *, #4587, .F. );
#3793 = ORIENTED_EDGE( '', *, *, #4642, .T. );
#3794 = ORIENTED_EDGE( '', *, *, #4240, .T. );
#3795 = CARTESIAN_POINT( '', ( -0.539354000795260, 2.16324834885772, 10.9400000000000 ) );
#3796 = DIRECTION( '', ( 9.43689570931383E-16, -1.00000000000000, -2.19030741916263E-17 ) );
#3797 = DIRECTION( '', ( 1.00000000000000, 9.43689570931383E-16, 0.000000000000000 ) );
#3798 = SURFACE_STYLE_FILL_AREA( #4830 );
#3799 = ORIENTED_EDGE( '', *, *, #4798, .F. );
#3800 = ORIENTED_EDGE( '', *, *, #4497, .F. );
#3801 = ORIENTED_EDGE( '', *, *, #4816, .T. );
#3802 = ORIENTED_EDGE( '', *, *, #4831, .T. );
#3803 = CARTESIAN_POINT( '', ( 1.81683101048878, -0.292286604832270, 10.9400000000000 ) );
#3804 = DIRECTION( '', ( -4.77223272819001E-16, 1.00000000000000, 2.19030741916264E-17 ) );
#3805 = DIRECTION( '', ( -1.00000000000000, -4.77223272819001E-16, 0.000000000000000 ) );
#3806 = SURFACE_STYLE_FILL_AREA( #4832 );
#3807 = ORIENTED_EDGE( '', *, *, #4630, .T. );
#3808 = ORIENTED_EDGE( '', *, *, #4488, .F. );
#3809 = CARTESIAN_POINT( '', ( -1.40027703604277E-17, 0.000000000000000, 0.140000000000000 ) );
#3810 = DIRECTION( '', ( 1.00019788288769E-16, -0.000000000000000, -1.00000000000000 ) );
#3811 = DIRECTION( '', ( 1.00000000000000, 0.000000000000000, 1.00019788288769E-16 ) );
#3812 = SURFACE_STYLE_FILL_AREA( #4833 );
#3813 = ORIENTED_EDGE( '', *, *, #4651, .F. );
#3814 = ORIENTED_EDGE( '', *, *, #4610, .F. );
#3815 = ORIENTED_EDGE( '', *, *, #4702, .T. );
#3816 = ORIENTED_EDGE( '', *, *, #4834, .T. );
#3817 = CARTESIAN_POINT( '', ( 2.25000000000000, 0.000000000000000, -0.400000000000000 ) );
#3818 = DIRECTION( '', ( -0.000000000000000, 1.00000000000000, -0.000000000000000 ) );
#3819 = DIRECTION( '', ( 0.000000000000000, 0.000000000000000, -1.00000000000000 ) );
#3820 = SURFACE_STYLE_FILL_AREA( #4835 );
#3821 = ORIENTED_EDGE( '', *, *, #4786, .F. );
#3822 = ORIENTED_EDGE( '', *, *, #4193, .F. );
#3823 = ORIENTED_EDGE( '', *, *, #4433, .T. );
#3824 = ORIENTED_EDGE( '', *, *, #4531, .T. );
#3825 = CARTESIAN_POINT( '', ( -0.400738121344023, -0.292286604832271, 10.9400000000000 ) );
#3826 = DIRECTION( '', ( 1.00000000000000, -5.57960808252237E-16, 2.19030741916263E-17 ) );
#3827 = DIRECTION( '', ( 5.57960808252237E-16, 1.00000000000000, 0.000000000000000 ) );
#3828 = SURFACE_STYLE_FILL_AREA( #4836 );
#3829 = ORIENTED_EDGE( '', *, *, #4558, .T. );
#3830 = ORIENTED_EDGE( '', *, *, #4385, .T. );
#3831 = CARTESIAN_POINT( '', ( 2.65000000000000, 2.65000000000000, -0.0500000000000000 ) );
#3832 = DIRECTION( '', ( -0.000000000000000, -0.000000000000000, -1.00000000000000 ) );
#3833 = DIRECTION( '', ( 1.00000000000000, 0.000000000000000, 0.000000000000000 ) );
#3834 = SURFACE_STYLE_FILL_AREA( #4837 );
#3835 = ORIENTED_EDGE( '', *, *, #4748, .T. );
#3836 = ORIENTED_EDGE( '', *, *, #4418, .F. );
#3837 = ORIENTED_EDGE( '', *, *, #4662, .F. );
#3838 = ORIENTED_EDGE( '', *, *, #4838, .T. );
#3839 = CARTESIAN_POINT( '', ( -1.40027703604277E-17, 0.000000000000000, 0.140000000000000 ) );
#3840 = DIRECTION( '', ( -1.00389090044955E-16, 0.000000000000000, 1.00000000000000 ) );
#3841 = DIRECTION( '', ( 1.00000000000000, 0.000000000000000, 1.00389090044955E-16 ) );
#3842 = SURFACE_STYLE_FILL_AREA( #4839 );
#3843 = ORIENTED_EDGE( '', *, *, #4404, .F. );
#3844 = ORIENTED_EDGE( '', *, *, #4567, .F. );
#3845 = ORIENTED_EDGE( '', *, *, #4689, .T. );
#3846 = ORIENTED_EDGE( '', *, *, #4565, .T. );
#3847 = CARTESIAN_POINT( '', ( 0.0196863159550127, -0.188569563031627, 10.9400000000000 ) );
#3848 = CARTESIAN_POINT( '', ( 0.0425659320913115, -0.208975707153191, 10.9400000000000 ) );
#3849 = CARTESIAN_POINT( '', ( 0.0764837436077461, -0.218820366890148, 10.9400000000000 ) );
#3850 = CARTESIAN_POINT( '', ( 0.165384065151155, -0.218820366890148, 10.9400000000000 ) );
#3851 = CARTESIAN_POINT( '', ( 0.204277955826395, -0.208942553385325, 10.9400000000000 ) );
#3852 = CARTESIAN_POINT( '', ( 0.238850303093276, -0.189804289719730, 10.9400000000000 ) );
#3853 = CARTESIAN_POINT( '', ( 0.272950096919361, -0.170927618137433, 10.9400000000000 ) );
#3854 = CARTESIAN_POINT( '', ( 0.298117184122215, -0.144119402259923, 10.9400000000000 ) );
#3855 = CARTESIAN_POINT( '', ( 0.314168631067553, -0.110781781681145, 10.9400000000000 ) );
#3856 = CARTESIAN_POINT( '', ( 0.326385962901783, -0.0854073232562067, 10.9400000000000 ) );
#3857 = CARTESIAN_POINT( '', ( 0.332689531389097, -0.0471933572438461, 10.9400000000000 ) );
#3858 = CARTESIAN_POINT( '', ( 0.332689531389097, 0.00343043696837261, 10.9400000000000 ) );
#3859 = CARTESIAN_POINT( '', ( 0.332689531389097, 0.0172182183188549, 10.9400000000000 ) );
#3860 = CARTESIAN_POINT( '', ( 0.333101106951798, 0.0310059996693373, 10.9400000000000 ) );
#3861 = CARTESIAN_POINT( '', ( 0.333306894733148, 0.0447937810198196, 10.9400000000000 ) );
#3862 = DIRECTION( '', ( -2.19030741916263E-17, -2.19030741916264E-17, 1.00000000000000 ) );
#3863 = SURFACE_STYLE_FILL_AREA( #4840 );
#3864 = ORIENTED_EDGE( '', *, *, #4841, .F. );
#3865 = ORIENTED_EDGE( '', *, *, #4716, .T. );
#3866 = ORIENTED_EDGE( '', *, *, #4569, .F. );
#3867 = ORIENTED_EDGE( '', *, *, #4732, .F. );
#3868 = ORIENTED_EDGE( '', *, *, #4668, .F. );
#3869 = ORIENTED_EDGE( '', *, *, #4665, .F. );
#3870 = CARTESIAN_POINT( '', ( 0.000000000000000, 0.000000000000000, 1.60000000000000 ) );
#3871 = DIRECTION( '', ( 0.000000000000000, 0.000000000000000, 1.00000000000000 ) );
#3872 = DIRECTION( '', ( 1.00000000000000, 0.000000000000000, 0.000000000000000 ) );
#3873 = SURFACE_STYLE_FILL_AREA( #4842 );
#3874 = ORIENTED_EDGE( '', *, *, #4372, .F. );
#3875 = ORIENTED_EDGE( '', *, *, #4717, .T. );
#3876 = ORIENTED_EDGE( '', *, *, #4841, .T. );
#3877 = ORIENTED_EDGE( '', *, *, #4664, .T. );
#3878 = ORIENTED_EDGE( '', *, *, #4535, .T. );
#3879 = ORIENTED_EDGE( '', *, *, #4556, .F. );
#3880 = ORIENTED_EDGE( '', *, *, #4751, .T. );
#3881 = ORIENTED_EDGE( '', *, *, #4712, .T. );
#3882 = CARTESIAN_POINT( '', ( 4.15000000000000, 4.15000000000000, 0.600000000000000 ) );
#3883 = DIRECTION( '', ( 1.00000000000000, 0.000000000000000, 0.000000000000000 ) );
#3884 = DIRECTION( '', ( 0.000000000000000, 0.000000000000000, -1.00000000000000 ) );
#3885 = SURFACE_STYLE_FILL_AREA( #4843 );
#3886 = ORIENTED_EDGE( '', *, *, #4844, .F. );
#3887 = ORIENTED_EDGE( '', *, *, #4511, .F. );
#3888 = ORIENTED_EDGE( '', *, *, #4452, .F. );
#3889 = ORIENTED_EDGE( '', *, *, #4339, .F. );
#3890 = ORIENTED_EDGE( '', *, *, #4457, .F. );
#3891 = ORIENTED_EDGE( '', *, *, #4845, .F. );
#3892 = CARTESIAN_POINT( '', ( 0.000000000000000, 0.000000000000000, 1.00000000000000 ) );
#3893 = DIRECTION( '', ( 0.000000000000000, 0.000000000000000, 1.00000000000000 ) );
#3894 = DIRECTION( '', ( 1.00000000000000, 0.000000000000000, 0.000000000000000 ) );
#3895 = SURFACE_STYLE_FILL_AREA( #4846 );
#3896 = ORIENTED_EDGE( '', *, *, #4544, .F. );
#3897 = ORIENTED_EDGE( '', *, *, #4847, .F. );
#3898 = ORIENTED_EDGE( '', *, *, #4845, .T. );
#3899 = ORIENTED_EDGE( '', *, *, #4456, .T. );
#3900 = CARTESIAN_POINT( '', ( 0.000000000000000, 0.000000000000000, 1.00000000000000 ) );
#3901 = DIRECTION( '', ( -0.000000000000000, -0.000000000000000, 1.00000000000000 ) );
#3902 = DIRECTION( '', ( -1.00000000000000, 0.000000000000000, 0.000000000000000 ) );
#3903 = SURFACE_STYLE_FILL_AREA( #4848 );
#3904 = ORIENTED_EDGE( '', *, *, #4783, .F. );
#3905 = ORIENTED_EDGE( '', *, *, #4820, .F. );
#3906 = ORIENTED_EDGE( '', *, *, #4356, .T. );
#3907 = ORIENTED_EDGE( '', *, *, #4507, .T. );
#3908 = CARTESIAN_POINT( '', ( 2.42184708765920, -0.292286604832271, 10.9400000000000 ) );
#3909 = CARTESIAN_POINT( '', ( 2.42184708765920, -0.155643518015550, 10.9400000000000 ) );
#3910 = CARTESIAN_POINT( '', ( 2.42184708765920, -0.0190004311988300, 10.9400000000000 ) );
#3911 = CARTESIAN_POINT( '', ( 2.42184708765920, 0.117642655617890, 10.9400000000000 ) );
#3912 = CARTESIAN_POINT( '', ( 2.42184708765920, 0.163944906421749, 10.9400000000000 ) );
#3913 = CARTESIAN_POINT( '', ( 2.41752554425083, 0.198517253688630, 10.9400000000000 ) );
#3914 = CARTESIAN_POINT( '', ( 2.40888245743412, 0.221977060762585, 10.9400000000000 ) );
#3915 = CARTESIAN_POINT( '', ( 2.40036585481471, 0.245093553586677, 10.9400000000000 ) );
#3916 = CARTESIAN_POINT( '', ( 2.38418792367206, 0.263340404814032, 10.9400000000000 ) );
#3917 = CARTESIAN_POINT( '', ( 2.33850303621225, 0.290504391952296, 10.9400000000000 ) );
#3918 = CARTESIAN_POINT( '', ( 2.31195641241804, 0.297295388736861, 10.9400000000000 ) );
#3919 = CARTESIAN_POINT( '', ( 2.28108824521547, 0.297912752080913, 10.9400000000000 ) );
#3920 = CARTESIAN_POINT( '', ( 2.23234838424667, 0.298887549300289, 10.9400000000000 ) );
#3921 = CARTESIAN_POINT( '', ( 2.19033583363990, 0.281861305135576, 10.9400000000000 ) );
#3922 = CARTESIAN_POINT( '', ( 2.11995641241804, 0.220124970730430, 10.9400000000000 ) );
#3923 = CARTESIAN_POINT( '', ( 2.10205287544055, 0.161475453045543, 10.9400000000000 ) );
#3924 = CARTESIAN_POINT( '', ( 2.10205287544055, 0.0756619482223916, 10.9400000000000 ) );
#3925 = CARTESIAN_POINT( '', ( 2.10205287544055, -0.0469875694624955, 10.9400000000000 ) );
#3926 = CARTESIAN_POINT( '', ( 2.10205287544055, -0.169637087147383, 10.9400000000000 ) );
#3927 = CARTESIAN_POINT( '', ( 2.10205287544055, -0.292286604832271, 10.9400000000000 ) );
#3928 = DIRECTION( '', ( -2.19030741916263E-17, -2.19030741916264E-17, 1.00000000000000 ) );
#3929 = SURFACE_STYLE_FILL_AREA( #4849 );
#3930 = ORIENTED_EDGE( '', *, *, #4781, .F. );
#3931 = ORIENTED_EDGE( '', *, *, #4850, .F. );
#3932 = ORIENTED_EDGE( '', *, *, #4358, .T. );
#3933 = ORIENTED_EDGE( '', *, *, #4819, .T. );
#3934 = CARTESIAN_POINT( '', ( 2.09094033524762, 0.284948121855833, 10.9400000000000 ) );
#3935 = CARTESIAN_POINT( '', ( 2.14032940277174, 0.358414359797954, 10.9400000000000 ) );
#3936 = CARTESIAN_POINT( '', ( 2.21194355068170, 0.395456160441041, 10.9400000000000 ) );
#3937 = CARTESIAN_POINT( '', ( 2.34591139634087, 0.395456160441041, 10.9400000000000 ) );
#3938 = CARTESIAN_POINT( '', ( 2.38295319698395, 0.388047800312424, 10.9400000000000 ) );
#3939 = CARTESIAN_POINT( '', ( 2.41690818090678, 0.373848443399241, 10.9400000000000 ) );
#3940 = CARTESIAN_POINT( '', ( 2.45108290726918, 0.359557194193148, 10.9400000000000 ) );
#3941 = CARTESIAN_POINT( '', ( 2.47679242527977, 0.339893459476411, 10.9400000000000 ) );
#3942 = CARTESIAN_POINT( '', ( 2.49346123556916, 0.316433652402456, 10.9400000000000 ) );
#3943 = CARTESIAN_POINT( '', ( 2.51042153908957, 0.292563595595961, 10.9400000000000 ) );
#3944 = CARTESIAN_POINT( '', ( 2.52247731273958, 0.264575131502135, 10.9400000000000 ) );
#3945 = CARTESIAN_POINT( '', ( 2.52865094618010, 0.231854874267408, 10.9400000000000 ) );
#3946 = CARTESIAN_POINT( '', ( 2.53262380345086, 0.210798730732376, 10.9400000000000 ) );
#3947 = CARTESIAN_POINT( '', ( 2.53544194296466, 0.173822719926572, 10.9400000000000 ) );
#3948 = CARTESIAN_POINT( '', ( 2.53544194296466, 0.121346835682200, 10.9400000000000 ) );
#3949 = CARTESIAN_POINT( '', ( 2.53544194296466, -0.0165309778226239, 10.9400000000000 ) );
#3950 = CARTESIAN_POINT( '', ( 2.53544194296466, -0.154408791327448, 10.9400000000000 ) );
#3951 = CARTESIAN_POINT( '', ( 2.53544194296466, -0.292286604832270, 10.9400000000000 ) );
#3952 = DIRECTION( '', ( -2.19030741916263E-17, -2.19030741916264E-17, 1.00000000000000 ) );
#3953 = SURFACE_STYLE_FILL_AREA( #4851 );
#3954 = ORIENTED_EDGE( '', *, *, #4789, .T. );
#3955 = ORIENTED_EDGE( '', *, *, #4633, .F. );
#3956 = ORIENTED_EDGE( '', *, *, #4620, .F. );
#3957 = ORIENTED_EDGE( '', *, *, #4735, .T. );
#3958 = CARTESIAN_POINT( '', ( 1.29262216089776, 1.81505126758003, 10.9400000000000 ) );
#3959 = DIRECTION( '', ( 0.863126069470665, -0.504988503037565, 7.84431368839266E-18 ) );
#3960 = DIRECTION( '', ( 0.504988503037565, 0.863126069470665, 0.000000000000000 ) );
#3961 = SURFACE_STYLE_FILL_AREA( #4852 );
#3962 = ORIENTED_EDGE( '', *, *, #4788, .F. );
#3963 = ORIENTED_EDGE( '', *, *, #4853, .F. );
#3964 = ORIENTED_EDGE( '', *, *, #4430, .T. );
#3965 = ORIENTED_EDGE( '', *, *, #4592, .T. );
#3966 = CARTESIAN_POINT( '', ( -0.781651304623766, -0.292286604832271, 10.9400000000000 ) );
#3967 = DIRECTION( '', ( 0.947043000102940, 0.321106767222403, 2.77763784398207E-17 ) );
#3968 = DIRECTION( '', ( -0.321106767222403, 0.947043000102940, 0.000000000000000 ) );
#3969 = SURFACE_STYLE_FILL_AREA( #4854 );
#3970 = ORIENTED_EDGE( '', *, *, #4795, .F. );
#3971 = ORIENTED_EDGE( '', *, *, #4740, .F. );
#3972 = ORIENTED_EDGE( '', *, *, #4395, .T. );
#3973 = ORIENTED_EDGE( '', *, *, #4855, .T. );
#3974 = CARTESIAN_POINT( '', ( 1.58593711981353, 0.380639440183807, 10.9400000000000 ) );
#3975 = DIRECTION( '', ( -0.696735230307812, 0.717328389824299, 4.51053500729634E-19 ) );
#3976 = DIRECTION( '', ( -0.717328389824299, -0.696735230307812, 0.000000000000000 ) );
#3977 = SURFACE_STYLE_FILL_AREA( #4856 );
#3978 = ORIENTED_EDGE( '', *, *, #4792, .F. );
#3979 = ORIENTED_EDGE( '', *, *, #4353, .F. );
#3980 = ORIENTED_EDGE( '', *, *, #4691, .T. );
#3981 = ORIENTED_EDGE( '', *, *, #4231, .T. );
#3982 = CARTESIAN_POINT( '', ( -0.00439085446299337, 0.173205356582521, 10.9400000000000 ) );
#3983 = DIRECTION( '', ( 0.135354807675370, 0.990797192183730, 2.46661908039623E-17 ) );
#3984 = DIRECTION( '', ( -0.990797192183730, 0.135354807675370, 0.000000000000000 ) );
#3985 = SURFACE_STYLE_FILL_AREA( #4857 );
#3986 = ORIENTED_EDGE( '', *, *, #4446, .F. );
#3987 = ORIENTED_EDGE( '', *, *, #4489, .T. );
#3988 = CARTESIAN_POINT( '', ( -1.40027703604277E-17, 0.000000000000000, 0.140000000000000 ) );
#3989 = DIRECTION( '', ( 1.00019788288769E-16, -0.000000000000000, -1.00000000000000 ) );
#3990 = DIRECTION( '', ( 1.00000000000000, 0.000000000000000, 1.00019788288769E-16 ) );
#3991 = SURFACE_STYLE_FILL_AREA( #4858 );
#3992 = ORIENTED_EDGE( '', *, *, #4793, .F. );
#3993 = ORIENTED_EDGE( '', *, *, #4303, .F. );
#3994 = ORIENTED_EDGE( '', *, *, #4399, .T. );
#3995 = ORIENTED_EDGE( '', *, *, #4552, .T. );
#3996 = CARTESIAN_POINT( '', ( 1.05315255389713, 0.634993137933003, 10.9400000000000 ) );
#3997 = DIRECTION( '', ( 3.81778618255196E-15, -1.00000000000000, -2.19030741916262E-17 ) );
#3998 = DIRECTION( '', ( 1.00000000000000, 3.81778618255196E-15, 0.000000000000000 ) );
#3999 = SURFACE_STYLE_FILL_AREA( #4859 );
#4000 = ORIENTED_EDGE( '', *, *, #4380, .T. );
#4001 = ORIENTED_EDGE( '', *, *, #4767, .F. );
#4002 = ORIENTED_EDGE( '', *, *, #4720, .F. );
#4003 = ORIENTED_EDGE( '', *, *, #4727, .T. );
#4004 = CARTESIAN_POINT( '', ( 1.33272752166440E-15, 1.65000000000000, 0.300000000000000 ) );
#4005 = DIRECTION( '', ( -0.000000000000000, -0.000000000000000, 1.00000000000000 ) );
#4006 = DIRECTION( '', ( -1.00000000000000, 0.000000000000000, 0.000000000000000 ) );
#4007 = SURFACE_STYLE_FILL_AREA( #4860 );
#4008 = ORIENTED_EDGE( '', *, *, #4290, .T. );
#4009 = ORIENTED_EDGE( '', *, *, #4384, .T. );
#4010 = CARTESIAN_POINT( '', ( -2.65000000000000, -2.65000000000000, -0.0500000000000000 ) );
#4011 = DIRECTION( '', ( -0.000000000000000, -0.000000000000000, -1.00000000000000 ) );
#4012 = DIRECTION( '', ( 1.00000000000000, 0.000000000000000, 0.000000000000000 ) );
#4013 = SURFACE_STYLE_FILL_AREA( #4861 );
#4014 = ORIENTED_EDGE( '', *, *, #4780, .F. );
#4015 = ORIENTED_EDGE( '', *, *, #4761, .F. );
#4016 = ORIENTED_EDGE( '', *, *, #4359, .T. );
#4017 = ORIENTED_EDGE( '', *, *, #4850, .T. );
#4018 = CARTESIAN_POINT( '', ( 2.09094033524761, 0.380639440183806, 10.9400000000000 ) );
#4019 = DIRECTION( '', ( -1.00000000000000, -4.53208166186819E-15, -2.19030741916264E-17 ) );
#4020 = DIRECTION( '', ( 4.53208166186819E-15, -1.00000000000000, 0.000000000000000 ) );
#4021 = SURFACE_STYLE_FILL_AREA( #4862 );
#4022 = ORIENTED_EDGE( '', *, *, #4805, .T. );
#4023 = ORIENTED_EDGE( '', *, *, #4581, .T. );
#4024 = CARTESIAN_POINT( '', ( -4.33680868994202E-16, 0.000000000000000, 9.90000000000000 ) );
#4025 = DIRECTION( '', ( 4.38061483832527E-17, -0.000000000000000, -1.00000000000000 ) );
#4026 = DIRECTION( '', ( 1.00000000000000, 0.000000000000000, 4.38061483832527E-17 ) );
#4027 = SURFACE_STYLE_FILL_AREA( #4863 );
#4028 = ORIENTED_EDGE( '', *, *, #4787, .F. );
#4029 = ORIENTED_EDGE( '', *, *, #4532, .F. );
#4030 = ORIENTED_EDGE( '', *, *, #4431, .T. );
#4031 = ORIENTED_EDGE( '', *, *, #4853, .T. );
#4032 = CARTESIAN_POINT( '', ( -0.672995356070711, -0.292286604832271, 10.9400000000000 ) );
#4033 = DIRECTION( '', ( 1.99566095906126E-15, 1.00000000000000, 2.19030741916264E-17 ) );
#4034 = DIRECTION( '', ( -1.00000000000000, 1.99566095906126E-15, 0.000000000000000 ) );
#4035 = SURFACE_STYLE_FILL_AREA( #4864 );
#4036 = ORIENTED_EDGE( '', *, *, #4543, .F. );
#4037 = ORIENTED_EDGE( '', *, *, #4512, .F. );
#4038 = ORIENTED_EDGE( '', *, *, #4844, .T. );
#4039 = ORIENTED_EDGE( '', *, *, #4847, .T. );
#4040 = CARTESIAN_POINT( '', ( -4.15000000000000, -1.55000000000000, 1.00000000000000 ) );
#4041 = DIRECTION( '', ( 4.68822706560230E-16, 1.00000000000000, 0.000000000000000 ) );
#4042 = DIRECTION( '', ( -1.00000000000000, 4.68822706560230E-16, 0.000000000000000 ) );
#4043 = SURFACE_STYLE_FILL_AREA( #4865 );
#4044 = ORIENTED_EDGE( '', *, *, #4790, .T. );
#4045 = ORIENTED_EDGE( '', *, *, #4223, .F. );
#4046 = ORIENTED_EDGE( '', *, *, #4616, .F. );
#4047 = ORIENTED_EDGE( '', *, *, #4776, .T. );
#4048 = CARTESIAN_POINT( '', ( -0.0190996989261985, 1.27340653755458, 10.9400000000000 ) );
#4049 = DIRECTION( '', ( 4.44089209850063E-16, -1.00000000000000, -2.19030741916264E-17 ) );
#4050 = DIRECTION( '', ( 1.00000000000000, 4.44089209850063E-16, 0.000000000000000 ) );
#4051 = SURFACE_STYLE_FILL_AREA( #4866 );
#4052 = ORIENTED_EDGE( '', *, *, #4652, .F. );
#4053 = ORIENTED_EDGE( '', *, *, #4834, .F. );
#4054 = ORIENTED_EDGE( '', *, *, #4701, .T. );
#4055 = ORIENTED_EDGE( '', *, *, #4655, .T. );
#4056 = CARTESIAN_POINT( '', ( 2.25000000000000, 0.450000000000000, -0.450000000000000 ) );
#4057 = DIRECTION( '', ( -1.92747052886313E-16, 0.000000000000000, -1.00000000000000 ) );
#4058 = DIRECTION( '', ( -1.00000000000000, 0.000000000000000, 1.92747052886313E-16 ) );
#4059 = SURFACE_STYLE_FILL_AREA( #4867 );
#4060 = ORIENTED_EDGE( '', *, *, #4784, .F. );
#4061 = ORIENTED_EDGE( '', *, *, #4461, .F. );
#4062 = ORIENTED_EDGE( '', *, *, #4182, .T. );
#4063 = ORIENTED_EDGE( '', *, *, #4676, .T. );
#4064 = CARTESIAN_POINT( '', ( 0.620998213061122, 0.380639440183807, 10.9400000000000 ) );
#4065 = DIRECTION( '', ( -2.11588149876373E-15, -1.00000000000000, -2.19030741916264E-17 ) );
#4066 = DIRECTION( '', ( 1.00000000000000, -2.11588149876373E-15, 0.000000000000000 ) );
#4067 = SURFACE_STYLE_FILL_AREA( #4868 );
#4068 = ORIENTED_EDGE( '', *, *, #4794, .F. );
#4069 = ORIENTED_EDGE( '', *, *, #4553, .F. );
#4070 = ORIENTED_EDGE( '', *, *, #4397, .T. );
#4071 = ORIENTED_EDGE( '', *, *, #4739, .T. );
#4072 = CARTESIAN_POINT( '', ( 1.16674740920260, 0.107764842113067, 10.9400000000000 ) );
#4073 = DIRECTION( '', ( 0.709510522722877, -0.704694840441953, 1.05478246282358E-19 ) );
#4074 = DIRECTION( '', ( 0.704694840441953, 0.709510522722877, 0.000000000000000 ) );
#4075 = SURFACE_STYLE_FILL_AREA( #4869 );
#4076 = ORIENTED_EDGE( '', *, *, #4769, .T. );
#4077 = ORIENTED_EDGE( '', *, *, #4870, .T. );
#4078 = ORIENTED_EDGE( '', *, *, #4478, .F. );
#4079 = ORIENTED_EDGE( '', *, *, #4823, .F. );
#4080 = ORIENTED_EDGE( '', *, *, #4207, .T. );
#4081 = ORIENTED_EDGE( '', *, *, #4749, .T. );
#4082 = ORIENTED_EDGE( '', *, *, #4838, .F. );
#4083 = ORIENTED_EDGE( '', *, *, #4661, .F. );
#4084 = ORIENTED_EDGE( '', *, *, #4212, .T. );
#4085 = ORIENTED_EDGE( '', *, *, #4803, .F. );
#4086 = ORIENTED_EDGE( '', *, *, #4706, .F. );
#4087 = ORIENTED_EDGE( '', *, *, #4871, .T. );
#4088 = ORIENTED_EDGE( '', *, *, #4450, .T. );
#4089 = ORIENTED_EDGE( '', *, *, #4872, .F. );
#4090 = ORIENTED_EDGE( '', *, *, #4812, .F. );
#4091 = ORIENTED_EDGE( '', *, *, #4600, .T. );
#4092 = ORIENTED_EDGE( '', *, *, #4826, .T. );
#4093 = CARTESIAN_POINT( '', ( -2.05000000000000, -1.25526296912605E-16, 0.640000000000000 ) );
#4094 = DIRECTION( '', ( -1.00389090044955E-16, -0.000000000000000, 1.00000000000000 ) );
#4095 = DIRECTION( '', ( -1.00000000000000, 0.000000000000000, -1.00389090044955E-16 ) );
#4096 = SURFACE_STYLE_FILL_AREA( #4873 );
#4097 = ORIENTED_EDGE( '', *, *, #4705, .F. );
#4098 = ORIENTED_EDGE( '', *, *, #4414, .T. );
#4099 = ORIENTED_EDGE( '', *, *, #4448, .T. );
#4100 = ORIENTED_EDGE( '', *, *, #4871, .F. );
#4101 = CARTESIAN_POINT( '', ( -1.40027703604277E-17, 0.000000000000000, 0.140000000000000 ) );
#4102 = DIRECTION( '', ( 1.00019788288769E-16, -0.000000000000000, -1.00000000000000 ) );
#4103 = DIRECTION( '', ( 1.00000000000000, 0.000000000000000, 1.00019788288769E-16 ) );
#4104 = SURFACE_STYLE_FILL_AREA( #4874 );
#4105 = ORIENTED_EDGE( '', *, *, #4796, .F. );
#4106 = ORIENTED_EDGE( '', *, *, #4855, .F. );
#4107 = ORIENTED_EDGE( '', *, *, #4394, .T. );
#4108 = ORIENTED_EDGE( '', *, *, #4730, .T. );
#4109 = CARTESIAN_POINT( '', ( 1.32787924200003, 0.129989922498919, 10.9400000000000 ) );
#4110 = DIRECTION( '', ( -0.829803825565357, -0.558055204327581, -3.03983792992635E-17 ) );
#4111 = DIRECTION( '', ( 0.558055204327581, -0.829803825565358, 0.000000000000000 ) );
#4112 = SURFACE_STYLE_FILL_AREA( #4875 );
#4113 = ORIENTED_EDGE( '', *, *, #4825, .T. );
#4114 = ORIENTED_EDGE( '', *, *, #4422, .T. );
#4115 = ORIENTED_EDGE( '', *, *, #4476, .F. );
#4116 = ORIENTED_EDGE( '', *, *, #4870, .F. );
#4117 = CARTESIAN_POINT( '', ( -1.40027703604277E-17, 0.000000000000000, 0.140000000000000 ) );
#4118 = DIRECTION( '', ( 1.00019788288769E-16, -0.000000000000000, -1.00000000000000 ) );
#4119 = DIRECTION( '', ( 1.00000000000000, 0.000000000000000, 1.00019788288769E-16 ) );
#4120 = SURFACE_STYLE_FILL_AREA( #4876 );
#4121 = ORIENTED_EDGE( '', *, *, #4800, .F. );
#4122 = ORIENTED_EDGE( '', *, *, #4627, .F. );
#4123 = ORIENTED_EDGE( '', *, *, #4318, .T. );
#4124 = ORIENTED_EDGE( '', *, *, #4877, .T. );
#4125 = CARTESIAN_POINT( '', ( 3.14663165357560, -0.205238373321016, 10.9400000000000 ) );
#4126 = CARTESIAN_POINT( '', ( 3.09600785936338, -0.263887891005903, 10.9400000000000 ) );
#4127 = CARTESIAN_POINT( '', ( 3.03365416161418, -0.292286604832271, 10.9400000000000 ) );
#4128 = CARTESIAN_POINT( '', ( 2.86634869537624, -0.292286604832270, 10.9400000000000 ) );
#4129 = CARTESIAN_POINT( '', ( 2.79473454746627, -0.259566347597544, 10.9400000000000 ) );
#4130 = CARTESIAN_POINT( '', ( 2.74349338990999, -0.192273743095936, 10.9400000000000 ) );
#4131 = CARTESIAN_POINT( '', ( 2.69277638271338, -0.125669480632917, 10.9400000000000 ) );
#4132 = CARTESIAN_POINT( '', ( 2.66755769859167, -0.0459586305557433, 10.9400000000000 ) );
#4133 = CARTESIAN_POINT( '', ( 2.66755769859167, 0.111469022177376, 10.9400000000000 ) );
#4134 = CARTESIAN_POINT( '', ( 2.67867023878460, 0.170735903206315, 10.9400000000000 ) );
#4135 = CARTESIAN_POINT( '', ( 2.72558985293250, 0.279391851759369, 10.9400000000000 ) );
#4136 = CARTESIAN_POINT( '', ( 2.75954483685534, 0.321372559154867, 10.9400000000000 ) );
#4137 = CARTESIAN_POINT( '', ( 2.84844515839874, 0.380639440183806, 10.9400000000000 ) );
#4138 = CARTESIAN_POINT( '', ( 2.90030367929906, 0.395456160441041, 10.9400000000000 ) );
#4139 = CARTESIAN_POINT( '', ( 3.03982779505469, 0.395456160441041, 10.9400000000000 ) );
#4140 = CARTESIAN_POINT( '', ( 3.10526830952415, 0.362735903206315, 10.9400000000000 ) );
#4141 = CARTESIAN_POINT( '', ( 3.15712683042447, 0.297912752080913, 10.9400000000000 ) );
#4142 = DIRECTION( '', ( -2.19030741916263E-17, -2.19030741916264E-17, 1.00000000000000 ) );
#4143 = SURFACE_STYLE_FILL_AREA( #4878 );
#4144 = ORIENTED_EDGE( '', *, *, #4801, .F. );
#4145 = ORIENTED_EDGE( '', *, *, #4877, .F. );
#4146 = ORIENTED_EDGE( '', *, *, #4317, .T. );
#4147 = ORIENTED_EDGE( '', *, *, #4673, .T. );
#4148 = CARTESIAN_POINT( '', ( 3.15712683042447, 0.297912752080913, 10.9400000000000 ) );
#4149 = DIRECTION( '', ( 1.00000000000000, 5.24233326559379E-15, 2.19030741916264E-17 ) );
#4150 = DIRECTION( '', ( -5.24233326559379E-15, 1.00000000000000, 0.000000000000000 ) );
#4151 = SURFACE_STYLE_FILL_AREA( #4879 );
#4152 = ORIENTED_EDGE( '', *, *, #4799, .F. );
#4153 = ORIENTED_EDGE( '', *, *, #4831, .F. );
#4154 = ORIENTED_EDGE( '', *, *, #4817, .T. );
#4155 = ORIENTED_EDGE( '', *, *, #4685, .T. );
#4156 = CARTESIAN_POINT( '', ( 1.70323615518331, -0.292286604832270, 10.9400000000000 ) );
#4157 = DIRECTION( '', ( 1.00000000000000, 6.44470328063823E-16, 2.19030741916264E-17 ) );
#4158 = DIRECTION( '', ( -6.44470328063823E-16, 1.00000000000000, 0.000000000000000 ) );
#4159 = SURFACE_STYLE_FILL_AREA( #4880 );
#4160 = ORIENTED_EDGE( '', *, *, #4797, .F. );
#4161 = ORIENTED_EDGE( '', *, *, #4698, .F. );
#4162 = ORIENTED_EDGE( '', *, *, #4391, .T. );
#4163 = ORIENTED_EDGE( '', *, *, #4306, .T. );
#4164 = CARTESIAN_POINT( '', ( 1.24576991724119, 0.0503500511162827, 10.9400000000000 ) );
#4165 = DIRECTION( '', ( -0.695795215827013, 0.718240222789173, 4.91614652723781E-19 ) );
#4166 = DIRECTION( '', ( -0.718240222789173, -0.695795215827013, 0.000000000000000 ) );
#4167 = SURFACE_STYLE_FILL_AREA( #4881 );
#4168 = ORIENTED_EDGE( '', *, *, #4412, .F. );
#4169 = ORIENTED_EDGE( '', *, *, #4811, .T. );
#4170 = ORIENTED_EDGE( '', *, *, #4872, .T. );
#4171 = ORIENTED_EDGE( '', *, *, #4449, .F. );
#4172 = CARTESIAN_POINT( '', ( -1.40027703604277E-17, 0.000000000000000, 0.140000000000000 ) );
#4173 = DIRECTION( '', ( 1.00019788288769E-16, -0.000000000000000, -1.00000000000000 ) );
#4174 = DIRECTION( '', ( 1.00000000000000, 0.000000000000000, 1.00019788288769E-16 ) );
#4176 = FILL_AREA_STYLE( '', ( #4882 ) );
#4177 = EDGE_CURVE( '', #4883, #4884, #4885, .T. );
#4178 = EDGE_CURVE( '', #4886, #4883, #4887, .T. );
#4179 = EDGE_CURVE( '', #4888, #4886, #4889, .T. );
#4180 = EDGE_CURVE( '', #4890, #4888, #4891, .T. );
#4181 = EDGE_CURVE( '', #4892, #4890, #4893, .T. );
#4182 = EDGE_CURVE( '', #4894, #4892, #4895, .T. );
#4183 = EDGE_CURVE( '', #4884, #4894, #4896, .T. );
#4184 = FILL_AREA_STYLE( '', ( #4897 ) );
#4185 = EDGE_CURVE( '', #4898, #4899, #4900, .T. );
#4186 = EDGE_CURVE( '', #4901, #4899, #4902, .T. );
#4187 = EDGE_CURVE( '', #4903, #4901, #4904, .T. );
#4188 = EDGE_CURVE( '', #4903, #4898, #4905, .T. );
#4189 = FILL_AREA_STYLE( '', ( #4906 ) );
#4190 = EDGE_CURVE( '', #4907, #4908, #4909, .T. );
#4191 = EDGE_CURVE( '', #4910, #4907, #4911, .T. );
#4192 = EDGE_CURVE( '', #4910, #4912, #4913, .T. );
#4193 = EDGE_CURVE( '', #4912, #4908, #4914, .T. );
#4194 = FILL_AREA_STYLE( '', ( #4915 ) );
#4195 = EDGE_CURVE( '', #4916, #4917, #4918, .T. );
#4196 = EDGE_CURVE( '', #4917, #4919, #4920, .T. );
#4197 = EDGE_CURVE( '', #4919, #4921, #4922, .T. );
#4198 = EDGE_CURVE( '', #4923, #4921, #4924, .F. );
#4199 = EDGE_CURVE( '', #4925, #4923, #4926, .T. );
#4200 = EDGE_CURVE( '', #4927, #4925, #4928, .T. );
#4201 = EDGE_CURVE( '', #4929, #4927, #4930, .T. );
#4202 = EDGE_CURVE( '', #4929, #4916, #4931, .F. );
#4203 = FILL_AREA_STYLE( '', ( #4932 ) );
#4204 = EDGE_CURVE( '', #4933, #4934, #4935, .T. );
#4205 = EDGE_CURVE( '', #4934, #4936, #4937, .T. );
#4206 = EDGE_CURVE( '', #4938, #4936, #4939, .T. );
#4207 = EDGE_CURVE( '', #4933, #4938, #4940, .F. );
#4208 = FILL_AREA_STYLE( '', ( #4941 ) );
#4209 = EDGE_CURVE( '', #4942, #4943, #4944, .T. );
#4210 = EDGE_CURVE( '', #4943, #4945, #4946, .T. );
#4211 = EDGE_CURVE( '', #4945, #4947, #4948, .T. );
#4212 = EDGE_CURVE( '', #4942, #4947, #4949, .F. );
#4213 = EDGE_CURVE( '', #4950, #4950, #4951, .F. );
#4214 = FILL_AREA_STYLE( '', ( #4952 ) );
#4215 = EDGE_CURVE( '', #4953, #4954, #4955, .T. );
#4216 = EDGE_CURVE( '', #4956, #4953, #4957, .T. );
#4217 = EDGE_CURVE( '', #4956, #4958, #4959, .T. );
#4218 = EDGE_CURVE( '', #4958, #4954, #4960, .T. );
#4219 = FILL_AREA_STYLE( '', ( #4961 ) );
#4220 = EDGE_CURVE( '', #4962, #4963, #4964, .T. );
#4221 = EDGE_CURVE( '', #4965, #4963, #4966, .T. );
#4222 = EDGE_CURVE( '', #4967, #4965, #4968, .T. );
#4223 = EDGE_CURVE( '', #4967, #4962, #4969, .T. );
#4224 = FILL_AREA_STYLE( '', ( #4970 ) );
#4225 = EDGE_CURVE( '', #4971, #4972, #4973, .T. );
#4226 = EDGE_CURVE( '', #4974, #4971, #4975, .T. );
#4227 = EDGE_CURVE( '', #4974, #4976, #4977, .T. );
#4228 = EDGE_CURVE( '', #4976, #4972, #4978, .T. );
#4229 = FILL_AREA_STYLE( '', ( #4979 ) );
#4230 = EDGE_CURVE( '', #4980, #4981, #4982, .T. );
#4231 = EDGE_CURVE( '', #4983, #4980, #4984, .T. );
#4232 = EDGE_CURVE( '', #4983, #4985, #4986, .T. );
#4233 = EDGE_CURVE( '', #4985, #4981, #4987, .T. );
#4234 = FILL_AREA_STYLE( '', ( #4988 ) );
#4235 = EDGE_CURVE( '', #4989, #4907, #4990, .T. );
#4236 = EDGE_CURVE( '', #4991, #4989, #4992, .T. );
#4237 = EDGE_CURVE( '', #4991, #4910, #4993, .T. );
#4238 = FILL_AREA_STYLE( '', ( #4994 ) );
#4239 = EDGE_CURVE( '', #4995, #4996, #4997, .T. );
#4240 = EDGE_CURVE( '', #4998, #4995, #4999, .T. );
#4241 = EDGE_CURVE( '', #4998, #5000, #5001, .T. );
#4242 = EDGE_CURVE( '', #5000, #4996, #5002, .T. );
#4243 = FILL_AREA_STYLE( '', ( #5003 ) );
#4244 = EDGE_CURVE( '', #5004, #5004, #5005, .T. );
#4245 = EDGE_CURVE( '', #5006, #5006, #5007, .T. );
#4246 = FILL_AREA_STYLE( '', ( #5008 ) );
#4247 = EDGE_CURVE( '', #5009, #5010, #5011, .T. );
#4248 = EDGE_CURVE( '', #5012, #5009, #5013, .T. );
#4249 = EDGE_CURVE( '', #5012, #5014, #5015, .T. );
#4250 = EDGE_CURVE( '', #5014, #5010, #5016, .T. );
#4251 = FILL_AREA_STYLE( '', ( #5017 ) );
#4252 = EDGE_CURVE( '', #4972, #5018, #5019, .T. );
#4253 = EDGE_CURVE( '', #4976, #5020, #5021, .T. );
#4254 = EDGE_CURVE( '', #5020, #5018, #5022, .T. );
#4255 = FILL_AREA_STYLE( '', ( #5023 ) );
#4256 = EDGE_CURVE( '', #5018, #5024, #5025, .T. );
#4257 = EDGE_CURVE( '', #5020, #5026, #5027, .T. );
#4258 = EDGE_CURVE( '', #5026, #5024, #5028, .T. );
#4259 = FILL_AREA_STYLE( '', ( #5029 ) );
#4260 = EDGE_CURVE( '', #5030, #5031, #5032, .T. );
#4261 = EDGE_CURVE( '', #5033, #5030, #5034, .T. );
#4262 = EDGE_CURVE( '', #5033, #5035, #5036, .T. );
#4263 = EDGE_CURVE( '', #5035, #5031, #5037, .T. );
#4264 = FILL_AREA_STYLE( '', ( #5038 ) );
#4265 = EDGE_CURVE( '', #5039, #5039, #5040, .T. );
#4266 = EDGE_CURVE( '', #5041, #5041, #5042, .T. );
#4267 = FILL_AREA_STYLE( '', ( #5043 ) );
#4268 = EDGE_CURVE( '', #5044, #5044, #5045, .T. );
#4269 = FILL_AREA_STYLE( '', ( #5046 ) );
#4270 = EDGE_CURVE( '', #5047, #5048, #5049, .T. );
#4271 = EDGE_CURVE( '', #5050, #5047, #5051, .F. );
#4272 = EDGE_CURVE( '', #5052, #5050, #5053, .T. );
#4273 = EDGE_CURVE( '', #5048, #5052, #5054, .T. );
#4274 = FILL_AREA_STYLE( '', ( #5055 ) );
#4275 = EDGE_CURVE( '', #5056, #5056, #5057, .T. );
#4276 = EDGE_CURVE( '', #5058, #5058, #5059, .T. );
#4277 = FILL_AREA_STYLE( '', ( #5060 ) );
#4278 = EDGE_CURVE( '', #5061, #5061, #5062, .T. );
#4279 = EDGE_CURVE( '', #5063, #5063, #5064, .F. );
#4280 = FILL_AREA_STYLE( '', ( #5065 ) );
#4281 = EDGE_CURVE( '', #5066, #5067, #5068, .T. );
#4282 = EDGE_CURVE( '', #5069, #5066, #5070, .T. );
#4283 = EDGE_CURVE( '', #5069, #5071, #5072, .T. );
#4284 = EDGE_CURVE( '', #5071, #5067, #5073, .T. );
#4285 = FILL_AREA_STYLE( '', ( #5074 ) );
#4286 = EDGE_CURVE( '', #4921, #5075, #5076, .F. );
#4287 = EDGE_CURVE( '', #4919, #5077, #5078, .F. );
#4288 = EDGE_CURVE( '', #5077, #5075, #5079, .T. );
#4289 = FILL_AREA_STYLE( '', ( #5080 ) );
#4290 = EDGE_CURVE( '', #5081, #5081, #5082, .T. );
#4291 = FILL_AREA_STYLE( '', ( #5083 ) );
#4292 = EDGE_CURVE( '', #5084, #5085, #5086, .T. );
#4293 = EDGE_CURVE( '', #5087, #5084, #5088, .T. );
#4294 = EDGE_CURVE( '', #5087, #5089, #5090, .T. );
#4295 = EDGE_CURVE( '', #5089, #5085, #5091, .T. );
#4296 = FILL_AREA_STYLE( '', ( #5092 ) );
#4297 = EDGE_CURVE( '', #4958, #5093, #5094, .T. );
#4298 = EDGE_CURVE( '', #5095, #4956, #5096, .T. );
#4299 = EDGE_CURVE( '', #5093, #5095, #5097, .T. );
#4300 = FILL_AREA_STYLE( '', ( #5098 ) );
#4301 = EDGE_CURVE( '', #5010, #5099, #5100, .T. );
#4302 = EDGE_CURVE( '', #5014, #5101, #5102, .T. );
#4303 = EDGE_CURVE( '', #5101, #5099, #5103, .T. );
#4304 = FILL_AREA_STYLE( '', ( #5104 ) );
#4305 = EDGE_CURVE( '', #5105, #5009, #5106, .T. );
#4306 = EDGE_CURVE( '', #5107, #5105, #5108, .T. );
#4307 = EDGE_CURVE( '', #5107, #5012, #5109, .T. );
#4308 = FILL_AREA_STYLE( '', ( #5110 ) );
#4309 = EDGE_CURVE( '', #5111, #5112, #5113, .T. );
#4310 = EDGE_CURVE( '', #5114, #5111, #5115, .T. );
#4311 = EDGE_CURVE( '', #5114, #5116, #5117, .T. );
#4312 = EDGE_CURVE( '', #5116, #5112, #5118, .T. );
#4313 = FILL_AREA_STYLE( '', ( #5119 ) );
#4314 = EDGE_CURVE( '', #5120, #5120, #5121, .T. );
#4315 = EDGE_CURVE( '', #5122, #5123, #5124, .T. );
#4316 = EDGE_CURVE( '', #5125, #5122, #5126, .T. );
#4317 = EDGE_CURVE( '', #5127, #5125, #5128, .T. );
#4318 = EDGE_CURVE( '', #5129, #5127, #5130, .T. );
#4319 = EDGE_CURVE( '', #5131, #5129, #5132, .T. );
#4320 = EDGE_CURVE( '', #5123, #5131, #5133, .T. );
#4321 = FILL_AREA_STYLE( '', ( #5134 ) );
#4322 = EDGE_CURVE( '', #5135, #5136, #5137, .T. );
#4323 = EDGE_CURVE( '', #4890, #5135, #5138, .T. );
#4324 = EDGE_CURVE( '', #4888, #5136, #5139, .T. );
#4325 = FILL_AREA_STYLE( '', ( #5140 ) );
#4326 = EDGE_CURVE( '', #5141, #5142, #5143, .T. );
#4327 = EDGE_CURVE( '', #5144, #5141, #5145, .T. );
#4328 = EDGE_CURVE( '', #5144, #5146, #5147, .T. );
#4329 = EDGE_CURVE( '', #5146, #5142, #5148, .T. );
#4330 = FILL_AREA_STYLE( '', ( #5149 ) );
#4331 = EDGE_CURVE( '', #5150, #5151, #5152, .T. );
#4332 = EDGE_CURVE( '', #5093, #5150, #5153, .T. );
#4333 = EDGE_CURVE( '', #5095, #5154, #5155, .T. );
#4334 = EDGE_CURVE( '', #5156, #5154, #5157, .T. );
#4335 = EDGE_CURVE( '', #5158, #5156, #5159, .T. );
#4336 = EDGE_CURVE( '', #5158, #5144, #5160, .T. );
#4337 = EDGE_CURVE( '', #5141, #5161, #5162, .T. );
#4338 = EDGE_CURVE( '', #5163, #5161, #5164, .T. );
#4339 = EDGE_CURVE( '', #5163, #5165, #5166, .T. );
#4340 = EDGE_CURVE( '', #5165, #5151, #5167, .T. );
#4341 = FILL_AREA_STYLE( '', ( #5168 ) );
#4342 = EDGE_CURVE( '', #5136, #5169, #5170, .T. );
#4343 = EDGE_CURVE( '', #4886, #5169, #5171, .T. );
#4344 = FILL_AREA_STYLE( '', ( #5172 ) );
#4345 = EDGE_CURVE( '', #5173, #5174, #5175, .T. );
#4346 = EDGE_CURVE( '', #5176, #5173, #5177, .T. );
#4347 = EDGE_CURVE( '', #5176, #5178, #5179, .T. );
#4348 = EDGE_CURVE( '', #5178, #5174, #5180, .T. );
#4349 = FILL_AREA_STYLE( '', ( #5181 ) );
#4350 = EDGE_CURVE( '', #5182, #5183, #5184, .T. );
#4351 = EDGE_CURVE( '', #5185, #5182, #5186, .T. );
#4352 = EDGE_CURVE( '', #5185, #5187, #5188, .T. );
#4353 = EDGE_CURVE( '', #5187, #5183, #5189, .T. );
#4354 = FILL_AREA_STYLE( '', ( #5190 ) );
#4355 = EDGE_CURVE( '', #5191, #5192, #5193, .T. );
#4356 = EDGE_CURVE( '', #5194, #5191, #5195, .T. );
#4357 = EDGE_CURVE( '', #5196, #5194, #5197, .T. );
#4358 = EDGE_CURVE( '', #5198, #5196, #5199, .T. );
#4359 = EDGE_CURVE( '', #5200, #5198, #5201, .T. );
#4360 = EDGE_CURVE( '', #5202, #5200, #5203, .T. );
#4361 = EDGE_CURVE( '', #5192, #5202, #5204, .T. );
#4362 = FILL_AREA_STYLE( '', ( #5205 ) );
#4363 = EDGE_CURVE( '', #4917, #5206, #5207, .F. );
#4364 = EDGE_CURVE( '', #5206, #5077, #5208, .T. );
#4365 = FILL_AREA_STYLE( '', ( #5209 ) );
#4366 = EDGE_CURVE( '', #5210, #4989, #5211, .T. );
#4367 = EDGE_CURVE( '', #5212, #5210, #5213, .T. );
#4368 = EDGE_CURVE( '', #5212, #4991, #5214, .T. );
#4369 = FILL_AREA_STYLE( '', ( #5215 ) );
#4370 = EDGE_CURVE( '', #5216, #5217, #5218, .T. );
#4371 = EDGE_CURVE( '', #5217, #5219, #5220, .T. );
#4372 = EDGE_CURVE( '', #5219, #5221, #5222, .T. );
#4373 = EDGE_CURVE( '', #5221, #5156, #5223, .T. );
#4374 = EDGE_CURVE( '', #5154, #4953, #5224, .T. );
#4375 = EDGE_CURVE( '', #4954, #5150, #5225, .T. );
#4376 = EDGE_CURVE( '', #5151, #5226, #5227, .T. );
#4377 = EDGE_CURVE( '', #5226, #5052, #5228, .T. );
#4378 = EDGE_CURVE( '', #5050, #5229, #5230, .T. );
#4379 = EDGE_CURVE( '', #5231, #5229, #5232, .T. );
#4380 = EDGE_CURVE( '', #5233, #5231, #5234, .T. );
#4381 = EDGE_CURVE( '', #5216, #5233, #5235, .T. );
#4382 = EDGE_CURVE( '', #5236, #5236, #5237, .T. );
#4383 = EDGE_CURVE( '', #5238, #5238, #5239, .T. );
#4384 = EDGE_CURVE( '', #5240, #5240, #5241, .T. );
#4385 = EDGE_CURVE( '', #5242, #5242, #5243, .T. );
#4386 = FILL_AREA_STYLE( '', ( #5244 ) );
#4387 = EDGE_CURVE( '', #5142, #5245, #5246, .F. );
#4388 = EDGE_CURVE( '', #5146, #5247, #5248, .T. );
#4389 = EDGE_CURVE( '', #5247, #5245, #5249, .T. );
#4390 = FILL_AREA_STYLE( '', ( #5250 ) );
#4391 = EDGE_CURVE( '', #5251, #5107, #5252, .T. );
#4392 = EDGE_CURVE( '', #5253, #5251, #5254, .T. );
#4393 = EDGE_CURVE( '', #5255, #5253, #5256, .T. );
#4394 = EDGE_CURVE( '', #5257, #5255, #5258, .T. );
#4395 = EDGE_CURVE( '', #5259, #5257, #5260, .T. );
#4396 = EDGE_CURVE( '', #5261, #5259, #5262, .T. );
#4397 = EDGE_CURVE( '', #5263, #5261, #5264, .T. );
#4398 = EDGE_CURVE( '', #5265, #5263, #5266, .T. );
#4399 = EDGE_CURVE( '', #5101, #5265, #5267, .T. );
#4400 = FILL_AREA_STYLE( '', ( #5268 ) );
#4401 = EDGE_CURVE( '', #5067, #5066, #5269, .T. );
#4402 = EDGE_CURVE( '', #5071, #5069, #5270, .T. );
#4403 = FILL_AREA_STYLE( '', ( #5271 ) );
#4404 = EDGE_CURVE( '', #5272, #5273, #5274, .T. );
#4405 = EDGE_CURVE( '', #5273, #5272, #5275, .T. );
#4406 = FILL_AREA_STYLE( '', ( #5276 ) );
#4407 = EDGE_CURVE( '', #5277, #5277, #5278, .T. );
#4408 = EDGE_CURVE( '', #5279, #5279, #5280, .T. );
#4409 = FILL_AREA_STYLE( '', ( #5281 ) );
#4410 = EDGE_CURVE( '', #5282, #5282, #5283, .T. );
#4411 = FILL_AREA_STYLE( '', ( #5284 ) );
#4412 = EDGE_CURVE( '', #5285, #5286, #5287, .F. );
#4413 = EDGE_CURVE( '', #5288, #5286, #5289, .T. );
#4414 = EDGE_CURVE( '', #5290, #5288, #5291, .F. );
#4415 = EDGE_CURVE( '', #5290, #5292, #5293, .T. );
#4416 = EDGE_CURVE( '', #5292, #4945, #5294, .F. );
#4417 = EDGE_CURVE( '', #4943, #5295, #5296, .T. );
#4418 = EDGE_CURVE( '', #5295, #5297, #5298, .T. );
#4419 = EDGE_CURVE( '', #4936, #5297, #5299, .T. );
#4420 = EDGE_CURVE( '', #4934, #5300, #5301, .T. );
#4421 = EDGE_CURVE( '', #5300, #5302, #5303, .T. );
#4422 = EDGE_CURVE( '', #5304, #5302, #5305, .T. );
#4423 = EDGE_CURVE( '', #5306, #5304, #5307, .T. );
#4424 = EDGE_CURVE( '', #5308, #5306, #5309, .F. );
#4425 = EDGE_CURVE( '', #5308, #5285, #5310, .T. );
#4426 = EDGE_CURVE( '', #5311, #5311, #5312, .T. );
#4427 = FILL_AREA_STYLE( '', ( #5313 ) );
#4428 = EDGE_CURVE( '', #5314, #5176, #5315, .T. );
#4429 = EDGE_CURVE( '', #5316, #5314, #5317, .T. );
#4430 = EDGE_CURVE( '', #5318, #5316, #5319, .T. );
#4431 = EDGE_CURVE( '', #5320, #5318, #5321, .T. );
#4432 = EDGE_CURVE( '', #5322, #5320, #5323, .T. );
#4433 = EDGE_CURVE( '', #4912, #5322, #5324, .T. );
#4434 = EDGE_CURVE( '', #5325, #5212, #5326, .T. );
#4435 = EDGE_CURVE( '', #5327, #5325, #5328, .T. );
#4436 = EDGE_CURVE( '', #5178, #5327, #5329, .T. );
#4437 = FILL_AREA_STYLE( '', ( #5330 ) );
#4438 = EDGE_CURVE( '', #5331, #4925, #5332, .F. );
#4439 = EDGE_CURVE( '', #5333, #5331, #5334, .T. );
#4440 = EDGE_CURVE( '', #5333, #4927, #5335, .F. );
#4441 = FILL_AREA_STYLE( '', ( #5336 ) );
#4442 = EDGE_CURVE( '', #5337, #5338, #5339, .T. );
#4443 = EDGE_CURVE( '', #5122, #5337, #5340, .T. );
#4444 = EDGE_CURVE( '', #5123, #5338, #5341, .T. );
#4445 = FILL_AREA_STYLE( '', ( #5342 ) );
#4446 = EDGE_CURVE( '', #5343, #5343, #5344, .T. );
#4447 = FILL_AREA_STYLE( '', ( #5345 ) );
#4448 = EDGE_CURVE( '', #5288, #5346, #5347, .T. );
#4449 = EDGE_CURVE( '', #5286, #5348, #5349, .T. );
#4450 = EDGE_CURVE( '', #5346, #5348, #5350, .F. );
#4451 = FILL_AREA_STYLE( '', ( #5351 ) );
#4452 = EDGE_CURVE( '', #5165, #5352, #5353, .T. );
#4453 = EDGE_CURVE( '', #5352, #5226, #5354, .T. );
#4454 = FILL_AREA_STYLE( '', ( #5355 ) );
#4455 = EDGE_CURVE( '', #5356, #5161, #5357, .T. );
#4456 = EDGE_CURVE( '', #5358, #5356, #5359, .T. );
#4457 = EDGE_CURVE( '', #5358, #5163, #5360, .T. );
#4458 = FILL_AREA_STYLE( '', ( #5361 ) );
#4459 = EDGE_CURVE( '', #5362, #5363, #5364, .T. );
#4460 = EDGE_CURVE( '', #4884, #5362, #5365, .T. );
#4461 = EDGE_CURVE( '', #4894, #5363, #5366, .T. );
#4462 = FILL_AREA_STYLE( '', ( #5367 ) );
#4463 = EDGE_CURVE( '', #5368, #5368, #5369, .T. );
#4464 = FILL_AREA_STYLE( '', ( #5370 ) );
#4465 = FILL_AREA_STYLE( '', ( #5371 ) );
#4466 = EDGE_CURVE( '', #5112, #4971, #5372, .T. );
#4467 = EDGE_CURVE( '', #5116, #4974, #5373, .T. );
#4468 = FILL_AREA_STYLE( '', ( #5374 ) );
#4469 = EDGE_CURVE( '', #5375, #5182, #5376, .T. );
#4470 = EDGE_CURVE( '', #5377, #5375, #5378, .T. );
#4471 = EDGE_CURVE( '', #5377, #5185, #5379, .T. );
#4472 = FILL_AREA_STYLE( '', ( #5380 ) );
#4473 = EDGE_CURVE( '', #4916, #5381, #5382, .F. );
#4474 = EDGE_CURVE( '', #5381, #5206, #5383, .T. );
#4475 = FILL_AREA_STYLE( '', ( #5384 ) );
#4476 = EDGE_CURVE( '', #5385, #5302, #5386, .T. );
#4477 = EDGE_CURVE( '', #5387, #5300, #5388, .T. );
#4478 = EDGE_CURVE( '', #5387, #5385, #5389, .T. );
#4479 = FILL_AREA_STYLE( '', ( #5390 ) );
#4480 = EDGE_CURVE( '', #5024, #5391, #5392, .T. );
#4481 = EDGE_CURVE( '', #5026, #5393, #5394, .T. );
#4482 = EDGE_CURVE( '', #5393, #5391, #5395, .T. );
#4483 = FILL_AREA_STYLE( '', ( #5396 ) );
#4484 = EDGE_CURVE( '', #5397, #5033, #5398, .T. );
#4485 = EDGE_CURVE( '', #5399, #5397, #5400, .T. );
#4486 = EDGE_CURVE( '', #5035, #5399, #5401, .T. );
#4487 = FILL_AREA_STYLE( '', ( #5402 ) );
#4488 = EDGE_CURVE( '', #5403, #5403, #5404, .T. );
#4489 = EDGE_CURVE( '', #5405, #5405, #5406, .T. );
#4490 = FILL_AREA_STYLE( '', ( #5407 ) );
#4491 = EDGE_CURVE( '', #5408, #4923, #5409, .F. );
#4492 = EDGE_CURVE( '', #5331, #5408, #5410, .T. );
#4493 = FILL_AREA_STYLE( '', ( #5411 ) );
#4494 = EDGE_CURVE( '', #5412, #5413, #5414, .T. );
#4495 = EDGE_CURVE( '', #5415, #5412, #5416, .T. );
#4496 = EDGE_CURVE( '', #5415, #5417, #5418, .T. );
#4497 = EDGE_CURVE( '', #5417, #5413, #5419, .T. );
#4498 = FILL_AREA_STYLE( '', ( #5420 ) );
#4499 = EDGE_CURVE( '', #5421, #4898, #5422, .T. );
#4500 = EDGE_CURVE( '', #5423, #4903, #5424, .T. );
#4501 = EDGE_CURVE( '', #5423, #5421, #5425, .T. );
#4502 = FILL_AREA_STYLE( '', ( #5426 ) );
#4503 = EDGE_CURVE( '', #5427, #4929, #5428, .F. );
#4504 = EDGE_CURVE( '', #5381, #5427, #5429, .F. );
#4505 = FILL_AREA_STYLE( '', ( #5430 ) );
#4506 = EDGE_CURVE( '', #5431, #5432, #5433, .T. );
#4507 = EDGE_CURVE( '', #5191, #5431, #5434, .T. );
#4508 = EDGE_CURVE( '', #5192, #5432, #5435, .T. );
#4509 = FILL_AREA_STYLE( '', ( #5436 ) );
#4510 = EDGE_CURVE( '', #5437, #5048, #5438, .T. );
#4511 = EDGE_CURVE( '', #5352, #5439, #5440, .T. );
#4512 = EDGE_CURVE( '', #5439, #5441, #5442, .T. );
#4513 = EDGE_CURVE( '', #5441, #5443, #5444, .T. );
#4514 = EDGE_CURVE( '', #5437, #5443, #5445, .T. );
#4515 = FILL_AREA_STYLE( '', ( #5446 ) );
#4516 = EDGE_CURVE( '', #5031, #5447, #5448, .T. );
#4517 = EDGE_CURVE( '', #5399, #5447, #5449, .T. );
#4518 = FILL_AREA_STYLE( '', ( #5450 ) );
#4519 = EDGE_CURVE( '', #5427, #5333, #5451, .T. );
#4520 = FILL_AREA_STYLE( '', ( #5452 ) );
#4521 = EDGE_CURVE( '', #5453, #5454, #5455, .F. );
#4522 = EDGE_CURVE( '', #5456, #5454, #5457, .T. );
#4523 = EDGE_CURVE( '', #5458, #5456, #5459, .F. );
#4524 = EDGE_CURVE( '', #5458, #5453, #5460, .T. );
#4525 = FILL_AREA_STYLE( '', ( #5461 ) );
#4526 = EDGE_CURVE( '', #5462, #5463, #5464, .F. );
#4527 = EDGE_CURVE( '', #5454, #5463, #5465, .T. );
#4528 = EDGE_CURVE( '', #5453, #5462, #5466, .T. );
#4529 = FILL_AREA_STYLE( '', ( #5467 ) );
#4530 = EDGE_CURVE( '', #5468, #5469, #5470, .T. );
#4531 = EDGE_CURVE( '', #5322, #5468, #5471, .T. );
#4532 = EDGE_CURVE( '', #5320, #5469, #5472, .T. );
#4533 = FILL_AREA_STYLE( '', ( #5473 ) );
#4534 = EDGE_CURVE( '', #5245, #5474, #5475, .T. );
#4535 = EDGE_CURVE( '', #5476, #5474, #5477, .T. );
#4536 = EDGE_CURVE( '', #5476, #5478, #5479, .T. );
#4537 = EDGE_CURVE( '', #5478, #5480, #5481, .F. );
#4538 = EDGE_CURVE( '', #5480, #5482, #5483, .T. );
#4539 = EDGE_CURVE( '', #5484, #5482, #5485, .T. );
#4540 = EDGE_CURVE( '', #5484, #5486, #5487, .T. );
#4541 = EDGE_CURVE( '', #5486, #5488, #5489, .F. );
#4542 = EDGE_CURVE( '', #5488, #5443, #5490, .T. );
#4543 = EDGE_CURVE( '', #5441, #5491, #5492, .T. );
#4544 = EDGE_CURVE( '', #5491, #5356, #5493, .F. );
#4545 = EDGE_CURVE( '', #5494, #5494, #5495, .T. );
#4546 = FILL_AREA_STYLE( '', ( #5496 ) );
#4547 = FILL_AREA_STYLE( '', ( #5497 ) );
#4548 = EDGE_CURVE( '', #5338, #5498, #5499, .T. );
#4549 = EDGE_CURVE( '', #5131, #5498, #5500, .T. );
#4550 = FILL_AREA_STYLE( '', ( #5501 ) );
#4551 = EDGE_CURVE( '', #5502, #5503, #5504, .T. );
#4552 = EDGE_CURVE( '', #5265, #5502, #5505, .T. );
#4553 = EDGE_CURVE( '', #5263, #5503, #5506, .T. );
#4554 = FILL_AREA_STYLE( '', ( #5507 ) );
#4555 = EDGE_CURVE( '', #5247, #5508, #5509, .T. );
#4556 = EDGE_CURVE( '', #5508, #5474, #5510, .T. );
#4557 = FILL_AREA_STYLE( '', ( #5511 ) );
#4558 = EDGE_CURVE( '', #5512, #5512, #5513, .T. );
#4559 = FILL_AREA_STYLE( '', ( #5514 ) );
#4560 = EDGE_CURVE( '', #5515, #5516, #5517, .F. );
#4561 = EDGE_CURVE( '', #5463, #5516, #5518, .T. );
#4562 = EDGE_CURVE( '', #5462, #5515, #5519, .T. );
#4563 = FILL_AREA_STYLE( '', ( #5520 ) );
#4564 = FILL_AREA_STYLE( '', ( #5521 ) );
#4565 = EDGE_CURVE( '', #5522, #5273, #5523, .T. );
#4566 = EDGE_CURVE( '', #5522, #5524, #5525, .T. );
#4567 = EDGE_CURVE( '', #5524, #5272, #5526, .T. );
#4568 = FILL_AREA_STYLE( '', ( #5527 ) );
#4569 = EDGE_CURVE( '', #5528, #5529, #5530, .T. );
#4570 = EDGE_CURVE( '', #5529, #5217, #5531, .T. );
#4571 = EDGE_CURVE( '', #5532, #5216, #5533, .T. );
#4572 = EDGE_CURVE( '', #5534, #5532, #5535, .T. );
#4573 = EDGE_CURVE( '', #5534, #5229, #5536, .T. );
#4574 = EDGE_CURVE( '', #5047, #5537, #5538, .T. );
#4575 = EDGE_CURVE( '', #5537, #5484, #5539, .T. );
#4576 = EDGE_CURVE( '', #5528, #5482, #5540, .T. );
#4577 = FILL_AREA_STYLE( '', ( #5541 ) );
#4578 = EDGE_CURVE( '', #5542, #5362, #5543, .T. );
#4579 = EDGE_CURVE( '', #4883, #5542, #5544, .T. );
#4580 = FILL_AREA_STYLE( '', ( #5545 ) );
#4581 = EDGE_CURVE( '', #5546, #5546, #5547, .F. );
#4582 = FILL_AREA_STYLE( '', ( #5548 ) );
#4583 = EDGE_CURVE( '', #5549, #5549, #5550, .T. );
#4584 = FILL_AREA_STYLE( '', ( #5551 ) );
#4585 = EDGE_CURVE( '', #5085, #5552, #5553, .T. );
#4586 = EDGE_CURVE( '', #5089, #5554, #5555, .T. );
#4587 = EDGE_CURVE( '', #5554, #5552, #5556, .T. );
#4588 = FILL_AREA_STYLE( '', ( #5557 ) );
#4589 = EDGE_CURVE( '', #5558, #5558, #5559, .T. );
#4590 = FILL_AREA_STYLE( '', ( #5560 ) );
#4591 = EDGE_CURVE( '', #5561, #5562, #5563, .T. );
#4592 = EDGE_CURVE( '', #5316, #5561, #5564, .T. );
#4593 = EDGE_CURVE( '', #5314, #5562, #5565, .T. );
#4594 = FILL_AREA_STYLE( '', ( #5566 ) );
#4595 = EDGE_CURVE( '', #5447, #5567, #5568, .T. );
#4596 = EDGE_CURVE( '', #5397, #5567, #5569, .T. );
#4597 = FILL_AREA_STYLE( '', ( #5570 ) );
#4598 = EDGE_CURVE( '', #5308, #5571, #5572, .T. );
#4599 = EDGE_CURVE( '', #5306, #5573, #5574, .T. );
#4600 = EDGE_CURVE( '', #5571, #5573, #5575, .F. );
#4601 = FILL_AREA_STYLE( '', ( #5576 ) );
#4602 = EDGE_CURVE( '', #5577, #5577, #5578, .T. );
#4603 = FILL_AREA_STYLE( '', ( #5579 ) );
#4604 = EDGE_CURVE( '', #5580, #5580, #5581, .T. );
#4605 = EDGE_CURVE( '', #5582, #5582, #5583, .T. );
#4606 = FILL_AREA_STYLE( '', ( #5584 ) );
#4607 = EDGE_CURVE( '', #5585, #5586, #5587, .T. );
#4608 = EDGE_CURVE( '', #5588, #5585, #5589, .F. );
#4609 = EDGE_CURVE( '', #5588, #5590, #5591, .T. );
#4610 = EDGE_CURVE( '', #5590, #5586, #5592, .F. );
#4611 = FILL_AREA_STYLE( '', ( #5593 ) );
#4612 = EDGE_CURVE( '', #5594, #5594, #5595, .T. );
#4613 = FILL_AREA_STYLE( '', ( #5596 ) );
#4614 = EDGE_CURVE( '', #5597, #5598, #5599, .T. );
#4615 = EDGE_CURVE( '', #5598, #5600, #5601, .T. );
#4616 = EDGE_CURVE( '', #5600, #4967, #5602, .T. );
#4617 = EDGE_CURVE( '', #4965, #5603, #5604, .T. );
#4618 = EDGE_CURVE( '', #5603, #5605, #5606, .T. );
#4619 = EDGE_CURVE( '', #5605, #5607, #5608, .T. );
#4620 = EDGE_CURVE( '', #5607, #5609, #5610, .T. );
#4621 = EDGE_CURVE( '', #5609, #5423, #5611, .T. );
#4622 = EDGE_CURVE( '', #4901, #5597, #5612, .T. );
#4623 = FILL_AREA_STYLE( '', ( #5613 ) );
#4624 = EDGE_CURVE( '', #5562, #5173, #5614, .T. );
#4625 = FILL_AREA_STYLE( '', ( #5615 ) );
#4626 = EDGE_CURVE( '', #5498, #5616, #5617, .T. );
#4627 = EDGE_CURVE( '', #5129, #5616, #5618, .T. );
#4628 = FILL_AREA_STYLE( '', ( #5619 ) );
#4629 = EDGE_CURVE( '', #5620, #5620, #5621, .T. );
#4630 = EDGE_CURVE( '', #5622, #5622, #5623, .T. );
#4631 = FILL_AREA_STYLE( '', ( #5624 ) );
#4632 = EDGE_CURVE( '', #5625, #5421, #5626, .T. );
#4633 = EDGE_CURVE( '', #5609, #5625, #5627, .T. );
#4634 = FILL_AREA_STYLE( '', ( #5628 ) );
#4635 = EDGE_CURVE( '', #5169, #5542, #5629, .T. );
#4636 = FILL_AREA_STYLE( '', ( #5630 ) );
#4637 = EDGE_CURVE( '', #5631, #5631, #5632, .T. );
#4638 = EDGE_CURVE( '', #5067, #5066, #5633, .F. );
#4639 = FILL_AREA_STYLE( '', ( #5634 ) );
#4640 = EDGE_CURVE( '', #5635, #5114, #5636, .T. );
#4641 = EDGE_CURVE( '', #5000, #5635, #5637, .T. );
#4642 = EDGE_CURVE( '', #5554, #4998, #5638, .T. );
#4643 = EDGE_CURVE( '', #5393, #5087, #5639, .T. );
#4644 = FILL_AREA_STYLE( '', ( #5640 ) );
#4645 = EDGE_CURVE( '', #5641, #5111, #5642, .T. );
#4646 = EDGE_CURVE( '', #5635, #5641, #5643, .T. );
#4647 = FILL_AREA_STYLE( '', ( #5644 ) );
#4648 = EDGE_CURVE( '', #4996, #5641, #5645, .T. );
#4649 = FILL_AREA_STYLE( '', ( #5646 ) );
#4650 = EDGE_CURVE( '', #5585, #5458, #5647, .F. );
#4651 = EDGE_CURVE( '', #5586, #5648, #5649, .T. );
#4652 = EDGE_CURVE( '', #5648, #5650, #5651, .T. );
#4653 = EDGE_CURVE( '', #5650, #5515, #5652, .F. );
#4654 = FILL_AREA_STYLE( '', ( #5653 ) );
#4655 = EDGE_CURVE( '', #5654, #5650, #5655, .F. );
#4656 = EDGE_CURVE( '', #5516, #5654, #5656, .F. );
#4657 = FILL_AREA_STYLE( '', ( #5657 ) );
#4658 = EDGE_CURVE( '', #4963, #5658, #5659, .T. );
#4659 = EDGE_CURVE( '', #5603, #5658, #5660, .T. );
#4660 = FILL_AREA_STYLE( '', ( #5661 ) );
#4661 = EDGE_CURVE( '', #4942, #5662, #5663, .T. );
#4662 = EDGE_CURVE( '', #5662, #5295, #5664, .T. );
#4663 = FILL_AREA_STYLE( '', ( #5665 ) );
#4664 = EDGE_CURVE( '', #5666, #5476, #5667, .T. );
#4665 = EDGE_CURVE( '', #5666, #5668, #5669, .T. );
#4666 = EDGE_CURVE( '', #5668, #5478, #5670, .T. );
#4667 = FILL_AREA_STYLE( '', ( #5671 ) );
#4668 = EDGE_CURVE( '', #5668, #5672, #5673, .T. );
#4669 = EDGE_CURVE( '', #5672, #5480, #5674, .T. );
#4670 = FILL_AREA_STYLE( '', ( #5675 ) );
#4671 = FILL_AREA_STYLE( '', ( #5676 ) );
#4672 = EDGE_CURVE( '', #5677, #5337, #5678, .T. );
#4673 = EDGE_CURVE( '', #5125, #5677, #5679, .T. );
#4674 = FILL_AREA_STYLE( '', ( #5680 ) );
#4675 = EDGE_CURVE( '', #5681, #5135, #5682, .T. );
#4676 = EDGE_CURVE( '', #4892, #5681, #5683, .T. );
#4677 = FILL_AREA_STYLE( '', ( #5684 ) );
#4678 = EDGE_CURVE( '', #5685, #5375, #5686, .T. );
#4679 = EDGE_CURVE( '', #5687, #5685, #5688, .T. );
#4680 = EDGE_CURVE( '', #5687, #5377, #5689, .T. );
#4681 = FILL_AREA_STYLE( '', ( #5690 ) );
#4682 = EDGE_CURVE( '', #5391, #5084, #5691, .T. );
#4683 = FILL_AREA_STYLE( '', ( #5692 ) );
#4684 = EDGE_CURVE( '', #5693, #5412, #5694, .T. );
#4685 = EDGE_CURVE( '', #5695, #5693, #5696, .T. );
#4686 = EDGE_CURVE( '', #5695, #5415, #5697, .T. );
#4687 = FILL_AREA_STYLE( '', ( #5698 ) );
#4688 = FILL_AREA_STYLE( '', ( #5699 ) );
#4689 = EDGE_CURVE( '', #5524, #5522, #5700, .T. );
#4690 = EDGE_CURVE( '', #4985, #5687, #5701, .T. );
#4691 = EDGE_CURVE( '', #5187, #4983, #5702, .T. );
#4692 = FILL_AREA_STYLE( '', ( #5703 ) );
#4693 = EDGE_CURVE( '', #5704, #5210, #5705, .T. );
#4694 = EDGE_CURVE( '', #5325, #5704, #5706, .T. );
#4695 = FILL_AREA_STYLE( '', ( #5707 ) );
#4696 = EDGE_CURVE( '', #5708, #5709, #5710, .T. );
#4697 = EDGE_CURVE( '', #5253, #5708, #5711, .T. );
#4698 = EDGE_CURVE( '', #5251, #5709, #5712, .T. );
#4699 = FILL_AREA_STYLE( '', ( #5713 ) );
#4700 = EDGE_CURVE( '', #5456, #5588, #5714, .F. );
#4701 = EDGE_CURVE( '', #5715, #5654, #5716, .T. );
#4702 = EDGE_CURVE( '', #5590, #5715, #5717, .T. );
#4703 = FILL_AREA_STYLE( '', ( #5718 ) );
#4704 = EDGE_CURVE( '', #5292, #5719, #5720, .T. );
#4705 = EDGE_CURVE( '', #5290, #5721, #5722, .T. );
#4706 = EDGE_CURVE( '', #5721, #5719, #5723, .T. );
#4707 = FILL_AREA_STYLE( '', ( #5724 ) );
#4708 = FILL_AREA_STYLE( '', ( #5725 ) );
#4709 = EDGE_CURVE( '', #4899, #5726, #5727, .T. );
#4710 = EDGE_CURVE( '', #5597, #5726, #5728, .T. );
#4711 = FILL_AREA_STYLE( '', ( #5729 ) );
#4712 = EDGE_CURVE( '', #5730, #5221, #5731, .T. );
#4713 = EDGE_CURVE( '', #5730, #5158, #5732, .T. );
#4714 = FILL_AREA_STYLE( '', ( #5733 ) );
#4715 = FILL_AREA_STYLE( '', ( #5734 ) );
#4716 = EDGE_CURVE( '', #5735, #5529, #5736, .T. );
#4717 = EDGE_CURVE( '', #5219, #5735, #5737, .F. );
#4718 = FILL_AREA_STYLE( '', ( #5738 ) );
#4719 = EDGE_CURVE( '', #5532, #5739, #5740, .T. );
#4720 = EDGE_CURVE( '', #5739, #5741, #5742, .T. );
#4721 = EDGE_CURVE( '', #5741, #5534, #5743, .T. );
#4722 = EDGE_CURVE( '', #5744, #5744, #5745, .F. );
#4723 = FILL_AREA_STYLE( '', ( #5746 ) );
#4724 = EDGE_CURVE( '', #5174, #5747, #5748, .T. );
#4725 = EDGE_CURVE( '', #5327, #5747, #5749, .T. );
#4726 = FILL_AREA_STYLE( '', ( #5750 ) );
#4727 = EDGE_CURVE( '', #5739, #5233, #5751, .T. );
#4728 = FILL_AREA_STYLE( '', ( #5752 ) );
#4729 = EDGE_CURVE( '', #5753, #5708, #5754, .T. );
#4730 = EDGE_CURVE( '', #5255, #5753, #5755, .T. );
#4731 = FILL_AREA_STYLE( '', ( #5756 ) );
#4732 = EDGE_CURVE( '', #5672, #5528, #5757, .T. );
#4733 = FILL_AREA_STYLE( '', ( #5758 ) );
#4734 = EDGE_CURVE( '', #5759, #5760, #5761, .T. );
#4735 = EDGE_CURVE( '', #5607, #5760, #5762, .T. );
#4736 = EDGE_CURVE( '', #5605, #5759, #5763, .T. );
#4737 = FILL_AREA_STYLE( '', ( #5764 ) );
#4738 = EDGE_CURVE( '', #5765, #5766, #5767, .T. );
#4739 = EDGE_CURVE( '', #5261, #5765, #5768, .T. );
#4740 = EDGE_CURVE( '', #5259, #5766, #5769, .T. );
#4741 = FILL_AREA_STYLE( '', ( #5770 ) );
#4742 = EDGE_CURVE( '', #5658, #5759, #5771, .T. );
#4743 = FILL_AREA_STYLE( '', ( #5772 ) );
#4744 = EDGE_CURVE( '', #5773, #5437, #5774, .T. );
#4745 = EDGE_CURVE( '', #5775, #5773, #5776, .T. );
#4746 = EDGE_CURVE( '', #5537, #5775, #5777, .T. );
#4747 = FILL_AREA_STYLE( '', ( #5778 ) );
#4748 = EDGE_CURVE( '', #5779, #5297, #5780, .T. );
#4749 = EDGE_CURVE( '', #4938, #5779, #5781, .T. );
#4750 = FILL_AREA_STYLE( '', ( #5782 ) );
#4751 = EDGE_CURVE( '', #5508, #5730, #5783, .T. );
#4752 = FILL_AREA_STYLE( '', ( #5784 ) );
#4753 = EDGE_CURVE( '', #5726, #5785, #5786, .T. );
#4754 = EDGE_CURVE( '', #5598, #5785, #5787, .T. );
#4755 = FILL_AREA_STYLE( '', ( #5788 ) );
#4756 = FILL_AREA_STYLE( '', ( #5789 ) );
#4757 = EDGE_CURVE( '', #5773, #5488, #5790, .T. );
#4758 = FILL_AREA_STYLE( '', ( #5791 ) );
#4759 = EDGE_CURVE( '', #5792, #5793, #5794, .T. );
#4760 = EDGE_CURVE( '', #5202, #5792, #5795, .T. );
#4761 = EDGE_CURVE( '', #5200, #5793, #5796, .T. );
#4762 = FILL_AREA_STYLE( '', ( #5797 ) );
#4763 = EDGE_CURVE( '', #5075, #5408, #5798, .F. );
#4764 = FILL_AREA_STYLE( '', ( #5799 ) );
#4765 = EDGE_CURVE( '', #5775, #5486, #5800, .T. );
#4766 = FILL_AREA_STYLE( '', ( #5801 ) );
#4767 = EDGE_CURVE( '', #5741, #5231, #5802, .T. );
#4768 = FILL_AREA_STYLE( '', ( #5803 ) );
#4769 = EDGE_CURVE( '', #5804, #5804, #5805, .T. );
#4770 = FILL_AREA_STYLE( '', ( #5806 ) );
#4771 = EDGE_CURVE( '', #5432, #5792, #5807, .T. );
#4772 = FILL_AREA_STYLE( '', ( #5808 ) );
#4773 = EDGE_CURVE( '', #5567, #5030, #5809, .T. );
#4774 = FILL_AREA_STYLE( '', ( #5810 ) );
#4775 = EDGE_CURVE( '', #5785, #5811, #5812, .T. );
#4776 = EDGE_CURVE( '', #5600, #5811, #5813, .T. );
#4777 = FILL_AREA_STYLE( '', ( #5814 ) );
#4778 = EDGE_CURVE( '', #4981, #5685, #5815, .T. );
#4779 = FILL_AREA_STYLE( '', ( #5816 ) );
#4780 = EDGE_CURVE( '', #5793, #5817, #5818, .T. );
#4781 = EDGE_CURVE( '', #5817, #5819, #5820, .T. );
#4782 = EDGE_CURVE( '', #5819, #5821, #5822, .T. );
#4783 = EDGE_CURVE( '', #5821, #5431, #5823, .T. );
#4784 = EDGE_CURVE( '', #5363, #5681, #5824, .T. );
#4785 = EDGE_CURVE( '', #5747, #5704, #5825, .T. );
#4786 = EDGE_CURVE( '', #4908, #5468, #5826, .T. );
#4787 = EDGE_CURVE( '', #5469, #5827, #5828, .T. );
#4788 = EDGE_CURVE( '', #5827, #5561, #5829, .T. );
#4789 = EDGE_CURVE( '', #5760, #5625, #5830, .T. );
#4790 = EDGE_CURVE( '', #5811, #4962, #5831, .T. );
#4791 = EDGE_CURVE( '', #5552, #4995, #5832, .T. );
#4792 = EDGE_CURVE( '', #5183, #4980, #5833, .T. );
#4793 = EDGE_CURVE( '', #5099, #5502, #5834, .T. );
#4794 = EDGE_CURVE( '', #5503, #5765, #5835, .T. );
#4795 = EDGE_CURVE( '', #5766, #5836, #5837, .T. );
#4796 = EDGE_CURVE( '', #5836, #5753, #5838, .T. );
#4797 = EDGE_CURVE( '', #5709, #5105, #5839, .T. );
#4798 = EDGE_CURVE( '', #5413, #5840, #5841, .T. );
#4799 = EDGE_CURVE( '', #5840, #5693, #5842, .T. );
#4800 = EDGE_CURVE( '', #5616, #5843, #5844, .T. );
#4801 = EDGE_CURVE( '', #5843, #5677, #5845, .T. );
#4802 = FILL_AREA_STYLE( '', ( #5846 ) );
#4803 = EDGE_CURVE( '', #5719, #4947, #5847, .F. );
#4804 = FILL_AREA_STYLE( '', ( #5848 ) );
#4805 = EDGE_CURVE( '', #5849, #5849, #5850, .F. );
#4806 = FILL_AREA_STYLE( '', ( #5851 ) );
#4807 = FILL_AREA_STYLE( '', ( #5852 ) );
#4808 = FILL_AREA_STYLE( '', ( #5853 ) );
#4809 = EDGE_CURVE( '', #5854, #5854, #5855, .T. );
#4810 = FILL_AREA_STYLE( '', ( #5856 ) );
#4811 = EDGE_CURVE( '', #5285, #5857, #5858, .T. );
#4812 = EDGE_CURVE( '', #5571, #5857, #5859, .T. );
#4813 = FILL_AREA_STYLE( '', ( #5860 ) );
#4814 = FILL_AREA_STYLE( '', ( #5861 ) );
#4815 = FILL_AREA_STYLE( '', ( #5862 ) );
#4816 = EDGE_CURVE( '', #5417, #5863, #5864, .T. );
#4817 = EDGE_CURVE( '', #5863, #5695, #5865, .T. );
#4818 = FILL_AREA_STYLE( '', ( #5866 ) );
#4819 = EDGE_CURVE( '', #5196, #5819, #5867, .T. );
#4820 = EDGE_CURVE( '', #5194, #5821, #5868, .T. );
#4821 = FILL_AREA_STYLE( '', ( #5869 ) );
#4822 = FILL_AREA_STYLE( '', ( #5870 ) );
#4823 = EDGE_CURVE( '', #4933, #5387, #5871, .T. );
#4824 = FILL_AREA_STYLE( '', ( #5872 ) );
#4825 = EDGE_CURVE( '', #5873, #5304, #5874, .T. );
#4826 = EDGE_CURVE( '', #5573, #5873, #5875, .F. );
#4827 = FILL_AREA_STYLE( '', ( #5876 ) );
#4828 = FILL_AREA_STYLE( '', ( #5877 ) );
#4829 = FILL_AREA_STYLE( '', ( #5878 ) );
#4830 = FILL_AREA_STYLE( '', ( #5879 ) );
#4831 = EDGE_CURVE( '', #5863, #5840, #5880, .T. );
#4832 = FILL_AREA_STYLE( '', ( #5881 ) );
#4833 = FILL_AREA_STYLE( '', ( #5882 ) );
#4834 = EDGE_CURVE( '', #5715, #5648, #5883, .F. );
#4835 = FILL_AREA_STYLE( '', ( #5884 ) );
#4836 = FILL_AREA_STYLE( '', ( #5885 ) );
#4837 = FILL_AREA_STYLE( '', ( #5886 ) );
#4838 = EDGE_CURVE( '', #5662, #5779, #5887, .T. );
#4839 = FILL_AREA_STYLE( '', ( #5888 ) );
#4840 = FILL_AREA_STYLE( '', ( #5889 ) );
#4841 = EDGE_CURVE( '', #5735, #5666, #5890, .T. );
#4842 = FILL_AREA_STYLE( '', ( #5891 ) );
#4843 = FILL_AREA_STYLE( '', ( #5892 ) );
#4844 = EDGE_CURVE( '', #5439, #5893, #5894, .T. );
#4845 = EDGE_CURVE( '', #5893, #5358, #5895, .T. );
#4846 = FILL_AREA_STYLE( '', ( #5896 ) );
#4847 = EDGE_CURVE( '', #5893, #5491, #5897, .T. );
#4848 = FILL_AREA_STYLE( '', ( #5898 ) );
#4849 = FILL_AREA_STYLE( '', ( #5899 ) );
#4850 = EDGE_CURVE( '', #5198, #5817, #5900, .T. );
#4851 = FILL_AREA_STYLE( '', ( #5901 ) );
#4852 = FILL_AREA_STYLE( '', ( #5902 ) );
#4853 = EDGE_CURVE( '', #5318, #5827, #5903, .T. );
#4854 = FILL_AREA_STYLE( '', ( #5904 ) );
#4855 = EDGE_CURVE( '', #5257, #5836, #5905, .T. );
#4856 = FILL_AREA_STYLE( '', ( #5906 ) );
#4857 = FILL_AREA_STYLE( '', ( #5907 ) );
#4858 = FILL_AREA_STYLE( '', ( #5908 ) );
#4859 = FILL_AREA_STYLE( '', ( #5909 ) );
#4860 = FILL_AREA_STYLE( '', ( #5910 ) );
#4861 = FILL_AREA_STYLE( '', ( #5911 ) );
#4862 = FILL_AREA_STYLE( '', ( #5912 ) );
#4863 = FILL_AREA_STYLE( '', ( #5913 ) );
#4864 = FILL_AREA_STYLE( '', ( #5914 ) );
#4865 = FILL_AREA_STYLE( '', ( #5915 ) );
#4866 = FILL_AREA_STYLE( '', ( #5916 ) );
#4867 = FILL_AREA_STYLE( '', ( #5917 ) );
#4868 = FILL_AREA_STYLE( '', ( #5918 ) );
#4869 = FILL_AREA_STYLE( '', ( #5919 ) );
#4870 = EDGE_CURVE( '', #5873, #5385, #5920, .T. );
#4871 = EDGE_CURVE( '', #5721, #5346, #5921, .F. );
#4872 = EDGE_CURVE( '', #5857, #5348, #5922, .F. );
#4873 = FILL_AREA_STYLE( '', ( #5923 ) );
#4874 = FILL_AREA_STYLE( '', ( #5924 ) );
#4875 = FILL_AREA_STYLE( '', ( #5925 ) );
#4876 = FILL_AREA_STYLE( '', ( #5926 ) );
#4877 = EDGE_CURVE( '', #5127, #5843, #5927, .T. );
#4878 = FILL_AREA_STYLE( '', ( #5928 ) );
#4879 = FILL_AREA_STYLE( '', ( #5929 ) );
#4880 = FILL_AREA_STYLE( '', ( #5930 ) );
#4881 = FILL_AREA_STYLE( '', ( #5931 ) );
#4882 = FILL_AREA_STYLE_COLOUR( '', #5932 );
#4883 = VERTEX_POINT( '', #5933 );
#4884 = VERTEX_POINT( '', #5934 );
#4885 = B_SPLINE_CURVE_WITH_KNOTS( '', 3, ( #5935, #5936, #5937, #5938 ), .UNSPECIFIED., .F., .F., ( 4, 4 ), ( 0.947239308468262, 1.00000000000000 ), .UNSPECIFIED. );
#4886 = VERTEX_POINT( '', #5939 );
#4887 = B_SPLINE_CURVE_WITH_KNOTS( '', 3, ( #5940, #5941, #5942, #5943, #5944, #5945, #5946, #5947, #5948, #5949, #5950, #5951, #5952, #5953, #5954 ), .UNSPECIFIED., .F., .F., ( 4, 2, 3, 3, 3, 4 ), ( 0.610658117094134, 0.649580036061723, 0.684079009692085, 0.719729512721674, 0.782879952987661, 0.947239308468262 ), .UNSPECIFIED. );
#4888 = VERTEX_POINT( '', #5955 );
#4889 = B_SPLINE_CURVE_WITH_KNOTS( '', 3, ( #5956, #5957, #5958, #5959 ), .UNSPECIFIED., .F., .F., ( 4, 4 ), ( 0.558287217147629, 0.610658117094134 ), .UNSPECIFIED. );
#4890 = VERTEX_POINT( '', #5960 );
#4891 = B_SPLINE_CURVE_WITH_KNOTS( '', 3, ( #5961, #5962, #5963, #5964, #5965, #5966, #5967, #5968, #5969 ), .UNSPECIFIED., .F., .F., ( 4, 3, 2, 4 ), ( 0.409688211292898, 0.465068850248148, 0.502714729188323, 0.558287217147629 ), .UNSPECIFIED. );
#4892 = VERTEX_POINT( '', #5970 );
#4893 = B_SPLINE_CURVE_WITH_KNOTS( '', 3, ( #5971, #5972, #5973, #5974 ), .UNSPECIFIED., .F., .F., ( 4, 4 ), ( 0.362117095977395, 0.409688211292898 ), .UNSPECIFIED. );
#4894 = VERTEX_POINT( '', #5975 );
#4895 = B_SPLINE_CURVE_WITH_KNOTS( '', 3, ( #5976, #5977, #5978, #5979 ), .UNSPECIFIED., .F., .F., ( 4, 4 ), ( 0.314257670872102, 0.362117095977395 ), .UNSPECIFIED. );
#4896 = B_SPLINE_CURVE_WITH_KNOTS( '', 3, ( #5980, #5981, #5982, #5983 ), .UNSPECIFIED., .F., .F., ( 4, 4 ), ( 0.000000000000000, 0.314257670872102 ), .UNSPECIFIED. );
#4897 = FILL_AREA_STYLE_COLOUR( '', #5984 );
#4898 = VERTEX_POINT( '', #5985 );
#4899 = VERTEX_POINT( '', #5986 );
#4900 = LINE( '', #5987, #5988 );
#4901 = VERTEX_POINT( '', #5989 );
#4902 = LINE( '', #5990, #5991 );
#4903 = VERTEX_POINT( '', #5992 );
#4904 = LINE( '', #5993, #5994 );
#4905 = LINE( '', #5995, #5996 );
#4906 = FILL_AREA_STYLE_COLOUR( '', #5997 );
#4907 = VERTEX_POINT( '', #5998 );
#4908 = VERTEX_POINT( '', #5999 );
#4909 = B_SPLINE_CURVE_WITH_KNOTS( '', 3, ( #6000, #6001, #6002, #6003 ), .UNSPECIFIED., .F., .F., ( 4, 4 ), ( 0.520656883151474, 0.536492445906294 ), .UNSPECIFIED. );
#4910 = VERTEX_POINT( '', #6004 );
#4911 = LINE( '', #6005, #6006 );
#4912 = VERTEX_POINT( '', #6007 );
#4913 = B_SPLINE_CURVE_WITH_KNOTS( '', 3, ( #6008, #6009, #6010, #6011 ), .UNSPECIFIED., .F., .F., ( 4, 4 ), ( 0.520656883151474, 0.536492445906294 ), .UNSPECIFIED. );
#4914 = LINE( '', #6012, #6013 );
#4915 = FILL_AREA_STYLE_COLOUR( '', #6014 );
#4916 = VERTEX_POINT( '', #6015 );
#4917 = VERTEX_POINT( '', #6016 );
#4918 = LINE( '', #6017, #6018 );
#4919 = VERTEX_POINT( '', #6019 );
#4920 = CIRCLE( '', #6020, 0.350000000000000 );
#4921 = VERTEX_POINT( '', #6021 );
#4922 = LINE( '', #6022, #6023 );
#4923 = VERTEX_POINT( '', #6024 );
#4924 = LINE( '', #6025, #6026 );
#4925 = VERTEX_POINT( '', #6027 );
#4926 = LINE( '', #6028, #6029 );
#4927 = VERTEX_POINT( '', #6030 );
#4928 = CIRCLE( '', #6031, 0.0500000000000000 );
#4929 = VERTEX_POINT( '', #6032 );
#4930 = LINE( '', #6033, #6034 );
#4931 = LINE( '', #6035, #6036 );
#4932 = FILL_AREA_STYLE_COLOUR( '', #6037 );
#4933 = VERTEX_POINT( '', #6038 );
#4934 = VERTEX_POINT( '', #6039 );
#4935 = CIRCLE( '', #6040, 2.02000000000000 );
#4936 = VERTEX_POINT( '', #6041 );
#4937 = CIRCLE( '', #6042, 0.500000000000000 );
#4938 = VERTEX_POINT( '', #6043 );
#4939 = CIRCLE( '', #6044, 2.42000000000000 );
#4940 = CIRCLE( '', #6045, 0.500000000000000 );
#4941 = FILL_AREA_STYLE_COLOUR( '', #6046 );
#4942 = VERTEX_POINT( '', #6047 );
#4943 = VERTEX_POINT( '', #6048 );
#4944 = CIRCLE( '', #6049, 2.50000000000000 );
#4945 = VERTEX_POINT( '', #6050 );
#4946 = CIRCLE( '', #6051, 0.500000000000000 );
#4947 = VERTEX_POINT( '', #6052 );
#4948 = CIRCLE( '', #6053, 2.50000000000000 );
#4949 = CIRCLE( '', #6054, 0.500000000000000 );
#4950 = VERTEX_POINT( '', #6055 );
#4951 = CIRCLE( '', #6056, 2.70000000000000 );
#4952 = FILL_AREA_STYLE_COLOUR( '', #6057 );
#4953 = VERTEX_POINT( '', #6058 );
#4954 = VERTEX_POINT( '', #6059 );
#4955 = CIRCLE( '', #6060, 0.650000000000000 );
#4956 = VERTEX_POINT( '', #6061 );
#4957 = LINE( '', #6062, #6063 );
#4958 = VERTEX_POINT( '', #6064 );
#4959 = CIRCLE( '', #6065, 0.650000000000000 );
#4960 = LINE( '', #6066, #6067 );
#4961 = FILL_AREA_STYLE_COLOUR( '', #6068 );
#4962 = VERTEX_POINT( '', #6069 );
#4963 = VERTEX_POINT( '', #6070 );
#4964 = LINE( '', #6071, #6072 );
#4965 = VERTEX_POINT( '', #6073 );
#4966 = LINE( '', #6074, #6075 );
#4967 = VERTEX_POINT( '', #6076 );
#4968 = LINE( '', #6077, #6078 );
#4969 = LINE( '', #6079, #6080 );
#4970 = FILL_AREA_STYLE_COLOUR( '', #6081 );
#4971 = VERTEX_POINT( '', #6082 );
#4972 = VERTEX_POINT( '', #6083 );
#4973 = LINE( '', #6084, #6085 );
#4974 = VERTEX_POINT( '', #6086 );
#4975 = LINE( '', #6087, #6088 );
#4976 = VERTEX_POINT( '', #6089 );
#4977 = LINE( '', #6090, #6091 );
#4978 = LINE( '', #6092, #6093 );
#4979 = FILL_AREA_STYLE_COLOUR( '', #6094 );
#4980 = VERTEX_POINT( '', #6095 );
#4981 = VERTEX_POINT( '', #6096 );
#4982 = B_SPLINE_CURVE_WITH_KNOTS( '', 3, ( #6097, #6098, #6099, #6100, #6101, #6102, #6103, #6104, #6105, #6106, #6107, #6108, #6109, #6110, #6111, #6112, #6113, #6114, #6115, #6116, #6117, #6118, #6119, #6120, #6121, #6122, #6123, #6124, #6125 ), .UNSPECIFIED., .F., .F., ( 4, 3, 3, 2, 3, 2, 3, 3, 3, 3, 4 ), ( 0.552821966117895, 0.591195853023447, 0.628362709588093, 0.673645756531012, 0.718447068931985, 0.745729185612108, 0.773011302292232, 0.805021387191843, 0.851113267633908, 0.912015902936809, 0.937811771499920 ), .UNSPECIFIED. );
#4983 = VERTEX_POINT( '', #6126 );
#4984 = LINE( '', #6127, #6128 );
#4985 = VERTEX_POINT( '', #6129 );
#4986 = B_SPLINE_CURVE_WITH_KNOTS( '', 3, ( #6130, #6131, #6132, #6133, #6134, #6135, #6136, #6137, #6138, #6139, #6140, #6141, #6142, #6143, #6144, #6145, #6146, #6147, #6148, #6149, #6150, #6151, #6152, #6153, #6154, #6155, #6156, #6157, #6158 ), .UNSPECIFIED., .F., .F., ( 4, 3, 3, 2, 3, 2, 3, 3, 3, 3, 4 ), ( 0.552821966117895, 0.591195853023447, 0.628362709588093, 0.673645756531012, 0.718447068931985, 0.745729185612108, 0.773011302292232, 0.805021387191843, 0.851113267633908, 0.912015902936809, 0.937811771499920 ), .UNSPECIFIED. );
#4987 = LINE( '', #6159, #6160 );
#4988 = FILL_AREA_STYLE_COLOUR( '', #6161 );
#4989 = VERTEX_POINT( '', #6162 );
#4990 = B_SPLINE_CURVE_WITH_KNOTS( '', 3, ( #6163, #6164, #6165, #6166 ), .UNSPECIFIED., .F., .F., ( 4, 4 ), ( 0.396128007456503, 0.520656883151474 ), .UNSPECIFIED. );
#4991 = VERTEX_POINT( '', #6167 );
#4992 = LINE( '', #6168, #6169 );
#4993 = B_SPLINE_CURVE_WITH_KNOTS( '', 3, ( #6170, #6171, #6172, #6173 ), .UNSPECIFIED., .F., .F., ( 4, 4 ), ( 0.396128007456503, 0.520656883151474 ), .UNSPECIFIED. );
#4994 = FILL_AREA_STYLE_COLOUR( '', #6174 );
#4995 = VERTEX_POINT( '', #6175 );
#4996 = VERTEX_POINT( '', #6176 );
#4997 = LINE( '', #6177, #6178 );
#4998 = VERTEX_POINT( '', #6179 );
#4999 = LINE( '', #6180, #6181 );
#5000 = VERTEX_POINT( '', #6182 );
#5001 = LINE( '', #6183, #6184 );
#5002 = LINE( '', #6185, #6186 );
#5003 = FILL_AREA_STYLE_COLOUR( '', #6187 );
#5004 = VERTEX_POINT( '', #6188 );
#5005 = CIRCLE( '', #6189, 3.78000000000000 );
#5006 = VERTEX_POINT( '', #6190 );
#5007 = CIRCLE( '', #6191, 4.00000000000000 );
#5008 = FILL_AREA_STYLE_COLOUR( '', #6192 );
#5009 = VERTEX_POINT( '', #6193 );
#5010 = VERTEX_POINT( '', #6194 );
#5011 = B_SPLINE_CURVE_WITH_KNOTS( '', 1, ( #6195, #6196 ), .UNSPECIFIED., .F., .F., ( 2, 2 ), ( 0.971672493844612, 1.00000000000000 ), .UNSPECIFIED. );
#5012 = VERTEX_POINT( '', #6197 );
#5013 = LINE( '', #6198, #6199 );
#5014 = VERTEX_POINT( '', #6200 );
#5015 = B_SPLINE_CURVE_WITH_KNOTS( '', 1, ( #6201, #6202 ), .UNSPECIFIED., .F., .F., ( 2, 2 ), ( 0.971672493844612, 1.00000000000000 ), .UNSPECIFIED. );
#5016 = LINE( '', #6203, #6204 );
#5017 = FILL_AREA_STYLE_COLOUR( '', #6205 );
#5018 = VERTEX_POINT( '', #6206 );
#5019 = LINE( '', #6207, #6208 );
#5020 = VERTEX_POINT( '', #6209 );
#5021 = LINE( '', #6210, #6211 );
#5022 = LINE( '', #6212, #6213 );
#5023 = FILL_AREA_STYLE_COLOUR( '', #6214 );
#5024 = VERTEX_POINT( '', #6215 );
#5025 = LINE( '', #6216, #6217 );
#5026 = VERTEX_POINT( '', #6218 );
#5027 = LINE( '', #6219, #6220 );
#5028 = LINE( '', #6221, #6222 );
#5029 = FILL_AREA_STYLE_COLOUR( '', #6223 );
#5030 = VERTEX_POINT( '', #6224 );
#5031 = VERTEX_POINT( '', #6225 );
#5032 = B_SPLINE_CURVE_WITH_KNOTS( '', 1, ( #6226, #6227 ), .UNSPECIFIED., .F., .F., ( 2, 2 ), ( 0.767088607594937, 1.00000000000000 ), .UNSPECIFIED. );
#5033 = VERTEX_POINT( '', #6228 );
#5034 = LINE( '', #6229, #6230 );
#5035 = VERTEX_POINT( '', #6231 );
#5036 = B_SPLINE_CURVE_WITH_KNOTS( '', 1, ( #6232, #6233 ), .UNSPECIFIED., .F., .F., ( 2, 2 ), ( 0.767088607594937, 1.00000000000000 ), .UNSPECIFIED. );
#5037 = LINE( '', #6234, #6235 );
#5038 = FILL_AREA_STYLE_COLOUR( '', #6236 );
#5039 = VERTEX_POINT( '', #6237 );
#5040 = CIRCLE( '', #6238, 1.46000000000000 );
#5041 = VERTEX_POINT( '', #6239 );
#5042 = CIRCLE( '', #6240, 1.54000000000000 );
#5043 = FILL_AREA_STYLE_COLOUR( '', #6241 );
#5044 = VERTEX_POINT( '', #6242 );
#5045 = CIRCLE( '', #6243, 0.500000000000000 );
#5046 = FILL_AREA_STYLE_COLOUR( '', #6244 );
#5047 = VERTEX_POINT( '', #6245 );
#5048 = VERTEX_POINT( '', #6246 );
#5049 = CIRCLE( '', #6247, 0.800000000000000 );
#5050 = VERTEX_POINT( '', #6248 );
#5051 = LINE( '', #6249, #6250 );
#5052 = VERTEX_POINT( '', #6251 );
#5053 = CIRCLE( '', #6252, 0.800000000000000 );
#5054 = LINE( '', #6253, #6254 );
#5055 = FILL_AREA_STYLE_COLOUR( '', #6255 );
#5056 = VERTEX_POINT( '', #6256 );
#5057 = CIRCLE( '', #6257, 0.600000000000000 );
#5058 = VERTEX_POINT( '', #6258 );
#5059 = CIRCLE( '', #6259, 0.600000000000000 );
#5060 = FILL_AREA_STYLE_COLOUR( '', #6260 );
#5061 = VERTEX_POINT( '', #6261 );
#5062 = CIRCLE( '', #6262, 2.80000000000000 );
#5063 = VERTEX_POINT( '', #6263 );
#5064 = CIRCLE( '', #6264, 3.60000000000000 );
#5065 = FILL_AREA_STYLE_COLOUR( '', #6265 );
#5066 = VERTEX_POINT( '', #6266 );
#5067 = VERTEX_POINT( '', #6267 );
#5068 = LINE( '', #6268, #6269 );
#5069 = VERTEX_POINT( '', #6270 );
#5070 = LINE( '', #6271, #6272 );
#5071 = VERTEX_POINT( '', #6273 );
#5072 = LINE( '', #6274, #6275 );
#5073 = LINE( '', #6276, #6277 );
#5074 = FILL_AREA_STYLE_COLOUR( '', #6278 );
#5075 = VERTEX_POINT( '', #6279 );
#5076 = LINE( '', #6280, #6281 );
#5077 = VERTEX_POINT( '', #6282 );
#5078 = LINE( '', #6283, #6284 );
#5079 = LINE( '', #6285, #6286 );
#5080 = FILL_AREA_STYLE_COLOUR( '', #6287 );
#5081 = VERTEX_POINT( '', #6288 );
#5082 = CIRCLE( '', #6289, 0.500000000000000 );
#5083 = FILL_AREA_STYLE_COLOUR( '', #6290 );
#5084 = VERTEX_POINT( '', #6291 );
#5085 = VERTEX_POINT( '', #6292 );
#5086 = LINE( '', #6293, #6294 );
#5087 = VERTEX_POINT( '', #6295 );
#5088 = LINE( '', #6296, #6297 );
#5089 = VERTEX_POINT( '', #6298 );
#5090 = LINE( '', #6299, #6300 );
#5091 = LINE( '', #6301, #6302 );
#5092 = FILL_AREA_STYLE_COLOUR( '', #6303 );
#5093 = VERTEX_POINT( '', #6304 );
#5094 = LINE( '', #6305, #6306 );
#5095 = VERTEX_POINT( '', #6307 );
#5096 = LINE( '', #6308, #6309 );
#5097 = LINE( '', #6310, #6311 );
#5098 = FILL_AREA_STYLE_COLOUR( '', #6312 );
#5099 = VERTEX_POINT( '', #6313 );
#5100 = B_SPLINE_CURVE_WITH_KNOTS( '', 1, ( #6314, #6315 ), .UNSPECIFIED., .F., .F., ( 2, 2 ), ( 0.000000000000000, 0.231238664377135 ), .UNSPECIFIED. );
#5101 = VERTEX_POINT( '', #6316 );
#5102 = B_SPLINE_CURVE_WITH_KNOTS( '', 1, ( #6317, #6318 ), .UNSPECIFIED., .F., .F., ( 2, 2 ), ( 0.000000000000000, 0.231238664377135 ), .UNSPECIFIED. );
#5103 = LINE( '', #6319, #6320 );
#5104 = FILL_AREA_STYLE_COLOUR( '', #6321 );
#5105 = VERTEX_POINT( '', #6322 );
#5106 = B_SPLINE_CURVE_WITH_KNOTS( '', 1, ( #6323, #6324 ), .UNSPECIFIED., .F., .F., ( 2, 2 ), ( 0.905318389752371, 0.971672493844612 ), .UNSPECIFIED. );
#5107 = VERTEX_POINT( '', #6325 );
#5108 = LINE( '', #6326, #6327 );
#5109 = B_SPLINE_CURVE_WITH_KNOTS( '', 1, ( #6328, #6329 ), .UNSPECIFIED., .F., .F., ( 2, 2 ), ( 0.905318389752371, 0.971672493844612 ), .UNSPECIFIED. );
#5110 = FILL_AREA_STYLE_COLOUR( '', #6330 );
#5111 = VERTEX_POINT( '', #6331 );
#5112 = VERTEX_POINT( '', #6332 );
#5113 = LINE( '', #6333, #6334 );
#5114 = VERTEX_POINT( '', #6335 );
#5115 = LINE( '', #6336, #6337 );
#5116 = VERTEX_POINT( '', #6338 );
#5117 = LINE( '', #6339, #6340 );
#5118 = LINE( '', #6341, #6342 );
#5119 = FILL_AREA_STYLE_COLOUR( '', #6343 );
#5120 = VERTEX_POINT( '', #6344 );
#5121 = B_SPLINE_CURVE_WITH_KNOTS( '', 3, ( #6345, #6346, #6347, #6348, #6349, #6350, #6351, #6352, #6353, #6354, #6355, #6356, #6357, #6358, #6359, #6360, #6361, #6362, #6363, #6364, #6365, #6366, #6367 ), .UNSPECIFIED., .T., .F., ( 4, 3, 2, 3, 2, 3, 3, 3, 4 ), ( 0.000000000000000, 0.146111505192002, 0.252576618225214, 0.360294261999992, 0.507022501550928, 0.646414329124318, 0.754569249265786, 0.860633886954452, 1.00000000000000 ), .UNSPECIFIED. );
#5122 = VERTEX_POINT( '', #6368 );
#5123 = VERTEX_POINT( '', #6369 );
#5124 = B_SPLINE_CURVE_WITH_KNOTS( '', 3, ( #6370, #6371, #6372, #6373, #6374, #6375, #6376, #6377, #6378, #6379, #6380, #6381, #6382, #6383, #6384, #6385, #6386 ), .UNSPECIFIED., .F., .F., ( 4, 3, 3, 2, 2, 3, 4 ), ( 0.606662573971491, 0.756804334491811, 0.815206514537476, 0.858159583962297, 0.901112653387118, 0.951875371798270, 1.00000000000000 ), .UNSPECIFIED. );
#5125 = VERTEX_POINT( '', #6387 );
#5126 = B_SPLINE_CURVE_WITH_KNOTS( '', 3, ( #6388, #6389, #6390, #6391 ), .UNSPECIFIED., .F., .F., ( 4, 4 ), ( 0.580204471799121, 0.606662573971491 ), .UNSPECIFIED. );
#5127 = VERTEX_POINT( '', #6392 );
#5128 = B_SPLINE_CURVE_WITH_KNOTS( '', 3, ( #6393, #6394, #6395, #6396 ), .UNSPECIFIED., .F., .F., ( 4, 4 ), ( 0.558846726672027, 0.580204471799121 ), .UNSPECIFIED. );
#5129 = VERTEX_POINT( '', #6397 );
#5130 = B_SPLINE_CURVE_WITH_KNOTS( '', 3, ( #6398, #6399, #6400, #6401, #6402, #6403, #6404, #6405, #6406, #6407, #6408, #6409, #6410, #6411, #6412, #6413, #6414 ), .UNSPECIFIED., .F., .F., ( 4, 2, 3, 2, 2, 2, 2, 4 ), ( 0.182860790289621, 0.235547193108222, 0.301844249988295, 0.367171546661369, 0.411439385854307, 0.455707225047245, 0.499975064240183, 0.558846726672027 ), .UNSPECIFIED. );
#5131 = VERTEX_POINT( '', #6415 );
#5132 = B_SPLINE_CURVE_WITH_KNOTS( '', 3, ( #6416, #6417, #6418, #6419, #6420, #6421, #6422, #6423, #6424, #6425, #6426, #6427, #6428, #6429 ), .UNSPECIFIED., .F., .F., ( 4, 3, 2, 2, 3, 4 ), ( 0.0289434027834781, 0.0517568870854070, 0.0811100186776984, 0.113031549284314, 0.144953079890931, 0.182860790289621 ), .UNSPECIFIED. );
#5133 = B_SPLINE_CURVE_WITH_KNOTS( '', 3, ( #6430, #6431, #6432, #6433 ), .UNSPECIFIED., .F., .F., ( 4, 4 ), ( 0.000000000000000, 0.0289434027834781 ), .UNSPECIFIED. );
#5134 = FILL_AREA_STYLE_COLOUR( '', #6434 );
#5135 = VERTEX_POINT( '', #6435 );
#5136 = VERTEX_POINT( '', #6436 );
#5137 = B_SPLINE_CURVE_WITH_KNOTS( '', 3, ( #6437, #6438, #6439, #6440, #6441, #6442, #6443, #6444, #6445 ), .UNSPECIFIED., .F., .F., ( 4, 3, 2, 4 ), ( 0.409688211292898, 0.465068850248148, 0.502714729188323, 0.558287217147629 ), .UNSPECIFIED. );
#5138 = LINE( '', #6446, #6447 );
#5139 = LINE( '', #6448, #6449 );
#5140 = FILL_AREA_STYLE_COLOUR( '', #6450 );
#5141 = VERTEX_POINT( '', #6451 );
#5142 = VERTEX_POINT( '', #6452 );
#5143 = LINE( '', #6453, #6454 );
#5144 = VERTEX_POINT( '', #6455 );
#5145 = LINE( '', #6456, #6457 );
#5146 = VERTEX_POINT( '', #6458 );
#5147 = LINE( '', #6459, #6460 );
#5148 = LINE( '', #6461, #6462 );
#5149 = FILL_AREA_STYLE_COLOUR( '', #6463 );
#5150 = VERTEX_POINT( '', #6464 );
#5151 = VERTEX_POINT( '', #6465 );
#5152 = LINE( '', #6466, #6467 );
#5153 = LINE( '', #6468, #6469 );
#5154 = VERTEX_POINT( '', #6470 );
#5155 = LINE( '', #6471, #6472 );
#5156 = VERTEX_POINT( '', #6473 );
#5157 = LINE( '', #6474, #6475 );
#5158 = VERTEX_POINT( '', #6476 );
#5159 = LINE( '', #6477, #6478 );
#5160 = LINE( '', #6479, #6480 );
#5161 = VERTEX_POINT( '', #6481 );
#5162 = LINE( '', #6482, #6483 );
#5163 = VERTEX_POINT( '', #6484 );
#5164 = LINE( '', #6485, #6486 );
#5165 = VERTEX_POINT( '', #6487 );
#5166 = LINE( '', #6488, #6489 );
#5167 = LINE( '', #6490, #6491 );
#5168 = FILL_AREA_STYLE_COLOUR( '', #6492 );
#5169 = VERTEX_POINT( '', #6493 );
#5170 = B_SPLINE_CURVE_WITH_KNOTS( '', 3, ( #6494, #6495, #6496, #6497 ), .UNSPECIFIED., .F., .F., ( 4, 4 ), ( 0.558287217147629, 0.610658117094134 ), .UNSPECIFIED. );
#5171 = LINE( '', #6498, #6499 );
#5172 = FILL_AREA_STYLE_COLOUR( '', #6500 );
#5173 = VERTEX_POINT( '', #6501 );
#5174 = VERTEX_POINT( '', #6502 );
#5175 = B_SPLINE_CURVE_WITH_KNOTS( '', 3, ( #6503, #6504, #6505, #6506 ), .UNSPECIFIED., .F., .F., ( 4, 4 ), ( 0.000000000000000, 0.124528875694972 ), .UNSPECIFIED. );
#5176 = VERTEX_POINT( '', #6507 );
#5177 = LINE( '', #6508, #6509 );
#5178 = VERTEX_POINT( '', #6510 );
#5179 = B_SPLINE_CURVE_WITH_KNOTS( '', 3, ( #6511, #6512, #6513, #6514 ), .UNSPECIFIED., .F., .F., ( 4, 4 ), ( 0.000000000000000, 0.124528875694972 ), .UNSPECIFIED. );
#5180 = LINE( '', #6515, #6516 );
#5181 = FILL_AREA_STYLE_COLOUR( '', #6517 );
#5182 = VERTEX_POINT( '', #6518 );
#5183 = VERTEX_POINT( '', #6519 );
#5184 = B_SPLINE_CURVE_WITH_KNOTS( '', 3, ( #6520, #6521, #6522, #6523, #6524, #6525, #6526, #6527, #6528, #6529, #6530, #6531, #6532, #6533, #6534 ), .UNSPECIFIED., .F., .F., ( 4, 2, 3, 3, 3, 4 ), ( 0.361857452813977, 0.365353287071812, 0.403308059014016, 0.445301318245176, 0.482732751851467, 0.518355841223786 ), .UNSPECIFIED. );
#5185 = VERTEX_POINT( '', #6535 );
#5186 = LINE( '', #6536, #6537 );
#5187 = VERTEX_POINT( '', #6538 );
#5188 = B_SPLINE_CURVE_WITH_KNOTS( '', 3, ( #6539, #6540, #6541, #6542, #6543, #6544, #6545, #6546, #6547, #6548, #6549, #6550, #6551, #6552, #6553 ), .UNSPECIFIED., .F., .F., ( 4, 2, 3, 3, 3, 4 ), ( 0.361857452813977, 0.365353287071812, 0.403308059014016, 0.445301318245176, 0.482732751851467, 0.518355841223786 ), .UNSPECIFIED. );
#5189 = LINE( '', #6554, #6555 );
#5190 = FILL_AREA_STYLE_COLOUR( '', #6556 );
#5191 = VERTEX_POINT( '', #6557 );
#5192 = VERTEX_POINT( '', #6558 );
#5193 = B_SPLINE_CURVE_WITH_KNOTS( '', 3, ( #6559, #6560, #6561, #6562 ), .UNSPECIFIED., .F., .F., ( 4, 4 ), ( 0.967967528120303, 1.00000000000000 ), .UNSPECIFIED. );
#5194 = VERTEX_POINT( '', #6563 );
#5195 = B_SPLINE_CURVE_WITH_KNOTS( '', 3, ( #6564, #6565, #6566, #6567, #6568, #6569, #6570, #6571, #6572, #6573, #6574, #6575, #6576, #6577, #6578, #6579, #6580, #6581, #6582, #6583 ), .UNSPECIFIED., .F., .F., ( 4, 3, 3, 2, 3, 2, 3, 4 ), ( 0.582301816735135, 0.697897258735781, 0.727682193021292, 0.749965873996903, 0.772249554972515, 0.818209178399425, 0.864168801826335, 0.967967528120303 ), .UNSPECIFIED. );
#5196 = VERTEX_POINT( '', #6584 );
#5197 = B_SPLINE_CURVE_WITH_KNOTS( '', 3, ( #6585, #6586, #6587, #6588 ), .UNSPECIFIED., .F., .F., ( 4, 4 ), ( 0.550269344855437, 0.582301816735135 ), .UNSPECIFIED. );
#5198 = VERTEX_POINT( '', #6589 );
#5199 = B_SPLINE_CURVE_WITH_KNOTS( '', 3, ( #6590, #6591, #6592, #6593, #6594, #6595, #6596, #6597, #6598, #6599, #6600, #6601, #6602, #6603, #6604, #6605, #6606, #6607 ), .UNSPECIFIED., .F., .F., ( 4, 2, 3, 3, 3, 3, 4 ), ( 0.245640314251374, 0.317563337196489, 0.348999890271838, 0.376335385920032, 0.402372375392432, 0.433633459013527, 0.550269344855437 ), .UNSPECIFIED. );
#5200 = VERTEX_POINT( '', #6608 );
#5201 = B_SPLINE_CURVE_WITH_KNOTS( '', 3, ( #6609, #6610, #6611, #6612 ), .UNSPECIFIED., .F., .F., ( 4, 4 ), ( 0.218656438483151, 0.245640314251374 ), .UNSPECIFIED. );
#5202 = VERTEX_POINT( '', #6613 );
#5203 = B_SPLINE_CURVE_WITH_KNOTS( '', 3, ( #6614, #6615, #6616, #6617 ), .UNSPECIFIED., .F., .F., ( 4, 4 ), ( 0.189757577982990, 0.218656438483151 ), .UNSPECIFIED. );
#5204 = B_SPLINE_CURVE_WITH_KNOTS( '', 3, ( #6618, #6619, #6620, #6621 ), .UNSPECIFIED., .F., .F., ( 4, 4 ), ( 0.000000000000000, 0.189757577982990 ), .UNSPECIFIED. );
#5205 = FILL_AREA_STYLE_COLOUR( '', #6622 );
#5206 = VERTEX_POINT( '', #6623 );
#5207 = LINE( '', #6624, #6625 );
#5208 = CIRCLE( '', #6626, 0.350000000000000 );
#5209 = FILL_AREA_STYLE_COLOUR( '', #6627 );
#5210 = VERTEX_POINT( '', #6628 );
#5211 = B_SPLINE_CURVE_WITH_KNOTS( '', 3, ( #6629, #6630, #6631, #6632 ), .UNSPECIFIED., .F., .F., ( 4, 4 ), ( 0.374240109198532, 0.396128007456503 ), .UNSPECIFIED. );
#5212 = VERTEX_POINT( '', #6633 );
#5213 = LINE( '', #6634, #6635 );
#5214 = B_SPLINE_CURVE_WITH_KNOTS( '', 3, ( #6636, #6637, #6638, #6639 ), .UNSPECIFIED., .F., .F., ( 4, 4 ), ( 0.374240109198532, 0.396128007456503 ), .UNSPECIFIED. );
#5215 = FILL_AREA_STYLE_COLOUR( '', #6640 );
#5216 = VERTEX_POINT( '', #6641 );
#5217 = VERTEX_POINT( '', #6642 );
#5218 = LINE( '', #6643, #6644 );
#5219 = VERTEX_POINT( '', #6645 );
#5220 = CIRCLE( '', #6646, 0.800000000000000 );
#5221 = VERTEX_POINT( '', #6647 );
#5222 = LINE( '', #6648, #6649 );
#5223 = LINE( '', #6650, #6651 );
#5224 = LINE( '', #6652, #6653 );
#5225 = LINE( '', #6654, #6655 );
#5226 = VERTEX_POINT( '', #6656 );
#5227 = LINE( '', #6657, #6658 );
#5228 = LINE( '', #6659, #6660 );
#5229 = VERTEX_POINT( '', #6661 );
#5230 = LINE( '', #6662, #6663 );
#5231 = VERTEX_POINT( '', #6664 );
#5232 = LINE( '', #6665, #6666 );
#5233 = VERTEX_POINT( '', #6667 );
#5234 = CIRCLE( '', #6668, 0.650000000000000 );
#5235 = LINE( '', #6669, #6670 );
#5236 = VERTEX_POINT( '', #6671 );
#5237 = CIRCLE( '', #6672, 0.500000000000000 );
#5238 = VERTEX_POINT( '', #6673 );
#5239 = CIRCLE( '', #6674, 0.500000000000000 );
#5240 = VERTEX_POINT( '', #6675 );
#5241 = CIRCLE( '', #6676, 0.500000000000000 );
#5242 = VERTEX_POINT( '', #6677 );
#5243 = CIRCLE( '', #6678, 0.500000000000000 );
#5244 = FILL_AREA_STYLE_COLOUR( '', #6679 );
#5245 = VERTEX_POINT( '', #6680 );
#5246 = CIRCLE( '', #6681, 4.00000000000000 );
#5247 = VERTEX_POINT( '', #6682 );
#5248 = CIRCLE( '', #6683, 4.00000000000000 );
#5249 = LINE( '', #6684, #6685 );
#5250 = FILL_AREA_STYLE_COLOUR( '', #6686 );
#5251 = VERTEX_POINT( '', #6687 );
#5252 = B_SPLINE_CURVE_WITH_KNOTS( '', 1, ( #6688, #6689 ), .UNSPECIFIED., .F., .F., ( 2, 2 ), ( 0.877881759759685, 0.905318389752371 ), .UNSPECIFIED. );
#5253 = VERTEX_POINT( '', #6690 );
#5254 = B_SPLINE_CURVE_WITH_KNOTS( '', 1, ( #6691, #6692 ), .UNSPECIFIED., .F., .F., ( 2, 2 ), ( 0.775615380794607, 0.877881759759685 ), .UNSPECIFIED. );
#5255 = VERTEX_POINT( '', #6693 );
#5256 = B_SPLINE_CURVE_WITH_KNOTS( '', 1, ( #6694, #6695 ), .UNSPECIFIED., .F., .F., ( 2, 2 ), ( 0.740513905775974, 0.775615380794607 ), .UNSPECIFIED. );
#5257 = VERTEX_POINT( '', #6696 );
#5258 = B_SPLINE_CURVE_WITH_KNOTS( '', 1, ( #6697, #6698 ), .UNSPECIFIED., .F., .F., ( 2, 2 ), ( 0.613611110426539, 0.740513905775974 ), .UNSPECIFIED. );
#5259 = VERTEX_POINT( '', #6699 );
#5260 = B_SPLINE_CURVE_WITH_KNOTS( '', 1, ( #6700, #6701 ), .UNSPECIFIED., .F., .F., ( 2, 2 ), ( 0.523899473310671, 0.613611110426539 ), .UNSPECIFIED. );
#5261 = VERTEX_POINT( '', #6702 );
#5262 = B_SPLINE_CURVE_WITH_KNOTS( '', 1, ( #6703, #6704 ), .UNSPECIFIED., .F., .F., ( 2, 2 ), ( 0.486950552238425, 0.523899473310671 ), .UNSPECIFIED. );
#5263 = VERTEX_POINT( '', #6705 );
#5264 = B_SPLINE_CURVE_WITH_KNOTS( '', 1, ( #6706, #6707 ), .UNSPECIFIED., .F., .F., ( 2, 2 ), ( 0.391042748014597, 0.486950552238425 ), .UNSPECIFIED. );
#5265 = VERTEX_POINT( '', #6708 );
#5266 = B_SPLINE_CURVE_WITH_KNOTS( '', 1, ( #6709, #6710 ), .UNSPECIFIED., .F., .F., ( 2, 2 ), ( 0.259566170532524, 0.391042748014597 ), .UNSPECIFIED. );
#5267 = B_SPLINE_CURVE_WITH_KNOTS( '', 1, ( #6711, #6712 ), .UNSPECIFIED., .F., .F., ( 2, 2 ), ( 0.231238664377135, 0.259566170532524 ), .UNSPECIFIED. );
#5268 = FILL_AREA_STYLE_COLOUR( '', #6713 );
#5269 = CIRCLE( '', #6714, 3.60000000000000 );
#5270 = CIRCLE( '', #6715, 3.60000000000000 );
#5271 = FILL_AREA_STYLE_COLOUR( '', #6716 );
#5272 = VERTEX_POINT( '', #6717 );
#5273 = VERTEX_POINT( '', #6718 );
#5274 = B_SPLINE_CURVE_WITH_KNOTS( '', 3, ( #6719, #6720, #6721, #6722, #6723, #6724, #6725, #6726, #6727, #6728, #6729, #6730, #6731, #6732, #6733 ), .UNSPECIFIED., .F., .F., ( 4, 2, 3, 3, 3, 4 ), ( 0.499173000348934, 0.614831299932540, 0.730489599516148, 0.841701158441076, 0.958540723515278, 1.00000000000000 ), .UNSPECIFIED. );
#5275 = B_SPLINE_CURVE_WITH_KNOTS( '', 3, ( #6734, #6735, #6736, #6737, #6738, #6739, #6740, #6741, #6742, #6743, #6744, #6745, #6746, #6747, #6748 ), .UNSPECIFIED., .F., .F., ( 4, 3, 3, 3, 2, 4 ), ( 0.000000000000000, 0.192828299748918, 0.295900478323482, 0.355281930473563, 0.411434543107853, 0.499173000348934 ), .UNSPECIFIED. );
#5276 = FILL_AREA_STYLE_COLOUR( '', #6749 );
#5277 = VERTEX_POINT( '', #6750 );
#5278 = CIRCLE( '', #6751, 1.06000000000000 );
#5279 = VERTEX_POINT( '', #6752 );
#5280 = CIRCLE( '', #6753, 1.06000000000000 );
#5281 = FILL_AREA_STYLE_COLOUR( '', #6754 );
#5282 = VERTEX_POINT( '', #6755 );
#5283 = B_SPLINE_CURVE_WITH_KNOTS( '', 3, ( #6756, #6757, #6758, #6759, #6760, #6761, #6762, #6763, #6764, #6765, #6766, #6767, #6768, #6769, #6770, #6771, #6772, #6773, #6774, #6775, #6776, #6777, #6778 ), .UNSPECIFIED., .T., .F., ( 4, 3, 2, 3, 2, 3, 3, 3, 4 ), ( 0.000000000000000, 0.146111505192002, 0.252576618225214, 0.360294261999992, 0.507022501550928, 0.646414329124318, 0.754569249265786, 0.860633886954452, 1.00000000000000 ), .UNSPECIFIED. );
#5284 = FILL_AREA_STYLE_COLOUR( '', #6779 );
#5285 = VERTEX_POINT( '', #6780 );
#5286 = VERTEX_POINT( '', #6781 );
#5287 = LINE( '', #6782, #6783 );
#5288 = VERTEX_POINT( '', #6784 );
#5289 = CIRCLE( '', #6785, 0.500000000000000 );
#5290 = VERTEX_POINT( '', #6786 );
#5291 = LINE( '', #6787, #6788 );
#5292 = VERTEX_POINT( '', #6789 );
#5293 = CIRCLE( '', #6790, 0.500000000000000 );
#5294 = LINE( '', #6791, #6792 );
#5295 = VERTEX_POINT( '', #6793 );
#5296 = LINE( '', #6794, #6795 );
#5297 = VERTEX_POINT( '', #6796 );
#5298 = CIRCLE( '', #6797, 0.500000000000000 );
#5299 = LINE( '', #6798, #6799 );
#5300 = VERTEX_POINT( '', #6800 );
#5301 = LINE( '', #6801, #6802 );
#5302 = VERTEX_POINT( '', #6803 );
#5303 = CIRCLE( '', #6804, 0.500000000000000 );
#5304 = VERTEX_POINT( '', #6805 );
#5305 = LINE( '', #6806, #6807 );
#5306 = VERTEX_POINT( '', #6808 );
#5307 = CIRCLE( '', #6809, 0.500000000000000 );
#5308 = VERTEX_POINT( '', #6810 );
#5309 = LINE( '', #6811, #6812 );
#5310 = CIRCLE( '', #6813, 0.500000000000000 );
#5311 = VERTEX_POINT( '', #6814 );
#5312 = CIRCLE( '', #6815, 0.500000000000000 );
#5313 = FILL_AREA_STYLE_COLOUR( '', #6816 );
#5314 = VERTEX_POINT( '', #6817 );
#5315 = B_SPLINE_CURVE_WITH_KNOTS( '', 3, ( #6818, #6819, #6820, #6821 ), .UNSPECIFIED., .F., .F., ( 4, 4 ), ( 0.984247345950703, 1.00000000000000 ), .UNSPECIFIED. );
#5316 = VERTEX_POINT( '', #6822 );
#5317 = B_SPLINE_CURVE_WITH_KNOTS( '', 3, ( #6823, #6824, #6825, #6826 ), .UNSPECIFIED., .F., .F., ( 4, 4 ), ( 0.878124202881752, 0.984247345950703 ), .UNSPECIFIED. );
#5318 = VERTEX_POINT( '', #6827 );
#5319 = B_SPLINE_CURVE_WITH_KNOTS( '', 3, ( #6828, #6829, #6830, #6831 ), .UNSPECIFIED., .F., .F., ( 4, 4 ), ( 0.766066837949627, 0.878124202881752 ), .UNSPECIFIED. );
#5320 = VERTEX_POINT( '', #6832 );
#5321 = B_SPLINE_CURVE_WITH_KNOTS( '', 3, ( #6833, #6834, #6835, #6836 ), .UNSPECIFIED., .F., .F., ( 4, 4 ), ( 0.751474905777646, 0.766066837949627 ), .UNSPECIFIED. );
#5322 = VERTEX_POINT( '', #6837 );
#5323 = B_SPLINE_CURVE_WITH_KNOTS( '', 3, ( #6838, #6839, #6840, #6841 ), .UNSPECIFIED., .F., .F., ( 4, 4 ), ( 0.640874506159270, 0.751474905777646 ), .UNSPECIFIED. );
#5324 = B_SPLINE_CURVE_WITH_KNOTS( '', 3, ( #6842, #6843, #6844, #6845 ), .UNSPECIFIED., .F., .F., ( 4, 4 ), ( 0.536492445906294, 0.640874506159270 ), .UNSPECIFIED. );
#5325 = VERTEX_POINT( '', #6846 );
#5326 = B_SPLINE_CURVE_WITH_KNOTS( '', 3, ( #6847, #6848, #6849, #6850, #6851, #6852, #6853 ), .UNSPECIFIED., .F., .F., ( 4, 3, 4 ), ( 0.261468230552944, 0.282521875201090, 0.374240109198532 ), .UNSPECIFIED. );
#5327 = VERTEX_POINT( '', #6854 );
#5328 = B_SPLINE_CURVE_WITH_KNOTS( '', 3, ( #6855, #6856, #6857, #6858, #6859, #6860, #6861 ), .UNSPECIFIED., .F., .F., ( 4, 3, 4 ), ( 0.149069852529666, 0.242039240282829, 0.261468230552944 ), .UNSPECIFIED. );
#5329 = B_SPLINE_CURVE_WITH_KNOTS( '', 3, ( #6862, #6863, #6864, #6865 ), .UNSPECIFIED., .F., .F., ( 4, 4 ), ( 0.124528875694972, 0.149069852529666 ), .UNSPECIFIED. );
#5330 = FILL_AREA_STYLE_COLOUR( '', #6866 );
#5331 = VERTEX_POINT( '', #6867 );
#5332 = LINE( '', #6868, #6869 );
#5333 = VERTEX_POINT( '', #6870 );
#5334 = CIRCLE( '', #6871, 0.0500000000000000 );
#5335 = LINE( '', #6872, #6873 );
#5336 = FILL_AREA_STYLE_COLOUR( '', #6874 );
#5337 = VERTEX_POINT( '', #6875 );
#5338 = VERTEX_POINT( '', #6876 );
#5339 = B_SPLINE_CURVE_WITH_KNOTS( '', 3, ( #6877, #6878, #6879, #6880, #6881, #6882, #6883, #6884, #6885, #6886, #6887, #6888, #6889, #6890, #6891, #6892, #6893 ), .UNSPECIFIED., .F., .F., ( 4, 3, 3, 2, 2, 3, 4 ), ( 0.606662573971491, 0.756804334491811, 0.815206514537476, 0.858159583962297, 0.901112653387118, 0.951875371798270, 1.00000000000000 ), .UNSPECIFIED. );
#5340 = LINE( '', #6894, #6895 );
#5341 = LINE( '', #6896, #6897 );
#5342 = FILL_AREA_STYLE_COLOUR( '', #6898 );
#5343 = VERTEX_POINT( '', #6899 );
#5344 = CIRCLE( '', #6900, 0.980000000000000 );
#5345 = FILL_AREA_STYLE_COLOUR( '', #6901 );
#5346 = VERTEX_POINT( '', #6902 );
#5347 = CIRCLE( '', #6903, 2.42000000000000 );
#5348 = VERTEX_POINT( '', #6904 );
#5349 = CIRCLE( '', #6905, 2.02000000000000 );
#5350 = CIRCLE( '', #6906, 0.500000000000000 );
#5351 = FILL_AREA_STYLE_COLOUR( '', #6907 );
#5352 = VERTEX_POINT( '', #6908 );
#5353 = LINE( '', #6909, #6910 );
#5354 = LINE( '', #6911, #6912 );
#5355 = FILL_AREA_STYLE_COLOUR( '', #6913 );
#5356 = VERTEX_POINT( '', #6914 );
#5357 = LINE( '', #6915, #6916 );
#5358 = VERTEX_POINT( '', #6917 );
#5359 = LINE( '', #6918, #6919 );
#5360 = LINE( '', #6920, #6921 );
#5361 = FILL_AREA_STYLE_COLOUR( '', #6922 );
#5362 = VERTEX_POINT( '', #6923 );
#5363 = VERTEX_POINT( '', #6924 );
#5364 = B_SPLINE_CURVE_WITH_KNOTS( '', 3, ( #6925, #6926, #6927, #6928 ), .UNSPECIFIED., .F., .F., ( 4, 4 ), ( 0.000000000000000, 0.314257670872102 ), .UNSPECIFIED. );
#5365 = LINE( '', #6929, #6930 );
#5366 = LINE( '', #6931, #6932 );
#5367 = FILL_AREA_STYLE_COLOUR( '', #6933 );
#5368 = VERTEX_POINT( '', #6934 );
#5369 = CIRCLE( '', #6935, 0.500000000000000 );
#5370 = FILL_AREA_STYLE_COLOUR( '', #6936 );
#5371 = FILL_AREA_STYLE_COLOUR( '', #6937 );
#5372 = LINE( '', #6938, #6939 );
#5373 = LINE( '', #6940, #6941 );
#5374 = FILL_AREA_STYLE_COLOUR( '', #6942 );
#5375 = VERTEX_POINT( '', #6943 );
#5376 = B_SPLINE_CURVE_WITH_KNOTS( '', 3, ( #6944, #6945, #6946, #6947, #6948, #6949, #6950, #6951, #6952, #6953, #6954, #6955, #6956, #6957, #6958, #6959, #6960, #6961, #6962, #6963, #6964, #6965, #6966, #6967, #6968, #6969 ), .UNSPECIFIED., .F., .F., ( 4, 3, 2, 3, 2, 3, 3, 3, 3, 4 ), ( 0.000000000000000, 0.0435677467798340, 0.0792300526083791, 0.137853021093658, 0.185823090862069, 0.213458022359089, 0.240417574286251, 0.267771210990726, 0.299022736414279, 0.361857452813977 ), .UNSPECIFIED. );
#5377 = VERTEX_POINT( '', #6970 );
#5378 = LINE( '', #6971, #6972 );
#5379 = B_SPLINE_CURVE_WITH_KNOTS( '', 3, ( #6973, #6974, #6975, #6976, #6977, #6978, #6979, #6980, #6981, #6982, #6983, #6984, #6985, #6986, #6987, #6988, #6989, #6990, #6991, #6992, #6993, #6994, #6995, #6996, #6997, #6998 ), .UNSPECIFIED., .F., .F., ( 4, 3, 2, 3, 2, 3, 3, 3, 3, 4 ), ( 0.000000000000000, 0.0435677467798340, 0.0792300526083791, 0.137853021093658, 0.185823090862069, 0.213458022359089, 0.240417574286251, 0.267771210990726, 0.299022736414279, 0.361857452813977 ), .UNSPECIFIED. );
#5380 = FILL_AREA_STYLE_COLOUR( '', #6999 );
#5381 = VERTEX_POINT( '', #7000 );
#5382 = LINE( '', #7001, #7002 );
#5383 = LINE( '', #7003, #7004 );
#5384 = FILL_AREA_STYLE_COLOUR( '', #7005 );
#5385 = VERTEX_POINT( '', #7006 );
#5386 = CIRCLE( '', #7007, 1.94000000000000 );
#5387 = VERTEX_POINT( '', #7008 );
#5388 = CIRCLE( '', #7009, 2.02000000000000 );
#5389 = CIRCLE( '', #7010, 0.500000000000000 );
#5390 = FILL_AREA_STYLE_COLOUR( '', #7011 );
#5391 = VERTEX_POINT( '', #7012 );
#5392 = LINE( '', #7013, #7014 );
#5393 = VERTEX_POINT( '', #7015 );
#5394 = LINE( '', #7016, #7017 );
#5395 = LINE( '', #7018, #7019 );
#5396 = FILL_AREA_STYLE_COLOUR( '', #7020 );
#5397 = VERTEX_POINT( '', #7021 );
#5398 = B_SPLINE_CURVE_WITH_KNOTS( '', 1, ( #7022, #7023 ), .UNSPECIFIED., .F., .F., ( 2, 2 ), ( 0.500000000000000, 0.767088607594937 ), .UNSPECIFIED. );
#5399 = VERTEX_POINT( '', #7024 );
#5400 = B_SPLINE_CURVE_WITH_KNOTS( '', 1, ( #7025, #7026 ), .UNSPECIFIED., .F., .F., ( 2, 2 ), ( 0.267088607594937, 0.500000000000000 ), .UNSPECIFIED. );
#5401 = B_SPLINE_CURVE_WITH_KNOTS( '', 1, ( #7027, #7028 ), .UNSPECIFIED., .F., .F., ( 2, 2 ), ( 0.000000000000000, 0.267088607594937 ), .UNSPECIFIED. );
#5402 = FILL_AREA_STYLE_COLOUR( '', #7029 );
#5403 = VERTEX_POINT( '', #7030 );
#5404 = CIRCLE( '', #7031, 0.580000000000000 );
#5405 = VERTEX_POINT( '', #7032 );
#5406 = CIRCLE( '', #7033, 0.980000000000000 );
#5407 = FILL_AREA_STYLE_COLOUR( '', #7034 );
#5408 = VERTEX_POINT( '', #7035 );
#5409 = LINE( '', #7036, #7037 );
#5410 = LINE( '', #7038, #7039 );
#5411 = FILL_AREA_STYLE_COLOUR( '', #7040 );
#5412 = VERTEX_POINT( '', #7041 );
#5413 = VERTEX_POINT( '', #7042 );
#5414 = B_SPLINE_CURVE_WITH_KNOTS( '', 1, ( #7043, #7044 ), .UNSPECIFIED., .F., .F., ( 2, 2 ), ( 0.500000000000000, 0.927786499215071 ), .UNSPECIFIED. );
#5415 = VERTEX_POINT( '', #7045 );
#5416 = LINE( '', #7046, #7047 );
#5417 = VERTEX_POINT( '', #7048 );
#5418 = B_SPLINE_CURVE_WITH_KNOTS( '', 1, ( #7049, #7050 ), .UNSPECIFIED., .F., .F., ( 2, 2 ), ( 0.500000000000000, 0.927786499215071 ), .UNSPECIFIED. );
#5419 = LINE( '', #7051, #7052 );
#5420 = FILL_AREA_STYLE_COLOUR( '', #7053 );
#5421 = VERTEX_POINT( '', #7054 );
#5422 = LINE( '', #7055, #7056 );
#5423 = VERTEX_POINT( '', #7057 );
#5424 = LINE( '', #7058, #7059 );
#5425 = LINE( '', #7060, #7061 );
#5426 = FILL_AREA_STYLE_COLOUR( '', #7062 );
#5427 = VERTEX_POINT( '', #7063 );
#5428 = LINE( '', #7064, #7065 );
#5429 = LINE( '', #7066, #7067 );
#5430 = FILL_AREA_STYLE_COLOUR( '', #7068 );
#5431 = VERTEX_POINT( '', #7069 );
#5432 = VERTEX_POINT( '', #7070 );
#5433 = B_SPLINE_CURVE_WITH_KNOTS( '', 3, ( #7071, #7072, #7073, #7074 ), .UNSPECIFIED., .F., .F., ( 4, 4 ), ( 0.967967528120303, 1.00000000000000 ), .UNSPECIFIED. );
#5434 = LINE( '', #7075, #7076 );
#5435 = LINE( '', #7077, #7078 );
#5436 = FILL_AREA_STYLE_COLOUR( '', #7079 );
#5437 = VERTEX_POINT( '', #7080 );
#5438 = LINE( '', #7081, #7082 );
#5439 = VERTEX_POINT( '', #7083 );
#5440 = LINE( '', #7084, #7085 );
#5441 = VERTEX_POINT( '', #7086 );
#5442 = LINE( '', #7087, #7088 );
#5443 = VERTEX_POINT( '', #7089 );
#5444 = LINE( '', #7090, #7091 );
#5445 = LINE( '', #7092, #7093 );
#5446 = FILL_AREA_STYLE_COLOUR( '', #7094 );
#5447 = VERTEX_POINT( '', #7095 );
#5448 = B_SPLINE_CURVE_WITH_KNOTS( '', 1, ( #7096, #7097 ), .UNSPECIFIED., .F., .F., ( 2, 2 ), ( 0.000000000000000, 0.267088607594937 ), .UNSPECIFIED. );
#5449 = LINE( '', #7098, #7099 );
#5450 = FILL_AREA_STYLE_COLOUR( '', #7100 );
#5451 = LINE( '', #7101, #7102 );
#5452 = FILL_AREA_STYLE_COLOUR( '', #7103 );
#5453 = VERTEX_POINT( '', #7104 );
#5454 = VERTEX_POINT( '', #7105 );
#5455 = LINE( '', #7106, #7107 );
#5456 = VERTEX_POINT( '', #7108 );
#5457 = LINE( '', #7109, #7110 );
#5458 = VERTEX_POINT( '', #7111 );
#5459 = LINE( '', #7112, #7113 );
#5460 = LINE( '', #7114, #7115 );
#5461 = FILL_AREA_STYLE_COLOUR( '', #7116 );
#5462 = VERTEX_POINT( '', #7117 );
#5463 = VERTEX_POINT( '', #7118 );
#5464 = LINE( '', #7119, #7120 );
#5465 = CIRCLE( '', #7121, 0.350000000000000 );
#5466 = CIRCLE( '', #7122, 0.350000000000000 );
#5467 = FILL_AREA_STYLE_COLOUR( '', #7123 );
#5468 = VERTEX_POINT( '', #7124 );
#5469 = VERTEX_POINT( '', #7125 );
#5470 = B_SPLINE_CURVE_WITH_KNOTS( '', 3, ( #7126, #7127, #7128, #7129 ), .UNSPECIFIED., .F., .F., ( 4, 4 ), ( 0.640874506159270, 0.751474905777646 ), .UNSPECIFIED. );
#5471 = LINE( '', #7130, #7131 );
#5472 = LINE( '', #7132, #7133 );
#5473 = FILL_AREA_STYLE_COLOUR( '', #7134 );
#5474 = VERTEX_POINT( '', #7135 );
#5475 = LINE( '', #7136, #7137 );
#5476 = VERTEX_POINT( '', #7138 );
#5477 = LINE( '', #7139, #7140 );
#5478 = VERTEX_POINT( '', #7141 );
#5479 = LINE( '', #7142, #7143 );
#5480 = VERTEX_POINT( '', #7144 );
#5481 = CIRCLE( '', #7145, 4.00000000000000 );
#5482 = VERTEX_POINT( '', #7146 );
#5483 = LINE( '', #7147, #7148 );
#5484 = VERTEX_POINT( '', #7149 );
#5485 = LINE( '', #7150, #7151 );
#5486 = VERTEX_POINT( '', #7152 );
#5487 = LINE( '', #7153, #7154 );
#5488 = VERTEX_POINT( '', #7155 );
#5489 = CIRCLE( '', #7156, 4.00000000000000 );
#5490 = LINE( '', #7157, #7158 );
#5491 = VERTEX_POINT( '', #7159 );
#5492 = LINE( '', #7160, #7161 );
#5493 = CIRCLE( '', #7162, 4.00000000000000 );
#5494 = VERTEX_POINT( '', #7163 );
#5495 = CIRCLE( '', #7164, 0.600000000000000 );
#5496 = FILL_AREA_STYLE_COLOUR( '', #7165 );
#5497 = FILL_AREA_STYLE_COLOUR( '', #7166 );
#5498 = VERTEX_POINT( '', #7167 );
#5499 = B_SPLINE_CURVE_WITH_KNOTS( '', 3, ( #7168, #7169, #7170, #7171 ), .UNSPECIFIED., .F., .F., ( 4, 4 ), ( 0.000000000000000, 0.0289434027834781 ), .UNSPECIFIED. );
#5500 = LINE( '', #7172, #7173 );
#5501 = FILL_AREA_STYLE_COLOUR( '', #7174 );
#5502 = VERTEX_POINT( '', #7175 );
#5503 = VERTEX_POINT( '', #7176 );
#5504 = B_SPLINE_CURVE_WITH_KNOTS( '', 1, ( #7177, #7178 ), .UNSPECIFIED., .F., .F., ( 2, 2 ), ( 0.259566170532524, 0.391042748014597 ), .UNSPECIFIED. );
#5505 = LINE( '', #7179, #7180 );
#5506 = LINE( '', #7181, #7182 );
#5507 = FILL_AREA_STYLE_COLOUR( '', #7183 );
#5508 = VERTEX_POINT( '', #7184 );
#5509 = LINE( '', #7185, #7186 );
#5510 = LINE( '', #7187, #7188 );
#5511 = FILL_AREA_STYLE_COLOUR( '', #7189 );
#5512 = VERTEX_POINT( '', #7190 );
#5513 = CIRCLE( '', #7191, 0.500000000000000 );
#5514 = FILL_AREA_STYLE_COLOUR( '', #7192 );
#5515 = VERTEX_POINT( '', #7193 );
#5516 = VERTEX_POINT( '', #7194 );
#5517 = LINE( '', #7195, #7196 );
#5518 = LINE( '', #7197, #7198 );
#5519 = LINE( '', #7199, #7200 );
#5520 = FILL_AREA_STYLE_COLOUR( '', #7201 );
#5521 = FILL_AREA_STYLE_COLOUR( '', #7202 );
#5522 = VERTEX_POINT( '', #7203 );
#5523 = LINE( '', #7204, #7205 );
#5524 = VERTEX_POINT( '', #7206 );
#5525 = B_SPLINE_CURVE_WITH_KNOTS( '', 3, ( #7207, #7208, #7209, #7210, #7211, #7212, #7213, #7214, #7215, #7216, #7217, #7218, #7219, #7220, #7221 ), .UNSPECIFIED., .F., .F., ( 4, 3, 3, 3, 2, 4 ), ( 0.000000000000000, 0.192828299748918, 0.295900478323482, 0.355281930473563, 0.411434543107853, 0.499173000348934 ), .UNSPECIFIED. );
#5526 = LINE( '', #7222, #7223 );
#5527 = FILL_AREA_STYLE_COLOUR( '', #7224 );
#5528 = VERTEX_POINT( '', #7225 );
#5529 = VERTEX_POINT( '', #7226 );
#5530 = LINE( '', #7227, #7228 );
#5531 = LINE( '', #7229, #7230 );
#5532 = VERTEX_POINT( '', #7231 );
#5533 = LINE( '', #7232, #7233 );
#5534 = VERTEX_POINT( '', #7234 );
#5535 = LINE( '', #7235, #7236 );
#5536 = LINE( '', #7237, #7238 );
#5537 = VERTEX_POINT( '', #7239 );
#5538 = LINE( '', #7240, #7241 );
#5539 = LINE( '', #7242, #7243 );
#5540 = LINE( '', #7244, #7245 );
#5541 = FILL_AREA_STYLE_COLOUR( '', #7246 );
#5542 = VERTEX_POINT( '', #7247 );
#5543 = B_SPLINE_CURVE_WITH_KNOTS( '', 3, ( #7248, #7249, #7250, #7251 ), .UNSPECIFIED., .F., .F., ( 4, 4 ), ( 0.947239308468262, 1.00000000000000 ), .UNSPECIFIED. );
#5544 = LINE( '', #7252, #7253 );
#5545 = FILL_AREA_STYLE_COLOUR( '', #7254 );
#5546 = VERTEX_POINT( '', #7255 );
#5547 = CIRCLE( '', #7256, 3.56000000000000 );
#5548 = FILL_AREA_STYLE_COLOUR( '', #7257 );
#5549 = VERTEX_POINT( '', #7258 );
#5550 = CIRCLE( '', #7259, 4.00000000000000 );
#5551 = FILL_AREA_STYLE_COLOUR( '', #7260 );
#5552 = VERTEX_POINT( '', #7261 );
#5553 = LINE( '', #7262, #7263 );
#5554 = VERTEX_POINT( '', #7264 );
#5555 = LINE( '', #7265, #7266 );
#5556 = LINE( '', #7267, #7268 );
#5557 = FILL_AREA_STYLE_COLOUR( '', #7269 );
#5558 = VERTEX_POINT( '', #7270 );
#5559 = CIRCLE( '', #7271, 1.54000000000000 );
#5560 = FILL_AREA_STYLE_COLOUR( '', #7272 );
#5561 = VERTEX_POINT( '', #7273 );
#5562 = VERTEX_POINT( '', #7274 );
#5563 = B_SPLINE_CURVE_WITH_KNOTS( '', 3, ( #7275, #7276, #7277, #7278 ), .UNSPECIFIED., .F., .F., ( 4, 4 ), ( 0.878124202881752, 0.984247345950703 ), .UNSPECIFIED. );
#5564 = LINE( '', #7279, #7280 );
#5565 = LINE( '', #7281, #7282 );
#5566 = FILL_AREA_STYLE_COLOUR( '', #7283 );
#5567 = VERTEX_POINT( '', #7284 );
#5568 = B_SPLINE_CURVE_WITH_KNOTS( '', 1, ( #7285, #7286 ), .UNSPECIFIED., .F., .F., ( 2, 2 ), ( 0.267088607594937, 0.500000000000000 ), .UNSPECIFIED. );
#5569 = LINE( '', #7287, #7288 );
#5570 = FILL_AREA_STYLE_COLOUR( '', #7289 );
#5571 = VERTEX_POINT( '', #7290 );
#5572 = CIRCLE( '', #7291, 1.94000000000000 );
#5573 = VERTEX_POINT( '', #7292 );
#5574 = CIRCLE( '', #7293, 1.94000000000000 );
#5575 = LINE( '', #7294, #7295 );
#5576 = FILL_AREA_STYLE_COLOUR( '', #7296 );
#5577 = VERTEX_POINT( '', #7297 );
#5578 = CIRCLE( '', #7298, 2.80000000000000 );
#5579 = FILL_AREA_STYLE_COLOUR( '', #7299 );
#5580 = VERTEX_POINT( '', #7300 );
#5581 = CIRCLE( '', #7301, 4.00000000000000 );
#5582 = VERTEX_POINT( '', #7302 );
#5583 = CIRCLE( '', #7303, 3.78000000000000 );
#5584 = FILL_AREA_STYLE_COLOUR( '', #7304 );
#5585 = VERTEX_POINT( '', #7305 );
#5586 = VERTEX_POINT( '', #7306 );
#5587 = LINE( '', #7307, #7308 );
#5588 = VERTEX_POINT( '', #7309 );
#5589 = LINE( '', #7310, #7311 );
#5590 = VERTEX_POINT( '', #7312 );
#5591 = LINE( '', #7313, #7314 );
#5592 = LINE( '', #7315, #7316 );
#5593 = FILL_AREA_STYLE_COLOUR( '', #7317 );
#5594 = VERTEX_POINT( '', #7318 );
#5595 = CIRCLE( '', #7319, 0.500000000000000 );
#5596 = FILL_AREA_STYLE_COLOUR( '', #7320 );
#5597 = VERTEX_POINT( '', #7321 );
#5598 = VERTEX_POINT( '', #7322 );
#5599 = LINE( '', #7323, #7324 );
#5600 = VERTEX_POINT( '', #7325 );
#5601 = LINE( '', #7326, #7327 );
#5602 = LINE( '', #7328, #7329 );
#5603 = VERTEX_POINT( '', #7330 );
#5604 = LINE( '', #7331, #7332 );
#5605 = VERTEX_POINT( '', #7333 );
#5606 = LINE( '', #7334, #7335 );
#5607 = VERTEX_POINT( '', #7336 );
#5608 = LINE( '', #7337, #7338 );
#5609 = VERTEX_POINT( '', #7339 );
#5610 = LINE( '', #7340, #7341 );
#5611 = LINE( '', #7342, #7343 );
#5612 = LINE( '', #7344, #7345 );
#5613 = FILL_AREA_STYLE_COLOUR( '', #7346 );
#5614 = B_SPLINE_CURVE_WITH_KNOTS( '', 3, ( #7347, #7348, #7349, #7350 ), .UNSPECIFIED., .F., .F., ( 4, 4 ), ( 0.984247345950703, 1.00000000000000 ), .UNSPECIFIED. );
#5615 = FILL_AREA_STYLE_COLOUR( '', #7351 );
#5616 = VERTEX_POINT( '', #7352 );
#5617 = B_SPLINE_CURVE_WITH_KNOTS( '', 3, ( #7353, #7354, #7355, #7356, #7357, #7358, #7359, #7360, #7361, #7362, #7363, #7364, #7365, #7366 ), .UNSPECIFIED., .F., .F., ( 4, 3, 2, 2, 3, 4 ), ( 0.0289434027834781, 0.0517568870854070, 0.0811100186776984, 0.113031549284314, 0.144953079890931, 0.182860790289621 ), .UNSPECIFIED. );
#5618 = LINE( '', #7367, #7368 );
#5619 = FILL_AREA_STYLE_COLOUR( '', #7369 );
#5620 = VERTEX_POINT( '', #7370 );
#5621 = CIRCLE( '', #7371, 0.500000000000000 );
#5622 = VERTEX_POINT( '', #7372 );
#5623 = CIRCLE( '', #7373, 0.580000000000000 );
#5624 = FILL_AREA_STYLE_COLOUR( '', #7374 );
#5625 = VERTEX_POINT( '', #7375 );
#5626 = LINE( '', #7376, #7377 );
#5627 = LINE( '', #7378, #7379 );
#5628 = FILL_AREA_STYLE_COLOUR( '', #7380 );
#5629 = B_SPLINE_CURVE_WITH_KNOTS( '', 3, ( #7381, #7382, #7383, #7384, #7385, #7386, #7387, #7388, #7389, #7390, #7391, #7392, #7393, #7394, #7395 ), .UNSPECIFIED., .F., .F., ( 4, 2, 3, 3, 3, 4 ), ( 0.610658117094134, 0.649580036061723, 0.684079009692085, 0.719729512721674, 0.782879952987661, 0.947239308468262 ), .UNSPECIFIED. );
#5630 = FILL_AREA_STYLE_COLOUR( '', #7396 );
#5631 = VERTEX_POINT( '', #7397 );
#5632 = CIRCLE( '', #7398, 4.00000000000000 );
#5633 = CIRCLE( '', #7399, 3.60000000000000 );
#5634 = FILL_AREA_STYLE_COLOUR( '', #7400 );
#5635 = VERTEX_POINT( '', #7401 );
#5636 = LINE( '', #7402, #7403 );
#5637 = LINE( '', #7404, #7405 );
#5638 = LINE( '', #7406, #7407 );
#5639 = LINE( '', #7408, #7409 );
#5640 = FILL_AREA_STYLE_COLOUR( '', #7410 );
#5641 = VERTEX_POINT( '', #7411 );
#5642 = LINE( '', #7412, #7413 );
#5643 = LINE( '', #7414, #7415 );
#5644 = FILL_AREA_STYLE_COLOUR( '', #7416 );
#5645 = LINE( '', #7417, #7418 );
#5646 = FILL_AREA_STYLE_COLOUR( '', #7419 );
#5647 = LINE( '', #7420, #7421 );
#5648 = VERTEX_POINT( '', #7422 );
#5649 = CIRCLE( '', #7423, 0.0500000000000000 );
#5650 = VERTEX_POINT( '', #7424 );
#5651 = LINE( '', #7425, #7426 );
#5652 = LINE( '', #7427, #7428 );
#5653 = FILL_AREA_STYLE_COLOUR( '', #7429 );
#5654 = VERTEX_POINT( '', #7430 );
#5655 = LINE( '', #7431, #7432 );
#5656 = LINE( '', #7433, #7434 );
#5657 = FILL_AREA_STYLE_COLOUR( '', #7435 );
#5658 = VERTEX_POINT( '', #7436 );
#5659 = LINE( '', #7437, #7438 );
#5660 = LINE( '', #7439, #7440 );
#5661 = FILL_AREA_STYLE_COLOUR( '', #7441 );
#5662 = VERTEX_POINT( '', #7442 );
#5663 = LINE( '', #7443, #7444 );
#5664 = CIRCLE( '', #7445, 2.50000000000000 );
#5665 = FILL_AREA_STYLE_COLOUR( '', #7446 );
#5666 = VERTEX_POINT( '', #7447 );
#5667 = LINE( '', #7448, #7449 );
#5668 = VERTEX_POINT( '', #7450 );
#5669 = LINE( '', #7451, #7452 );
#5670 = LINE( '', #7453, #7454 );
#5671 = FILL_AREA_STYLE_COLOUR( '', #7455 );
#5672 = VERTEX_POINT( '', #7456 );
#5673 = CIRCLE( '', #7457, 4.00000000000000 );
#5674 = LINE( '', #7458, #7459 );
#5675 = FILL_AREA_STYLE_COLOUR( '', #7460 );
#5676 = FILL_AREA_STYLE_COLOUR( '', #7461 );
#5677 = VERTEX_POINT( '', #7462 );
#5678 = B_SPLINE_CURVE_WITH_KNOTS( '', 3, ( #7463, #7464, #7465, #7466 ), .UNSPECIFIED., .F., .F., ( 4, 4 ), ( 0.580204471799121, 0.606662573971491 ), .UNSPECIFIED. );
#5679 = LINE( '', #7467, #7468 );
#5680 = FILL_AREA_STYLE_COLOUR( '', #7469 );
#5681 = VERTEX_POINT( '', #7470 );
#5682 = B_SPLINE_CURVE_WITH_KNOTS( '', 3, ( #7471, #7472, #7473, #7474 ), .UNSPECIFIED., .F., .F., ( 4, 4 ), ( 0.362117095977395, 0.409688211292898 ), .UNSPECIFIED. );
#5683 = LINE( '', #7475, #7476 );
#5684 = FILL_AREA_STYLE_COLOUR( '', #7477 );
#5685 = VERTEX_POINT( '', #7478 );
#5686 = B_SPLINE_CURVE_WITH_KNOTS( '', 3, ( #7479, #7480, #7481, #7482 ), .UNSPECIFIED., .F., .F., ( 4, 4 ), ( 0.973266954868237, 1.00000000000000 ), .UNSPECIFIED. );
#5687 = VERTEX_POINT( '', #7483 );
#5688 = LINE( '', #7484, #7485 );
#5689 = B_SPLINE_CURVE_WITH_KNOTS( '', 3, ( #7486, #7487, #7488, #7489 ), .UNSPECIFIED., .F., .F., ( 4, 4 ), ( 0.973266954868237, 1.00000000000000 ), .UNSPECIFIED. );
#5690 = FILL_AREA_STYLE_COLOUR( '', #7490 );
#5691 = LINE( '', #7491, #7492 );
#5692 = FILL_AREA_STYLE_COLOUR( '', #7493 );
#5693 = VERTEX_POINT( '', #7494 );
#5694 = B_SPLINE_CURVE_WITH_KNOTS( '', 1, ( #7495, #7496 ), .UNSPECIFIED., .F., .F., ( 2, 2 ), ( 0.427786499215071, 0.500000000000000 ), .UNSPECIFIED. );
#5695 = VERTEX_POINT( '', #7497 );
#5696 = LINE( '', #7498, #7499 );
#5697 = B_SPLINE_CURVE_WITH_KNOTS( '', 1, ( #7500, #7501 ), .UNSPECIFIED., .F., .F., ( 2, 2 ), ( 0.427786499215071, 0.500000000000000 ), .UNSPECIFIED. );
#5698 = FILL_AREA_STYLE_COLOUR( '', #7502 );
#5699 = FILL_AREA_STYLE_COLOUR( '', #7503 );
#5700 = B_SPLINE_CURVE_WITH_KNOTS( '', 3, ( #7504, #7505, #7506, #7507, #7508, #7509, #7510, #7511, #7512, #7513, #7514, #7515, #7516, #7517, #7518 ), .UNSPECIFIED., .F., .F., ( 4, 2, 3, 3, 3, 4 ), ( 0.499173000348934, 0.614831299932540, 0.730489599516148, 0.841701158441076, 0.958540723515278, 1.00000000000000 ), .UNSPECIFIED. );
#5701 = B_SPLINE_CURVE_WITH_KNOTS( '', 3, ( #7519, #7520, #7521, #7522 ), .UNSPECIFIED., .F., .F., ( 4, 4 ), ( 0.937811771499920, 0.973266954868237 ), .UNSPECIFIED. );
#5702 = B_SPLINE_CURVE_WITH_KNOTS( '', 3, ( #7523, #7524, #7525, #7526 ), .UNSPECIFIED., .F., .F., ( 4, 4 ), ( 0.518355841223786, 0.552821966117895 ), .UNSPECIFIED. );
#5703 = FILL_AREA_STYLE_COLOUR( '', #7527 );
#5704 = VERTEX_POINT( '', #7528 );
#5705 = B_SPLINE_CURVE_WITH_KNOTS( '', 3, ( #7529, #7530, #7531, #7532, #7533, #7534, #7535 ), .UNSPECIFIED., .F., .F., ( 4, 3, 4 ), ( 0.261468230552944, 0.282521875201090, 0.374240109198532 ), .UNSPECIFIED. );
#5706 = LINE( '', #7536, #7537 );
#5707 = FILL_AREA_STYLE_COLOUR( '', #7538 );
#5708 = VERTEX_POINT( '', #7539 );
#5709 = VERTEX_POINT( '', #7540 );
#5710 = B_SPLINE_CURVE_WITH_KNOTS( '', 1, ( #7541, #7542 ), .UNSPECIFIED., .F., .F., ( 2, 2 ), ( 0.775615380794607, 0.877881759759685 ), .UNSPECIFIED. );
#5711 = LINE( '', #7543, #7544 );
#5712 = LINE( '', #7545, #7546 );
#5713 = FILL_AREA_STYLE_COLOUR( '', #7547 );
#5714 = LINE( '', #7548, #7549 );
#5715 = VERTEX_POINT( '', #7550 );
#5716 = LINE( '', #7551, #7552 );
#5717 = CIRCLE( '', #7553, 0.0500000000000000 );
#5718 = FILL_AREA_STYLE_COLOUR( '', #7554 );
#5719 = VERTEX_POINT( '', #7555 );
#5720 = CIRCLE( '', #7556, 2.50000000000000 );
#5721 = VERTEX_POINT( '', #7557 );
#5722 = CIRCLE( '', #7558, 2.42000000000000 );
#5723 = CIRCLE( '', #7559, 0.500000000000000 );
#5724 = FILL_AREA_STYLE_COLOUR( '', #7560 );
#5725 = FILL_AREA_STYLE_COLOUR( '', #7561 );
#5726 = VERTEX_POINT( '', #7562 );
#5727 = LINE( '', #7563, #7564 );
#5728 = LINE( '', #7565, #7566 );
#5729 = FILL_AREA_STYLE_COLOUR( '', #7567 );
#5730 = VERTEX_POINT( '', #7568 );
#5731 = LINE( '', #7569, #7570 );
#5732 = LINE( '', #7571, #7572 );
#5733 = FILL_AREA_STYLE_COLOUR( '', #7573 );
#5734 = FILL_AREA_STYLE_COLOUR( '', #7574 );
#5735 = VERTEX_POINT( '', #7575 );
#5736 = CIRCLE( '', #7576, 0.800000000000000 );
#5737 = LINE( '', #7577, #7578 );
#5738 = FILL_AREA_STYLE_COLOUR( '', #7579 );
#5739 = VERTEX_POINT( '', #7580 );
#5740 = LINE( '', #7581, #7582 );
#5741 = VERTEX_POINT( '', #7583 );
#5742 = CIRCLE( '', #7584, 0.650000000000000 );
#5743 = LINE( '', #7585, #7586 );
#5744 = VERTEX_POINT( '', #7587 );
#5745 = CIRCLE( '', #7588, 0.600000000000000 );
#5746 = FILL_AREA_STYLE_COLOUR( '', #7589 );
#5747 = VERTEX_POINT( '', #7590 );
#5748 = B_SPLINE_CURVE_WITH_KNOTS( '', 3, ( #7591, #7592, #7593, #7594 ), .UNSPECIFIED., .F., .F., ( 4, 4 ), ( 0.124528875694972, 0.149069852529666 ), .UNSPECIFIED. );
#5749 = LINE( '', #7595, #7596 );
#5750 = FILL_AREA_STYLE_COLOUR( '', #7597 );
#5751 = LINE( '', #7598, #7599 );
#5752 = FILL_AREA_STYLE_COLOUR( '', #7600 );
#5753 = VERTEX_POINT( '', #7601 );
#5754 = B_SPLINE_CURVE_WITH_KNOTS( '', 1, ( #7602, #7603 ), .UNSPECIFIED., .F., .F., ( 2, 2 ), ( 0.740513905775974, 0.775615380794607 ), .UNSPECIFIED. );
#5755 = LINE( '', #7604, #7605 );
#5756 = FILL_AREA_STYLE_COLOUR( '', #7606 );
#5757 = LINE( '', #7607, #7608 );
#5758 = FILL_AREA_STYLE_COLOUR( '', #7609 );
#5759 = VERTEX_POINT( '', #7610 );
#5760 = VERTEX_POINT( '', #7611 );
#5761 = LINE( '', #7612, #7613 );
#5762 = LINE( '', #7614, #7615 );
#5763 = LINE( '', #7616, #7617 );
#5764 = FILL_AREA_STYLE_COLOUR( '', #7618 );
#5765 = VERTEX_POINT( '', #7619 );
#5766 = VERTEX_POINT( '', #7620 );
#5767 = B_SPLINE_CURVE_WITH_KNOTS( '', 1, ( #7621, #7622 ), .UNSPECIFIED., .F., .F., ( 2, 2 ), ( 0.486950552238425, 0.523899473310671 ), .UNSPECIFIED. );
#5768 = LINE( '', #7623, #7624 );
#5769 = LINE( '', #7625, #7626 );
#5770 = FILL_AREA_STYLE_COLOUR( '', #7627 );
#5771 = LINE( '', #7628, #7629 );
#5772 = FILL_AREA_STYLE_COLOUR( '', #7630 );
#5773 = VERTEX_POINT( '', #7631 );
#5774 = LINE( '', #7632, #7633 );
#5775 = VERTEX_POINT( '', #7634 );
#5776 = CIRCLE( '', #7635, 4.00000000000000 );
#5777 = LINE( '', #7636, #7637 );
#5778 = FILL_AREA_STYLE_COLOUR( '', #7638 );
#5779 = VERTEX_POINT( '', #7639 );
#5780 = CIRCLE( '', #7640, 2.42000000000000 );
#5781 = LINE( '', #7641, #7642 );
#5782 = FILL_AREA_STYLE_COLOUR( '', #7643 );
#5783 = LINE( '', #7644, #7645 );
#5784 = FILL_AREA_STYLE_COLOUR( '', #7646 );
#5785 = VERTEX_POINT( '', #7647 );
#5786 = LINE( '', #7648, #7649 );
#5787 = LINE( '', #7650, #7651 );
#5788 = FILL_AREA_STYLE_COLOUR( '', #7652 );
#5789 = FILL_AREA_STYLE_COLOUR( '', #7653 );
#5790 = LINE( '', #7654, #7655 );
#5791 = FILL_AREA_STYLE_COLOUR( '', #7656 );
#5792 = VERTEX_POINT( '', #7657 );
#5793 = VERTEX_POINT( '', #7658 );
#5794 = B_SPLINE_CURVE_WITH_KNOTS( '', 3, ( #7659, #7660, #7661, #7662 ), .UNSPECIFIED., .F., .F., ( 4, 4 ), ( 0.189757577982990, 0.218656438483151 ), .UNSPECIFIED. );
#5795 = LINE( '', #7663, #7664 );
#5796 = LINE( '', #7665, #7666 );
#5797 = FILL_AREA_STYLE_COLOUR( '', #7667 );
#5798 = LINE( '', #7668, #7669 );
#5799 = FILL_AREA_STYLE_COLOUR( '', #7670 );
#5800 = LINE( '', #7671, #7672 );
#5801 = FILL_AREA_STYLE_COLOUR( '', #7673 );
#5802 = LINE( '', #7674, #7675 );
#5803 = FILL_AREA_STYLE_COLOUR( '', #7676 );
#5804 = VERTEX_POINT( '', #7677 );
#5805 = CIRCLE( '', #7678, 0.500000000000000 );
#5806 = FILL_AREA_STYLE_COLOUR( '', #7679 );
#5807 = B_SPLINE_CURVE_WITH_KNOTS( '', 3, ( #7680, #7681, #7682, #7683 ), .UNSPECIFIED., .F., .F., ( 4, 4 ), ( 0.000000000000000, 0.189757577982990 ), .UNSPECIFIED. );
#5808 = FILL_AREA_STYLE_COLOUR( '', #7684 );
#5809 = B_SPLINE_CURVE_WITH_KNOTS( '', 1, ( #7685, #7686 ), .UNSPECIFIED., .F., .F., ( 2, 2 ), ( 0.500000000000000, 0.767088607594937 ), .UNSPECIFIED. );
#5810 = FILL_AREA_STYLE_COLOUR( '', #7687 );
#5811 = VERTEX_POINT( '', #7688 );
#5812 = LINE( '', #7689, #7690 );
#5813 = LINE( '', #7691, #7692 );
#5814 = FILL_AREA_STYLE_COLOUR( '', #7693 );
#5815 = B_SPLINE_CURVE_WITH_KNOTS( '', 3, ( #7694, #7695, #7696, #7697 ), .UNSPECIFIED., .F., .F., ( 4, 4 ), ( 0.937811771499920, 0.973266954868237 ), .UNSPECIFIED. );
#5816 = FILL_AREA_STYLE_COLOUR( '', #7698 );
#5817 = VERTEX_POINT( '', #7699 );
#5818 = B_SPLINE_CURVE_WITH_KNOTS( '', 3, ( #7700, #7701, #7702, #7703 ), .UNSPECIFIED., .F., .F., ( 4, 4 ), ( 0.218656438483151, 0.245640314251374 ), .UNSPECIFIED. );
#5819 = VERTEX_POINT( '', #7704 );
#5820 = B_SPLINE_CURVE_WITH_KNOTS( '', 3, ( #7705, #7706, #7707, #7708, #7709, #7710, #7711, #7712, #7713, #7714, #7715, #7716, #7717, #7718, #7719, #7720, #7721, #7722 ), .UNSPECIFIED., .F., .F., ( 4, 2, 3, 3, 3, 3, 4 ), ( 0.245640314251374, 0.317563337196489, 0.348999890271838, 0.376335385920032, 0.402372375392432, 0.433633459013527, 0.550269344855437 ), .UNSPECIFIED. );
#5821 = VERTEX_POINT( '', #7723 );
#5822 = B_SPLINE_CURVE_WITH_KNOTS( '', 3, ( #7724, #7725, #7726, #7727 ), .UNSPECIFIED., .F., .F., ( 4, 4 ), ( 0.550269344855437, 0.582301816735135 ), .UNSPECIFIED. );
#5823 = B_SPLINE_CURVE_WITH_KNOTS( '', 3, ( #7728, #7729, #7730, #7731, #7732, #7733, #7734, #7735, #7736, #7737, #7738, #7739, #7740, #7741, #7742, #7743, #7744, #7745, #7746, #7747 ), .UNSPECIFIED., .F., .F., ( 4, 3, 3, 2, 3, 2, 3, 4 ), ( 0.582301816735135, 0.697897258735781, 0.727682193021292, 0.749965873996903, 0.772249554972515, 0.818209178399425, 0.864168801826335, 0.967967528120303 ), .UNSPECIFIED. );
#5824 = B_SPLINE_CURVE_WITH_KNOTS( '', 3, ( #7748, #7749, #7750, #7751 ), .UNSPECIFIED., .F., .F., ( 4, 4 ), ( 0.314257670872102, 0.362117095977395 ), .UNSPECIFIED. );
#5825 = B_SPLINE_CURVE_WITH_KNOTS( '', 3, ( #7752, #7753, #7754, #7755, #7756, #7757, #7758 ), .UNSPECIFIED., .F., .F., ( 4, 3, 4 ), ( 0.149069852529666, 0.242039240282829, 0.261468230552944 ), .UNSPECIFIED. );
#5826 = B_SPLINE_CURVE_WITH_KNOTS( '', 3, ( #7759, #7760, #7761, #7762 ), .UNSPECIFIED., .F., .F., ( 4, 4 ), ( 0.536492445906294, 0.640874506159270 ), .UNSPECIFIED. );
#5827 = VERTEX_POINT( '', #7763 );
#5828 = B_SPLINE_CURVE_WITH_KNOTS( '', 3, ( #7764, #7765, #7766, #7767 ), .UNSPECIFIED., .F., .F., ( 4, 4 ), ( 0.751474905777646, 0.766066837949627 ), .UNSPECIFIED. );
#5829 = B_SPLINE_CURVE_WITH_KNOTS( '', 3, ( #7768, #7769, #7770, #7771 ), .UNSPECIFIED., .F., .F., ( 4, 4 ), ( 0.766066837949627, 0.878124202881752 ), .UNSPECIFIED. );
#5830 = LINE( '', #7772, #7773 );
#5831 = LINE( '', #7774, #7775 );
#5832 = LINE( '', #7776, #7777 );
#5833 = B_SPLINE_CURVE_WITH_KNOTS( '', 3, ( #7778, #7779, #7780, #7781 ), .UNSPECIFIED., .F., .F., ( 4, 4 ), ( 0.518355841223786, 0.552821966117895 ), .UNSPECIFIED. );
#5834 = B_SPLINE_CURVE_WITH_KNOTS( '', 1, ( #7782, #7783 ), .UNSPECIFIED., .F., .F., ( 2, 2 ), ( 0.231238664377135, 0.259566170532524 ), .UNSPECIFIED. );
#5835 = B_SPLINE_CURVE_WITH_KNOTS( '', 1, ( #7784, #7785 ), .UNSPECIFIED., .F., .F., ( 2, 2 ), ( 0.391042748014597, 0.486950552238425 ), .UNSPECIFIED. );
#5836 = VERTEX_POINT( '', #7786 );
#5837 = B_SPLINE_CURVE_WITH_KNOTS( '', 1, ( #7787, #7788 ), .UNSPECIFIED., .F., .F., ( 2, 2 ), ( 0.523899473310671, 0.613611110426539 ), .UNSPECIFIED. );
#5838 = B_SPLINE_CURVE_WITH_KNOTS( '', 1, ( #7789, #7790 ), .UNSPECIFIED., .F., .F., ( 2, 2 ), ( 0.613611110426539, 0.740513905775974 ), .UNSPECIFIED. );
#5839 = B_SPLINE_CURVE_WITH_KNOTS( '', 1, ( #7791, #7792 ), .UNSPECIFIED., .F., .F., ( 2, 2 ), ( 0.877881759759685, 0.905318389752371 ), .UNSPECIFIED. );
#5840 = VERTEX_POINT( '', #7793 );
#5841 = B_SPLINE_CURVE_WITH_KNOTS( '', 1, ( #7794, #7795 ), .UNSPECIFIED., .F., .F., ( 2, 2 ), ( 0.927786499215071, 1.00000000000000 ), .UNSPECIFIED. );
#5842 = B_SPLINE_CURVE_WITH_KNOTS( '', 1, ( #7796, #7797 ), .UNSPECIFIED., .F., .F., ( 2, 2 ), ( 0.000000000000000, 0.427786499215071 ), .UNSPECIFIED. );
#5843 = VERTEX_POINT( '', #7798 );
#5844 = B_SPLINE_CURVE_WITH_KNOTS( '', 3, ( #7799, #7800, #7801, #7802, #7803, #7804, #7805, #7806, #7807, #7808, #7809, #7810, #7811, #7812, #7813, #7814, #7815 ), .UNSPECIFIED., .F., .F., ( 4, 2, 3, 2, 2, 2, 2, 4 ), ( 0.182860790289621, 0.235547193108222, 0.301844249988295, 0.367171546661369, 0.411439385854307, 0.455707225047245, 0.499975064240183, 0.558846726672027 ), .UNSPECIFIED. );
#5845 = B_SPLINE_CURVE_WITH_KNOTS( '', 3, ( #7816, #7817, #7818, #7819 ), .UNSPECIFIED., .F., .F., ( 4, 4 ), ( 0.558846726672027, 0.580204471799121 ), .UNSPECIFIED. );
#5846 = FILL_AREA_STYLE_COLOUR( '', #7820 );
#5847 = LINE( '', #7821, #7822 );
#5848 = FILL_AREA_STYLE_COLOUR( '', #7823 );
#5849 = VERTEX_POINT( '', #7824 );
#5850 = CIRCLE( '', #7825, 3.56000000000000 );
#5851 = FILL_AREA_STYLE_COLOUR( '', #7826 );
#5852 = FILL_AREA_STYLE_COLOUR( '', #7827 );
#5853 = FILL_AREA_STYLE_COLOUR( '', #7828 );
#5854 = VERTEX_POINT( '', #7829 );
#5855 = CIRCLE( '', #7830, 1.46000000000000 );
#5856 = FILL_AREA_STYLE_COLOUR( '', #7831 );
#5857 = VERTEX_POINT( '', #7832 );
#5858 = CIRCLE( '', #7833, 2.02000000000000 );
#5859 = CIRCLE( '', #7834, 0.500000000000000 );
#5860 = FILL_AREA_STYLE_COLOUR( '', #7835 );
#5861 = FILL_AREA_STYLE_COLOUR( '', #7836 );
#5862 = FILL_AREA_STYLE_COLOUR( '', #7837 );
#5863 = VERTEX_POINT( '', #7838 );
#5864 = B_SPLINE_CURVE_WITH_KNOTS( '', 1, ( #7839, #7840 ), .UNSPECIFIED., .F., .F., ( 2, 2 ), ( 0.927786499215071, 1.00000000000000 ), .UNSPECIFIED. );
#5865 = B_SPLINE_CURVE_WITH_KNOTS( '', 1, ( #7841, #7842 ), .UNSPECIFIED., .F., .F., ( 2, 2 ), ( 0.000000000000000, 0.427786499215071 ), .UNSPECIFIED. );
#5866 = FILL_AREA_STYLE_COLOUR( '', #7843 );
#5867 = LINE( '', #7844, #7845 );
#5868 = LINE( '', #7846, #7847 );
#5869 = FILL_AREA_STYLE_COLOUR( '', #7848 );
#5870 = FILL_AREA_STYLE_COLOUR( '', #7849 );
#5871 = LINE( '', #7850, #7851 );
#5872 = FILL_AREA_STYLE_COLOUR( '', #7852 );
#5873 = VERTEX_POINT( '', #7853 );
#5874 = CIRCLE( '', #7854, 1.94000000000000 );
#5875 = CIRCLE( '', #7855, 0.500000000000000 );
#5876 = FILL_AREA_STYLE_COLOUR( '', #7856 );
#5877 = FILL_AREA_STYLE_COLOUR( '', #7857 );
#5878 = FILL_AREA_STYLE_COLOUR( '', #7858 );
#5879 = FILL_AREA_STYLE_COLOUR( '', #7859 );
#5880 = LINE( '', #7860, #7861 );
#5881 = FILL_AREA_STYLE_COLOUR( '', #7862 );
#5882 = FILL_AREA_STYLE_COLOUR( '', #7863 );
#5883 = LINE( '', #7864, #7865 );
#5884 = FILL_AREA_STYLE_COLOUR( '', #7866 );
#5885 = FILL_AREA_STYLE_COLOUR( '', #7867 );
#5886 = FILL_AREA_STYLE_COLOUR( '', #7868 );
#5887 = CIRCLE( '', #7869, 0.500000000000000 );
#5888 = FILL_AREA_STYLE_COLOUR( '', #7870 );
#5889 = FILL_AREA_STYLE_COLOUR( '', #7871 );
#5890 = LINE( '', #7872, #7873 );
#5891 = FILL_AREA_STYLE_COLOUR( '', #7874 );
#5892 = FILL_AREA_STYLE_COLOUR( '', #7875 );
#5893 = VERTEX_POINT( '', #7876 );
#5894 = LINE( '', #7877, #7878 );
#5895 = CIRCLE( '', #7879, 4.00000000000000 );
#5896 = FILL_AREA_STYLE_COLOUR( '', #7880 );
#5897 = LINE( '', #7881, #7882 );
#5898 = FILL_AREA_STYLE_COLOUR( '', #7883 );
#5899 = FILL_AREA_STYLE_COLOUR( '', #7884 );
#5900 = LINE( '', #7885, #7886 );
#5901 = FILL_AREA_STYLE_COLOUR( '', #7887 );
#5902 = FILL_AREA_STYLE_COLOUR( '', #7888 );
#5903 = LINE( '', #7889, #7890 );
#5904 = FILL_AREA_STYLE_COLOUR( '', #7891 );
#5905 = LINE( '', #7892, #7893 );
#5906 = FILL_AREA_STYLE_COLOUR( '', #7894 );
#5907 = FILL_AREA_STYLE_COLOUR( '', #7895 );
#5908 = FILL_AREA_STYLE_COLOUR( '', #7896 );
#5909 = FILL_AREA_STYLE_COLOUR( '', #7897 );
#5910 = FILL_AREA_STYLE_COLOUR( '', #7898 );
#5911 = FILL_AREA_STYLE_COLOUR( '', #7899 );
#5912 = FILL_AREA_STYLE_COLOUR( '', #7900 );
#5913 = FILL_AREA_STYLE_COLOUR( '', #7901 );
#5914 = FILL_AREA_STYLE_COLOUR( '', #7902 );
#5915 = FILL_AREA_STYLE_COLOUR( '', #7903 );
#5916 = FILL_AREA_STYLE_COLOUR( '', #7904 );
#5917 = FILL_AREA_STYLE_COLOUR( '', #7905 );
#5918 = FILL_AREA_STYLE_COLOUR( '', #7906 );
#5919 = FILL_AREA_STYLE_COLOUR( '', #7907 );
#5920 = LINE( '', #7908, #7909 );
#5921 = LINE( '', #7910, #7911 );
#5922 = LINE( '', #7912, #7913 );
#5923 = FILL_AREA_STYLE_COLOUR( '', #7914 );
#5924 = FILL_AREA_STYLE_COLOUR( '', #7915 );
#5925 = FILL_AREA_STYLE_COLOUR( '', #7916 );
#5926 = FILL_AREA_STYLE_COLOUR( '', #7917 );
#5927 = LINE( '', #7918, #7919 );
#5928 = FILL_AREA_STYLE_COLOUR( '', #7920 );
#5929 = FILL_AREA_STYLE_COLOUR( '', #7921 );
#5930 = FILL_AREA_STYLE_COLOUR( '', #7922 );
#5931 = FILL_AREA_STYLE_COLOUR( '', #7923 );
#5932 = COLOUR_RGB( '', 0.899999976200000, 0.000000000000000, 0.000000000000000 );
#5933 = CARTESIAN_POINT( '', ( 0.733975705022536, -0.292286604832271, 10.9400000000000 ) );
#5934 = CARTESIAN_POINT( '', ( 0.620998213061122, -0.292286604832271, 10.9400000000000 ) );
#5935 = CARTESIAN_POINT( '', ( 0.733975705022536, -0.292286604832271, 10.9400000000000 ) );
#5936 = CARTESIAN_POINT( '', ( 0.696316541035398, -0.292286604832271, 10.9400000000000 ) );
#5937 = CARTESIAN_POINT( '', ( 0.658657377048260, -0.292286604832271, 10.9400000000000 ) );
#5938 = CARTESIAN_POINT( '', ( 0.620998213061122, -0.292286604832271, 10.9400000000000 ) );
#5939 = CARTESIAN_POINT( '', ( 0.942644515311926, 0.254079954653260, 10.9400000000000 ) );
#5940 = CARTESIAN_POINT( '', ( 0.942644515311926, 0.254079954653260, 10.9400000000000 ) );
#5941 = CARTESIAN_POINT( '', ( 0.915480528173663, 0.270131401598598, 10.9400000000000 ) );
#5942 = CARTESIAN_POINT( '', ( 0.887699177691348, 0.278157125071267, 10.9400000000000 ) );
#5943 = CARTESIAN_POINT( '', ( 0.836458020135078, 0.278157125071267, 10.9400000000000 ) );
#5944 = CARTESIAN_POINT( '', ( 0.814232939749225, 0.270131401598598, 10.9400000000000 ) );
#5945 = CARTESIAN_POINT( '', ( 0.795094676083630, 0.255314681341363, 10.9400000000000 ) );
#5946 = CARTESIAN_POINT( '', ( 0.775570409702594, 0.240199120272175, 10.9400000000000 ) );
#5947 = CARTESIAN_POINT( '', ( 0.761757055504853, 0.219507607386379, 10.9400000000000 ) );
#5948 = CARTESIAN_POINT( '', ( 0.753113968688132, 0.192960983592167, 10.9400000000000 ) );
#5949 = CARTESIAN_POINT( '', ( 0.739935902822834, 0.152485495577324, 10.9400000000000 ) );
#5950 = CARTESIAN_POINT( '', ( 0.733975705022536, 0.107764842113067, 10.9400000000000 ) );
#5951 = CARTESIAN_POINT( '', ( 0.733975705022536, 0.0596105012770543, 10.9400000000000 ) );
#5952 = CARTESIAN_POINT( '', ( 0.733975705022536, -0.0576885340927206, 10.9400000000000 ) );
#5953 = CARTESIAN_POINT( '', ( 0.733975705022536, -0.174987569462495, 10.9400000000000 ) );
#5954 = CARTESIAN_POINT( '', ( 0.733975705022536, -0.292286604832271, 10.9400000000000 ) );
#5955 = CARTESIAN_POINT( '', ( 0.982155769331219, 0.359031723142006, 10.9400000000000 ) );
#5956 = CARTESIAN_POINT( '', ( 0.982155769331219, 0.359031723142006, 10.9400000000000 ) );
#5957 = CARTESIAN_POINT( '', ( 0.968985351324788, 0.324047800312424, 10.9400000000000 ) );
#5958 = CARTESIAN_POINT( '', ( 0.955814933318357, 0.289063877482842, 10.9400000000000 ) );
#5959 = CARTESIAN_POINT( '', ( 0.942644515311926, 0.254079954653260, 10.9400000000000 ) );
#5960 = CARTESIAN_POINT( '', ( 0.723480528173663, 0.278774488415318, 10.9400000000000 ) );
#5961 = CARTESIAN_POINT( '', ( 0.723480528173663, 0.278774488415318, 10.9400000000000 ) );
#5962 = CARTESIAN_POINT( '', ( 0.749409788623824, 0.326311465907280, 10.9400000000000 ) );
#5963 = CARTESIAN_POINT( '', ( 0.772869595697778, 0.357796996453904, 10.9400000000000 ) );
#5964 = CARTESIAN_POINT( '', ( 0.794477312739579, 0.372613716711138, 10.9400000000000 ) );
#5965 = CARTESIAN_POINT( '', ( 0.816792889473476, 0.387915826471525, 10.9400000000000 ) );
#5966 = CARTESIAN_POINT( '', ( 0.840779563543438, 0.395456160441042, 10.9400000000000 ) );
#5967 = CARTESIAN_POINT( '', ( 0.904985351324787, 0.395456160441041, 10.9400000000000 ) );
#5968 = CARTESIAN_POINT( '', ( 0.943261878655978, 0.383108893560013, 10.9400000000000 ) );
#5969 = CARTESIAN_POINT( '', ( 0.982155769331219, 0.359031723142006, 10.9400000000000 ) );
#5970 = CARTESIAN_POINT( '', ( 0.723480528173663, 0.380639440183806, 10.9400000000000 ) );
#5971 = CARTESIAN_POINT( '', ( 0.723480528173663, 0.380639440183806, 10.9400000000000 ) );
#5972 = CARTESIAN_POINT( '', ( 0.723480528173663, 0.346684456260977, 10.9400000000000 ) );
#5973 = CARTESIAN_POINT( '', ( 0.723480528173663, 0.312729472338147, 10.9400000000000 ) );
#5974 = CARTESIAN_POINT( '', ( 0.723480528173663, 0.278774488415318, 10.9400000000000 ) );
#5975 = CARTESIAN_POINT( '', ( 0.620998213061122, 0.380639440183807, 10.9400000000000 ) );
#5976 = CARTESIAN_POINT( '', ( 0.620998213061122, 0.380639440183807, 10.9400000000000 ) );
#5977 = CARTESIAN_POINT( '', ( 0.655158984765302, 0.380639440183806, 10.9400000000000 ) );
#5978 = CARTESIAN_POINT( '', ( 0.689319756469482, 0.380639440183807, 10.9400000000000 ) );
#5979 = CARTESIAN_POINT( '', ( 0.723480528173663, 0.380639440183806, 10.9400000000000 ) );
#5980 = CARTESIAN_POINT( '', ( 0.620998213061122, -0.292286604832271, 10.9400000000000 ) );
#5981 = CARTESIAN_POINT( '', ( 0.620998213061122, -0.0679779231602447, 10.9400000000000 ) );
#5982 = CARTESIAN_POINT( '', ( 0.620998213061122, 0.156330758511781, 10.9400000000000 ) );
#5983 = CARTESIAN_POINT( '', ( 0.620998213061122, 0.380639440183807, 10.9400000000000 ) );
#5984 = COLOUR_RGB( '', 0.899999976200000, 0.000000000000000, 0.000000000000000 );
#5985 = CARTESIAN_POINT( '', ( 1.00477431804293, 2.32616306157728, 10.9500000000000 ) );
#5986 = CARTESIAN_POINT( '', ( 1.59354313852431, 2.32616306157728, 10.9500000000000 ) );
#5987 = CARTESIAN_POINT( '', ( 1.00477431804292, 2.32616306157728, 10.9500000000000 ) );
#5988 = VECTOR( '', #7924, 1000.00000000000 );
#5989 = CARTESIAN_POINT( '', ( 1.59354313852431, 2.32616306157728, 10.9400000000000 ) );
#5990 = CARTESIAN_POINT( '', ( 1.59354313852431, 2.32616306157728, 10.9400000000000 ) );
#5991 = VECTOR( '', #7925, 1000.00000000000 );
#5992 = CARTESIAN_POINT( '', ( 1.00477431804293, 2.32616306157728, 10.9400000000000 ) );
#5993 = CARTESIAN_POINT( '', ( 1.00477431804292, 2.32616306157728, 10.9400000000000 ) );
#5994 = VECTOR( '', #7926, 1000.00000000000 );
#5995 = CARTESIAN_POINT( '', ( 1.00477431804293, 2.32616306157728, 10.9400000000000 ) );
#5996 = VECTOR( '', #7927, 1000.00000000000 );
#5997 = COLOUR_RGB( '', 0.899999976200000, 0.000000000000000, 0.000000000000000 );
#5998 = CARTESIAN_POINT( '', ( -0.282821722630197, -0.292286604832271, 10.9500000000000 ) );
#5999 = CARTESIAN_POINT( '', ( -0.400738121344023, -0.292286604832271, 10.9500000000000 ) );
#6000 = CARTESIAN_POINT( '', ( -0.282821722630197, -0.292286604832271, 10.9500000000000 ) );
#6001 = CARTESIAN_POINT( '', ( -0.322127188868139, -0.292286604832271, 10.9500000000000 ) );
#6002 = CARTESIAN_POINT( '', ( -0.361432655106081, -0.292286604832271, 10.9500000000000 ) );
#6003 = CARTESIAN_POINT( '', ( -0.400738121344023, -0.292286604832271, 10.9500000000000 ) );
#6004 = CARTESIAN_POINT( '', ( -0.282821722630197, -0.292286604832271, 10.9400000000000 ) );
#6005 = CARTESIAN_POINT( '', ( -0.282821722630197, -0.292286604832271, 10.9400000000000 ) );
#6006 = VECTOR( '', #7928, 1000.00000000000 );
#6007 = CARTESIAN_POINT( '', ( -0.400738121344023, -0.292286604832271, 10.9400000000000 ) );
#6008 = CARTESIAN_POINT( '', ( -0.282821722630197, -0.292286604832271, 10.9400000000000 ) );
#6009 = CARTESIAN_POINT( '', ( -0.322127188868139, -0.292286604832271, 10.9400000000000 ) );
#6010 = CARTESIAN_POINT( '', ( -0.361432655106081, -0.292286604832271, 10.9400000000000 ) );
#6011 = CARTESIAN_POINT( '', ( -0.400738121344023, -0.292286604832271, 10.9400000000000 ) );
#6012 = CARTESIAN_POINT( '', ( -0.400738121344023, -0.292286604832271, 10.9400000000000 ) );
#6013 = VECTOR( '', #7929, 1000.00000000000 );
#6014 = COLOUR_RGB( '', 0.699999988100000, 0.699999988100000, 0.699999988100000 );
#6015 = CARTESIAN_POINT( '', ( -4.50000000000000, -0.450000000000000, -0.750000000000000 ) );
#6016 = CARTESIAN_POINT( '', ( -2.25000000000000, -0.450000000000000, -0.750000000000000 ) );
#6017 = CARTESIAN_POINT( '', ( -4.50000000000000, -0.450000000000000, -0.750000000000000 ) );
#6018 = VECTOR( '', #7930, 1000.00000000000 );
#6019 = CARTESIAN_POINT( '', ( -1.90000000000000, -0.450000000000000, -0.400000000000000 ) );
#6020 = AXIS2_PLACEMENT_3D( '', #7931, #7932, #7933 );
#6021 = CARTESIAN_POINT( '', ( -1.90000000000000, -0.450000000000000, 0.640000000000000 ) );
#6022 = CARTESIAN_POINT( '', ( -1.90000000000000, -0.450000000000000, -0.400000000000000 ) );
#6023 = VECTOR( '', #7934, 1000.00000000000 );
#6024 = CARTESIAN_POINT( '', ( -2.20000000000000, -0.450000000000000, 0.640000000000000 ) );
#6025 = CARTESIAN_POINT( '', ( -1.90000000000000, -0.450000000000000, 0.640000000000000 ) );
#6026 = VECTOR( '', #7935, 1000.00000000000 );
#6027 = CARTESIAN_POINT( '', ( -2.20000000000000, -0.450000000000000, -0.400000000000000 ) );
#6028 = CARTESIAN_POINT( '', ( -2.20000000000000, -0.450000000000000, -0.400000000000000 ) );
#6029 = VECTOR( '', #7936, 1000.00000000000 );
#6030 = CARTESIAN_POINT( '', ( -2.25000000000000, -0.450000000000000, -0.450000000000000 ) );
#6031 = AXIS2_PLACEMENT_3D( '', #7937, #7938, #7939 );
#6032 = CARTESIAN_POINT( '', ( -4.50000000000000, -0.450000000000000, -0.450000000000000 ) );
#6033 = CARTESIAN_POINT( '', ( -4.50000000000000, -0.450000000000000, -0.450000000000000 ) );
#6034 = VECTOR( '', #7940, 1000.00000000000 );
#6035 = CARTESIAN_POINT( '', ( -4.50000000000000, -0.450000000000000, -0.750000000000000 ) );
#6036 = VECTOR( '', #7941, 1000.00000000000 );
#6037 = COLOUR_RGB( '', 0.119999997300000, 0.119999997300000, 0.119999997300000 );
#6038 = CARTESIAN_POINT( '', ( -1.95924390243903, -0.491694346881781, 0.240000000000000 ) );
#6039 = CARTESIAN_POINT( '', ( 1.95924390243903, -0.491694346881781, 0.240000000000000 ) );
#6040 = AXIS2_PLACEMENT_3D( '', #7942, #7943, #7944 );
#6041 = CARTESIAN_POINT( '', ( 2.39241463414634, -0.364351778261652, 0.240000000000000 ) );
#6042 = AXIS2_PLACEMENT_3D( '', #7945, #7946, #7947 );
#6043 = CARTESIAN_POINT( '', ( -2.39241463414634, -0.364351778261651, 0.240000000000000 ) );
#6044 = AXIS2_PLACEMENT_3D( '', #7948, #7949, #7950 );
#6045 = AXIS2_PLACEMENT_3D( '', #7951, #7952, #7953 );
#6046 = COLOUR_RGB( '', 0.119999997300000, 0.119999997300000, 0.119999997300000 );
#6047 = CARTESIAN_POINT( '', ( -2.48841463414634, -0.240400932956445, 0.240000000000000 ) );
#6048 = CARTESIAN_POINT( '', ( 2.48841463414634, -0.240400932956445, 0.240000000000000 ) );
#6049 = AXIS2_PLACEMENT_3D( '', #7954, #7955, #7956 );
#6050 = CARTESIAN_POINT( '', ( 2.48841463414634, 0.240400932956444, 0.240000000000000 ) );
#6051 = AXIS2_PLACEMENT_3D( '', #7957, #7958, #7959 );
#6052 = CARTESIAN_POINT( '', ( -2.48841463414634, 0.240400932956444, 0.240000000000000 ) );
#6053 = AXIS2_PLACEMENT_3D( '', #7960, #7961, #7962 );
#6054 = AXIS2_PLACEMENT_3D( '', #7963, #7964, #7965 );
#6055 = CARTESIAN_POINT( '', ( 2.70000000000000, 0.000000000000000, 0.240000000000000 ) );
#6056 = AXIS2_PLACEMENT_3D( '', #7966, #7967, #7968 );
#6057 = COLOUR_RGB( '', 0.119999997300000, 0.119999997300000, 0.119999997300000 );
#6058 = CARTESIAN_POINT( '', ( 0.650000000000000, -1.65000000000000, 0.000000000000000 ) );
#6059 = CARTESIAN_POINT( '', ( -0.650000000000000, -1.65000000000000, 0.000000000000000 ) );
#6060 = AXIS2_PLACEMENT_3D( '', #7969, #7970, #7971 );
#6061 = CARTESIAN_POINT( '', ( 0.650000000000000, -1.65000000000000, 0.300000000000000 ) );
#6062 = CARTESIAN_POINT( '', ( 0.650000000000000, -1.65000000000000, 0.300000000000000 ) );
#6063 = VECTOR( '', #7972, 1000.00000000000 );
#6064 = CARTESIAN_POINT( '', ( -0.650000000000000, -1.65000000000000, 0.300000000000000 ) );
#6065 = AXIS2_PLACEMENT_3D( '', #7973, #7974, #7975 );
#6066 = CARTESIAN_POINT( '', ( -0.650000000000000, -1.65000000000000, 0.300000000000000 ) );
#6067 = VECTOR( '', #7976, 1000.00000000000 );
#6068 = COLOUR_RGB( '', 0.899999976200000, 0.000000000000000, 0.000000000000000 );
#6069 = CARTESIAN_POINT( '', ( 0.973025276454453, 1.27340653755458, 10.9500000000000 ) );
#6070 = CARTESIAN_POINT( '', ( 1.17524625817192, 1.61519734847073, 10.9500000000000 ) );
#6071 = CARTESIAN_POINT( '', ( 0.973025276454454, 1.27340653755458, 10.9500000000000 ) );
#6072 = VECTOR( '', #7977, 1000.00000000000 );
#6073 = CARTESIAN_POINT( '', ( 1.17524625817192, 1.61519734847073, 10.9400000000000 ) );
#6074 = CARTESIAN_POINT( '', ( 1.17524625817192, 1.61519734847073, 10.9400000000000 ) );
#6075 = VECTOR( '', #7978, 1000.00000000000 );
#6076 = CARTESIAN_POINT( '', ( 0.973025276454453, 1.27340653755458, 10.9400000000000 ) );
#6077 = CARTESIAN_POINT( '', ( 0.973025276454454, 1.27340653755458, 10.9400000000000 ) );
#6078 = VECTOR( '', #7979, 1000.00000000000 );
#6079 = CARTESIAN_POINT( '', ( 0.973025276454453, 1.27340653755458, 10.9400000000000 ) );
#6080 = VECTOR( '', #7980, 1000.00000000000 );
#6081 = COLOUR_RGB( '', 0.899999976200000, 0.000000000000000, 0.000000000000000 );
#6082 = CARTESIAN_POINT( '', ( -0.483456577369478, 1.27340653755458, 10.9500000000000 ) );
#6083 = CARTESIAN_POINT( '', ( -0.517854991785319, 1.51413028995331, 10.9500000000000 ) );
#6084 = CARTESIAN_POINT( '', ( -0.483456577369479, 1.27340653755458, 10.9500000000000 ) );
#6085 = VECTOR( '', #7981, 1000.00000000000 );
#6086 = CARTESIAN_POINT( '', ( -0.483456577369478, 1.27340653755458, 10.9400000000000 ) );
#6087 = CARTESIAN_POINT( '', ( -0.483456577369478, 1.27340653755458, 10.9400000000000 ) );
#6088 = VECTOR( '', #7982, 1000.00000000000 );
#6089 = CARTESIAN_POINT( '', ( -0.517854991785319, 1.51413028995331, 10.9400000000000 ) );
#6090 = CARTESIAN_POINT( '', ( -0.483456577369479, 1.27340653755458, 10.9400000000000 ) );
#6091 = VECTOR( '', #7983, 1000.00000000000 );
#6092 = CARTESIAN_POINT( '', ( -0.517854991785319, 1.51413028995331, 10.9400000000000 ) );
#6093 = VECTOR( '', #7984, 1000.00000000000 );
#6094 = COLOUR_RGB( '', 0.899999976200000, 0.000000000000000, 0.000000000000000 );
#6095 = CARTESIAN_POINT( '', ( -0.117368346424408, 0.188639440183806, 10.9500000000000 ) );
#6096 = CARTESIAN_POINT( '', ( 0.481474097305495, -0.292286604832271, 10.9500000000000 ) );
#6097 = CARTESIAN_POINT( '', ( -0.117368346424408, 0.188639440183806, 10.9500000000000 ) );
#6098 = CARTESIAN_POINT( '', ( -0.107490532919586, 0.236176417675768, 10.9500000000000 ) );
#6099 = CARTESIAN_POINT( '', ( -0.0908217226301962, 0.274452945006958, 10.9500000000000 ) );
#6100 = CARTESIAN_POINT( '', ( -0.0673619155562412, 0.304086385521428, 10.9500000000000 ) );
#6101 = CARTESIAN_POINT( '', ( -0.0442025542505757, 0.333340315591742, 10.9500000000000 ) );
#6102 = CARTESIAN_POINT( '', ( -0.0105644879035082, 0.355944906421749, 10.9500000000000 ) );
#6103 = CARTESIAN_POINT( '', ( 0.0332683095241443, 0.371996353367086, 10.9500000000000 ) );
#6104 = CARTESIAN_POINT( '', ( 0.0774461263473277, 0.388174145443182, 10.9500000000000 ) );
#6105 = CARTESIAN_POINT( '', ( 0.128342264508067, 0.395456160441041, 10.9500000000000 ) );
#6106 = CARTESIAN_POINT( '', ( 0.243789209845688, 0.395456160441041, 10.9500000000000 ) );
#6107 = CARTESIAN_POINT( '', ( 0.290091460649546, 0.388665163656476, 10.9500000000000 ) );
#6108 = CARTESIAN_POINT( '', ( 0.326515897948582, 0.375083170087344, 10.9500000000000 ) );
#6109 = CARTESIAN_POINT( '', ( 0.362398332271415, 0.361703279322898, 10.9500000000000 ) );
#6110 = CARTESIAN_POINT( '', ( 0.388869595697778, 0.344832366228823, 10.9500000000000 ) );
#6111 = CARTESIAN_POINT( '', ( 0.422207216276557, 0.304086385521428, 10.9500000000000 ) );
#6112 = CARTESIAN_POINT( '', ( 0.433937119813534, 0.278157125071266, 10.9500000000000 ) );
#6113 = CARTESIAN_POINT( '', ( 0.440728116598099, 0.247288957868694, 10.9500000000000 ) );
#6114 = CARTESIAN_POINT( '', ( 0.445073214502608, 0.227538512848200, 10.9500000000000 ) );
#6115 = CARTESIAN_POINT( '', ( 0.446901750038614, 0.192343620248116, 10.9500000000000 ) );
#6116 = CARTESIAN_POINT( '', ( 0.446901750038614, 0.141719826035897, 10.9500000000000 ) );
#6117 = CARTESIAN_POINT( '', ( 0.446901750038614, 0.0908902440423275, 10.9500000000000 ) );
#6118 = CARTESIAN_POINT( '', ( 0.446901750038614, 0.0400606620487586, 10.9500000000000 ) );
#6119 = CARTESIAN_POINT( '', ( 0.446901750038614, -0.0107689199448107, 10.9500000000000 ) );
#6120 = CARTESIAN_POINT( '', ( 0.446901750038614, -0.116955415121659, 10.9500000000000 ) );
#6121 = CARTESIAN_POINT( '', ( 0.449371203414820, -0.184248019623267, 10.9500000000000 ) );
#6122 = CARTESIAN_POINT( '', ( 0.453692746823180, -0.212029370105582, 10.9500000000000 ) );
#6123 = CARTESIAN_POINT( '', ( 0.458122641368104, -0.240507263608669, 10.9500000000000 ) );
#6124 = CARTESIAN_POINT( '', ( 0.467892103736363, -0.266974707726161, 10.9500000000000 ) );
#6125 = CARTESIAN_POINT( '', ( 0.481474097305495, -0.292286604832271, 10.9500000000000 ) );
#6126 = CARTESIAN_POINT( '', ( -0.117368346424408, 0.188639440183806, 10.9400000000000 ) );
#6127 = CARTESIAN_POINT( '', ( -0.117368346424408, 0.188639440183806, 10.9400000000000 ) );
#6128 = VECTOR( '', #7985, 1000.00000000000 );
#6129 = CARTESIAN_POINT( '', ( 0.481474097305495, -0.292286604832271, 10.9400000000000 ) );
#6130 = CARTESIAN_POINT( '', ( -0.117368346424408, 0.188639440183806, 10.9400000000000 ) );
#6131 = CARTESIAN_POINT( '', ( -0.107490532919586, 0.236176417675768, 10.9400000000000 ) );
#6132 = CARTESIAN_POINT( '', ( -0.0908217226301962, 0.274452945006958, 10.9400000000000 ) );
#6133 = CARTESIAN_POINT( '', ( -0.0673619155562412, 0.304086385521428, 10.9400000000000 ) );
#6134 = CARTESIAN_POINT( '', ( -0.0442025542505757, 0.333340315591742, 10.9400000000000 ) );
#6135 = CARTESIAN_POINT( '', ( -0.0105644879035082, 0.355944906421749, 10.9400000000000 ) );
#6136 = CARTESIAN_POINT( '', ( 0.0332683095241443, 0.371996353367086, 10.9400000000000 ) );
#6137 = CARTESIAN_POINT( '', ( 0.0774461263473277, 0.388174145443182, 10.9400000000000 ) );
#6138 = CARTESIAN_POINT( '', ( 0.128342264508067, 0.395456160441041, 10.9400000000000 ) );
#6139 = CARTESIAN_POINT( '', ( 0.243789209845688, 0.395456160441041, 10.9400000000000 ) );
#6140 = CARTESIAN_POINT( '', ( 0.290091460649546, 0.388665163656476, 10.9400000000000 ) );
#6141 = CARTESIAN_POINT( '', ( 0.326515897948582, 0.375083170087344, 10.9400000000000 ) );
#6142 = CARTESIAN_POINT( '', ( 0.362398332271415, 0.361703279322898, 10.9400000000000 ) );
#6143 = CARTESIAN_POINT( '', ( 0.388869595697778, 0.344832366228823, 10.9400000000000 ) );
#6144 = CARTESIAN_POINT( '', ( 0.422207216276557, 0.304086385521428, 10.9400000000000 ) );
#6145 = CARTESIAN_POINT( '', ( 0.433937119813534, 0.278157125071266, 10.9400000000000 ) );
#6146 = CARTESIAN_POINT( '', ( 0.440728116598099, 0.247288957868694, 10.9400000000000 ) );
#6147 = CARTESIAN_POINT( '', ( 0.445073214502608, 0.227538512848200, 10.9400000000000 ) );
#6148 = CARTESIAN_POINT( '', ( 0.446901750038614, 0.192343620248116, 10.9400000000000 ) );
#6149 = CARTESIAN_POINT( '', ( 0.446901750038614, 0.141719826035897, 10.9400000000000 ) );
#6150 = CARTESIAN_POINT( '', ( 0.446901750038614, 0.0908902440423275, 10.9400000000000 ) );
#6151 = CARTESIAN_POINT( '', ( 0.446901750038614, 0.0400606620487586, 10.9400000000000 ) );
#6152 = CARTESIAN_POINT( '', ( 0.446901750038614, -0.0107689199448107, 10.9400000000000 ) );
#6153 = CARTESIAN_POINT( '', ( 0.446901750038614, -0.116955415121659, 10.9400000000000 ) );
#6154 = CARTESIAN_POINT( '', ( 0.449371203414820, -0.184248019623267, 10.9400000000000 ) );
#6155 = CARTESIAN_POINT( '', ( 0.453692746823180, -0.212029370105582, 10.9400000000000 ) );
#6156 = CARTESIAN_POINT( '', ( 0.458122641368104, -0.240507263608669, 10.9400000000000 ) );
#6157 = CARTESIAN_POINT( '', ( 0.467892103736363, -0.266974707726161, 10.9400000000000 ) );
#6158 = CARTESIAN_POINT( '', ( 0.481474097305495, -0.292286604832271, 10.9400000000000 ) );
#6159 = CARTESIAN_POINT( '', ( 0.481474097305495, -0.292286604832271, 10.9400000000000 ) );
#6160 = VECTOR( '', #7986, 1000.00000000000 );
#6161 = COLOUR_RGB( '', 0.899999976200000, 0.000000000000000, 0.000000000000000 );
#6162 = CARTESIAN_POINT( '', ( -0.282821722630196, 0.634993137933003, 10.9500000000000 ) );
#6163 = CARTESIAN_POINT( '', ( -0.282821722630196, 0.634993137933003, 10.9500000000000 ) );
#6164 = CARTESIAN_POINT( '', ( -0.282821722630197, 0.325899890344579, 10.9500000000000 ) );
#6165 = CARTESIAN_POINT( '', ( -0.282821722630196, 0.0168066427561541, 10.9500000000000 ) );
#6166 = CARTESIAN_POINT( '', ( -0.282821722630197, -0.292286604832271, 10.9500000000000 ) );
#6167 = CARTESIAN_POINT( '', ( -0.282821722630196, 0.634993137933003, 10.9400000000000 ) );
#6168 = CARTESIAN_POINT( '', ( -0.282821722630196, 0.634993137933003, 10.9400000000000 ) );
#6169 = VECTOR( '', #7987, 1000.00000000000 );
#6170 = CARTESIAN_POINT( '', ( -0.282821722630196, 0.634993137933003, 10.9400000000000 ) );
#6171 = CARTESIAN_POINT( '', ( -0.282821722630197, 0.325899890344579, 10.9400000000000 ) );
#6172 = CARTESIAN_POINT( '', ( -0.282821722630196, 0.0168066427561541, 10.9400000000000 ) );
#6173 = CARTESIAN_POINT( '', ( -0.282821722630197, -0.292286604832271, 10.9400000000000 ) );
#6174 = COLOUR_RGB( '', 0.899999976200000, 0.000000000000000, 0.000000000000000 );
#6175 = CARTESIAN_POINT( '', ( -0.173957712309626, 2.16324834885772, 10.9500000000000 ) );
#6176 = CARTESIAN_POINT( '', ( -0.135259496091806, 1.93970208749621, 10.9500000000000 ) );
#6177 = CARTESIAN_POINT( '', ( -0.173957712309624, 2.16324834885772, 10.9500000000000 ) );
#6178 = VECTOR( '', #7988, 1000.00000000000 );
#6179 = CARTESIAN_POINT( '', ( -0.173957712309626, 2.16324834885772, 10.9400000000000 ) );
#6180 = CARTESIAN_POINT( '', ( -0.173957712309626, 2.16324834885772, 10.9400000000000 ) );
#6181 = VECTOR( '', #7989, 1000.00000000000 );
#6182 = CARTESIAN_POINT( '', ( -0.135259496091806, 1.93970208749621, 10.9400000000000 ) );
#6183 = CARTESIAN_POINT( '', ( -0.173957712309624, 2.16324834885772, 10.9400000000000 ) );
#6184 = VECTOR( '', #7990, 1000.00000000000 );
#6185 = CARTESIAN_POINT( '', ( -0.135259496091806, 1.93970208749621, 10.9400000000000 ) );
#6186 = VECTOR( '', #7991, 1000.00000000000 );
#6187 = COLOUR_RGB( '', 0.699999988100000, 0.699999988100000, 0.699999988100000 );
#6188 = CARTESIAN_POINT( '', ( 3.78000000000011, 0.000000000000000, 2.78654907085099 ) );
#6189 = AXIS2_PLACEMENT_3D( '', #7992, #7993, #7994 );
#6190 = CARTESIAN_POINT( '', ( 4.00000000000000, 0.000000000000000, 3.02571428571428 ) );
#6191 = AXIS2_PLACEMENT_3D( '', #7995, #7996, #7997 );
#6192 = COLOUR_RGB( '', 0.899999976200000, 0.000000000000000, 0.000000000000000 );
#6193 = CARTESIAN_POINT( '', ( 1.16674740920260, -0.292286604832271, 10.9500000000000 ) );
#6194 = CARTESIAN_POINT( '', ( 1.05315255389713, -0.292286604832271, 10.9500000000000 ) );
#6195 = CARTESIAN_POINT( '', ( 1.16674740920260, -0.292286604832271, 10.9500000000000 ) );
#6196 = CARTESIAN_POINT( '', ( 1.05315255389713, -0.292286604832271, 10.9500000000000 ) );
#6197 = CARTESIAN_POINT( '', ( 1.16674740920260, -0.292286604832271, 10.9400000000000 ) );
#6198 = CARTESIAN_POINT( '', ( 1.16674740920260, -0.292286604832271, 10.9400000000000 ) );
#6199 = VECTOR( '', #7998, 1000.00000000000 );
#6200 = CARTESIAN_POINT( '', ( 1.05315255389713, -0.292286604832271, 10.9400000000000 ) );
#6201 = CARTESIAN_POINT( '', ( 1.16674740920260, -0.292286604832271, 10.9400000000000 ) );
#6202 = CARTESIAN_POINT( '', ( 1.05315255389713, -0.292286604832271, 10.9400000000000 ) );
#6203 = CARTESIAN_POINT( '', ( 1.05315255389713, -0.292286604832271, 10.9400000000000 ) );
#6204 = VECTOR( '', #7999, 1000.00000000000 );
#6205 = COLOUR_RGB( '', 0.899999976200000, 0.000000000000000, 0.000000000000000 );
#6206 = CARTESIAN_POINT( '', ( -0.676904226117150, 1.27340653755457, 10.9500000000000 ) );
#6207 = CARTESIAN_POINT( '', ( -0.517854991785320, 1.51413028995331, 10.9500000000000 ) );
#6208 = VECTOR( '', #8000, 1000.00000000000 );
#6209 = CARTESIAN_POINT( '', ( -0.676904226117150, 1.27340653755457, 10.9400000000000 ) );
#6210 = CARTESIAN_POINT( '', ( -0.517854991785320, 1.51413028995331, 10.9400000000000 ) );
#6211 = VECTOR( '', #8001, 1000.00000000000 );
#6212 = CARTESIAN_POINT( '', ( -0.676904226117150, 1.27340653755457, 10.9400000000000 ) );
#6213 = VECTOR( '', #8002, 1000.00000000000 );
#6214 = COLOUR_RGB( '', 0.899999976200000, 0.000000000000000, 0.000000000000000 );
#6215 = CARTESIAN_POINT( '', ( -1.00792381635773, 1.27340653755458, 10.9500000000000 ) );
#6216 = CARTESIAN_POINT( '', ( -0.676904226117151, 1.27340653755458, 10.9500000000000 ) );
#6217 = VECTOR( '', #8003, 1000.00000000000 );
#6218 = CARTESIAN_POINT( '', ( -1.00792381635773, 1.27340653755458, 10.9400000000000 ) );
#6219 = CARTESIAN_POINT( '', ( -0.676904226117151, 1.27340653755458, 10.9400000000000 ) );
#6220 = VECTOR( '', #8004, 1000.00000000000 );
#6221 = CARTESIAN_POINT( '', ( -1.00792381635773, 1.27340653755458, 10.9400000000000 ) );
#6222 = VECTOR( '', #8005, 1000.00000000000 );
#6223 = COLOUR_RGB( '', 0.899999976200000, 0.000000000000000, 0.000000000000000 );
#6224 = CARTESIAN_POINT( '', ( 1.81683101048878, 0.504729472338148, 10.9500000000000 ) );
#6225 = CARTESIAN_POINT( '', ( 1.70323615518331, 0.504729472338148, 10.9500000000000 ) );
#6226 = CARTESIAN_POINT( '', ( 1.81683101048878, 0.504729472338148, 10.9500000000000 ) );
#6227 = CARTESIAN_POINT( '', ( 1.70323615518331, 0.504729472338148, 10.9500000000000 ) );
#6228 = CARTESIAN_POINT( '', ( 1.81683101048878, 0.504729472338148, 10.9400000000000 ) );
#6229 = CARTESIAN_POINT( '', ( 1.81683101048878, 0.504729472338148, 10.9400000000000 ) );
#6230 = VECTOR( '', #8006, 1000.00000000000 );
#6231 = CARTESIAN_POINT( '', ( 1.70323615518331, 0.504729472338148, 10.9400000000000 ) );
#6232 = CARTESIAN_POINT( '', ( 1.81683101048878, 0.504729472338148, 10.9400000000000 ) );
#6233 = CARTESIAN_POINT( '', ( 1.70323615518331, 0.504729472338148, 10.9400000000000 ) );
#6234 = CARTESIAN_POINT( '', ( 1.70323615518331, 0.504729472338148, 10.9400000000000 ) );
#6235 = VECTOR( '', #8007, 1000.00000000000 );
#6236 = COLOUR_RGB( '', 0.119999997300000, 0.119999997300000, 0.119999997300000 );
#6237 = CARTESIAN_POINT( '', ( 1.46000000000000, 0.000000000000000, 0.140000000000000 ) );
#6238 = AXIS2_PLACEMENT_3D( '', #8008, #8009, #8010 );
#6239 = CARTESIAN_POINT( '', ( 1.54000000000000, 0.000000000000000, 0.140000000000000 ) );
#6240 = AXIS2_PLACEMENT_3D( '', #8011, #8012, #8013 );
#6241 = COLOUR_RGB( '', 0.119999997300000, 0.119999997300000, 0.119999997300000 );
#6242 = CARTESIAN_POINT( '', ( 0.500000000000000, 0.000000000000000, 0.240000000000000 ) );
#6243 = AXIS2_PLACEMENT_3D( '', #8014, #8015, #8016 );
#6244 = COLOUR_RGB( '', 0.119999997300000, 0.119999997300000, 0.119999997300000 );
#6245 = CARTESIAN_POINT( '', ( -3.35000000000000, 4.15000000000000, 1.60000000000000 ) );
#6246 = CARTESIAN_POINT( '', ( -4.15000000000000, 3.35000000000000, 1.60000000000000 ) );
#6247 = AXIS2_PLACEMENT_3D( '', #8017, #8018, #8019 );
#6248 = CARTESIAN_POINT( '', ( -3.35000000000000, 4.15000000000000, 0.000000000000000 ) );
#6249 = CARTESIAN_POINT( '', ( -3.35000000000000, 4.15000000000000, 0.600000000000000 ) );
#6250 = VECTOR( '', #8020, 1000.00000000000 );
#6251 = CARTESIAN_POINT( '', ( -4.15000000000000, 3.35000000000000, 0.000000000000000 ) );
#6252 = AXIS2_PLACEMENT_3D( '', #8021, #8022, #8023 );
#6253 = CARTESIAN_POINT( '', ( -4.15000000000000, 3.35000000000000, 0.600000000000000 ) );
#6254 = VECTOR( '', #8024, 1000.00000000000 );
#6255 = COLOUR_RGB( '', 0.119999997300000, 0.119999997300000, 0.119999997300000 );
#6256 = CARTESIAN_POINT( '', ( 0.600000000000001, -1.65000000000000, 0.300000000000000 ) );
#6257 = AXIS2_PLACEMENT_3D( '', #8025, #8026, #8027 );
#6258 = CARTESIAN_POINT( '', ( 0.600000000000001, -1.65000000000000, 0.600000000000000 ) );
#6259 = AXIS2_PLACEMENT_3D( '', #8028, #8029, #8030 );
#6260 = COLOUR_RGB( '', 0.699999988100000, 0.699999988100000, 0.699999988100000 );
#6261 = CARTESIAN_POINT( '', ( 2.80000000000000, 0.000000000000000, 3.25064311938497E-17 ) );
#6262 = AXIS2_PLACEMENT_3D( '', #8031, #8032, #8033 );
#6263 = CARTESIAN_POINT( '', ( 3.60000000000000, 0.000000000000000, 5.37172894549636E-16 ) );
#6264 = AXIS2_PLACEMENT_3D( '', #8034, #8035, #8036 );
#6265 = COLOUR_RGB( '', 0.899999976200000, 0.000000000000000, 0.000000000000000 );
#6266 = CARTESIAN_POINT( '', ( -1.44000000000000, 3.29945450036820, 10.9500000000000 ) );
#6267 = CARTESIAN_POINT( '', ( -1.44000000000000, -3.29945450036820, 10.9500000000000 ) );
#6268 = CARTESIAN_POINT( '', ( -1.44000000000000, 3.29945450036820, 10.9500000000000 ) );
#6269 = VECTOR( '', #8037, 1000.00000000000 );
#6270 = CARTESIAN_POINT( '', ( -1.44000000000000, 3.29945450036820, 10.9400000000000 ) );
#6271 = CARTESIAN_POINT( '', ( -1.44000000000000, 3.29945450036820, 10.9400000000000 ) );
#6272 = VECTOR( '', #8038, 1000.00000000000 );
#6273 = CARTESIAN_POINT( '', ( -1.44000000000000, -3.29945450036820, 10.9400000000000 ) );
#6274 = CARTESIAN_POINT( '', ( -1.44000000000000, 3.29945450036820, 10.9400000000000 ) );
#6275 = VECTOR( '', #8039, 1000.00000000000 );
#6276 = CARTESIAN_POINT( '', ( -1.44000000000000, -3.29945450036820, 10.9400000000000 ) );
#6277 = VECTOR( '', #8040, 1000.00000000000 );
#6278 = COLOUR_RGB( '', 0.699999988100000, 0.699999988100000, 0.699999988100000 );
#6279 = CARTESIAN_POINT( '', ( -1.90000000000000, 0.450000000000000, 0.640000000000000 ) );
#6280 = CARTESIAN_POINT( '', ( -1.90000000000000, 0.450000000000000, 0.640000000000000 ) );
#6281 = VECTOR( '', #8041, 1000.00000000000 );
#6282 = CARTESIAN_POINT( '', ( -1.90000000000000, 0.450000000000000, -0.400000000000000 ) );
#6283 = CARTESIAN_POINT( '', ( -1.90000000000000, 0.450000000000000, -0.400000000000000 ) );
#6284 = VECTOR( '', #8042, 1000.00000000000 );
#6285 = CARTESIAN_POINT( '', ( -1.90000000000000, 0.450000000000000, -0.400000000000000 ) );
#6286 = VECTOR( '', #8043, 1000.00000000000 );
#6287 = COLOUR_RGB( '', 0.119999997300000, 0.119999997300000, 0.119999997300000 );
#6288 = CARTESIAN_POINT( '', ( -2.15000000000000, -2.65000000000000, -0.0500000000000000 ) );
#6289 = AXIS2_PLACEMENT_3D( '', #8044, #8045, #8046 );
#6290 = COLOUR_RGB( '', 0.899999976200000, 0.000000000000000, 0.000000000000000 );
#6291 = CARTESIAN_POINT( '', ( -0.728501847741037, 2.67481618244003, 10.9500000000000 ) );
#6292 = CARTESIAN_POINT( '', ( -0.694103433325180, 1.94773707066141, 10.9500000000000 ) );
#6293 = CARTESIAN_POINT( '', ( -0.728501847741039, 2.67481618244003, 10.9500000000000 ) );
#6294 = VECTOR( '', #8047, 1000.00000000000 );
#6295 = CARTESIAN_POINT( '', ( -0.728501847741037, 2.67481618244003, 10.9400000000000 ) );
#6296 = CARTESIAN_POINT( '', ( -0.728501847741037, 2.67481618244003, 10.9400000000000 ) );
#6297 = VECTOR( '', #8048, 1000.00000000000 );
#6298 = CARTESIAN_POINT( '', ( -0.694103433325180, 1.94773707066141, 10.9400000000000 ) );
#6299 = CARTESIAN_POINT( '', ( -0.728501847741039, 2.67481618244003, 10.9400000000000 ) );
#6300 = VECTOR( '', #8049, 1000.00000000000 );
#6301 = CARTESIAN_POINT( '', ( -0.694103433325180, 1.94773707066141, 10.9400000000000 ) );
#6302 = VECTOR( '', #8050, 1000.00000000000 );
#6303 = COLOUR_RGB( '', 0.119999997300000, 0.119999997300000, 0.119999997300000 );
#6304 = CARTESIAN_POINT( '', ( -0.650000000000000, -4.15000000000000, 0.300000000000000 ) );
#6305 = CARTESIAN_POINT( '', ( -0.650000000000000, -1.65000000000000, 0.300000000000000 ) );
#6306 = VECTOR( '', #8051, 1000.00000000000 );
#6307 = CARTESIAN_POINT( '', ( 0.650000000000000, -4.15000000000000, 0.300000000000000 ) );
#6308 = CARTESIAN_POINT( '', ( 0.650000000000000, -4.15000000000000, 0.300000000000000 ) );
#6309 = VECTOR( '', #8052, 1000.00000000000 );
#6310 = CARTESIAN_POINT( '', ( -0.650000000000000, -4.15000000000000, 0.300000000000000 ) );
#6311 = VECTOR( '', #8053, 1000.00000000000 );
#6312 = COLOUR_RGB( '', 0.899999976200000, 0.000000000000000, 0.000000000000000 );
#6313 = CARTESIAN_POINT( '', ( 1.05315255389713, 0.634993137933003, 10.9500000000000 ) );
#6314 = CARTESIAN_POINT( '', ( 1.05315255389713, -0.292286604832271, 10.9500000000000 ) );
#6315 = CARTESIAN_POINT( '', ( 1.05315255389713, 0.634993137933003, 10.9500000000000 ) );
#6316 = CARTESIAN_POINT( '', ( 1.05315255389713, 0.634993137933003, 10.9400000000000 ) );
#6317 = CARTESIAN_POINT( '', ( 1.05315255389713, -0.292286604832271, 10.9400000000000 ) );
#6318 = CARTESIAN_POINT( '', ( 1.05315255389713, 0.634993137933003, 10.9400000000000 ) );
#6319 = CARTESIAN_POINT( '', ( 1.05315255389713, 0.634993137933003, 10.9400000000000 ) );
#6320 = VECTOR( '', #8054, 1000.00000000000 );
#6321 = COLOUR_RGB( '', 0.899999976200000, 0.000000000000000, 0.000000000000000 );
#6322 = CARTESIAN_POINT( '', ( 1.16674740920260, -0.0262030035460967, 10.9500000000000 ) );
#6323 = CARTESIAN_POINT( '', ( 1.16674740920260, -0.0262030035460967, 10.9500000000000 ) );
#6324 = CARTESIAN_POINT( '', ( 1.16674740920260, -0.292286604832271, 10.9500000000000 ) );
#6325 = CARTESIAN_POINT( '', ( 1.16674740920260, -0.0262030035460967, 10.9400000000000 ) );
#6326 = CARTESIAN_POINT( '', ( 1.16674740920260, -0.0262030035460967, 10.9400000000000 ) );
#6327 = VECTOR( '', #8055, 1000.00000000000 );
#6328 = CARTESIAN_POINT( '', ( 1.16674740920260, -0.0262030035460967, 10.9400000000000 ) );
#6329 = CARTESIAN_POINT( '', ( 1.16674740920260, -0.292286604832271, 10.9400000000000 ) );
#6330 = COLOUR_RGB( '', 0.899999976200000, 0.000000000000000, 0.000000000000000 );
#6331 = CARTESIAN_POINT( '', ( 0.698728324127006, 2.67481618244003, 10.9500000000000 ) );
#6332 = CARTESIAN_POINT( '', ( -0.122360090685864, 1.27340653755458, 10.9500000000000 ) );
#6333 = CARTESIAN_POINT( '', ( 0.698728324127007, 2.67481618244003, 10.9500000000000 ) );
#6334 = VECTOR( '', #8056, 1000.00000000000 );
#6335 = CARTESIAN_POINT( '', ( 0.698728324127006, 2.67481618244003, 10.9400000000000 ) );
#6336 = CARTESIAN_POINT( '', ( 0.698728324127006, 2.67481618244003, 10.9400000000000 ) );
#6337 = VECTOR( '', #8057, 1000.00000000000 );
#6338 = CARTESIAN_POINT( '', ( -0.122360090685864, 1.27340653755458, 10.9400000000000 ) );
#6339 = CARTESIAN_POINT( '', ( 0.698728324127007, 2.67481618244003, 10.9400000000000 ) );
#6340 = VECTOR( '', #8058, 1000.00000000000 );
#6341 = CARTESIAN_POINT( '', ( -0.122360090685864, 1.27340653755458, 10.9400000000000 ) );
#6342 = VECTOR( '', #8059, 1000.00000000000 );
#6343 = COLOUR_RGB( '', 0.899999976200000, 0.000000000000000, 0.000000000000000 );
#6344 = CARTESIAN_POINT( '', ( 2.78485673396144, 0.0559063212127456, 10.9400000000000 ) );
#6345 = CARTESIAN_POINT( '', ( 2.78485673396144, 0.0559063212127456, 10.9400000000000 ) );
#6346 = CARTESIAN_POINT( '', ( 2.78485673396144, -0.0329940003306627, 10.9400000000000 ) );
#6347 = CARTESIAN_POINT( '', ( 2.80214290759488, -0.0978171514560649, 10.9400000000000 ) );
#6348 = CARTESIAN_POINT( '', ( 2.83733261820581, -0.137945768819409, 10.9400000000000 ) );
#6349 = CARTESIAN_POINT( '', ( 2.87282836724192, -0.178423377369349, 10.9400000000000 ) );
#6350 = CARTESIAN_POINT( '', ( 2.91697248958846, -0.199064739880502, 10.9400000000000 ) );
#6351 = CARTESIAN_POINT( '', ( 3.02254162142125, -0.199064739880501, 10.9400000000000 ) );
#6352 = CARTESIAN_POINT( '', ( 3.06637441884891, -0.178691749526804, 10.9400000000000 ) );
#6353 = CARTESIAN_POINT( '', ( 3.10156412945984, -0.138563132163459, 10.9400000000000 ) );
#6354 = CARTESIAN_POINT( '', ( 3.13732825065339, -0.0977794851883516, 10.9400000000000 ) );
#6355 = CARTESIAN_POINT( '', ( 3.15527474039231, -0.0342287270187655, 10.9400000000000 ) );
#6356 = CARTESIAN_POINT( '', ( 3.15527474039231, 0.134311465907279, 10.9400000000000 ) );
#6357 = CARTESIAN_POINT( '', ( 3.13675384007077, 0.196665163656475, 10.9400000000000 ) );
#6358 = CARTESIAN_POINT( '', ( 3.10032940277173, 0.239263234396026, 10.9400000000000 ) );
#6359 = CARTESIAN_POINT( '', ( 3.06451483836123, 0.281148063960854, 10.9400000000000 ) );
#6360 = CARTESIAN_POINT( '', ( 3.01945480470099, 0.301616932145222, 10.9400000000000 ) );
#6361 = CARTESIAN_POINT( '', ( 2.96759628380068, 0.302234295489273, 10.9400000000000 ) );
#6362 = CARTESIAN_POINT( '', ( 2.91698701166797, 0.302836786824186, 10.9400000000000 ) );
#6363 = CARTESIAN_POINT( '', ( 2.87375705550485, 0.281243941791524, 10.9400000000000 ) );
#6364 = CARTESIAN_POINT( '', ( 2.83794998154987, 0.239880597740077, 10.9400000000000 ) );
#6365 = CARTESIAN_POINT( '', ( 2.80240736834739, 0.198822751454450, 10.9400000000000 ) );
#6366 = CARTESIAN_POINT( '', ( 2.78485673396144, 0.137398282627536, 10.9400000000000 ) );
#6367 = CARTESIAN_POINT( '', ( 2.78485673396144, 0.0559063212127456, 10.9400000000000 ) );
#6368 = CARTESIAN_POINT( '', ( 3.25960914553700, 0.380639440183806, 10.9400000000000 ) );
#6369 = CARTESIAN_POINT( '', ( 2.68916541563347, -0.347231942452849, 10.9400000000000 ) );
#6370 = CARTESIAN_POINT( '', ( 3.25960914553700, 0.380639440183806, 10.9400000000000 ) );
#6371 = CARTESIAN_POINT( '', ( 3.25960914553700, 0.186787350151652, 10.9400000000000 ) );
#6372 = CARTESIAN_POINT( '', ( 3.25960914553700, -0.00706473988050203, 10.9400000000000 ) );
#6373 = CARTESIAN_POINT( '', ( 3.25960914553700, -0.200916829912656, 10.9400000000000 ) );
#6374 = CARTESIAN_POINT( '', ( 3.25960914553700, -0.305251235057351, 10.9400000000000 ) );
#6375 = CARTESIAN_POINT( '', ( 3.24911396868813, -0.379952199687576, 10.9400000000000 ) );
#6376 = CARTESIAN_POINT( '', ( 3.22750625164633, -0.423167633771177, 10.9400000000000 ) );
#6377 = CARTESIAN_POINT( '', ( 3.20577506193572, -0.466630013192399, 10.9400000000000 ) );
#6378 = CARTESIAN_POINT( '', ( 3.17256091402575, -0.501572778465711, 10.9400000000000 ) );
#6379 = CARTESIAN_POINT( '', ( 3.07995641241803, -0.552196572677930, 10.9400000000000 ) );
#6380 = CARTESIAN_POINT( '', ( 3.02315898476530, -0.564543839558959, 10.9400000000000 ) );
#6381 = CARTESIAN_POINT( '', ( 2.87499178219295, -0.564543839558958, 10.9400000000000 ) );
#6382 = CARTESIAN_POINT( '', ( 2.81016863106756, -0.546640302581467, 10.9400000000000 ) );
#6383 = CARTESIAN_POINT( '', ( 2.76077956354344, -0.510833228626483, 10.9400000000000 ) );
#6384 = CARTESIAN_POINT( '', ( 2.71109711565099, -0.474813453904457, 10.9400000000000 ) );
#6385 = CARTESIAN_POINT( '', ( 2.68731332560131, -0.420080817050920, 10.9400000000000 ) );
#6386 = CARTESIAN_POINT( '', ( 2.68916541563347, -0.347231942452849, 10.9400000000000 ) );
#6387 = CARTESIAN_POINT( '', ( 3.15712683042447, 0.380639440183806, 10.9400000000000 ) );
#6388 = CARTESIAN_POINT( '', ( 3.15712683042447, 0.380639440183806, 10.9400000000000 ) );
#6389 = CARTESIAN_POINT( '', ( 3.19128760212864, 0.380639440183807, 10.9400000000000 ) );
#6390 = CARTESIAN_POINT( '', ( 3.22544837383283, 0.380639440183806, 10.9400000000000 ) );
#6391 = CARTESIAN_POINT( '', ( 3.25960914553700, 0.380639440183806, 10.9400000000000 ) );
#6392 = CARTESIAN_POINT( '', ( 3.15712683042447, 0.297912752080913, 10.9400000000000 ) );
#6393 = CARTESIAN_POINT( '', ( 3.15712683042447, 0.297912752080913, 10.9400000000000 ) );
#6394 = CARTESIAN_POINT( '', ( 3.15712683042447, 0.325488314781878, 10.9400000000000 ) );
#6395 = CARTESIAN_POINT( '', ( 3.15712683042447, 0.353063877482843, 10.9400000000000 ) );
#6396 = CARTESIAN_POINT( '', ( 3.15712683042447, 0.380639440183806, 10.9400000000000 ) );
#6397 = CARTESIAN_POINT( '', ( 3.14663165357560, -0.205238373321016, 10.9400000000000 ) );
#6398 = CARTESIAN_POINT( '', ( 3.14663165357560, -0.205238373321016, 10.9400000000000 ) );
#6399 = CARTESIAN_POINT( '', ( 3.09600785936338, -0.263887891005903, 10.9400000000000 ) );
#6400 = CARTESIAN_POINT( '', ( 3.03365416161418, -0.292286604832271, 10.9400000000000 ) );
#6401 = CARTESIAN_POINT( '', ( 2.86634869537624, -0.292286604832270, 10.9400000000000 ) );
#6402 = CARTESIAN_POINT( '', ( 2.79473454746627, -0.259566347597544, 10.9400000000000 ) );
#6403 = CARTESIAN_POINT( '', ( 2.74349338990999, -0.192273743095936, 10.9400000000000 ) );
#6404 = CARTESIAN_POINT( '', ( 2.69277638271338, -0.125669480632917, 10.9400000000000 ) );
#6405 = CARTESIAN_POINT( '', ( 2.66755769859167, -0.0459586305557433, 10.9400000000000 ) );
#6406 = CARTESIAN_POINT( '', ( 2.66755769859167, 0.111469022177376, 10.9400000000000 ) );
#6407 = CARTESIAN_POINT( '', ( 2.67867023878460, 0.170735903206315, 10.9400000000000 ) );
#6408 = CARTESIAN_POINT( '', ( 2.72558985293250, 0.279391851759369, 10.9400000000000 ) );
#6409 = CARTESIAN_POINT( '', ( 2.75954483685534, 0.321372559154867, 10.9400000000000 ) );
#6410 = CARTESIAN_POINT( '', ( 2.84844515839874, 0.380639440183806, 10.9400000000000 ) );
#6411 = CARTESIAN_POINT( '', ( 2.90030367929906, 0.395456160441041, 10.9400000000000 ) );
#6412 = CARTESIAN_POINT( '', ( 3.03982779505469, 0.395456160441041, 10.9400000000000 ) );
#6413 = CARTESIAN_POINT( '', ( 3.10526830952415, 0.362735903206315, 10.9400000000000 ) );
#6414 = CARTESIAN_POINT( '', ( 3.15712683042447, 0.297912752080913, 10.9400000000000 ) );
#6415 = CARTESIAN_POINT( '', ( 2.80029081756273, -0.362048662710084, 10.9400000000000 ) );
#6416 = CARTESIAN_POINT( '', ( 2.80029081756273, -0.362048662710084, 10.9400000000000 ) );
#6417 = CARTESIAN_POINT( '', ( 2.80461236097109, -0.397238373321016, 10.9400000000000 ) );
#6418 = CARTESIAN_POINT( '', ( 2.81757699119617, -0.422550270427126, 10.9400000000000 ) );
#6419 = CARTESIAN_POINT( '', ( 2.83918470823797, -0.438601717372464, 10.9400000000000 ) );
#6420 = CARTESIAN_POINT( '', ( 2.86782828895620, -0.459879805905999, 10.9400000000000 ) );
#6421 = CARTESIAN_POINT( '', ( 2.90647731273958, -0.471321974607190, 10.9400000000000 ) );
#6422 = CARTESIAN_POINT( '', ( 3.00957699119617, -0.471321974607190, 10.9400000000000 ) );
#6423 = CARTESIAN_POINT( '', ( 3.05032297190356, -0.460826797758315, 10.9400000000000 ) );
#6424 = CARTESIAN_POINT( '', ( 3.10835512624441, -0.418846090362817, 10.9400000000000 ) );
#6425 = CARTESIAN_POINT( '', ( 3.12811075325405, -0.389212649848347, 10.9400000000000 ) );
#6426 = CARTESIAN_POINT( '', ( 3.13798856675887, -0.351553485861209, 10.9400000000000 ) );
#6427 = CARTESIAN_POINT( '', ( 3.14414326172114, -0.328088711317552, 10.9400000000000 ) );
#6428 = CARTESIAN_POINT( '', ( 3.14663165357559, -0.279939337951242, 10.9400000000000 ) );
#6429 = CARTESIAN_POINT( '', ( 3.14663165357560, -0.205238373321016, 10.9400000000000 ) );
#6430 = CARTESIAN_POINT( '', ( 2.68916541563347, -0.347231942452849, 10.9400000000000 ) );
#6431 = CARTESIAN_POINT( '', ( 2.72620721627655, -0.352170849205261, 10.9400000000000 ) );
#6432 = CARTESIAN_POINT( '', ( 2.76324901691965, -0.357109755957672, 10.9400000000000 ) );
#6433 = CARTESIAN_POINT( '', ( 2.80029081756273, -0.362048662710084, 10.9400000000000 ) );
#6434 = COLOUR_RGB( '', 0.899999976200000, 0.000000000000000, 0.000000000000000 );
#6435 = CARTESIAN_POINT( '', ( 0.723480528173663, 0.278774488415318, 10.9500000000000 ) );
#6436 = CARTESIAN_POINT( '', ( 0.982155769331219, 0.359031723142006, 10.9500000000000 ) );
#6437 = CARTESIAN_POINT( '', ( 0.723480528173663, 0.278774488415318, 10.9500000000000 ) );
#6438 = CARTESIAN_POINT( '', ( 0.749409788623824, 0.326311465907280, 10.9500000000000 ) );
#6439 = CARTESIAN_POINT( '', ( 0.772869595697778, 0.357796996453904, 10.9500000000000 ) );
#6440 = CARTESIAN_POINT( '', ( 0.794477312739579, 0.372613716711138, 10.9500000000000 ) );
#6441 = CARTESIAN_POINT( '', ( 0.816792889473476, 0.387915826471525, 10.9500000000000 ) );
#6442 = CARTESIAN_POINT( '', ( 0.840779563543438, 0.395456160441042, 10.9500000000000 ) );
#6443 = CARTESIAN_POINT( '', ( 0.904985351324787, 0.395456160441041, 10.9500000000000 ) );
#6444 = CARTESIAN_POINT( '', ( 0.943261878655978, 0.383108893560013, 10.9500000000000 ) );
#6445 = CARTESIAN_POINT( '', ( 0.982155769331219, 0.359031723142006, 10.9500000000000 ) );
#6446 = CARTESIAN_POINT( '', ( 0.723480528173663, 0.278774488415318, 10.9400000000000 ) );
#6447 = VECTOR( '', #8060, 1000.00000000000 );
#6448 = CARTESIAN_POINT( '', ( 0.982155769331219, 0.359031723142006, 10.9400000000000 ) );
#6449 = VECTOR( '', #8061, 1000.00000000000 );
#6450 = COLOUR_RGB( '', 0.119999997300000, 0.119999997300000, 0.119999997300000 );
#6451 = CARTESIAN_POINT( '', ( 1.55000000000000, -4.15000000000000, 0.600000000000000 ) );
#6452 = CARTESIAN_POINT( '', ( 1.55000000000000, -3.68747881349846, 0.600000000000000 ) );
#6453 = CARTESIAN_POINT( '', ( 1.55000000000000, 1.45335039033670E-15, 0.600000000000000 ) );
#6454 = VECTOR( '', #8062, 1000.00000000000 );
#6455 = CARTESIAN_POINT( '', ( 1.55000000000000, -4.15000000000000, 1.00000000000000 ) );
#6456 = CARTESIAN_POINT( '', ( 1.55000000000000, -4.15000000000000, 1.00000000000000 ) );
#6457 = VECTOR( '', #8063, 1000.00000000000 );
#6458 = CARTESIAN_POINT( '', ( 1.55000000000000, -3.68747881349846, 1.00000000000000 ) );
#6459 = CARTESIAN_POINT( '', ( 1.55000000000000, -4.15000000000000, 1.00000000000000 ) );
#6460 = VECTOR( '', #8064, 1000.00000000000 );
#6461 = CARTESIAN_POINT( '', ( 1.55000000000000, -3.68747881349846, 1.00000000000000 ) );
#6462 = VECTOR( '', #8065, 1000.00000000000 );
#6463 = COLOUR_RGB( '', 0.119999997300000, 0.119999997300000, 0.119999997300000 );
#6464 = CARTESIAN_POINT( '', ( -0.650000000000000, -4.15000000000000, 0.000000000000000 ) );
#6465 = CARTESIAN_POINT( '', ( -2.35000000000000, -4.15000000000000, 0.000000000000000 ) );
#6466 = CARTESIAN_POINT( '', ( 2.35000000000000, -4.15000000000000, 0.000000000000000 ) );
#6467 = VECTOR( '', #8066, 1000.00000000000 );
#6468 = CARTESIAN_POINT( '', ( -0.650000000000000, -4.15000000000000, 0.300000000000000 ) );
#6469 = VECTOR( '', #8067, 1000.00000000000 );
#6470 = CARTESIAN_POINT( '', ( 0.650000000000000, -4.15000000000000, 0.000000000000000 ) );
#6471 = CARTESIAN_POINT( '', ( 0.650000000000000, -4.15000000000000, 0.300000000000000 ) );
#6472 = VECTOR( '', #8068, 1000.00000000000 );
#6473 = CARTESIAN_POINT( '', ( 2.35000000000000, -4.15000000000000, 0.000000000000000 ) );
#6474 = CARTESIAN_POINT( '', ( 2.35000000000000, -4.15000000000000, 0.000000000000000 ) );
#6475 = VECTOR( '', #8069, 1000.00000000000 );
#6476 = CARTESIAN_POINT( '', ( 2.35000000000000, -4.15000000000000, 1.00000000000000 ) );
#6477 = CARTESIAN_POINT( '', ( 2.35000000000000, -4.15000000000000, 0.600000000000000 ) );
#6478 = VECTOR( '', #8070, 1000.00000000000 );
#6479 = CARTESIAN_POINT( '', ( 1.55000000000000, -4.15000000000000, 1.00000000000000 ) );
#6480 = VECTOR( '', #8071, 1000.00000000000 );
#6481 = CARTESIAN_POINT( '', ( -1.55000000000000, -4.15000000000000, 0.600000000000000 ) );
#6482 = CARTESIAN_POINT( '', ( 2.35000000000000, -4.15000000000000, 0.600000000000000 ) );
#6483 = VECTOR( '', #8072, 1000.00000000000 );
#6484 = CARTESIAN_POINT( '', ( -1.55000000000000, -4.15000000000000, 1.00000000000000 ) );
#6485 = CARTESIAN_POINT( '', ( -1.55000000000000, -4.15000000000000, 1.00000000000000 ) );
#6486 = VECTOR( '', #8073, 1000.00000000000 );
#6487 = CARTESIAN_POINT( '', ( -2.35000000000000, -4.15000000000000, 1.00000000000000 ) );
#6488 = CARTESIAN_POINT( '', ( -2.35000000000000, -4.15000000000000, 1.00000000000000 ) );
#6489 = VECTOR( '', #8074, 1000.00000000000 );
#6490 = CARTESIAN_POINT( '', ( -2.35000000000000, -4.15000000000000, 0.600000000000000 ) );
#6491 = VECTOR( '', #8075, 1000.00000000000 );
#6492 = COLOUR_RGB( '', 0.899999976200000, 0.000000000000000, 0.000000000000000 );
#6493 = CARTESIAN_POINT( '', ( 0.942644515311926, 0.254079954653260, 10.9500000000000 ) );
#6494 = CARTESIAN_POINT( '', ( 0.982155769331219, 0.359031723142006, 10.9500000000000 ) );
#6495 = CARTESIAN_POINT( '', ( 0.968985351324788, 0.324047800312424, 10.9500000000000 ) );
#6496 = CARTESIAN_POINT( '', ( 0.955814933318357, 0.289063877482842, 10.9500000000000 ) );
#6497 = CARTESIAN_POINT( '', ( 0.942644515311926, 0.254079954653260, 10.9500000000000 ) );
#6498 = CARTESIAN_POINT( '', ( 0.942644515311926, 0.254079954653260, 10.9400000000000 ) );
#6499 = VECTOR( '', #8076, 1000.00000000000 );
#6500 = COLOUR_RGB( '', 0.899999976200000, 0.000000000000000, 0.000000000000000 );
#6501 = CARTESIAN_POINT( '', ( -1.16688603131187, -0.292286604832271, 10.9500000000000 ) );
#6502 = CARTESIAN_POINT( '', ( -1.16688603131187, 0.634993137933003, 10.9500000000000 ) );
#6503 = CARTESIAN_POINT( '', ( -1.16688603131187, -0.292286604832271, 10.9500000000000 ) );
#6504 = CARTESIAN_POINT( '', ( -1.16688603131187, 0.0168066427561541, 10.9500000000000 ) );
#6505 = CARTESIAN_POINT( '', ( -1.16688603131187, 0.325899890344579, 10.9500000000000 ) );
#6506 = CARTESIAN_POINT( '', ( -1.16688603131187, 0.634993137933003, 10.9500000000000 ) );
#6507 = CARTESIAN_POINT( '', ( -1.16688603131187, -0.292286604832271, 10.9400000000000 ) );
#6508 = CARTESIAN_POINT( '', ( -1.16688603131187, -0.292286604832271, 10.9400000000000 ) );
#6509 = VECTOR( '', #8077, 1000.00000000000 );
#6510 = CARTESIAN_POINT( '', ( -1.16688603131187, 0.634993137933003, 10.9400000000000 ) );
#6511 = CARTESIAN_POINT( '', ( -1.16688603131187, -0.292286604832271, 10.9400000000000 ) );
#6512 = CARTESIAN_POINT( '', ( -1.16688603131187, 0.0168066427561541, 10.9400000000000 ) );
#6513 = CARTESIAN_POINT( '', ( -1.16688603131187, 0.325899890344579, 10.9400000000000 ) );
#6514 = CARTESIAN_POINT( '', ( -1.16688603131187, 0.634993137933003, 10.9400000000000 ) );
#6515 = CARTESIAN_POINT( '', ( -1.16688603131187, 0.634993137933003, 10.9400000000000 ) );
#6516 = VECTOR( '', #8078, 1000.00000000000 );
#6517 = COLOUR_RGB( '', 0.899999976200000, 0.000000000000000, 0.000000000000000 );
#6518 = CARTESIAN_POINT( '', ( 0.332689531389097, 0.134311465907279, 10.9500000000000 ) );
#6519 = CARTESIAN_POINT( '', ( -0.00439085446299337, 0.173205356582521, 10.9500000000000 ) );
#6520 = CARTESIAN_POINT( '', ( 0.332689531389097, 0.134311465907279, 10.9500000000000 ) );
#6521 = CARTESIAN_POINT( '', ( 0.333306894733148, 0.149745549508565, 10.9500000000000 ) );
#6522 = CARTESIAN_POINT( '', ( 0.333306894733148, 0.159623363013389, 10.9500000000000 ) );
#6523 = CARTESIAN_POINT( '', ( 0.333306894733148, 0.210864520569659, 10.9500000000000 ) );
#6524 = CARTESIAN_POINT( '', ( 0.322811717884273, 0.243584777804386, 10.9500000000000 ) );
#6525 = CARTESIAN_POINT( '', ( 0.301204000842473, 0.263340404814032, 10.9500000000000 ) );
#6526 = CARTESIAN_POINT( '', ( 0.272794032281955, 0.289315233212220, 10.9500000000000 ) );
#6527 = CARTESIAN_POINT( '', ( 0.228355126244402, 0.301616932145222, 10.9500000000000 ) );
#6528 = CARTESIAN_POINT( '', ( 0.170940335247617, 0.302234295489273, 10.9500000000000 ) );
#6529 = CARTESIAN_POINT( '', ( 0.117859863154983, 0.302805053253710, 10.9500000000000 ) );
#6530 = CARTESIAN_POINT( '', ( 0.0783358336399003, 0.292356481984450, 10.9500000000000 ) );
#6531 = CARTESIAN_POINT( '', ( 0.0524065731897395, 0.273835581662907, 10.9500000000000 ) );
#6532 = CARTESIAN_POINT( '', ( 0.0265941112100750, 0.255398108820289, 10.9500000000000 ) );
#6533 = CARTESIAN_POINT( '', ( 0.00795641241803521, 0.221359697418534, 10.9500000000000 ) );
#6534 = CARTESIAN_POINT( '', ( -0.00439085446299337, 0.173205356582521, 10.9500000000000 ) );
#6535 = CARTESIAN_POINT( '', ( 0.332689531389097, 0.134311465907279, 10.9400000000000 ) );
#6536 = CARTESIAN_POINT( '', ( 0.332689531389097, 0.134311465907279, 10.9400000000000 ) );
#6537 = VECTOR( '', #8079, 1000.00000000000 );
#6538 = CARTESIAN_POINT( '', ( -0.00439085446299337, 0.173205356582521, 10.9400000000000 ) );
#6539 = CARTESIAN_POINT( '', ( 0.332689531389097, 0.134311465907279, 10.9400000000000 ) );
#6540 = CARTESIAN_POINT( '', ( 0.333306894733148, 0.149745549508565, 10.9400000000000 ) );
#6541 = CARTESIAN_POINT( '', ( 0.333306894733148, 0.159623363013389, 10.9400000000000 ) );
#6542 = CARTESIAN_POINT( '', ( 0.333306894733148, 0.210864520569659, 10.9400000000000 ) );
#6543 = CARTESIAN_POINT( '', ( 0.322811717884273, 0.243584777804386, 10.9400000000000 ) );
#6544 = CARTESIAN_POINT( '', ( 0.301204000842473, 0.263340404814032, 10.9400000000000 ) );
#6545 = CARTESIAN_POINT( '', ( 0.272794032281955, 0.289315233212220, 10.9400000000000 ) );
#6546 = CARTESIAN_POINT( '', ( 0.228355126244402, 0.301616932145222, 10.9400000000000 ) );
#6547 = CARTESIAN_POINT( '', ( 0.170940335247617, 0.302234295489273, 10.9400000000000 ) );
#6548 = CARTESIAN_POINT( '', ( 0.117859863154983, 0.302805053253710, 10.9400000000000 ) );
#6549 = CARTESIAN_POINT( '', ( 0.0783358336399003, 0.292356481984450, 10.9400000000000 ) );
#6550 = CARTESIAN_POINT( '', ( 0.0524065731897395, 0.273835581662907, 10.9400000000000 ) );
#6551 = CARTESIAN_POINT( '', ( 0.0265941112100750, 0.255398108820289, 10.9400000000000 ) );
#6552 = CARTESIAN_POINT( '', ( 0.00795641241803521, 0.221359697418534, 10.9400000000000 ) );
#6553 = CARTESIAN_POINT( '', ( -0.00439085446299337, 0.173205356582521, 10.9400000000000 ) );
#6554 = CARTESIAN_POINT( '', ( -0.00439085446299337, 0.173205356582521, 10.9400000000000 ) );
#6555 = VECTOR( '', #8080, 1000.00000000000 );
#6556 = COLOUR_RGB( '', 0.899999976200000, 0.000000000000000, 0.000000000000000 );
#6557 = CARTESIAN_POINT( '', ( 2.10205287544055, -0.292286604832271, 10.9400000000000 ) );
#6558 = CARTESIAN_POINT( '', ( 1.98845802013508, -0.292286604832271, 10.9400000000000 ) );
#6559 = CARTESIAN_POINT( '', ( 2.10205287544055, -0.292286604832271, 10.9400000000000 ) );
#6560 = CARTESIAN_POINT( '', ( 2.06418792367205, -0.292286604832270, 10.9400000000000 ) );
#6561 = CARTESIAN_POINT( '', ( 2.02632297190357, -0.292286604832270, 10.9400000000000 ) );
#6562 = CARTESIAN_POINT( '', ( 1.98845802013508, -0.292286604832271, 10.9400000000000 ) );
#6563 = CARTESIAN_POINT( '', ( 2.42184708765920, -0.292286604832271, 10.9400000000000 ) );
#6564 = CARTESIAN_POINT( '', ( 2.42184708765920, -0.292286604832271, 10.9400000000000 ) );
#6565 = CARTESIAN_POINT( '', ( 2.42184708765920, -0.155643518015550, 10.9400000000000 ) );
#6566 = CARTESIAN_POINT( '', ( 2.42184708765920, -0.0190004311988300, 10.9400000000000 ) );
#6567 = CARTESIAN_POINT( '', ( 2.42184708765920, 0.117642655617890, 10.9400000000000 ) );
#6568 = CARTESIAN_POINT( '', ( 2.42184708765920, 0.163944906421749, 10.9400000000000 ) );
#6569 = CARTESIAN_POINT( '', ( 2.41752554425083, 0.198517253688630, 10.9400000000000 ) );
#6570 = CARTESIAN_POINT( '', ( 2.40888245743412, 0.221977060762585, 10.9400000000000 ) );
#6571 = CARTESIAN_POINT( '', ( 2.40036585481471, 0.245093553586677, 10.9400000000000 ) );
#6572 = CARTESIAN_POINT( '', ( 2.38418792367206, 0.263340404814032, 10.9400000000000 ) );
#6573 = CARTESIAN_POINT( '', ( 2.33850303621225, 0.290504391952296, 10.9400000000000 ) );
#6574 = CARTESIAN_POINT( '', ( 2.31195641241804, 0.297295388736861, 10.9400000000000 ) );
#6575 = CARTESIAN_POINT( '', ( 2.28108824521547, 0.297912752080913, 10.9400000000000 ) );
#6576 = CARTESIAN_POINT( '', ( 2.23234838424667, 0.298887549300289, 10.9400000000000 ) );
#6577 = CARTESIAN_POINT( '', ( 2.19033583363990, 0.281861305135576, 10.9400000000000 ) );
#6578 = CARTESIAN_POINT( '', ( 2.11995641241804, 0.220124970730430, 10.9400000000000 ) );
#6579 = CARTESIAN_POINT( '', ( 2.10205287544055, 0.161475453045543, 10.9400000000000 ) );
#6580 = CARTESIAN_POINT( '', ( 2.10205287544055, 0.0756619482223916, 10.9400000000000 ) );
#6581 = CARTESIAN_POINT( '', ( 2.10205287544055, -0.0469875694624955, 10.9400000000000 ) );
#6582 = CARTESIAN_POINT( '', ( 2.10205287544055, -0.169637087147383, 10.9400000000000 ) );
#6583 = CARTESIAN_POINT( '', ( 2.10205287544055, -0.292286604832271, 10.9400000000000 ) );
#6584 = CARTESIAN_POINT( '', ( 2.53544194296466, -0.292286604832270, 10.9400000000000 ) );
#6585 = CARTESIAN_POINT( '', ( 2.53544194296466, -0.292286604832270, 10.9400000000000 ) );
#6586 = CARTESIAN_POINT( '', ( 2.49757699119617, -0.292286604832271, 10.9400000000000 ) );
#6587 = CARTESIAN_POINT( '', ( 2.45971203942769, -0.292286604832270, 10.9400000000000 ) );
#6588 = CARTESIAN_POINT( '', ( 2.42184708765920, -0.292286604832271, 10.9400000000000 ) );
#6589 = CARTESIAN_POINT( '', ( 2.09094033524762, 0.284948121855833, 10.9400000000000 ) );
#6590 = CARTESIAN_POINT( '', ( 2.09094033524762, 0.284948121855833, 10.9400000000000 ) );
#6591 = CARTESIAN_POINT( '', ( 2.14032940277174, 0.358414359797954, 10.9400000000000 ) );
#6592 = CARTESIAN_POINT( '', ( 2.21194355068170, 0.395456160441041, 10.9400000000000 ) );
#6593 = CARTESIAN_POINT( '', ( 2.34591139634087, 0.395456160441041, 10.9400000000000 ) );
#6594 = CARTESIAN_POINT( '', ( 2.38295319698395, 0.388047800312424, 10.9400000000000 ) );
#6595 = CARTESIAN_POINT( '', ( 2.41690818090678, 0.373848443399241, 10.9400000000000 ) );
#6596 = CARTESIAN_POINT( '', ( 2.45108290726918, 0.359557194193148, 10.9400000000000 ) );
#6597 = CARTESIAN_POINT( '', ( 2.47679242527977, 0.339893459476411, 10.9400000000000 ) );
#6598 = CARTESIAN_POINT( '', ( 2.49346123556916, 0.316433652402456, 10.9400000000000 ) );
#6599 = CARTESIAN_POINT( '', ( 2.51042153908957, 0.292563595595961, 10.9400000000000 ) );
#6600 = CARTESIAN_POINT( '', ( 2.52247731273958, 0.264575131502135, 10.9400000000000 ) );
#6601 = CARTESIAN_POINT( '', ( 2.52865094618010, 0.231854874267408, 10.9400000000000 ) );
#6602 = CARTESIAN_POINT( '', ( 2.53262380345086, 0.210798730732376, 10.9400000000000 ) );
#6603 = CARTESIAN_POINT( '', ( 2.53544194296466, 0.173822719926572, 10.9400000000000 ) );
#6604 = CARTESIAN_POINT( '', ( 2.53544194296466, 0.121346835682200, 10.9400000000000 ) );
#6605 = CARTESIAN_POINT( '', ( 2.53544194296466, -0.0165309778226239, 10.9400000000000 ) );
#6606 = CARTESIAN_POINT( '', ( 2.53544194296466, -0.154408791327448, 10.9400000000000 ) );
#6607 = CARTESIAN_POINT( '', ( 2.53544194296466, -0.292286604832270, 10.9400000000000 ) );
#6608 = CARTESIAN_POINT( '', ( 2.09094033524761, 0.380639440183806, 10.9400000000000 ) );
#6609 = CARTESIAN_POINT( '', ( 2.09094033524761, 0.380639440183806, 10.9400000000000 ) );
#6610 = CARTESIAN_POINT( '', ( 2.09094033524762, 0.348742334074483, 10.9400000000000 ) );
#6611 = CARTESIAN_POINT( '', ( 2.09094033524761, 0.316845227965158, 10.9400000000000 ) );
#6612 = CARTESIAN_POINT( '', ( 2.09094033524762, 0.284948121855833, 10.9400000000000 ) );
#6613 = CARTESIAN_POINT( '', ( 1.98845802013508, 0.380639440183807, 10.9400000000000 ) );
#6614 = CARTESIAN_POINT( '', ( 1.98845802013508, 0.380639440183807, 10.9400000000000 ) );
#6615 = CARTESIAN_POINT( '', ( 2.02261879183926, 0.380639440183806, 10.9400000000000 ) );
#6616 = CARTESIAN_POINT( '', ( 2.05677956354344, 0.380639440183807, 10.9400000000000 ) );
#6617 = CARTESIAN_POINT( '', ( 2.09094033524761, 0.380639440183806, 10.9400000000000 ) );
#6618 = CARTESIAN_POINT( '', ( 1.98845802013508, -0.292286604832271, 10.9400000000000 ) );
#6619 = CARTESIAN_POINT( '', ( 1.98845802013508, -0.0679779231602448, 10.9400000000000 ) );
#6620 = CARTESIAN_POINT( '', ( 1.98845802013508, 0.156330758511781, 10.9400000000000 ) );
#6621 = CARTESIAN_POINT( '', ( 1.98845802013508, 0.380639440183807, 10.9400000000000 ) );
#6622 = COLOUR_RGB( '', 0.699999988100000, 0.699999988100000, 0.699999988100000 );
#6623 = CARTESIAN_POINT( '', ( -2.25000000000000, 0.450000000000000, -0.750000000000000 ) );
#6624 = CARTESIAN_POINT( '', ( -2.25000000000000, 0.450000000000000, -0.750000000000000 ) );
#6625 = VECTOR( '', #8081, 1000.00000000000 );
#6626 = AXIS2_PLACEMENT_3D( '', #8082, #8083, #8084 );
#6627 = COLOUR_RGB( '', 0.899999976200000, 0.000000000000000, 0.000000000000000 );
#6628 = CARTESIAN_POINT( '', ( -0.445805645459778, 0.634993137933003, 10.9500000000000 ) );
#6629 = CARTESIAN_POINT( '', ( -0.445805645459778, 0.634993137933003, 10.9500000000000 ) );
#6630 = CARTESIAN_POINT( '', ( -0.391477671183251, 0.634993137933003, 10.9500000000000 ) );
#6631 = CARTESIAN_POINT( '', ( -0.337149696906724, 0.634993137933003, 10.9500000000000 ) );
#6632 = CARTESIAN_POINT( '', ( -0.282821722630196, 0.634993137933003, 10.9500000000000 ) );
#6633 = CARTESIAN_POINT( '', ( -0.445805645459778, 0.634993137933003, 10.9400000000000 ) );
#6634 = CARTESIAN_POINT( '', ( -0.445805645459778, 0.634993137933003, 10.9400000000000 ) );
#6635 = VECTOR( '', #8085, 1000.00000000000 );
#6636 = CARTESIAN_POINT( '', ( -0.445805645459778, 0.634993137933003, 10.9400000000000 ) );
#6637 = CARTESIAN_POINT( '', ( -0.391477671183251, 0.634993137933003, 10.9400000000000 ) );
#6638 = CARTESIAN_POINT( '', ( -0.337149696906724, 0.634993137933003, 10.9400000000000 ) );
#6639 = CARTESIAN_POINT( '', ( -0.282821722630196, 0.634993137933003, 10.9400000000000 ) );
#6640 = COLOUR_RGB( '', 0.119999997300000, 0.119999997300000, 0.119999997300000 );
#6641 = CARTESIAN_POINT( '', ( 0.650000000000000, 4.15000000000000, 0.000000000000000 ) );
#6642 = CARTESIAN_POINT( '', ( 3.35000000000000, 4.15000000000000, 0.000000000000000 ) );
#6643 = CARTESIAN_POINT( '', ( -4.15000000000000, 4.15000000000000, 0.000000000000000 ) );
#6644 = VECTOR( '', #8086, 1000.00000000000 );
#6645 = CARTESIAN_POINT( '', ( 4.15000000000000, 3.35000000000000, 0.000000000000000 ) );
#6646 = AXIS2_PLACEMENT_3D( '', #8087, #8088, #8089 );
#6647 = CARTESIAN_POINT( '', ( 4.15000000000000, -2.35000000000000, 0.000000000000000 ) );
#6648 = CARTESIAN_POINT( '', ( 4.15000000000000, 4.15000000000000, 0.000000000000000 ) );
#6649 = VECTOR( '', #8090, 1000.00000000000 );
#6650 = CARTESIAN_POINT( '', ( 4.15000000000000, -2.35000000000000, 0.000000000000000 ) );
#6651 = VECTOR( '', #8091, 1000.00000000000 );
#6652 = CARTESIAN_POINT( '', ( 0.650000000000000, -4.15000000000000, 0.000000000000000 ) );
#6653 = VECTOR( '', #8092, 1000.00000000000 );
#6654 = CARTESIAN_POINT( '', ( -0.650000000000000, -1.65000000000000, 0.000000000000000 ) );
#6655 = VECTOR( '', #8093, 1000.00000000000 );
#6656 = CARTESIAN_POINT( '', ( -4.15000000000000, -2.35000000000000, 0.000000000000000 ) );
#6657 = CARTESIAN_POINT( '', ( -4.15000000000000, -2.35000000000000, 0.000000000000000 ) );
#6658 = VECTOR( '', #8094, 1000.00000000000 );
#6659 = CARTESIAN_POINT( '', ( -4.15000000000000, -2.35000000000000, 0.000000000000000 ) );
#6660 = VECTOR( '', #8095, 1000.00000000000 );
#6661 = CARTESIAN_POINT( '', ( -0.650000000000000, 4.15000000000000, 0.000000000000000 ) );
#6662 = CARTESIAN_POINT( '', ( -4.15000000000000, 4.15000000000000, 0.000000000000000 ) );
#6663 = VECTOR( '', #8096, 1000.00000000000 );
#6664 = CARTESIAN_POINT( '', ( -0.650000000000000, 1.65000000000000, 0.000000000000000 ) );
#6665 = CARTESIAN_POINT( '', ( -0.650000000000000, 1.65000000000000, 0.000000000000000 ) );
#6666 = VECTOR( '', #8097, 1000.00000000000 );
#6667 = CARTESIAN_POINT( '', ( 0.650000000000000, 1.65000000000000, 0.000000000000000 ) );
#6668 = AXIS2_PLACEMENT_3D( '', #8098, #8099, #8100 );
#6669 = CARTESIAN_POINT( '', ( 0.650000000000000, 4.15000000000000, 0.000000000000000 ) );
#6670 = VECTOR( '', #8101, 1000.00000000000 );
#6671 = CARTESIAN_POINT( '', ( 3.15000000000000, -2.65000000000000, 0.000000000000000 ) );
#6672 = AXIS2_PLACEMENT_3D( '', #8102, #8103, #8104 );
#6673 = CARTESIAN_POINT( '', ( -2.15000000000000, 2.65000000000000, 0.000000000000000 ) );
#6674 = AXIS2_PLACEMENT_3D( '', #8105, #8106, #8107 );
#6675 = CARTESIAN_POINT( '', ( -3.15000000000000, -2.65000000000000, 0.000000000000000 ) );
#6676 = AXIS2_PLACEMENT_3D( '', #8108, #8109, #8110 );
#6677 = CARTESIAN_POINT( '', ( 2.15000000000000, 2.65000000000000, 0.000000000000000 ) );
#6678 = AXIS2_PLACEMENT_3D( '', #8111, #8112, #8113 );
#6679 = COLOUR_RGB( '', 0.119999997300000, 0.119999997300000, 0.119999997300000 );
#6680 = CARTESIAN_POINT( '', ( 3.68747881349846, -1.55000000000000, 0.600000000000000 ) );
#6681 = AXIS2_PLACEMENT_3D( '', #8114, #8115, #8116 );
#6682 = CARTESIAN_POINT( '', ( 3.68747881349846, -1.55000000000000, 1.00000000000000 ) );
#6683 = AXIS2_PLACEMENT_3D( '', #8117, #8118, #8119 );
#6684 = CARTESIAN_POINT( '', ( 3.68747881349846, -1.55000000000000, 1.00000000000000 ) );
#6685 = VECTOR( '', #8120, 1000.00000000000 );
#6686 = COLOUR_RGB( '', 0.899999976200000, 0.000000000000000, 0.000000000000000 );
#6687 = CARTESIAN_POINT( '', ( 1.24576991724119, 0.0503500511162827, 10.9400000000000 ) );
#6688 = CARTESIAN_POINT( '', ( 1.24576991724119, 0.0503500511162827, 10.9400000000000 ) );
#6689 = CARTESIAN_POINT( '', ( 1.16674740920260, -0.0262030035460967, 10.9400000000000 ) );
#6690 = CARTESIAN_POINT( '', ( 1.47110753781996, -0.292286604832271, 10.9400000000000 ) );
#6691 = CARTESIAN_POINT( '', ( 1.47110753781996, -0.292286604832271, 10.9400000000000 ) );
#6692 = CARTESIAN_POINT( '', ( 1.24576991724119, 0.0503500511162827, 10.9400000000000 ) );
#6693 = CARTESIAN_POINT( '', ( 1.61186638026369, -0.292286604832271, 10.9400000000000 ) );
#6694 = CARTESIAN_POINT( '', ( 1.61186638026369, -0.292286604832271, 10.9400000000000 ) );
#6695 = CARTESIAN_POINT( '', ( 1.47110753781996, -0.292286604832271, 10.9400000000000 ) );
#6696 = CARTESIAN_POINT( '', ( 1.32787924200003, 0.129989922498919, 10.9400000000000 ) );
#6697 = CARTESIAN_POINT( '', ( 1.32787924200003, 0.129989922498919, 10.9400000000000 ) );
#6698 = CARTESIAN_POINT( '', ( 1.61186638026369, -0.292286604832271, 10.9400000000000 ) );
#6699 = CARTESIAN_POINT( '', ( 1.58593711981353, 0.380639440183807, 10.9400000000000 ) );
#6700 = CARTESIAN_POINT( '', ( 1.58593711981353, 0.380639440183807, 10.9400000000000 ) );
#6701 = CARTESIAN_POINT( '', ( 1.32787924200003, 0.129989922498919, 10.9400000000000 ) );
#6702 = CARTESIAN_POINT( '', ( 1.43776991724119, 0.380639440183806, 10.9400000000000 ) );
#6703 = CARTESIAN_POINT( '', ( 1.43776991724119, 0.380639440183806, 10.9400000000000 ) );
#6704 = CARTESIAN_POINT( '', ( 1.58593711981353, 0.380639440183807, 10.9400000000000 ) );
#6705 = CARTESIAN_POINT( '', ( 1.16674740920260, 0.107764842113067, 10.9400000000000 ) );
#6706 = CARTESIAN_POINT( '', ( 1.16674740920260, 0.107764842113067, 10.9400000000000 ) );
#6707 = CARTESIAN_POINT( '', ( 1.43776991724119, 0.380639440183806, 10.9400000000000 ) );
#6708 = CARTESIAN_POINT( '', ( 1.16674740920260, 0.634993137933004, 10.9400000000000 ) );
#6709 = CARTESIAN_POINT( '', ( 1.16674740920260, 0.634993137933004, 10.9400000000000 ) );
#6710 = CARTESIAN_POINT( '', ( 1.16674740920260, 0.107764842113067, 10.9400000000000 ) );
#6711 = CARTESIAN_POINT( '', ( 1.05315255389713, 0.634993137933003, 10.9400000000000 ) );
#6712 = CARTESIAN_POINT( '', ( 1.16674740920260, 0.634993137933004, 10.9400000000000 ) );
#6713 = COLOUR_RGB( '', 0.899999976200000, 0.000000000000000, 0.000000000000000 );
#6714 = AXIS2_PLACEMENT_3D( '', #8121, #8122, #8123 );
#6715 = AXIS2_PLACEMENT_3D( '', #8124, #8125, #8126 );
#6716 = COLOUR_RGB( '', 0.699999988100000, 0.699999988100000, 0.699999988100000 );
#6717 = CARTESIAN_POINT( '', ( 0.0196863159550127, -0.188569563031627, 10.9500000000000 ) );
#6718 = CARTESIAN_POINT( '', ( 0.333306894733148, 0.0447937810198196, 10.9500000000000 ) );
#6719 = CARTESIAN_POINT( '', ( 0.0196863159550127, -0.188569563031627, 10.9500000000000 ) );
#6720 = CARTESIAN_POINT( '', ( 0.0425659320913115, -0.208975707153191, 10.9500000000000 ) );
#6721 = CARTESIAN_POINT( '', ( 0.0764837436077461, -0.218820366890148, 10.9500000000000 ) );
#6722 = CARTESIAN_POINT( '', ( 0.165384065151155, -0.218820366890148, 10.9500000000000 ) );
#6723 = CARTESIAN_POINT( '', ( 0.204277955826395, -0.208942553385325, 10.9500000000000 ) );
#6724 = CARTESIAN_POINT( '', ( 0.238850303093276, -0.189804289719730, 10.9500000000000 ) );
#6725 = CARTESIAN_POINT( '', ( 0.272950096919361, -0.170927618137433, 10.9500000000000 ) );
#6726 = CARTESIAN_POINT( '', ( 0.298117184122215, -0.144119402259923, 10.9500000000000 ) );
#6727 = CARTESIAN_POINT( '', ( 0.314168631067553, -0.110781781681145, 10.9500000000000 ) );
#6728 = CARTESIAN_POINT( '', ( 0.326385962901783, -0.0854073232562067, 10.9500000000000 ) );
#6729 = CARTESIAN_POINT( '', ( 0.332689531389097, -0.0471933572438461, 10.9500000000000 ) );
#6730 = CARTESIAN_POINT( '', ( 0.332689531389097, 0.00343043696837261, 10.9500000000000 ) );
#6731 = CARTESIAN_POINT( '', ( 0.332689531389097, 0.0172182183188549, 10.9500000000000 ) );
#6732 = CARTESIAN_POINT( '', ( 0.333101106951798, 0.0310059996693373, 10.9500000000000 ) );
#6733 = CARTESIAN_POINT( '', ( 0.333306894733148, 0.0447937810198196, 10.9500000000000 ) );
#6734 = CARTESIAN_POINT( '', ( 0.333306894733148, 0.0447937810198196, 10.9500000000000 ) );
#6735 = CARTESIAN_POINT( '', ( 0.291943550681701, 0.0281249707304306, 10.9500000000000 ) );
#6736 = CARTESIAN_POINT( '', ( 0.229589852932505, 0.0133082504731959, 10.9500000000000 ) );
#6737 = CARTESIAN_POINT( '', ( 0.146245801485559, 0.00157834693621846, 10.9500000000000 ) );
#6738 = CARTESIAN_POINT( '', ( 0.0993003116223250, -0.00502879608157007, 10.9500000000000 ) );
#6739 = CARTESIAN_POINT( '', ( 0.0659885667588715, -0.0126210099769649, 10.9500000000000 ) );
#6740 = CARTESIAN_POINT( '', ( 0.0462329397492246, -0.0212640967936850, 10.9500000000000 ) );
#6741 = CARTESIAN_POINT( '', ( 0.0267040166560825, -0.0298080006469345, 10.9500000000000 ) );
#6742 = CARTESIAN_POINT( '', ( 0.0116605924823441, -0.0416370871473827, 10.9500000000000 ) );
#6743 = CARTESIAN_POINT( '', ( 0.00116541563346950, -0.0583058974367719, 10.9500000000000 ) );
#6744 = CARTESIAN_POINT( '', ( -0.00922666517563244, -0.0748109669571103, 10.9500000000000 ) );
#6745 = CARTESIAN_POINT( '', ( -0.0148860313118684, -0.0922608813596016, 10.9500000000000 ) );
#6746 = CARTESIAN_POINT( '', ( -0.0148860313118687, -0.142884675571820, 10.9500000000000 ) );
#6747 = CARTESIAN_POINT( '', ( -0.00315612777489074, -0.168196572677930, 10.9500000000000 ) );
#6748 = CARTESIAN_POINT( '', ( 0.0196863159550127, -0.188569563031627, 10.9500000000000 ) );
#6749 = COLOUR_RGB( '', 0.119999997300000, 0.119999997300000, 0.119999997300000 );
#6750 = CARTESIAN_POINT( '', ( 1.06000000000000, 0.000000000000000, 0.140000000000000 ) );
#6751 = AXIS2_PLACEMENT_3D( '', #8127, #8128, #8129 );
#6752 = CARTESIAN_POINT( '', ( 1.06000000000000, 0.000000000000000, 0.240000000000000 ) );
#6753 = AXIS2_PLACEMENT_3D( '', #8130, #8131, #8132 );
#6754 = COLOUR_RGB( '', 0.699999988100000, 0.699999988100000, 0.699999988100000 );
#6755 = CARTESIAN_POINT( '', ( 2.78485673396144, 0.0559063212127456, 10.9500000000000 ) );
#6756 = CARTESIAN_POINT( '', ( 2.78485673396144, 0.0559063212127456, 10.9500000000000 ) );
#6757 = CARTESIAN_POINT( '', ( 2.78485673396144, -0.0329940003306627, 10.9500000000000 ) );
#6758 = CARTESIAN_POINT( '', ( 2.80214290759488, -0.0978171514560649, 10.9500000000000 ) );
#6759 = CARTESIAN_POINT( '', ( 2.83733261820581, -0.137945768819409, 10.9500000000000 ) );
#6760 = CARTESIAN_POINT( '', ( 2.87282836724192, -0.178423377369349, 10.9500000000000 ) );
#6761 = CARTESIAN_POINT( '', ( 2.91697248958846, -0.199064739880502, 10.9500000000000 ) );
#6762 = CARTESIAN_POINT( '', ( 3.02254162142125, -0.199064739880501, 10.9500000000000 ) );
#6763 = CARTESIAN_POINT( '', ( 3.06637441884891, -0.178691749526804, 10.9500000000000 ) );
#6764 = CARTESIAN_POINT( '', ( 3.10156412945984, -0.138563132163459, 10.9500000000000 ) );
#6765 = CARTESIAN_POINT( '', ( 3.13732825065339, -0.0977794851883516, 10.9500000000000 ) );
#6766 = CARTESIAN_POINT( '', ( 3.15527474039231, -0.0342287270187655, 10.9500000000000 ) );
#6767 = CARTESIAN_POINT( '', ( 3.15527474039231, 0.134311465907279, 10.9500000000000 ) );
#6768 = CARTESIAN_POINT( '', ( 3.13675384007077, 0.196665163656475, 10.9500000000000 ) );
#6769 = CARTESIAN_POINT( '', ( 3.10032940277173, 0.239263234396026, 10.9500000000000 ) );
#6770 = CARTESIAN_POINT( '', ( 3.06451483836123, 0.281148063960854, 10.9500000000000 ) );
#6771 = CARTESIAN_POINT( '', ( 3.01945480470099, 0.301616932145222, 10.9500000000000 ) );
#6772 = CARTESIAN_POINT( '', ( 2.96759628380068, 0.302234295489273, 10.9500000000000 ) );
#6773 = CARTESIAN_POINT( '', ( 2.91698701166797, 0.302836786824186, 10.9500000000000 ) );
#6774 = CARTESIAN_POINT( '', ( 2.87375705550485, 0.281243941791524, 10.9500000000000 ) );
#6775 = CARTESIAN_POINT( '', ( 2.83794998154987, 0.239880597740077, 10.9500000000000 ) );
#6776 = CARTESIAN_POINT( '', ( 2.80240736834739, 0.198822751454450, 10.9500000000000 ) );
#6777 = CARTESIAN_POINT( '', ( 2.78485673396144, 0.137398282627536, 10.9500000000000 ) );
#6778 = CARTESIAN_POINT( '', ( 2.78485673396144, 0.0559063212127456, 10.9500000000000 ) );
#6779 = COLOUR_RGB( '', 0.119999997300000, 0.119999997300000, 0.119999997300000 );
#6780 = CARTESIAN_POINT( '', ( 1.95924390243903, 0.491694346881782, 0.140000000000000 ) );
#6781 = CARTESIAN_POINT( '', ( 1.95924390243903, 0.491694346881781, 0.240000000000000 ) );
#6782 = CARTESIAN_POINT( '', ( 1.95924390243903, 0.491694346881782, 0.390000000000000 ) );
#6783 = VECTOR( '', #8133, 1000.00000000000 );
#6784 = CARTESIAN_POINT( '', ( 2.39241463414634, 0.364351778261652, 0.240000000000000 ) );
#6785 = AXIS2_PLACEMENT_3D( '', #8134, #8135, #8136 );
#6786 = CARTESIAN_POINT( '', ( 2.39241463414634, 0.364351778261651, 0.140000000000000 ) );
#6787 = CARTESIAN_POINT( '', ( 2.39241463414634, 0.364351778261651, 0.390000000000000 ) );
#6788 = VECTOR( '', #8137, 1000.00000000000 );
#6789 = CARTESIAN_POINT( '', ( 2.48841463414635, 0.240400932956445, 0.140000000000000 ) );
#6790 = AXIS2_PLACEMENT_3D( '', #8138, #8139, #8140 );
#6791 = CARTESIAN_POINT( '', ( 2.48841463414635, 0.240400932956445, 0.390000000000000 ) );
#6792 = VECTOR( '', #8141, 1000.00000000000 );
#6793 = CARTESIAN_POINT( '', ( 2.48841463414635, -0.240400932956445, 0.140000000000000 ) );
#6794 = CARTESIAN_POINT( '', ( 2.48841463414635, -0.240400932956445, 0.390000000000000 ) );
#6795 = VECTOR( '', #8142, 1000.00000000000 );
#6796 = CARTESIAN_POINT( '', ( 2.39241463414634, -0.364351778261651, 0.140000000000000 ) );
#6797 = AXIS2_PLACEMENT_3D( '', #8143, #8144, #8145 );
#6798 = CARTESIAN_POINT( '', ( 2.39241463414634, -0.364351778261651, 0.390000000000000 ) );
#6799 = VECTOR( '', #8146, 1000.00000000000 );
#6800 = CARTESIAN_POINT( '', ( 1.95924390243903, -0.491694346881783, 0.140000000000000 ) );
#6801 = CARTESIAN_POINT( '', ( 1.95924390243903, -0.491694346881783, 0.390000000000000 ) );
#6802 = VECTOR( '', #8147, 1000.00000000000 );
#6803 = CARTESIAN_POINT( '', ( 1.88197560975610, -0.470922291130039, 0.140000000000000 ) );
#6804 = AXIS2_PLACEMENT_3D( '', #8148, #8149, #8150 );
#6805 = CARTESIAN_POINT( '', ( 1.88197560975610, -0.470922291130038, 0.240000000000000 ) );
#6806 = CARTESIAN_POINT( '', ( 1.88197560975610, -0.470922291130039, 0.390000000000000 ) );
#6807 = VECTOR( '', #8151, 1000.00000000000 );
#6808 = CARTESIAN_POINT( '', ( 1.88197560975610, 0.470922291130038, 0.240000000000000 ) );
#6809 = AXIS2_PLACEMENT_3D( '', #8152, #8153, #8154 );
#6810 = CARTESIAN_POINT( '', ( 1.88197560975610, 0.470922291130038, 0.140000000000000 ) );
#6811 = CARTESIAN_POINT( '', ( 1.88197560975610, 0.470922291130038, 0.390000000000000 ) );
#6812 = VECTOR( '', #8155, 1000.00000000000 );
#6813 = AXIS2_PLACEMENT_3D( '', #8156, #8157, #8158 );
#6814 = CARTESIAN_POINT( '', ( 2.55000000000000, -1.25526296912605E-16, 0.640000000000000 ) );
#6815 = AXIS2_PLACEMENT_3D( '', #8159, #8160, #8161 );
#6816 = COLOUR_RGB( '', 0.899999976200000, 0.000000000000000, 0.000000000000000 );
#6817 = CARTESIAN_POINT( '', ( -1.04958699594209, -0.292286604832271, 10.9400000000000 ) );
#6818 = CARTESIAN_POINT( '', ( -1.04958699594209, -0.292286604832271, 10.9400000000000 ) );
#6819 = CARTESIAN_POINT( '', ( -1.08868667439869, -0.292286604832271, 10.9400000000000 ) );
#6820 = CARTESIAN_POINT( '', ( -1.12778635285528, -0.292286604832271, 10.9400000000000 ) );
#6821 = CARTESIAN_POINT( '', ( -1.16688603131187, -0.292286604832271, 10.9400000000000 ) );
#6822 = CARTESIAN_POINT( '', ( -1.04958699594209, 0.497938475553582, 10.9400000000000 ) );
#6823 = CARTESIAN_POINT( '', ( -1.04958699594209, 0.497938475553582, 10.9400000000000 ) );
#6824 = CARTESIAN_POINT( '', ( -1.04958699594209, 0.234530115424964, 10.9400000000000 ) );
#6825 = CARTESIAN_POINT( '', ( -1.04958699594209, -0.0288782447036532, 10.9400000000000 ) );
#6826 = CARTESIAN_POINT( '', ( -1.04958699594209, -0.292286604832271, 10.9400000000000 ) );
#6827 = CARTESIAN_POINT( '', ( -0.781651304623766, -0.292286604832271, 10.9400000000000 ) );
#6828 = CARTESIAN_POINT( '', ( -0.781651304623766, -0.292286604832271, 10.9400000000000 ) );
#6829 = CARTESIAN_POINT( '', ( -0.870963201729875, -0.0288782447036529, 10.9400000000000 ) );
#6830 = CARTESIAN_POINT( '', ( -0.960275098835985, 0.234530115424964, 10.9400000000000 ) );
#6831 = CARTESIAN_POINT( '', ( -1.04958699594209, 0.497938475553582, 10.9400000000000 ) );
#6832 = CARTESIAN_POINT( '', ( -0.672995356070711, -0.292286604832271, 10.9400000000000 ) );
#6833 = CARTESIAN_POINT( '', ( -0.672995356070711, -0.292286604832271, 10.9400000000000 ) );
#6834 = CARTESIAN_POINT( '', ( -0.709214005588396, -0.292286604832271, 10.9400000000000 ) );
#6835 = CARTESIAN_POINT( '', ( -0.745432655106080, -0.292286604832271, 10.9400000000000 ) );
#6836 = CARTESIAN_POINT( '', ( -0.781651304623766, -0.292286604832271, 10.9400000000000 ) );
#6837 = CARTESIAN_POINT( '', ( -0.400738121344022, 0.484973845328502, 10.9400000000000 ) );
#6838 = CARTESIAN_POINT( '', ( -0.400738121344022, 0.484973845328502, 10.9400000000000 ) );
#6839 = CARTESIAN_POINT( '', ( -0.491490532919585, 0.225887028608245, 10.9400000000000 ) );
#6840 = CARTESIAN_POINT( '', ( -0.582242944495148, -0.0331997881120131, 10.9400000000000 ) );
#6841 = CARTESIAN_POINT( '', ( -0.672995356070711, -0.292286604832271, 10.9400000000000 ) );
#6842 = CARTESIAN_POINT( '', ( -0.400738121344023, -0.292286604832271, 10.9400000000000 ) );
#6843 = CARTESIAN_POINT( '', ( -0.400738121344022, -0.0331997881120134, 10.9400000000000 ) );
#6844 = CARTESIAN_POINT( '', ( -0.400738121344022, 0.225887028608244, 10.9400000000000 ) );
#6845 = CARTESIAN_POINT( '', ( -0.400738121344022, 0.484973845328502, 10.9400000000000 ) );
#6846 = CARTESIAN_POINT( '', ( -0.719297606874570, -0.158936122517157, 10.9400000000000 ) );
#6847 = CARTESIAN_POINT( '', ( -0.719297606874570, -0.158936122517157, 10.9400000000000 ) );
#6848 = CARTESIAN_POINT( '', ( -0.708802430025694, -0.124981138594328, 10.9400000000000 ) );
#6849 = CARTESIAN_POINT( '', ( -0.692133619736306, -0.0755920710702124, 10.9400000000000 ) );
#6850 = CARTESIAN_POINT( '', ( -0.669908539350454, -0.0101515566007589, 10.9400000000000 ) );
#6851 = CARTESIAN_POINT( '', ( -0.596701030444636, 0.205403886288595, 10.9400000000000 ) );
#6852 = CARTESIAN_POINT( '', ( -0.520506610090004, 0.419944906421750, 10.9400000000000 ) );
#6853 = CARTESIAN_POINT( '', ( -0.445805645459778, 0.634993137933003, 10.9400000000000 ) );
#6854 = CARTESIAN_POINT( '', ( -0.984146481472640, 0.634993137933004, 10.9400000000000 ) );
#6855 = CARTESIAN_POINT( '', ( -0.984146481472640, 0.634993137933004, 10.9400000000000 ) );
#6856 = CARTESIAN_POINT( '', ( -0.910680243530518, 0.416240726357440, 10.9400000000000 ) );
#6857 = CARTESIAN_POINT( '', ( -0.837214005588395, 0.197488314781878, 10.9400000000000 ) );
#6858 = CARTESIAN_POINT( '', ( -0.763747767646273, -0.0212640967936849, 10.9400000000000 ) );
#6859 = CARTESIAN_POINT( '', ( -0.743050672068406, -0.0828915830661595, 10.9400000000000 ) );
#6860 = CARTESIAN_POINT( '', ( -0.728558057035341, -0.128685318658637, 10.9400000000000 ) );
#6861 = CARTESIAN_POINT( '', ( -0.719297606874570, -0.158936122517157, 10.9400000000000 ) );
#6862 = CARTESIAN_POINT( '', ( -1.16688603131187, 0.634993137933003, 10.9400000000000 ) );
#6863 = CARTESIAN_POINT( '', ( -1.10597284803213, 0.634993137933003, 10.9400000000000 ) );
#6864 = CARTESIAN_POINT( '', ( -1.04505966475238, 0.634993137933003, 10.9400000000000 ) );
#6865 = CARTESIAN_POINT( '', ( -0.984146481472640, 0.634993137933004, 10.9400000000000 ) );
#6866 = COLOUR_RGB( '', 0.699999988100000, 0.699999988100000, 0.699999988100000 );
#6867 = CARTESIAN_POINT( '', ( -2.20000000000000, 0.450000000000000, -0.400000000000000 ) );
#6868 = CARTESIAN_POINT( '', ( -2.20000000000000, -0.450000000000000, -0.400000000000000 ) );
#6869 = VECTOR( '', #8162, 1000.00000000000 );
#6870 = CARTESIAN_POINT( '', ( -2.25000000000000, 0.450000000000000, -0.450000000000000 ) );
#6871 = AXIS2_PLACEMENT_3D( '', #8163, #8164, #8165 );
#6872 = CARTESIAN_POINT( '', ( -2.25000000000000, -0.450000000000000, -0.450000000000000 ) );
#6873 = VECTOR( '', #8166, 1000.00000000000 );
#6874 = COLOUR_RGB( '', 0.899999976200000, 0.000000000000000, 0.000000000000000 );
#6875 = CARTESIAN_POINT( '', ( 3.25960914553700, 0.380639440183806, 10.9500000000000 ) );
#6876 = CARTESIAN_POINT( '', ( 2.68916541563347, -0.347231942452849, 10.9500000000000 ) );
#6877 = CARTESIAN_POINT( '', ( 3.25960914553700, 0.380639440183806, 10.9500000000000 ) );
#6878 = CARTESIAN_POINT( '', ( 3.25960914553700, 0.186787350151652, 10.9500000000000 ) );
#6879 = CARTESIAN_POINT( '', ( 3.25960914553700, -0.00706473988050203, 10.9500000000000 ) );
#6880 = CARTESIAN_POINT( '', ( 3.25960914553700, -0.200916829912656, 10.9500000000000 ) );
#6881 = CARTESIAN_POINT( '', ( 3.25960914553700, -0.305251235057351, 10.9500000000000 ) );
#6882 = CARTESIAN_POINT( '', ( 3.24911396868813, -0.379952199687576, 10.9500000000000 ) );
#6883 = CARTESIAN_POINT( '', ( 3.22750625164633, -0.423167633771177, 10.9500000000000 ) );
#6884 = CARTESIAN_POINT( '', ( 3.20577506193572, -0.466630013192399, 10.9500000000000 ) );
#6885 = CARTESIAN_POINT( '', ( 3.17256091402575, -0.501572778465711, 10.9500000000000 ) );
#6886 = CARTESIAN_POINT( '', ( 3.07995641241803, -0.552196572677930, 10.9500000000000 ) );
#6887 = CARTESIAN_POINT( '', ( 3.02315898476530, -0.564543839558959, 10.9500000000000 ) );
#6888 = CARTESIAN_POINT( '', ( 2.87499178219295, -0.564543839558958, 10.9500000000000 ) );
#6889 = CARTESIAN_POINT( '', ( 2.81016863106756, -0.546640302581467, 10.9500000000000 ) );
#6890 = CARTESIAN_POINT( '', ( 2.76077956354344, -0.510833228626483, 10.9500000000000 ) );
#6891 = CARTESIAN_POINT( '', ( 2.71109711565099, -0.474813453904457, 10.9500000000000 ) );
#6892 = CARTESIAN_POINT( '', ( 2.68731332560131, -0.420080817050920, 10.9500000000000 ) );
#6893 = CARTESIAN_POINT( '', ( 2.68916541563347, -0.347231942452849, 10.9500000000000 ) );
#6894 = CARTESIAN_POINT( '', ( 3.25960914553700, 0.380639440183806, 10.9400000000000 ) );
#6895 = VECTOR( '', #8167, 1000.00000000000 );
#6896 = CARTESIAN_POINT( '', ( 2.68916541563347, -0.347231942452849, 10.9400000000000 ) );
#6897 = VECTOR( '', #8168, 1000.00000000000 );
#6898 = COLOUR_RGB( '', 0.119999997300000, 0.119999997300000, 0.119999997300000 );
#6899 = CARTESIAN_POINT( '', ( 0.980000000000000, 0.000000000000000, 0.140000000000000 ) );
#6900 = AXIS2_PLACEMENT_3D( '', #8169, #8170, #8171 );
#6901 = COLOUR_RGB( '', 0.119999997300000, 0.119999997300000, 0.119999997300000 );
#6902 = CARTESIAN_POINT( '', ( -2.39241463414634, 0.364351778261651, 0.240000000000000 ) );
#6903 = AXIS2_PLACEMENT_3D( '', #8172, #8173, #8174 );
#6904 = CARTESIAN_POINT( '', ( -1.95924390243903, 0.491694346881781, 0.240000000000000 ) );
#6905 = AXIS2_PLACEMENT_3D( '', #8175, #8176, #8177 );
#6906 = AXIS2_PLACEMENT_3D( '', #8178, #8179, #8180 );
#6907 = COLOUR_RGB( '', 0.119999997300000, 0.119999997300000, 0.119999997300000 );
#6908 = CARTESIAN_POINT( '', ( -4.15000000000000, -2.35000000000000, 1.00000000000000 ) );
#6909 = CARTESIAN_POINT( '', ( -4.15000000000000, -2.35000000000000, 1.00000000000000 ) );
#6910 = VECTOR( '', #8181, 1000.00000000000 );
#6911 = CARTESIAN_POINT( '', ( -4.15000000000000, -2.35000000000000, 0.600000000000000 ) );
#6912 = VECTOR( '', #8182, 1000.00000000000 );
#6913 = COLOUR_RGB( '', 0.119999997300000, 0.119999997300000, 0.119999997300000 );
#6914 = CARTESIAN_POINT( '', ( -1.55000000000000, -3.68747881349846, 0.600000000000000 ) );
#6915 = CARTESIAN_POINT( '', ( -1.55000000000000, 1.45335039033670E-15, 0.600000000000000 ) );
#6916 = VECTOR( '', #8183, 1000.00000000000 );
#6917 = CARTESIAN_POINT( '', ( -1.55000000000000, -3.68747881349846, 1.00000000000000 ) );
#6918 = CARTESIAN_POINT( '', ( -1.55000000000000, -3.68747881349846, 1.00000000000000 ) );
#6919 = VECTOR( '', #8184, 1000.00000000000 );
#6920 = CARTESIAN_POINT( '', ( -1.55000000000000, -4.15000000000000, 1.00000000000000 ) );
#6921 = VECTOR( '', #8185, 1000.00000000000 );
#6922 = COLOUR_RGB( '', 0.899999976200000, 0.000000000000000, 0.000000000000000 );
#6923 = CARTESIAN_POINT( '', ( 0.620998213061122, -0.292286604832271, 10.9500000000000 ) );
#6924 = CARTESIAN_POINT( '', ( 0.620998213061122, 0.380639440183807, 10.9500000000000 ) );
#6925 = CARTESIAN_POINT( '', ( 0.620998213061122, -0.292286604832271, 10.9500000000000 ) );
#6926 = CARTESIAN_POINT( '', ( 0.620998213061122, -0.0679779231602447, 10.9500000000000 ) );
#6927 = CARTESIAN_POINT( '', ( 0.620998213061122, 0.156330758511781, 10.9500000000000 ) );
#6928 = CARTESIAN_POINT( '', ( 0.620998213061122, 0.380639440183807, 10.9500000000000 ) );
#6929 = CARTESIAN_POINT( '', ( 0.620998213061122, -0.292286604832271, 10.9400000000000 ) );
#6930 = VECTOR( '', #8186, 1000.00000000000 );
#6931 = CARTESIAN_POINT( '', ( 0.620998213061122, 0.380639440183807, 10.9400000000000 ) );
#6932 = VECTOR( '', #8187, 1000.00000000000 );
#6933 = COLOUR_RGB( '', 0.119999997300000, 0.119999997300000, 0.119999997300000 );
#6934 = CARTESIAN_POINT( '', ( -2.15000000000000, 2.65000000000000, -0.0500000000000000 ) );
#6935 = AXIS2_PLACEMENT_3D( '', #8188, #8189, #8190 );
#6936 = COLOUR_RGB( '', 0.899999976200000, 0.000000000000000, 0.000000000000000 );
#6937 = COLOUR_RGB( '', 0.899999976200000, 0.000000000000000, 0.000000000000000 );
#6938 = CARTESIAN_POINT( '', ( -0.122360090685864, 1.27340653755458, 10.9500000000000 ) );
#6939 = VECTOR( '', #8191, 1000.00000000000 );
#6940 = CARTESIAN_POINT( '', ( -0.122360090685864, 1.27340653755458, 10.9400000000000 ) );
#6941 = VECTOR( '', #8192, 1000.00000000000 );
#6942 = COLOUR_RGB( '', 0.899999976200000, 0.000000000000000, 0.000000000000000 );
#6943 = CARTESIAN_POINT( '', ( 0.340097891517714, -0.207707826697222, 10.9500000000000 ) );
#6944 = CARTESIAN_POINT( '', ( 0.340097891517714, -0.207707826697222, 10.9500000000000 ) );
#6945 = CARTESIAN_POINT( '', ( 0.299351910810318, -0.244132263996257, 10.9500000000000 ) );
#6946 = CARTESIAN_POINT( '', ( 0.259223293446974, -0.270678887790470, 10.9500000000000 ) );
#6947 = CARTESIAN_POINT( '', ( 0.219712039427682, -0.285495608047705, 10.9500000000000 ) );
#6948 = CARTESIAN_POINT( '', ( 0.180742035463448, -0.300109359534292, 10.9500000000000 ) );
#6949 = CARTESIAN_POINT( '', ( 0.138837441356942, -0.307720688433556, 10.9500000000000 ) );
#6950 = CARTESIAN_POINT( '', ( 0.0196863159550127, -0.307720688433556, 10.9500000000000 ) );
#6951 = CARTESIAN_POINT( '', ( -0.0371111116977201, -0.289817151456064, 10.9500000000000 ) );
#6952 = CARTESIAN_POINT( '', ( -0.0772397290610643, -0.254010077501081, 10.9500000000000 ) );
#6953 = CARTESIAN_POINT( '', ( -0.117331332282685, -0.218236031549481, 10.9500000000000 ) );
#6954 = CARTESIAN_POINT( '', ( -0.137123973434055, -0.171900752742239, 10.9500000000000 ) );
#6955 = CARTESIAN_POINT( '', ( -0.137123973434055, -0.0823830678547785, 10.9500000000000 ) );
#6956 = CARTESIAN_POINT( '', ( -0.129098249961386, -0.0527496273403088, 10.9500000000000 ) );
#6957 = CARTESIAN_POINT( '', ( -0.114281529704151, -0.0249682768579938, 10.9500000000000 ) );
#6958 = CARTESIAN_POINT( '', ( -0.0997211540880452, 0.00233242742220510, 10.9500000000000 ) );
#6959 = CARTESIAN_POINT( '', ( -0.0797091824372700, 0.0238034273220704, 10.9500000000000 ) );
#6960 = CARTESIAN_POINT( '', ( -0.0550146486752127, 0.0404722376114596, 10.9500000000000 ) );
#6961 = CARTESIAN_POINT( '', ( -0.0310305201351630, 0.0566615243759934, 10.9500000000000 ) );
#6962 = CARTESIAN_POINT( '', ( -0.00315612777489074, 0.0694883147818776, 10.9500000000000 ) );
#6963 = CARTESIAN_POINT( '', ( 0.0270946760836302, 0.0775140382545465, 10.9500000000000 ) );
#6964 = CARTESIAN_POINT( '', ( 0.0493884591606882, 0.0834287153974393, 10.9500000000000 ) );
#6965 = CARTESIAN_POINT( '', ( 0.0832747403923121, 0.0892439417915239, 10.9500000000000 ) );
#6966 = CARTESIAN_POINT( '', ( 0.128959627852119, 0.0948002118879869, 10.9500000000000 ) );
#6967 = CARTESIAN_POINT( '', ( 0.220937767297921, 0.105986742361125, 10.9500000000000 ) );
#6968 = CARTESIAN_POINT( '', ( 0.289474097305495, 0.118877382305993, 10.9500000000000 ) );
#6969 = CARTESIAN_POINT( '', ( 0.332689531389097, 0.134311465907279, 10.9500000000000 ) );
#6970 = CARTESIAN_POINT( '', ( 0.340097891517714, -0.207707826697222, 10.9400000000000 ) );
#6971 = CARTESIAN_POINT( '', ( 0.340097891517714, -0.207707826697222, 10.9400000000000 ) );
#6972 = VECTOR( '', #8193, 1000.00000000000 );
#6973 = CARTESIAN_POINT( '', ( 0.340097891517714, -0.207707826697222, 10.9400000000000 ) );
#6974 = CARTESIAN_POINT( '', ( 0.299351910810318, -0.244132263996257, 10.9400000000000 ) );
#6975 = CARTESIAN_POINT( '', ( 0.259223293446974, -0.270678887790470, 10.9400000000000 ) );
#6976 = CARTESIAN_POINT( '', ( 0.219712039427682, -0.285495608047705, 10.9400000000000 ) );
#6977 = CARTESIAN_POINT( '', ( 0.180742035463448, -0.300109359534292, 10.9400000000000 ) );
#6978 = CARTESIAN_POINT( '', ( 0.138837441356942, -0.307720688433556, 10.9400000000000 ) );
#6979 = CARTESIAN_POINT( '', ( 0.0196863159550127, -0.307720688433556, 10.9400000000000 ) );
#6980 = CARTESIAN_POINT( '', ( -0.0371111116977201, -0.289817151456064, 10.9400000000000 ) );
#6981 = CARTESIAN_POINT( '', ( -0.0772397290610643, -0.254010077501081, 10.9400000000000 ) );
#6982 = CARTESIAN_POINT( '', ( -0.117331332282685, -0.218236031549481, 10.9400000000000 ) );
#6983 = CARTESIAN_POINT( '', ( -0.137123973434055, -0.171900752742239, 10.9400000000000 ) );
#6984 = CARTESIAN_POINT( '', ( -0.137123973434055, -0.0823830678547785, 10.9400000000000 ) );
#6985 = CARTESIAN_POINT( '', ( -0.129098249961386, -0.0527496273403088, 10.9400000000000 ) );
#6986 = CARTESIAN_POINT( '', ( -0.114281529704151, -0.0249682768579938, 10.9400000000000 ) );
#6987 = CARTESIAN_POINT( '', ( -0.0997211540880452, 0.00233242742220510, 10.9400000000000 ) );
#6988 = CARTESIAN_POINT( '', ( -0.0797091824372700, 0.0238034273220704, 10.9400000000000 ) );
#6989 = CARTESIAN_POINT( '', ( -0.0550146486752127, 0.0404722376114596, 10.9400000000000 ) );
#6990 = CARTESIAN_POINT( '', ( -0.0310305201351630, 0.0566615243759934, 10.9400000000000 ) );
#6991 = CARTESIAN_POINT( '', ( -0.00315612777489074, 0.0694883147818776, 10.9400000000000 ) );
#6992 = CARTESIAN_POINT( '', ( 0.0270946760836302, 0.0775140382545465, 10.9400000000000 ) );
#6993 = CARTESIAN_POINT( '', ( 0.0493884591606882, 0.0834287153974393, 10.9400000000000 ) );
#6994 = CARTESIAN_POINT( '', ( 0.0832747403923121, 0.0892439417915239, 10.9400000000000 ) );
#6995 = CARTESIAN_POINT( '', ( 0.128959627852119, 0.0948002118879869, 10.9400000000000 ) );
#6996 = CARTESIAN_POINT( '', ( 0.220937767297921, 0.105986742361125, 10.9400000000000 ) );
#6997 = CARTESIAN_POINT( '', ( 0.289474097305495, 0.118877382305993, 10.9400000000000 ) );
#6998 = CARTESIAN_POINT( '', ( 0.332689531389097, 0.134311465907279, 10.9400000000000 ) );
#6999 = COLOUR_RGB( '', 0.699999988100000, 0.699999988100000, 0.699999988100000 );
#7000 = CARTESIAN_POINT( '', ( -4.50000000000000, 0.450000000000000, -0.750000000000000 ) );
#7001 = CARTESIAN_POINT( '', ( -4.50000000000000, 0.450000000000000, -0.750000000000000 ) );
#7002 = VECTOR( '', #8194, 1000.00000000000 );
#7003 = CARTESIAN_POINT( '', ( -4.50000000000000, 0.450000000000000, -0.750000000000000 ) );
#7004 = VECTOR( '', #8195, 1000.00000000000 );
#7005 = COLOUR_RGB( '', 0.119999997300000, 0.119999997300000, 0.119999997300000 );
#7006 = CARTESIAN_POINT( '', ( -1.88197560975610, -0.470922291130039, 0.140000000000000 ) );
#7007 = AXIS2_PLACEMENT_3D( '', #8196, #8197, #8198 );
#7008 = CARTESIAN_POINT( '', ( -1.95924390243903, -0.491694346881783, 0.140000000000000 ) );
#7009 = AXIS2_PLACEMENT_3D( '', #8199, #8200, #8201 );
#7010 = AXIS2_PLACEMENT_3D( '', #8202, #8203, #8204 );
#7011 = COLOUR_RGB( '', 0.899999976200000, 0.000000000000000, 0.000000000000000 );
#7012 = CARTESIAN_POINT( '', ( -1.08099873082071, 2.67481618244003, 10.9500000000000 ) );
#7013 = CARTESIAN_POINT( '', ( -1.00792381635773, 1.27340653755458, 10.9500000000000 ) );
#7014 = VECTOR( '', #8205, 1000.00000000000 );
#7015 = CARTESIAN_POINT( '', ( -1.08099873082071, 2.67481618244003, 10.9400000000000 ) );
#7016 = CARTESIAN_POINT( '', ( -1.00792381635773, 1.27340653755458, 10.9400000000000 ) );
#7017 = VECTOR( '', #8206, 1000.00000000000 );
#7018 = CARTESIAN_POINT( '', ( -1.08099873082071, 2.67481618244003, 10.9400000000000 ) );
#7019 = VECTOR( '', #8207, 1000.00000000000 );
#7020 = COLOUR_RGB( '', 0.899999976200000, 0.000000000000000, 0.000000000000000 );
#7021 = CARTESIAN_POINT( '', ( 1.81683101048878, 0.634993137933004, 10.9400000000000 ) );
#7022 = CARTESIAN_POINT( '', ( 1.81683101048878, 0.634993137933004, 10.9400000000000 ) );
#7023 = CARTESIAN_POINT( '', ( 1.81683101048878, 0.504729472338148, 10.9400000000000 ) );
#7024 = CARTESIAN_POINT( '', ( 1.70323615518331, 0.634993137933004, 10.9400000000000 ) );
#7025 = CARTESIAN_POINT( '', ( 1.70323615518331, 0.634993137933004, 10.9400000000000 ) );
#7026 = CARTESIAN_POINT( '', ( 1.81683101048878, 0.634993137933004, 10.9400000000000 ) );
#7027 = CARTESIAN_POINT( '', ( 1.70323615518331, 0.504729472338148, 10.9400000000000 ) );
#7028 = CARTESIAN_POINT( '', ( 1.70323615518331, 0.634993137933004, 10.9400000000000 ) );
#7029 = COLOUR_RGB( '', 0.119999997300000, 0.119999997300000, 0.119999997300000 );
#7030 = CARTESIAN_POINT( '', ( 0.580000000000000, 0.000000000000000, 0.240000000000000 ) );
#7031 = AXIS2_PLACEMENT_3D( '', #8208, #8209, #8210 );
#7032 = CARTESIAN_POINT( '', ( 0.980000000000000, 0.000000000000000, 0.240000000000000 ) );
#7033 = AXIS2_PLACEMENT_3D( '', #8211, #8212, #8213 );
#7034 = COLOUR_RGB( '', 0.699999988100000, 0.699999988100000, 0.699999988100000 );
#7035 = CARTESIAN_POINT( '', ( -2.20000000000000, 0.450000000000000, 0.640000000000000 ) );
#7036 = CARTESIAN_POINT( '', ( -2.20000000000000, -0.450000000000000, 0.640000000000000 ) );
#7037 = VECTOR( '', #8214, 1000.00000000000 );
#7038 = CARTESIAN_POINT( '', ( -2.20000000000000, 0.450000000000000, -0.400000000000000 ) );
#7039 = VECTOR( '', #8215, 1000.00000000000 );
#7040 = COLOUR_RGB( '', 0.899999976200000, 0.000000000000000, 0.000000000000000 );
#7041 = CARTESIAN_POINT( '', ( 1.81683101048878, 0.380639440183807, 10.9500000000000 ) );
#7042 = CARTESIAN_POINT( '', ( 1.81683101048878, -0.292286604832270, 10.9500000000000 ) );
#7043 = CARTESIAN_POINT( '', ( 1.81683101048878, 0.380639440183807, 10.9500000000000 ) );
#7044 = CARTESIAN_POINT( '', ( 1.81683101048878, -0.292286604832270, 10.9500000000000 ) );
#7045 = CARTESIAN_POINT( '', ( 1.81683101048878, 0.380639440183807, 10.9400000000000 ) );
#7046 = CARTESIAN_POINT( '', ( 1.81683101048878, 0.380639440183807, 10.9400000000000 ) );
#7047 = VECTOR( '', #8216, 1000.00000000000 );
#7048 = CARTESIAN_POINT( '', ( 1.81683101048878, -0.292286604832270, 10.9400000000000 ) );
#7049 = CARTESIAN_POINT( '', ( 1.81683101048878, 0.380639440183807, 10.9400000000000 ) );
#7050 = CARTESIAN_POINT( '', ( 1.81683101048878, -0.292286604832270, 10.9400000000000 ) );
#7051 = CARTESIAN_POINT( '', ( 1.81683101048878, -0.292286604832270, 10.9400000000000 ) );
#7052 = VECTOR( '', #8217, 1000.00000000000 );
#7053 = COLOUR_RGB( '', 0.899999976200000, 0.000000000000000, 0.000000000000000 );
#7054 = CARTESIAN_POINT( '', ( 0.905683431060876, 2.16324834885772, 10.9500000000000 ) );
#7055 = CARTESIAN_POINT( '', ( 0.905683431060879, 2.16324834885772, 10.9500000000000 ) );
#7056 = VECTOR( '', #8218, 1000.00000000000 );
#7057 = CARTESIAN_POINT( '', ( 0.905683431060876, 2.16324834885772, 10.9400000000000 ) );
#7058 = CARTESIAN_POINT( '', ( 0.905683431060879, 2.16324834885772, 10.9400000000000 ) );
#7059 = VECTOR( '', #8219, 1000.00000000000 );
#7060 = CARTESIAN_POINT( '', ( 0.905683431060876, 2.16324834885772, 10.9400000000000 ) );
#7061 = VECTOR( '', #8220, 1000.00000000000 );
#7062 = COLOUR_RGB( '', 0.699999988100000, 0.699999988100000, 0.699999988100000 );
#7063 = CARTESIAN_POINT( '', ( -4.50000000000000, 0.450000000000000, -0.450000000000000 ) );
#7064 = CARTESIAN_POINT( '', ( -4.50000000000000, -0.450000000000000, -0.450000000000000 ) );
#7065 = VECTOR( '', #8221, 1000.00000000000 );
#7066 = CARTESIAN_POINT( '', ( -4.50000000000000, 0.450000000000000, -0.450000000000000 ) );
#7067 = VECTOR( '', #8222, 1000.00000000000 );
#7068 = COLOUR_RGB( '', 0.899999976200000, 0.000000000000000, 0.000000000000000 );
#7069 = CARTESIAN_POINT( '', ( 2.10205287544055, -0.292286604832271, 10.9500000000000 ) );
#7070 = CARTESIAN_POINT( '', ( 1.98845802013508, -0.292286604832271, 10.9500000000000 ) );
#7071 = CARTESIAN_POINT( '', ( 2.10205287544055, -0.292286604832271, 10.9500000000000 ) );
#7072 = CARTESIAN_POINT( '', ( 2.06418792367205, -0.292286604832270, 10.9500000000000 ) );
#7073 = CARTESIAN_POINT( '', ( 2.02632297190357, -0.292286604832270, 10.9500000000000 ) );
#7074 = CARTESIAN_POINT( '', ( 1.98845802013508, -0.292286604832271, 10.9500000000000 ) );
#7075 = CARTESIAN_POINT( '', ( 2.10205287544055, -0.292286604832271, 10.9400000000000 ) );
#7076 = VECTOR( '', #8223, 1000.00000000000 );
#7077 = CARTESIAN_POINT( '', ( 1.98845802013508, -0.292286604832271, 10.9400000000000 ) );
#7078 = VECTOR( '', #8224, 1000.00000000000 );
#7079 = COLOUR_RGB( '', 0.119999997300000, 0.119999997300000, 0.119999997300000 );
#7080 = CARTESIAN_POINT( '', ( -4.15000000000000, 1.55000000000000, 1.60000000000000 ) );
#7081 = CARTESIAN_POINT( '', ( -4.15000000000000, 1.55000000000000, 1.60000000000000 ) );
#7082 = VECTOR( '', #8225, 1000.00000000000 );
#7083 = CARTESIAN_POINT( '', ( -4.15000000000000, -1.55000000000000, 1.00000000000000 ) );
#7084 = CARTESIAN_POINT( '', ( -4.15000000000000, -2.35000000000000, 1.00000000000000 ) );
#7085 = VECTOR( '', #8226, 1000.00000000000 );
#7086 = CARTESIAN_POINT( '', ( -4.15000000000000, -1.55000000000000, 0.600000000000000 ) );
#7087 = CARTESIAN_POINT( '', ( -4.15000000000000, -1.55000000000000, 1.00000000000000 ) );
#7088 = VECTOR( '', #8227, 1000.00000000000 );
#7089 = CARTESIAN_POINT( '', ( -4.15000000000000, 1.55000000000000, 0.600000000000000 ) );
#7090 = CARTESIAN_POINT( '', ( -4.15000000000000, -2.35000000000000, 0.600000000000000 ) );
#7091 = VECTOR( '', #8228, 1000.00000000000 );
#7092 = CARTESIAN_POINT( '', ( -4.15000000000000, 1.55000000000000, 1.60000000000000 ) );
#7093 = VECTOR( '', #8229, 1000.00000000000 );
#7094 = COLOUR_RGB( '', 0.899999976200000, 0.000000000000000, 0.000000000000000 );
#7095 = CARTESIAN_POINT( '', ( 1.70323615518331, 0.634993137933004, 10.9500000000000 ) );
#7096 = CARTESIAN_POINT( '', ( 1.70323615518331, 0.504729472338148, 10.9500000000000 ) );
#7097 = CARTESIAN_POINT( '', ( 1.70323615518331, 0.634993137933004, 10.9500000000000 ) );
#7098 = CARTESIAN_POINT( '', ( 1.70323615518331, 0.634993137933004, 10.9400000000000 ) );
#7099 = VECTOR( '', #8230, 1000.00000000000 );
#7100 = COLOUR_RGB( '', 0.699999988100000, 0.699999988100000, 0.699999988100000 );
#7101 = CARTESIAN_POINT( '', ( -4.50000000000000, 0.450000000000000, -0.450000000000000 ) );
#7102 = VECTOR( '', #8231, 1000.00000000000 );
#7103 = COLOUR_RGB( '', 0.699999988100000, 0.699999988100000, 0.699999988100000 );
#7104 = CARTESIAN_POINT( '', ( 1.90000000000000, 0.450000000000000, -0.400000000000000 ) );
#7105 = CARTESIAN_POINT( '', ( 1.90000000000000, -0.450000000000000, -0.400000000000000 ) );
#7106 = CARTESIAN_POINT( '', ( 1.90000000000000, -0.450000000000000, -0.400000000000000 ) );
#7107 = VECTOR( '', #8232, 1000.00000000000 );
#7108 = CARTESIAN_POINT( '', ( 1.90000000000000, -0.450000000000000, 0.640000000000000 ) );
#7109 = CARTESIAN_POINT( '', ( 1.90000000000000, -0.450000000000000, 0.640000000000000 ) );
#7110 = VECTOR( '', #8233, 1000.00000000000 );
#7111 = CARTESIAN_POINT( '', ( 1.90000000000000, 0.450000000000000, 0.640000000000000 ) );
#7112 = CARTESIAN_POINT( '', ( 1.90000000000000, -0.450000000000000, 0.640000000000000 ) );
#7113 = VECTOR( '', #8234, 1000.00000000000 );
#7114 = CARTESIAN_POINT( '', ( 1.90000000000000, 0.450000000000000, 0.640000000000000 ) );
#7115 = VECTOR( '', #8235, 1000.00000000000 );
#7116 = COLOUR_RGB( '', 0.699999988100000, 0.699999988100000, 0.699999988100000 );
#7117 = CARTESIAN_POINT( '', ( 2.25000000000000, 0.450000000000000, -0.750000000000000 ) );
#7118 = CARTESIAN_POINT( '', ( 2.25000000000000, -0.450000000000000, -0.750000000000000 ) );
#7119 = CARTESIAN_POINT( '', ( 2.25000000000000, -0.450000000000000, -0.750000000000000 ) );
#7120 = VECTOR( '', #8236, 1000.00000000000 );
#7121 = AXIS2_PLACEMENT_3D( '', #8237, #8238, #8239 );
#7122 = AXIS2_PLACEMENT_3D( '', #8240, #8241, #8242 );
#7123 = COLOUR_RGB( '', 0.899999976200000, 0.000000000000000, 0.000000000000000 );
#7124 = CARTESIAN_POINT( '', ( -0.400738121344022, 0.484973845328502, 10.9500000000000 ) );
#7125 = CARTESIAN_POINT( '', ( -0.672995356070711, -0.292286604832271, 10.9500000000000 ) );
#7126 = CARTESIAN_POINT( '', ( -0.400738121344022, 0.484973845328502, 10.9500000000000 ) );
#7127 = CARTESIAN_POINT( '', ( -0.491490532919585, 0.225887028608245, 10.9500000000000 ) );
#7128 = CARTESIAN_POINT( '', ( -0.582242944495148, -0.0331997881120131, 10.9500000000000 ) );
#7129 = CARTESIAN_POINT( '', ( -0.672995356070711, -0.292286604832271, 10.9500000000000 ) );
#7130 = CARTESIAN_POINT( '', ( -0.400738121344022, 0.484973845328502, 10.9400000000000 ) );
#7131 = VECTOR( '', #8243, 1000.00000000000 );
#7132 = CARTESIAN_POINT( '', ( -0.672995356070711, -0.292286604832271, 10.9400000000000 ) );
#7133 = VECTOR( '', #8244, 1000.00000000000 );
#7134 = COLOUR_RGB( '', 0.119999997300000, 0.119999997300000, 0.119999997300000 );
#7135 = CARTESIAN_POINT( '', ( 4.15000000000000, -1.55000000000000, 0.600000000000000 ) );
#7136 = CARTESIAN_POINT( '', ( -2.90670078067341E-15, -1.55000000000000, 0.600000000000000 ) );
#7137 = VECTOR( '', #8245, 1000.00000000000 );
#7138 = CARTESIAN_POINT( '', ( 4.15000000000000, 1.55000000000000, 0.600000000000000 ) );
#7139 = CARTESIAN_POINT( '', ( 4.15000000000000, 4.15000000000000, 0.600000000000000 ) );
#7140 = VECTOR( '', #8246, 1000.00000000000 );
#7141 = CARTESIAN_POINT( '', ( 3.68747881349846, 1.55000000000000, 0.600000000000000 ) );
#7142 = CARTESIAN_POINT( '', ( 0.000000000000000, 1.55000000000000, 0.600000000000000 ) );
#7143 = VECTOR( '', #8247, 1000.00000000000 );
#7144 = CARTESIAN_POINT( '', ( 1.55000000000000, 3.68747881349846, 0.600000000000000 ) );
#7145 = AXIS2_PLACEMENT_3D( '', #8248, #8249, #8250 );
#7146 = CARTESIAN_POINT( '', ( 1.55000000000000, 4.15000000000000, 0.600000000000000 ) );
#7147 = CARTESIAN_POINT( '', ( 1.55000000000000, -7.26675195168353E-16, 0.600000000000000 ) );
#7148 = VECTOR( '', #8251, 1000.00000000000 );
#7149 = CARTESIAN_POINT( '', ( -1.55000000000000, 4.15000000000000, 0.600000000000000 ) );
#7150 = CARTESIAN_POINT( '', ( -4.15000000000000, 4.15000000000000, 0.600000000000000 ) );
#7151 = VECTOR( '', #8252, 1000.00000000000 );
#7152 = CARTESIAN_POINT( '', ( -1.55000000000000, 3.68747881349846, 0.600000000000000 ) );
#7153 = CARTESIAN_POINT( '', ( -1.55000000000000, -7.26675195168353E-16, 0.600000000000000 ) );
#7154 = VECTOR( '', #8253, 1000.00000000000 );
#7155 = CARTESIAN_POINT( '', ( -3.68747881349846, 1.55000000000000, 0.600000000000000 ) );
#7156 = AXIS2_PLACEMENT_3D( '', #8254, #8255, #8256 );
#7157 = CARTESIAN_POINT( '', ( 0.000000000000000, 1.55000000000000, 0.600000000000000 ) );
#7158 = VECTOR( '', #8257, 1000.00000000000 );
#7159 = CARTESIAN_POINT( '', ( -3.68747881349846, -1.55000000000000, 0.600000000000000 ) );
#7160 = CARTESIAN_POINT( '', ( -7.26675195168356E-16, -1.55000000000000, 0.600000000000000 ) );
#7161 = VECTOR( '', #8258, 1000.00000000000 );
#7162 = AXIS2_PLACEMENT_3D( '', #8259, #8260, #8261 );
#7163 = CARTESIAN_POINT( '', ( 0.600000000000001, 1.65000000000000, 0.600000000000000 ) );
#7164 = AXIS2_PLACEMENT_3D( '', #8262, #8263, #8264 );
#7165 = COLOUR_RGB( '', 0.119999997300000, 0.119999997300000, 0.119999997300000 );
#7166 = COLOUR_RGB( '', 0.899999976200000, 0.000000000000000, 0.000000000000000 );
#7167 = CARTESIAN_POINT( '', ( 2.80029081756273, -0.362048662710084, 10.9500000000000 ) );
#7168 = CARTESIAN_POINT( '', ( 2.68916541563347, -0.347231942452849, 10.9500000000000 ) );
#7169 = CARTESIAN_POINT( '', ( 2.72620721627655, -0.352170849205261, 10.9500000000000 ) );
#7170 = CARTESIAN_POINT( '', ( 2.76324901691965, -0.357109755957672, 10.9500000000000 ) );
#7171 = CARTESIAN_POINT( '', ( 2.80029081756273, -0.362048662710084, 10.9500000000000 ) );
#7172 = CARTESIAN_POINT( '', ( 2.80029081756273, -0.362048662710084, 10.9400000000000 ) );
#7173 = VECTOR( '', #8265, 1000.00000000000 );
#7174 = COLOUR_RGB( '', 0.899999976200000, 0.000000000000000, 0.000000000000000 );
#7175 = CARTESIAN_POINT( '', ( 1.16674740920260, 0.634993137933004, 10.9500000000000 ) );
#7176 = CARTESIAN_POINT( '', ( 1.16674740920260, 0.107764842113067, 10.9500000000000 ) );
#7177 = CARTESIAN_POINT( '', ( 1.16674740920260, 0.634993137933004, 10.9500000000000 ) );
#7178 = CARTESIAN_POINT( '', ( 1.16674740920260, 0.107764842113067, 10.9500000000000 ) );
#7179 = CARTESIAN_POINT( '', ( 1.16674740920260, 0.634993137933004, 10.9400000000000 ) );
#7180 = VECTOR( '', #8266, 1000.00000000000 );
#7181 = CARTESIAN_POINT( '', ( 1.16674740920260, 0.107764842113067, 10.9400000000000 ) );
#7182 = VECTOR( '', #8267, 1000.00000000000 );
#7183 = COLOUR_RGB( '', 0.119999997300000, 0.119999997300000, 0.119999997300000 );
#7184 = CARTESIAN_POINT( '', ( 4.15000000000000, -1.55000000000000, 1.00000000000000 ) );
#7185 = CARTESIAN_POINT( '', ( 4.15000000000000, -1.55000000000000, 1.00000000000000 ) );
#7186 = VECTOR( '', #8268, 1000.00000000000 );
#7187 = CARTESIAN_POINT( '', ( 4.15000000000000, -1.55000000000000, 1.00000000000000 ) );
#7188 = VECTOR( '', #8269, 1000.00000000000 );
#7189 = COLOUR_RGB( '', 0.119999997300000, 0.119999997300000, 0.119999997300000 );
#7190 = CARTESIAN_POINT( '', ( 3.15000000000000, 2.65000000000000, -0.0500000000000000 ) );
#7191 = AXIS2_PLACEMENT_3D( '', #8270, #8271, #8272 );
#7192 = COLOUR_RGB( '', 0.699999988100000, 0.699999988100000, 0.699999988100000 );
#7193 = CARTESIAN_POINT( '', ( 4.50000000000000, 0.450000000000000, -0.750000000000000 ) );
#7194 = CARTESIAN_POINT( '', ( 4.50000000000000, -0.450000000000000, -0.750000000000000 ) );
#7195 = CARTESIAN_POINT( '', ( 4.50000000000000, -0.450000000000000, -0.750000000000000 ) );
#7196 = VECTOR( '', #8273, 1000.00000000000 );
#7197 = CARTESIAN_POINT( '', ( 2.25000000000000, -0.450000000000000, -0.750000000000000 ) );
#7198 = VECTOR( '', #8274, 1000.00000000000 );
#7199 = CARTESIAN_POINT( '', ( 2.25000000000000, 0.450000000000000, -0.750000000000000 ) );
#7200 = VECTOR( '', #8275, 1000.00000000000 );
#7201 = COLOUR_RGB( '', 0.119999997300000, 0.119999997300000, 0.119999997300000 );
#7202 = COLOUR_RGB( '', 0.899999976200000, 0.000000000000000, 0.000000000000000 );
#7203 = CARTESIAN_POINT( '', ( 0.333306894733148, 0.0447937810198196, 10.9400000000000 ) );
#7204 = CARTESIAN_POINT( '', ( 0.333306894733148, 0.0447937810198196, 10.9400000000000 ) );
#7205 = VECTOR( '', #8276, 1000.00000000000 );
#7206 = CARTESIAN_POINT( '', ( 0.0196863159550127, -0.188569563031627, 10.9400000000000 ) );
#7207 = CARTESIAN_POINT( '', ( 0.333306894733148, 0.0447937810198196, 10.9400000000000 ) );
#7208 = CARTESIAN_POINT( '', ( 0.291943550681701, 0.0281249707304306, 10.9400000000000 ) );
#7209 = CARTESIAN_POINT( '', ( 0.229589852932505, 0.0133082504731959, 10.9400000000000 ) );
#7210 = CARTESIAN_POINT( '', ( 0.146245801485559, 0.00157834693621846, 10.9400000000000 ) );
#7211 = CARTESIAN_POINT( '', ( 0.0993003116223250, -0.00502879608157007, 10.9400000000000 ) );
#7212 = CARTESIAN_POINT( '', ( 0.0659885667588715, -0.0126210099769649, 10.9400000000000 ) );
#7213 = CARTESIAN_POINT( '', ( 0.0462329397492246, -0.0212640967936850, 10.9400000000000 ) );
#7214 = CARTESIAN_POINT( '', ( 0.0267040166560825, -0.0298080006469345, 10.9400000000000 ) );
#7215 = CARTESIAN_POINT( '', ( 0.0116605924823441, -0.0416370871473827, 10.9400000000000 ) );
#7216 = CARTESIAN_POINT( '', ( 0.00116541563346950, -0.0583058974367719, 10.9400000000000 ) );
#7217 = CARTESIAN_POINT( '', ( -0.00922666517563244, -0.0748109669571103, 10.9400000000000 ) );
#7218 = CARTESIAN_POINT( '', ( -0.0148860313118684, -0.0922608813596016, 10.9400000000000 ) );
#7219 = CARTESIAN_POINT( '', ( -0.0148860313118687, -0.142884675571820, 10.9400000000000 ) );
#7220 = CARTESIAN_POINT( '', ( -0.00315612777489074, -0.168196572677930, 10.9400000000000 ) );
#7221 = CARTESIAN_POINT( '', ( 0.0196863159550127, -0.188569563031627, 10.9400000000000 ) );
#7222 = CARTESIAN_POINT( '', ( 0.0196863159550127, -0.188569563031627, 10.9400000000000 ) );
#7223 = VECTOR( '', #8277, 1000.00000000000 );
#7224 = COLOUR_RGB( '', 0.119999997300000, 0.119999997300000, 0.119999997300000 );
#7225 = CARTESIAN_POINT( '', ( 1.55000000000000, 4.15000000000000, 1.60000000000000 ) );
#7226 = CARTESIAN_POINT( '', ( 3.35000000000000, 4.15000000000000, 1.60000000000000 ) );
#7227 = CARTESIAN_POINT( '', ( 1.55000000000000, 4.15000000000000, 1.60000000000000 ) );
#7228 = VECTOR( '', #8278, 1000.00000000000 );
#7229 = CARTESIAN_POINT( '', ( 3.35000000000000, 4.15000000000000, 0.600000000000000 ) );
#7230 = VECTOR( '', #8279, 1000.00000000000 );
#7231 = CARTESIAN_POINT( '', ( 0.650000000000000, 4.15000000000000, 0.300000000000000 ) );
#7232 = CARTESIAN_POINT( '', ( 0.650000000000000, 4.15000000000000, 0.300000000000000 ) );
#7233 = VECTOR( '', #8280, 1000.00000000000 );
#7234 = CARTESIAN_POINT( '', ( -0.650000000000000, 4.15000000000000, 0.300000000000000 ) );
#7235 = CARTESIAN_POINT( '', ( -0.650000000000000, 4.15000000000000, 0.300000000000000 ) );
#7236 = VECTOR( '', #8281, 1000.00000000000 );
#7237 = CARTESIAN_POINT( '', ( -0.650000000000000, 4.15000000000000, 0.300000000000000 ) );
#7238 = VECTOR( '', #8282, 1000.00000000000 );
#7239 = CARTESIAN_POINT( '', ( -1.55000000000000, 4.15000000000000, 1.60000000000000 ) );
#7240 = CARTESIAN_POINT( '', ( -1.55000000000000, 4.15000000000000, 1.60000000000000 ) );
#7241 = VECTOR( '', #8283, 1000.00000000000 );
#7242 = CARTESIAN_POINT( '', ( -1.55000000000000, 4.15000000000000, 1.60000000000000 ) );
#7243 = VECTOR( '', #8284, 1000.00000000000 );
#7244 = CARTESIAN_POINT( '', ( 1.55000000000000, 4.15000000000000, 1.60000000000000 ) );
#7245 = VECTOR( '', #8285, 1000.00000000000 );
#7246 = COLOUR_RGB( '', 0.899999976200000, 0.000000000000000, 0.000000000000000 );
#7247 = CARTESIAN_POINT( '', ( 0.733975705022536, -0.292286604832271, 10.9500000000000 ) );
#7248 = CARTESIAN_POINT( '', ( 0.733975705022536, -0.292286604832271, 10.9500000000000 ) );
#7249 = CARTESIAN_POINT( '', ( 0.696316541035398, -0.292286604832271, 10.9500000000000 ) );
#7250 = CARTESIAN_POINT( '', ( 0.658657377048260, -0.292286604832271, 10.9500000000000 ) );
#7251 = CARTESIAN_POINT( '', ( 0.620998213061122, -0.292286604832271, 10.9500000000000 ) );
#7252 = CARTESIAN_POINT( '', ( 0.733975705022536, -0.292286604832271, 10.9400000000000 ) );
#7253 = VECTOR( '', #8286, 1000.00000000000 );
#7254 = COLOUR_RGB( '', 0.699999988100000, 0.699999988100000, 0.699999988100000 );
#7255 = CARTESIAN_POINT( '', ( 3.56000000000000, 0.000000000000000, 2.54738385599023 ) );
#7256 = AXIS2_PLACEMENT_3D( '', #8287, #8288, #8289 );
#7257 = COLOUR_RGB( '', 0.699999988100000, 0.699999988100000, 0.699999988100000 );
#7258 = CARTESIAN_POINT( '', ( 4.00000000000000, 0.000000000000000, 0.400000000000000 ) );
#7259 = AXIS2_PLACEMENT_3D( '', #8290, #8291, #8292 );
#7260 = COLOUR_RGB( '', 0.899999976200000, 0.000000000000000, 0.000000000000000 );
#7261 = CARTESIAN_POINT( '', ( -0.539354000795260, 2.16324834885773, 10.9500000000000 ) );
#7262 = CARTESIAN_POINT( '', ( -0.694103433325179, 1.94773707066142, 10.9500000000000 ) );
#7263 = VECTOR( '', #8293, 1000.00000000000 );
#7264 = CARTESIAN_POINT( '', ( -0.539354000795260, 2.16324834885773, 10.9400000000000 ) );
#7265 = CARTESIAN_POINT( '', ( -0.694103433325179, 1.94773707066142, 10.9400000000000 ) );
#7266 = VECTOR( '', #8294, 1000.00000000000 );
#7267 = CARTESIAN_POINT( '', ( -0.539354000795260, 2.16324834885773, 10.9400000000000 ) );
#7268 = VECTOR( '', #8295, 1000.00000000000 );
#7269 = COLOUR_RGB( '', 0.119999997300000, 0.119999997300000, 0.119999997300000 );
#7270 = CARTESIAN_POINT( '', ( 1.54000000000000, 0.000000000000000, 0.240000000000000 ) );
#7271 = AXIS2_PLACEMENT_3D( '', #8296, #8297, #8298 );
#7272 = COLOUR_RGB( '', 0.899999976200000, 0.000000000000000, 0.000000000000000 );
#7273 = CARTESIAN_POINT( '', ( -1.04958699594209, 0.497938475553582, 10.9500000000000 ) );
#7274 = CARTESIAN_POINT( '', ( -1.04958699594209, -0.292286604832271, 10.9500000000000 ) );
#7275 = CARTESIAN_POINT( '', ( -1.04958699594209, 0.497938475553582, 10.9500000000000 ) );
#7276 = CARTESIAN_POINT( '', ( -1.04958699594209, 0.234530115424964, 10.9500000000000 ) );
#7277 = CARTESIAN_POINT( '', ( -1.04958699594209, -0.0288782447036532, 10.9500000000000 ) );
#7278 = CARTESIAN_POINT( '', ( -1.04958699594209, -0.292286604832271, 10.9500000000000 ) );
#7279 = CARTESIAN_POINT( '', ( -1.04958699594209, 0.497938475553582, 10.9400000000000 ) );
#7280 = VECTOR( '', #8299, 1000.00000000000 );
#7281 = CARTESIAN_POINT( '', ( -1.04958699594209, -0.292286604832271, 10.9400000000000 ) );
#7282 = VECTOR( '', #8300, 1000.00000000000 );
#7283 = COLOUR_RGB( '', 0.899999976200000, 0.000000000000000, 0.000000000000000 );
#7284 = CARTESIAN_POINT( '', ( 1.81683101048878, 0.634993137933004, 10.9500000000000 ) );
#7285 = CARTESIAN_POINT( '', ( 1.70323615518331, 0.634993137933004, 10.9500000000000 ) );
#7286 = CARTESIAN_POINT( '', ( 1.81683101048878, 0.634993137933004, 10.9500000000000 ) );
#7287 = CARTESIAN_POINT( '', ( 1.81683101048878, 0.634993137933004, 10.9400000000000 ) );
#7288 = VECTOR( '', #8301, 1000.00000000000 );
#7289 = COLOUR_RGB( '', 0.119999997300000, 0.119999997300000, 0.119999997300000 );
#7290 = CARTESIAN_POINT( '', ( -1.88197560975610, 0.470922291130038, 0.140000000000000 ) );
#7291 = AXIS2_PLACEMENT_3D( '', #8302, #8303, #8304 );
#7292 = CARTESIAN_POINT( '', ( -1.88197560975610, 0.470922291130038, 0.240000000000000 ) );
#7293 = AXIS2_PLACEMENT_3D( '', #8305, #8306, #8307 );
#7294 = CARTESIAN_POINT( '', ( -1.88197560975610, 0.470922291130038, 0.390000000000000 ) );
#7295 = VECTOR( '', #8308, 1000.00000000000 );
#7296 = COLOUR_RGB( '', 0.699999988100000, 0.699999988100000, 0.699999988100000 );
#7297 = CARTESIAN_POINT( '', ( 2.80000000000000, 0.000000000000000, 0.140000000000000 ) );
#7298 = AXIS2_PLACEMENT_3D( '', #8309, #8310, #8311 );
#7299 = COLOUR_RGB( '', 0.699999988100000, 0.699999988100000, 0.699999988100000 );
#7300 = CARTESIAN_POINT( '', ( -4.00000000000000, 0.000000000000000, 1.76738385599023 ) );
#7301 = AXIS2_PLACEMENT_3D( '', #8312, #8313, #8314 );
#7302 = CARTESIAN_POINT( '', ( 3.77999999999993, 0.000000000000000, 2.00654907085150 ) );
#7303 = AXIS2_PLACEMENT_3D( '', #8315, #8316, #8317 );
#7304 = COLOUR_RGB( '', 0.699999988100000, 0.699999988100000, 0.699999988100000 );
#7305 = CARTESIAN_POINT( '', ( 2.20000000000000, 0.450000000000000, 0.640000000000000 ) );
#7306 = CARTESIAN_POINT( '', ( 2.20000000000000, 0.450000000000000, -0.400000000000000 ) );
#7307 = CARTESIAN_POINT( '', ( 2.20000000000000, 0.450000000000000, 0.640000000000000 ) );
#7308 = VECTOR( '', #8318, 1000.00000000000 );
#7309 = CARTESIAN_POINT( '', ( 2.20000000000000, -0.450000000000000, 0.640000000000000 ) );
#7310 = CARTESIAN_POINT( '', ( 2.20000000000000, 0.450000000000000, 0.640000000000000 ) );
#7311 = VECTOR( '', #8319, 1000.00000000000 );
#7312 = CARTESIAN_POINT( '', ( 2.20000000000000, -0.450000000000000, -0.400000000000000 ) );
#7313 = CARTESIAN_POINT( '', ( 2.20000000000000, -0.450000000000000, 0.640000000000000 ) );
#7314 = VECTOR( '', #8320, 1000.00000000000 );
#7315 = CARTESIAN_POINT( '', ( 2.20000000000000, 0.450000000000000, -0.400000000000000 ) );
#7316 = VECTOR( '', #8321, 1000.00000000000 );
#7317 = COLOUR_RGB( '', 0.119999997300000, 0.119999997300000, 0.119999997300000 );
#7318 = CARTESIAN_POINT( '', ( 3.15000000000000, -2.65000000000000, -0.0500000000000000 ) );
#7319 = AXIS2_PLACEMENT_3D( '', #8322, #8323, #8324 );
#7320 = COLOUR_RGB( '', 0.899999976200000, 0.000000000000000, 0.000000000000000 );
#7321 = CARTESIAN_POINT( '', ( 1.79876095180074, 2.67481618244003, 10.9400000000000 ) );
#7322 = CARTESIAN_POINT( '', ( 0.797688914084689, 2.67481618244003, 10.9400000000000 ) );
#7323 = CARTESIAN_POINT( '', ( 1.79876095180074, 2.67481618244003, 10.9400000000000 ) );
#7324 = VECTOR( '', #8325, 1000.00000000000 );
#7325 = CARTESIAN_POINT( '', ( -0.0190996989261983, 1.27340653755458, 10.9400000000000 ) );
#7326 = CARTESIAN_POINT( '', ( 0.797688914084689, 2.67481618244003, 10.9400000000000 ) );
#7327 = VECTOR( '', #8326, 1000.00000000000 );
#7328 = CARTESIAN_POINT( '', ( -0.0190996989261985, 1.27340653755458, 10.9400000000000 ) );
#7329 = VECTOR( '', #8327, 1000.00000000000 );
#7330 = CARTESIAN_POINT( '', ( 0.581743312474131, 1.61519734847073, 10.9400000000000 ) );
#7331 = CARTESIAN_POINT( '', ( 1.17524625817192, 1.61519734847073, 10.9400000000000 ) );
#7332 = VECTOR( '', #8328, 1000.00000000000 );
#7333 = CARTESIAN_POINT( '', ( 0.699379809248564, 1.81505126758004, 10.9400000000000 ) );
#7334 = CARTESIAN_POINT( '', ( 0.581743312474130, 1.61519734847073, 10.9400000000000 ) );
#7335 = VECTOR( '', #8329, 1000.00000000000 );
#7336 = CARTESIAN_POINT( '', ( 1.29262216089776, 1.81505126758003, 10.9400000000000 ) );
#7337 = CARTESIAN_POINT( '', ( 0.699379809248565, 1.81505126758003, 10.9400000000000 ) );
#7338 = VECTOR( '', #8330, 1000.00000000000 );
#7339 = CARTESIAN_POINT( '', ( 1.49634155839470, 2.16324834885772, 10.9400000000000 ) );
#7340 = CARTESIAN_POINT( '', ( 1.29262216089776, 1.81505126758003, 10.9400000000000 ) );
#7341 = VECTOR( '', #8331, 1000.00000000000 );
#7342 = CARTESIAN_POINT( '', ( 1.49634155839470, 2.16324834885772, 10.9400000000000 ) );
#7343 = VECTOR( '', #8332, 1000.00000000000 );
#7344 = CARTESIAN_POINT( '', ( 1.59354313852431, 2.32616306157728, 10.9400000000000 ) );
#7345 = VECTOR( '', #8333, 1000.00000000000 );
#7346 = COLOUR_RGB( '', 0.899999976200000, 0.000000000000000, 0.000000000000000 );
#7347 = CARTESIAN_POINT( '', ( -1.04958699594209, -0.292286604832271, 10.9500000000000 ) );
#7348 = CARTESIAN_POINT( '', ( -1.08868667439869, -0.292286604832271, 10.9500000000000 ) );
#7349 = CARTESIAN_POINT( '', ( -1.12778635285528, -0.292286604832271, 10.9500000000000 ) );
#7350 = CARTESIAN_POINT( '', ( -1.16688603131187, -0.292286604832271, 10.9500000000000 ) );
#7351 = COLOUR_RGB( '', 0.899999976200000, 0.000000000000000, 0.000000000000000 );
#7352 = CARTESIAN_POINT( '', ( 3.14663165357560, -0.205238373321016, 10.9500000000000 ) );
#7353 = CARTESIAN_POINT( '', ( 2.80029081756273, -0.362048662710084, 10.9500000000000 ) );
#7354 = CARTESIAN_POINT( '', ( 2.80461236097109, -0.397238373321016, 10.9500000000000 ) );
#7355 = CARTESIAN_POINT( '', ( 2.81757699119617, -0.422550270427126, 10.9500000000000 ) );
#7356 = CARTESIAN_POINT( '', ( 2.83918470823797, -0.438601717372464, 10.9500000000000 ) );
#7357 = CARTESIAN_POINT( '', ( 2.86782828895620, -0.459879805905999, 10.9500000000000 ) );
#7358 = CARTESIAN_POINT( '', ( 2.90647731273958, -0.471321974607190, 10.9500000000000 ) );
#7359 = CARTESIAN_POINT( '', ( 3.00957699119617, -0.471321974607190, 10.9500000000000 ) );
#7360 = CARTESIAN_POINT( '', ( 3.05032297190356, -0.460826797758315, 10.9500000000000 ) );
#7361 = CARTESIAN_POINT( '', ( 3.10835512624441, -0.418846090362817, 10.9500000000000 ) );
#7362 = CARTESIAN_POINT( '', ( 3.12811075325405, -0.389212649848347, 10.9500000000000 ) );
#7363 = CARTESIAN_POINT( '', ( 3.13798856675887, -0.351553485861209, 10.9500000000000 ) );
#7364 = CARTESIAN_POINT( '', ( 3.14414326172114, -0.328088711317552, 10.9500000000000 ) );
#7365 = CARTESIAN_POINT( '', ( 3.14663165357559, -0.279939337951242, 10.9500000000000 ) );
#7366 = CARTESIAN_POINT( '', ( 3.14663165357560, -0.205238373321016, 10.9500000000000 ) );
#7367 = CARTESIAN_POINT( '', ( 3.14663165357560, -0.205238373321016, 10.9400000000000 ) );
#7368 = VECTOR( '', #8334, 1000.00000000000 );
#7369 = COLOUR_RGB( '', 0.119999997300000, 0.119999997300000, 0.119999997300000 );
#7370 = CARTESIAN_POINT( '', ( 0.500000000000000, 0.000000000000000, 0.140000000000000 ) );
#7371 = AXIS2_PLACEMENT_3D( '', #8335, #8336, #8337 );
#7372 = CARTESIAN_POINT( '', ( 0.580000000000000, 0.000000000000000, 0.140000000000000 ) );
#7373 = AXIS2_PLACEMENT_3D( '', #8338, #8339, #8340 );
#7374 = COLOUR_RGB( '', 0.899999976200000, 0.000000000000000, 0.000000000000000 );
#7375 = CARTESIAN_POINT( '', ( 1.49634155839470, 2.16324834885772, 10.9500000000000 ) );
#7376 = CARTESIAN_POINT( '', ( 1.49634155839470, 2.16324834885772, 10.9500000000000 ) );
#7377 = VECTOR( '', #8341, 1000.00000000000 );
#7378 = CARTESIAN_POINT( '', ( 1.49634155839470, 2.16324834885772, 10.9400000000000 ) );
#7379 = VECTOR( '', #8342, 1000.00000000000 );
#7380 = COLOUR_RGB( '', 0.899999976200000, 0.000000000000000, 0.000000000000000 );
#7381 = CARTESIAN_POINT( '', ( 0.942644515311926, 0.254079954653260, 10.9500000000000 ) );
#7382 = CARTESIAN_POINT( '', ( 0.915480528173663, 0.270131401598598, 10.9500000000000 ) );
#7383 = CARTESIAN_POINT( '', ( 0.887699177691348, 0.278157125071267, 10.9500000000000 ) );
#7384 = CARTESIAN_POINT( '', ( 0.836458020135078, 0.278157125071267, 10.9500000000000 ) );
#7385 = CARTESIAN_POINT( '', ( 0.814232939749225, 0.270131401598598, 10.9500000000000 ) );
#7386 = CARTESIAN_POINT( '', ( 0.795094676083630, 0.255314681341363, 10.9500000000000 ) );
#7387 = CARTESIAN_POINT( '', ( 0.775570409702594, 0.240199120272175, 10.9500000000000 ) );
#7388 = CARTESIAN_POINT( '', ( 0.761757055504853, 0.219507607386379, 10.9500000000000 ) );
#7389 = CARTESIAN_POINT( '', ( 0.753113968688132, 0.192960983592167, 10.9500000000000 ) );
#7390 = CARTESIAN_POINT( '', ( 0.739935902822834, 0.152485495577324, 10.9500000000000 ) );
#7391 = CARTESIAN_POINT( '', ( 0.733975705022536, 0.107764842113067, 10.9500000000000 ) );
#7392 = CARTESIAN_POINT( '', ( 0.733975705022536, 0.0596105012770543, 10.9500000000000 ) );
#7393 = CARTESIAN_POINT( '', ( 0.733975705022536, -0.0576885340927206, 10.9500000000000 ) );
#7394 = CARTESIAN_POINT( '', ( 0.733975705022536, -0.174987569462495, 10.9500000000000 ) );
#7395 = CARTESIAN_POINT( '', ( 0.733975705022536, -0.292286604832271, 10.9500000000000 ) );
#7396 = COLOUR_RGB( '', 0.699999988100000, 0.699999988100000, 0.699999988100000 );
#7397 = CARTESIAN_POINT( '', ( -4.00000000000000, 0.000000000000000, 10.5500000000000 ) );
#7398 = AXIS2_PLACEMENT_3D( '', #8343, #8344, #8345 );
#7399 = AXIS2_PLACEMENT_3D( '', #8346, #8347, #8348 );
#7400 = COLOUR_RGB( '', 0.899999976200000, 0.000000000000000, 0.000000000000000 );
#7401 = CARTESIAN_POINT( '', ( 0.303233423027439, 2.67481618244003, 10.9400000000000 ) );
#7402 = CARTESIAN_POINT( '', ( 0.303233423027437, 2.67481618244003, 10.9400000000000 ) );
#7403 = VECTOR( '', #8349, 1000.00000000000 );
#7404 = CARTESIAN_POINT( '', ( -0.135259496091806, 1.93970208749621, 10.9400000000000 ) );
#7405 = VECTOR( '', #8350, 1000.00000000000 );
#7406 = CARTESIAN_POINT( '', ( -0.539354000795260, 2.16324834885772, 10.9400000000000 ) );
#7407 = VECTOR( '', #8351, 1000.00000000000 );
#7408 = CARTESIAN_POINT( '', ( -1.08099873082071, 2.67481618244003, 10.9400000000000 ) );
#7409 = VECTOR( '', #8352, 1000.00000000000 );
#7410 = COLOUR_RGB( '', 0.899999976200000, 0.000000000000000, 0.000000000000000 );
#7411 = CARTESIAN_POINT( '', ( 0.303233423027439, 2.67481618244003, 10.9500000000000 ) );
#7412 = CARTESIAN_POINT( '', ( 0.303233423027437, 2.67481618244003, 10.9500000000000 ) );
#7413 = VECTOR( '', #8353, 1000.00000000000 );
#7414 = CARTESIAN_POINT( '', ( 0.303233423027439, 2.67481618244003, 10.9400000000000 ) );
#7415 = VECTOR( '', #8354, 1000.00000000000 );
#7416 = COLOUR_RGB( '', 0.899999976200000, 0.000000000000000, 0.000000000000000 );
#7417 = CARTESIAN_POINT( '', ( -0.135259496091806, 1.93970208749621, 10.9500000000000 ) );
#7418 = VECTOR( '', #8355, 1000.00000000000 );
#7419 = COLOUR_RGB( '', 0.699999988100000, 0.699999988100000, 0.699999988100000 );
#7420 = CARTESIAN_POINT( '', ( 1.90000000000000, 0.450000000000000, 0.640000000000000 ) );
#7421 = VECTOR( '', #8356, 1000.00000000000 );
#7422 = CARTESIAN_POINT( '', ( 2.25000000000000, 0.450000000000000, -0.450000000000000 ) );
#7423 = AXIS2_PLACEMENT_3D( '', #8357, #8358, #8359 );
#7424 = CARTESIAN_POINT( '', ( 4.50000000000000, 0.450000000000000, -0.450000000000000 ) );
#7425 = CARTESIAN_POINT( '', ( 2.25000000000000, 0.450000000000000, -0.450000000000000 ) );
#7426 = VECTOR( '', #8360, 1000.00000000000 );
#7427 = CARTESIAN_POINT( '', ( 4.50000000000000, 0.450000000000000, -0.750000000000000 ) );
#7428 = VECTOR( '', #8361, 1000.00000000000 );
#7429 = COLOUR_RGB( '', 0.699999988100000, 0.699999988100000, 0.699999988100000 );
#7430 = CARTESIAN_POINT( '', ( 4.50000000000000, -0.450000000000000, -0.450000000000000 ) );
#7431 = CARTESIAN_POINT( '', ( 4.50000000000000, 0.450000000000000, -0.450000000000000 ) );
#7432 = VECTOR( '', #8362, 1000.00000000000 );
#7433 = CARTESIAN_POINT( '', ( 4.50000000000000, -0.450000000000000, -0.450000000000000 ) );
#7434 = VECTOR( '', #8363, 1000.00000000000 );
#7435 = COLOUR_RGB( '', 0.899999976200000, 0.000000000000000, 0.000000000000000 );
#7436 = CARTESIAN_POINT( '', ( 0.581743312474131, 1.61519734847073, 10.9500000000000 ) );
#7437 = CARTESIAN_POINT( '', ( 1.17524625817192, 1.61519734847073, 10.9500000000000 ) );
#7438 = VECTOR( '', #8364, 1000.00000000000 );
#7439 = CARTESIAN_POINT( '', ( 0.581743312474131, 1.61519734847073, 10.9400000000000 ) );
#7440 = VECTOR( '', #8365, 1000.00000000000 );
#7441 = COLOUR_RGB( '', 0.119999997300000, 0.119999997300000, 0.119999997300000 );
#7442 = CARTESIAN_POINT( '', ( -2.48841463414635, -0.240400932956445, 0.140000000000000 ) );
#7443 = CARTESIAN_POINT( '', ( -2.48841463414635, -0.240400932956445, 0.390000000000000 ) );
#7444 = VECTOR( '', #8366, 1000.00000000000 );
#7445 = AXIS2_PLACEMENT_3D( '', #8367, #8368, #8369 );
#7446 = COLOUR_RGB( '', 0.119999997300000, 0.119999997300000, 0.119999997300000 );
#7447 = CARTESIAN_POINT( '', ( 4.15000000000000, 1.55000000000000, 1.60000000000000 ) );
#7448 = CARTESIAN_POINT( '', ( 4.15000000000000, 1.55000000000000, 1.60000000000000 ) );
#7449 = VECTOR( '', #8370, 1000.00000000000 );
#7450 = CARTESIAN_POINT( '', ( 3.68747881349846, 1.55000000000000, 1.60000000000000 ) );
#7451 = CARTESIAN_POINT( '', ( 4.15000000000000, 1.55000000000000, 1.60000000000000 ) );
#7452 = VECTOR( '', #8371, 1000.00000000000 );
#7453 = CARTESIAN_POINT( '', ( 3.68747881349846, 1.55000000000000, 1.60000000000000 ) );
#7454 = VECTOR( '', #8372, 1000.00000000000 );
#7455 = COLOUR_RGB( '', 0.119999997300000, 0.119999997300000, 0.119999997300000 );
#7456 = CARTESIAN_POINT( '', ( 1.55000000000000, 3.68747881349846, 1.60000000000000 ) );
#7457 = AXIS2_PLACEMENT_3D( '', #8373, #8374, #8375 );
#7458 = CARTESIAN_POINT( '', ( 1.55000000000000, 3.68747881349846, 1.60000000000000 ) );
#7459 = VECTOR( '', #8376, 1000.00000000000 );
#7460 = COLOUR_RGB( '', 0.119999997300000, 0.119999997300000, 0.119999997300000 );
#7461 = COLOUR_RGB( '', 0.899999976200000, 0.000000000000000, 0.000000000000000 );
#7462 = CARTESIAN_POINT( '', ( 3.15712683042447, 0.380639440183806, 10.9500000000000 ) );
#7463 = CARTESIAN_POINT( '', ( 3.15712683042447, 0.380639440183806, 10.9500000000000 ) );
#7464 = CARTESIAN_POINT( '', ( 3.19128760212864, 0.380639440183807, 10.9500000000000 ) );
#7465 = CARTESIAN_POINT( '', ( 3.22544837383283, 0.380639440183806, 10.9500000000000 ) );
#7466 = CARTESIAN_POINT( '', ( 3.25960914553700, 0.380639440183806, 10.9500000000000 ) );
#7467 = CARTESIAN_POINT( '', ( 3.15712683042447, 0.380639440183806, 10.9400000000000 ) );
#7468 = VECTOR( '', #8377, 1000.00000000000 );
#7469 = COLOUR_RGB( '', 0.899999976200000, 0.000000000000000, 0.000000000000000 );
#7470 = CARTESIAN_POINT( '', ( 0.723480528173663, 0.380639440183806, 10.9500000000000 ) );
#7471 = CARTESIAN_POINT( '', ( 0.723480528173663, 0.380639440183806, 10.9500000000000 ) );
#7472 = CARTESIAN_POINT( '', ( 0.723480528173663, 0.346684456260977, 10.9500000000000 ) );
#7473 = CARTESIAN_POINT( '', ( 0.723480528173663, 0.312729472338147, 10.9500000000000 ) );
#7474 = CARTESIAN_POINT( '', ( 0.723480528173663, 0.278774488415318, 10.9500000000000 ) );
#7475 = CARTESIAN_POINT( '', ( 0.723480528173663, 0.380639440183806, 10.9400000000000 ) );
#7476 = VECTOR( '', #8378, 1000.00000000000 );
#7477 = COLOUR_RGB( '', 0.899999976200000, 0.000000000000000, 0.000000000000000 );
#7478 = CARTESIAN_POINT( '', ( 0.364175061935720, -0.292286604832271, 10.9500000000000 ) );
#7479 = CARTESIAN_POINT( '', ( 0.364175061935720, -0.292286604832271, 10.9500000000000 ) );
#7480 = CARTESIAN_POINT( '', ( 0.351827795054691, -0.268826797758315, 10.9500000000000 ) );
#7481 = CARTESIAN_POINT( '', ( 0.343802071582022, -0.240428083931948, 10.9500000000000 ) );
#7482 = CARTESIAN_POINT( '', ( 0.340097891517714, -0.207707826697222, 10.9500000000000 ) );
#7483 = CARTESIAN_POINT( '', ( 0.364175061935720, -0.292286604832271, 10.9400000000000 ) );
#7484 = CARTESIAN_POINT( '', ( 0.364175061935720, -0.292286604832271, 10.9400000000000 ) );
#7485 = VECTOR( '', #8379, 1000.00000000000 );
#7486 = CARTESIAN_POINT( '', ( 0.364175061935720, -0.292286604832271, 10.9400000000000 ) );
#7487 = CARTESIAN_POINT( '', ( 0.351827795054691, -0.268826797758315, 10.9400000000000 ) );
#7488 = CARTESIAN_POINT( '', ( 0.343802071582022, -0.240428083931948, 10.9400000000000 ) );
#7489 = CARTESIAN_POINT( '', ( 0.340097891517714, -0.207707826697222, 10.9400000000000 ) );
#7490 = COLOUR_RGB( '', 0.899999976200000, 0.000000000000000, 0.000000000000000 );
#7491 = CARTESIAN_POINT( '', ( -1.08099873082071, 2.67481618244003, 10.9500000000000 ) );
#7492 = VECTOR( '', #8380, 1000.00000000000 );
#7493 = COLOUR_RGB( '', 0.899999976200000, 0.000000000000000, 0.000000000000000 );
#7494 = CARTESIAN_POINT( '', ( 1.70323615518331, 0.380639440183807, 10.9500000000000 ) );
#7495 = CARTESIAN_POINT( '', ( 1.70323615518331, 0.380639440183807, 10.9500000000000 ) );
#7496 = CARTESIAN_POINT( '', ( 1.81683101048878, 0.380639440183807, 10.9500000000000 ) );
#7497 = CARTESIAN_POINT( '', ( 1.70323615518331, 0.380639440183807, 10.9400000000000 ) );
#7498 = CARTESIAN_POINT( '', ( 1.70323615518331, 0.380639440183807, 10.9400000000000 ) );
#7499 = VECTOR( '', #8381, 1000.00000000000 );
#7500 = CARTESIAN_POINT( '', ( 1.70323615518331, 0.380639440183807, 10.9400000000000 ) );
#7501 = CARTESIAN_POINT( '', ( 1.81683101048878, 0.380639440183807, 10.9400000000000 ) );
#7502 = COLOUR_RGB( '', 0.699999988100000, 0.699999988100000, 0.699999988100000 );
#7503 = COLOUR_RGB( '', 0.899999976200000, 0.000000000000000, 0.000000000000000 );
#7504 = CARTESIAN_POINT( '', ( 0.0196863159550127, -0.188569563031627, 10.9400000000000 ) );
#7505 = CARTESIAN_POINT( '', ( 0.0425659320913115, -0.208975707153191, 10.9400000000000 ) );
#7506 = CARTESIAN_POINT( '', ( 0.0764837436077461, -0.218820366890148, 10.9400000000000 ) );
#7507 = CARTESIAN_POINT( '', ( 0.165384065151155, -0.218820366890148, 10.9400000000000 ) );
#7508 = CARTESIAN_POINT( '', ( 0.204277955826395, -0.208942553385325, 10.9400000000000 ) );
#7509 = CARTESIAN_POINT( '', ( 0.238850303093276, -0.189804289719730, 10.9400000000000 ) );
#7510 = CARTESIAN_POINT( '', ( 0.272950096919361, -0.170927618137433, 10.9400000000000 ) );
#7511 = CARTESIAN_POINT( '', ( 0.298117184122215, -0.144119402259923, 10.9400000000000 ) );
#7512 = CARTESIAN_POINT( '', ( 0.314168631067553, -0.110781781681145, 10.9400000000000 ) );
#7513 = CARTESIAN_POINT( '', ( 0.326385962901783, -0.0854073232562067, 10.9400000000000 ) );
#7514 = CARTESIAN_POINT( '', ( 0.332689531389097, -0.0471933572438461, 10.9400000000000 ) );
#7515 = CARTESIAN_POINT( '', ( 0.332689531389097, 0.00343043696837261, 10.9400000000000 ) );
#7516 = CARTESIAN_POINT( '', ( 0.332689531389097, 0.0172182183188549, 10.9400000000000 ) );
#7517 = CARTESIAN_POINT( '', ( 0.333101106951798, 0.0310059996693373, 10.9400000000000 ) );
#7518 = CARTESIAN_POINT( '', ( 0.333306894733148, 0.0447937810198196, 10.9400000000000 ) );
#7519 = CARTESIAN_POINT( '', ( 0.481474097305495, -0.292286604832271, 10.9400000000000 ) );
#7520 = CARTESIAN_POINT( '', ( 0.442374418848903, -0.292286604832271, 10.9400000000000 ) );
#7521 = CARTESIAN_POINT( '', ( 0.403274740392312, -0.292286604832271, 10.9400000000000 ) );
#7522 = CARTESIAN_POINT( '', ( 0.364175061935720, -0.292286604832271, 10.9400000000000 ) );
#7523 = CARTESIAN_POINT( '', ( -0.00439085446299337, 0.173205356582521, 10.9400000000000 ) );
#7524 = CARTESIAN_POINT( '', ( -0.0420500184501319, 0.178350051116283, 10.9400000000000 ) );
#7525 = CARTESIAN_POINT( '', ( -0.0797091824372704, 0.183494745650045, 10.9400000000000 ) );
#7526 = CARTESIAN_POINT( '', ( -0.117368346424408, 0.188639440183806, 10.9400000000000 ) );
#7527 = COLOUR_RGB( '', 0.899999976200000, 0.000000000000000, 0.000000000000000 );
#7528 = CARTESIAN_POINT( '', ( -0.719297606874570, -0.158936122517157, 10.9500000000000 ) );
#7529 = CARTESIAN_POINT( '', ( -0.719297606874570, -0.158936122517157, 10.9500000000000 ) );
#7530 = CARTESIAN_POINT( '', ( -0.708802430025694, -0.124981138594328, 10.9500000000000 ) );
#7531 = CARTESIAN_POINT( '', ( -0.692133619736306, -0.0755920710702124, 10.9500000000000 ) );
#7532 = CARTESIAN_POINT( '', ( -0.669908539350454, -0.0101515566007589, 10.9500000000000 ) );
#7533 = CARTESIAN_POINT( '', ( -0.596701030444636, 0.205403886288595, 10.9500000000000 ) );
#7534 = CARTESIAN_POINT( '', ( -0.520506610090004, 0.419944906421750, 10.9500000000000 ) );
#7535 = CARTESIAN_POINT( '', ( -0.445805645459778, 0.634993137933003, 10.9500000000000 ) );
#7536 = CARTESIAN_POINT( '', ( -0.719297606874570, -0.158936122517157, 10.9400000000000 ) );
#7537 = VECTOR( '', #8382, 1000.00000000000 );
#7538 = COLOUR_RGB( '', 0.899999976200000, 0.000000000000000, 0.000000000000000 );
#7539 = CARTESIAN_POINT( '', ( 1.47110753781996, -0.292286604832271, 10.9500000000000 ) );
#7540 = CARTESIAN_POINT( '', ( 1.24576991724119, 0.0503500511162827, 10.9500000000000 ) );
#7541 = CARTESIAN_POINT( '', ( 1.47110753781996, -0.292286604832271, 10.9500000000000 ) );
#7542 = CARTESIAN_POINT( '', ( 1.24576991724119, 0.0503500511162827, 10.9500000000000 ) );
#7543 = CARTESIAN_POINT( '', ( 1.47110753781996, -0.292286604832271, 10.9400000000000 ) );
#7544 = VECTOR( '', #8383, 1000.00000000000 );
#7545 = CARTESIAN_POINT( '', ( 1.24576991724119, 0.0503500511162827, 10.9400000000000 ) );
#7546 = VECTOR( '', #8384, 1000.00000000000 );
#7547 = COLOUR_RGB( '', 0.699999988100000, 0.699999988100000, 0.699999988100000 );
#7548 = CARTESIAN_POINT( '', ( 2.20000000000000, -0.450000000000000, 0.640000000000000 ) );
#7549 = VECTOR( '', #8385, 1000.00000000000 );
#7550 = CARTESIAN_POINT( '', ( 2.25000000000000, -0.450000000000000, -0.450000000000000 ) );
#7551 = CARTESIAN_POINT( '', ( 2.25000000000000, -0.450000000000000, -0.450000000000000 ) );
#7552 = VECTOR( '', #8386, 1000.00000000000 );
#7553 = AXIS2_PLACEMENT_3D( '', #8387, #8388, #8389 );
#7554 = COLOUR_RGB( '', 0.119999997300000, 0.119999997300000, 0.119999997300000 );
#7555 = CARTESIAN_POINT( '', ( -2.48841463414635, 0.240400932956445, 0.140000000000000 ) );
#7556 = AXIS2_PLACEMENT_3D( '', #8390, #8391, #8392 );
#7557 = CARTESIAN_POINT( '', ( -2.39241463414634, 0.364351778261651, 0.140000000000000 ) );
#7558 = AXIS2_PLACEMENT_3D( '', #8393, #8394, #8395 );
#7559 = AXIS2_PLACEMENT_3D( '', #8396, #8397, #8398 );
#7560 = COLOUR_RGB( '', 0.699999988100000, 0.699999988100000, 0.699999988100000 );
#7561 = COLOUR_RGB( '', 0.899999976200000, 0.000000000000000, 0.000000000000000 );
#7562 = CARTESIAN_POINT( '', ( 1.79876095180074, 2.67481618244003, 10.9500000000000 ) );
#7563 = CARTESIAN_POINT( '', ( 1.59354313852431, 2.32616306157728, 10.9500000000000 ) );
#7564 = VECTOR( '', #8399, 1000.00000000000 );
#7565 = CARTESIAN_POINT( '', ( 1.79876095180074, 2.67481618244003, 10.9400000000000 ) );
#7566 = VECTOR( '', #8400, 1000.00000000000 );
#7567 = COLOUR_RGB( '', 0.119999997300000, 0.119999997300000, 0.119999997300000 );
#7568 = CARTESIAN_POINT( '', ( 4.15000000000000, -2.35000000000000, 1.00000000000000 ) );
#7569 = CARTESIAN_POINT( '', ( 4.15000000000000, -2.35000000000000, 0.600000000000000 ) );
#7570 = VECTOR( '', #8401, 1000.00000000000 );
#7571 = CARTESIAN_POINT( '', ( 4.15000000000000, -2.35000000000000, 1.00000000000000 ) );
#7572 = VECTOR( '', #8402, 1000.00000000000 );
#7573 = COLOUR_RGB( '', 0.119999997300000, 0.119999997300000, 0.119999997300000 );
#7574 = COLOUR_RGB( '', 0.119999997300000, 0.119999997300000, 0.119999997300000 );
#7575 = CARTESIAN_POINT( '', ( 4.15000000000000, 3.35000000000000, 1.60000000000000 ) );
#7576 = AXIS2_PLACEMENT_3D( '', #8403, #8404, #8405 );
#7577 = CARTESIAN_POINT( '', ( 4.15000000000000, 3.35000000000000, 0.600000000000000 ) );
#7578 = VECTOR( '', #8406, 1000.00000000000 );
#7579 = COLOUR_RGB( '', 0.119999997300000, 0.119999997300000, 0.119999997300000 );
#7580 = CARTESIAN_POINT( '', ( 0.650000000000000, 1.65000000000000, 0.300000000000000 ) );
#7581 = CARTESIAN_POINT( '', ( 0.650000000000000, 4.15000000000000, 0.300000000000000 ) );
#7582 = VECTOR( '', #8407, 1000.00000000000 );
#7583 = CARTESIAN_POINT( '', ( -0.650000000000000, 1.65000000000000, 0.300000000000000 ) );
#7584 = AXIS2_PLACEMENT_3D( '', #8408, #8409, #8410 );
#7585 = CARTESIAN_POINT( '', ( -0.650000000000000, 1.65000000000000, 0.300000000000000 ) );
#7586 = VECTOR( '', #8411, 1000.00000000000 );
#7587 = CARTESIAN_POINT( '', ( -0.599999999999999, 1.65000000000000, 0.300000000000000 ) );
#7588 = AXIS2_PLACEMENT_3D( '', #8412, #8413, #8414 );
#7589 = COLOUR_RGB( '', 0.899999976200000, 0.000000000000000, 0.000000000000000 );
#7590 = CARTESIAN_POINT( '', ( -0.984146481472640, 0.634993137933004, 10.9500000000000 ) );
#7591 = CARTESIAN_POINT( '', ( -1.16688603131187, 0.634993137933003, 10.9500000000000 ) );
#7592 = CARTESIAN_POINT( '', ( -1.10597284803213, 0.634993137933003, 10.9500000000000 ) );
#7593 = CARTESIAN_POINT( '', ( -1.04505966475238, 0.634993137933003, 10.9500000000000 ) );
#7594 = CARTESIAN_POINT( '', ( -0.984146481472640, 0.634993137933004, 10.9500000000000 ) );
#7595 = CARTESIAN_POINT( '', ( -0.984146481472640, 0.634993137933004, 10.9400000000000 ) );
#7596 = VECTOR( '', #8415, 1000.00000000000 );
#7597 = COLOUR_RGB( '', 0.119999997300000, 0.119999997300000, 0.119999997300000 );
#7598 = CARTESIAN_POINT( '', ( 0.650000000000000, 1.65000000000000, 0.300000000000000 ) );
#7599 = VECTOR( '', #8416, 1000.00000000000 );
#7600 = COLOUR_RGB( '', 0.899999976200000, 0.000000000000000, 0.000000000000000 );
#7601 = CARTESIAN_POINT( '', ( 1.61186638026369, -0.292286604832271, 10.9500000000000 ) );
#7602 = CARTESIAN_POINT( '', ( 1.61186638026369, -0.292286604832271, 10.9500000000000 ) );
#7603 = CARTESIAN_POINT( '', ( 1.47110753781996, -0.292286604832271, 10.9500000000000 ) );
#7604 = CARTESIAN_POINT( '', ( 1.61186638026369, -0.292286604832271, 10.9400000000000 ) );
#7605 = VECTOR( '', #8417, 1000.00000000000 );
#7606 = COLOUR_RGB( '', 0.119999997300000, 0.119999997300000, 0.119999997300000 );
#7607 = CARTESIAN_POINT( '', ( 1.55000000000000, 4.15000000000000, 1.60000000000000 ) );
#7608 = VECTOR( '', #8418, 1000.00000000000 );
#7609 = COLOUR_RGB( '', 0.899999976200000, 0.000000000000000, 0.000000000000000 );
#7610 = CARTESIAN_POINT( '', ( 0.699379809248564, 1.81505126758004, 10.9500000000000 ) );
#7611 = CARTESIAN_POINT( '', ( 1.29262216089776, 1.81505126758003, 10.9500000000000 ) );
#7612 = CARTESIAN_POINT( '', ( 0.699379809248565, 1.81505126758003, 10.9500000000000 ) );
#7613 = VECTOR( '', #8419, 1000.00000000000 );
#7614 = CARTESIAN_POINT( '', ( 1.29262216089776, 1.81505126758003, 10.9400000000000 ) );
#7615 = VECTOR( '', #8420, 1000.00000000000 );
#7616 = CARTESIAN_POINT( '', ( 0.699379809248564, 1.81505126758004, 10.9400000000000 ) );
#7617 = VECTOR( '', #8421, 1000.00000000000 );
#7618 = COLOUR_RGB( '', 0.899999976200000, 0.000000000000000, 0.000000000000000 );
#7619 = CARTESIAN_POINT( '', ( 1.43776991724119, 0.380639440183806, 10.9500000000000 ) );
#7620 = CARTESIAN_POINT( '', ( 1.58593711981353, 0.380639440183807, 10.9500000000000 ) );
#7621 = CARTESIAN_POINT( '', ( 1.43776991724119, 0.380639440183806, 10.9500000000000 ) );
#7622 = CARTESIAN_POINT( '', ( 1.58593711981353, 0.380639440183807, 10.9500000000000 ) );
#7623 = CARTESIAN_POINT( '', ( 1.43776991724119, 0.380639440183806, 10.9400000000000 ) );
#7624 = VECTOR( '', #8422, 1000.00000000000 );
#7625 = CARTESIAN_POINT( '', ( 1.58593711981353, 0.380639440183807, 10.9400000000000 ) );
#7626 = VECTOR( '', #8423, 1000.00000000000 );
#7627 = COLOUR_RGB( '', 0.899999976200000, 0.000000000000000, 0.000000000000000 );
#7628 = CARTESIAN_POINT( '', ( 0.581743312474130, 1.61519734847073, 10.9500000000000 ) );
#7629 = VECTOR( '', #8424, 1000.00000000000 );
#7630 = COLOUR_RGB( '', 0.119999997300000, 0.119999997300000, 0.119999997300000 );
#7631 = CARTESIAN_POINT( '', ( -3.68747881349846, 1.55000000000000, 1.60000000000000 ) );
#7632 = CARTESIAN_POINT( '', ( -4.15000000000000, 1.55000000000000, 1.60000000000000 ) );
#7633 = VECTOR( '', #8425, 1000.00000000000 );
#7634 = CARTESIAN_POINT( '', ( -1.55000000000000, 3.68747881349846, 1.60000000000000 ) );
#7635 = AXIS2_PLACEMENT_3D( '', #8426, #8427, #8428 );
#7636 = CARTESIAN_POINT( '', ( -1.55000000000000, 3.68747881349846, 1.60000000000000 ) );
#7637 = VECTOR( '', #8429, 1000.00000000000 );
#7638 = COLOUR_RGB( '', 0.119999997300000, 0.119999997300000, 0.119999997300000 );
#7639 = CARTESIAN_POINT( '', ( -2.39241463414634, -0.364351778261651, 0.140000000000000 ) );
#7640 = AXIS2_PLACEMENT_3D( '', #8430, #8431, #8432 );
#7641 = CARTESIAN_POINT( '', ( -2.39241463414634, -0.364351778261651, 0.390000000000000 ) );
#7642 = VECTOR( '', #8433, 1000.00000000000 );
#7643 = COLOUR_RGB( '', 0.119999997300000, 0.119999997300000, 0.119999997300000 );
#7644 = CARTESIAN_POINT( '', ( 4.15000000000000, -2.35000000000000, 1.00000000000000 ) );
#7645 = VECTOR( '', #8434, 1000.00000000000 );
#7646 = COLOUR_RGB( '', 0.899999976200000, 0.000000000000000, 0.000000000000000 );
#7647 = CARTESIAN_POINT( '', ( 0.797688914084689, 2.67481618244003, 10.9500000000000 ) );
#7648 = CARTESIAN_POINT( '', ( 1.79876095180074, 2.67481618244003, 10.9500000000000 ) );
#7649 = VECTOR( '', #8435, 1000.00000000000 );
#7650 = CARTESIAN_POINT( '', ( 0.797688914084689, 2.67481618244003, 10.9400000000000 ) );
#7651 = VECTOR( '', #8436, 1000.00000000000 );
#7652 = COLOUR_RGB( '', 0.899999976200000, 0.000000000000000, 0.000000000000000 );
#7653 = COLOUR_RGB( '', 0.119999997300000, 0.119999997300000, 0.119999997300000 );
#7654 = CARTESIAN_POINT( '', ( -3.68747881349846, 1.55000000000000, 1.60000000000000 ) );
#7655 = VECTOR( '', #8437, 1000.00000000000 );
#7656 = COLOUR_RGB( '', 0.899999976200000, 0.000000000000000, 0.000000000000000 );
#7657 = CARTESIAN_POINT( '', ( 1.98845802013508, 0.380639440183807, 10.9500000000000 ) );
#7658 = CARTESIAN_POINT( '', ( 2.09094033524761, 0.380639440183806, 10.9500000000000 ) );
#7659 = CARTESIAN_POINT( '', ( 1.98845802013508, 0.380639440183807, 10.9500000000000 ) );
#7660 = CARTESIAN_POINT( '', ( 2.02261879183926, 0.380639440183806, 10.9500000000000 ) );
#7661 = CARTESIAN_POINT( '', ( 2.05677956354344, 0.380639440183807, 10.9500000000000 ) );
#7662 = CARTESIAN_POINT( '', ( 2.09094033524761, 0.380639440183806, 10.9500000000000 ) );
#7663 = CARTESIAN_POINT( '', ( 1.98845802013508, 0.380639440183807, 10.9400000000000 ) );
#7664 = VECTOR( '', #8438, 1000.00000000000 );
#7665 = CARTESIAN_POINT( '', ( 2.09094033524761, 0.380639440183806, 10.9400000000000 ) );
#7666 = VECTOR( '', #8439, 1000.00000000000 );
#7667 = COLOUR_RGB( '', 0.699999988100000, 0.699999988100000, 0.699999988100000 );
#7668 = CARTESIAN_POINT( '', ( -2.20000000000000, 0.450000000000000, 0.640000000000000 ) );
#7669 = VECTOR( '', #8440, 1000.00000000000 );
#7670 = COLOUR_RGB( '', 0.119999997300000, 0.119999997300000, 0.119999997300000 );
#7671 = CARTESIAN_POINT( '', ( -1.55000000000000, 3.68747881349846, 1.60000000000000 ) );
#7672 = VECTOR( '', #8441, 1000.00000000000 );
#7673 = COLOUR_RGB( '', 0.119999997300000, 0.119999997300000, 0.119999997300000 );
#7674 = CARTESIAN_POINT( '', ( -0.650000000000000, 1.65000000000000, 0.300000000000000 ) );
#7675 = VECTOR( '', #8442, 1000.00000000000 );
#7676 = COLOUR_RGB( '', 0.119999997300000, 0.119999997300000, 0.119999997300000 );
#7677 = CARTESIAN_POINT( '', ( -1.55000000000000, -1.25526296912605E-16, 0.640000000000000 ) );
#7678 = AXIS2_PLACEMENT_3D( '', #8443, #8444, #8445 );
#7679 = COLOUR_RGB( '', 0.899999976200000, 0.000000000000000, 0.000000000000000 );
#7680 = CARTESIAN_POINT( '', ( 1.98845802013508, -0.292286604832271, 10.9500000000000 ) );
#7681 = CARTESIAN_POINT( '', ( 1.98845802013508, -0.0679779231602448, 10.9500000000000 ) );
#7682 = CARTESIAN_POINT( '', ( 1.98845802013508, 0.156330758511781, 10.9500000000000 ) );
#7683 = CARTESIAN_POINT( '', ( 1.98845802013508, 0.380639440183807, 10.9500000000000 ) );
#7684 = COLOUR_RGB( '', 0.899999976200000, 0.000000000000000, 0.000000000000000 );
#7685 = CARTESIAN_POINT( '', ( 1.81683101048878, 0.634993137933004, 10.9500000000000 ) );
#7686 = CARTESIAN_POINT( '', ( 1.81683101048878, 0.504729472338148, 10.9500000000000 ) );
#7687 = COLOUR_RGB( '', 0.899999976200000, 0.000000000000000, 0.000000000000000 );
#7688 = CARTESIAN_POINT( '', ( -0.0190996989261983, 1.27340653755458, 10.9500000000000 ) );
#7689 = CARTESIAN_POINT( '', ( 0.797688914084689, 2.67481618244003, 10.9500000000000 ) );
#7690 = VECTOR( '', #8446, 1000.00000000000 );
#7691 = CARTESIAN_POINT( '', ( -0.0190996989261983, 1.27340653755458, 10.9400000000000 ) );
#7692 = VECTOR( '', #8447, 1000.00000000000 );
#7693 = COLOUR_RGB( '', 0.899999976200000, 0.000000000000000, 0.000000000000000 );
#7694 = CARTESIAN_POINT( '', ( 0.481474097305495, -0.292286604832271, 10.9500000000000 ) );
#7695 = CARTESIAN_POINT( '', ( 0.442374418848903, -0.292286604832271, 10.9500000000000 ) );
#7696 = CARTESIAN_POINT( '', ( 0.403274740392312, -0.292286604832271, 10.9500000000000 ) );
#7697 = CARTESIAN_POINT( '', ( 0.364175061935720, -0.292286604832271, 10.9500000000000 ) );
#7698 = COLOUR_RGB( '', 0.699999988100000, 0.699999988100000, 0.699999988100000 );
#7699 = CARTESIAN_POINT( '', ( 2.09094033524762, 0.284948121855833, 10.9500000000000 ) );
#7700 = CARTESIAN_POINT( '', ( 2.09094033524761, 0.380639440183806, 10.9500000000000 ) );
#7701 = CARTESIAN_POINT( '', ( 2.09094033524762, 0.348742334074483, 10.9500000000000 ) );
#7702 = CARTESIAN_POINT( '', ( 2.09094033524761, 0.316845227965158, 10.9500000000000 ) );
#7703 = CARTESIAN_POINT( '', ( 2.09094033524762, 0.284948121855833, 10.9500000000000 ) );
#7704 = CARTESIAN_POINT( '', ( 2.53544194296466, -0.292286604832270, 10.9500000000000 ) );
#7705 = CARTESIAN_POINT( '', ( 2.09094033524762, 0.284948121855833, 10.9500000000000 ) );
#7706 = CARTESIAN_POINT( '', ( 2.14032940277174, 0.358414359797954, 10.9500000000000 ) );
#7707 = CARTESIAN_POINT( '', ( 2.21194355068170, 0.395456160441041, 10.9500000000000 ) );
#7708 = CARTESIAN_POINT( '', ( 2.34591139634087, 0.395456160441041, 10.9500000000000 ) );
#7709 = CARTESIAN_POINT( '', ( 2.38295319698395, 0.388047800312424, 10.9500000000000 ) );
#7710 = CARTESIAN_POINT( '', ( 2.41690818090678, 0.373848443399241, 10.9500000000000 ) );
#7711 = CARTESIAN_POINT( '', ( 2.45108290726918, 0.359557194193148, 10.9500000000000 ) );
#7712 = CARTESIAN_POINT( '', ( 2.47679242527977, 0.339893459476411, 10.9500000000000 ) );
#7713 = CARTESIAN_POINT( '', ( 2.49346123556916, 0.316433652402456, 10.9500000000000 ) );
#7714 = CARTESIAN_POINT( '', ( 2.51042153908957, 0.292563595595961, 10.9500000000000 ) );
#7715 = CARTESIAN_POINT( '', ( 2.52247731273958, 0.264575131502135, 10.9500000000000 ) );
#7716 = CARTESIAN_POINT( '', ( 2.52865094618010, 0.231854874267408, 10.9500000000000 ) );
#7717 = CARTESIAN_POINT( '', ( 2.53262380345086, 0.210798730732376, 10.9500000000000 ) );
#7718 = CARTESIAN_POINT( '', ( 2.53544194296466, 0.173822719926572, 10.9500000000000 ) );
#7719 = CARTESIAN_POINT( '', ( 2.53544194296466, 0.121346835682200, 10.9500000000000 ) );
#7720 = CARTESIAN_POINT( '', ( 2.53544194296466, -0.0165309778226239, 10.9500000000000 ) );
#7721 = CARTESIAN_POINT( '', ( 2.53544194296466, -0.154408791327448, 10.9500000000000 ) );
#7722 = CARTESIAN_POINT( '', ( 2.53544194296466, -0.292286604832270, 10.9500000000000 ) );
#7723 = CARTESIAN_POINT( '', ( 2.42184708765920, -0.292286604832271, 10.9500000000000 ) );
#7724 = CARTESIAN_POINT( '', ( 2.53544194296466, -0.292286604832270, 10.9500000000000 ) );
#7725 = CARTESIAN_POINT( '', ( 2.49757699119617, -0.292286604832271, 10.9500000000000 ) );
#7726 = CARTESIAN_POINT( '', ( 2.45971203942769, -0.292286604832270, 10.9500000000000 ) );
#7727 = CARTESIAN_POINT( '', ( 2.42184708765920, -0.292286604832271, 10.9500000000000 ) );
#7728 = CARTESIAN_POINT( '', ( 2.42184708765920, -0.292286604832271, 10.9500000000000 ) );
#7729 = CARTESIAN_POINT( '', ( 2.42184708765920, -0.155643518015550, 10.9500000000000 ) );
#7730 = CARTESIAN_POINT( '', ( 2.42184708765920, -0.0190004311988300, 10.9500000000000 ) );
#7731 = CARTESIAN_POINT( '', ( 2.42184708765920, 0.117642655617890, 10.9500000000000 ) );
#7732 = CARTESIAN_POINT( '', ( 2.42184708765920, 0.163944906421749, 10.9500000000000 ) );
#7733 = CARTESIAN_POINT( '', ( 2.41752554425083, 0.198517253688630, 10.9500000000000 ) );
#7734 = CARTESIAN_POINT( '', ( 2.40888245743412, 0.221977060762585, 10.9500000000000 ) );
#7735 = CARTESIAN_POINT( '', ( 2.40036585481471, 0.245093553586677, 10.9500000000000 ) );
#7736 = CARTESIAN_POINT( '', ( 2.38418792367206, 0.263340404814032, 10.9500000000000 ) );
#7737 = CARTESIAN_POINT( '', ( 2.33850303621225, 0.290504391952296, 10.9500000000000 ) );
#7738 = CARTESIAN_POINT( '', ( 2.31195641241804, 0.297295388736861, 10.9500000000000 ) );
#7739 = CARTESIAN_POINT( '', ( 2.28108824521547, 0.297912752080913, 10.9500000000000 ) );
#7740 = CARTESIAN_POINT( '', ( 2.23234838424667, 0.298887549300289, 10.9500000000000 ) );
#7741 = CARTESIAN_POINT( '', ( 2.19033583363990, 0.281861305135576, 10.9500000000000 ) );
#7742 = CARTESIAN_POINT( '', ( 2.11995641241804, 0.220124970730430, 10.9500000000000 ) );
#7743 = CARTESIAN_POINT( '', ( 2.10205287544055, 0.161475453045543, 10.9500000000000 ) );
#7744 = CARTESIAN_POINT( '', ( 2.10205287544055, 0.0756619482223916, 10.9500000000000 ) );
#7745 = CARTESIAN_POINT( '', ( 2.10205287544055, -0.0469875694624955, 10.9500000000000 ) );
#7746 = CARTESIAN_POINT( '', ( 2.10205287544055, -0.169637087147383, 10.9500000000000 ) );
#7747 = CARTESIAN_POINT( '', ( 2.10205287544055, -0.292286604832271, 10.9500000000000 ) );
#7748 = CARTESIAN_POINT( '', ( 0.620998213061122, 0.380639440183807, 10.9500000000000 ) );
#7749 = CARTESIAN_POINT( '', ( 0.655158984765302, 0.380639440183806, 10.9500000000000 ) );
#7750 = CARTESIAN_POINT( '', ( 0.689319756469482, 0.380639440183807, 10.9500000000000 ) );
#7751 = CARTESIAN_POINT( '', ( 0.723480528173663, 0.380639440183806, 10.9500000000000 ) );
#7752 = CARTESIAN_POINT( '', ( -0.984146481472640, 0.634993137933004, 10.9500000000000 ) );
#7753 = CARTESIAN_POINT( '', ( -0.910680243530518, 0.416240726357440, 10.9500000000000 ) );
#7754 = CARTESIAN_POINT( '', ( -0.837214005588395, 0.197488314781878, 10.9500000000000 ) );
#7755 = CARTESIAN_POINT( '', ( -0.763747767646273, -0.0212640967936849, 10.9500000000000 ) );
#7756 = CARTESIAN_POINT( '', ( -0.743050672068406, -0.0828915830661595, 10.9500000000000 ) );
#7757 = CARTESIAN_POINT( '', ( -0.728558057035341, -0.128685318658637, 10.9500000000000 ) );
#7758 = CARTESIAN_POINT( '', ( -0.719297606874570, -0.158936122517157, 10.9500000000000 ) );
#7759 = CARTESIAN_POINT( '', ( -0.400738121344023, -0.292286604832271, 10.9500000000000 ) );
#7760 = CARTESIAN_POINT( '', ( -0.400738121344022, -0.0331997881120134, 10.9500000000000 ) );
#7761 = CARTESIAN_POINT( '', ( -0.400738121344022, 0.225887028608244, 10.9500000000000 ) );
#7762 = CARTESIAN_POINT( '', ( -0.400738121344022, 0.484973845328502, 10.9500000000000 ) );
#7763 = CARTESIAN_POINT( '', ( -0.781651304623766, -0.292286604832271, 10.9500000000000 ) );
#7764 = CARTESIAN_POINT( '', ( -0.672995356070711, -0.292286604832271, 10.9500000000000 ) );
#7765 = CARTESIAN_POINT( '', ( -0.709214005588396, -0.292286604832271, 10.9500000000000 ) );
#7766 = CARTESIAN_POINT( '', ( -0.745432655106080, -0.292286604832271, 10.9500000000000 ) );
#7767 = CARTESIAN_POINT( '', ( -0.781651304623766, -0.292286604832271, 10.9500000000000 ) );
#7768 = CARTESIAN_POINT( '', ( -0.781651304623766, -0.292286604832271, 10.9500000000000 ) );
#7769 = CARTESIAN_POINT( '', ( -0.870963201729875, -0.0288782447036529, 10.9500000000000 ) );
#7770 = CARTESIAN_POINT( '', ( -0.960275098835985, 0.234530115424964, 10.9500000000000 ) );
#7771 = CARTESIAN_POINT( '', ( -1.04958699594209, 0.497938475553582, 10.9500000000000 ) );
#7772 = CARTESIAN_POINT( '', ( 1.29262216089776, 1.81505126758003, 10.9500000000000 ) );
#7773 = VECTOR( '', #8448, 1000.00000000000 );
#7774 = CARTESIAN_POINT( '', ( -0.0190996989261985, 1.27340653755458, 10.9500000000000 ) );
#7775 = VECTOR( '', #8449, 1000.00000000000 );
#7776 = CARTESIAN_POINT( '', ( -0.539354000795260, 2.16324834885772, 10.9500000000000 ) );
#7777 = VECTOR( '', #8450, 1000.00000000000 );
#7778 = CARTESIAN_POINT( '', ( -0.00439085446299337, 0.173205356582521, 10.9500000000000 ) );
#7779 = CARTESIAN_POINT( '', ( -0.0420500184501319, 0.178350051116283, 10.9500000000000 ) );
#7780 = CARTESIAN_POINT( '', ( -0.0797091824372704, 0.183494745650045, 10.9500000000000 ) );
#7781 = CARTESIAN_POINT( '', ( -0.117368346424408, 0.188639440183806, 10.9500000000000 ) );
#7782 = CARTESIAN_POINT( '', ( 1.05315255389713, 0.634993137933003, 10.9500000000000 ) );
#7783 = CARTESIAN_POINT( '', ( 1.16674740920260, 0.634993137933004, 10.9500000000000 ) );
#7784 = CARTESIAN_POINT( '', ( 1.16674740920260, 0.107764842113067, 10.9500000000000 ) );
#7785 = CARTESIAN_POINT( '', ( 1.43776991724119, 0.380639440183806, 10.9500000000000 ) );
#7786 = CARTESIAN_POINT( '', ( 1.32787924200003, 0.129989922498919, 10.9500000000000 ) );
#7787 = CARTESIAN_POINT( '', ( 1.58593711981353, 0.380639440183807, 10.9500000000000 ) );
#7788 = CARTESIAN_POINT( '', ( 1.32787924200003, 0.129989922498919, 10.9500000000000 ) );
#7789 = CARTESIAN_POINT( '', ( 1.32787924200003, 0.129989922498919, 10.9500000000000 ) );
#7790 = CARTESIAN_POINT( '', ( 1.61186638026369, -0.292286604832271, 10.9500000000000 ) );
#7791 = CARTESIAN_POINT( '', ( 1.24576991724119, 0.0503500511162827, 10.9500000000000 ) );
#7792 = CARTESIAN_POINT( '', ( 1.16674740920260, -0.0262030035460967, 10.9500000000000 ) );
#7793 = CARTESIAN_POINT( '', ( 1.70323615518331, -0.292286604832270, 10.9500000000000 ) );
#7794 = CARTESIAN_POINT( '', ( 1.81683101048878, -0.292286604832270, 10.9500000000000 ) );
#7795 = CARTESIAN_POINT( '', ( 1.70323615518331, -0.292286604832270, 10.9500000000000 ) );
#7796 = CARTESIAN_POINT( '', ( 1.70323615518331, -0.292286604832270, 10.9500000000000 ) );
#7797 = CARTESIAN_POINT( '', ( 1.70323615518331, 0.380639440183807, 10.9500000000000 ) );
#7798 = CARTESIAN_POINT( '', ( 3.15712683042447, 0.297912752080913, 10.9500000000000 ) );
#7799 = CARTESIAN_POINT( '', ( 3.14663165357560, -0.205238373321016, 10.9500000000000 ) );
#7800 = CARTESIAN_POINT( '', ( 3.09600785936338, -0.263887891005903, 10.9500000000000 ) );
#7801 = CARTESIAN_POINT( '', ( 3.03365416161418, -0.292286604832271, 10.9500000000000 ) );
#7802 = CARTESIAN_POINT( '', ( 2.86634869537624, -0.292286604832270, 10.9500000000000 ) );
#7803 = CARTESIAN_POINT( '', ( 2.79473454746627, -0.259566347597544, 10.9500000000000 ) );
#7804 = CARTESIAN_POINT( '', ( 2.74349338990999, -0.192273743095936, 10.9500000000000 ) );
#7805 = CARTESIAN_POINT( '', ( 2.69277638271338, -0.125669480632917, 10.9500000000000 ) );
#7806 = CARTESIAN_POINT( '', ( 2.66755769859167, -0.0459586305557433, 10.9500000000000 ) );
#7807 = CARTESIAN_POINT( '', ( 2.66755769859167, 0.111469022177376, 10.9500000000000 ) );
#7808 = CARTESIAN_POINT( '', ( 2.67867023878460, 0.170735903206315, 10.9500000000000 ) );
#7809 = CARTESIAN_POINT( '', ( 2.72558985293250, 0.279391851759369, 10.9500000000000 ) );
#7810 = CARTESIAN_POINT( '', ( 2.75954483685534, 0.321372559154867, 10.9500000000000 ) );
#7811 = CARTESIAN_POINT( '', ( 2.84844515839874, 0.380639440183806, 10.9500000000000 ) );
#7812 = CARTESIAN_POINT( '', ( 2.90030367929906, 0.395456160441041, 10.9500000000000 ) );
#7813 = CARTESIAN_POINT( '', ( 3.03982779505469, 0.395456160441041, 10.9500000000000 ) );
#7814 = CARTESIAN_POINT( '', ( 3.10526830952415, 0.362735903206315, 10.9500000000000 ) );
#7815 = CARTESIAN_POINT( '', ( 3.15712683042447, 0.297912752080913, 10.9500000000000 ) );
#7816 = CARTESIAN_POINT( '', ( 3.15712683042447, 0.297912752080913, 10.9500000000000 ) );
#7817 = CARTESIAN_POINT( '', ( 3.15712683042447, 0.325488314781878, 10.9500000000000 ) );
#7818 = CARTESIAN_POINT( '', ( 3.15712683042447, 0.353063877482843, 10.9500000000000 ) );
#7819 = CARTESIAN_POINT( '', ( 3.15712683042447, 0.380639440183806, 10.9500000000000 ) );
#7820 = COLOUR_RGB( '', 0.119999997300000, 0.119999997300000, 0.119999997300000 );
#7821 = CARTESIAN_POINT( '', ( -2.48841463414635, 0.240400932956445, 0.390000000000000 ) );
#7822 = VECTOR( '', #8451, 1000.00000000000 );
#7823 = COLOUR_RGB( '', 0.699999988100000, 0.699999988100000, 0.699999988100000 );
#7824 = CARTESIAN_POINT( '', ( -3.56000000000000, 0.000000000000000, 2.24571428571429 ) );
#7825 = AXIS2_PLACEMENT_3D( '', #8452, #8453, #8454 );
#7826 = COLOUR_RGB( '', 0.119999997300000, 0.119999997300000, 0.119999997300000 );
#7827 = COLOUR_RGB( '', 0.899999976200000, 0.000000000000000, 0.000000000000000 );
#7828 = COLOUR_RGB( '', 0.119999997300000, 0.119999997300000, 0.119999997300000 );
#7829 = CARTESIAN_POINT( '', ( 1.46000000000000, 0.000000000000000, 0.240000000000000 ) );
#7830 = AXIS2_PLACEMENT_3D( '', #8455, #8456, #8457 );
#7831 = COLOUR_RGB( '', 0.119999997300000, 0.119999997300000, 0.119999997300000 );
#7832 = CARTESIAN_POINT( '', ( -1.95924390243903, 0.491694346881782, 0.140000000000000 ) );
#7833 = AXIS2_PLACEMENT_3D( '', #8458, #8459, #8460 );
#7834 = AXIS2_PLACEMENT_3D( '', #8461, #8462, #8463 );
#7835 = COLOUR_RGB( '', 0.119999997300000, 0.119999997300000, 0.119999997300000 );
#7836 = COLOUR_RGB( '', 0.119999997300000, 0.119999997300000, 0.119999997300000 );
#7837 = COLOUR_RGB( '', 0.899999976200000, 0.000000000000000, 0.000000000000000 );
#7838 = CARTESIAN_POINT( '', ( 1.70323615518331, -0.292286604832270, 10.9400000000000 ) );
#7839 = CARTESIAN_POINT( '', ( 1.81683101048878, -0.292286604832270, 10.9400000000000 ) );
#7840 = CARTESIAN_POINT( '', ( 1.70323615518331, -0.292286604832270, 10.9400000000000 ) );
#7841 = CARTESIAN_POINT( '', ( 1.70323615518331, -0.292286604832270, 10.9400000000000 ) );
#7842 = CARTESIAN_POINT( '', ( 1.70323615518331, 0.380639440183807, 10.9400000000000 ) );
#7843 = COLOUR_RGB( '', 0.899999976200000, 0.000000000000000, 0.000000000000000 );
#7844 = CARTESIAN_POINT( '', ( 2.53544194296466, -0.292286604832270, 10.9400000000000 ) );
#7845 = VECTOR( '', #8464, 1000.00000000000 );
#7846 = CARTESIAN_POINT( '', ( 2.42184708765920, -0.292286604832271, 10.9400000000000 ) );
#7847 = VECTOR( '', #8465, 1000.00000000000 );
#7848 = COLOUR_RGB( '', 0.699999988100000, 0.699999988100000, 0.699999988100000 );
#7849 = COLOUR_RGB( '', 0.119999997300000, 0.119999997300000, 0.119999997300000 );
#7850 = CARTESIAN_POINT( '', ( -1.95924390243903, -0.491694346881783, 0.390000000000000 ) );
#7851 = VECTOR( '', #8466, 1000.00000000000 );
#7852 = COLOUR_RGB( '', 0.119999997300000, 0.119999997300000, 0.119999997300000 );
#7853 = CARTESIAN_POINT( '', ( -1.88197560975610, -0.470922291130038, 0.240000000000000 ) );
#7854 = AXIS2_PLACEMENT_3D( '', #8467, #8468, #8469 );
#7855 = AXIS2_PLACEMENT_3D( '', #8470, #8471, #8472 );
#7856 = COLOUR_RGB( '', 0.119999997300000, 0.119999997300000, 0.119999997300000 );
#7857 = COLOUR_RGB( '', 0.119999997300000, 0.119999997300000, 0.119999997300000 );
#7858 = COLOUR_RGB( '', 0.899999976200000, 0.000000000000000, 0.000000000000000 );
#7859 = COLOUR_RGB( '', 0.899999976200000, 0.000000000000000, 0.000000000000000 );
#7860 = CARTESIAN_POINT( '', ( 1.70323615518331, -0.292286604832270, 10.9400000000000 ) );
#7861 = VECTOR( '', #8473, 1000.00000000000 );
#7862 = COLOUR_RGB( '', 0.119999997300000, 0.119999997300000, 0.119999997300000 );
#7863 = COLOUR_RGB( '', 0.699999988100000, 0.699999988100000, 0.699999988100000 );
#7864 = CARTESIAN_POINT( '', ( 2.25000000000000, 0.450000000000000, -0.450000000000000 ) );
#7865 = VECTOR( '', #8474, 1000.00000000000 );
#7866 = COLOUR_RGB( '', 0.899999976200000, 0.000000000000000, 0.000000000000000 );
#7867 = COLOUR_RGB( '', 0.119999997300000, 0.119999997300000, 0.119999997300000 );
#7868 = COLOUR_RGB( '', 0.119999997300000, 0.119999997300000, 0.119999997300000 );
#7869 = AXIS2_PLACEMENT_3D( '', #8475, #8476, #8477 );
#7870 = COLOUR_RGB( '', 0.899999976200000, 0.000000000000000, 0.000000000000000 );
#7871 = COLOUR_RGB( '', 0.119999997300000, 0.119999997300000, 0.119999997300000 );
#7872 = CARTESIAN_POINT( '', ( 4.15000000000000, 4.15000000000000, 1.60000000000000 ) );
#7873 = VECTOR( '', #8478, 1000.00000000000 );
#7874 = COLOUR_RGB( '', 0.119999997300000, 0.119999997300000, 0.119999997300000 );
#7875 = COLOUR_RGB( '', 0.119999997300000, 0.119999997300000, 0.119999997300000 );
#7876 = CARTESIAN_POINT( '', ( -3.68747881349846, -1.55000000000000, 1.00000000000000 ) );
#7877 = CARTESIAN_POINT( '', ( -4.15000000000000, -1.55000000000000, 1.00000000000000 ) );
#7878 = VECTOR( '', #8479, 1000.00000000000 );
#7879 = AXIS2_PLACEMENT_3D( '', #8480, #8481, #8482 );
#7880 = COLOUR_RGB( '', 0.119999997300000, 0.119999997300000, 0.119999997300000 );
#7881 = CARTESIAN_POINT( '', ( -3.68747881349846, -1.55000000000000, 1.00000000000000 ) );
#7882 = VECTOR( '', #8483, 1000.00000000000 );
#7883 = COLOUR_RGB( '', 0.899999976200000, 0.000000000000000, 0.000000000000000 );
#7884 = COLOUR_RGB( '', 0.899999976200000, 0.000000000000000, 0.000000000000000 );
#7885 = CARTESIAN_POINT( '', ( 2.09094033524762, 0.284948121855833, 10.9400000000000 ) );
#7886 = VECTOR( '', #8484, 1000.00000000000 );
#7887 = COLOUR_RGB( '', 0.899999976200000, 0.000000000000000, 0.000000000000000 );
#7888 = COLOUR_RGB( '', 0.899999976200000, 0.000000000000000, 0.000000000000000 );
#7889 = CARTESIAN_POINT( '', ( -0.781651304623766, -0.292286604832271, 10.9400000000000 ) );
#7890 = VECTOR( '', #8485, 1000.00000000000 );
#7891 = COLOUR_RGB( '', 0.899999976200000, 0.000000000000000, 0.000000000000000 );
#7892 = CARTESIAN_POINT( '', ( 1.32787924200003, 0.129989922498919, 10.9400000000000 ) );
#7893 = VECTOR( '', #8486, 1000.00000000000 );
#7894 = COLOUR_RGB( '', 0.899999976200000, 0.000000000000000, 0.000000000000000 );
#7895 = COLOUR_RGB( '', 0.119999997300000, 0.119999997300000, 0.119999997300000 );
#7896 = COLOUR_RGB( '', 0.899999976200000, 0.000000000000000, 0.000000000000000 );
#7897 = COLOUR_RGB( '', 0.119999997300000, 0.119999997300000, 0.119999997300000 );
#7898 = COLOUR_RGB( '', 0.119999997300000, 0.119999997300000, 0.119999997300000 );
#7899 = COLOUR_RGB( '', 0.899999976200000, 0.000000000000000, 0.000000000000000 );
#7900 = COLOUR_RGB( '', 0.699999988100000, 0.699999988100000, 0.699999988100000 );
#7901 = COLOUR_RGB( '', 0.899999976200000, 0.000000000000000, 0.000000000000000 );
#7902 = COLOUR_RGB( '', 0.119999997300000, 0.119999997300000, 0.119999997300000 );
#7903 = COLOUR_RGB( '', 0.899999976200000, 0.000000000000000, 0.000000000000000 );
#7904 = COLOUR_RGB( '', 0.699999988100000, 0.699999988100000, 0.699999988100000 );
#7905 = COLOUR_RGB( '', 0.899999976200000, 0.000000000000000, 0.000000000000000 );
#7906 = COLOUR_RGB( '', 0.899999976200000, 0.000000000000000, 0.000000000000000 );
#7907 = COLOUR_RGB( '', 0.119999997300000, 0.119999997300000, 0.119999997300000 );
#7908 = CARTESIAN_POINT( '', ( -1.88197560975610, -0.470922291130039, 0.390000000000000 ) );
#7909 = VECTOR( '', #8487, 1000.00000000000 );
#7910 = CARTESIAN_POINT( '', ( -2.39241463414634, 0.364351778261651, 0.390000000000000 ) );
#7911 = VECTOR( '', #8488, 1000.00000000000 );
#7912 = CARTESIAN_POINT( '', ( -1.95924390243903, 0.491694346881782, 0.390000000000000 ) );
#7913 = VECTOR( '', #8489, 1000.00000000000 );
#7914 = COLOUR_RGB( '', 0.119999997300000, 0.119999997300000, 0.119999997300000 );
#7915 = COLOUR_RGB( '', 0.899999976200000, 0.000000000000000, 0.000000000000000 );
#7916 = COLOUR_RGB( '', 0.119999997300000, 0.119999997300000, 0.119999997300000 );
#7917 = COLOUR_RGB( '', 0.899999976200000, 0.000000000000000, 0.000000000000000 );
#7918 = CARTESIAN_POINT( '', ( 3.15712683042447, 0.297912752080913, 10.9400000000000 ) );
#7919 = VECTOR( '', #8490, 1000.00000000000 );
#7920 = COLOUR_RGB( '', 0.899999976200000, 0.000000000000000, 0.000000000000000 );
#7921 = COLOUR_RGB( '', 0.899999976200000, 0.000000000000000, 0.000000000000000 );
#7922 = COLOUR_RGB( '', 0.899999976200000, 0.000000000000000, 0.000000000000000 );
#7923 = COLOUR_RGB( '', 0.119999997300000, 0.119999997300000, 0.119999997300000 );
#7924 = DIRECTION( '', ( 1.00000000000000, 2.77555756156289E-16, 2.19030741916263E-17 ) );
#7925 = DIRECTION( '', ( -2.19030741916263E-17, -2.19030741916264E-17, 1.00000000000000 ) );
#7926 = DIRECTION( '', ( 1.00000000000000, 2.77555756156289E-16, 2.19030741916263E-17 ) );
#7927 = DIRECTION( '', ( -2.19030741916263E-17, -2.19030741916264E-17, 1.00000000000000 ) );
#7928 = DIRECTION( '', ( -2.19030741916263E-17, -2.19030741916264E-17, 1.00000000000000 ) );
#7929 = DIRECTION( '', ( -2.19030741916263E-17, -2.19030741916264E-17, 1.00000000000000 ) );
#7930 = DIRECTION( '', ( 1.00000000000000, 0.000000000000000, 1.92747052886313E-16 ) );
#7931 = CARTESIAN_POINT( '', ( -2.25000000000000, -0.450000000000000, -0.400000000000000 ) );
#7932 = DIRECTION( '', ( 0.000000000000000, -1.00000000000000, 0.000000000000000 ) );
#7933 = DIRECTION( '', ( 0.000000000000000, 0.000000000000000, -1.00000000000000 ) );
#7934 = DIRECTION( '', ( -4.17000835571349E-16, 0.000000000000000, 1.00000000000000 ) );
#7935 = DIRECTION( '', ( -1.00000000000000, 0.000000000000000, -1.08420217248550E-16 ) );
#7936 = DIRECTION( '', ( -4.17000835571349E-16, 0.000000000000000, 1.00000000000000 ) );
#7937 = CARTESIAN_POINT( '', ( -2.25000000000000, -0.450000000000000, -0.400000000000000 ) );
#7938 = DIRECTION( '', ( 0.000000000000000, -1.00000000000000, 0.000000000000000 ) );
#7939 = DIRECTION( '', ( 0.000000000000000, 0.000000000000000, -1.00000000000000 ) );
#7940 = DIRECTION( '', ( 1.00000000000000, 0.000000000000000, 1.92747052886313E-16 ) );
#7941 = DIRECTION( '', ( 1.15833565436485E-16, 0.000000000000000, 1.00000000000000 ) );
#7942 = CARTESIAN_POINT( '', ( -2.40047491893047E-17, 0.000000000000000, 0.240000000000000 ) );
#7943 = DIRECTION( '', ( -1.00389090044955E-16, 0.000000000000000, 1.00000000000000 ) );
#7944 = DIRECTION( '', ( 1.00000000000000, 0.000000000000000, 1.00389090044955E-16 ) );
#7945 = CARTESIAN_POINT( '', ( 2.05000000000000, -1.25526296912605E-16, 0.240000000000000 ) );
#7946 = DIRECTION( '', ( -1.00019788288769E-16, 0.000000000000000, 1.00000000000000 ) );
#7947 = DIRECTION( '', ( 1.00000000000000, 0.000000000000000, 1.00019788288769E-16 ) );
#7948 = CARTESIAN_POINT( '', ( -2.40047491893047E-17, 0.000000000000000, 0.240000000000000 ) );
#7949 = DIRECTION( '', ( -1.00019788288769E-16, 0.000000000000000, 1.00000000000000 ) );
#7950 = DIRECTION( '', ( 1.00000000000000, 0.000000000000000, 1.00019788288769E-16 ) );
#7951 = CARTESIAN_POINT( '', ( -2.05000000000000, -1.25526296912605E-16, 0.240000000000000 ) );
#7952 = DIRECTION( '', ( -1.00019788288769E-16, 0.000000000000000, 1.00000000000000 ) );
#7953 = DIRECTION( '', ( 1.00000000000000, 0.000000000000000, 1.00019788288769E-16 ) );
#7954 = CARTESIAN_POINT( '', ( -2.40047491893047E-17, 0.000000000000000, 0.240000000000000 ) );
#7955 = DIRECTION( '', ( -1.00389090044955E-16, 0.000000000000000, 1.00000000000000 ) );
#7956 = DIRECTION( '', ( 1.00000000000000, 0.000000000000000, 1.00389090044955E-16 ) );
#7957 = CARTESIAN_POINT( '', ( 2.05000000000000, -1.25526296912605E-16, 0.240000000000000 ) );
#7958 = DIRECTION( '', ( -1.00019788288769E-16, 0.000000000000000, 1.00000000000000 ) );
#7959 = DIRECTION( '', ( 1.00000000000000, 0.000000000000000, 1.00019788288769E-16 ) );
#7960 = CARTESIAN_POINT( '', ( -2.40047491893047E-17, 0.000000000000000, 0.240000000000000 ) );
#7961 = DIRECTION( '', ( -1.00389090044955E-16, 0.000000000000000, 1.00000000000000 ) );
#7962 = DIRECTION( '', ( 1.00000000000000, 0.000000000000000, 1.00389090044955E-16 ) );
#7963 = CARTESIAN_POINT( '', ( -2.05000000000000, -1.25526296912605E-16, 0.240000000000000 ) );
#7964 = DIRECTION( '', ( -1.00019788288769E-16, 0.000000000000000, 1.00000000000000 ) );
#7965 = DIRECTION( '', ( 1.00000000000000, 0.000000000000000, 1.00019788288769E-16 ) );
#7966 = CARTESIAN_POINT( '', ( -2.40047491893047E-17, 0.000000000000000, 0.240000000000000 ) );
#7967 = DIRECTION( '', ( -1.00019788288769E-16, 0.000000000000000, 1.00000000000000 ) );
#7968 = DIRECTION( '', ( 1.00000000000000, 0.000000000000000, 1.00019788288769E-16 ) );
#7969 = CARTESIAN_POINT( '', ( 1.33272752166440E-15, -1.65000000000000, 0.000000000000000 ) );
#7970 = DIRECTION( '', ( 0.000000000000000, 0.000000000000000, 1.00000000000000 ) );
#7971 = DIRECTION( '', ( 1.00000000000000, 0.000000000000000, 0.000000000000000 ) );
#7972 = DIRECTION( '', ( 0.000000000000000, 0.000000000000000, -1.00000000000000 ) );
#7973 = CARTESIAN_POINT( '', ( 1.33272752166440E-15, -1.65000000000000, 0.300000000000000 ) );
#7974 = DIRECTION( '', ( 0.000000000000000, 0.000000000000000, 1.00000000000000 ) );
#7975 = DIRECTION( '', ( 1.00000000000000, 0.000000000000000, 0.000000000000000 ) );
#7976 = DIRECTION( '', ( 0.000000000000000, 0.000000000000000, -1.00000000000000 ) );
#7977 = DIRECTION( '', ( 0.509202702893942, 0.860646621654616, 3.00039113869363E-17 ) );
#7978 = DIRECTION( '', ( -2.19030741916263E-17, -2.19030741916264E-17, 1.00000000000000 ) );
#7979 = DIRECTION( '', ( 0.509202702893942, 0.860646621654616, 3.00039113869363E-17 ) );
#7980 = DIRECTION( '', ( -2.19030741916263E-17, -2.19030741916264E-17, 1.00000000000000 ) );
#7981 = DIRECTION( '', ( -0.141458864167963, 0.989944134660290, 1.85844358300956E-17 ) );
#7982 = DIRECTION( '', ( -2.19030741916263E-17, -2.19030741916264E-17, 1.00000000000000 ) );
#7983 = DIRECTION( '', ( -0.141458864167963, 0.989944134660290, 1.85844358300956E-17 ) );
#7984 = DIRECTION( '', ( -2.19030741916263E-17, -2.19030741916264E-17, 1.00000000000000 ) );
#7985 = DIRECTION( '', ( -2.19030741916263E-17, -2.19030741916264E-17, 1.00000000000000 ) );
#7986 = DIRECTION( '', ( -2.19030741916263E-17, -2.19030741916264E-17, 1.00000000000000 ) );
#7987 = DIRECTION( '', ( -2.19030741916263E-17, -2.19030741916264E-17, 1.00000000000000 ) );
#7988 = DIRECTION( '', ( 0.170573603889969, -0.985344937398061, -1.78459969670380E-17 ) );
#7989 = DIRECTION( '', ( -2.19030741916263E-17, -2.19030741916264E-17, 1.00000000000000 ) );
#7990 = DIRECTION( '', ( 0.170573603889969, -0.985344937398061, -1.78459969670380E-17 ) );
#7991 = DIRECTION( '', ( -2.19030741916263E-17, -2.19030741916264E-17, 1.00000000000000 ) );
#7992 = CARTESIAN_POINT( '', ( -1.22067982074913E-16, 0.000000000000000, 2.78654907085099 ) );
#7993 = DIRECTION( '', ( -4.38061483832527E-17, 0.000000000000000, 1.00000000000000 ) );
#7994 = DIRECTION( '', ( 1.00000000000000, 0.000000000000000, 4.38061483832527E-17 ) );
#7995 = CARTESIAN_POINT( '', ( -1.32544888965327E-16, 0.000000000000000, 3.02571428571428 ) );
#7996 = DIRECTION( '', ( -4.38061483832527E-17, 0.000000000000000, 1.00000000000000 ) );
#7997 = DIRECTION( '', ( 1.00000000000000, 0.000000000000000, 4.38061483832527E-17 ) );
#7998 = DIRECTION( '', ( -2.19030741916263E-17, -2.19030741916264E-17, 1.00000000000000 ) );
#7999 = DIRECTION( '', ( -2.19030741916263E-17, -2.19030741916264E-17, 1.00000000000000 ) );
#8000 = DIRECTION( '', ( -0.551256329818761, -0.834335938836839, -3.03487302597074E-17 ) );
#8001 = DIRECTION( '', ( -0.551256329818761, -0.834335938836839, -3.03487302597074E-17 ) );
#8002 = DIRECTION( '', ( -2.19030741916263E-17, -2.19030741916264E-17, 1.00000000000000 ) );
#8003 = DIRECTION( '', ( -1.00000000000000, -1.22124532708767E-15, -2.19030741916264E-17 ) );
#8004 = DIRECTION( '', ( -1.00000000000000, -1.22124532708767E-15, -2.19030741916264E-17 ) );
#8005 = DIRECTION( '', ( -2.19030741916263E-17, -2.19030741916264E-17, 1.00000000000000 ) );
#8006 = DIRECTION( '', ( -2.19030741916263E-17, -2.19030741916264E-17, 1.00000000000000 ) );
#8007 = DIRECTION( '', ( -2.19030741916263E-17, -2.19030741916264E-17, 1.00000000000000 ) );
#8008 = CARTESIAN_POINT( '', ( -1.40027703604277E-17, 0.000000000000000, 0.140000000000000 ) );
#8009 = DIRECTION( '', ( -1.00389090044955E-16, 0.000000000000000, 1.00000000000000 ) );
#8010 = DIRECTION( '', ( 1.00000000000000, 0.000000000000000, 1.00389090044955E-16 ) );
#8011 = CARTESIAN_POINT( '', ( -1.40027703604277E-17, 0.000000000000000, 0.140000000000000 ) );
#8012 = DIRECTION( '', ( -1.00389090044955E-16, 0.000000000000000, 1.00000000000000 ) );
#8013 = DIRECTION( '', ( 1.00000000000000, 0.000000000000000, 1.00389090044955E-16 ) );
#8014 = CARTESIAN_POINT( '', ( -2.40047491893047E-17, 0.000000000000000, 0.240000000000000 ) );
#8015 = DIRECTION( '', ( -1.00019788288769E-16, 0.000000000000000, 1.00000000000000 ) );
#8016 = DIRECTION( '', ( 1.00000000000000, 0.000000000000000, 1.00019788288769E-16 ) );
#8017 = CARTESIAN_POINT( '', ( -3.35000000000000, 3.35000000000000, 1.60000000000000 ) );
#8018 = DIRECTION( '', ( 0.000000000000000, 0.000000000000000, 1.00000000000000 ) );
#8019 = DIRECTION( '', ( 1.00000000000000, 0.000000000000000, 0.000000000000000 ) );
#8020 = DIRECTION( '', ( 0.000000000000000, 0.000000000000000, -1.00000000000000 ) );
#8021 = CARTESIAN_POINT( '', ( -3.35000000000000, 3.35000000000000, 0.000000000000000 ) );
#8022 = DIRECTION( '', ( 0.000000000000000, 0.000000000000000, -1.00000000000000 ) );
#8023 = DIRECTION( '', ( -1.00000000000000, 0.000000000000000, 0.000000000000000 ) );
#8024 = DIRECTION( '', ( 0.000000000000000, 0.000000000000000, -1.00000000000000 ) );
#8025 = CARTESIAN_POINT( '', ( 1.33272752166440E-15, -1.65000000000000, 0.300000000000000 ) );
#8026 = DIRECTION( '', ( 0.000000000000000, 0.000000000000000, 1.00000000000000 ) );
#8027 = DIRECTION( '', ( 1.00000000000000, 0.000000000000000, 0.000000000000000 ) );
#8028 = CARTESIAN_POINT( '', ( 1.33272752166440E-15, -1.65000000000000, 0.600000000000000 ) );
#8029 = DIRECTION( '', ( 0.000000000000000, 0.000000000000000, 1.00000000000000 ) );
#8030 = DIRECTION( '', ( 1.00000000000000, 0.000000000000000, 0.000000000000000 ) );
#8031 = CARTESIAN_POINT( '', ( 2.47597961720924E-32, 0.000000000000000, -2.47548976014705E-16 ) );
#8032 = DIRECTION( '', ( -1.00019788288769E-16, 0.000000000000000, 1.00000000000000 ) );
#8033 = DIRECTION( '', ( 1.00000000000000, 0.000000000000000, 1.00019788288769E-16 ) );
#8034 = CARTESIAN_POINT( '', ( -3.91204519953658E-32, 0.000000000000000, 3.79470760369927E-16 ) );
#8035 = DIRECTION( '', ( -4.38061483832527E-17, 0.000000000000000, 1.00000000000000 ) );
#8036 = DIRECTION( '', ( 1.00000000000000, 0.000000000000000, 4.38061483832527E-17 ) );
#8037 = DIRECTION( '', ( 0.000000000000000, -1.00000000000000, 0.000000000000000 ) );
#8038 = DIRECTION( '', ( -4.38061483832527E-17, 0.000000000000000, 1.00000000000000 ) );
#8039 = DIRECTION( '', ( 0.000000000000000, -1.00000000000000, 0.000000000000000 ) );
#8040 = DIRECTION( '', ( -4.38061483832527E-17, 0.000000000000000, 1.00000000000000 ) );
#8041 = DIRECTION( '', ( 0.000000000000000, -1.00000000000000, 0.000000000000000 ) );
#8042 = DIRECTION( '', ( 0.000000000000000, -1.00000000000000, 0.000000000000000 ) );
#8043 = DIRECTION( '', ( -4.17000835571349E-16, 0.000000000000000, 1.00000000000000 ) );
#8044 = CARTESIAN_POINT( '', ( -2.65000000000000, -2.65000000000000, -0.0500000000000000 ) );
#8045 = DIRECTION( '', ( 0.000000000000000, 0.000000000000000, 1.00000000000000 ) );
#8046 = DIRECTION( '', ( 1.00000000000000, 0.000000000000000, 0.000000000000000 ) );
#8047 = DIRECTION( '', ( 0.0472575567111555, -0.998882737529131, -2.08435169380759E-17 ) );
#8048 = DIRECTION( '', ( -2.19030741916263E-17, -2.19030741916264E-17, 1.00000000000000 ) );
#8049 = DIRECTION( '', ( 0.0472575567111555, -0.998882737529131, -2.08435169380759E-17 ) );
#8050 = DIRECTION( '', ( -2.19030741916263E-17, -2.19030741916264E-17, 1.00000000000000 ) );
#8051 = DIRECTION( '', ( 8.67361737988404E-17, -1.00000000000000, 0.000000000000000 ) );
#8052 = DIRECTION( '', ( -1.73472347597680E-16, 1.00000000000000, 0.000000000000000 ) );
#8053 = DIRECTION( '', ( 1.00000000000000, 0.000000000000000, 0.000000000000000 ) );
#8054 = DIRECTION( '', ( -2.19030741916263E-17, -2.19030741916264E-17, 1.00000000000000 ) );
#8055 = DIRECTION( '', ( -2.19030741916263E-17, -2.19030741916264E-17, 1.00000000000000 ) );
#8056 = DIRECTION( '', ( -0.505523561430525, -0.862812800576462, -2.99707728561391E-17 ) );
#8057 = DIRECTION( '', ( -2.19030741916263E-17, -2.19030741916264E-17, 1.00000000000000 ) );
#8058 = DIRECTION( '', ( -0.505523561430525, -0.862812800576462, -2.99707728561391E-17 ) );
#8059 = DIRECTION( '', ( -2.19030741916263E-17, -2.19030741916264E-17, 1.00000000000000 ) );
#8060 = DIRECTION( '', ( -2.19030741916263E-17, -2.19030741916264E-17, 1.00000000000000 ) );
#8061 = DIRECTION( '', ( -2.19030741916263E-17, -2.19030741916264E-17, 1.00000000000000 ) );
#8062 = DIRECTION( '', ( -9.37645413120455E-16, 1.00000000000000, 0.000000000000000 ) );
#8063 = DIRECTION( '', ( 0.000000000000000, 0.000000000000000, -1.00000000000000 ) );
#8064 = DIRECTION( '', ( -9.37645413120455E-16, 1.00000000000000, 0.000000000000000 ) );
#8065 = DIRECTION( '', ( 0.000000000000000, 0.000000000000000, -1.00000000000000 ) );
#8066 = DIRECTION( '', ( -1.00000000000000, 0.000000000000000, 0.000000000000000 ) );
#8067 = DIRECTION( '', ( 0.000000000000000, 0.000000000000000, -1.00000000000000 ) );
#8068 = DIRECTION( '', ( 0.000000000000000, 0.000000000000000, -1.00000000000000 ) );
#8069 = DIRECTION( '', ( -1.00000000000000, 0.000000000000000, 0.000000000000000 ) );
#8070 = DIRECTION( '', ( 0.000000000000000, 0.000000000000000, -1.00000000000000 ) );
#8071 = DIRECTION( '', ( -1.00000000000000, 0.000000000000000, 0.000000000000000 ) );
#8072 = DIRECTION( '', ( -1.00000000000000, 0.000000000000000, 0.000000000000000 ) );
#8073 = DIRECTION( '', ( 0.000000000000000, 0.000000000000000, -1.00000000000000 ) );
#8074 = DIRECTION( '', ( -1.00000000000000, 0.000000000000000, 0.000000000000000 ) );
#8075 = DIRECTION( '', ( 0.000000000000000, 0.000000000000000, -1.00000000000000 ) );
#8076 = DIRECTION( '', ( -2.19030741916263E-17, -2.19030741916264E-17, 1.00000000000000 ) );
#8077 = DIRECTION( '', ( -2.19030741916263E-17, -2.19030741916264E-17, 1.00000000000000 ) );
#8078 = DIRECTION( '', ( -2.19030741916263E-17, -2.19030741916264E-17, 1.00000000000000 ) );
#8079 = DIRECTION( '', ( -2.19030741916263E-17, -2.19030741916264E-17, 1.00000000000000 ) );
#8080 = DIRECTION( '', ( -2.19030741916263E-17, -2.19030741916264E-17, 1.00000000000000 ) );
#8081 = DIRECTION( '', ( 0.000000000000000, -1.00000000000000, 0.000000000000000 ) );
#8082 = CARTESIAN_POINT( '', ( -2.25000000000000, 0.450000000000000, -0.400000000000000 ) );
#8083 = DIRECTION( '', ( 0.000000000000000, -1.00000000000000, -0.000000000000000 ) );
#8084 = DIRECTION( '', ( -1.23908819712629E-15, 0.000000000000000, -1.00000000000000 ) );
#8085 = DIRECTION( '', ( -2.19030741916263E-17, -2.19030741916264E-17, 1.00000000000000 ) );
#8086 = DIRECTION( '', ( 1.00000000000000, 0.000000000000000, 0.000000000000000 ) );
#8087 = CARTESIAN_POINT( '', ( 3.35000000000000, 3.35000000000000, 0.000000000000000 ) );
#8088 = DIRECTION( '', ( 0.000000000000000, 0.000000000000000, -1.00000000000000 ) );
#8089 = DIRECTION( '', ( -1.00000000000000, 0.000000000000000, 0.000000000000000 ) );
#8090 = DIRECTION( '', ( 0.000000000000000, -1.00000000000000, 0.000000000000000 ) );
#8091 = DIRECTION( '', ( -0.707106781186548, -0.707106781186548, 0.000000000000000 ) );
#8092 = DIRECTION( '', ( -1.73472347597680E-16, 1.00000000000000, 0.000000000000000 ) );
#8093 = DIRECTION( '', ( 8.67361737988404E-17, -1.00000000000000, 0.000000000000000 ) );
#8094 = DIRECTION( '', ( -0.707106781186548, 0.707106781186548, 0.000000000000000 ) );
#8095 = DIRECTION( '', ( 0.000000000000000, 1.00000000000000, 0.000000000000000 ) );
#8096 = DIRECTION( '', ( 1.00000000000000, 0.000000000000000, 0.000000000000000 ) );
#8097 = DIRECTION( '', ( 8.67361737988404E-17, 1.00000000000000, 0.000000000000000 ) );
#8098 = CARTESIAN_POINT( '', ( 1.33272752166440E-15, 1.65000000000000, 0.000000000000000 ) );
#8099 = DIRECTION( '', ( 0.000000000000000, 0.000000000000000, -1.00000000000000 ) );
#8100 = DIRECTION( '', ( 1.00000000000000, 0.000000000000000, 0.000000000000000 ) );
#8101 = DIRECTION( '', ( -1.73472347597680E-16, -1.00000000000000, 0.000000000000000 ) );
#8102 = CARTESIAN_POINT( '', ( 2.65000000000000, -2.65000000000000, 0.000000000000000 ) );
#8103 = DIRECTION( '', ( 0.000000000000000, 0.000000000000000, -1.00000000000000 ) );
#8104 = DIRECTION( '', ( 1.00000000000000, 0.000000000000000, 0.000000000000000 ) );
#8105 = CARTESIAN_POINT( '', ( -2.65000000000000, 2.65000000000000, 0.000000000000000 ) );
#8106 = DIRECTION( '', ( 0.000000000000000, 0.000000000000000, -1.00000000000000 ) );
#8107 = DIRECTION( '', ( 1.00000000000000, 0.000000000000000, 0.000000000000000 ) );
#8108 = CARTESIAN_POINT( '', ( -2.65000000000000, -2.65000000000000, 0.000000000000000 ) );
#8109 = DIRECTION( '', ( 0.000000000000000, 0.000000000000000, -1.00000000000000 ) );
#8110 = DIRECTION( '', ( -1.00000000000000, 0.000000000000000, 0.000000000000000 ) );
#8111 = CARTESIAN_POINT( '', ( 2.65000000000000, 2.65000000000000, 0.000000000000000 ) );
#8112 = DIRECTION( '', ( 0.000000000000000, 0.000000000000000, -1.00000000000000 ) );
#8113 = DIRECTION( '', ( -1.00000000000000, 0.000000000000000, 0.000000000000000 ) );
#8114 = CARTESIAN_POINT( '', ( 0.000000000000000, 0.000000000000000, 0.600000000000000 ) );
#8115 = DIRECTION( '', ( 0.000000000000000, 0.000000000000000, -1.00000000000000 ) );
#8116 = DIRECTION( '', ( -1.00000000000000, 0.000000000000000, 0.000000000000000 ) );
#8117 = CARTESIAN_POINT( '', ( 0.000000000000000, 0.000000000000000, 1.00000000000000 ) );
#8118 = DIRECTION( '', ( 0.000000000000000, 0.000000000000000, 1.00000000000000 ) );
#8119 = DIRECTION( '', ( 1.00000000000000, 0.000000000000000, 0.000000000000000 ) );
#8120 = DIRECTION( '', ( 0.000000000000000, 0.000000000000000, -1.00000000000000 ) );
#8121 = CARTESIAN_POINT( '', ( -9.43364130277450E-16, 0.000000000000000, 10.9500000000000 ) );
#8122 = DIRECTION( '', ( 0.000000000000000, 0.000000000000000, -1.00000000000000 ) );
#8123 = DIRECTION( '', ( 1.00000000000000, 0.000000000000000, 0.000000000000000 ) );
#8124 = CARTESIAN_POINT( '', ( -9.42926068793617E-16, 0.000000000000000, 10.9400000000000 ) );
#8125 = DIRECTION( '', ( 0.000000000000000, 0.000000000000000, -1.00000000000000 ) );
#8126 = DIRECTION( '', ( 1.00000000000000, 0.000000000000000, 0.000000000000000 ) );
#8127 = CARTESIAN_POINT( '', ( -1.40027703604277E-17, 0.000000000000000, 0.140000000000000 ) );
#8128 = DIRECTION( '', ( -1.00389090044955E-16, 0.000000000000000, 1.00000000000000 ) );
#8129 = DIRECTION( '', ( 1.00000000000000, 0.000000000000000, 1.00389090044955E-16 ) );
#8130 = CARTESIAN_POINT( '', ( -2.40047491893047E-17, 0.000000000000000, 0.240000000000000 ) );
#8131 = DIRECTION( '', ( -1.00389090044955E-16, 0.000000000000000, 1.00000000000000 ) );
#8132 = DIRECTION( '', ( 1.00000000000000, 0.000000000000000, 1.00389090044955E-16 ) );
#8133 = DIRECTION( '', ( 1.00389090044955E-16, 0.000000000000000, -1.00000000000000 ) );
#8134 = CARTESIAN_POINT( '', ( 2.05000000000000, -1.25526296912605E-16, 0.240000000000000 ) );
#8135 = DIRECTION( '', ( -1.00019788288769E-16, 0.000000000000000, 1.00000000000000 ) );
#8136 = DIRECTION( '', ( 1.00000000000000, 0.000000000000000, 1.00019788288769E-16 ) );
#8137 = DIRECTION( '', ( 1.00389090044955E-16, 0.000000000000000, -1.00000000000000 ) );
#8138 = CARTESIAN_POINT( '', ( 2.05000000000000, -1.25526296912605E-16, 0.140000000000000 ) );
#8139 = DIRECTION( '', ( 1.00637577891602E-16, 0.000000000000000, -1.00000000000000 ) );
#8140 = DIRECTION( '', ( 1.00000000000000, 0.000000000000000, 1.00637577891602E-16 ) );
#8141 = DIRECTION( '', ( 1.00389090044955E-16, 0.000000000000000, -1.00000000000000 ) );
#8142 = DIRECTION( '', ( 1.00389090044955E-16, 0.000000000000000, -1.00000000000000 ) );
#8143 = CARTESIAN_POINT( '', ( 2.05000000000000, -1.25526296912605E-16, 0.140000000000000 ) );
#8144 = DIRECTION( '', ( 1.00637577891602E-16, 0.000000000000000, -1.00000000000000 ) );
#8145 = DIRECTION( '', ( 1.00000000000000, 0.000000000000000, 1.00637577891602E-16 ) );
#8146 = DIRECTION( '', ( 1.00389090044955E-16, 0.000000000000000, -1.00000000000000 ) );
#8147 = DIRECTION( '', ( 1.00389090044955E-16, 0.000000000000000, -1.00000000000000 ) );
#8148 = CARTESIAN_POINT( '', ( 2.05000000000000, -1.25526296912605E-16, 0.140000000000000 ) );
#8149 = DIRECTION( '', ( 1.00637577891602E-16, 0.000000000000000, -1.00000000000000 ) );
#8150 = DIRECTION( '', ( 1.00000000000000, 0.000000000000000, 1.00637577891602E-16 ) );
#8151 = DIRECTION( '', ( 1.00389090044955E-16, 0.000000000000000, -1.00000000000000 ) );
#8152 = CARTESIAN_POINT( '', ( 2.05000000000000, -1.25526296912605E-16, 0.240000000000000 ) );
#8153 = DIRECTION( '', ( -1.00019788288769E-16, 0.000000000000000, 1.00000000000000 ) );
#8154 = DIRECTION( '', ( 1.00000000000000, 0.000000000000000, 1.00019788288769E-16 ) );
#8155 = DIRECTION( '', ( 1.00389090044955E-16, 0.000000000000000, -1.00000000000000 ) );
#8156 = CARTESIAN_POINT( '', ( 2.05000000000000, -1.25526296912605E-16, 0.140000000000000 ) );
#8157 = DIRECTION( '', ( 1.00637577891602E-16, 0.000000000000000, -1.00000000000000 ) );
#8158 = DIRECTION( '', ( 1.00000000000000, 0.000000000000000, 1.00637577891602E-16 ) );
#8159 = CARTESIAN_POINT( '', ( 2.05000000000000, -1.25526296912605E-16, 0.640000000000000 ) );
#8160 = DIRECTION( '', ( 1.00637577891602E-16, 0.000000000000000, -1.00000000000000 ) );
#8161 = DIRECTION( '', ( 1.00000000000000, 0.000000000000000, 1.00637577891602E-16 ) );
#8162 = DIRECTION( '', ( 0.000000000000000, 1.00000000000000, 0.000000000000000 ) );
#8163 = CARTESIAN_POINT( '', ( -2.25000000000000, 0.450000000000000, -0.400000000000000 ) );
#8164 = DIRECTION( '', ( 0.000000000000000, -1.00000000000000, 0.000000000000000 ) );
#8165 = DIRECTION( '', ( 0.000000000000000, 0.000000000000000, -1.00000000000000 ) );
#8166 = DIRECTION( '', ( 0.000000000000000, 1.00000000000000, 0.000000000000000 ) );
#8167 = DIRECTION( '', ( -2.19030741916263E-17, -2.19030741916264E-17, 1.00000000000000 ) );
#8168 = DIRECTION( '', ( -2.19030741916263E-17, -2.19030741916264E-17, 1.00000000000000 ) );
#8169 = CARTESIAN_POINT( '', ( -1.40027703604277E-17, 0.000000000000000, 0.140000000000000 ) );
#8170 = DIRECTION( '', ( -1.00389090044955E-16, 0.000000000000000, 1.00000000000000 ) );
#8171 = DIRECTION( '', ( 1.00000000000000, 0.000000000000000, 1.00389090044955E-16 ) );
#8172 = CARTESIAN_POINT( '', ( -2.40047491893047E-17, 0.000000000000000, 0.240000000000000 ) );
#8173 = DIRECTION( '', ( -1.00019788288769E-16, 0.000000000000000, 1.00000000000000 ) );
#8174 = DIRECTION( '', ( 1.00000000000000, 0.000000000000000, 1.00019788288769E-16 ) );
#8175 = CARTESIAN_POINT( '', ( -2.40047491893047E-17, 0.000000000000000, 0.240000000000000 ) );
#8176 = DIRECTION( '', ( -1.00389090044955E-16, 0.000000000000000, 1.00000000000000 ) );
#8177 = DIRECTION( '', ( 1.00000000000000, 0.000000000000000, 1.00389090044955E-16 ) );
#8178 = CARTESIAN_POINT( '', ( -2.05000000000000, -1.25526296912605E-16, 0.240000000000000 ) );
#8179 = DIRECTION( '', ( -1.00019788288769E-16, 0.000000000000000, 1.00000000000000 ) );
#8180 = DIRECTION( '', ( 1.00000000000000, 0.000000000000000, 1.00019788288769E-16 ) );
#8181 = DIRECTION( '', ( -0.707106781186548, 0.707106781186548, 0.000000000000000 ) );
#8182 = DIRECTION( '', ( 0.000000000000000, 0.000000000000000, -1.00000000000000 ) );
#8183 = DIRECTION( '', ( -9.37645413120455E-16, -1.00000000000000, 0.000000000000000 ) );
#8184 = DIRECTION( '', ( 0.000000000000000, 0.000000000000000, -1.00000000000000 ) );
#8185 = DIRECTION( '', ( -9.37645413120455E-16, -1.00000000000000, 0.000000000000000 ) );
#8186 = DIRECTION( '', ( -2.19030741916263E-17, -2.19030741916264E-17, 1.00000000000000 ) );
#8187 = DIRECTION( '', ( -2.19030741916263E-17, -2.19030741916264E-17, 1.00000000000000 ) );
#8188 = CARTESIAN_POINT( '', ( -2.65000000000000, 2.65000000000000, -0.0500000000000000 ) );
#8189 = DIRECTION( '', ( 0.000000000000000, 0.000000000000000, -1.00000000000000 ) );
#8190 = DIRECTION( '', ( 1.00000000000000, 0.000000000000000, 0.000000000000000 ) );
#8191 = DIRECTION( '', ( -1.00000000000000, -1.22124532708767E-15, -2.19030741916264E-17 ) );
#8192 = DIRECTION( '', ( -1.00000000000000, -1.22124532708767E-15, -2.19030741916264E-17 ) );
#8193 = DIRECTION( '', ( -2.19030741916263E-17, -2.19030741916264E-17, 1.00000000000000 ) );
#8194 = DIRECTION( '', ( 0.000000000000000, -1.00000000000000, 0.000000000000000 ) );
#8195 = DIRECTION( '', ( 1.00000000000000, 0.000000000000000, 1.92747052886313E-16 ) );
#8196 = CARTESIAN_POINT( '', ( -1.40027703604277E-17, 0.000000000000000, 0.140000000000000 ) );
#8197 = DIRECTION( '', ( -1.00389090044955E-16, 0.000000000000000, 1.00000000000000 ) );
#8198 = DIRECTION( '', ( 1.00000000000000, 0.000000000000000, 1.00389090044955E-16 ) );
#8199 = CARTESIAN_POINT( '', ( -1.40027703604277E-17, 0.000000000000000, 0.140000000000000 ) );
#8200 = DIRECTION( '', ( -1.00389090044955E-16, 0.000000000000000, 1.00000000000000 ) );
#8201 = DIRECTION( '', ( 1.00000000000000, 0.000000000000000, 1.00389090044955E-16 ) );
#8202 = CARTESIAN_POINT( '', ( -2.05000000000000, -1.25526296912605E-16, 0.140000000000000 ) );
#8203 = DIRECTION( '', ( -1.00637577891602E-16, 0.000000000000000, 1.00000000000000 ) );
#8204 = DIRECTION( '', ( 1.00000000000000, 0.000000000000000, 1.00637577891602E-16 ) );
#8205 = DIRECTION( '', ( -0.0520731194826541, 0.998643274761987, 2.07327963386625E-17 ) );
#8206 = DIRECTION( '', ( -0.0520731194826541, 0.998643274761987, 2.07327963386625E-17 ) );
#8207 = DIRECTION( '', ( -2.19030741916263E-17, -2.19030741916264E-17, 1.00000000000000 ) );
#8208 = CARTESIAN_POINT( '', ( -2.40047491893047E-17, 0.000000000000000, 0.240000000000000 ) );
#8209 = DIRECTION( '', ( -1.00389090044955E-16, 0.000000000000000, 1.00000000000000 ) );
#8210 = DIRECTION( '', ( 1.00000000000000, 0.000000000000000, 1.00389090044955E-16 ) );
#8211 = CARTESIAN_POINT( '', ( -2.40047491893047E-17, 0.000000000000000, 0.240000000000000 ) );
#8212 = DIRECTION( '', ( -1.00019788288769E-16, 0.000000000000000, 1.00000000000000 ) );
#8213 = DIRECTION( '', ( 1.00000000000000, 0.000000000000000, 1.00019788288769E-16 ) );
#8214 = DIRECTION( '', ( 0.000000000000000, 1.00000000000000, 0.000000000000000 ) );
#8215 = DIRECTION( '', ( -4.17000835571349E-16, 0.000000000000000, 1.00000000000000 ) );
#8216 = DIRECTION( '', ( -2.19030741916263E-17, -2.19030741916264E-17, 1.00000000000000 ) );
#8217 = DIRECTION( '', ( -2.19030741916263E-17, -2.19030741916264E-17, 1.00000000000000 ) );
#8218 = DIRECTION( '', ( 0.519661496168014, 0.854372242878022, 3.00955629281230E-17 ) );
#8219 = DIRECTION( '', ( 0.519661496168014, 0.854372242878022, 3.00955629281230E-17 ) );
#8220 = DIRECTION( '', ( -2.19030741916263E-17, -2.19030741916264E-17, 1.00000000000000 ) );
#8221 = DIRECTION( '', ( 0.000000000000000, 1.00000000000000, 0.000000000000000 ) );
#8222 = DIRECTION( '', ( -1.15833565436485E-16, 0.000000000000000, -1.00000000000000 ) );
#8223 = DIRECTION( '', ( -2.19030741916263E-17, -2.19030741916264E-17, 1.00000000000000 ) );
#8224 = DIRECTION( '', ( -2.19030741916263E-17, -2.19030741916264E-17, 1.00000000000000 ) );
#8225 = DIRECTION( '', ( 0.000000000000000, 1.00000000000000, 0.000000000000000 ) );
#8226 = DIRECTION( '', ( 0.000000000000000, 1.00000000000000, 0.000000000000000 ) );
#8227 = DIRECTION( '', ( 0.000000000000000, 0.000000000000000, -1.00000000000000 ) );
#8228 = DIRECTION( '', ( 0.000000000000000, 1.00000000000000, 0.000000000000000 ) );
#8229 = DIRECTION( '', ( 0.000000000000000, 0.000000000000000, -1.00000000000000 ) );
#8230 = DIRECTION( '', ( -2.19030741916263E-17, -2.19030741916264E-17, 1.00000000000000 ) );
#8231 = DIRECTION( '', ( 1.00000000000000, 0.000000000000000, 1.92747052886313E-16 ) );
#8232 = DIRECTION( '', ( 0.000000000000000, 1.00000000000000, 0.000000000000000 ) );
#8233 = DIRECTION( '', ( -4.17000835571349E-16, 0.000000000000000, -1.00000000000000 ) );
#8234 = DIRECTION( '', ( 0.000000000000000, 1.00000000000000, 0.000000000000000 ) );
#8235 = DIRECTION( '', ( -4.17000835571349E-16, 0.000000000000000, -1.00000000000000 ) );
#8236 = DIRECTION( '', ( 0.000000000000000, 1.00000000000000, 0.000000000000000 ) );
#8237 = CARTESIAN_POINT( '', ( 2.25000000000000, -0.450000000000000, -0.400000000000000 ) );
#8238 = DIRECTION( '', ( 0.000000000000000, -1.00000000000000, -0.000000000000000 ) );
#8239 = DIRECTION( '', ( -1.00000000000000, 0.000000000000000, -2.78794844353417E-15 ) );
#8240 = CARTESIAN_POINT( '', ( 2.25000000000000, 0.450000000000000, -0.400000000000000 ) );
#8241 = DIRECTION( '', ( 0.000000000000000, -1.00000000000000, -0.000000000000000 ) );
#8242 = DIRECTION( '', ( -1.00000000000000, 0.000000000000000, -2.47817639425259E-15 ) );
#8243 = DIRECTION( '', ( -2.19030741916263E-17, -2.19030741916264E-17, 1.00000000000000 ) );
#8244 = DIRECTION( '', ( -2.19030741916263E-17, -2.19030741916264E-17, 1.00000000000000 ) );
#8245 = DIRECTION( '', ( 1.00000000000000, -1.87529082624092E-15, 0.000000000000000 ) );
#8246 = DIRECTION( '', ( 0.000000000000000, -1.00000000000000, 0.000000000000000 ) );
#8247 = DIRECTION( '', ( -1.00000000000000, 0.000000000000000, 0.000000000000000 ) );
#8248 = CARTESIAN_POINT( '', ( 0.000000000000000, 0.000000000000000, 0.600000000000000 ) );
#8249 = DIRECTION( '', ( 0.000000000000000, 0.000000000000000, -1.00000000000000 ) );
#8250 = DIRECTION( '', ( -1.00000000000000, 0.000000000000000, 0.000000000000000 ) );
#8251 = DIRECTION( '', ( 4.68822706560228E-16, 1.00000000000000, 0.000000000000000 ) );
#8252 = DIRECTION( '', ( 1.00000000000000, 0.000000000000000, 0.000000000000000 ) );
#8253 = DIRECTION( '', ( 4.68822706560228E-16, -1.00000000000000, 0.000000000000000 ) );
#8254 = CARTESIAN_POINT( '', ( 0.000000000000000, 0.000000000000000, 0.600000000000000 ) );
#8255 = DIRECTION( '', ( 0.000000000000000, 0.000000000000000, -1.00000000000000 ) );
#8256 = DIRECTION( '', ( -1.00000000000000, 0.000000000000000, 0.000000000000000 ) );
#8257 = DIRECTION( '', ( -1.00000000000000, 0.000000000000000, 0.000000000000000 ) );
#8258 = DIRECTION( '', ( 1.00000000000000, -4.68822706560230E-16, 0.000000000000000 ) );
#8259 = CARTESIAN_POINT( '', ( 0.000000000000000, 0.000000000000000, 0.600000000000000 ) );
#8260 = DIRECTION( '', ( 0.000000000000000, 0.000000000000000, -1.00000000000000 ) );
#8261 = DIRECTION( '', ( -1.00000000000000, 0.000000000000000, 0.000000000000000 ) );
#8262 = CARTESIAN_POINT( '', ( 1.33272752166440E-15, 1.65000000000000, 0.600000000000000 ) );
#8263 = DIRECTION( '', ( 0.000000000000000, 0.000000000000000, -1.00000000000000 ) );
#8264 = DIRECTION( '', ( 1.00000000000000, 0.000000000000000, 0.000000000000000 ) );
#8265 = DIRECTION( '', ( -2.19030741916263E-17, -2.19030741916264E-17, 1.00000000000000 ) );
#8266 = DIRECTION( '', ( -2.19030741916263E-17, -2.19030741916264E-17, 1.00000000000000 ) );
#8267 = DIRECTION( '', ( -2.19030741916263E-17, -2.19030741916264E-17, 1.00000000000000 ) );
#8268 = DIRECTION( '', ( 1.00000000000000, -1.87529082624092E-15, 0.000000000000000 ) );
#8269 = DIRECTION( '', ( 0.000000000000000, 0.000000000000000, -1.00000000000000 ) );
#8270 = CARTESIAN_POINT( '', ( 2.65000000000000, 2.65000000000000, -0.0500000000000000 ) );
#8271 = DIRECTION( '', ( 0.000000000000000, 0.000000000000000, 1.00000000000000 ) );
#8272 = DIRECTION( '', ( 1.00000000000000, 0.000000000000000, 0.000000000000000 ) );
#8273 = DIRECTION( '', ( 0.000000000000000, 1.00000000000000, 0.000000000000000 ) );
#8274 = DIRECTION( '', ( 1.00000000000000, 0.000000000000000, -1.92747052886313E-16 ) );
#8275 = DIRECTION( '', ( 1.00000000000000, 0.000000000000000, -1.92747052886313E-16 ) );
#8276 = DIRECTION( '', ( -2.19030741916263E-17, -2.19030741916264E-17, 1.00000000000000 ) );
#8277 = DIRECTION( '', ( -2.19030741916263E-17, -2.19030741916264E-17, 1.00000000000000 ) );
#8278 = DIRECTION( '', ( 1.00000000000000, 0.000000000000000, 0.000000000000000 ) );
#8279 = DIRECTION( '', ( 0.000000000000000, 0.000000000000000, -1.00000000000000 ) );
#8280 = DIRECTION( '', ( 0.000000000000000, 0.000000000000000, -1.00000000000000 ) );
#8281 = DIRECTION( '', ( 1.00000000000000, 0.000000000000000, 0.000000000000000 ) );
#8282 = DIRECTION( '', ( 0.000000000000000, 0.000000000000000, -1.00000000000000 ) );
#8283 = DIRECTION( '', ( 1.00000000000000, 0.000000000000000, 0.000000000000000 ) );
#8284 = DIRECTION( '', ( 0.000000000000000, 0.000000000000000, -1.00000000000000 ) );
#8285 = DIRECTION( '', ( 0.000000000000000, 0.000000000000000, -1.00000000000000 ) );
#8286 = DIRECTION( '', ( -2.19030741916263E-17, -2.19030741916264E-17, 1.00000000000000 ) );
#8287 = CARTESIAN_POINT( '', ( -1.11591075184610E-16, 0.000000000000000, 2.54738385599023 ) );
#8288 = DIRECTION( '', ( -4.38061483832527E-17, 0.000000000000000, 1.00000000000000 ) );
#8289 = DIRECTION( '', ( 1.00000000000000, 0.000000000000000, 4.38061483832527E-17 ) );
#8290 = CARTESIAN_POINT( '', ( -1.75224593533011E-17, 0.000000000000000, 0.400000000000000 ) );
#8291 = DIRECTION( '', ( -4.38061483832527E-17, 0.000000000000000, 1.00000000000000 ) );
#8292 = DIRECTION( '', ( 1.00000000000000, 0.000000000000000, 4.38061483832527E-17 ) );
#8293 = DIRECTION( '', ( 0.583264946769653, 0.812281971897564, 3.05667676974635E-17 ) );
#8294 = DIRECTION( '', ( 0.583264946769653, 0.812281971897564, 3.05667676974635E-17 ) );
#8295 = DIRECTION( '', ( -2.19030741916263E-17, -2.19030741916264E-17, 1.00000000000000 ) );
#8296 = CARTESIAN_POINT( '', ( -2.40047491893047E-17, 0.000000000000000, 0.240000000000000 ) );
#8297 = DIRECTION( '', ( -1.00389090044955E-16, 0.000000000000000, 1.00000000000000 ) );
#8298 = DIRECTION( '', ( 1.00000000000000, 0.000000000000000, 1.00389090044955E-16 ) );
#8299 = DIRECTION( '', ( -2.19030741916263E-17, -2.19030741916264E-17, 1.00000000000000 ) );
#8300 = DIRECTION( '', ( -2.19030741916263E-17, -2.19030741916264E-17, 1.00000000000000 ) );
#8301 = DIRECTION( '', ( -2.19030741916263E-17, -2.19030741916264E-17, 1.00000000000000 ) );
#8302 = CARTESIAN_POINT( '', ( -1.40027703604277E-17, 0.000000000000000, 0.140000000000000 ) );
#8303 = DIRECTION( '', ( -1.00389090044955E-16, 0.000000000000000, 1.00000000000000 ) );
#8304 = DIRECTION( '', ( 1.00000000000000, 0.000000000000000, 1.00389090044955E-16 ) );
#8305 = CARTESIAN_POINT( '', ( -2.40047491893047E-17, 0.000000000000000, 0.240000000000000 ) );
#8306 = DIRECTION( '', ( -1.00019788288769E-16, 0.000000000000000, 1.00000000000000 ) );
#8307 = DIRECTION( '', ( 1.00000000000000, 0.000000000000000, 1.00019788288769E-16 ) );
#8308 = DIRECTION( '', ( 1.00389090044955E-16, 0.000000000000000, -1.00000000000000 ) );
#8309 = CARTESIAN_POINT( '', ( -1.40027703604277E-17, 0.000000000000000, 0.140000000000000 ) );
#8310 = DIRECTION( '', ( -1.00019788288769E-16, 0.000000000000000, 1.00000000000000 ) );
#8311 = DIRECTION( '', ( 1.00000000000000, 0.000000000000000, 1.00019788288769E-16 ) );
#8312 = CARTESIAN_POINT( '', ( -7.74222794456734E-17, 0.000000000000000, 1.76738385599023 ) );
#8313 = DIRECTION( '', ( 4.38061483832527E-17, 0.000000000000000, -1.00000000000000 ) );
#8314 = DIRECTION( '', ( -1.00000000000000, 0.000000000000000, -4.38061483832527E-17 ) );
#8315 = CARTESIAN_POINT( '', ( -8.78991863359985E-17, 0.000000000000000, 2.00654907085150 ) );
#8316 = DIRECTION( '', ( -4.38061483832527E-17, 0.000000000000000, 1.00000000000000 ) );
#8317 = DIRECTION( '', ( 1.00000000000000, 0.000000000000000, 4.38061483832527E-17 ) );
#8318 = DIRECTION( '', ( -4.17000835571349E-16, 0.000000000000000, -1.00000000000000 ) );
#8319 = DIRECTION( '', ( 0.000000000000000, -1.00000000000000, 0.000000000000000 ) );
#8320 = DIRECTION( '', ( -4.17000835571349E-16, 0.000000000000000, -1.00000000000000 ) );
#8321 = DIRECTION( '', ( 0.000000000000000, -1.00000000000000, 0.000000000000000 ) );
#8322 = CARTESIAN_POINT( '', ( 2.65000000000000, -2.65000000000000, -0.0500000000000000 ) );
#8323 = DIRECTION( '', ( 0.000000000000000, 0.000000000000000, -1.00000000000000 ) );
#8324 = DIRECTION( '', ( 1.00000000000000, 0.000000000000000, 0.000000000000000 ) );
#8325 = DIRECTION( '', ( -1.00000000000000, -1.11022302462516E-16, -2.19030741916263E-17 ) );
#8326 = DIRECTION( '', ( -0.503548846457895, -0.863966758174713, -2.99527957464747E-17 ) );
#8327 = DIRECTION( '', ( 1.00000000000000, 4.44089209850063E-16, 2.19030741916263E-17 ) );
#8328 = DIRECTION( '', ( -1.00000000000000, -7.21644966006352E-16, -2.19030741916264E-17 ) );
#8329 = DIRECTION( '', ( 0.507261555133470, 0.861792152832441, 2.99864849378985E-17 ) );
#8330 = DIRECTION( '', ( 1.00000000000000, 1.22124532708767E-15, 2.19030741916264E-17 ) );
#8331 = DIRECTION( '', ( 0.504988503037565, 0.863126069470665, 2.99659149842929E-17 ) );
#8332 = DIRECTION( '', ( -1.00000000000000, -2.22044604925032E-16, -2.19030741916263E-17 ) );
#8333 = DIRECTION( '', ( 0.507254689190442, 0.861796194174881, 2.99864230704622E-17 ) );
#8334 = DIRECTION( '', ( -2.19030741916263E-17, -2.19030741916264E-17, 1.00000000000000 ) );
#8335 = CARTESIAN_POINT( '', ( -1.40027703604277E-17, 0.000000000000000, 0.140000000000000 ) );
#8336 = DIRECTION( '', ( -1.00389090044955E-16, 0.000000000000000, 1.00000000000000 ) );
#8337 = DIRECTION( '', ( 1.00000000000000, 0.000000000000000, 1.00389090044955E-16 ) );
#8338 = CARTESIAN_POINT( '', ( -1.40027703604277E-17, 0.000000000000000, 0.140000000000000 ) );
#8339 = DIRECTION( '', ( -1.00389090044955E-16, 0.000000000000000, 1.00000000000000 ) );
#8340 = DIRECTION( '', ( 1.00000000000000, 0.000000000000000, 1.00389090044955E-16 ) );
#8341 = DIRECTION( '', ( -1.00000000000000, -2.22044604925032E-16, -2.19030741916263E-17 ) );
#8342 = DIRECTION( '', ( -2.19030741916263E-17, -2.19030741916264E-17, 1.00000000000000 ) );
#8343 = CARTESIAN_POINT( '', ( -4.62154865443316E-16, 0.000000000000000, 10.5500000000000 ) );
#8344 = DIRECTION( '', ( 4.38061483832527E-17, 0.000000000000000, -1.00000000000000 ) );
#8345 = DIRECTION( '', ( -1.00000000000000, 0.000000000000000, -4.38061483832527E-17 ) );
#8346 = CARTESIAN_POINT( '', ( -4.79677324796617E-16, 0.000000000000000, 10.9500000000000 ) );
#8347 = DIRECTION( '', ( 4.38061483832527E-17, 0.000000000000000, -1.00000000000000 ) );
#8348 = DIRECTION( '', ( -1.00000000000000, 0.000000000000000, -4.38061483832527E-17 ) );
#8349 = DIRECTION( '', ( 1.00000000000000, 1.60982338570648E-15, 2.19030741916264E-17 ) );
#8350 = DIRECTION( '', ( 0.512281584109717, 0.858817546736231, 3.00312859869932E-17 ) );
#8351 = DIRECTION( '', ( 1.00000000000000, 9.43689570931383E-16, 2.19030741916264E-17 ) );
#8352 = DIRECTION( '', ( 1.00000000000000, 8.32667268468867E-16, 2.19030741916264E-17 ) );
#8353 = DIRECTION( '', ( 1.00000000000000, 1.60982338570648E-15, 2.19030741916264E-17 ) );
#8354 = DIRECTION( '', ( -2.19030741916263E-17, -2.19030741916264E-17, 1.00000000000000 ) );
#8355 = DIRECTION( '', ( 0.512281584109717, 0.858817546736231, 3.00312859869932E-17 ) );
#8356 = DIRECTION( '', ( 1.00000000000000, 0.000000000000000, -1.08420217248550E-16 ) );
#8357 = CARTESIAN_POINT( '', ( 2.25000000000000, 0.450000000000000, -0.400000000000000 ) );
#8358 = DIRECTION( '', ( 0.000000000000000, -1.00000000000000, -0.000000000000000 ) );
#8359 = DIRECTION( '', ( -1.00000000000000, 0.000000000000000, -1.95156391047388E-14 ) );
#8360 = DIRECTION( '', ( 1.00000000000000, 0.000000000000000, -1.92747052886313E-16 ) );
#8361 = DIRECTION( '', ( -1.15833565436485E-16, 0.000000000000000, 1.00000000000000 ) );
#8362 = DIRECTION( '', ( 0.000000000000000, -1.00000000000000, 0.000000000000000 ) );
#8363 = DIRECTION( '', ( 1.15833565436485E-16, 0.000000000000000, -1.00000000000000 ) );
#8364 = DIRECTION( '', ( -1.00000000000000, -7.21644966006352E-16, -2.19030741916264E-17 ) );
#8365 = DIRECTION( '', ( -2.19030741916263E-17, -2.19030741916264E-17, 1.00000000000000 ) );
#8366 = DIRECTION( '', ( 1.00389090044955E-16, 0.000000000000000, -1.00000000000000 ) );
#8367 = CARTESIAN_POINT( '', ( -1.40027703604277E-17, 0.000000000000000, 0.140000000000000 ) );
#8368 = DIRECTION( '', ( -1.00389090044955E-16, 0.000000000000000, 1.00000000000000 ) );
#8369 = DIRECTION( '', ( 1.00000000000000, 0.000000000000000, 1.00389090044955E-16 ) );
#8370 = DIRECTION( '', ( 0.000000000000000, 0.000000000000000, -1.00000000000000 ) );
#8371 = DIRECTION( '', ( -1.00000000000000, 0.000000000000000, 0.000000000000000 ) );
#8372 = DIRECTION( '', ( 0.000000000000000, 0.000000000000000, -1.00000000000000 ) );
#8373 = CARTESIAN_POINT( '', ( 0.000000000000000, 0.000000000000000, 1.60000000000000 ) );
#8374 = DIRECTION( '', ( 0.000000000000000, 0.000000000000000, 1.00000000000000 ) );
#8375 = DIRECTION( '', ( 1.00000000000000, 0.000000000000000, 0.000000000000000 ) );
#8376 = DIRECTION( '', ( 0.000000000000000, 0.000000000000000, -1.00000000000000 ) );
#8377 = DIRECTION( '', ( -2.19030741916263E-17, -2.19030741916264E-17, 1.00000000000000 ) );
#8378 = DIRECTION( '', ( -2.19030741916263E-17, -2.19030741916264E-17, 1.00000000000000 ) );
#8379 = DIRECTION( '', ( -2.19030741916263E-17, -2.19030741916264E-17, 1.00000000000000 ) );
#8380 = DIRECTION( '', ( 1.00000000000000, 8.32667268468867E-16, 2.19030741916264E-17 ) );
#8381 = DIRECTION( '', ( -2.19030741916263E-17, -2.19030741916264E-17, 1.00000000000000 ) );
#8382 = DIRECTION( '', ( -2.19030741916263E-17, -2.19030741916264E-17, 1.00000000000000 ) );
#8383 = DIRECTION( '', ( -2.19030741916263E-17, -2.19030741916264E-17, 1.00000000000000 ) );
#8384 = DIRECTION( '', ( -2.19030741916263E-17, -2.19030741916264E-17, 1.00000000000000 ) );
#8385 = DIRECTION( '', ( -1.00000000000000, 0.000000000000000, 1.08420217248550E-16 ) );
#8386 = DIRECTION( '', ( 1.00000000000000, 0.000000000000000, -1.92747052886313E-16 ) );
#8387 = CARTESIAN_POINT( '', ( 2.25000000000000, -0.450000000000000, -0.400000000000000 ) );
#8388 = DIRECTION( '', ( 0.000000000000000, -1.00000000000000, -0.000000000000000 ) );
#8389 = DIRECTION( '', ( -1.00000000000000, 0.000000000000000, -1.95156391047388E-14 ) );
#8390 = CARTESIAN_POINT( '', ( -1.40027703604277E-17, 0.000000000000000, 0.140000000000000 ) );
#8391 = DIRECTION( '', ( -1.00389090044955E-16, 0.000000000000000, 1.00000000000000 ) );
#8392 = DIRECTION( '', ( 1.00000000000000, 0.000000000000000, 1.00389090044955E-16 ) );
#8393 = CARTESIAN_POINT( '', ( -1.40027703604277E-17, 0.000000000000000, 0.140000000000000 ) );
#8394 = DIRECTION( '', ( -1.00389090044955E-16, 0.000000000000000, 1.00000000000000 ) );
#8395 = DIRECTION( '', ( 1.00000000000000, 0.000000000000000, 1.00389090044955E-16 ) );
#8396 = CARTESIAN_POINT( '', ( -2.05000000000000, -1.25526296912605E-16, 0.140000000000000 ) );
#8397 = DIRECTION( '', ( -1.00637577891602E-16, 0.000000000000000, 1.00000000000000 ) );
#8398 = DIRECTION( '', ( 1.00000000000000, 0.000000000000000, 1.00637577891602E-16 ) );
#8399 = DIRECTION( '', ( 0.507254689190442, 0.861796194174881, 2.99864230704622E-17 ) );
#8400 = DIRECTION( '', ( -2.19030741916263E-17, -2.19030741916264E-17, 1.00000000000000 ) );
#8401 = DIRECTION( '', ( 0.000000000000000, 0.000000000000000, -1.00000000000000 ) );
#8402 = DIRECTION( '', ( -0.707106781186548, -0.707106781186548, 0.000000000000000 ) );
#8403 = CARTESIAN_POINT( '', ( 3.35000000000000, 3.35000000000000, 1.60000000000000 ) );
#8404 = DIRECTION( '', ( 0.000000000000000, 0.000000000000000, 1.00000000000000 ) );
#8405 = DIRECTION( '', ( 1.00000000000000, 0.000000000000000, 0.000000000000000 ) );
#8406 = DIRECTION( '', ( 0.000000000000000, 0.000000000000000, -1.00000000000000 ) );
#8407 = DIRECTION( '', ( -1.73472347597680E-16, -1.00000000000000, 0.000000000000000 ) );
#8408 = CARTESIAN_POINT( '', ( 1.33272752166440E-15, 1.65000000000000, 0.300000000000000 ) );
#8409 = DIRECTION( '', ( 0.000000000000000, 0.000000000000000, -1.00000000000000 ) );
#8410 = DIRECTION( '', ( 1.00000000000000, 0.000000000000000, 0.000000000000000 ) );
#8411 = DIRECTION( '', ( 8.67361737988404E-17, 1.00000000000000, 0.000000000000000 ) );
#8412 = CARTESIAN_POINT( '', ( 1.33272752166440E-15, 1.65000000000000, 0.300000000000000 ) );
#8413 = DIRECTION( '', ( 0.000000000000000, 0.000000000000000, -1.00000000000000 ) );
#8414 = DIRECTION( '', ( -1.00000000000000, 0.000000000000000, 0.000000000000000 ) );
#8415 = DIRECTION( '', ( -2.19030741916263E-17, -2.19030741916264E-17, 1.00000000000000 ) );
#8416 = DIRECTION( '', ( 0.000000000000000, 0.000000000000000, -1.00000000000000 ) );
#8417 = DIRECTION( '', ( -2.19030741916263E-17, -2.19030741916264E-17, 1.00000000000000 ) );
#8418 = DIRECTION( '', ( 4.68822706560228E-16, 1.00000000000000, 0.000000000000000 ) );
#8419 = DIRECTION( '', ( 1.00000000000000, 1.22124532708767E-15, 2.19030741916264E-17 ) );
#8420 = DIRECTION( '', ( -2.19030741916263E-17, -2.19030741916264E-17, 1.00000000000000 ) );
#8421 = DIRECTION( '', ( -2.19030741916263E-17, -2.19030741916264E-17, 1.00000000000000 ) );
#8422 = DIRECTION( '', ( -2.19030741916263E-17, -2.19030741916264E-17, 1.00000000000000 ) );
#8423 = DIRECTION( '', ( -2.19030741916263E-17, -2.19030741916264E-17, 1.00000000000000 ) );
#8424 = DIRECTION( '', ( 0.507261555133470, 0.861792152832441, 2.99864849378985E-17 ) );
#8425 = DIRECTION( '', ( -1.00000000000000, 0.000000000000000, 0.000000000000000 ) );
#8426 = CARTESIAN_POINT( '', ( 0.000000000000000, 0.000000000000000, 1.60000000000000 ) );
#8427 = DIRECTION( '', ( 0.000000000000000, 0.000000000000000, 1.00000000000000 ) );
#8428 = DIRECTION( '', ( 1.00000000000000, 0.000000000000000, 0.000000000000000 ) );
#8429 = DIRECTION( '', ( 4.68822706560228E-16, -1.00000000000000, 0.000000000000000 ) );
#8430 = CARTESIAN_POINT( '', ( -1.40027703604277E-17, 0.000000000000000, 0.140000000000000 ) );
#8431 = DIRECTION( '', ( -1.00389090044955E-16, 0.000000000000000, 1.00000000000000 ) );
#8432 = DIRECTION( '', ( 1.00000000000000, 0.000000000000000, 1.00389090044955E-16 ) );
#8433 = DIRECTION( '', ( 1.00389090044955E-16, 0.000000000000000, -1.00000000000000 ) );
#8434 = DIRECTION( '', ( 0.000000000000000, -1.00000000000000, 0.000000000000000 ) );
#8435 = DIRECTION( '', ( -1.00000000000000, -1.11022302462516E-16, -2.19030741916263E-17 ) );
#8436 = DIRECTION( '', ( -2.19030741916263E-17, -2.19030741916264E-17, 1.00000000000000 ) );
#8437 = DIRECTION( '', ( 0.000000000000000, 0.000000000000000, -1.00000000000000 ) );
#8438 = DIRECTION( '', ( -2.19030741916263E-17, -2.19030741916264E-17, 1.00000000000000 ) );
#8439 = DIRECTION( '', ( -2.19030741916263E-17, -2.19030741916264E-17, 1.00000000000000 ) );
#8440 = DIRECTION( '', ( 1.00000000000000, 0.000000000000000, 1.08420217248550E-16 ) );
#8441 = DIRECTION( '', ( 0.000000000000000, 0.000000000000000, -1.00000000000000 ) );
#8442 = DIRECTION( '', ( 0.000000000000000, 0.000000000000000, -1.00000000000000 ) );
#8443 = CARTESIAN_POINT( '', ( -2.05000000000000, -1.25526296912605E-16, 0.640000000000000 ) );
#8444 = DIRECTION( '', ( -1.00637577891602E-16, 0.000000000000000, 1.00000000000000 ) );
#8445 = DIRECTION( '', ( 1.00000000000000, 0.000000000000000, 1.00637577891602E-16 ) );
#8446 = DIRECTION( '', ( -0.503548846457895, -0.863966758174713, -2.99527957464747E-17 ) );
#8447 = DIRECTION( '', ( -2.19030741916263E-17, -2.19030741916264E-17, 1.00000000000000 ) );
#8448 = DIRECTION( '', ( 0.504988503037565, 0.863126069470665, 2.99659149842929E-17 ) );
#8449 = DIRECTION( '', ( 1.00000000000000, 4.44089209850063E-16, 2.19030741916263E-17 ) );
#8450 = DIRECTION( '', ( 1.00000000000000, 9.43689570931383E-16, 2.19030741916264E-17 ) );
#8451 = DIRECTION( '', ( 1.00389090044955E-16, 0.000000000000000, -1.00000000000000 ) );
#8452 = CARTESIAN_POINT( '', ( -9.83760932263904E-17, 0.000000000000000, 2.24571428571429 ) );
#8453 = DIRECTION( '', ( 4.38061483832527E-17, 0.000000000000000, -1.00000000000000 ) );
#8454 = DIRECTION( '', ( -1.00000000000000, 0.000000000000000, -4.38061483832527E-17 ) );
#8455 = CARTESIAN_POINT( '', ( -2.40047491893047E-17, 0.000000000000000, 0.240000000000000 ) );
#8456 = DIRECTION( '', ( -1.00019788288769E-16, 0.000000000000000, 1.00000000000000 ) );
#8457 = DIRECTION( '', ( 1.00000000000000, 0.000000000000000, 1.00019788288769E-16 ) );
#8458 = CARTESIAN_POINT( '', ( -1.40027703604277E-17, 0.000000000000000, 0.140000000000000 ) );
#8459 = DIRECTION( '', ( -1.00389090044955E-16, 0.000000000000000, 1.00000000000000 ) );
#8460 = DIRECTION( '', ( 1.00000000000000, 0.000000000000000, 1.00389090044955E-16 ) );
#8461 = CARTESIAN_POINT( '', ( -2.05000000000000, -1.25526296912605E-16, 0.140000000000000 ) );
#8462 = DIRECTION( '', ( -1.00637577891602E-16, 0.000000000000000, 1.00000000000000 ) );
#8463 = DIRECTION( '', ( 1.00000000000000, 0.000000000000000, 1.00637577891602E-16 ) );
#8464 = DIRECTION( '', ( -2.19030741916263E-17, -2.19030741916264E-17, 1.00000000000000 ) );
#8465 = DIRECTION( '', ( -2.19030741916263E-17, -2.19030741916264E-17, 1.00000000000000 ) );
#8466 = DIRECTION( '', ( 1.00389090044955E-16, 0.000000000000000, -1.00000000000000 ) );
#8467 = CARTESIAN_POINT( '', ( -2.40047491893047E-17, 0.000000000000000, 0.240000000000000 ) );
#8468 = DIRECTION( '', ( -1.00019788288769E-16, 0.000000000000000, 1.00000000000000 ) );
#8469 = DIRECTION( '', ( 1.00000000000000, 0.000000000000000, 1.00019788288769E-16 ) );
#8470 = CARTESIAN_POINT( '', ( -2.05000000000000, -1.25526296912605E-16, 0.240000000000000 ) );
#8471 = DIRECTION( '', ( -1.00019788288769E-16, 0.000000000000000, 1.00000000000000 ) );
#8472 = DIRECTION( '', ( 1.00000000000000, 0.000000000000000, 1.00019788288769E-16 ) );
#8473 = DIRECTION( '', ( -2.19030741916263E-17, -2.19030741916264E-17, 1.00000000000000 ) );
#8474 = DIRECTION( '', ( 0.000000000000000, -1.00000000000000, 0.000000000000000 ) );
#8475 = CARTESIAN_POINT( '', ( -2.05000000000000, -1.25526296912605E-16, 0.140000000000000 ) );
#8476 = DIRECTION( '', ( -1.00637577891602E-16, 0.000000000000000, 1.00000000000000 ) );
#8477 = DIRECTION( '', ( 1.00000000000000, 0.000000000000000, 1.00637577891602E-16 ) );
#8478 = DIRECTION( '', ( 0.000000000000000, -1.00000000000000, 0.000000000000000 ) );
#8479 = DIRECTION( '', ( 1.00000000000000, -4.68822706560230E-16, 0.000000000000000 ) );
#8480 = CARTESIAN_POINT( '', ( 0.000000000000000, 0.000000000000000, 1.00000000000000 ) );
#8481 = DIRECTION( '', ( 0.000000000000000, 0.000000000000000, 1.00000000000000 ) );
#8482 = DIRECTION( '', ( 1.00000000000000, 0.000000000000000, 0.000000000000000 ) );
#8483 = DIRECTION( '', ( 0.000000000000000, 0.000000000000000, -1.00000000000000 ) );
#8484 = DIRECTION( '', ( -2.19030741916263E-17, -2.19030741916264E-17, 1.00000000000000 ) );
#8485 = DIRECTION( '', ( -2.19030741916263E-17, -2.19030741916264E-17, 1.00000000000000 ) );
#8486 = DIRECTION( '', ( -2.19030741916263E-17, -2.19030741916264E-17, 1.00000000000000 ) );
#8487 = DIRECTION( '', ( 1.00389090044955E-16, 0.000000000000000, -1.00000000000000 ) );
#8488 = DIRECTION( '', ( 1.00389090044955E-16, 0.000000000000000, -1.00000000000000 ) );
#8489 = DIRECTION( '', ( 1.00389090044955E-16, 0.000000000000000, -1.00000000000000 ) );
#8490 = DIRECTION( '', ( -2.19030741916263E-17, -2.19030741916264E-17, 1.00000000000000 ) );
ENDSEC;
END-ISO-10303-21;
