ISO-10303-21;
HEADER;
FILE_DESCRIPTION(('STEP AP242'),'1');
FILE_NAME('0039310040.stp','2025-01-26T05:56:19',('TraceParts'),('TraceParts S.A.'),'Spatial InterOp 3D',' ',' ');
FILE_SCHEMA(('AP242_MANAGED_MODEL_BASED_3D_ENGINEERING_MIM_LF  {1 0 10303 442 1 1 4}'));
ENDSEC;
DATA;
#1=PRODUCT_DEFINITION_CONTEXT('',#10,'design');
#2=APPLICATION_PROTOCOL_DEFINITION('INTERNATIONAL STANDARD','ap242_managed_model_based_3d_engineering',2014,#10);
#3=PRODUCT_CATEGORY_RELATIONSHIP('NONE','NONE',#11,#12);
#4=SHAPE_DEFINITION_REPRESENTATION(#13,#14);
#5=SHAPE_DEFINITION_REPRESENTATION(#13,#15);
#6= (GEOMETRIC_REPRESENTATION_CONTEXT(3)GLOBAL_UNCERTAINTY_ASSIGNED_CONTEXT((#18))GLOBAL_UNIT_ASSIGNED_CONTEXT((#20,#21,#22))REPRESENTATION_CONTEXT('NONE','WORKSPACE'));
#10=APPLICATION_CONTEXT('managed model based 3d engineering');
#11=PRODUCT_CATEGORY('part','NONE');
#12=PRODUCT_RELATED_PRODUCT_CATEGORY('detail',' ',(#24));
#13=PRODUCT_DEFINITION_SHAPE('NONE','NONE',#25);
#14=ADVANCED_BREP_SHAPE_REPRESENTATION('0039310040_1',(#26,#27),#6);
#15=GEOMETRICALLY_BOUNDED_SURFACE_SHAPE_REPRESENTATION('1',(#28,#29),#6);
#18=UNCERTAINTY_MEASURE_WITH_UNIT(LENGTH_MEASURE(1.0E-06),#20,'','');
#20= (CONVERSION_BASED_UNIT('MILLIMETRE',#32)LENGTH_UNIT()NAMED_UNIT(#35));
#21= (NAMED_UNIT(#37)PLANE_ANGLE_UNIT()SI_UNIT($,.RADIAN.));
#22= (NAMED_UNIT(#37)SOLID_ANGLE_UNIT()SI_UNIT($,.STERADIAN.));
#24=PRODUCT('0039310040_1','0039310040_1','PART-0039310040_1-DESC',(#43));
#25=PRODUCT_DEFINITION('','NONE',#44,#1);
#26=MANIFOLD_SOLID_BREP('0039310040_1',#45);
#27=AXIS2_PLACEMENT_3D('',#46,#47,#48);
#28=GEOMETRIC_SET('1',(#49,#50,#51,#52,#53,#54,#55,#56));
#29=AXIS2_PLACEMENT_3D('',#57,#58,#59);
#32=LENGTH_MEASURE_WITH_UNIT(LENGTH_MEASURE(1.0),#60);
#35=DIMENSIONAL_EXPONENTS(1.0,0.0,0.0,0.0,0.0,0.0,0.0);
#37=DIMENSIONAL_EXPONENTS(0.0,0.0,0.0,0.0,0.0,0.0,0.0);
#43=PRODUCT_CONTEXT('',#10,'mechanical');
#44=PRODUCT_DEFINITION_FORMATION_WITH_SPECIFIED_SOURCE(' ','NONE',#24,.NOT_KNOWN.);
#45=CLOSED_SHELL('',(#61,#62,#63,#64,#65,#66,#67,#68,#69,#70,#71,#72,#73,#74,#75,#76,#77,#78,#79,#80,#81,#82,#83,#84,#85,#86,#87,#88,#89,#90,#91,#92,#93,#94,#95,#96,#97,#98,#99,#100,#101,#102,#103,#104,#105,#106,#107,#108,#109,#110,#111,#112,#113,#114,#115,#116,#117,#118,#119,#120,#121,#122,#123,#124,#125,#126,#127,#128,#129,#130,#131,#132,#133,#134,#135,#136,#137,#138,#139,#140,#141,#142,#143,#144,#145,#146,#147,#148,#149,#150,#151,#152,#153,#154,#155,#156,#157,#158,#159,#160,#161,#162,#163,#164,#165,#166,#167,#168,#169,#170,#171,#172,#173,#174,#175,#176,#177,#178,#179,#180,#181,#182,#183,#184,#185,#186,#187,#188,#189,#190,#191,#192));
#46=CARTESIAN_POINT('',(0.0,0.0,0.0));
#47=DIRECTION('',(0.0,0.0,1.0));
#48=DIRECTION('',(1.0,0.0,0.0));
#49=COMPOSITE_CURVE('0039310040_2',(#193),.U.);
#50=COMPOSITE_CURVE('0039310040_3',(#194),.U.);
#51=COMPOSITE_CURVE('0039310040_4',(#195),.U.);
#52=COMPOSITE_CURVE('0039310040_5',(#196),.U.);
#53=COMPOSITE_CURVE('0039310040_6',(#197),.U.);
#54=COMPOSITE_CURVE('0039310040_7',(#198),.U.);
#55=COMPOSITE_CURVE('0039310040_8',(#199),.U.);
#56=COMPOSITE_CURVE('0039310040_9',(#200),.U.);
#57=CARTESIAN_POINT('',(0.0,0.0,0.0));
#58=DIRECTION('',(0.0,0.0,1.0));
#59=DIRECTION('',(1.0,0.0,0.0));
#60= (NAMED_UNIT(#35)LENGTH_UNIT()SI_UNIT(.MILLI.,.METRE.));
#61=ADVANCED_FACE('',(#202),#203,.T.);
#62=ADVANCED_FACE('',(#204),#205,.F.);
#63=ADVANCED_FACE('',(#206),#207,.F.);
#64=ADVANCED_FACE('',(#208),#209,.T.);
#65=ADVANCED_FACE('',(#210),#211,.T.);
#66=ADVANCED_FACE('',(#212),#213,.T.);
#67=ADVANCED_FACE('',(#214),#215,.T.);
#68=ADVANCED_FACE('',(#216),#217,.F.);
#69=ADVANCED_FACE('',(#218),#219,.F.);
#70=ADVANCED_FACE('',(#220),#221,.F.);
#71=ADVANCED_FACE('',(#222,#223),#224,.T.);
#72=ADVANCED_FACE('',(#225,#226),#227,.T.);
#73=ADVANCED_FACE('',(#228),#229,.F.);
#74=ADVANCED_FACE('',(#230),#231,.F.);
#75=ADVANCED_FACE('',(#232),#233,.T.);
#76=ADVANCED_FACE('',(#234),#235,.T.);
#77=ADVANCED_FACE('',(#236),#237,.T.);
#78=ADVANCED_FACE('',(#238),#239,.F.);
#79=ADVANCED_FACE('',(#240),#241,.T.);
#80=ADVANCED_FACE('',(#242),#243,.T.);
#81=ADVANCED_FACE('',(#244),#245,.T.);
#82=ADVANCED_FACE('',(#246),#247,.T.);
#83=ADVANCED_FACE('',(#248),#249,.T.);
#84=ADVANCED_FACE('',(#250),#251,.T.);
#85=ADVANCED_FACE('',(#252),#253,.T.);
#86=ADVANCED_FACE('',(#254),#255,.F.);
#87=ADVANCED_FACE('',(#256),#257,.T.);
#88=ADVANCED_FACE('',(#258),#259,.F.);
#89=ADVANCED_FACE('',(#260,#261),#262,.T.);
#90=ADVANCED_FACE('',(#263,#264),#265,.T.);
#91=ADVANCED_FACE('',(#266),#267,.F.);
#92=ADVANCED_FACE('',(#268),#269,.F.);
#93=ADVANCED_FACE('',(#270),#271,.F.);
#94=ADVANCED_FACE('',(#272),#273,.F.);
#95=ADVANCED_FACE('',(#274,#275,#276,#277,#278),#279,.T.);
#96=ADVANCED_FACE('',(#280),#281,.T.);
#97=ADVANCED_FACE('',(#282),#283,.F.);
#98=ADVANCED_FACE('',(#284),#285,.T.);
#99=ADVANCED_FACE('',(#286),#287,.F.);
#100=ADVANCED_FACE('',(#288),#289,.F.);
#101=ADVANCED_FACE('',(#290),#291,.F.);
#102=ADVANCED_FACE('',(#292),#293,.F.);
#103=ADVANCED_FACE('',(#294),#295,.F.);
#104=ADVANCED_FACE('',(#296,#297),#298,.T.);
#105=ADVANCED_FACE('',(#299,#300),#301,.T.);
#106=ADVANCED_FACE('',(#302),#303,.F.);
#107=ADVANCED_FACE('',(#304),#305,.T.);
#108=ADVANCED_FACE('',(#306),#307,.T.);
#109=ADVANCED_FACE('',(#308),#309,.T.);
#110=ADVANCED_FACE('',(#310),#311,.T.);
#111=ADVANCED_FACE('',(#312),#313,.F.);
#112=ADVANCED_FACE('',(#314,#315),#316,.T.);
#113=ADVANCED_FACE('',(#317,#318),#319,.T.);
#114=ADVANCED_FACE('',(#320),#321,.F.);
#115=ADVANCED_FACE('',(#322),#323,.F.);
#116=ADVANCED_FACE('',(#324),#325,.F.);
#117=ADVANCED_FACE('',(#326),#327,.F.);
#118=ADVANCED_FACE('',(#328),#329,.F.);
#119=ADVANCED_FACE('',(#330),#331,.F.);
#120=ADVANCED_FACE('',(#332),#333,.F.);
#121=ADVANCED_FACE('',(#334),#335,.F.);
#122=ADVANCED_FACE('',(#336),#337,.F.);
#123=ADVANCED_FACE('',(#338),#339,.F.);
#124=ADVANCED_FACE('',(#340),#341,.F.);
#125=ADVANCED_FACE('',(#342),#343,.F.);
#126=ADVANCED_FACE('',(#344),#345,.F.);
#127=ADVANCED_FACE('',(#346),#347,.F.);
#128=ADVANCED_FACE('',(#348),#349,.F.);
#129=ADVANCED_FACE('',(#350),#351,.F.);
#130=ADVANCED_FACE('',(#352),#353,.F.);
#131=ADVANCED_FACE('',(#354),#355,.F.);
#132=ADVANCED_FACE('',(#356),#357,.F.);
#133=ADVANCED_FACE('',(#358),#359,.F.);
#134=ADVANCED_FACE('',(#360),#361,.F.);
#135=ADVANCED_FACE('',(#362),#363,.T.);
#136=ADVANCED_FACE('',(#364),#365,.T.);
#137=ADVANCED_FACE('',(#366),#367,.T.);
#138=ADVANCED_FACE('',(#368),#369,.T.);
#139=ADVANCED_FACE('',(#370),#371,.T.);
#140=ADVANCED_FACE('',(#372),#373,.T.);
#141=ADVANCED_FACE('',(#374),#375,.T.);
#142=ADVANCED_FACE('',(#376),#377,.T.);
#143=ADVANCED_FACE('',(#378),#379,.T.);
#144=ADVANCED_FACE('',(#380),#381,.T.);
#145=ADVANCED_FACE('',(#382),#383,.T.);
#146=ADVANCED_FACE('',(#384),#385,.T.);
#147=ADVANCED_FACE('',(#386),#387,.T.);
#148=ADVANCED_FACE('',(#388),#389,.T.);
#149=ADVANCED_FACE('',(#390),#391,.T.);
#150=ADVANCED_FACE('',(#392),#393,.T.);
#151=ADVANCED_FACE('',(#394),#395,.T.);
#152=ADVANCED_FACE('',(#396),#397,.T.);
#153=ADVANCED_FACE('',(#398),#399,.T.);
#154=ADVANCED_FACE('',(#400),#401,.T.);
#155=ADVANCED_FACE('',(#402),#403,.F.);
#156=ADVANCED_FACE('',(#404),#405,.F.);
#157=ADVANCED_FACE('',(#406),#407,.F.);
#158=ADVANCED_FACE('',(#408),#409,.F.);
#159=ADVANCED_FACE('',(#410),#411,.F.);
#160=ADVANCED_FACE('',(#412),#413,.F.);
#161=ADVANCED_FACE('',(#414),#415,.T.);
#162=ADVANCED_FACE('',(#416),#417,.T.);
#163=ADVANCED_FACE('',(#418),#419,.T.);
#164=ADVANCED_FACE('',(#420),#421,.T.);
#165=ADVANCED_FACE('',(#422),#423,.T.);
#166=ADVANCED_FACE('',(#424),#425,.T.);
#167=ADVANCED_FACE('',(#426),#427,.T.);
#168=ADVANCED_FACE('',(#428),#429,.T.);
#169=ADVANCED_FACE('',(#430),#431,.T.);
#170=ADVANCED_FACE('',(#432),#433,.T.);
#171=ADVANCED_FACE('',(#434),#435,.T.);
#172=ADVANCED_FACE('',(#436),#437,.T.);
#173=ADVANCED_FACE('',(#438),#439,.T.);
#174=ADVANCED_FACE('',(#440),#441,.T.);
#175=ADVANCED_FACE('',(#442),#443,.T.);
#176=ADVANCED_FACE('',(#444),#445,.T.);
#177=ADVANCED_FACE('',(#446),#447,.T.);
#178=ADVANCED_FACE('',(#448),#449,.T.);
#179=ADVANCED_FACE('',(#450),#451,.T.);
#180=ADVANCED_FACE('',(#452),#453,.T.);
#181=ADVANCED_FACE('',(#454),#455,.T.);
#182=ADVANCED_FACE('',(#456),#457,.T.);
#183=ADVANCED_FACE('',(#458),#459,.T.);
#184=ADVANCED_FACE('',(#460),#461,.T.);
#185=ADVANCED_FACE('',(#462),#463,.F.);
#186=ADVANCED_FACE('',(#464),#465,.F.);
#187=ADVANCED_FACE('',(#466),#467,.F.);
#188=ADVANCED_FACE('',(#468),#469,.F.);
#189=ADVANCED_FACE('',(#470),#471,.F.);
#190=ADVANCED_FACE('',(#472),#473,.F.);
#191=ADVANCED_FACE('',(#474),#475,.F.);
#192=ADVANCED_FACE('',(#476),#477,.F.);
#193=COMPOSITE_CURVE_SEGMENT(.CONTINUOUS.,.T.,#478);
#194=COMPOSITE_CURVE_SEGMENT(.CONTINUOUS.,.T.,#479);
#195=COMPOSITE_CURVE_SEGMENT(.CONTINUOUS.,.T.,#480);
#196=COMPOSITE_CURVE_SEGMENT(.CONTINUOUS.,.T.,#481);
#197=COMPOSITE_CURVE_SEGMENT(.CONTINUOUS.,.T.,#482);
#198=COMPOSITE_CURVE_SEGMENT(.CONTINUOUS.,.T.,#483);
#199=COMPOSITE_CURVE_SEGMENT(.CONTINUOUS.,.T.,#484);
#200=COMPOSITE_CURVE_SEGMENT(.CONTINUOUS.,.T.,#485);
#202=FACE_OUTER_BOUND('',#486,.T.);
#203=CYLINDRICAL_SURFACE('',#487,0.4);
#204=FACE_OUTER_BOUND('',#488,.T.);
#205=PLANE('',#489);
#206=FACE_OUTER_BOUND('',#490,.T.);
#207=PLANE('',#491);
#208=FACE_OUTER_BOUND('',#492,.T.);
#209=PLANE('',#493);
#210=FACE_OUTER_BOUND('',#494,.T.);
#211=PLANE('',#495);
#212=FACE_OUTER_BOUND('',#496,.T.);
#213=PLANE('',#497);
#214=FACE_OUTER_BOUND('',#498,.T.);
#215=PLANE('',#499);
#216=FACE_OUTER_BOUND('',#500,.T.);
#217=PLANE('',#501);
#218=FACE_OUTER_BOUND('',#502,.T.);
#219=PLANE('',#503);
#220=FACE_OUTER_BOUND('',#504,.T.);
#221=PLANE('',#505);
#222=FACE_OUTER_BOUND('',#506,.T.);
#223=FACE_BOUND('',#507,.T.);
#224=PLANE('',#508);
#225=FACE_OUTER_BOUND('',#509,.T.);
#226=FACE_BOUND('',#510,.T.);
#227=PLANE('',#511);
#228=FACE_OUTER_BOUND('',#512,.T.);
#229=PLANE('',#513);
#230=FACE_OUTER_BOUND('',#514,.T.);
#231=PLANE('',#515);
#232=FACE_OUTER_BOUND('',#516,.T.);
#233=PLANE('',#517);
#234=FACE_OUTER_BOUND('',#518,.T.);
#235=PLANE('',#519);
#236=FACE_OUTER_BOUND('',#520,.T.);
#237=PLANE('',#521);
#238=FACE_OUTER_BOUND('',#522,.T.);
#239=PLANE('',#523);
#240=FACE_OUTER_BOUND('',#524,.T.);
#241=PLANE('',#525);
#242=FACE_OUTER_BOUND('',#526,.T.);
#243=PLANE('',#527);
#244=FACE_OUTER_BOUND('',#528,.T.);
#245=PLANE('',#529);
#246=FACE_OUTER_BOUND('',#530,.T.);
#247=PLANE('',#531);
#248=FACE_OUTER_BOUND('',#532,.T.);
#249=PLANE('',#533);
#250=FACE_OUTER_BOUND('',#534,.T.);
#251=PLANE('',#535);
#252=FACE_OUTER_BOUND('',#536,.T.);
#253=PLANE('',#537);
#254=FACE_OUTER_BOUND('',#538,.T.);
#255=PLANE('',#539);
#256=FACE_OUTER_BOUND('',#540,.T.);
#257=PLANE('',#541);
#258=FACE_OUTER_BOUND('',#542,.T.);
#259=PLANE('',#543);
#260=FACE_OUTER_BOUND('',#544,.T.);
#261=FACE_BOUND('',#545,.T.);
#262=PLANE('',#546);
#263=FACE_OUTER_BOUND('',#547,.T.);
#264=FACE_BOUND('',#548,.T.);
#265=PLANE('',#549);
#266=FACE_OUTER_BOUND('',#550,.T.);
#267=PLANE('',#551);
#268=FACE_OUTER_BOUND('',#552,.T.);
#269=PLANE('',#553);
#270=FACE_OUTER_BOUND('',#554,.T.);
#271=PLANE('',#555);
#272=FACE_OUTER_BOUND('',#556,.T.);
#273=PLANE('',#557);
#274=FACE_OUTER_BOUND('',#558,.T.);
#275=FACE_BOUND('',#559,.T.);
#276=FACE_BOUND('',#560,.T.);
#277=FACE_BOUND('',#561,.T.);
#278=FACE_BOUND('',#562,.T.);
#279=PLANE('',#563);
#280=FACE_OUTER_BOUND('',#564,.T.);
#281=PLANE('',#565);
#282=FACE_OUTER_BOUND('',#566,.T.);
#283=PLANE('',#567);
#284=FACE_OUTER_BOUND('',#568,.T.);
#285=PLANE('',#569);
#286=FACE_OUTER_BOUND('',#570,.T.);
#287=PLANE('',#571);
#288=FACE_OUTER_BOUND('',#572,.T.);
#289=PLANE('',#573);
#290=FACE_OUTER_BOUND('',#574,.T.);
#291=PLANE('',#575);
#292=FACE_OUTER_BOUND('',#576,.T.);
#293=PLANE('',#577);
#294=FACE_OUTER_BOUND('',#578,.T.);
#295=PLANE('',#579);
#296=FACE_OUTER_BOUND('',#580,.T.);
#297=FACE_BOUND('',#581,.T.);
#298=PLANE('',#582);
#299=FACE_OUTER_BOUND('',#583,.T.);
#300=FACE_BOUND('',#584,.T.);
#301=PLANE('',#585);
#302=FACE_OUTER_BOUND('',#586,.T.);
#303=PLANE('',#587);
#304=FACE_OUTER_BOUND('',#588,.T.);
#305=PLANE('',#589);
#306=FACE_OUTER_BOUND('',#590,.T.);
#307=PLANE('',#591);
#308=FACE_OUTER_BOUND('',#592,.T.);
#309=PLANE('',#593);
#310=FACE_OUTER_BOUND('',#594,.T.);
#311=CYLINDRICAL_SURFACE('',#595,0.4);
#312=FACE_OUTER_BOUND('',#596,.T.);
#313=PLANE('',#597);
#314=FACE_OUTER_BOUND('',#598,.T.);
#315=FACE_BOUND('',#599,.T.);
#316=PLANE('',#600);
#317=FACE_OUTER_BOUND('',#601,.T.);
#318=FACE_BOUND('',#602,.T.);
#319=PLANE('',#603);
#320=FACE_OUTER_BOUND('',#604,.T.);
#321=PLANE('',#605);
#322=FACE_OUTER_BOUND('',#606,.T.);
#323=PLANE('',#607);
#324=FACE_OUTER_BOUND('',#608,.T.);
#325=PLANE('',#609);
#326=FACE_OUTER_BOUND('',#610,.T.);
#327=PLANE('',#611);
#328=FACE_OUTER_BOUND('',#612,.T.);
#329=PLANE('',#613);
#330=FACE_OUTER_BOUND('',#614,.T.);
#331=PLANE('',#615);
#332=FACE_OUTER_BOUND('',#616,.T.);
#333=PLANE('',#617);
#334=FACE_OUTER_BOUND('',#618,.T.);
#335=PLANE('',#619);
#336=FACE_OUTER_BOUND('',#620,.T.);
#337=PLANE('',#621);
#338=FACE_OUTER_BOUND('',#622,.T.);
#339=PLANE('',#623);
#340=FACE_OUTER_BOUND('',#624,.T.);
#341=PLANE('',#625);
#342=FACE_OUTER_BOUND('',#626,.T.);
#343=PLANE('',#627);
#344=FACE_OUTER_BOUND('',#628,.T.);
#345=PLANE('',#629);
#346=FACE_OUTER_BOUND('',#630,.T.);
#347=PLANE('',#631);
#348=FACE_OUTER_BOUND('',#632,.T.);
#349=PLANE('',#633);
#350=FACE_OUTER_BOUND('',#634,.T.);
#351=PLANE('',#635);
#352=FACE_OUTER_BOUND('',#636,.T.);
#353=PLANE('',#637);
#354=FACE_OUTER_BOUND('',#638,.T.);
#355=PLANE('',#639);
#356=FACE_OUTER_BOUND('',#640,.T.);
#357=PLANE('',#641);
#358=FACE_OUTER_BOUND('',#642,.T.);
#359=PLANE('',#643);
#360=FACE_OUTER_BOUND('',#644,.T.);
#361=PLANE('',#645);
#362=FACE_OUTER_BOUND('',#646,.T.);
#363=PLANE('',#647);
#364=FACE_OUTER_BOUND('',#648,.T.);
#365=PLANE('',#649);
#366=FACE_OUTER_BOUND('',#650,.T.);
#367=PLANE('',#651);
#368=FACE_OUTER_BOUND('',#652,.T.);
#369=PLANE('',#653);
#370=FACE_OUTER_BOUND('',#654,.T.);
#371=PLANE('',#655);
#372=FACE_OUTER_BOUND('',#656,.T.);
#373=PLANE('',#657);
#374=FACE_OUTER_BOUND('',#658,.T.);
#375=PLANE('',#659);
#376=FACE_OUTER_BOUND('',#660,.T.);
#377=PLANE('',#661);
#378=FACE_OUTER_BOUND('',#662,.T.);
#379=PLANE('',#663);
#380=FACE_OUTER_BOUND('',#664,.T.);
#381=PLANE('',#665);
#382=FACE_OUTER_BOUND('',#666,.T.);
#383=PLANE('',#667);
#384=FACE_OUTER_BOUND('',#668,.T.);
#385=PLANE('',#669);
#386=FACE_OUTER_BOUND('',#670,.T.);
#387=PLANE('',#671);
#388=FACE_OUTER_BOUND('',#672,.T.);
#389=PLANE('',#673);
#390=FACE_OUTER_BOUND('',#674,.T.);
#391=PLANE('',#675);
#392=FACE_OUTER_BOUND('',#676,.T.);
#393=PLANE('',#677);
#394=FACE_OUTER_BOUND('',#678,.T.);
#395=PLANE('',#679);
#396=FACE_OUTER_BOUND('',#680,.T.);
#397=PLANE('',#681);
#398=FACE_OUTER_BOUND('',#682,.T.);
#399=PLANE('',#683);
#400=FACE_OUTER_BOUND('',#684,.T.);
#401=PLANE('',#685);
#402=FACE_OUTER_BOUND('',#686,.T.);
#403=PLANE('',#687);
#404=FACE_OUTER_BOUND('',#688,.T.);
#405=PLANE('',#689);
#406=FACE_OUTER_BOUND('',#690,.T.);
#407=PLANE('',#691);
#408=FACE_OUTER_BOUND('',#692,.T.);
#409=PLANE('',#693);
#410=FACE_OUTER_BOUND('',#694,.T.);
#411=PLANE('',#695);
#412=FACE_OUTER_BOUND('',#696,.T.);
#413=PLANE('',#697);
#414=FACE_OUTER_BOUND('',#698,.T.);
#415=PLANE('',#699);
#416=FACE_OUTER_BOUND('',#700,.T.);
#417=PLANE('',#701);
#418=FACE_OUTER_BOUND('',#702,.T.);
#419=PLANE('',#703);
#420=FACE_OUTER_BOUND('',#704,.T.);
#421=PLANE('',#705);
#422=FACE_OUTER_BOUND('',#706,.T.);
#423=PLANE('',#707);
#424=FACE_OUTER_BOUND('',#708,.T.);
#425=PLANE('',#709);
#426=FACE_OUTER_BOUND('',#710,.T.);
#427=PLANE('',#711);
#428=FACE_OUTER_BOUND('',#712,.T.);
#429=PLANE('',#713);
#430=FACE_OUTER_BOUND('',#714,.T.);
#431=PLANE('',#715);
#432=FACE_OUTER_BOUND('',#716,.T.);
#433=PLANE('',#717);
#434=FACE_OUTER_BOUND('',#718,.T.);
#435=PLANE('',#719);
#436=FACE_OUTER_BOUND('',#720,.T.);
#437=PLANE('',#721);
#438=FACE_OUTER_BOUND('',#722,.T.);
#439=PLANE('',#723);
#440=FACE_OUTER_BOUND('',#724,.T.);
#441=PLANE('',#725);
#442=FACE_OUTER_BOUND('',#726,.T.);
#443=PLANE('',#727);
#444=FACE_OUTER_BOUND('',#728,.T.);
#445=PLANE('',#729);
#446=FACE_OUTER_BOUND('',#730,.T.);
#447=PLANE('',#731);
#448=FACE_OUTER_BOUND('',#732,.T.);
#449=PLANE('',#733);
#450=FACE_OUTER_BOUND('',#734,.T.);
#451=PLANE('',#735);
#452=FACE_OUTER_BOUND('',#736,.T.);
#453=PLANE('',#737);
#454=FACE_OUTER_BOUND('',#738,.T.);
#455=PLANE('',#739);
#456=FACE_OUTER_BOUND('',#740,.T.);
#457=PLANE('',#741);
#458=FACE_OUTER_BOUND('',#742,.T.);
#459=PLANE('',#743);
#460=FACE_OUTER_BOUND('',#744,.T.);
#461=PLANE('',#745);
#462=FACE_OUTER_BOUND('',#746,.T.);
#463=PLANE('',#747);
#464=FACE_OUTER_BOUND('',#748,.T.);
#465=PLANE('',#749);
#466=FACE_OUTER_BOUND('',#750,.T.);
#467=PLANE('',#751);
#468=FACE_OUTER_BOUND('',#752,.T.);
#469=PLANE('',#753);
#470=FACE_OUTER_BOUND('',#754,.T.);
#471=PLANE('',#755);
#472=FACE_OUTER_BOUND('',#756,.T.);
#473=PLANE('',#757);
#474=FACE_OUTER_BOUND('',#758,.T.);
#475=PLANE('',#759);
#476=FACE_OUTER_BOUND('',#760,.T.);
#477=PLANE('',#761);
#478=TRIMMED_CURVE('',#762,(PARAMETER_VALUE(0.0)),(PARAMETER_VALUE(3.1415926535892)),.T.,.UNSPECIFIED.);
#479=TRIMMED_CURVE('',#763,(PARAMETER_VALUE(0.0)),(PARAMETER_VALUE(3.1415926535892)),.T.,.UNSPECIFIED.);
#480=TRIMMED_CURVE('',#764,(PARAMETER_VALUE(0.0)),(PARAMETER_VALUE(3.1415926535892)),.T.,.UNSPECIFIED.);
#481=TRIMMED_CURVE('',#765,(PARAMETER_VALUE(0.0)),(PARAMETER_VALUE(3.1415926535892)),.T.,.UNSPECIFIED.);
#482=TRIMMED_CURVE('',#766,(PARAMETER_VALUE(0.0)),(PARAMETER_VALUE(3.1415926535892)),.T.,.UNSPECIFIED.);
#483=TRIMMED_CURVE('',#767,(PARAMETER_VALUE(0.0)),(PARAMETER_VALUE(3.1415926535892)),.T.,.UNSPECIFIED.);
#484=TRIMMED_CURVE('',#768,(PARAMETER_VALUE(0.0)),(PARAMETER_VALUE(3.1415926535892)),.T.,.UNSPECIFIED.);
#485=TRIMMED_CURVE('',#769,(PARAMETER_VALUE(0.0)),(PARAMETER_VALUE(3.1415926535892)),.T.,.UNSPECIFIED.);
#486=EDGE_LOOP('',(#770,#771,#772,#773));
#487=AXIS2_PLACEMENT_3D('',#774,#775,#776);
#488=EDGE_LOOP('',(#777,#778,#779,#780,#781,#782));
#489=AXIS2_PLACEMENT_3D('',#783,#784,#785);
#490=EDGE_LOOP('',(#786,#787,#788,#789,#790,#791));
#491=AXIS2_PLACEMENT_3D('',#792,#793,#794);
#492=EDGE_LOOP('',(#795,#796,#797,#798));
#493=AXIS2_PLACEMENT_3D('',#799,#800,#801);
#494=EDGE_LOOP('',(#802,#803,#804,#805));
#495=AXIS2_PLACEMENT_3D('',#806,#807,#808);
#496=EDGE_LOOP('',(#809,#810,#811,#812,#813,#814,#815,#816,#817,#818,#819));
#497=AXIS2_PLACEMENT_3D('',#820,#821,#822);
#498=EDGE_LOOP('',(#823,#824,#825,#826,#827,#828,#829,#830,#831,#832,#833,#834));
#499=AXIS2_PLACEMENT_3D('',#835,#836,#837);
#500=EDGE_LOOP('',(#838,#839,#840,#841));
#501=AXIS2_PLACEMENT_3D('',#842,#843,#844);
#502=EDGE_LOOP('',(#845,#846,#847,#848,#849,#850,#851,#852,#853,#854,#855,#856,#857,#858,#859,#860));
#503=AXIS2_PLACEMENT_3D('',#861,#862,#863);
#504=EDGE_LOOP('',(#864,#865,#866,#867));
#505=AXIS2_PLACEMENT_3D('',#868,#869,#870);
#506=EDGE_LOOP('',(#871,#872,#873,#874,#875,#876,#877,#878));
#507=EDGE_LOOP('',(#879,#880,#881,#882));
#508=AXIS2_PLACEMENT_3D('',#883,#884,#885);
#509=EDGE_LOOP('',(#886,#887,#888,#889,#890,#891,#892,#893));
#510=EDGE_LOOP('',(#894,#895,#896,#897));
#511=AXIS2_PLACEMENT_3D('',#898,#899,#900);
#512=EDGE_LOOP('',(#901,#902,#903,#904,#905,#906,#907,#908));
#513=AXIS2_PLACEMENT_3D('',#909,#910,#911);
#514=EDGE_LOOP('',(#912,#913,#914,#915));
#515=AXIS2_PLACEMENT_3D('',#916,#917,#918);
#516=EDGE_LOOP('',(#919,#920,#921,#922,#923,#924));
#517=AXIS2_PLACEMENT_3D('',#925,#926,#927);
#518=EDGE_LOOP('',(#928,#929,#930,#931,#932,#933));
#519=AXIS2_PLACEMENT_3D('',#934,#935,#936);
#520=EDGE_LOOP('',(#937,#938,#939,#940,#941,#942,#943,#944,#945,#946,#947,#948));
#521=AXIS2_PLACEMENT_3D('',#949,#950,#951);
#522=EDGE_LOOP('',(#952,#953,#954,#955));
#523=AXIS2_PLACEMENT_3D('',#956,#957,#958);
#524=EDGE_LOOP('',(#959,#960,#961,#962));
#525=AXIS2_PLACEMENT_3D('',#963,#964,#965);
#526=EDGE_LOOP('',(#966,#967,#968,#969));
#527=AXIS2_PLACEMENT_3D('',#970,#971,#972);
#528=EDGE_LOOP('',(#973,#974,#975,#976));
#529=AXIS2_PLACEMENT_3D('',#977,#978,#979);
#530=EDGE_LOOP('',(#980,#981,#982,#983));
#531=AXIS2_PLACEMENT_3D('',#984,#985,#986);
#532=EDGE_LOOP('',(#987,#988,#989,#990));
#533=AXIS2_PLACEMENT_3D('',#991,#992,#993);
#534=EDGE_LOOP('',(#994,#995,#996,#997));
#535=AXIS2_PLACEMENT_3D('',#998,#999,#1000);
#536=EDGE_LOOP('',(#1001,#1002,#1003,#1004));
#537=AXIS2_PLACEMENT_3D('',#1005,#1006,#1007);
#538=EDGE_LOOP('',(#1008,#1009,#1010,#1011));
#539=AXIS2_PLACEMENT_3D('',#1012,#1013,#1014);
#540=EDGE_LOOP('',(#1015,#1016,#1017,#1018,#1019,#1020,#1021,#1022,#1023,#1024,#1025,#1026,#1027,#1028,#1029,#1030));
#541=AXIS2_PLACEMENT_3D('',#1031,#1032,#1033);
#542=EDGE_LOOP('',(#1034,#1035,#1036,#1037));
#543=AXIS2_PLACEMENT_3D('',#1038,#1039,#1040);
#544=EDGE_LOOP('',(#1041,#1042,#1043,#1044,#1045,#1046,#1047,#1048));
#545=EDGE_LOOP('',(#1049,#1050,#1051,#1052));
#546=AXIS2_PLACEMENT_3D('',#1053,#1054,#1055);
#547=EDGE_LOOP('',(#1056,#1057,#1058,#1059,#1060,#1061,#1062,#1063));
#548=EDGE_LOOP('',(#1064,#1065,#1066,#1067));
#549=AXIS2_PLACEMENT_3D('',#1068,#1069,#1070);
#550=EDGE_LOOP('',(#1071,#1072,#1073,#1074,#1075));
#551=AXIS2_PLACEMENT_3D('',#1076,#1077,#1078);
#552=EDGE_LOOP('',(#1079,#1080,#1081,#1082));
#553=AXIS2_PLACEMENT_3D('',#1083,#1084,#1085);
#554=EDGE_LOOP('',(#1086,#1087,#1088,#1089,#1090,#1091,#1092,#1093));
#555=AXIS2_PLACEMENT_3D('',#1094,#1095,#1096);
#556=EDGE_LOOP('',(#1097,#1098,#1099,#1100));
#557=AXIS2_PLACEMENT_3D('',#1101,#1102,#1103);
#558=EDGE_LOOP('',(#1104,#1105,#1106,#1107,#1108,#1109,#1110,#1111,#1112,#1113,#1114,#1115,#1116));
#559=EDGE_LOOP('',(#1117,#1118,#1119,#1120));
#560=EDGE_LOOP('',(#1121,#1122,#1123,#1124,#1125,#1126));
#561=EDGE_LOOP('',(#1127,#1128,#1129,#1130,#1131,#1132));
#562=EDGE_LOOP('',(#1133,#1134,#1135,#1136));
#563=AXIS2_PLACEMENT_3D('',#1137,#1138,#1139);
#564=EDGE_LOOP('',(#1140,#1141,#1142,#1143));
#565=AXIS2_PLACEMENT_3D('',#1144,#1145,#1146);
#566=EDGE_LOOP('',(#1147,#1148,#1149,#1150));
#567=AXIS2_PLACEMENT_3D('',#1151,#1152,#1153);
#568=EDGE_LOOP('',(#1154,#1155,#1156,#1157,#1158,#1159,#1160,#1161,#1162,#1163,#1164,#1165,#1166,#1167,#1168,#1169));
#569=AXIS2_PLACEMENT_3D('',#1170,#1171,#1172);
#570=EDGE_LOOP('',(#1173,#1174,#1175,#1176));
#571=AXIS2_PLACEMENT_3D('',#1177,#1178,#1179);
#572=EDGE_LOOP('',(#1180,#1181,#1182,#1183,#1184,#1185));
#573=AXIS2_PLACEMENT_3D('',#1186,#1187,#1188);
#574=EDGE_LOOP('',(#1189,#1190,#1191,#1192,#1193,#1194));
#575=AXIS2_PLACEMENT_3D('',#1195,#1196,#1197);
#576=EDGE_LOOP('',(#1198,#1199,#1200,#1201,#1202,#1203,#1204,#1205,#1206,#1207,#1208,#1209));
#577=AXIS2_PLACEMENT_3D('',#1210,#1211,#1212);
#578=EDGE_LOOP('',(#1213,#1214,#1215,#1216));
#579=AXIS2_PLACEMENT_3D('',#1217,#1218,#1219);
#580=EDGE_LOOP('',(#1220,#1221,#1222,#1223,#1224,#1225,#1226,#1227));
#581=EDGE_LOOP('',(#1228,#1229,#1230,#1231));
#582=AXIS2_PLACEMENT_3D('',#1232,#1233,#1234);
#583=EDGE_LOOP('',(#1235,#1236,#1237,#1238,#1239,#1240,#1241,#1242));
#584=EDGE_LOOP('',(#1243,#1244,#1245,#1246));
#585=AXIS2_PLACEMENT_3D('',#1247,#1248,#1249);
#586=EDGE_LOOP('',(#1250,#1251,#1252,#1253));
#587=AXIS2_PLACEMENT_3D('',#1254,#1255,#1256);
#588=EDGE_LOOP('',(#1257,#1258,#1259,#1260,#1261,#1262,#1263,#1264,#1265,#1266,#1267,#1268));
#589=AXIS2_PLACEMENT_3D('',#1269,#1270,#1271);
#590=EDGE_LOOP('',(#1272,#1273,#1274,#1275,#1276,#1277));
#591=AXIS2_PLACEMENT_3D('',#1278,#1279,#1280);
#592=EDGE_LOOP('',(#1281,#1282,#1283,#1284,#1285,#1286));
#593=AXIS2_PLACEMENT_3D('',#1287,#1288,#1289);
#594=EDGE_LOOP('',(#1290,#1291,#1292,#1293));
#595=AXIS2_PLACEMENT_3D('',#1294,#1295,#1296);
#596=EDGE_LOOP('',(#1297,#1298,#1299,#1300));
#597=AXIS2_PLACEMENT_3D('',#1301,#1302,#1303);
#598=EDGE_LOOP('',(#1304,#1305,#1306,#1307,#1308,#1309,#1310,#1311));
#599=EDGE_LOOP('',(#1312,#1313,#1314,#1315));
#600=AXIS2_PLACEMENT_3D('',#1316,#1317,#1318);
#601=EDGE_LOOP('',(#1319,#1320,#1321,#1322,#1323,#1324,#1325,#1326));
#602=EDGE_LOOP('',(#1327,#1328,#1329,#1330));
#603=AXIS2_PLACEMENT_3D('',#1331,#1332,#1333);
#604=EDGE_LOOP('',(#1334,#1335,#1336,#1337));
#605=AXIS2_PLACEMENT_3D('',#1338,#1339,#1340);
#606=EDGE_LOOP('',(#1341,#1342,#1343,#1344));
#607=AXIS2_PLACEMENT_3D('',#1345,#1346,#1347);
#608=EDGE_LOOP('',(#1348,#1349,#1350,#1351));
#609=AXIS2_PLACEMENT_3D('',#1352,#1353,#1354);
#610=EDGE_LOOP('',(#1355,#1356,#1357,#1358));
#611=AXIS2_PLACEMENT_3D('',#1359,#1360,#1361);
#612=EDGE_LOOP('',(#1362,#1363,#1364,#1365,#1366));
#613=AXIS2_PLACEMENT_3D('',#1367,#1368,#1369);
#614=EDGE_LOOP('',(#1370,#1371,#1372,#1373));
#615=AXIS2_PLACEMENT_3D('',#1374,#1375,#1376);
#616=EDGE_LOOP('',(#1377,#1378,#1379,#1380,#1381,#1382,#1383,#1384));
#617=AXIS2_PLACEMENT_3D('',#1385,#1386,#1387);
#618=EDGE_LOOP('',(#1388,#1389,#1390,#1391));
#619=AXIS2_PLACEMENT_3D('',#1392,#1393,#1394);
#620=EDGE_LOOP('',(#1395,#1396,#1397,#1398,#1399,#1400,#1401,#1402));
#621=AXIS2_PLACEMENT_3D('',#1403,#1404,#1405);
#622=EDGE_LOOP('',(#1406,#1407,#1408,#1409));
#623=AXIS2_PLACEMENT_3D('',#1410,#1411,#1412);
#624=EDGE_LOOP('',(#1413,#1414,#1415,#1416));
#625=AXIS2_PLACEMENT_3D('',#1417,#1418,#1419);
#626=EDGE_LOOP('',(#1420,#1421,#1422,#1423));
#627=AXIS2_PLACEMENT_3D('',#1424,#1425,#1426);
#628=EDGE_LOOP('',(#1427,#1428,#1429,#1430,#1431));
#629=AXIS2_PLACEMENT_3D('',#1432,#1433,#1434);
#630=EDGE_LOOP('',(#1435,#1436,#1437,#1438));
#631=AXIS2_PLACEMENT_3D('',#1439,#1440,#1441);
#632=EDGE_LOOP('',(#1442,#1443,#1444,#1445));
#633=AXIS2_PLACEMENT_3D('',#1446,#1447,#1448);
#634=EDGE_LOOP('',(#1449,#1450,#1451,#1452));
#635=AXIS2_PLACEMENT_3D('',#1453,#1454,#1455);
#636=EDGE_LOOP('',(#1456,#1457,#1458,#1459));
#637=AXIS2_PLACEMENT_3D('',#1460,#1461,#1462);
#638=EDGE_LOOP('',(#1463,#1464,#1465,#1466,#1467));
#639=AXIS2_PLACEMENT_3D('',#1468,#1469,#1470);
#640=EDGE_LOOP('',(#1471,#1472,#1473,#1474,#1475));
#641=AXIS2_PLACEMENT_3D('',#1476,#1477,#1478);
#642=EDGE_LOOP('',(#1479,#1480,#1481,#1482,#1483));
#643=AXIS2_PLACEMENT_3D('',#1484,#1485,#1486);
#644=EDGE_LOOP('',(#1487,#1488,#1489,#1490,#1491));
#645=AXIS2_PLACEMENT_3D('',#1492,#1493,#1494);
#646=EDGE_LOOP('',(#1495,#1496,#1497,#1498));
#647=AXIS2_PLACEMENT_3D('',#1499,#1500,#1501);
#648=EDGE_LOOP('',(#1502,#1503,#1504,#1505,#1506));
#649=AXIS2_PLACEMENT_3D('',#1507,#1508,#1509);
#650=EDGE_LOOP('',(#1510,#1511,#1512,#1513,#1514));
#651=AXIS2_PLACEMENT_3D('',#1515,#1516,#1517);
#652=EDGE_LOOP('',(#1518,#1519,#1520,#1521,#1522));
#653=AXIS2_PLACEMENT_3D('',#1523,#1524,#1525);
#654=EDGE_LOOP('',(#1526,#1527,#1528,#1529,#1530));
#655=AXIS2_PLACEMENT_3D('',#1531,#1532,#1533);
#656=EDGE_LOOP('',(#1534,#1535,#1536,#1537));
#657=AXIS2_PLACEMENT_3D('',#1538,#1539,#1540);
#658=EDGE_LOOP('',(#1541,#1542,#1543,#1544));
#659=AXIS2_PLACEMENT_3D('',#1545,#1546,#1547);
#660=EDGE_LOOP('',(#1548,#1549,#1550,#1551));
#661=AXIS2_PLACEMENT_3D('',#1552,#1553,#1554);
#662=EDGE_LOOP('',(#1555,#1556,#1557,#1558));
#663=AXIS2_PLACEMENT_3D('',#1559,#1560,#1561);
#664=EDGE_LOOP('',(#1562,#1563,#1564,#1565));
#665=AXIS2_PLACEMENT_3D('',#1566,#1567,#1568);
#666=EDGE_LOOP('',(#1569,#1570,#1571,#1572));
#667=AXIS2_PLACEMENT_3D('',#1573,#1574,#1575);
#668=EDGE_LOOP('',(#1576,#1577,#1578,#1579));
#669=AXIS2_PLACEMENT_3D('',#1580,#1581,#1582);
#670=EDGE_LOOP('',(#1583,#1584,#1585,#1586));
#671=AXIS2_PLACEMENT_3D('',#1587,#1588,#1589);
#672=EDGE_LOOP('',(#1590,#1591,#1592,#1593));
#673=AXIS2_PLACEMENT_3D('',#1594,#1595,#1596);
#674=EDGE_LOOP('',(#1597,#1598,#1599,#1600));
#675=AXIS2_PLACEMENT_3D('',#1601,#1602,#1603);
#676=EDGE_LOOP('',(#1604,#1605,#1606,#1607));
#677=AXIS2_PLACEMENT_3D('',#1608,#1609,#1610);
#678=EDGE_LOOP('',(#1611,#1612,#1613,#1614));
#679=AXIS2_PLACEMENT_3D('',#1615,#1616,#1617);
#680=EDGE_LOOP('',(#1618,#1619,#1620,#1621));
#681=AXIS2_PLACEMENT_3D('',#1622,#1623,#1624);
#682=EDGE_LOOP('',(#1625,#1626,#1627,#1628));
#683=AXIS2_PLACEMENT_3D('',#1629,#1630,#1631);
#684=EDGE_LOOP('',(#1632,#1633,#1634,#1635));
#685=AXIS2_PLACEMENT_3D('',#1636,#1637,#1638);
#686=EDGE_LOOP('',(#1639,#1640,#1641,#1642));
#687=AXIS2_PLACEMENT_3D('',#1643,#1644,#1645);
#688=EDGE_LOOP('',(#1646,#1647,#1648,#1649));
#689=AXIS2_PLACEMENT_3D('',#1650,#1651,#1652);
#690=EDGE_LOOP('',(#1653,#1654,#1655,#1656,#1657));
#691=AXIS2_PLACEMENT_3D('',#1658,#1659,#1660);
#692=EDGE_LOOP('',(#1661,#1662,#1663,#1664,#1665));
#693=AXIS2_PLACEMENT_3D('',#1666,#1667,#1668);
#694=EDGE_LOOP('',(#1669,#1670,#1671,#1672,#1673));
#695=AXIS2_PLACEMENT_3D('',#1674,#1675,#1676);
#696=EDGE_LOOP('',(#1677,#1678,#1679,#1680,#1681));
#697=AXIS2_PLACEMENT_3D('',#1682,#1683,#1684);
#698=EDGE_LOOP('',(#1685,#1686,#1687,#1688));
#699=AXIS2_PLACEMENT_3D('',#1689,#1690,#1691);
#700=EDGE_LOOP('',(#1692,#1693,#1694,#1695,#1696));
#701=AXIS2_PLACEMENT_3D('',#1697,#1698,#1699);
#702=EDGE_LOOP('',(#1700,#1701,#1702,#1703,#1704));
#703=AXIS2_PLACEMENT_3D('',#1705,#1706,#1707);
#704=EDGE_LOOP('',(#1708,#1709,#1710,#1711,#1712));
#705=AXIS2_PLACEMENT_3D('',#1713,#1714,#1715);
#706=EDGE_LOOP('',(#1716,#1717,#1718,#1719,#1720));
#707=AXIS2_PLACEMENT_3D('',#1721,#1722,#1723);
#708=EDGE_LOOP('',(#1724,#1725,#1726,#1727));
#709=AXIS2_PLACEMENT_3D('',#1728,#1729,#1730);
#710=EDGE_LOOP('',(#1731,#1732,#1733,#1734));
#711=AXIS2_PLACEMENT_3D('',#1735,#1736,#1737);
#712=EDGE_LOOP('',(#1738,#1739,#1740,#1741));
#713=AXIS2_PLACEMENT_3D('',#1742,#1743,#1744);
#714=EDGE_LOOP('',(#1745,#1746,#1747,#1748));
#715=AXIS2_PLACEMENT_3D('',#1749,#1750,#1751);
#716=EDGE_LOOP('',(#1752,#1753,#1754,#1755));
#717=AXIS2_PLACEMENT_3D('',#1756,#1757,#1758);
#718=EDGE_LOOP('',(#1759,#1760,#1761,#1762));
#719=AXIS2_PLACEMENT_3D('',#1763,#1764,#1765);
#720=EDGE_LOOP('',(#1766,#1767,#1768,#1769));
#721=AXIS2_PLACEMENT_3D('',#1770,#1771,#1772);
#722=EDGE_LOOP('',(#1773,#1774,#1775,#1776));
#723=AXIS2_PLACEMENT_3D('',#1777,#1778,#1779);
#724=EDGE_LOOP('',(#1780,#1781,#1782,#1783));
#725=AXIS2_PLACEMENT_3D('',#1784,#1785,#1786);
#726=EDGE_LOOP('',(#1787,#1788,#1789,#1790));
#727=AXIS2_PLACEMENT_3D('',#1791,#1792,#1793);
#728=EDGE_LOOP('',(#1794,#1795,#1796,#1797));
#729=AXIS2_PLACEMENT_3D('',#1798,#1799,#1800);
#730=EDGE_LOOP('',(#1801,#1802,#1803,#1804));
#731=AXIS2_PLACEMENT_3D('',#1805,#1806,#1807);
#732=EDGE_LOOP('',(#1808,#1809,#1810,#1811));
#733=AXIS2_PLACEMENT_3D('',#1812,#1813,#1814);
#734=EDGE_LOOP('',(#1815,#1816,#1817,#1818));
#735=AXIS2_PLACEMENT_3D('',#1819,#1820,#1821);
#736=EDGE_LOOP('',(#1822,#1823,#1824,#1825));
#737=AXIS2_PLACEMENT_3D('',#1826,#1827,#1828);
#738=EDGE_LOOP('',(#1829,#1830,#1831,#1832));
#739=AXIS2_PLACEMENT_3D('',#1833,#1834,#1835);
#740=EDGE_LOOP('',(#1836,#1837,#1838,#1839));
#741=AXIS2_PLACEMENT_3D('',#1840,#1841,#1842);
#742=EDGE_LOOP('',(#1843,#1844,#1845,#1846));
#743=AXIS2_PLACEMENT_3D('',#1847,#1848,#1849);
#744=EDGE_LOOP('',(#1850,#1851,#1852,#1853));
#745=AXIS2_PLACEMENT_3D('',#1854,#1855,#1856);
#746=EDGE_LOOP('',(#1857,#1858,#1859,#1860));
#747=AXIS2_PLACEMENT_3D('',#1861,#1862,#1863);
#748=EDGE_LOOP('',(#1864,#1865,#1866,#1867));
#749=AXIS2_PLACEMENT_3D('',#1868,#1869,#1870);
#750=EDGE_LOOP('',(#1871,#1872,#1873,#1874));
#751=AXIS2_PLACEMENT_3D('',#1875,#1876,#1877);
#752=EDGE_LOOP('',(#1878,#1879,#1880,#1881));
#753=AXIS2_PLACEMENT_3D('',#1882,#1883,#1884);
#754=EDGE_LOOP('',(#1885,#1886,#1887,#1888));
#755=AXIS2_PLACEMENT_3D('',#1889,#1890,#1891);
#756=EDGE_LOOP('',(#1892,#1893,#1894,#1895));
#757=AXIS2_PLACEMENT_3D('',#1896,#1897,#1898);
#758=EDGE_LOOP('',(#1899,#1900,#1901,#1902,#1903));
#759=AXIS2_PLACEMENT_3D('',#1904,#1905,#1906);
#760=EDGE_LOOP('',(#1907,#1908,#1909,#1910));
#761=AXIS2_PLACEMENT_3D('',#1911,#1912,#1913);
#762=CIRCLE('',#1914,0.7);
#763=CIRCLE('',#1915,0.7);
#764=CIRCLE('',#1916,0.7);
#765=CIRCLE('',#1917,0.7);
#766=CIRCLE('',#1918,0.7);
#767=CIRCLE('',#1919,0.7);
#768=CIRCLE('',#1920,0.7);
#769=CIRCLE('',#1921,0.7);
#770=ORIENTED_EDGE('',*,*,#1922,.F.);
#771=ORIENTED_EDGE('',*,*,#1923,.T.);
#772=ORIENTED_EDGE('',*,*,#1924,.T.);
#773=ORIENTED_EDGE('',*,*,#1925,.F.);
#774=CARTESIAN_POINT('',(4.8,12.8,2.6));
#775=DIRECTION('',(0.0,1.0,-0.0));
#776=DIRECTION('',(1.0,0.0,0.0));
#777=ORIENTED_EDGE('',*,*,#1926,.T.);
#778=ORIENTED_EDGE('',*,*,#1927,.F.);
#779=ORIENTED_EDGE('',*,*,#1928,.F.);
#780=ORIENTED_EDGE('',*,*,#1929,.F.);
#781=ORIENTED_EDGE('',*,*,#1930,.F.);
#782=ORIENTED_EDGE('',*,*,#1931,.F.);
#783=CARTESIAN_POINT('',(-4.8,0.0,0.0));
#784=DIRECTION('',(1.0,0.0,0.0));
#785=DIRECTION('',(0.0,1.0,0.0));
#786=ORIENTED_EDGE('',*,*,#1932,.F.);
#787=ORIENTED_EDGE('',*,*,#1933,.F.);
#788=ORIENTED_EDGE('',*,*,#1934,.F.);
#789=ORIENTED_EDGE('',*,*,#1935,.T.);
#790=ORIENTED_EDGE('',*,*,#1936,.T.);
#791=ORIENTED_EDGE('',*,*,#1937,.T.);
#792=CARTESIAN_POINT('',(-4.8,0.0,0.0));
#793=DIRECTION('',(1.0,0.0,0.0));
#794=DIRECTION('',(0.0,1.0,0.0));
#795=ORIENTED_EDGE('',*,*,#1938,.F.);
#796=ORIENTED_EDGE('',*,*,#1931,.T.);
#797=ORIENTED_EDGE('',*,*,#1939,.T.);
#798=ORIENTED_EDGE('',*,*,#1940,.T.);
#799=CARTESIAN_POINT('',(-4.8,12.8,-1.59));
#800=DIRECTION('',(-0.707106781186548,0.0,0.707106781186548));
#801=DIRECTION('',(0.0,1.0,0.0));
#802=ORIENTED_EDGE('',*,*,#1941,.T.);
#803=ORIENTED_EDGE('',*,*,#1942,.T.);
#804=ORIENTED_EDGE('',*,*,#1943,.F.);
#805=ORIENTED_EDGE('',*,*,#1940,.F.);
#806=CARTESIAN_POINT('',(-5.2,12.8,-1.99));
#807=DIRECTION('',(-1.0,0.0,0.0));
#808=DIRECTION('',(0.0,0.0,1.0));
#809=ORIENTED_EDGE('',*,*,#1944,.T.);
#810=ORIENTED_EDGE('',*,*,#1945,.T.);
#811=ORIENTED_EDGE('',*,*,#1946,.T.);
#812=ORIENTED_EDGE('',*,*,#1947,.F.);
#813=ORIENTED_EDGE('',*,*,#1948,.T.);
#814=ORIENTED_EDGE('',*,*,#1949,.T.);
#815=ORIENTED_EDGE('',*,*,#1950,.T.);
#816=ORIENTED_EDGE('',*,*,#1925,.T.);
#817=ORIENTED_EDGE('',*,*,#1951,.T.);
#818=ORIENTED_EDGE('',*,*,#1952,.T.);
#819=ORIENTED_EDGE('',*,*,#1953,.F.);
#820=CARTESIAN_POINT('',(-4.8,0.2,0.0));
#821=DIRECTION('',(0.0,-1.0,0.0));
#822=DIRECTION('',(0.0,0.0,-1.0));
#823=ORIENTED_EDGE('',*,*,#1954,.T.);
#824=ORIENTED_EDGE('',*,*,#1926,.F.);
#825=ORIENTED_EDGE('',*,*,#1938,.T.);
#826=ORIENTED_EDGE('',*,*,#1943,.T.);
#827=ORIENTED_EDGE('',*,*,#1955,.T.);
#828=ORIENTED_EDGE('',*,*,#1936,.F.);
#829=ORIENTED_EDGE('',*,*,#1956,.T.);
#830=ORIENTED_EDGE('',*,*,#1957,.T.);
#831=ORIENTED_EDGE('',*,*,#1958,.T.);
#832=ORIENTED_EDGE('',*,*,#1959,.T.);
#833=ORIENTED_EDGE('',*,*,#1960,.T.);
#834=ORIENTED_EDGE('',*,*,#1961,.T.);
#835=CARTESIAN_POINT('',(-4.8,0.2,0.0));
#836=DIRECTION('',(0.0,-1.0,0.0));
#837=DIRECTION('',(0.0,0.0,-1.0));
#838=ORIENTED_EDGE('',*,*,#1962,.T.);
#839=ORIENTED_EDGE('',*,*,#1963,.F.);
#840=ORIENTED_EDGE('',*,*,#1964,.F.);
#841=ORIENTED_EDGE('',*,*,#1953,.T.);
#842=CARTESIAN_POINT('',(3.4,0.0,0.5));
#843=DIRECTION('',(1.0,0.0,0.0));
#844=DIRECTION('',(0.0,1.0,0.0));
#845=ORIENTED_EDGE('',*,*,#1965,.F.);
#846=ORIENTED_EDGE('',*,*,#1966,.F.);
#847=ORIENTED_EDGE('',*,*,#1967,.T.);
#848=ORIENTED_EDGE('',*,*,#1968,.F.);
#849=ORIENTED_EDGE('',*,*,#1969,.T.);
#850=ORIENTED_EDGE('',*,*,#1970,.F.);
#851=ORIENTED_EDGE('',*,*,#1971,.F.);
#852=ORIENTED_EDGE('',*,*,#1972,.F.);
#853=ORIENTED_EDGE('',*,*,#1960,.F.);
#854=ORIENTED_EDGE('',*,*,#1973,.F.);
#855=ORIENTED_EDGE('',*,*,#1974,.T.);
#856=ORIENTED_EDGE('',*,*,#1975,.T.);
#857=ORIENTED_EDGE('',*,*,#1944,.F.);
#858=ORIENTED_EDGE('',*,*,#1964,.T.);
#859=ORIENTED_EDGE('',*,*,#1976,.F.);
#860=ORIENTED_EDGE('',*,*,#1977,.F.);
#861=CARTESIAN_POINT('',(1.1,0.0,0.5));
#862=DIRECTION('',(0.0,0.0,-1.0));
#863=DIRECTION('',(0.0,-1.0,0.0));
#864=ORIENTED_EDGE('',*,*,#1977,.T.);
#865=ORIENTED_EDGE('',*,*,#1978,.F.);
#866=ORIENTED_EDGE('',*,*,#1979,.T.);
#867=ORIENTED_EDGE('',*,*,#1980,.T.);
#868=CARTESIAN_POINT('',(0.8,3.7,3.8));
#869=DIRECTION('',(1.0,0.0,0.0));
#870=DIRECTION('',(0.0,1.0,0.0));
#871=ORIENTED_EDGE('',*,*,#1965,.T.);
#872=ORIENTED_EDGE('',*,*,#1980,.F.);
#873=ORIENTED_EDGE('',*,*,#1981,.T.);
#874=ORIENTED_EDGE('',*,*,#1982,.T.);
#875=ORIENTED_EDGE('',*,*,#1983,.T.);
#876=ORIENTED_EDGE('',*,*,#1984,.T.);
#877=ORIENTED_EDGE('',*,*,#1985,.T.);
#878=ORIENTED_EDGE('',*,*,#1986,.T.);
#879=ORIENTED_EDGE('',*,*,#1987,.T.);
#880=ORIENTED_EDGE('',*,*,#1988,.F.);
#881=ORIENTED_EDGE('',*,*,#1989,.F.);
#882=ORIENTED_EDGE('',*,*,#1990,.T.);
#883=CARTESIAN_POINT('',(-4.8,3.7,-4.8));
#884=DIRECTION('',(-0.0,1.0,0.0));
#885=DIRECTION('',(1.0,0.0,0.0));
#886=ORIENTED_EDGE('',*,*,#1991,.T.);
#887=ORIENTED_EDGE('',*,*,#1992,.T.);
#888=ORIENTED_EDGE('',*,*,#1993,.T.);
#889=ORIENTED_EDGE('',*,*,#1994,.T.);
#890=ORIENTED_EDGE('',*,*,#1995,.T.);
#891=ORIENTED_EDGE('',*,*,#1996,.T.);
#892=ORIENTED_EDGE('',*,*,#1997,.T.);
#893=ORIENTED_EDGE('',*,*,#1998,.F.);
#894=ORIENTED_EDGE('',*,*,#1999,.T.);
#895=ORIENTED_EDGE('',*,*,#2000,.F.);
#896=ORIENTED_EDGE('',*,*,#2001,.F.);
#897=ORIENTED_EDGE('',*,*,#2002,.T.);
#898=CARTESIAN_POINT('',(-4.8,3.7,-4.8));
#899=DIRECTION('',(-0.0,1.0,0.0));
#900=DIRECTION('',(1.0,0.0,0.0));
#901=ORIENTED_EDGE('',*,*,#2003,.F.);
#902=ORIENTED_EDGE('',*,*,#2004,.T.);
#903=ORIENTED_EDGE('',*,*,#2005,.T.);
#904=ORIENTED_EDGE('',*,*,#1982,.F.);
#905=ORIENTED_EDGE('',*,*,#2006,.T.);
#906=ORIENTED_EDGE('',*,*,#2007,.T.);
#907=ORIENTED_EDGE('',*,*,#1966,.T.);
#908=ORIENTED_EDGE('',*,*,#1986,.F.);
#909=CARTESIAN_POINT('',(0.3,12.8,0.3));
#910=DIRECTION('',(-1.0,0.0,0.0));
#911=DIRECTION('',(0.0,0.0,1.0));
#912=ORIENTED_EDGE('',*,*,#2008,.F.);
#913=ORIENTED_EDGE('',*,*,#1967,.F.);
#914=ORIENTED_EDGE('',*,*,#2007,.F.);
#915=ORIENTED_EDGE('',*,*,#2009,.T.);
#916=CARTESIAN_POINT('',(-0.3,2.7,3.8));
#917=DIRECTION('',(-0.0,1.0,0.0));
#918=DIRECTION('',(1.0,0.0,0.0));
#919=ORIENTED_EDGE('',*,*,#2010,.F.);
#920=ORIENTED_EDGE('',*,*,#1927,.T.);
#921=ORIENTED_EDGE('',*,*,#1954,.F.);
#922=ORIENTED_EDGE('',*,*,#2011,.T.);
#923=ORIENTED_EDGE('',*,*,#2012,.F.);
#924=ORIENTED_EDGE('',*,*,#2013,.F.);
#925=CARTESIAN_POINT('',(1.1,0.0,3.8));
#926=DIRECTION('',(0.0,0.0,-1.0));
#927=DIRECTION('',(0.0,-1.0,0.0));
#928=ORIENTED_EDGE('',*,*,#2014,.F.);
#929=ORIENTED_EDGE('',*,*,#2015,.F.);
#930=ORIENTED_EDGE('',*,*,#2016,.F.);
#931=ORIENTED_EDGE('',*,*,#2017,.F.);
#932=ORIENTED_EDGE('',*,*,#1962,.F.);
#933=ORIENTED_EDGE('',*,*,#1952,.F.);
#934=CARTESIAN_POINT('',(1.1,0.0,3.8));
#935=DIRECTION('',(0.0,0.0,-1.0));
#936=DIRECTION('',(0.0,-1.0,0.0));
#937=ORIENTED_EDGE('',*,*,#2018,.F.);
#938=ORIENTED_EDGE('',*,*,#2019,.F.);
#939=ORIENTED_EDGE('',*,*,#2009,.F.);
#940=ORIENTED_EDGE('',*,*,#2006,.F.);
#941=ORIENTED_EDGE('',*,*,#1981,.F.);
#942=ORIENTED_EDGE('',*,*,#1979,.F.);
#943=ORIENTED_EDGE('',*,*,#2020,.F.);
#944=ORIENTED_EDGE('',*,*,#2021,.F.);
#945=ORIENTED_EDGE('',*,*,#2022,.F.);
#946=ORIENTED_EDGE('',*,*,#2023,.F.);
#947=ORIENTED_EDGE('',*,*,#2024,.F.);
#948=ORIENTED_EDGE('',*,*,#2025,.F.);
#949=CARTESIAN_POINT('',(1.1,0.0,3.8));
#950=DIRECTION('',(0.0,0.0,-1.0));
#951=DIRECTION('',(0.0,-1.0,0.0));
#952=ORIENTED_EDGE('',*,*,#2013,.T.);
#953=ORIENTED_EDGE('',*,*,#2026,.F.);
#954=ORIENTED_EDGE('',*,*,#2027,.F.);
#955=ORIENTED_EDGE('',*,*,#2028,.T.);
#956=CARTESIAN_POINT('',(-3.1,0.0,4.8));
#957=DIRECTION('',(-1.0,0.0,0.0));
#958=DIRECTION('',(0.0,0.0,1.0));
#959=ORIENTED_EDGE('',*,*,#2029,.F.);
#960=ORIENTED_EDGE('',*,*,#2030,.F.);
#961=ORIENTED_EDGE('',*,*,#2031,.F.);
#962=ORIENTED_EDGE('',*,*,#1974,.F.);
#963=CARTESIAN_POINT('',(-4.8,0.0,4.8));
#964=DIRECTION('',(0.0,-1.0,0.0));
#965=DIRECTION('',(0.0,0.0,-1.0));
#966=ORIENTED_EDGE('',*,*,#2032,.T.);
#967=ORIENTED_EDGE('',*,*,#2015,.T.);
#968=ORIENTED_EDGE('',*,*,#2033,.F.);
#969=ORIENTED_EDGE('',*,*,#2034,.F.);
#970=CARTESIAN_POINT('',(-4.8,0.0,4.8));
#971=DIRECTION('',(0.0,-1.0,0.0));
#972=DIRECTION('',(0.0,0.0,-1.0));
#973=ORIENTED_EDGE('',*,*,#2035,.F.);
#974=ORIENTED_EDGE('',*,*,#2036,.F.);
#975=ORIENTED_EDGE('',*,*,#2037,.F.);
#976=ORIENTED_EDGE('',*,*,#2038,.T.);
#977=CARTESIAN_POINT('',(-4.8,0.0,4.8));
#978=DIRECTION('',(0.0,-1.0,0.0));
#979=DIRECTION('',(0.0,0.0,-1.0));
#980=ORIENTED_EDGE('',*,*,#1928,.T.);
#981=ORIENTED_EDGE('',*,*,#2010,.T.);
#982=ORIENTED_EDGE('',*,*,#2028,.F.);
#983=ORIENTED_EDGE('',*,*,#2039,.F.);
#984=CARTESIAN_POINT('',(-4.8,0.0,4.8));
#985=DIRECTION('',(0.0,-1.0,0.0));
#986=DIRECTION('',(0.0,0.0,-1.0));
#987=ORIENTED_EDGE('',*,*,#2040,.T.);
#988=ORIENTED_EDGE('',*,*,#2022,.T.);
#989=ORIENTED_EDGE('',*,*,#2041,.F.);
#990=ORIENTED_EDGE('',*,*,#2042,.F.);
#991=CARTESIAN_POINT('',(-4.8,0.0,4.8));
#992=DIRECTION('',(0.0,-1.0,0.0));
#993=DIRECTION('',(0.0,0.0,-1.0));
#994=ORIENTED_EDGE('',*,*,#2043,.T.);
#995=ORIENTED_EDGE('',*,*,#2044,.F.);
#996=ORIENTED_EDGE('',*,*,#1934,.T.);
#997=ORIENTED_EDGE('',*,*,#2045,.T.);
#998=CARTESIAN_POINT('',(-4.8,0.0,4.8));
#999=DIRECTION('',(0.0,-1.0,0.0));
#1000=DIRECTION('',(0.0,0.0,-1.0));
#1001=ORIENTED_EDGE('',*,*,#2046,.T.);
#1002=ORIENTED_EDGE('',*,*,#2047,.F.);
#1003=ORIENTED_EDGE('',*,*,#2048,.F.);
#1004=ORIENTED_EDGE('',*,*,#2049,.T.);
#1005=CARTESIAN_POINT('',(-4.8,0.0,4.8));
#1006=DIRECTION('',(0.0,-1.0,0.0));
#1007=DIRECTION('',(0.0,0.0,-1.0));
#1008=ORIENTED_EDGE('',*,*,#2050,.T.);
#1009=ORIENTED_EDGE('',*,*,#1945,.F.);
#1010=ORIENTED_EDGE('',*,*,#1975,.F.);
#1011=ORIENTED_EDGE('',*,*,#2031,.T.);
#1012=CARTESIAN_POINT('',(3.8,0.0,0.5));
#1013=DIRECTION('',(-1.0,0.0,0.0));
#1014=DIRECTION('',(0.0,0.0,1.0));
#1015=ORIENTED_EDGE('',*,*,#2051,.F.);
#1016=ORIENTED_EDGE('',*,*,#2052,.F.);
#1017=ORIENTED_EDGE('',*,*,#2053,.F.);
#1018=ORIENTED_EDGE('',*,*,#2054,.F.);
#1019=ORIENTED_EDGE('',*,*,#2055,.F.);
#1020=ORIENTED_EDGE('',*,*,#2056,.F.);
#1021=ORIENTED_EDGE('',*,*,#2057,.F.);
#1022=ORIENTED_EDGE('',*,*,#2058,.F.);
#1023=ORIENTED_EDGE('',*,*,#1946,.F.);
#1024=ORIENTED_EDGE('',*,*,#2050,.F.);
#1025=ORIENTED_EDGE('',*,*,#2030,.T.);
#1026=ORIENTED_EDGE('',*,*,#2059,.T.);
#1027=ORIENTED_EDGE('',*,*,#1958,.F.);
#1028=ORIENTED_EDGE('',*,*,#2060,.T.);
#1029=ORIENTED_EDGE('',*,*,#2061,.F.);
#1030=ORIENTED_EDGE('',*,*,#2062,.F.);
#1031=CARTESIAN_POINT('',(3.4,0.0,-0.5));
#1032=DIRECTION('',(0.0,0.0,-1.0));
#1033=DIRECTION('',(0.0,-1.0,0.0));
#1034=ORIENTED_EDGE('',*,*,#2063,.T.);
#1035=ORIENTED_EDGE('',*,*,#2064,.T.);
#1036=ORIENTED_EDGE('',*,*,#2065,.F.);
#1037=ORIENTED_EDGE('',*,*,#2062,.T.);
#1038=CARTESIAN_POINT('',(-0.8,0.0,-0.5));
#1039=DIRECTION('',(-1.0,0.0,0.0));
#1040=DIRECTION('',(0.0,0.0,1.0));
#1041=ORIENTED_EDGE('',*,*,#2066,.T.);
#1042=ORIENTED_EDGE('',*,*,#2067,.T.);
#1043=ORIENTED_EDGE('',*,*,#2068,.T.);
#1044=ORIENTED_EDGE('',*,*,#2069,.T.);
#1045=ORIENTED_EDGE('',*,*,#2070,.T.);
#1046=ORIENTED_EDGE('',*,*,#2071,.T.);
#1047=ORIENTED_EDGE('',*,*,#2072,.T.);
#1048=ORIENTED_EDGE('',*,*,#1969,.F.);
#1049=ORIENTED_EDGE('',*,*,#2073,.T.);
#1050=ORIENTED_EDGE('',*,*,#2074,.F.);
#1051=ORIENTED_EDGE('',*,*,#2075,.F.);
#1052=ORIENTED_EDGE('',*,*,#2076,.F.);
#1053=CARTESIAN_POINT('',(-4.8,3.7,-4.8));
#1054=DIRECTION('',(-0.0,1.0,0.0));
#1055=DIRECTION('',(1.0,0.0,0.0));
#1056=ORIENTED_EDGE('',*,*,#2051,.T.);
#1057=ORIENTED_EDGE('',*,*,#2065,.T.);
#1058=ORIENTED_EDGE('',*,*,#2077,.F.);
#1059=ORIENTED_EDGE('',*,*,#2078,.T.);
#1060=ORIENTED_EDGE('',*,*,#2079,.T.);
#1061=ORIENTED_EDGE('',*,*,#2080,.T.);
#1062=ORIENTED_EDGE('',*,*,#2081,.T.);
#1063=ORIENTED_EDGE('',*,*,#2082,.T.);
#1064=ORIENTED_EDGE('',*,*,#2083,.T.);
#1065=ORIENTED_EDGE('',*,*,#2084,.F.);
#1066=ORIENTED_EDGE('',*,*,#2085,.F.);
#1067=ORIENTED_EDGE('',*,*,#2086,.F.);
#1068=CARTESIAN_POINT('',(-4.8,3.7,-4.8));
#1069=DIRECTION('',(-0.0,1.0,0.0));
#1070=DIRECTION('',(1.0,0.0,0.0));
#1071=ORIENTED_EDGE('',*,*,#2087,.T.);
#1072=ORIENTED_EDGE('',*,*,#1970,.T.);
#1073=ORIENTED_EDGE('',*,*,#2072,.F.);
#1074=ORIENTED_EDGE('',*,*,#2088,.T.);
#1075=ORIENTED_EDGE('',*,*,#2025,.T.);
#1076=CARTESIAN_POINT('',(-0.8,0.0,3.8));
#1077=DIRECTION('',(-1.0,0.0,0.0));
#1078=DIRECTION('',(0.0,0.0,1.0));
#1079=ORIENTED_EDGE('',*,*,#2089,.F.);
#1080=ORIENTED_EDGE('',*,*,#2090,.T.);
#1081=ORIENTED_EDGE('',*,*,#2018,.T.);
#1082=ORIENTED_EDGE('',*,*,#2088,.F.);
#1083=CARTESIAN_POINT('',(-0.8,3.7,3.8));
#1084=DIRECTION('',(-0.0,1.0,0.0));
#1085=DIRECTION('',(1.0,0.0,0.0));
#1086=ORIENTED_EDGE('',*,*,#2008,.T.);
#1087=ORIENTED_EDGE('',*,*,#2019,.T.);
#1088=ORIENTED_EDGE('',*,*,#2090,.F.);
#1089=ORIENTED_EDGE('',*,*,#2091,.F.);
#1090=ORIENTED_EDGE('',*,*,#2092,.T.);
#1091=ORIENTED_EDGE('',*,*,#2093,.T.);
#1092=ORIENTED_EDGE('',*,*,#2066,.F.);
#1093=ORIENTED_EDGE('',*,*,#1968,.T.);
#1094=CARTESIAN_POINT('',(-0.3,3.7,3.8));
#1095=DIRECTION('',(1.0,0.0,0.0));
#1096=DIRECTION('',(0.0,1.0,0.0));
#1097=ORIENTED_EDGE('',*,*,#2094,.T.);
#1098=ORIENTED_EDGE('',*,*,#2067,.F.);
#1099=ORIENTED_EDGE('',*,*,#2093,.F.);
#1100=ORIENTED_EDGE('',*,*,#2095,.T.);
#1101=CARTESIAN_POINT('',(-0.3,12.8,0.3));
#1102=DIRECTION('',(0.0,0.0,-1.0));
#1103=DIRECTION('',(0.0,-1.0,0.0));
#1104=ORIENTED_EDGE('',*,*,#2096,.F.);
#1105=ORIENTED_EDGE('',*,*,#1932,.T.);
#1106=ORIENTED_EDGE('',*,*,#2097,.F.);
#1107=ORIENTED_EDGE('',*,*,#1941,.F.);
#1108=ORIENTED_EDGE('',*,*,#1939,.F.);
#1109=ORIENTED_EDGE('',*,*,#1930,.T.);
#1110=ORIENTED_EDGE('',*,*,#2098,.T.);
#1111=ORIENTED_EDGE('',*,*,#2099,.F.);
#1112=ORIENTED_EDGE('',*,*,#1923,.F.);
#1113=ORIENTED_EDGE('',*,*,#2100,.F.);
#1114=ORIENTED_EDGE('',*,*,#2101,.F.);
#1115=ORIENTED_EDGE('',*,*,#2102,.F.);
#1116=ORIENTED_EDGE('',*,*,#2103,.F.);
#1117=ORIENTED_EDGE('',*,*,#2104,.F.);
#1118=ORIENTED_EDGE('',*,*,#2004,.F.);
#1119=ORIENTED_EDGE('',*,*,#2105,.F.);
#1120=ORIENTED_EDGE('',*,*,#2106,.F.);
#1121=ORIENTED_EDGE('',*,*,#2107,.F.);
#1122=ORIENTED_EDGE('',*,*,#2108,.F.);
#1123=ORIENTED_EDGE('',*,*,#2109,.F.);
#1124=ORIENTED_EDGE('',*,*,#2110,.F.);
#1125=ORIENTED_EDGE('',*,*,#2111,.F.);
#1126=ORIENTED_EDGE('',*,*,#2112,.F.);
#1127=ORIENTED_EDGE('',*,*,#2113,.F.);
#1128=ORIENTED_EDGE('',*,*,#2114,.F.);
#1129=ORIENTED_EDGE('',*,*,#2115,.F.);
#1130=ORIENTED_EDGE('',*,*,#2116,.F.);
#1131=ORIENTED_EDGE('',*,*,#2095,.F.);
#1132=ORIENTED_EDGE('',*,*,#2092,.F.);
#1133=ORIENTED_EDGE('',*,*,#2117,.F.);
#1134=ORIENTED_EDGE('',*,*,#2118,.F.);
#1135=ORIENTED_EDGE('',*,*,#2119,.F.);
#1136=ORIENTED_EDGE('',*,*,#2120,.F.);
#1137=CARTESIAN_POINT('',(-4.8,12.8,-4.8));
#1138=DIRECTION('',(-0.0,1.0,0.0));
#1139=DIRECTION('',(1.0,0.0,0.0));
#1140=ORIENTED_EDGE('',*,*,#2121,.F.);
#1141=ORIENTED_EDGE('',*,*,#2122,.F.);
#1142=ORIENTED_EDGE('',*,*,#2123,.T.);
#1143=ORIENTED_EDGE('',*,*,#2103,.T.);
#1144=CARTESIAN_POINT('',(-1.7,10.45,-6.2));
#1145=DIRECTION('',(0.0,0.511805175094575,-0.859101543908758));
#1146=DIRECTION('',(-1.0,0.0,0.0));
#1147=ORIENTED_EDGE('',*,*,#2123,.F.);
#1148=ORIENTED_EDGE('',*,*,#2124,.F.);
#1149=ORIENTED_EDGE('',*,*,#2125,.F.);
#1150=ORIENTED_EDGE('',*,*,#2126,.F.);
#1151=CARTESIAN_POINT('',(-1.7,0.0,0.0));
#1152=DIRECTION('',(1.0,0.0,0.0));
#1153=DIRECTION('',(0.0,1.0,0.0));
#1154=ORIENTED_EDGE('',*,*,#1933,.T.);
#1155=ORIENTED_EDGE('',*,*,#2096,.T.);
#1156=ORIENTED_EDGE('',*,*,#2126,.T.);
#1157=ORIENTED_EDGE('',*,*,#2127,.T.);
#1158=ORIENTED_EDGE('',*,*,#2128,.F.);
#1159=ORIENTED_EDGE('',*,*,#2102,.T.);
#1160=ORIENTED_EDGE('',*,*,#2129,.F.);
#1161=ORIENTED_EDGE('',*,*,#2038,.F.);
#1162=ORIENTED_EDGE('',*,*,#2130,.T.);
#1163=ORIENTED_EDGE('',*,*,#2131,.F.);
#1164=ORIENTED_EDGE('',*,*,#2132,.F.);
#1165=ORIENTED_EDGE('',*,*,#2049,.F.);
#1166=ORIENTED_EDGE('',*,*,#2133,.T.);
#1167=ORIENTED_EDGE('',*,*,#2134,.F.);
#1168=ORIENTED_EDGE('',*,*,#2135,.F.);
#1169=ORIENTED_EDGE('',*,*,#2045,.F.);
#1170=CARTESIAN_POINT('',(-4.8,0.0,-4.8));
#1171=DIRECTION('',(0.0,0.0,-1.0));
#1172=DIRECTION('',(0.0,-1.0,0.0));
#1173=ORIENTED_EDGE('',*,*,#2135,.T.);
#1174=ORIENTED_EDGE('',*,*,#2136,.F.);
#1175=ORIENTED_EDGE('',*,*,#2137,.T.);
#1176=ORIENTED_EDGE('',*,*,#2043,.F.);
#1177=CARTESIAN_POINT('',(-3.1,0.0,-3.8));
#1178=DIRECTION('',(-1.0,0.0,0.0));
#1179=DIRECTION('',(0.0,0.0,1.0));
#1180=ORIENTED_EDGE('',*,*,#1935,.F.);
#1181=ORIENTED_EDGE('',*,*,#2044,.T.);
#1182=ORIENTED_EDGE('',*,*,#2137,.F.);
#1183=ORIENTED_EDGE('',*,*,#2138,.F.);
#1184=ORIENTED_EDGE('',*,*,#2139,.F.);
#1185=ORIENTED_EDGE('',*,*,#1956,.F.);
#1186=CARTESIAN_POINT('',(3.4,0.0,-3.8));
#1187=DIRECTION('',(0.0,0.0,-1.0));
#1188=DIRECTION('',(0.0,-1.0,0.0));
#1189=ORIENTED_EDGE('',*,*,#2036,.T.);
#1190=ORIENTED_EDGE('',*,*,#2140,.T.);
#1191=ORIENTED_EDGE('',*,*,#1948,.F.);
#1192=ORIENTED_EDGE('',*,*,#2141,.T.);
#1193=ORIENTED_EDGE('',*,*,#2142,.F.);
#1194=ORIENTED_EDGE('',*,*,#2143,.F.);
#1195=CARTESIAN_POINT('',(3.4,0.0,-3.8));
#1196=DIRECTION('',(0.0,0.0,-1.0));
#1197=DIRECTION('',(0.0,-1.0,0.0));
#1198=ORIENTED_EDGE('',*,*,#1997,.F.);
#1199=ORIENTED_EDGE('',*,*,#2144,.F.);
#1200=ORIENTED_EDGE('',*,*,#2145,.T.);
#1201=ORIENTED_EDGE('',*,*,#2146,.F.);
#1202=ORIENTED_EDGE('',*,*,#2077,.T.);
#1203=ORIENTED_EDGE('',*,*,#2064,.F.);
#1204=ORIENTED_EDGE('',*,*,#2147,.F.);
#1205=ORIENTED_EDGE('',*,*,#2148,.F.);
#1206=ORIENTED_EDGE('',*,*,#2047,.T.);
#1207=ORIENTED_EDGE('',*,*,#2149,.F.);
#1208=ORIENTED_EDGE('',*,*,#2150,.F.);
#1209=ORIENTED_EDGE('',*,*,#2151,.F.);
#1210=CARTESIAN_POINT('',(3.4,0.0,-3.8));
#1211=DIRECTION('',(0.0,0.0,-1.0));
#1212=DIRECTION('',(0.0,-1.0,0.0));
#1213=ORIENTED_EDGE('',*,*,#2139,.T.);
#1214=ORIENTED_EDGE('',*,*,#2152,.F.);
#1215=ORIENTED_EDGE('',*,*,#2060,.F.);
#1216=ORIENTED_EDGE('',*,*,#1957,.F.);
#1217=CARTESIAN_POINT('',(-3.4,0.0,-0.5));
#1218=DIRECTION('',(-1.0,0.0,0.0));
#1219=DIRECTION('',(0.0,0.0,1.0));
#1220=ORIENTED_EDGE('',*,*,#2087,.F.);
#1221=ORIENTED_EDGE('',*,*,#2024,.T.);
#1222=ORIENTED_EDGE('',*,*,#2153,.T.);
#1223=ORIENTED_EDGE('',*,*,#2154,.F.);
#1224=ORIENTED_EDGE('',*,*,#2026,.T.);
#1225=ORIENTED_EDGE('',*,*,#2012,.T.);
#1226=ORIENTED_EDGE('',*,*,#2155,.T.);
#1227=ORIENTED_EDGE('',*,*,#1971,.T.);
#1228=ORIENTED_EDGE('',*,*,#2156,.T.);
#1229=ORIENTED_EDGE('',*,*,#2157,.T.);
#1230=ORIENTED_EDGE('',*,*,#2158,.F.);
#1231=ORIENTED_EDGE('',*,*,#2159,.F.);
#1232=CARTESIAN_POINT('',(-4.8,0.8,4.8));
#1233=DIRECTION('',(0.0,-1.0,0.0));
#1234=DIRECTION('',(0.0,0.0,-1.0));
#1235=ORIENTED_EDGE('',*,*,#2063,.F.);
#1236=ORIENTED_EDGE('',*,*,#2061,.T.);
#1237=ORIENTED_EDGE('',*,*,#2152,.T.);
#1238=ORIENTED_EDGE('',*,*,#2138,.T.);
#1239=ORIENTED_EDGE('',*,*,#2136,.T.);
#1240=ORIENTED_EDGE('',*,*,#2134,.T.);
#1241=ORIENTED_EDGE('',*,*,#2160,.T.);
#1242=ORIENTED_EDGE('',*,*,#2147,.T.);
#1243=ORIENTED_EDGE('',*,*,#2161,.T.);
#1244=ORIENTED_EDGE('',*,*,#2162,.T.);
#1245=ORIENTED_EDGE('',*,*,#2163,.F.);
#1246=ORIENTED_EDGE('',*,*,#2164,.F.);
#1247=CARTESIAN_POINT('',(-4.8,0.8,4.8));
#1248=DIRECTION('',(0.0,-1.0,0.0));
#1249=DIRECTION('',(0.0,0.0,-1.0));
#1250=ORIENTED_EDGE('',*,*,#1972,.T.);
#1251=ORIENTED_EDGE('',*,*,#2155,.F.);
#1252=ORIENTED_EDGE('',*,*,#2011,.F.);
#1253=ORIENTED_EDGE('',*,*,#1961,.F.);
#1254=CARTESIAN_POINT('',(-3.4,0.0,3.8));
#1255=DIRECTION('',(-1.0,0.0,0.0));
#1256=DIRECTION('',(0.0,0.0,1.0));
#1257=ORIENTED_EDGE('',*,*,#2027,.T.);
#1258=ORIENTED_EDGE('',*,*,#2154,.T.);
#1259=ORIENTED_EDGE('',*,*,#2165,.F.);
#1260=ORIENTED_EDGE('',*,*,#2042,.T.);
#1261=ORIENTED_EDGE('',*,*,#2166,.T.);
#1262=ORIENTED_EDGE('',*,*,#2167,.T.);
#1263=ORIENTED_EDGE('',*,*,#2168,.F.);
#1264=ORIENTED_EDGE('',*,*,#2034,.T.);
#1265=ORIENTED_EDGE('',*,*,#2169,.F.);
#1266=ORIENTED_EDGE('',*,*,#2098,.F.);
#1267=ORIENTED_EDGE('',*,*,#1929,.T.);
#1268=ORIENTED_EDGE('',*,*,#2039,.T.);
#1269=CARTESIAN_POINT('',(-4.8,12.8,4.8));
#1270=DIRECTION('',(0.0,0.0,1.0));
#1271=DIRECTION('',(1.0,0.0,0.0));
#1272=ORIENTED_EDGE('',*,*,#1949,.F.);
#1273=ORIENTED_EDGE('',*,*,#2140,.F.);
#1274=ORIENTED_EDGE('',*,*,#2035,.T.);
#1275=ORIENTED_EDGE('',*,*,#2129,.T.);
#1276=ORIENTED_EDGE('',*,*,#2101,.T.);
#1277=ORIENTED_EDGE('',*,*,#2170,.T.);
#1278=CARTESIAN_POINT('',(4.8,0.0,0.0));
#1279=DIRECTION('',(1.0,0.0,0.0));
#1280=DIRECTION('',(0.0,1.0,0.0));
#1281=ORIENTED_EDGE('',*,*,#2099,.T.);
#1282=ORIENTED_EDGE('',*,*,#2169,.T.);
#1283=ORIENTED_EDGE('',*,*,#2033,.T.);
#1284=ORIENTED_EDGE('',*,*,#2014,.T.);
#1285=ORIENTED_EDGE('',*,*,#1951,.F.);
#1286=ORIENTED_EDGE('',*,*,#1924,.F.);
#1287=CARTESIAN_POINT('',(4.8,0.0,0.0));
#1288=DIRECTION('',(1.0,0.0,0.0));
#1289=DIRECTION('',(0.0,1.0,0.0));
#1290=ORIENTED_EDGE('',*,*,#1922,.T.);
#1291=ORIENTED_EDGE('',*,*,#1950,.F.);
#1292=ORIENTED_EDGE('',*,*,#2170,.F.);
#1293=ORIENTED_EDGE('',*,*,#2100,.T.);
#1294=CARTESIAN_POINT('',(4.8,12.8,2.6));
#1295=DIRECTION('',(0.0,1.0,-0.0));
#1296=DIRECTION('',(1.0,0.0,0.0));
#1297=ORIENTED_EDGE('',*,*,#2168,.T.);
#1298=ORIENTED_EDGE('',*,*,#2171,.F.);
#1299=ORIENTED_EDGE('',*,*,#2016,.T.);
#1300=ORIENTED_EDGE('',*,*,#2032,.F.);
#1301=CARTESIAN_POINT('',(3.1,0.0,3.8));
#1302=DIRECTION('',(1.0,0.0,0.0));
#1303=DIRECTION('',(0.0,1.0,0.0));
#1304=ORIENTED_EDGE('',*,*,#1978,.T.);
#1305=ORIENTED_EDGE('',*,*,#1976,.T.);
#1306=ORIENTED_EDGE('',*,*,#1963,.T.);
#1307=ORIENTED_EDGE('',*,*,#2017,.T.);
#1308=ORIENTED_EDGE('',*,*,#2171,.T.);
#1309=ORIENTED_EDGE('',*,*,#2167,.F.);
#1310=ORIENTED_EDGE('',*,*,#2172,.T.);
#1311=ORIENTED_EDGE('',*,*,#2020,.T.);
#1312=ORIENTED_EDGE('',*,*,#2173,.T.);
#1313=ORIENTED_EDGE('',*,*,#2174,.T.);
#1314=ORIENTED_EDGE('',*,*,#2175,.F.);
#1315=ORIENTED_EDGE('',*,*,#2176,.F.);
#1316=CARTESIAN_POINT('',(-4.8,0.8,4.8));
#1317=DIRECTION('',(0.0,-1.0,0.0));
#1318=DIRECTION('',(0.0,0.0,-1.0));
#1319=ORIENTED_EDGE('',*,*,#2177,.T.);
#1320=ORIENTED_EDGE('',*,*,#2150,.T.);
#1321=ORIENTED_EDGE('',*,*,#2178,.T.);
#1322=ORIENTED_EDGE('',*,*,#2131,.T.);
#1323=ORIENTED_EDGE('',*,*,#2179,.T.);
#1324=ORIENTED_EDGE('',*,*,#2142,.T.);
#1325=ORIENTED_EDGE('',*,*,#2180,.T.);
#1326=ORIENTED_EDGE('',*,*,#2057,.T.);
#1327=ORIENTED_EDGE('',*,*,#2181,.T.);
#1328=ORIENTED_EDGE('',*,*,#2182,.T.);
#1329=ORIENTED_EDGE('',*,*,#2183,.F.);
#1330=ORIENTED_EDGE('',*,*,#2184,.F.);
#1331=CARTESIAN_POINT('',(-4.8,0.8,4.8));
#1332=DIRECTION('',(0.0,-1.0,0.0));
#1333=DIRECTION('',(0.0,0.0,-1.0));
#1334=ORIENTED_EDGE('',*,*,#2021,.T.);
#1335=ORIENTED_EDGE('',*,*,#2172,.F.);
#1336=ORIENTED_EDGE('',*,*,#2166,.F.);
#1337=ORIENTED_EDGE('',*,*,#2041,.T.);
#1338=CARTESIAN_POINT('',(1.1,0.0,4.8));
#1339=DIRECTION('',(-1.0,0.0,0.0));
#1340=DIRECTION('',(0.0,0.0,1.0));
#1341=ORIENTED_EDGE('',*,*,#2058,.T.);
#1342=ORIENTED_EDGE('',*,*,#2180,.F.);
#1343=ORIENTED_EDGE('',*,*,#2141,.F.);
#1344=ORIENTED_EDGE('',*,*,#1947,.T.);
#1345=CARTESIAN_POINT('',(3.4,0.0,-3.8));
#1346=DIRECTION('',(1.0,0.0,0.0));
#1347=DIRECTION('',(0.0,1.0,0.0));
#1348=ORIENTED_EDGE('',*,*,#2143,.T.);
#1349=ORIENTED_EDGE('',*,*,#2179,.F.);
#1350=ORIENTED_EDGE('',*,*,#2130,.F.);
#1351=ORIENTED_EDGE('',*,*,#2037,.T.);
#1352=CARTESIAN_POINT('',(3.1,0.0,-4.8));
#1353=DIRECTION('',(1.0,0.0,0.0));
#1354=DIRECTION('',(0.0,1.0,0.0));
#1355=ORIENTED_EDGE('',*,*,#2132,.T.);
#1356=ORIENTED_EDGE('',*,*,#2178,.F.);
#1357=ORIENTED_EDGE('',*,*,#2149,.T.);
#1358=ORIENTED_EDGE('',*,*,#2046,.F.);
#1359=CARTESIAN_POINT('',(1.1,0.0,-3.8));
#1360=DIRECTION('',(-1.0,0.0,0.0));
#1361=DIRECTION('',(0.0,0.0,1.0));
#1362=ORIENTED_EDGE('',*,*,#2151,.T.);
#1363=ORIENTED_EDGE('',*,*,#2177,.F.);
#1364=ORIENTED_EDGE('',*,*,#2056,.T.);
#1365=ORIENTED_EDGE('',*,*,#2185,.T.);
#1366=ORIENTED_EDGE('',*,*,#1998,.T.);
#1367=CARTESIAN_POINT('',(0.8,3.7,-0.5));
#1368=DIRECTION('',(1.0,0.0,0.0));
#1369=DIRECTION('',(0.0,1.0,0.0));
#1370=ORIENTED_EDGE('',*,*,#2186,.T.);
#1371=ORIENTED_EDGE('',*,*,#2185,.F.);
#1372=ORIENTED_EDGE('',*,*,#2055,.T.);
#1373=ORIENTED_EDGE('',*,*,#2187,.F.);
#1374=CARTESIAN_POINT('',(0.3,3.7,-0.5));
#1375=DIRECTION('',(-0.0,1.0,0.0));
#1376=DIRECTION('',(1.0,0.0,0.0));
#1377=ORIENTED_EDGE('',*,*,#2188,.F.);
#1378=ORIENTED_EDGE('',*,*,#2110,.T.);
#1379=ORIENTED_EDGE('',*,*,#2189,.T.);
#1380=ORIENTED_EDGE('',*,*,#2187,.T.);
#1381=ORIENTED_EDGE('',*,*,#2054,.T.);
#1382=ORIENTED_EDGE('',*,*,#2190,.T.);
#1383=ORIENTED_EDGE('',*,*,#2144,.T.);
#1384=ORIENTED_EDGE('',*,*,#1996,.F.);
#1385=CARTESIAN_POINT('',(0.3,12.8,-3.9));
#1386=DIRECTION('',(-1.0,0.0,0.0));
#1387=DIRECTION('',(0.0,0.0,1.0));
#1388=ORIENTED_EDGE('',*,*,#2191,.F.);
#1389=ORIENTED_EDGE('',*,*,#2145,.F.);
#1390=ORIENTED_EDGE('',*,*,#2190,.F.);
#1391=ORIENTED_EDGE('',*,*,#2053,.T.);
#1392=CARTESIAN_POINT('',(-0.3,2.7,-0.5));
#1393=DIRECTION('',(-0.0,1.0,0.0));
#1394=DIRECTION('',(1.0,0.0,0.0));
#1395=ORIENTED_EDGE('',*,*,#2191,.T.);
#1396=ORIENTED_EDGE('',*,*,#2052,.T.);
#1397=ORIENTED_EDGE('',*,*,#2082,.F.);
#1398=ORIENTED_EDGE('',*,*,#2192,.F.);
#1399=ORIENTED_EDGE('',*,*,#2120,.T.);
#1400=ORIENTED_EDGE('',*,*,#2193,.T.);
#1401=ORIENTED_EDGE('',*,*,#2078,.F.);
#1402=ORIENTED_EDGE('',*,*,#2146,.T.);
#1403=CARTESIAN_POINT('',(-0.3,3.7,-0.5));
#1404=DIRECTION('',(1.0,0.0,0.0));
#1405=DIRECTION('',(0.0,1.0,0.0));
#1406=ORIENTED_EDGE('',*,*,#2194,.T.);
#1407=ORIENTED_EDGE('',*,*,#2079,.F.);
#1408=ORIENTED_EDGE('',*,*,#2193,.F.);
#1409=ORIENTED_EDGE('',*,*,#2119,.T.);
#1410=CARTESIAN_POINT('',(-0.3,12.8,-3.9));
#1411=DIRECTION('',(0.0,0.0,-1.0));
#1412=DIRECTION('',(0.0,-1.0,0.0));
#1413=ORIENTED_EDGE('',*,*,#2195,.T.);
#1414=ORIENTED_EDGE('',*,*,#2080,.F.);
#1415=ORIENTED_EDGE('',*,*,#2194,.F.);
#1416=ORIENTED_EDGE('',*,*,#2118,.T.);
#1417=CARTESIAN_POINT('',(-3.9,12.8,-3.9));
#1418=DIRECTION('',(-1.0,0.0,0.0));
#1419=DIRECTION('',(0.0,0.0,1.0));
#1420=ORIENTED_EDGE('',*,*,#2192,.T.);
#1421=ORIENTED_EDGE('',*,*,#2081,.F.);
#1422=ORIENTED_EDGE('',*,*,#2195,.F.);
#1423=ORIENTED_EDGE('',*,*,#2117,.T.);
#1424=CARTESIAN_POINT('',(-3.9,12.8,-0.3));
#1425=DIRECTION('',(0.0,0.0,1.0));
#1426=DIRECTION('',(1.0,0.0,0.0));
#1427=ORIENTED_EDGE('',*,*,#2189,.F.);
#1428=ORIENTED_EDGE('',*,*,#2109,.T.);
#1429=ORIENTED_EDGE('',*,*,#2196,.T.);
#1430=ORIENTED_EDGE('',*,*,#1991,.F.);
#1431=ORIENTED_EDGE('',*,*,#2186,.F.);
#1432=CARTESIAN_POINT('',(0.3,12.8,-1.2));
#1433=DIRECTION('',(-0.707106781186548,0.0,0.707106781186548));
#1434=DIRECTION('',(0.0,1.0,0.0));
#1435=ORIENTED_EDGE('',*,*,#2197,.T.);
#1436=ORIENTED_EDGE('',*,*,#1992,.F.);
#1437=ORIENTED_EDGE('',*,*,#2196,.F.);
#1438=ORIENTED_EDGE('',*,*,#2108,.T.);
#1439=CARTESIAN_POINT('',(1.2,12.8,-0.3));
#1440=DIRECTION('',(0.0,0.0,1.0));
#1441=DIRECTION('',(1.0,0.0,0.0));
#1442=ORIENTED_EDGE('',*,*,#2198,.T.);
#1443=ORIENTED_EDGE('',*,*,#1993,.F.);
#1444=ORIENTED_EDGE('',*,*,#2197,.F.);
#1445=ORIENTED_EDGE('',*,*,#2107,.T.);
#1446=CARTESIAN_POINT('',(3.0,12.8,-0.3));
#1447=DIRECTION('',(0.707106781186548,0.0,0.707106781186548));
#1448=DIRECTION('',(0.0,-1.0,0.0));
#1449=ORIENTED_EDGE('',*,*,#2199,.T.);
#1450=ORIENTED_EDGE('',*,*,#1994,.F.);
#1451=ORIENTED_EDGE('',*,*,#2198,.F.);
#1452=ORIENTED_EDGE('',*,*,#2112,.T.);
#1453=CARTESIAN_POINT('',(3.9,12.8,-1.2));
#1454=DIRECTION('',(1.0,0.0,0.0));
#1455=DIRECTION('',(0.0,1.0,0.0));
#1456=ORIENTED_EDGE('',*,*,#2188,.T.);
#1457=ORIENTED_EDGE('',*,*,#1995,.F.);
#1458=ORIENTED_EDGE('',*,*,#2199,.F.);
#1459=ORIENTED_EDGE('',*,*,#2111,.T.);
#1460=CARTESIAN_POINT('',(3.9,12.8,-3.9));
#1461=DIRECTION('',(0.0,0.0,-1.0));
#1462=DIRECTION('',(0.0,-1.0,0.0));
#1463=ORIENTED_EDGE('',*,*,#2200,.F.);
#1464=ORIENTED_EDGE('',*,*,#2201,.F.);
#1465=ORIENTED_EDGE('',*,*,#2202,.F.);
#1466=ORIENTED_EDGE('',*,*,#2203,.F.);
#1467=ORIENTED_EDGE('',*,*,#2002,.F.);
#1468=CARTESIAN_POINT('',(2.67,0.0,0.5));
#1469=DIRECTION('',(-1.0,0.0,0.0));
#1470=DIRECTION('',(0.0,0.0,1.0));
#1471=ORIENTED_EDGE('',*,*,#2204,.F.);
#1472=ORIENTED_EDGE('',*,*,#2205,.F.);
#1473=ORIENTED_EDGE('',*,*,#2206,.F.);
#1474=ORIENTED_EDGE('',*,*,#2207,.F.);
#1475=ORIENTED_EDGE('',*,*,#1990,.F.);
#1476=CARTESIAN_POINT('',(2.67,0.0,0.5));
#1477=DIRECTION('',(-1.0,0.0,0.0));
#1478=DIRECTION('',(0.0,0.0,1.0));
#1479=ORIENTED_EDGE('',*,*,#2176,.T.);
#1480=ORIENTED_EDGE('',*,*,#2208,.F.);
#1481=ORIENTED_EDGE('',*,*,#2209,.F.);
#1482=ORIENTED_EDGE('',*,*,#2210,.F.);
#1483=ORIENTED_EDGE('',*,*,#2211,.F.);
#1484=CARTESIAN_POINT('',(2.67,0.0,0.5));
#1485=DIRECTION('',(-1.0,0.0,0.0));
#1486=DIRECTION('',(0.0,0.0,1.0));
#1487=ORIENTED_EDGE('',*,*,#2212,.F.);
#1488=ORIENTED_EDGE('',*,*,#2213,.F.);
#1489=ORIENTED_EDGE('',*,*,#2214,.F.);
#1490=ORIENTED_EDGE('',*,*,#2215,.F.);
#1491=ORIENTED_EDGE('',*,*,#2184,.T.);
#1492=CARTESIAN_POINT('',(2.67,0.0,0.5));
#1493=DIRECTION('',(-1.0,0.0,0.0));
#1494=DIRECTION('',(0.0,0.0,1.0));
#1495=ORIENTED_EDGE('',*,*,#2203,.T.);
#1496=ORIENTED_EDGE('',*,*,#2216,.T.);
#1497=ORIENTED_EDGE('',*,*,#2217,.F.);
#1498=ORIENTED_EDGE('',*,*,#1999,.F.);
#1499=CARTESIAN_POINT('',(2.67,3.7,-1.71));
#1500=DIRECTION('',(0.0,0.0,1.0));
#1501=DIRECTION('',(1.0,0.0,0.0));
#1502=ORIENTED_EDGE('',*,*,#2217,.T.);
#1503=ORIENTED_EDGE('',*,*,#2218,.T.);
#1504=ORIENTED_EDGE('',*,*,#2219,.T.);
#1505=ORIENTED_EDGE('',*,*,#2220,.T.);
#1506=ORIENTED_EDGE('',*,*,#2000,.T.);
#1507=CARTESIAN_POINT('',(1.53,0.0,0.5));
#1508=DIRECTION('',(-1.0,0.0,0.0));
#1509=DIRECTION('',(0.0,0.0,1.0));
#1510=ORIENTED_EDGE('',*,*,#2221,.T.);
#1511=ORIENTED_EDGE('',*,*,#2222,.T.);
#1512=ORIENTED_EDGE('',*,*,#2223,.T.);
#1513=ORIENTED_EDGE('',*,*,#2224,.T.);
#1514=ORIENTED_EDGE('',*,*,#1988,.T.);
#1515=CARTESIAN_POINT('',(1.53,0.0,0.5));
#1516=DIRECTION('',(-1.0,0.0,0.0));
#1517=DIRECTION('',(0.0,0.0,1.0));
#1518=ORIENTED_EDGE('',*,*,#2225,.T.);
#1519=ORIENTED_EDGE('',*,*,#2226,.T.);
#1520=ORIENTED_EDGE('',*,*,#2227,.T.);
#1521=ORIENTED_EDGE('',*,*,#2174,.F.);
#1522=ORIENTED_EDGE('',*,*,#2228,.T.);
#1523=CARTESIAN_POINT('',(1.53,0.0,0.5));
#1524=DIRECTION('',(-1.0,0.0,0.0));
#1525=DIRECTION('',(0.0,0.0,1.0));
#1526=ORIENTED_EDGE('',*,*,#2229,.T.);
#1527=ORIENTED_EDGE('',*,*,#2230,.T.);
#1528=ORIENTED_EDGE('',*,*,#2231,.T.);
#1529=ORIENTED_EDGE('',*,*,#2232,.T.);
#1530=ORIENTED_EDGE('',*,*,#2182,.F.);
#1531=CARTESIAN_POINT('',(1.53,0.0,0.5));
#1532=DIRECTION('',(-1.0,0.0,0.0));
#1533=DIRECTION('',(0.0,0.0,1.0));
#1534=ORIENTED_EDGE('',*,*,#2220,.F.);
#1535=ORIENTED_EDGE('',*,*,#2233,.F.);
#1536=ORIENTED_EDGE('',*,*,#2200,.T.);
#1537=ORIENTED_EDGE('',*,*,#2001,.T.);
#1538=CARTESIAN_POINT('',(2.67,4.3,-2.85));
#1539=DIRECTION('',(0.0,0.554700196225229,-0.832050294337844));
#1540=DIRECTION('',(-1.0,0.0,0.0));
#1541=ORIENTED_EDGE('',*,*,#2233,.T.);
#1542=ORIENTED_EDGE('',*,*,#2219,.F.);
#1543=ORIENTED_EDGE('',*,*,#2234,.F.);
#1544=ORIENTED_EDGE('',*,*,#2201,.T.);
#1545=CARTESIAN_POINT('',(2.67,9.2,-2.85));
#1546=DIRECTION('',(0.0,0.0,-1.0));
#1547=DIRECTION('',(0.0,-1.0,0.0));
#1548=ORIENTED_EDGE('',*,*,#2234,.T.);
#1549=ORIENTED_EDGE('',*,*,#2218,.F.);
#1550=ORIENTED_EDGE('',*,*,#2216,.F.);
#1551=ORIENTED_EDGE('',*,*,#2202,.T.);
#1552=CARTESIAN_POINT('',(2.67,9.2,-1.71));
#1553=DIRECTION('',(-0.0,1.0,0.0));
#1554=DIRECTION('',(1.0,0.0,0.0));
#1555=ORIENTED_EDGE('',*,*,#2224,.F.);
#1556=ORIENTED_EDGE('',*,*,#2235,.F.);
#1557=ORIENTED_EDGE('',*,*,#2204,.T.);
#1558=ORIENTED_EDGE('',*,*,#1989,.T.);
#1559=CARTESIAN_POINT('',(2.67,9.2,1.31));
#1560=DIRECTION('',(0.0,0.0,-1.0));
#1561=DIRECTION('',(0.0,-1.0,0.0));
#1562=ORIENTED_EDGE('',*,*,#2235,.T.);
#1563=ORIENTED_EDGE('',*,*,#2223,.F.);
#1564=ORIENTED_EDGE('',*,*,#2236,.F.);
#1565=ORIENTED_EDGE('',*,*,#2205,.T.);
#1566=CARTESIAN_POINT('',(2.67,9.2,2.45));
#1567=DIRECTION('',(-0.0,1.0,0.0));
#1568=DIRECTION('',(1.0,0.0,0.0));
#1569=ORIENTED_EDGE('',*,*,#2236,.T.);
#1570=ORIENTED_EDGE('',*,*,#2222,.F.);
#1571=ORIENTED_EDGE('',*,*,#2237,.F.);
#1572=ORIENTED_EDGE('',*,*,#2206,.T.);
#1573=CARTESIAN_POINT('',(2.67,4.3,2.45));
#1574=DIRECTION('',(0.0,0.0,1.0));
#1575=DIRECTION('',(1.0,0.0,0.0));
#1576=ORIENTED_EDGE('',*,*,#2207,.T.);
#1577=ORIENTED_EDGE('',*,*,#2237,.T.);
#1578=ORIENTED_EDGE('',*,*,#2221,.F.);
#1579=ORIENTED_EDGE('',*,*,#1987,.F.);
#1580=CARTESIAN_POINT('',(2.67,3.7,2.85));
#1581=DIRECTION('',(0.0,0.554700196225229,0.832050294337844));
#1582=DIRECTION('',(1.0,-0.0,0.0));
#1583=ORIENTED_EDGE('',*,*,#2238,.T.);
#1584=ORIENTED_EDGE('',*,*,#2228,.F.);
#1585=ORIENTED_EDGE('',*,*,#2173,.F.);
#1586=ORIENTED_EDGE('',*,*,#2211,.T.);
#1587=CARTESIAN_POINT('',(2.67,3.7,2.25));
#1588=DIRECTION('',(0.0,0.0,-1.0));
#1589=DIRECTION('',(0.0,-1.0,0.0));
#1590=ORIENTED_EDGE('',*,*,#2239,.T.);
#1591=ORIENTED_EDGE('',*,*,#2225,.F.);
#1592=ORIENTED_EDGE('',*,*,#2238,.F.);
#1593=ORIENTED_EDGE('',*,*,#2210,.T.);
#1594=CARTESIAN_POINT('',(2.67,-2.23,2.25));
#1595=DIRECTION('',(0.0,-0.333984527886008,-0.942578556478324));
#1596=DIRECTION('',(0.0,-0.942578556478324,0.333984527886008));
#1597=ORIENTED_EDGE('',*,*,#2240,.T.);
#1598=ORIENTED_EDGE('',*,*,#2226,.F.);
#1599=ORIENTED_EDGE('',*,*,#2239,.F.);
#1600=ORIENTED_EDGE('',*,*,#2209,.T.);
#1601=CARTESIAN_POINT('',(2.67,-3.5,2.7));
#1602=DIRECTION('',(0.0,-1.0,0.0));
#1603=DIRECTION('',(0.0,0.0,-1.0));
#1604=ORIENTED_EDGE('',*,*,#2175,.T.);
#1605=ORIENTED_EDGE('',*,*,#2227,.F.);
#1606=ORIENTED_EDGE('',*,*,#2240,.F.);
#1607=ORIENTED_EDGE('',*,*,#2208,.T.);
#1608=CARTESIAN_POINT('',(2.67,-3.5,2.85));
#1609=DIRECTION('',(0.0,0.0,1.0));
#1610=DIRECTION('',(1.0,0.0,0.0));
#1611=ORIENTED_EDGE('',*,*,#2232,.F.);
#1612=ORIENTED_EDGE('',*,*,#2241,.F.);
#1613=ORIENTED_EDGE('',*,*,#2212,.T.);
#1614=ORIENTED_EDGE('',*,*,#2183,.T.);
#1615=CARTESIAN_POINT('',(2.67,-2.23,-2.65));
#1616=DIRECTION('',(0.0,0.0,1.0));
#1617=DIRECTION('',(1.0,0.0,0.0));
#1618=ORIENTED_EDGE('',*,*,#2241,.T.);
#1619=ORIENTED_EDGE('',*,*,#2231,.F.);
#1620=ORIENTED_EDGE('',*,*,#2242,.F.);
#1621=ORIENTED_EDGE('',*,*,#2213,.T.);
#1622=CARTESIAN_POINT('',(2.67,-3.5,-3.1));
#1623=DIRECTION('',(0.0,-0.333984527886008,0.942578556478324));
#1624=DIRECTION('',(-1.0,0.0,0.0));
#1625=ORIENTED_EDGE('',*,*,#2242,.T.);
#1626=ORIENTED_EDGE('',*,*,#2230,.F.);
#1627=ORIENTED_EDGE('',*,*,#2243,.F.);
#1628=ORIENTED_EDGE('',*,*,#2214,.T.);
#1629=CARTESIAN_POINT('',(2.67,-3.5,-3.25));
#1630=DIRECTION('',(0.0,-1.0,0.0));
#1631=DIRECTION('',(0.0,0.0,-1.0));
#1632=ORIENTED_EDGE('',*,*,#2215,.T.);
#1633=ORIENTED_EDGE('',*,*,#2243,.T.);
#1634=ORIENTED_EDGE('',*,*,#2229,.F.);
#1635=ORIENTED_EDGE('',*,*,#2181,.F.);
#1636=CARTESIAN_POINT('',(2.67,3.7,-3.25));
#1637=DIRECTION('',(0.0,0.0,-1.0));
#1638=DIRECTION('',(0.0,-1.0,0.0));
#1639=ORIENTED_EDGE('',*,*,#2165,.T.);
#1640=ORIENTED_EDGE('',*,*,#2153,.F.);
#1641=ORIENTED_EDGE('',*,*,#2023,.T.);
#1642=ORIENTED_EDGE('',*,*,#2040,.F.);
#1643=CARTESIAN_POINT('',(-1.1,0.0,3.8));
#1644=DIRECTION('',(1.0,0.0,0.0));
#1645=DIRECTION('',(0.0,1.0,0.0));
#1646=ORIENTED_EDGE('',*,*,#2148,.T.);
#1647=ORIENTED_EDGE('',*,*,#2160,.F.);
#1648=ORIENTED_EDGE('',*,*,#2133,.F.);
#1649=ORIENTED_EDGE('',*,*,#2048,.T.);
#1650=CARTESIAN_POINT('',(-1.1,0.0,-4.8));
#1651=DIRECTION('',(1.0,0.0,0.0));
#1652=DIRECTION('',(0.0,1.0,0.0));
#1653=ORIENTED_EDGE('',*,*,#2244,.F.);
#1654=ORIENTED_EDGE('',*,*,#2245,.F.);
#1655=ORIENTED_EDGE('',*,*,#2246,.F.);
#1656=ORIENTED_EDGE('',*,*,#2247,.F.);
#1657=ORIENTED_EDGE('',*,*,#2164,.T.);
#1658=CARTESIAN_POINT('',(-1.53,0.0,0.5));
#1659=DIRECTION('',(-1.0,0.0,0.0));
#1660=DIRECTION('',(0.0,0.0,1.0));
#1661=ORIENTED_EDGE('',*,*,#2248,.F.);
#1662=ORIENTED_EDGE('',*,*,#2249,.F.);
#1663=ORIENTED_EDGE('',*,*,#2250,.F.);
#1664=ORIENTED_EDGE('',*,*,#2251,.F.);
#1665=ORIENTED_EDGE('',*,*,#2159,.T.);
#1666=CARTESIAN_POINT('',(-1.53,0.0,0.5));
#1667=DIRECTION('',(-1.0,0.0,0.0));
#1668=DIRECTION('',(0.0,0.0,1.0));
#1669=ORIENTED_EDGE('',*,*,#2076,.T.);
#1670=ORIENTED_EDGE('',*,*,#2252,.F.);
#1671=ORIENTED_EDGE('',*,*,#2253,.F.);
#1672=ORIENTED_EDGE('',*,*,#2254,.F.);
#1673=ORIENTED_EDGE('',*,*,#2255,.F.);
#1674=CARTESIAN_POINT('',(-1.53,0.0,0.5));
#1675=DIRECTION('',(-1.0,0.0,0.0));
#1676=DIRECTION('',(0.0,0.0,1.0));
#1677=ORIENTED_EDGE('',*,*,#2086,.T.);
#1678=ORIENTED_EDGE('',*,*,#2256,.F.);
#1679=ORIENTED_EDGE('',*,*,#2257,.F.);
#1680=ORIENTED_EDGE('',*,*,#2258,.F.);
#1681=ORIENTED_EDGE('',*,*,#2259,.F.);
#1682=CARTESIAN_POINT('',(-1.53,0.0,0.5));
#1683=DIRECTION('',(-1.0,0.0,0.0));
#1684=DIRECTION('',(0.0,0.0,1.0));
#1685=ORIENTED_EDGE('',*,*,#2247,.T.);
#1686=ORIENTED_EDGE('',*,*,#2260,.T.);
#1687=ORIENTED_EDGE('',*,*,#2261,.F.);
#1688=ORIENTED_EDGE('',*,*,#2161,.F.);
#1689=CARTESIAN_POINT('',(-1.53,3.7,-3.25));
#1690=DIRECTION('',(0.0,0.0,-1.0));
#1691=DIRECTION('',(0.0,-1.0,0.0));
#1692=ORIENTED_EDGE('',*,*,#2261,.T.);
#1693=ORIENTED_EDGE('',*,*,#2262,.T.);
#1694=ORIENTED_EDGE('',*,*,#2263,.T.);
#1695=ORIENTED_EDGE('',*,*,#2264,.T.);
#1696=ORIENTED_EDGE('',*,*,#2162,.F.);
#1697=CARTESIAN_POINT('',(-2.67,0.0,0.5));
#1698=DIRECTION('',(-1.0,0.0,0.0));
#1699=DIRECTION('',(0.0,0.0,1.0));
#1700=ORIENTED_EDGE('',*,*,#2265,.T.);
#1701=ORIENTED_EDGE('',*,*,#2266,.T.);
#1702=ORIENTED_EDGE('',*,*,#2267,.T.);
#1703=ORIENTED_EDGE('',*,*,#2268,.T.);
#1704=ORIENTED_EDGE('',*,*,#2157,.F.);
#1705=CARTESIAN_POINT('',(-2.67,0.0,0.5));
#1706=DIRECTION('',(-1.0,0.0,0.0));
#1707=DIRECTION('',(0.0,0.0,1.0));
#1708=ORIENTED_EDGE('',*,*,#2269,.T.);
#1709=ORIENTED_EDGE('',*,*,#2270,.T.);
#1710=ORIENTED_EDGE('',*,*,#2271,.T.);
#1711=ORIENTED_EDGE('',*,*,#2074,.T.);
#1712=ORIENTED_EDGE('',*,*,#2272,.T.);
#1713=CARTESIAN_POINT('',(-2.67,0.0,0.5));
#1714=DIRECTION('',(-1.0,0.0,0.0));
#1715=DIRECTION('',(0.0,0.0,1.0));
#1716=ORIENTED_EDGE('',*,*,#2273,.T.);
#1717=ORIENTED_EDGE('',*,*,#2274,.T.);
#1718=ORIENTED_EDGE('',*,*,#2275,.T.);
#1719=ORIENTED_EDGE('',*,*,#2084,.T.);
#1720=ORIENTED_EDGE('',*,*,#2276,.T.);
#1721=CARTESIAN_POINT('',(-2.67,0.0,0.5));
#1722=DIRECTION('',(-1.0,0.0,0.0));
#1723=DIRECTION('',(0.0,0.0,1.0));
#1724=ORIENTED_EDGE('',*,*,#2264,.F.);
#1725=ORIENTED_EDGE('',*,*,#2277,.F.);
#1726=ORIENTED_EDGE('',*,*,#2244,.T.);
#1727=ORIENTED_EDGE('',*,*,#2163,.T.);
#1728=CARTESIAN_POINT('',(-1.53,-2.23,-2.65));
#1729=DIRECTION('',(0.0,0.0,1.0));
#1730=DIRECTION('',(1.0,0.0,0.0));
#1731=ORIENTED_EDGE('',*,*,#2277,.T.);
#1732=ORIENTED_EDGE('',*,*,#2263,.F.);
#1733=ORIENTED_EDGE('',*,*,#2278,.F.);
#1734=ORIENTED_EDGE('',*,*,#2245,.T.);
#1735=CARTESIAN_POINT('',(-1.53,-3.5,-3.1));
#1736=DIRECTION('',(0.0,-0.333984527886008,0.942578556478324));
#1737=DIRECTION('',(-1.0,0.0,0.0));
#1738=ORIENTED_EDGE('',*,*,#2278,.T.);
#1739=ORIENTED_EDGE('',*,*,#2262,.F.);
#1740=ORIENTED_EDGE('',*,*,#2260,.F.);
#1741=ORIENTED_EDGE('',*,*,#2246,.T.);
#1742=CARTESIAN_POINT('',(-1.53,-3.5,-3.25));
#1743=DIRECTION('',(0.0,-1.0,0.0));
#1744=DIRECTION('',(0.0,0.0,-1.0));
#1745=ORIENTED_EDGE('',*,*,#2268,.F.);
#1746=ORIENTED_EDGE('',*,*,#2279,.F.);
#1747=ORIENTED_EDGE('',*,*,#2248,.T.);
#1748=ORIENTED_EDGE('',*,*,#2158,.T.);
#1749=CARTESIAN_POINT('',(-1.53,-3.5,2.85));
#1750=DIRECTION('',(0.0,0.0,1.0));
#1751=DIRECTION('',(1.0,0.0,0.0));
#1752=ORIENTED_EDGE('',*,*,#2279,.T.);
#1753=ORIENTED_EDGE('',*,*,#2267,.F.);
#1754=ORIENTED_EDGE('',*,*,#2280,.F.);
#1755=ORIENTED_EDGE('',*,*,#2249,.T.);
#1756=CARTESIAN_POINT('',(-1.53,-3.5,2.7));
#1757=DIRECTION('',(0.0,-1.0,0.0));
#1758=DIRECTION('',(0.0,0.0,-1.0));
#1759=ORIENTED_EDGE('',*,*,#2280,.T.);
#1760=ORIENTED_EDGE('',*,*,#2266,.F.);
#1761=ORIENTED_EDGE('',*,*,#2281,.F.);
#1762=ORIENTED_EDGE('',*,*,#2250,.T.);
#1763=CARTESIAN_POINT('',(-1.53,-2.23,2.25));
#1764=DIRECTION('',(0.0,-0.333984527886008,-0.942578556478324));
#1765=DIRECTION('',(0.0,-0.942578556478324,0.333984527886008));
#1766=ORIENTED_EDGE('',*,*,#2251,.T.);
#1767=ORIENTED_EDGE('',*,*,#2281,.T.);
#1768=ORIENTED_EDGE('',*,*,#2265,.F.);
#1769=ORIENTED_EDGE('',*,*,#2156,.F.);
#1770=CARTESIAN_POINT('',(-1.53,3.7,2.25));
#1771=DIRECTION('',(0.0,0.0,-1.0));
#1772=DIRECTION('',(0.0,-1.0,0.0));
#1773=ORIENTED_EDGE('',*,*,#2282,.T.);
#1774=ORIENTED_EDGE('',*,*,#2272,.F.);
#1775=ORIENTED_EDGE('',*,*,#2073,.F.);
#1776=ORIENTED_EDGE('',*,*,#2255,.T.);
#1777=CARTESIAN_POINT('',(-1.53,3.7,2.85));
#1778=DIRECTION('',(0.0,0.554700196225229,0.832050294337844));
#1779=DIRECTION('',(1.0,-0.0,0.0));
#1780=ORIENTED_EDGE('',*,*,#2283,.T.);
#1781=ORIENTED_EDGE('',*,*,#2269,.F.);
#1782=ORIENTED_EDGE('',*,*,#2282,.F.);
#1783=ORIENTED_EDGE('',*,*,#2254,.T.);
#1784=CARTESIAN_POINT('',(-1.53,4.3,2.45));
#1785=DIRECTION('',(0.0,0.0,1.0));
#1786=DIRECTION('',(1.0,0.0,0.0));
#1787=ORIENTED_EDGE('',*,*,#2284,.T.);
#1788=ORIENTED_EDGE('',*,*,#2270,.F.);
#1789=ORIENTED_EDGE('',*,*,#2283,.F.);
#1790=ORIENTED_EDGE('',*,*,#2253,.T.);
#1791=CARTESIAN_POINT('',(-1.53,9.2,2.45));
#1792=DIRECTION('',(-0.0,1.0,0.0));
#1793=DIRECTION('',(1.0,0.0,0.0));
#1794=ORIENTED_EDGE('',*,*,#2075,.T.);
#1795=ORIENTED_EDGE('',*,*,#2271,.F.);
#1796=ORIENTED_EDGE('',*,*,#2284,.F.);
#1797=ORIENTED_EDGE('',*,*,#2252,.T.);
#1798=CARTESIAN_POINT('',(-1.53,9.2,1.31));
#1799=DIRECTION('',(0.0,0.0,-1.0));
#1800=DIRECTION('',(0.0,-1.0,0.0));
#1801=ORIENTED_EDGE('',*,*,#2285,.T.);
#1802=ORIENTED_EDGE('',*,*,#2276,.F.);
#1803=ORIENTED_EDGE('',*,*,#2083,.F.);
#1804=ORIENTED_EDGE('',*,*,#2259,.T.);
#1805=CARTESIAN_POINT('',(-1.53,3.7,-1.71));
#1806=DIRECTION('',(0.0,0.0,1.0));
#1807=DIRECTION('',(1.0,0.0,0.0));
#1808=ORIENTED_EDGE('',*,*,#2286,.T.);
#1809=ORIENTED_EDGE('',*,*,#2273,.F.);
#1810=ORIENTED_EDGE('',*,*,#2285,.F.);
#1811=ORIENTED_EDGE('',*,*,#2258,.T.);
#1812=CARTESIAN_POINT('',(-1.53,9.2,-1.71));
#1813=DIRECTION('',(-0.0,1.0,0.0));
#1814=DIRECTION('',(1.0,0.0,0.0));
#1815=ORIENTED_EDGE('',*,*,#2287,.T.);
#1816=ORIENTED_EDGE('',*,*,#2274,.F.);
#1817=ORIENTED_EDGE('',*,*,#2286,.F.);
#1818=ORIENTED_EDGE('',*,*,#2257,.T.);
#1819=CARTESIAN_POINT('',(-1.53,9.2,-2.85));
#1820=DIRECTION('',(0.0,0.0,-1.0));
#1821=DIRECTION('',(0.0,-1.0,0.0));
#1822=ORIENTED_EDGE('',*,*,#2085,.T.);
#1823=ORIENTED_EDGE('',*,*,#2275,.F.);
#1824=ORIENTED_EDGE('',*,*,#2287,.F.);
#1825=ORIENTED_EDGE('',*,*,#2256,.T.);
#1826=CARTESIAN_POINT('',(-1.53,4.3,-2.85));
#1827=DIRECTION('',(0.0,0.554700196225229,-0.832050294337844));
#1828=DIRECTION('',(-1.0,0.0,0.0));
#1829=ORIENTED_EDGE('',*,*,#2288,.T.);
#1830=ORIENTED_EDGE('',*,*,#2289,.T.);
#1831=ORIENTED_EDGE('',*,*,#2121,.T.);
#1832=ORIENTED_EDGE('',*,*,#2128,.T.);
#1833=CARTESIAN_POINT('',(1.7,0.0,0.0));
#1834=DIRECTION('',(1.0,0.0,0.0));
#1835=DIRECTION('',(0.0,1.0,0.0));
#1836=ORIENTED_EDGE('',*,*,#2122,.T.);
#1837=ORIENTED_EDGE('',*,*,#2289,.F.);
#1838=ORIENTED_EDGE('',*,*,#2290,.F.);
#1839=ORIENTED_EDGE('',*,*,#2124,.T.);
#1840=CARTESIAN_POINT('',(-1.7,9.75,-6.2));
#1841=DIRECTION('',(0.0,0.0,-1.0));
#1842=DIRECTION('',(0.0,-1.0,0.0));
#1843=ORIENTED_EDGE('',*,*,#2125,.T.);
#1844=ORIENTED_EDGE('',*,*,#2290,.T.);
#1845=ORIENTED_EDGE('',*,*,#2288,.F.);
#1846=ORIENTED_EDGE('',*,*,#2127,.F.);
#1847=CARTESIAN_POINT('',(-1.7,9.75,-4.8));
#1848=DIRECTION('',(0.0,-1.0,0.0));
#1849=DIRECTION('',(0.0,0.0,-1.0));
#1850=ORIENTED_EDGE('',*,*,#2097,.T.);
#1851=ORIENTED_EDGE('',*,*,#1937,.F.);
#1852=ORIENTED_EDGE('',*,*,#1955,.F.);
#1853=ORIENTED_EDGE('',*,*,#1942,.F.);
#1854=CARTESIAN_POINT('',(-5.2,12.8,-2.99));
#1855=DIRECTION('',(-0.707106781186548,0.0,-0.707106781186548));
#1856=DIRECTION('',(-0.707106781186548,0.0,0.707106781186548));
#1857=ORIENTED_EDGE('',*,*,#2291,.T.);
#1858=ORIENTED_EDGE('',*,*,#1984,.F.);
#1859=ORIENTED_EDGE('',*,*,#2292,.F.);
#1860=ORIENTED_EDGE('',*,*,#2106,.T.);
#1861=CARTESIAN_POINT('',(3.9,12.8,3.9));
#1862=DIRECTION('',(1.0,0.0,0.0));
#1863=DIRECTION('',(0.0,1.0,0.0));
#1864=ORIENTED_EDGE('',*,*,#2292,.T.);
#1865=ORIENTED_EDGE('',*,*,#1983,.F.);
#1866=ORIENTED_EDGE('',*,*,#2005,.F.);
#1867=ORIENTED_EDGE('',*,*,#2104,.T.);
#1868=CARTESIAN_POINT('',(0.3,12.8,3.9));
#1869=DIRECTION('',(0.0,0.0,1.0));
#1870=DIRECTION('',(1.0,0.0,0.0));
#1871=ORIENTED_EDGE('',*,*,#2003,.T.);
#1872=ORIENTED_EDGE('',*,*,#1985,.F.);
#1873=ORIENTED_EDGE('',*,*,#2291,.F.);
#1874=ORIENTED_EDGE('',*,*,#2105,.T.);
#1875=CARTESIAN_POINT('',(3.9,12.8,0.3));
#1876=DIRECTION('',(0.0,0.0,-1.0));
#1877=DIRECTION('',(0.0,-1.0,0.0));
#1878=ORIENTED_EDGE('',*,*,#2293,.T.);
#1879=ORIENTED_EDGE('',*,*,#2068,.F.);
#1880=ORIENTED_EDGE('',*,*,#2094,.F.);
#1881=ORIENTED_EDGE('',*,*,#2116,.T.);
#1882=CARTESIAN_POINT('',(-3.9,12.8,0.3));
#1883=DIRECTION('',(-1.0,0.0,0.0));
#1884=DIRECTION('',(0.0,0.0,1.0));
#1885=ORIENTED_EDGE('',*,*,#2294,.T.);
#1886=ORIENTED_EDGE('',*,*,#2069,.F.);
#1887=ORIENTED_EDGE('',*,*,#2293,.F.);
#1888=ORIENTED_EDGE('',*,*,#2115,.T.);
#1889=CARTESIAN_POINT('',(-3.9,12.8,3.0));
#1890=DIRECTION('',(-0.707106781186548,0.0,0.707106781186548));
#1891=DIRECTION('',(0.0,1.0,0.0));
#1892=ORIENTED_EDGE('',*,*,#2295,.T.);
#1893=ORIENTED_EDGE('',*,*,#2070,.F.);
#1894=ORIENTED_EDGE('',*,*,#2294,.F.);
#1895=ORIENTED_EDGE('',*,*,#2114,.T.);
#1896=CARTESIAN_POINT('',(-3.0,12.8,3.9));
#1897=DIRECTION('',(0.0,0.0,1.0));
#1898=DIRECTION('',(1.0,0.0,0.0));
#1899=ORIENTED_EDGE('',*,*,#2071,.F.);
#1900=ORIENTED_EDGE('',*,*,#2295,.F.);
#1901=ORIENTED_EDGE('',*,*,#2113,.T.);
#1902=ORIENTED_EDGE('',*,*,#2091,.T.);
#1903=ORIENTED_EDGE('',*,*,#2089,.T.);
#1904=CARTESIAN_POINT('',(-1.2,12.8,3.9));
#1905=DIRECTION('',(0.707106781186548,0.0,0.707106781186548));
#1906=DIRECTION('',(0.0,-1.0,0.0));
#1907=ORIENTED_EDGE('',*,*,#1973,.T.);
#1908=ORIENTED_EDGE('',*,*,#1959,.F.);
#1909=ORIENTED_EDGE('',*,*,#2059,.F.);
#1910=ORIENTED_EDGE('',*,*,#2029,.T.);
#1911=CARTESIAN_POINT('',(-3.8,0.0,-0.5));
#1912=DIRECTION('',(1.0,0.0,0.0));
#1913=DIRECTION('',(0.0,1.0,0.0));
#1914=AXIS2_PLACEMENT_3D('',#2296,#2297,#2298);
#1915=AXIS2_PLACEMENT_3D('',#2299,#2300,#2301);
#1916=AXIS2_PLACEMENT_3D('',#2302,#2303,#2304);
#1917=AXIS2_PLACEMENT_3D('',#2305,#2306,#2307);
#1918=AXIS2_PLACEMENT_3D('',#2308,#2309,#2310);
#1919=AXIS2_PLACEMENT_3D('',#2311,#2312,#2313);
#1920=AXIS2_PLACEMENT_3D('',#2314,#2315,#2316);
#1921=AXIS2_PLACEMENT_3D('',#2317,#2318,#2319);
#1922=EDGE_CURVE('',#2320,#2321,#2322,.T.);
#1923=EDGE_CURVE('',#2320,#2323,#2324,.T.);
#1924=EDGE_CURVE('',#2323,#2325,#2326,.T.);
#1925=EDGE_CURVE('',#2321,#2325,#2327,.T.);
#1926=EDGE_CURVE('',#2328,#2329,#2330,.T.);
#1927=EDGE_CURVE('',#2331,#2329,#2332,.T.);
#1928=EDGE_CURVE('',#2333,#2331,#2334,.T.);
#1929=EDGE_CURVE('',#2335,#2333,#2336,.T.);
#1930=EDGE_CURVE('',#2337,#2335,#2338,.T.);
#1931=EDGE_CURVE('',#2328,#2337,#2339,.T.);
#1932=EDGE_CURVE('',#2340,#2341,#2342,.T.);
#1933=EDGE_CURVE('',#2343,#2340,#2344,.T.);
#1934=EDGE_CURVE('',#2345,#2343,#2346,.T.);
#1935=EDGE_CURVE('',#2345,#2347,#2348,.T.);
#1936=EDGE_CURVE('',#2347,#2349,#2350,.T.);
#1937=EDGE_CURVE('',#2349,#2341,#2351,.T.);
#1938=EDGE_CURVE('',#2328,#2352,#2353,.T.);
#1939=EDGE_CURVE('',#2337,#2354,#2355,.T.);
#1940=EDGE_CURVE('',#2354,#2352,#2356,.T.);
#1941=EDGE_CURVE('',#2354,#2357,#2358,.T.);
#1942=EDGE_CURVE('',#2357,#2359,#2360,.T.);
#1943=EDGE_CURVE('',#2352,#2359,#2361,.T.);
#1944=EDGE_CURVE('',#2362,#2363,#2364,.T.);
#1945=EDGE_CURVE('',#2363,#2365,#2366,.T.);
#1946=EDGE_CURVE('',#2365,#2367,#2368,.T.);
#1947=EDGE_CURVE('',#2369,#2367,#2370,.T.);
#1948=EDGE_CURVE('',#2369,#2371,#2372,.T.);
#1949=EDGE_CURVE('',#2371,#2373,#2374,.T.);
#1950=EDGE_CURVE('',#2373,#2321,#2375,.T.);
#1951=EDGE_CURVE('',#2325,#2376,#2377,.T.);
#1952=EDGE_CURVE('',#2376,#2378,#2379,.T.);
#1953=EDGE_CURVE('',#2362,#2378,#2380,.T.);
#1954=EDGE_CURVE('',#2381,#2329,#2382,.T.);
#1955=EDGE_CURVE('',#2359,#2349,#2383,.T.);
#1956=EDGE_CURVE('',#2347,#2384,#2385,.T.);
#1957=EDGE_CURVE('',#2384,#2386,#2387,.T.);
#1958=EDGE_CURVE('',#2386,#2388,#2389,.T.);
#1959=EDGE_CURVE('',#2388,#2390,#2391,.T.);
#1960=EDGE_CURVE('',#2390,#2392,#2393,.T.);
#1961=EDGE_CURVE('',#2392,#2381,#2394,.T.);
#1962=EDGE_CURVE('',#2378,#2395,#2396,.T.);
#1963=EDGE_CURVE('',#2397,#2395,#2398,.T.);
#1964=EDGE_CURVE('',#2362,#2397,#2399,.T.);
#1965=EDGE_CURVE('',#2400,#2401,#2402,.T.);
#1966=EDGE_CURVE('',#2403,#2400,#2404,.T.);
#1967=EDGE_CURVE('',#2403,#2405,#2406,.T.);
#1968=EDGE_CURVE('',#2407,#2405,#2408,.T.);
#1969=EDGE_CURVE('',#2407,#2409,#2410,.T.);
#1970=EDGE_CURVE('',#2411,#2409,#2412,.T.);
#1971=EDGE_CURVE('',#2413,#2411,#2414,.T.);
#1972=EDGE_CURVE('',#2392,#2413,#2415,.T.);
#1973=EDGE_CURVE('',#2416,#2390,#2417,.T.);
#1974=EDGE_CURVE('',#2416,#2418,#2419,.T.);
#1975=EDGE_CURVE('',#2418,#2363,#2420,.T.);
#1976=EDGE_CURVE('',#2421,#2397,#2422,.T.);
#1977=EDGE_CURVE('',#2401,#2421,#2423,.T.);
#1978=EDGE_CURVE('',#2424,#2421,#2425,.T.);
#1979=EDGE_CURVE('',#2424,#2426,#2427,.T.);
#1980=EDGE_CURVE('',#2426,#2401,#2428,.T.);
#1981=EDGE_CURVE('',#2426,#2429,#2430,.T.);
#1982=EDGE_CURVE('',#2429,#2431,#2432,.T.);
#1983=EDGE_CURVE('',#2431,#2433,#2434,.T.);
#1984=EDGE_CURVE('',#2433,#2435,#2436,.T.);
#1985=EDGE_CURVE('',#2435,#2437,#2438,.T.);
#1986=EDGE_CURVE('',#2437,#2400,#2439,.T.);
#1987=EDGE_CURVE('',#2440,#2441,#2442,.T.);
#1988=EDGE_CURVE('',#2443,#2441,#2444,.T.);
#1989=EDGE_CURVE('',#2445,#2443,#2446,.T.);
#1990=EDGE_CURVE('',#2445,#2440,#2447,.T.);
#1991=EDGE_CURVE('',#2448,#2449,#2450,.T.);
#1992=EDGE_CURVE('',#2449,#2451,#2452,.T.);
#1993=EDGE_CURVE('',#2451,#2453,#2454,.T.);
#1994=EDGE_CURVE('',#2453,#2455,#2456,.T.);
#1995=EDGE_CURVE('',#2455,#2457,#2458,.T.);
#1996=EDGE_CURVE('',#2457,#2459,#2460,.T.);
#1997=EDGE_CURVE('',#2459,#2461,#2462,.T.);
#1998=EDGE_CURVE('',#2448,#2461,#2463,.T.);
#1999=EDGE_CURVE('',#2464,#2465,#2466,.T.);
#2000=EDGE_CURVE('',#2467,#2465,#2468,.T.);
#2001=EDGE_CURVE('',#2469,#2467,#2470,.T.);
#2002=EDGE_CURVE('',#2469,#2464,#2471,.T.);
#2003=EDGE_CURVE('',#2472,#2437,#2473,.T.);
#2004=EDGE_CURVE('',#2472,#2474,#2475,.T.);
#2005=EDGE_CURVE('',#2474,#2431,#2476,.T.);
#2006=EDGE_CURVE('',#2429,#2477,#2478,.T.);
#2007=EDGE_CURVE('',#2477,#2403,#2479,.T.);
#2008=EDGE_CURVE('',#2405,#2480,#2481,.T.);
#2009=EDGE_CURVE('',#2477,#2480,#2482,.T.);
#2010=EDGE_CURVE('',#2331,#2483,#2484,.T.);
#2011=EDGE_CURVE('',#2381,#2485,#2486,.T.);
#2012=EDGE_CURVE('',#2487,#2485,#2488,.T.);
#2013=EDGE_CURVE('',#2483,#2487,#2489,.T.);
#2014=EDGE_CURVE('',#2490,#2376,#2491,.T.);
#2015=EDGE_CURVE('',#2492,#2490,#2493,.T.);
#2016=EDGE_CURVE('',#2494,#2492,#2495,.T.);
#2017=EDGE_CURVE('',#2395,#2494,#2496,.T.);
#2018=EDGE_CURVE('',#2497,#2498,#2499,.T.);
#2019=EDGE_CURVE('',#2480,#2497,#2500,.T.);
#2020=EDGE_CURVE('',#2501,#2424,#2502,.T.);
#2021=EDGE_CURVE('',#2503,#2501,#2504,.T.);
#2022=EDGE_CURVE('',#2505,#2503,#2506,.T.);
#2023=EDGE_CURVE('',#2507,#2505,#2508,.T.);
#2024=EDGE_CURVE('',#2509,#2507,#2510,.T.);
#2025=EDGE_CURVE('',#2498,#2509,#2511,.T.);
#2026=EDGE_CURVE('',#2512,#2487,#2513,.T.);
#2027=EDGE_CURVE('',#2514,#2512,#2515,.T.);
#2028=EDGE_CURVE('',#2514,#2483,#2516,.T.);
#2029=EDGE_CURVE('',#2517,#2416,#2518,.T.);
#2030=EDGE_CURVE('',#2519,#2517,#2520,.T.);
#2031=EDGE_CURVE('',#2418,#2519,#2521,.T.);
#2032=EDGE_CURVE('',#2522,#2492,#2523,.T.);
#2033=EDGE_CURVE('',#2524,#2490,#2525,.T.);
#2034=EDGE_CURVE('',#2522,#2524,#2526,.T.);
#2035=EDGE_CURVE('',#2527,#2528,#2529,.T.);
#2036=EDGE_CURVE('',#2530,#2527,#2531,.T.);
#2037=EDGE_CURVE('',#2532,#2530,#2533,.T.);
#2038=EDGE_CURVE('',#2532,#2528,#2534,.T.);
#2039=EDGE_CURVE('',#2333,#2514,#2535,.T.);
#2040=EDGE_CURVE('',#2536,#2505,#2537,.T.);
#2041=EDGE_CURVE('',#2538,#2503,#2539,.T.);
#2042=EDGE_CURVE('',#2536,#2538,#2540,.T.);
#2043=EDGE_CURVE('',#2541,#2542,#2543,.T.);
#2044=EDGE_CURVE('',#2345,#2542,#2544,.T.);
#2045=EDGE_CURVE('',#2343,#2541,#2545,.T.);
#2046=EDGE_CURVE('',#2546,#2547,#2548,.T.);
#2047=EDGE_CURVE('',#2549,#2547,#2550,.T.);
#2048=EDGE_CURVE('',#2551,#2549,#2552,.T.);
#2049=EDGE_CURVE('',#2551,#2546,#2553,.T.);
#2050=EDGE_CURVE('',#2519,#2365,#2554,.T.);
#2051=EDGE_CURVE('',#2555,#2556,#2557,.T.);
#2052=EDGE_CURVE('',#2558,#2555,#2559,.T.);
#2053=EDGE_CURVE('',#2560,#2558,#2561,.T.);
#2054=EDGE_CURVE('',#2562,#2560,#2563,.T.);
#2055=EDGE_CURVE('',#2564,#2562,#2565,.T.);
#2056=EDGE_CURVE('',#2566,#2564,#2567,.T.);
#2057=EDGE_CURVE('',#2568,#2566,#2569,.T.);
#2058=EDGE_CURVE('',#2367,#2568,#2570,.T.);
#2059=EDGE_CURVE('',#2517,#2388,#2571,.T.);
#2060=EDGE_CURVE('',#2386,#2572,#2573,.T.);
#2061=EDGE_CURVE('',#2574,#2572,#2575,.T.);
#2062=EDGE_CURVE('',#2556,#2574,#2576,.T.);
#2063=EDGE_CURVE('',#2574,#2577,#2578,.T.);
#2064=EDGE_CURVE('',#2577,#2579,#2580,.T.);
#2065=EDGE_CURVE('',#2556,#2579,#2581,.T.);
#2066=EDGE_CURVE('',#2407,#2582,#2583,.T.);
#2067=EDGE_CURVE('',#2582,#2584,#2585,.T.);
#2068=EDGE_CURVE('',#2584,#2586,#2587,.T.);
#2069=EDGE_CURVE('',#2586,#2588,#2589,.T.);
#2070=EDGE_CURVE('',#2588,#2590,#2591,.T.);
#2071=EDGE_CURVE('',#2590,#2592,#2593,.T.);
#2072=EDGE_CURVE('',#2592,#2409,#2594,.T.);
#2073=EDGE_CURVE('',#2595,#2596,#2597,.T.);
#2074=EDGE_CURVE('',#2598,#2596,#2599,.T.);
#2075=EDGE_CURVE('',#2600,#2598,#2601,.T.);
#2076=EDGE_CURVE('',#2595,#2600,#2602,.T.);
#2077=EDGE_CURVE('',#2603,#2579,#2604,.T.);
#2078=EDGE_CURVE('',#2603,#2605,#2606,.T.);
#2079=EDGE_CURVE('',#2605,#2607,#2608,.T.);
#2080=EDGE_CURVE('',#2607,#2609,#2610,.T.);
#2081=EDGE_CURVE('',#2609,#2611,#2612,.T.);
#2082=EDGE_CURVE('',#2611,#2555,#2613,.T.);
#2083=EDGE_CURVE('',#2614,#2615,#2616,.T.);
#2084=EDGE_CURVE('',#2617,#2615,#2618,.T.);
#2085=EDGE_CURVE('',#2619,#2617,#2620,.T.);
#2086=EDGE_CURVE('',#2614,#2619,#2621,.T.);
#2087=EDGE_CURVE('',#2509,#2411,#2622,.T.);
#2088=EDGE_CURVE('',#2592,#2498,#2623,.T.);
#2089=EDGE_CURVE('',#2624,#2592,#2625,.T.);
#2090=EDGE_CURVE('',#2624,#2497,#2626,.T.);
#2091=EDGE_CURVE('',#2627,#2624,#2628,.T.);
#2092=EDGE_CURVE('',#2627,#2629,#2630,.T.);
#2093=EDGE_CURVE('',#2629,#2582,#2631,.T.);
#2094=EDGE_CURVE('',#2632,#2584,#2633,.T.);
#2095=EDGE_CURVE('',#2629,#2632,#2634,.T.);
#2096=EDGE_CURVE('',#2340,#2635,#2636,.T.);
#2097=EDGE_CURVE('',#2357,#2341,#2637,.T.);
#2098=EDGE_CURVE('',#2335,#2638,#2639,.T.);
#2099=EDGE_CURVE('',#2323,#2638,#2640,.T.);
#2100=EDGE_CURVE('',#2641,#2320,#2642,.T.);
#2101=EDGE_CURVE('',#2643,#2641,#2644,.T.);
#2102=EDGE_CURVE('',#2645,#2643,#2646,.T.);
#2103=EDGE_CURVE('',#2635,#2645,#2647,.T.);
#2104=EDGE_CURVE('',#2474,#2648,#2649,.T.);
#2105=EDGE_CURVE('',#2650,#2472,#2651,.T.);
#2106=EDGE_CURVE('',#2648,#2650,#2652,.T.);
#2107=EDGE_CURVE('',#2653,#2654,#2655,.T.);
#2108=EDGE_CURVE('',#2656,#2653,#2657,.T.);
#2109=EDGE_CURVE('',#2658,#2656,#2659,.T.);
#2110=EDGE_CURVE('',#2660,#2658,#2661,.T.);
#2111=EDGE_CURVE('',#2662,#2660,#2663,.T.);
#2112=EDGE_CURVE('',#2654,#2662,#2664,.T.);
#2113=EDGE_CURVE('',#2665,#2627,#2666,.T.);
#2114=EDGE_CURVE('',#2667,#2665,#2668,.T.);
#2115=EDGE_CURVE('',#2669,#2667,#2670,.T.);
#2116=EDGE_CURVE('',#2632,#2669,#2671,.T.);
#2117=EDGE_CURVE('',#2672,#2673,#2674,.T.);
#2118=EDGE_CURVE('',#2675,#2672,#2676,.T.);
#2119=EDGE_CURVE('',#2677,#2675,#2678,.T.);
#2120=EDGE_CURVE('',#2673,#2677,#2679,.T.);
#2121=EDGE_CURVE('',#2680,#2645,#2681,.T.);
#2122=EDGE_CURVE('',#2682,#2680,#2683,.T.);
#2123=EDGE_CURVE('',#2682,#2635,#2684,.T.);
#2124=EDGE_CURVE('',#2685,#2682,#2686,.T.);
#2125=EDGE_CURVE('',#2687,#2685,#2688,.T.);
#2126=EDGE_CURVE('',#2635,#2687,#2689,.T.);
#2127=EDGE_CURVE('',#2687,#2690,#2691,.T.);
#2128=EDGE_CURVE('',#2645,#2690,#2692,.T.);
#2129=EDGE_CURVE('',#2528,#2643,#2693,.T.);
#2130=EDGE_CURVE('',#2532,#2694,#2695,.T.);
#2131=EDGE_CURVE('',#2696,#2694,#2697,.T.);
#2132=EDGE_CURVE('',#2546,#2696,#2698,.T.);
#2133=EDGE_CURVE('',#2551,#2699,#2700,.T.);
#2134=EDGE_CURVE('',#2701,#2699,#2702,.T.);
#2135=EDGE_CURVE('',#2541,#2701,#2703,.T.);
#2136=EDGE_CURVE('',#2704,#2701,#2705,.T.);
#2137=EDGE_CURVE('',#2704,#2542,#2706,.T.);
#2138=EDGE_CURVE('',#2707,#2704,#2708,.T.);
#2139=EDGE_CURVE('',#2384,#2707,#2709,.T.);
#2140=EDGE_CURVE('',#2527,#2371,#2710,.T.);
#2141=EDGE_CURVE('',#2369,#2711,#2712,.T.);
#2142=EDGE_CURVE('',#2713,#2711,#2714,.T.);
#2143=EDGE_CURVE('',#2530,#2713,#2715,.T.);
#2144=EDGE_CURVE('',#2716,#2459,#2717,.T.);
#2145=EDGE_CURVE('',#2716,#2718,#2719,.T.);
#2146=EDGE_CURVE('',#2603,#2718,#2720,.T.);
#2147=EDGE_CURVE('',#2721,#2577,#2722,.T.);
#2148=EDGE_CURVE('',#2549,#2721,#2723,.T.);
#2149=EDGE_CURVE('',#2724,#2547,#2725,.T.);
#2150=EDGE_CURVE('',#2726,#2724,#2727,.T.);
#2151=EDGE_CURVE('',#2461,#2726,#2728,.T.);
#2152=EDGE_CURVE('',#2572,#2707,#2729,.T.);
#2153=EDGE_CURVE('',#2507,#2730,#2731,.T.);
#2154=EDGE_CURVE('',#2512,#2730,#2732,.T.);
#2155=EDGE_CURVE('',#2485,#2413,#2733,.T.);
#2156=EDGE_CURVE('',#2734,#2735,#2736,.T.);
#2157=EDGE_CURVE('',#2735,#2737,#2738,.T.);
#2158=EDGE_CURVE('',#2739,#2737,#2740,.T.);
#2159=EDGE_CURVE('',#2734,#2739,#2741,.T.);
#2160=EDGE_CURVE('',#2699,#2721,#2742,.T.);
#2161=EDGE_CURVE('',#2743,#2744,#2745,.T.);
#2162=EDGE_CURVE('',#2744,#2746,#2747,.T.);
#2163=EDGE_CURVE('',#2748,#2746,#2749,.T.);
#2164=EDGE_CURVE('',#2743,#2748,#2750,.T.);
#2165=EDGE_CURVE('',#2536,#2730,#2751,.T.);
#2166=EDGE_CURVE('',#2538,#2752,#2753,.T.);
#2167=EDGE_CURVE('',#2752,#2754,#2755,.T.);
#2168=EDGE_CURVE('',#2522,#2754,#2756,.T.);
#2169=EDGE_CURVE('',#2638,#2524,#2757,.T.);
#2170=EDGE_CURVE('',#2641,#2373,#2758,.T.);
#2171=EDGE_CURVE('',#2494,#2754,#2759,.T.);
#2172=EDGE_CURVE('',#2752,#2501,#2760,.T.);
#2173=EDGE_CURVE('',#2761,#2762,#2763,.T.);
#2174=EDGE_CURVE('',#2762,#2764,#2765,.T.);
#2175=EDGE_CURVE('',#2766,#2764,#2767,.T.);
#2176=EDGE_CURVE('',#2761,#2766,#2768,.T.);
#2177=EDGE_CURVE('',#2566,#2726,#2769,.T.);
#2178=EDGE_CURVE('',#2724,#2696,#2770,.T.);
#2179=EDGE_CURVE('',#2694,#2713,#2771,.T.);
#2180=EDGE_CURVE('',#2711,#2568,#2772,.T.);
#2181=EDGE_CURVE('',#2773,#2774,#2775,.T.);
#2182=EDGE_CURVE('',#2774,#2776,#2777,.T.);
#2183=EDGE_CURVE('',#2778,#2776,#2779,.T.);
#2184=EDGE_CURVE('',#2773,#2778,#2780,.T.);
#2185=EDGE_CURVE('',#2564,#2448,#2781,.T.);
#2186=EDGE_CURVE('',#2782,#2448,#2783,.T.);
#2187=EDGE_CURVE('',#2782,#2562,#2784,.T.);
#2188=EDGE_CURVE('',#2660,#2457,#2785,.T.);
#2189=EDGE_CURVE('',#2658,#2782,#2786,.T.);
#2190=EDGE_CURVE('',#2560,#2716,#2787,.T.);
#2191=EDGE_CURVE('',#2718,#2558,#2788,.T.);
#2192=EDGE_CURVE('',#2673,#2611,#2789,.T.);
#2193=EDGE_CURVE('',#2677,#2605,#2790,.T.);
#2194=EDGE_CURVE('',#2675,#2607,#2791,.T.);
#2195=EDGE_CURVE('',#2672,#2609,#2792,.T.);
#2196=EDGE_CURVE('',#2656,#2449,#2793,.T.);
#2197=EDGE_CURVE('',#2653,#2451,#2794,.T.);
#2198=EDGE_CURVE('',#2654,#2453,#2795,.T.);
#2199=EDGE_CURVE('',#2662,#2455,#2796,.T.);
#2200=EDGE_CURVE('',#2797,#2469,#2798,.T.);
#2201=EDGE_CURVE('',#2799,#2797,#2800,.T.);
#2202=EDGE_CURVE('',#2801,#2799,#2802,.T.);
#2203=EDGE_CURVE('',#2464,#2801,#2803,.T.);
#2204=EDGE_CURVE('',#2804,#2445,#2805,.T.);
#2205=EDGE_CURVE('',#2806,#2804,#2807,.T.);
#2206=EDGE_CURVE('',#2808,#2806,#2809,.T.);
#2207=EDGE_CURVE('',#2440,#2808,#2810,.T.);
#2208=EDGE_CURVE('',#2811,#2766,#2812,.T.);
#2209=EDGE_CURVE('',#2813,#2811,#2814,.T.);
#2210=EDGE_CURVE('',#2815,#2813,#2816,.T.);
#2211=EDGE_CURVE('',#2761,#2815,#2817,.T.);
#2212=EDGE_CURVE('',#2818,#2778,#2819,.T.);
#2213=EDGE_CURVE('',#2820,#2818,#2821,.T.);
#2214=EDGE_CURVE('',#2822,#2820,#2823,.T.);
#2215=EDGE_CURVE('',#2773,#2822,#2824,.T.);
#2216=EDGE_CURVE('',#2801,#2825,#2826,.T.);
#2217=EDGE_CURVE('',#2465,#2825,#2827,.T.);
#2218=EDGE_CURVE('',#2825,#2828,#2829,.T.);
#2219=EDGE_CURVE('',#2828,#2830,#2831,.T.);
#2220=EDGE_CURVE('',#2830,#2467,#2832,.T.);
#2221=EDGE_CURVE('',#2441,#2833,#2834,.T.);
#2222=EDGE_CURVE('',#2833,#2835,#2836,.T.);
#2223=EDGE_CURVE('',#2835,#2837,#2838,.T.);
#2224=EDGE_CURVE('',#2837,#2443,#2839,.T.);
#2225=EDGE_CURVE('',#2840,#2841,#2842,.T.);
#2226=EDGE_CURVE('',#2841,#2843,#2844,.T.);
#2227=EDGE_CURVE('',#2843,#2764,#2845,.T.);
#2228=EDGE_CURVE('',#2762,#2840,#2846,.T.);
#2229=EDGE_CURVE('',#2774,#2847,#2848,.T.);
#2230=EDGE_CURVE('',#2847,#2849,#2850,.T.);
#2231=EDGE_CURVE('',#2849,#2851,#2852,.T.);
#2232=EDGE_CURVE('',#2851,#2776,#2853,.T.);
#2233=EDGE_CURVE('',#2797,#2830,#2854,.T.);
#2234=EDGE_CURVE('',#2799,#2828,#2855,.T.);
#2235=EDGE_CURVE('',#2804,#2837,#2856,.T.);
#2236=EDGE_CURVE('',#2806,#2835,#2857,.T.);
#2237=EDGE_CURVE('',#2808,#2833,#2858,.T.);
#2238=EDGE_CURVE('',#2815,#2840,#2859,.T.);
#2239=EDGE_CURVE('',#2813,#2841,#2860,.T.);
#2240=EDGE_CURVE('',#2811,#2843,#2861,.T.);
#2241=EDGE_CURVE('',#2818,#2851,#2862,.T.);
#2242=EDGE_CURVE('',#2820,#2849,#2863,.T.);
#2243=EDGE_CURVE('',#2822,#2847,#2864,.T.);
#2244=EDGE_CURVE('',#2865,#2748,#2866,.T.);
#2245=EDGE_CURVE('',#2867,#2865,#2868,.T.);
#2246=EDGE_CURVE('',#2869,#2867,#2870,.T.);
#2247=EDGE_CURVE('',#2743,#2869,#2871,.T.);
#2248=EDGE_CURVE('',#2872,#2739,#2873,.T.);
#2249=EDGE_CURVE('',#2874,#2872,#2875,.T.);
#2250=EDGE_CURVE('',#2876,#2874,#2877,.T.);
#2251=EDGE_CURVE('',#2734,#2876,#2878,.T.);
#2252=EDGE_CURVE('',#2879,#2600,#2880,.T.);
#2253=EDGE_CURVE('',#2881,#2879,#2882,.T.);
#2254=EDGE_CURVE('',#2883,#2881,#2884,.T.);
#2255=EDGE_CURVE('',#2595,#2883,#2885,.T.);
#2256=EDGE_CURVE('',#2886,#2619,#2887,.T.);
#2257=EDGE_CURVE('',#2888,#2886,#2889,.T.);
#2258=EDGE_CURVE('',#2890,#2888,#2891,.T.);
#2259=EDGE_CURVE('',#2614,#2890,#2892,.T.);
#2260=EDGE_CURVE('',#2869,#2893,#2894,.T.);
#2261=EDGE_CURVE('',#2744,#2893,#2895,.T.);
#2262=EDGE_CURVE('',#2893,#2896,#2897,.T.);
#2263=EDGE_CURVE('',#2896,#2898,#2899,.T.);
#2264=EDGE_CURVE('',#2898,#2746,#2900,.T.);
#2265=EDGE_CURVE('',#2735,#2901,#2902,.T.);
#2266=EDGE_CURVE('',#2901,#2903,#2904,.T.);
#2267=EDGE_CURVE('',#2903,#2905,#2906,.T.);
#2268=EDGE_CURVE('',#2905,#2737,#2907,.T.);
#2269=EDGE_CURVE('',#2908,#2909,#2910,.T.);
#2270=EDGE_CURVE('',#2909,#2911,#2912,.T.);
#2271=EDGE_CURVE('',#2911,#2598,#2913,.T.);
#2272=EDGE_CURVE('',#2596,#2908,#2914,.T.);
#2273=EDGE_CURVE('',#2915,#2916,#2917,.T.);
#2274=EDGE_CURVE('',#2916,#2918,#2919,.T.);
#2275=EDGE_CURVE('',#2918,#2617,#2920,.T.);
#2276=EDGE_CURVE('',#2615,#2915,#2921,.T.);
#2277=EDGE_CURVE('',#2865,#2898,#2922,.T.);
#2278=EDGE_CURVE('',#2867,#2896,#2923,.T.);
#2279=EDGE_CURVE('',#2872,#2905,#2924,.T.);
#2280=EDGE_CURVE('',#2874,#2903,#2925,.T.);
#2281=EDGE_CURVE('',#2876,#2901,#2926,.T.);
#2282=EDGE_CURVE('',#2883,#2908,#2927,.T.);
#2283=EDGE_CURVE('',#2881,#2909,#2928,.T.);
#2284=EDGE_CURVE('',#2879,#2911,#2929,.T.);
#2285=EDGE_CURVE('',#2890,#2915,#2930,.T.);
#2286=EDGE_CURVE('',#2888,#2916,#2931,.T.);
#2287=EDGE_CURVE('',#2886,#2918,#2932,.T.);
#2288=EDGE_CURVE('',#2690,#2933,#2934,.T.);
#2289=EDGE_CURVE('',#2933,#2680,#2935,.T.);
#2290=EDGE_CURVE('',#2685,#2933,#2936,.T.);
#2291=EDGE_CURVE('',#2650,#2435,#2937,.T.);
#2292=EDGE_CURVE('',#2648,#2433,#2938,.T.);
#2293=EDGE_CURVE('',#2669,#2586,#2939,.T.);
#2294=EDGE_CURVE('',#2667,#2588,#2940,.T.);
#2295=EDGE_CURVE('',#2665,#2590,#2941,.T.);
#2296=CARTESIAN_POINT('',(2.1,0.0,-2.95));
#2297=DIRECTION('',(0.0,1.0,0.0));
#2298=DIRECTION('',(-1.0,0.0,0.0));
#2299=CARTESIAN_POINT('',(2.1,0.0,-2.95));
#2300=DIRECTION('',(-0.0,1.0,0.0));
#2301=DIRECTION('',(1.0,0.0,0.0));
#2302=CARTESIAN_POINT('',(2.1,0.0,2.55));
#2303=DIRECTION('',(0.0,1.0,0.0));
#2304=DIRECTION('',(-1.0,0.0,0.0));
#2305=CARTESIAN_POINT('',(2.1,0.0,2.55));
#2306=DIRECTION('',(-0.0,1.0,0.0));
#2307=DIRECTION('',(1.0,0.0,0.0));
#2308=CARTESIAN_POINT('',(-2.1,0.0,-2.95));
#2309=DIRECTION('',(0.0,1.0,0.0));
#2310=DIRECTION('',(-1.0,0.0,0.0));
#2311=CARTESIAN_POINT('',(-2.1,0.0,-2.95));
#2312=DIRECTION('',(-0.0,1.0,0.0));
#2313=DIRECTION('',(1.0,0.0,0.0));
#2314=CARTESIAN_POINT('',(-2.1,0.0,2.55));
#2315=DIRECTION('',(0.0,1.0,0.0));
#2316=DIRECTION('',(-1.0,0.0,0.0));
#2317=CARTESIAN_POINT('',(-2.1,0.0,2.55));
#2318=DIRECTION('',(-0.0,1.0,0.0));
#2319=DIRECTION('',(1.0,0.0,0.0));
#2320=VERTEX_POINT('',#2942);
#2321=VERTEX_POINT('',#2943);
#2322=LINE('',#2944,#2945);
#2323=VERTEX_POINT('',#2946);
#2324=CIRCLE('',#2947,0.4);
#2325=VERTEX_POINT('',#2948);
#2326=LINE('',#2949,#2950);
#2327=CIRCLE('',#2951,0.4);
#2328=VERTEX_POINT('',#2952);
#2329=VERTEX_POINT('',#2953);
#2330=LINE('',#2954,#2955);
#2331=VERTEX_POINT('',#2956);
#2332=LINE('',#2957,#2958);
#2333=VERTEX_POINT('',#2959);
#2334=LINE('',#2960,#2961);
#2335=VERTEX_POINT('',#2962);
#2336=LINE('',#2963,#2964);
#2337=VERTEX_POINT('',#2965);
#2338=LINE('',#2966,#2967);
#2339=LINE('',#2968,#2969);
#2340=VERTEX_POINT('',#2970);
#2341=VERTEX_POINT('',#2971);
#2342=LINE('',#2972,#2973);
#2343=VERTEX_POINT('',#2974);
#2344=LINE('',#2975,#2976);
#2345=VERTEX_POINT('',#2977);
#2346=LINE('',#2978,#2979);
#2347=VERTEX_POINT('',#2980);
#2348=LINE('',#2981,#2982);
#2349=VERTEX_POINT('',#2983);
#2350=LINE('',#2984,#2985);
#2351=LINE('',#2986,#2987);
#2352=VERTEX_POINT('',#2988);
#2353=LINE('',#2989,#2990);
#2354=VERTEX_POINT('',#2991);
#2355=LINE('',#2992,#2993);
#2356=LINE('',#2994,#2995);
#2357=VERTEX_POINT('',#2996);
#2358=LINE('',#2997,#2998);
#2359=VERTEX_POINT('',#2999);
#2360=LINE('',#3000,#3001);
#2361=LINE('',#3002,#3003);
#2362=VERTEX_POINT('',#3004);
#2363=VERTEX_POINT('',#3005);
#2364=LINE('',#3006,#3007);
#2365=VERTEX_POINT('',#3008);
#2366=LINE('',#3009,#3010);
#2367=VERTEX_POINT('',#3011);
#2368=LINE('',#3012,#3013);
#2369=VERTEX_POINT('',#3014);
#2370=LINE('',#3015,#3016);
#2371=VERTEX_POINT('',#3017);
#2372=LINE('',#3018,#3019);
#2373=VERTEX_POINT('',#3020);
#2374=LINE('',#3021,#3022);
#2375=CIRCLE('',#3023,0.4);
#2376=VERTEX_POINT('',#3024);
#2377=LINE('',#3025,#3026);
#2378=VERTEX_POINT('',#3027);
#2379=LINE('',#3028,#3029);
#2380=LINE('',#3030,#3031);
#2381=VERTEX_POINT('',#3032);
#2382=LINE('',#3033,#3034);
#2383=LINE('',#3035,#3036);
#2384=VERTEX_POINT('',#3037);
#2385=LINE('',#3038,#3039);
#2386=VERTEX_POINT('',#3040);
#2387=LINE('',#3041,#3042);
#2388=VERTEX_POINT('',#3043);
#2389=LINE('',#3044,#3045);
#2390=VERTEX_POINT('',#3046);
#2391=LINE('',#3047,#3048);
#2392=VERTEX_POINT('',#3049);
#2393=LINE('',#3050,#3051);
#2394=LINE('',#3052,#3053);
#2395=VERTEX_POINT('',#3054);
#2396=LINE('',#3055,#3056);
#2397=VERTEX_POINT('',#3057);
#2398=LINE('',#3058,#3059);
#2399=LINE('',#3060,#3061);
#2400=VERTEX_POINT('',#3062);
#2401=VERTEX_POINT('',#3063);
#2402=LINE('',#3064,#3065);
#2403=VERTEX_POINT('',#3066);
#2404=LINE('',#3067,#3068);
#2405=VERTEX_POINT('',#3069);
#2406=LINE('',#3070,#3071);
#2407=VERTEX_POINT('',#3072);
#2408=LINE('',#3073,#3074);
#2409=VERTEX_POINT('',#3075);
#2410=LINE('',#3076,#3077);
#2411=VERTEX_POINT('',#3078);
#2412=LINE('',#3079,#3080);
#2413=VERTEX_POINT('',#3081);
#2414=LINE('',#3082,#3083);
#2415=LINE('',#3084,#3085);
#2416=VERTEX_POINT('',#3086);
#2417=LINE('',#3087,#3088);
#2418=VERTEX_POINT('',#3089);
#2419=LINE('',#3090,#3091);
#2420=LINE('',#3092,#3093);
#2421=VERTEX_POINT('',#3094);
#2422=LINE('',#3095,#3096);
#2423=LINE('',#3097,#3098);
#2424=VERTEX_POINT('',#3099);
#2425=LINE('',#3100,#3101);
#2426=VERTEX_POINT('',#3102);
#2427=LINE('',#3103,#3104);
#2428=LINE('',#3105,#3106);
#2429=VERTEX_POINT('',#3107);
#2430=LINE('',#3108,#3109);
#2431=VERTEX_POINT('',#3110);
#2432=LINE('',#3111,#3112);
#2433=VERTEX_POINT('',#3113);
#2434=LINE('',#3114,#3115);
#2435=VERTEX_POINT('',#3116);
#2436=LINE('',#3117,#3118);
#2437=VERTEX_POINT('',#3119);
#2438=LINE('',#3120,#3121);
#2439=LINE('',#3122,#3123);
#2440=VERTEX_POINT('',#3124);
#2441=VERTEX_POINT('',#3125);
#2442=LINE('',#3126,#3127);
#2443=VERTEX_POINT('',#3128);
#2444=LINE('',#3129,#3130);
#2445=VERTEX_POINT('',#3131);
#2446=LINE('',#3132,#3133);
#2447=LINE('',#3134,#3135);
#2448=VERTEX_POINT('',#3136);
#2449=VERTEX_POINT('',#3137);
#2450=LINE('',#3138,#3139);
#2451=VERTEX_POINT('',#3140);
#2452=LINE('',#3141,#3142);
#2453=VERTEX_POINT('',#3143);
#2454=LINE('',#3144,#3145);
#2455=VERTEX_POINT('',#3146);
#2456=LINE('',#3147,#3148);
#2457=VERTEX_POINT('',#3149);
#2458=LINE('',#3150,#3151);
#2459=VERTEX_POINT('',#3152);
#2460=LINE('',#3153,#3154);
#2461=VERTEX_POINT('',#3155);
#2462=LINE('',#3156,#3157);
#2463=LINE('',#3158,#3159);
#2464=VERTEX_POINT('',#3160);
#2465=VERTEX_POINT('',#3161);
#2466=LINE('',#3162,#3163);
#2467=VERTEX_POINT('',#3164);
#2468=LINE('',#3165,#3166);
#2469=VERTEX_POINT('',#3167);
#2470=LINE('',#3168,#3169);
#2471=LINE('',#3170,#3171);
#2472=VERTEX_POINT('',#3172);
#2473=LINE('',#3173,#3174);
#2474=VERTEX_POINT('',#3175);
#2475=LINE('',#3176,#3177);
#2476=LINE('',#3178,#3179);
#2477=VERTEX_POINT('',#3180);
#2478=LINE('',#3181,#3182);
#2479=LINE('',#3183,#3184);
#2480=VERTEX_POINT('',#3185);
#2481=LINE('',#3186,#3187);
#2482=LINE('',#3188,#3189);
#2483=VERTEX_POINT('',#3190);
#2484=LINE('',#3191,#3192);
#2485=VERTEX_POINT('',#3193);
#2486=LINE('',#3194,#3195);
#2487=VERTEX_POINT('',#3196);
#2488=LINE('',#3197,#3198);
#2489=LINE('',#3199,#3200);
#2490=VERTEX_POINT('',#3201);
#2491=LINE('',#3202,#3203);
#2492=VERTEX_POINT('',#3204);
#2493=LINE('',#3205,#3206);
#2494=VERTEX_POINT('',#3207);
#2495=LINE('',#3208,#3209);
#2496=LINE('',#3210,#3211);
#2497=VERTEX_POINT('',#3212);
#2498=VERTEX_POINT('',#3213);
#2499=LINE('',#3214,#3215);
#2500=LINE('',#3216,#3217);
#2501=VERTEX_POINT('',#3218);
#2502=LINE('',#3219,#3220);
#2503=VERTEX_POINT('',#3221);
#2504=LINE('',#3222,#3223);
#2505=VERTEX_POINT('',#3224);
#2506=LINE('',#3225,#3226);
#2507=VERTEX_POINT('',#3227);
#2508=LINE('',#3228,#3229);
#2509=VERTEX_POINT('',#3230);
#2510=LINE('',#3231,#3232);
#2511=LINE('',#3233,#3234);
#2512=VERTEX_POINT('',#3235);
#2513=LINE('',#3236,#3237);
#2514=VERTEX_POINT('',#3238);
#2515=LINE('',#3239,#3240);
#2516=LINE('',#3241,#3242);
#2517=VERTEX_POINT('',#3243);
#2518=LINE('',#3244,#3245);
#2519=VERTEX_POINT('',#3246);
#2520=LINE('',#3247,#3248);
#2521=LINE('',#3249,#3250);
#2522=VERTEX_POINT('',#3251);
#2523=LINE('',#3252,#3253);
#2524=VERTEX_POINT('',#3254);
#2525=LINE('',#3255,#3256);
#2526=LINE('',#3257,#3258);
#2527=VERTEX_POINT('',#3259);
#2528=VERTEX_POINT('',#3260);
#2529=LINE('',#3261,#3262);
#2530=VERTEX_POINT('',#3263);
#2531=LINE('',#3264,#3265);
#2532=VERTEX_POINT('',#3266);
#2533=LINE('',#3267,#3268);
#2534=LINE('',#3269,#3270);
#2535=LINE('',#3271,#3272);
#2536=VERTEX_POINT('',#3273);
#2537=LINE('',#3274,#3275);
#2538=VERTEX_POINT('',#3276);
#2539=LINE('',#3277,#3278);
#2540=LINE('',#3279,#3280);
#2541=VERTEX_POINT('',#3281);
#2542=VERTEX_POINT('',#3282);
#2543=LINE('',#3283,#3284);
#2544=LINE('',#3285,#3286);
#2545=LINE('',#3287,#3288);
#2546=VERTEX_POINT('',#3289);
#2547=VERTEX_POINT('',#3290);
#2548=LINE('',#3291,#3292);
#2549=VERTEX_POINT('',#3293);
#2550=LINE('',#3294,#3295);
#2551=VERTEX_POINT('',#3296);
#2552=LINE('',#3297,#3298);
#2553=LINE('',#3299,#3300);
#2554=LINE('',#3301,#3302);
#2555=VERTEX_POINT('',#3303);
#2556=VERTEX_POINT('',#3304);
#2557=LINE('',#3305,#3306);
#2558=VERTEX_POINT('',#3307);
#2559=LINE('',#3308,#3309);
#2560=VERTEX_POINT('',#3310);
#2561=LINE('',#3311,#3312);
#2562=VERTEX_POINT('',#3313);
#2563=LINE('',#3314,#3315);
#2564=VERTEX_POINT('',#3316);
#2565=LINE('',#3317,#3318);
#2566=VERTEX_POINT('',#3319);
#2567=LINE('',#3320,#3321);
#2568=VERTEX_POINT('',#3322);
#2569=LINE('',#3323,#3324);
#2570=LINE('',#3325,#3326);
#2571=LINE('',#3327,#3328);
#2572=VERTEX_POINT('',#3329);
#2573=LINE('',#3330,#3331);
#2574=VERTEX_POINT('',#3332);
#2575=LINE('',#3333,#3334);
#2576=LINE('',#3335,#3336);
#2577=VERTEX_POINT('',#3337);
#2578=LINE('',#3338,#3339);
#2579=VERTEX_POINT('',#3340);
#2580=LINE('',#3341,#3342);
#2581=LINE('',#3343,#3344);
#2582=VERTEX_POINT('',#3345);
#2583=LINE('',#3346,#3347);
#2584=VERTEX_POINT('',#3348);
#2585=LINE('',#3349,#3350);
#2586=VERTEX_POINT('',#3351);
#2587=LINE('',#3352,#3353);
#2588=VERTEX_POINT('',#3354);
#2589=LINE('',#3355,#3356);
#2590=VERTEX_POINT('',#3357);
#2591=LINE('',#3358,#3359);
#2592=VERTEX_POINT('',#3360);
#2593=LINE('',#3361,#3362);
#2594=LINE('',#3363,#3364);
#2595=VERTEX_POINT('',#3365);
#2596=VERTEX_POINT('',#3366);
#2597=LINE('',#3367,#3368);
#2598=VERTEX_POINT('',#3369);
#2599=LINE('',#3370,#3371);
#2600=VERTEX_POINT('',#3372);
#2601=LINE('',#3373,#3374);
#2602=LINE('',#3375,#3376);
#2603=VERTEX_POINT('',#3377);
#2604=LINE('',#3378,#3379);
#2605=VERTEX_POINT('',#3380);
#2606=LINE('',#3381,#3382);
#2607=VERTEX_POINT('',#3383);
#2608=LINE('',#3384,#3385);
#2609=VERTEX_POINT('',#3386);
#2610=LINE('',#3387,#3388);
#2611=VERTEX_POINT('',#3389);
#2612=LINE('',#3390,#3391);
#2613=LINE('',#3392,#3393);
#2614=VERTEX_POINT('',#3394);
#2615=VERTEX_POINT('',#3395);
#2616=LINE('',#3396,#3397);
#2617=VERTEX_POINT('',#3398);
#2618=LINE('',#3399,#3400);
#2619=VERTEX_POINT('',#3401);
#2620=LINE('',#3402,#3403);
#2621=LINE('',#3404,#3405);
#2622=LINE('',#3406,#3407);
#2623=LINE('',#3408,#3409);
#2624=VERTEX_POINT('',#3410);
#2625=LINE('',#3411,#3412);
#2626=LINE('',#3413,#3414);
#2627=VERTEX_POINT('',#3415);
#2628=LINE('',#3416,#3417);
#2629=VERTEX_POINT('',#3418);
#2630=LINE('',#3419,#3420);
#2631=LINE('',#3421,#3422);
#2632=VERTEX_POINT('',#3423);
#2633=LINE('',#3424,#3425);
#2634=LINE('',#3426,#3427);
#2635=VERTEX_POINT('',#3428);
#2636=LINE('',#3429,#3430);
#2637=LINE('',#3431,#3432);
#2638=VERTEX_POINT('',#3433);
#2639=LINE('',#3434,#3435);
#2640=LINE('',#3436,#3437);
#2641=VERTEX_POINT('',#3438);
#2642=CIRCLE('',#3439,0.4);
#2643=VERTEX_POINT('',#3440);
#2644=LINE('',#3441,#3442);
#2645=VERTEX_POINT('',#3443);
#2646=LINE('',#3444,#3445);
#2647=LINE('',#3446,#3447);
#2648=VERTEX_POINT('',#3448);
#2649=LINE('',#3449,#3450);
#2650=VERTEX_POINT('',#3451);
#2651=LINE('',#3452,#3453);
#2652=LINE('',#3454,#3455);
#2653=VERTEX_POINT('',#3456);
#2654=VERTEX_POINT('',#3457);
#2655=LINE('',#3458,#3459);
#2656=VERTEX_POINT('',#3460);
#2657=LINE('',#3461,#3462);
#2658=VERTEX_POINT('',#3463);
#2659=LINE('',#3464,#3465);
#2660=VERTEX_POINT('',#3466);
#2661=LINE('',#3467,#3468);
#2662=VERTEX_POINT('',#3469);
#2663=LINE('',#3470,#3471);
#2664=LINE('',#3472,#3473);
#2665=VERTEX_POINT('',#3474);
#2666=LINE('',#3475,#3476);
#2667=VERTEX_POINT('',#3477);
#2668=LINE('',#3478,#3479);
#2669=VERTEX_POINT('',#3480);
#2670=LINE('',#3481,#3482);
#2671=LINE('',#3483,#3484);
#2672=VERTEX_POINT('',#3485);
#2673=VERTEX_POINT('',#3486);
#2674=LINE('',#3487,#3488);
#2675=VERTEX_POINT('',#3489);
#2676=LINE('',#3490,#3491);
#2677=VERTEX_POINT('',#3492);
#2678=LINE('',#3493,#3494);
#2679=LINE('',#3495,#3496);
#2680=VERTEX_POINT('',#3497);
#2681=LINE('',#3498,#3499);
#2682=VERTEX_POINT('',#3500);
#2683=LINE('',#3501,#3502);
#2684=LINE('',#3503,#3504);
#2685=VERTEX_POINT('',#3505);
#2686=LINE('',#3506,#3507);
#2687=VERTEX_POINT('',#3508);
#2688=LINE('',#3509,#3510);
#2689=LINE('',#3511,#3512);
#2690=VERTEX_POINT('',#3513);
#2691=LINE('',#3514,#3515);
#2692=LINE('',#3516,#3517);
#2693=LINE('',#3518,#3519);
#2694=VERTEX_POINT('',#3520);
#2695=LINE('',#3521,#3522);
#2696=VERTEX_POINT('',#3523);
#2697=LINE('',#3524,#3525);
#2698=LINE('',#3526,#3527);
#2699=VERTEX_POINT('',#3528);
#2700=LINE('',#3529,#3530);
#2701=VERTEX_POINT('',#3531);
#2702=LINE('',#3532,#3533);
#2703=LINE('',#3534,#3535);
#2704=VERTEX_POINT('',#3536);
#2705=LINE('',#3537,#3538);
#2706=LINE('',#3539,#3540);
#2707=VERTEX_POINT('',#3541);
#2708=LINE('',#3542,#3543);
#2709=LINE('',#3544,#3545);
#2710=LINE('',#3546,#3547);
#2711=VERTEX_POINT('',#3548);
#2712=LINE('',#3549,#3550);
#2713=VERTEX_POINT('',#3551);
#2714=LINE('',#3552,#3553);
#2715=LINE('',#3554,#3555);
#2716=VERTEX_POINT('',#3556);
#2717=LINE('',#3557,#3558);
#2718=VERTEX_POINT('',#3559);
#2719=LINE('',#3560,#3561);
#2720=LINE('',#3562,#3563);
#2721=VERTEX_POINT('',#3564);
#2722=LINE('',#3565,#3566);
#2723=LINE('',#3567,#3568);
#2724=VERTEX_POINT('',#3569);
#2725=LINE('',#3570,#3571);
#2726=VERTEX_POINT('',#3572);
#2727=LINE('',#3573,#3574);
#2728=LINE('',#3575,#3576);
#2729=LINE('',#3577,#3578);
#2730=VERTEX_POINT('',#3579);
#2731=LINE('',#3580,#3581);
#2732=LINE('',#3582,#3583);
#2733=LINE('',#3584,#3585);
#2734=VERTEX_POINT('',#3586);
#2735=VERTEX_POINT('',#3587);
#2736=LINE('',#3588,#3589);
#2737=VERTEX_POINT('',#3590);
#2738=LINE('',#3591,#3592);
#2739=VERTEX_POINT('',#3593);
#2740=LINE('',#3594,#3595);
#2741=LINE('',#3596,#3597);
#2742=LINE('',#3598,#3599);
#2743=VERTEX_POINT('',#3600);
#2744=VERTEX_POINT('',#3601);
#2745=LINE('',#3602,#3603);
#2746=VERTEX_POINT('',#3604);
#2747=LINE('',#3605,#3606);
#2748=VERTEX_POINT('',#3607);
#2749=LINE('',#3608,#3609);
#2750=LINE('',#3610,#3611);
#2751=LINE('',#3612,#3613);
#2752=VERTEX_POINT('',#3614);
#2753=LINE('',#3615,#3616);
#2754=VERTEX_POINT('',#3617);
#2755=LINE('',#3618,#3619);
#2756=LINE('',#3620,#3621);
#2757=LINE('',#3622,#3623);
#2758=LINE('',#3624,#3625);
#2759=LINE('',#3626,#3627);
#2760=LINE('',#3628,#3629);
#2761=VERTEX_POINT('',#3630);
#2762=VERTEX_POINT('',#3631);
#2763=LINE('',#3632,#3633);
#2764=VERTEX_POINT('',#3634);
#2765=LINE('',#3635,#3636);
#2766=VERTEX_POINT('',#3637);
#2767=LINE('',#3638,#3639);
#2768=LINE('',#3640,#3641);
#2769=LINE('',#3642,#3643);
#2770=LINE('',#3644,#3645);
#2771=LINE('',#3646,#3647);
#2772=LINE('',#3648,#3649);
#2773=VERTEX_POINT('',#3650);
#2774=VERTEX_POINT('',#3651);
#2775=LINE('',#3652,#3653);
#2776=VERTEX_POINT('',#3654);
#2777=LINE('',#3655,#3656);
#2778=VERTEX_POINT('',#3657);
#2779=LINE('',#3658,#3659);
#2780=LINE('',#3660,#3661);
#2781=LINE('',#3662,#3663);
#2782=VERTEX_POINT('',#3664);
#2783=LINE('',#3665,#3666);
#2784=LINE('',#3667,#3668);
#2785=LINE('',#3669,#3670);
#2786=LINE('',#3671,#3672);
#2787=LINE('',#3673,#3674);
#2788=LINE('',#3675,#3676);
#2789=LINE('',#3677,#3678);
#2790=LINE('',#3679,#3680);
#2791=LINE('',#3681,#3682);
#2792=LINE('',#3683,#3684);
#2793=LINE('',#3685,#3686);
#2794=LINE('',#3687,#3688);
#2795=LINE('',#3689,#3690);
#2796=LINE('',#3691,#3692);
#2797=VERTEX_POINT('',#3693);
#2798=LINE('',#3694,#3695);
#2799=VERTEX_POINT('',#3696);
#2800=LINE('',#3697,#3698);
#2801=VERTEX_POINT('',#3699);
#2802=LINE('',#3700,#3701);
#2803=LINE('',#3702,#3703);
#2804=VERTEX_POINT('',#3704);
#2805=LINE('',#3705,#3706);
#2806=VERTEX_POINT('',#3707);
#2807=LINE('',#3708,#3709);
#2808=VERTEX_POINT('',#3710);
#2809=LINE('',#3711,#3712);
#2810=LINE('',#3713,#3714);
#2811=VERTEX_POINT('',#3715);
#2812=LINE('',#3716,#3717);
#2813=VERTEX_POINT('',#3718);
#2814=LINE('',#3719,#3720);
#2815=VERTEX_POINT('',#3721);
#2816=LINE('',#3722,#3723);
#2817=LINE('',#3724,#3725);
#2818=VERTEX_POINT('',#3726);
#2819=LINE('',#3727,#3728);
#2820=VERTEX_POINT('',#3729);
#2821=LINE('',#3730,#3731);
#2822=VERTEX_POINT('',#3732);
#2823=LINE('',#3733,#3734);
#2824=LINE('',#3735,#3736);
#2825=VERTEX_POINT('',#3737);
#2826=LINE('',#3738,#3739);
#2827=LINE('',#3740,#3741);
#2828=VERTEX_POINT('',#3742);
#2829=LINE('',#3743,#3744);
#2830=VERTEX_POINT('',#3745);
#2831=LINE('',#3746,#3747);
#2832=LINE('',#3748,#3749);
#2833=VERTEX_POINT('',#3750);
#2834=LINE('',#3751,#3752);
#2835=VERTEX_POINT('',#3753);
#2836=LINE('',#3754,#3755);
#2837=VERTEX_POINT('',#3756);
#2838=LINE('',#3757,#3758);
#2839=LINE('',#3759,#3760);
#2840=VERTEX_POINT('',#3761);
#2841=VERTEX_POINT('',#3762);
#2842=LINE('',#3763,#3764);
#2843=VERTEX_POINT('',#3765);
#2844=LINE('',#3766,#3767);
#2845=LINE('',#3768,#3769);
#2846=LINE('',#3770,#3771);
#2847=VERTEX_POINT('',#3772);
#2848=LINE('',#3773,#3774);
#2849=VERTEX_POINT('',#3775);
#2850=LINE('',#3776,#3777);
#2851=VERTEX_POINT('',#3778);
#2852=LINE('',#3779,#3780);
#2853=LINE('',#3781,#3782);
#2854=LINE('',#3783,#3784);
#2855=LINE('',#3785,#3786);
#2856=LINE('',#3787,#3788);
#2857=LINE('',#3789,#3790);
#2858=LINE('',#3791,#3792);
#2859=LINE('',#3793,#3794);
#2860=LINE('',#3795,#3796);
#2861=LINE('',#3797,#3798);
#2862=LINE('',#3799,#3800);
#2863=LINE('',#3801,#3802);
#2864=LINE('',#3803,#3804);
#2865=VERTEX_POINT('',#3805);
#2866=LINE('',#3806,#3807);
#2867=VERTEX_POINT('',#3808);
#2868=LINE('',#3809,#3810);
#2869=VERTEX_POINT('',#3811);
#2870=LINE('',#3812,#3813);
#2871=LINE('',#3814,#3815);
#2872=VERTEX_POINT('',#3816);
#2873=LINE('',#3817,#3818);
#2874=VERTEX_POINT('',#3819);
#2875=LINE('',#3820,#3821);
#2876=VERTEX_POINT('',#3822);
#2877=LINE('',#3823,#3824);
#2878=LINE('',#3825,#3826);
#2879=VERTEX_POINT('',#3827);
#2880=LINE('',#3828,#3829);
#2881=VERTEX_POINT('',#3830);
#2882=LINE('',#3831,#3832);
#2883=VERTEX_POINT('',#3833);
#2884=LINE('',#3834,#3835);
#2885=LINE('',#3836,#3837);
#2886=VERTEX_POINT('',#3838);
#2887=LINE('',#3839,#3840);
#2888=VERTEX_POINT('',#3841);
#2889=LINE('',#3842,#3843);
#2890=VERTEX_POINT('',#3844);
#2891=LINE('',#3845,#3846);
#2892=LINE('',#3847,#3848);
#2893=VERTEX_POINT('',#3849);
#2894=LINE('',#3850,#3851);
#2895=LINE('',#3852,#3853);
#2896=VERTEX_POINT('',#3854);
#2897=LINE('',#3855,#3856);
#2898=VERTEX_POINT('',#3857);
#2899=LINE('',#3858,#3859);
#2900=LINE('',#3860,#3861);
#2901=VERTEX_POINT('',#3862);
#2902=LINE('',#3863,#3864);
#2903=VERTEX_POINT('',#3865);
#2904=LINE('',#3866,#3867);
#2905=VERTEX_POINT('',#3868);
#2906=LINE('',#3869,#3870);
#2907=LINE('',#3871,#3872);
#2908=VERTEX_POINT('',#3873);
#2909=VERTEX_POINT('',#3874);
#2910=LINE('',#3875,#3876);
#2911=VERTEX_POINT('',#3877);
#2912=LINE('',#3878,#3879);
#2913=LINE('',#3880,#3881);
#2914=LINE('',#3882,#3883);
#2915=VERTEX_POINT('',#3884);
#2916=VERTEX_POINT('',#3885);
#2917=LINE('',#3886,#3887);
#2918=VERTEX_POINT('',#3888);
#2919=LINE('',#3889,#3890);
#2920=LINE('',#3891,#3892);
#2921=LINE('',#3893,#3894);
#2922=LINE('',#3895,#3896);
#2923=LINE('',#3897,#3898);
#2924=LINE('',#3899,#3900);
#2925=LINE('',#3901,#3902);
#2926=LINE('',#3903,#3904);
#2927=LINE('',#3905,#3906);
#2928=LINE('',#3907,#3908);
#2929=LINE('',#3909,#3910);
#2930=LINE('',#3911,#3912);
#2931=LINE('',#3913,#3914);
#2932=LINE('',#3915,#3916);
#2933=VERTEX_POINT('',#3917);
#2934=LINE('',#3918,#3919);
#2935=LINE('',#3920,#3921);
#2936=LINE('',#3922,#3923);
#2937=LINE('',#3924,#3925);
#2938=LINE('',#3926,#3927);
#2939=LINE('',#3928,#3929);
#2940=LINE('',#3930,#3931);
#2941=LINE('',#3932,#3933);
#2942=CARTESIAN_POINT('',(5.2,12.8,2.6));
#2943=CARTESIAN_POINT('',(5.2,0.2,2.6));
#2944=CARTESIAN_POINT('',(5.2,12.8,2.6));
#2945=VECTOR('',#3934,1.0);
#2946=CARTESIAN_POINT('',(4.8,12.8,3.0));
#2947=AXIS2_PLACEMENT_3D('',#3935,#3936,#3937);
#2948=CARTESIAN_POINT('',(4.8,0.2,3.0));
#2949=CARTESIAN_POINT('',(4.8,12.8,3.0));
#2950=VECTOR('',#3938,12.6);
#2951=AXIS2_PLACEMENT_3D('',#3939,#3940,#3941);
#2952=CARTESIAN_POINT('',(-4.8,0.2,-1.59));
#2953=CARTESIAN_POINT('',(-4.8,0.2,3.8));
#2954=CARTESIAN_POINT('',(-4.8,0.2,-1.59));
#2955=VECTOR('',#3942,5.39);
#2956=CARTESIAN_POINT('',(-4.8,0.0,3.8));
#2957=CARTESIAN_POINT('',(-4.8,0.0,3.8));
#2958=VECTOR('',#3943,0.2);
#2959=CARTESIAN_POINT('',(-4.8,0.0,4.8));
#2960=CARTESIAN_POINT('',(-4.8,0.0,4.8));
#2961=VECTOR('',#3944,1.0);
#2962=CARTESIAN_POINT('',(-4.8,12.8,4.8));
#2963=CARTESIAN_POINT('',(-4.8,12.8,4.8));
#2964=VECTOR('',#3945,12.8);
#2965=CARTESIAN_POINT('',(-4.8,12.8,-1.59));
#2966=CARTESIAN_POINT('',(-4.8,12.8,-1.59));
#2967=VECTOR('',#3946,6.39);
#2968=CARTESIAN_POINT('',(-4.8,0.2,-1.59));
#2969=VECTOR('',#3947,12.6);
#2970=CARTESIAN_POINT('',(-4.8,12.8,-4.8));
#2971=CARTESIAN_POINT('',(-4.8,12.8,-3.39));
#2972=CARTESIAN_POINT('',(-4.8,12.8,-4.8));
#2973=VECTOR('',#3948,1.41);
#2974=CARTESIAN_POINT('',(-4.8,0.0,-4.8));
#2975=CARTESIAN_POINT('',(-4.8,0.0,-4.8));
#2976=VECTOR('',#3949,12.8);
#2977=CARTESIAN_POINT('',(-4.8,0.0,-3.8));
#2978=CARTESIAN_POINT('',(-4.8,0.0,-3.8));
#2979=VECTOR('',#3950,1.0);
#2980=CARTESIAN_POINT('',(-4.8,0.2,-3.8));
#2981=CARTESIAN_POINT('',(-4.8,0.0,-3.8));
#2982=VECTOR('',#3951,0.2);
#2983=CARTESIAN_POINT('',(-4.8,0.2,-3.39));
#2984=CARTESIAN_POINT('',(-4.8,0.2,-3.8));
#2985=VECTOR('',#3952,0.41);
#2986=CARTESIAN_POINT('',(-4.8,0.2,-3.39));
#2987=VECTOR('',#3953,12.6);
#2988=CARTESIAN_POINT('',(-5.2,0.2,-1.99));
#2989=CARTESIAN_POINT('',(-4.8,0.2,-1.59));
#2990=VECTOR('',#3954,0.5656854249492);
#2991=CARTESIAN_POINT('',(-5.2,12.8,-1.99));
#2992=CARTESIAN_POINT('',(-4.8,12.8,-1.59));
#2993=VECTOR('',#3955,0.5656854249492);
#2994=CARTESIAN_POINT('',(-5.2,12.8,-1.99));
#2995=VECTOR('',#3956,12.6);
#2996=CARTESIAN_POINT('',(-5.2,12.8,-2.99));
#2997=CARTESIAN_POINT('',(-5.2,12.8,-1.99));
#2998=VECTOR('',#3957,1.0);
#2999=CARTESIAN_POINT('',(-5.2,0.2,-2.99));
#3000=CARTESIAN_POINT('',(-5.2,12.8,-2.99));
#3001=VECTOR('',#3958,12.6);
#3002=CARTESIAN_POINT('',(-5.2,0.2,-1.99));
#3003=VECTOR('',#3959,1.0);
#3004=CARTESIAN_POINT('',(3.4,0.2,0.5));
#3005=CARTESIAN_POINT('',(3.8,0.2,0.5));
#3006=CARTESIAN_POINT('',(3.4,0.2,0.5));
#3007=VECTOR('',#3960,0.4);
#3008=CARTESIAN_POINT('',(3.8,0.2,-0.5));
#3009=CARTESIAN_POINT('',(3.8,0.2,0.5));
#3010=VECTOR('',#3961,1.0);
#3011=CARTESIAN_POINT('',(3.4,0.2,-0.5));
#3012=CARTESIAN_POINT('',(3.8,0.2,-0.5));
#3013=VECTOR('',#3962,0.4);
#3014=CARTESIAN_POINT('',(3.4,0.2,-3.8));
#3015=CARTESIAN_POINT('',(3.4,0.2,-3.8));
#3016=VECTOR('',#3963,3.3);
#3017=CARTESIAN_POINT('',(4.8,0.2,-3.8));
#3018=CARTESIAN_POINT('',(3.4,0.2,-3.8));
#3019=VECTOR('',#3964,1.4);
#3020=CARTESIAN_POINT('',(4.8,0.2,2.2));
#3021=CARTESIAN_POINT('',(4.8,0.2,-3.8));
#3022=VECTOR('',#3965,6.0);
#3023=AXIS2_PLACEMENT_3D('',#3966,#3967,#3968);
#3024=CARTESIAN_POINT('',(4.8,0.2,3.8));
#3025=CARTESIAN_POINT('',(4.8,0.2,3.0));
#3026=VECTOR('',#3969,0.8);
#3027=CARTESIAN_POINT('',(3.4,0.2,3.8));
#3028=CARTESIAN_POINT('',(4.8,0.2,3.8));
#3029=VECTOR('',#3970,1.4);
#3030=CARTESIAN_POINT('',(3.4,0.2,0.5));
#3031=VECTOR('',#3971,3.3);
#3032=CARTESIAN_POINT('',(-3.4,0.2,3.8));
#3033=CARTESIAN_POINT('',(-3.4,0.2,3.8));
#3034=VECTOR('',#3972,1.4);
#3035=CARTESIAN_POINT('',(-5.2,0.2,-2.99));
#3036=VECTOR('',#3973,0.5656854249492);
#3037=CARTESIAN_POINT('',(-3.4,0.2,-3.8));
#3038=CARTESIAN_POINT('',(-4.8,0.2,-3.8));
#3039=VECTOR('',#3974,1.4);
#3040=CARTESIAN_POINT('',(-3.4,0.2,-0.5));
#3041=CARTESIAN_POINT('',(-3.4,0.2,-3.8));
#3042=VECTOR('',#3975,3.3);
#3043=CARTESIAN_POINT('',(-3.8,0.2,-0.5));
#3044=CARTESIAN_POINT('',(-3.4,0.2,-0.5));
#3045=VECTOR('',#3976,0.4);
#3046=CARTESIAN_POINT('',(-3.8,0.2,0.5));
#3047=CARTESIAN_POINT('',(-3.8,0.2,-0.5));
#3048=VECTOR('',#3977,1.0);
#3049=CARTESIAN_POINT('',(-3.4,0.2,0.5));
#3050=CARTESIAN_POINT('',(-3.8,0.2,0.5));
#3051=VECTOR('',#3978,0.4);
#3052=CARTESIAN_POINT('',(-3.4,0.2,0.5));
#3053=VECTOR('',#3979,3.3);
#3054=CARTESIAN_POINT('',(3.4,0.8,3.8));
#3055=CARTESIAN_POINT('',(3.4,0.2,3.8));
#3056=VECTOR('',#3980,0.6);
#3057=CARTESIAN_POINT('',(3.4,0.8,0.5));
#3058=CARTESIAN_POINT('',(3.4,0.8,0.5));
#3059=VECTOR('',#3981,3.3);
#3060=CARTESIAN_POINT('',(3.4,0.2,0.5));
#3061=VECTOR('',#3982,0.6);
#3062=CARTESIAN_POINT('',(0.3,3.7,0.5));
#3063=CARTESIAN_POINT('',(0.8,3.7,0.5));
#3064=CARTESIAN_POINT('',(0.3,3.7,0.5));
#3065=VECTOR('',#3983,0.5);
#3066=CARTESIAN_POINT('',(0.3,2.7,0.5));
#3067=CARTESIAN_POINT('',(0.3,2.7,0.5));
#3068=VECTOR('',#3984,1.0);
#3069=CARTESIAN_POINT('',(-0.3,2.7,0.5));
#3070=CARTESIAN_POINT('',(0.3,2.7,0.5));
#3071=VECTOR('',#3985,0.6);
#3072=CARTESIAN_POINT('',(-0.3,3.7,0.5));
#3073=CARTESIAN_POINT('',(-0.3,3.7,0.5));
#3074=VECTOR('',#3986,1.0);
#3075=CARTESIAN_POINT('',(-0.8,3.7,0.5));
#3076=CARTESIAN_POINT('',(-0.3,3.7,0.5));
#3077=VECTOR('',#3987,0.5);
#3078=CARTESIAN_POINT('',(-0.8,0.8,0.5));
#3079=CARTESIAN_POINT('',(-0.8,0.8,0.5));
#3080=VECTOR('',#3988,2.9);
#3081=CARTESIAN_POINT('',(-3.4,0.8,0.5));
#3082=CARTESIAN_POINT('',(-3.4,0.8,0.5));
#3083=VECTOR('',#3989,2.6);
#3084=CARTESIAN_POINT('',(-3.4,0.2,0.5));
#3085=VECTOR('',#3990,0.6);
#3086=CARTESIAN_POINT('',(-3.8,0.0,0.5));
#3087=CARTESIAN_POINT('',(-3.8,0.0,0.5));
#3088=VECTOR('',#3991,0.2);
#3089=CARTESIAN_POINT('',(3.8,0.0,0.5));
#3090=CARTESIAN_POINT('',(-3.8,0.0,0.5));
#3091=VECTOR('',#3992,7.6);
#3092=CARTESIAN_POINT('',(3.8,0.0,0.5));
#3093=VECTOR('',#3993,0.2);
#3094=CARTESIAN_POINT('',(0.8,0.8,0.5));
#3095=CARTESIAN_POINT('',(0.8,0.8,0.5));
#3096=VECTOR('',#3994,2.6);
#3097=CARTESIAN_POINT('',(0.8,3.7,0.5));
#3098=VECTOR('',#3995,2.9);
#3099=CARTESIAN_POINT('',(0.8,0.8,3.8));
#3100=CARTESIAN_POINT('',(0.8,0.8,3.8));
#3101=VECTOR('',#3996,3.3);
#3102=CARTESIAN_POINT('',(0.8,3.7,3.8));
#3103=CARTESIAN_POINT('',(0.8,0.8,3.8));
#3104=VECTOR('',#3997,2.9);
#3105=CARTESIAN_POINT('',(0.8,3.7,3.8));
#3106=VECTOR('',#3998,3.3);
#3107=CARTESIAN_POINT('',(0.3,3.7,3.8));
#3108=CARTESIAN_POINT('',(0.8,3.7,3.8));
#3109=VECTOR('',#3999,0.5);
#3110=CARTESIAN_POINT('',(0.3,3.7,3.9));
#3111=CARTESIAN_POINT('',(0.3,3.7,3.8));
#3112=VECTOR('',#4000,0.1);
#3113=CARTESIAN_POINT('',(3.9,3.7,3.9));
#3114=CARTESIAN_POINT('',(0.3,3.7,3.9));
#3115=VECTOR('',#4001,3.6);
#3116=CARTESIAN_POINT('',(3.9,3.7,0.3));
#3117=CARTESIAN_POINT('',(3.9,3.7,3.9));
#3118=VECTOR('',#4002,3.6);
#3119=CARTESIAN_POINT('',(0.3,3.7,0.3));
#3120=CARTESIAN_POINT('',(3.9,3.7,0.3));
#3121=VECTOR('',#4003,3.6);
#3122=CARTESIAN_POINT('',(0.3,3.7,0.3));
#3123=VECTOR('',#4004,0.2);
#3124=CARTESIAN_POINT('',(2.67,3.7,2.85));
#3125=CARTESIAN_POINT('',(1.53,3.7,2.85));
#3126=CARTESIAN_POINT('',(2.67,3.7,2.85));
#3127=VECTOR('',#4005,1.14);
#3128=CARTESIAN_POINT('',(1.53,3.7,1.31));
#3129=CARTESIAN_POINT('',(1.53,3.7,1.31));
#3130=VECTOR('',#4006,1.54);
#3131=CARTESIAN_POINT('',(2.67,3.7,1.31));
#3132=CARTESIAN_POINT('',(2.67,3.7,1.31));
#3133=VECTOR('',#4007,1.14);
#3134=CARTESIAN_POINT('',(2.67,3.7,1.31));
#3135=VECTOR('',#4008,1.54);
#3136=CARTESIAN_POINT('',(0.8,3.7,-0.7));
#3137=CARTESIAN_POINT('',(1.2,3.7,-0.3));
#3138=CARTESIAN_POINT('',(0.8,3.7,-0.7));
#3139=VECTOR('',#4009,0.5656854249492);
#3140=CARTESIAN_POINT('',(3.0,3.7,-0.3));
#3141=CARTESIAN_POINT('',(1.2,3.7,-0.3));
#3142=VECTOR('',#4010,1.8);
#3143=CARTESIAN_POINT('',(3.9,3.7,-1.2));
#3144=CARTESIAN_POINT('',(3.0,3.7,-0.3));
#3145=VECTOR('',#4011,1.272792206136);
#3146=CARTESIAN_POINT('',(3.9,3.7,-3.9));
#3147=CARTESIAN_POINT('',(3.9,3.7,-1.2));
#3148=VECTOR('',#4012,2.7);
#3149=CARTESIAN_POINT('',(0.3,3.7,-3.9));
#3150=CARTESIAN_POINT('',(3.9,3.7,-3.9));
#3151=VECTOR('',#4013,3.6);
#3152=CARTESIAN_POINT('',(0.3,3.7,-3.8));
#3153=CARTESIAN_POINT('',(0.3,3.7,-3.9));
#3154=VECTOR('',#4014,0.1);
#3155=CARTESIAN_POINT('',(0.8,3.7,-3.8));
#3156=CARTESIAN_POINT('',(0.3,3.7,-3.8));
#3157=VECTOR('',#4015,0.5);
#3158=CARTESIAN_POINT('',(0.8,3.7,-0.7));
#3159=VECTOR('',#4016,3.1);
#3160=CARTESIAN_POINT('',(2.67,3.7,-1.71));
#3161=CARTESIAN_POINT('',(1.53,3.7,-1.71));
#3162=CARTESIAN_POINT('',(2.67,3.7,-1.71));
#3163=VECTOR('',#4017,1.14);
#3164=CARTESIAN_POINT('',(1.53,3.7,-3.25));
#3165=CARTESIAN_POINT('',(1.53,3.7,-3.25));
#3166=VECTOR('',#4018,1.54);
#3167=CARTESIAN_POINT('',(2.67,3.7,-3.25));
#3168=CARTESIAN_POINT('',(2.67,3.7,-3.25));
#3169=VECTOR('',#4019,1.14);
#3170=CARTESIAN_POINT('',(2.67,3.7,-3.25));
#3171=VECTOR('',#4020,1.54);
#3172=CARTESIAN_POINT('',(0.3,12.8,0.3));
#3173=CARTESIAN_POINT('',(0.3,12.8,0.3));
#3174=VECTOR('',#4021,9.1);
#3175=CARTESIAN_POINT('',(0.3,12.8,3.9));
#3176=CARTESIAN_POINT('',(0.3,12.8,0.3));
#3177=VECTOR('',#4022,3.6);
#3178=CARTESIAN_POINT('',(0.3,12.8,3.9));
#3179=VECTOR('',#4023,9.1);
#3180=CARTESIAN_POINT('',(0.3,2.7,3.8));
#3181=CARTESIAN_POINT('',(0.3,3.7,3.8));
#3182=VECTOR('',#4024,1.0);
#3183=CARTESIAN_POINT('',(0.3,2.7,3.8));
#3184=VECTOR('',#4025,3.3);
#3185=CARTESIAN_POINT('',(-0.3,2.7,3.8));
#3186=CARTESIAN_POINT('',(-0.3,2.7,0.5));
#3187=VECTOR('',#4026,3.3);
#3188=CARTESIAN_POINT('',(0.3,2.7,3.8));
#3189=VECTOR('',#4027,0.6);
#3190=CARTESIAN_POINT('',(-3.1,0.0,3.8));
#3191=CARTESIAN_POINT('',(-4.8,0.0,3.8));
#3192=VECTOR('',#4028,1.7);
#3193=CARTESIAN_POINT('',(-3.4,0.8,3.8));
#3194=CARTESIAN_POINT('',(-3.4,0.2,3.8));
#3195=VECTOR('',#4029,0.6);
#3196=CARTESIAN_POINT('',(-3.1,0.8,3.8));
#3197=CARTESIAN_POINT('',(-3.1,0.8,3.8));
#3198=VECTOR('',#4030,0.3);
#3199=CARTESIAN_POINT('',(-3.1,0.0,3.8));
#3200=VECTOR('',#4031,0.8);
#3201=CARTESIAN_POINT('',(4.8,0.0,3.8));
#3202=CARTESIAN_POINT('',(4.8,0.0,3.8));
#3203=VECTOR('',#4032,0.2);
#3204=CARTESIAN_POINT('',(3.1,0.0,3.8));
#3205=CARTESIAN_POINT('',(3.1,0.0,3.8));
#3206=VECTOR('',#4033,1.7);
#3207=CARTESIAN_POINT('',(3.1,0.8,3.8));
#3208=CARTESIAN_POINT('',(3.1,0.8,3.8));
#3209=VECTOR('',#4034,0.8);
#3210=CARTESIAN_POINT('',(3.4,0.8,3.8));
#3211=VECTOR('',#4035,0.3);
#3212=CARTESIAN_POINT('',(-0.3,3.7,3.8));
#3213=CARTESIAN_POINT('',(-0.8,3.7,3.8));
#3214=CARTESIAN_POINT('',(-0.3,3.7,3.8));
#3215=VECTOR('',#4036,0.5);
#3216=CARTESIAN_POINT('',(-0.3,2.7,3.8));
#3217=VECTOR('',#4037,1.0);
#3218=CARTESIAN_POINT('',(1.1,0.8,3.8));
#3219=CARTESIAN_POINT('',(1.1,0.8,3.8));
#3220=VECTOR('',#4038,0.3);
#3221=CARTESIAN_POINT('',(1.1,0.0,3.8));
#3222=CARTESIAN_POINT('',(1.1,0.0,3.8));
#3223=VECTOR('',#4039,0.8);
#3224=CARTESIAN_POINT('',(-1.1,0.0,3.8));
#3225=CARTESIAN_POINT('',(-1.1,0.0,3.8));
#3226=VECTOR('',#4040,2.2);
#3227=CARTESIAN_POINT('',(-1.1,0.8,3.8));
#3228=CARTESIAN_POINT('',(-1.1,0.8,3.8));
#3229=VECTOR('',#4041,0.8);
#3230=CARTESIAN_POINT('',(-0.8,0.8,3.8));
#3231=CARTESIAN_POINT('',(-0.8,0.8,3.8));
#3232=VECTOR('',#4042,0.3);
#3233=CARTESIAN_POINT('',(-0.8,3.7,3.8));
#3234=VECTOR('',#4043,2.9);
#3235=CARTESIAN_POINT('',(-3.1,0.8,4.8));
#3236=CARTESIAN_POINT('',(-3.1,0.8,4.8));
#3237=VECTOR('',#4044,1.0);
#3238=CARTESIAN_POINT('',(-3.1,0.0,4.8));
#3239=CARTESIAN_POINT('',(-3.1,0.0,4.8));
#3240=VECTOR('',#4045,0.8);
#3241=CARTESIAN_POINT('',(-3.1,0.0,4.8));
#3242=VECTOR('',#4046,1.0);
#3243=CARTESIAN_POINT('',(-3.8,0.0,-0.5));
#3244=CARTESIAN_POINT('',(-3.8,0.0,-0.5));
#3245=VECTOR('',#4047,1.0);
#3246=CARTESIAN_POINT('',(3.8,0.0,-0.5));
#3247=CARTESIAN_POINT('',(3.8,0.0,-0.5));
#3248=VECTOR('',#4048,7.6);
#3249=CARTESIAN_POINT('',(3.8,0.0,0.5));
#3250=VECTOR('',#4049,1.0);
#3251=CARTESIAN_POINT('',(3.1,0.0,4.8));
#3252=CARTESIAN_POINT('',(3.1,0.0,4.8));
#3253=VECTOR('',#4050,1.0);
#3254=CARTESIAN_POINT('',(4.8,0.0,4.8));
#3255=CARTESIAN_POINT('',(4.8,0.0,4.8));
#3256=VECTOR('',#4051,1.0);
#3257=CARTESIAN_POINT('',(3.1,0.0,4.8));
#3258=VECTOR('',#4052,1.7);
#3259=CARTESIAN_POINT('',(4.8,0.0,-3.8));
#3260=CARTESIAN_POINT('',(4.8,0.0,-4.8));
#3261=CARTESIAN_POINT('',(4.8,0.0,-3.8));
#3262=VECTOR('',#4053,1.0);
#3263=CARTESIAN_POINT('',(3.1,0.0,-3.8));
#3264=CARTESIAN_POINT('',(3.1,0.0,-3.8));
#3265=VECTOR('',#4054,1.7);
#3266=CARTESIAN_POINT('',(3.1,0.0,-4.8));
#3267=CARTESIAN_POINT('',(3.1,0.0,-4.8));
#3268=VECTOR('',#4055,1.0);
#3269=CARTESIAN_POINT('',(3.1,0.0,-4.8));
#3270=VECTOR('',#4056,1.7);
#3271=CARTESIAN_POINT('',(-4.8,0.0,4.8));
#3272=VECTOR('',#4057,1.7);
#3273=CARTESIAN_POINT('',(-1.1,0.0,4.8));
#3274=CARTESIAN_POINT('',(-1.1,0.0,4.8));
#3275=VECTOR('',#4058,1.0);
#3276=CARTESIAN_POINT('',(1.1,0.0,4.8));
#3277=CARTESIAN_POINT('',(1.1,0.0,4.8));
#3278=VECTOR('',#4059,1.0);
#3279=CARTESIAN_POINT('',(-1.1,0.0,4.8));
#3280=VECTOR('',#4060,2.2);
#3281=CARTESIAN_POINT('',(-3.1,0.0,-4.8));
#3282=CARTESIAN_POINT('',(-3.1,0.0,-3.8));
#3283=CARTESIAN_POINT('',(-3.1,0.0,-4.8));
#3284=VECTOR('',#4061,1.0);
#3285=CARTESIAN_POINT('',(-4.8,0.0,-3.8));
#3286=VECTOR('',#4062,1.7);
#3287=CARTESIAN_POINT('',(-4.8,0.0,-4.8));
#3288=VECTOR('',#4063,1.7);
#3289=CARTESIAN_POINT('',(1.1,0.0,-4.8));
#3290=CARTESIAN_POINT('',(1.1,0.0,-3.8));
#3291=CARTESIAN_POINT('',(1.1,0.0,-4.8));
#3292=VECTOR('',#4064,1.0);
#3293=CARTESIAN_POINT('',(-1.1,0.0,-3.8));
#3294=CARTESIAN_POINT('',(-1.1,0.0,-3.8));
#3295=VECTOR('',#4065,2.2);
#3296=CARTESIAN_POINT('',(-1.1,0.0,-4.8));
#3297=CARTESIAN_POINT('',(-1.1,0.0,-4.8));
#3298=VECTOR('',#4066,1.0);
#3299=CARTESIAN_POINT('',(-1.1,0.0,-4.8));
#3300=VECTOR('',#4067,2.2);
#3301=CARTESIAN_POINT('',(3.8,0.0,-0.5));
#3302=VECTOR('',#4068,0.2);
#3303=CARTESIAN_POINT('',(-0.3,3.7,-0.5));
#3304=CARTESIAN_POINT('',(-0.8,3.7,-0.5));
#3305=CARTESIAN_POINT('',(-0.3,3.7,-0.5));
#3306=VECTOR('',#4069,0.5);
#3307=CARTESIAN_POINT('',(-0.3,2.7,-0.5));
#3308=CARTESIAN_POINT('',(-0.3,2.7,-0.5));
#3309=VECTOR('',#4070,1.0);
#3310=CARTESIAN_POINT('',(0.3,2.7,-0.5));
#3311=CARTESIAN_POINT('',(0.3,2.7,-0.5));
#3312=VECTOR('',#4071,0.6);
#3313=CARTESIAN_POINT('',(0.3,3.7,-0.5));
#3314=CARTESIAN_POINT('',(0.3,3.7,-0.5));
#3315=VECTOR('',#4072,1.0);
#3316=CARTESIAN_POINT('',(0.8,3.7,-0.5));
#3317=CARTESIAN_POINT('',(0.8,3.7,-0.5));
#3318=VECTOR('',#4073,0.5);
#3319=CARTESIAN_POINT('',(0.8,0.8,-0.5));
#3320=CARTESIAN_POINT('',(0.8,0.8,-0.5));
#3321=VECTOR('',#4074,2.9);
#3322=CARTESIAN_POINT('',(3.4,0.8,-0.5));
#3323=CARTESIAN_POINT('',(3.4,0.8,-0.5));
#3324=VECTOR('',#4075,2.6);
#3325=CARTESIAN_POINT('',(3.4,0.2,-0.5));
#3326=VECTOR('',#4076,0.6);
#3327=CARTESIAN_POINT('',(-3.8,0.0,-0.5));
#3328=VECTOR('',#4077,0.2);
#3329=CARTESIAN_POINT('',(-3.4,0.8,-0.5));
#3330=CARTESIAN_POINT('',(-3.4,0.2,-0.5));
#3331=VECTOR('',#4078,0.6);
#3332=CARTESIAN_POINT('',(-0.8,0.8,-0.5));
#3333=CARTESIAN_POINT('',(-0.8,0.8,-0.5));
#3334=VECTOR('',#4079,2.6);
#3335=CARTESIAN_POINT('',(-0.8,3.7,-0.5));
#3336=VECTOR('',#4080,2.9);
#3337=CARTESIAN_POINT('',(-0.8,0.8,-3.8));
#3338=CARTESIAN_POINT('',(-0.8,0.8,-0.5));
#3339=VECTOR('',#4081,3.3);
#3340=CARTESIAN_POINT('',(-0.8,3.7,-3.8));
#3341=CARTESIAN_POINT('',(-0.8,0.8,-3.8));
#3342=VECTOR('',#4082,2.9);
#3343=CARTESIAN_POINT('',(-0.8,3.7,-0.5));
#3344=VECTOR('',#4083,3.3);
#3345=CARTESIAN_POINT('',(-0.3,3.7,0.3));
#3346=CARTESIAN_POINT('',(-0.3,3.7,0.5));
#3347=VECTOR('',#4084,0.2);
#3348=CARTESIAN_POINT('',(-3.9,3.7,0.3));
#3349=CARTESIAN_POINT('',(-0.3,3.7,0.3));
#3350=VECTOR('',#4085,3.6);
#3351=CARTESIAN_POINT('',(-3.9,3.7,3.0));
#3352=CARTESIAN_POINT('',(-3.9,3.7,0.3));
#3353=VECTOR('',#4086,2.7);
#3354=CARTESIAN_POINT('',(-3.0,3.7,3.9));
#3355=CARTESIAN_POINT('',(-3.9,3.7,3.0));
#3356=VECTOR('',#4087,1.272792206136);
#3357=CARTESIAN_POINT('',(-1.2,3.7,3.9));
#3358=CARTESIAN_POINT('',(-3.0,3.7,3.9));
#3359=VECTOR('',#4088,1.8);
#3360=CARTESIAN_POINT('',(-0.8,3.7,3.5));
#3361=CARTESIAN_POINT('',(-1.2,3.7,3.9));
#3362=VECTOR('',#4089,0.5656854249492);
#3363=CARTESIAN_POINT('',(-0.8,3.7,3.5));
#3364=VECTOR('',#4090,3.0);
#3365=CARTESIAN_POINT('',(-1.53,3.7,2.85));
#3366=CARTESIAN_POINT('',(-2.67,3.7,2.85));
#3367=CARTESIAN_POINT('',(-1.53,3.7,2.85));
#3368=VECTOR('',#4091,1.14);
#3369=CARTESIAN_POINT('',(-2.67,3.7,1.31));
#3370=CARTESIAN_POINT('',(-2.67,3.7,1.31));
#3371=VECTOR('',#4092,1.54);
#3372=CARTESIAN_POINT('',(-1.53,3.7,1.31));
#3373=CARTESIAN_POINT('',(-1.53,3.7,1.31));
#3374=VECTOR('',#4093,1.14);
#3375=CARTESIAN_POINT('',(-1.53,3.7,2.85));
#3376=VECTOR('',#4094,1.54);
#3377=CARTESIAN_POINT('',(-0.3,3.7,-3.8));
#3378=CARTESIAN_POINT('',(-0.3,3.7,-3.8));
#3379=VECTOR('',#4095,0.5);
#3380=CARTESIAN_POINT('',(-0.3,3.7,-3.9));
#3381=CARTESIAN_POINT('',(-0.3,3.7,-3.8));
#3382=VECTOR('',#4096,0.1);
#3383=CARTESIAN_POINT('',(-3.9,3.7,-3.9));
#3384=CARTESIAN_POINT('',(-0.3,3.7,-3.9));
#3385=VECTOR('',#4097,3.6);
#3386=CARTESIAN_POINT('',(-3.9,3.7,-0.3));
#3387=CARTESIAN_POINT('',(-3.9,3.7,-3.9));
#3388=VECTOR('',#4098,3.6);
#3389=CARTESIAN_POINT('',(-0.3,3.7,-0.3));
#3390=CARTESIAN_POINT('',(-3.9,3.7,-0.3));
#3391=VECTOR('',#4099,3.6);
#3392=CARTESIAN_POINT('',(-0.3,3.7,-0.3));
#3393=VECTOR('',#4100,0.2);
#3394=CARTESIAN_POINT('',(-1.53,3.7,-1.71));
#3395=CARTESIAN_POINT('',(-2.67,3.7,-1.71));
#3396=CARTESIAN_POINT('',(-1.53,3.7,-1.71));
#3397=VECTOR('',#4101,1.14);
#3398=CARTESIAN_POINT('',(-2.67,3.7,-3.25));
#3399=CARTESIAN_POINT('',(-2.67,3.7,-3.25));
#3400=VECTOR('',#4102,1.54);
#3401=CARTESIAN_POINT('',(-1.53,3.7,-3.25));
#3402=CARTESIAN_POINT('',(-1.53,3.7,-3.25));
#3403=VECTOR('',#4103,1.14);
#3404=CARTESIAN_POINT('',(-1.53,3.7,-1.71));
#3405=VECTOR('',#4104,1.54);
#3406=CARTESIAN_POINT('',(-0.8,0.8,3.8));
#3407=VECTOR('',#4105,3.3);
#3408=CARTESIAN_POINT('',(-0.8,3.7,3.5));
#3409=VECTOR('',#4106,0.3);
#3410=CARTESIAN_POINT('',(-0.3,3.7,3.0));
#3411=CARTESIAN_POINT('',(-0.3,3.7,3.0));
#3412=VECTOR('',#4107,0.7071067811865);
#3413=CARTESIAN_POINT('',(-0.3,3.7,3.0));
#3414=VECTOR('',#4108,0.8);
#3415=CARTESIAN_POINT('',(-0.3,12.8,3.0));
#3416=CARTESIAN_POINT('',(-0.3,12.8,3.0));
#3417=VECTOR('',#4109,9.1);
#3418=CARTESIAN_POINT('',(-0.3,12.8,0.3));
#3419=CARTESIAN_POINT('',(-0.3,12.8,3.0));
#3420=VECTOR('',#4110,2.7);
#3421=CARTESIAN_POINT('',(-0.3,12.8,0.3));
#3422=VECTOR('',#4111,9.1);
#3423=CARTESIAN_POINT('',(-3.9,12.8,0.3));
#3424=CARTESIAN_POINT('',(-3.9,12.8,0.3));
#3425=VECTOR('',#4112,9.1);
#3426=CARTESIAN_POINT('',(-0.3,12.8,0.3));
#3427=VECTOR('',#4113,3.6);
#3428=CARTESIAN_POINT('',(-1.7,12.8,-4.8));
#3429=CARTESIAN_POINT('',(-4.8,12.8,-4.8));
#3430=VECTOR('',#4114,3.1);
#3431=CARTESIAN_POINT('',(-5.2,12.8,-2.99));
#3432=VECTOR('',#4115,0.5656854249492);
#3433=CARTESIAN_POINT('',(4.8,12.8,4.8));
#3434=CARTESIAN_POINT('',(-4.8,12.8,4.8));
#3435=VECTOR('',#4116,9.6);
#3436=CARTESIAN_POINT('',(4.8,12.8,3.0));
#3437=VECTOR('',#4117,1.8);
#3438=CARTESIAN_POINT('',(4.8,12.8,2.2));
#3439=AXIS2_PLACEMENT_3D('',#4118,#4119,#4120);
#3440=CARTESIAN_POINT('',(4.8,12.8,-4.8));
#3441=CARTESIAN_POINT('',(4.8,12.8,-4.8));
#3442=VECTOR('',#4121,7.0);
#3443=CARTESIAN_POINT('',(1.7,12.8,-4.8));
#3444=CARTESIAN_POINT('',(1.7,12.8,-4.8));
#3445=VECTOR('',#4122,3.1);
#3446=CARTESIAN_POINT('',(-1.7,12.8,-4.8));
#3447=VECTOR('',#4123,3.4);
#3448=CARTESIAN_POINT('',(3.9,12.8,3.9));
#3449=CARTESIAN_POINT('',(0.3,12.8,3.9));
#3450=VECTOR('',#4124,3.6);
#3451=CARTESIAN_POINT('',(3.9,12.8,0.3));
#3452=CARTESIAN_POINT('',(3.9,12.8,0.3));
#3453=VECTOR('',#4125,3.6);
#3454=CARTESIAN_POINT('',(3.9,12.8,3.9));
#3455=VECTOR('',#4126,3.6);
#3456=CARTESIAN_POINT('',(3.0,12.8,-0.3));
#3457=CARTESIAN_POINT('',(3.9,12.8,-1.2));
#3458=CARTESIAN_POINT('',(3.0,12.8,-0.3));
#3459=VECTOR('',#4127,1.272792206136);
#3460=CARTESIAN_POINT('',(1.2,12.8,-0.3));
#3461=CARTESIAN_POINT('',(1.2,12.8,-0.3));
#3462=VECTOR('',#4128,1.8);
#3463=CARTESIAN_POINT('',(0.3,12.8,-1.2));
#3464=CARTESIAN_POINT('',(0.3,12.8,-1.2));
#3465=VECTOR('',#4129,1.272792206136);
#3466=CARTESIAN_POINT('',(0.3,12.8,-3.9));
#3467=CARTESIAN_POINT('',(0.3,12.8,-3.9));
#3468=VECTOR('',#4130,2.7);
#3469=CARTESIAN_POINT('',(3.9,12.8,-3.9));
#3470=CARTESIAN_POINT('',(3.9,12.8,-3.9));
#3471=VECTOR('',#4131,3.6);
#3472=CARTESIAN_POINT('',(3.9,12.8,-1.2));
#3473=VECTOR('',#4132,2.7);
#3474=CARTESIAN_POINT('',(-1.2,12.8,3.9));
#3475=CARTESIAN_POINT('',(-1.2,12.8,3.9));
#3476=VECTOR('',#4133,1.272792206136);
#3477=CARTESIAN_POINT('',(-3.0,12.8,3.9));
#3478=CARTESIAN_POINT('',(-3.0,12.8,3.9));
#3479=VECTOR('',#4134,1.8);
#3480=CARTESIAN_POINT('',(-3.9,12.8,3.0));
#3481=CARTESIAN_POINT('',(-3.9,12.8,3.0));
#3482=VECTOR('',#4135,1.272792206136);
#3483=CARTESIAN_POINT('',(-3.9,12.8,0.3));
#3484=VECTOR('',#4136,2.7);
#3485=CARTESIAN_POINT('',(-3.9,12.8,-0.3));
#3486=CARTESIAN_POINT('',(-0.3,12.8,-0.3));
#3487=CARTESIAN_POINT('',(-3.9,12.8,-0.3));
#3488=VECTOR('',#4137,3.6);
#3489=CARTESIAN_POINT('',(-3.9,12.8,-3.9));
#3490=CARTESIAN_POINT('',(-3.9,12.8,-3.9));
#3491=VECTOR('',#4138,3.6);
#3492=CARTESIAN_POINT('',(-0.3,12.8,-3.9));
#3493=CARTESIAN_POINT('',(-0.3,12.8,-3.9));
#3494=VECTOR('',#4139,3.6);
#3495=CARTESIAN_POINT('',(-0.3,12.8,-0.3));
#3496=VECTOR('',#4140,3.6);
#3497=CARTESIAN_POINT('',(1.7,10.45,-6.2));
#3498=CARTESIAN_POINT('',(1.7,10.45,-6.2));
#3499=VECTOR('',#4141,2.735415873318);
#3500=CARTESIAN_POINT('',(-1.7,10.45,-6.2));
#3501=CARTESIAN_POINT('',(-1.7,10.45,-6.2));
#3502=VECTOR('',#4142,3.4);
#3503=CARTESIAN_POINT('',(-1.7,10.45,-6.2));
#3504=VECTOR('',#4143,2.735415873318);
#3505=CARTESIAN_POINT('',(-1.7,9.75,-6.2));
#3506=CARTESIAN_POINT('',(-1.7,9.75,-6.2));
#3507=VECTOR('',#4144,0.7);
#3508=CARTESIAN_POINT('',(-1.7,9.75,-4.8));
#3509=CARTESIAN_POINT('',(-1.7,9.75,-4.8));
#3510=VECTOR('',#4145,1.4);
#3511=CARTESIAN_POINT('',(-1.7,12.8,-4.8));
#3512=VECTOR('',#4146,3.05);
#3513=CARTESIAN_POINT('',(1.7,9.75,-4.8));
#3514=CARTESIAN_POINT('',(-1.7,9.75,-4.8));
#3515=VECTOR('',#4147,3.4);
#3516=CARTESIAN_POINT('',(1.7,12.8,-4.8));
#3517=VECTOR('',#4148,3.05);
#3518=CARTESIAN_POINT('',(4.8,0.0,-4.8));
#3519=VECTOR('',#4149,12.8);
#3520=CARTESIAN_POINT('',(3.1,0.8,-4.8));
#3521=CARTESIAN_POINT('',(3.1,0.0,-4.8));
#3522=VECTOR('',#4150,0.8);
#3523=CARTESIAN_POINT('',(1.1,0.8,-4.8));
#3524=CARTESIAN_POINT('',(1.1,0.8,-4.8));
#3525=VECTOR('',#4151,2.0);
#3526=CARTESIAN_POINT('',(1.1,0.0,-4.8));
#3527=VECTOR('',#4152,0.8);
#3528=CARTESIAN_POINT('',(-1.1,0.8,-4.8));
#3529=CARTESIAN_POINT('',(-1.1,0.0,-4.8));
#3530=VECTOR('',#4153,0.8);
#3531=CARTESIAN_POINT('',(-3.1,0.8,-4.8));
#3532=CARTESIAN_POINT('',(-3.1,0.8,-4.8));
#3533=VECTOR('',#4154,2.0);
#3534=CARTESIAN_POINT('',(-3.1,0.0,-4.8));
#3535=VECTOR('',#4155,0.8);
#3536=CARTESIAN_POINT('',(-3.1,0.8,-3.8));
#3537=CARTESIAN_POINT('',(-3.1,0.8,-3.8));
#3538=VECTOR('',#4156,1.0);
#3539=CARTESIAN_POINT('',(-3.1,0.8,-3.8));
#3540=VECTOR('',#4157,0.8);
#3541=CARTESIAN_POINT('',(-3.4,0.8,-3.8));
#3542=CARTESIAN_POINT('',(-3.4,0.8,-3.8));
#3543=VECTOR('',#4158,0.3);
#3544=CARTESIAN_POINT('',(-3.4,0.2,-3.8));
#3545=VECTOR('',#4159,0.6);
#3546=CARTESIAN_POINT('',(4.8,0.0,-3.8));
#3547=VECTOR('',#4160,0.2);
#3548=CARTESIAN_POINT('',(3.4,0.8,-3.8));
#3549=CARTESIAN_POINT('',(3.4,0.2,-3.8));
#3550=VECTOR('',#4161,0.6);
#3551=CARTESIAN_POINT('',(3.1,0.8,-3.8));
#3552=CARTESIAN_POINT('',(3.1,0.8,-3.8));
#3553=VECTOR('',#4162,0.3);
#3554=CARTESIAN_POINT('',(3.1,0.0,-3.8));
#3555=VECTOR('',#4163,0.8);
#3556=CARTESIAN_POINT('',(0.3,2.7,-3.8));
#3557=CARTESIAN_POINT('',(0.3,2.7,-3.8));
#3558=VECTOR('',#4164,1.0);
#3559=CARTESIAN_POINT('',(-0.3,2.7,-3.8));
#3560=CARTESIAN_POINT('',(0.3,2.7,-3.8));
#3561=VECTOR('',#4165,0.6);
#3562=CARTESIAN_POINT('',(-0.3,3.7,-3.8));
#3563=VECTOR('',#4166,1.0);
#3564=CARTESIAN_POINT('',(-1.1,0.8,-3.8));
#3565=CARTESIAN_POINT('',(-1.1,0.8,-3.8));
#3566=VECTOR('',#4167,0.3);
#3567=CARTESIAN_POINT('',(-1.1,0.0,-3.8));
#3568=VECTOR('',#4168,0.8);
#3569=CARTESIAN_POINT('',(1.1,0.8,-3.8));
#3570=CARTESIAN_POINT('',(1.1,0.8,-3.8));
#3571=VECTOR('',#4169,0.8);
#3572=CARTESIAN_POINT('',(0.8,0.8,-3.8));
#3573=CARTESIAN_POINT('',(0.8,0.8,-3.8));
#3574=VECTOR('',#4170,0.3);
#3575=CARTESIAN_POINT('',(0.8,3.7,-3.8));
#3576=VECTOR('',#4171,2.9);
#3577=CARTESIAN_POINT('',(-3.4,0.8,-0.5));
#3578=VECTOR('',#4172,3.3);
#3579=CARTESIAN_POINT('',(-1.1,0.8,4.8));
#3580=CARTESIAN_POINT('',(-1.1,0.8,3.8));
#3581=VECTOR('',#4173,1.0);
#3582=CARTESIAN_POINT('',(-3.1,0.8,4.8));
#3583=VECTOR('',#4174,2.0);
#3584=CARTESIAN_POINT('',(-3.4,0.8,3.8));
#3585=VECTOR('',#4175,3.3);
#3586=CARTESIAN_POINT('',(-1.53,0.8,2.25));
#3587=CARTESIAN_POINT('',(-2.67,0.8,2.25));
#3588=CARTESIAN_POINT('',(-1.53,0.8,2.25));
#3589=VECTOR('',#4176,1.14);
#3590=CARTESIAN_POINT('',(-2.67,0.8,2.85));
#3591=CARTESIAN_POINT('',(-2.67,0.8,2.25));
#3592=VECTOR('',#4177,0.6);
#3593=CARTESIAN_POINT('',(-1.53,0.8,2.85));
#3594=CARTESIAN_POINT('',(-1.53,0.8,2.85));
#3595=VECTOR('',#4178,1.14);
#3596=CARTESIAN_POINT('',(-1.53,0.8,2.25));
#3597=VECTOR('',#4179,0.6);
#3598=CARTESIAN_POINT('',(-1.1,0.8,-4.8));
#3599=VECTOR('',#4180,1.0);
#3600=CARTESIAN_POINT('',(-1.53,0.8,-3.25));
#3601=CARTESIAN_POINT('',(-2.67,0.8,-3.25));
#3602=CARTESIAN_POINT('',(-1.53,0.8,-3.25));
#3603=VECTOR('',#4181,1.14);
#3604=CARTESIAN_POINT('',(-2.67,0.8,-2.65));
#3605=CARTESIAN_POINT('',(-2.67,0.8,-3.25));
#3606=VECTOR('',#4182,0.6);
#3607=CARTESIAN_POINT('',(-1.53,0.8,-2.65));
#3608=CARTESIAN_POINT('',(-1.53,0.8,-2.65));
#3609=VECTOR('',#4183,1.14);
#3610=CARTESIAN_POINT('',(-1.53,0.8,-3.25));
#3611=VECTOR('',#4184,0.6);
#3612=CARTESIAN_POINT('',(-1.1,0.0,4.8));
#3613=VECTOR('',#4185,0.8);
#3614=CARTESIAN_POINT('',(1.1,0.8,4.8));
#3615=CARTESIAN_POINT('',(1.1,0.0,4.8));
#3616=VECTOR('',#4186,0.8);
#3617=CARTESIAN_POINT('',(3.1,0.8,4.8));
#3618=CARTESIAN_POINT('',(1.1,0.8,4.8));
#3619=VECTOR('',#4187,2.0);
#3620=CARTESIAN_POINT('',(3.1,0.0,4.8));
#3621=VECTOR('',#4188,0.8);
#3622=CARTESIAN_POINT('',(4.8,12.8,4.8));
#3623=VECTOR('',#4189,12.8);
#3624=CARTESIAN_POINT('',(4.8,12.8,2.2));
#3625=VECTOR('',#4190,12.6);
#3626=CARTESIAN_POINT('',(3.1,0.8,3.8));
#3627=VECTOR('',#4191,1.0);
#3628=CARTESIAN_POINT('',(1.1,0.8,4.8));
#3629=VECTOR('',#4192,1.0);
#3630=CARTESIAN_POINT('',(2.67,0.8,2.25));
#3631=CARTESIAN_POINT('',(1.53,0.8,2.25));
#3632=CARTESIAN_POINT('',(2.67,0.8,2.25));
#3633=VECTOR('',#4193,1.14);
#3634=CARTESIAN_POINT('',(1.53,0.8,2.85));
#3635=CARTESIAN_POINT('',(1.53,0.8,2.25));
#3636=VECTOR('',#4194,0.6);
#3637=CARTESIAN_POINT('',(2.67,0.8,2.85));
#3638=CARTESIAN_POINT('',(2.67,0.8,2.85));
#3639=VECTOR('',#4195,1.14);
#3640=CARTESIAN_POINT('',(2.67,0.8,2.25));
#3641=VECTOR('',#4196,0.6);
#3642=CARTESIAN_POINT('',(0.8,0.8,-0.5));
#3643=VECTOR('',#4197,3.3);
#3644=CARTESIAN_POINT('',(1.1,0.8,-3.8));
#3645=VECTOR('',#4198,1.0);
#3646=CARTESIAN_POINT('',(3.1,0.8,-4.8));
#3647=VECTOR('',#4199,1.0);
#3648=CARTESIAN_POINT('',(3.4,0.8,-3.8));
#3649=VECTOR('',#4200,3.3);
#3650=CARTESIAN_POINT('',(2.67,0.8,-3.25));
#3651=CARTESIAN_POINT('',(1.53,0.8,-3.25));
#3652=CARTESIAN_POINT('',(2.67,0.8,-3.25));
#3653=VECTOR('',#4201,1.14);
#3654=CARTESIAN_POINT('',(1.53,0.8,-2.65));
#3655=CARTESIAN_POINT('',(1.53,0.8,-3.25));
#3656=VECTOR('',#4202,0.6);
#3657=CARTESIAN_POINT('',(2.67,0.8,-2.65));
#3658=CARTESIAN_POINT('',(2.67,0.8,-2.65));
#3659=VECTOR('',#4203,1.14);
#3660=CARTESIAN_POINT('',(2.67,0.8,-3.25));
#3661=VECTOR('',#4204,0.6);
#3662=CARTESIAN_POINT('',(0.8,3.7,-0.5));
#3663=VECTOR('',#4205,0.2);
#3664=CARTESIAN_POINT('',(0.3,3.7,-1.2));
#3665=CARTESIAN_POINT('',(0.3,3.7,-1.2));
#3666=VECTOR('',#4206,0.7071067811865);
#3667=CARTESIAN_POINT('',(0.3,3.7,-1.2));
#3668=VECTOR('',#4207,0.7);
#3669=CARTESIAN_POINT('',(0.3,12.8,-3.9));
#3670=VECTOR('',#4208,9.1);
#3671=CARTESIAN_POINT('',(0.3,12.8,-1.2));
#3672=VECTOR('',#4209,9.1);
#3673=CARTESIAN_POINT('',(0.3,2.7,-0.5));
#3674=VECTOR('',#4210,3.3);
#3675=CARTESIAN_POINT('',(-0.3,2.7,-3.8));
#3676=VECTOR('',#4211,3.3);
#3677=CARTESIAN_POINT('',(-0.3,12.8,-0.3));
#3678=VECTOR('',#4212,9.1);
#3679=CARTESIAN_POINT('',(-0.3,12.8,-3.9));
#3680=VECTOR('',#4213,9.1);
#3681=CARTESIAN_POINT('',(-3.9,12.8,-3.9));
#3682=VECTOR('',#4214,9.1);
#3683=CARTESIAN_POINT('',(-3.9,12.8,-0.3));
#3684=VECTOR('',#4215,9.1);
#3685=CARTESIAN_POINT('',(1.2,12.8,-0.3));
#3686=VECTOR('',#4216,9.1);
#3687=CARTESIAN_POINT('',(3.0,12.8,-0.3));
#3688=VECTOR('',#4217,9.1);
#3689=CARTESIAN_POINT('',(3.9,12.8,-1.2));
#3690=VECTOR('',#4218,9.1);
#3691=CARTESIAN_POINT('',(3.9,12.8,-3.9));
#3692=VECTOR('',#4219,9.1);
#3693=CARTESIAN_POINT('',(2.67,4.3,-2.85));
#3694=CARTESIAN_POINT('',(2.67,4.3,-2.85));
#3695=VECTOR('',#4220,0.7211102550928);
#3696=CARTESIAN_POINT('',(2.67,9.2,-2.85));
#3697=CARTESIAN_POINT('',(2.67,9.2,-2.85));
#3698=VECTOR('',#4221,4.9);
#3699=CARTESIAN_POINT('',(2.67,9.2,-1.71));
#3700=CARTESIAN_POINT('',(2.67,9.2,-1.71));
#3701=VECTOR('',#4222,1.14);
#3702=CARTESIAN_POINT('',(2.67,3.7,-1.71));
#3703=VECTOR('',#4223,5.5);
#3704=CARTESIAN_POINT('',(2.67,9.2,1.31));
#3705=CARTESIAN_POINT('',(2.67,9.2,1.31));
#3706=VECTOR('',#4224,5.5);
#3707=CARTESIAN_POINT('',(2.67,9.2,2.45));
#3708=CARTESIAN_POINT('',(2.67,9.2,2.45));
#3709=VECTOR('',#4225,1.14);
#3710=CARTESIAN_POINT('',(2.67,4.3,2.45));
#3711=CARTESIAN_POINT('',(2.67,4.3,2.45));
#3712=VECTOR('',#4226,4.9);
#3713=CARTESIAN_POINT('',(2.67,3.7,2.85));
#3714=VECTOR('',#4227,0.7211102550928);
#3715=CARTESIAN_POINT('',(2.67,-3.5,2.85));
#3716=CARTESIAN_POINT('',(2.67,-3.5,2.85));
#3717=VECTOR('',#4228,4.3);
#3718=CARTESIAN_POINT('',(2.67,-3.5,2.7));
#3719=CARTESIAN_POINT('',(2.67,-3.5,2.7));
#3720=VECTOR('',#4229,0.15);
#3721=CARTESIAN_POINT('',(2.67,-2.23,2.25));
#3722=CARTESIAN_POINT('',(2.67,-2.23,2.25));
#3723=VECTOR('',#4230,1.347367804276);
#3724=CARTESIAN_POINT('',(2.67,0.8,2.25));
#3725=VECTOR('',#4231,3.03);
#3726=CARTESIAN_POINT('',(2.67,-2.23,-2.65));
#3727=CARTESIAN_POINT('',(2.67,-2.23,-2.65));
#3728=VECTOR('',#4232,3.03);
#3729=CARTESIAN_POINT('',(2.67,-3.5,-3.1));
#3730=CARTESIAN_POINT('',(2.67,-3.5,-3.1));
#3731=VECTOR('',#4233,1.347367804276);
#3732=CARTESIAN_POINT('',(2.67,-3.5,-3.25));
#3733=CARTESIAN_POINT('',(2.67,-3.5,-3.25));
#3734=VECTOR('',#4234,0.15);
#3735=CARTESIAN_POINT('',(2.67,0.8,-3.25));
#3736=VECTOR('',#4235,4.3);
#3737=CARTESIAN_POINT('',(1.53,9.2,-1.71));
#3738=CARTESIAN_POINT('',(2.67,9.2,-1.71));
#3739=VECTOR('',#4236,1.14);
#3740=CARTESIAN_POINT('',(1.53,3.7,-1.71));
#3741=VECTOR('',#4237,5.5);
#3742=CARTESIAN_POINT('',(1.53,9.2,-2.85));
#3743=CARTESIAN_POINT('',(1.53,9.2,-1.71));
#3744=VECTOR('',#4238,1.14);
#3745=CARTESIAN_POINT('',(1.53,4.3,-2.85));
#3746=CARTESIAN_POINT('',(1.53,9.2,-2.85));
#3747=VECTOR('',#4239,4.9);
#3748=CARTESIAN_POINT('',(1.53,4.3,-2.85));
#3749=VECTOR('',#4240,0.7211102550928);
#3750=CARTESIAN_POINT('',(1.53,4.3,2.45));
#3751=CARTESIAN_POINT('',(1.53,3.7,2.85));
#3752=VECTOR('',#4241,0.7211102550928);
#3753=CARTESIAN_POINT('',(1.53,9.2,2.45));
#3754=CARTESIAN_POINT('',(1.53,4.3,2.45));
#3755=VECTOR('',#4242,4.9);
#3756=CARTESIAN_POINT('',(1.53,9.2,1.31));
#3757=CARTESIAN_POINT('',(1.53,9.2,2.45));
#3758=VECTOR('',#4243,1.14);
#3759=CARTESIAN_POINT('',(1.53,9.2,1.31));
#3760=VECTOR('',#4244,5.5);
#3761=CARTESIAN_POINT('',(1.53,-2.23,2.25));
#3762=CARTESIAN_POINT('',(1.53,-3.5,2.7));
#3763=CARTESIAN_POINT('',(1.53,-2.23,2.25));
#3764=VECTOR('',#4245,1.347367804276);
#3765=CARTESIAN_POINT('',(1.53,-3.5,2.85));
#3766=CARTESIAN_POINT('',(1.53,-3.5,2.7));
#3767=VECTOR('',#4246,0.15);
#3768=CARTESIAN_POINT('',(1.53,-3.5,2.85));
#3769=VECTOR('',#4247,4.3);
#3770=CARTESIAN_POINT('',(1.53,0.8,2.25));
#3771=VECTOR('',#4248,3.03);
#3772=CARTESIAN_POINT('',(1.53,-3.5,-3.25));
#3773=CARTESIAN_POINT('',(1.53,0.8,-3.25));
#3774=VECTOR('',#4249,4.3);
#3775=CARTESIAN_POINT('',(1.53,-3.5,-3.1));
#3776=CARTESIAN_POINT('',(1.53,-3.5,-3.25));
#3777=VECTOR('',#4250,0.15);
#3778=CARTESIAN_POINT('',(1.53,-2.23,-2.65));
#3779=CARTESIAN_POINT('',(1.53,-3.5,-3.1));
#3780=VECTOR('',#4251,1.347367804276);
#3781=CARTESIAN_POINT('',(1.53,-2.23,-2.65));
#3782=VECTOR('',#4252,3.03);
#3783=CARTESIAN_POINT('',(2.67,4.3,-2.85));
#3784=VECTOR('',#4253,1.14);
#3785=CARTESIAN_POINT('',(2.67,9.2,-2.85));
#3786=VECTOR('',#4254,1.14);
#3787=CARTESIAN_POINT('',(2.67,9.2,1.31));
#3788=VECTOR('',#4255,1.14);
#3789=CARTESIAN_POINT('',(2.67,9.2,2.45));
#3790=VECTOR('',#4256,1.14);
#3791=CARTESIAN_POINT('',(2.67,4.3,2.45));
#3792=VECTOR('',#4257,1.14);
#3793=CARTESIAN_POINT('',(2.67,-2.23,2.25));
#3794=VECTOR('',#4258,1.14);
#3795=CARTESIAN_POINT('',(2.67,-3.5,2.7));
#3796=VECTOR('',#4259,1.14);
#3797=CARTESIAN_POINT('',(2.67,-3.5,2.85));
#3798=VECTOR('',#4260,1.14);
#3799=CARTESIAN_POINT('',(2.67,-2.23,-2.65));
#3800=VECTOR('',#4261,1.14);
#3801=CARTESIAN_POINT('',(2.67,-3.5,-3.1));
#3802=VECTOR('',#4262,1.14);
#3803=CARTESIAN_POINT('',(2.67,-3.5,-3.25));
#3804=VECTOR('',#4263,1.14);
#3805=CARTESIAN_POINT('',(-1.53,-2.23,-2.65));
#3806=CARTESIAN_POINT('',(-1.53,-2.23,-2.65));
#3807=VECTOR('',#4264,3.03);
#3808=CARTESIAN_POINT('',(-1.53,-3.5,-3.1));
#3809=CARTESIAN_POINT('',(-1.53,-3.5,-3.1));
#3810=VECTOR('',#4265,1.347367804276);
#3811=CARTESIAN_POINT('',(-1.53,-3.5,-3.25));
#3812=CARTESIAN_POINT('',(-1.53,-3.5,-3.25));
#3813=VECTOR('',#4266,0.15);
#3814=CARTESIAN_POINT('',(-1.53,0.8,-3.25));
#3815=VECTOR('',#4267,4.3);
#3816=CARTESIAN_POINT('',(-1.53,-3.5,2.85));
#3817=CARTESIAN_POINT('',(-1.53,-3.5,2.85));
#3818=VECTOR('',#4268,4.3);
#3819=CARTESIAN_POINT('',(-1.53,-3.5,2.7));
#3820=CARTESIAN_POINT('',(-1.53,-3.5,2.7));
#3821=VECTOR('',#4269,0.15);
#3822=CARTESIAN_POINT('',(-1.53,-2.23,2.25));
#3823=CARTESIAN_POINT('',(-1.53,-2.23,2.25));
#3824=VECTOR('',#4270,1.347367804276);
#3825=CARTESIAN_POINT('',(-1.53,0.8,2.25));
#3826=VECTOR('',#4271,3.03);
#3827=CARTESIAN_POINT('',(-1.53,9.2,1.31));
#3828=CARTESIAN_POINT('',(-1.53,9.2,1.31));
#3829=VECTOR('',#4272,5.5);
#3830=CARTESIAN_POINT('',(-1.53,9.2,2.45));
#3831=CARTESIAN_POINT('',(-1.53,9.2,2.45));
#3832=VECTOR('',#4273,1.14);
#3833=CARTESIAN_POINT('',(-1.53,4.3,2.45));
#3834=CARTESIAN_POINT('',(-1.53,4.3,2.45));
#3835=VECTOR('',#4274,4.9);
#3836=CARTESIAN_POINT('',(-1.53,3.7,2.85));
#3837=VECTOR('',#4275,0.7211102550928);
#3838=CARTESIAN_POINT('',(-1.53,4.3,-2.85));
#3839=CARTESIAN_POINT('',(-1.53,4.3,-2.85));
#3840=VECTOR('',#4276,0.7211102550928);
#3841=CARTESIAN_POINT('',(-1.53,9.2,-2.85));
#3842=CARTESIAN_POINT('',(-1.53,9.2,-2.85));
#3843=VECTOR('',#4277,4.9);
#3844=CARTESIAN_POINT('',(-1.53,9.2,-1.71));
#3845=CARTESIAN_POINT('',(-1.53,9.2,-1.71));
#3846=VECTOR('',#4278,1.14);
#3847=CARTESIAN_POINT('',(-1.53,3.7,-1.71));
#3848=VECTOR('',#4279,5.5);
#3849=CARTESIAN_POINT('',(-2.67,-3.5,-3.25));
#3850=CARTESIAN_POINT('',(-1.53,-3.5,-3.25));
#3851=VECTOR('',#4280,1.14);
#3852=CARTESIAN_POINT('',(-2.67,0.8,-3.25));
#3853=VECTOR('',#4281,4.3);
#3854=CARTESIAN_POINT('',(-2.67,-3.5,-3.1));
#3855=CARTESIAN_POINT('',(-2.67,-3.5,-3.25));
#3856=VECTOR('',#4282,0.15);
#3857=CARTESIAN_POINT('',(-2.67,-2.23,-2.65));
#3858=CARTESIAN_POINT('',(-2.67,-3.5,-3.1));
#3859=VECTOR('',#4283,1.347367804276);
#3860=CARTESIAN_POINT('',(-2.67,-2.23,-2.65));
#3861=VECTOR('',#4284,3.03);
#3862=CARTESIAN_POINT('',(-2.67,-2.23,2.25));
#3863=CARTESIAN_POINT('',(-2.67,0.8,2.25));
#3864=VECTOR('',#4285,3.03);
#3865=CARTESIAN_POINT('',(-2.67,-3.5,2.7));
#3866=CARTESIAN_POINT('',(-2.67,-2.23,2.25));
#3867=VECTOR('',#4286,1.347367804276);
#3868=CARTESIAN_POINT('',(-2.67,-3.5,2.85));
#3869=CARTESIAN_POINT('',(-2.67,-3.5,2.7));
#3870=VECTOR('',#4287,0.15);
#3871=CARTESIAN_POINT('',(-2.67,-3.5,2.85));
#3872=VECTOR('',#4288,4.3);
#3873=CARTESIAN_POINT('',(-2.67,4.3,2.45));
#3874=CARTESIAN_POINT('',(-2.67,9.2,2.45));
#3875=CARTESIAN_POINT('',(-2.67,4.3,2.45));
#3876=VECTOR('',#4289,4.9);
#3877=CARTESIAN_POINT('',(-2.67,9.2,1.31));
#3878=CARTESIAN_POINT('',(-2.67,9.2,2.45));
#3879=VECTOR('',#4290,1.14);
#3880=CARTESIAN_POINT('',(-2.67,9.2,1.31));
#3881=VECTOR('',#4291,5.5);
#3882=CARTESIAN_POINT('',(-2.67,3.7,2.85));
#3883=VECTOR('',#4292,0.7211102550928);
#3884=CARTESIAN_POINT('',(-2.67,9.2,-1.71));
#3885=CARTESIAN_POINT('',(-2.67,9.2,-2.85));
#3886=CARTESIAN_POINT('',(-2.67,9.2,-1.71));
#3887=VECTOR('',#4293,1.14);
#3888=CARTESIAN_POINT('',(-2.67,4.3,-2.85));
#3889=CARTESIAN_POINT('',(-2.67,9.2,-2.85));
#3890=VECTOR('',#4294,4.9);
#3891=CARTESIAN_POINT('',(-2.67,4.3,-2.85));
#3892=VECTOR('',#4295,0.7211102550928);
#3893=CARTESIAN_POINT('',(-2.67,3.7,-1.71));
#3894=VECTOR('',#4296,5.5);
#3895=CARTESIAN_POINT('',(-1.53,-2.23,-2.65));
#3896=VECTOR('',#4297,1.14);
#3897=CARTESIAN_POINT('',(-1.53,-3.5,-3.1));
#3898=VECTOR('',#4298,1.14);
#3899=CARTESIAN_POINT('',(-1.53,-3.5,2.85));
#3900=VECTOR('',#4299,1.14);
#3901=CARTESIAN_POINT('',(-1.53,-3.5,2.7));
#3902=VECTOR('',#4300,1.14);
#3903=CARTESIAN_POINT('',(-1.53,-2.23,2.25));
#3904=VECTOR('',#4301,1.14);
#3905=CARTESIAN_POINT('',(-1.53,4.3,2.45));
#3906=VECTOR('',#4302,1.14);
#3907=CARTESIAN_POINT('',(-1.53,9.2,2.45));
#3908=VECTOR('',#4303,1.14);
#3909=CARTESIAN_POINT('',(-1.53,9.2,1.31));
#3910=VECTOR('',#4304,1.14);
#3911=CARTESIAN_POINT('',(-1.53,9.2,-1.71));
#3912=VECTOR('',#4305,1.14);
#3913=CARTESIAN_POINT('',(-1.53,9.2,-2.85));
#3914=VECTOR('',#4306,1.14);
#3915=CARTESIAN_POINT('',(-1.53,4.3,-2.85));
#3916=VECTOR('',#4307,1.14);
#3917=CARTESIAN_POINT('',(1.7,9.75,-6.2));
#3918=CARTESIAN_POINT('',(1.7,9.75,-4.8));
#3919=VECTOR('',#4308,1.4);
#3920=CARTESIAN_POINT('',(1.7,9.75,-6.2));
#3921=VECTOR('',#4309,0.7);
#3922=CARTESIAN_POINT('',(-1.7,9.75,-6.2));
#3923=VECTOR('',#4310,3.4);
#3924=CARTESIAN_POINT('',(3.9,12.8,0.3));
#3925=VECTOR('',#4311,9.1);
#3926=CARTESIAN_POINT('',(3.9,12.8,3.9));
#3927=VECTOR('',#4312,9.1);
#3928=CARTESIAN_POINT('',(-3.9,12.8,3.0));
#3929=VECTOR('',#4313,9.1);
#3930=CARTESIAN_POINT('',(-3.0,12.8,3.9));
#3931=VECTOR('',#4314,9.1);
#3932=CARTESIAN_POINT('',(-1.2,12.8,3.9));
#3933=VECTOR('',#4315,9.1);
#3934=DIRECTION('',(-0.0,-1.0,0.0));
#3935=CARTESIAN_POINT('',(4.8,12.8,2.6));
#3936=DIRECTION('',(0.0,-1.0,0.0));
#3937=DIRECTION('',(0.0,0.0,-1.0));
#3938=DIRECTION('',(0.0,-1.0,0.0));
#3939=CARTESIAN_POINT('',(4.8,0.2,2.6));
#3940=DIRECTION('',(0.0,-1.0,0.0));
#3941=DIRECTION('',(0.0,0.0,-1.0));
#3942=DIRECTION('',(0.0,0.0,1.0));
#3943=DIRECTION('',(0.0,1.0,0.0));
#3944=DIRECTION('',(0.0,0.0,-1.0));
#3945=DIRECTION('',(0.0,-1.0,0.0));
#3946=DIRECTION('',(0.0,0.0,1.0));
#3947=DIRECTION('',(0.0,1.0,0.0));
#3948=DIRECTION('',(0.0,0.0,1.0));
#3949=DIRECTION('',(0.0,1.0,0.0));
#3950=DIRECTION('',(0.0,0.0,-1.0));
#3951=DIRECTION('',(0.0,1.0,0.0));
#3952=DIRECTION('',(0.0,0.0,1.0));
#3953=DIRECTION('',(0.0,1.0,0.0));
#3954=DIRECTION('',(-0.707106781186548,0.0,-0.707106781186548));
#3955=DIRECTION('',(-0.707106781186548,0.0,-0.707106781186548));
#3956=DIRECTION('',(0.0,-1.0,0.0));
#3957=DIRECTION('',(0.0,0.0,-1.0));
#3958=DIRECTION('',(0.0,-1.0,0.0));
#3959=DIRECTION('',(0.0,0.0,-1.0));
#3960=DIRECTION('',(1.0,0.0,0.0));
#3961=DIRECTION('',(0.0,0.0,-1.0));
#3962=DIRECTION('',(-1.0,0.0,0.0));
#3963=DIRECTION('',(0.0,0.0,1.0));
#3964=DIRECTION('',(1.0,0.0,0.0));
#3965=DIRECTION('',(0.0,0.0,1.0));
#3966=CARTESIAN_POINT('',(4.8,0.2,2.6));
#3967=DIRECTION('',(0.0,-1.0,0.0));
#3968=DIRECTION('',(0.0,0.0,-1.0));
#3969=DIRECTION('',(0.0,0.0,1.0));
#3970=DIRECTION('',(-1.0,0.0,0.0));
#3971=DIRECTION('',(0.0,0.0,1.0));
#3972=DIRECTION('',(-1.0,0.0,0.0));
#3973=DIRECTION('',(0.707106781186548,0.0,-0.707106781186548));
#3974=DIRECTION('',(1.0,0.0,0.0));
#3975=DIRECTION('',(0.0,0.0,1.0));
#3976=DIRECTION('',(-1.0,0.0,0.0));
#3977=DIRECTION('',(0.0,0.0,1.0));
#3978=DIRECTION('',(1.0,0.0,0.0));
#3979=DIRECTION('',(0.0,0.0,1.0));
#3980=DIRECTION('',(0.0,1.0,0.0));
#3981=DIRECTION('',(0.0,0.0,1.0));
#3982=DIRECTION('',(0.0,1.0,0.0));
#3983=DIRECTION('',(1.0,0.0,0.0));
#3984=DIRECTION('',(0.0,1.0,0.0));
#3985=DIRECTION('',(-1.0,0.0,0.0));
#3986=DIRECTION('',(0.0,-1.0,0.0));
#3987=DIRECTION('',(-1.0,0.0,0.0));
#3988=DIRECTION('',(0.0,1.0,0.0));
#3989=DIRECTION('',(1.0,0.0,0.0));
#3990=DIRECTION('',(0.0,1.0,0.0));
#3991=DIRECTION('',(0.0,1.0,0.0));
#3992=DIRECTION('',(1.0,0.0,0.0));
#3993=DIRECTION('',(0.0,1.0,0.0));
#3994=DIRECTION('',(1.0,0.0,0.0));
#3995=DIRECTION('',(0.0,-1.0,0.0));
#3996=DIRECTION('',(0.0,0.0,-1.0));
#3997=DIRECTION('',(0.0,1.0,0.0));
#3998=DIRECTION('',(0.0,0.0,-1.0));
#3999=DIRECTION('',(-1.0,0.0,0.0));
#4000=DIRECTION('',(0.0,0.0,1.0));
#4001=DIRECTION('',(1.0,0.0,0.0));
#4002=DIRECTION('',(0.0,0.0,-1.0));
#4003=DIRECTION('',(-1.0,0.0,0.0));
#4004=DIRECTION('',(0.0,0.0,1.0));
#4005=DIRECTION('',(-1.0,0.0,0.0));
#4006=DIRECTION('',(0.0,0.0,1.0));
#4007=DIRECTION('',(-1.0,0.0,0.0));
#4008=DIRECTION('',(0.0,0.0,1.0));
#4009=DIRECTION('',(0.707106781186548,0.0,0.707106781186548));
#4010=DIRECTION('',(1.0,0.0,0.0));
#4011=DIRECTION('',(0.707106781186548,0.0,-0.707106781186548));
#4012=DIRECTION('',(0.0,0.0,-1.0));
#4013=DIRECTION('',(-1.0,0.0,0.0));
#4014=DIRECTION('',(0.0,0.0,1.0));
#4015=DIRECTION('',(1.0,0.0,0.0));
#4016=DIRECTION('',(0.0,0.0,-1.0));
#4017=DIRECTION('',(-1.0,0.0,0.0));
#4018=DIRECTION('',(0.0,0.0,1.0));
#4019=DIRECTION('',(-1.0,0.0,0.0));
#4020=DIRECTION('',(0.0,0.0,1.0));
#4021=DIRECTION('',(0.0,-1.0,0.0));
#4022=DIRECTION('',(0.0,0.0,1.0));
#4023=DIRECTION('',(0.0,-1.0,0.0));
#4024=DIRECTION('',(0.0,-1.0,0.0));
#4025=DIRECTION('',(0.0,0.0,-1.0));
#4026=DIRECTION('',(0.0,0.0,1.0));
#4027=DIRECTION('',(-1.0,0.0,0.0));
#4028=DIRECTION('',(1.0,0.0,0.0));
#4029=DIRECTION('',(0.0,1.0,0.0));
#4030=DIRECTION('',(-1.0,0.0,0.0));
#4031=DIRECTION('',(0.0,1.0,0.0));
#4032=DIRECTION('',(0.0,1.0,0.0));
#4033=DIRECTION('',(1.0,0.0,0.0));
#4034=DIRECTION('',(0.0,-1.0,0.0));
#4035=DIRECTION('',(-1.0,0.0,0.0));
#4036=DIRECTION('',(-1.0,0.0,0.0));
#4037=DIRECTION('',(0.0,1.0,0.0));
#4038=DIRECTION('',(-1.0,0.0,0.0));
#4039=DIRECTION('',(0.0,1.0,0.0));
#4040=DIRECTION('',(1.0,0.0,0.0));
#4041=DIRECTION('',(0.0,-1.0,0.0));
#4042=DIRECTION('',(-1.0,0.0,0.0));
#4043=DIRECTION('',(0.0,-1.0,0.0));
#4044=DIRECTION('',(0.0,0.0,-1.0));
#4045=DIRECTION('',(0.0,1.0,0.0));
#4046=DIRECTION('',(0.0,0.0,-1.0));
#4047=DIRECTION('',(0.0,0.0,1.0));
#4048=DIRECTION('',(-1.0,0.0,0.0));
#4049=DIRECTION('',(0.0,0.0,-1.0));
#4050=DIRECTION('',(0.0,0.0,-1.0));
#4051=DIRECTION('',(0.0,0.0,-1.0));
#4052=DIRECTION('',(1.0,0.0,0.0));
#4053=DIRECTION('',(0.0,0.0,-1.0));
#4054=DIRECTION('',(1.0,0.0,0.0));
#4055=DIRECTION('',(0.0,0.0,1.0));
#4056=DIRECTION('',(1.0,0.0,0.0));
#4057=DIRECTION('',(1.0,0.0,0.0));
#4058=DIRECTION('',(0.0,0.0,-1.0));
#4059=DIRECTION('',(0.0,0.0,-1.0));
#4060=DIRECTION('',(1.0,0.0,0.0));
#4061=DIRECTION('',(0.0,0.0,1.0));
#4062=DIRECTION('',(1.0,0.0,0.0));
#4063=DIRECTION('',(1.0,0.0,0.0));
#4064=DIRECTION('',(0.0,0.0,1.0));
#4065=DIRECTION('',(1.0,0.0,0.0));
#4066=DIRECTION('',(0.0,0.0,1.0));
#4067=DIRECTION('',(1.0,0.0,0.0));
#4068=DIRECTION('',(0.0,1.0,0.0));
#4069=DIRECTION('',(-1.0,0.0,0.0));
#4070=DIRECTION('',(0.0,1.0,0.0));
#4071=DIRECTION('',(-1.0,0.0,0.0));
#4072=DIRECTION('',(0.0,-1.0,0.0));
#4073=DIRECTION('',(-1.0,0.0,0.0));
#4074=DIRECTION('',(0.0,1.0,0.0));
#4075=DIRECTION('',(-1.0,0.0,0.0));
#4076=DIRECTION('',(0.0,1.0,0.0));
#4077=DIRECTION('',(0.0,1.0,0.0));
#4078=DIRECTION('',(0.0,1.0,0.0));
#4079=DIRECTION('',(-1.0,0.0,0.0));
#4080=DIRECTION('',(0.0,-1.0,0.0));
#4081=DIRECTION('',(0.0,0.0,-1.0));
#4082=DIRECTION('',(0.0,1.0,0.0));
#4083=DIRECTION('',(0.0,0.0,-1.0));
#4084=DIRECTION('',(0.0,0.0,-1.0));
#4085=DIRECTION('',(-1.0,0.0,0.0));
#4086=DIRECTION('',(0.0,0.0,1.0));
#4087=DIRECTION('',(0.707106781186548,0.0,0.707106781186548));
#4088=DIRECTION('',(1.0,0.0,0.0));
#4089=DIRECTION('',(0.707106781186548,0.0,-0.707106781186548));
#4090=DIRECTION('',(0.0,0.0,-1.0));
#4091=DIRECTION('',(-1.0,0.0,0.0));
#4092=DIRECTION('',(0.0,0.0,1.0));
#4093=DIRECTION('',(-1.0,0.0,0.0));
#4094=DIRECTION('',(0.0,0.0,-1.0));
#4095=DIRECTION('',(-1.0,0.0,0.0));
#4096=DIRECTION('',(0.0,0.0,-1.0));
#4097=DIRECTION('',(-1.0,0.0,0.0));
#4098=DIRECTION('',(0.0,0.0,1.0));
#4099=DIRECTION('',(1.0,0.0,0.0));
#4100=DIRECTION('',(0.0,0.0,-1.0));
#4101=DIRECTION('',(-1.0,0.0,0.0));
#4102=DIRECTION('',(0.0,0.0,1.0));
#4103=DIRECTION('',(-1.0,0.0,0.0));
#4104=DIRECTION('',(0.0,0.0,-1.0));
#4105=DIRECTION('',(0.0,0.0,-1.0));
#4106=DIRECTION('',(0.0,0.0,1.0));
#4107=DIRECTION('',(-0.707106781186548,0.0,0.707106781186548));
#4108=DIRECTION('',(0.0,0.0,1.0));
#4109=DIRECTION('',(0.0,-1.0,0.0));
#4110=DIRECTION('',(0.0,0.0,-1.0));
#4111=DIRECTION('',(0.0,-1.0,0.0));
#4112=DIRECTION('',(0.0,-1.0,0.0));
#4113=DIRECTION('',(-1.0,0.0,0.0));
#4114=DIRECTION('',(1.0,0.0,0.0));
#4115=DIRECTION('',(0.707106781186548,0.0,-0.707106781186548));
#4116=DIRECTION('',(1.0,0.0,0.0));
#4117=DIRECTION('',(0.0,0.0,1.0));
#4118=CARTESIAN_POINT('',(4.8,12.8,2.6));
#4119=DIRECTION('',(0.0,-1.0,0.0));
#4120=DIRECTION('',(0.0,0.0,-1.0));
#4121=DIRECTION('',(0.0,0.0,1.0));
#4122=DIRECTION('',(1.0,0.0,0.0));
#4123=DIRECTION('',(1.0,0.0,0.0));
#4124=DIRECTION('',(1.0,0.0,0.0));
#4125=DIRECTION('',(-1.0,0.0,0.0));
#4126=DIRECTION('',(0.0,0.0,-1.0));
#4127=DIRECTION('',(0.707106781186548,0.0,-0.707106781186548));
#4128=DIRECTION('',(1.0,0.0,0.0));
#4129=DIRECTION('',(0.707106781186548,0.0,0.707106781186548));
#4130=DIRECTION('',(0.0,0.0,1.0));
#4131=DIRECTION('',(-1.0,0.0,0.0));
#4132=DIRECTION('',(0.0,0.0,-1.0));
#4133=DIRECTION('',(0.707106781186548,0.0,-0.707106781186548));
#4134=DIRECTION('',(1.0,0.0,0.0));
#4135=DIRECTION('',(0.707106781186548,0.0,0.707106781186548));
#4136=DIRECTION('',(0.0,0.0,1.0));
#4137=DIRECTION('',(1.0,0.0,0.0));
#4138=DIRECTION('',(0.0,0.0,1.0));
#4139=DIRECTION('',(-1.0,0.0,0.0));
#4140=DIRECTION('',(0.0,0.0,-1.0));
#4141=DIRECTION('',(0.0,0.859101543908758,0.511805175094575));
#4142=DIRECTION('',(1.0,0.0,0.0));
#4143=DIRECTION('',(0.0,0.859101543908758,0.511805175094575));
#4144=DIRECTION('',(0.0,1.0,0.0));
#4145=DIRECTION('',(0.0,0.0,-1.0));
#4146=DIRECTION('',(0.0,-1.0,0.0));
#4147=DIRECTION('',(1.0,0.0,0.0));
#4148=DIRECTION('',(0.0,-1.0,0.0));
#4149=DIRECTION('',(0.0,1.0,0.0));
#4150=DIRECTION('',(0.0,1.0,0.0));
#4151=DIRECTION('',(1.0,0.0,0.0));
#4152=DIRECTION('',(0.0,1.0,0.0));
#4153=DIRECTION('',(0.0,1.0,0.0));
#4154=DIRECTION('',(1.0,0.0,0.0));
#4155=DIRECTION('',(0.0,1.0,0.0));
#4156=DIRECTION('',(0.0,0.0,-1.0));
#4157=DIRECTION('',(0.0,-1.0,0.0));
#4158=DIRECTION('',(1.0,0.0,0.0));
#4159=DIRECTION('',(0.0,1.0,0.0));
#4160=DIRECTION('',(0.0,1.0,0.0));
#4161=DIRECTION('',(0.0,1.0,0.0));
#4162=DIRECTION('',(1.0,0.0,0.0));
#4163=DIRECTION('',(0.0,1.0,0.0));
#4164=DIRECTION('',(0.0,1.0,0.0));
#4165=DIRECTION('',(-1.0,0.0,0.0));
#4166=DIRECTION('',(0.0,-1.0,0.0));
#4167=DIRECTION('',(1.0,0.0,0.0));
#4168=DIRECTION('',(0.0,1.0,0.0));
#4169=DIRECTION('',(0.0,-1.0,0.0));
#4170=DIRECTION('',(1.0,0.0,0.0));
#4171=DIRECTION('',(0.0,-1.0,0.0));
#4172=DIRECTION('',(0.0,0.0,-1.0));
#4173=DIRECTION('',(0.0,0.0,1.0));
#4174=DIRECTION('',(1.0,0.0,0.0));
#4175=DIRECTION('',(0.0,0.0,-1.0));
#4176=DIRECTION('',(-1.0,0.0,0.0));
#4177=DIRECTION('',(0.0,0.0,1.0));
#4178=DIRECTION('',(-1.0,0.0,0.0));
#4179=DIRECTION('',(0.0,0.0,1.0));
#4180=DIRECTION('',(0.0,0.0,1.0));
#4181=DIRECTION('',(-1.0,0.0,0.0));
#4182=DIRECTION('',(0.0,0.0,1.0));
#4183=DIRECTION('',(-1.0,0.0,0.0));
#4184=DIRECTION('',(0.0,0.0,1.0));
#4185=DIRECTION('',(0.0,1.0,0.0));
#4186=DIRECTION('',(0.0,1.0,0.0));
#4187=DIRECTION('',(1.0,0.0,0.0));
#4188=DIRECTION('',(0.0,1.0,0.0));
#4189=DIRECTION('',(0.0,-1.0,0.0));
#4190=DIRECTION('',(0.0,-1.0,0.0));
#4191=DIRECTION('',(0.0,0.0,1.0));
#4192=DIRECTION('',(0.0,0.0,-1.0));
#4193=DIRECTION('',(-1.0,0.0,0.0));
#4194=DIRECTION('',(0.0,0.0,1.0));
#4195=DIRECTION('',(-1.0,0.0,0.0));
#4196=DIRECTION('',(0.0,0.0,1.0));
#4197=DIRECTION('',(0.0,0.0,-1.0));
#4198=DIRECTION('',(0.0,0.0,-1.0));
#4199=DIRECTION('',(0.0,0.0,1.0));
#4200=DIRECTION('',(0.0,0.0,1.0));
#4201=DIRECTION('',(-1.0,0.0,0.0));
#4202=DIRECTION('',(0.0,0.0,1.0));
#4203=DIRECTION('',(-1.0,0.0,0.0));
#4204=DIRECTION('',(0.0,0.0,1.0));
#4205=DIRECTION('',(0.0,0.0,-1.0));
#4206=DIRECTION('',(0.707106781186548,0.0,0.707106781186548));
#4207=DIRECTION('',(0.0,0.0,1.0));
#4208=DIRECTION('',(0.0,-1.0,0.0));
#4209=DIRECTION('',(0.0,-1.0,0.0));
#4210=DIRECTION('',(0.0,0.0,-1.0));
#4211=DIRECTION('',(0.0,0.0,1.0));
#4212=DIRECTION('',(0.0,-1.0,0.0));
#4213=DIRECTION('',(0.0,-1.0,0.0));
#4214=DIRECTION('',(0.0,-1.0,0.0));
#4215=DIRECTION('',(0.0,-1.0,0.0));
#4216=DIRECTION('',(0.0,-1.0,0.0));
#4217=DIRECTION('',(0.0,-1.0,0.0));
#4218=DIRECTION('',(0.0,-1.0,0.0));
#4219=DIRECTION('',(0.0,-1.0,0.0));
#4220=DIRECTION('',(0.0,-0.832050294337844,-0.554700196225229));
#4221=DIRECTION('',(0.0,-1.0,0.0));
#4222=DIRECTION('',(0.0,0.0,-1.0));
#4223=DIRECTION('',(0.0,1.0,0.0));
#4224=DIRECTION('',(0.0,-1.0,0.0));
#4225=DIRECTION('',(0.0,0.0,-1.0));
#4226=DIRECTION('',(0.0,1.0,0.0));
#4227=DIRECTION('',(0.0,0.832050294337844,-0.554700196225229));
#4228=DIRECTION('',(0.0,1.0,0.0));
#4229=DIRECTION('',(0.0,0.0,1.0));
#4230=DIRECTION('',(0.0,-0.942578556478323,0.333984527886008));
#4231=DIRECTION('',(0.0,-1.0,0.0));
#4232=DIRECTION('',(0.0,1.0,0.0));
#4233=DIRECTION('',(0.0,0.942578556478323,0.333984527886008));
#4234=DIRECTION('',(0.0,0.0,1.0));
#4235=DIRECTION('',(0.0,-1.0,0.0));
#4236=DIRECTION('',(-1.0,0.0,0.0));
#4237=DIRECTION('',(0.0,1.0,0.0));
#4238=DIRECTION('',(0.0,0.0,-1.0));
#4239=DIRECTION('',(0.0,-1.0,0.0));
#4240=DIRECTION('',(0.0,-0.832050294337844,-0.554700196225229));
#4241=DIRECTION('',(0.0,0.832050294337844,-0.554700196225229));
#4242=DIRECTION('',(0.0,1.0,0.0));
#4243=DIRECTION('',(0.0,0.0,-1.0));
#4244=DIRECTION('',(0.0,-1.0,0.0));
#4245=DIRECTION('',(0.0,-0.942578556478323,0.333984527886008));
#4246=DIRECTION('',(0.0,0.0,1.0));
#4247=DIRECTION('',(0.0,1.0,0.0));
#4248=DIRECTION('',(0.0,-1.0,0.0));
#4249=DIRECTION('',(0.0,-1.0,0.0));
#4250=DIRECTION('',(0.0,0.0,1.0));
#4251=DIRECTION('',(0.0,0.942578556478323,0.333984527886008));
#4252=DIRECTION('',(0.0,1.0,0.0));
#4253=DIRECTION('',(-1.0,0.0,0.0));
#4254=DIRECTION('',(-1.0,0.0,0.0));
#4255=DIRECTION('',(-1.0,0.0,0.0));
#4256=DIRECTION('',(-1.0,0.0,0.0));
#4257=DIRECTION('',(-1.0,0.0,0.0));
#4258=DIRECTION('',(-1.0,0.0,0.0));
#4259=DIRECTION('',(-1.0,0.0,0.0));
#4260=DIRECTION('',(-1.0,0.0,0.0));
#4261=DIRECTION('',(-1.0,0.0,0.0));
#4262=DIRECTION('',(-1.0,0.0,0.0));
#4263=DIRECTION('',(-1.0,0.0,0.0));
#4264=DIRECTION('',(0.0,1.0,0.0));
#4265=DIRECTION('',(0.0,0.942578556478323,0.333984527886008));
#4266=DIRECTION('',(0.0,0.0,1.0));
#4267=DIRECTION('',(0.0,-1.0,0.0));
#4268=DIRECTION('',(0.0,1.0,0.0));
#4269=DIRECTION('',(0.0,0.0,1.0));
#4270=DIRECTION('',(0.0,-0.942578556478323,0.333984527886008));
#4271=DIRECTION('',(0.0,-1.0,0.0));
#4272=DIRECTION('',(0.0,-1.0,0.0));
#4273=DIRECTION('',(0.0,0.0,-1.0));
#4274=DIRECTION('',(0.0,1.0,0.0));
#4275=DIRECTION('',(0.0,0.832050294337844,-0.554700196225229));
#4276=DIRECTION('',(0.0,-0.832050294337844,-0.554700196225229));
#4277=DIRECTION('',(0.0,-1.0,0.0));
#4278=DIRECTION('',(0.0,0.0,-1.0));
#4279=DIRECTION('',(0.0,1.0,0.0));
#4280=DIRECTION('',(-1.0,0.0,0.0));
#4281=DIRECTION('',(0.0,-1.0,0.0));
#4282=DIRECTION('',(0.0,0.0,1.0));
#4283=DIRECTION('',(0.0,0.942578556478323,0.333984527886008));
#4284=DIRECTION('',(0.0,1.0,0.0));
#4285=DIRECTION('',(0.0,-1.0,0.0));
#4286=DIRECTION('',(0.0,-0.942578556478323,0.333984527886008));
#4287=DIRECTION('',(0.0,0.0,1.0));
#4288=DIRECTION('',(0.0,1.0,0.0));
#4289=DIRECTION('',(0.0,1.0,0.0));
#4290=DIRECTION('',(0.0,0.0,-1.0));
#4291=DIRECTION('',(0.0,-1.0,0.0));
#4292=DIRECTION('',(0.0,0.832050294337844,-0.554700196225229));
#4293=DIRECTION('',(0.0,0.0,-1.0));
#4294=DIRECTION('',(0.0,-1.0,0.0));
#4295=DIRECTION('',(0.0,-0.832050294337844,-0.554700196225229));
#4296=DIRECTION('',(0.0,1.0,0.0));
#4297=DIRECTION('',(-1.0,0.0,0.0));
#4298=DIRECTION('',(-1.0,0.0,0.0));
#4299=DIRECTION('',(-1.0,0.0,0.0));
#4300=DIRECTION('',(-1.0,0.0,0.0));
#4301=DIRECTION('',(-1.0,0.0,0.0));
#4302=DIRECTION('',(-1.0,0.0,0.0));
#4303=DIRECTION('',(-1.0,0.0,0.0));
#4304=DIRECTION('',(-1.0,0.0,0.0));
#4305=DIRECTION('',(-1.0,0.0,0.0));
#4306=DIRECTION('',(-1.0,0.0,0.0));
#4307=DIRECTION('',(-1.0,0.0,0.0));
#4308=DIRECTION('',(0.0,0.0,-1.0));
#4309=DIRECTION('',(0.0,1.0,0.0));
#4310=DIRECTION('',(1.0,0.0,0.0));
#4311=DIRECTION('',(0.0,-1.0,0.0));
#4312=DIRECTION('',(0.0,-1.0,0.0));
#4313=DIRECTION('',(0.0,-1.0,0.0));
#4314=DIRECTION('',(0.0,-1.0,0.0));
#4315=DIRECTION('',(0.0,-1.0,0.0));
ENDSEC;
END-ISO-10303-21;
