ISO-10303-21;
HEADER;
FILE_DESCRIPTION (( 'STEP AP203' ),
    '1' );
FILE_NAME ('RESISTOR STANDARD SIZE PANEL FIXED (ARCOL HS-25).STEP',
    '2018-11-16T10:12:09',
    ( 'IT Dept' ),
    ( 'Global Marine Group' ),
    'SwSTEP 2.0',
    'SolidWorks 2018',
    '' );
FILE_SCHEMA (( 'CONFIG_CONTROL_DESIGN' ));
ENDSEC;

DATA;
#1 = EDGE_CURVE ( 'NONE', #2335, #845, #2949, .T. ) ;
#3 = ORIENTED_EDGE ( 'NONE', *, *, #2566, .F. ) ;
#2 = AXIS2_PLACEMENT_3D ( 'NONE', #412, #2947, #2402 ) ;
#4 = VERTEX_POINT ( 'NONE', #1440 ) ;
#5 = ORIENTED_EDGE ( 'NONE', *, *, #3009, .F. ) ;
#6 = ORIENTED_EDGE ( 'NONE', *, *, #1825, .T. ) ;
#7 = CARTESIAN_POINT ( 'NONE',  ( 13.65000000000000036, -1.499999999999999334, -6.299999999999999822 ) ) ;
#8 = VECTOR ( 'NONE', #1779, 1000.000000000000114 ) ;
#9 = CARTESIAN_POINT ( 'NONE',  ( -15.54223521129946484, 3.499999999999999112, -1.050000000000000488 ) ) ;
#10 = LINE ( 'NONE', #1071, #1421 ) ;
#11 = CIRCLE ( 'NONE', #714, 7.099999999999999645 ) ;
#12 = DIRECTION ( 'NONE',  ( 0.0000000000000000000, 0.0000000000000000000, -1.000000000000000000 ) ) ;
#13 = ORIENTED_EDGE ( 'NONE', *, *, #647, .F. ) ;
#14 = CARTESIAN_POINT ( 'NONE',  ( -13.65000000000000036, 6.112863075538782276, 1.524107942277888927 ) ) ;
#15 = CIRCLE ( 'NONE', #2988, 7.099999999999999645 ) ;
#16 = EDGE_CURVE ( 'NONE', #500, #2687, #3357, .T. ) ;
#17 = LINE ( 'NONE', #1000, #913 ) ;
#18 = CARTESIAN_POINT ( 'NONE',  ( 14.65000000000000036, 0.0000000000000000000, -1.000000000000000000 ) ) ;
#19 = CARTESIAN_POINT ( 'NONE',  ( -13.65000000000000036, 0.0000000000000000000, 0.0000000000000000000 ) ) ;
#20 = FACE_OUTER_BOUND ( 'NONE', #1159, .T. ) ;
#21 = EDGE_CURVE ( 'NONE', #1166, #404, #75, .T. ) ;
#22 = AXIS2_PLACEMENT_3D ( 'NONE', #3707, #2227, #2301 ) ;
#23 = EDGE_LOOP ( 'NONE', ( #883, #2877, #3268, #1974 ) ) ;
#24 = FACE_OUTER_BOUND ( 'NONE', #2143, .T. ) ;
#25 = CARTESIAN_POINT ( 'NONE',  ( 13.65000000000000036, 5.755336383148374146, 2.562440851377567608 ) ) ;
#26 = VECTOR ( 'NONE', #3209, 1000.000000000000000 ) ;
#27 = DIRECTION ( 'NONE',  ( 0.0000000000000000000, -0.5446390350150256410, -0.8386705679454250495 ) ) ;
#28 = CARTESIAN_POINT ( 'NONE',  ( -13.65000000000000036, 0.0000000000000000000, 0.0000000000000000000 ) ) ;
#29 = ORIENTED_EDGE ( 'NONE', *, *, #2229, .F. ) ;
#30 = ORIENTED_EDGE ( 'NONE', *, *, #2356, .T. ) ;
#31 = EDGE_CURVE ( 'NONE', #3281, #3577, #2865, .T. ) ;
#32 = ORIENTED_EDGE ( 'NONE', *, *, #1672, .F. ) ;
#33 = VERTEX_POINT ( 'NONE', #290 ) ;
#34 = VERTEX_POINT ( 'NONE', #2291 ) ;
#35 = B_SPLINE_CURVE_WITH_KNOTS ( 'NONE', 3,
 ( #2895, #866, #74, #55 ),
 .UNSPECIFIED., .F., .F.,
 ( 4, 4 ),
 ( 0.0000000000000000000, 1.000000000000000000 ),
 .UNSPECIFIED. ) ;
#36 = DIRECTION ( 'NONE',  ( 0.0000000000000000000, -0.0000000000000000000, -1.000000000000000000 ) ) ;
#37 = ORIENTED_EDGE ( 'NONE', *, *, #2551, .T. ) ;
#38 = EDGE_CURVE ( 'NONE', #2909, #1096, #394, .T. ) ;
#39 = ORIENTED_EDGE ( 'NONE', *, *, #3642, .F. ) ;
#40 = DIRECTION ( 'NONE',  ( 0.0000000000000000000, -0.6156614753256594019, -0.7880107536067211260 ) ) ;
#41 = CARTESIAN_POINT ( 'NONE',  ( 13.65000000000000036, 0.9855371297534121222, 6.222436545749373771 ) ) ;
#42 = ADVANCED_FACE ( 'NONE', ( #1834 ), #2284, .T. ) ;
#43 = EDGE_LOOP ( 'NONE', ( #3062, #555, #1220, #3671 ) ) ;
#44 = EDGE_LOOP ( 'NONE', ( #2157, #1349, #3361, #2558, #3273, #622, #2789, #3413, #2595, #2111, #2069, #2951, #2644, #2818, #1727, #3633, #3363, #2678, #898, #1627, #2782, #1299, #2640, #239, #1266, #2421, #3314, #2058, #1932, #2831, #1970, #826, #2242, #233, #1082, #1311, #2784, #267, #707, #568, #3225, #3322, #1125, #1656, #1756, #3188, #2373, #1739, #1263, #1789, #1790, #2915, #3326, #854, #1359, #1664, #1453, #895, #2603, #2523 ) ) ;
#45 = EDGE_CURVE ( 'NONE', #3120, #2648, #3523, .T. ) ;
#46 = AXIS2_PLACEMENT_3D ( 'NONE', #945, #1827, #3231 ) ;
#47 = LINE ( 'NONE', #3416, #1707 ) ;
#48 = DIRECTION ( 'NONE',  ( 0.0000000000000000000, 0.0000000000000000000, 1.000000000000000000 ) ) ;
#49 = APPLICATION_CONTEXT ( 'configuration controlled 3d designs of mechanical parts and assemblies' ) ;
#50 = LINE ( 'NONE', #282, #3239 ) ;
#51 = DIRECTION ( 'NONE',  ( 0.0000000000000000000, -0.7880107536067214591, -0.6156614753256590689 ) ) ;
#52 = DIRECTION ( 'NONE',  ( 1.000000000000000000, -0.0000000000000000000, -0.0000000000000000000 ) ) ;
#53 = DIRECTION ( 'NONE',  ( 0.0000000000000000000, 0.3255681544571570329, -0.9455185755993167351 ) ) ;
#54 = CIRCLE ( 'NONE', #1474, 2.000000000000003109 ) ;
#55 = CARTESIAN_POINT ( 'NONE',  ( 16.64999999999999858, 3.499999999999999112, -1.050000000000000488 ) ) ;
#56 = EDGE_LOOP ( 'NONE', ( #941, #1222 ) ) ;
#57 = CALENDAR_DATE ( 2018, 16, 11 ) ;
#58 = CIRCLE ( 'NONE', #3591, 1.599999999999998979 ) ;
#59 = CARTESIAN_POINT ( 'NONE',  ( 14.65000000000000036, -0.9261120742307000775, -0.3930619222011829672 ) ) ;
#60 = CYLINDRICAL_SURFACE ( 'NONE', #2333, 2.000000000000001776 ) ;
#61 = ADVANCED_FACE ( 'NONE', ( #3618 ), #351, .T. ) ;
#62 = VECTOR ( 'NONE', #3494, 1000.000000000000000 ) ;
#63 = CARTESIAN_POINT ( 'NONE',  ( 13.65000000000000036, 0.0000000000000000000, 0.0000000000000000000 ) ) ;
#64 = DIRECTION ( 'NONE',  ( 1.000000000000000000, 0.0000000000000000000, 0.0000000000000000000 ) ) ;
#65 = VECTOR ( 'NONE', #1985, 1000.000000000000000 ) ;
#66 = EDGE_CURVE ( 'NONE', #3505, #274, #1524, .T. ) ;
#67 = CARTESIAN_POINT ( 'NONE',  ( -13.65000000000000036, -1.500000000000000888, 6.299999999999999822 ) ) ;
#68 = CARTESIAN_POINT ( 'NONE',  ( -13.65000000000000036, 6.276026597977995891, 0.5490811793102707838 ) ) ;
#69 = VECTOR ( 'NONE', #1098, 1000.000000000000000 ) ;
#70 = EDGE_LOOP ( 'NONE', ( #1883, #2152, #1352, #3124 ) ) ;
#71 = CARTESIAN_POINT ( 'NONE',  ( -9.150000000000000355, -5.100000000000001421, 8.300000000000002487 ) ) ;
#72 = DIRECTION ( 'NONE',  ( 0.0000000000000000000, 0.0000000000000000000, -1.000000000000000000 ) ) ;
#73 = EDGE_LOOP ( 'NONE', ( #1577, #2465, #376, #855 ) ) ;
#74 = CARTESIAN_POINT ( 'NONE',  ( 15.54223521129946484, 3.499999999999999112, -1.050000000000000488 ) ) ;
#75 = LINE ( 'NONE', #3686, #1347 ) ;
#76 = ADVANCED_FACE ( 'NONE', ( #3704 ), #2554, .F. ) ;
#77 = VERTEX_POINT ( 'NONE', #1143 ) ;
#78 = ORIENTED_EDGE ( 'NONE', *, *, #1659, .T. ) ;
#79 = CARTESIAN_POINT ( 'NONE',  ( -13.65000000000000036, 0.0000000000000000000, 0.0000000000000000000 ) ) ;
#80 = ORIENTED_EDGE ( 'NONE', *, *, #2426, .T. ) ;
#81 = ORIENTED_EDGE ( 'NONE', *, *, #3565, .F. ) ;
#82 = EDGE_CURVE ( 'NONE', #361, #3330, #752, .T. ) ;
#83 = DIRECTION ( 'NONE',  ( -1.000000000000000000, 0.0000000000000000000, 0.0000000000000000000 ) ) ;
#84 = CARTESIAN_POINT ( 'NONE',  ( 13.65000000000000036, 4.371196474812183652, 5.594876350607719040 ) ) ;
#85 = ORIENTED_EDGE ( 'NONE', *, *, #1202, .T. ) ;
#86 = ORIENTED_EDGE ( 'NONE', *, *, #3195, .T. ) ;
#87 = DIRECTION ( 'NONE',  ( -0.0000000000000000000, -2.710505431213763057E-16, 1.000000000000000000 ) ) ;
#88 = EDGE_CURVE ( 'NONE', #3043, #3405, #2775, .T. ) ;
#90 = ORIENTED_EDGE ( 'NONE', *, *, #564, .F. ) ;
#89 = AXIS2_PLACEMENT_3D ( 'NONE', #2664, #2355, #3501 ) ;
#91 = CARTESIAN_POINT ( 'NONE',  ( -15.75776478870053232, -1.014055973780547903, -0.09991559036835637175 ) ) ;
#92 = ORIENTED_EDGE ( 'NONE', *, *, #2314, .T. ) ;
#93 = VECTOR ( 'NONE', #3302, 1000.000000000000000 ) ;
#94 = CARTESIAN_POINT ( 'NONE',  ( 13.64999999999999858, -5.100000000000001421, -14.00000000000000000 ) ) ;
#95 = AXIS2_PLACEMENT_3D ( 'NONE', #1957, #1971, #2274 ) ;
#96 = LINE ( 'NONE', #2849, #683 ) ;
#97 = ADVANCED_FACE ( 'NONE', ( #1251 ), #2846, .F. ) ;
#98 = VECTOR ( 'NONE', #1833, 1000.000000000000000 ) ;
#99 = DIRECTION ( 'NONE',  ( 0.0000000000000000000, 0.6156614753256589578, -0.7880107536067213481 ) ) ;
#100 = DIRECTION ( 'NONE',  ( 1.000000000000000000, 0.0000000000000000000, -0.0000000000000000000 ) ) ;
#101 = VERTEX_POINT ( 'NONE', #2385 ) ;
#102 = DIRECTION ( 'NONE',  ( -0.0000000000000000000, -0.0000000000000000000, -1.000000000000000000 ) ) ;
#103 = VECTOR ( 'NONE', #3388, 1000.000000000000114 ) ;
#104 = CARTESIAN_POINT ( 'NONE',  ( 13.65000000000000036, -7.700000000000001066, -7.099999999999998757 ) ) ;
#105 = LINE ( 'NONE', #2922, #520 ) ;
#106 = VECTOR ( 'NONE', #2614, 1000.000000000000000 ) ;
#107 = EDGE_CURVE ( 'NONE', #1439, #2235, #1919, .T. ) ;
#108 = CARTESIAN_POINT ( 'NONE',  ( 15.74923322792006530, -2.625000000000000444, -1.050000000000000044 ) ) ;
#109 = CARTESIAN_POINT ( 'NONE',  ( -15.55076677207996383, 0.8286402927889496839, 0.5877750263423316968 ) ) ;
#110 = CARTESIAN_POINT ( 'NONE',  ( -3.650000000000000355, -5.100000000000001421, 7.099999999999999645 ) ) ;
#111 = CIRCLE ( 'NONE', #2, 6.299999999999999822 ) ;
#112 = EDGE_CURVE ( 'NONE', #1482, #717, #1444, .T. ) ;
#113 = AXIS2_PLACEMENT_3D ( 'NONE', #583, #3432, #3700 ) ;
#114 = DIRECTION ( 'NONE',  ( -0.0000000000000000000, 1.000000000000000000, -0.0000000000000000000 ) ) ;
#115 = LINE ( 'NONE', #2251, #3087 ) ;
#116 = CARTESIAN_POINT ( 'NONE',  ( -16.64999999999999858, -3.500000000000000888, -1.050000000000000044 ) ) ;
#117 = ADVANCED_FACE ( 'NONE', ( #272 ), #3240, .T. ) ;
#118 = EDGE_CURVE ( 'NONE', #944, #1532, #2190, .T. ) ;
#119 = EDGE_LOOP ( 'NONE', ( #2246, #2608, #3664, #1782, #2732, #1884 ) ) ;
#120 = AXIS2_PLACEMENT_3D ( 'NONE', #312, #2632, #2072 ) ;
#121 = DIRECTION ( 'NONE',  ( 0.0000000000000000000, 0.0000000000000000000, 1.000000000000000000 ) ) ;
#122 = DIRECTION ( 'NONE',  ( 0.0000000000000000000, 0.7313537016191672402, 0.6819983600625020292 ) ) ;
#123 = CARTESIAN_POINT ( 'NONE',  ( 16.64999999999999858, 3.208333333333332149, 1.049999999999999378 ) ) ;
#124 = ORIENTED_EDGE ( 'NONE', *, *, #1637, .F. ) ;
#125 = ORIENTED_EDGE ( 'NONE', *, *, #2455, .F. ) ;
#126 = EDGE_LOOP ( 'NONE', ( #3410, #1175, #1064, #666 ) ) ;
#127 = CARTESIAN_POINT ( 'NONE',  ( -11.65000000000000036, 0.0000000000000000000, -1.000000000000000000 ) ) ;
#128 = ORIENTED_EDGE ( 'NONE', *, *, #1519, .F. ) ;
#129 = DIRECTION ( 'NONE',  ( 0.0000000000000000000, -1.000000000000000000, 1.445602896647339163E-16 ) ) ;
#130 = VERTEX_POINT ( 'NONE', #2682 ) ;
#131 = DIRECTION ( 'NONE',  ( 0.0000000000000000000, 0.0000000000000000000, -1.000000000000000000 ) ) ;
#132 = EDGE_LOOP ( 'NONE', ( #2963, #3358, #1794, #2418 ) ) ;
#133 = EDGE_LOOP ( 'NONE', ( #1576, #277 ) ) ;
#134 = ORIENTED_EDGE ( 'NONE', *, *, #2356, .F. ) ;
#135 = CARTESIAN_POINT ( 'NONE',  ( -16.64999999999999858, 3.208333333333332149, 1.049999999999999378 ) ) ;
#136 = ORIENTED_EDGE ( 'NONE', *, *, #3219, .F. ) ;
#137 = ORIENTED_EDGE ( 'NONE', *, *, #924, .T. ) ;
#138 = AXIS2_PLACEMENT_3D ( 'NONE', #1821, #3563, #1861 ) ;
#139 = PLANE ( 'NONE',  #1278 ) ;
#140 = ADVANCED_FACE ( 'NONE', ( #492 ), #1027, .T. ) ;
#141 = CIRCLE ( 'NONE', #2137, 4.599999999999999645 ) ;
#142 = PLANE ( 'NONE',  #1904 ) ;
#143 = DIRECTION ( 'NONE',  ( -1.000000000000000000, 0.0000000000000000000, 0.0000000000000000000 ) ) ;
#144 = EDGE_CURVE ( 'NONE', #3120, #994, #1784, .T. ) ;
#145 = AXIS2_PLACEMENT_3D ( 'NONE', #853, #2861, #3701 ) ;
#146 = DIRECTION ( 'NONE',  ( 0.0000000000000000000, 0.0000000000000000000, -1.000000000000000000 ) ) ;
#147 = VECTOR ( 'NONE', #3312, 1000.000000000000000 ) ;
#148 = VECTOR ( 'NONE', #2504, 1000.000000000000000 ) ;
#149 = CARTESIAN_POINT ( 'NONE',  ( -15.93093873793309179, -1.458333333333334370, 1.050000000000001377 ) ) ;
#150 = CC_DESIGN_DATE_AND_TIME_ASSIGNMENT ( #425, #3694, ( #2537 ) ) ;
#151 = ORIENTED_EDGE ( 'NONE', *, *, #1941, .F. ) ;
#152 = COORDINATED_UNIVERSAL_TIME_OFFSET ( 0, 0, .AHEAD. ) ;
#153 = CARTESIAN_POINT ( 'NONE',  ( 13.65000000000000036, -7.700000000000001066, -7.099999999999998757 ) ) ;
#154 = VECTOR ( 'NONE', #1591, 1000.000000000000000 ) ;
#155 = ORIENTED_EDGE ( 'NONE', *, *, #810, .T. ) ;
#156 = LINE ( 'NONE', #1409, #1010 ) ;
#157 = CARTESIAN_POINT ( 'NONE',  ( -13.65000000000000036, 0.0000000000000000000, 4.599999999999999645 ) ) ;
#158 = CARTESIAN_POINT ( 'NONE',  ( 15.54223521129946484, -3.500000000000000888, -1.050000000000000044 ) ) ;
#159 = FACE_OUTER_BOUND ( 'NONE', #23, .T. ) ;
#160 = ADVANCED_FACE ( 'NONE', ( #1069 ), #1728, .F. ) ;
#161 = EDGE_CURVE ( 'NONE', #3236, #584, #931, .T. ) ;
#162 = CARTESIAN_POINT ( 'NONE',  ( 13.65000000000000036, 3.333248095779787423, -6.268927909298401602 ) ) ;
#163 = CARTESIAN_POINT ( 'NONE',  ( -15.75776478870052877, 0.9578262852211514300, 0.2873478855663453846 ) ) ;
#164 = VECTOR ( 'NONE', #1625, 1000.000000000000000 ) ;
#165 = CARTESIAN_POINT ( 'NONE',  ( 14.64999999999997549, -0.5357214042269845544, 0.8912940264597080109 ) ) ;
#166 = LINE ( 'NONE', #1239, #439 ) ;
#167 = EDGE_CURVE ( 'NONE', #548, #2875, #173, .T. ) ;
#168 = AXIS2_PLACEMENT_3D ( 'NONE', #415, #3286, #708 ) ;
#169 = DIRECTION ( 'NONE',  ( 0.0000000000000000000, 0.0000000000000000000, -1.000000000000000000 ) ) ;
#170 = DIRECTION ( 'NONE',  ( -0.0000000000000000000, -2.710505431213763057E-16, 1.000000000000000000 ) ) ;
#171 = DIRECTION ( 'NONE',  ( 1.000000000000000000, -0.0000000000000000000, 0.0000000000000000000 ) ) ;
#172 = AXIS2_PLACEMENT_3D ( 'NONE', #1935, #3365, #240 ) ;
#173 = LINE ( 'NONE', #1824, #2347 ) ;
#174 = ORIENTED_EDGE ( 'NONE', *, *, #1403, .T. ) ;
#175 = ORIENTED_EDGE ( 'NONE', *, *, #3689, .T. ) ;
#176 = ADVANCED_FACE ( 'NONE', ( #1550 ), #2656, .T. ) ;
#177 = ORIENTED_EDGE ( 'NONE', *, *, #617, .F. ) ;
#178 = ORIENTED_EDGE ( 'NONE', *, *, #2298, .F. ) ;
#179 = DIRECTION ( 'NONE',  ( 1.000000000000000000, -0.0000000000000000000, -0.0000000000000000000 ) ) ;
#180 = CARTESIAN_POINT ( 'NONE',  ( -13.65000000000000036, -1.836970198721029688E-16, 6.299999999999998934 ) ) ;
#181 = VERTEX_POINT ( 'NONE', #1237 ) ;
#182 = CARTESIAN_POINT ( 'NONE',  ( 15.54223521129946484, -3.500000000000000888, -0.3499999999999998113 ) ) ;
#183 = VERTEX_POINT ( 'NONE', #2094 ) ;
#184 = EDGE_CURVE ( 'NONE', #2240, #3575, #105, .T. ) ;
#185 = CARTESIAN_POINT ( 'NONE',  ( 11.65000000000000036, 0.0000000000000000000, 0.0000000000000000000 ) ) ;
#186 = ORIENTED_EDGE ( 'NONE', *, *, #1377, .F. ) ;
#187 = ORIENTED_EDGE ( 'NONE', *, *, #3238, .T. ) ;
#188 = CARTESIAN_POINT ( 'NONE',  ( -13.65000000000000036, 6.112863075538782276, 1.524107942277888927 ) ) ;
#189 = CYLINDRICAL_SURFACE ( 'NONE', #1135, 1.500000000000001332 ) ;
#190 = CARTESIAN_POINT ( 'NONE',  ( -21.50000000000000000, 0.0000000000000000000, -1.050000000000000488 ) ) ;
#191 = CARTESIAN_POINT ( 'NONE',  ( -13.65000000000000036, -2.700000000000001066, 7.099999999999999645 ) ) ;
#192 = LINE ( 'NONE', #2424, #2387 ) ;
#193 = DIRECTION ( 'NONE',  ( 0.0000000000000000000, 1.126443815569355400E-16, -1.000000000000000000 ) ) ;
#194 = CARTESIAN_POINT ( 'NONE',  ( -25.50000000000000000, -2.000000000000000444, -1.050000000000000044 ) ) ;
#195 = EDGE_CURVE ( 'NONE', #1582, #3708, #2889, .T. ) ;
#196 = AXIS2_PLACEMENT_3D ( 'NONE', #1090, #2817, #3394 ) ;
#197 = CARTESIAN_POINT ( 'NONE',  ( 13.65000000000000036, 0.0000000000000000000, 0.0000000000000000000 ) ) ;
#198 = CYLINDRICAL_SURFACE ( 'NONE', #1104, 1.500000000000001332 ) ;
#199 = ADVANCED_FACE ( 'NONE', ( #3467 ), #2399, .F. ) ;
#200 = DIRECTION ( 'NONE',  ( 0.0000000000000000000, 0.0000000000000000000, -1.000000000000000000 ) ) ;
#201 = VERTEX_POINT ( 'NONE', #392 ) ;
#202 = ORGANIZATION ( 'UNSPECIFIED', 'UNSPECIFIED', '' ) ;
#203 = CARTESIAN_POINT ( 'NONE',  ( -25.50000000000000000, -2.000000000000000888, 0.0000000000000000000 ) ) ;
#204 = FACE_OUTER_BOUND ( 'NONE', #814, .T. ) ;
#205 = FACE_OUTER_BOUND ( 'NONE', #2292, .T. ) ;
#206 = DIRECTION ( 'NONE',  ( 0.0000000000000000000, 0.9135454576425984241, -0.4067366430758054818 ) ) ;
#207 = CARTESIAN_POINT ( 'NONE',  ( -32.80821455623738814, -3.500000000000000888, -1.050000000000000044 ) ) ;
#208 = VECTOR ( 'NONE', #468, 1000.000000000000000 ) ;
#209 = CARTESIAN_POINT ( 'NONE',  ( -13.65000000000000036, 0.0000000000000000000, 0.0000000000000000000 ) ) ;
#210 = DIRECTION ( 'NONE',  ( -0.0000000000000000000, 1.000000000000000000, 0.0000000000000000000 ) ) ;
#211 = CARTESIAN_POINT ( 'NONE',  ( -13.65000000000000036, 5.755336383148374146, -2.562440851377567164 ) ) ;
#212 = VECTOR ( 'NONE', #333, 1000.000000000000000 ) ;
#213 = CARTESIAN_POINT ( 'NONE',  ( 13.65000000000000036, 0.9855371297534121222, 6.222436545749373771 ) ) ;
#214 = DIRECTION ( 'NONE',  ( 0.0000000000000000000, 0.0000000000000000000, 1.000000000000000000 ) ) ;
#215 = EDGE_CURVE ( 'NONE', #3324, #2367, #334, .T. ) ;
#216 = DIRECTION ( 'NONE',  ( 0.0000000000000000000, 0.0000000000000000000, -1.000000000000000000 ) ) ;
#217 = DIRECTION ( 'NONE',  ( -1.000000000000000000, -0.0000000000000000000, -0.0000000000000000000 ) ) ;
#218 = ORIENTED_EDGE ( 'NONE', *, *, #2155, .F. ) ;
#219 = DIRECTION ( 'NONE',  ( -1.000000000000000000, -0.0000000000000000000, -0.0000000000000000000 ) ) ;
#220 = EDGE_CURVE ( 'NONE', #2875, #2658, #2394, .T. ) ;
#221 = ORIENTED_EDGE ( 'NONE', *, *, #1403, .F. ) ;
#222 = AXIS2_PLACEMENT_3D ( 'NONE', #3208, #2924, #1554 ) ;
#223 = CARTESIAN_POINT ( 'NONE',  ( -13.65000000000000036, -2.699999999999999289, -6.300000000000001599 ) ) ;
#224 = ORIENTED_EDGE ( 'NONE', *, *, #1158, .F. ) ;
#225 = CARTESIAN_POINT ( 'NONE',  ( -23.99999999999999645, -2.000000000000000888, -1.050000000000000044 ) ) ;
#226 = VERTEX_POINT ( 'NONE', #2135 ) ;
#227 = DIRECTION ( 'NONE',  ( 0.0000000000000000000, -1.000000000000000000, 0.0000000000000000000 ) ) ;
#228 = ORIENTED_EDGE ( 'NONE', *, *, #3315, .T. ) ;
#229 = PLANE ( 'NONE',  #2163 ) ;
#230 = ORIENTED_EDGE ( 'NONE', *, *, #1479, .T. ) ;
#231 = ORIENTED_EDGE ( 'NONE', *, *, #3009, .T. ) ;
#232 = CARTESIAN_POINT ( 'NONE',  ( 16.64999999999999858, 3.499999999999999112, 1.049999999999999378 ) ) ;
#233 = ORIENTED_EDGE ( 'NONE', *, *, #3219, .T. ) ;
#234 = ORIENTED_EDGE ( 'NONE', *, *, #243, .T. ) ;
#235 = ORIENTED_EDGE ( 'NONE', *, *, #3241, .T. ) ;
#236 = DIRECTION ( 'NONE',  ( 1.000000000000000000, 0.0000000000000000000, 0.0000000000000000000 ) ) ;
#237 = ORIENTED_EDGE ( 'NONE', *, *, #2478, .T. ) ;
#238 = CARTESIAN_POINT ( 'NONE',  ( 3.650000000000000355, -5.100000000000001421, -7.099999999999999645 ) ) ;
#239 = ORIENTED_EDGE ( 'NONE', *, *, #1921, .T. ) ;
#240 = DIRECTION ( 'NONE',  ( 0.0000000000000000000, -0.0000000000000000000, -1.000000000000000000 ) ) ;
#241 = DIRECTION ( 'NONE',  ( -1.000000000000000000, 0.0000000000000000000, 0.0000000000000000000 ) ) ;
#242 = VECTOR ( 'NONE', #2768, 1000.000000000000000 ) ;
#243 = EDGE_CURVE ( 'NONE', #2687, #413, #2125, .T. ) ;
#244 = CARTESIAN_POINT ( 'NONE',  ( 3.650000000000001243, -7.700000000000001066, -14.00000000000000000 ) ) ;
#245 = DIRECTION ( 'NONE',  ( 0.0000000000000000000, 0.4694715627858859208, 0.8829475928589295419 ) ) ;
#246 = DIRECTION ( 'NONE',  ( 0.0000000000000000000, -0.9135454576425990902, 0.4067366430758043161 ) ) ;
#247 = VECTOR ( 'NONE', #1880, 1000.000000000000000 ) ;
#248 = DIRECTION ( 'NONE',  ( 0.0000000000000000000, 0.0000000000000000000, 1.000000000000000000 ) ) ;
#249 = EDGE_CURVE ( 'NONE', #1582, #3005, #2264, .T. ) ;
#250 = AXIS2_PLACEMENT_3D ( 'NONE', #762, #2820, #1942 ) ;
#251 = CARTESIAN_POINT ( 'NONE',  ( 16.64999999999999858, 3.499999999999999112, -1.050000000000000488 ) ) ;
#252 = LINE ( 'NONE', #393, #2654 ) ;
#253 = VERTEX_POINT ( 'NONE', #1616 ) ;
#254 = FACE_OUTER_BOUND ( 'NONE', #270, .T. ) ;
#255 = CARTESIAN_POINT ( 'NONE',  ( -13.65000000000000036, 1.110684701785593198, 7.012587218225485586 ) ) ;
#256 = EDGE_CURVE ( 'NONE', #1532, #944, #1283, .T. ) ;
#257 = AXIS2_PLACEMENT_3D ( 'NONE', #1227, #1214, #2384 ) ;
#258 = FACE_BOUND ( 'NONE', #1929, .T. ) ;
#259 = DIRECTION ( 'NONE',  ( 0.0000000000000000000, 0.0000000000000000000, -1.000000000000000000 ) ) ;
#260 = DIRECTION ( 'NONE',  ( -0.0000000000000000000, -0.0000000000000000000, 1.000000000000000000 ) ) ;
#261 = CARTESIAN_POINT ( 'NONE',  ( 13.65000000000000036, 0.0000000000000000000, 0.0000000000000000000 ) ) ;
#262 = CARTESIAN_POINT ( 'NONE',  ( 16.64999999999999858, 3.499999999999999112, -1.050000000000000488 ) ) ;
#263 = LINE ( 'NONE', #1106, #3696 ) ;
#264 = PERSON_AND_ORGANIZATION_ROLE ( 'design_owner' ) ;
#265 = EDGE_CURVE ( 'NONE', #3155, #2937, #1594, .T. ) ;
#266 = VECTOR ( 'NONE', #962, 999.9999999999998863 ) ;
#267 = ORIENTED_EDGE ( 'NONE', *, *, #2751, .T. ) ;
#268 = AXIS2_PLACEMENT_3D ( 'NONE', #3369, #1647, #2223 ) ;
#269 = DIRECTION ( 'NONE',  ( -0.0000000000000000000, -0.0000000000000000000, 1.000000000000000000 ) ) ;
#270 = EDGE_LOOP ( 'NONE', ( #2171, #1041, #3713, #3279 ) ) ;
#271 = CARTESIAN_POINT ( 'NONE',  ( 15.28206846113489092, -0.0001038342415711100350, -1.073273640095047332 ) ) ;
#272 = FACE_OUTER_BOUND ( 'NONE', #2382, .T. ) ;
#273 = ORIENTED_EDGE ( 'NONE', *, *, #2185, .T. ) ;
#274 = VERTEX_POINT ( 'NONE', #2695 ) ;
#275 = APPROVAL_ROLE ( '' ) ;
#276 = VERTEX_POINT ( 'NONE', #180 ) ;
#277 = ORIENTED_EDGE ( 'NONE', *, *, #2496, .F. ) ;
#278 = ADVANCED_FACE ( 'NONE', ( #2039 ), #3122, .T. ) ;
#279 = ORIENTED_EDGE ( 'NONE', *, *, #408, .F. ) ;
#280 = DIRECTION ( 'NONE',  ( 0.0000000000000000000, 0.0000000000000000000, 1.000000000000000000 ) ) ;
#281 = ORIENTED_EDGE ( 'NONE', *, *, #2525, .F. ) ;
#282 = CARTESIAN_POINT ( 'NONE',  ( 3.650000000000000355, -7.700000000000001066, -7.099999999999999645 ) ) ;
#283 = ORIENTED_EDGE ( 'NONE', *, *, #1858, .F. ) ;
#284 = DIRECTION ( 'NONE',  ( 1.000000000000000000, 0.0000000000000000000, 0.0000000000000000000 ) ) ;
#285 = EDGE_LOOP ( 'NONE', ( #352, #2390, #3374, #1319 ) ) ;
#286 = VECTOR ( 'NONE', #2228, 1000.000000000000000 ) ;
#288 = EDGE_CURVE ( 'NONE', #1161, #34, #2217, .T. ) ;
#287 = FACE_OUTER_BOUND ( 'NONE', #3497, .T. ) ;
#289 = B_SPLINE_CURVE_WITH_KNOTS ( 'NONE', 3,
 ( #1477, #2075, #2926, #1050 ),
 .UNSPECIFIED., .F., .F.,
 ( 4, 4 ),
 ( 0.0000000000000000000, 1.000000000000000000 ),
 .UNSPECIFIED. ) ;
#290 = CARTESIAN_POINT ( 'NONE',  ( 13.65000000000000036, 5.954561032412520660, 3.866937148606677699 ) ) ;
#291 = DIRECTION ( 'NONE',  ( 0.0000000000000000000, 1.000000000000000000, -1.126443815569355400E-16 ) ) ;
#292 = LINE ( 'NONE', #2079, #3163 ) ;
#293 = AXIS2_PLACEMENT_3D ( 'NONE', #2404, #3255, #1788 ) ;
#294 = CARTESIAN_POINT ( 'NONE',  ( 15.68876725226569668, 0.9261120742306999665, -0.3930619222011833003 ) ) ;
#295 = FACE_BOUND ( 'NONE', #133, .T. ) ;
#296 = CIRCLE ( 'NONE', #2236, 7.099999999999999645 ) ;
#297 =( GEOMETRIC_REPRESENTATION_CONTEXT ( 3 ) GLOBAL_UNCERTAINTY_ASSIGNED_CONTEXT ( ( #2945 ) ) GLOBAL_UNIT_ASSIGNED_CONTEXT ( ( #1698, #2334, #569 ) ) REPRESENTATION_CONTEXT ( 'NONE', 'WORKASPACE' ) );
#298 = CYLINDRICAL_SURFACE ( 'NONE', #2377, 7.099999999999999645 ) ;
#299 = DIRECTION ( 'NONE',  ( 0.0000000000000000000, -0.9455185755993167351, -0.3255681544571570329 ) ) ;
#300 = CARTESIAN_POINT ( 'NONE',  ( -21.50000000000000000, 0.0000000000000000000, -14.00000000000000000 ) ) ;
#301 = LINE ( 'NONE', #1205, #2406 ) ;
#302 = DIRECTION ( 'NONE',  ( 1.000000000000000000, -0.0000000000000000000, -0.0000000000000000000 ) ) ;
#303 = EDGE_CURVE ( 'NONE', #1028, #1128, #17, .T. ) ;
#304 = ORIENTED_EDGE ( 'NONE', *, *, #2150, .F. ) ;
#305 = CARTESIAN_POINT ( 'NONE',  ( 13.65000000000000036, 6.276026597977995891, 0.5490811793102707838 ) ) ;
#306 = EDGE_LOOP ( 'NONE', ( #1966, #2286 ) ) ;
#307 = ORIENTED_EDGE ( 'NONE', *, *, #118, .T. ) ;
#308 = EDGE_CURVE ( 'NONE', #1188, #2565, #825, .T. ) ;
#309 = ORIENTED_EDGE ( 'NONE', *, *, #256, .F. ) ;
#310 = AXIS2_PLACEMENT_3D ( 'NONE', #3428, #3710, #2050 ) ;
#311 = CARTESIAN_POINT ( 'NONE',  ( -13.65000000000000036, -1.499999999999999334, -6.299999999999999822 ) ) ;
#312 = CARTESIAN_POINT ( 'NONE',  ( -13.65000000000000036, -1.500000000000000888, 6.299999999999999822 ) ) ;
#313 = ORIENTED_EDGE ( 'NONE', *, *, #513, .T. ) ;
#314 = ORIENTED_EDGE ( 'NONE', *, *, #556, .F. ) ;
#315 = ORIENTED_EDGE ( 'NONE', *, *, #757, .F. ) ;
#316 = EDGE_CURVE ( 'NONE', #1893, #1569, #3552, .T. ) ;
#318 = ORIENTED_EDGE ( 'NONE', *, *, #1607, .T. ) ;
#317 = AXIS2_PLACEMENT_3D ( 'NONE', #598, #2916, #2105 ) ;
#319 = ORIENTED_EDGE ( 'NONE', *, *, #195, .F. ) ;
#320 = DIRECTION ( 'NONE',  ( 0.0000000000000000000, 0.0000000000000000000, 1.000000000000000000 ) ) ;
#321 = CARTESIAN_POINT ( 'NONE',  ( 13.65000000000000036, 2.311533896645817876, 6.713181886755148042 ) ) ;
#322 = EDGE_LOOP ( 'NONE', ( #1887, #1882 ) ) ;
#323 = VERTEX_POINT ( 'NONE', #2184 ) ;
#324 = CARTESIAN_POINT ( 'NONE',  ( 13.65000000000000036, 0.0000000000000000000, 0.0000000000000000000 ) ) ;
#325 = CIRCLE ( 'NONE', #222, 1.000000000000000000 ) ;
#326 = DIRECTION ( 'NONE',  ( 1.000000000000000000, 0.0000000000000000000, 0.0000000000000000000 ) ) ;
#327 = CARTESIAN_POINT ( 'NONE',  ( -13.65000000000000036, 5.954561032412518884, -3.866937148606680363 ) ) ;
#328 = LINE ( 'NONE', #3301, #147 ) ;
#329 = FACE_OUTER_BOUND ( 'NONE', #1078, .T. ) ;
#330 = APPLICATION_PROTOCOL_DEFINITION ( 'international standard', 'config_control_design', 1994, #3471 ) ;
#331 = ADVANCED_FACE ( 'NONE', ( #204 ), #3583, .F. ) ;
#332 = ORIENTED_EDGE ( 'NONE', *, *, #38, .F. ) ;
#333 = DIRECTION ( 'NONE',  ( 1.000000000000000000, -0.0000000000000000000, 0.0000000000000000000 ) ) ;
#334 = CIRCLE ( 'NONE', #952, 1.000000000000000000 ) ;
#335 = CARTESIAN_POINT ( 'NONE',  ( -11.65000000000000036, 0.0000000000000000000, 4.599999999999999645 ) ) ;
#336 = DIRECTION ( 'NONE',  ( 1.000000000000000000, 0.0000000000000000000, 0.0000000000000000000 ) ) ;
#337 = CIRCLE ( 'NONE', #727, 1.000000000000000000 ) ;
#338 = EDGE_CURVE ( 'NONE', #2327, #1315, #3027, .T. ) ;
#339 = CIRCLE ( 'NONE', #3085, 1.000000000000000000 ) ;
#340 = CARTESIAN_POINT ( 'NONE',  ( -14.65000000000000036, -0.9261120742307000775, 0.3930619222011826897 ) ) ;
#341 = LINE ( 'NONE', #238, #576 ) ;
#342 = PLANE ( 'NONE',  #3135 ) ;
#343 = LINE ( 'NONE', #563, #2547 ) ;
#344 = CARTESIAN_POINT ( 'NONE',  ( -9.150000000000000355, -5.100000000000001421, 8.300000000000002487 ) ) ;
#345 = CARTESIAN_POINT ( 'NONE',  ( 13.65000000000000036, 0.0000000000000000000, 0.0000000000000000000 ) ) ;
#346 = CARTESIAN_POINT ( 'NONE',  ( 13.65000000000000036, 5.755336383148374146, 2.562440851377567608 ) ) ;
#347 = ADVANCED_FACE ( 'NONE', ( #295, #1504 ), #2159, .F. ) ;
#348 = VERTEX_POINT ( 'NONE', #718 ) ;
#349 = PLANE ( 'NONE',  #3691 ) ;
#350 = EDGE_CURVE ( 'NONE', #1712, #1168, #733, .T. ) ;
#351 = CYLINDRICAL_SURFACE ( 'NONE', #1769, 4.599999999999999645 ) ;
#352 = ORIENTED_EDGE ( 'NONE', *, *, #3267, .F. ) ;
#353 = EDGE_LOOP ( 'NONE', ( #2562, #3456, #3586, #3620 ) ) ;
#354 = B_SPLINE_CURVE_WITH_KNOTS ( 'NONE', 3,
 ( #1878, #746, #1342, #3068 ),
 .UNSPECIFIED., .F., .F.,
 ( 4, 4 ),
 ( 0.0000000000000000000, 1.000000000000000000 ),
 .UNSPECIFIED. ) ;
#355 = ORIENTED_EDGE ( 'NONE', *, *, #386, .T. ) ;
#356 = EDGE_CURVE ( 'NONE', #766, #3281, #2983, .T. ) ;
#357 = ORIENTED_EDGE ( 'NONE', *, *, #2361, .F. ) ;
#358 = AXIS2_PLACEMENT_3D ( 'NONE', #1429, #1721, #1689 ) ;
#359 = CARTESIAN_POINT ( 'NONE',  ( -13.65000000000000036, 1.110684701785592310, -7.012587218225485586 ) ) ;
#360 = DIRECTION ( 'NONE',  ( 0.0000000000000000000, 0.0000000000000000000, -1.000000000000000000 ) ) ;
#361 = VERTEX_POINT ( 'NONE', #2801 ) ;
#362 = VERTEX_POINT ( 'NONE', #753 ) ;
#363 = DIRECTION ( 'NONE',  ( 0.0000000000000000000, 0.0000000000000000000, 1.000000000000000000 ) ) ;
#364 = EDGE_LOOP ( 'NONE', ( #3229, #3109, #3007, #1039 ) ) ;
#365 = ORIENTED_EDGE ( 'NONE', *, *, #2876, .T. ) ;
#366 = DIRECTION ( 'NONE',  ( -1.000000000000000000, 0.0000000000000000000, 0.0000000000000000000 ) ) ;
#367 = ADVANCED_FACE ( 'NONE', ( #608 ), #1936, .T. ) ;
#368 = LINE ( 'NONE', #203, #286 ) ;
#369 = DIRECTION ( 'NONE',  ( 1.000000000000000000, 0.0000000000000000000, -0.0000000000000000000 ) ) ;
#370 = CARTESIAN_POINT ( 'NONE',  ( -16.64999999999999858, -3.500000000000000888, 0.3500000000000002554 ) ) ;
#371 = LINE ( 'NONE', #827, #2882 ) ;
#372 = DATE_AND_TIME ( #1687, #1329 ) ;
#374 = EDGE_CURVE ( 'NONE', #3575, #1128, #1379, .T. ) ;
#373 = VECTOR ( 'NONE', #170, 1000.000000000000000 ) ;
#375 = CARTESIAN_POINT ( 'NONE',  ( 15.55076677207995672, -0.8286402927889495729, -0.5877750263423308086 ) ) ;
#376 = ORIENTED_EDGE ( 'NONE', *, *, #3156, .T. ) ;
#377 = CARTESIAN_POINT ( 'NONE',  ( 13.65000000000000036, -4.700000000000000178, -7.099999999999998757 ) ) ;
#378 = AXIS2_PLACEMENT_3D ( 'NONE', #2946, #382, #972 ) ;
#379 = LINE ( 'NONE', #7, #2271 ) ;
#380 = CARTESIAN_POINT ( 'NONE',  ( 13.65000000000000036, -1.836970198721029688E-16, 6.299999999999998934 ) ) ;
#381 = DIRECTION ( 'NONE',  ( 1.000000000000000000, 0.0000000000000000000, -0.0000000000000000000 ) ) ;
#382 = DIRECTION ( 'NONE',  ( 0.0000000000000000000, 0.9876883405951387696, -0.1564344650402247350 ) ) ;
#383 = CARTESIAN_POINT ( 'NONE',  ( -13.64999999999999858, -7.700000000000001066, 14.00000000000000000 ) ) ;
#384 = LINE ( 'NONE', #2649, #2310 ) ;
#385 = ADVANCED_FACE ( 'NONE', ( #1190 ), #3206, .T. ) ;
#386 = EDGE_CURVE ( 'NONE', #101, #1983, #3247, .T. ) ;
#387 = AXIS2_PLACEMENT_3D ( 'NONE', #67, #1764, #1592 ) ;
#388 = FACE_OUTER_BOUND ( 'NONE', #3187, .T. ) ;
#389 = ADVANCED_FACE ( 'NONE', ( #690 ), #1958, .F. ) ;
#390 = PLANE ( 'NONE',  #2186 ) ;
#391 = ORIENTED_EDGE ( 'NONE', *, *, #432, .F. ) ;
#392 = CARTESIAN_POINT ( 'NONE',  ( 13.65000000000000036, -1.836970198721029688E-16, 6.299999999999998934 ) ) ;
#393 = CARTESIAN_POINT ( 'NONE',  ( -13.65000000000000036, 6.112863075538782276, -1.524107942277886929 ) ) ;
#394 = LINE ( 'NONE', #2269, #2096 ) ;
#395 = ORIENTED_EDGE ( 'NONE', *, *, #3517, .T. ) ;
#396 = VERTEX_POINT ( 'NONE', #1920 ) ;
#397 = CARTESIAN_POINT ( 'NONE',  ( 15.61123455017299122, -3.208333333333333925, -1.050000000000000044 ) ) ;
#398 = CARTESIAN_POINT ( 'NONE',  ( -15.54223521129946306, 3.499999999999999112, 1.049999999999999378 ) ) ;
#399 = ORIENTED_EDGE ( 'NONE', *, *, #697, .T. ) ;
#400 = EDGE_LOOP ( 'NONE', ( #3274, #2422, #137, #2630 ) ) ;
#401 = ORIENTED_EDGE ( 'NONE', *, *, #2938, .F. ) ;
#402 = EDGE_CURVE ( 'NONE', #253, #2728, #426, .T. ) ;
#403 = ADVANCED_FACE ( 'NONE', ( #3166 ), #1863, .T. ) ;
#404 = VERTEX_POINT ( 'NONE', #2211 ) ;
#405 = EDGE_LOOP ( 'NONE', ( #1745, #3414, #2593, #1163 ) ) ;
#406 = CARTESIAN_POINT ( 'NONE',  ( -16.64999999999999858, 3.499999999999999112, 1.049999999999999378 ) ) ;
#407 = CARTESIAN_POINT ( 'NONE',  ( -13.65000000000000036, 3.878667294551654265, 4.964467747722343560 ) ) ;
#408 = EDGE_CURVE ( 'NONE', #2658, #2875, #2618, .T. ) ;
#410 = VERTEX_POINT ( 'NONE', #1371 ) ;
#409 = AXIS2_PLACEMENT_3D ( 'NONE', #808, #1937, #3353 ) ;
#411 = CARTESIAN_POINT ( 'NONE',  ( -15.54223521129946484, -3.500000000000000888, -0.3499999999999998113 ) ) ;
#412 = CARTESIAN_POINT ( 'NONE',  ( 13.65000000000000036, 0.0000000000000000000, 0.0000000000000000000 ) ) ;
#413 = VERTEX_POINT ( 'NONE', #194 ) ;
#414 = CIRCLE ( 'NONE', #2530, 6.300000000000000711 ) ;
#415 = CARTESIAN_POINT ( 'NONE',  ( -13.65000000000000036, 0.0000000000000000000, 0.0000000000000000000 ) ) ;
#416 = CARTESIAN_POINT ( 'NONE',  ( -15.74923322792006530, 2.624999999999999112, 1.049999999999999822 ) ) ;
#417 = FACE_OUTER_BOUND ( 'NONE', #711, .T. ) ;
#418 = CARTESIAN_POINT ( 'NONE',  ( -13.65000000000000036, 2.957670845551077843, 5.562569835011258235 ) ) ;
#419 = CARTESIAN_POINT ( 'NONE',  ( 16.64999999999999858, 3.499999999999999112, 1.049999999999999378 ) ) ;
#420 = CARTESIAN_POINT ( 'NONE',  ( -13.65000000000000036, 0.9855371297534137875, -6.222436545749372883 ) ) ;
#421 = EDGE_CURVE ( 'NONE', #276, #201, #3647, .T. ) ;
#422 = CIRCLE ( 'NONE', #3337, 1.000000000000000000 ) ;
#423 = CARTESIAN_POINT ( 'NONE',  ( -13.65000000000000036, -2.700000000000001066, 7.099999999999999645 ) ) ;
#424 = ORIENTED_EDGE ( 'NONE', *, *, #1847, .F. ) ;
#425 = DATE_AND_TIME ( #470, #2346 ) ;
#426 = LINE ( 'NONE', #3380, #3385 ) ;
#427 = ADVANCED_FACE ( 'NONE', ( #2800 ), #781, .T. ) ;
#428 = LINE ( 'NONE', #1729, #3248 ) ;
#429 = EDGE_CURVE ( 'NONE', #1568, #1458, #1645, .T. ) ;
#430 = DIRECTION ( 'NONE',  ( 1.000000000000000000, -0.0000000000000000000, -0.0000000000000000000 ) ) ;
#431 = DIRECTION ( 'NONE',  ( 0.0000000000000000000, 0.8386705679454259377, 0.5446390350150240867 ) ) ;
#432 = EDGE_CURVE ( 'NONE', #804, #2030, #557, .T. ) ;
#433 = AXIS2_PLACEMENT_3D ( 'NONE', #1828, #3510, #1511 ) ;
#434 = DIRECTION ( 'NONE',  ( 0.0000000000000000000, -1.000000000000000000, -1.126443815569355400E-16 ) ) ;
#435 = LINE ( 'NONE', #1463, #616 ) ;
#436 = CARTESIAN_POINT ( 'NONE',  ( -32.80821455623738814, 3.499999999999999112, -1.050000000000000488 ) ) ;
#437 = CARTESIAN_POINT ( 'NONE',  ( 21.50000000000000000, 0.0000000000000000000, -1.050000000000000488 ) ) ;
#438 = EDGE_CURVE ( 'NONE', #1630, #2515, #3299, .T. ) ;
#439 = VECTOR ( 'NONE', #1593, 1000.000000000000000 ) ;
#440 = AXIS2_PLACEMENT_3D ( 'NONE', #1516, #1799, #3216 ) ;
#441 = CARTESIAN_POINT ( 'NONE',  ( -14.65000000000001457, -0.8286028721011570175, 0.5877631916096734965 ) ) ;
#442 = CARTESIAN_POINT ( 'NONE',  ( -13.65000000000000036, 2.051079373080090917, 5.956767026275694654 ) ) ;
#443 = CARTESIAN_POINT ( 'NONE',  ( -13.65000000000000036, 0.0000000000000000000, 0.0000000000000000000 ) ) ;
#444 = ORIENTED_EDGE ( 'NONE', *, *, #2858, .T. ) ;
#445 = ORIENTED_EDGE ( 'NONE', *, *, #1706, .T. ) ;
#446 = DIRECTION ( 'NONE',  ( 0.0000000000000000000, 0.9702957262759971391, -0.2419218955996652043 ) ) ;
#447 = CARTESIAN_POINT ( 'NONE',  ( 14.65000000000000036, -1.014055973780547903, -0.09991559036835637175 ) ) ;
#448 = ORIENTED_EDGE ( 'NONE', *, *, #2083, .F. ) ;
#449 = EDGE_CURVE ( 'NONE', #2503, #856, #1767, .T. ) ;
#450 = ORIENTED_EDGE ( 'NONE', *, *, #3130, .F. ) ;
#451 = DIRECTION ( 'NONE',  ( -0.0000000000000000000, -0.0000000000000000000, -1.000000000000000000 ) ) ;
#452 = ORIENTED_EDGE ( 'NONE', *, *, #2657, .T. ) ;
#453 = CARTESIAN_POINT ( 'NONE',  ( 19.50000000000000000, 3.358555288063680940E-32, 1.049999999999998934 ) ) ;
#454 = CARTESIAN_POINT ( 'NONE',  ( -15.74922782060399129, -2.625000000000000444, 1.050000000000000488 ) ) ;
#455 = CARTESIAN_POINT ( 'NONE',  ( -13.65000000000000036, -1.500000000000000888, 6.299999999999999822 ) ) ;
#456 = ORIENTED_EDGE ( 'NONE', *, *, #16, .T. ) ;
#457 = ORIENTED_EDGE ( 'NONE', *, *, #38, .T. ) ;
#458 = AXIS2_PLACEMENT_3D ( 'NONE', #437, #755, #3622 ) ;
#459 = CARTESIAN_POINT ( 'NONE',  ( 16.65000000000000924, 1.458333333333333481, 1.050000000000000266 ) ) ;
#460 = ADVANCED_FACE ( 'NONE', ( #254 ), #2642, .T. ) ;
#461 = ORIENTED_EDGE ( 'NONE', *, *, #2714, .F. ) ;
#462 = ORIENTED_EDGE ( 'NONE', *, *, #757, .T. ) ;
#463 = DIRECTION ( 'NONE',  ( -1.000000000000000000, 0.0000000000000000000, 0.0000000000000000000 ) ) ;
#464 = EDGE_CURVE ( 'NONE', #548, #2474, #58, .T. ) ;
#465 = AXIS2_PLACEMENT_3D ( 'NONE', #1006, #1297, #3574 ) ;
#466 = CIRCLE ( 'NONE', #310, 6.299999999999999822 ) ;
#467 = ADVANCED_FACE ( 'NONE', ( #1690 ), #1424, .T. ) ;
#468 = DIRECTION ( 'NONE',  ( 1.000000000000000000, 0.0000000000000000000, -0.0000000000000000000 ) ) ;
#469 = FACE_OUTER_BOUND ( 'NONE', #2870, .T. ) ;
#470 = CALENDAR_DATE ( 2018, 16, 11 ) ;
#471 = CARTESIAN_POINT ( 'NONE',  ( -13.65000000000000036, -3.500000000000000888, 7.099999999999999645 ) ) ;
#472 = FACE_OUTER_BOUND ( 'NONE', #3613, .T. ) ;
#473 = ORIENTED_EDGE ( 'NONE', *, *, #3638, .F. ) ;
#474 = PERSON_AND_ORGANIZATION ( #832, #202 ) ;
#475 = CARTESIAN_POINT ( 'NONE',  ( -23.99999999999999645, -2.000000000000000888, 1.050000000000000266 ) ) ;
#476 = DIRECTION ( 'NONE',  ( 0.0000000000000000000, 0.0000000000000000000, -1.000000000000000000 ) ) ;
#477 = CARTESIAN_POINT ( 'NONE',  ( 15.54223521129946484, -3.500000000000000888, 1.050000000000000266 ) ) ;
#478 = CARTESIAN_POINT ( 'NONE',  ( -13.65000000000000036, -1.500000000000000888, 6.299999999999999822 ) ) ;
#479 = EDGE_CURVE ( 'NONE', #856, #348, #3076, .T. ) ;
#480 = CARTESIAN_POINT ( 'NONE',  ( 13.65000000000000036, -2.700000000000001954, -7.099999999999999645 ) ) ;
#481 = CIRCLE ( 'NONE', #2307, 4.599999999999999645 ) ;
#482 = DIRECTION ( 'NONE',  ( 0.0000000000000000000, -1.000000000000000000, -1.445602896647339311E-15 ) ) ;
#483 = ADVANCED_FACE ( 'NONE', ( #641 ), #198, .T. ) ;
#484 = LINE ( 'NONE', #1223, #3699 ) ;
#485 = EDGE_CURVE ( 'NONE', #1708, #253, #3688, .T. ) ;
#486 = DIRECTION ( 'NONE',  ( -0.0000000000000000000, -0.0000000000000000000, 1.000000000000000000 ) ) ;
#487 = DIRECTION ( 'NONE',  ( 0.0000000000000000000, 1.000000000000000000, -1.445602896647339163E-16 ) ) ;
#488 = EDGE_LOOP ( 'NONE', ( #1314, #230, #2423, #86 ) ) ;
#489 = CARTESIAN_POINT ( 'NONE',  ( 13.65000000000000036, 5.283624578056178578, 3.431225920594658252 ) ) ;
#490 = AXIS2_PLACEMENT_3D ( 'NONE', #3682, #552, #1481 ) ;
#491 = DIRECTION ( 'NONE',  ( -1.000000000000000000, -0.0000000000000000000, -0.0000000000000000000 ) ) ;
#492 = FACE_OUTER_BOUND ( 'NONE', #809, .T. ) ;
#493 = ORIENTED_EDGE ( 'NONE', *, *, #3254, .T. ) ;
#494 = VERTEX_POINT ( 'NONE', #1209 ) ;
#495 = DIRECTION ( 'NONE',  ( -0.0000000000000000000, 1.000000000000000000, -0.0000000000000000000 ) ) ;
#496 = ORIENTED_EDGE ( 'NONE', *, *, #1306, .F. ) ;
#497 = ORIENTED_EDGE ( 'NONE', *, *, #438, .F. ) ;
#498 = ORIENTED_EDGE ( 'NONE', *, *, #2751, .F. ) ;
#499 = CARTESIAN_POINT ( 'NONE',  ( 3.650000000000000355, -5.100000000000001421, -7.099999999999998757 ) ) ;
#500 = VERTEX_POINT ( 'NONE', #2920 ) ;
#501 = DIRECTION ( 'NONE',  ( 0.0000000000000000000, 0.0000000000000000000, -1.000000000000000000 ) ) ;
#502 = DIRECTION ( 'NONE',  ( -1.257045997084642858E-16, 0.0000000000000000000, 1.000000000000000000 ) ) ;
#503 = ORIENTED_EDGE ( 'NONE', *, *, #2685, .T. ) ;
#504 = EDGE_CURVE ( 'NONE', #3236, #2676, #1233, .T. ) ;
#505 = DIRECTION ( 'NONE',  ( 0.0000000000000000000, 0.0000000000000000000, 1.000000000000000000 ) ) ;
#506 = EDGE_LOOP ( 'NONE', ( #3629, #1757, #1785, #13 ) ) ;
#507 = VERTEX_POINT ( 'NONE', #1808 ) ;
#508 = CARTESIAN_POINT ( 'NONE',  ( 14.65000000000000036, 0.9578262852211514300, 0.2873478855663453846 ) ) ;
#510 = AXIS2_PLACEMENT_3D ( 'NONE', #1108, #2563, #1692 ) ;
#509 = CYLINDRICAL_SURFACE ( 'NONE', #1696, 7.099999999999999645 ) ;
#511 = LINE ( 'NONE', #3484, #2921 ) ;
#512 = DIRECTION ( 'NONE',  ( 1.000000000000000000, -0.0000000000000000000, -0.0000000000000000000 ) ) ;
#513 = EDGE_CURVE ( 'NONE', #2379, #2728, #864, .T. ) ;
#514 = AXIS2_PLACEMENT_3D ( 'NONE', #261, #3139, #1119 ) ;
#515 = DIRECTION ( 'NONE',  ( 1.000000000000000000, 0.0000000000000000000, 0.0000000000000000000 ) ) ;
#516 = DIRECTION ( 'NONE',  ( -1.000000000000000000, 0.0000000000000000000, 0.0000000000000000000 ) ) ;
#517 = VECTOR ( 'NONE', #1250, 1000.000000000000000 ) ;
#518 = CARTESIAN_POINT ( 'NONE',  ( 13.65000000000000036, -7.700000000000001066, -7.099999999999998757 ) ) ;
#519 = CARTESIAN_POINT ( 'NONE',  ( -13.65000000000000036, 0.0000000000000000000, 0.0000000000000000000 ) ) ;
#520 = VECTOR ( 'NONE', #2933, 1000.000000000000000 ) ;
#521 = DIRECTION ( 'NONE',  ( 0.0000000000000000000, 0.0000000000000000000, 1.000000000000000000 ) ) ;
#522 = VECTOR ( 'NONE', #3474, 1000.000000000000000 ) ;
#523 = CARTESIAN_POINT ( 'NONE',  ( 14.65000000000000036, 0.0000000000000000000, 0.0000000000000000000 ) ) ;
#524 = VECTOR ( 'NONE', #3639, 1000.000000000000000 ) ;
#525 = DIRECTION ( 'NONE',  ( 0.0000000000000000000, 0.9135454576425993123, 0.4067366430758037055 ) ) ;
#526 = CARTESIAN_POINT ( 'NONE',  ( -3.650000000000001243, -5.100000000000001421, 14.00000000000000000 ) ) ;
#527 = CARTESIAN_POINT ( 'NONE',  ( -3.650000000000000355, -7.700000000000001066, 7.099999999999999645 ) ) ;
#528 = CIRCLE ( 'NONE', #1208, 1.599999999999998979 ) ;
#529 = CARTESIAN_POINT ( 'NONE',  ( -16.64999999999997726, -6.505213034913026604E-16, -1.049999999999998712 ) ) ;
#530 = DIRECTION ( 'NONE',  ( -0.0000000000000000000, 0.0000000000000000000, 1.000000000000000000 ) ) ;
#531 = CARTESIAN_POINT ( 'NONE',  ( 26.66076477383247934, 0.0000000000000000000, 0.0000000000000000000 ) ) ;
#532 = AXIS2_PLACEMENT_3D ( 'NONE', #197, #1911, #146 ) ;
#533 = CARTESIAN_POINT ( 'NONE',  ( 13.65000000000000036, 2.051079373080090917, 5.956767026275694654 ) ) ;
#534 = VECTOR ( 'NONE', #1472, 1000.000000000000000 ) ;
#535 = CARTESIAN_POINT ( 'NONE',  ( 16.65000000000000568, 2.624999999999999112, -1.050000000000000933 ) ) ;
#536 = CARTESIAN_POINT ( 'NONE',  ( -13.65000000000000036, -1.499999999999999334, -6.299999999999999822 ) ) ;
#537 = EDGE_CURVE ( 'NONE', #3422, #2285, #2579, .T. ) ;
#538 = AXIS2_PLACEMENT_3D ( 'NONE', #1697, #609, #2610 ) ;
#539 = CARTESIAN_POINT ( 'NONE',  ( -16.64999999999999858, -3.500000000000000888, -1.050000000000000044 ) ) ;
#540 = ORIENTED_EDGE ( 'NONE', *, *, #949, .T. ) ;
#541 = ORIENTED_EDGE ( 'NONE', *, *, #3134, .F. ) ;
#542 = ORIENTED_EDGE ( 'NONE', *, *, #949, .F. ) ;
#543 = CARTESIAN_POINT ( 'NONE',  ( -13.65000000000000036, -4.699999999999999289, -7.100000000000001421 ) ) ;
#544 = DIRECTION ( 'NONE',  ( 0.0000000000000000000, 0.0000000000000000000, -1.000000000000000000 ) ) ;
#545 = EDGE_LOOP ( 'NONE', ( #3584, #1845, #2964, #3444 ) ) ;
#546 = CARTESIAN_POINT ( 'NONE',  ( -16.64999999999999858, 3.499999999999999112, 1.049999999999999378 ) ) ;
#547 = ORIENTED_EDGE ( 'NONE', *, *, #3615, .F. ) ;
#548 = VERTEX_POINT ( 'NONE', #2104 ) ;
#549 = DIRECTION ( 'NONE',  ( -1.000000000000000000, 0.0000000000000000000, 0.0000000000000000000 ) ) ;
#550 = EDGE_LOOP ( 'NONE', ( #2368, #1831, #2734, #2778 ) ) ;
#551 = ORIENTED_EDGE ( 'NONE', *, *, #66, .T. ) ;
#552 = DIRECTION ( 'NONE',  ( 0.0000000000000000000, 0.0000000000000000000, 1.000000000000000000 ) ) ;
#553 = CARTESIAN_POINT ( 'NONE',  ( 14.65000000000000036, -0.9578262852211514300, 0.2873478855663449405 ) ) ;
#554 = VECTOR ( 'NONE', #851, 1000.000000000000000 ) ;
#555 = ORIENTED_EDGE ( 'NONE', *, *, #2884, .T. ) ;
#556 = EDGE_CURVE ( 'NONE', #1115, #3573, #2616, .T. ) ;
#557 = B_SPLINE_CURVE_WITH_KNOTS ( 'NONE', 3,
 ( #2826, #2025, #1988, #1436 ),
 .UNSPECIFIED., .F., .F.,
 ( 4, 4 ),
 ( 0.0000000000000000000, 1.000000000000000000 ),
 .UNSPECIFIED. ) ;
#558 = DIRECTION ( 'NONE',  ( 0.0000000000000000000, -0.1564344650402244019, 0.9876883405951387696 ) ) ;
#559 = CARTESIAN_POINT ( 'NONE',  ( -16.64999999999999858, -3.500000000000000888, 1.050000000000000266 ) ) ;
#560 = CARTESIAN_POINT ( 'NONE',  ( 32.80821455623738814, -3.500000000000000888, -1.050000000000000044 ) ) ;
#561 = LINE ( 'NONE', #1651, #3200 ) ;
#562 = CARTESIAN_POINT ( 'NONE',  ( -13.65000000000000036, 5.755336383148374146, 2.562440851377567608 ) ) ;
#563 = CARTESIAN_POINT ( 'NONE',  ( -32.80821455623738814, -3.500000000000000888, 1.050000000000000266 ) ) ;
#564 = EDGE_CURVE ( 'NONE', #2191, #3103, #3547, .T. ) ;
#565 = CARTESIAN_POINT ( 'NONE',  ( 15.75776478870052877, 0.9578262852211512079, -0.2873478855663454956 ) ) ;
#566 = CIRCLE ( 'NONE', #2659, 1.000000000000000000 ) ;
#567 = DIRECTION ( 'NONE',  ( 1.000000000000000000, 0.0000000000000000000, 0.0000000000000000000 ) ) ;
#568 = ORIENTED_EDGE ( 'NONE', *, *, #1, .T. ) ;
#569 =( NAMED_UNIT ( * ) SI_UNIT ( $, .STERADIAN. ) SOLID_ANGLE_UNIT ( ) );
#570 = LINE ( 'NONE', #1890, #3503 ) ;
#571 = FACE_OUTER_BOUND ( 'NONE', #285, .T. ) ;
#572 = CARTESIAN_POINT ( 'NONE',  ( -16.65000000000000213, -2.625000000000000444, -1.050000000000000044 ) ) ;
#573 = DIRECTION ( 'NONE',  ( 0.0000000000000000000, 0.3255681544571585873, 0.9455185755993161800 ) ) ;
#574 = LINE ( 'NONE', #2442, #1236 ) ;
#575 = DIRECTION ( 'NONE',  ( -1.000000000000000000, -0.0000000000000000000, -0.0000000000000000000 ) ) ;
#576 = VECTOR ( 'NONE', #3434, 1000.000000000000000 ) ;
#577 = CARTESIAN_POINT ( 'NONE',  ( -13.65000000000000036, -4.700000000000001066, 6.299999999999999822 ) ) ;
#578 = FACE_OUTER_BOUND ( 'NONE', #677, .T. ) ;
#579 = B_SPLINE_CURVE_WITH_KNOTS ( 'NONE', 3,
 ( #2587, #3461, #903, #877 ),
 .UNSPECIFIED., .F., .F.,
 ( 4, 4 ),
 ( 0.0000000000000000000, 1.000000000000000000 ),
 .UNSPECIFIED. ) ;
#580 = CARTESIAN_POINT ( 'NONE',  ( -13.65000000000000036, 5.283624578056179466, -3.431225920594658252 ) ) ;
#581 = CARTESIAN_POINT ( 'NONE',  ( 13.65000000000000036, 2.957670845551077843, 5.562569835011258235 ) ) ;
#582 = VERTEX_POINT ( 'NONE', #951 ) ;
#583 = CARTESIAN_POINT ( 'NONE',  ( 14.65000000000000036, 0.0000000000000000000, 0.0000000000000000000 ) ) ;
#584 = VERTEX_POINT ( 'NONE', #3511 ) ;
#585 = EDGE_CURVE ( 'NONE', #3014, #582, #777, .T. ) ;
#586 = ORIENTED_EDGE ( 'NONE', *, *, #792, .F. ) ;
#587 = EDGE_LOOP ( 'NONE', ( #1571, #1206 ) ) ;
#588 = ORIENTED_EDGE ( 'NONE', *, *, #2901, .F. ) ;
#589 = VERTEX_POINT ( 'NONE', #2976 ) ;
#590 = ORIENTED_EDGE ( 'NONE', *, *, #449, .F. ) ;
#591 = VERTEX_POINT ( 'NONE', #377 ) ;
#592 = ORIENTED_EDGE ( 'NONE', *, *, #819, .F. ) ;
#593 = ORIENTED_EDGE ( 'NONE', *, *, #2306, .F. ) ;
#594 = ORIENTED_EDGE ( 'NONE', *, *, #1912, .F. ) ;
#595 = CARTESIAN_POINT ( 'NONE',  ( -13.65000000000000036, -4.700000000000001066, 6.299999999999999822 ) ) ;
#596 = LINE ( 'NONE', #1773, #2970 ) ;
#597 = CARTESIAN_POINT ( 'NONE',  ( -13.65000000000000036, -1.836970198721029688E-16, 6.299999999999998934 ) ) ;
#598 = CARTESIAN_POINT ( 'NONE',  ( -32.80821455623738814, 3.499999999999999112, 1.049999999999999378 ) ) ;
#600 = EDGE_CURVE ( 'NONE', #3150, #804, #422, .T. ) ;
#599 = CYLINDRICAL_SURFACE ( 'NONE', #3260, 1.500000000000001332 ) ;
#601 = DIRECTION ( 'NONE',  ( 1.000000000000000000, 0.0000000000000000000, 0.0000000000000000000 ) ) ;
#602 = DIRECTION ( 'NONE',  ( 0.0000000000000000000, -1.000000000000000000, 9.293161478447180511E-17 ) ) ;
#603 = VECTOR ( 'NONE', #938, 1000.000000000000000 ) ;
#604 = EDGE_CURVE ( 'NONE', #2503, #2689, #2886, .T. ) ;
#605 = EDGE_LOOP ( 'NONE', ( #39, #315, #2677, #1677 ) ) ;
#606 = APPROVAL_DATE_TIME ( #372, #2026 ) ;
#607 = DIRECTION ( 'NONE',  ( 1.000000000000000000, -0.0000000000000000000, -0.0000000000000000000 ) ) ;
#608 = FACE_OUTER_BOUND ( 'NONE', #73, .T. ) ;
#609 = DIRECTION ( 'NONE',  ( -1.000000000000000000, 0.0000000000000000000, 0.0000000000000000000 ) ) ;
#610 = FACE_OUTER_BOUND ( 'NONE', #1217, .T. ) ;
#611 = DIRECTION ( 'NONE',  ( 1.000000000000000000, 0.0000000000000000000, -0.0000000000000000000 ) ) ;
#612 = VECTOR ( 'NONE', #1699, 1000.000000000000000 ) ;
#613 = DIRECTION ( 'NONE',  ( 0.0000000000000000000, -1.000000000000000000, -1.126443815569355400E-16 ) ) ;
#614 = ADVANCED_BREP_SHAPE_REPRESENTATION ( 'RESISTOR STANDARD SIZE PANEL FIXED (ARCOL HS-25)', ( #1737, #2843, #1285, #676, #880, #1003, #490 ), #297 ) ;
#615 = DIRECTION ( 'NONE',  ( 0.0000000000000000000, 0.9135454576425984241, -0.4067366430758054818 ) ) ;
#616 = VECTOR ( 'NONE', #602, 1000.000000000000000 ) ;
#617 = EDGE_CURVE ( 'NONE', #2822, #2194, #3292, .T. ) ;
#618 = CARTESIAN_POINT ( 'NONE',  ( 13.65000000000000036, -1.499999999999999112, -7.099999999999999645 ) ) ;
#619 = CARTESIAN_POINT ( 'NONE',  ( 25.50000000000000000, -2.000000000000000888, 0.0000000000000000000 ) ) ;
#620 = EDGE_CURVE ( 'NONE', #3281, #591, #1545, .T. ) ;
#621 = CLOSED_SHELL ( 'NONE', ( #3425, #76, #3176, #2713, #2569, #3571, #1857, #758, #1294, #3499, #1836, #2395, #2705, #2416, #1047, #385, #2984, #1634, #1471, #3513, #926, #1009, #2634, #2170, #684, #140, #1317, #967, #741, #1908, #1183, #42, #117, #2692, #1521, #988, #389, #1776, #1432, #2772, #3323, #367, #2477, #403, #1744, #3259, #1817, #176, #3284, #2731, #1694, #3191, #3592, #1575, #3447, #3058, #2752, #2887, #1023, #3466, #940, #2622, #2962, #1203, #2497, #1298, #3607, #2147, #460, #347, #3531, #1122 ) ) ;
#622 = ORIENTED_EDGE ( 'NONE', *, *, #620, .T. ) ;
#623 = ORIENTED_EDGE ( 'NONE', *, *, #2919, .F. ) ;
#624 = EDGE_CURVE ( 'NONE', #1691, #3659, #3243, .T. ) ;
#626 = ORIENTED_EDGE ( 'NONE', *, *, #3391, .F. ) ;
#625 = AXIS2_PLACEMENT_3D ( 'NONE', #2370, #2655, #1505 ) ;
#627 = ORIENTED_EDGE ( 'NONE', *, *, #2502, .T. ) ;
#628 = VERTEX_POINT ( 'NONE', #2989 ) ;
#629 = ORIENTED_EDGE ( 'NONE', *, *, #686, .F. ) ;
#630 = DIRECTION ( 'NONE',  ( 0.0000000000000000000, 0.0000000000000000000, 1.000000000000000000 ) ) ;
#631 = CYLINDRICAL_SURFACE ( 'NONE', #3297, 6.299999999999999822 ) ;
#632 = CARTESIAN_POINT ( 'NONE',  ( -13.65000000000000036, -7.700000000000001066, -7.099999999999998757 ) ) ;
#633 = DIRECTION ( 'NONE',  ( 0.0000000000000000000, 1.126443815569355400E-16, -1.000000000000000000 ) ) ;
#634 = ORIENTED_EDGE ( 'NONE', *, *, #2078, .T. ) ;
#635 = LINE ( 'NONE', #68, #3417 ) ;
#636 = EDGE_CURVE ( 'NONE', #1676, #1568, #1766, .T. ) ;
#637 = CARTESIAN_POINT ( 'NONE',  ( -13.65000000000000036, -8.694992273946207746E-16, 7.099999999999999645 ) ) ;
#638 = LINE ( 'NONE', #1351, #3160 ) ;
#639 = VERTEX_POINT ( 'NONE', #996 ) ;
#640 = AXIS2_PLACEMENT_3D ( 'NONE', #796, #807, #501 ) ;
#641 = FACE_OUTER_BOUND ( 'NONE', #3438, .T. ) ;
#642 = DIRECTION ( 'NONE',  ( -1.000000000000000000, -0.0000000000000000000, -0.0000000000000000000 ) ) ;
#643 = DIRECTION ( 'NONE',  ( -0.0000000000000000000, -1.548860246407863583E-16, -1.000000000000000000 ) ) ;
#644 = ORIENTED_EDGE ( 'NONE', *, *, #2324, .F. ) ;
#645 = CARTESIAN_POINT ( 'NONE',  ( 13.65000000000000036, 0.0000000000000000000, 0.0000000000000000000 ) ) ;
#646 = PLANE ( 'NONE',  #120 ) ;
#647 = EDGE_CURVE ( 'NONE', #2378, #766, #3421, .T. ) ;
#648 = AXIS2_PLACEMENT_3D ( 'NONE', #63, #2934, #2898 ) ;
#649 = LINE ( 'NONE', #999, #3554 ) ;
#650 = CARTESIAN_POINT ( 'NONE',  ( 16.64999999999999858, -3.500000000000000888, -1.050000000000000044 ) ) ;
#651 = CIRCLE ( 'NONE', #538, 1.000000000000000000 ) ;
#652 = CARTESIAN_POINT ( 'NONE',  ( 32.80821455623738814, 3.499999999999999112, 1.049999999999999378 ) ) ;
#653 = VECTOR ( 'NONE', #2600, 999.9999999999998863 ) ;
#654 = CARTESIAN_POINT ( 'NONE',  ( 14.65000000000000036, 0.0000000000000000000, 0.0000000000000000000 ) ) ;
#655 = CARTESIAN_POINT ( 'NONE',  ( 13.65000000000000036, 1.626303258728256651E-15, -6.299999999999999822 ) ) ;
#656 = CARTESIAN_POINT ( 'NONE',  ( 23.99999999999999645, -2.000000000000000888, -1.050000000000000044 ) ) ;
#657 = VERTEX_POINT ( 'NONE', #2997 ) ;
#658 = EDGE_CURVE ( 'NONE', #1170, #2599, #292, .T. ) ;
#659 = CARTESIAN_POINT ( 'NONE',  ( 13.65000000000000036, -7.700000000000001066, -7.099999999999998757 ) ) ;
#660 = VECTOR ( 'NONE', #2944, 1000.000000000000000 ) ;
#661 = ADVANCED_FACE ( 'NONE', ( #472 ), #710, .F. ) ;
#662 = VERTEX_POINT ( 'NONE', #2660 ) ;
#663 = ORIENTED_EDGE ( 'NONE', *, *, #2306, .T. ) ;
#664 = CARTESIAN_POINT ( 'NONE',  ( -14.65000000000000036, 0.0000000000000000000, -1.000000000000000000 ) ) ;
#665 = PLANE ( 'NONE',  #2637 ) ;
#666 = ORIENTED_EDGE ( 'NONE', *, *, #1772, .T. ) ;
#667 = DIRECTION ( 'NONE',  ( 0.0000000000000000000, 0.8386705679454250495, -0.5446390350150256410 ) ) ;
#668 = EDGE_CURVE ( 'NONE', #1096, #1879, #685, .T. ) ;
#669 = EDGE_LOOP ( 'NONE', ( #1751, #2471, #1566, #2427 ) ) ;
#670 = CARTESIAN_POINT ( 'NONE',  ( -16.64999999999999858, -3.500000000000000888, -0.3499999999999998113 ) ) ;
#671 = EDGE_LOOP ( 'NONE', ( #754, #1127, #2381, #937, #78, #1597 ) ) ;
#672 = CARTESIAN_POINT ( 'NONE',  ( -13.65000000000000036, -2.700000000000001066, 6.299999999999999822 ) ) ;
#673 = ORIENTED_EDGE ( 'NONE', *, *, #2635, .F. ) ;
#674 = ORIENTED_EDGE ( 'NONE', *, *, #2009, .F. ) ;
#675 = APPROVAL ( #1760, 'UNSPECIFIED' ) ;
#676 = MANIFOLD_SOLID_BREP ( 'Fillet2', #2294 ) ;
#677 = EDGE_LOOP ( 'NONE', ( #2066, #2366, #228, #136 ) ) ;
#678 = DIRECTION ( 'NONE',  ( 0.0000000000000000000, 0.3255681544571570329, -0.9455185755993167351 ) ) ;
#679 = CYLINDRICAL_SURFACE ( 'NONE', #1181, 1.000000000000000000 ) ;
#680 = CARTESIAN_POINT ( 'NONE',  ( 13.65000000000000036, -2.700000000000001066, 6.299999999999999822 ) ) ;
#681 = CARTESIAN_POINT ( 'NONE',  ( 13.65000000000000036, 5.283624578056179466, -3.431225920594658252 ) ) ;
#682 = DIRECTION ( 'NONE',  ( 0.0000000000000000000, 0.0000000000000000000, 1.000000000000000000 ) ) ;
#683 = VECTOR ( 'NONE', #3154, 1000.000000000000000 ) ;
#684 = ADVANCED_FACE ( 'NONE', ( #3599 ), #3282, .F. ) ;
#686 = EDGE_CURVE ( 'NONE', #1691, #2008, #2798, .T. ) ;
#685 = LINE ( 'NONE', #1567, #3382 ) ;
#687 = PLANE ( 'NONE',  #89 ) ;
#688 = CARTESIAN_POINT ( 'NONE',  ( -13.65000000000000036, 4.607528320200751537, 4.296589668393765216 ) ) ;
#689 = CARTESIAN_POINT ( 'NONE',  ( 16.64999999999997726, -1.734723475976807094E-15, 1.049999999999997602 ) ) ;
#690 = FACE_OUTER_BOUND ( 'NONE', #1717, .T. ) ;
#691 = EDGE_CURVE ( 'NONE', #2113, #986, #1095, .T. ) ;
#692 = AXIS2_PLACEMENT_3D ( 'NONE', #300, #260, #2573 ) ;
#693 = CIRCLE ( 'NONE', #2046, 4.599999999999999645 ) ;
#694 = CARTESIAN_POINT ( 'NONE',  ( 13.65000000000000036, 2.957670845551079619, -5.562569835011258235 ) ) ;
#695 = CARTESIAN_POINT ( 'NONE',  ( -15.75776478870053232, -1.014055973780547903, 0.09991559036835603869 ) ) ;
#696 = LINE ( 'NONE', #2267, #612 ) ;
#697 = EDGE_CURVE ( 'NONE', #3708, #749, #2077, .T. ) ;
#698 = AXIS2_PLACEMENT_3D ( 'NONE', #1774, #633, #2341 ) ;
#699 = DIRECTION ( 'NONE',  ( 0.0000000000000000000, -1.000000000000000000, 1.126443815569355400E-16 ) ) ;
#700 = LINE ( 'NONE', #2527, #164 ) ;
#701 = CARTESIAN_POINT ( 'NONE',  ( 14.65000000000001812, 0.8286402927889496839, 0.5877750263423316968 ) ) ;
#702 = ADVANCED_FACE ( 'NONE', ( #1004 ), #3516, .F. ) ;
#703 = DIRECTION ( 'NONE',  ( 0.0000000000000000000, -1.000000000000000000, -0.0000000000000000000 ) ) ;
#704 = CARTESIAN_POINT ( 'NONE',  ( -15.75776478870053232, -0.9578262852211514300, 0.2873478855663449405 ) ) ;
#705 = CARTESIAN_POINT ( 'NONE',  ( -14.65000000000000036, 0.9578262852211514300, 0.2873478855663453846 ) ) ;
#706 = ORIENTED_EDGE ( 'NONE', *, *, #421, .T. ) ;
#707 = ORIENTED_EDGE ( 'NONE', *, *, #2653, .F. ) ;
#708 = DIRECTION ( 'NONE',  ( 0.0000000000000000000, -0.3255681544571573105, -0.9455185755993166241 ) ) ;
#709 = CARTESIAN_POINT ( 'NONE',  ( -16.65000000000001279, -1.458333333333334370, 1.050000000000001377 ) ) ;
#710 = B_SPLINE_SURFACE_WITH_KNOTS ( 'NONE', 3, 3, ( 
 ( #3522, #2393, #1234, #2757 ),
 ( #1046, #1628, #3348, #1083 ),
 ( #3105, #1681, #1541, #2761 ),
 ( #2863, #2979, #2095, #1801 ) ),
 .UNSPECIFIED., .F., .F., .F.,
 ( 4, 4 ),
 ( 4, 4 ),
 ( 0.0000000000000000000, 1.000000000000000000 ),
 ( 0.0000000000000000000, 1.000000000000000000 ),
 .UNSPECIFIED. ) ;
#711 = EDGE_LOOP ( 'NONE', ( #2315, #3490, #3099, #3397 ) ) ;
#712 = ORIENTED_EDGE ( 'NONE', *, *, #1087, .T. ) ;
#713 = VERTEX_POINT ( 'NONE', #3557 ) ;
#714 = AXIS2_PLACEMENT_3D ( 'NONE', #1581, #2200, #2457 ) ;
#715 = CARTESIAN_POINT ( 'NONE',  ( 15.61123274773429515, -3.208333333333333925, 1.050000000000000044 ) ) ;
#716 = EDGE_LOOP ( 'NONE', ( #2956, #3518, #1422, #2902 ) ) ;
#717 = VERTEX_POINT ( 'NONE', #3006 ) ;
#718 = CARTESIAN_POINT ( 'NONE',  ( 13.65000000000000036, 5.192611281496083642, 4.842188356443767105 ) ) ;
#719 = EDGE_CURVE ( 'NONE', #3422, #494, #953, .T. ) ;
#720 = ORIENTED_EDGE ( 'NONE', *, *, #2724, .T. ) ;
#721 = CARTESIAN_POINT ( 'NONE',  ( -13.65000000000000036, 5.283624578056179466, -3.431225920594658252 ) ) ;
#722 = VERTEX_POINT ( 'NONE', #2968 ) ;
#723 = ADVANCED_FACE ( 'NONE', ( #1331 ), #2048, .T. ) ;
#724 = VECTOR ( 'NONE', #1740, 1000.000000000000000 ) ;
#725 = ORIENTED_EDGE ( 'NONE', *, *, #1565, .T. ) ;
#726 = CARTESIAN_POINT ( 'NONE',  ( 14.65000000000000036, -1.224646799147353207E-16, 1.000000000000000000 ) ) ;
#727 = AXIS2_PLACEMENT_3D ( 'NONE', #523, #3646, #1355 ) ;
#728 = VECTOR ( 'NONE', #291, 1000.000000000000000 ) ;
#729 = CARTESIAN_POINT ( 'NONE',  ( 15.54223521129946306, -3.500000000000000888, 1.050000000000000266 ) ) ;
#730 = LINE ( 'NONE', #1386, #2925 ) ;
#731 = CARTESIAN_POINT ( 'NONE',  ( 9.150000000000000355, -5.100000000000001421, -9.900000000000000355 ) ) ;
#732 = CARTESIAN_POINT ( 'NONE',  ( 15.75776478870053232, -1.014055973780547903, -0.09991559036835637175 ) ) ;
#733 = LINE ( 'NONE', #2173, #2444 ) ;
#734 = CARTESIAN_POINT ( 'NONE',  ( -13.65000000000000036, 1.110684701785592310, -7.012587218225485586 ) ) ;
#735 = ORIENTED_EDGE ( 'NONE', *, *, #2804, .T. ) ;
#736 = CARTESIAN_POINT ( 'NONE',  ( -13.65000000000000036, -7.700000000000001066, -7.099999999999998757 ) ) ;
#737 = CIRCLE ( 'NONE', #95, 2.000000000000003109 ) ;
#738 = EDGE_CURVE ( 'NONE', #657, #3627, #252, .T. ) ;
#739 = DIRECTION ( 'NONE',  ( 1.000000000000000000, 0.0000000000000000000, -0.0000000000000000000 ) ) ;
#740 = VECTOR ( 'NONE', #1265, 1000.000000000000000 ) ;
#741 = ADVANCED_FACE ( 'NONE', ( #2489 ), #2750, .T. ) ;
#742 = AXIS2_PLACEMENT_3D ( 'NONE', #1405, #1502, #3140 ) ;
#743 = DIRECTION ( 'NONE',  ( 0.0000000000000000000, -2.710505431213763057E-16, 1.000000000000000000 ) ) ;
#744 = FACE_OUTER_BOUND ( 'NONE', #2425, .T. ) ;
#745 = CARTESIAN_POINT ( 'NONE',  ( -21.50000000000000000, 0.0000000000000000000, 1.049999999999998934 ) ) ;
#746 = CARTESIAN_POINT ( 'NONE',  ( 15.75776478870053587, -0.9578262852211514300, -0.2873478855663452736 ) ) ;
#747 = LINE ( 'NONE', #305, #653 ) ;
#748 = DIRECTION ( 'NONE',  ( 0.0000000000000000000, 1.000000000000000000, -0.0000000000000000000 ) ) ;
#749 = VERTEX_POINT ( 'NONE', #2112 ) ;
#750 = DIRECTION ( 'NONE',  ( 1.000000000000000000, -0.0000000000000000000, -0.0000000000000000000 ) ) ;
#751 = VERTEX_POINT ( 'NONE', #655 ) ;
#752 = CIRCLE ( 'NONE', #1243, 2.000000000000003109 ) ;
#753 = CARTESIAN_POINT ( 'NONE',  ( -13.65000000000000036, 3.878667294551654265, 4.964467747722343560 ) ) ;
#754 = ORIENTED_EDGE ( 'NONE', *, *, #31, .T. ) ;
#755 = DIRECTION ( 'NONE',  ( -0.0000000000000000000, -9.293161478447179278E-17, -1.000000000000000000 ) ) ;
#756 = ORIENTED_EDGE ( 'NONE', *, *, #2529, .F. ) ;
#757 = EDGE_CURVE ( 'NONE', #1752, #3055, #1279, .T. ) ;
#758 = ADVANCED_FACE ( 'NONE', ( #1903, #1147 ), #1867, .T. ) ;
#759 = ORIENTED_EDGE ( 'NONE', *, *, #2009, .T. ) ;
#760 = ORIENTED_EDGE ( 'NONE', *, *, #3170, .F. ) ;
#761 = CARTESIAN_POINT ( 'NONE',  ( -13.64999999999999858, -5.100000000000001421, 7.099999999999999645 ) ) ;
#762 = CARTESIAN_POINT ( 'NONE',  ( 13.65000000000000036, -8.694992273946207746E-16, 7.099999999999999645 ) ) ;
#763 = EDGE_LOOP ( 'NONE', ( #3568, #1934, #3457, #3237 ) ) ;
#764 = EDGE_LOOP ( 'NONE', ( #802, #2319, #2247, #1264 ) ) ;
#765 = DIRECTION ( 'NONE',  ( 1.000000000000000000, 0.0000000000000000000, 0.0000000000000000000 ) ) ;
#766 = VERTEX_POINT ( 'NONE', #2696 ) ;
#767 = ORIENTED_EDGE ( 'NONE', *, *, #220, .F. ) ;
#768 = DIRECTION ( 'NONE',  ( -0.0000000000000000000, 1.000000000000000000, -0.0000000000000000000 ) ) ;
#769 = EDGE_CURVE ( 'NONE', #1483, #2235, #354, .T. ) ;
#770 = AXIS2_PLACEMENT_3D ( 'NONE', #3555, #2122, #743 ) ;
#771 = CARTESIAN_POINT ( 'NONE',  ( -13.65000000000000036, 4.371196474812182764, -5.594876350607719928 ) ) ;
#772 = CYLINDRICAL_SURFACE ( 'NONE', #2020, 6.299999999999999822 ) ;
#773 = VECTOR ( 'NONE', #2006, 1000.000000000000000 ) ;
#774 = DIRECTION ( 'NONE',  ( -1.000000000000000000, -0.0000000000000000000, -0.0000000000000000000 ) ) ;
#775 = B_SPLINE_SURFACE_WITH_KNOTS ( 'NONE', 3, 3, ( 
 ( #2973, #2639, #3479, #914 ),
 ( #340, #922, #2929, #3222 ),
 ( #441, #1313, #454, #2167 ),
 ( #3561, #1599, #149, #709 ),
 ( #2436, #3589, #992, #3549 ),
 ( #1273, #1829, #2151, #2127 ),
 ( #2995, #109, #416, #1870 ),
 ( #1288, #1881, #3013, #135 ),
 ( #2447, #163, #398, #2987 ) ),
 .UNSPECIFIED., .F., .F., .F.,
 ( 4, 1, 1, 1, 1, 1, 4 ),
 ( 4, 4 ),
 ( 0.0000000000000000000, 0.1250000000000000000, 0.2500000000000000000, 0.5000000000000000000, 0.7500000000000000000, 0.8750000000000000000, 1.000000000000000000 ),
 ( 0.0000000000000000000, 1.000000000000000000 ),
 .UNSPECIFIED. ) ;
#776 = CARTESIAN_POINT ( 'NONE',  ( 13.65000000000000036, 0.0000000000000000000, 0.0000000000000000000 ) ) ;
#777 = LINE ( 'NONE', #1261, #1810 ) ;
#778 = CARTESIAN_POINT ( 'NONE',  ( 9.150000000000000355, -5.100000000000001421, -8.300000000000002487 ) ) ;
#779 = ORIENTED_EDGE ( 'NONE', *, *, #402, .F. ) ;
#780 = CIRCLE ( 'NONE', #1460, 1.500000000000000000 ) ;
#781 = CYLINDRICAL_SURFACE ( 'NONE', #1730, 1.500000000000001332 ) ;
#782 = CARTESIAN_POINT ( 'NONE',  ( 13.65000000000000036, 0.0000000000000000000, 0.0000000000000000000 ) ) ;
#783 = CARTESIAN_POINT ( 'NONE',  ( 16.64999999999999858, -3.500000000000000888, 1.050000000000000266 ) ) ;
#784 = PLANE ( 'NONE',  #3220 ) ;
#785 = CARTESIAN_POINT ( 'NONE',  ( 13.65000000000000036, 6.276026597977994115, -0.5490811793102688965 ) ) ;
#786 = LINE ( 'NONE', #1540, #3508 ) ;
#787 = DIRECTION ( 'NONE',  ( 0.0000000000000000000, 0.6156614753256604011, 0.7880107536067202378 ) ) ;
#788 = EDGE_CURVE ( 'NONE', #3005, #1886, #570, .T. ) ;
#789 = VECTOR ( 'NONE', #102, 1000.000000000000000 ) ;
#790 = CARTESIAN_POINT ( 'NONE',  ( 13.65000000000000036, 0.0000000000000000000, 0.0000000000000000000 ) ) ;
#791 = LINE ( 'NONE', #527, #3393 ) ;
#792 = EDGE_CURVE ( 'NONE', #1170, #101, #3338, .T. ) ;
#793 = AXIS2_PLACEMENT_3D ( 'NONE', #2542, #3436, #2828 ) ;
#794 = CARTESIAN_POINT ( 'NONE',  ( -13.65000000000000036, 0.9855371297534121222, 6.222436545749373771 ) ) ;
#795 = DIRECTION ( 'NONE',  ( 0.0000000000000000000, -1.548860246407863583E-16, -1.000000000000000000 ) ) ;
#796 = CARTESIAN_POINT ( 'NONE',  ( -13.65000000000000036, -4.699999999999999289, -6.300000000000001599 ) ) ;
#797 = DIRECTION ( 'NONE',  ( -1.000000000000000000, -0.0000000000000000000, -0.0000000000000000000 ) ) ;
#798 = ORIENTED_EDGE ( 'NONE', *, *, #3596, .F. ) ;
#799 = DIRECTION ( 'NONE',  ( 0.0000000000000000000, 0.6156614753256590689, -0.7880107536067213481 ) ) ;
#800 = VERTEX_POINT ( 'NONE', #3056 ) ;
#801 = ORIENTED_EDGE ( 'NONE', *, *, #3134, .T. ) ;
#802 = ORIENTED_EDGE ( 'NONE', *, *, #3084, .F. ) ;
#803 = EDGE_LOOP ( 'NONE', ( #588, #2266, #3028, #2513 ) ) ;
#804 = VERTEX_POINT ( 'NONE', #3321 ) ;
#805 = DIRECTION ( 'NONE',  ( 0.0000000000000000000, 1.548860246407863583E-16, 1.000000000000000000 ) ) ;
#806 = ORIENTED_EDGE ( 'NONE', *, *, #2566, .T. ) ;
#807 = DIRECTION ( 'NONE',  ( 0.0000000000000000000, -1.000000000000000000, -0.0000000000000000000 ) ) ;
#808 = CARTESIAN_POINT ( 'NONE',  ( -9.150000000000000355, -5.100000000000001421, 9.900000000000000355 ) ) ;
#809 = EDGE_LOOP ( 'NONE', ( #3049, #1401, #2412, #2779 ) ) ;
#810 = EDGE_CURVE ( 'NONE', #3667, #3375, #3465, .T. ) ;
#811 = CARTESIAN_POINT ( 'NONE',  ( 13.65000000000000036, 0.0000000000000000000, 0.0000000000000000000 ) ) ;
#812 = ORIENTED_EDGE ( 'NONE', *, *, #308, .T. ) ;
#813 = CARTESIAN_POINT ( 'NONE',  ( 13.65000000000000036, 0.0000000000000000000, 0.0000000000000000000 ) ) ;
#814 = EDGE_LOOP ( 'NONE', ( #174, #1718, #2024, #1924 ) ) ;
#815 = CARTESIAN_POINT ( 'NONE',  ( 13.65000000000000036, -8.694992273946207746E-16, 7.099999999999999645 ) ) ;
#816 = VECTOR ( 'NONE', #2626, 1000.000000000000000 ) ;
#817 = CARTESIAN_POINT ( 'NONE',  ( -13.65000000000000036, -4.700000000000001066, 7.099999999999999645 ) ) ;
#818 = CYLINDRICAL_SURFACE ( 'NONE', #3054, 6.299999999999999822 ) ;
#819 = EDGE_CURVE ( 'NONE', #3330, #361, #3070, .T. ) ;
#820 = AXIS2_PLACEMENT_3D ( 'NONE', #3506, #1020, #3168 ) ;
#821 = VECTOR ( 'NONE', #750, 1000.000000000000000 ) ;
#822 = CARTESIAN_POINT ( 'NONE',  ( -15.36908763370271913, -0.5355196258862172654, -0.8913651158947272224 ) ) ;
#823 = CARTESIAN_POINT ( 'NONE',  ( -9.150000000000000355, -5.100000000000001421, 9.900000000000000355 ) ) ;
#824 = CARTESIAN_POINT ( 'NONE',  ( 13.65000000000000036, 0.0000000000000000000, 0.0000000000000000000 ) ) ;
#825 = LINE ( 'NONE', #1281, #154 ) ;
#826 = ORIENTED_EDGE ( 'NONE', *, *, #2809, .T. ) ;
#827 = CARTESIAN_POINT ( 'NONE',  ( 13.65000000000000036, -7.700000000000001066, 7.099999999999998757 ) ) ;
#828 = CYLINDRICAL_SURFACE ( 'NONE', #2864, 7.099999999999999645 ) ;
#829 = DIRECTION ( 'NONE',  ( 0.0000000000000000000, 0.0000000000000000000, 1.000000000000000000 ) ) ;
#830 = FACE_OUTER_BOUND ( 'NONE', #935, .T. ) ;
#831 = EDGE_CURVE ( 'NONE', #3573, #2636, #11, .T. ) ;
#832 = PERSON ( 'UNSPECIFIED', 'UNSPECIFIED', 'UNSPECIFIED', ('UNSPECIFIED'), ('UNSPECIFIED'), ('UNSPECIFIED') ) ;
#833 = CYLINDRICAL_SURFACE ( 'NONE', #1038, 4.599999999999999645 ) ;
#834 = CARTESIAN_POINT ( 'NONE',  ( -15.74922782060400195, 2.624999999999999112, -1.050000000000000933 ) ) ;
#835 = CARTESIAN_POINT ( 'NONE',  ( 23.50000000000000355, -2.449293598294711345E-16, 1.049999999999998934 ) ) ;
#836 = CARTESIAN_POINT ( 'NONE',  ( -16.64999999999999858, 3.499999999999999112, 1.049999999999999378 ) ) ;
#837 = LINE ( 'NONE', #1021, #1015 ) ;
#838 = PLANE ( 'NONE',  #510 ) ;
#839 = EDGE_CURVE ( 'NONE', #3043, #3120, #1993, .T. ) ;
#840 = EDGE_LOOP ( 'NONE', ( #304, #541, #395, #155 ) ) ;
#841 = EDGE_LOOP ( 'NONE', ( #590, #1849, #3680, #3097 ) ) ;
#842 = DIRECTION ( 'NONE',  ( 0.0000000000000000000, -0.6156614753256594019, -0.7880107536067211260 ) ) ;
#843 = VECTOR ( 'NONE', #847, 1000.000000000000000 ) ;
#844 = CARTESIAN_POINT ( 'NONE',  ( -15.93091236629727270, -1.458333333333334814, -1.050000000000000488 ) ) ;
#845 = VERTEX_POINT ( 'NONE', #489 ) ;
#846 = CARTESIAN_POINT ( 'NONE',  ( -13.65000000000000036, -3.499999999999999112, -7.099999999999999645 ) ) ;
#847 = DIRECTION ( 'NONE',  ( -1.000000000000000000, -0.0000000000000000000, -0.0000000000000000000 ) ) ;
#848 = VERTEX_POINT ( 'NONE', #3044 ) ;
#849 = ORIENTED_EDGE ( 'NONE', *, *, #1544, .T. ) ;
#850 = ORIENTED_EDGE ( 'NONE', *, *, #686, .T. ) ;
#851 = DIRECTION ( 'NONE',  ( -0.0000000000000000000, -0.0000000000000000000, -1.000000000000000000 ) ) ;
#852 = ORIENTED_EDGE ( 'NONE', *, *, #3478, .T. ) ;
#853 = CARTESIAN_POINT ( 'NONE',  ( 14.65000000000000036, 0.0000000000000000000, 0.0000000000000000000 ) ) ;
#854 = ORIENTED_EDGE ( 'NONE', *, *, #303, .T. ) ;
#855 = ORIENTED_EDGE ( 'NONE', *, *, #691, .F. ) ;
#856 = VERTEX_POINT ( 'NONE', #2145 ) ;
#857 = EDGE_CURVE ( 'NONE', #2379, #2490, #1373, .T. ) ;
#858 = CARTESIAN_POINT ( 'NONE',  ( 3.650000000000001243, -7.700000000000001066, -14.00000000000000000 ) ) ;
#859 = LINE ( 'NONE', #2605, #1852 ) ;
#860 = EDGE_CURVE ( 'NONE', #2194, #1315, #1798, .T. ) ;
#861 = CARTESIAN_POINT ( 'NONE',  ( 14.65000000000003233, 0.8286028721011567955, -0.5877631916096741627 ) ) ;
#862 = CYLINDRICAL_SURFACE ( 'NONE', #1853, 1.599999999999998979 ) ;
#863 = DIRECTION ( 'NONE',  ( 0.0000000000000000000, 9.293161478447179278E-17, 1.000000000000000000 ) ) ;
#864 = LINE ( 'NONE', #3257, #2035 ) ;
#865 = AXIS2_PLACEMENT_3D ( 'NONE', #475, #805, #3110 ) ;
#866 = CARTESIAN_POINT ( 'NONE',  ( 15.75776478870053232, 0.9578262852211514300, -0.2873478855663454956 ) ) ;
#867 = CIRCLE ( 'NONE', #2952, 1.000000000000000000 ) ;
#868 = VECTOR ( 'NONE', #2533, 1000.000000000000000 ) ;
#869 = CARTESIAN_POINT ( 'NONE',  ( -13.65000000000000036, 0.9855371297534121222, 6.222436545749373771 ) ) ;
#870 = CARTESIAN_POINT ( 'NONE',  ( -13.65000000000000036, -7.700000000000001066, -7.099999999999998757 ) ) ;
#871 = LINE ( 'NONE', #1811, #1551 ) ;
#872 = ADVANCED_FACE ( 'NONE', ( #329 ), #3278, .F. ) ;
#873 = LINE ( 'NONE', #672, #789 ) ;
#874 = CARTESIAN_POINT ( 'NONE',  ( -32.80821455623738814, 3.499999999999999112, -1.050000000000000488 ) ) ;
#875 = CARTESIAN_POINT ( 'NONE',  ( 23.99999999999999645, -2.000000000000000888, -1.050000000000000044 ) ) ;
#876 = FACE_OUTER_BOUND ( 'NONE', #3015, .T. ) ;
#877 = CARTESIAN_POINT ( 'NONE',  ( 16.64999999999999858, -3.500000000000000888, 1.050000000000000266 ) ) ;
#878 = VERTEX_POINT ( 'NONE', #771 ) ;
#879 = DIRECTION ( 'NONE',  ( 0.0000000000000000000, -1.000000000000000000, 9.293161478447179278E-17 ) ) ;
#880 = MANIFOLD_SOLID_BREP ( 'Mirror1[1]', #1814 ) ;
#881 = DIRECTION ( 'NONE',  ( 0.0000000000000000000, 0.9961946980917452121, 0.08715574274766144103 ) ) ;
#882 = DIRECTION ( 'NONE',  ( 0.0000000000000000000, 0.6156614753256590689, -0.7880107536067213481 ) ) ;
#883 = ORIENTED_EDGE ( 'NONE', *, *, #2804, .F. ) ;
#884 = EDGE_CURVE ( 'NONE', #2565, #662, #1464, .T. ) ;
#885 = VERTEX_POINT ( 'NONE', #526 ) ;
#886 = AXIS2_PLACEMENT_3D ( 'NONE', #2606, #1179, #930 ) ;
#887 = ORIENTED_EDGE ( 'NONE', *, *, #1820, .T. ) ;
#888 = DIRECTION ( 'NONE',  ( 1.000000000000000000, -0.0000000000000000000, 0.0000000000000000000 ) ) ;
#889 = CARTESIAN_POINT ( 'NONE',  ( 13.65000000000000036, 5.283624578056178578, 3.431225920594658252 ) ) ;
#890 = ORIENTED_EDGE ( 'NONE', *, *, #504, .T. ) ;
#891 = ORIENTED_EDGE ( 'NONE', *, *, #2128, .T. ) ;
#892 = ORIENTED_EDGE ( 'NONE', *, *, #2136, .F. ) ;
#893 = CARTESIAN_POINT ( 'NONE',  ( 13.65000000000000036, 6.889099656559580787, 1.717645458757619981 ) ) ;
#894 = EDGE_LOOP ( 'NONE', ( #1848, #2059, #1224, #1164 ) ) ;
#895 = ORIENTED_EDGE ( 'NONE', *, *, #3170, .T. ) ;
#896 = CARTESIAN_POINT ( 'NONE',  ( 11.65000000000000036, -1.224646799147353207E-16, 1.000000000000000000 ) ) ;
#897 = DIRECTION ( 'NONE',  ( 1.000000000000000000, 0.0000000000000000000, -0.0000000000000000000 ) ) ;
#898 = ORIENTED_EDGE ( 'NONE', *, *, #513, .F. ) ;
#899 = EDGE_LOOP ( 'NONE', ( #231, #735, #760, #29 ) ) ;
#900 = FACE_OUTER_BOUND ( 'NONE', #2521, .T. ) ;
#901 = DIRECTION ( 'NONE',  ( 0.0000000000000000000, 0.0000000000000000000, -1.000000000000000000 ) ) ;
#902 = APPLICATION_PROTOCOL_DEFINITION ( 'international standard', 'config_control_design', 1994, #49 ) ;
#903 = CARTESIAN_POINT ( 'NONE',  ( 15.54223521129946484, -3.500000000000000888, 1.050000000000000266 ) ) ;
#905 = AXIS2_PLACEMENT_3D ( 'NONE', #3086, #515, #3650 ) ;
#904 = VECTOR ( 'NONE', #1806, 1000.000000000000000 ) ;
#906 = B_SPLINE_CURVE_WITH_KNOTS ( 'NONE', 3,
 ( #2972, #3131, #2955, #2665 ),
 .UNSPECIFIED., .F., .F.,
 ( 4, 4 ),
 ( 0.0000000000000000000, 1.000000000000000000 ),
 .UNSPECIFIED. ) ;
#907 = CARTESIAN_POINT ( 'NONE',  ( -9.150000000000000355, -7.700000000000001066, 9.900000000000000355 ) ) ;
#908 = LINE ( 'NONE', #153, #2299 ) ;
#909 = ADVANCED_FACE ( 'NONE', ( #1503 ), #599, .T. ) ;
#910 = EDGE_CURVE ( 'NONE', #1547, #3182, #3683, .T. ) ;
#911 = AXIS2_PLACEMENT_3D ( 'NONE', #2263, #1407, #2249 ) ;
#912 = PERSON_AND_ORGANIZATION ( #832, #202 ) ;
#913 = VECTOR ( 'NONE', #1888, 1000.000000000000000 ) ;
#914 = CARTESIAN_POINT ( 'NONE',  ( -16.64999999999999858, -3.500000000000000888, 1.050000000000000266 ) ) ;
#915 = ORIENTED_EDGE ( 'NONE', *, *, #1382, .T. ) ;
#916 = DIRECTION ( 'NONE',  ( 1.000000000000000000, 0.0000000000000000000, 0.0000000000000000000 ) ) ;
#917 = FACE_BOUND ( 'NONE', #1211, .T. ) ;
#918 = CARTESIAN_POINT ( 'NONE',  ( -13.65000000000000036, 2.051079373080092694, -5.956767026275695542 ) ) ;
#919 = DIRECTION ( 'NONE',  ( 0.0000000000000000000, 0.0000000000000000000, 1.000000000000000000 ) ) ;
#920 = DIRECTION ( 'NONE',  ( 1.000000000000000000, 0.0000000000000000000, 0.0000000000000000000 ) ) ;
#921 = DIRECTION ( 'NONE',  ( 1.000000000000000000, -0.0000000000000000000, -0.0000000000000000000 ) ) ;
#922 = CARTESIAN_POINT ( 'NONE',  ( -15.68876725226568958, -0.9261120742307000775, 0.3930619222011826897 ) ) ;
#923 = CIRCLE ( 'NONE', #2591, 7.099999999999999645 ) ;
#924 = EDGE_CURVE ( 'NONE', #3005, #845, #10, .T. ) ;
#925 = CARTESIAN_POINT ( 'NONE',  ( -14.65000000000000036, 0.0000000000000000000, 0.0000000000000000000 ) ) ;
#926 = ADVANCED_FACE ( 'NONE', ( #2260 ), #1088, .F. ) ;
#927 = DIRECTION ( 'NONE',  ( 1.000000000000000000, -0.0000000000000000000, 0.0000000000000000000 ) ) ;
#928 = VERTEX_POINT ( 'NONE', #1657 ) ;
#929 = AXIS2_PLACEMENT_3D ( 'NONE', #1134, #1731, #2835 ) ;
#930 = DIRECTION ( 'NONE',  ( 0.0000000000000000000, 0.0000000000000000000, -1.000000000000000000 ) ) ;
#931 = CIRCLE ( 'NONE', #1797, 1.000000000000000000 ) ;
#932 = ORIENTED_EDGE ( 'NONE', *, *, #1641, .F. ) ;
#933 = EDGE_LOOP ( 'NONE', ( #1452, #235, #1167, #1580 ) ) ;
#934 = CARTESIAN_POINT ( 'NONE',  ( 15.68876544982700239, -0.9261120742307000775, -0.3930619222011829672 ) ) ;
#935 = EDGE_LOOP ( 'NONE', ( #3492, #3280, #177, #424 ) ) ;
#936 = EDGE_LOOP ( 'NONE', ( #2510, #2638, #1029, #1131 ) ) ;
#937 = ORIENTED_EDGE ( 'NONE', *, *, #1560, .T. ) ;
#938 = DIRECTION ( 'NONE',  ( 0.0000000000000000000, 1.000000000000000000, -1.126443815569355400E-16 ) ) ;
#939 = ORIENTED_EDGE ( 'NONE', *, *, #924, .F. ) ;
#940 = ADVANCED_FACE ( 'NONE', ( #3066 ), #1675, .F. ) ;
#941 = ORIENTED_EDGE ( 'NONE', *, *, #161, .F. ) ;
#942 = CARTESIAN_POINT ( 'NONE',  ( 13.65000000000000036, -1.499999999999999334, -6.299999999999999822 ) ) ;
#943 = DIRECTION ( 'NONE',  ( -0.0000000000000000000, 1.000000000000000000, -0.0000000000000000000 ) ) ;
#944 = VERTEX_POINT ( 'NONE', #1950 ) ;
#945 = CARTESIAN_POINT ( 'NONE',  ( 32.80821455623738814, -3.500000000000000888, -1.050000000000000044 ) ) ;
#946 = ORIENTED_EDGE ( 'NONE', *, *, #1876, .F. ) ;
#947 = DIRECTION ( 'NONE',  ( 1.000000000000000000, 0.0000000000000000000, 0.0000000000000000000 ) ) ;
#948 = VECTOR ( 'NONE', #774, 1000.000000000000000 ) ;
#949 = EDGE_CURVE ( 'NONE', #1886, #33, #730, .T. ) ;
#950 = VECTOR ( 'NONE', #3631, 1000.000000000000000 ) ;
#951 = CARTESIAN_POINT ( 'NONE',  ( -13.65000000000000036, -1.500000000000000888, 7.099999999999999645 ) ) ;
#952 = AXIS2_PLACEMENT_3D ( 'NONE', #2411, #463, #981 ) ;
#953 = LINE ( 'NONE', #1815, #1184 ) ;
#954 = CARTESIAN_POINT ( 'NONE',  ( 23.99999999999999645, -3.500000000000000888, -1.050000000000000044 ) ) ;
#955 = DIRECTION ( 'NONE',  ( -1.000000000000000000, -0.0000000000000000000, -0.0000000000000000000 ) ) ;
#956 = ORIENTED_EDGE ( 'NONE', *, *, #1759, .F. ) ;
#957 = DIRECTION ( 'NONE',  ( -1.000000000000000000, 0.0000000000000000000, 0.0000000000000000000 ) ) ;
#958 = VECTOR ( 'NONE', #829, 1000.000000000000000 ) ;
#959 = EDGE_CURVE ( 'NONE', #2417, #2055, #2441, .T. ) ;
#960 = AXIS2_PLACEMENT_3D ( 'NONE', #3566, #2720, #1865 ) ;
#961 = LINE ( 'NONE', #2943, #1286 ) ;
#962 = DIRECTION ( 'NONE',  ( 0.0000000000000000000, 0.9961946980917452121, -0.08715574274766310636 ) ) ;
#963 = CARTESIAN_POINT ( 'NONE',  ( -16.64999999999999858, 3.499999999999999112, -1.050000000000000488 ) ) ;
#964 = ORIENTED_EDGE ( 'NONE', *, *, #3343, .T. ) ;
#965 = DIRECTION ( 'NONE',  ( 0.0000000000000000000, 0.0000000000000000000, -1.000000000000000000 ) ) ;
#966 = VECTOR ( 'NONE', #897, 1000.000000000000000 ) ;
#967 = ADVANCED_FACE ( 'NONE', ( #2577 ), #3392, .F. ) ;
#968 = DIRECTION ( 'NONE',  ( 0.0000000000000000000, 0.9135454576425984241, -0.4067366430758054818 ) ) ;
#969 = FACE_OUTER_BOUND ( 'NONE', #488, .T. ) ;
#970 = CARTESIAN_POINT ( 'NONE',  ( 32.80821455623738814, 3.499999999999999112, -1.050000000000000488 ) ) ;
#971 = ADVANCED_FACE ( 'NONE', ( #287 ), #3266, .F. ) ;
#972 = DIRECTION ( 'NONE',  ( 0.0000000000000000000, 0.1564344650402247072, 0.9876883405951386585 ) ) ;
#973 = DIRECTION ( 'NONE',  ( -1.000000000000000000, -0.0000000000000000000, -0.0000000000000000000 ) ) ;
#974 = DIRECTION ( 'NONE',  ( 1.000000000000000000, 0.0000000000000000000, 0.0000000000000000000 ) ) ;
#975 = CARTESIAN_POINT ( 'NONE',  ( -13.64999999999999858, -5.100000000000001421, 7.099999999999999645 ) ) ;
#976 = EDGE_CURVE ( 'NONE', #2401, #1570, #192, .T. ) ;
#977 = CARTESIAN_POINT ( 'NONE',  ( 15.68876725226568958, -0.9261120742307000775, 0.3930619222011826897 ) ) ;
#978 = ORIENTED_EDGE ( 'NONE', *, *, #3560, .T. ) ;
#979 = ORIENTED_EDGE ( 'NONE', *, *, #1607, .F. ) ;
#980 = ORIENTED_EDGE ( 'NONE', *, *, #2162, .F. ) ;
#981 = DIRECTION ( 'NONE',  ( 0.0000000000000000000, 0.0000000000000000000, 1.000000000000000000 ) ) ;
#982 = EDGE_CURVE ( 'NONE', #717, #3659, #1326, .T. ) ;
#983 = ORIENTED_EDGE ( 'NONE', *, *, #2018, .T. ) ;
#984 = AXIS2_PLACEMENT_3D ( 'NONE', #2332, #1116, #12 ) ;
#985 = CARTESIAN_POINT ( 'NONE',  ( -11.65000000000000036, 0.0000000000000000000, 0.0000000000000000000 ) ) ;
#986 = VERTEX_POINT ( 'NONE', #1316 ) ;
#987 = CARTESIAN_POINT ( 'NONE',  ( -23.99999999999999645, 3.499999999999999112, 1.049999999999999378 ) ) ;
#988 = ADVANCED_FACE ( 'NONE', ( #1807 ), #139, .T. ) ;
#989 = ORIENTED_EDGE ( 'NONE', *, *, #2116, .T. ) ;
#990 = ORIENTED_EDGE ( 'NONE', *, *, #3409, .F. ) ;
#991 = CARTESIAN_POINT ( 'NONE',  ( 25.50000000000000000, -2.000000000000000444, 1.050000000000000044 ) ) ;
#992 = CARTESIAN_POINT ( 'NONE',  ( -16.01793153886510623, -1.734723475976807094E-15, 1.049999999999997602 ) ) ;
#993 = CC_DESIGN_PERSON_AND_ORGANIZATION_ASSIGNMENT ( #2981, #3204, ( #3371 ) ) ;
#994 = VERTEX_POINT ( 'NONE', #1897 ) ;
#995 = ORIENTED_EDGE ( 'NONE', *, *, #2314, .F. ) ;
#996 = CARTESIAN_POINT ( 'NONE',  ( 13.65000000000000036, -2.700000000000001066, 7.099999999999999645 ) ) ;
#997 = CARTESIAN_POINT ( 'NONE',  ( 15.93093873793309179, -1.458333333333334370, 1.050000000000001377 ) ) ;
#998 = FACE_BOUND ( 'NONE', #1526, .T. ) ;
#999 = CARTESIAN_POINT ( 'NONE',  ( -13.65000000000000036, 3.878667294551654265, 4.964467747722343560 ) ) ;
#1000 = CARTESIAN_POINT ( 'NONE',  ( 13.65000000000000036, -8.694992273946207746E-16, 7.099999999999999645 ) ) ;
#1001 = CARTESIAN_POINT ( 'NONE',  ( -14.65000000000000036, -0.9578262852211514300, -0.2873478855663452736 ) ) ;
#1002 = VECTOR ( 'NONE', #1312, 1000.000000000000000 ) ;
#1003 = MANIFOLD_SOLID_BREP ( 'Mirror1[2]', #1507 ) ;
#1005 = EDGE_CURVE ( 'NONE', #1450, #848, #908, .T. ) ;
#1004 = FACE_OUTER_BOUND ( 'NONE', #1120, .T. ) ;
#1006 = CARTESIAN_POINT ( 'NONE',  ( 13.65000000000000036, 0.0000000000000000000, 0.0000000000000000000 ) ) ;
#1007 = CARTESIAN_POINT ( 'NONE',  ( 15.55077217939602185, -0.8286028721011569065, 0.5877631916096734965 ) ) ;
#1008 = VECTOR ( 'NONE', #888, 1000.000000000000000 ) ;
#1009 = ADVANCED_FACE ( 'NONE', ( #1543 ), #2343, .F. ) ;
#1010 = VECTOR ( 'NONE', #1112, 1000.000000000000000 ) ;
#1011 = CARTESIAN_POINT ( 'NONE',  ( -13.65000000000000036, 3.333248095779788311, 6.268927909298400714 ) ) ;
#1012 = CARTESIAN_POINT ( 'NONE',  ( 9.150000000000000355, -5.100000000000001421, -9.900000000000000355 ) ) ;
#1013 = VECTOR ( 'NONE', #53, 1000.000000000000000 ) ;
#1014 = EDGE_CURVE ( 'NONE', #2833, #717, #2974, .T. ) ;
#1015 = VECTOR ( 'NONE', #1856, 1000.000000000000000 ) ;
#1016 = CIRCLE ( 'NONE', #3033, 6.300000000000000711 ) ;
#1017 = CARTESIAN_POINT ( 'NONE',  ( -9.150000000000000355, -5.100000000000001421, 9.900000000000000355 ) ) ;
#1018 = ORIENTED_EDGE ( 'NONE', *, *, #1196, .F. ) ;
#1019 = CARTESIAN_POINT ( 'NONE',  ( 13.65000000000000036, 0.0000000000000000000, 0.0000000000000000000 ) ) ;
#1020 = DIRECTION ( 'NONE',  ( 0.0000000000000000000, 1.000000000000000000, -0.0000000000000000000 ) ) ;
#1021 = CARTESIAN_POINT ( 'NONE',  ( 13.65000000000000036, 1.626303258728256651E-15, -6.299999999999999822 ) ) ;
#1022 = EDGE_CURVE ( 'NONE', #323, #994, #2844, .T. ) ;
#1023 = ADVANCED_FACE ( 'NONE', ( #1723 ), #1885, .F. ) ;
#1024 = DIRECTION ( 'NONE',  ( 0.0000000000000000000, -1.000000000000000000, 1.445602896647339163E-16 ) ) ;
#1025 = ORIENTED_EDGE ( 'NONE', *, *, #3424, .F. ) ;
#1026 = CARTESIAN_POINT ( 'NONE',  ( 13.65000000000000036, -3.500000000000000888, 7.099999999999999645 ) ) ;
#1027 = CYLINDRICAL_SURFACE ( 'NONE', #1872, 6.299999999999999822 ) ;
#1028 = VERTEX_POINT ( 'NONE', #2450 ) ;
#1029 = ORIENTED_EDGE ( 'NONE', *, *, #1343, .T. ) ;
#1030 = AXIS2_PLACEMENT_3D ( 'NONE', #1923, #210, #1574 ) ;
#1031 = CARTESIAN_POINT ( 'NONE',  ( 13.65000000000000036, 0.0000000000000000000, 0.0000000000000000000 ) ) ;
#1032 = ORIENTED_EDGE ( 'NONE', *, *, #2426, .F. ) ;
#1033 = VERTEX_POINT ( 'NONE', #3349 ) ;
#1034 = DIRECTION ( 'NONE',  ( -1.000000000000000000, -0.0000000000000000000, -0.0000000000000000000 ) ) ;
#1035 = DIRECTION ( 'NONE',  ( -1.000000000000000000, 0.0000000000000000000, 0.0000000000000000000 ) ) ;
#1036 = ORIENTED_EDGE ( 'NONE', *, *, #2612, .T. ) ;
#1037 = EDGE_CURVE ( 'NONE', #2474, #548, #1141, .T. ) ;
#1039 = ORIENTED_EDGE ( 'NONE', *, *, #112, .T. ) ;
#1038 = AXIS2_PLACEMENT_3D ( 'NONE', #1662, #217, #248 ) ;
#1040 = CARTESIAN_POINT ( 'NONE',  ( 23.99999999999999645, 3.499999999999999112, -1.050000000000000488 ) ) ;
#1041 = ORIENTED_EDGE ( 'NONE', *, *, #2185, .F. ) ;
#1042 = DIRECTION ( 'NONE',  ( 0.0000000000000000000, 0.0000000000000000000, 1.000000000000000000 ) ) ;
#1043 = EDGE_LOOP ( 'NONE', ( #2690, #3223, #2561, #2430, #221, #496 ) ) ;
#1044 = ORIENTED_EDGE ( 'NONE', *, *, #2809, .F. ) ;
#1045 = LINE ( 'NONE', #2245, #3462 ) ;
#1046 = CARTESIAN_POINT ( 'NONE',  ( 14.65000000000000036, 1.014055973780548126, 0.09991559036835628849 ) ) ;
#1047 = ADVANCED_FACE ( 'NONE', ( #3419 ), #2166, .T. ) ;
#1048 = VECTOR ( 'NONE', #2811, 1000.000000000000000 ) ;
#1049 = CARTESIAN_POINT ( 'NONE',  ( -9.150000000000000355, -7.700000000000001066, 8.300000000000002487 ) ) ;
#1050 = CARTESIAN_POINT ( 'NONE',  ( -16.64999999999999858, -3.500000000000000888, -1.050000000000000044 ) ) ;
#1051 = VECTOR ( 'NONE', #3246, 1000.000000000000000 ) ;
#1052 = DIRECTION ( 'NONE',  ( 0.0000000000000000000, 0.0000000000000000000, 1.000000000000000000 ) ) ;
#1053 = AXIS2_PLACEMENT_3D ( 'NONE', #1979, #3427, #246 ) ;
#1054 = LINE ( 'NONE', #380, #3695 ) ;
#1055 = EDGE_CURVE ( 'NONE', #1569, #1893, #54, .T. ) ;
#1056 = AXIS2_PLACEMENT_3D ( 'NONE', #2797, #2180, #482 ) ;
#1057 = PLANE ( 'NONE',  #1140 ) ;
#1058 = CARTESIAN_POINT ( 'NONE',  ( -13.65000000000000036, -4.700000000000001066, 6.299999999999999822 ) ) ;
#1059 = FACE_OUTER_BOUND ( 'NONE', #1891, .T. ) ;
#1060 = LINE ( 'NONE', #211, #3480 ) ;
#1061 = AXIS2_PLACEMENT_3D ( 'NONE', #3093, #1670, #2813 ) ;
#1062 = CARTESIAN_POINT ( 'NONE',  ( -15.54223521129946306, 3.499999999999999112, -1.050000000000000488 ) ) ;
#1063 = CARTESIAN_POINT ( 'NONE',  ( -23.50000000000000355, 2.449293598294711838E-16, 1.049999999999998934 ) ) ;
#1064 = ORIENTED_EDGE ( 'NONE', *, *, #3458, .F. ) ;
#1065 = DIRECTION ( 'NONE',  ( -1.000000000000000000, -0.0000000000000000000, -0.0000000000000000000 ) ) ;
#1066 = ORIENTED_EDGE ( 'NONE', *, *, #2673, .F. ) ;
#1067 = CARTESIAN_POINT ( 'NONE',  ( 23.99999999999999645, -2.000000000000000888, 1.050000000000000266 ) ) ;
#1068 = CARTESIAN_POINT ( 'NONE',  ( -25.50000000000000000, 3.499999999999999112, -1.050000000000000488 ) ) ;
#1069 = FACE_OUTER_BOUND ( 'NONE', #3662, .T. ) ;
#1070 = ORIENTED_EDGE ( 'NONE', *, *, #316, .T. ) ;
#1071 = CARTESIAN_POINT ( 'NONE',  ( -13.65000000000000036, 5.283624578056178578, 3.431225920594658252 ) ) ;
#1072 = ORIENTED_EDGE ( 'NONE', *, *, #3046, .F. ) ;
#1073 = DIRECTION ( 'NONE',  ( -1.257045997084642858E-16, 0.0000000000000000000, 1.000000000000000000 ) ) ;
#1074 = EDGE_CURVE ( 'NONE', #2367, #274, #3336, .T. ) ;
#1075 = ORIENTED_EDGE ( 'NONE', *, *, #2994, .F. ) ;
#1076 = DIRECTION ( 'NONE',  ( 1.000000000000000000, 0.0000000000000000000, 0.0000000000000000000 ) ) ;
#1077 = ORIENTED_EDGE ( 'NONE', *, *, #1750, .F. ) ;
#1078 = EDGE_LOOP ( 'NONE', ( #224, #1747, #2722, #2592 ) ) ;
#1079 = DIRECTION ( 'NONE',  ( -0.0000000000000000000, -0.0000000000000000000, -1.000000000000000000 ) ) ;
#1080 = DIRECTION ( 'NONE',  ( 0.0000000000000000000, -1.000000000000000000, -1.126443815569355400E-16 ) ) ;
#1081 = ORIENTED_EDGE ( 'NONE', *, *, #564, .T. ) ;
#1082 = ORIENTED_EDGE ( 'NONE', *, *, #2234, .F. ) ;
#1083 = CARTESIAN_POINT ( 'NONE',  ( 16.64999999999999858, 3.499999999999999112, 0.3499999999999993672 ) ) ;
#1084 = ORIENTED_EDGE ( 'NONE', *, *, #316, .F. ) ;
#1085 = ORIENTED_EDGE ( 'NONE', *, *, #2092, .F. ) ;
#1086 = DIRECTION ( 'NONE',  ( 1.000000000000000000, 0.0000000000000000000, 0.0000000000000000000 ) ) ;
#1087 = EDGE_CURVE ( 'NONE', #3627, #2636, #638, .T. ) ;
#1088 = PLANE ( 'NONE',  #268 ) ;
#1089 = LINE ( 'NONE', #846, #3224 ) ;
#1090 = CARTESIAN_POINT ( 'NONE',  ( 13.65000000000000036, 0.0000000000000000000, 0.0000000000000000000 ) ) ;
#1091 = CARTESIAN_POINT ( 'NONE',  ( 25.50000000000000000, 1.999999999999999112, 1.049999999999999600 ) ) ;
#1092 = LINE ( 'NONE', #1287, #3021 ) ;
#1093 = CARTESIAN_POINT ( 'NONE',  ( 13.65000000000000036, 6.112863075538782276, 1.524107942277888927 ) ) ;
#1094 = CARTESIAN_POINT ( 'NONE',  ( -13.65000000000000036, -3.499999999999999556, -6.299999999999999822 ) ) ;
#1095 = LINE ( 'NONE', #1267, #2121 ) ;
#1096 = VERTEX_POINT ( 'NONE', #2476 ) ;
#1097 = COORDINATED_UNIVERSAL_TIME_OFFSET ( 0, 0, .AHEAD. ) ;
#1098 = DIRECTION ( 'NONE',  ( 1.000000000000000000, -0.0000000000000000000, 0.0000000000000000000 ) ) ;
#1099 = VECTOR ( 'NONE', #3111, 1000.000000000000000 ) ;
#1100 = CARTESIAN_POINT ( 'NONE',  ( -13.65000000000000036, -1.836970198721029688E-16, 6.299999999999998934 ) ) ;
#1101 = LINE ( 'NONE', #794, #2172 ) ;
#1102 = CARTESIAN_POINT ( 'NONE',  ( -15.93093873793306692, 1.458333333333333037, -1.050000000000001377 ) ) ;
#1103 = CARTESIAN_POINT ( 'NONE',  ( -13.65000000000000036, 0.0000000000000000000, 0.0000000000000000000 ) ) ;
#1104 = AXIS2_PLACEMENT_3D ( 'NONE', #875, #2053, #916 ) ;
#1105 = DIRECTION ( 'NONE',  ( 0.0000000000000000000, 0.0000000000000000000, -1.000000000000000000 ) ) ;
#1106 = CARTESIAN_POINT ( 'NONE',  ( -13.65000000000000036, -8.694992273946207746E-16, 7.099999999999999645 ) ) ;
#1107 = FACE_OUTER_BOUND ( 'NONE', #1490, .T. ) ;
#1108 = CARTESIAN_POINT ( 'NONE',  ( -13.65000000000000036, -3.500000000000000888, 6.299999999999999822 ) ) ;
#1109 = FACE_OUTER_BOUND ( 'NONE', #3703, .T. ) ;
#1110 = EDGE_CURVE ( 'NONE', #800, #751, #3023, .T. ) ;
#1111 = AXIS2_PLACEMENT_3D ( 'NONE', #595, #2594, #1171 ) ;
#1112 = DIRECTION ( 'NONE',  ( -0.0000000000000000000, -0.0000000000000000000, -1.000000000000000000 ) ) ;
#1113 = LINE ( 'NONE', #3265, #1340 ) ;
#1114 = CARTESIAN_POINT ( 'NONE',  ( -15.28206846113489092, -0.0001038342415711100350, -1.073273640095047332 ) ) ;
#1115 = VERTEX_POINT ( 'NONE', #1666 ) ;
#1116 = DIRECTION ( 'NONE',  ( 1.000000000000000000, 0.0000000000000000000, 0.0000000000000000000 ) ) ;
#1117 = DIRECTION ( 'NONE',  ( -1.000000000000000000, 0.0000000000000000000, 0.0000000000000000000 ) ) ;
#1118 = CARTESIAN_POINT ( 'NONE',  ( 13.65000000000000036, 2.051079373080090917, 5.956767026275694654 ) ) ;
#1119 = DIRECTION ( 'NONE',  ( 0.0000000000000000000, 0.0000000000000000000, 1.000000000000000000 ) ) ;
#1120 = EDGE_LOOP ( 'NONE', ( #3525, #2250 ) ) ;
#1121 = DIRECTION ( 'NONE',  ( 1.000000000000000000, -0.0000000000000000000, -0.0000000000000000000 ) ) ;
#1122 = ADVANCED_FACE ( 'NONE', ( #3502 ), #862, .F. ) ;
#1123 = EDGE_LOOP ( 'NONE', ( #2509, #473, #1572, #3142 ) ) ;
#1124 = ORIENTED_EDGE ( 'NONE', *, *, #1898, .F. ) ;
#1125 = ORIENTED_EDGE ( 'NONE', *, *, #479, .F. ) ;
#1126 = APPROVAL_ROLE ( '' ) ;
#1127 = ORIENTED_EDGE ( 'NONE', *, *, #2455, .T. ) ;
#1128 = VERTEX_POINT ( 'NONE', #1338 ) ;
#1129 = EDGE_CURVE ( 'NONE', #2937, #201, #2486, .T. ) ;
#1130 = CARTESIAN_POINT ( 'NONE',  ( -15.75776478870053587, -0.9578262852211514300, -0.2873478855663452736 ) ) ;
#1131 = ORIENTED_EDGE ( 'NONE', *, *, #2234, .T. ) ;
#1132 = EDGE_LOOP ( 'NONE', ( #887, #3401, #2604, #3316, #2432, #2188 ) ) ;
#1133 = VERTEX_POINT ( 'NONE', #3663 ) ;
#1134 = CARTESIAN_POINT ( 'NONE',  ( 13.65000000000000036, 0.0000000000000000000, 0.0000000000000000000 ) ) ;
#1136 = ORIENTED_EDGE ( 'NONE', *, *, #3355, .F. ) ;
#1135 = AXIS2_PLACEMENT_3D ( 'NONE', #3244, #363, #2362 ) ;
#1137 = CARTESIAN_POINT ( 'NONE',  ( 15.54223521129946306, 3.499999999999999112, -1.050000000000000488 ) ) ;
#1138 = ORIENTED_EDGE ( 'NONE', *, *, #1110, .T. ) ;
#1139 = VECTOR ( 'NONE', #799, 999.9999999999998863 ) ;
#1140 = AXIS2_PLACEMENT_3D ( 'NONE', #2516, #3351, #3081 ) ;
#1141 = CIRCLE ( 'NONE', #1589, 1.599999999999998979 ) ;
#1142 = CARTESIAN_POINT ( 'NONE',  ( -16.64999999999999858, 3.208333333333332149, -1.050000000000000488 ) ) ;
#1143 = CARTESIAN_POINT ( 'NONE',  ( -13.64999999999999858, -5.100000000000001421, 14.00000000000000000 ) ) ;
#1144 = LOCAL_TIME ( 10, 12, 9.000000000000000000, #3645 ) ;
#1145 = PLANE ( 'NONE',  #358 ) ;
#1146 = PRODUCT_RELATED_PRODUCT_CATEGORY ( 'detail', '', ( #1515 ) ) ;
#1147 = FACE_BOUND ( 'NONE', #306, .T. ) ;
#1148 = ORIENTED_EDGE ( 'NONE', *, *, #1455, .T. ) ;
#1149 = DIRECTION ( 'NONE',  ( 0.0000000000000000000, 0.0000000000000000000, -1.000000000000000000 ) ) ;
#1150 = SHAPE_DEFINITION_REPRESENTATION ( #2883, #614 ) ;
#1151 = ORIENTED_EDGE ( 'NONE', *, *, #2036, .T. ) ;
#1152 = VECTOR ( 'NONE', #36, 1000.000000000000000 ) ;
#1153 = EDGE_CURVE ( 'NONE', #396, #2113, #2210, .T. ) ;
#1154 = VECTOR ( 'NONE', #2935, 1000.000000000000114 ) ;
#1155 = AXIS2_PLACEMENT_3D ( 'NONE', #2233, #1910, #3067 ) ;
#1156 = VECTOR ( 'NONE', #2908, 1000.000000000000000 ) ;
#1157 = DIRECTION ( 'NONE',  ( 1.000000000000000000, 0.0000000000000000000, 0.0000000000000000000 ) ) ;
#1158 = EDGE_CURVE ( 'NONE', #1483, #2519, #566, .T. ) ;
#1159 = EDGE_LOOP ( 'NONE', ( #1487, #995, #3453, #2475 ) ) ;
#1160 = CARTESIAN_POINT ( 'NONE',  ( -13.65000000000000036, 2.051079373080090917, 5.956767026275694654 ) ) ;
#1161 = VERTEX_POINT ( 'NONE', #2207 ) ;
#1162 = DIRECTION ( 'NONE',  ( 0.0000000000000000000, 0.0000000000000000000, 1.000000000000000000 ) ) ;
#1163 = ORIENTED_EDGE ( 'NONE', *, *, #220, .T. ) ;
#1164 = ORIENTED_EDGE ( 'NONE', *, *, #1726, .F. ) ;
#1165 = CARTESIAN_POINT ( 'NONE',  ( -14.65000000000000036, 0.9578262852211514300, -0.2873478855663454956 ) ) ;
#1166 = VERTEX_POINT ( 'NONE', #3360 ) ;
#1167 = ORIENTED_EDGE ( 'NONE', *, *, #303, .F. ) ;
#1168 = VERTEX_POINT ( 'NONE', #471 ) ;
#1169 = DIRECTION ( 'NONE',  ( 1.000000000000000000, -0.0000000000000000000, -0.0000000000000000000 ) ) ;
#1170 = VERTEX_POINT ( 'NONE', #2511 ) ;
#1171 = DIRECTION ( 'NONE',  ( 0.0000000000000000000, -0.0000000000000000000, -1.000000000000000000 ) ) ;
#1172 = EDGE_LOOP ( 'NONE', ( #1786, #2052, #2290, #551 ) ) ;
#1173 = VERTEX_POINT ( 'NONE', #1933 ) ;
#1174 = CARTESIAN_POINT ( 'NONE',  ( -13.65000000000000036, 5.954561032412520660, 3.866937148606677699 ) ) ;
#1175 = ORIENTED_EDGE ( 'NONE', *, *, #860, .T. ) ;
#1176 = EDGE_CURVE ( 'NONE', #1161, #1213, #3242, .T. ) ;
#1177 = CARTESIAN_POINT ( 'NONE',  ( -13.65000000000000036, 2.051079373080092694, -5.956767026275695542 ) ) ;
#1178 = VECTOR ( 'NONE', #3373, 1000.000000000000000 ) ;
#1179 = DIRECTION ( 'NONE',  ( 1.000000000000000000, 0.0000000000000000000, -0.0000000000000000000 ) ) ;
#1180 = EDGE_CURVE ( 'NONE', #1404, #1170, #1461, .T. ) ;
#1181 = AXIS2_PLACEMENT_3D ( 'NONE', #1210, #2643, #3214 ) ;
#1182 = CIRCLE ( 'NONE', #2859, 4.599999999999999645 ) ;
#1183 = ADVANCED_FACE ( 'NONE', ( #1989 ), #1431, .F. ) ;
#1184 = VECTOR ( 'NONE', #1238, 1000.000000000000000 ) ;
#1185 = DIRECTION ( 'NONE',  ( 1.000000000000000000, -0.0000000000000000000, -0.0000000000000000000 ) ) ;
#1186 = AXIS2_PLACEMENT_3D ( 'NONE', #3342, #1631, #1900 ) ;
#1187 = APPROVAL_STATUS ( 'not_yet_approved' ) ;
#1188 = VERTEX_POINT ( 'NONE', #1380 ) ;
#1189 = COORDINATED_UNIVERSAL_TIME_OFFSET ( 0, 0, .AHEAD. ) ;
#1190 = FACE_OUTER_BOUND ( 'NONE', #2524, .T. ) ;
#1191 = CARTESIAN_POINT ( 'NONE',  ( -3.650000000000001243, -5.100000000000001421, 14.00000000000000000 ) ) ;
#1192 = CARTESIAN_POINT ( 'NONE',  ( -13.65000000000000036, 5.755336383148374146, -2.562440851377567164 ) ) ;
#1193 = CARTESIAN_POINT ( 'NONE',  ( -13.65000000000000036, 6.276026597977995891, 0.5490811793102707838 ) ) ;
#1194 = VECTOR ( 'NONE', #2311, 1000.000000000000000 ) ;
#1195 = VECTOR ( 'NONE', #1169, 1000.000000000000000 ) ;
#1196 = EDGE_CURVE ( 'NONE', #1309, #1166, #2119, .T. ) ;
#1197 = DIRECTION ( 'NONE',  ( 0.0000000000000000000, 0.7313537016191672402, 0.6819983600625020292 ) ) ;
#1198 = FACE_OUTER_BOUND ( 'NONE', #669, .T. ) ;
#1199 = CARTESIAN_POINT ( 'NONE',  ( -13.65000000000000036, 0.0000000000000000000, 0.0000000000000000000 ) ) ;
#1200 = CARTESIAN_POINT ( 'NONE',  ( -13.65000000000000036, 5.192611281496084530, -4.842188356443767994 ) ) ;
#1201 = VECTOR ( 'NONE', #2062, 1000.000000000000000 ) ;
#1202 = EDGE_CURVE ( 'NONE', #1033, #3405, #2748, .T. ) ;
#1203 = ADVANCED_FACE ( 'NONE', ( #469 ), #838, .F. ) ;
#1204 = CARTESIAN_POINT ( 'NONE',  ( 16.64999999999999858, -3.500000000000000888, -1.050000000000000044 ) ) ;
#1205 = CARTESIAN_POINT ( 'NONE',  ( -3.650000000000001243, -7.700000000000001066, 14.00000000000000000 ) ) ;
#1206 = ORIENTED_EDGE ( 'NONE', *, *, #2224, .T. ) ;
#1207 = EDGE_CURVE ( 'NONE', #3576, #226, #2652, .T. ) ;
#1208 = AXIS2_PLACEMENT_3D ( 'NONE', #907, #2312, #1485 ) ;
#1209 = CARTESIAN_POINT ( 'NONE',  ( 13.65000000000000036, 3.878667294551655598, -4.964467747722342672 ) ) ;
#1210 = CARTESIAN_POINT ( 'NONE',  ( -14.65000000000000036, 0.0000000000000000000, 0.0000000000000000000 ) ) ;
#1211 = EDGE_LOOP ( 'NONE', ( #307, #2785 ) ) ;
#1212 = EDGE_LOOP ( 'NONE', ( #2727, #3057, #1138, #3588 ) ) ;
#1213 = VERTEX_POINT ( 'NONE', #3065 ) ;
#1214 = DIRECTION ( 'NONE',  ( 1.000000000000000000, 0.0000000000000000000, -0.0000000000000000000 ) ) ;
#1215 = ORIENTED_EDGE ( 'NONE', *, *, #2960, .F. ) ;
#1216 = DIRECTION ( 'NONE',  ( 0.0000000000000000000, 1.000000000000000000, -1.084202172485502708E-16 ) ) ;
#1217 = EDGE_LOOP ( 'NONE', ( #779, #2683, #30, #313 ) ) ;
#1218 = DIRECTION ( 'NONE',  ( 0.0000000000000000000, 0.0000000000000000000, 1.000000000000000000 ) ) ;
#1219 = ORIENTED_EDGE ( 'NONE', *, *, #3509, .F. ) ;
#1220 = ORIENTED_EDGE ( 'NONE', *, *, #118, .F. ) ;
#1221 = DIRECTION ( 'NONE',  ( 0.0000000000000000000, 9.293161478447179278E-17, 1.000000000000000000 ) ) ;
#1222 = ORIENTED_EDGE ( 'NONE', *, *, #3572, .F. ) ;
#1223 = CARTESIAN_POINT ( 'NONE',  ( 13.65000000000000036, 3.878667294551655598, -4.964467747722342672 ) ) ;
#1224 = ORIENTED_EDGE ( 'NONE', *, *, #2960, .T. ) ;
#1225 = EDGE_LOOP ( 'NONE', ( #2907, #3370, #2914, #586 ) ) ;
#1226 = VECTOR ( 'NONE', #2280, 1000.000000000000000 ) ;
#1227 = CARTESIAN_POINT ( 'NONE',  ( -13.65000000000000036, 0.0000000000000000000, 0.0000000000000000000 ) ) ;
#1228 = DIRECTION ( 'NONE',  ( -1.000000000000000000, -0.0000000000000000000, -0.0000000000000000000 ) ) ;
#1229 = CIRCLE ( 'NONE', #2456, 7.099999999999999645 ) ;
#1230 = CARTESIAN_POINT ( 'NONE',  ( 13.65000000000000036, 2.051079373080092694, -5.956767026275695542 ) ) ;
#1231 = EDGE_CURVE ( 'NONE', #722, #2240, #96, .T. ) ;
#1232 = CALENDAR_DATE ( 2018, 16, 11 ) ;
#1233 = LINE ( 'NONE', #2628, #2536 ) ;
#1234 = CARTESIAN_POINT ( 'NONE',  ( 15.54223521129946484, 3.499999999999999112, 1.049999999999999378 ) ) ;
#1235 = DIRECTION ( 'NONE',  ( -1.000000000000000000, 0.0000000000000000000, 0.0000000000000000000 ) ) ;
#1236 = VECTOR ( 'NONE', #434, 1000.000000000000000 ) ;
#1237 = CARTESIAN_POINT ( 'NONE',  ( -13.65000000000000036, 3.333248095779787423, -6.268927909298401602 ) ) ;
#1238 = DIRECTION ( 'NONE',  ( 1.000000000000000000, 0.0000000000000000000, -0.0000000000000000000 ) ) ;
#1239 = CARTESIAN_POINT ( 'NONE',  ( 13.65000000000000036, -3.500000000000000888, 6.299999999999999822 ) ) ;
#1240 = VECTOR ( 'NONE', #3113, 1000.000000000000000 ) ;
#1241 = DIRECTION ( 'NONE',  ( 0.0000000000000000000, 0.0000000000000000000, -1.000000000000000000 ) ) ;
#1242 = VECTOR ( 'NONE', #1370, 1000.000000000000000 ) ;
#1243 = AXIS2_PLACEMENT_3D ( 'NONE', #3475, #1246, #2071 ) ;
#1244 = ORIENTED_EDGE ( 'NONE', *, *, #3267, .T. ) ;
#1245 = DIRECTION ( 'NONE',  ( 0.0000000000000000000, 1.000000000000000000, -1.548860246407863583E-16 ) ) ;
#1246 = DIRECTION ( 'NONE',  ( -0.0000000000000000000, -9.293161478447179278E-17, -1.000000000000000000 ) ) ;
#1247 = EDGE_CURVE ( 'NONE', #404, #3103, #371, .T. ) ;
#1248 = ORIENTED_EDGE ( 'NONE', *, *, #1499, .T. ) ;
#1249 = AXIS2_PLACEMENT_3D ( 'NONE', #2415, #973, #2161 ) ;
#1250 = DIRECTION ( 'NONE',  ( 0.0000000000000000000, -1.000000000000000000, -1.445602896647339311E-15 ) ) ;
#1251 = FACE_OUTER_BOUND ( 'NONE', #1525, .T. ) ;
#1252 = ADVANCED_FACE ( 'NONE', ( #2073 ), #3203, .T. ) ;
#1253 = EDGE_LOOP ( 'NONE', ( #2481, #1448, #1492, #1426 ) ) ;
#1254 = ORIENTED_EDGE ( 'NONE', *, *, #3001, .F. ) ;
#1255 = CARTESIAN_POINT ( 'NONE',  ( 16.65000000000000213, -2.625000000000000444, -1.050000000000000044 ) ) ;
#1256 = CARTESIAN_POINT ( 'NONE',  ( 9.150000000000000355, -5.100000000000001421, -11.50000000000000000 ) ) ;
#1258 = EDGE_LOOP ( 'NONE', ( #2202, #3446, #178, #391 ) ) ;
#1257 = CC_DESIGN_APPROVAL ( #675, ( #3371 ) ) ;
#1259 = ORIENTED_EDGE ( 'NONE', *, *, #3684, .T. ) ;
#1260 = ORIENTED_EDGE ( 'NONE', *, *, #432, .T. ) ;
#1261 = CARTESIAN_POINT ( 'NONE',  ( -13.65000000000000036, -1.500000000000000888, 6.299999999999999822 ) ) ;
#1262 = CARTESIAN_POINT ( 'NONE',  ( -25.50000000000000000, 1.999999999999999112, 1.049999999999999600 ) ) ;
#1263 = ORIENTED_EDGE ( 'NONE', *, *, #1588, .T. ) ;
#1264 = ORIENTED_EDGE ( 'NONE', *, *, #2814, .T. ) ;
#1265 = DIRECTION ( 'NONE',  ( 1.000000000000000000, 0.0000000000000000000, -0.0000000000000000000 ) ) ;
#1266 = ORIENTED_EDGE ( 'NONE', *, *, #1787, .T. ) ;
#1267 = CARTESIAN_POINT ( 'NONE',  ( 13.65000000000000036, 6.276026597977994115, -0.5490811793102688965 ) ) ;
#1268 = DIRECTION ( 'NONE',  ( 1.000000000000000000, 0.0000000000000000000, 0.0000000000000000000 ) ) ;
#1269 = EDGE_LOOP ( 'NONE', ( #1626, #6, #2684, #3678 ) ) ;
#1270 = CYLINDRICAL_SURFACE ( 'NONE', #692, 2.000000000000001776 ) ;
#1271 = EDGE_CURVE ( 'NONE', #2328, #2599, #1636, .T. ) ;
#1272 = CARTESIAN_POINT ( 'NONE',  ( 14.64999999999997904, -0.5355196258862172654, -0.8913651158947272224 ) ) ;
#1273 = CARTESIAN_POINT ( 'NONE',  ( -14.64999999999997193, 0.5355196258862165992, 0.8913651158947268893 ) ) ;
#1274 = FACE_OUTER_BOUND ( 'NONE', #353, .T. ) ;
#1275 = CARTESIAN_POINT ( 'NONE',  ( 14.65000000000000036, 0.9261120742307000775, 0.3930619222011831893 ) ) ;
#1276 = ADVANCED_FACE ( 'NONE', ( #1685 ), #3199, .F. ) ;
#1277 = ORIENTED_EDGE ( 'NONE', *, *, #3355, .T. ) ;
#1278 = AXIS2_PLACEMENT_3D ( 'NONE', #3304, #3578, #431 ) ;
#1279 = LINE ( 'NONE', #3545, #517 ) ;
#1280 = PLANE ( 'NONE',  #770 ) ;
#1281 = CARTESIAN_POINT ( 'NONE',  ( -13.65000000000000036, 4.371196474812183652, 5.594876350607719040 ) ) ;
#1282 = DIRECTION ( 'NONE',  ( 0.0000000000000000000, 0.9961946980917452121, -0.08715574274766310636 ) ) ;
#1283 = CIRCLE ( 'NONE', #1991, 2.000000000000003109 ) ;
#1284 = EDGE_CURVE ( 'NONE', #2827, #848, #2342, .T. ) ;
#1285 = MANIFOLD_SOLID_BREP ( 'WIRE OUTLET', #3090 ) ;
#1286 = VECTOR ( 'NONE', #927, 1000.000000000000000 ) ;
#1287 = CARTESIAN_POINT ( 'NONE',  ( -14.65000000000000036, 0.0000000000000000000, -1.000000000000000000 ) ) ;
#1288 = CARTESIAN_POINT ( 'NONE',  ( -14.65000000000000036, 0.9261120742307000775, 0.3930619222011831893 ) ) ;
#1289 = VECTOR ( 'NONE', #1361, 1000.000000000000000 ) ;
#1290 = DIRECTION ( 'NONE',  ( 1.000000000000000000, 0.0000000000000000000, -0.0000000000000000000 ) ) ;
#1291 = LINE ( 'NONE', #25, #3604 ) ;
#1292 = DIRECTION ( 'NONE',  ( 1.000000000000000000, -0.0000000000000000000, -0.0000000000000000000 ) ) ;
#1293 = CARTESIAN_POINT ( 'NONE',  ( -16.64999999999999858, -3.500000000000000888, 1.050000000000000266 ) ) ;
#1294 = ADVANCED_FACE ( 'NONE', ( #1590, #3379 ), #349, .F. ) ;
#1295 = LINE ( 'NONE', #3232, #1201 ) ;
#1296 = DIRECTION ( 'NONE',  ( 1.000000000000000000, -0.0000000000000000000, -0.0000000000000000000 ) ) ;
#1297 = DIRECTION ( 'NONE',  ( -1.000000000000000000, -0.0000000000000000000, -0.0000000000000000000 ) ) ;
#1298 = ADVANCED_FACE ( 'NONE', ( #417 ), #687, .T. ) ;
#1299 = ORIENTED_EDGE ( 'NONE', *, *, #3106, .T. ) ;
#1300 = AXIS2_PLACEMENT_3D ( 'NONE', #2374, #2670, #1520 ) ;
#1301 = CARTESIAN_POINT ( 'NONE',  ( 15.75776478870053587, -0.9578262852211515410, 0.2873478855663449405 ) ) ;
#1302 = ORIENTED_EDGE ( 'NONE', *, *, #1544, .F. ) ;
#1303 = DIRECTION ( 'NONE',  ( 0.0000000000000000000, 0.0000000000000000000, -1.000000000000000000 ) ) ;
#1304 = ORIENTED_EDGE ( 'NONE', *, *, #3046, .T. ) ;
#1305 = CARTESIAN_POINT ( 'NONE',  ( -23.99999999999999645, -2.000000000000000888, -1.050000000000000044 ) ) ;
#1306 = EDGE_CURVE ( 'NONE', #1439, #928, #2697, .T. ) ;
#1307 = EDGE_LOOP ( 'NONE', ( #3616, #2022, #3096, #3706 ) ) ;
#1308 = DIRECTION ( 'NONE',  ( 0.0000000000000000000, -0.4694715627858855878, 0.8829475928589296529 ) ) ;
#1309 = VERTEX_POINT ( 'NONE', #3221 ) ;
#1310 = VERTEX_POINT ( 'NONE', #637 ) ;
#1311 = ORIENTED_EDGE ( 'NONE', *, *, #1533, .T. ) ;
#1312 = DIRECTION ( 'NONE',  ( -1.257045997084642858E-16, 0.0000000000000000000, 1.000000000000000000 ) ) ;
#1313 = CARTESIAN_POINT ( 'NONE',  ( -15.55077217939602185, -0.8286028721011569065, 0.5877631916096734965 ) ) ;
#1314 = ORIENTED_EDGE ( 'NONE', *, *, #2063, .F. ) ;
#1315 = VERTEX_POINT ( 'NONE', #963 ) ;
#1316 = CARTESIAN_POINT ( 'NONE',  ( 13.65000000000000036, 7.072982356451390729, -0.6188057735083993816 ) ) ;
#1317 = ADVANCED_FACE ( 'NONE', ( #1762 ), #2954, .T. ) ;
#1318 = VECTOR ( 'NONE', #3395, 1000.000000000000000 ) ;
#1319 = ORIENTED_EDGE ( 'NONE', *, *, #1327, .T. ) ;
#1320 = CARTESIAN_POINT ( 'NONE',  ( -13.65000000000000036, -1.499999999999999112, -7.099999999999999645 ) ) ;
#1321 = DIRECTION ( 'NONE',  ( 0.0000000000000000000, 0.0000000000000000000, 1.000000000000000000 ) ) ;
#1322 = CARTESIAN_POINT ( 'NONE',  ( 15.54223521129946484, -3.500000000000000888, 0.3500000000000002554 ) ) ;
#1323 = LINE ( 'NONE', #2589, #2745 ) ;
#1324 = CARTESIAN_POINT ( 'NONE',  ( -13.65000000000000036, 2.168404344971008868E-16, -7.100000000000000533 ) ) ;
#1325 = DIRECTION ( 'NONE',  ( -1.000000000000000000, 0.0000000000000000000, 0.0000000000000000000 ) ) ;
#1327 = EDGE_CURVE ( 'NONE', #3712, #1715, #1418, .T. ) ;
#1326 = LINE ( 'NONE', #3601, #3546 ) ;
#1328 = ORIENTED_EDGE ( 'NONE', *, *, #860, .F. ) ;
#1329 = LOCAL_TIME ( 10, 12, 9.000000000000000000, #1097 ) ;
#1330 = CARTESIAN_POINT ( 'NONE',  ( 14.65000000000000036, -0.9261120742307000775, 0.3930619222011826897 ) ) ;
#1331 = FACE_OUTER_BOUND ( 'NONE', #2967, .T. ) ;
#1332 = AXIS2_PLACEMENT_3D ( 'NONE', #1443, #284, #1149 ) ;
#1333 = CARTESIAN_POINT ( 'NONE',  ( -15.54223521129946484, 3.499999999999999112, -1.050000000000000488 ) ) ;
#1334 = CIRCLE ( 'NONE', #625, 7.099999999999999645 ) ;
#1335 = ADVANCED_FACE ( 'NONE', ( #1683 ), #189, .T. ) ;
#1336 = CYLINDRICAL_SURFACE ( 'NONE', #514, 7.099999999999999645 ) ;
#1337 = EDGE_CURVE ( 'NONE', #766, #410, #2484, .T. ) ;
#1338 = CARTESIAN_POINT ( 'NONE',  ( 13.65000000000000036, -1.500000000000000444, 7.099999999999999645 ) ) ;
#1339 = CC_DESIGN_SECURITY_CLASSIFICATION ( #2537, ( #1650 ) ) ;
#1340 = VECTOR ( 'NONE', #171, 1000.000000000000000 ) ;
#1341 = EDGE_LOOP ( 'NONE', ( #2192, #85, #3104, #3524 ) ) ;
#1342 = CARTESIAN_POINT ( 'NONE',  ( 15.54223521129946306, -3.500000000000000888, -1.050000000000000044 ) ) ;
#1343 = EDGE_CURVE ( 'NONE', #2869, #1531, #635, .T. ) ;
#1344 = CARTESIAN_POINT ( 'NONE',  ( 14.65000000000000036, 0.0000000000000000000, 0.0000000000000000000 ) ) ;
#1345 = VERTEX_POINT ( 'NONE', #1534 ) ;
#1346 = DIRECTION ( 'NONE',  ( 1.000000000000000000, 0.0000000000000000000, -0.0000000000000000000 ) ) ;
#1347 = VECTOR ( 'NONE', #3100, 1000.000000000000000 ) ;
#1348 = EDGE_LOOP ( 'NONE', ( #3489, #3189, #3623, #2153 ) ) ;
#1349 = ORIENTED_EDGE ( 'NONE', *, *, #21, .T. ) ;
#1350 = AXIS2_PLACEMENT_3D ( 'NONE', #1305, #3556, #129 ) ;
#1351 = CARTESIAN_POINT ( 'NONE',  ( 13.65000000000000036, 6.112863075538782276, -1.524107942277886929 ) ) ;
#1352 = ORIENTED_EDGE ( 'NONE', *, *, #3509, .T. ) ;
#1353 = VERTEX_POINT ( 'NONE', #2675 ) ;
#1354 = EDGE_LOOP ( 'NONE', ( #2953, #806, #3061, #990 ) ) ;
#1355 = DIRECTION ( 'NONE',  ( 0.0000000000000000000, 0.0000000000000000000, 1.000000000000000000 ) ) ;
#1356 = CARTESIAN_POINT ( 'NONE',  ( 13.65000000000000036, 0.0000000000000000000, 0.0000000000000000000 ) ) ;
#1357 = EDGE_CURVE ( 'NONE', #2191, #885, #2613, .T. ) ;
#1359 = ORIENTED_EDGE ( 'NONE', *, *, #374, .F. ) ;
#1358 = AXIS2_PLACEMENT_3D ( 'NONE', #2011, #2581, #2897 ) ;
#1360 = VERTEX_POINT ( 'NONE', #991 ) ;
#1361 = DIRECTION ( 'NONE',  ( 0.0000000000000000000, -1.000000000000000000, 1.548860246407863583E-16 ) ) ;
#1362 = VERTEX_POINT ( 'NONE', #1624 ) ;
#1363 = EDGE_LOOP ( 'NONE', ( #134, #80, #3051, #2019 ) ) ;
#1364 = ORIENTED_EDGE ( 'NONE', *, *, #3596, .T. ) ;
#1365 = DIRECTION ( 'NONE',  ( 1.000000000000000000, 0.0000000000000000000, 0.0000000000000000000 ) ) ;
#1366 = VECTOR ( 'NONE', #1497, 1000.000000000000114 ) ;
#1367 = CARTESIAN_POINT ( 'NONE',  ( 13.65000000000000036, 0.0000000000000000000, 0.0000000000000000000 ) ) ;
#1368 = FACE_OUTER_BOUND ( 'NONE', #1043, .T. ) ;
#1369 = PLANE ( 'NONE',  #172 ) ;
#1370 = DIRECTION ( 'NONE',  ( 0.0000000000000000000, 1.000000000000000000, -9.293161478447179278E-17 ) ) ;
#1371 = CARTESIAN_POINT ( 'NONE',  ( 13.64999999999999858, -7.700000000000001066, -14.00000000000000000 ) ) ;
#1372 = DIRECTION ( 'NONE',  ( 1.000000000000000000, -0.0000000000000000000, 0.0000000000000000000 ) ) ;
#1373 = CIRCLE ( 'NONE', #1688, 6.300000000000001599 ) ;
#1374 = CARTESIAN_POINT ( 'NONE',  ( -16.64999999999999858, 3.499999999999999112, -1.050000000000000488 ) ) ;
#1375 = VERTEX_POINT ( 'NONE', #1026 ) ;
#1376 = DIRECTION ( 'NONE',  ( 0.0000000000000000000, 0.3255681544571585873, 0.9455185755993161800 ) ) ;
#1377 = EDGE_CURVE ( 'NONE', #1676, #2909, #2571, .T. ) ;
#1378 = PLANE ( 'NONE',  #250 ) ;
#1379 = LINE ( 'NONE', #1385, #1467 ) ;
#1380 = CARTESIAN_POINT ( 'NONE',  ( -13.65000000000000036, 4.371196474812183652, 5.594876350607719040 ) ) ;
#1381 = VECTOR ( 'NONE', #1290, 1000.000000000000000 ) ;
#1382 = EDGE_CURVE ( 'NONE', #584, #1710, #3333, .T. ) ;
#1383 = AXIS2_PLACEMENT_3D ( 'NONE', #3272, #1558, #121 ) ;
#1384 = FACE_OUTER_BOUND ( 'NONE', #587, .T. ) ;
#1385 = CARTESIAN_POINT ( 'NONE',  ( 13.65000000000000036, -1.500000000000000888, 6.299999999999999822 ) ) ;
#1386 = CARTESIAN_POINT ( 'NONE',  ( -13.65000000000000036, 5.954561032412520660, 3.866937148606677699 ) ) ;
#1387 = CIRCLE ( 'NONE', #2903, 6.299999999999999822 ) ;
#1388 = CARTESIAN_POINT ( 'NONE',  ( -3.650000000000000355, -7.700000000000001066, 7.099999999999999645 ) ) ;
#1389 = CARTESIAN_POINT ( 'NONE',  ( -13.65000000000000036, 6.889099656559580787, 1.717645458757619981 ) ) ;
#1390 = DIRECTION ( 'NONE',  ( 0.0000000000000000000, 0.2419218955996636500, -0.9702957262759975832 ) ) ;
#1391 = ORIENTED_EDGE ( 'NONE', *, *, #464, .T. ) ;
#1392 = DIRECTION ( 'NONE',  ( 0.0000000000000000000, 1.000000000000000000, 1.126443815569355400E-16 ) ) ;
#1393 = CARTESIAN_POINT ( 'NONE',  ( -13.65000000000000036, 5.755336383148374146, 2.562440851377567608 ) ) ;
#1394 = CARTESIAN_POINT ( 'NONE',  ( 21.50000000000000000, 0.0000000000000000000, -14.00000000000000000 ) ) ;
#1395 = ORIENTED_EDGE ( 'NONE', *, *, #3491, .F. ) ;
#1396 = CARTESIAN_POINT ( 'NONE',  ( -13.65000000000000036, 4.607528320200751537, 4.296589668393765216 ) ) ;
#1397 = EDGE_CURVE ( 'NONE', #3324, #3505, #1092, .T. ) ;
#1398 = EDGE_LOOP ( 'NONE', ( #964, #720 ) ) ;
#1399 = CARTESIAN_POINT ( 'NONE',  ( -16.65000000000001279, 1.458333333333332815, -1.050000000000001377 ) ) ;
#1400 = ORIENTED_EDGE ( 'NONE', *, *, #839, .T. ) ;
#1401 = ORIENTED_EDGE ( 'NONE', *, *, #1617, .T. ) ;
#1402 = ORIENTED_EDGE ( 'NONE', *, *, #3572, .T. ) ;
#1403 = EDGE_CURVE ( 'NONE', #928, #1404, #328, .T. ) ;
#1404 = VERTEX_POINT ( 'NONE', #2725 ) ;
#1405 = CARTESIAN_POINT ( 'NONE',  ( 23.99999999999999645, 1.999999999999999112, -1.050000000000000266 ) ) ;
#1406 = EDGE_LOOP ( 'NONE', ( #445, #3152, #3530, #626 ) ) ;
#1407 = DIRECTION ( 'NONE',  ( -0.0000000000000000000, 1.126443815569355400E-16, 1.000000000000000000 ) ) ;
#1408 = VERTEX_POINT ( 'NONE', #162 ) ;
#1409 = CARTESIAN_POINT ( 'NONE',  ( 13.65000000000000036, -2.700000000000001066, 6.299999999999999822 ) ) ;
#1410 = DIRECTION ( 'NONE',  ( 0.0000000000000000000, 1.316495309083404223E-15, 1.000000000000000000 ) ) ;
#1411 = EDGE_CURVE ( 'NONE', #3043, #1846, #3118, .T. ) ;
#1412 = AXIS2_PLACEMENT_3D ( 'NONE', #28, #336, #1476 ) ;
#1413 = FACE_OUTER_BOUND ( 'NONE', #1976, .T. ) ;
#1414 = ORIENTED_EDGE ( 'NONE', *, *, #2858, .F. ) ;
#1415 = CARTESIAN_POINT ( 'NONE',  ( -15.68876544982700239, -0.9261120742307000775, -0.3930619222011829672 ) ) ;
#1416 = DIRECTION ( 'NONE',  ( 0.0000000000000000000, 1.000000000000000000, -1.548860246407863583E-16 ) ) ;
#1417 = DIRECTION ( 'NONE',  ( 1.000000000000000000, 0.0000000000000000000, 0.0000000000000000000 ) ) ;
#1418 = CIRCLE ( 'NONE', #433, 1.599999999999998979 ) ;
#1419 = PLANE ( 'NONE',  #2084 ) ;
#1420 = EDGE_CURVE ( 'NONE', #1096, #1630, #1855, .T. ) ;
#1421 = VECTOR ( 'NONE', #1372, 1000.000000000000000 ) ;
#1422 = ORIENTED_EDGE ( 'NONE', *, *, #2099, .T. ) ;
#1423 = PERSON_AND_ORGANIZATION_ROLE ( 'design_supplier' ) ;
#1425 = EDGE_CURVE ( 'NONE', #2328, #3185, #3147, .T. ) ;
#1424 = CYLINDRICAL_SURFACE ( 'NONE', #3709, 1.000000000000000000 ) ;
#1426 = ORIENTED_EDGE ( 'NONE', *, *, #479, .T. ) ;
#1427 = VECTOR ( 'NONE', #2694, 1000.000000000000000 ) ;
#1428 = DIRECTION ( 'NONE',  ( -1.000000000000000000, -0.0000000000000000000, -0.0000000000000000000 ) ) ;
#1429 = CARTESIAN_POINT ( 'NONE',  ( -32.80821455623738814, 3.499999999999999112, -1.050000000000000488 ) ) ;
#1430 = LINE ( 'NONE', #2109, #2931 ) ;
#1431 = PLANE ( 'NONE',  #2923 ) ;
#1432 = ADVANCED_FACE ( 'NONE', ( #1274 ), #2795, .T. ) ;
#1433 = LINE ( 'NONE', #2807, #3309 ) ;
#1434 = EDGE_CURVE ( 'NONE', #2833, #1691, #3288, .T. ) ;
#1435 = AXIS2_PLACEMENT_3D ( 'NONE', #2177, #2165, #1376 ) ;
#1436 = CARTESIAN_POINT ( 'NONE',  ( -16.64999999999999858, -3.500000000000000888, 1.050000000000000266 ) ) ;
#1437 = LINE ( 'NONE', #536, #2766 ) ;
#1438 = CARTESIAN_POINT ( 'NONE',  ( -14.65000000000002522, -0.0001038342415711100350, -1.073273640095047332 ) ) ;
#1439 = VERTEX_POINT ( 'NONE', #3641 ) ;
#1440 = CARTESIAN_POINT ( 'NONE',  ( 13.65000000000000036, -2.699999999999999289, -6.300000000000001599 ) ) ;
#1441 = CARTESIAN_POINT ( 'NONE',  ( 23.99999999999999645, -3.500000000000000888, 1.050000000000000266 ) ) ;
#1442 = CARTESIAN_POINT ( 'NONE',  ( -13.65000000000000036, 4.607528320200751537, 4.296589668393765216 ) ) ;
#1443 = CARTESIAN_POINT ( 'NONE',  ( -13.65000000000000036, 0.0000000000000000000, 0.0000000000000000000 ) ) ;
#1444 = LINE ( 'NONE', #1813, #3442 ) ;
#1445 = VERTEX_POINT ( 'NONE', #2216 ) ;
#1446 = ORIENTED_EDGE ( 'NONE', *, *, #1357, .F. ) ;
#1447 = VERTEX_POINT ( 'NONE', #480 ) ;
#1448 = ORIENTED_EDGE ( 'NONE', *, *, #604, .F. ) ;
#1449 = ORIENTED_EDGE ( 'NONE', *, *, #243, .F. ) ;
#1450 = VERTEX_POINT ( 'NONE', #3089 ) ;
#1451 = EDGE_CURVE ( 'NONE', #3275, #181, #1045, .T. ) ;
#1452 = ORIENTED_EDGE ( 'NONE', *, *, #3445, .T. ) ;
#1453 = ORIENTED_EDGE ( 'NONE', *, *, #3684, .F. ) ;
#1454 = CARTESIAN_POINT ( 'NONE',  ( -14.65000000000000036, 1.014055973780548126, -0.09991559036835639951 ) ) ;
#1455 = EDGE_CURVE ( 'NONE', #1983, #1404, #2160, .T. ) ;
#1457 = ORIENTED_EDGE ( 'NONE', *, *, #2619, .T. ) ;
#1456 = AXIS2_PLACEMENT_3D ( 'NONE', #443, #2462, #3366 ) ;
#1458 = VERTEX_POINT ( 'NONE', #533 ) ;
#1459 = CIRCLE ( 'NONE', #2064, 1.000000000000000000 ) ;
#1460 = AXIS2_PLACEMENT_3D ( 'NONE', #1067, #2799, #2220 ) ;
#1461 = CIRCLE ( 'NONE', #742, 1.500000000000000000 ) ;
#1462 = CARTESIAN_POINT ( 'NONE',  ( -15.54223521129946484, 3.499999999999999112, -0.3500000000000006439 ) ) ;
#1463 = CARTESIAN_POINT ( 'NONE',  ( 16.64999999999999858, 3.499999999999999112, -1.050000000000000488 ) ) ;
#1464 = CIRCLE ( 'NONE', #905, 7.099999999999999645 ) ;
#1465 = ORIENTED_EDGE ( 'NONE', *, *, #1560, .F. ) ;
#1466 = PERSON_AND_ORGANIZATION ( #832, #202 ) ;
#1467 = VECTOR ( 'NONE', #2483, 1000.000000000000000 ) ;
#1468 = CYLINDRICAL_SURFACE ( 'NONE', #2764, 1.599999999999998979 ) ;
#1469 = EDGE_CURVE ( 'NONE', #1345, #3186, #1182, .T. ) ;
#1470 = CARTESIAN_POINT ( 'NONE',  ( -13.65000000000000036, 0.0000000000000000000, 0.0000000000000000000 ) ) ;
#1471 = ADVANCED_FACE ( 'NONE', ( #2256 ), #1378, .F. ) ;
#1472 = DIRECTION ( 'NONE',  ( 0.0000000000000000000, 0.0000000000000000000, -1.000000000000000000 ) ) ;
#1473 = LINE ( 'NONE', #3290, #3433 ) ;
#1474 = AXIS2_PLACEMENT_3D ( 'NONE', #190, #1639, #3386 ) ;
#1475 = DIRECTION ( 'NONE',  ( 0.0000000000000000000, 0.1564344650402230974, -0.9876883405951388806 ) ) ;
#1476 = DIRECTION ( 'NONE',  ( 0.0000000000000000000, 0.0000000000000000000, -1.000000000000000000 ) ) ;
#1477 = CARTESIAN_POINT ( 'NONE',  ( -14.65000000000000036, -0.9578262852211514300, -0.2873478855663452736 ) ) ;
#1478 = VECTOR ( 'NONE', #227, 1000.000000000000000 ) ;
#1479 = EDGE_CURVE ( 'NONE', #413, #1741, #368, .T. ) ;
#1480 = AXIS2_PLACEMENT_3D ( 'NONE', #1193, #2051, #881 ) ;
#1481 = DIRECTION ( 'NONE',  ( 1.000000000000000000, 0.0000000000000000000, 0.0000000000000000000 ) ) ;
#1482 = VERTEX_POINT ( 'NONE', #3376 ) ;
#1483 = VERTEX_POINT ( 'NONE', #2189 ) ;
#1484 = ORIENTED_EDGE ( 'NONE', *, *, #3458, .T. ) ;
#1485 = DIRECTION ( 'NONE',  ( 0.0000000000000000000, 0.0000000000000000000, 1.000000000000000000 ) ) ;
#1486 = EDGE_LOOP ( 'NONE', ( #592, #1530 ) ) ;
#1487 = ORIENTED_EDGE ( 'NONE', *, *, #2814, .F. ) ;
#1488 = EDGE_LOOP ( 'NONE', ( #2512, #759, #2829, #1484 ) ) ;
#1489 = ORIENTED_EDGE ( 'NONE', *, *, #88, .F. ) ;
#1490 = EDGE_LOOP ( 'NONE', ( #891, #2101, #979, #1328 ) ) ;
#1491 = DIRECTION ( 'NONE',  ( 1.000000000000000000, 0.0000000000000000000, 0.0000000000000000000 ) ) ;
#1492 = ORIENTED_EDGE ( 'NONE', *, *, #449, .T. ) ;
#1493 = CARTESIAN_POINT ( 'NONE',  ( -23.99999999999999645, 3.499999999999999112, -1.050000000000000488 ) ) ;
#1494 = ORIENTED_EDGE ( 'NONE', *, *, #2155, .T. ) ;
#1495 = CARTESIAN_POINT ( 'NONE',  ( 16.64999999999999858, -3.500000000000000888, 1.050000000000000266 ) ) ;
#1496 = LINE ( 'NONE', #1256, #2156 ) ;
#1497 = DIRECTION ( 'NONE',  ( 0.0000000000000000000, 0.7313537016191660189, -0.6819983600625032505 ) ) ;
#1498 = DIRECTION ( 'NONE',  ( -1.000000000000000000, 0.0000000000000000000, 0.0000000000000000000 ) ) ;
#1499 = EDGE_CURVE ( 'NONE', #3422, #878, #1940, .T. ) ;
#1500 = AXIS2_PLACEMENT_3D ( 'NONE', #3184, #2321, #2913 ) ;
#1501 = VECTOR ( 'NONE', #2258, 1000.000000000000000 ) ;
#1502 = DIRECTION ( 'NONE',  ( 0.0000000000000000000, 9.293161478447179278E-17, 1.000000000000000000 ) ) ;
#1503 = FACE_OUTER_BOUND ( 'NONE', #3448, .T. ) ;
#1504 = FACE_OUTER_BOUND ( 'NONE', #3205, .T. ) ;
#1505 = DIRECTION ( 'NONE',  ( 0.0000000000000000000, 0.0000000000000000000, -1.000000000000000000 ) ) ;
#1506 = DIRECTION ( 'NONE',  ( 0.0000000000000000000, 0.7880107536067203489, -0.6156614753256604011 ) ) ;
#1507 = CLOSED_SHELL ( 'NONE', ( #1252, #278, #2607, #97 ) ) ;
#1508 = PLANE ( 'NONE',  #1500 ) ;
#1509 = LINE ( 'NONE', #442, #3300 ) ;
#1510 = FACE_OUTER_BOUND ( 'NONE', #1406, .T. ) ;
#1511 = DIRECTION ( 'NONE',  ( 0.0000000000000000000, 0.0000000000000000000, 1.000000000000000000 ) ) ;
#1512 = EDGE_CURVE ( 'NONE', #1028, #1310, #1805, .T. ) ;
#1513 = DIRECTION ( 'NONE',  ( -0.0000000000000000000, 1.000000000000000000, 0.0000000000000000000 ) ) ;
#1514 = VECTOR ( 'NONE', #206, 1000.000000000000114 ) ;
#1515 = PRODUCT ( 'RESISTOR STANDARD SIZE PANEL FIXED (ARCOL HS-25)', 'RESISTOR STANDARD SIZE PANEL FIXED (ARCOL HS-25)', '', ( #3133 ) ) ;
#1516 = CARTESIAN_POINT ( 'NONE',  ( -13.65000000000000036, 0.0000000000000000000, 0.0000000000000000000 ) ) ;
#1517 = VECTOR ( 'NONE', #2704, 1000.000000000000114 ) ;
#1518 = DIRECTION ( 'NONE',  ( -0.0000000000000000000, 0.0000000000000000000, -1.000000000000000000 ) ) ;
#1519 = EDGE_CURVE ( 'NONE', #1445, #1968, #561, .T. ) ;
#1520 = DIRECTION ( 'NONE',  ( 0.0000000000000000000, 0.0000000000000000000, -1.000000000000000000 ) ) ;
#1521 = ADVANCED_FACE ( 'NONE', ( #2794 ), #818, .T. ) ;
#1522 = ORIENTED_EDGE ( 'NONE', *, *, #1284, .F. ) ;
#1523 = DIRECTION ( 'NONE',  ( 0.0000000000000000000, 0.0000000000000000000, 1.000000000000000000 ) ) ;
#1524 = CIRCLE ( 'NONE', #1584, 1.000000000000000000 ) ;
#1525 = EDGE_LOOP ( 'NONE', ( #1838, #983 ) ) ;
#1526 = EDGE_LOOP ( 'NONE', ( #1070, #3192 ) ) ;
#1527 = PLANE ( 'NONE',  #3649 ) ;
#1528 = ORIENTED_EDGE ( 'NONE', *, *, #3125, .T. ) ;
#1529 = CARTESIAN_POINT ( 'NONE',  ( -21.50000000000000000, 0.0000000000000000000, 1.049999999999998934 ) ) ;
#1530 = ORIENTED_EDGE ( 'NONE', *, *, #82, .F. ) ;
#1531 = VERTEX_POINT ( 'NONE', #3102 ) ;
#1532 = VERTEX_POINT ( 'NONE', #1063 ) ;
#1533 = EDGE_CURVE ( 'NONE', #1531, #1547, #2841, .T. ) ;
#1534 = CARTESIAN_POINT ( 'NONE',  ( -11.65000000000000036, 5.633375276077824112E-16, -4.599999999999999645 ) ) ;
#1535 = EDGE_LOOP ( 'NONE', ( #2867, #1277, #1151, #2102 ) ) ;
#1536 = ORIENTED_EDGE ( 'NONE', *, *, #2340, .T. ) ;
#1537 = DIRECTION ( 'NONE',  ( 1.000000000000000000, 0.0000000000000000000, 0.0000000000000000000 ) ) ;
#1539 = AXIS2_PLACEMENT_3D ( 'NONE', #1356, #1646, #3619 ) ;
#1538 = LINE ( 'NONE', #1792, #3495 ) ;
#1540 = CARTESIAN_POINT ( 'NONE',  ( 13.65000000000000036, 5.755336383148374146, -2.562440851377567164 ) ) ;
#1541 = CARTESIAN_POINT ( 'NONE',  ( 15.54223521129946484, 3.499999999999999112, -0.3500000000000006439 ) ) ;
#1542 = CARTESIAN_POINT ( 'NONE',  ( -15.54223521129946484, -3.500000000000000888, 0.3500000000000002554 ) ) ;
#1543 = FACE_OUTER_BOUND ( 'NONE', #763, .T. ) ;
#1544 = EDGE_CURVE ( 'NONE', #1450, #3180, #50, .T. ) ;
#1545 = LINE ( 'NONE', #659, #603 ) ;
#1546 = CARTESIAN_POINT ( 'NONE',  ( -25.50000000000000000, 3.499999999999999112, 1.049999999999999378 ) ) ;
#1547 = VERTEX_POINT ( 'NONE', #1093 ) ;
#1548 = FACE_BOUND ( 'NONE', #1669, .T. ) ;
#1549 = CARTESIAN_POINT ( 'NONE',  ( -13.65000000000000036, 0.0000000000000000000, 0.0000000000000000000 ) ) ;
#1550 = FACE_OUTER_BOUND ( 'NONE', #2295, .T. ) ;
#1551 = VECTOR ( 'NONE', #3249, 1000.000000000000000 ) ;
#1552 = DIRECTION ( 'NONE',  ( 0.0000000000000000000, 1.316495309083404223E-15, 1.000000000000000000 ) ) ;
#1553 = DIRECTION ( 'NONE',  ( 0.0000000000000000000, -1.000000000000000000, -0.0000000000000000000 ) ) ;
#1554 = DIRECTION ( 'NONE',  ( 0.0000000000000000000, 0.0000000000000000000, 1.000000000000000000 ) ) ;
#1555 = VECTOR ( 'NONE', #797, 1000.000000000000000 ) ;
#1556 = ADVANCED_FACE ( 'NONE', ( #1586 ), #1145, .F. ) ;
#1557 = CARTESIAN_POINT ( 'NONE',  ( 15.36908763370271913, -0.5355196258862172654, -0.8913651158947272224 ) ) ;
#1558 = DIRECTION ( 'NONE',  ( -1.000000000000000000, 0.0000000000000000000, 0.0000000000000000000 ) ) ;
#1559 = FACE_OUTER_BOUND ( 'NONE', #1253, .T. ) ;
#1560 = EDGE_CURVE ( 'NONE', #848, #2008, #2437, .T. ) ;
#1561 = DIRECTION ( 'NONE',  ( 0.0000000000000000000, -0.7313537016191667961, 0.6819983600625023623 ) ) ;
#1562 = CARTESIAN_POINT ( 'NONE',  ( 15.36908763370269604, 0.5355196258862165992, 0.8913651158947268893 ) ) ;
#1563 = CARTESIAN_POINT ( 'NONE',  ( -13.65000000000000036, -2.699999999999999289, -6.300000000000001599 ) ) ;
#1564 = CARTESIAN_POINT ( 'NONE',  ( 0.0000000000000000000, -5.100000000000001421, 0.0000000000000000000 ) ) ;
#1565 = EDGE_CURVE ( 'NONE', #1893, #944, #3158, .T. ) ;
#1566 = ORIENTED_EDGE ( 'NONE', *, *, #3311, .T. ) ;
#1567 = CARTESIAN_POINT ( 'NONE',  ( -13.65000000000000036, 2.311533896645817876, 6.713181886755148042 ) ) ;
#1568 = VERTEX_POINT ( 'NONE', #581 ) ;
#1569 = VERTEX_POINT ( 'NONE', #2270 ) ;
#1570 = VERTEX_POINT ( 'NONE', #836 ) ;
#1571 = ORIENTED_EDGE ( 'NONE', *, *, #3201, .T. ) ;
#1572 = ORIENTED_EDGE ( 'NONE', *, *, #636, .T. ) ;
#1573 = DIRECTION ( 'NONE',  ( -1.000000000000000000, 0.0000000000000000000, 0.0000000000000000000 ) ) ;
#1574 = DIRECTION ( 'NONE',  ( 0.0000000000000000000, 0.0000000000000000000, 1.000000000000000000 ) ) ;
#1575 = ADVANCED_FACE ( 'NONE', ( #3681 ), #1419, .F. ) ;
#1576 = ORIENTED_EDGE ( 'NONE', *, *, #1327, .F. ) ;
#1577 = ORIENTED_EDGE ( 'NONE', *, *, #1153, .F. ) ;
#1578 = DIRECTION ( 'NONE',  ( -1.000000000000000000, -0.0000000000000000000, -0.0000000000000000000 ) ) ;
#1579 = DIRECTION ( 'NONE',  ( 0.0000000000000000000, -1.000000000000000000, 1.084202172485502708E-16 ) ) ;
#1580 = ORIENTED_EDGE ( 'NONE', *, *, #1512, .T. ) ;
#1581 = CARTESIAN_POINT ( 'NONE',  ( 13.65000000000000036, 0.0000000000000000000, 0.0000000000000000000 ) ) ;
#1582 = VERTEX_POINT ( 'NONE', #562 ) ;
#1583 = CYLINDRICAL_SURFACE ( 'NONE', #465, 7.099999999999999645 ) ;
#1584 = AXIS2_PLACEMENT_3D ( 'NONE', #2832, #1117, #3127 ) ;
#1585 = CARTESIAN_POINT ( 'NONE',  ( -3.650000000000000355, -5.100000000000001421, 7.099999999999999645 ) ) ;
#1586 = FACE_OUTER_BOUND ( 'NONE', #1488, .T. ) ;
#1587 = CARTESIAN_POINT ( 'NONE',  ( 16.65000000000001279, -1.458333333333334370, 1.050000000000001377 ) ) ;
#1588 = EDGE_CURVE ( 'NONE', #1458, #1879, #3590, .T. ) ;
#1589 = AXIS2_PLACEMENT_3D ( 'NONE', #2193, #2488, #2230 ) ;
#1590 = FACE_OUTER_BOUND ( 'NONE', #3581, .T. ) ;
#1591 = DIRECTION ( 'NONE',  ( 1.000000000000000000, -0.0000000000000000000, 0.0000000000000000000 ) ) ;
#1592 = DIRECTION ( 'NONE',  ( -1.000000000000000000, 0.0000000000000000000, 0.0000000000000000000 ) ) ;
#1593 = DIRECTION ( 'NONE',  ( 0.0000000000000000000, 0.0000000000000000000, 1.000000000000000000 ) ) ;
#1594 = LINE ( 'NONE', #3319, #2703 ) ;
#1595 = ADVANCED_FACE ( 'NONE', ( #1720 ), #3252, .T. ) ;
#1596 = EDGE_CURVE ( 'NONE', #1663, #2201, #1323, .T. ) ;
#1597 = ORIENTED_EDGE ( 'NONE', *, *, #620, .F. ) ;
#1598 = LINE ( 'NONE', #539, #958 ) ;
#1599 = CARTESIAN_POINT ( 'NONE',  ( -15.36906126206691248, -0.5357214042269845544, 0.8912940264597080109 ) ) ;
#1600 = DIRECTION ( 'NONE',  ( 1.000000000000000000, -0.0000000000000000000, -0.0000000000000000000 ) ) ;
#1601 = LINE ( 'NONE', #2506, #3129 ) ;
#1602 = DIRECTION ( 'NONE',  ( 0.0000000000000000000, 0.0000000000000000000, 1.000000000000000000 ) ) ;
#1603 = CIRCLE ( 'NONE', #2209, 6.300000000000001599 ) ;
#1604 = DIRECTION ( 'NONE',  ( 0.0000000000000000000, 1.000000000000000000, -1.084202172485502708E-16 ) ) ;
#1605 = PLANE ( 'NONE',  #2840 ) ;
#1606 = CARTESIAN_POINT ( 'NONE',  ( 16.64999999999999858, -3.500000000000000888, 0.3500000000000002554 ) ) ;
#1607 = EDGE_CURVE ( 'NONE', #1315, #3626, #1986, .T. ) ;
#1608 = LINE ( 'NONE', #694, #1913 ) ;
#1609 = CARTESIAN_POINT ( 'NONE',  ( 11.65000000000000036, 0.0000000000000000000, 0.0000000000000000000 ) ) ;
#1610 = CARTESIAN_POINT ( 'NONE',  ( 13.65000000000000036, 0.0000000000000000000, 0.0000000000000000000 ) ) ;
#1611 = AXIS2_PLACEMENT_3D ( 'NONE', #3635, #1862, #2691 ) ;
#1612 = CARTESIAN_POINT ( 'NONE',  ( 15.75776478870052877, 0.9578262852211514300, 0.2873478855663453846 ) ) ;
#1613 = ADVANCED_FACE ( 'NONE', ( #1896 ), #1270, .F. ) ;
#1614 = DIRECTION ( 'NONE',  ( 1.000000000000000000, -0.0000000000000000000, 0.0000000000000000000 ) ) ;
#1615 = ORIENTED_EDGE ( 'NONE', *, *, #2588, .F. ) ;
#1616 = CARTESIAN_POINT ( 'NONE',  ( -13.65000000000000036, 2.311533896645817876, -6.713181886755148930 ) ) ;
#1617 = EDGE_CURVE ( 'NONE', #800, #183, #466, .T. ) ;
#1618 = VERTEX_POINT ( 'NONE', #1441 ) ;
#1619 = CARTESIAN_POINT ( 'NONE',  ( 15.75776478870053232, -0.9578262852211514300, -0.2873478855663452736 ) ) ;
#1620 = EDGE_LOOP ( 'NONE', ( #2463, #1244, #3072, #281 ) ) ;
#1621 = ORIENTED_EDGE ( 'NONE', *, *, #2400, .T. ) ;
#1622 = DIRECTION ( 'NONE',  ( 0.0000000000000000000, 0.0000000000000000000, 1.000000000000000000 ) ) ;
#1623 = VERTEX_POINT ( 'NONE', #1981 ) ;
#1624 = CARTESIAN_POINT ( 'NONE',  ( -3.650000000000001243, -7.700000000000001066, 14.00000000000000000 ) ) ;
#1625 = DIRECTION ( 'NONE',  ( 1.000000000000000000, 0.0000000000000000000, -0.0000000000000000000 ) ) ;
#1626 = ORIENTED_EDGE ( 'NONE', *, *, #1037, .F. ) ;
#1627 = ORIENTED_EDGE ( 'NONE', *, *, #857, .T. ) ;
#1628 = CARTESIAN_POINT ( 'NONE',  ( 15.75776478870053232, 1.014055973780548126, 0.09991559036835627461 ) ) ;
#1629 = CARTESIAN_POINT ( 'NONE',  ( 14.65000000000000036, 0.0000000000000000000, 0.0000000000000000000 ) ) ;
#1630 = VERTEX_POINT ( 'NONE', #2856 ) ;
#1631 = DIRECTION ( 'NONE',  ( 1.000000000000000000, 0.0000000000000000000, 0.0000000000000000000 ) ) ;
#1632 = DIRECTION ( 'NONE',  ( 0.0000000000000000000, -0.0000000000000000000, -1.000000000000000000 ) ) ;
#1633 = CIRCLE ( 'NONE', #648, 7.099999999999999645 ) ;
#1634 = ADVANCED_FACE ( 'NONE', ( #2791 ), #509, .T. ) ;
#1635 = CARTESIAN_POINT ( 'NONE',  ( 19.50000000000000000, 0.0000000000000000000, -14.00000000000000000 ) ) ;
#1637 = EDGE_CURVE ( 'NONE', #77, #2827, #511, .T. ) ;
#1636 = LINE ( 'NONE', #251, #3640 ) ;
#1638 = DIRECTION ( 'NONE',  ( 0.0000000000000000000, -0.9135454576425990902, 0.4067366430758043161 ) ) ;
#1639 = DIRECTION ( 'NONE',  ( 0.0000000000000000000, 9.293161478447179278E-17, 1.000000000000000000 ) ) ;
#1640 = VECTOR ( 'NONE', #2765, 1000.000000000000000 ) ;
#1641 = EDGE_CURVE ( 'NONE', #2285, #1033, #2917, .T. ) ;
#1642 = ORIENTED_EDGE ( 'NONE', *, *, #421, .F. ) ;
#1643 = AXIS2_PLACEMENT_3D ( 'NONE', #3138, #3451, #879 ) ;
#1644 = LINE ( 'NONE', #2501, #103 ) ;
#1645 = CIRCLE ( 'NONE', #3077, 6.300000000000000711 ) ;
#1646 = DIRECTION ( 'NONE',  ( -1.000000000000000000, -0.0000000000000000000, -0.0000000000000000000 ) ) ;
#1647 = DIRECTION ( 'NONE',  ( -0.0000000000000000000, 1.126443815569355400E-16, 1.000000000000000000 ) ) ;
#1648 = CARTESIAN_POINT ( 'NONE',  ( -13.65000000000000036, 0.0000000000000000000, 0.0000000000000000000 ) ) ;
#1649 = LINE ( 'NONE', #3227, #740 ) ;
#1650 = PRODUCT_DEFINITION_FORMATION_WITH_SPECIFIED_SOURCE ( 'ANY', '', #1515, .NOT_KNOWN. ) ;
#1651 = CARTESIAN_POINT ( 'NONE',  ( -13.65000000000000036, 6.112863075538782276, 1.524107942277888927 ) ) ;
#1652 = CARTESIAN_POINT ( 'NONE',  ( -13.65000000000000036, -4.700000000000001066, 6.299999999999999822 ) ) ;
#1653 = LINE ( 'NONE', #518, #3473 ) ;
#1654 = LINE ( 'NONE', #1068, #1242 ) ;
#1655 = DIRECTION ( 'NONE',  ( 1.000000000000000000, 0.0000000000000000000, 0.0000000000000000000 ) ) ;
#1656 = ORIENTED_EDGE ( 'NONE', *, *, #2852, .T. ) ;
#1657 = CARTESIAN_POINT ( 'NONE',  ( 25.50000000000000000, -2.000000000000000444, -1.050000000000000044 ) ) ;
#1658 = DIRECTION ( 'NONE',  ( 0.0000000000000000000, 0.9961946980917453232, 0.08715574274766145491 ) ) ;
#1659 = EDGE_CURVE ( 'NONE', #2008, #591, #2117, .T. ) ;
#1660 = CARTESIAN_POINT ( 'NONE',  ( -15.68876725226569668, 0.9261120742306999665, -0.3930619222011833003 ) ) ;
#1661 = CARTESIAN_POINT ( 'NONE',  ( 3.650000000000000355, -5.100000000000001421, -7.099999999999999645 ) ) ;
#1662 = CARTESIAN_POINT ( 'NONE',  ( 26.66076477383247934, 0.0000000000000000000, 0.0000000000000000000 ) ) ;
#1663 = VERTEX_POINT ( 'NONE', #3496 ) ;
#1664 = ORIENTED_EDGE ( 'NONE', *, *, #184, .F. ) ;
#1665 = AXIS2_PLACEMENT_3D ( 'NONE', #3488, #1157, #2860 ) ;
#1666 = CARTESIAN_POINT ( 'NONE',  ( -13.65000000000000036, 6.486172749262453685, -2.887830165838211283 ) ) ;
#1667 = ORIENTED_EDGE ( 'NONE', *, *, #1196, .T. ) ;
#1668 = ORIENTED_EDGE ( 'NONE', *, *, #2473, .T. ) ;
#1669 = EDGE_LOOP ( 'NONE', ( #1980, #3329 ) ) ;
#1670 = DIRECTION ( 'NONE',  ( -0.0000000000000000000, 1.548860246407863583E-16, 1.000000000000000000 ) ) ;
#1671 = DIRECTION ( 'NONE',  ( 0.0000000000000000000, 0.0000000000000000000, 1.000000000000000000 ) ) ;
#1672 = EDGE_CURVE ( 'NONE', #2879, #2565, #596, .T. ) ;
#1674 = ORIENTED_EDGE ( 'NONE', *, *, #600, .T. ) ;
#1673 = AXIS2_PLACEMENT_3D ( 'NONE', #3036, #1325, #1052 ) ;
#1675 = PLANE ( 'NONE',  #640 ) ;
#1676 = VERTEX_POINT ( 'NONE', #2060 ) ;
#1677 = ORIENTED_EDGE ( 'NONE', *, *, #3190, .T. ) ;
#1678 = ORIENTED_EDGE ( 'NONE', *, *, #2317, .T. ) ;
#1679 = CARTESIAN_POINT ( 'NONE',  ( 9.150000000000000355, -5.100000000000001421, -11.50000000000000000 ) ) ;
#1680 = LINE ( 'NONE', #3060, #1318 ) ;
#1681 = CARTESIAN_POINT ( 'NONE',  ( 15.75776478870053232, 1.014055973780548126, -0.09991559036835638563 ) ) ;
#1682 = CARTESIAN_POINT ( 'NONE',  ( -13.65000000000000036, 6.276026597977994115, -0.5490811793102688965 ) ) ;
#1683 = FACE_OUTER_BOUND ( 'NONE', #3283, .T. ) ;
#1684 = PLANE ( 'NONE',  #3178 ) ;
#1685 = FACE_OUTER_BOUND ( 'NONE', #3233, .T. ) ;
#1686 = DIRECTION ( 'NONE',  ( 1.000000000000000000, 0.0000000000000000000, 0.0000000000000000000 ) ) ;
#1687 = CALENDAR_DATE ( 2018, 16, 11 ) ;
#1688 = AXIS2_PLACEMENT_3D ( 'NONE', #1019, #3332, #1308 ) ;
#1689 = DIRECTION ( 'NONE',  ( 0.0000000000000000000, -0.0000000000000000000, -1.000000000000000000 ) ) ;
#1690 = FACE_OUTER_BOUND ( 'NONE', #545, .T. ) ;
#1691 = VERTEX_POINT ( 'NONE', #3198 ) ;
#1692 = DIRECTION ( 'NONE',  ( -1.000000000000000000, 0.0000000000000000000, 0.0000000000000000000 ) ) ;
#1693 = FACE_OUTER_BOUND ( 'NONE', #899, .T. ) ;
#1694 = ADVANCED_FACE ( 'NONE', ( #2383 ), #1508, .T. ) ;
#1695 = EDGE_CURVE ( 'NONE', #1879, #2515, #1633, .T. ) ;
#1696 = AXIS2_PLACEMENT_3D ( 'NONE', #824, #1228, #2615 ) ;
#1697 = CARTESIAN_POINT ( 'NONE',  ( -11.65000000000000036, 0.0000000000000000000, 0.0000000000000000000 ) ) ;
#1698 =( LENGTH_UNIT ( ) NAMED_UNIT ( * ) SI_UNIT ( .MILLI., .METRE. ) );
#1699 = DIRECTION ( 'NONE',  ( 0.0000000000000000000, 1.316495309083404223E-15, 1.000000000000000000 ) ) ;
#1700 = FACE_OUTER_BOUND ( 'NONE', #936, .T. ) ;
#1701 = FACE_OUTER_BOUND ( 'NONE', #764, .T. ) ;
#1702 = LINE ( 'NONE', #3539, #2718 ) ;
#1703 = CARTESIAN_POINT ( 'NONE',  ( -13.65000000000000036, 2.957670845551077843, 5.562569835011258235 ) ) ;
#1704 = CARTESIAN_POINT ( 'NONE',  ( -13.65000000000000036, 2.957670845551079619, -5.562569835011258235 ) ) ;
#1705 = PERSON_AND_ORGANIZATION_ROLE ( 'classification_officer' ) ;
#1706 = EDGE_CURVE ( 'NONE', #34, #1161, #141, .T. ) ;
#1707 = VECTOR ( 'NONE', #1416, 1000.000000000000000 ) ;
#1708 = VERTEX_POINT ( 'NONE', #359 ) ;
#1709 = CARTESIAN_POINT ( 'NONE',  ( -13.65000000000000036, 0.0000000000000000000, 0.0000000000000000000 ) ) ;
#1710 = VERTEX_POINT ( 'NONE', #896 ) ;
#1711 = CARTESIAN_POINT ( 'NONE',  ( -15.75776478870053232, 1.014055973780548126, 0.09991559036835627461 ) ) ;
#1712 = VERTEX_POINT ( 'NONE', #2360 ) ;
#1713 = ORIENTED_EDGE ( 'NONE', *, *, #788, .F. ) ;
#1714 = ORIENTED_EDGE ( 'NONE', *, *, #792, .T. ) ;
#1715 = VERTEX_POINT ( 'NONE', #344 ) ;
#1716 = DIRECTION ( 'NONE',  ( 1.000000000000000000, -0.0000000000000000000, -0.0000000000000000000 ) ) ;
#1717 = EDGE_LOOP ( 'NONE', ( #2560, #319, #3621, #3669 ) ) ;
#1718 = ORIENTED_EDGE ( 'NONE', *, *, #1455, .F. ) ;
#1719 = CARTESIAN_POINT ( 'NONE',  ( -14.65000000000000036, -0.9261120742307000775, -0.3930619222011829672 ) ) ;
#1720 = FACE_OUTER_BOUND ( 'NONE', #126, .T. ) ;
#1721 = DIRECTION ( 'NONE',  ( 0.0000000000000000000, -1.000000000000000000, 0.0000000000000000000 ) ) ;
#1722 = CARTESIAN_POINT ( 'NONE',  ( 14.65000000000000036, 0.9261120742306999665, -0.3930619222011832448 ) ) ;
#1723 = FACE_OUTER_BOUND ( 'NONE', #550, .T. ) ;
#1724 = CARTESIAN_POINT ( 'NONE',  ( 32.80821455623738814, -3.500000000000000888, 1.050000000000000266 ) ) ;
#1726 = EDGE_CURVE ( 'NONE', #713, #1133, #859, .T. ) ;
#1725 = VECTOR ( 'NONE', #2701, 1000.000000000000000 ) ;
#1727 = ORIENTED_EDGE ( 'NONE', *, *, #2419, .F. ) ;
#1728 = CYLINDRICAL_SURFACE ( 'NONE', #2369, 2.000000000000001776 ) ;
#1729 = CARTESIAN_POINT ( 'NONE',  ( 13.65000000000000036, -8.694992273946207746E-16, 7.099999999999999645 ) ) ;
#1730 = AXIS2_PLACEMENT_3D ( 'NONE', #1949, #3634, #3367 ) ;
#1731 = DIRECTION ( 'NONE',  ( 1.000000000000000000, 0.0000000000000000000, 0.0000000000000000000 ) ) ;
#1732 = CIRCLE ( 'NONE', #1358, 1.500000000000000000 ) ;
#1733 = LINE ( 'NONE', #455, #1195 ) ;
#1734 = EDGE_CURVE ( 'NONE', #2957, #2904, #2435, .T. ) ;
#1735 = AXIS2_PLACEMENT_3D ( 'NONE', #1177, #299, #3437 ) ;
#1736 = CIRCLE ( 'NONE', #984, 4.599999999999999645 ) ;
#1737 = MANIFOLD_SOLID_BREP ( 'Ø3.2 (3.2) Diameter Hole1', #621 ) ;
#1738 = CARTESIAN_POINT ( 'NONE',  ( 13.65000000000000036, 0.0000000000000000000, 0.0000000000000000000 ) ) ;
#1739 = ORIENTED_EDGE ( 'NONE', *, *, #429, .T. ) ;
#1740 = DIRECTION ( 'NONE',  ( 0.0000000000000000000, 1.000000000000000000, -1.126443815569355400E-16 ) ) ;
#1741 = VERTEX_POINT ( 'NONE', #2043 ) ;
#1742 = ORIENTED_EDGE ( 'NONE', *, *, #2229, .T. ) ;
#1743 = DIRECTION ( 'NONE',  ( 0.0000000000000000000, 0.0000000000000000000, -1.000000000000000000 ) ) ;
#1744 = ADVANCED_FACE ( 'NONE', ( #2528 ), #3476, .T. ) ;
#1745 = ORIENTED_EDGE ( 'NONE', *, *, #1825, .F. ) ;
#1746 = ORIENTED_EDGE ( 'NONE', *, *, #585, .T. ) ;
#1747 = ORIENTED_EDGE ( 'NONE', *, *, #769, .T. ) ;
#1748 = CARTESIAN_POINT ( 'NONE',  ( -13.65000000000000036, 4.607528320200751537, -4.296589668393764327 ) ) ;
#1749 = ORIENTED_EDGE ( 'NONE', *, *, #1005, .F. ) ;
#1750 = EDGE_CURVE ( 'NONE', #2503, #362, #2297, .T. ) ;
#1751 = ORIENTED_EDGE ( 'NONE', *, *, #3052, .F. ) ;
#1752 = VERTEX_POINT ( 'NONE', #311 ) ;
#1753 = DIRECTION ( 'NONE',  ( 0.0000000000000000000, 0.0000000000000000000, -1.000000000000000000 ) ) ;
#1754 = EDGE_CURVE ( 'NONE', #3185, #2231, #325, .T. ) ;
#1756 = ORIENTED_EDGE ( 'NONE', *, *, #1672, .T. ) ;
#1755 = AXIS2_PLACEMENT_3D ( 'NONE', #1951, #3123, #1073 ) ;
#1757 = ORIENTED_EDGE ( 'NONE', *, *, #31, .F. ) ;
#1758 = LINE ( 'NONE', #1546, #93 ) ;
#1759 = EDGE_CURVE ( 'NONE', #2235, #3183, #2032, .T. ) ;
#1760 = APPROVAL_STATUS ( 'not_yet_approved' ) ;
#1761 = ADVANCED_FACE ( 'NONE', ( #2338 ), #3064, .F. ) ;
#1762 = FACE_OUTER_BOUND ( 'NONE', #894, .T. ) ;
#1763 = DIRECTION ( 'NONE',  ( 1.000000000000000000, 0.0000000000000000000, 0.0000000000000000000 ) ) ;
#1764 = DIRECTION ( 'NONE',  ( -0.0000000000000000000, 0.0000000000000000000, -1.000000000000000000 ) ) ;
#1765 = CARTESIAN_POINT ( 'NONE',  ( -13.65000000000000036, 2.051079373080092694, -5.956767026275695542 ) ) ;
#1766 = LINE ( 'NONE', #418, #1725 ) ;
#1767 = LINE ( 'NONE', #2331, #1008 ) ;
#1768 = CYLINDRICAL_SURFACE ( 'NONE', #2139, 1.599999999999998979 ) ;
#1769 = AXIS2_PLACEMENT_3D ( 'NONE', #531, #2806, #280 ) ;
#1770 = APPROVAL_STATUS ( 'not_yet_approved' ) ;
#1771 = LINE ( 'NONE', #3705, #1555 ) ;
#1772 = EDGE_CURVE ( 'NONE', #1570, #2822, #906, .T. ) ;
#1773 = CARTESIAN_POINT ( 'NONE',  ( 13.65000000000000036, 3.878667294551654265, 4.964467747722343560 ) ) ;
#1774 = CARTESIAN_POINT ( 'NONE',  ( 13.65000000000000036, -8.694992273946207746E-16, 7.099999999999999645 ) ) ;
#1775 = VECTOR ( 'NONE', #2316, 1000.000000000000000 ) ;
#1776 = ADVANCED_FACE ( 'NONE', ( #1413 ), #772, .T. ) ;
#1777 = CARTESIAN_POINT ( 'NONE',  ( 14.65000000000002522, -0.0001038342415711100350, -1.073273640095047332 ) ) ;
#1778 = EDGE_CURVE ( 'NONE', #1712, #2201, #3459, .T. ) ;
#1779 = DIRECTION ( 'NONE',  ( 0.0000000000000000000, 0.7313537016191660189, -0.6819983600625032505 ) ) ;
#1780 = LINE ( 'NONE', #1877, #3350 ) ;
#1781 = ORIENTED_EDGE ( 'NONE', *, *, #2763, .F. ) ;
#1782 = ORIENTED_EDGE ( 'NONE', *, *, #1965, .F. ) ;
#1783 = DIRECTION ( 'NONE',  ( 0.0000000000000000000, 0.6156614753256604011, 0.7880107536067202378 ) ) ;
#1784 = LINE ( 'NONE', #681, #3141 ) ;
#1785 = ORIENTED_EDGE ( 'NONE', *, *, #356, .F. ) ;
#1786 = ORIENTED_EDGE ( 'NONE', *, *, #1074, .F. ) ;
#1787 = EDGE_CURVE ( 'NONE', #3226, #323, #2206, .T. ) ;
#1788 = DIRECTION ( 'NONE',  ( 0.0000000000000000000, 0.1564344650402230419, -0.9876883405951388806 ) ) ;
#1789 = ORIENTED_EDGE ( 'NONE', *, *, #1695, .T. ) ;
#1790 = ORIENTED_EDGE ( 'NONE', *, *, #2786, .F. ) ;
#1791 = CARTESIAN_POINT ( 'NONE',  ( 13.65000000000000036, 4.607528320200751537, 4.296589668393765216 ) ) ;
#1792 = CARTESIAN_POINT ( 'NONE',  ( 13.65000000000000036, -7.700000000000001066, 7.099999999999998757 ) ) ;
#1793 = ADVANCED_FACE ( 'NONE', ( #3587 ), #775, .T. ) ;
#1794 = ORIENTED_EDGE ( 'NONE', *, *, #2901, .T. ) ;
#1795 = ORIENTED_EDGE ( 'NONE', *, *, #3195, .F. ) ;
#1796 = ORIENTED_EDGE ( 'NONE', *, *, #2277, .T. ) ;
#1797 = AXIS2_PLACEMENT_3D ( 'NONE', #654, #955, #919 ) ;
#1798 = B_SPLINE_CURVE_WITH_KNOTS ( 'NONE', 3,
 ( #1902, #3020, #1333, #3298 ),
 .UNSPECIFIED., .F., .F.,
 ( 4, 4 ),
 ( 0.0000000000000000000, 1.000000000000000000 ),
 .UNSPECIFIED. ) ;
#1799 = DIRECTION ( 'NONE',  ( 1.000000000000000000, 0.0000000000000000000, 0.0000000000000000000 ) ) ;
#1800 = ORIENTED_EDGE ( 'NONE', *, *, #2919, .T. ) ;
#1801 = CARTESIAN_POINT ( 'NONE',  ( 16.64999999999999858, 3.499999999999999112, -1.050000000000000488 ) ) ;
#1802 = VERTEX_POINT ( 'NONE', #975 ) ;
#1803 = EDGE_CURVE ( 'NONE', #1802, #2191, #2252, .T. ) ;
#1804 = AXIS2_PLACEMENT_3D ( 'NONE', #1394, #2702, #549 ) ;
#1805 = LINE ( 'NONE', #815, #948 ) ;
#1806 = DIRECTION ( 'NONE',  ( 0.0000000000000000000, -1.000000000000000000, 0.0000000000000000000 ) ) ;
#1807 = FACE_OUTER_BOUND ( 'NONE', #3002, .T. ) ;
#1808 = CARTESIAN_POINT ( 'NONE',  ( -13.65000000000000036, 6.889099656559579898, -1.717645458757620647 ) ) ;
#1809 = CARTESIAN_POINT ( 'NONE',  ( -13.65000000000000036, -1.500000000000000888, 6.299999999999999822 ) ) ;
#1810 = VECTOR ( 'NONE', #1523, 1000.000000000000000 ) ;
#1811 = CARTESIAN_POINT ( 'NONE',  ( 13.65000000000000036, 0.0000000000000000000, 4.599999999999999645 ) ) ;
#1812 = CARTESIAN_POINT ( 'NONE',  ( -11.65000000000000036, 0.0000000000000000000, 0.0000000000000000000 ) ) ;
#1813 = CARTESIAN_POINT ( 'NONE',  ( 13.65000000000000036, -3.499999999999999556, -6.299999999999999822 ) ) ;
#1814 = CLOSED_SHELL ( 'NONE', ( #1761, #2830, #2027, #199, #3339, #331, #160, #3307, #661, #1276, #971, #872, #483, #1335 ) ) ;
#1815 = CARTESIAN_POINT ( 'NONE',  ( -13.65000000000000036, 3.878667294551655598, -4.964467747722342672 ) ) ;
#1816 = FACE_OUTER_BOUND ( 'NONE', #605, .T. ) ;
#1817 = ADVANCED_FACE ( 'NONE', ( #3679 ), #631, .T. ) ;
#1818 = LINE ( 'NONE', #1200, #522 ) ;
#1819 = DIRECTION ( 'NONE',  ( 0.0000000000000000000, 0.0000000000000000000, -1.000000000000000000 ) ) ;
#1820 = EDGE_CURVE ( 'NONE', #2144, #1741, #1758, .T. ) ;
#1821 = CARTESIAN_POINT ( 'NONE',  ( -14.65000000000000036, 0.0000000000000000000, 0.0000000000000000000 ) ) ;
#1822 = FACE_OUTER_BOUND ( 'NONE', #132, .T. ) ;
#1823 = FACE_OUTER_BOUND ( 'NONE', #3674, .T. ) ;
#1824 = CARTESIAN_POINT ( 'NONE',  ( 9.150000000000000355, -5.100000000000001421, -8.300000000000002487 ) ) ;
#1825 = EDGE_CURVE ( 'NONE', #2474, #2658, #1496, .T. ) ;
#1826 = AXIS2_PLACEMENT_3D ( 'NONE', #2982, #2698, #3558 ) ;
#1827 = DIRECTION ( 'NONE',  ( 0.0000000000000000000, 1.000000000000000000, 0.0000000000000000000 ) ) ;
#1828 = CARTESIAN_POINT ( 'NONE',  ( -9.150000000000000355, -5.100000000000001421, 9.900000000000000355 ) ) ;
#1829 = CARTESIAN_POINT ( 'NONE',  ( -15.36908763370269604, 0.5355196258862165992, 0.8913651158947268893 ) ) ;
#1830 = AXIS2_PLACEMENT_3D ( 'NONE', #3617, #193, #1392 ) ;
#1831 = ORIENTED_EDGE ( 'NONE', *, *, #1434, .F. ) ;
#1832 = ORIENTED_EDGE ( 'NONE', *, *, #1641, .T. ) ;
#1833 = DIRECTION ( 'NONE',  ( 1.000000000000000000, 0.0000000000000000000, 0.0000000000000000000 ) ) ;
#1834 = FACE_OUTER_BOUND ( 'NONE', #841, .T. ) ;
#1835 = DIRECTION ( 'NONE',  ( 0.0000000000000000000, 0.0000000000000000000, -1.000000000000000000 ) ) ;
#1836 = ADVANCED_FACE ( 'NONE', ( #900 ), #1583, .T. ) ;
#1837 = ORIENTED_EDGE ( 'NONE', *, *, #1420, .F. ) ;
#1838 = ORIENTED_EDGE ( 'NONE', *, *, #3001, .T. ) ;
#1839 = CARTESIAN_POINT ( 'NONE',  ( -13.65000000000000036, 0.0000000000000000000, 0.0000000000000000000 ) ) ;
#1840 = ORIENTED_EDGE ( 'NONE', *, *, #2719, .T. ) ;
#1841 = DIRECTION ( 'NONE',  ( 0.0000000000000000000, 0.0000000000000000000, 1.000000000000000000 ) ) ;
#1842 = ORIENTED_EDGE ( 'NONE', *, *, #3311, .F. ) ;
#1843 = DIRECTION ( 'NONE',  ( 1.000000000000000000, 0.0000000000000000000, -0.0000000000000000000 ) ) ;
#1844 = ORIENTED_EDGE ( 'NONE', *, *, #668, .T. ) ;
#1845 = ORIENTED_EDGE ( 'NONE', *, *, #1074, .T. ) ;
#1846 = VERTEX_POINT ( 'NONE', #2726 ) ;
#1847 = EDGE_CURVE ( 'NONE', #804, #2822, #2068, .T. ) ;
#1848 = ORIENTED_EDGE ( 'NONE', *, *, #3362, .F. ) ;
#1849 = ORIENTED_EDGE ( 'NONE', *, *, #1750, .T. ) ;
#1850 = DIRECTION ( 'NONE',  ( 1.000000000000000000, 0.0000000000000000000, 0.0000000000000000000 ) ) ;
#1851 = CARTESIAN_POINT ( 'NONE',  ( 15.74923322792006530, 2.624999999999999112, 1.049999999999999822 ) ) ;
#1853 = AXIS2_PLACEMENT_3D ( 'NONE', #2218, #495, #521 ) ;
#1852 = VECTOR ( 'NONE', #1475, 1000.000000000000114 ) ;
#1854 = CARTESIAN_POINT ( 'NONE',  ( -15.75776478870053232, -0.9578262852211514300, -0.2873478855663452736 ) ) ;
#1855 = CIRCLE ( 'NONE', #3197, 7.099999999999999645 ) ;
#1856 = DIRECTION ( 'NONE',  ( 0.0000000000000000000, -3.330669073875469621E-16, -1.000000000000000000 ) ) ;
#1857 = ADVANCED_FACE ( 'NONE', ( #2836 ), #2405, .F. ) ;
#1858 = EDGE_CURVE ( 'NONE', #1309, #2679, #3196, .T. ) ;
#1859 = VECTOR ( 'NONE', #2124, 1000.000000000000000 ) ;
#1860 = ADVANCED_FACE ( 'NONE', ( #998, #2611 ), #2585, .F. ) ;
#1861 = DIRECTION ( 'NONE',  ( 0.0000000000000000000, 0.0000000000000000000, 1.000000000000000000 ) ) ;
#1862 = DIRECTION ( 'NONE',  ( 0.0000000000000000000, -1.000000000000000000, 3.330669073875469621E-16 ) ) ;
#1863 = CYLINDRICAL_SURFACE ( 'NONE', #2756, 6.299999999999999822 ) ;
#1864 = VECTOR ( 'NONE', #2158, 1000.000000000000000 ) ;
#1865 = DIRECTION ( 'NONE',  ( 0.0000000000000000000, 0.0000000000000000000, -1.000000000000000000 ) ) ;
#1866 = DIRECTION ( 'NONE',  ( 1.000000000000000000, 0.0000000000000000000, 0.0000000000000000000 ) ) ;
#1867 = PLANE ( 'NONE',  #532 ) ;
#1868 = FACE_OUTER_BOUND ( 'NONE', #1132, .T. ) ;
#1869 = DIRECTION ( 'NONE',  ( 1.000000000000000000, -0.0000000000000000000, -0.0000000000000000000 ) ) ;
#1870 = CARTESIAN_POINT ( 'NONE',  ( -16.65000000000000213, 2.624999999999999112, 1.049999999999999822 ) ) ;
#1871 = FACE_OUTER_BOUND ( 'NONE', #2568, .T. ) ;
#1872 = AXIS2_PLACEMENT_3D ( 'NONE', #2647, #100, #72 ) ;
#1873 = CARTESIAN_POINT ( 'NONE',  ( 16.64999999999999858, -3.500000000000000888, 1.050000000000000266 ) ) ;
#1874 = CIRCLE ( 'NONE', #2326, 7.099999999999999645 ) ;
#1875 = DIRECTION ( 'NONE',  ( 0.0000000000000000000, 0.0000000000000000000, 1.000000000000000000 ) ) ;
#1876 = EDGE_CURVE ( 'NONE', #404, #410, #1538, .T. ) ;
#1877 = CARTESIAN_POINT ( 'NONE',  ( -13.65000000000000036, 6.112863075538782276, -1.524107942277886929 ) ) ;
#1878 = CARTESIAN_POINT ( 'NONE',  ( 14.65000000000000036, -0.9578262852211514300, -0.2873478855663452736 ) ) ;
#1879 = VERTEX_POINT ( 'NONE', #321 ) ;
#1880 = DIRECTION ( 'NONE',  ( -1.000000000000000000, 0.0000000000000000000, 0.0000000000000000000 ) ) ;
#1881 = CARTESIAN_POINT ( 'NONE',  ( -15.68876544982699528, 0.9261120742307000775, 0.3930619222011831893 ) ) ;
#1882 = ORIENTED_EDGE ( 'NONE', *, *, #3689, .F. ) ;
#1883 = ORIENTED_EDGE ( 'NONE', *, *, #636, .F. ) ;
#1884 = ORIENTED_EDGE ( 'NONE', *, *, #3543, .F. ) ;
#1885 = PLANE ( 'NONE',  #1056 ) ;
#1886 = VERTEX_POINT ( 'NONE', #1174 ) ;
#1887 = ORIENTED_EDGE ( 'NONE', *, *, #3560, .F. ) ;
#1888 = DIRECTION ( 'NONE',  ( 0.0000000000000000000, -1.000000000000000000, -1.126443815569355400E-16 ) ) ;
#1889 = EDGE_LOOP ( 'NONE', ( #2776, #1402, #890, #2918 ) ) ;
#1890 = CARTESIAN_POINT ( 'NONE',  ( -13.65000000000000036, 5.283624578056178578, 3.431225920594658252 ) ) ;
#1891 = EDGE_LOOP ( 'NONE', ( #1085, #456, #3101, #3234 ) ) ;
#1892 = ADVANCED_FACE ( 'NONE', ( #2743 ), #679, .T. ) ;
#1893 = VERTEX_POINT ( 'NONE', #2893 ) ;
#1894 = EDGE_LOOP ( 'NONE', ( #1615, #3000, #3153, #3080 ) ) ;
#1895 = EDGE_CURVE ( 'NONE', #2367, #3324, #1459, .T. ) ;
#1896 = FACE_OUTER_BOUND ( 'NONE', #43, .T. ) ;
#1897 = CARTESIAN_POINT ( 'NONE',  ( 13.65000000000000036, 5.954561032412520660, -3.866937148606679031 ) ) ;
#1898 = EDGE_CURVE ( 'NONE', #845, #33, #2693, .T. ) ;
#1899 = VECTOR ( 'NONE', #1121, 1000.000000000000000 ) ;
#1900 = DIRECTION ( 'NONE',  ( 0.0000000000000000000, 0.0000000000000000000, -1.000000000000000000 ) ) ;
#1901 = CARTESIAN_POINT ( 'NONE',  ( 25.50000000000000000, 0.0000000000000000000, 0.0000000000000000000 ) ) ;
#1902 = CARTESIAN_POINT ( 'NONE',  ( -14.65000000000000036, 0.9578262852211514300, -0.2873478855663454956 ) ) ;
#1903 = FACE_OUTER_BOUND ( 'NONE', #44, .T. ) ;
#1904 = AXIS2_PLACEMENT_3D ( 'NONE', #2142, #3582, #2736 ) ;
#1905 = DIRECTION ( 'NONE',  ( 0.0000000000000000000, -0.7313537016191667961, 0.6819983600625023623 ) ) ;
#1906 = VECTOR ( 'NONE', #3317, 1000.000000000000000 ) ;
#1907 = LINE ( 'NONE', #1191, #2759 ) ;
#1908 = ADVANCED_FACE ( 'NONE', ( #2880 ), #3088, .T. ) ;
#1909 = FACE_OUTER_BOUND ( 'NONE', #803, .T. ) ;
#1910 = DIRECTION ( 'NONE',  ( 0.0000000000000000000, -0.08715574274766309248, -0.9961946980917452121 ) ) ;
#1911 = DIRECTION ( 'NONE',  ( 1.000000000000000000, 0.0000000000000000000, 0.0000000000000000000 ) ) ;
#1912 = EDGE_CURVE ( 'NONE', #1353, #2098, #3114, .T. ) ;
#1913 = VECTOR ( 'NONE', #3603, 1000.000000000000000 ) ;
#1914 = DIRECTION ( 'NONE',  ( 0.0000000000000000000, 0.0000000000000000000, 1.000000000000000000 ) ) ;
#1915 = CARTESIAN_POINT ( 'NONE',  ( -11.65000000000000036, 0.0000000000000000000, 0.0000000000000000000 ) ) ;
#1916 = ORIENTED_EDGE ( 'NONE', *, *, #537, .F. ) ;
#1917 = AXIS2_PLACEMENT_3D ( 'NONE', #985, #957, #682 ) ;
#1918 = DIRECTION ( 'NONE',  ( 0.0000000000000000000, 0.0000000000000000000, -1.000000000000000000 ) ) ;
#1919 = LINE ( 'NONE', #560, #660 ) ;
#1920 = CARTESIAN_POINT ( 'NONE',  ( -13.65000000000000036, 6.276026597977994115, -0.5490811793102688965 ) ) ;
#1921 = EDGE_CURVE ( 'NONE', #494, #3226, #414, .T. ) ;
#1922 = VERTEX_POINT ( 'NONE', #453 ) ;
#1923 = CARTESIAN_POINT ( 'NONE',  ( -9.150000000000000355, -7.700000000000001066, 9.900000000000000355 ) ) ;
#1924 = ORIENTED_EDGE ( 'NONE', *, *, #3254, .F. ) ;
#1925 = DIRECTION ( 'NONE',  ( 0.0000000000000000000, 0.0000000000000000000, -1.000000000000000000 ) ) ;
#1926 = ORIENTED_EDGE ( 'NONE', *, *, #1451, .F. ) ;
#1927 = CARTESIAN_POINT ( 'NONE',  ( -15.75776478870052877, 0.9578262852211512079, -0.2873478855663454956 ) ) ;
#1928 = ORIENTED_EDGE ( 'NONE', *, *, #1425, .F. ) ;
#1929 = EDGE_LOOP ( 'NONE', ( #767, #279 ) ) ;
#1930 = DIRECTION ( 'NONE',  ( 1.000000000000000000, -0.0000000000000000000, 0.0000000000000000000 ) ) ;
#1931 = ORIENTED_EDGE ( 'NONE', *, *, #338, .T. ) ;
#1932 = ORIENTED_EDGE ( 'NONE', *, *, #3409, .T. ) ;
#1933 = CARTESIAN_POINT ( 'NONE',  ( -13.65000000000000036, 3.333248095779788311, 6.268927909298400714 ) ) ;
#1934 = ORIENTED_EDGE ( 'NONE', *, *, #288, .T. ) ;
#1935 = CARTESIAN_POINT ( 'NONE',  ( 0.0000000000000000000, -5.100000000000001421, 0.0000000000000000000 ) ) ;
#1936 = PLANE ( 'NONE',  #1155 ) ;
#1937 = DIRECTION ( 'NONE',  ( -0.0000000000000000000, 1.000000000000000000, -0.0000000000000000000 ) ) ;
#1938 = LINE ( 'NONE', #761, #242 ) ;
#1939 = CARTESIAN_POINT ( 'NONE',  ( -15.61123274773430758, 3.208333333333332149, -1.050000000000000488 ) ) ;
#1941 = EDGE_CURVE ( 'NONE', #77, #1802, #1938, .T. ) ;
#1940 = LINE ( 'NONE', #2526, #1139 ) ;
#1942 = DIRECTION ( 'NONE',  ( 0.0000000000000000000, 1.000000000000000000, 1.126443815569355400E-16 ) ) ;
#1943 = FACE_BOUND ( 'NONE', #1486, .T. ) ;
#1944 = EDGE_CURVE ( 'NONE', #3659, #591, #1680, .T. ) ;
#1945 = VERTEX_POINT ( 'NONE', #2460 ) ;
#1946 = LOCAL_TIME ( 10, 12, 9.000000000000000000, #1189 ) ;
#1947 = CARTESIAN_POINT ( 'NONE',  ( -16.64999999999999858, -3.500000000000000888, -1.050000000000000044 ) ) ;
#1948 = VECTOR ( 'NONE', #2721, 1000.000000000000000 ) ;
#1949 = CARTESIAN_POINT ( 'NONE',  ( -23.99999999999999645, 1.999999999999999112, -1.050000000000000488 ) ) ;
#1950 = CARTESIAN_POINT ( 'NONE',  ( -19.50000000000000000, 3.358555288063680940E-32, 1.049999999999998934 ) ) ;
#1951 = CARTESIAN_POINT ( 'NONE',  ( 3.650000000000000355, -5.100000000000001421, -7.099999999999999645 ) ) ;
#1952 = LINE ( 'NONE', #2624, #106 ) ;
#1953 = CARTESIAN_POINT ( 'NONE',  ( 13.65000000000000036, 2.957670845551077843, 5.562569835011258235 ) ) ;
#1954 = CARTESIAN_POINT ( 'NONE',  ( -13.65000000000000036, -3.499999999999999556, -6.299999999999999822 ) ) ;
#1955 = CIRCLE ( 'NONE', #3157, 7.099999999999999645 ) ;
#1956 = DIRECTION ( 'NONE',  ( 0.0000000000000000000, 0.4694715627858859208, 0.8829475928589295419 ) ) ;
#1957 = CARTESIAN_POINT ( 'NONE',  ( 21.50000000000000000, 0.0000000000000000000, 1.049999999999998934 ) ) ;
#1958 = PLANE ( 'NONE',  #2302 ) ;
#1959 = LINE ( 'NONE', #2674, #266 ) ;
#1960 = PLANE ( 'NONE',  #1755 ) ;
#1961 = AXIS2_PLACEMENT_3D ( 'NONE', #813, #1417, #2819 ) ;
#1962 = CARTESIAN_POINT ( 'NONE',  ( -13.65000000000000036, -1.499999999999999334, -6.299999999999999822 ) ) ;
#1963 = DIRECTION ( 'NONE',  ( 0.0000000000000000000, 0.0000000000000000000, -1.000000000000000000 ) ) ;
#1964 = CARTESIAN_POINT ( 'NONE',  ( -15.75776478870053232, 0.9578262852211514300, 0.2873478855663453846 ) ) ;
#1965 = EDGE_CURVE ( 'NONE', #3183, #2328, #47, .T. ) ;
#1966 = ORIENTED_EDGE ( 'NONE', *, *, #1706, .F. ) ;
#1967 = CARTESIAN_POINT ( 'NONE',  ( 14.65000000000000036, 0.9578262852211513190, -0.2873478855663454956 ) ) ;
#1968 = VERTEX_POINT ( 'NONE', #1389 ) ;
#1969 = ORIENTED_EDGE ( 'NONE', *, *, #738, .F. ) ;
#1970 = ORIENTED_EDGE ( 'NONE', *, *, #1087, .F. ) ;
#1971 = DIRECTION ( 'NONE',  ( -0.0000000000000000000, 1.548860246407863583E-16, 1.000000000000000000 ) ) ;
#1972 = EDGE_CURVE ( 'NONE', #2957, #1482, #1089, .T. ) ;
#1974 = ORIENTED_EDGE ( 'NONE', *, *, #2376, .T. ) ;
#1973 = AXIS2_PLACEMENT_3D ( 'NONE', #2498, #2164, #1024 ) ;
#1975 = CARTESIAN_POINT ( 'NONE',  ( 9.150000000000000355, -7.700000000000001066, -11.50000000000000000 ) ) ;
#1976 = EDGE_LOOP ( 'NONE', ( #2091, #2480, #1796, #2672 ) ) ;
#1977 = CARTESIAN_POINT ( 'NONE',  ( -13.65000000000000036, -2.699999999999999289, -6.300000000000001599 ) ) ;
#1978 = ORIENTED_EDGE ( 'NONE', *, *, #1499, .F. ) ;
#1979 = CARTESIAN_POINT ( 'NONE',  ( 13.65000000000000036, 0.0000000000000000000, 0.0000000000000000000 ) ) ;
#1980 = ORIENTED_EDGE ( 'NONE', *, *, #959, .T. ) ;
#1981 = CARTESIAN_POINT ( 'NONE',  ( 13.65000000000000036, -8.694992273946207746E-16, -7.099999999999999645 ) ) ;
#1982 = DIRECTION ( 'NONE',  ( 0.0000000000000000000, 0.0000000000000000000, 1.000000000000000000 ) ) ;
#1983 = VERTEX_POINT ( 'NONE', #1091 ) ;
#1984 = ORIENTED_EDGE ( 'NONE', *, *, #1153, .T. ) ;
#1985 = DIRECTION ( 'NONE',  ( 1.000000000000000000, 0.0000000000000000000, -0.0000000000000000000 ) ) ;
#1986 = LINE ( 'NONE', #2847, #1226 ) ;
#1987 = EDGE_CURVE ( 'NONE', #1568, #662, #2388, .T. ) ;
#1988 = CARTESIAN_POINT ( 'NONE',  ( -15.54223521129946484, -3.500000000000000888, 1.050000000000000266 ) ) ;
#1989 = FACE_OUTER_BOUND ( 'NONE', #1123, .T. ) ;
#1990 = CARTESIAN_POINT ( 'NONE',  ( -16.65000000000000568, 2.624999999999999112, -1.050000000000000933 ) ) ;
#1991 = AXIS2_PLACEMENT_3D ( 'NONE', #745, #3019, #1604 ) ;
#1992 = CARTESIAN_POINT ( 'NONE',  ( -16.64999999999999858, 3.499999999999999112, 0.3499999999999993672 ) ) ;
#1993 = LINE ( 'NONE', #721, #2977 ) ;
#1994 = DIRECTION ( 'NONE',  ( 1.000000000000000000, -0.0000000000000000000, -0.0000000000000000000 ) ) ;
#1995 = ORIENTED_EDGE ( 'NONE', *, *, #2786, .T. ) ;
#1996 = DIRECTION ( 'NONE',  ( 0.0000000000000000000, 0.8829475928589295419, -0.4694715627858859208 ) ) ;
#1997 = CIRCLE ( 'NONE', #960, 7.099999999999999645 ) ;
#1998 = EDGE_CURVE ( 'NONE', #1886, #2689, #1229, .T. ) ;
#1999 = AXIS2_PLACEMENT_3D ( 'NONE', #2420, #3313, #699 ) ;
#2000 = FACE_OUTER_BOUND ( 'NONE', #1269, .T. ) ;
#2001 = LINE ( 'NONE', #2239, #1240 ) ;
#2002 = DIRECTION ( 'NONE',  ( 0.0000000000000000000, 0.8386705679454250495, -0.5446390350150256410 ) ) ;
#2003 = DIRECTION ( 'NONE',  ( 1.257045997084642858E-16, 0.0000000000000000000, -1.000000000000000000 ) ) ;
#2004 = CARTESIAN_POINT ( 'NONE',  ( 13.65000000000000036, -8.694992273946207746E-16, -7.099999999999999645 ) ) ;
#2005 = LINE ( 'NONE', #2007, #69 ) ;
#2006 = DIRECTION ( 'NONE',  ( -1.000000000000000000, -0.0000000000000000000, -0.0000000000000000000 ) ) ;
#2007 = CARTESIAN_POINT ( 'NONE',  ( -13.65000000000000036, 5.755336383148374146, 2.562440851377567608 ) ) ;
#2008 = VERTEX_POINT ( 'NONE', #543 ) ;
#2009 = EDGE_CURVE ( 'NONE', #2327, #2401, #2070, .T. ) ;
#2010 = VECTOR ( 'NONE', #2002, 1000.000000000000114 ) ;
#2011 = CARTESIAN_POINT ( 'NONE',  ( -23.99999999999999645, 1.999999999999999112, 1.049999999999999822 ) ) ;
#2012 = VERTEX_POINT ( 'NONE', #835 ) ;
#2013 = ORIENTED_EDGE ( 'NONE', *, *, #485, .T. ) ;
#2014 = CARTESIAN_POINT ( 'NONE',  ( -16.64999999999999858, 3.499999999999999112, -1.050000000000000488 ) ) ;
#2015 = PLANE ( 'NONE',  #3202 ) ;
#2016 = ORIENTED_EDGE ( 'NONE', *, *, #2978, .T. ) ;
#2017 = EDGE_LOOP ( 'NONE', ( #3263, #1749, #849, #1528, #946, #3230, #627, #2866 ) ) ;
#2018 = EDGE_CURVE ( 'NONE', #1710, #2676, #2305, .T. ) ;
#2019 = ORIENTED_EDGE ( 'NONE', *, *, #857, .F. ) ;
#2020 = AXIS2_PLACEMENT_3D ( 'NONE', #2363, #3521, #1241 ) ;
#2021 = ORIENTED_EDGE ( 'NONE', *, *, #195, .T. ) ;
#2022 = ORIENTED_EDGE ( 'NONE', *, *, #537, .T. ) ;
#2023 = DIRECTION ( 'NONE',  ( -1.000000000000000000, 0.0000000000000000000, 0.0000000000000000000 ) ) ;
#2024 = ORIENTED_EDGE ( 'NONE', *, *, #3032, .T. ) ;
#2025 = CARTESIAN_POINT ( 'NONE',  ( -15.75776478870053232, -0.9578262852211514300, 0.2873478855663449405 ) ) ;
#2026 = APPROVAL ( #1187, 'UNSPECIFIED' ) ;
#2027 = ADVANCED_FACE ( 'NONE', ( #1943, #1368 ), #2243, .F. ) ;
#2028 = ORIENTED_EDGE ( 'NONE', *, *, #1469, .T. ) ;
#2029 = CARTESIAN_POINT ( 'NONE',  ( -13.65000000000000036, -2.699999999999999289, -6.300000000000001599 ) ) ;
#2030 = VERTEX_POINT ( 'NONE', #559 ) ;
#2031 = DIRECTION ( 'NONE',  ( 1.000000000000000000, -0.0000000000000000000, -0.0000000000000000000 ) ) ;
#2032 = LINE ( 'NONE', #1204, #3541 ) ;
#2033 = CARTESIAN_POINT ( 'NONE',  ( 13.65000000000000036, -2.699999999999999289, -6.300000000000001599 ) ) ;
#2034 = VECTOR ( 'NONE', #269, 1000.000000000000000 ) ;
#2036 = EDGE_CURVE ( 'NONE', #1173, #662, #2276, .T. ) ;
#2035 = VECTOR ( 'NONE', #678, 1000.000000000000000 ) ;
#2037 = VERTEX_POINT ( 'NONE', #157 ) ;
#2038 = PERSON_AND_ORGANIZATION ( #832, #202 ) ;
#2039 = FACE_OUTER_BOUND ( 'NONE', #1889, .T. ) ;
#2040 = CARTESIAN_POINT ( 'NONE',  ( -25.50000000000000000, 1.999999999999999112, 0.0000000000000000000 ) ) ;
#2041 = EDGE_CURVE ( 'NONE', #2490, #1408, #1608, .T. ) ;
#2042 = AXIS2_PLACEMENT_3D ( 'NONE', #776, #765, #3643 ) ;
#2043 = CARTESIAN_POINT ( 'NONE',  ( -25.50000000000000000, -2.000000000000000444, 1.050000000000000044 ) ) ;
#2044 = LINE ( 'NONE', #3042, #1381 ) ;
#2045 = LINE ( 'NONE', #3346, #1289 ) ;
#2046 = AXIS2_PLACEMENT_3D ( 'NONE', #3194, #601, #2337 ) ;
#2047 = FACE_OUTER_BOUND ( 'NONE', #56, .T. ) ;
#2048 = B_SPLINE_SURFACE_WITH_KNOTS ( 'NONE', 3, 3, ( 
 ( #1001, #1854, #2431, #116 ),
 ( #2386, #91, #411, #670 ),
 ( #3264, #695, #1542, #370 ),
 ( #2413, #704, #3529, #1293 ) ),
 .UNSPECIFIED., .F., .F., .F.,
 ( 4, 4 ),
 ( 4, 4 ),
 ( 0.0000000000000000000, 1.000000000000000000 ),
 ( 0.0000000000000000000, 1.000000000000000000 ),
 .UNSPECIFIED. ) ;
#2049 = CARTESIAN_POINT ( 'NONE',  ( -13.65000000000000036, -1.500000000000000888, 7.099999999999999645 ) ) ;
#2050 = DIRECTION ( 'NONE',  ( 0.0000000000000000000, -0.1564344650402244019, 0.9876883405951387696 ) ) ;
#2051 = DIRECTION ( 'NONE',  ( 0.0000000000000000000, 0.08715574274766145491, -0.9961946980917453232 ) ) ;
#2052 = ORIENTED_EDGE ( 'NONE', *, *, #215, .F. ) ;
#2053 = DIRECTION ( 'NONE',  ( -0.0000000000000000000, 0.0000000000000000000, -1.000000000000000000 ) ) ;
#2054 = ORIENTED_EDGE ( 'NONE', *, *, #719, .T. ) ;
#2055 = VERTEX_POINT ( 'NONE', #1049 ) ;
#2056 = ORIENTED_EDGE ( 'NONE', *, *, #2685, .F. ) ;
#2057 = AXIS2_PLACEMENT_3D ( 'NONE', #3595, #3605, #3567 ) ;
#2058 = ORIENTED_EDGE ( 'NONE', *, *, #45, .T. ) ;
#2059 = ORIENTED_EDGE ( 'NONE', *, *, #2136, .T. ) ;
#2060 = CARTESIAN_POINT ( 'NONE',  ( -13.65000000000000036, 2.957670845551077843, 5.562569835011258235 ) ) ;
#2061 = CARTESIAN_POINT ( 'NONE',  ( 13.65000000000000036, 2.311533896645817876, -6.713181886755147154 ) ) ;
#2062 = DIRECTION ( 'NONE',  ( 1.000000000000000000, 0.0000000000000000000, -0.0000000000000000000 ) ) ;
#2063 = EDGE_CURVE ( 'NONE', #413, #130, #1654, .T. ) ;
#2065 = ORIENTED_EDGE ( 'NONE', *, *, #2978, .F. ) ;
#2064 = AXIS2_PLACEMENT_3D ( 'NONE', #3258, #1235, #214 ) ;
#2066 = ORIENTED_EDGE ( 'NONE', *, *, #3156, .F. ) ;
#2067 = CARTESIAN_POINT ( 'NONE',  ( -13.65000000000000036, -7.700000000000001066, 7.099999999999998757 ) ) ;
#2068 = CIRCLE ( 'NONE', #1383, 1.000000000000000000 ) ;
#2069 = ORIENTED_EDGE ( 'NONE', *, *, #2733, .F. ) ;
#2070 = LINE ( 'NONE', #2254, #3377 ) ;
#2071 = DIRECTION ( 'NONE',  ( 0.0000000000000000000, -1.000000000000000000, 1.084202172485502708E-16 ) ) ;
#2072 = DIRECTION ( 'NONE',  ( 0.0000000000000000000, 0.0000000000000000000, 1.000000000000000000 ) ) ;
#2073 = FACE_OUTER_BOUND ( 'NONE', #2141, .T. ) ;
#2074 = DIRECTION ( 'NONE',  ( 0.0000000000000000000, 1.000000000000000000, -1.126443815569355400E-16 ) ) ;
#2075 = CARTESIAN_POINT ( 'NONE',  ( -15.75776478870053587, -0.9578262852211514300, -0.2873478855663452736 ) ) ;
#2076 = ORIENTED_EDGE ( 'NONE', *, *, #2063, .T. ) ;
#2077 = LINE ( 'NONE', #3251, #1859 ) ;
#2078 = EDGE_CURVE ( 'NONE', #494, #589, #484, .T. ) ;
#2079 = CARTESIAN_POINT ( 'NONE',  ( 32.80821455623738814, 3.499999999999999112, -1.050000000000000488 ) ) ;
#2080 = FACE_BOUND ( 'NONE', #322, .T. ) ;
#2081 = CARTESIAN_POINT ( 'NONE',  ( 13.65000000000000036, -5.100000000000002309, -7.099999999999998757 ) ) ;
#2082 = DIRECTION ( 'NONE',  ( -1.000000000000000000, 0.0000000000000000000, 0.0000000000000000000 ) ) ;
#2083 = EDGE_CURVE ( 'NONE', #3150, #3626, #289, .T. ) ;
#2084 = AXIS2_PLACEMENT_3D ( 'NONE', #3128, #2868, #3677 ) ;
#2085 = CARTESIAN_POINT ( 'NONE',  ( 16.64999999999999858, 3.499999999999999112, 1.049999999999999378 ) ) ;
#2086 = LINE ( 'NONE', #1724, #2313 ) ;
#2087 = B_SPLINE_SURFACE_WITH_KNOTS ( 'NONE', 3, 3, ( 
 ( #3625, #1927, #1062, #1374 ),
 ( #3372, #1660, #1939, #1142 ),
 ( #3426, #3148, #834, #1990 ),
 ( #3098, #2253, #1102, #1399 ),
 ( #1438, #1114, #2241, #529 ),
 ( #2278, #822, #844, #3658 ),
 ( #3415, #2555, #2545, #572 ),
 ( #1719, #1415, #3136, #2845 ),
 ( #3126, #1130, #3685, #3697 ) ),
 .UNSPECIFIED., .F., .F., .F.,
 ( 4, 1, 1, 1, 1, 1, 4 ),
 ( 4, 4 ),
 ( 0.0000000000000000000, 0.1250000000000000000, 0.2500000000000000000, 0.5000000000000000000, 0.7500000000000000000, 0.8750000000000000000, 1.000000000000000000 ),
 ( 0.0000000000000000000, 1.000000000000000000 ),
 .UNSPECIFIED. ) ;
#2088 = CARTESIAN_POINT ( 'NONE',  ( 16.65000000000000924, -1.458333333333334814, -1.050000000000000488 ) ) ;
#2089 = VECTOR ( 'NONE', #2074, 1000.000000000000000 ) ;
#2090 = CARTESIAN_POINT ( 'NONE',  ( -13.65000000000000036, 0.0000000000000000000, 0.0000000000000000000 ) ) ;
#2091 = ORIENTED_EDGE ( 'NONE', *, *, #1343, .F. ) ;
#2092 = EDGE_CURVE ( 'NONE', #500, #2030, #343, .T. ) ;
#2093 = CARTESIAN_POINT ( 'NONE',  ( -13.65000000000000036, 3.878667294551655598, -4.964467747722342672 ) ) ;
#2094 = CARTESIAN_POINT ( 'NONE',  ( -13.65000000000000036, 0.9855371297534137875, -6.222436545749372883 ) ) ;
#2095 = CARTESIAN_POINT ( 'NONE',  ( 15.54223521129946484, 3.499999999999999112, -1.050000000000000488 ) ) ;
#2096 = VECTOR ( 'NONE', #573, 1000.000000000000000 ) ;
#2097 = ORIENTED_EDGE ( 'NONE', *, *, #1998, .F. ) ;
#2098 = VERTEX_POINT ( 'NONE', #1324 ) ;
#2099 = EDGE_CURVE ( 'NONE', #1846, #2648, #1060, .T. ) ;
#2100 = CARTESIAN_POINT ( 'NONE',  ( -3.650000000000000355, -5.100000000000001421, 7.099999999999999645 ) ) ;
#2101 = ORIENTED_EDGE ( 'NONE', *, *, #2083, .T. ) ;
#2102 = ORIENTED_EDGE ( 'NONE', *, *, #884, .F. ) ;
#2103 = ORIENTED_EDGE ( 'NONE', *, *, #215, .T. ) ;
#2104 = CARTESIAN_POINT ( 'NONE',  ( 9.150000000000000355, -7.700000000000001066, -8.300000000000002487 ) ) ;
#2105 = DIRECTION ( 'NONE',  ( 0.0000000000000000000, 1.000000000000000000, -1.548860246407863583E-16 ) ) ;
#2106 = EDGE_LOOP ( 'NONE', ( #314, #2553, #452, #3485 ) ) ;
#2107 = ORIENTED_EDGE ( 'NONE', *, *, #1306, .T. ) ;
#2108 = AXIS2_PLACEMENT_3D ( 'NONE', #3031, #1035, #3004 ) ;
#2109 = CARTESIAN_POINT ( 'NONE',  ( 26.66076477383247934, 0.0000000000000000000, 4.599999999999999645 ) ) ;
#2110 = CARTESIAN_POINT ( 'NONE',  ( -13.65000000000000036, 5.755336383148374146, 2.562440851377567608 ) ) ;
#2111 = ORIENTED_EDGE ( 'NONE', *, *, #3084, .T. ) ;
#2112 = CARTESIAN_POINT ( 'NONE',  ( 13.65000000000000036, 6.486172749262454573, 2.887830165838210839 ) ) ;
#2113 = VERTEX_POINT ( 'NONE', #785 ) ;
#2114 = DIRECTION ( 'NONE',  ( -0.0000000000000000000, 1.000000000000000000, -0.0000000000000000000 ) ) ;
#2115 = ADVANCED_FACE ( 'NONE', ( #1823 ), #665, .F. ) ;
#2116 = EDGE_CURVE ( 'NONE', #657, #507, #1780, .T. ) ;
#2117 = LINE ( 'NONE', #3464, #3017 ) ;
#2118 = CARTESIAN_POINT ( 'NONE',  ( 15.54223521129946306, -3.500000000000000888, -1.050000000000000044 ) ) ;
#2119 = LINE ( 'NONE', #817, #1899 ) ;
#2120 = CARTESIAN_POINT ( 'NONE',  ( 15.28206846113487494, 0.0001038342415707847743, 1.073273640095047332 ) ) ;
#2121 = VECTOR ( 'NONE', #1282, 999.9999999999998863 ) ;
#2122 = DIRECTION ( 'NONE',  ( 0.0000000000000000000, 1.000000000000000000, 2.710505431213763057E-16 ) ) ;
#2123 = CARTESIAN_POINT ( 'NONE',  ( 11.65000000000000036, 0.0000000000000000000, 0.0000000000000000000 ) ) ;
#2124 = DIRECTION ( 'NONE',  ( 1.000000000000000000, -0.0000000000000000000, 0.0000000000000000000 ) ) ;
#2125 = CIRCLE ( 'NONE', #1350, 1.500000000000000000 ) ;
#2126 = LINE ( 'NONE', #954, #3079 ) ;
#2127 = CARTESIAN_POINT ( 'NONE',  ( -16.65000000000000924, 1.458333333333333481, 1.050000000000000266 ) ) ;
#2128 = EDGE_CURVE ( 'NONE', #2194, #3150, #2500, .T. ) ;
#2129 = DIRECTION ( 'NONE',  ( 1.000000000000000000, 0.0000000000000000000, 0.0000000000000000000 ) ) ;
#2130 = CARTESIAN_POINT ( 'NONE',  ( 15.74922782060399129, -2.625000000000000444, 1.050000000000000488 ) ) ;
#2131 = VECTOR ( 'NONE', #451, 1000.000000000000000 ) ;
#2132 = ADVANCED_FACE ( 'NONE', ( #969 ), #1605, .F. ) ;
#2133 = DIRECTION ( 'NONE',  ( 0.0000000000000000000, 0.0000000000000000000, 1.000000000000000000 ) ) ;
#2134 = LINE ( 'NONE', #1704, #65 ) ;
#2135 = CARTESIAN_POINT ( 'NONE',  ( -13.65000000000000036, 7.072982356451392505, 0.6188057735083988264 ) ) ;
#2136 = EDGE_CURVE ( 'NONE', #183, #1708, #2359, .T. ) ;
#2137 = AXIS2_PLACEMENT_3D ( 'NONE', #645, #326, #1753 ) ;
#2138 = DIRECTION ( 'NONE',  ( 1.000000000000000000, -0.0000000000000000000, 0.0000000000000000000 ) ) ;
#2139 = AXIS2_PLACEMENT_3D ( 'NONE', #1017, #3030, #1602 ) ;
#2140 = CARTESIAN_POINT ( 'NONE',  ( 14.64999999999997193, 0.5355196258862165992, 0.8913651158947268893 ) ) ;
#2141 = EDGE_LOOP ( 'NONE', ( #3320, #915, #1254, #3528 ) ) ;
#2142 = CARTESIAN_POINT ( 'NONE',  ( 13.65000000000000036, -7.700000000000001066, 7.099999999999998757 ) ) ;
#2143 = EDGE_LOOP ( 'NONE', ( #3487, #3045, #1742, #1259 ) ) ;
#2144 = VERTEX_POINT ( 'NONE', #1262 ) ;
#2145 = CARTESIAN_POINT ( 'NONE',  ( 13.65000000000000036, 4.607528320200751537, 4.296589668393765216 ) ) ;
#2146 = ORIENTED_EDGE ( 'NONE', *, *, #402, .T. ) ;
#2147 = ADVANCED_FACE ( 'NONE', ( #3256 ), #390, .T. ) ;
#2148 = EDGE_LOOP ( 'NONE', ( #3614, #1978, #2054, #634 ) ) ;
#2149 = ORIENTED_EDGE ( 'NONE', *, *, #1411, .F. ) ;
#2150 = EDGE_CURVE ( 'NONE', #1752, #3375, #1437, .T. ) ;
#2151 = CARTESIAN_POINT ( 'NONE',  ( -15.93091236629727270, 1.458333333333333481, 1.050000000000000266 ) ) ;
#2152 = ORIENTED_EDGE ( 'NONE', *, *, #1377, .T. ) ;
#2153 = ORIENTED_EDGE ( 'NONE', *, *, #1695, .F. ) ;
#2154 = CARTESIAN_POINT ( 'NONE',  ( 14.65000000000001634, 0.0001038342415707847743, 1.073273640095047332 ) ) ;
#2155 = EDGE_CURVE ( 'NONE', #657, #396, #3310, .T. ) ;
#2156 = VECTOR ( 'NONE', #3535, 1000.000000000000000 ) ;
#2157 = ORIENTED_EDGE ( 'NONE', *, *, #2950, .F. ) ;
#2158 = DIRECTION ( 'NONE',  ( 1.000000000000000000, 0.0000000000000000000, -0.0000000000000000000 ) ) ;
#2159 = PLANE ( 'NONE',  #2179 ) ;
#2160 = LINE ( 'NONE', #3119, #2651 ) ;
#2161 = DIRECTION ( 'NONE',  ( 0.0000000000000000000, 0.0000000000000000000, 1.000000000000000000 ) ) ;
#2162 = EDGE_CURVE ( 'NONE', #2679, #1663, #2182, .T. ) ;
#2163 = AXIS2_PLACEMENT_3D ( 'NONE', #3116, #2854, #2226 ) ;
#2164 = DIRECTION ( 'NONE',  ( -0.0000000000000000000, -9.293161478447179278E-17, -1.000000000000000000 ) ) ;
#2165 = DIRECTION ( 'NONE',  ( 0.0000000000000000000, 0.9455185755993161800, -0.3255681544571585873 ) ) ;
#2166 = CYLINDRICAL_SURFACE ( 'NONE', #2735, 7.099999999999999645 ) ;
#2167 = CARTESIAN_POINT ( 'NONE',  ( -16.65000000000000568, -2.625000000000000444, 1.050000000000000488 ) ) ;
#2168 = CARTESIAN_POINT ( 'NONE',  ( 16.01793153886510623, -1.734723475976807094E-15, 1.049999999999997602 ) ) ;
#2169 = VECTOR ( 'NONE', #1197, 1000.000000000000114 ) ;
#2170 = ADVANCED_FACE ( 'NONE', ( #388 ), #2862, .T. ) ;
#2171 = ORIENTED_EDGE ( 'NONE', *, *, #2349, .F. ) ;
#2172 = VECTOR ( 'NONE', #3656, 1000.000000000000114 ) ;
#2173 = CARTESIAN_POINT ( 'NONE',  ( -13.65000000000000036, -3.500000000000000888, 6.299999999999999822 ) ) ;
#2174 = LINE ( 'NONE', #1962, #3035 ) ;
#2175 = EDGE_CURVE ( 'NONE', #1582, #2335, #2005, .T. ) ;
#2176 = DIRECTION ( 'NONE',  ( -1.000000000000000000, -0.0000000000000000000, -0.0000000000000000000 ) ) ;
#2177 = CARTESIAN_POINT ( 'NONE',  ( -13.65000000000000036, 2.051079373080090917, 5.956767026275694654 ) ) ;
#2178 = LINE ( 'NONE', #2520, #3512 ) ;
#2179 = AXIS2_PLACEMENT_3D ( 'NONE', #1564, #3083, #1632 ) ;
#2180 = DIRECTION ( 'NONE',  ( 0.0000000000000000000, -1.445602896647339311E-15, 1.000000000000000000 ) ) ;
#2181 = DIRECTION ( 'NONE',  ( 1.000000000000000000, 0.0000000000000000000, 1.257045997084642858E-16 ) ) ;
#2182 = LINE ( 'NONE', #1058, #2627 ) ;
#2183 = CARTESIAN_POINT ( 'NONE',  ( -21.50000000000000000, 0.0000000000000000000, -14.00000000000000000 ) ) ;
#2184 = CARTESIAN_POINT ( 'NONE',  ( 13.65000000000000036, 5.192611281496084530, -4.842188356443767994 ) ) ;
#2185 = EDGE_CURVE ( 'NONE', #885, #1362, #1702, .T. ) ;
#2186 = AXIS2_PLACEMENT_3D ( 'NONE', #2439, #2181, #3306 ) ;
#2187 = CARTESIAN_POINT ( 'NONE',  ( 14.65000000000000036, -1.014055973780547903, 0.09991559036835603869 ) ) ;
#2188 = ORIENTED_EDGE ( 'NONE', *, *, #3130, .T. ) ;
#2189 = CARTESIAN_POINT ( 'NONE',  ( 14.65000000000000036, -0.9578262852211514300, -0.2873478855663452736 ) ) ;
#2190 = CIRCLE ( 'NONE', #3538, 2.000000000000003109 ) ;
#2191 = VERTEX_POINT ( 'NONE', #2746 ) ;
#2192 = ORIENTED_EDGE ( 'NONE', *, *, #3238, .F. ) ;
#2193 = CARTESIAN_POINT ( 'NONE',  ( 9.150000000000000355, -7.700000000000001066, -9.900000000000000355 ) ) ;
#2194 = VERTEX_POINT ( 'NONE', #3378 ) ;
#2195 = ORIENTED_EDGE ( 'NONE', *, *, #2635, .T. ) ;
#2196 = ORIENTED_EDGE ( 'NONE', *, *, #2261, .T. ) ;
#2197 = PLANE ( 'NONE',  #1830 ) ;
#2198 = CARTESIAN_POINT ( 'NONE',  ( 9.150000000000000355, -5.100000000000001421, -9.900000000000000355 ) ) ;
#2199 = ORIENTED_EDGE ( 'NONE', *, *, #1754, .F. ) ;
#2200 = DIRECTION ( 'NONE',  ( 1.000000000000000000, 0.0000000000000000000, 0.0000000000000000000 ) ) ;
#2201 = VERTEX_POINT ( 'NONE', #3303 ) ;
#2202 = ORIENTED_EDGE ( 'NONE', *, *, #1847, .T. ) ;
#2203 = ORIENTED_EDGE ( 'NONE', *, *, #1803, .F. ) ;
#2204 = EDGE_CURVE ( 'NONE', #2869, #1445, #1016, .T. ) ;
#2205 = CARTESIAN_POINT ( 'NONE',  ( 13.65000000000000036, 5.755336383148374146, -2.562440851377567164 ) ) ;
#2206 = LINE ( 'NONE', #3235, #8 ) ;
#2207 = CARTESIAN_POINT ( 'NONE',  ( 13.65000000000000036, 5.633375276077824112E-16, -4.599999999999999645 ) ) ;
#2208 = EDGE_CURVE ( 'NONE', #396, #3576, #1959, .T. ) ;
#2209 = AXIS2_PLACEMENT_3D ( 'NONE', #1470, #2129, #2796 ) ;
#2210 = LINE ( 'NONE', #1682, #3593 ) ;
#2211 = CARTESIAN_POINT ( 'NONE',  ( 13.65000000000000036, -7.700000000000001066, 7.099999999999998757 ) ) ;
#2212 = DIRECTION ( 'NONE',  ( 0.0000000000000000000, 0.0000000000000000000, 1.000000000000000000 ) ) ;
#2213 = VECTOR ( 'NONE', #122, 1000.000000000000114 ) ;
#2214 = CC_DESIGN_PERSON_AND_ORGANIZATION_ASSIGNMENT ( #2755, #264, ( #1515 ) ) ;
#2215 = CARTESIAN_POINT ( 'NONE',  ( 13.65000000000000036, -4.700000000000001066, 6.299999999999999822 ) ) ;
#2216 = CARTESIAN_POINT ( 'NONE',  ( -13.65000000000000036, 6.112863075538782276, 1.524107942277888927 ) ) ;
#2217 = CIRCLE ( 'NONE', #2057, 4.599999999999999645 ) ;
#2218 = CARTESIAN_POINT ( 'NONE',  ( 9.150000000000000355, -5.100000000000001421, -9.900000000000000355 ) ) ;
#2219 = CIRCLE ( 'NONE', #440, 4.599999999999999645 ) ;
#2220 = DIRECTION ( 'NONE',  ( 0.0000000000000000000, 1.000000000000000000, -1.445602896647339163E-16 ) ) ;
#2221 = LINE ( 'NONE', #1809, #2623 ) ;
#2222 = CARTESIAN_POINT ( 'NONE',  ( 13.64999999999999858, -5.100000000000001421, -7.099999999999999645 ) ) ;
#2223 = DIRECTION ( 'NONE',  ( 0.0000000000000000000, -1.000000000000000000, 1.126443815569355400E-16 ) ) ;
#2224 = EDGE_CURVE ( 'NONE', #2238, #1945, #1736, .T. ) ;
#2225 = LINE ( 'NONE', #2517, #3215 ) ;
#2226 = DIRECTION ( 'NONE',  ( 0.0000000000000000000, -0.0000000000000000000, -1.000000000000000000 ) ) ;
#2227 = DIRECTION ( 'NONE',  ( -1.000000000000000000, -0.0000000000000000000, -0.0000000000000000000 ) ) ;
#2228 = DIRECTION ( 'NONE',  ( -0.0000000000000000000, -0.0000000000000000000, 1.000000000000000000 ) ) ;
#2229 = EDGE_CURVE ( 'NONE', #3452, #639, #3175, .T. ) ;
#2230 = DIRECTION ( 'NONE',  ( 0.0000000000000000000, 0.0000000000000000000, 1.000000000000000000 ) ) ;
#2231 = VERTEX_POINT ( 'NONE', #2396 ) ;
#2232 = CARTESIAN_POINT ( 'NONE',  ( 13.65000000000000036, 6.112863075538782276, -1.524107942277886929 ) ) ;
#2233 = CARTESIAN_POINT ( 'NONE',  ( -13.65000000000000036, 6.276026597977994115, -0.5490811793102688965 ) ) ;
#2234 = EDGE_CURVE ( 'NONE', #1531, #628, #747, .T. ) ;
#2235 = VERTEX_POINT ( 'NONE', #2878 ) ;
#2236 = AXIS2_PLACEMENT_3D ( 'NONE', #1738, #1763, #3463 ) ;
#2237 = CARTESIAN_POINT ( 'NONE',  ( 14.65000000000000036, -0.9578262852211515410, 0.2873478855663449405 ) ) ;
#2238 = VERTEX_POINT ( 'NONE', #3169 ) ;
#2239 = CARTESIAN_POINT ( 'NONE',  ( -9.150000000000000355, -5.100000000000001421, 11.50000000000000000 ) ) ;
#2240 = VERTEX_POINT ( 'NONE', #680 ) ;
#2241 = CARTESIAN_POINT ( 'NONE',  ( -16.01793153886510623, -6.505213034913026604E-16, -1.049999999999998712 ) ) ;
#2242 = ORIENTED_EDGE ( 'NONE', *, *, #691, .T. ) ;
#2243 = PLANE ( 'NONE',  #1643 ) ;
#2244 = ORIENTED_EDGE ( 'NONE', *, *, #107, .F. ) ;
#2245 = CARTESIAN_POINT ( 'NONE',  ( -13.65000000000000036, 2.957670845551079619, -5.562569835011258235 ) ) ;
#2246 = ORIENTED_EDGE ( 'NONE', *, *, #3032, .F. ) ;
#2247 = ORIENTED_EDGE ( 'NONE', *, *, #1734, .T. ) ;
#2248 = ORIENTED_EDGE ( 'NONE', *, *, #3177, .F. ) ;
#2249 = DIRECTION ( 'NONE',  ( 0.0000000000000000000, -1.000000000000000000, 1.126443815569355400E-16 ) ) ;
#2250 = ORIENTED_EDGE ( 'NONE', *, *, #2590, .F. ) ;
#2251 = CARTESIAN_POINT ( 'NONE',  ( -13.65000000000000036, 6.889099656559580787, 1.717645458757619981 ) ) ;
#2252 = LINE ( 'NONE', #1585, #3285 ) ;
#2253 = CARTESIAN_POINT ( 'NONE',  ( -15.36906126206689116, 0.5357214042269839993, -0.8912940264597078999 ) ) ;
#2254 = CARTESIAN_POINT ( 'NONE',  ( -23.99999999999999645, 3.499999999999999112, -1.050000000000000488 ) ) ;
#2255 = DIRECTION ( 'NONE',  ( 1.000000000000000000, -0.0000000000000000000, 0.0000000000000000000 ) ) ;
#2257 = AXIS2_PLACEMENT_3D ( 'NONE', #3352, #795, #487 ) ;
#2256 = FACE_OUTER_BOUND ( 'NONE', #933, .T. ) ;
#2258 = DIRECTION ( 'NONE',  ( 0.0000000000000000000, 0.3255681544571585873, 0.9455185755993161800 ) ) ;
#2259 = CARTESIAN_POINT ( 'NONE',  ( 15.93093873793306692, 1.458333333333333037, -1.050000000000001377 ) ) ;
#2260 = FACE_OUTER_BOUND ( 'NONE', #671, .T. ) ;
#2261 = EDGE_CURVE ( 'NONE', #2519, #3183, #579, .T. ) ;
#2262 = AXIS2_PLACEMENT_3D ( 'NONE', #874, #863, #2873 ) ;
#2263 = CARTESIAN_POINT ( 'NONE',  ( 13.65000000000000036, -7.700000000000001066, -7.099999999999998757 ) ) ;
#2264 = CIRCLE ( 'NONE', #2680, 6.300000000000000711 ) ;
#2265 = DIRECTION ( 'NONE',  ( 1.000000000000000000, -0.0000000000000000000, 0.0000000000000000000 ) ) ;
#2266 = ORIENTED_EDGE ( 'NONE', *, *, #2876, .F. ) ;
#2267 = CARTESIAN_POINT ( 'NONE',  ( -13.65000000000000036, -1.836970198721029688E-16, 6.299999999999998934 ) ) ;
#2268 = CIRCLE ( 'NONE', #1186, 7.099999999999999645 ) ;
#2269 = CARTESIAN_POINT ( 'NONE',  ( -13.65000000000000036, 2.051079373080090917, 5.956767026275694654 ) ) ;
#2270 = CARTESIAN_POINT ( 'NONE',  ( -23.50000000000000355, 2.449293598294711345E-16, -1.050000000000000488 ) ) ;
#2271 = VECTOR ( 'NONE', #3172, 1000.000000000000000 ) ;
#2272 = CARTESIAN_POINT ( 'NONE',  ( 16.01793153886510623, -6.505213034913026604E-16, -1.049999999999998712 ) ) ;
#2273 = FACE_OUTER_BOUND ( 'NONE', #3564, .T. ) ;
#2274 = DIRECTION ( 'NONE',  ( 0.0000000000000000000, 1.000000000000000000, -1.084202172485502708E-16 ) ) ;
#2275 = DIRECTION ( 'NONE',  ( 0.0000000000000000000, 1.000000000000000000, -1.316495309083404223E-15 ) ) ;
#2276 = LINE ( 'NONE', #1011, #3435 ) ;
#2277 = EDGE_CURVE ( 'NONE', #1445, #1547, #3217, .T. ) ;
#2278 = CARTESIAN_POINT ( 'NONE',  ( -14.64999999999997904, -0.5355196258862172654, -0.8913651158947272224 ) ) ;
#2279 = CARTESIAN_POINT ( 'NONE',  ( -23.99999999999999645, -3.500000000000000888, -1.050000000000000044 ) ) ;
#2280 = DIRECTION ( 'NONE',  ( 0.0000000000000000000, -1.000000000000000000, 9.293161478447180511E-17 ) ) ;
#2281 = CARTESIAN_POINT ( 'NONE',  ( -13.65000000000000036, 5.192611281496086306, 4.842188356443767105 ) ) ;
#2282 = AXIS2_PLACEMENT_3D ( 'NONE', #3611, #1365, #1638 ) ;
#2283 = DIRECTION ( 'NONE',  ( 0.0000000000000000000, -0.0000000000000000000, -1.000000000000000000 ) ) ;
#2284 = CYLINDRICAL_SURFACE ( 'NONE', #2344, 6.299999999999999822 ) ;
#2285 = VERTEX_POINT ( 'NONE', #1748 ) ;
#2286 = ORIENTED_EDGE ( 'NONE', *, *, #288, .F. ) ;
#2287 = ORIENTED_EDGE ( 'NONE', *, *, #1512, .F. ) ;
#2288 = ORIENTED_EDGE ( 'NONE', *, *, #3295, .F. ) ;
#2289 = DIRECTION ( 'NONE',  ( -1.000000000000000000, 0.0000000000000000000, 0.0000000000000000000 ) ) ;
#2290 = ORIENTED_EDGE ( 'NONE', *, *, #1397, .T. ) ;
#2291 = CARTESIAN_POINT ( 'NONE',  ( 13.65000000000000036, 0.0000000000000000000, 4.599999999999999645 ) ) ;
#2292 = EDGE_LOOP ( 'NONE', ( #1969, #1494, #1984, #1044 ) ) ;
#2293 = CARTESIAN_POINT ( 'NONE',  ( -19.50000000000000000, 0.0000000000000000000, -14.00000000000000000 ) ) ;
#2294 = CLOSED_SHELL ( 'NONE', ( #1613, #2850, #1860, #1556, #2900, #2132, #3553, #3022, #1595, #3040, #1793, #723, #909, #427 ) ) ;
#2295 = EDGE_LOOP ( 'NONE', ( #1066, #1832, #187, #3145 ) ) ;
#2296 = CARTESIAN_POINT ( 'NONE',  ( -13.65000000000000036, 6.276026597977995891, 0.5490811793102707838 ) ) ;
#2297 = CIRCLE ( 'NONE', #3544, 6.300000000000000711 ) ;
#2298 = EDGE_CURVE ( 'NONE', #2030, #1570, #2857, .T. ) ;
#2299 = VECTOR ( 'NONE', #3291, 1000.000000000000000 ) ;
#2300 = CARTESIAN_POINT ( 'NONE',  ( -14.65000000000000036, -0.9578262852211514300, -0.2873478855663452736 ) ) ;
#2301 = DIRECTION ( 'NONE',  ( 0.0000000000000000000, 0.0000000000000000000, 1.000000000000000000 ) ) ;
#2302 = AXIS2_PLACEMENT_3D ( 'NONE', #1393, #3094, #525 ) ;
#2303 = VECTOR ( 'NONE', #2666, 1000.000000000000000 ) ;
#2304 = DATE_AND_TIME ( #2391, #3165 ) ;
#2305 = CIRCLE ( 'NONE', #22, 1.000000000000000000 ) ;
#2306 = EDGE_CURVE ( 'NONE', #181, #878, #923, .T. ) ;
#2307 = AXIS2_PLACEMENT_3D ( 'NONE', #2570, #1428, #259 ) ;
#2308 = PLANE ( 'NONE',  #1111 ) ;
#2309 = VECTOR ( 'NONE', #1686, 1000.000000000000000 ) ;
#2310 = VECTOR ( 'NONE', #3455, 1000.000000000000000 ) ;
#2311 = DIRECTION ( 'NONE',  ( -0.0000000000000000000, -0.0000000000000000000, 1.000000000000000000 ) ) ;
#2312 = DIRECTION ( 'NONE',  ( -0.0000000000000000000, 1.000000000000000000, 0.0000000000000000000 ) ) ;
#2313 = VECTOR ( 'NONE', #2023, 1000.000000000000000 ) ;
#2314 = EDGE_CURVE ( 'NONE', #3055, #2904, #2668, .T. ) ;
#2315 = ORIENTED_EDGE ( 'NONE', *, *, #3125, .F. ) ;
#2316 = DIRECTION ( 'NONE',  ( 0.0000000000000000000, -3.330669073875469621E-16, -1.000000000000000000 ) ) ;
#2317 = EDGE_CURVE ( 'NONE', #2231, #2599, #35, .T. ) ;
#2318 = DIRECTION ( 'NONE',  ( 0.0000000000000000000, 0.8386705679454250495, -0.5446390350150256410 ) ) ;
#2319 = ORIENTED_EDGE ( 'NONE', *, *, #1972, .F. ) ;
#2320 = ORIENTED_EDGE ( 'NONE', *, *, #1858, .T. ) ;
#2321 = DIRECTION ( 'NONE',  ( 0.0000000000000000000, -0.8829475928589303191, -0.4694715627858844220 ) ) ;
#2322 = ORIENTED_EDGE ( 'NONE', *, *, #2548, .F. ) ;
#2323 = ORIENTED_EDGE ( 'NONE', *, *, #1207, .F. ) ;
#2324 = EDGE_CURVE ( 'NONE', #3667, #1623, #3396, .T. ) ;
#2325 = EDGE_LOOP ( 'NONE', ( #2468, #1084, #725, #309 ) ) ;
#2326 = AXIS2_PLACEMENT_3D ( 'NONE', #2662, #947, #2948 ) ;
#2327 = VERTEX_POINT ( 'NONE', #1493 ) ;
#2328 = VERTEX_POINT ( 'NONE', #2085 ) ;
#2329 = CARTESIAN_POINT ( 'NONE',  ( 13.65000000000000036, 6.889099656559580787, -1.717645458757619314 ) ) ;
#2330 = ORIENTED_EDGE ( 'NONE', *, *, #2950, .T. ) ;
#2331 = CARTESIAN_POINT ( 'NONE',  ( -13.65000000000000036, 4.607528320200751537, 4.296589668393765216 ) ) ;
#2332 = CARTESIAN_POINT ( 'NONE',  ( 11.65000000000000036, 0.0000000000000000000, 0.0000000000000000000 ) ) ;
#2333 = AXIS2_PLACEMENT_3D ( 'NONE', #2183, #486, #1086 ) ;
#2334 =( NAMED_UNIT ( * ) PLANE_ANGLE_UNIT ( ) SI_UNIT ( $, .RADIAN. ) );
#2335 = VERTEX_POINT ( 'NONE', #346 ) ;
#2336 = ORIENTED_EDGE ( 'NONE', *, *, #1271, .T. ) ;
#2337 = DIRECTION ( 'NONE',  ( 0.0000000000000000000, 0.0000000000000000000, -1.000000000000000000 ) ) ;
#2338 = FACE_OUTER_BOUND ( 'NONE', #2912, .T. ) ;
#2339 = CARTESIAN_POINT ( 'NONE',  ( -13.65000000000000036, 4.607528320200751537, -4.296589668393764327 ) ) ;
#2340 = EDGE_CURVE ( 'NONE', #2679, #1712, #2586, .T. ) ;
#2341 = DIRECTION ( 'NONE',  ( 0.0000000000000000000, 1.000000000000000000, 1.126443815569355400E-16 ) ) ;
#2342 = LINE ( 'NONE', #2067, #3500 ) ;
#2344 = AXIS2_PLACEMENT_3D ( 'NONE', #1709, #2255, #544 ) ;
#2343 = CYLINDRICAL_SURFACE ( 'NONE', #2428, 4.599999999999999645 ) ;
#2345 = ORIENTED_EDGE ( 'NONE', *, *, #2208, .F. ) ;
#2346 = LOCAL_TIME ( 10, 12, 9.000000000000000000, #152 ) ;
#2347 = VECTOR ( 'NONE', #943, 1000.000000000000000 ) ;
#2348 = CARTESIAN_POINT ( 'NONE',  ( -13.65000000000000036, -3.499999999999999556, -6.299999999999999822 ) ) ;
#2349 = EDGE_CURVE ( 'NONE', #1362, #2827, #301, .T. ) ;
#2350 = ORIENTED_EDGE ( 'NONE', *, *, #1803, .T. ) ;
#2351 = PLANE ( 'NONE',  #698 ) ;
#2352 = LINE ( 'NONE', #1320, #1906 ) ;
#2353 = ORIENTED_EDGE ( 'NONE', *, *, #624, .T. ) ;
#2354 = FACE_OUTER_BOUND ( 'NONE', #3146, .T. ) ;
#2355 = DIRECTION ( 'NONE',  ( 0.0000000000000000000, 0.0000000000000000000, -1.000000000000000000 ) ) ;
#2356 = EDGE_CURVE ( 'NONE', #3406, #2379, #1295, .T. ) ;
#2357 = AXIS2_PLACEMENT_3D ( 'NONE', #811, #2522, #558 ) ;
#2358 = LINE ( 'NONE', #2033, #2451 ) ;
#2359 = LINE ( 'NONE', #420, #1517 ) ;
#2360 = CARTESIAN_POINT ( 'NONE',  ( -13.65000000000000036, -3.500000000000000888, 6.299999999999999822 ) ) ;
#2361 = EDGE_CURVE ( 'NONE', #1968, #3708, #1874, .T. ) ;
#2362 = DIRECTION ( 'NONE',  ( -1.000000000000000000, 0.0000000000000000000, 0.0000000000000000000 ) ) ;
#2363 = CARTESIAN_POINT ( 'NONE',  ( -13.65000000000000036, 0.0000000000000000000, 0.0000000000000000000 ) ) ;
#2364 = ORIENTED_EDGE ( 'NONE', *, *, #3665, .F. ) ;
#2365 = CARTESIAN_POINT ( 'NONE',  ( -13.65000000000000036, -4.699999999999999289, -6.300000000000001599 ) ) ;
#2366 = ORIENTED_EDGE ( 'NONE', *, *, #1207, .T. ) ;
#2367 = VERTEX_POINT ( 'NONE', #2375 ) ;
#2368 = ORIENTED_EDGE ( 'NONE', *, *, #624, .F. ) ;
#2369 = AXIS2_PLACEMENT_3D ( 'NONE', #2372, #2629, #2082 ) ;
#2370 = CARTESIAN_POINT ( 'NONE',  ( -13.65000000000000036, 0.0000000000000000000, 0.0000000000000000000 ) ) ;
#2371 = EDGE_LOOP ( 'NONE', ( #3003, #2598, #1072, #1842 ) ) ;
#2372 = CARTESIAN_POINT ( 'NONE',  ( 21.50000000000000000, 0.0000000000000000000, -14.00000000000000000 ) ) ;
#2373 = ORIENTED_EDGE ( 'NONE', *, *, #1987, .F. ) ;
#2374 = CARTESIAN_POINT ( 'NONE',  ( -13.65000000000000036, 0.0000000000000000000, 0.0000000000000000000 ) ) ;
#2375 = CARTESIAN_POINT ( 'NONE',  ( -14.65000000000000036, 1.224646799147353207E-16, 1.000000000000000000 ) ) ;
#2376 = EDGE_CURVE ( 'NONE', #2201, #1375, #166, .T. ) ;
#2378 = VERTEX_POINT ( 'NONE', #3498 ) ;
#2377 = AXIS2_PLACEMENT_3D ( 'NONE', #2753, #2176, #1622 ) ;
#2379 = VERTEX_POINT ( 'NONE', #1230 ) ;
#2380 = DIRECTION ( 'NONE',  ( 0.0000000000000000000, 0.0000000000000000000, -1.000000000000000000 ) ) ;
#2381 = ORIENTED_EDGE ( 'NONE', *, *, #1005, .T. ) ;
#2382 = EDGE_LOOP ( 'NONE', ( #1025, #2911, #812, #32 ) ) ;
#2383 = FACE_OUTER_BOUND ( 'NONE', #1894, .T. ) ;
#2384 = DIRECTION ( 'NONE',  ( 0.0000000000000000000, 0.0000000000000000000, -1.000000000000000000 ) ) ;
#2385 = CARTESIAN_POINT ( 'NONE',  ( 23.99999999999999645, 3.499999999999999112, 1.049999999999999378 ) ) ;
#2386 = CARTESIAN_POINT ( 'NONE',  ( -14.65000000000000036, -1.014055973780547903, -0.09991559036835637175 ) ) ;
#2387 = VECTOR ( 'NONE', #1600, 1000.000000000000000 ) ;
#2388 = LINE ( 'NONE', #1953, #2699 ) ;
#2389 = CARTESIAN_POINT ( 'NONE',  ( 15.75776478870053587, -0.9578262852211514300, -0.2873478855663452736 ) ) ;
#2390 = ORIENTED_EDGE ( 'NONE', *, *, #959, .F. ) ;
#2391 = CALENDAR_DATE ( 2018, 16, 11 ) ;
#2392 = AXIS2_PLACEMENT_3D ( 'NONE', #823, #2557, #2855 ) ;
#2393 = CARTESIAN_POINT ( 'NONE',  ( 15.75776478870053232, 0.9578262852211514300, 0.2873478855663453846 ) ) ;
#2394 = CIRCLE ( 'NONE', #3472, 1.599999999999998979 ) ;
#2395 = ADVANCED_FACE ( 'NONE', ( #2458 ), #2941, .T. ) ;
#2396 = CARTESIAN_POINT ( 'NONE',  ( 14.65000000000000036, 0.9578262852211514300, -0.2873478855663454956 ) ) ;
#2397 = CYLINDRICAL_SURFACE ( 'NONE', #257, 6.299999999999999822 ) ;
#2398 = DIRECTION ( 'NONE',  ( 0.0000000000000000000, -1.548860246407863583E-16, -1.000000000000000000 ) ) ;
#2399 = PLANE ( 'NONE',  #3289 ) ;
#2400 = EDGE_CURVE ( 'NONE', #2689, #348, #1113, .T. ) ;
#2401 = VERTEX_POINT ( 'NONE', #987 ) ;
#2402 = DIRECTION ( 'NONE',  ( 0.0000000000000000000, -0.9961946980917452121, 0.08715574274766178797 ) ) ;
#2403 = LINE ( 'NONE', #327, #966 ) ;
#2404 = CARTESIAN_POINT ( 'NONE',  ( -13.65000000000000036, 0.9855371297534137875, -6.222436545749372883 ) ) ;
#2405 = PLANE ( 'NONE',  #1999 ) ;
#2406 = VECTOR ( 'NONE', #1498, 1000.000000000000000 ) ;
#2407 = CC_DESIGN_APPROVAL ( #2026, ( #1650 ) ) ;
#2408 = DIRECTION ( 'NONE',  ( 0.0000000000000000000, 0.0000000000000000000, 1.000000000000000000 ) ) ;
#2409 = CARTESIAN_POINT ( 'NONE',  ( 16.65000000000000213, 2.624999999999999112, 1.049999999999999822 ) ) ;
#2410 = EDGE_LOOP ( 'NONE', ( #644, #3325, #3630, #461 ) ) ;
#2411 = CARTESIAN_POINT ( 'NONE',  ( -14.65000000000000036, 0.0000000000000000000, 0.0000000000000000000 ) ) ;
#2412 = ORIENTED_EDGE ( 'NONE', *, *, #3362, .T. ) ;
#2413 = CARTESIAN_POINT ( 'NONE',  ( -14.65000000000000036, -0.9578262852211514300, 0.2873478855663449405 ) ) ;
#2414 = CARTESIAN_POINT ( 'NONE',  ( -13.65000000000000036, -3.499999999999999556, -6.299999999999999822 ) ) ;
#2415 = CARTESIAN_POINT ( 'NONE',  ( 13.65000000000000036, 0.0000000000000000000, 0.0000000000000000000 ) ) ;
#2416 = ADVANCED_FACE ( 'NONE', ( #578 ), #3562, .T. ) ;
#2417 = VERTEX_POINT ( 'NONE', #3008 ) ;
#2418 = ORIENTED_EDGE ( 'NONE', *, *, #374, .T. ) ;
#2419 = EDGE_CURVE ( 'NONE', #751, #1623, #837, .T. ) ;
#2420 = CARTESIAN_POINT ( 'NONE',  ( 13.65000000000000036, -7.700000000000001066, -7.099999999999998757 ) ) ;
#2421 = ORIENTED_EDGE ( 'NONE', *, *, #1022, .T. ) ;
#2422 = ORIENTED_EDGE ( 'NONE', *, *, #249, .T. ) ;
#2423 = ORIENTED_EDGE ( 'NONE', *, *, #1820, .F. ) ;
#2424 = CARTESIAN_POINT ( 'NONE',  ( -32.80821455623738814, 3.499999999999999112, 1.049999999999999378 ) ) ;
#2425 = EDGE_LOOP ( 'NONE', ( #1302, #125, #1457, #237 ) ) ;
#2426 = EDGE_CURVE ( 'NONE', #3406, #3275, #1603, .T. ) ;
#2427 = ORIENTED_EDGE ( 'NONE', *, *, #1469, .F. ) ;
#2428 = AXIS2_PLACEMENT_3D ( 'NONE', #1031, #3026, #2438 ) ;
#2429 = CARTESIAN_POINT ( 'NONE',  ( -13.65000000000000036, 4.371196474812182764, -5.594876350607719928 ) ) ;
#2430 = ORIENTED_EDGE ( 'NONE', *, *, #1180, .F. ) ;
#2431 = CARTESIAN_POINT ( 'NONE',  ( -15.54223521129946484, -3.500000000000000888, -1.050000000000000044 ) ) ;
#2432 = ORIENTED_EDGE ( 'NONE', *, *, #976, .F. ) ;
#2433 = EDGE_CURVE ( 'NONE', #101, #2328, #2225, .T. ) ;
#2434 = AXIS2_PLACEMENT_3D ( 'NONE', #580, #27, #2318 ) ;
#2435 = LINE ( 'NONE', #632, #724 ) ;
#2436 = CARTESIAN_POINT ( 'NONE',  ( -14.65000000000001634, 0.0001038342415707847743, 1.073273640095047332 ) ) ;
#2437 = LINE ( 'NONE', #870, #728 ) ;
#2438 = DIRECTION ( 'NONE',  ( 0.0000000000000000000, 0.0000000000000000000, 1.000000000000000000 ) ) ;
#2439 = CARTESIAN_POINT ( 'NONE',  ( -3.650000000000000355, -5.100000000000001421, 7.099999999999999645 ) ) ;
#2440 = ADVANCED_FACE ( 'NONE', ( #2936 ), #784, .T. ) ;
#2441 = CIRCLE ( 'NONE', #1030, 1.599999999999998979 ) ;
#2442 = CARTESIAN_POINT ( 'NONE',  ( -13.65000000000000036, -8.694992273946207746E-16, 7.099999999999999645 ) ) ;
#2443 = DIRECTION ( 'NONE',  ( 0.0000000000000000000, 9.293161478447179278E-17, 1.000000000000000000 ) ) ;
#2444 = VECTOR ( 'NONE', #3390, 1000.000000000000000 ) ;
#2445 = ORIENTED_EDGE ( 'NONE', *, *, #1998, .T. ) ;
#2446 = VECTOR ( 'NONE', #179, 1000.000000000000000 ) ;
#2447 = CARTESIAN_POINT ( 'NONE',  ( -14.65000000000000036, 0.9578262852211514300, 0.2873478855663453846 ) ) ;
#2448 = ORIENTED_EDGE ( 'NONE', *, *, #819, .T. ) ;
#2449 = AXIS2_PLACEMENT_3D ( 'NONE', #2090, #1537, #965 ) ;
#2450 = CARTESIAN_POINT ( 'NONE',  ( 13.65000000000000036, 8.694992273946207746E-16, 7.099999999999999645 ) ) ;
#2451 = VECTOR ( 'NONE', #360, 1000.000000000000000 ) ;
#2452 = CARTESIAN_POINT ( 'NONE',  ( -13.65000000000000036, 3.878667294551655598, -4.964467747722342672 ) ) ;
#2453 = LINE ( 'NONE', #3069, #1514 ) ;
#2454 = CARTESIAN_POINT ( 'NONE',  ( -13.65000000000000036, 0.0000000000000000000, 0.0000000000000000000 ) ) ;
#2455 = EDGE_CURVE ( 'NONE', #3577, #1450, #2894, .T. ) ;
#2456 = AXIS2_PLACEMENT_3D ( 'NONE', #1103, #3673, #1963 ) ;
#2457 = DIRECTION ( 'NONE',  ( 0.0000000000000000000, 0.0000000000000000000, -1.000000000000000000 ) ) ;
#2458 = FACE_OUTER_BOUND ( 'NONE', #1341, .T. ) ;
#2459 = DIRECTION ( 'NONE',  ( -1.000000000000000000, -0.0000000000000000000, -0.0000000000000000000 ) ) ;
#2460 = CARTESIAN_POINT ( 'NONE',  ( 11.65000000000000036, 0.0000000000000000000, 4.599999999999999645 ) ) ;
#2461 = CARTESIAN_POINT ( 'NONE',  ( 14.65000000000000036, 0.9578262852211514300, 0.2873478855663453846 ) ) ;
#2462 = DIRECTION ( 'NONE',  ( 1.000000000000000000, 0.0000000000000000000, 0.0000000000000000000 ) ) ;
#2463 = ORIENTED_EDGE ( 'NONE', *, *, #2708, .F. ) ;
#2464 = DIRECTION ( 'NONE',  ( 0.0000000000000000000, -0.8386705679454252715, -0.5446390350150250859 ) ) ;
#2465 = ORIENTED_EDGE ( 'NONE', *, *, #2208, .T. ) ;
#2466 = CARTESIAN_POINT ( 'NONE',  ( -25.50000000000000000, 0.0000000000000000000, 0.0000000000000000000 ) ) ;
#2467 = CARTESIAN_POINT ( 'NONE',  ( 15.75776478870053232, -0.9578262852211514300, 0.2873478855663449405 ) ) ;
#2468 = ORIENTED_EDGE ( 'NONE', *, *, #2884, .F. ) ;
#2469 = EDGE_LOOP ( 'NONE', ( #2930, #629, #2353, #3450 ) ) ;
#2470 = CARTESIAN_POINT ( 'NONE',  ( -13.65000000000000036, -3.500000000000000888, 6.299999999999999822 ) ) ;
#2471 = ORIENTED_EDGE ( 'NONE', *, *, #3201, .F. ) ;
#2472 = DIRECTION ( 'NONE',  ( 1.000000000000000000, 0.0000000000000000000, 0.0000000000000000000 ) ) ;
#2473 = EDGE_CURVE ( 'NONE', #2869, #226, #2178, .T. ) ;
#2474 = VERTEX_POINT ( 'NONE', #1975 ) ;
#2475 = ORIENTED_EDGE ( 'NONE', *, *, #2733, .T. ) ;
#2476 = CARTESIAN_POINT ( 'NONE',  ( -13.65000000000000036, 2.311533896645817876, 6.713181886755148042 ) ) ;
#2477 = ADVANCED_FACE ( 'NONE', ( #1109 ), #1684, .F. ) ;
#2478 = EDGE_CURVE ( 'NONE', #2378, #3180, #2812, .T. ) ;
#2480 = ORIENTED_EDGE ( 'NONE', *, *, #2204, .T. ) ;
#2479 = AXIS2_PLACEMENT_3D ( 'NONE', #188, #1390, #3356 ) ;
#2481 = ORIENTED_EDGE ( 'NONE', *, *, #2400, .F. ) ;
#2482 = CARTESIAN_POINT ( 'NONE',  ( 13.65000000000000036, -4.699999999999999289, -6.300000000000001599 ) ) ;
#2483 = DIRECTION ( 'NONE',  ( 0.0000000000000000000, 0.0000000000000000000, 1.000000000000000000 ) ) ;
#2484 = LINE ( 'NONE', #94, #904 ) ;
#2485 = DIRECTION ( 'NONE',  ( 0.0000000000000000000, -1.000000000000000000, -1.126443815569355400E-16 ) ) ;
#2486 = CIRCLE ( 'NONE', #2042, 6.299999999999999822 ) ;
#2487 = DIRECTION ( 'NONE',  ( 0.0000000000000000000, 0.0000000000000000000, -1.000000000000000000 ) ) ;
#2488 = DIRECTION ( 'NONE',  ( -0.0000000000000000000, 1.000000000000000000, 0.0000000000000000000 ) ) ;
#2489 = FACE_OUTER_BOUND ( 'NONE', #70, .T. ) ;
#2490 = VERTEX_POINT ( 'NONE', #3670 ) ;
#2491 = LINE ( 'NONE', #223, #3692 ) ;
#2492 = CARTESIAN_POINT ( 'NONE',  ( 13.65000000000000036, 6.486172749262453685, -2.887830165838211283 ) ) ;
#2493 = VECTOR ( 'NONE', #3542, 1000.000000000000227 ) ;
#2494 = DIRECTION ( 'NONE',  ( 1.000000000000000000, 0.0000000000000000000, -0.0000000000000000000 ) ) ;
#2495 = LINE ( 'NONE', #71, #62 ) ;
#2496 = EDGE_CURVE ( 'NONE', #1715, #3712, #3037, .T. ) ;
#2497 = ADVANCED_FACE ( 'NONE', ( #744 ), #1960, .T. ) ;
#2498 = CARTESIAN_POINT ( 'NONE',  ( -23.99999999999999645, 1.999999999999999112, -1.050000000000000266 ) ) ;
#2499 = CIRCLE ( 'NONE', #2815, 1.000000000000000000 ) ;
#2500 = CIRCLE ( 'NONE', #793, 1.000000000000000000 ) ;
#2501 = CARTESIAN_POINT ( 'NONE',  ( -13.65000000000000036, 2.957670845551077843, 5.562569835011258235 ) ) ;
#2502 = EDGE_CURVE ( 'NONE', #3103, #1362, #791, .T. ) ;
#2503 = VERTEX_POINT ( 'NONE', #1396 ) ;
#2504 = DIRECTION ( 'NONE',  ( 0.0000000000000000000, 0.9702957262759974721, 0.2419218955996635945 ) ) ;
#2505 = CARTESIAN_POINT ( 'NONE',  ( -13.65000000000000036, 6.112863075538782276, -1.524107942277886929 ) ) ;
#2506 = CARTESIAN_POINT ( 'NONE',  ( -13.65000000000000036, 3.878667294551654265, 4.964467747722343560 ) ) ;
#2507 = CARTESIAN_POINT ( 'NONE',  ( 15.54223521129946484, 3.499999999999999112, 1.049999999999999378 ) ) ;
#2508 = DIRECTION ( 'NONE',  ( 0.0000000000000000000, 0.9135454576425992013, 0.4067366430758037610 ) ) ;
#2509 = ORIENTED_EDGE ( 'NONE', *, *, #2036, .F. ) ;
#2510 = ORIENTED_EDGE ( 'NONE', *, *, #3315, .F. ) ;
#2511 = CARTESIAN_POINT ( 'NONE',  ( 23.99999999999999645, 3.499999999999999112, -1.050000000000000488 ) ) ;
#2512 = ORIENTED_EDGE ( 'NONE', *, *, #338, .F. ) ;
#2513 = ORIENTED_EDGE ( 'NONE', *, *, #184, .T. ) ;
#2514 = PLANE ( 'NONE',  #911 ) ;
#2515 = VERTEX_POINT ( 'NONE', #2802 ) ;
#2516 = CARTESIAN_POINT ( 'NONE',  ( -13.65000000000000036, -1.499999999999999334, -6.299999999999999822 ) ) ;
#2517 = CARTESIAN_POINT ( 'NONE',  ( 32.80821455623738814, 3.499999999999999112, 1.049999999999999378 ) ) ;
#2518 = DIRECTION ( 'NONE',  ( 1.000000000000000000, 0.0000000000000000000, -0.0000000000000000000 ) ) ;
#2519 = VERTEX_POINT ( 'NONE', #553 ) ;
#2520 = CARTESIAN_POINT ( 'NONE',  ( -13.65000000000000036, 6.276026597977995891, 0.5490811793102707838 ) ) ;
#2521 = EDGE_LOOP ( 'NONE', ( #2567, #663, #2824, #3327 ) ) ;
#2522 = DIRECTION ( 'NONE',  ( 1.000000000000000000, 0.0000000000000000000, 0.0000000000000000000 ) ) ;
#2523 = ORIENTED_EDGE ( 'NONE', *, *, #1596, .F. ) ;
#2524 = EDGE_LOOP ( 'NONE', ( #542, #2445, #1621, #1395 ) ) ;
#2525 = EDGE_CURVE ( 'NONE', #2417, #3712, #2001, .T. ) ;
#2526 = CARTESIAN_POINT ( 'NONE',  ( -13.65000000000000036, 3.878667294551655598, -4.964467747722342672 ) ) ;
#2527 = CARTESIAN_POINT ( 'NONE',  ( -13.65000000000000036, 6.889099656559579898, -1.717645458757620647 ) ) ;
#2528 = FACE_OUTER_BOUND ( 'NONE', #1354, .T. ) ;
#2529 = EDGE_CURVE ( 'NONE', #3155, #276, #1387, .T. ) ;
#2530 = AXIS2_PLACEMENT_3D ( 'NONE', #1610, #2472, #1905 ) ;
#2531 = VECTOR ( 'NONE', #3652, 1000.000000000000000 ) ;
#2532 = CARTESIAN_POINT ( 'NONE',  ( 13.65000000000000036, -1.500000000000000888, 6.299999999999999822 ) ) ;
#2533 = DIRECTION ( 'NONE',  ( -0.0000000000000000000, -0.0000000000000000000, 1.000000000000000000 ) ) ;
#2534 = DIRECTION ( 'NONE',  ( 0.0000000000000000000, -0.0000000000000000000, -1.000000000000000000 ) ) ;
#2535 = DIRECTION ( 'NONE',  ( 0.0000000000000000000, 0.9702957262759971391, -0.2419218955996651765 ) ) ;
#2536 = VECTOR ( 'NONE', #83, 1000.000000000000000 ) ;
#2537 = SECURITY_CLASSIFICATION ( '', '', #2825 ) ;
#2538 = ORIENTED_EDGE ( 'NONE', *, *, #3445, .F. ) ;
#2539 = VECTOR ( 'NONE', #1716, 1000.000000000000000 ) ;
#2540 = CIRCLE ( 'NONE', #1061, 2.000000000000003109 ) ;
#2541 = CIRCLE ( 'NONE', #196, 7.099999999999999645 ) ;
#2542 = CARTESIAN_POINT ( 'NONE',  ( -14.65000000000000036, 0.0000000000000000000, 0.0000000000000000000 ) ) ;
#2543 = DIRECTION ( 'NONE',  ( 0.0000000000000000000, -0.2419218955996651765, -0.9702957262759971391 ) ) ;
#2544 = CIRCLE ( 'NONE', #1412, 4.599999999999999645 ) ;
#2545 = CARTESIAN_POINT ( 'NONE',  ( -15.74923322792006530, -2.625000000000000444, -1.050000000000000044 ) ) ;
#2546 = CARTESIAN_POINT ( 'NONE',  ( -15.75776478870053232, 1.014055973780548126, -0.09991559036835638563 ) ) ;
#2547 = VECTOR ( 'NONE', #1994, 1000.000000000000000 ) ;
#2548 = EDGE_CURVE ( 'NONE', #1968, #3182, #115, .T. ) ;
#2549 = CARTESIAN_POINT ( 'NONE',  ( 16.64999999999999858, 3.208333333333332149, -1.050000000000000488 ) ) ;
#2550 = APPROVAL_ROLE ( '' ) ;
#2551 = EDGE_CURVE ( 'NONE', #800, #2098, #3132, .T. ) ;
#2552 = AXIS2_PLACEMENT_3D ( 'NONE', #324, #2602, #1162 ) ;
#2553 = ORIENTED_EDGE ( 'NONE', *, *, #3702, .T. ) ;
#2554 = CYLINDRICAL_SURFACE ( 'NONE', #2392, 1.599999999999998979 ) ;
#2555 = CARTESIAN_POINT ( 'NONE',  ( -15.55076677207995672, -0.8286402927889495729, -0.5877750263423308086 ) ) ;
#2556 = ORIENTED_EDGE ( 'NONE', *, *, #3543, .T. ) ;
#2557 = DIRECTION ( 'NONE',  ( -0.0000000000000000000, 1.000000000000000000, -0.0000000000000000000 ) ) ;
#2558 = ORIENTED_EDGE ( 'NONE', *, *, #1337, .F. ) ;
#2559 = CARTESIAN_POINT ( 'NONE',  ( -16.64999999999999858, 3.499999999999999112, -0.3500000000000006439 ) ) ;
#2560 = ORIENTED_EDGE ( 'NONE', *, *, #697, .F. ) ;
#2561 = ORIENTED_EDGE ( 'NONE', *, *, #658, .F. ) ;
#2562 = ORIENTED_EDGE ( 'NONE', *, *, #2277, .F. ) ;
#2563 = DIRECTION ( 'NONE',  ( -0.0000000000000000000, 0.0000000000000000000, -1.000000000000000000 ) ) ;
#2564 = ORIENTED_EDGE ( 'NONE', *, *, #1617, .F. ) ;
#2565 = VERTEX_POINT ( 'NONE', #84 ) ;
#2566 = EDGE_CURVE ( 'NONE', #1846, #1115, #2453, .T. ) ;
#2567 = ORIENTED_EDGE ( 'NONE', *, *, #3430, .F. ) ;
#2568 = EDGE_LOOP ( 'NONE', ( #2350, #1081, #2872, #2773, #1018, #2195 ) ) ;
#2569 = ADVANCED_FACE ( 'NONE', ( #1701 ), #2514, .F. ) ;
#2570 = CARTESIAN_POINT ( 'NONE',  ( -11.65000000000000036, 0.0000000000000000000, 0.0000000000000000000 ) ) ;
#2572 = AXIS2_PLACEMENT_3D ( 'NONE', #1549, #1850, #1561 ) ;
#2571 = CIRCLE ( 'NONE', #168, 6.300000000000000711 ) ;
#2573 = DIRECTION ( 'NONE',  ( 1.000000000000000000, 0.0000000000000000000, 0.0000000000000000000 ) ) ;
#2574 = DIRECTION ( 'NONE',  ( 0.0000000000000000000, 0.6819983600625019182, -0.7313537016191672402 ) ) ;
#2575 = CARTESIAN_POINT ( 'NONE',  ( 13.65000000000000036, 3.878667294551654265, 4.964467747722343560 ) ) ;
#2576 = CARTESIAN_POINT ( 'NONE',  ( 13.65000000000000036, 5.633375276077824112E-16, -4.599999999999999645 ) ) ;
#2577 = FACE_OUTER_BOUND ( 'NONE', #1212, .T. ) ;
#2578 = AXIS2_PLACEMENT_3D ( 'NONE', #185, #1076, #200 ) ;
#2579 = CIRCLE ( 'NONE', #2572, 6.300000000000000711 ) ;
#2580 = FACE_OUTER_BOUND ( 'NONE', #2325, .T. ) ;
#2581 = DIRECTION ( 'NONE',  ( 0.0000000000000000000, 1.548860246407863583E-16, 1.000000000000000000 ) ) ;
#2582 = LINE ( 'NONE', #619, #1194 ) ;
#2583 = CARTESIAN_POINT ( 'NONE',  ( 15.61123274773430758, 3.208333333333332149, -1.050000000000000488 ) ) ;
#2584 = FACE_OUTER_BOUND ( 'NONE', #1535, .T. ) ;
#2585 = PLANE ( 'NONE',  #2262 ) ;
#2586 = LINE ( 'NONE', #3211, #3041 ) ;
#2587 = CARTESIAN_POINT ( 'NONE',  ( 14.65000000000000036, -0.9578262852211514300, 0.2873478855663449405 ) ) ;
#2588 = EDGE_CURVE ( 'NONE', #3275, #2490, #2134, .T. ) ;
#2589 = CARTESIAN_POINT ( 'NONE',  ( 13.65000000000000036, -3.500000000000000888, 6.299999999999999822 ) ) ;
#2590 = EDGE_CURVE ( 'NONE', #274, #3505, #651, .T. ) ;
#2591 = AXIS2_PLACEMENT_3D ( 'NONE', #1839, #2888, #3449 ) ;
#2592 = ORIENTED_EDGE ( 'NONE', *, *, #2261, .F. ) ;
#2593 = ORIENTED_EDGE ( 'NONE', *, *, #167, .T. ) ;
#2594 = DIRECTION ( 'NONE',  ( 0.0000000000000000000, -1.000000000000000000, 0.0000000000000000000 ) ) ;
#2595 = ORIENTED_EDGE ( 'NONE', *, *, #112, .F. ) ;
#2596 = DIRECTION ( 'NONE',  ( 0.0000000000000000000, 0.0000000000000000000, -1.000000000000000000 ) ) ;
#2598 = ORIENTED_EDGE ( 'NONE', *, *, #3052, .T. ) ;
#2597 = CC_DESIGN_PERSON_AND_ORGANIZATION_ASSIGNMENT ( #912, #3668, ( #1650 ) ) ;
#2599 = VERTEX_POINT ( 'NONE', #3693 ) ;
#2600 = DIRECTION ( 'NONE',  ( 0.0000000000000000000, 0.9961946980917453232, 0.08715574274766145491 ) ) ;
#2601 = ORIENTED_EDGE ( 'NONE', *, *, #2204, .F. ) ;
#2602 = DIRECTION ( 'NONE',  ( -1.000000000000000000, -0.0000000000000000000, -0.0000000000000000000 ) ) ;
#2603 = ORIENTED_EDGE ( 'NONE', *, *, #2376, .F. ) ;
#2604 = ORIENTED_EDGE ( 'NONE', *, *, #2092, .T. ) ;
#2605 = CARTESIAN_POINT ( 'NONE',  ( 13.65000000000000036, 0.9855371297534137875, -6.222436545749372883 ) ) ;
#2606 = CARTESIAN_POINT ( 'NONE',  ( -13.65000000000000036, 0.0000000000000000000, 0.0000000000000000000 ) ) ;
#2607 = ADVANCED_FACE ( 'NONE', ( #2047 ), #3108, .T. ) ;
#2608 = ORIENTED_EDGE ( 'NONE', *, *, #386, .F. ) ;
#2609 = ORIENTED_EDGE ( 'NONE', *, *, #1357, .T. ) ;
#2610 = DIRECTION ( 'NONE',  ( 0.0000000000000000000, 0.0000000000000000000, 1.000000000000000000 ) ) ;
#2611 = FACE_OUTER_BOUND ( 'NONE', #3270, .T. ) ;
#2612 = EDGE_CURVE ( 'NONE', #1618, #3183, #2086, .T. ) ;
#2613 = LINE ( 'NONE', #2100, #1002 ) ;
#2614 = DIRECTION ( 'NONE',  ( 1.000000000000000000, 0.0000000000000000000, -0.0000000000000000000 ) ) ;
#2615 = DIRECTION ( 'NONE',  ( 0.0000000000000000000, 0.0000000000000000000, 1.000000000000000000 ) ) ;
#2616 = LINE ( 'NONE', #3540, #3644 ) ;
#2617 = APPROVAL_PERSON_ORGANIZATION ( #3384, #3579, #275 ) ;
#2618 = CIRCLE ( 'NONE', #3403, 1.599999999999998979 ) ;
#2619 = EDGE_CURVE ( 'NONE', #3577, #2378, #341, .T. ) ;
#2620 = LINE ( 'NONE', #2429, #1864 ) ;
#2621 = CARTESIAN_POINT ( 'NONE',  ( -9.150000000000000355, -5.100000000000001421, 11.50000000000000000 ) ) ;
#2622 = ADVANCED_FACE ( 'NONE', ( #2273 ), #2308, .F. ) ;
#2623 = VECTOR ( 'NONE', #3570, 1000.000000000000000 ) ;
#2624 = CARTESIAN_POINT ( 'NONE',  ( -13.65000000000000036, 7.072982356451390729, -0.6188057735083993816 ) ) ;
#2625 = LINE ( 'NONE', #3075, #2853 ) ;
#2626 = DIRECTION ( 'NONE',  ( 1.000000000000000000, -0.0000000000000000000, -0.0000000000000000000 ) ) ;
#2627 = VECTOR ( 'NONE', #3389, 1000.000000000000000 ) ;
#2628 = CARTESIAN_POINT ( 'NONE',  ( 14.65000000000000036, 0.0000000000000000000, -1.000000000000000000 ) ) ;
#2629 = DIRECTION ( 'NONE',  ( 0.0000000000000000000, 0.0000000000000000000, 1.000000000000000000 ) ) ;
#2630 = ORIENTED_EDGE ( 'NONE', *, *, #1, .F. ) ;
#2631 = DIRECTION ( 'NONE',  ( 0.0000000000000000000, -0.4067366430758055373, -0.9135454576425985351 ) ) ;
#2632 = DIRECTION ( 'NONE',  ( 0.0000000000000000000, 1.000000000000000000, -0.0000000000000000000 ) ) ;
#2633 = ORIENTED_EDGE ( 'NONE', *, *, #788, .T. ) ;
#2634 = ADVANCED_FACE ( 'NONE', ( #876 ), #2993, .T. ) ;
#2635 = EDGE_CURVE ( 'NONE', #1309, #1802, #263, .T. ) ;
#2636 = VERTEX_POINT ( 'NONE', #2329 ) ;
#2637 = AXIS2_PLACEMENT_3D ( 'NONE', #1812, #3483, #3250 ) ;
#2638 = ORIENTED_EDGE ( 'NONE', *, *, #2473, .F. ) ;
#2639 = CARTESIAN_POINT ( 'NONE',  ( -15.75776478870053587, -0.9578262852211515410, 0.2873478855663449405 ) ) ;
#2640 = ORIENTED_EDGE ( 'NONE', *, *, #2078, .F. ) ;
#2641 = ORIENTED_EDGE ( 'NONE', *, *, #144, .T. ) ;
#2642 = PLANE ( 'NONE',  #3454 ) ;
#2643 = DIRECTION ( 'NONE',  ( 1.000000000000000000, -0.0000000000000000000, -0.0000000000000000000 ) ) ;
#2644 = ORIENTED_EDGE ( 'NONE', *, *, #810, .F. ) ;
#2645 = ORIENTED_EDGE ( 'NONE', *, *, #1434, .T. ) ;
#2646 = DIRECTION ( 'NONE',  ( -0.0000000000000000000, 0.0000000000000000000, -1.000000000000000000 ) ) ;
#2647 = CARTESIAN_POINT ( 'NONE',  ( -13.65000000000000036, 0.0000000000000000000, 0.0000000000000000000 ) ) ;
#2648 = VERTEX_POINT ( 'NONE', #2205 ) ;
#2649 = CARTESIAN_POINT ( 'NONE',  ( -13.65000000000000036, -2.699999999999999289, -7.100000000000001421 ) ) ;
#2650 = ORIENTED_EDGE ( 'NONE', *, *, #3610, .F. ) ;
#2651 = VECTOR ( 'NONE', #1079, 1000.000000000000000 ) ;
#2653 = EDGE_CURVE ( 'NONE', #2335, #749, #1291, .T. ) ;
#2652 = CIRCLE ( 'NONE', #1665, 7.099999999999999645 ) ;
#2654 = VECTOR ( 'NONE', #1843, 1000.000000000000000 ) ;
#2655 = DIRECTION ( 'NONE',  ( 1.000000000000000000, 0.0000000000000000000, 0.0000000000000000000 ) ) ;
#2656 = PLANE ( 'NONE',  #2896 ) ;
#2657 = EDGE_CURVE ( 'NONE', #507, #2636, #700, .T. ) ;
#2658 = VERTEX_POINT ( 'NONE', #1679 ) ;
#2659 = AXIS2_PLACEMENT_3D ( 'NONE', #1629, #1065, #3078 ) ;
#2660 = CARTESIAN_POINT ( 'NONE',  ( 13.65000000000000036, 3.333248095779786535, 6.268927909298400714 ) ) ;
#2661 = COORDINATED_UNIVERSAL_TIME_OFFSET ( 0, 0, .AHEAD. ) ;
#2662 = CARTESIAN_POINT ( 'NONE',  ( -13.65000000000000036, 0.0000000000000000000, 0.0000000000000000000 ) ) ;
#2663 = LINE ( 'NONE', #2049, #3345 ) ;
#2664 = CARTESIAN_POINT ( 'NONE',  ( 3.650000000000001243, -5.100000000000001421, -14.00000000000000000 ) ) ;
#2665 = CARTESIAN_POINT ( 'NONE',  ( -14.65000000000000036, 0.9578262852211514300, 0.2873478855663453846 ) ) ;
#2666 = DIRECTION ( 'NONE',  ( 0.0000000000000000000, -1.000000000000000000, 0.0000000000000000000 ) ) ;
#2667 = LINE ( 'NONE', #41, #1154 ) ;
#2668 = LINE ( 'NONE', #2029, #534 ) ;
#2669 = DIRECTION ( 'NONE',  ( 0.0000000000000000000, -0.6819983600625033615, -0.7313537016191660189 ) ) ;
#2670 = DIRECTION ( 'NONE',  ( 1.000000000000000000, -0.0000000000000000000, 0.0000000000000000000 ) ) ;
#2671 = ADVANCED_FACE ( 'NONE', ( #1198 ), #833, .T. ) ;
#2672 = ORIENTED_EDGE ( 'NONE', *, *, #1533, .F. ) ;
#2673 = EDGE_CURVE ( 'NONE', #2285, #3226, #1433, .T. ) ;
#2674 = CARTESIAN_POINT ( 'NONE',  ( -13.65000000000000036, 6.276026597977994115, -0.5490811793102688965 ) ) ;
#2675 = CARTESIAN_POINT ( 'NONE',  ( -13.65000000000000036, -1.499999999999999112, -7.099999999999999645 ) ) ;
#2676 = VERTEX_POINT ( 'NONE', #3612 ) ;
#2677 = ORIENTED_EDGE ( 'NONE', *, *, #2150, .T. ) ;
#2678 = ORIENTED_EDGE ( 'NONE', *, *, #3565, .T. ) ;
#2679 = VERTEX_POINT ( 'NONE', #1652 ) ;
#2680 = AXIS2_PLACEMENT_3D ( 'NONE', #2454, #1866, #2464 ) ;
#2681 = ORIENTED_EDGE ( 'NONE', *, *, #88, .T. ) ;
#2682 = CARTESIAN_POINT ( 'NONE',  ( -25.50000000000000000, 1.999999999999999112, -1.050000000000000266 ) ) ;
#2683 = ORIENTED_EDGE ( 'NONE', *, *, #2741, .F. ) ;
#2684 = ORIENTED_EDGE ( 'NONE', *, *, #408, .T. ) ;
#2685 = EDGE_CURVE ( 'NONE', #361, #2012, #2625, .T. ) ;
#2686 = EDGE_LOOP ( 'NONE', ( #497, #798, #3533, #1995 ) ) ;
#2687 = VERTEX_POINT ( 'NONE', #3711 ) ;
#2688 = CARTESIAN_POINT ( 'NONE',  ( -13.65000000000000036, 0.0000000000000000000, 0.0000000000000000000 ) ) ;
#2689 = VERTEX_POINT ( 'NONE', #2281 ) ;
#2690 = ORIENTED_EDGE ( 'NONE', *, *, #107, .T. ) ;
#2691 = DIRECTION ( 'NONE',  ( 0.0000000000000000000, -3.330669073875469621E-16, -1.000000000000000000 ) ) ;
#2692 = ADVANCED_FACE ( 'NONE', ( #1559 ), #2015, .F. ) ;
#2693 = LINE ( 'NONE', #889, #3637 ) ;
#2694 = DIRECTION ( 'NONE',  ( -0.0000000000000000000, -0.0000000000000000000, -1.000000000000000000 ) ) ;
#2695 = CARTESIAN_POINT ( 'NONE',  ( -11.65000000000000036, 1.224646799147353207E-16, 1.000000000000000000 ) ) ;
#2696 = CARTESIAN_POINT ( 'NONE',  ( 13.64999999999999858, -5.100000000000001421, -14.00000000000000000 ) ) ;
#2697 = CIRCLE ( 'NONE', #2810, 1.500000000000000000 ) ;
#2698 = DIRECTION ( 'NONE',  ( -1.000000000000000000, -0.0000000000000000000, -0.0000000000000000000 ) ) ;
#2699 = VECTOR ( 'NONE', #245, 1000.000000000000114 ) ;
#2700 = PERSON_AND_ORGANIZATION ( #832, #202 ) ;
#2701 = DIRECTION ( 'NONE',  ( 1.000000000000000000, -0.0000000000000000000, 0.0000000000000000000 ) ) ;
#2702 = DIRECTION ( 'NONE',  ( 0.0000000000000000000, 0.0000000000000000000, 1.000000000000000000 ) ) ;
#2703 = VECTOR ( 'NONE', #1292, 1000.000000000000000 ) ;
#2704 = DIRECTION ( 'NONE',  ( 0.0000000000000000000, 0.1564344650402230974, -0.9876883405951388806 ) ) ;
#2705 = ADVANCED_FACE ( 'NONE', ( #3655 ), #1336, .T. ) ;
#2706 = LINE ( 'NONE', #2040, #1152 ) ;
#2707 = DIRECTION ( 'NONE',  ( 1.000000000000000000, -0.0000000000000000000, 0.0000000000000000000 ) ) ;
#2708 = EDGE_CURVE ( 'NONE', #2055, #2417, #528, .T. ) ;
#2709 = AXIS2_PLACEMENT_3D ( 'NONE', #597, #2275, #1410 ) ;
#2710 = CARTESIAN_POINT ( 'NONE',  ( -13.65000000000000036, -4.699999999999999289, -6.300000000000001599 ) ) ;
#2711 = PLANE ( 'NONE',  #820 ) ;
#2712 = CIRCLE ( 'NONE', #2357, 6.299999999999999822 ) ;
#2713 = ADVANCED_FACE ( 'NONE', ( #1871 ), #2351, .F. ) ;
#2714 = EDGE_CURVE ( 'NONE', #1623, #2098, #2716, .T. ) ;
#2715 = DIRECTION ( 'NONE',  ( 0.0000000000000000000, 0.0000000000000000000, -1.000000000000000000 ) ) ;
#2716 = LINE ( 'NONE', #2004, #26 ) ;
#2717 = CARTESIAN_POINT ( 'NONE',  ( 14.65000000000001457, -0.8286028721011570175, 0.5877631916096734965 ) ) ;
#2718 = VECTOR ( 'NONE', #3038, 1000.000000000000000 ) ;
#2719 = EDGE_CURVE ( 'NONE', #2599, #2235, #435, .T. ) ;
#2720 = DIRECTION ( 'NONE',  ( 1.000000000000000000, 0.0000000000000000000, 0.0000000000000000000 ) ) ;
#2721 = DIRECTION ( 'NONE',  ( 1.000000000000000000, -0.0000000000000000000, -0.0000000000000000000 ) ) ;
#2722 = ORIENTED_EDGE ( 'NONE', *, *, #1759, .T. ) ;
#2723 = ORIENTED_EDGE ( 'NONE', *, *, #1129, .F. ) ;
#2724 = EDGE_CURVE ( 'NONE', #1213, #2037, #2544, .T. ) ;
#2725 = CARTESIAN_POINT ( 'NONE',  ( 25.50000000000000000, 1.999999999999999112, -1.050000000000000266 ) ) ;
#2726 = CARTESIAN_POINT ( 'NONE',  ( -13.65000000000000036, 5.755336383148374146, -2.562440851377567164 ) ) ;
#2727 = ORIENTED_EDGE ( 'NONE', *, *, #2714, .T. ) ;
#2728 = VERTEX_POINT ( 'NONE', #2061 ) ;
#2729 = ORIENTED_EDGE ( 'NONE', *, *, #2529, .T. ) ;
#2730 = CARTESIAN_POINT ( 'NONE',  ( 16.65000000000000568, -2.625000000000000444, 1.050000000000000488 ) ) ;
#2731 = ADVANCED_FACE ( 'NONE', ( #3477 ), #3171, .T. ) ;
#2732 = ORIENTED_EDGE ( 'NONE', *, *, #2612, .F. ) ;
#2733 = EDGE_CURVE ( 'NONE', #4, #1447, #2358, .T. ) ;
#2734 = ORIENTED_EDGE ( 'NONE', *, *, #1014, .T. ) ;
#2735 = AXIS2_PLACEMENT_3D ( 'NONE', #1367, #219, #2758 ) ;
#2736 = DIRECTION ( 'NONE',  ( 0.0000000000000000000, -0.0000000000000000000, 1.000000000000000000 ) ) ;
#2737 = ORIENTED_EDGE ( 'NONE', *, *, #2317, .F. ) ;
#2738 = DIRECTION ( 'NONE',  ( 0.0000000000000000000, -0.9702957262759972501, -0.2419218955996648712 ) ) ;
#2739 = CARTESIAN_POINT ( 'NONE',  ( 16.64999999999999858, -3.500000000000000888, -0.3499999999999998113 ) ) ;
#2740 = ORIENTED_EDGE ( 'NONE', *, *, #1941, .T. ) ;
#2741 = EDGE_CURVE ( 'NONE', #3406, #253, #3082, .T. ) ;
#2742 = AXIS2_PLACEMENT_3D ( 'NONE', #2093, #51, #99 ) ;
#2743 = FACE_OUTER_BOUND ( 'NONE', #1172, .T. ) ;
#2744 = ORIENTED_EDGE ( 'NONE', *, *, #249, .F. ) ;
#2745 = VECTOR ( 'NONE', #2881, 1000.000000000000000 ) ;
#2746 = CARTESIAN_POINT ( 'NONE',  ( -3.650000000000000355, -5.100000000000001421, 7.099999999999999645 ) ) ;
#2747 = CARTESIAN_POINT ( 'NONE',  ( 15.55076677207996383, 0.8286402927889496839, 0.5877750263423316968 ) ) ;
#2748 = CIRCLE ( 'NONE', #1332, 7.099999999999999645 ) ;
#2749 = DIRECTION ( 'NONE',  ( -0.0000000000000000000, 1.000000000000000000, -0.0000000000000000000 ) ) ;
#2751 = EDGE_CURVE ( 'NONE', #3182, #749, #1955, .T. ) ;
#2750 = CYLINDRICAL_SURFACE ( 'NONE', #1300, 6.299999999999999822 ) ;
#2752 = ADVANCED_FACE ( 'NONE', ( #1822 ), #646, .F. ) ;
#2753 = CARTESIAN_POINT ( 'NONE',  ( 13.65000000000000036, 0.0000000000000000000, 0.0000000000000000000 ) ) ;
#2754 = ORIENTED_EDGE ( 'NONE', *, *, #3334, .T. ) ;
#2755 = PERSON_AND_ORGANIZATION ( #832, #202 ) ;
#2756 = AXIS2_PLACEMENT_3D ( 'NONE', #209, #2518, #476 ) ;
#2757 = CARTESIAN_POINT ( 'NONE',  ( 16.64999999999999858, 3.499999999999999112, 1.049999999999999378 ) ) ;
#2758 = DIRECTION ( 'NONE',  ( 0.0000000000000000000, 0.0000000000000000000, 1.000000000000000000 ) ) ;
#2759 = VECTOR ( 'NONE', #2289, 1000.000000000000000 ) ;
#2760 = VECTOR ( 'NONE', #3398, 1000.000000000000000 ) ;
#2761 = CARTESIAN_POINT ( 'NONE',  ( 16.64999999999999858, 3.499999999999999112, -0.3500000000000006439 ) ) ;
#2762 = DESIGN_CONTEXT ( 'detailed design', #3471, 'design' ) ;
#2763 = EDGE_CURVE ( 'NONE', #3405, #994, #2403, .T. ) ;
#2764 = AXIS2_PLACEMENT_3D ( 'NONE', #731, #114, #2133 ) ;
#2765 = DIRECTION ( 'NONE',  ( 0.0000000000000000000, 0.0000000000000000000, 1.000000000000000000 ) ) ;
#2766 = VECTOR ( 'NONE', #607, 1000.000000000000000 ) ;
#2767 = PLANE ( 'NONE',  #1673 ) ;
#2768 = DIRECTION ( 'NONE',  ( -0.0000000000000000000, -0.0000000000000000000, -1.000000000000000000 ) ) ;
#2769 = CARTESIAN_POINT ( 'NONE',  ( 15.75776478870053232, 0.9578262852211514300, 0.2873478855663453846 ) ) ;
#2770 = ORIENTED_EDGE ( 'NONE', *, *, #2361, .T. ) ;
#2771 = DIRECTION ( 'NONE',  ( 0.0000000000000000000, 0.9702957262759971391, -0.2419218955996652043 ) ) ;
#2772 = ADVANCED_FACE ( 'NONE', ( #1700 ), #2899, .F. ) ;
#2773 = ORIENTED_EDGE ( 'NONE', *, *, #21, .F. ) ;
#2774 = CARTESIAN_POINT ( 'NONE',  ( -13.65000000000000036, 7.072982356451390729, -0.6188057735083993816 ) ) ;
#2775 = LINE ( 'NONE', #3151, #2010 ) ;
#2776 = ORIENTED_EDGE ( 'NONE', *, *, #1382, .F. ) ;
#2777 = DIRECTION ( 'NONE',  ( 0.0000000000000000000, 0.8386705679454259377, 0.5446390350150240867 ) ) ;
#2778 = ORIENTED_EDGE ( 'NONE', *, *, #982, .T. ) ;
#2779 = ORIENTED_EDGE ( 'NONE', *, *, #3071, .F. ) ;
#2780 = DIRECTION ( 'NONE',  ( -1.000000000000000000, -0.0000000000000000000, -0.0000000000000000000 ) ) ;
#2781 = EDGE_LOOP ( 'NONE', ( #1391, #3532 ) ) ;
#2782 = ORIENTED_EDGE ( 'NONE', *, *, #2041, .T. ) ;
#2783 = DIRECTION ( 'NONE',  ( 0.0000000000000000000, 0.9702957262759974721, 0.2419218955996635945 ) ) ;
#2784 = ORIENTED_EDGE ( 'NONE', *, *, #910, .T. ) ;
#2785 = ORIENTED_EDGE ( 'NONE', *, *, #256, .T. ) ;
#2786 = EDGE_CURVE ( 'NONE', #2937, #2515, #2667, .T. ) ;
#2788 = EDGE_LOOP ( 'NONE', ( #623, #1795, #450, #674 ) ) ;
#2787 = AXIS2_PLACEMENT_3D ( 'NONE', #1192, #2631, #615 ) ;
#2789 = ORIENTED_EDGE ( 'NONE', *, *, #1944, .F. ) ;
#2790 = CARTESIAN_POINT ( 'NONE',  ( 13.65000000000000036, 6.112863075538782276, 1.524107942277888927 ) ) ;
#2791 = FACE_OUTER_BOUND ( 'NONE', #1348, .T. ) ;
#2792 = CC_DESIGN_PERSON_AND_ORGANIZATION_ASSIGNMENT ( #2038, #1423, ( #1650 ) ) ;
#2793 = PLANE ( 'NONE',  #2578 ) ;
#2794 = FACE_OUTER_BOUND ( 'NONE', #400, .T. ) ;
#2795 = PLANE ( 'NONE',  #2479 ) ;
#2796 = DIRECTION ( 'NONE',  ( 0.0000000000000000000, -0.4694715627858855878, 0.8829475928589296529 ) ) ;
#2797 = CARTESIAN_POINT ( 'NONE',  ( -13.65000000000000036, -3.499999999999999556, -6.299999999999999822 ) ) ;
#2798 = LINE ( 'NONE', #2710, #2848 ) ;
#2799 = DIRECTION ( 'NONE',  ( 0.0000000000000000000, -1.548860246407863583E-16, -1.000000000000000000 ) ) ;
#2800 = FACE_OUTER_BOUND ( 'NONE', #2788, .T. ) ;
#2801 = CARTESIAN_POINT ( 'NONE',  ( 23.50000000000000355, -2.449293598294711345E-16, -1.050000000000000488 ) ) ;
#2802 = CARTESIAN_POINT ( 'NONE',  ( 13.65000000000000036, 1.110684701785593198, 7.012587218225485586 ) ) ;
#2803 = LINE ( 'NONE', #3293, #1427 ) ;
#2804 = EDGE_CURVE ( 'NONE', #1168, #1375, #2991, .T. ) ;
#2805 = DIRECTION ( 'NONE',  ( 0.0000000000000000000, 1.000000000000000000, -1.126443815569355400E-16 ) ) ;
#2806 = DIRECTION ( 'NONE',  ( -1.000000000000000000, -0.0000000000000000000, -0.0000000000000000000 ) ) ;
#2807 = CARTESIAN_POINT ( 'NONE',  ( -13.65000000000000036, 4.607528320200751537, -4.296589668393764327 ) ) ;
#2808 = LINE ( 'NONE', #3335, #3305 ) ;
#2809 = EDGE_CURVE ( 'NONE', #3627, #2113, #111, .T. ) ;
#2810 = AXIS2_PLACEMENT_3D ( 'NONE', #656, #1221, #2928 ) ;
#2811 = DIRECTION ( 'NONE',  ( 1.000000000000000000, 0.0000000000000000000, -0.0000000000000000000 ) ) ;
#2812 = LINE ( 'NONE', #2816, #2760 ) ;
#2813 = DIRECTION ( 'NONE',  ( 0.0000000000000000000, 1.000000000000000000, -1.084202172485502708E-16 ) ) ;
#2814 = EDGE_CURVE ( 'NONE', #2904, #1447, #384, .T. ) ;
#2815 = AXIS2_PLACEMENT_3D ( 'NONE', #1609, #2459, #1042 ) ;
#2816 = CARTESIAN_POINT ( 'NONE',  ( 3.650000000000001243, -5.100000000000001421, -14.00000000000000000 ) ) ;
#2817 = DIRECTION ( 'NONE',  ( 1.000000000000000000, 0.0000000000000000000, 0.0000000000000000000 ) ) ;
#2818 = ORIENTED_EDGE ( 'NONE', *, *, #2324, .T. ) ;
#2819 = DIRECTION ( 'NONE',  ( 0.0000000000000000000, -0.8386705679454252715, -0.5446390350150250859 ) ) ;
#2820 = DIRECTION ( 'NONE',  ( 0.0000000000000000000, 1.126443815569355400E-16, -1.000000000000000000 ) ) ;
#2821 = CARTESIAN_POINT ( 'NONE',  ( 15.36906126206689116, 0.5357214042269839993, -0.8912940264597078999 ) ) ;
#2822 = VERTEX_POINT ( 'NONE', #705 ) ;
#2823 = ORIENTED_EDGE ( 'NONE', *, *, #1588, .F. ) ;
#2824 = ORIENTED_EDGE ( 'NONE', *, *, #3468, .T. ) ;
#2825 = SECURITY_CLASSIFICATION_LEVEL ( 'unclassified' ) ;
#2826 = CARTESIAN_POINT ( 'NONE',  ( -14.65000000000000036, -0.9578262852211514300, 0.2873478855663449405 ) ) ;
#2827 = VERTEX_POINT ( 'NONE', #383 ) ;
#2828 = DIRECTION ( 'NONE',  ( 0.0000000000000000000, 0.0000000000000000000, 1.000000000000000000 ) ) ;
#2829 = ORIENTED_EDGE ( 'NONE', *, *, #976, .T. ) ;
#2830 = ADVANCED_FACE ( 'NONE', ( #2354 ), #2969, .F. ) ;
#2831 = ORIENTED_EDGE ( 'NONE', *, *, #831, .T. ) ;
#2832 = CARTESIAN_POINT ( 'NONE',  ( -11.65000000000000036, 0.0000000000000000000, 0.0000000000000000000 ) ) ;
#2833 = VERTEX_POINT ( 'NONE', #2414 ) ;
#2834 = AXIS2_PLACEMENT_3D ( 'NONE', #407, #1506, #3527 ) ;
#2835 = DIRECTION ( 'NONE',  ( 0.0000000000000000000, -0.9702957262759972501, -0.2419218955996648712 ) ) ;
#2836 = FACE_OUTER_BOUND ( 'NONE', #2410, .T. ) ;
#2837 = CARTESIAN_POINT ( 'NONE',  ( 15.74922782060400195, 2.624999999999999112, -1.050000000000000933 ) ) ;
#2838 = CLOSED_SHELL ( 'NONE', ( #61, #2671, #2999, #2115 ) ) ;
#2839 = EDGE_CURVE ( 'NONE', #3452, #722, #873, .T. ) ;
#2840 = AXIS2_PLACEMENT_3D ( 'NONE', #2466, #2961, #1835 ) ;
#2841 = CIRCLE ( 'NONE', #929, 6.300000000000000711 ) ;
#2842 = CARTESIAN_POINT ( 'NONE',  ( -13.65000000000000036, 6.486172749262454573, 2.887830165838209506 ) ) ;
#2843 = MANIFOLD_SOLID_BREP ( 'INNER', #2838 ) ;
#2844 = CIRCLE ( 'NONE', #3431, 7.099999999999999645 ) ;
#2845 = CARTESIAN_POINT ( 'NONE',  ( -16.64999999999999858, -3.208333333333333925, -1.050000000000000044 ) ) ;
#2846 = PLANE ( 'NONE',  #2975 ) ;
#2847 = CARTESIAN_POINT ( 'NONE',  ( -16.64999999999999858, 3.499999999999999112, -1.050000000000000488 ) ) ;
#2848 = VECTOR ( 'NONE', #131, 1000.000000000000000 ) ;
#2849 = CARTESIAN_POINT ( 'NONE',  ( -13.65000000000000036, -2.700000000000001066, 6.299999999999999822 ) ) ;
#2850 = ADVANCED_FACE ( 'NONE', ( #1059 ), #2711, .F. ) ;
#2851 = VECTOR ( 'NONE', #87, 1000.000000000000000 ) ;
#2852 = EDGE_CURVE ( 'NONE', #856, #2879, #3653, .T. ) ;
#2853 = VECTOR ( 'NONE', #1982, 1000.000000000000000 ) ;
#2854 = DIRECTION ( 'NONE',  ( 0.0000000000000000000, -1.000000000000000000, 0.0000000000000000000 ) ) ;
#2855 = DIRECTION ( 'NONE',  ( 0.0000000000000000000, 0.0000000000000000000, 1.000000000000000000 ) ) ;
#2856 = CARTESIAN_POINT ( 'NONE',  ( -13.65000000000000036, 1.110684701785593198, 7.012587218225485586 ) ) ;
#2857 = LINE ( 'NONE', #406, #1156 ) ;
#2858 = EDGE_CURVE ( 'NONE', #276, #1310, #696, .T. ) ;
#2859 = AXIS2_PLACEMENT_3D ( 'NONE', #1915, #491, #2487 ) ;
#2860 = DIRECTION ( 'NONE',  ( 0.0000000000000000000, 0.0000000000000000000, -1.000000000000000000 ) ) ;
#2861 = DIRECTION ( 'NONE',  ( 1.000000000000000000, 0.0000000000000000000, -0.0000000000000000000 ) ) ;
#2862 = PLANE ( 'NONE',  #2709 ) ;
#2863 = CARTESIAN_POINT ( 'NONE',  ( 14.65000000000000036, 0.9578262852211514300, -0.2873478855663454956 ) ) ;
#2864 = AXIS2_PLACEMENT_3D ( 'NONE', #3308, #1578, #1875 ) ;
#2865 = LINE ( 'NONE', #1661, #843 ) ;
#2866 = ORIENTED_EDGE ( 'NONE', *, *, #2349, .T. ) ;
#2867 = ORIENTED_EDGE ( 'NONE', *, *, #308, .F. ) ;
#2868 = DIRECTION ( 'NONE',  ( 0.0000000000000000000, 1.000000000000000000, 2.710505431213763057E-16 ) ) ;
#2869 = VERTEX_POINT ( 'NONE', #2296 ) ;
#2870 = EDGE_LOOP ( 'NONE', ( #3193, #3164, #3095, #3399 ) ) ;
#2871 = CARTESIAN_POINT ( 'NONE',  ( 15.55077217939605738, 0.8286028721011567955, -0.5877631916096741627 ) ) ;
#2872 = ORIENTED_EDGE ( 'NONE', *, *, #1247, .F. ) ;
#2873 = DIRECTION ( 'NONE',  ( 0.0000000000000000000, -1.000000000000000000, 9.293161478447179278E-17 ) ) ;
#2874 = EDGE_LOOP ( 'NONE', ( #2322, #2770, #399, #498 ) ) ;
#2875 = VERTEX_POINT ( 'NONE', #778 ) ;
#2876 = EDGE_CURVE ( 'NONE', #722, #3014, #2221, .T. ) ;
#2877 = ORIENTED_EDGE ( 'NONE', *, *, #350, .F. ) ;
#2878 = CARTESIAN_POINT ( 'NONE',  ( 16.64999999999999858, -3.500000000000000888, -1.050000000000000044 ) ) ;
#2879 = VERTEX_POINT ( 'NONE', #2575 ) ;
#2880 = FACE_OUTER_BOUND ( 'NONE', #3012, .T. ) ;
#2881 = DIRECTION ( 'NONE',  ( -0.0000000000000000000, 1.000000000000000000, -0.0000000000000000000 ) ) ;
#2882 = VECTOR ( 'NONE', #575, 1000.000000000000000 ) ;
#2883 = PRODUCT_DEFINITION_SHAPE ( 'NONE', 'NONE',  #3371 ) ;
#2884 = EDGE_CURVE ( 'NONE', #1569, #1532, #1473, .T. ) ;
#2885 = CARTESIAN_POINT ( 'NONE',  ( -13.65000000000000036, 0.0000000000000000000, 0.0000000000000000000 ) ) ;
#2886 = LINE ( 'NONE', #688, #2213 ) ;
#2887 = ADVANCED_FACE ( 'NONE', ( #1909 ), #2971, .F. ) ;
#2888 = DIRECTION ( 'NONE',  ( 1.000000000000000000, 0.0000000000000000000, 0.0000000000000000000 ) ) ;
#2889 = LINE ( 'NONE', #2110, #2493 ) ;
#2890 = DIRECTION ( 'NONE',  ( 0.0000000000000000000, 0.0000000000000000000, -1.000000000000000000 ) ) ;
#2891 = FACE_OUTER_BOUND ( 'NONE', #3364, .T. ) ;
#2892 = LINE ( 'NONE', #2215, #2131 ) ;
#2893 = CARTESIAN_POINT ( 'NONE',  ( -19.50000000000000000, -2.015133172838208017E-32, -1.050000000000000488 ) ) ;
#2894 = LINE ( 'NONE', #3381, #1478 ) ;
#2895 = CARTESIAN_POINT ( 'NONE',  ( 14.65000000000000036, 0.9578262852211514300, -0.2873478855663454956 ) ) ;
#2896 = AXIS2_PLACEMENT_3D ( 'NONE', #3262, #2669, #3515 ) ;
#2897 = DIRECTION ( 'NONE',  ( 0.0000000000000000000, 1.000000000000000000, -1.445602896647339163E-16 ) ) ;
#2898 = DIRECTION ( 'NONE',  ( 0.0000000000000000000, 0.0000000000000000000, -1.000000000000000000 ) ) ;
#2899 = PLANE ( 'NONE',  #1480 ) ;
#2900 = ADVANCED_FACE ( 'NONE', ( #917, #1868 ), #3441, .F. ) ;
#2901 = EDGE_CURVE ( 'NONE', #3014, #3575, #1733, .T. ) ;
#2902 = ORIENTED_EDGE ( 'NONE', *, *, #45, .F. ) ;
#2903 = AXIS2_PLACEMENT_3D ( 'NONE', #1648, #3636, #1925 ) ;
#2904 = VERTEX_POINT ( 'NONE', #3407 ) ;
#2906 = ORIENTED_EDGE ( 'NONE', *, *, #2657, .F. ) ;
#2905 = CC_DESIGN_DATE_AND_TIME_ASSIGNMENT ( #2927, #3482, ( #3371 ) ) ;
#2907 = ORIENTED_EDGE ( 'NONE', *, *, #658, .T. ) ;
#2908 = DIRECTION ( 'NONE',  ( -0.0000000000000000000, 1.000000000000000000, -1.548860246407863583E-16 ) ) ;
#2909 = VERTEX_POINT ( 'NONE', #1160 ) ;
#2910 = CARTESIAN_POINT ( 'NONE',  ( 13.65000000000000036, 4.607528320200751537, -4.296589668393764327 ) ) ;
#2911 = ORIENTED_EDGE ( 'NONE', *, *, #2994, .T. ) ;
#2912 = EDGE_LOOP ( 'NONE', ( #2448, #503, #175, #401 ) ) ;
#2913 = DIRECTION ( 'NONE',  ( 0.0000000000000000000, 0.4694715627858844220, -0.8829475928589303191 ) ) ;
#2914 = ORIENTED_EDGE ( 'NONE', *, *, #2433, .F. ) ;
#2915 = ORIENTED_EDGE ( 'NONE', *, *, #1129, .T. ) ;
#2916 = DIRECTION ( 'NONE',  ( 0.0000000000000000000, -1.548860246407863583E-16, -1.000000000000000000 ) ) ;
#2917 = LINE ( 'NONE', #2339, #1366 ) ;
#2918 = ORIENTED_EDGE ( 'NONE', *, *, #2018, .F. ) ;
#2919 = EDGE_CURVE ( 'NONE', #130, #2327, #3347, .T. ) ;
#2920 = CARTESIAN_POINT ( 'NONE',  ( -23.99999999999999645, -3.500000000000000888, 1.050000000000000266 ) ) ;
#2921 = VECTOR ( 'NONE', #3218, 1000.000000000000000 ) ;
#2922 = CARTESIAN_POINT ( 'NONE',  ( 13.65000000000000036, -1.500000000000000888, 6.299999999999999822 ) ) ;
#2923 = AXIS2_PLACEMENT_3D ( 'NONE', #1703, #1996, #1956 ) ;
#2924 = DIRECTION ( 'NONE',  ( -1.000000000000000000, -0.0000000000000000000, -0.0000000000000000000 ) ) ;
#2925 = VECTOR ( 'NONE', #3112, 1000.000000000000000 ) ;
#2926 = CARTESIAN_POINT ( 'NONE',  ( -15.54223521129946306, -3.500000000000000888, -1.050000000000000044 ) ) ;
#2927 = DATE_AND_TIME ( #57, #1946 ) ;
#2928 = DIRECTION ( 'NONE',  ( 0.0000000000000000000, -1.000000000000000000, 1.445602896647339163E-16 ) ) ;
#2929 = CARTESIAN_POINT ( 'NONE',  ( -15.61123274773429515, -3.208333333333333925, 1.050000000000000044 ) ) ;
#2930 = ORIENTED_EDGE ( 'NONE', *, *, #1659, .F. ) ;
#2931 = VECTOR ( 'NONE', #642, 1000.000000000000000 ) ;
#2932 = CARTESIAN_POINT ( 'NONE',  ( 19.50000000000000000, -2.015133172838208017E-32, -1.050000000000000488 ) ) ;
#2933 = DIRECTION ( 'NONE',  ( -0.0000000000000000000, 1.000000000000000000, -0.0000000000000000000 ) ) ;
#2934 = DIRECTION ( 'NONE',  ( 1.000000000000000000, 0.0000000000000000000, 0.0000000000000000000 ) ) ;
#2935 = DIRECTION ( 'NONE',  ( 0.0000000000000000000, 0.1564344650402247072, 0.9876883405951386585 ) ) ;
#2936 = FACE_OUTER_BOUND ( 'NONE', #3537, .T. ) ;
#2937 = VERTEX_POINT ( 'NONE', #213 ) ;
#2938 = EDGE_CURVE ( 'NONE', #3330, #1922, #3212, .T. ) ;
#2939 = CARTESIAN_POINT ( 'NONE',  ( 15.93091236629727270, -1.458333333333334814, -1.050000000000000488 ) ) ;
#2940 = CARTESIAN_POINT ( 'NONE',  ( -13.65000000000000036, -3.500000000000000888, 6.299999999999999822 ) ) ;
#2941 = CYLINDRICAL_SURFACE ( 'NONE', #1249, 7.099999999999999645 ) ;
#2942 = DIRECTION ( 'NONE',  ( -0.0000000000000000000, -0.0000000000000000000, 1.000000000000000000 ) ) ;
#2943 = CARTESIAN_POINT ( 'NONE',  ( -13.65000000000000036, 7.072982356451392505, 0.6188057735083988264 ) ) ;
#2944 = DIRECTION ( 'NONE',  ( -1.000000000000000000, 0.0000000000000000000, 0.0000000000000000000 ) ) ;
#2945 = UNCERTAINTY_MEASURE_WITH_UNIT (LENGTH_MEASURE( 1.000000000000000082E-05 ), #1698, 'distance_accuracy_value', 'NONE');
#2946 = CARTESIAN_POINT ( 'NONE',  ( -13.65000000000000036, 0.9855371297534121222, 6.222436545749373771 ) ) ;
#2947 = DIRECTION ( 'NONE',  ( 1.000000000000000000, 0.0000000000000000000, 0.0000000000000000000 ) ) ;
#2948 = DIRECTION ( 'NONE',  ( 0.0000000000000000000, 0.0000000000000000000, -1.000000000000000000 ) ) ;
#2949 = CIRCLE ( 'NONE', #1961, 6.300000000000000711 ) ;
#2950 = EDGE_CURVE ( 'NONE', #1166, #1663, #2892, .T. ) ;
#2951 = ORIENTED_EDGE ( 'NONE', *, *, #3190, .F. ) ;
#2952 = AXIS2_PLACEMENT_3D ( 'NONE', #2992, #1034, #3331 ) ;
#2953 = ORIENTED_EDGE ( 'NONE', *, *, #2099, .F. ) ;
#2954 = PLANE ( 'NONE',  #293 ) ;
#2955 = CARTESIAN_POINT ( 'NONE',  ( -15.75776478870053232, 0.9578262852211514300, 0.2873478855663453846 ) ) ;
#2956 = ORIENTED_EDGE ( 'NONE', *, *, #839, .F. ) ;
#2957 = VERTEX_POINT ( 'NONE', #3600 ) ;
#2958 = ORIENTED_EDGE ( 'NONE', *, *, #1754, .T. ) ;
#2959 = CARTESIAN_POINT ( 'NONE',  ( -14.65000000000000036, 0.0000000000000000000, 0.0000000000000000000 ) ) ;
#2960 = EDGE_CURVE ( 'NONE', #1708, #1133, #3559, .T. ) ;
#2961 = DIRECTION ( 'NONE',  ( 1.000000000000000000, 0.0000000000000000000, 0.0000000000000000000 ) ) ;
#2962 = ADVANCED_FACE ( 'NONE', ( #159 ), #3059, .F. ) ;
#2963 = ORIENTED_EDGE ( 'NONE', *, *, #3241, .F. ) ;
#2964 = ORIENTED_EDGE ( 'NONE', *, *, #2590, .T. ) ;
#2965 = CARTESIAN_POINT ( 'NONE',  ( 14.65000000000000036, 0.0000000000000000000, 0.0000000000000000000 ) ) ;
#2966 = DIRECTION ( 'NONE',  ( -0.0000000000000000000, -2.710505431213763057E-16, 1.000000000000000000 ) ) ;
#2967 = EDGE_LOOP ( 'NONE', ( #1674, #1260, #2364, #448 ) ) ;
#2968 = CARTESIAN_POINT ( 'NONE',  ( -13.65000000000000036, -2.700000000000001066, 6.299999999999999822 ) ) ;
#2969 = PLANE ( 'NONE',  #46 ) ;
#2970 = VECTOR ( 'NONE', #1783, 999.9999999999998863 ) ;
#2971 = PLANE ( 'NONE',  #387 ) ;
#2972 = CARTESIAN_POINT ( 'NONE',  ( -16.64999999999999858, 3.499999999999999112, 1.049999999999999378 ) ) ;
#2973 = CARTESIAN_POINT ( 'NONE',  ( -14.65000000000000036, -0.9578262852211515410, 0.2873478855663449405 ) ) ;
#2975 = AXIS2_PLACEMENT_3D ( 'NONE', #2123, #381, #1841 ) ;
#2974 = LINE ( 'NONE', #1094, #821 ) ;
#2976 = CARTESIAN_POINT ( 'NONE',  ( 13.65000000000000036, 4.371196474812182764, -5.594876350607718152 ) ) ;
#2977 = VECTOR ( 'NONE', #3606, 1000.000000000000000 ) ;
#2978 = EDGE_CURVE ( 'NONE', #2231, #1483, #339, .T. ) ;
#2979 = CARTESIAN_POINT ( 'NONE',  ( 15.75776478870053232, 0.9578262852211514300, -0.2873478855663454956 ) ) ;
#2980 = CARTESIAN_POINT ( 'NONE',  ( 13.65000000000000036, 0.0000000000000000000, 0.0000000000000000000 ) ) ;
#2981 = PERSON_AND_ORGANIZATION ( #832, #202 ) ;
#2982 = CARTESIAN_POINT ( 'NONE',  ( 13.65000000000000036, 0.0000000000000000000, 0.0000000000000000000 ) ) ;
#2983 = LINE ( 'NONE', #2222, #868 ) ;
#2984 = ADVANCED_FACE ( 'NONE', ( #2584 ), #298, .T. ) ;
#2985 = FACE_OUTER_BOUND ( 'NONE', #119, .T. ) ;
#2986 = CARTESIAN_POINT ( 'NONE',  ( 16.64999999999997726, -6.505213034913026604E-16, -1.049999999999998712 ) ) ;
#2987 = CARTESIAN_POINT ( 'NONE',  ( -16.64999999999999858, 3.499999999999999112, 1.049999999999999378 ) ) ;
#2988 = AXIS2_PLACEMENT_3D ( 'NONE', #1199, #1491, #3412 ) ;
#2989 = CARTESIAN_POINT ( 'NONE',  ( 13.65000000000000036, 7.072982356451392505, 0.6188057735083999367 ) ) ;
#2990 = CARTESIAN_POINT ( 'NONE',  ( 15.93091236629727270, 1.458333333333333481, 1.050000000000000266 ) ) ;
#2991 = LINE ( 'NONE', #3174, #3253 ) ;
#2992 = CARTESIAN_POINT ( 'NONE',  ( 14.65000000000000036, 0.0000000000000000000, 0.0000000000000000000 ) ) ;
#2993 = CYLINDRICAL_SURFACE ( 'NONE', #3597, 6.299999999999999822 ) ;
#2994 = EDGE_CURVE ( 'NONE', #362, #1188, #1601, .T. ) ;
#2995 = CARTESIAN_POINT ( 'NONE',  ( -14.65000000000001812, 0.8286402927889496839, 0.5877750263423316968 ) ) ;
#2996 = ORIENTED_EDGE ( 'NONE', *, *, #2502, .F. ) ;
#2997 = CARTESIAN_POINT ( 'NONE',  ( -13.65000000000000036, 6.112863075538782276, -1.524107942277886929 ) ) ;
#2998 = DIRECTION ( 'NONE',  ( 0.0000000000000000000, -1.000000000000000000, -1.445602896647339311E-15 ) ) ;
#2999 = ADVANCED_FACE ( 'NONE', ( #1384 ), #2793, .T. ) ;
#3000 = ORIENTED_EDGE ( 'NONE', *, *, #1451, .T. ) ;
#3001 = EDGE_CURVE ( 'NONE', #2676, #1710, #2499, .T. ) ;
#3002 = EDGE_LOOP ( 'NONE', ( #939, #2633, #540, #1124 ) ) ;
#3003 = ORIENTED_EDGE ( 'NONE', *, *, #2224, .F. ) ;
#3004 = DIRECTION ( 'NONE',  ( 0.0000000000000000000, 0.0000000000000000000, -1.000000000000000000 ) ) ;
#3005 = VERTEX_POINT ( 'NONE', #3609 ) ;
#3006 = CARTESIAN_POINT ( 'NONE',  ( 13.65000000000000036, -3.499999999999999556, -6.299999999999999822 ) ) ;
#3007 = ORIENTED_EDGE ( 'NONE', *, *, #1972, .T. ) ;
#3008 = CARTESIAN_POINT ( 'NONE',  ( -9.150000000000000355, -7.700000000000001066, 11.50000000000000000 ) ) ;
#3009 = EDGE_CURVE ( 'NONE', #3452, #1168, #2808, .T. ) ;
#3011 = EDGE_LOOP ( 'NONE', ( #2996, #90, #2609, #273 ) ) ;
#3010 = AXIS2_PLACEMENT_3D ( 'NONE', #2980, #1268, #842 ) ;
#3012 = EDGE_LOOP ( 'NONE', ( #1219, #457, #1844, #2823 ) ) ;
#3013 = CARTESIAN_POINT ( 'NONE',  ( -15.61123455017299122, 3.208333333333332149, 1.049999999999999378 ) ) ;
#3014 = VERTEX_POINT ( 'NONE', #478 ) ;
#3015 = EDGE_LOOP ( 'NONE', ( #3676, #2729, #706, #2723 ) ) ;
#3016 = CARTESIAN_POINT ( 'NONE',  ( 15.68876544982699528, 0.9261120742307000775, 0.3930619222011831893 ) ) ;
#3017 = VECTOR ( 'NONE', #52, 1000.000000000000000 ) ;
#3018 = DIRECTION ( 'NONE',  ( 1.000000000000000000, -0.0000000000000000000, 0.0000000000000000000 ) ) ;
#3019 = DIRECTION ( 'NONE',  ( -0.0000000000000000000, -1.548860246407863583E-16, -1.000000000000000000 ) ) ;
#3020 = CARTESIAN_POINT ( 'NONE',  ( -15.75776478870053232, 0.9578262852211514300, -0.2873478855663454956 ) ) ;
#3021 = VECTOR ( 'NONE', #1296, 1000.000000000000000 ) ;
#3022 = ADVANCED_FACE ( 'NONE', ( #830 ), #2767, .F. ) ;
#3023 = LINE ( 'NONE', #3091, #1048 ) ;
#3024 = APPROVAL_DATE_TIME ( #3420, #3579 ) ;
#3025 = AXIS2_PLACEMENT_3D ( 'NONE', #1901, #143, #169 ) ;
#3026 = DIRECTION ( 'NONE',  ( -1.000000000000000000, -0.0000000000000000000, -0.0000000000000000000 ) ) ;
#3027 = LINE ( 'NONE', #436, #1948 ) ;
#3028 = ORIENTED_EDGE ( 'NONE', *, *, #1231, .T. ) ;
#3029 = FACE_OUTER_BOUND ( 'NONE', #506, .T. ) ;
#3030 = DIRECTION ( 'NONE',  ( -0.0000000000000000000, 1.000000000000000000, -0.0000000000000000000 ) ) ;
#3031 = CARTESIAN_POINT ( 'NONE',  ( 14.65000000000000036, 0.0000000000000000000, 0.0000000000000000000 ) ) ;
#3032 = EDGE_CURVE ( 'NONE', #1983, #1360, #2045, .T. ) ;
#3033 = AXIS2_PLACEMENT_3D ( 'NONE', #79, #567, #2738 ) ;
#3034 = CARTESIAN_POINT ( 'NONE',  ( 15.75776478870053232, -1.014055973780547903, 0.09991559036835603869 ) ) ;
#3035 = VECTOR ( 'NONE', #3400, 1000.000000000000000 ) ;
#3036 = CARTESIAN_POINT ( 'NONE',  ( -14.65000000000000036, 0.0000000000000000000, 0.0000000000000000000 ) ) ;
#3037 = CIRCLE ( 'NONE', #409, 1.599999999999998979 ) ;
#3038 = DIRECTION ( 'NONE',  ( 0.0000000000000000000, -1.000000000000000000, 0.0000000000000000000 ) ) ;
#3039 = CARTESIAN_POINT ( 'NONE',  ( 15.54223521129946306, 3.499999999999999112, 1.049999999999999378 ) ) ;
#3040 = ADVANCED_FACE ( 'NONE', ( #1107 ), #2087, .T. ) ;
#3041 = VECTOR ( 'NONE', #2114, 1000.000000000000000 ) ;
#3042 = CARTESIAN_POINT ( 'NONE',  ( -13.65000000000000036, 3.333248095779787423, -6.268927909298401602 ) ) ;
#3043 = VERTEX_POINT ( 'NONE', #3354 ) ;
#3044 = CARTESIAN_POINT ( 'NONE',  ( -13.65000000000000036, -7.700000000000001066, -7.099999999999998757 ) ) ;
#3045 = ORIENTED_EDGE ( 'NONE', *, *, #2839, .F. ) ;
#3046 = EDGE_CURVE ( 'NONE', #3186, #1345, #481, .T. ) ;
#3047 = VECTOR ( 'NONE', #3117, 1000.000000000000000 ) ;
#3048 = EDGE_LOOP ( 'NONE', ( #3318, #852, #2958, #2016 ) ) ;
#3049 = ORIENTED_EDGE ( 'NONE', *, *, #1110, .F. ) ;
#3050 = DIRECTION ( 'NONE',  ( 1.000000000000000000, 0.0000000000000000000, -0.0000000000000000000 ) ) ;
#3051 = ORIENTED_EDGE ( 'NONE', *, *, #2588, .T. ) ;
#3052 = EDGE_CURVE ( 'NONE', #2238, #1345, #1771, .T. ) ;
#3053 = ORIENTED_EDGE ( 'NONE', *, *, #769, .F. ) ;
#3054 = AXIS2_PLACEMENT_3D ( 'NONE', #519, #1930, #216 ) ;
#3055 = VERTEX_POINT ( 'NONE', #1977 ) ;
#3056 = CARTESIAN_POINT ( 'NONE',  ( -13.65000000000000036, 1.626303258728256651E-15, -6.299999999999999822 ) ) ;
#3057 = ORIENTED_EDGE ( 'NONE', *, *, #2551, .F. ) ;
#3058 = ADVANCED_FACE ( 'NONE', ( #24 ), #229, .F. ) ;
#3059 = PLANE ( 'NONE',  #3269 ) ;
#3060 = CARTESIAN_POINT ( 'NONE',  ( 13.65000000000000036, -4.699999999999999289, -6.300000000000001599 ) ) ;
#3061 = ORIENTED_EDGE ( 'NONE', *, *, #556, .T. ) ;
#3062 = ORIENTED_EDGE ( 'NONE', *, *, #1055, .F. ) ;
#3063 = DIRECTION ( 'NONE',  ( 0.0000000000000000000, 0.4694715627858844220, -0.8829475928589303191 ) ) ;
#3064 = CYLINDRICAL_SURFACE ( 'NONE', #1804, 2.000000000000001776 ) ;
#3065 = CARTESIAN_POINT ( 'NONE',  ( -13.65000000000000036, 5.633375276077824112E-16, -4.599999999999999645 ) ) ;
#3066 = FACE_OUTER_BOUND ( 'NONE', #2469, .T. ) ;
#3067 = DIRECTION ( 'NONE',  ( 0.0000000000000000000, 0.9961946980917452121, -0.08715574274766309248 ) ) ;
#3068 = CARTESIAN_POINT ( 'NONE',  ( 16.64999999999999858, -3.500000000000000888, -1.050000000000000044 ) ) ;
#3069 = CARTESIAN_POINT ( 'NONE',  ( -13.65000000000000036, 5.755336383148374146, -2.562440851377567164 ) ) ;
#3071 = EDGE_CURVE ( 'NONE', #751, #713, #2712, .T. ) ;
#3070 = CIRCLE ( 'NONE', #458, 2.000000000000003109 ) ;
#3072 = ORIENTED_EDGE ( 'NONE', *, *, #2496, .T. ) ;
#3073 = FACE_OUTER_BOUND ( 'NONE', #3580, .T. ) ;
#3074 = DIRECTION ( 'NONE',  ( 1.000000000000000000, 0.0000000000000000000, 0.0000000000000000000 ) ) ;
#3075 = CARTESIAN_POINT ( 'NONE',  ( 23.50000000000000355, -2.449293598294710359E-16, -14.00000000000000000 ) ) ;
#3076 = LINE ( 'NONE', #1791, #2169 ) ;
#3077 = AXIS2_PLACEMENT_3D ( 'NONE', #782, #1655, #3648 ) ;
#3078 = DIRECTION ( 'NONE',  ( 0.0000000000000000000, 0.0000000000000000000, 1.000000000000000000 ) ) ;
#3079 = VECTOR ( 'NONE', #2646, 1000.000000000000000 ) ;
#3080 = ORIENTED_EDGE ( 'NONE', *, *, #2041, .F. ) ;
#3081 = DIRECTION ( 'NONE',  ( 0.0000000000000000000, -1.000000000000000000, -1.445602896647339311E-15 ) ) ;
#3082 = LINE ( 'NONE', #1765, #1013 ) ;
#3083 = DIRECTION ( 'NONE',  ( 0.0000000000000000000, -1.000000000000000000, 0.0000000000000000000 ) ) ;
#3084 = EDGE_CURVE ( 'NONE', #1482, #1447, #1653, .T. ) ;
#3085 = AXIS2_PLACEMENT_3D ( 'NONE', #1344, #2780, #1914 ) ;
#3086 = CARTESIAN_POINT ( 'NONE',  ( 13.65000000000000036, 0.0000000000000000000, 0.0000000000000000000 ) ) ;
#3087 = VECTOR ( 'NONE', #2265, 1000.000000000000000 ) ;
#3088 = PLANE ( 'NONE',  #1435 ) ;
#3089 = CARTESIAN_POINT ( 'NONE',  ( 3.650000000000000355, -7.700000000000001066, -7.099999999999999645 ) ) ;
#3090 = CLOSED_SHELL ( 'NONE', ( #467, #1892, #2440, #702 ) ) ;
#3091 = CARTESIAN_POINT ( 'NONE',  ( -13.65000000000000036, 1.626303258728256651E-15, -6.299999999999999822 ) ) ;
#3092 = ORIENTED_EDGE ( 'NONE', *, *, #1180, .T. ) ;
#3093 = CARTESIAN_POINT ( 'NONE',  ( 21.50000000000000000, 0.0000000000000000000, 1.049999999999998934 ) ) ;
#3094 = DIRECTION ( 'NONE',  ( 0.0000000000000000000, 0.4067366430758037055, -0.9135454576425993123 ) ) ;
#3095 = ORIENTED_EDGE ( 'NONE', *, *, #2162, .T. ) ;
#3096 = ORIENTED_EDGE ( 'NONE', *, *, #2673, .T. ) ;
#3097 = ORIENTED_EDGE ( 'NONE', *, *, #2852, .F. ) ;
#3098 = CARTESIAN_POINT ( 'NONE',  ( -14.64999999999996128, 0.5357214042269839993, -0.8912940264597078999 ) ) ;
#3099 = ORIENTED_EDGE ( 'NONE', *, *, #647, .T. ) ;
#3100 = DIRECTION ( 'NONE',  ( 0.0000000000000000000, -1.000000000000000000, -1.126443815569355400E-16 ) ) ;
#3101 = ORIENTED_EDGE ( 'NONE', *, *, #3615, .T. ) ;
#3102 = CARTESIAN_POINT ( 'NONE',  ( 13.65000000000000036, 6.276026597977995891, 0.5490811793102707838 ) ) ;
#3103 = VERTEX_POINT ( 'NONE', #1388 ) ;
#3104 = ORIENTED_EDGE ( 'NONE', *, *, #2763, .T. ) ;
#3105 = CARTESIAN_POINT ( 'NONE',  ( 14.65000000000000036, 1.014055973780548126, -0.09991559036835639951 ) ) ;
#3106 = EDGE_CURVE ( 'NONE', #1408, #589, #2541, .T. ) ;
#3107 = ORIENTED_EDGE ( 'NONE', *, *, #1202, .F. ) ;
#3108 = PLANE ( 'NONE',  #145 ) ;
#3109 = ORIENTED_EDGE ( 'NONE', *, *, #3383, .F. ) ;
#3110 = DIRECTION ( 'NONE',  ( 0.0000000000000000000, 1.000000000000000000, -1.445602896647339163E-16 ) ) ;
#3111 = DIRECTION ( 'NONE',  ( 1.000000000000000000, -0.0000000000000000000, -0.0000000000000000000 ) ) ;
#3112 = DIRECTION ( 'NONE',  ( 1.000000000000000000, -0.0000000000000000000, 0.0000000000000000000 ) ) ;
#3113 = DIRECTION ( 'NONE',  ( -0.0000000000000000000, 1.000000000000000000, -0.0000000000000000000 ) ) ;
#3114 = LINE ( 'NONE', #736, #1178 ) ;
#3115 = CC_DESIGN_PERSON_AND_ORGANIZATION_ASSIGNMENT ( #2700, #1705, ( #2537 ) ) ;
#3116 = CARTESIAN_POINT ( 'NONE',  ( -13.65000000000000036, -2.700000000000001066, 6.299999999999999822 ) ) ;
#3117 = DIRECTION ( 'NONE',  ( 0.0000000000000000000, -0.0000000000000000000, -1.000000000000000000 ) ) ;
#3118 = CIRCLE ( 'NONE', #2282, 6.299999999999999822 ) ;
#3119 = CARTESIAN_POINT ( 'NONE',  ( 25.50000000000000000, 1.999999999999999112, 0.0000000000000000000 ) ) ;
#3120 = VERTEX_POINT ( 'NONE', #3672 ) ;
#3121 = APPROVAL_PERSON_ORGANIZATION ( #1466, #2026, #2550 ) ;
#3122 = CYLINDRICAL_SURFACE ( 'NONE', #2108, 1.000000000000000000 ) ;
#3123 = DIRECTION ( 'NONE',  ( -1.000000000000000000, 0.0000000000000000000, -1.257045997084642858E-16 ) ) ;
#3124 = ORIENTED_EDGE ( 'NONE', *, *, #429, .F. ) ;
#3125 = EDGE_CURVE ( 'NONE', #3180, #410, #3469, .T. ) ;
#3126 = CARTESIAN_POINT ( 'NONE',  ( -14.65000000000000036, -0.9578262852211514300, -0.2873478855663452736 ) ) ;
#3127 = DIRECTION ( 'NONE',  ( 0.0000000000000000000, 0.0000000000000000000, 1.000000000000000000 ) ) ;
#3128 = CARTESIAN_POINT ( 'NONE',  ( -13.65000000000000036, -1.499999999999999334, -6.299999999999999822 ) ) ;
#3129 = VECTOR ( 'NONE', #787, 999.9999999999998863 ) ;
#3130 = EDGE_CURVE ( 'NONE', #2401, #2144, #1732, .T. ) ;
#3131 = CARTESIAN_POINT ( 'NONE',  ( -15.54223521129946484, 3.499999999999999112, 1.049999999999999378 ) ) ;
#3132 = LINE ( 'NONE', #3159, #1775 ) ;
#3133 = MECHANICAL_CONTEXT ( 'NONE', #49, 'mechanical' ) ;
#3134 = EDGE_CURVE ( 'NONE', #1353, #1752, #2174, .T. ) ;
#3135 = AXIS2_PLACEMENT_3D ( 'NONE', #652, #2398, #1245 ) ;
#3136 = CARTESIAN_POINT ( 'NONE',  ( -15.61123455017299122, -3.208333333333333925, -1.050000000000000044 ) ) ;
#3137 = ORIENTED_EDGE ( 'NONE', *, *, #1965, .T. ) ;
#3138 = CARTESIAN_POINT ( 'NONE',  ( 32.80821455623738814, 3.499999999999999112, -1.050000000000000488 ) ) ;
#3139 = DIRECTION ( 'NONE',  ( -1.000000000000000000, -0.0000000000000000000, -0.0000000000000000000 ) ) ;
#3140 = DIRECTION ( 'NONE',  ( 0.0000000000000000000, -1.000000000000000000, 1.445602896647339163E-16 ) ) ;
#3141 = VECTOR ( 'NONE', #667, 1000.000000000000114 ) ;
#3142 = ORIENTED_EDGE ( 'NONE', *, *, #1987, .T. ) ;
#3143 = ORIENTED_EDGE ( 'NONE', *, *, #3334, .F. ) ;
#3144 = DIRECTION ( 'NONE',  ( -1.000000000000000000, 0.0000000000000000000, 0.0000000000000000000 ) ) ;
#3145 = ORIENTED_EDGE ( 'NONE', *, *, #1787, .F. ) ;
#3146 = EDGE_LOOP ( 'NONE', ( #1036, #956, #2244, #3143 ) ) ;
#3147 = B_SPLINE_CURVE_WITH_KNOTS ( 'NONE', 3,
 ( #232, #2507, #2769, #508 ),
 .UNSPECIFIED., .F., .F.,
 ( 4, 4 ),
 ( 0.0000000000000000000, 1.000000000000000000 ),
 .UNSPECIFIED. ) ;
#3148 = CARTESIAN_POINT ( 'NONE',  ( -15.55077217939605738, 0.8286028721011567955, -0.5877631916096741627 ) ) ;
#3149 = DIRECTION ( 'NONE',  ( 1.000000000000000000, -0.0000000000000000000, -0.0000000000000000000 ) ) ;
#3150 = VERTEX_POINT ( 'NONE', #2300 ) ;
#3151 = CARTESIAN_POINT ( 'NONE',  ( -13.65000000000000036, 5.283624578056179466, -3.431225920594658252 ) ) ;
#3152 = ORIENTED_EDGE ( 'NONE', *, *, #1176, .T. ) ;
#3153 = ORIENTED_EDGE ( 'NONE', *, *, #3430, .T. ) ;
#3154 = DIRECTION ( 'NONE',  ( 1.000000000000000000, -0.0000000000000000000, -0.0000000000000000000 ) ) ;
#3155 = VERTEX_POINT ( 'NONE', #869 ) ;
#3156 = EDGE_CURVE ( 'NONE', #3576, #986, #1952, .T. ) ;
#3157 = AXIS2_PLACEMENT_3D ( 'NONE', #345, #64, #2890 ) ;
#3158 = LINE ( 'NONE', #2293, #2034 ) ;
#3159 = CARTESIAN_POINT ( 'NONE',  ( -13.65000000000000036, 1.626303258728256651E-15, -6.299999999999999822 ) ) ;
#3160 = VECTOR ( 'NONE', #2771, 1000.000000000000000 ) ;
#3161 = PLANE ( 'NONE',  #1735 ) ;
#3162 = CARTESIAN_POINT ( 'NONE',  ( -15.54223521129946484, 3.499999999999999112, 1.049999999999999378 ) ) ;
#3163 = VECTOR ( 'NONE', #366, 1000.000000000000000 ) ;
#3164 = ORIENTED_EDGE ( 'NONE', *, *, #2340, .F. ) ;
#3165 = LOCAL_TIME ( 10, 12, 9.000000000000000000, #2661 ) ;
#3166 = FACE_OUTER_BOUND ( 'NONE', #716, .T. ) ;
#3167 = FACE_OUTER_BOUND ( 'NONE', #3048, .T. ) ;
#3168 = DIRECTION ( 'NONE',  ( 0.0000000000000000000, 0.0000000000000000000, 1.000000000000000000 ) ) ;
#3169 = CARTESIAN_POINT ( 'NONE',  ( 11.65000000000000036, 5.633375276077824112E-16, -4.599999999999999645 ) ) ;
#3170 = EDGE_CURVE ( 'NONE', #639, #1375, #428, .T. ) ;
#3171 = CYLINDRICAL_SURFACE ( 'NONE', #886, 6.299999999999999822 ) ;
#3172 = DIRECTION ( 'NONE',  ( 0.0000000000000000000, -1.000000000000000000, -1.445602896647339311E-15 ) ) ;
#3173 = CARTESIAN_POINT ( 'NONE',  ( -15.54223521129946484, 3.499999999999999112, 0.3499999999999993672 ) ) ;
#3174 = CARTESIAN_POINT ( 'NONE',  ( -13.65000000000000036, -3.500000000000000888, 7.099999999999999645 ) ) ;
#3175 = LINE ( 'NONE', #191, #3608 ) ;
#3176 = ADVANCED_FACE ( 'NONE', ( #1510 ), #3651, .F. ) ;
#3177 = EDGE_CURVE ( 'NONE', #885, #77, #1907, .T. ) ;
#3178 = AXIS2_PLACEMENT_3D ( 'NONE', #2505, #2543, #2535 ) ;
#3179 = ORIENTED_EDGE ( 'NONE', *, *, #1895, .T. ) ;
#3180 = VERTEX_POINT ( 'NONE', #858 ) ;
#3181 = CARTESIAN_POINT ( 'NONE',  ( 14.65000000000000036, 0.9578262852211514300, 0.2873478855663453846 ) ) ;
#3182 = VERTEX_POINT ( 'NONE', #893 ) ;
#3183 = VERTEX_POINT ( 'NONE', #1495 ) ;
#3184 = CARTESIAN_POINT ( 'NONE',  ( -13.65000000000000036, 2.957670845551079619, -5.562569835011258235 ) ) ;
#3185 = VERTEX_POINT ( 'NONE', #3181 ) ;
#3186 = VERTEX_POINT ( 'NONE', #335 ) ;
#3187 = EDGE_LOOP ( 'NONE', ( #1642, #444, #2287, #2288 ) ) ;
#3188 = ORIENTED_EDGE ( 'NONE', *, *, #884, .T. ) ;
#3189 = ORIENTED_EDGE ( 'NONE', *, *, #1420, .T. ) ;
#3190 = EDGE_CURVE ( 'NONE', #3375, #4, #379, .T. ) ;
#3191 = ADVANCED_FACE ( 'NONE', ( #610 ), #3161, .F. ) ;
#3192 = ORIENTED_EDGE ( 'NONE', *, *, #1055, .T. ) ;
#3193 = ORIENTED_EDGE ( 'NONE', *, *, #1778, .F. ) ;
#3194 = CARTESIAN_POINT ( 'NONE',  ( 11.65000000000000036, 0.0000000000000000000, 0.0000000000000000000 ) ) ;
#3195 = EDGE_CURVE ( 'NONE', #2144, #130, #2706, .T. ) ;
#3197 = AXIS2_PLACEMENT_3D ( 'NONE', #3628, #3074, #1105 ) ;
#3196 = LINE ( 'NONE', #577, #554 ) ;
#3198 = CARTESIAN_POINT ( 'NONE',  ( -13.65000000000000036, -4.699999999999999289, -6.300000000000001599 ) ) ;
#3199 = B_SPLINE_SURFACE_WITH_KNOTS ( 'NONE', 3, 3, ( 
 ( #1967, #565, #1137, #262 ),
 ( #1722, #294, #2583, #2549 ),
 ( #861, #2871, #2837, #535 ),
 ( #3213, #2821, #2259, #3408 ),
 ( #1777, #271, #2272, #2986 ),
 ( #1272, #1557, #2939, #2088 ),
 ( #3548, #375, #108, #1255 ),
 ( #59, #934, #397, #3271 ),
 ( #3534, #2389, #2118, #650 ) ),
 .UNSPECIFIED., .F., .F., .F.,
 ( 4, 1, 1, 1, 1, 1, 4 ),
 ( 4, 4 ),
 ( 0.0000000000000000000, 0.1250000000000000000, 0.2500000000000000000, 0.5000000000000000000, 0.7500000000000000000, 0.8750000000000000000, 1.000000000000000000 ),
 ( 0.0000000000000000000, 1.000000000000000000 ),
 .UNSPECIFIED. ) ;
#3200 = VECTOR ( 'NONE', #2783, 1000.000000000000000 ) ;
#3201 = EDGE_CURVE ( 'NONE', #1945, #2238, #693, .T. ) ;
#3202 = AXIS2_PLACEMENT_3D ( 'NONE', #1442, #2574, #3418 ) ;
#3203 = CYLINDRICAL_SURFACE ( 'NONE', #113, 1.000000000000000000 ) ;
#3204 = PERSON_AND_ORGANIZATION_ROLE ( 'creator' ) ;
#3205 = EDGE_LOOP ( 'NONE', ( #1446, #2203, #151, #2248 ) ) ;
#3206 = CYLINDRICAL_SURFACE ( 'NONE', #1539, 7.099999999999999645 ) ;
#3207 = PLANE ( 'NONE',  #2434 ) ;
#3208 = CARTESIAN_POINT ( 'NONE',  ( 14.65000000000000036, 0.0000000000000000000, 0.0000000000000000000 ) ) ;
#3209 = DIRECTION ( 'NONE',  ( -1.000000000000000000, -0.0000000000000000000, -0.0000000000000000000 ) ) ;
#3210 = LINE ( 'NONE', #207, #2446 ) ;
#3211 = CARTESIAN_POINT ( 'NONE',  ( -13.65000000000000036, -3.500000000000000888, 6.299999999999999822 ) ) ;
#3212 = LINE ( 'NONE', #1635, #524 ) ;
#3213 = CARTESIAN_POINT ( 'NONE',  ( 14.64999999999996128, 0.5357214042269839993, -0.8912940264597078999 ) ) ;
#3214 = DIRECTION ( 'NONE',  ( 0.0000000000000000000, 0.0000000000000000000, -1.000000000000000000 ) ) ;
#3215 = VECTOR ( 'NONE', #3144, 1000.000000000000000 ) ;
#3216 = DIRECTION ( 'NONE',  ( 0.0000000000000000000, 0.0000000000000000000, -1.000000000000000000 ) ) ;
#3217 = LINE ( 'NONE', #14, #212 ) ;
#3218 = DIRECTION ( 'NONE',  ( 0.0000000000000000000, -1.000000000000000000, 0.0000000000000000000 ) ) ;
#3219 = EDGE_CURVE ( 'NONE', #986, #628, #296, .T. ) ;
#3220 = AXIS2_PLACEMENT_3D ( 'NONE', #3657, #516, #2212 ) ;
#3221 = CARTESIAN_POINT ( 'NONE',  ( -13.65000000000000036, -4.700000000000001066, 7.099999999999999645 ) ) ;
#3222 = CARTESIAN_POINT ( 'NONE',  ( -16.64999999999999858, -3.208333333333333925, 1.050000000000000044 ) ) ;
#3223 = ORIENTED_EDGE ( 'NONE', *, *, #2719, .F. ) ;
#3224 = VECTOR ( 'NONE', #3149, 1000.000000000000000 ) ;
#3225 = ORIENTED_EDGE ( 'NONE', *, *, #1898, .T. ) ;
#3226 = VERTEX_POINT ( 'NONE', #2910 ) ;
#3227 = CARTESIAN_POINT ( 'NONE',  ( -13.65000000000000036, 0.9855371297534137875, -6.222436545749372883 ) ) ;
#3228 = DIRECTION ( 'NONE',  ( 1.000000000000000000, 0.0000000000000000000, -0.0000000000000000000 ) ) ;
#3229 = ORIENTED_EDGE ( 'NONE', *, *, #1014, .F. ) ;
#3230 = ORIENTED_EDGE ( 'NONE', *, *, #1247, .T. ) ;
#3231 = DIRECTION ( 'NONE',  ( 0.0000000000000000000, 0.0000000000000000000, 1.000000000000000000 ) ) ;
#3232 = CARTESIAN_POINT ( 'NONE',  ( -13.65000000000000036, 2.051079373080092694, -5.956767026275695542 ) ) ;
#3233 = EDGE_LOOP ( 'NONE', ( #2065, #1678, #1840, #3053 ) ) ;
#3234 = ORIENTED_EDGE ( 'NONE', *, *, #3665, .T. ) ;
#3235 = CARTESIAN_POINT ( 'NONE',  ( 13.65000000000000036, 4.607528320200751537, -4.296589668393764327 ) ) ;
#3236 = VERTEX_POINT ( 'NONE', #18 ) ;
#3237 = ORIENTED_EDGE ( 'NONE', *, *, #2724, .F. ) ;
#3238 = EDGE_CURVE ( 'NONE', #1033, #323, #1818, .T. ) ;
#3239 = VECTOR ( 'NONE', #2003, 1000.000000000000000 ) ;
#3240 = PLANE ( 'NONE',  #2834 ) ;
#3241 = EDGE_CURVE ( 'NONE', #582, #1128, #2663, .T. ) ;
#3242 = LINE ( 'NONE', #2576, #773 ) ;
#3243 = LINE ( 'NONE', #2365, #1051 ) ;
#3244 = CARTESIAN_POINT ( 'NONE',  ( 23.99999999999999645, 1.999999999999999112, -1.050000000000000488 ) ) ;
#3245 = FACE_OUTER_BOUND ( 'NONE', #364, .T. ) ;
#3246 = DIRECTION ( 'NONE',  ( 1.000000000000000000, -0.0000000000000000000, -0.0000000000000000000 ) ) ;
#3247 = CIRCLE ( 'NONE', #2257, 1.500000000000000000 ) ;
#3248 = VECTOR ( 'NONE', #613, 1000.000000000000000 ) ;
#3249 = DIRECTION ( 'NONE',  ( -1.000000000000000000, -0.0000000000000000000, -0.0000000000000000000 ) ) ;
#3250 = DIRECTION ( 'NONE',  ( 0.0000000000000000000, 0.0000000000000000000, -1.000000000000000000 ) ) ;
#3251 = CARTESIAN_POINT ( 'NONE',  ( -13.65000000000000036, 6.486172749262454573, 2.887830165838209506 ) ) ;
#3252 = B_SPLINE_SURFACE_WITH_KNOTS ( 'NONE', 3, 3, ( 
 ( #3404, #1964, #3162, #546 ),
 ( #3698, #1711, #3173, #1992 ),
 ( #1454, #2546, #1462, #2559 ),
 ( #1165, #3439, #9, #2014 ) ),
 .UNSPECIFIED., .F., .F., .F.,
 ( 4, 4 ),
 ( 4, 4 ),
 ( 0.0000000000000000000, 1.000000000000000000 ),
 ( 0.0000000000000000000, 1.000000000000000000 ),
 .UNSPECIFIED. ) ;
#3253 = VECTOR ( 'NONE', #921, 1000.000000000000000 ) ;
#3254 = EDGE_CURVE ( 'NONE', #928, #1360, #2582, .T. ) ;
#3255 = DIRECTION ( 'NONE',  ( 0.0000000000000000000, -0.9876883405951389916, -0.1564344650402230696 ) ) ;
#3256 = FACE_OUTER_BOUND ( 'NONE', #3011, .T. ) ;
#3257 = CARTESIAN_POINT ( 'NONE',  ( 13.65000000000000036, 2.051079373080092694, -5.956767026275695542 ) ) ;
#3258 = CARTESIAN_POINT ( 'NONE',  ( -14.65000000000000036, 0.0000000000000000000, 0.0000000000000000000 ) ) ;
#3259 = ADVANCED_FACE ( 'NONE', ( #2891 ), #3207, .F. ) ;
#3260 = AXIS2_PLACEMENT_3D ( 'NONE', #225, #2534, #241 ) ;
#3261 = CARTESIAN_POINT ( 'NONE',  ( -13.65000000000000036, 5.954561032412518884, -3.866937148606680363 ) ) ;
#3262 = CARTESIAN_POINT ( 'NONE',  ( -13.65000000000000036, 4.607528320200751537, -4.296589668393764327 ) ) ;
#3263 = ORIENTED_EDGE ( 'NONE', *, *, #1284, .T. ) ;
#3264 = CARTESIAN_POINT ( 'NONE',  ( -14.65000000000000036, -1.014055973780547903, 0.09991559036835603869 ) ) ;
#3265 = CARTESIAN_POINT ( 'NONE',  ( -13.65000000000000036, 5.192611281496086306, 4.842188356443767105 ) ) ;
#3266 = B_SPLINE_SURFACE_WITH_KNOTS ( 'NONE', 3, 3, ( 
 ( #2237, #1301, #729, #1873 ),
 ( #1330, #977, #715, #3277 ),
 ( #2717, #1007, #2130, #2730 ),
 ( #165, #3551, #997, #1587 ),
 ( #2154, #2120, #2168, #689 ),
 ( #2140, #1562, #2990, #459 ),
 ( #701, #2747, #1851, #2409 ),
 ( #1275, #3016, #3328, #123 ),
 ( #2461, #1612, #3039, #419 ) ),
 .UNSPECIFIED., .F., .F., .F.,
 ( 4, 1, 1, 1, 1, 1, 4 ),
 ( 4, 4 ),
 ( 0.0000000000000000000, 0.1250000000000000000, 0.2500000000000000000, 0.5000000000000000000, 0.7500000000000000000, 0.8750000000000000000, 1.000000000000000000 ),
 ( 0.0000000000000000000, 1.000000000000000000 ),
 .UNSPECIFIED. ) ;
#3267 = EDGE_CURVE ( 'NONE', #2055, #1715, #2495, .T. ) ;
#3268 = ORIENTED_EDGE ( 'NONE', *, *, #1778, .T. ) ;
#3269 = AXIS2_PLACEMENT_3D ( 'NONE', #2470, #748, #505 ) ;
#3270 = EDGE_LOOP ( 'NONE', ( #547, #234, #2076, #1800, #1931, #318 ) ) ;
#3271 = CARTESIAN_POINT ( 'NONE',  ( 16.64999999999999858, -3.208333333333333925, -1.050000000000000044 ) ) ;
#3272 = CARTESIAN_POINT ( 'NONE',  ( -14.65000000000000036, 0.0000000000000000000, 0.0000000000000000000 ) ) ;
#3273 = ORIENTED_EDGE ( 'NONE', *, *, #356, .T. ) ;
#3274 = ORIENTED_EDGE ( 'NONE', *, *, #2175, .F. ) ;
#3275 = VERTEX_POINT ( 'NONE', #3514 ) ;
#3276 = CARTESIAN_POINT ( 'NONE',  ( 3.650000000000001243, -5.100000000000001421, -14.00000000000000000 ) ) ;
#3277 = CARTESIAN_POINT ( 'NONE',  ( 16.64999999999999858, -3.208333333333333925, 1.050000000000000044 ) ) ;
#3278 = B_SPLINE_SURFACE_WITH_KNOTS ( 'NONE', 3, 3, ( 
 ( #3569, #1619, #158, #3585 ),
 ( #447, #732, #182, #2739 ),
 ( #2187, #3034, #1322, #1606 ),
 ( #3598, #2467, #477, #783 ) ),
 .UNSPECIFIED., .F., .F., .F.,
 ( 4, 4 ),
 ( 4, 4 ),
 ( 0.0000000000000000000, 1.000000000000000000 ),
 ( 0.0000000000000000000, 1.000000000000000000 ),
 .UNSPECIFIED. ) ;
#3279 = ORIENTED_EDGE ( 'NONE', *, *, #1637, .T. ) ;
#3280 = ORIENTED_EDGE ( 'NONE', *, *, #2128, .F. ) ;
#3281 = VERTEX_POINT ( 'NONE', #2081 ) ;
#3282 = PLANE ( 'NONE',  #378 ) ;
#3283 = EDGE_LOOP ( 'NONE', ( #3092, #1714, #355, #1148 ) ) ;
#3284 = ADVANCED_FACE ( 'NONE', ( #3429 ), #3504, .F. ) ;
#3285 = VECTOR ( 'NONE', #430, 1000.000000000000000 ) ;
#3286 = DIRECTION ( 'NONE',  ( 1.000000000000000000, 0.0000000000000000000, 0.0000000000000000000 ) ) ;
#3287 = CARTESIAN_POINT ( 'NONE',  ( -13.65000000000000036, 0.0000000000000000000, 0.0000000000000000000 ) ) ;
#3289 = AXIS2_PLACEMENT_3D ( 'NONE', #970, #1553, #1518 ) ;
#3288 = LINE ( 'NONE', #1954, #2531 ) ;
#3290 = CARTESIAN_POINT ( 'NONE',  ( -23.50000000000000355, 2.449293598294710359E-16, -14.00000000000000000 ) ) ;
#3291 = DIRECTION ( 'NONE',  ( -1.000000000000000000, -0.0000000000000000000, -0.0000000000000000000 ) ) ;
#3292 = CIRCLE ( 'NONE', #138, 1.000000000000000000 ) ;
#3293 = CARTESIAN_POINT ( 'NONE',  ( -16.64999999999999858, 3.499999999999999112, -1.050000000000000488 ) ) ;
#3294 = CARTESIAN_POINT ( 'NONE',  ( -21.50000000000000000, 0.0000000000000000000, -1.050000000000000488 ) ) ;
#3295 = EDGE_CURVE ( 'NONE', #201, #1028, #1054, .T. ) ;
#3296 = ORIENTED_EDGE ( 'NONE', *, *, #1479, .F. ) ;
#3297 = AXIS2_PLACEMENT_3D ( 'NONE', #3287, #739, #2715 ) ;
#3298 = CARTESIAN_POINT ( 'NONE',  ( -16.64999999999999858, 3.499999999999999112, -1.050000000000000488 ) ) ;
#3299 = LINE ( 'NONE', #255, #2539 ) ;
#3300 = VECTOR ( 'NONE', #1614, 1000.000000000000000 ) ;
#3301 = CARTESIAN_POINT ( 'NONE',  ( 25.50000000000000000, 3.499999999999999112, -1.050000000000000488 ) ) ;
#3302 = DIRECTION ( 'NONE',  ( 0.0000000000000000000, -1.000000000000000000, 1.548860246407863583E-16 ) ) ;
#3303 = CARTESIAN_POINT ( 'NONE',  ( 13.65000000000000036, -3.500000000000000888, 6.299999999999999822 ) ) ;
#3304 = CARTESIAN_POINT ( 'NONE',  ( -13.65000000000000036, 5.283624578056178578, 3.431225920594658252 ) ) ;
#3305 = VECTOR ( 'NONE', #2485, 1000.000000000000000 ) ;
#3306 = DIRECTION ( 'NONE',  ( 1.257045997084642858E-16, 0.0000000000000000000, -1.000000000000000000 ) ) ;
#3307 = ADVANCED_FACE ( 'NONE', ( #3167 ), #1527, .F. ) ;
#3308 = CARTESIAN_POINT ( 'NONE',  ( 13.65000000000000036, 0.0000000000000000000, 0.0000000000000000000 ) ) ;
#3309 = VECTOR ( 'NONE', #1346, 1000.000000000000000 ) ;
#3310 = CIRCLE ( 'NONE', #1456, 6.299999999999999822 ) ;
#3311 = EDGE_CURVE ( 'NONE', #1945, #3186, #1430, .T. ) ;
#3312 = DIRECTION ( 'NONE',  ( 0.0000000000000000000, 1.000000000000000000, -9.293161478447179278E-17 ) ) ;
#3313 = DIRECTION ( 'NONE',  ( -0.0000000000000000000, 1.126443815569355400E-16, 1.000000000000000000 ) ) ;
#3314 = ORIENTED_EDGE ( 'NONE', *, *, #144, .F. ) ;
#3315 = EDGE_CURVE ( 'NONE', #226, #628, #961, .T. ) ;
#3316 = ORIENTED_EDGE ( 'NONE', *, *, #2298, .T. ) ;
#3317 = DIRECTION ( 'NONE',  ( 1.000000000000000000, -0.0000000000000000000, -0.0000000000000000000 ) ) ;
#3318 = ORIENTED_EDGE ( 'NONE', *, *, #1158, .T. ) ;
#3319 = CARTESIAN_POINT ( 'NONE',  ( -13.65000000000000036, 0.9855371297534121222, 6.222436545749373771 ) ) ;
#3320 = ORIENTED_EDGE ( 'NONE', *, *, #161, .T. ) ;
#3321 = CARTESIAN_POINT ( 'NONE',  ( -14.65000000000000036, -0.9578262852211514300, 0.2873478855663449405 ) ) ;
#3322 = ORIENTED_EDGE ( 'NONE', *, *, #3491, .T. ) ;
#3323 = ADVANCED_FACE ( 'NONE', ( #205 ), #2397, .T. ) ;
#3324 = VERTEX_POINT ( 'NONE', #664 ) ;
#3325 = ORIENTED_EDGE ( 'NONE', *, *, #3517, .F. ) ;
#3326 = ORIENTED_EDGE ( 'NONE', *, *, #3295, .T. ) ;
#3327 = ORIENTED_EDGE ( 'NONE', *, *, #3106, .F. ) ;
#3328 = CARTESIAN_POINT ( 'NONE',  ( 15.61123455017299122, 3.208333333333332149, 1.049999999999999378 ) ) ;
#3329 = ORIENTED_EDGE ( 'NONE', *, *, #2708, .T. ) ;
#3330 = VERTEX_POINT ( 'NONE', #2932 ) ;
#3331 = DIRECTION ( 'NONE',  ( 0.0000000000000000000, 0.0000000000000000000, 1.000000000000000000 ) ) ;
#3332 = DIRECTION ( 'NONE',  ( 1.000000000000000000, 0.0000000000000000000, 0.0000000000000000000 ) ) ;
#3333 = LINE ( 'NONE', #726, #247 ) ;
#3334 = EDGE_CURVE ( 'NONE', #1618, #1439, #2126, .T. ) ;
#3335 = CARTESIAN_POINT ( 'NONE',  ( -13.65000000000000036, -8.694992273946207746E-16, 7.099999999999999645 ) ) ;
#3336 = LINE ( 'NONE', #3654, #950 ) ;
#3337 = AXIS2_PLACEMENT_3D ( 'NONE', #2959, #1573, #2408 ) ;
#3338 = LINE ( 'NONE', #1040, #1640 ) ;
#3339 = ADVANCED_FACE ( 'NONE', ( #2080, #2985 ), #342, .F. ) ;
#3340 = ORIENTED_EDGE ( 'NONE', *, *, #3638, .T. ) ;
#3341 = FACE_BOUND ( 'NONE', #2781, .T. ) ;
#3342 = CARTESIAN_POINT ( 'NONE',  ( 13.65000000000000036, 0.0000000000000000000, 0.0000000000000000000 ) ) ;
#3343 = EDGE_CURVE ( 'NONE', #2037, #1213, #2219, .T. ) ;
#3344 = CARTESIAN_POINT ( 'NONE',  ( 13.65000000000000036, -1.499999999999999334, -6.299999999999999822 ) ) ;
#3345 = VECTOR ( 'NONE', #2031, 1000.000000000000000 ) ;
#3346 = CARTESIAN_POINT ( 'NONE',  ( 25.50000000000000000, 3.499999999999999112, 1.049999999999999378 ) ) ;
#3347 = CIRCLE ( 'NONE', #1973, 1.500000000000000000 ) ;
#3348 = CARTESIAN_POINT ( 'NONE',  ( 15.54223521129946484, 3.499999999999999112, 0.3499999999999993672 ) ) ;
#3349 = CARTESIAN_POINT ( 'NONE',  ( -13.65000000000000036, 5.192611281496084530, -4.842188356443767994 ) ) ;
#3350 = VECTOR ( 'NONE', #446, 1000.000000000000000 ) ;
#3351 = DIRECTION ( 'NONE',  ( 0.0000000000000000000, -1.445602896647339311E-15, 1.000000000000000000 ) ) ;
#3352 = CARTESIAN_POINT ( 'NONE',  ( 23.99999999999999645, 1.999999999999999112, 1.049999999999999822 ) ) ;
#3353 = DIRECTION ( 'NONE',  ( 0.0000000000000000000, 0.0000000000000000000, 1.000000000000000000 ) ) ;
#3354 = CARTESIAN_POINT ( 'NONE',  ( -13.65000000000000036, 5.283624578056179466, -3.431225920594658252 ) ) ;
#3355 = EDGE_CURVE ( 'NONE', #1188, #1173, #1334, .T. ) ;
#3356 = DIRECTION ( 'NONE',  ( 0.0000000000000000000, 0.9702957262759974721, 0.2419218955996636222 ) ) ;
#3357 = LINE ( 'NONE', #2279, #3047 ) ;
#3358 = ORIENTED_EDGE ( 'NONE', *, *, #585, .F. ) ;
#3359 = ORIENTED_EDGE ( 'NONE', *, *, #350, .T. ) ;
#3360 = CARTESIAN_POINT ( 'NONE',  ( 13.65000000000000036, -4.700000000000001066, 7.099999999999999645 ) ) ;
#3361 = ORIENTED_EDGE ( 'NONE', *, *, #1876, .T. ) ;
#3362 = EDGE_CURVE ( 'NONE', #183, #713, #1649, .T. ) ;
#3363 = ORIENTED_EDGE ( 'NONE', *, *, #1726, .T. ) ;
#3364 = EDGE_LOOP ( 'NONE', ( #1781, #1489, #1400, #2641 ) ) ;
#3365 = DIRECTION ( 'NONE',  ( 0.0000000000000000000, -1.000000000000000000, 0.0000000000000000000 ) ) ;
#3366 = DIRECTION ( 'NONE',  ( 0.0000000000000000000, -0.9961946980917452121, 0.08715574274766178797 ) ) ;
#3367 = DIRECTION ( 'NONE',  ( 1.000000000000000000, 0.0000000000000000000, 0.0000000000000000000 ) ) ;
#3368 = ORIENTED_EDGE ( 'NONE', *, *, #1425, .T. ) ;
#3369 = CARTESIAN_POINT ( 'NONE',  ( 13.65000000000000036, -7.700000000000001066, -7.099999999999998757 ) ) ;
#3370 = ORIENTED_EDGE ( 'NONE', *, *, #1271, .F. ) ;
#3371 = PRODUCT_DEFINITION ( 'UNKNOWN', '', #1650, #2762 ) ;
#3372 = CARTESIAN_POINT ( 'NONE',  ( -14.65000000000000036, 0.9261120742306999665, -0.3930619222011832448 ) ) ;
#3373 = DIRECTION ( 'NONE',  ( 0.0000000000000000000, 1.000000000000000000, -1.126443815569355400E-16 ) ) ;
#3374 = ORIENTED_EDGE ( 'NONE', *, *, #2525, .T. ) ;
#3375 = VERTEX_POINT ( 'NONE', #942 ) ;
#3376 = CARTESIAN_POINT ( 'NONE',  ( 13.65000000000000036, -3.499999999999999112, -7.099999999999999645 ) ) ;
#3377 = VECTOR ( 'NONE', #530, 1000.000000000000000 ) ;
#3378 = CARTESIAN_POINT ( 'NONE',  ( -14.65000000000000036, 0.9578262852211514300, -0.2873478855663454956 ) ) ;
#3379 = FACE_BOUND ( 'NONE', #1398, .T. ) ;
#3380 = CARTESIAN_POINT ( 'NONE',  ( -13.65000000000000036, 2.311533896645817876, -6.713181886755148930 ) ) ;
#3381 = CARTESIAN_POINT ( 'NONE',  ( 3.650000000000000355, -5.100000000000001421, -7.099999999999999645 ) ) ;
#3383 = EDGE_CURVE ( 'NONE', #2957, #2833, #3602, .T. ) ;
#3382 = VECTOR ( 'NONE', #2138, 1000.000000000000000 ) ;
#3384 = PERSON_AND_ORGANIZATION ( #832, #202 ) ;
#3385 = VECTOR ( 'NONE', #2494, 1000.000000000000000 ) ;
#3386 = DIRECTION ( 'NONE',  ( 0.0000000000000000000, -1.000000000000000000, 1.084202172485502708E-16 ) ) ;
#3387 = CIRCLE ( 'NONE', #865, 1.500000000000000000 ) ;
#3388 = DIRECTION ( 'NONE',  ( 0.0000000000000000000, 0.4694715627858859208, 0.8829475928589295419 ) ) ;
#3389 = DIRECTION ( 'NONE',  ( 1.000000000000000000, -0.0000000000000000000, -0.0000000000000000000 ) ) ;
#3390 = DIRECTION ( 'NONE',  ( 0.0000000000000000000, 0.0000000000000000000, 1.000000000000000000 ) ) ;
#3391 = EDGE_CURVE ( 'NONE', #34, #2037, #871, .T. ) ;
#3392 = PLANE ( 'NONE',  #1611 ) ;
#3393 = VECTOR ( 'NONE', #502, 1000.000000000000000 ) ;
#3394 = DIRECTION ( 'NONE',  ( 0.0000000000000000000, 0.0000000000000000000, -1.000000000000000000 ) ) ;
#3395 = DIRECTION ( 'NONE',  ( 0.0000000000000000000, 0.0000000000000000000, -1.000000000000000000 ) ) ;
#3396 = LINE ( 'NONE', #104, #2089 ) ;
#3397 = ORIENTED_EDGE ( 'NONE', *, *, #1337, .T. ) ;
#3398 = DIRECTION ( 'NONE',  ( 0.0000000000000000000, -1.000000000000000000, 0.0000000000000000000 ) ) ;
#3399 = ORIENTED_EDGE ( 'NONE', *, *, #1596, .T. ) ;
#3400 = DIRECTION ( 'NONE',  ( -0.0000000000000000000, -2.710505431213763057E-16, 1.000000000000000000 ) ) ;
#3401 = ORIENTED_EDGE ( 'NONE', *, *, #3610, .T. ) ;
#3402 = ORIENTED_EDGE ( 'NONE', *, *, #2116, .F. ) ;
#3403 = AXIS2_PLACEMENT_3D ( 'NONE', #2198, #768, #1671 ) ;
#3404 = CARTESIAN_POINT ( 'NONE',  ( -14.65000000000000036, 0.9578262852211514300, 0.2873478855663453846 ) ) ;
#3405 = VERTEX_POINT ( 'NONE', #3261 ) ;
#3406 = VERTEX_POINT ( 'NONE', #918 ) ;
#3407 = CARTESIAN_POINT ( 'NONE',  ( -13.65000000000000036, -2.699999999999999289, -7.100000000000001421 ) ) ;
#3408 = CARTESIAN_POINT ( 'NONE',  ( 16.65000000000001279, 1.458333333333332815, -1.050000000000001377 ) ) ;
#3409 = EDGE_CURVE ( 'NONE', #2648, #3573, #786, .T. ) ;
#3410 = ORIENTED_EDGE ( 'NONE', *, *, #617, .T. ) ;
#3411 = ORIENTED_EDGE ( 'NONE', *, *, #2839, .T. ) ;
#3412 = DIRECTION ( 'NONE',  ( 0.0000000000000000000, 0.0000000000000000000, -1.000000000000000000 ) ) ;
#3413 = ORIENTED_EDGE ( 'NONE', *, *, #982, .F. ) ;
#3414 = ORIENTED_EDGE ( 'NONE', *, *, #464, .F. ) ;
#3415 = CARTESIAN_POINT ( 'NONE',  ( -14.65000000000000924, -0.8286402927889495729, -0.5877750263423308086 ) ) ;
#3416 = CARTESIAN_POINT ( 'NONE',  ( 16.64999999999999858, 3.499999999999999112, 1.049999999999999378 ) ) ;
#3417 = VECTOR ( 'NONE', #3520, 1000.000000000000000 ) ;
#3418 = DIRECTION ( 'NONE',  ( 0.0000000000000000000, 0.7313537016191672402, 0.6819983600625019182 ) ) ;
#3419 = FACE_OUTER_BOUND ( 'NONE', #2874, .T. ) ;
#3420 = DATE_AND_TIME ( #1232, #1144 ) ;
#3421 = LINE ( 'NONE', #3276, #98 ) ;
#3422 = VERTEX_POINT ( 'NONE', #2452 ) ;
#3423 = APPROVAL_PERSON_ORGANIZATION ( #474, #675, #1126 ) ;
#3424 = EDGE_CURVE ( 'NONE', #362, #2879, #649, .T. ) ;
#3425 = ADVANCED_FACE ( 'NONE', ( #2000 ), #1468, .F. ) ;
#3426 = CARTESIAN_POINT ( 'NONE',  ( -14.65000000000003233, 0.8286028721011567955, -0.5877631916096741627 ) ) ;
#3427 = DIRECTION ( 'NONE',  ( 1.000000000000000000, 0.0000000000000000000, 0.0000000000000000000 ) ) ;
#3428 = CARTESIAN_POINT ( 'NONE',  ( -13.65000000000000036, 0.0000000000000000000, 0.0000000000000000000 ) ) ;
#3429 = FACE_OUTER_BOUND ( 'NONE', #2148, .T. ) ;
#3430 = EDGE_CURVE ( 'NONE', #181, #1408, #2044, .T. ) ;
#3431 = AXIS2_PLACEMENT_3D ( 'NONE', #790, #236, #1918 ) ;
#3432 = DIRECTION ( 'NONE',  ( -1.000000000000000000, 0.0000000000000000000, 0.0000000000000000000 ) ) ;
#3433 = VECTOR ( 'NONE', #2942, 1000.000000000000000 ) ;
#3434 = DIRECTION ( 'NONE',  ( 1.257045997084642858E-16, 0.0000000000000000000, -1.000000000000000000 ) ) ;
#3435 = VECTOR ( 'NONE', #3018, 1000.000000000000000 ) ;
#3436 = DIRECTION ( 'NONE',  ( -1.000000000000000000, 0.0000000000000000000, 0.0000000000000000000 ) ) ;
#3437 = DIRECTION ( 'NONE',  ( 0.0000000000000000000, 0.3255681544571570329, -0.9455185755993167351 ) ) ;
#3438 = EDGE_LOOP ( 'NONE', ( #2556, #2754, #2107, #493 ) ) ;
#3439 = CARTESIAN_POINT ( 'NONE',  ( -15.75776478870053232, 0.9578262852211514300, -0.2873478855663454956 ) ) ;
#3440 = CC_DESIGN_APPROVAL ( #3579, ( #2537 ) ) ;
#3441 = PLANE ( 'NONE',  #317 ) ;
#3442 = VECTOR ( 'NONE', #2966, 1000.000000000000000 ) ;
#3443 = ORIENTED_EDGE ( 'NONE', *, *, #3383, .T. ) ;
#3444 = ORIENTED_EDGE ( 'NONE', *, *, #1397, .F. ) ;
#3445 = EDGE_CURVE ( 'NONE', #1310, #582, #574, .T. ) ;
#3446 = ORIENTED_EDGE ( 'NONE', *, *, #1772, .F. ) ;
#3447 = ADVANCED_FACE ( 'NONE', ( #20 ), #3594, .F. ) ;
#3448 = EDGE_LOOP ( 'NONE', ( #2650, #3296, #1449, #3690 ) ) ;
#3449 = DIRECTION ( 'NONE',  ( 0.0000000000000000000, 0.0000000000000000000, -1.000000000000000000 ) ) ;
#3450 = ORIENTED_EDGE ( 'NONE', *, *, #1944, .T. ) ;
#3451 = DIRECTION ( 'NONE',  ( 0.0000000000000000000, 9.293161478447179278E-17, 1.000000000000000000 ) ) ;
#3452 = VERTEX_POINT ( 'NONE', #423 ) ;
#3453 = ORIENTED_EDGE ( 'NONE', *, *, #3642, .T. ) ;
#3454 = AXIS2_PLACEMENT_3D ( 'NONE', #3460, #320, #611 ) ;
#3455 = DIRECTION ( 'NONE',  ( 1.000000000000000000, -0.0000000000000000000, -0.0000000000000000000 ) ) ;
#3456 = ORIENTED_EDGE ( 'NONE', *, *, #1519, .T. ) ;
#3457 = ORIENTED_EDGE ( 'NONE', *, *, #3391, .T. ) ;
#3458 = EDGE_CURVE ( 'NONE', #1570, #1315, #2803, .T. ) ;
#3459 = LINE ( 'NONE', #2940, #816 ) ;
#3460 = CARTESIAN_POINT ( 'NONE',  ( -3.650000000000001243, -5.100000000000001421, 14.00000000000000000 ) ) ;
#3461 = CARTESIAN_POINT ( 'NONE',  ( 15.75776478870053232, -0.9578262852211514300, 0.2873478855663449405 ) ) ;
#3462 = VECTOR ( 'NONE', #3063, 1000.000000000000000 ) ;
#3463 = DIRECTION ( 'NONE',  ( 0.0000000000000000000, 0.0000000000000000000, -1.000000000000000000 ) ) ;
#3464 = CARTESIAN_POINT ( 'NONE',  ( -13.65000000000000036, -4.699999999999999289, -7.100000000000001421 ) ) ;
#3465 = LINE ( 'NONE', #3344, #373 ) ;
#3466 = ADVANCED_FACE ( 'NONE', ( #3245 ), #1280, .F. ) ;
#3468 = EDGE_CURVE ( 'NONE', #878, #589, #2620, .T. ) ;
#3467 = FACE_OUTER_BOUND ( 'NONE', #1225, .T. ) ;
#3469 = LINE ( 'NONE', #244, #2309 ) ;
#3470 = DIRECTION ( 'NONE',  ( 0.0000000000000000000, 0.8386705679454259377, 0.5446390350150240867 ) ) ;
#3471 = APPLICATION_CONTEXT ( 'configuration controlled 3d designs of mechanical parts and assemblies' ) ;
#3472 = AXIS2_PLACEMENT_3D ( 'NONE', #1012, #2749, #1321 ) ;
#3473 = VECTOR ( 'NONE', #2805, 1000.000000000000000 ) ;
#3474 = DIRECTION ( 'NONE',  ( 1.000000000000000000, 0.0000000000000000000, -0.0000000000000000000 ) ) ;
#3475 = CARTESIAN_POINT ( 'NONE',  ( 21.50000000000000000, 0.0000000000000000000, -1.050000000000000488 ) ) ;
#3476 = PLANE ( 'NONE',  #2787 ) ;
#3477 = FACE_OUTER_BOUND ( 'NONE', #1363, .T. ) ;
#3478 = EDGE_CURVE ( 'NONE', #2519, #3185, #867, .T. ) ;
#3479 = CARTESIAN_POINT ( 'NONE',  ( -15.54223521129946306, -3.500000000000000888, 1.050000000000000266 ) ) ;
#3480 = VECTOR ( 'NONE', #3228, 1000.000000000000000 ) ;
#3481 = CARTESIAN_POINT ( 'NONE',  ( 9.150000000000000355, -7.700000000000001066, -9.900000000000000355 ) ) ;
#3482 = DATE_TIME_ROLE ( 'creation_date' ) ;
#3483 = DIRECTION ( 'NONE',  ( 1.000000000000000000, 0.0000000000000000000, 0.0000000000000000000 ) ) ;
#3484 = CARTESIAN_POINT ( 'NONE',  ( -13.64999999999999858, -5.100000000000001421, 14.00000000000000000 ) ) ;
#3485 = ORIENTED_EDGE ( 'NONE', *, *, #831, .F. ) ;
#3486 = ORIENTED_EDGE ( 'NONE', *, *, #738, .T. ) ;
#3487 = ORIENTED_EDGE ( 'NONE', *, *, #1231, .F. ) ;
#3488 = CARTESIAN_POINT ( 'NONE',  ( -13.65000000000000036, 0.0000000000000000000, 0.0000000000000000000 ) ) ;
#3489 = ORIENTED_EDGE ( 'NONE', *, *, #668, .F. ) ;
#3490 = ORIENTED_EDGE ( 'NONE', *, *, #2478, .F. ) ;
#3491 = EDGE_CURVE ( 'NONE', #33, #348, #1997, .T. ) ;
#3492 = ORIENTED_EDGE ( 'NONE', *, *, #600, .F. ) ;
#3493 = ORIENTED_EDGE ( 'NONE', *, *, #2938, .T. ) ;
#3494 = DIRECTION ( 'NONE',  ( -0.0000000000000000000, 1.000000000000000000, -0.0000000000000000000 ) ) ;
#3495 = VECTOR ( 'NONE', #901, 1000.000000000000000 ) ;
#3496 = CARTESIAN_POINT ( 'NONE',  ( 13.65000000000000036, -4.700000000000001066, 6.299999999999999822 ) ) ;
#3497 = EDGE_LOOP ( 'NONE', ( #3536, #2196, #3137, #3368 ) ) ;
#3498 = CARTESIAN_POINT ( 'NONE',  ( 3.650000000000001243, -5.100000000000001421, -14.00000000000000000 ) ) ;
#3499 = ADVANCED_FACE ( 'NONE', ( #3073 ), #828, .T. ) ;
#3500 = VECTOR ( 'NONE', #1819, 1000.000000000000000 ) ;
#3501 = DIRECTION ( 'NONE',  ( -1.000000000000000000, 0.0000000000000000000, -0.0000000000000000000 ) ) ;
#3502 = FACE_OUTER_BOUND ( 'NONE', #405, .T. ) ;
#3503 = VECTOR ( 'NONE', #2777, 1000.000000000000000 ) ;
#3504 = PLANE ( 'NONE',  #2742 ) ;
#3505 = VERTEX_POINT ( 'NONE', #127 ) ;
#3506 = CARTESIAN_POINT ( 'NONE',  ( -32.80821455623738814, -3.500000000000000888, -1.050000000000000044 ) ) ;
#3507 = FACE_OUTER_BOUND ( 'NONE', #2017, .T. ) ;
#3508 = VECTOR ( 'NONE', #968, 1000.000000000000114 ) ;
#3509 = EDGE_CURVE ( 'NONE', #2909, #1458, #1509, .T. ) ;
#3510 = DIRECTION ( 'NONE',  ( -0.0000000000000000000, 1.000000000000000000, -0.0000000000000000000 ) ) ;
#3511 = CARTESIAN_POINT ( 'NONE',  ( 14.65000000000000036, -1.224646799147353207E-16, 1.000000000000000000 ) ) ;
#3512 = VECTOR ( 'NONE', #1658, 999.9999999999998863 ) ;
#3513 = ADVANCED_FACE ( 'NONE', ( #3341, #1548, #3507 ), #142, .F. ) ;
#3514 = CARTESIAN_POINT ( 'NONE',  ( -13.65000000000000036, 2.957670845551079619, -5.562569835011258235 ) ) ;
#3515 = DIRECTION ( 'NONE',  ( 0.0000000000000000000, 0.7313537016191659079, -0.6819983600625032505 ) ) ;
#3516 = PLANE ( 'NONE',  #1917 ) ;
#3517 = EDGE_CURVE ( 'NONE', #1353, #3667, #2352, .T. ) ;
#3518 = ORIENTED_EDGE ( 'NONE', *, *, #1411, .T. ) ;
#3519 = AXIS2_PLACEMENT_3D ( 'NONE', #1563, #703, #1303 ) ;
#3520 = DIRECTION ( 'NONE',  ( 1.000000000000000000, -0.0000000000000000000, 0.0000000000000000000 ) ) ;
#3521 = DIRECTION ( 'NONE',  ( 1.000000000000000000, -0.0000000000000000000, 0.0000000000000000000 ) ) ;
#3522 = CARTESIAN_POINT ( 'NONE',  ( 14.65000000000000036, 0.9578262852211514300, 0.2873478855663453846 ) ) ;
#3523 = CIRCLE ( 'NONE', #1053, 6.299999999999999822 ) ;
#3524 = ORIENTED_EDGE ( 'NONE', *, *, #1022, .F. ) ;
#3525 = ORIENTED_EDGE ( 'NONE', *, *, #66, .F. ) ;
#3526 = ORIENTED_EDGE ( 'NONE', *, *, #82, .T. ) ;
#3527 = DIRECTION ( 'NONE',  ( 0.0000000000000000000, 0.6156614753256604011, 0.7880107536067203489 ) ) ;
#3528 = ORIENTED_EDGE ( 'NONE', *, *, #504, .F. ) ;
#3529 = CARTESIAN_POINT ( 'NONE',  ( -15.54223521129946484, -3.500000000000000888, 1.050000000000000266 ) ) ;
#3530 = ORIENTED_EDGE ( 'NONE', *, *, #3343, .F. ) ;
#3531 = ADVANCED_FACE ( 'NONE', ( #571 ), #1768, .F. ) ;
#3532 = ORIENTED_EDGE ( 'NONE', *, *, #1037, .T. ) ;
#3533 = ORIENTED_EDGE ( 'NONE', *, *, #265, .T. ) ;
#3534 = CARTESIAN_POINT ( 'NONE',  ( 14.65000000000000036, -0.9578262852211514300, -0.2873478855663452736 ) ) ;
#3535 = DIRECTION ( 'NONE',  ( -0.0000000000000000000, 1.000000000000000000, -0.0000000000000000000 ) ) ;
#3536 = ORIENTED_EDGE ( 'NONE', *, *, #3478, .F. ) ;
#3537 = EDGE_LOOP ( 'NONE', ( #2103, #3179 ) ) ;
#3538 = AXIS2_PLACEMENT_3D ( 'NONE', #1529, #643, #1216 ) ;
#3539 = CARTESIAN_POINT ( 'NONE',  ( -3.650000000000001243, -5.100000000000001421, 14.00000000000000000 ) ) ;
#3540 = CARTESIAN_POINT ( 'NONE',  ( -13.65000000000000036, 6.486172749262453685, -2.887830165838211283 ) ) ;
#3541 = VECTOR ( 'NONE', #1218, 1000.000000000000000 ) ;
#3542 = DIRECTION ( 'NONE',  ( 0.0000000000000000000, 0.9135454576425992013, 0.4067366430758037610 ) ) ;
#3543 = EDGE_CURVE ( 'NONE', #1360, #1618, #780, .T. ) ;
#3544 = AXIS2_PLACEMENT_3D ( 'NONE', #19, #920, #40 ) ;
#3545 = CARTESIAN_POINT ( 'NONE',  ( -13.65000000000000036, -1.499999999999999334, -6.299999999999999822 ) ) ;
#3546 = VECTOR ( 'NONE', #2998, 1000.000000000000000 ) ;
#3547 = LINE ( 'NONE', #110, #2303 ) ;
#3548 = CARTESIAN_POINT ( 'NONE',  ( 14.65000000000000924, -0.8286402927889495729, -0.5877750263423308086 ) ) ;
#3549 = CARTESIAN_POINT ( 'NONE',  ( -16.64999999999997726, -1.734723475976807094E-15, 1.049999999999997602 ) ) ;
#3550 = DIRECTION ( 'NONE',  ( 1.000000000000000000, 0.0000000000000000000, -0.0000000000000000000 ) ) ;
#3551 = CARTESIAN_POINT ( 'NONE',  ( 15.36906126206691248, -0.5357214042269845544, 0.8912940264597080109 ) ) ;
#3552 = CIRCLE ( 'NONE', #3660, 2.000000000000003109 ) ;
#3553 = ADVANCED_FACE ( 'NONE', ( #2580 ), #60, .F. ) ;
#3554 = VECTOR ( 'NONE', #2707, 1000.000000000000000 ) ;
#3555 = CARTESIAN_POINT ( 'NONE',  ( -13.65000000000000036, -3.499999999999999556, -6.299999999999999822 ) ) ;
#3556 = DIRECTION ( 'NONE',  ( -0.0000000000000000000, -9.293161478447179278E-17, -1.000000000000000000 ) ) ;
#3557 = CARTESIAN_POINT ( 'NONE',  ( 13.65000000000000036, 0.9855371297534137875, -6.222436545749372883 ) ) ;
#3558 = DIRECTION ( 'NONE',  ( 0.0000000000000000000, 0.0000000000000000000, 1.000000000000000000 ) ) ;
#3559 = LINE ( 'NONE', #734, #208 ) ;
#3560 = EDGE_CURVE ( 'NONE', #1922, #2012, #2540, .T. ) ;
#3561 = CARTESIAN_POINT ( 'NONE',  ( -14.64999999999997549, -0.5357214042269845544, 0.8912940264597080109 ) ) ;
#3562 = CYLINDRICAL_SURFACE ( 'NONE', #1826, 7.099999999999999645 ) ;
#3563 = DIRECTION ( 'NONE',  ( -1.000000000000000000, 0.0000000000000000000, 0.0000000000000000000 ) ) ;
#3564 = EDGE_LOOP ( 'NONE', ( #980, #283, #1667, #2330 ) ) ;
#3565 = EDGE_CURVE ( 'NONE', #1133, #2728, #2268, .T. ) ;
#3566 = CARTESIAN_POINT ( 'NONE',  ( 13.65000000000000036, 0.0000000000000000000, 0.0000000000000000000 ) ) ;
#3567 = DIRECTION ( 'NONE',  ( 0.0000000000000000000, 0.0000000000000000000, -1.000000000000000000 ) ) ;
#3568 = ORIENTED_EDGE ( 'NONE', *, *, #1176, .F. ) ;
#3569 = CARTESIAN_POINT ( 'NONE',  ( 14.65000000000000036, -0.9578262852211514300, -0.2873478855663452736 ) ) ;
#3570 = DIRECTION ( 'NONE',  ( -0.0000000000000000000, 1.000000000000000000, -0.0000000000000000000 ) ) ;
#3571 = ADVANCED_FACE ( 'NONE', ( #1693 ), #2197, .F. ) ;
#3572 = EDGE_CURVE ( 'NONE', #584, #3236, #337, .T. ) ;
#3573 = VERTEX_POINT ( 'NONE', #2492 ) ;
#3574 = DIRECTION ( 'NONE',  ( 0.0000000000000000000, 0.0000000000000000000, 1.000000000000000000 ) ) ;
#3575 = VERTEX_POINT ( 'NONE', #2532 ) ;
#3576 = VERTEX_POINT ( 'NONE', #2774 ) ;
#3577 = VERTEX_POINT ( 'NONE', #499 ) ;
#3578 = DIRECTION ( 'NONE',  ( 0.0000000000000000000, 0.5446390350150240867, -0.8386705679454259377 ) ) ;
#3579 = APPROVAL ( #1770, 'UNSPECIFIED' ) ;
#3580 = EDGE_LOOP ( 'NONE', ( #1215, #2013, #2146, #81 ) ) ;
#3581 = EDGE_LOOP ( 'NONE', ( #673, #2320, #1536, #3359, #5, #3411, #365, #1746, #2538, #1414, #756, #1364, #1837, #332, #186, #3340, #1136, #1075, #1077, #3624, #2097, #1713, #2744, #2021, #357, #128, #2601, #1668, #2323, #2345, #218, #989, #3666, #3, #2149, #2681, #3107, #932, #1916, #1248, #593, #1926, #1032, #3632, #3661, #892, #2564, #37, #594, #801, #462, #92, #3675, #3443, #2645, #850, #1465, #1522, #124, #2740 ) ) ;
#3582 = DIRECTION ( 'NONE',  ( -0.0000000000000000000, 1.000000000000000000, 0.0000000000000000000 ) ) ;
#3583 = PLANE ( 'NONE',  #3025 ) ;
#3584 = ORIENTED_EDGE ( 'NONE', *, *, #1895, .F. ) ;
#3585 = CARTESIAN_POINT ( 'NONE',  ( 16.64999999999999858, -3.500000000000000888, -1.050000000000000044 ) ) ;
#3586 = ORIENTED_EDGE ( 'NONE', *, *, #2548, .T. ) ;
#3587 = FACE_OUTER_BOUND ( 'NONE', #1258, .T. ) ;
#3588 = ORIENTED_EDGE ( 'NONE', *, *, #2419, .T. ) ;
#3589 = CARTESIAN_POINT ( 'NONE',  ( -15.28206846113487494, 0.0001038342415707847743, 1.073273640095047332 ) ) ;
#3591 = AXIS2_PLACEMENT_3D ( 'NONE', #3481, #1513, #48 ) ;
#3590 = LINE ( 'NONE', #1118, #1501 ) ;
#3592 = ADVANCED_FACE ( 'NONE', ( #1816 ), #1057, .F. ) ;
#3593 = VECTOR ( 'NONE', #3050, 1000.000000000000000 ) ;
#3594 = PLANE ( 'NONE',  #3519 ) ;
#3595 = CARTESIAN_POINT ( 'NONE',  ( 13.65000000000000036, 0.0000000000000000000, 0.0000000000000000000 ) ) ;
#3596 = EDGE_CURVE ( 'NONE', #3155, #1630, #1101, .T. ) ;
#3597 = AXIS2_PLACEMENT_3D ( 'NONE', #2885, #302, #1743 ) ;
#3598 = CARTESIAN_POINT ( 'NONE',  ( 14.65000000000000036, -0.9578262852211514300, 0.2873478855663449405 ) ) ;
#3599 = FACE_OUTER_BOUND ( 'NONE', #2686, .T. ) ;
#3600 = CARTESIAN_POINT ( 'NONE',  ( -13.65000000000000036, -3.499999999999999112, -7.099999999999999645 ) ) ;
#3601 = CARTESIAN_POINT ( 'NONE',  ( 13.65000000000000036, -3.499999999999999556, -6.299999999999999822 ) ) ;
#3602 = LINE ( 'NONE', #2348, #2851 ) ;
#3603 = DIRECTION ( 'NONE',  ( 0.0000000000000000000, 0.4694715627858844220, -0.8829475928589303191 ) ) ;
#3604 = VECTOR ( 'NONE', #2508, 1000.000000000000227 ) ;
#3605 = DIRECTION ( 'NONE',  ( 1.000000000000000000, 0.0000000000000000000, 0.0000000000000000000 ) ) ;
#3606 = DIRECTION ( 'NONE',  ( 1.000000000000000000, 0.0000000000000000000, -0.0000000000000000000 ) ) ;
#3607 = ADVANCED_FACE ( 'NONE', ( #258, #3029 ), #1369, .F. ) ;
#3608 = VECTOR ( 'NONE', #1869, 1000.000000000000000 ) ;
#3609 = CARTESIAN_POINT ( 'NONE',  ( -13.65000000000000036, 5.283624578056178578, 3.431225920594658252 ) ) ;
#3610 = EDGE_CURVE ( 'NONE', #1741, #500, #3387, .T. ) ;
#3611 = CARTESIAN_POINT ( 'NONE',  ( -13.65000000000000036, 0.0000000000000000000, 0.0000000000000000000 ) ) ;
#3612 = CARTESIAN_POINT ( 'NONE',  ( 11.65000000000000036, 0.0000000000000000000, -1.000000000000000000 ) ) ;
#3613 = EDGE_LOOP ( 'NONE', ( #2199, #1928, #2336, #2737 ) ) ;
#3614 = ORIENTED_EDGE ( 'NONE', *, *, #3468, .F. ) ;
#3615 = EDGE_CURVE ( 'NONE', #2687, #3626, #3210, .T. ) ;
#3616 = ORIENTED_EDGE ( 'NONE', *, *, #719, .F. ) ;
#3617 = CARTESIAN_POINT ( 'NONE',  ( 13.65000000000000036, -8.694992273946207746E-16, 7.099999999999999645 ) ) ;
#3618 = FACE_OUTER_BOUND ( 'NONE', #2371, .T. ) ;
#3619 = DIRECTION ( 'NONE',  ( 0.0000000000000000000, 0.0000000000000000000, 1.000000000000000000 ) ) ;
#3620 = ORIENTED_EDGE ( 'NONE', *, *, #910, .F. ) ;
#3621 = ORIENTED_EDGE ( 'NONE', *, *, #2175, .T. ) ;
#3622 = DIRECTION ( 'NONE',  ( 0.0000000000000000000, -1.000000000000000000, 1.084202172485502708E-16 ) ) ;
#3623 = ORIENTED_EDGE ( 'NONE', *, *, #438, .T. ) ;
#3624 = ORIENTED_EDGE ( 'NONE', *, *, #604, .T. ) ;
#3625 = CARTESIAN_POINT ( 'NONE',  ( -14.65000000000000036, 0.9578262852211513190, -0.2873478855663454956 ) ) ;
#3626 = VERTEX_POINT ( 'NONE', #1947 ) ;
#3627 = VERTEX_POINT ( 'NONE', #2232 ) ;
#3628 = CARTESIAN_POINT ( 'NONE',  ( -13.65000000000000036, 0.0000000000000000000, 0.0000000000000000000 ) ) ;
#3629 = ORIENTED_EDGE ( 'NONE', *, *, #2619, .F. ) ;
#3630 = ORIENTED_EDGE ( 'NONE', *, *, #1912, .T. ) ;
#3631 = DIRECTION ( 'NONE',  ( 1.000000000000000000, -0.0000000000000000000, -0.0000000000000000000 ) ) ;
#3632 = ORIENTED_EDGE ( 'NONE', *, *, #2741, .T. ) ;
#3633 = ORIENTED_EDGE ( 'NONE', *, *, #3071, .T. ) ;
#3634 = DIRECTION ( 'NONE',  ( -0.0000000000000000000, 0.0000000000000000000, 1.000000000000000000 ) ) ;
#3635 = CARTESIAN_POINT ( 'NONE',  ( -13.65000000000000036, 1.626303258728256651E-15, -6.299999999999999822 ) ) ;
#3636 = DIRECTION ( 'NONE',  ( 1.000000000000000000, 0.0000000000000000000, 0.0000000000000000000 ) ) ;
#3637 = VECTOR ( 'NONE', #3470, 1000.000000000000000 ) ;
#3638 = EDGE_CURVE ( 'NONE', #1676, #1173, #1644, .T. ) ;
#3639 = DIRECTION ( 'NONE',  ( 0.0000000000000000000, 0.0000000000000000000, 1.000000000000000000 ) ) ;
#3640 = VECTOR ( 'NONE', #2283, 1000.000000000000000 ) ;
#3641 = CARTESIAN_POINT ( 'NONE',  ( 23.99999999999999645, -3.500000000000000888, -1.050000000000000044 ) ) ;
#3642 = EDGE_CURVE ( 'NONE', #3055, #4, #2491, .T. ) ;
#3643 = DIRECTION ( 'NONE',  ( 0.0000000000000000000, 0.0000000000000000000, -1.000000000000000000 ) ) ;
#3644 = VECTOR ( 'NONE', #3550, 1000.000000000000000 ) ;
#3645 = COORDINATED_UNIVERSAL_TIME_OFFSET ( 0, 0, .AHEAD. ) ;
#3646 = DIRECTION ( 'NONE',  ( -1.000000000000000000, -0.0000000000000000000, -0.0000000000000000000 ) ) ;
#3647 = LINE ( 'NONE', #1100, #1099 ) ;
#3648 = DIRECTION ( 'NONE',  ( 0.0000000000000000000, -0.3255681544571573105, -0.9455185755993166241 ) ) ;
#3649 = AXIS2_PLACEMENT_3D ( 'NONE', #2965, #369, #630 ) ;
#3650 = DIRECTION ( 'NONE',  ( 0.0000000000000000000, 0.0000000000000000000, -1.000000000000000000 ) ) ;
#3651 = CYLINDRICAL_SURFACE ( 'NONE', #2552, 4.599999999999999645 ) ;
#3652 = DIRECTION ( 'NONE',  ( 0.0000000000000000000, -1.000000000000000000, -1.445602896647339311E-15 ) ) ;
#3653 = CIRCLE ( 'NONE', #3010, 6.300000000000000711 ) ;
#3654 = CARTESIAN_POINT ( 'NONE',  ( -14.65000000000000036, 1.224646799147353207E-16, 1.000000000000000000 ) ) ;
#3655 = FACE_OUTER_BOUND ( 'NONE', #2106, .T. ) ;
#3656 = DIRECTION ( 'NONE',  ( 0.0000000000000000000, 0.1564344650402247072, 0.9876883405951386585 ) ) ;
#3657 = CARTESIAN_POINT ( 'NONE',  ( -14.65000000000000036, 0.0000000000000000000, 0.0000000000000000000 ) ) ;
#3658 = CARTESIAN_POINT ( 'NONE',  ( -16.65000000000000924, -1.458333333333334814, -1.050000000000000488 ) ) ;
#3659 = VERTEX_POINT ( 'NONE', #2482 ) ;
#3660 = AXIS2_PLACEMENT_3D ( 'NONE', #3294, #2443, #1579 ) ;
#3661 = ORIENTED_EDGE ( 'NONE', *, *, #485, .F. ) ;
#3662 = EDGE_LOOP ( 'NONE', ( #2056, #3526, #3493, #978 ) ) ;
#3663 = CARTESIAN_POINT ( 'NONE',  ( 13.65000000000000036, 1.110684701785592310, -7.012587218225485586 ) ) ;
#3664 = ORIENTED_EDGE ( 'NONE', *, *, #2433, .T. ) ;
#3665 = EDGE_CURVE ( 'NONE', #3626, #2030, #1598, .T. ) ;
#3666 = ORIENTED_EDGE ( 'NONE', *, *, #3702, .F. ) ;
#3667 = VERTEX_POINT ( 'NONE', #618 ) ;
#3668 = PERSON_AND_ORGANIZATION_ROLE ( 'creator' ) ;
#3669 = ORIENTED_EDGE ( 'NONE', *, *, #2653, .T. ) ;
#3670 = CARTESIAN_POINT ( 'NONE',  ( 13.65000000000000036, 2.957670845551079619, -5.562569835011258235 ) ) ;
#3671 = ORIENTED_EDGE ( 'NONE', *, *, #1565, .F. ) ;
#3672 = CARTESIAN_POINT ( 'NONE',  ( 13.65000000000000036, 5.283624578056179466, -3.431225920594658252 ) ) ;
#3673 = DIRECTION ( 'NONE',  ( 1.000000000000000000, 0.0000000000000000000, 0.0000000000000000000 ) ) ;
#3674 = EDGE_LOOP ( 'NONE', ( #1304, #2028 ) ) ;
#3675 = ORIENTED_EDGE ( 'NONE', *, *, #1734, .F. ) ;
#3676 = ORIENTED_EDGE ( 'NONE', *, *, #265, .F. ) ;
#3677 = DIRECTION ( 'NONE',  ( 0.0000000000000000000, -2.710505431213763057E-16, 1.000000000000000000 ) ) ;
#3678 = ORIENTED_EDGE ( 'NONE', *, *, #167, .F. ) ;
#3679 = FACE_OUTER_BOUND ( 'NONE', #1307, .T. ) ;
#3680 = ORIENTED_EDGE ( 'NONE', *, *, #3424, .T. ) ;
#3681 = FACE_OUTER_BOUND ( 'NONE', #840, .T. ) ;
#3682 = CARTESIAN_POINT ( 'NONE',  ( 0.0000000000000000000, 0.0000000000000000000, 0.0000000000000000000 ) ) ;
#3684 = EDGE_CURVE ( 'NONE', #639, #2240, #156, .T. ) ;
#3683 = LINE ( 'NONE', #2790, #148 ) ;
#3685 = CARTESIAN_POINT ( 'NONE',  ( -15.54223521129946306, -3.500000000000000888, -1.050000000000000044 ) ) ;
#3686 = CARTESIAN_POINT ( 'NONE',  ( 13.65000000000000036, -8.694992273946207746E-16, 7.099999999999999645 ) ) ;
#3687 = APPROVAL_DATE_TIME ( #2304, #675 ) ;
#3688 = CIRCLE ( 'NONE', #2449, 7.099999999999999645 ) ;
#3689 = EDGE_CURVE ( 'NONE', #2012, #1922, #737, .T. ) ;
#3690 = ORIENTED_EDGE ( 'NONE', *, *, #16, .F. ) ;
#3691 = AXIS2_PLACEMENT_3D ( 'NONE', #2688, #974, #2380 ) ;
#3692 = VECTOR ( 'NONE', #512, 1000.000000000000000 ) ;
#3693 = CARTESIAN_POINT ( 'NONE',  ( 16.64999999999999858, 3.499999999999999112, -1.050000000000000488 ) ) ;
#3694 = DATE_TIME_ROLE ( 'classification_date' ) ;
#3695 = VECTOR ( 'NONE', #1552, 1000.000000000000000 ) ;
#3696 = VECTOR ( 'NONE', #1080, 1000.000000000000000 ) ;
#3697 = CARTESIAN_POINT ( 'NONE',  ( -16.64999999999999858, -3.500000000000000888, -1.050000000000000044 ) ) ;
#3698 = CARTESIAN_POINT ( 'NONE',  ( -14.65000000000000036, 1.014055973780548126, 0.09991559036835628849 ) ) ;
#3699 = VECTOR ( 'NONE', #882, 999.9999999999998863 ) ;
#3700 = DIRECTION ( 'NONE',  ( 0.0000000000000000000, 0.0000000000000000000, -1.000000000000000000 ) ) ;
#3701 = DIRECTION ( 'NONE',  ( 0.0000000000000000000, 0.0000000000000000000, 1.000000000000000000 ) ) ;
#3702 = EDGE_CURVE ( 'NONE', #1115, #507, #15, .T. ) ;
#3703 = EDGE_LOOP ( 'NONE', ( #2906, #3402, #3486, #712 ) ) ;
#3704 = FACE_OUTER_BOUND ( 'NONE', #1620, .T. ) ;
#3705 = CARTESIAN_POINT ( 'NONE',  ( 26.66076477383247934, 5.633375276077824112E-16, -4.599999999999999645 ) ) ;
#3706 = ORIENTED_EDGE ( 'NONE', *, *, #1921, .F. ) ;
#3707 = CARTESIAN_POINT ( 'NONE',  ( 11.65000000000000036, 0.0000000000000000000, 0.0000000000000000000 ) ) ;
#3708 = VERTEX_POINT ( 'NONE', #2842 ) ;
#3709 = AXIS2_PLACEMENT_3D ( 'NONE', #925, #1185, #2596 ) ;
#3710 = DIRECTION ( 'NONE',  ( 1.000000000000000000, 0.0000000000000000000, 0.0000000000000000000 ) ) ;
#3711 = CARTESIAN_POINT ( 'NONE',  ( -23.99999999999999645, -3.500000000000000888, -1.050000000000000044 ) ) ;
#3712 = VERTEX_POINT ( 'NONE', #2621 ) ;
#3713 = ORIENTED_EDGE ( 'NONE', *, *, #3177, .T. ) ;
ENDSEC;
END-ISO-10303-21;
