ISO-10303-21;
HEADER;
FILE_DESCRIPTION (( 'STEP AP203' ),
    '1' );
FILE_NAME ('WH25.STEP',
    '2015-09-11T09:11:40',
    ( '' ),
    ( '' ),
    'SwSTEP 2.0',
    'SolidWorks 2015',
    '' );
FILE_SCHEMA (( 'CONFIG_CONTROL_DESIGN' ));
ENDSEC;

DATA;
#1 = VERTEX_POINT ( 'NONE', #3625 ) ;
#2 = LINE ( 'NONE', #3059, #1496 ) ;
#3 = LINE ( 'NONE', #1180, #2844 ) ;
#4 = ADVANCED_FACE ( 'NONE', ( #2489, #1936 ), #2221, .F. ) ;
#5 = EDGE_CURVE ( 'NONE', #1916, #3113, #413, .T. ) ;
#6 = CARTESIAN_POINT ( 'NONE',  ( -0.7648849057142789200, -1.268790316724247600, 32.61769549832492700 ) ) ;
#7 = CARTESIAN_POINT ( 'NONE',  ( -0.8018448839084871800, -3.506162373914199400, 32.08153097061071400 ) ) ;
#8 = LINE ( 'NONE', #1641, #1417 ) ;
#9 = CARTESIAN_POINT ( 'NONE',  ( 6.635115094285720400, -4.498338443327073200, 29.00000000000000000 ) ) ;
#10 = CARTESIAN_POINT ( 'NONE',  ( 0.3873464585764747600, -3.062029957606068600, -2.999999999999999100 ) ) ;
#11 = EDGE_CURVE ( 'NONE', #1531, #3672, #1159, .T. ) ;
#12 = LINE ( 'NONE', #2654, #755 ) ;
#13 = LINE ( 'NONE', #1327, #3605 ) ;
#14 = CARTESIAN_POINT ( 'NONE',  ( -7.364884905714278700, -0.4983384433270728300, 29.00000000000000000 ) ) ;
#15 = CARTESIAN_POINT ( 'NONE',  ( -0.7648849057142627100, -2.173475270458959500, 32.26732381473409800 ) ) ;
#16 = CYLINDRICAL_SURFACE ( 'NONE', #432, 1.500000000000001300 ) ;
#17 = PLANE ( 'NONE',  #626 ) ;
#18 = CARTESIAN_POINT ( 'NONE',  ( 0.01872398791682632400, -4.233264723162667700, -3.643130046126506800 ) ) ;
#19 = CARTESIAN_POINT ( 'NONE',  ( -0.7484937696810136700, -4.233264829547625400, -3.643130190710654600 ) ) ;
#20 = CARTESIAN_POINT ( 'NONE',  ( -4.364884905714279600, -2.398338443327071800, 0.5000000000000000000 ) ) ;
#21 = ADVANCED_FACE ( 'NONE', ( #3358 ), #3347, .T. ) ;
#22 = ORIENTED_EDGE ( 'NONE', *, *, #122, .T. ) ;
#23 = ADVANCED_FACE ( 'NONE', ( #2599 ), #3275, .T. ) ;
#24 = EDGE_CURVE ( 'NONE', #2964, #1580, #1069, .T. ) ;
#25 = ORIENTED_EDGE ( 'NONE', *, *, #3344, .F. ) ;
#26 = VERTEX_POINT ( 'NONE', #3596 ) ;
#27 = ORIENTED_EDGE ( 'NONE', *, *, #1535, .T. ) ;
#28 = CARTESIAN_POINT ( 'NONE',  ( -1.285046079978919800, -2.801104271287976600, 31.99999999381868700 ) ) ;
#29 = VERTEX_POINT ( 'NONE', #763 ) ;
#30 = DIRECTION ( 'NONE',  ( 0.0000000000000000000, 0.0000000000000000000, -1.000000000000000000 ) ) ;
#31 = EDGE_CURVE ( 'NONE', #3021, #1527, #2512, .T. ) ;
#32 =( BOUNDED_SURFACE ( )  B_SPLINE_SURFACE ( 3, 2, ( 
 ( #2268, #1978, #839 ),
 ( #2830, #1113, #3139 ),
 ( #1408, #3408, #1697 ),
 ( #6, #1987, #284 ),
 ( #2279, #565, #2559 ),
 ( #848, #2845, #1124 ),
 ( #3147, #1420, #3420 ),
 ( #1709, #15, #2003 ),
 ( #293, #2288, #577 ),
 ( #2572, #854, #2858 ),
 ( #1136, #3160, #1431 ),
 ( #3437, #1722, #28 ),
 ( #2016, #307, #2304 ),
 ( #591, #2585, #869 ),
 ( #2873, #1151, #3177 ),
 ( #1446, #3447, #1736 ),
 ( #42, #2032, #322 ),
 ( #2319, #603, #2598 ) ),
 .UNSPECIFIED., .F., .F., .T. ) 
 B_SPLINE_SURFACE_WITH_KNOTS ( ( 4, 2, 2, 2, 2, 2, 2, 2, 4 ),
 ( 3, 3 ),
 ( 0.0001010583509932706700, 0.0005509077341292292000, 0.001000757117265187700, 0.001450606500401146400, 0.001900455883537104900, 0.002350305266673063400, 0.002800154649809022100, 0.003250004032944980900, 0.003699853416080939100 ),
 ( 0.0000000000000000000, 1.000000000000000000 ),
 .UNSPECIFIED. ) 
 GEOMETRIC_REPRESENTATION_ITEM ( )  RATIONAL_B_SPLINE_SURFACE ( (
 ( 1.000000000000000000, 0.9214640006195840000, 1.000000000000000000),
 ( 1.000000000000000000, 0.9200462520911003600, 1.000000000000000000),
 ( 1.000000000000000000, 0.9152816107464614200, 1.000000000000000000),
 ( 1.000000000000000000, 0.9005925342010825400, 1.000000000000000000),
 ( 1.000000000000000000, 0.8906390429141021200, 1.000000000000000000),
 ( 1.000000000000000000, 0.8695191188955521100, 1.000000000000000000),
 ( 1.000000000000000000, 0.8581727717968027400, 1.000000000000000000),
 ( 1.000000000000000000, 0.8414844391483574700, 1.000000000000000000),
 ( 1.000000000000000000, 0.8363220379513525100, 1.000000000000000000),
 ( 1.000000000000000000, 0.8370348081849134900, 1.000000000000000000),
 ( 1.000000000000000000, 0.8428703847184072500, 1.000000000000000000),
 ( 1.000000000000000000, 0.8602294723363460600, 1.000000000000000000),
 ( 1.000000000000000000, 0.8715923000417660200, 1.000000000000000000),
 ( 1.000000000000000000, 0.8927448605619119300, 1.000000000000000000),
 ( 1.000000000000000000, 0.9024496077321914100, 1.000000000000000000),
 ( 1.000000000000000000, 0.9163491424499506900, 1.000000000000000000),
 ( 1.000000000000000000, 0.9207977156419465700, 1.000000000000000000),
 ( 1.000000000000000000, 0.9217304367907088700, 1.000000000000000000) ) ) 
 REPRESENTATION_ITEM ( '' )  SURFACE ( )  );
#33 = CARTESIAN_POINT ( 'NONE',  ( -0.3648849057142789500, -2.398338443327074500, 28.50000000000000000 ) ) ;
#34 = DIRECTION ( 'NONE',  ( -0.0000000000000000000, -0.0000000000000000000, 1.000000000000000000 ) ) ;
#35 = ORIENTED_EDGE ( 'NONE', *, *, #2056, .T. ) ;
#36 = ORIENTED_EDGE ( 'NONE', *, *, #3049, .T. ) ;
#37 = ORIENTED_EDGE ( 'NONE', *, *, #1246, .F. ) ;
#38 = CARTESIAN_POINT ( 'NONE',  ( -8.614884905714280400, -9.598338443327074600, 5.350000000000000500 ) ) ;
#39 = CARTESIAN_POINT ( 'NONE',  ( -0.3648849057142798400, -2.398338443327071800, 0.0000000000000000000 ) ) ;
#40 = ADVANCED_FACE ( 'NONE', ( #1747 ), #3195, .T. ) ;
#41 = VERTEX_POINT ( 'NONE', #464 ) ;
#42 = CARTESIAN_POINT ( 'NONE',  ( -0.7648849057142789200, -3.808688417530226500, 32.22037604505844400 ) ) ;
#43 = ADVANCED_FACE ( 'NONE', ( #2423 ), #2182, .F. ) ;
#44 = AXIS2_PLACEMENT_3D ( 'NONE', #3257, #2087, #3500 ) ;
#45 = CARTESIAN_POINT ( 'NONE',  ( -0.3648849057142798400, -2.398338443327071800, 0.5000000000000000000 ) ) ;
#46 = EDGE_LOOP ( 'NONE', ( #2045, #421, #1862, #2393 ) ) ;
#47 = DIRECTION ( 'NONE',  ( 1.000000000000000000, 0.0000000000000000000, 0.0000000000000000000 ) ) ;
#48 = EDGE_CURVE ( 'NONE', #377, #1527, #971, .T. ) ;
#49 = LINE ( 'NONE', #1474, #2991 ) ;
#50 = CARTESIAN_POINT ( 'NONE',  ( -0.7648849057142804700, -2.537216434772241200, -3.916493497886101200 ) ) ;
#51 = VECTOR ( 'NONE', #1041, 1000.000000000000000 ) ;
#53 = ORIENTED_EDGE ( 'NONE', *, *, #1252, .F. ) ;
#52 = AXIS2_PLACEMENT_3D ( 'NONE', #1570, #3563, #1865 ) ;
#54 = FACE_OUTER_BOUND ( 'NONE', #2065, .T. ) ;
#55 = LINE ( 'NONE', #3119, #2235 ) ;
#56 = CARTESIAN_POINT ( 'NONE',  ( -7.964884905714280100, -1.798338443327084800, 32.00000000000000000 ) ) ;
#57 = CARTESIAN_POINT ( 'NONE',  ( -0.7648849057142727000, -1.642850996316325400, -3.257131203241557600 ) ) ;
#58 = CARTESIAN_POINT ( 'NONE',  ( 0.5151897088699007900, -2.878171359092972700, -3.000000007921977300 ) ) ;
#59 = LINE ( 'NONE', #2687, #1463 ) ;
#60 = EDGE_CURVE ( 'NONE', #1536, #224, #246, .T. ) ;
#61 = DIRECTION ( 'NONE',  ( -1.000000000000000000, 0.0000000000000000000, 0.0000000000000000000 ) ) ;
#62 = DIRECTION ( 'NONE',  ( 1.000000000000000000, 0.0000000000000000000, -0.0000000000000000000 ) ) ;
#63 = ORIENTED_EDGE ( 'NONE', *, *, #2547, .T. ) ;
#64 = CIRCLE ( 'NONE', #1951, 1.000000000000000000 ) ;
#65 = DIRECTION ( 'NONE',  ( 0.0000000000000000000, 0.0000000000000000000, 1.000000000000000000 ) ) ;
#66 = CARTESIAN_POINT ( 'NONE',  ( 0.07207507247992900300, -1.290514512739950000, 32.08153097061070000 ) ) ;
#67 = CIRCLE ( 'NONE', #1893, 4.000000000000000000 ) ;
#68 = DIRECTION ( 'NONE',  ( 0.0000000000000000000, 0.0000000000000000000, 1.000000000000000000 ) ) ;
#69 = AXIS2_PLACEMENT_3D ( 'NONE', #2281, #286, #1989 ) ;
#70 = CARTESIAN_POINT ( 'NONE',  ( -3.664884905714277600, 2.601661556672927300, 0.0000000000000000000 ) ) ;
#71 = LINE ( 'NONE', #676, #2252 ) ;
#72 = DIRECTION ( 'NONE',  ( -1.000000000000000000, 1.228445443971150800E-016, 0.0000000000000000000 ) ) ;
#73 = AXIS2_PLACEMENT_3D ( 'NONE', #525, #2524, #810 ) ;
#74 = EDGE_LOOP ( 'NONE', ( #2534, #1039 ) ) ;
#75 = DIRECTION ( 'NONE',  ( -0.0000000000000000000, -0.0000000000000000000, 1.000000000000000000 ) ) ;
#76 = ORIENTED_EDGE ( 'NONE', *, *, #3356, .T. ) ;
#77 = ORIENTED_EDGE ( 'NONE', *, *, #3364, .T. ) ;
#78 = PLANE ( 'NONE',  #3083 ) ;
#79 = EDGE_CURVE ( 'NONE', #2565, #2129, #1659, .T. ) ;
#80 = VERTEX_POINT ( 'NONE', #1825 ) ;
#81 = CARTESIAN_POINT ( 'NONE',  ( -0.1746188074334303600, -0.3290462694641470600, 38.85256510603454000 ) ) ;
#82 = DIRECTION ( 'NONE',  ( -1.000000000000000000, 0.0000000000000000000, 0.0000000000000000000 ) ) ;
#83 = ORIENTED_EDGE ( 'NONE', *, *, #2232, .F. ) ;
#84 = EDGE_CURVE ( 'NONE', #1809, #777, #1563, .T. ) ;
#85 = DIRECTION ( 'NONE',  ( 1.000000000000000000, -0.0000000000000000000, -0.0000000000000000000 ) ) ;
#86 = CARTESIAN_POINT ( 'NONE',  ( -0.6659701183939721300, -0.4242530811372480200, 39.10841582413776500 ) ) ;
#87 = CARTESIAN_POINT ( 'NONE',  ( -7.364884905714278700, -3.198338443327073400, 29.00000000000000000 ) ) ;
#88 = ORIENTED_EDGE ( 'NONE', *, *, #1473, .F. ) ;
#89 = ORIENTED_EDGE ( 'NONE', *, *, #220, .T. ) ;
#90 = EDGE_LOOP ( 'NONE', ( #2266, #1400, #1297, #816 ) ) ;
#91 = PLANE ( 'NONE',  #3451 ) ;
#92 = CARTESIAN_POINT ( 'NONE',  ( 0.3557684539359410300, -3.092661440581834700, -2.999999996371451400 ) ) ;
#93 = LOCAL_TIME ( 10, 11, 40.00000000000000000, #834 ) ;
#94 = ORIENTED_EDGE ( 'NONE', *, *, #1907, .F. ) ;
#95 = CARTESIAN_POINT ( 'NONE',  ( -0.6654973424197914200, -0.4236585248974719100, -3.892809773502138100 ) ) ;
#96 = VECTOR ( 'NONE', #2739, 1000.000000000000000 ) ;
#97 = FACE_OUTER_BOUND ( 'NONE', #1980, .T. ) ;
#98 = CARTESIAN_POINT ( 'NONE',  ( 0.03511509428572121700, -1.458515461556944400, 32.73562898359184500 ) ) ;
#99 = CARTESIAN_POINT ( 'NONE',  ( -0.7484937696810113300, -4.233264829547630700, 32.64313019071066400 ) ) ;
#100 = DIRECTION ( 'NONE',  ( 1.000000000000000000, -0.0000000000000000000, 0.0000000000000000000 ) ) ;
#101 = LINE ( 'NONE', #1288, #842 ) ;
#102 = LINE ( 'NONE', #196, #3052 ) ;
#103 = EDGE_CURVE ( 'NONE', #3618, #832, #2337, .T. ) ;
#104 = LINE ( 'NONE', #1591, #759 ) ;
#105 = DIRECTION ( 'NONE',  ( -0.0000000000000000000, -0.0000000000000000000, -1.000000000000000000 ) ) ;
#106 = FACE_OUTER_BOUND ( 'NONE', #3126, .T. ) ;
#107 = CARTESIAN_POINT ( 'NONE',  ( 0.03511509428572110600, -1.006519651502356400, 32.22602080043933600 ) ) ;
#108 = CARTESIAN_POINT ( 'NONE',  ( -4.764884905714279900, -2.398338443327071800, 0.5000000000000000000 ) ) ;
#109 = CARTESIAN_POINT ( 'NONE',  ( -0.3648849057142798400, -2.398338443327071800, 0.5000000000000000000 ) ) ;
#110 = ORIENTED_EDGE ( 'NONE', *, *, #1514, .F. ) ;
#111 = CARTESIAN_POINT ( 'NONE',  ( -0.3748849057142762400, -0.2983384433270742700, 33.50000000000000000 ) ) ;
#112 = CARTESIAN_POINT ( 'NONE',  ( -1.364884905714278900, -2.398338443327074500, 29.00000000000000000 ) ) ;
#113 = ORIENTED_EDGE ( 'NONE', *, *, #1329, .T. ) ;
#114 = ORIENTED_EDGE ( 'NONE', *, *, #359, .F. ) ;
#115 = AXIS2_PLACEMENT_3D ( 'NONE', #2351, #1490, #1975 ) ;
#116 = DIRECTION ( 'NONE',  ( 0.0000000000000000000, 0.0000000000000000000, 1.000000000000000000 ) ) ;
#117 = DIRECTION ( 'NONE',  ( 1.000000000000000000, 1.734723475976807300E-016, 0.0000000000000000000 ) ) ;
#118 = EDGE_LOOP ( 'NONE', ( #3544, #2686, #1364, #1716 ) ) ;
#119 = DIRECTION ( 'NONE',  ( -1.000000000000000000, 0.0000000000000000000, 0.0000000000000000000 ) ) ;
#120 = ORIENTED_EDGE ( 'NONE', *, *, #1106, .F. ) ;
#121 = DIRECTION ( 'NONE',  ( -0.0000000000000000000, -0.0000000000000000000, 1.000000000000000000 ) ) ;
#122 = EDGE_CURVE ( 'NONE', #2113, #1854, #71, .T. ) ;
#123 = ORIENTED_EDGE ( 'NONE', *, *, #2589, .T. ) ;
#124 = CARTESIAN_POINT ( 'NONE',  ( -0.3548849057142788300, -4.108338443327075300, 40.00000000000000000 ) ) ;
#125 = ORIENTED_EDGE ( 'NONE', *, *, #2022, .F. ) ;
#126 = CARTESIAN_POINT ( 'NONE',  ( 4.135115094285719600, -6.398338443327077100, 0.0000000000000000000 ) ) ;
#127 = EDGE_CURVE ( 'NONE', #1584, #334, #3016, .T. ) ;
#128 = ORIENTED_EDGE ( 'NONE', *, *, #635, .T. ) ;
#129 = DIRECTION ( 'NONE',  ( -0.0000000000000000000, -0.0000000000000000000, -1.000000000000000000 ) ) ;
#130 = CARTESIAN_POINT ( 'NONE',  ( 0.4130891574304522700, -3.027933452164428600, 32.00000000386535200 ) ) ;
#131 = CARTESIAN_POINT ( 'NONE',  ( 0.03511509428572035000, -1.798338443327071700, -4.500000000000000900 ) ) ;
#132 = AXIS2_PLACEMENT_3D ( 'NONE', #3077, #3334, #1332 ) ;
#133 = VECTOR ( 'NONE', #859, 1000.000000000000000 ) ;
#134 = VECTOR ( 'NONE', #1265, 1000.000000000000000 ) ;
#135 = DIRECTION ( 'NONE',  ( 1.000000000000000000, -0.0000000000000000000, 0.0000000000000000000 ) ) ;
#136 = FACE_BOUND ( 'NONE', #216, .T. ) ;
#137 = VECTOR ( 'NONE', #3370, 1000.000000000000000 ) ;
#138 = CARTESIAN_POINT ( 'NONE',  ( -7.364884905714278700, -1.798338443327073000, 0.0000000000000000000 ) ) ;
#139 = FACE_OUTER_BOUND ( 'NONE', #2030, .T. ) ;
#140 = CARTESIAN_POINT ( 'NONE',  ( -0.9540930537549305900, -1.561942745420009000, -3.017521395927762900 ) ) ;
#141 = DIRECTION ( 'NONE',  ( -0.0000000000000000000, -0.0000000000000000000, -1.000000000000000000 ) ) ;
#142 = CARTESIAN_POINT ( 'NONE',  ( 0.03511509428572121700, -2.533302400576129500, 32.91720655490434000 ) ) ;
#143 = DIRECTION ( 'NONE',  ( -1.000000000000000000, 0.0000000000000000000, 0.0000000000000000000 ) ) ;
#144 = VERTEX_POINT ( 'NONE', #1513 ) ;
#145 = CIRCLE ( 'NONE', #968, 1.000000000000000900 ) ;
#146 = EDGE_CURVE ( 'NONE', #3503, #2800, #2916, .T. ) ;
#147 = CARTESIAN_POINT ( 'NONE',  ( 7.235115094285720100, -1.798338443327082400, -3.000000000000000000 ) ) ;
#148 = FACE_OUTER_BOUND ( 'NONE', #2795, .T. ) ;
#149 = EDGE_CURVE ( 'NONE', #3067, #2880, #3662, .T. ) ;
#150 = DIRECTION ( 'NONE',  ( -0.0000000000000000000, 1.000000000000000000, -0.0000000000000000000 ) ) ;
#151 = VECTOR ( 'NONE', #3522, 1000.000000000000000 ) ;
#152 = CARTESIAN_POINT ( 'NONE',  ( 0.03511509428571281400, -1.827767314347489500, 32.28029723953348200 ) ) ;
#153 = CARTESIAN_POINT ( 'NONE',  ( -1.069256248370387400, -1.688489475422511900, -2.999999999831132400 ) ) ;
#154 = VERTEX_POINT ( 'NONE', #2655 ) ;
#155 = ORIENTED_EDGE ( 'NONE', *, *, #3095, .T. ) ;
#156 = CARTESIAN_POINT ( 'NONE',  ( -7.364884905714278700, -3.198338443327073400, 29.00000000000000000 ) ) ;
#157 = CARTESIAN_POINT ( 'NONE',  ( -0.7648849057142803600, -0.6883384433270716100, -3.491089696751986000 ) ) ;
#158 = AXIS2_PLACEMENT_3D ( 'NONE', #3181, #1155, #3631 ) ;
#159 = ORIENTED_EDGE ( 'NONE', *, *, #892, .F. ) ;
#160 = DIRECTION ( 'NONE',  ( -0.0000000000000000000, -0.0000000000000000000, 1.000000000000000000 ) ) ;
#161 = PLANE ( 'NONE',  #280 ) ;
#162 = EDGE_LOOP ( 'NONE', ( #1754, #2558 ) ) ;
#163 = CARTESIAN_POINT ( 'NONE',  ( -7.364884905714278700, -5.898338443327073600, 0.0000000000000000000 ) ) ;
#164 = APPROVAL ( #1359, 'UNSPECIFIED' ) ;
#165 = CARTESIAN_POINT ( 'NONE',  ( 0.3394598685182405000, -1.688463262627354100, 31.99999999983298700 ) ) ;
#166 = ORIENTED_EDGE ( 'NONE', *, *, #2945, .T. ) ;
#167 = CARTESIAN_POINT ( 'NONE',  ( -1.349576752246148800, -2.597438395851019000, -3.000000005717594000 ) ) ;
#168 = VERTEX_POINT ( 'NONE', #3510 ) ;
#169 = CARTESIAN_POINT ( 'NONE',  ( 2.769089690501282500, -2.398338443327074000, 28.00000000000000000 ) ) ;
#170 = ORIENTED_EDGE ( 'NONE', *, *, #1062, .T. ) ;
#171 = EDGE_CURVE ( 'NONE', #3286, #80, #3566, .T. ) ;
#172 = CARTESIAN_POINT ( 'NONE',  ( -0.6659701183939748000, -4.372423805516898000, -10.10841582413776500 ) ) ;
#173 = ORIENTED_EDGE ( 'NONE', *, *, #1562, .F. ) ;
#174 = CALENDAR_DATE ( 2015, 11, 9 ) ;
#175 = DIRECTION ( 'NONE',  ( 1.000000000000000000, 0.0000000000000000000, -0.0000000000000000000 ) ) ;
#176 = VECTOR ( 'NONE', #1002, 1000.000000000000000 ) ;
#177 = CARTESIAN_POINT ( 'NONE',  ( -0.7648849057142801400, -3.342396808591368500, -3.162090238898573400 ) ) ;
#178 = VECTOR ( 'NONE', #2861, 1000.000000000000000 ) ;
#179 = ORIENTED_EDGE ( 'NONE', *, *, #404, .F. ) ;
#180 = AXIS2_PLACEMENT_3D ( 'NONE', #1321, #2467, #468 ) ;
#181 = VECTOR ( 'NONE', #449, 1000.000000000000000 ) ;
#182 = CARTESIAN_POINT ( 'NONE',  ( -7.364884905714278700, -3.198338443327073400, 29.00000000000000000 ) ) ;
#183 = DIRECTION ( 'NONE',  ( -1.000000000000000000, 0.0000000000000000000, 0.0000000000000000000 ) ) ;
#184 = CARTESIAN_POINT ( 'NONE',  ( 0.03511509428572202900, -4.108338443327115300, -10.50891030324806300 ) ) ;
#185 = VECTOR ( 'NONE', #1824, 1000.000000000000000 ) ;
#186 = AXIS2_PLACEMENT_3D ( 'NONE', #3501, #2104, #382 ) ;
#187 = CARTESIAN_POINT ( 'NONE',  ( 4.135115094285719600, -6.698338443327069000, 29.00000000000000000 ) ) ;
#188 = LINE ( 'NONE', #2438, #1601 ) ;
#189 = DIRECTION ( 'NONE',  ( -1.000000000000000000, -1.084202172485504400E-016, 0.0000000000000000000 ) ) ;
#190 = EDGE_CURVE ( 'NONE', #906, #524, #3010, .T. ) ;
#191 = CIRCLE ( 'NONE', #3006, 1.000000000000000000 ) ;
#192 = CARTESIAN_POINT ( 'NONE',  ( 4.635115094285720400, -6.398338443327072700, 29.00000000000000000 ) ) ;
#193 = DIRECTION ( 'NONE',  ( -1.228445443971150800E-016, -1.000000000000000000, 0.0000000000000000000 ) ) ;
#194 = CARTESIAN_POINT ( 'NONE',  ( -1.117443958624281000, -1.735083847207773000, 32.00000000000014900 ) ) ;
#195 = EDGE_CURVE ( 'NONE', #609, #1200, #1475, .T. ) ;
#196 = CARTESIAN_POINT ( 'NONE',  ( -7.364884905714278700, -5.898338443327073600, 29.00000000000000000 ) ) ;
#197 = ORIENTED_EDGE ( 'NONE', *, *, #2797, .T. ) ;
#198 = ADVANCED_FACE ( 'NONE', ( #633 ), #1787, .T. ) ;
#199 = CARTESIAN_POINT ( 'NONE',  ( 7.235115094285720100, -2.998338443327061200, -11.00000000000000000 ) ) ;
#200 = DIRECTION ( 'NONE',  ( 1.000000000000000000, 0.0000000000000000000, 0.0000000000000000000 ) ) ;
#201 = CARTESIAN_POINT ( 'NONE',  ( -0.7648849057142789200, -3.338161425097205400, 32.73562898359185200 ) ) ;
#202 = ORIENTED_EDGE ( 'NONE', *, *, #2039, .F. ) ;
#203 = CARTESIAN_POINT ( 'NONE',  ( -3.664884905714278900, 4.701661556672927800, 29.00000000000000000 ) ) ;
#204 = EDGE_LOOP ( 'NONE', ( #159, #1029 ) ) ;
#205 = DIRECTION ( 'NONE',  ( -0.0000000000000000000, -0.0000000000000000000, 1.000000000000000000 ) ) ;
#206 = CARTESIAN_POINT ( 'NONE',  ( -7.364884905714278700, -0.4983384433270728300, 0.0000000000000000000 ) ) ;
#207 = ORIENTED_EDGE ( 'NONE', *, *, #1691, .F. ) ;
#208 = CARTESIAN_POINT ( 'NONE',  ( 6.635115094285720400, -3.198338443327073400, 29.00000000000000000 ) ) ;
#209 = VERTEX_POINT ( 'NONE', #2929 ) ;
#210 = VERTEX_POINT ( 'NONE', #913 ) ;
#211 = DIRECTION ( 'NONE',  ( -0.0000000000000000000, -0.0000000000000000000, 1.000000000000000000 ) ) ;
#212 = CARTESIAN_POINT ( 'NONE',  ( 0.0000000000000000000, 0.0000000000000000000, 0.0000000000000000000 ) ) ;
#213 = EDGE_CURVE ( 'NONE', #29, #3515, #1197, .T. ) ;
#214 = DIRECTION ( 'NONE',  ( 1.000000000000000000, -0.0000000000000000000, -0.0000000000000000000 ) ) ;
#215 = DIRECTION ( 'NONE',  ( -0.0000000000000000000, 0.0000000000000000000, 1.000000000000000000 ) ) ;
#216 = EDGE_LOOP ( 'NONE', ( #2867, #2209 ) ) ;
#217 = CARTESIAN_POINT ( 'NONE',  ( 0.01838929790660674000, -0.5626726286969565600, 32.64430864382074300 ) ) ;
#218 = ADVANCED_FACE ( 'NONE', ( #454 ), #368, .F. ) ;
#219 = CARTESIAN_POINT ( 'NONE',  ( -7.364884905714278700, -7.198338443327074300, 10.20000000000000100 ) ) ;
#220 = EDGE_CURVE ( 'NONE', #2080, #777, #2633, .T. ) ;
#221 = DIRECTION ( 'NONE',  ( -0.0000000000000000000, -0.0000000000000000000, -1.000000000000000000 ) ) ;
#222 = LINE ( 'NONE', #1143, #1638 ) ;
#223 = CIRCLE ( 'NONE', #52, 4.400000000000000400 ) ;
#224 = VERTEX_POINT ( 'NONE', #1189 ) ;
#225 = FACE_OUTER_BOUND ( 'NONE', #3405, .T. ) ;
#226 = CARTESIAN_POINT ( 'NONE',  ( -0.3648849057142798900, -2.398338443327074500, 0.0000000000000000000 ) ) ;
#227 = VECTOR ( 'NONE', #781, 1000.000000000000000 ) ;
#228 = CARTESIAN_POINT ( 'NONE',  ( 7.885115094285719600, -9.698338443327072500, 23.65000000000000200 ) ) ;
#229 = MECHANICAL_CONTEXT ( 'NONE', #3627, 'mechanical' ) ;
#230 = CARTESIAN_POINT ( 'NONE',  ( -3.664884905714277600, 2.601661556672927300, 29.00000000000000000 ) ) ;
#231 = DIRECTION ( 'NONE',  ( -1.000000000000000000, 0.0000000000000000000, -0.0000000000000000000 ) ) ;
#232 = FACE_OUTER_BOUND ( 'NONE', #615, .T. ) ;
#233 = CARTESIAN_POINT ( 'NONE',  ( -0.7648849057142791400, -2.398338443327074500, 37.10000000000000100 ) ) ;
#234 = AXIS2_PLACEMENT_3D ( 'NONE', #2562, #1668, #1600 ) ;
#235 = CARTESIAN_POINT ( 'NONE',  ( -0.7648849057142789200, -0.6883384433270770500, 40.00000000000000000 ) ) ;
#236 = CIRCLE ( 'NONE', #234, 1.000000000000000200 ) ;
#237 = EDGE_CURVE ( 'NONE', #2964, #1804, #3397, .T. ) ;
#238 = AXIS2_PLACEMENT_3D ( 'NONE', #441, #2444, #726 ) ;
#239 = ADVANCED_FACE ( 'NONE', ( #3312 ), #2548, .T. ) ;
#240 = DIRECTION ( 'NONE',  ( 0.0000000000000000000, 0.0000000000000000000, 1.000000000000000000 ) ) ;
#241 = CARTESIAN_POINT ( 'NONE',  ( 0.03511509428568439900, -1.957071360778919600, -3.277129438188274100 ) ) ;
#242 = PERSON_AND_ORGANIZATION_ROLE ( 'classification_officer' ) ;
#243 = CARTESIAN_POINT ( 'NONE',  ( 0.03511509428572110600, -0.6883384433270741700, 32.49108969675199200 ) ) ;
#244 = DIRECTION ( 'NONE',  ( -0.0000000000000000000, -0.0000000000000000000, -1.000000000000000000 ) ) ;
#245 = EDGE_CURVE ( 'NONE', #3202, #3034, #1014, .T. ) ;
#246 = LINE ( 'NONE', #1250, #890 ) ;
#247 = CARTESIAN_POINT ( 'NONE',  ( 0.03511509428572121700, -3.339316427111494800, 32.73482897814545800 ) ) ;
#248 = PLANE ( 'NONE',  #994 ) ;
#249 = VERTEX_POINT ( 'NONE', #350 ) ;
#250 = VERTEX_POINT ( 'NONE', #1178 ) ;
#251 = VERTEX_POINT ( 'NONE', #2610 ) ;
#252 = DIRECTION ( 'NONE',  ( -0.0000000000000000000, -0.0000000000000000000, -1.000000000000000000 ) ) ;
#253 = DIRECTION ( 'NONE',  ( -9.912705577010328000E-017, 1.000000000000000000, -0.0000000000000000000 ) ) ;
#254 = ORIENTED_EDGE ( 'NONE', *, *, #1509, .T. ) ;
#255 = CARTESIAN_POINT ( 'NONE',  ( 0.03511509428572110600, -2.998338443327075000, 38.50000000000000000 ) ) ;
#256 = CARTESIAN_POINT ( 'NONE',  ( -0.7648849057142791400, -3.790157235151793400, 32.22602080043933600 ) ) ;
#257 = DIRECTION ( 'NONE',  ( -1.734723475976807300E-016, -1.000000000000000000, 0.0000000000000000000 ) ) ;
#258 = VERTEX_POINT ( 'NONE', #3480 ) ;
#259 = AXIS2_PLACEMENT_3D ( 'NONE', #3343, #1340, #1326 ) ;
#260 = VERTEX_POINT ( 'NONE', #617 ) ;
#261 = ORIENTED_EDGE ( 'NONE', *, *, #2254, .T. ) ;
#262 = ADVANCED_FACE ( 'NONE', ( #926 ), #1472, .F. ) ;
#263 = EDGE_CURVE ( 'NONE', #2183, #3206, #1111, .T. ) ;
#264 = CARTESIAN_POINT ( 'NONE',  ( 0.03511509428572067600, -0.6219281656882601500, 32.56415407912748300 ) ) ;
#265 = CARTESIAN_POINT ( 'NONE',  ( 0.03511509428571990600, -2.122131721357848100, -3.908080349938641200 ) ) ;
#266 = ORIENTED_EDGE ( 'NONE', *, *, #1374, .F. ) ;
#267 = CARTESIAN_POINT ( 'NONE',  ( 0.03511509428572048800, -0.6883384433270743900, -10.50891030324801700 ) ) ;
#268 = PERSON_AND_ORGANIZATION ( #840, #995 ) ;
#269 = ORIENTED_EDGE ( 'NONE', *, *, #2945, .F. ) ;
#270 = LINE ( 'NONE', #1298, #176 ) ;
#271 = EDGE_CURVE ( 'NONE', #1739, #784, #1698, .T. ) ;
#272 = LINE ( 'NONE', #1724, #178 ) ;
#273 = FACE_OUTER_BOUND ( 'NONE', #1761, .T. ) ;
#274 = ORIENTED_EDGE ( 'NONE', *, *, #545, .F. ) ;
#275 = LINE ( 'NONE', #638, #185 ) ;
#276 = CARTESIAN_POINT ( 'NONE',  ( 0.03511509428572110600, -2.398338443327074500, 37.10000000000000100 ) ) ;
#277 = DIRECTION ( 'NONE',  ( -0.0000000000000000000, 1.000000000000000000, -0.0000000000000000000 ) ) ;
#278 = FACE_OUTER_BOUND ( 'NONE', #829, .T. ) ;
#279 = CARTESIAN_POINT ( 'NONE',  ( 0.03511509428572110600, -4.108338443327072700, 40.00000000000000000 ) ) ;
#280 = AXIS2_PLACEMENT_3D ( 'NONE', #2726, #688, #628 ) ;
#281 = ADVANCED_FACE ( 'NONE', ( #3228 ), #1605, .F. ) ;
#282 = VECTOR ( 'NONE', #891, 1000.000000000000000 ) ;
#283 = VERTEX_POINT ( 'NONE', #1737 ) ;
#284 = CARTESIAN_POINT ( 'NONE',  ( -1.142858968858987000, -1.768743434489705900, 32.00000000386536700 ) ) ;
#285 = ORIENTED_EDGE ( 'NONE', *, *, #2963, .T. ) ;
#286 = DIRECTION ( 'NONE',  ( 0.0000000000000000000, 0.0000000000000000000, 1.000000000000000000 ) ) ;
#287 = EDGE_CURVE ( 'NONE', #3318, #599, #191, .T. ) ;
#288 = ORIENTED_EDGE ( 'NONE', *, *, #2342, .F. ) ;
#289 = DIRECTION ( 'NONE',  ( -1.000000000000000000, -1.084202172485504400E-016, 0.0000000000000000000 ) ) ;
#290 = EDGE_LOOP ( 'NONE', ( #3576, #2002 ) ) ;
#291 = ORIENTED_EDGE ( 'NONE', *, *, #1078, .T. ) ;
#292 = ADVANCED_FACE ( 'NONE', ( #3145 ), #3058, .F. ) ;
#293 = CARTESIAN_POINT ( 'NONE',  ( -0.7648849057142789200, -2.263374486078052300, 32.91720655490434000 ) ) ;
#294 = AXIS2_PLACEMENT_3D ( 'NONE', #2331, #588, #1149 ) ;
#295 = ORIENTED_EDGE ( 'NONE', *, *, #3411, .T. ) ;
#296 = DIRECTION ( 'NONE',  ( 0.0000000000000000000, 0.0000000000000000000, 1.000000000000000000 ) ) ;
#297 = ORIENTED_EDGE ( 'NONE', *, *, #1588, .T. ) ;
#298 = CARTESIAN_POINT ( 'NONE',  ( -0.6659699701803399900, -4.372423975573592100, -3.891584548509162900 ) ) ;
#299 = CARTESIAN_POINT ( 'NONE',  ( -6.114884905714277800, -1.798338443327072800, 0.0000000000000000000 ) ) ;
#300 = ORIENTED_EDGE ( 'NONE', *, *, #713, .F. ) ;
#301 = ORIENTED_EDGE ( 'NONE', *, *, #2085, .T. ) ;
#302 = AXIS2_PLACEMENT_3D ( 'NONE', #33, #2023, #311 ) ;
#303 = LINE ( 'NONE', #1974, #2493 ) ;
#304 = CARTESIAN_POINT ( 'NONE',  ( -0.7648849057142804700, -2.079715993060182300, -3.904777489143120400 ) ) ;
#305 = VECTOR ( 'NONE', #129, 1000.000000000000000 ) ;
#306 = EDGE_CURVE ( 'NONE', #2129, #3523, #849, .T. ) ;
#307 = CARTESIAN_POINT ( 'NONE',  ( -0.7648849057142704800, -2.968909572306627000, 32.28029723953348200 ) ) ;
#308 = DIRECTION ( 'NONE',  ( 1.000000000000000000, -0.0000000000000000000, -0.0000000000000000000 ) ) ;
#309 = LINE ( 'NONE', #1767, #3259 ) ;
#310 = LINE ( 'NONE', #2491, #956 ) ;
#311 = DIRECTION ( 'NONE',  ( 1.000000000000000000, 0.0000000000000000000, 0.0000000000000000000 ) ) ;
#312 = CARTESIAN_POINT ( 'NONE',  ( -0.7648849057142803600, -3.746355923911570700, -3.359115533592819300 ) ) ;
#313 = EDGE_CURVE ( 'NONE', #260, #1831, #2463, .T. ) ;
#314 = ADVANCED_FACE ( 'NONE', ( #106 ), #16, .T. ) ;
#315 = LINE ( 'NONE', #2689, #959 ) ;
#316 = ADVANCED_FACE ( 'NONE', ( #2372 ), #17, .F. ) ;
#317 = ORIENTED_EDGE ( 'NONE', *, *, #1445, .T. ) ;
#318 = TOROIDAL_SURFACE ( 'NONE', #44, 3.133974596215561600, 1.000000000000000000 ) ;
#319 = DIRECTION ( 'NONE',  ( 1.000000000000000000, -0.0000000000000000000, -0.0000000000000000000 ) ) ;
#320 = AXIS2_PLACEMENT_3D ( 'NONE', #1023, #2746, #751 ) ;
#321 = CARTESIAN_POINT ( 'NONE',  ( -1.284338645872406600, -1.994057101386449600, -2.999999993814521600 ) ) ;
#322 = CARTESIAN_POINT ( 'NONE',  ( -1.069229679946764900, -3.108213624026828500, 31.99999999983298000 ) ) ;
#323 = FACE_OUTER_BOUND ( 'NONE', #1847, .T. ) ;
#324 = DIRECTION ( 'NONE',  ( -1.000000000000000000, -0.0000000000000000000, 0.0000000000000000000 ) ) ;
#325 = CARTESIAN_POINT ( 'NONE',  ( -0.3648849057142789500, -2.398338443327074500, 32.00000000000000000 ) ) ;
#326 = AXIS2_PLACEMENT_3D ( 'NONE', #375, #2371, #660 ) ;
#327 = CARTESIAN_POINT ( 'NONE',  ( -0.3548849057142828300, -4.498338443327072300, -4.500000000000010700 ) ) ;
#328 = CARTESIAN_POINT ( 'NONE',  ( -0.7648849057142804700, -2.123050789080959800, -3.908126673779057200 ) ) ;
#329 = VECTOR ( 'NONE', #2676, 1000.000000000000000 ) ;
#330 = DIRECTION ( 'NONE',  ( -0.0000000000000000000, -0.0000000000000000000, -1.000000000000000000 ) ) ;
#331 = EDGE_CURVE ( 'NONE', #334, #1175, #762, .T. ) ;
#332 = ORIENTED_EDGE ( 'NONE', *, *, #690, .F. ) ;
#333 = CARTESIAN_POINT ( 'NONE',  ( -1.164884905714288000, -2.998338443327061200, -3.000000000000000000 ) ) ;
#334 = VERTEX_POINT ( 'NONE', #1711 ) ;
#335 = CARTESIAN_POINT ( 'NONE',  ( -0.7648849057142803600, -4.108338443327069100, -11.00000000000000000 ) ) ;
#336 = ORIENTED_EDGE ( 'NONE', *, *, #892, .T. ) ;
#337 = EDGE_CURVE ( 'NONE', #1396, #2566, #682, .T. ) ;
#338 = DIRECTION ( 'NONE',  ( -0.0000000000000000000, -0.0000000000000000000, -1.000000000000000000 ) ) ;
#339 = CARTESIAN_POINT ( 'NONE',  ( 0.2243816502239403800, -1.562018267958421100, 32.01751035843329900 ) ) ;
#340 = ORIENTED_EDGE ( 'NONE', *, *, #3164, .F. ) ;
#341 = ORIENTED_EDGE ( 'NONE', *, *, #3189, .F. ) ;
#342 = DIRECTION ( 'NONE',  ( -1.084202172485504600E-016, -1.000000000000000000, 0.0000000000000000000 ) ) ;
#343 = ORIENTED_EDGE ( 'NONE', *, *, #3095, .F. ) ;
#344 = DIRECTION ( 'NONE',  ( -1.000000000000000000, 0.0000000000000000000, 0.0000000000000000000 ) ) ;
#345 = VERTEX_POINT ( 'NONE', #2561 ) ;
#346 = CARTESIAN_POINT ( 'NONE',  ( 4.635115094285720400, 0.9016615566729273600, 0.0000000000000000000 ) ) ;
#347 = B_SPLINE_CURVE_WITH_KNOTS ( 'NONE', 3,
 ( #2273, #1681, #3143, #1415, #3412, #1702, #10, #1993 ),
 .UNSPECIFIED., .F., .F.,
 ( 4, 2, 2, 4 ),
 ( 6.776263578034402000E-021, 0.0004740294205503762600, 0.0007110441308255644400, 0.0009480588411007525200 ),
 .UNSPECIFIED. ) ;
#348 = DIRECTION ( 'NONE',  ( -0.0000000000000000000, 1.000000000000000000, -0.0000000000000000000 ) ) ;
#349 = AXIS2_PLACEMENT_3D ( 'NONE', #1015, #395, #2643 ) ;
#350 = CARTESIAN_POINT ( 'NONE',  ( 0.6351150942857204400, -2.398338443327071800, -3.000000000000000000 ) ) ;
#351 = VERTEX_POINT ( 'NONE', #1700 ) ;
#352 = CARTESIAN_POINT ( 'NONE',  ( 0.03511509428572035000, -2.998338443327072300, -4.500000000000000900 ) ) ;
#353 = CARTESIAN_POINT ( 'NONE',  ( -0.3748849057142804000, -0.6883384433270716100, -11.00000000000000000 ) ) ;
#354 = CC_DESIGN_APPROVAL ( #164, ( #3661 ) ) ;
#355 = LINE ( 'NONE', #720, #997 ) ;
#356 = LINE ( 'NONE', #9, #2537 ) ;
#357 = CARTESIAN_POINT ( 'NONE',  ( -7.364884905714278700, -0.4983384433270728300, 29.00000000000000000 ) ) ;
#358 = DIRECTION ( 'NONE',  ( -1.000000000000000000, 0.0000000000000000000, 0.0000000000000000000 ) ) ;
#359 = EDGE_CURVE ( 'NONE', #981, #2941, #1428, .T. ) ;
#360 = CARTESIAN_POINT ( 'NONE',  ( -0.3548849057142820000, -0.2983384433270742700, 38.49999999999999300 ) ) ;
#361 = CARTESIAN_POINT ( 'NONE',  ( -6.114884905714277800, -3.198338443327073400, 29.00000000000000000 ) ) ;
#362 = CARTESIAN_POINT ( 'NONE',  ( -10.26488490571428100, -7.198338443327074300, 5.350000000000000500 ) ) ;
#363 = FACE_OUTER_BOUND ( 'NONE', #2091, .T. ) ;
#364 = CARTESIAN_POINT ( 'NONE',  ( -0.7484937993453855100, -0.5634121634914783800, 39.35686995387349200 ) ) ;
#365 = DIRECTION ( 'NONE',  ( 0.0000000000000000000, -0.0000000000000000000, 1.000000000000000000 ) ) ;
#366 = VECTOR ( 'NONE', #1273, 1000.000000000000000 ) ;
#367 = ORIENTED_EDGE ( 'NONE', *, *, #2364, .F. ) ;
#368 = CYLINDRICAL_SURFACE ( 'NONE', #2042, 0.5000000000000004400 ) ;
#369 = DIRECTION ( 'NONE',  ( -9.912705577010326800E-017, -1.000000000000000000, 0.0000000000000000000 ) ) ;
#370 = AXIS2_PLACEMENT_3D ( 'NONE', #1597, #3584, #1891 ) ;
#371 = ORIENTED_EDGE ( 'NONE', *, *, #1999, .T. ) ;
#372 = CARTESIAN_POINT ( 'NONE',  ( -0.6659699701803373200, -4.372423975573596500, 32.89158454850917200 ) ) ;
#373 = DIRECTION ( 'NONE',  ( 1.000000000000000000, -0.0000000000000000000, -0.0000000000000000000 ) ) ;
#374 = ORIENTED_EDGE ( 'NONE', *, *, #1856, .F. ) ;
#375 = CARTESIAN_POINT ( 'NONE',  ( -5.364884905714281300, -7.198338443327074300, 29.00000000000000000 ) ) ;
#376 = EDGE_CURVE ( 'NONE', #2800, #3282, #2959, .T. ) ;
#377 = VERTEX_POINT ( 'NONE', #3398 ) ;
#378 = ORIENTED_EDGE ( 'NONE', *, *, #1123, .T. ) ;
#379 = EDGE_CURVE ( 'NONE', #2385, #2560, #3231, .T. ) ;
#380 = CARTESIAN_POINT ( 'NONE',  ( -0.3748849057142775700, -4.498338443327072300, -4.500000000000000900 ) ) ;
#381 = PLANE ( 'NONE',  #2788 ) ;
#382 = DIRECTION ( 'NONE',  ( 1.000000000000000000, 0.0000000000000000000, -0.0000000000000000000 ) ) ;
#383 = VERTEX_POINT ( 'NONE', #3667 ) ;
#384 = VERTEX_POINT ( 'NONE', #1677 ) ;
#385 = CARTESIAN_POINT ( 'NONE',  ( 0.03511509428572048800, -0.6883384433270743900, -3.491089696751982900 ) ) ;
#386 = ORIENTED_EDGE ( 'NONE', *, *, #2128, .F. ) ;
#387 = CARTESIAN_POINT ( 'NONE',  ( 6.635115094285721300, -9.598338443327074600, 18.80000000000000100 ) ) ;
#388 = EDGE_LOOP ( 'NONE', ( #1081, #477 ) ) ;
#389 = DIRECTION ( 'NONE',  ( -1.000000000000000000, 1.228445443971150800E-016, 0.0000000000000000000 ) ) ;
#390 = ORIENTED_EDGE ( 'NONE', *, *, #331, .F. ) ;
#391 = AXIS2_PLACEMENT_3D ( 'NONE', #3567, #2373, #3299 ) ;
#392 = CARTESIAN_POINT ( 'NONE',  ( -3.664884905714278900, 4.701661556672927800, 29.00000000000000000 ) ) ;
#393 = CYLINDRICAL_SURFACE ( 'NONE', #630, 0.3899999999999999600 ) ;
#394 = CIRCLE ( 'NONE', #2593, 1.000000000000000200 ) ;
#395 = DIRECTION ( 'NONE',  ( 0.0000000000000000000, 0.0000000000000000000, -1.000000000000000000 ) ) ;
#396 = CARTESIAN_POINT ( 'NONE',  ( -0.3648849057142798400, -2.398338443327071800, 0.0000000000000000000 ) ) ;
#397 = CARTESIAN_POINT ( 'NONE',  ( 0.03511509428572121700, -3.819399580093455700, 32.10138711131722300 ) ) ;
#398 = FACE_OUTER_BOUND ( 'NONE', #2681, .T. ) ;
#399 = CARTESIAN_POINT ( 'NONE',  ( -0.3648849057142798900, -2.398338443327074500, 0.0000000000000000000 ) ) ;
#400 = LINE ( 'NONE', #495, #227 ) ;
#401 = EDGE_CURVE ( 'NONE', #979, #827, #3609, .T. ) ;
#402 = VECTOR ( 'NONE', #1567, 1000.000000000000000 ) ;
#403 = DIRECTION ( 'NONE',  ( 1.084202172485504600E-016, -1.000000000000000000, 0.0000000000000000000 ) ) ;
#404 = EDGE_CURVE ( 'NONE', #3586, #3206, #2859, .T. ) ;
#405 = VECTOR ( 'NONE', #1679, 1000.000000000000000 ) ;
#406 = DIRECTION ( 'NONE',  ( -0.0000000000000000000, 1.000000000000000000, -0.0000000000000000000 ) ) ;
#407 = PLANE ( 'NONE',  #1165 ) ;
#408 = VECTOR ( 'NONE', #189, 1000.000000000000000 ) ;
#409 = DIRECTION ( 'NONE',  ( 0.0000000000000000000, 0.0000000000000000000, -1.000000000000000000 ) ) ;
#410 = CARTESIAN_POINT ( 'NONE',  ( 0.03511509428570913600, -3.135304487896401600, 32.26121604470615300 ) ) ;
#411 = CARTESIAN_POINT ( 'NONE',  ( 2.769089690501281600, -2.398338443327071400, 0.0000000000000000000 ) ) ;
#412 = ORIENTED_EDGE ( 'NONE', *, *, #2667, .F. ) ;
#413 = CIRCLE ( 'NONE', #2868, 1.000000000000000900 ) ;
#414 = AXIS2_PLACEMENT_3D ( 'NONE', #192, #1762, #1827 ) ;
#415 = CARTESIAN_POINT ( 'NONE',  ( -0.7648849057142791400, -0.6883384433270770500, 39.50891030324801500 ) ) ;
#416 = PLANE ( 'NONE',  #1680 ) ;
#417 = ORIENTED_EDGE ( 'NONE', *, *, #2568, .T. ) ;
#418 = EDGE_LOOP ( 'NONE', ( #2886, #2033, #3375, #295 ) ) ;
#419 = CARTESIAN_POINT ( 'NONE',  ( -1.117116270005032800, -1.734646929048073700, -2.999999999999999600 ) ) ;
#420 = CARTESIAN_POINT ( 'NONE',  ( 0.6362462459467733700, -2.494722071500458800, 31.99999999967427700 ) ) ;
#421 = ORIENTED_EDGE ( 'NONE', *, *, #930, .T. ) ;
#422 = CARTESIAN_POINT ( 'NONE',  ( 0.03511509428572110600, -0.6883384433270741700, 32.49108969675199200 ) ) ;
#423 = ORIENTED_EDGE ( 'NONE', *, *, #761, .F. ) ;
#424 = DIRECTION ( 'NONE',  ( -1.000000000000000000, -0.0000000000000000000, -0.0000000000000000000 ) ) ;
#425 = EDGE_CURVE ( 'NONE', #592, #3454, #2284, .T. ) ;
#426 = DIRECTION ( 'NONE',  ( -1.000000000000000000, 2.065146995210484700E-016, 0.0000000000000000000 ) ) ;
#427 = ORIENTED_EDGE ( 'NONE', *, *, #2116, .T. ) ;
#428 = ORIENTED_EDGE ( 'NONE', *, *, #24, .F. ) ;
#429 = ORIENTED_EDGE ( 'NONE', *, *, #2863, .T. ) ;
#430 = CARTESIAN_POINT ( 'NONE',  ( 0.03511509428572124500, -1.370325541722633900, 32.68714046185608900 ) ) ;
#431 = CARTESIAN_POINT ( 'NONE',  ( -0.7648849057142805800, -0.9880909756690263700, -3.220401424118558300 ) ) ;
#432 = AXIS2_PLACEMENT_3D ( 'NONE', #2573, #308, #30 ) ;
#433 = FACE_OUTER_BOUND ( 'NONE', #3124, .T. ) ;
#434 = CARTESIAN_POINT ( 'NONE',  ( 5.385115094285720400, -3.198338443327073400, 29.00000000000000000 ) ) ;
#435 = DIRECTION ( 'NONE',  ( -0.0000000000000000000, -0.0000000000000000000, 1.000000000000000000 ) ) ;
#436 = CIRCLE ( 'NONE', #1849, 1.000000000000000000 ) ;
#437 = CIRCLE ( 'NONE', #3608, 1.000000000000000200 ) ;
#438 = DIRECTION ( 'NONE',  ( -1.000000000000000000, 0.0000000000000000000, 0.0000000000000000000 ) ) ;
#439 = AXIS2_PLACEMENT_3D ( 'NONE', #1353, #2498, #3355 ) ;
#440 = CYLINDRICAL_SURFACE ( 'NONE', #2956, 1.650000000000000400 ) ;
#441 = CARTESIAN_POINT ( 'NONE',  ( -0.3648849057142789500, -2.398338443327074500, 32.00000000000000000 ) ) ;
#442 = CARTESIAN_POINT ( 'NONE',  ( 0.03511509428572100900, -1.392177012065305900, 32.02823626451609600 ) ) ;
#443 = CARTESIAN_POINT ( 'NONE',  ( -1.293545390966861700, -2.781546703397626900, -2.999999994282406000 ) ) ;
#444 = FACE_OUTER_BOUND ( 'NONE', #1988, .T. ) ;
#445 = EDGE_CURVE ( 'NONE', #1333, #2553, #2117, .T. ) ;
#446 = ORIENTED_EDGE ( 'NONE', *, *, #850, .F. ) ;
#447 = DIRECTION ( 'NONE',  ( -1.000000000000000000, 0.0000000000000000000, 0.0000000000000000000 ) ) ;
#448 = LINE ( 'NONE', #1487, #3392 ) ;
#449 = DIRECTION ( 'NONE',  ( -0.0000000000000000000, -0.0000000000000000000, -1.000000000000000000 ) ) ;
#450 = CARTESIAN_POINT ( 'NONE',  ( -0.3548849057142785000, -4.498338443327075000, 38.49999999999999300 ) ) ;
#451 = CARTESIAN_POINT ( 'NONE',  ( 0.3373676658899684700, -1.686410549734455700, -3.000000000000000000 ) ) ;
#452 = EDGE_CURVE ( 'NONE', #1892, #250, #1339, .T. ) ;
#453 = CARTESIAN_POINT ( 'NONE',  ( -0.7648849057142803600, -0.6883384433270716100, -3.491089696751986000 ) ) ;
#454 = FACE_OUTER_BOUND ( 'NONE', #3393, .T. ) ;
#455 = CARTESIAN_POINT ( 'NONE',  ( -0.2654523322339856200, -4.498338443327073200, 33.32460697370776600 ) ) ;
#456 = B_SPLINE_CURVE_WITH_KNOTS ( 'NONE', 3,
 ( #1653, #2366, #2228, #1625, #1528, #2891, #1045, #2575 ),
 .UNSPECIFIED., .F., .F.,
 ( 4, 2, 2, 4 ),
 ( 8.240649770922408400E-018, 0.0002952764659501170000, 0.0005905529319002257600, 0.001181105863800425300 ),
 .UNSPECIFIED. ) ;
#457 = CARTESIAN_POINT ( 'NONE',  ( -1.072829937257902400, -3.104652648710004100, -2.999999999561288700 ) ) ;
#458 = ORIENTED_EDGE ( 'NONE', *, *, #1128, .T. ) ;
#459 = ORIENTED_EDGE ( 'NONE', *, *, #1057, .F. ) ;
#460 = VERTEX_POINT ( 'NONE', #534 ) ;
#461 = CARTESIAN_POINT ( 'NONE',  ( -0.4643174791945743900, -4.498338443327075000, 38.67539302629222700 ) ) ;
#462 = CARTESIAN_POINT ( 'NONE',  ( -5.364884905714281300, -5.898338443327072700, 29.00000000000000000 ) ) ;
#463 = VERTEX_POINT ( 'NONE', #1949 ) ;
#464 = CARTESIAN_POINT ( 'NONE',  ( -7.364884905714278700, -3.198338443327073400, 0.0000000000000000000 ) ) ;
#465 = CARTESIAN_POINT ( 'NONE',  ( -0.3648849057142789500, -2.398338443327074500, 32.00000000000000000 ) ) ;
#466 = CARTESIAN_POINT ( 'NONE',  ( -0.7648849057142789200, -1.131422815037915800, 32.47658188855593400 ) ) ;
#467 = ORIENTED_EDGE ( 'NONE', *, *, #359, .T. ) ;
#468 = DIRECTION ( 'NONE',  ( 0.0000000000000000000, 0.0000000000000000000, 1.000000000000000000 ) ) ;
#469 = ORIENTED_EDGE ( 'NONE', *, *, #756, .F. ) ;
#470 = CARTESIAN_POINT ( 'NONE',  ( -0.3648849057142789500, -2.398338443327074500, 28.50000000000000000 ) ) ;
#471 = ORIENTED_EDGE ( 'NONE', *, *, #664, .F. ) ;
#472 = EDGE_CURVE ( 'NONE', #1580, #728, #585, .T. ) ;
#473 = EDGE_LOOP ( 'NONE', ( #1624, #851 ) ) ;
#474 = DIRECTION ( 'NONE',  ( -1.000000000000000000, 0.0000000000000000000, 0.0000000000000000000 ) ) ;
#475 = CARTESIAN_POINT ( 'NONE',  ( -0.3648849057142798900, -2.398338443327074500, 0.0000000000000000000 ) ) ;
#476 = COORDINATED_UNIVERSAL_TIME_OFFSET ( 0, 0, .AHEAD. ) ;
#477 = ORIENTED_EDGE ( 'NONE', *, *, #1640, .T. ) ;
#478 = CARTESIAN_POINT ( 'NONE',  ( -6.114884905714277800, -4.498338443327073200, 29.00000000000000000 ) ) ;
#479 = CARTESIAN_POINT ( 'NONE',  ( -0.7648849057142788100, -3.664803777114845400, 32.47716272930764300 ) ) ;
#480 = FACE_OUTER_BOUND ( 'NONE', #2170, .T. ) ;
#481 = FACE_OUTER_BOUND ( 'NONE', #1634, .T. ) ;
#482 = CARTESIAN_POINT ( 'NONE',  ( -0.7648849057142803600, -1.006519651502354700, -3.226020800439330500 ) ) ;
#483 = LINE ( 'NONE', #2924, #954 ) ;
#484 = CARTESIAN_POINT ( 'NONE',  ( -14.11488490571428200, -9.598338443327074600, 0.0000000000000000000 ) ) ;
#485 = VECTOR ( 'NONE', #1188, 1000.000000000000000 ) ;
#486 = CARTESIAN_POINT ( 'NONE',  ( 4.135115094285719600, -6.398338443327077100, 29.00000000000000000 ) ) ;
#487 = ADVANCED_FACE ( 'NONE', ( #3518, #2200 ), #806, .T. ) ;
#488 = DIRECTION ( 'NONE',  ( 0.0000000000000000000, 0.0000000000000000000, -1.000000000000000000 ) ) ;
#489 = ORIENTED_EDGE ( 'NONE', *, *, #1354, .T. ) ;
#490 = EDGE_LOOP ( 'NONE', ( #1942, #3528, #3210, #1572 ) ) ;
#491 = CARTESIAN_POINT ( 'NONE',  ( -0.3648849057142789500, -2.398338443327074500, 28.00000000000000000 ) ) ;
#492 = CIRCLE ( 'NONE', #2020, 1.500000000000000000 ) ;
#493 = CARTESIAN_POINT ( 'NONE',  ( -0.3548849057142825500, -0.2983384433270716600, -4.500000000000000900 ) ) ;
#494 = CARTESIAN_POINT ( 'NONE',  ( 0.03511509428572110600, -1.006519651502356400, 32.22602080043933600 ) ) ;
#495 = CARTESIAN_POINT ( 'NONE',  ( 7.235115094285720100, -0.2983384433270716600, -9.499999999999989300 ) ) ;
#496 = DIRECTION ( 'NONE',  ( 1.000000000000000000, 0.0000000000000000000, 0.0000000000000000000 ) ) ;
#497 = EDGE_CURVE ( 'NONE', #1845, #905, #1242, .T. ) ;
#498 = CIRCLE ( 'NONE', #2164, 4.400000000000000400 ) ;
#499 = DIRECTION ( 'NONE',  ( 1.000000000000000000, -0.0000000000000000000, -0.0000000000000000000 ) ) ;
#500 = DIRECTION ( 'NONE',  ( -0.0000000000000000000, -0.0000000000000000000, -1.000000000000000000 ) ) ;
#501 = EDGE_CURVE ( 'NONE', #1577, #377, #498, .T. ) ;
#502 = EDGE_LOOP ( 'NONE', ( #3367, #3335, #2247, #2263 ) ) ;
#503 = CARTESIAN_POINT ( 'NONE',  ( -7.964884905714280100, -2.398338443327067400, -7.099999999999999600 ) ) ;
#504 = APPLICATION_CONTEXT ( 'configuration controlled 3d designs of mechanical parts and assemblies' ) ;
#505 = CARTESIAN_POINT ( 'NONE',  ( 0.03511509428572121700, -2.123050789080962500, 32.90812667377907300 ) ) ;
#506 = CARTESIAN_POINT ( 'NONE',  ( 0.4351150942857285300, -2.998338443327064300, 32.00000000000000000 ) ) ;
#507 = VERTEX_POINT ( 'NONE', #1055 ) ;
#508 = AXIS2_PLACEMENT_3D ( 'NONE', #3064, #211, #1345 ) ;
#509 = ORIENTED_EDGE ( 'NONE', *, *, #571, .T. ) ;
#510 = DIRECTION ( 'NONE',  ( 0.0000000000000000000, 0.0000000000000000000, 1.000000000000000000 ) ) ;
#511 = ORIENTED_EDGE ( 'NONE', *, *, #1532, .F. ) ;
#512 = ADVANCED_FACE ( 'NONE', ( #2674, #3444 ), #2778, .T. ) ;
#513 = ORIENTED_EDGE ( 'NONE', *, *, #1645, .T. ) ;
#514 = CARTESIAN_POINT ( 'NONE',  ( 0.03511509428572048800, -0.6883384433270743900, -10.50891030324801700 ) ) ;
#515 = AXIS2_PLACEMENT_3D ( 'NONE', #1235, #3249, #1521 ) ;
#516 = CARTESIAN_POINT ( 'NONE',  ( -0.9106863621323844100, -1.498203524318828700, 32.02860583196728300 ) ) ;
#517 = EDGE_LOOP ( 'NONE', ( #768, #1308, #3402, #459, #1717, #1423, #3127, #1480 ) ) ;
#518 = ORIENTED_EDGE ( 'NONE', *, *, #2735, .F. ) ;
#519 = APPROVAL_STATUS ( 'not_yet_approved' ) ;
#520 = EDGE_CURVE ( 'NONE', #2936, #609, #1931, .T. ) ;
#521 = CARTESIAN_POINT ( 'NONE',  ( 0.03511509428572121700, -1.335872729237057400, 32.66474185760982600 ) ) ;
#522 = VERTEX_POINT ( 'NONE', #3614 ) ;
#523 = DIRECTION ( 'NONE',  ( -9.912705577010326800E-017, 1.000000000000000000, 0.0000000000000000000 ) ) ;
#524 = VERTEX_POINT ( 'NONE', #2478 ) ;
#525 = CARTESIAN_POINT ( 'NONE',  ( -0.3648849057142789500, -2.398338443327074500, 29.00000000000000000 ) ) ;
#526 = EDGE_CURVE ( 'NONE', #2293, #507, #3353, .T. ) ;
#527 = ORIENTED_EDGE ( 'NONE', *, *, #2213, .T. ) ;
#528 = B_SPLINE_CURVE_WITH_KNOTS ( 'NONE', 3,
 ( #1585, #455, #2731, #1012, #3042, #1307, #3314, #1596 ),
 .UNSPECIFIED., .F., .F.,
 ( 4, 2, 2, 4 ),
 ( -7.745982956779317400E-006, 0.0005828864111228711100, 0.0008782026081626873300, 0.001173518805202503500 ),
 .UNSPECIFIED. ) ;
#529 = CARTESIAN_POINT ( 'NONE',  ( -0.7648849057142791400, -1.006519651502356400, 32.22602080043933600 ) ) ;
#530 = VECTOR ( 'NONE', #2196, 1000.000000000000000 ) ;
#531 = LINE ( 'NONE', #2685, #1369 ) ;
#532 = VECTOR ( 'NONE', #1469, 1000.000000000000000 ) ;
#533 = CARTESIAN_POINT ( 'NONE',  ( 6.635115094285720400, -5.898338443327073600, 29.00000000000000000 ) ) ;
#534 = CARTESIAN_POINT ( 'NONE',  ( 6.635115094285720400, -0.4983384433270728300, 0.0000000000000000000 ) ) ;
#535 = CIRCLE ( 'NONE', #2375, 0.5000000000000004400 ) ;
#536 = AXIS2_PLACEMENT_3D ( 'NONE', #3470, #982, #1264 ) ;
#537 = CARTESIAN_POINT ( 'NONE',  ( -0.7648849057142803600, -0.6883384433270716100, -10.50891030324801400 ) ) ;
#538 = ADVANCED_FACE ( 'NONE', ( #1153 ), #1905, .F. ) ;
#539 = CYLINDRICAL_SURFACE ( 'NONE', #3289, 1.500000000000001300 ) ;
#540 = CARTESIAN_POINT ( 'NONE',  ( 0.03511509428570777600, -2.534507256252783500, -3.262370361371786900 ) ) ;
#541 = CC_DESIGN_PERSON_AND_ORGANIZATION_ASSIGNMENT ( #3588, #1652, ( #3661 ) ) ;
#542 = LINE ( 'NONE', #3519, #2719 ) ;
#543 = CARTESIAN_POINT ( 'NONE',  ( 0.03511509428571991200, -2.536214897071284600, -3.916536701921399500 ) ) ;
#544 = CARTESIAN_POINT ( 'NONE',  ( 0.01872398791682708000, -0.5634121634914774900, -10.35686995387349500 ) ) ;
#545 = EDGE_CURVE ( 'NONE', #2220, #1667, #1063, .T. ) ;
#546 = DIRECTION ( 'NONE',  ( 0.0000000000000000000, 1.000000000000000000, 0.0000000000000000000 ) ) ;
#547 = ORIENTED_EDGE ( 'NONE', *, *, #2062, .T. ) ;
#548 = CARTESIAN_POINT ( 'NONE',  ( -10.26488490571428100, -9.598338443327074600, 5.350000000000000500 ) ) ;
#549 = ORIENTED_EDGE ( 'NONE', *, *, #3615, .T. ) ;
#550 = EDGE_LOOP ( 'NONE', ( #584, #1453, #600, #3171, #1125, #254, #2704, #2642, #3579, #3483, #3666, #297, #2382, #3233, #2135, #1257, #527, #3247, #3120, #1720, #2864, #2741, #2636, #3403, #944, #3065, #547, #694, #554, #741, #2615, #3157, #1612, #2729, #1357, #2028, #964, #2532 ) ) ;
#551 = ADVANCED_FACE ( 'NONE', ( #323 ), #1338, .F. ) ;
#552 = CARTESIAN_POINT ( 'NONE',  ( -0.3648849057142798900, -2.398338443327074500, 29.00000000000000000 ) ) ;
#553 = AXIS2_PLACEMENT_3D ( 'NONE', #2974, #949, #2671 ) ;
#554 = ORIENTED_EDGE ( 'NONE', *, *, #3337, .T. ) ;
#555 = DIRECTION ( 'NONE',  ( 1.000000000000000000, 0.0000000000000000000, 0.0000000000000000000 ) ) ;
#556 = CARTESIAN_POINT ( 'NONE',  ( -0.3548849057142825500, -0.2983384433270716600, -4.500000000000000900 ) ) ;
#557 = CARTESIAN_POINT ( 'NONE',  ( 3.635115094285721300, -2.398338443327074000, 28.50000000000000000 ) ) ;
#558 = EDGE_LOOP ( 'NONE', ( #1021, #771 ) ) ;
#559 = AXIS2_PLACEMENT_3D ( 'NONE', #1231, #1814, #117 ) ;
#560 = ORIENTED_EDGE ( 'NONE', *, *, #2314, .T. ) ;
#561 = EDGE_LOOP ( 'NONE', ( #2259, #3040, #173, #3462 ) ) ;
#562 = CARTESIAN_POINT ( 'NONE',  ( 0.03511509428569153200, -1.455010133552540500, -3.162770405270736200 ) ) ;
#563 = ORIENTED_EDGE ( 'NONE', *, *, #3298, .T. ) ;
#564 = EDGE_CURVE ( 'NONE', #1175, #2172, #1834, .T. ) ;
#565 = CARTESIAN_POINT ( 'NONE',  ( -0.7648849057142789200, -1.661372398757812600, 32.26121604470615300 ) ) ;
#566 = LOCAL_TIME ( 10, 11, 40.00000000000000000, #1317 ) ;
#567 = B_SPLINE_CURVE_WITH_KNOTS ( 'NONE', 3,
 ( #632, #2345, #904, #2921, #1193, #3216, #1481, #3481 ),
 .UNSPECIFIED., .F., .F.,
 ( 4, 2, 2, 4 ),
 ( 1.069288595414444500E-017, 0.0002952764659501139100, 0.0005905529319002172000, 0.001181105863800423600 ),
 .UNSPECIFIED. ) ;
#568 = DIRECTION ( 'NONE',  ( -0.0000000000000000000, 1.000000000000000000, -0.0000000000000000000 ) ) ;
#569 = CYLINDRICAL_SURFACE ( 'NONE', #259, 1.500000000000000400 ) ;
#570 = DIRECTION ( 'NONE',  ( -1.000000000000000000, -1.734723475976806800E-016, 0.0000000000000000000 ) ) ;
#571 = EDGE_CURVE ( 'NONE', #258, #250, #3271, .T. ) ;
#572 = FACE_OUTER_BOUND ( 'NONE', #3616, .T. ) ;
#573 = ADVANCED_FACE ( 'NONE', ( #2508 ), #898, .F. ) ;
#574 = VECTOR ( 'NONE', #586, 1000.000000000000000 ) ;
#575 = DIRECTION ( 'NONE',  ( -0.0000000000000000000, -0.0000000000000000000, -1.000000000000000000 ) ) ;
#576 = CIRCLE ( 'NONE', #2451, 3.133974596215561600 ) ;
#577 = CARTESIAN_POINT ( 'NONE',  ( -1.366016057375324400, -2.301954815153723500, 31.99999999967427700 ) ) ;
#578 = CARTESIAN_POINT ( 'NONE',  ( -0.7648849057142803600, -2.998338443327072300, -4.500000000000000900 ) ) ;
#579 = LINE ( 'NONE', #484, #670 ) ;
#580 = CARTESIAN_POINT ( 'NONE',  ( -0.03092713128523073100, -0.4643364602054163600, 32.80752876484801600 ) ) ;
#581 = AXIS2_PLACEMENT_3D ( 'NONE', #1872, #1549, #2167 ) ;
#582 = CARTESIAN_POINT ( 'NONE',  ( -0.4643054471647834500, -4.498338443327071400, -4.324630570639796700 ) ) ;
#583 = CARTESIAN_POINT ( 'NONE',  ( 6.635115094285720400, -7.198338443327073400, 18.80000000000000100 ) ) ;
#584 = ORIENTED_EDGE ( 'NONE', *, *, #2688, .F. ) ;
#585 = CIRCLE ( 'NONE', #1768, 1.499999999999999600 ) ;
#586 = DIRECTION ( 'NONE',  ( -1.000000000000000000, 9.912705577010325500E-017, -0.0000000000000000000 ) ) ;
#587 = EDGE_CURVE ( 'NONE', #2839, #2406, #2418, .T. ) ;
#588 = DIRECTION ( 'NONE',  ( 0.0000000000000000000, -1.000000000000000000, 0.0000000000000000000 ) ) ;
#589 = CARTESIAN_POINT ( 'NONE',  ( 0.3613089136985962500, -1.709628891091622200, -2.999999996018001700 ) ) ;
#590 = ADVANCED_FACE ( 'NONE', ( #148 ), #2694, .F. ) ;
#591 = CARTESIAN_POINT ( 'NONE',  ( -0.7648849057142789200, -3.426351344931549500, 32.68714046185608900 ) ) ;
#592 = VERTEX_POINT ( 'NONE', #422 ) ;
#593 = ADVANCED_FACE ( 'NONE', ( #2332 ), #1558, .F. ) ;
#594 = DIRECTION ( 'NONE',  ( -1.224646799147353200E-016, 1.000000000000000000, 0.0000000000000000000 ) ) ;
#595 = EDGE_CURVE ( 'NONE', #524, #687, #888, .T. ) ;
#596 = CARTESIAN_POINT ( 'NONE',  ( -0.3548849057142828300, -4.498338443327072300, -4.500000000000010700 ) ) ;
#597 = ORIENTED_EDGE ( 'NONE', *, *, #936, .T. ) ;
#598 = CARTESIAN_POINT ( 'NONE',  ( 5.385115094285720400, -1.798338443327072800, 29.00000000000000000 ) ) ;
#599 = VERTEX_POINT ( 'NONE', #411 ) ;
#600 = ORIENTED_EDGE ( 'NONE', *, *, #2889, .T. ) ;
#601 = ORIENTED_EDGE ( 'NONE', *, *, #2250, .F. ) ;
#602 = DIRECTION ( 'NONE',  ( -0.0000000000000000000, -0.0000000000000000000, -1.000000000000000000 ) ) ;
#603 = CARTESIAN_POINT ( 'NONE',  ( -0.7648849057142788100, -3.404499874588842600, 32.02823626451609600 ) ) ;
#604 = APPROVAL_DATE_TIME ( #1293, #1483 ) ;
#605 = DIRECTION ( 'NONE',  ( -1.000000000000000000, 0.0000000000000000000, 0.0000000000000000000 ) ) ;
#606 = ORIENTED_EDGE ( 'NONE', *, *, #2982, .F. ) ;
#607 = PLANE ( 'NONE',  #862 ) ;
#608 = CARTESIAN_POINT ( 'NONE',  ( -0.7648849057142804700, -1.718849436947217400, -3.837883216265564700 ) ) ;
#609 = VERTEX_POINT ( 'NONE', #2410 ) ;
#610 = CARTESIAN_POINT ( 'NONE',  ( -0.7648849057142791400, -2.998338443327063900, 40.00000000000000000 ) ) ;
#611 = VECTOR ( 'NONE', #373, 1000.000000000000000 ) ;
#612 = PLANE ( 'NONE',  #673 ) ;
#613 = VECTOR ( 'NONE', #3597, 1000.000000000000000 ) ;
#614 = EDGE_CURVE ( 'NONE', #168, #1649, #1656, .T. ) ;
#615 = EDGE_LOOP ( 'NONE', ( #1943, #3416, #1027, #2341 ) ) ;
#616 = DIRECTION ( 'NONE',  ( -0.0000000000000000000, -0.0000000000000000000, 1.000000000000000000 ) ) ;
#617 = CARTESIAN_POINT ( 'NONE',  ( -0.7648849057142803600, -4.108338443327072700, -3.491089696751986000 ) ) ;
#618 = FACE_OUTER_BOUND ( 'NONE', #2831, .T. ) ;
#619 = LINE ( 'NONE', #2901, #2897 ) ;
#620 = CARTESIAN_POINT ( 'NONE',  ( 9.535115094285719900, -9.598338443327074600, 23.65000000000000200 ) ) ;
#621 = CARTESIAN_POINT ( 'NONE',  ( 0.3873634986355604100, -1.734669649126856900, 32.00000000000000700 ) ) ;
#622 = LINE ( 'NONE', #2675, #3555 ) ;
#623 = ORIENTED_EDGE ( 'NONE', *, *, #732, .T. ) ;
#624 = CIRCLE ( 'NONE', #349, 4.400000000000000400 ) ;
#625 = CARTESIAN_POINT ( 'NONE',  ( -1.364884905714278900, -2.398338443327074500, 32.00000000000000000 ) ) ;
#626 = AXIS2_PLACEMENT_3D ( 'NONE', #870, #1421, #3149 ) ;
#627 = LINE ( 'NONE', #1784, #1973 ) ;
#628 = DIRECTION ( 'NONE',  ( 0.0000000000000000000, -0.0000000000000000000, 1.000000000000000000 ) ) ;
#629 = DIRECTION ( 'NONE',  ( 0.0000000000000000000, 0.0000000000000000000, -1.000000000000000000 ) ) ;
#630 = AXIS2_PLACEMENT_3D ( 'NONE', #3101, #2799, #2229 ) ;
#631 = CARTESIAN_POINT ( 'NONE',  ( -0.4643174791945549100, -0.2983384433270739300, 38.67539302629224800 ) ) ;
#632 = CARTESIAN_POINT ( 'NONE',  ( 0.03511509428572202900, -4.108338443327115300, -10.50891030324806300 ) ) ;
#633 = FACE_OUTER_BOUND ( 'NONE', #2535, .T. ) ;
#634 = DIRECTION ( 'NONE',  ( 0.0000000000000000000, 1.000000000000000000, 0.0000000000000000000 ) ) ;
#635 = EDGE_CURVE ( 'NONE', #2120, #384, #3105, .T. ) ;
#636 = VERTEX_POINT ( 'NONE', #1245 ) ;
#637 = CARTESIAN_POINT ( 'NONE',  ( 0.0000000000000000000, 0.0000000000000000000, 10.20000000000000100 ) ) ;
#638 = CARTESIAN_POINT ( 'NONE',  ( -8.614884905714280400, -9.698338443327074300, 5.350000000000000500 ) ) ;
#639 = VERTEX_POINT ( 'NONE', #963 ) ;
#640 = EDGE_CURVE ( 'NONE', #2168, #460, #2248, .T. ) ;
#641 = CARTESIAN_POINT ( 'NONE',  ( -0.7648849057142791400, -0.6883384433270770500, 39.50891030324801500 ) ) ;
#642 = CARTESIAN_POINT ( 'NONE',  ( 7.235115094285720100, -2.998338443327061200, -3.000000000000000000 ) ) ;
#643 = VERTEX_POINT ( 'NONE', #3514 ) ;
#644 = ORIENTED_EDGE ( 'NONE', *, *, #1708, .T. ) ;
#645 = DIRECTION ( 'NONE',  ( -0.0000000000000000000, 0.0000000000000000000, -1.000000000000000000 ) ) ;
#646 = EDGE_LOOP ( 'NONE', ( #202, #1836, #3635, #2789 ) ) ;
#647 = CARTESIAN_POINT ( 'NONE',  ( 0.03511509428571974600, -3.553798165325329900, -3.595839853611520400 ) ) ;
#648 = EDGE_LOOP ( 'NONE', ( #128, #1440, #94, #560 ) ) ;
#649 = PLANE ( 'NONE',  #1017 ) ;
#650 = AXIS2_PLACEMENT_3D ( 'NONE', #2987, #2363, #855 ) ;
#651 = DIRECTION ( 'NONE',  ( -1.000000000000000000, -9.912705577010325500E-017, 0.0000000000000000000 ) ) ;
#652 = ORIENTED_EDGE ( 'NONE', *, *, #2116, .F. ) ;
#653 = CARTESIAN_POINT ( 'NONE',  ( -5.364884905714277800, 0.9016615566729273600, 29.00000000000000000 ) ) ;
#654 = CARTESIAN_POINT ( 'NONE',  ( -0.4643054471636997000, -4.498338443327075000, 33.32463057063925000 ) ) ;
#655 = CARTESIAN_POINT ( 'NONE',  ( -7.964884905714280100, -2.398338443327074500, 36.10000000000000100 ) ) ;
#656 = APPROVAL_DATE_TIME ( #1411, #164 ) ;
#657 = ORIENTED_EDGE ( 'NONE', *, *, #2109, .F. ) ;
#658 = LINE ( 'NONE', #785, #2100 ) ;
#659 = CYLINDRICAL_SURFACE ( 'NONE', #1439, 0.3899999999999998500 ) ;
#660 = DIRECTION ( 'NONE',  ( 1.000000000000000000, 9.912705577010326800E-017, 0.0000000000000000000 ) ) ;
#661 = CARTESIAN_POINT ( 'NONE',  ( -0.6654973424197944100, -0.4236585248974791300, 32.89280977350212300 ) ) ;
#662 = CARTESIAN_POINT ( 'NONE',  ( 0.4511095181371328500, -1.815921974339467900, -2.999999992245900400 ) ) ;
#663 = LINE ( 'NONE', #3155, #2848 ) ;
#664 = EDGE_CURVE ( 'NONE', #1536, #1584, #3008, .T. ) ;
#665 = CARTESIAN_POINT ( 'NONE',  ( 5.385115094285720400, -1.798338443327072800, 29.00000000000000000 ) ) ;
#666 = VECTOR ( 'NONE', #2473, 1000.000000000000000 ) ;
#667 = CARTESIAN_POINT ( 'NONE',  ( -0.03105884953023095200, -4.332674945328208500, -3.808035308771381600 ) ) ;
#668 = CARTESIAN_POINT ( 'NONE',  ( 0.03511509428572116100, -3.402076182509111000, 32.04168413148460100 ) ) ;
#669 = ORIENTED_EDGE ( 'NONE', *, *, #2742, .F. ) ;
#670 = VECTOR ( 'NONE', #2772, 1000.000000000000000 ) ;
#671 = CARTESIAN_POINT ( 'NONE',  ( 6.635115094285720400, -4.498338443327073200, 29.00000000000000000 ) ) ;
#672 = VECTOR ( 'NONE', #555, 1000.000000000000000 ) ;
#673 = AXIS2_PLACEMENT_3D ( 'NONE', #3174, #426, #2425 ) ;
#674 = CARTESIAN_POINT ( 'NONE',  ( 0.03511509428576432100, -2.650486084602409400, -3.268801948826598900 ) ) ;
#675 = CARTESIAN_POINT ( 'NONE',  ( 2.935115094285721100, 4.701661556672927800, 29.00000000000000000 ) ) ;
#676 = CARTESIAN_POINT ( 'NONE',  ( -6.114884905714277800, -4.498338443327073200, 0.0000000000000000000 ) ) ;
#677 = AXIS2_PLACEMENT_3D ( 'NONE', #620, #2613, #894 ) ;
#678 = VERTEX_POINT ( 'NONE', #941 ) ;
#679 = DIRECTION ( 'NONE',  ( 1.000000000000000000, 0.0000000000000000000, 0.0000000000000000000 ) ) ;
#680 = CARTESIAN_POINT ( 'NONE',  ( 0.3369232854100235900, -3.110704404663545500, 32.00000000000000000 ) ) ;
#681 = CARTESIAN_POINT ( 'NONE',  ( 6.635115094285720400, -0.4983384433270728300, 29.00000000000000000 ) ) ;
#682 = B_SPLINE_CURVE_WITH_KNOTS ( 'NONE', 3,
 ( #3421, #2847, #7, #3410, #1410, #3140, #1116, #2832 ),
 .UNSPECIFIED., .F., .F.,
 ( 4, 2, 2, 4 ),
 ( 8.741117365843378200E-019, 0.0004741405156765059600, 0.0007112107735147585300, 0.0009482810313530112600 ),
 .UNSPECIFIED. ) ;
#683 = ORIENTED_EDGE ( 'NONE', *, *, #2589, .F. ) ;
#684 = ORIENTED_EDGE ( 'NONE', *, *, #2506, .F. ) ;
#685 = CARTESIAN_POINT ( 'NONE',  ( 0.03511509428571971800, -4.108338443327070000, -11.00000000000000000 ) ) ;
#686 = EDGE_CURVE ( 'NONE', #2693, #3318, #67, .T. ) ;
#687 = VERTEX_POINT ( 'NONE', #385 ) ;
#688 = DIRECTION ( 'NONE',  ( 0.0000000000000000000, 1.000000000000000000, 0.0000000000000000000 ) ) ;
#689 = ORIENTED_EDGE ( 'NONE', *, *, #1509, .F. ) ;
#690 = EDGE_CURVE ( 'NONE', #1939, #2978, #2911, .T. ) ;
#691 = DIRECTION ( 'NONE',  ( 0.0000000000000000000, 0.0000000000000000000, 1.000000000000000000 ) ) ;
#692 = DIRECTION ( 'NONE',  ( -3.614007241618346300E-016, 1.000000000000000000, -0.0000000000000000000 ) ) ;
#693 = CARTESIAN_POINT ( 'NONE',  ( 0.03511509428572121700, -3.125756020655202000, 32.82466220714963600 ) ) ;
#694 = ORIENTED_EDGE ( 'NONE', *, *, #2667, .T. ) ;
#695 = VERTEX_POINT ( 'NONE', #2664 ) ;
#696 = CARTESIAN_POINT ( 'NONE',  ( -7.964884905714280100, -2.398338443327067400, -8.099999999999999600 ) ) ;
#697 = ORIENTED_EDGE ( 'NONE', *, *, #3590, .T. ) ;
#698 = ORIENTED_EDGE ( 'NONE', *, *, #2460, .F. ) ;
#699 = CARTESIAN_POINT ( 'NONE',  ( -0.7648849057142791400, -0.6883384433270770500, 32.49108969675198500 ) ) ;
#700 = AXIS2_PLACEMENT_3D ( 'NONE', #3238, #2951, #1508 ) ;
#701 = FACE_OUTER_BOUND ( 'NONE', #2057, .T. ) ;
#702 = LINE ( 'NONE', #3583, #1540 ) ;
#703 = CARTESIAN_POINT ( 'NONE',  ( 0.03511509428572003700, -4.175496675586872500, -3.564976976491712500 ) ) ;
#704 = CARTESIAN_POINT ( 'NONE',  ( 0.03511509428572116100, -2.266248933644555500, 32.26222869078229400 ) ) ;
#705 = FACE_OUTER_BOUND ( 'NONE', #2822, .T. ) ;
#706 = CYLINDRICAL_SURFACE ( 'NONE', #2283, 1.650000000000000400 ) ;
#707 = EDGE_CURVE ( 'NONE', #2560, #1955, #3658, .T. ) ;
#708 = ORIENTED_EDGE ( 'NONE', *, *, #2342, .T. ) ;
#709 = LINE ( 'NONE', #14, #2900 ) ;
#710 = CARTESIAN_POINT ( 'NONE',  ( -0.3548849057142802200, -0.2983384433270716600, -9.499999999999989300 ) ) ;
#711 = CARTESIAN_POINT ( 'NONE',  ( -0.3548849057142788300, -0.6883384433270741700, 40.00000000000000000 ) ) ;
#712 = DIRECTION ( 'NONE',  ( -0.0000000000000000000, -0.0000000000000000000, -1.000000000000000000 ) ) ;
#713 = EDGE_CURVE ( 'NONE', #1152, #1739, #2401, .T. ) ;
#714 = ORIENTED_EDGE ( 'NONE', *, *, #2197, .F. ) ;
#715 = EDGE_LOOP ( 'NONE', ( #2442, #2216 ) ) ;
#716 = CIRCLE ( 'NONE', #2333, 0.5000000000000004400 ) ;
#717 = CIRCLE ( 'NONE', #2280, 1.000000000000000000 ) ;
#718 = CARTESIAN_POINT ( 'NONE',  ( 0.4413520322098659600, -1.802678104069360700, 31.99999999202626100 ) ) ;
#719 = CARTESIAN_POINT ( 'NONE',  ( -0.7648849057142800300, -1.441607639224072200, -3.148963083895167900 ) ) ;
#720 = CARTESIAN_POINT ( 'NONE',  ( -7.364884905714278700, -0.4983384433270728300, 29.00000000000000000 ) ) ;
#721 = VECTOR ( 'NONE', #1526, 1000.000000000000000 ) ;
#722 = CARTESIAN_POINT ( 'NONE',  ( 0.6351150942857211000, -2.398338443327074500, 29.00000000000000000 ) ) ;
#723 = DIRECTION ( 'NONE',  ( -0.0000000000000000000, -0.0000000000000000000, -1.000000000000000000 ) ) ;
#724 = ORIENTED_EDGE ( 'NONE', *, *, #3144, .T. ) ;
#725 = CC_DESIGN_PERSON_AND_ORGANIZATION_ASSIGNMENT ( #2840, #3638, ( #3661 ) ) ;
#726 = DIRECTION ( 'NONE',  ( 1.000000000000000000, 0.0000000000000000000, 0.0000000000000000000 ) ) ;
#727 = B_SPLINE_CURVE_WITH_KNOTS ( 'NONE', 3,
 ( #1024, #2455, #2917, #735, #993, #95, #2060, #1621, #1581, #453 ),
 .UNSPECIFIED., .F., .F.,
 ( 4, 2, 2, 2, 4 ),
 ( -7.745982956179563800E-006, 0.0002857330816814253300, 0.0005792121463190303100, 0.0008726912109566332200, 0.001166170275594236000 ),
 .UNSPECIFIED. ) ;
#728 = VERTEX_POINT ( 'NONE', #932 ) ;
#729 = CARTESIAN_POINT ( 'NONE',  ( -0.7648849057142639300, -2.619044509642855200, -3.267101720848243600 ) ) ;
#730 = ORIENTED_EDGE ( 'NONE', *, *, #11, .T. ) ;
#731 = DIRECTION ( 'NONE',  ( -0.0000000000000000000, -0.0000000000000000000, 1.000000000000000000 ) ) ;
#732 = EDGE_CURVE ( 'NONE', #251, #3328, #808, .T. ) ;
#733 = CARTESIAN_POINT ( 'NONE',  ( 0.03511509428571969700, -3.823275009145395300, -3.069101626263391200 ) ) ;
#734 = ORIENTED_EDGE ( 'NONE', *, *, #2254, .F. ) ;
#735 = CARTESIAN_POINT ( 'NONE',  ( -0.5498654176480609600, -0.3368527648654384100, -4.150988649517889200 ) ) ;
#736 = ORIENTED_EDGE ( 'NONE', *, *, #3102, .T. ) ;
#737 = ORIENTED_EDGE ( 'NONE', *, *, #1715, .F. ) ;
#738 = DIRECTION ( 'NONE',  ( -0.0000000000000000000, -0.0000000000000000000, -1.000000000000000000 ) ) ;
#739 = CARTESIAN_POINT ( 'NONE',  ( -0.7648849057142791400, -1.006519651502356400, 32.22602080043933600 ) ) ;
#740 = CARTESIAN_POINT ( 'NONE',  ( -0.7648849057142804700, -3.794668949166365200, -3.259660921726559300 ) ) ;
#741 = ORIENTED_EDGE ( 'NONE', *, *, #825, .T. ) ;
#742 = APPROVAL_PERSON_ORGANIZATION ( #1493, #164, #3359 ) ;
#743 = CARTESIAN_POINT ( 'NONE',  ( 6.635115094285720400, 0.9016615566729271300, 0.0000000000000000000 ) ) ;
#744 = CARTESIAN_POINT ( 'NONE',  ( 0.03511509428569513400, -3.395370621565829200, -3.090758217069489600 ) ) ;
#745 = CARTESIAN_POINT ( 'NONE',  ( -0.6659701183939723500, -4.372423805516901600, 39.10841582413775800 ) ) ;
#746 = FACE_OUTER_BOUND ( 'NONE', #1753, .T. ) ;
#747 = CIRCLE ( 'NONE', #677, 1.649999999999998600 ) ;
#748 = CARTESIAN_POINT ( 'NONE',  ( -7.364884905714278700, -5.898338443327073600, 29.00000000000000000 ) ) ;
#749 = ORIENTED_EDGE ( 'NONE', *, *, #1000, .F. ) ;
#750 = VECTOR ( 'NONE', #3304, 1000.000000000000000 ) ;
#751 = DIRECTION ( 'NONE',  ( 1.000000000000000000, 0.0000000000000000000, 0.0000000000000000000 ) ) ;
#752 = CARTESIAN_POINT ( 'NONE',  ( -0.7648849057142789200, -4.108338443327072700, 39.50891030324806500 ) ) ;
#753 = DIRECTION ( 'NONE',  ( -1.000000000000000000, 0.0000000000000000000, 0.0000000000000000000 ) ) ;
#754 = CARTESIAN_POINT ( 'NONE',  ( -0.7648849057142787000, -1.457360459542655500, 32.73482897814545100 ) ) ;
#755 = VECTOR ( 'NONE', #1915, 1000.000000000000000 ) ;
#756 = EDGE_CURVE ( 'NONE', #1995, #1667, #717, .T. ) ;
#757 = DIRECTION ( 'NONE',  ( 1.000000000000000000, 0.0000000000000000000, 0.0000000000000000000 ) ) ;
#758 = ORIENTED_EDGE ( 'NONE', *, *, #1374, .T. ) ;
#759 = VECTOR ( 'NONE', #3319, 1000.000000000000000 ) ;
#760 = CARTESIAN_POINT ( 'NONE',  ( -0.3648849057142798400, -2.398338443327071800, 0.5000000000000000000 ) ) ;
#761 = EDGE_CURVE ( 'NONE', #2398, #1990, #2816, .T. ) ;
#762 = CIRCLE ( 'NONE', #69, 5.990826320300064000 ) ;
#763 = CARTESIAN_POINT ( 'NONE',  ( -8.614884905714280400, -7.198338443327074300, 5.350000000000000500 ) ) ;
#764 = CARTESIAN_POINT ( 'NONE',  ( -0.7648849057142803600, -2.998338443327061200, -11.00000000000000000 ) ) ;
#765 = CARTESIAN_POINT ( 'NONE',  ( -4.764884905714279900, -2.398338443327071800, 0.0000000000000000000 ) ) ;
#766 = CARTESIAN_POINT ( 'NONE',  ( -0.7648849057142791400, -3.790157235151793400, 32.22602080043933600 ) ) ;
#767 = DIRECTION ( 'NONE',  ( 1.000000000000000000, 0.0000000000000000000, 0.0000000000000000000 ) ) ;
#768 = ORIENTED_EDGE ( 'NONE', *, *, #1000, .T. ) ;
#769 = ORIENTED_EDGE ( 'NONE', *, *, #1199, .T. ) ;
#770 = ADVANCED_FACE ( 'NONE', ( #1287, #1381 ), #3494, .F. ) ;
#771 = ORIENTED_EDGE ( 'NONE', *, *, #2818, .T. ) ;
#772 = DIRECTION ( 'NONE',  ( 0.0000000000000000000, 0.0000000000000000000, 1.000000000000000000 ) ) ;
#773 = ORIENTED_EDGE ( 'NONE', *, *, #1593, .F. ) ;
#774 = DIRECTION ( 'NONE',  ( -0.0000000000000000000, -1.000000000000000000, -0.0000000000000000000 ) ) ;
#775 = CARTESIAN_POINT ( 'NONE',  ( 6.635115094285720400, -0.4983384433270728300, 0.0000000000000000000 ) ) ;
#776 = ORIENTED_EDGE ( 'NONE', *, *, #1401, .F. ) ;
#777 = VERTEX_POINT ( 'NONE', #1517 ) ;
#778 = ORIENTED_EDGE ( 'NONE', *, *, #1861, .T. ) ;
#779 = CARTESIAN_POINT ( 'NONE',  ( 0.03511509428572110600, -2.398338443327074500, 36.10000000000000100 ) ) ;
#780 = EDGE_CURVE ( 'NONE', #1175, #522, #627, .T. ) ;
#781 = DIRECTION ( 'NONE',  ( -1.000000000000000000, -0.0000000000000000000, -0.0000000000000000000 ) ) ;
#782 = ORIENTED_EDGE ( 'NONE', *, *, #595, .T. ) ;
#783 = CARTESIAN_POINT ( 'NONE',  ( -0.3648849057142789500, -2.398338443327074500, 28.50000000000000000 ) ) ;
#784 = VERTEX_POINT ( 'NONE', #1820 ) ;
#785 = CARTESIAN_POINT ( 'NONE',  ( 4.135115094285719600, -6.398338443327077100, 29.00000000000000000 ) ) ;
#786 = VERTEX_POINT ( 'NONE', #70 ) ;
#787 = EDGE_CURVE ( 'NONE', #283, #1468, #448, .T. ) ;
#788 = CARTESIAN_POINT ( 'NONE',  ( 13.38511509428572500, -9.598338443327074600, 29.00000000000000000 ) ) ;
#789 = CARTESIAN_POINT ( 'NONE',  ( 0.6199868210080525800, -2.200130531272831200, -3.000000005703213500 ) ) ;
#790 = VERTEX_POINT ( 'NONE', #415 ) ;
#791 = ADVANCED_FACE ( 'NONE', ( #1194 ), #3533, .F. ) ;
#792 = APPROVAL_STATUS ( 'not_yet_approved' ) ;
#793 = CARTESIAN_POINT ( 'NONE',  ( -14.11488490571428200, -7.198338443327075200, 0.0000000000000000000 ) ) ;
#794 = CARTESIAN_POINT ( 'NONE',  ( 0.3280073841931415700, -3.114662775544820800, 32.00332417516018100 ) ) ;
#795 = FACE_OUTER_BOUND ( 'NONE', #1437, .T. ) ;
#796 = CARTESIAN_POINT ( 'NONE',  ( -0.7648849057142803600, -2.998338443327072300, -9.500000000000000000 ) ) ;
#797 = VECTOR ( 'NONE', #1281, 1000.000000000000000 ) ;
#798 = CARTESIAN_POINT ( 'NONE',  ( -6.114884905714277800, -4.498338443327073200, 29.00000000000000000 ) ) ;
#799 = AXIS2_PLACEMENT_3D ( 'NONE', #2074, #2612, #2021 ) ;
#800 = LINE ( 'NONE', #3263, #3551 ) ;
#801 = FACE_OUTER_BOUND ( 'NONE', #1568, .T. ) ;
#802 = VECTOR ( 'NONE', #1304, 1000.000000000000000 ) ;
#803 = AXIS2_PLACEMENT_3D ( 'NONE', #3573, #1879, #175 ) ;
#804 = CIRCLE ( 'NONE', #1550, 1.000000000000000000 ) ;
#805 = CARTESIAN_POINT ( 'NONE',  ( 0.03511509428572121700, -2.537216434772242600, 32.91649349788610100 ) ) ;
#806 = PLANE ( 'NONE',  #2348 ) ;
#807 = EDGE_CURVE ( 'NONE', #3282, #80, #542, .T. ) ;
#808 = LINE ( 'NONE', #2374, #3562 ) ;
#809 = VERTEX_POINT ( 'NONE', #1207 ) ;
#810 = DIRECTION ( 'NONE',  ( 1.000000000000000000, 0.0000000000000000000, 0.0000000000000000000 ) ) ;
#811 = VECTOR ( 'NONE', #1240, 1000.000000000000000 ) ;
#812 = ADVANCED_FACE ( 'NONE', ( #1107 ), #3252, .F. ) ;
#813 = CARTESIAN_POINT ( 'NONE',  ( 0.03511509428572044700, -1.006519651502353800, -3.226020800439330900 ) ) ;
#814 = ORIENTED_EDGE ( 'NONE', *, *, #2296, .T. ) ;
#815 = AXIS2_PLACEMENT_3D ( 'NONE', #2815, #817, #2531 ) ;
#816 = ORIENTED_EDGE ( 'NONE', *, *, #3189, .T. ) ;
#817 = DIRECTION ( 'NONE',  ( 0.0000000000000000000, 0.0000000000000000000, -1.000000000000000000 ) ) ;
#818 = ORIENTED_EDGE ( 'NONE', *, *, #3316, .F. ) ;
#819 = CARTESIAN_POINT ( 'NONE',  ( -5.364884905714281300, -5.898338443327072700, 0.0000000000000000000 ) ) ;
#820 = CARTESIAN_POINT ( 'NONE',  ( -0.7648849057142803600, -3.790157235151789400, -3.226020800439330900 ) ) ;
#821 = PRODUCT_DEFINITION_SHAPE ( 'NONE', 'NONE',  #2703 ) ;
#822 = ORIENTED_EDGE ( 'NONE', *, *, #2414, .F. ) ;
#823 = DIRECTION ( 'NONE',  ( 0.0000000000000000000, -1.000000000000000000, 0.0000000000000000000 ) ) ;
#824 = ORIENTED_EDGE ( 'NONE', *, *, #2213, .F. ) ;
#825 = EDGE_CURVE ( 'NONE', #2475, #1161, #3479, .T. ) ;
#826 = CARTESIAN_POINT ( 'NONE',  ( 0.03511509428571990600, -2.944324463195702200, -3.868766534661510100 ) ) ;
#827 = VERTEX_POINT ( 'NONE', #333 ) ;
#828 = CARTESIAN_POINT ( 'NONE',  ( -0.06379969303458550600, -0.4242530811372467500, -10.10841582413776500 ) ) ;
#829 = EDGE_LOOP ( 'NONE', ( #2432, #1520, #3632, #3489, #3418, #1088 ) ) ;
#830 = DIRECTION ( 'NONE',  ( 0.0000000000000000000, 0.0000000000000000000, 1.000000000000000000 ) ) ;
#831 = EDGE_CURVE ( 'NONE', #2695, #3280, #2631, .T. ) ;
#832 = VERTEX_POINT ( 'NONE', #1443 ) ;
#833 = ADVANCED_FACE ( 'NONE', ( #2546 ), #2583, .F. ) ;
#834 = COORDINATED_UNIVERSAL_TIME_OFFSET ( 0, 0, .AHEAD. ) ;
#835 = ORIENTED_EDGE ( 'NONE', *, *, #2301, .T. ) ;
#836 = CYLINDRICAL_SURFACE ( 'NONE', #2427, 0.5000000000000004400 ) ;
#837 = DIRECTION ( 'NONE',  ( -0.0000000000000000000, -0.0000000000000000000, -1.000000000000000000 ) ) ;
#838 = VECTOR ( 'NONE', #2590, 1000.000000000000000 ) ;
#839 = CARTESIAN_POINT ( 'NONE',  ( -1.066693096838581500, -1.685972481990603700, 32.00000000000000000 ) ) ;
#840 = PERSON ( 'UNSPECIFIED', 'UNSPECIFIED', 'UNSPECIFIED', ('UNSPECIFIED'), ('UNSPECIFIED'), ('UNSPECIFIED') ) ;
#841 = CARTESIAN_POINT ( 'NONE',  ( -7.364884905714278700, -0.4983384433270728300, 0.0000000000000000000 ) ) ;
#842 = VECTOR ( 'NONE', #435, 1000.000000000000000 ) ;
#843 = AXIS2_PLACEMENT_3D ( 'NONE', #2029, #2472, #2246 ) ;
#844 = CARTESIAN_POINT ( 'NONE',  ( -5.364884905714277800, 0.9016615566729273600, 0.0000000000000000000 ) ) ;
#845 = LINE ( 'NONE', #187, #1504 ) ;
#846 = FACE_OUTER_BOUND ( 'NONE', #2311, .T. ) ;
#847 = ADVANCED_FACE ( 'NONE', ( #1011 ), #612, .F. ) ;
#848 = CARTESIAN_POINT ( 'NONE',  ( -0.7648849057142789200, -1.670920865998914500, 32.82466220714963600 ) ) ;
#849 = CIRCLE ( 'NONE', #3371, 0.5000000000000004400 ) ;
#850 = EDGE_CURVE ( 'NONE', #643, #2936, #3226, .T. ) ;
#851 = ORIENTED_EDGE ( 'NONE', *, *, #2814, .F. ) ;
#852 = ORIENTED_EDGE ( 'NONE', *, *, #1588, .F. ) ;
#853 = CARTESIAN_POINT ( 'NONE',  ( -1.366320766561139700, -2.491133679238461100, -3.000000001008661200 ) ) ;
#854 = CARTESIAN_POINT ( 'NONE',  ( -0.7648849057142789200, -2.530427953009529900, 32.26222869078228700 ) ) ;
#855 = DIRECTION ( 'NONE',  ( -0.0000000000000000000, 0.0000000000000000000, -1.000000000000000000 ) ) ;
#856 = AXIS2_PLACEMENT_3D ( 'NONE', #1004, #3038, #1301 ) ;
#857 = ORIENTED_EDGE ( 'NONE', *, *, #1223, .F. ) ;
#858 = CARTESIAN_POINT ( 'NONE',  ( -0.3548849057142825500, -0.2983384433270716600, -11.00000000000000000 ) ) ;
#859 = DIRECTION ( 'NONE',  ( 2.065146995210484400E-016, 1.000000000000000000, -0.0000000000000000000 ) ) ;
#860 = ORIENTED_EDGE ( 'NONE', *, *, #571, .F. ) ;
#861 = ADVANCED_FACE ( 'NONE', ( #2461, #3311 ), #980, .F. ) ;
#862 = AXIS2_PLACEMENT_3D ( 'NONE', #2602, #2892, #1168 ) ;
#863 = ADVANCED_FACE ( 'NONE', ( #278 ), #2370, .T. ) ;
#864 = ORIENTED_EDGE ( 'NONE', *, *, #1473, .T. ) ;
#865 = ORIENTED_EDGE ( 'NONE', *, *, #2414, .T. ) ;
#866 = CARTESIAN_POINT ( 'NONE',  ( -1.245127203482588700, -1.918801271985616500, -3.000000007932267300 ) ) ;
#867 = VERTEX_POINT ( 'NONE', #2715 ) ;
#868 = EDGE_CURVE ( 'NONE', #384, #224, #188, .T. ) ;
#869 = CARTESIAN_POINT ( 'NONE',  ( -1.171121843638406500, -2.993998782584794700, 31.99999999202627500 ) ) ;
#870 = CARTESIAN_POINT ( 'NONE',  ( -0.3548849057142830500, -4.498338443327072300, -11.00000000000000000 ) ) ;
#871 = CIRCLE ( 'NONE', #2727, 1.000000000000000000 ) ;
#872 = CARTESIAN_POINT ( 'NONE',  ( 0.03511509428572110600, -1.006519651502356400, 32.22602080043933600 ) ) ;
#873 = EDGE_CURVE ( 'NONE', #1454, #867, #1696, .T. ) ;
#874 = LINE ( 'NONE', #961, #134 ) ;
#875 = VECTOR ( 'NONE', #920, 1000.000000000000000 ) ;
#876 = VECTOR ( 'NONE', #1934, 1000.000000000000000 ) ;
#877 = CARTESIAN_POINT ( 'NONE',  ( -7.364884905714278700, 0.9016615566729271300, 29.00000000000000000 ) ) ;
#878 = ORIENTED_EDGE ( 'NONE', *, *, #2623, .T. ) ;
#879 = AXIS2_PLACEMENT_3D ( 'NONE', #1607, #3054, #2193 ) ;
#880 = ADVANCED_FACE ( 'NONE', ( #846 ), #1507, .T. ) ;
#881 = CIRCLE ( 'NONE', #843, 1.000000000000000200 ) ;
#882 = DIRECTION ( 'NONE',  ( -0.0000000000000000000, -0.0000000000000000000, -1.000000000000000000 ) ) ;
#883 = ORIENTED_EDGE ( 'NONE', *, *, #707, .T. ) ;
#884 = FACE_OUTER_BOUND ( 'NONE', #2690, .T. ) ;
#885 = DIRECTION ( 'NONE',  ( 1.000000000000000000, 0.0000000000000000000, -0.0000000000000000000 ) ) ;
#886 = DIRECTION ( 'NONE',  ( -1.000000000000000000, 0.0000000000000000000, 0.0000000000000000000 ) ) ;
#887 = CARTESIAN_POINT ( 'NONE',  ( -0.7648849057142805800, -1.335872729237054000, -3.664741857609826100 ) ) ;
#888 = CIRCLE ( 'NONE', #1310, 1.500000000000000000 ) ;
#889 = EDGE_CURVE ( 'NONE', #2649, #2601, #2282, .T. ) ;
#890 = VECTOR ( 'NONE', #3269, 1000.000000000000000 ) ;
#891 = DIRECTION ( 'NONE',  ( 1.000000000000000000, 0.0000000000000000000, 0.0000000000000000000 ) ) ;
#892 = EDGE_CURVE ( 'NONE', #3672, #1531, #3055, .T. ) ;
#893 = ORIENTED_EDGE ( 'NONE', *, *, #2682, .F. ) ;
#894 = DIRECTION ( 'NONE',  ( 0.0000000000000000000, 0.0000000000000000000, 1.000000000000000000 ) ) ;
#895 = CARTESIAN_POINT ( 'NONE',  ( 0.03511509428572202900, -4.108338443327115300, -3.491089696751936700 ) ) ;
#896 = ORIENTED_EDGE ( 'NONE', *, *, #1452, .T. ) ;
#897 = ORIENTED_EDGE ( 'NONE', *, *, #807, .F. ) ;
#898 =( BOUNDED_SURFACE ( )  B_SPLINE_SURFACE ( 3, 2, ( 
 ( #3315, #3044, #2734 ),
 ( #740, #2458, #457 ),
 ( #2173, #177, #1882 ),
 ( #3575, #1587, #3308 ),
 ( #1296, #3033, #3212 ),
 ( #3158, #2044, #998 ),
 ( #2721, #2446, #443 ),
 ( #2162, #729, #167 ),
 ( #1868, #1573, #853 ),
 ( #2855, #1133, #2979 ),
 ( #304, #3278, #1551 ),
 ( #2013, #2303, #321 ),
 ( #3264, #2869, #866 ),
 ( #3546, #57, #3019 ),
 ( #1283, #3296, #987 ),
 ( #2708, #719, #2433 ),
 ( #431, #2148, #153 ),
 ( #1855, #3552, #1560 ) ),
 .UNSPECIFIED., .F., .F., .T. ) 
 B_SPLINE_SURFACE_WITH_KNOTS ( ( 4, 2, 2, 2, 2, 2, 2, 2, 4 ),
 ( 3, 3 ),
 ( 0.0001106289273371853700, 0.0005592242411311661300, 0.001007819554925146900, 0.001456414868719127700, 0.001905010182513108500, 0.002353605496307089100, 0.002802200810101069900, 0.003250796123895050700, 0.003699391437689031500 ),
 ( 0.0000000000000000000, 1.000000000000000000 ),
 .UNSPECIFIED. ) 
 GEOMETRIC_REPRESENTATION_ITEM ( )  RATIONAL_B_SPLINE_SURFACE ( (
 ( 1.000000000000000000, 0.9213674866423980900, 1.000000000000000000),
 ( 1.000000000000000000, 0.9198224284700239300, 1.000000000000000000),
 ( 1.000000000000000000, 0.9149367719537553300, 1.000000000000000000),
 ( 1.000000000000000000, 0.9001179376208965400, 1.000000000000000000),
 ( 1.000000000000000000, 0.8901298227701889300, 1.000000000000000000),
 ( 1.000000000000000000, 0.8690327592597849600, 1.000000000000000000),
 ( 1.000000000000000000, 0.8577515549904231000, 1.000000000000000000),
 ( 1.000000000000000000, 0.8412621789786551800, 1.000000000000000000),
 ( 1.000000000000000000, 0.8362309975840951400, 1.000000000000000000),
 ( 1.000000000000000000, 0.8371506796668919400, 1.000000000000000000),
 ( 1.000000000000000000, 0.8430475755224434700, 1.000000000000000000),
 ( 1.000000000000000000, 0.8604351863460743000, 1.000000000000000000),
 ( 1.000000000000000000, 0.8717740079265740000, 1.000000000000000000),
 ( 1.000000000000000000, 0.8928516841980059800, 1.000000000000000000),
 ( 1.000000000000000000, 0.9025143271650770700, 1.000000000000000000),
 ( 1.000000000000000000, 0.9163577997142431400, 1.000000000000000000),
 ( 1.000000000000000000, 0.9207902638841779500, 1.000000000000000000),
 ( 1.000000000000000000, 0.9217273726050985200, 1.000000000000000000) ) ) 
 REPRESENTATION_ITEM ( '' )  SURFACE ( )  );
#899 = ORIENTED_EDGE ( 'NONE', *, *, #3164, .T. ) ;
#900 = PLANE ( 'NONE',  #115 ) ;
#901 = DIRECTION ( 'NONE',  ( -0.0000000000000000000, -0.0000000000000000000, -1.000000000000000000 ) ) ;
#902 = ORIENTED_EDGE ( 'NONE', *, *, #2296, .F. ) ;
#903 = PLANE ( 'NONE',  #2586 ) ;
#904 = CARTESIAN_POINT ( 'NONE',  ( 0.01872395825245158600, -4.233264829547631600, -10.35686980928934500 ) ) ;
#905 = VERTEX_POINT ( 'NONE', #450 ) ;
#906 = VERTEX_POINT ( 'NONE', #2178 ) ;
#907 = SECURITY_CLASSIFICATION ( '', '', #1946 ) ;
#908 = CARTESIAN_POINT ( 'NONE',  ( 0.5253079737153234500, -1.937239274615530700, -3.000000007754099600 ) ) ;
#909 = LOCAL_TIME ( 10, 11, 40.00000000000000000, #1682 ) ;
#910 = EDGE_CURVE ( 'NONE', #1845, #1454, #1495, .T. ) ;
#911 = ORIENTED_EDGE ( 'NONE', *, *, #978, .F. ) ;
#912 = DIRECTION ( 'NONE',  ( -1.000000000000000000, 0.0000000000000000000, -0.0000000000000000000 ) ) ;
#913 = CARTESIAN_POINT ( 'NONE',  ( 6.635115094285720400, -3.198338443327073400, 29.00000000000000000 ) ) ;
#914 = FACE_OUTER_BOUND ( 'NONE', #517, .T. ) ;
#915 = VECTOR ( 'NONE', #2878, 1000.000000000000000 ) ;
#916 = CARTESIAN_POINT ( 'NONE',  ( -0.3648849057142789500, -2.398338443327074500, 32.00000000000000000 ) ) ;
#917 = CARTESIAN_POINT ( 'NONE',  ( -0.3748849057142790200, -4.108338443327075300, 40.00000000000000000 ) ) ;
#918 = LINE ( 'NONE', #3324, #2275 ) ;
#919 = LINE ( 'NONE', #1786, #3137 ) ;
#920 = DIRECTION ( 'NONE',  ( 1.000000000000000000, -0.0000000000000000000, -0.0000000000000000000 ) ) ;
#921 = DIRECTION ( 'NONE',  ( 0.0000000000000000000, 0.0000000000000000000, 1.000000000000000000 ) ) ;
#922 = EDGE_LOOP ( 'NONE', ( #1900, #3237, #1800, #2984, #2127, #1224 ) ) ;
#923 = VECTOR ( 'NONE', #723, 1000.000000000000000 ) ;
#924 = CARTESIAN_POINT ( 'NONE',  ( 0.03511509428572024600, -1.143642656867518600, -3.140794469839066000 ) ) ;
#925 = AXIS2_PLACEMENT_3D ( 'NONE', #3339, #1623, #3612 ) ;
#926 = FACE_OUTER_BOUND ( 'NONE', #646, .T. ) ;
#927 = DIRECTION ( 'NONE',  ( -0.0000000000000000000, -0.0000000000000000000, -1.000000000000000000 ) ) ;
#928 = DIRECTION ( 'NONE',  ( 1.000000000000000000, -0.0000000000000000000, -0.0000000000000000000 ) ) ;
#929 = CARTESIAN_POINT ( 'NONE',  ( -4.864884905714277800, -6.698338443327069000, 29.00000000000000000 ) ) ;
#930 = EDGE_CURVE ( 'NONE', #695, #1377, #104, .T. ) ;
#931 = ORIENTED_EDGE ( 'NONE', *, *, #1838, .T. ) ;
#932 = CARTESIAN_POINT ( 'NONE',  ( -0.7648849057142803600, -4.108338443327072700, -10.50891030324801400 ) ) ;
#933 = CARTESIAN_POINT ( 'NONE',  ( 0.03511509428574783500, -3.154078233554852100, -3.257063841427158200 ) ) ;
#934 = CARTESIAN_POINT ( 'NONE',  ( -0.7648849057142789200, -0.6883384433270769400, 40.00000000000000000 ) ) ;
#935 = ORIENTED_EDGE ( 'NONE', *, *, #526, .F. ) ;
#936 = EDGE_CURVE ( 'NONE', #3318, #2693, #3141, .T. ) ;
#937 = DIRECTION ( 'NONE',  ( 0.0000000000000000000, 0.0000000000000000000, 1.000000000000000000 ) ) ;
#938 = DIRECTION ( 'NONE',  ( 1.000000000000000000, 0.0000000000000000000, 0.0000000000000000000 ) ) ;
#939 = CARTESIAN_POINT ( 'NONE',  ( 6.635115094285720400, -1.798338443327073000, 29.00000000000000000 ) ) ;
#940 = ORIENTED_EDGE ( 'NONE', *, *, #2287, .T. ) ;
#941 = CARTESIAN_POINT ( 'NONE',  ( -0.7648849057142791400, -2.398338443327074500, 35.10000000000000100 ) ) ;
#942 = ORIENTED_EDGE ( 'NONE', *, *, #237, .T. ) ;
#943 = ORIENTED_EDGE ( 'NONE', *, *, #3068, .T. ) ;
#944 = ORIENTED_EDGE ( 'NONE', *, *, #978, .T. ) ;
#945 = CARTESIAN_POINT ( 'NONE',  ( -0.3548849057142816100, -0.2983384433270742700, 40.00000000000000000 ) ) ;
#946 = ORIENTED_EDGE ( 'NONE', *, *, #404, .T. ) ;
#947 = DIRECTION ( 'NONE',  ( -1.000000000000000000, -0.0000000000000000000, -0.0000000000000000000 ) ) ;
#948 = CARTESIAN_POINT ( 'NONE',  ( 0.03511509428570884500, -3.388809856014493700, 32.10317488257327100 ) ) ;
#949 = DIRECTION ( 'NONE',  ( 0.0000000000000000000, 0.0000000000000000000, -1.000000000000000000 ) ) ;
#950 = EDGE_CURVE ( 'NONE', #1955, #2964, #2955, .T. ) ;
#951 = LINE ( 'NONE', #1127, #2403 ) ;
#952 = VECTOR ( 'NONE', #141, 1000.000000000000000 ) ;
#953 = CARTESIAN_POINT ( 'NONE',  ( -0.7648849057142788100, -1.143019673621099100, 32.14118167383870200 ) ) ;
#954 = VECTOR ( 'NONE', #1485, 1000.000000000000000 ) ;
#955 = EDGE_CURVE ( 'NONE', #2941, #2695, #13, .T. ) ;
#956 = VECTOR ( 'NONE', #2777, 1000.000000000000000 ) ;
#957 = DIRECTION ( 'NONE',  ( -0.0000000000000000000, -0.0000000000000000000, -1.000000000000000000 ) ) ;
#958 = CARTESIAN_POINT ( 'NONE',  ( -4.764884905714279000, -2.398338443327074000, 28.50000000000000000 ) ) ;
#959 = VECTOR ( 'NONE', #692, 1000.000000000000000 ) ;
#960 = DIRECTION ( 'NONE',  ( -1.000000000000000000, -3.614007241618346300E-016, 0.0000000000000000000 ) ) ;
#961 = CARTESIAN_POINT ( 'NONE',  ( -14.11488490571428200, -7.198338443327075200, 0.0000000000000000000 ) ) ;
#962 = CARTESIAN_POINT ( 'NONE',  ( 0.5232111288025995700, -2.863412267400629500, 32.00000000771262200 ) ) ;
#963 = CARTESIAN_POINT ( 'NONE',  ( 0.03511509428572110600, -4.108338443327075300, 32.49108969675199200 ) ) ;
#964 = ORIENTED_EDGE ( 'NONE', *, *, #2203, .T. ) ;
#965 = LINE ( 'NONE', #1241, #2416 ) ;
#966 = DIRECTION ( 'NONE',  ( -0.0000000000000000000, -0.0000000000000000000, -1.000000000000000000 ) ) ;
#967 = VECTOR ( 'NONE', #1309, 1000.000000000000000 ) ;
#968 = AXIS2_PLACEMENT_3D ( 'NONE', #2353, #47, #3100 ) ;
#969 = ORIENTED_EDGE ( 'NONE', *, *, #686, .T. ) ;
#970 =( GEOMETRIC_REPRESENTATION_CONTEXT ( 3 ) GLOBAL_UNCERTAINTY_ASSIGNED_CONTEXT ( ( #2012 ) ) GLOBAL_UNIT_ASSIGNED_CONTEXT ( ( #2776, #1053, #3078 ) ) REPRESENTATION_CONTEXT ( 'NONE', 'WORKASPACE' ) );
#971 = LINE ( 'NONE', #958, #329 ) ;
#972 = CARTESIAN_POINT ( 'NONE',  ( -11.91488490571428100, -7.198338443327074300, 5.350000000000000500 ) ) ;
#973 = CARTESIAN_POINT ( 'NONE',  ( 0.03511509428572121700, -2.083385824254710500, 32.90517512901686800 ) ) ;
#974 = CARTESIAN_POINT ( 'NONE',  ( 5.385115094285720400, -3.198338443327073400, 29.00000000000000000 ) ) ;
#975 = ORIENTED_EDGE ( 'NONE', *, *, #3568, .T. ) ;
#976 = ORIENTED_EDGE ( 'NONE', *, *, #3279, .F. ) ;
#977 = DIRECTION ( 'NONE',  ( -1.000000000000000000, -0.0000000000000000000, -0.0000000000000000000 ) ) ;
#978 = EDGE_CURVE ( 'NONE', #2172, #26, #2195, .T. ) ;
#979 = VERTEX_POINT ( 'NONE', #1603 ) ;
#980 = PLANE ( 'NONE',  #1046 ) ;
#981 = VERTEX_POINT ( 'NONE', #206 ) ;
#982 = DIRECTION ( 'NONE',  ( 0.0000000000000000000, 1.000000000000000000, -0.0000000000000000000 ) ) ;
#983 = DIRECTION ( 'NONE',  ( 0.0000000000000000000, 0.0000000000000000000, 1.000000000000000000 ) ) ;
#984 = B_SPLINE_CURVE_WITH_KNOTS ( 'NONE', 3,
 ( #2310, #312, #2879, #1157, #3184, #1451, #3453, #1743, #50, #2037, #328, #2326, #608, #2603, #887, #2894, #1169, #3194 ),
 .UNSPECIFIED., .F., .F.,
 ( 4, 2, 2, 2, 2, 2, 2, 2, 4 ),
 ( 0.0000000000000000000, 0.0004202810472254019700, 0.0008405620944508039400, 0.001260843141676205900, 0.001681124188901607900, 0.002101405236127009600, 0.002521686283352411400, 0.002941967330577813100, 0.003362248377803214500 ),
 .UNSPECIFIED. ) ;
#985 = CARTESIAN_POINT ( 'NONE',  ( 0.03511509428571300100, -1.562255207785018900, 32.23190748696954000 ) ) ;
#986 = ORIENTED_EDGE ( 'NONE', *, *, #1422, .F. ) ;
#987 = CARTESIAN_POINT ( 'NONE',  ( -1.135916509044133700, -1.760420612646800900, -3.000000003634348400 ) ) ;
#988 = AXIS2_PLACEMENT_3D ( 'NONE', #255, #1961, #3657 ) ;
#989 = ORIENTED_EDGE ( 'NONE', *, *, #190, .T. ) ;
#990 = EDGE_LOOP ( 'NONE', ( #1997, #2744, #2456, #734 ) ) ;
#991 = DIRECTION ( 'NONE',  ( -1.000000000000000000, 0.0000000000000000000, 0.0000000000000000000 ) ) ;
#992 = CARTESIAN_POINT ( 'NONE',  ( 0.03511509428571991900, -3.155896781205582300, -3.814955402798143600 ) ) ;
#993 = CARTESIAN_POINT ( 'NONE',  ( -0.5908193695204087000, -0.3598824265933635000, -4.064949270531892400 ) ) ;
#994 = AXIS2_PLACEMENT_3D ( 'NONE', #3112, #1376, #3374 ) ;
#995 = ORGANIZATION ( 'UNSPECIFIED', 'UNSPECIFIED', '' ) ;
#996 = DIRECTION ( 'NONE',  ( -0.0000000000000000000, -0.0000000000000000000, -1.000000000000000000 ) ) ;
#997 = VECTOR ( 'NONE', #3023, 1000.000000000000000 ) ;
#998 = CARTESIAN_POINT ( 'NONE',  ( -1.254671580604062500, -2.860210714646917600, -3.000000007746027400 ) ) ;
#999 = VECTOR ( 'NONE', #289, 1000.000000000000000 ) ;
#1000 = EDGE_CURVE ( 'NONE', #3456, #2165, #579, .T. ) ;
#1001 = LINE ( 'NONE', #3276, #181 ) ;
#1002 = DIRECTION ( 'NONE',  ( -1.000000000000000000, 1.734723475976806800E-016, -0.0000000000000000000 ) ) ;
#1003 = ORIENTED_EDGE ( 'NONE', *, *, #1489, .F. ) ;
#1004 = CARTESIAN_POINT ( 'NONE',  ( -0.3648849057142789500, -2.398338443327074500, 28.50000000000000000 ) ) ;
#1005 = CARTESIAN_POINT ( 'NONE',  ( 0.03511509428573231200, -1.852205436305071500, -3.280627028514855800 ) ) ;
#1006 = EDGE_CURVE ( 'NONE', #345, #2389, #1335, .T. ) ;
#1007 = LINE ( 'NONE', #1772, #2365 ) ;
#1008 = B_SPLINE_CURVE_WITH_KNOTS ( 'NONE', 3,
 ( #3507, #1272, #1576, #172, #2155, #3024, #1860, #2713 ),
 .UNSPECIFIED., .F., .F.,
 ( 4, 2, 2, 4 ),
 ( -7.745982956774660400E-006, 0.0005828864111228679700, 0.0008782026081626892800, 0.001173518805202510500 ),
 .UNSPECIFIED. ) ;
#1009 = ORIENTED_EDGE ( 'NONE', *, *, #1708, .F. ) ;
#1010 = CARTESIAN_POINT ( 'NONE',  ( 2.935115094285720700, 2.601661556672927300, 29.00000000000000000 ) ) ;
#1011 = FACE_OUTER_BOUND ( 'NONE', #502, .T. ) ;
#1012 = CARTESIAN_POINT ( 'NONE',  ( -0.06379969303458554700, -4.372423805516901600, 32.89158417586224900 ) ) ;
#1013 = DIRECTION ( 'NONE',  ( -0.0000000000000000000, 1.000000000000000000, -0.0000000000000000000 ) ) ;
#1014 = LINE ( 'NONE', #2903, #282 ) ;
#1015 = CARTESIAN_POINT ( 'NONE',  ( -0.3648849057142798400, -2.398338443327071800, 0.5000000000000000000 ) ) ;
#1016 = CARTESIAN_POINT ( 'NONE',  ( 0.03511509428572110600, -2.998338443327075000, 33.50000000000000000 ) ) ;
#1017 = AXIS2_PLACEMENT_3D ( 'NONE', #2942, #1209, #2790 ) ;
#1018 = ORIENTED_EDGE ( 'NONE', *, *, #1519, .T. ) ;
#1019 = CARTESIAN_POINT ( 'NONE',  ( -0.7484937993453858500, -4.233264723162672100, 39.35686995387349900 ) ) ;
#1020 = CARTESIAN_POINT ( 'NONE',  ( 0.03511509428573217400, -2.295831743277004100, -3.261419396243120200 ) ) ;
#1021 = ORIENTED_EDGE ( 'NONE', *, *, #1514, .T. ) ;
#1022 = ORIENTED_EDGE ( 'NONE', *, *, #1147, .T. ) ;
#1023 = CARTESIAN_POINT ( 'NONE',  ( -0.3648849057142789500, -2.398338443327074500, 29.00000000000000000 ) ) ;
#1024 = CARTESIAN_POINT ( 'NONE',  ( -0.3748849057142776800, -0.2983384433270716600, -4.500000000000010700 ) ) ;
#1025 = CARTESIAN_POINT ( 'NONE',  ( -7.364884905714278700, -1.798338443327073000, 29.00000000000000000 ) ) ;
#1026 = CARTESIAN_POINT ( 'NONE',  ( -0.7648849057142789200, -1.850331729787592300, 32.86838446157090500 ) ) ;
#1027 = ORIENTED_EDGE ( 'NONE', *, *, #889, .T. ) ;
#1028 = CARTESIAN_POINT ( 'NONE',  ( -1.364884905714278900, -2.398338443327074500, 32.00000000000000000 ) ) ;
#1029 = ORIENTED_EDGE ( 'NONE', *, *, #11, .F. ) ;
#1030 = EDGE_LOOP ( 'NONE', ( #2882, #3527, #2503, #1089, #1669 ) ) ;
#1031 = ORIENTED_EDGE ( 'NONE', *, *, #1323, .T. ) ;
#1032 = DIRECTION ( 'NONE',  ( 0.0000000000000000000, -0.0000000000000000000, 1.000000000000000000 ) ) ;
#1033 = EDGE_CURVE ( 'NONE', #777, #2177, #3516, .T. ) ;
#1034 = DIRECTION ( 'NONE',  ( -1.000000000000000000, 0.0000000000000000000, 0.0000000000000000000 ) ) ;
#1035 = CARTESIAN_POINT ( 'NONE',  ( 0.03511509428574866000, -1.583148996658847500, -3.240219722822079300 ) ) ;
#1036 = VERTEX_POINT ( 'NONE', #1632 ) ;
#1037 = CARTESIAN_POINT ( 'NONE',  ( 5.385115094285720400, -3.198338443327073400, 29.00000000000000000 ) ) ;
#1038 = ADVANCED_FACE ( 'NONE', ( #2010 ), #1928, .T. ) ;
#1039 = ORIENTED_EDGE ( 'NONE', *, *, #3344, .T. ) ;
#1040 = ORIENTED_EDGE ( 'NONE', *, *, #2994, .T. ) ;
#1041 = DIRECTION ( 'NONE',  ( -1.000000000000000000, -1.284980352575412000E-016, -0.0000000000000000000 ) ) ;
#1042 = CARTESIAN_POINT ( 'NONE',  ( -5.364884905714277800, -6.698338443327072500, 0.0000000000000000000 ) ) ;
#1043 = ORIENTED_EDGE ( 'NONE', *, *, #1715, .T. ) ;
#1044 = VERTEX_POINT ( 'NONE', #3619 ) ;
#1045 = CARTESIAN_POINT ( 'NONE',  ( -0.2654643642648601400, -4.498338443327075000, 38.67536942936076400 ) ) ;
#1046 = AXIS2_PLACEMENT_3D ( 'NONE', #2142, #1565, #3556 ) ;
#1047 = DIRECTION ( 'NONE',  ( -0.0000000000000000000, 1.000000000000000000, -0.0000000000000000000 ) ) ;
#1048 = CIRCLE ( 'NONE', #1776, 1.649999999999998600 ) ;
#1049 = CYLINDRICAL_SURFACE ( 'NONE', #3357, 1.500000000000000400 ) ;
#1050 = FACE_OUTER_BOUND ( 'NONE', #2651, .T. ) ;
#1051 = CIRCLE ( 'NONE', #370, 1.000000000000000900 ) ;
#1052 = DIRECTION ( 'NONE',  ( 0.0000000000000000000, 0.0000000000000000000, 1.000000000000000000 ) ) ;
#1053 =( NAMED_UNIT ( * ) PLANE_ANGLE_UNIT ( ) SI_UNIT ( $, .RADIAN. ) );
#1054 = CARTESIAN_POINT ( 'NONE',  ( 6.635115094285720400, -3.198338443327073400, 29.00000000000000000 ) ) ;
#1055 = CARTESIAN_POINT ( 'NONE',  ( 6.635115094285720400, -4.498338443327073200, 0.0000000000000000000 ) ) ;
#1056 = FACE_OUTER_BOUND ( 'NONE', #1710, .T. ) ;
#1057 = EDGE_CURVE ( 'NONE', #3034, #2177, #2854, .T. ) ;
#1058 = CARTESIAN_POINT ( 'NONE',  ( -0.2654523322329026500, -4.498338443327072300, -4.324606973708327500 ) ) ;
#1059 = ADVANCED_FACE ( 'NONE', ( #2673 ), #903, .F. ) ;
#1060 = FACE_OUTER_BOUND ( 'NONE', #3574, .T. ) ;
#1061 = B_SPLINE_CURVE_WITH_KNOTS ( 'NONE', 3,
 ( #739, #2185, #466, #2466, #754, #2749, #1026, #3056, #1319, #3326, #1609, #3598, #1904, #201, #2198, #479, #2476, #766 ),
 .UNSPECIFIED., .F., .F.,
 ( 4, 2, 2, 2, 2, 2, 2, 2, 4 ),
 ( 2.168404344971008900E-019, 0.0004202810472254012700, 0.0008405620944508023200, 0.001260843141676203300, 0.001681124188901605300, 0.002101405236127007500, 0.002521686283352408800, 0.002941967330577811000, 0.003362248377803212300 ),
 .UNSPECIFIED. ) ;
#1062 = EDGE_CURVE ( 'NONE', #2782, #2672, #492, .T. ) ;
#1063 = LINE ( 'NONE', #1028, #2017 ) ;
#1064 = CARTESIAN_POINT ( 'NONE',  ( 5.385115094285720400, -0.4983384433270728300, 0.0000000000000000000 ) ) ;
#1065 = PERSON_AND_ORGANIZATION_ROLE ( 'creator' ) ;
#1066 = CARTESIAN_POINT ( 'NONE',  ( 7.235115094285720100, -2.998338443327072300, -9.500000000000000000 ) ) ;
#1067 = CARTESIAN_POINT ( 'NONE',  ( 0.1809165507038261700, -3.298473362335321300, 32.02860583196726900 ) ) ;
#1068 = AXIS2_PLACEMENT_3D ( 'NONE', #1837, #3536, #1538 ) ;
#1069 = LINE ( 'NONE', #199, #2678 ) ;
#1070 = ORIENTED_EDGE ( 'NONE', *, *, #2203, .F. ) ;
#1071 = DIRECTION ( 'NONE',  ( 0.0000000000000000000, -1.000000000000000000, 0.0000000000000000000 ) ) ;
#1072 = AXIS2_PLACEMENT_3D ( 'NONE', #2661, #1219, #2108 ) ;
#1073 = ORIENTED_EDGE ( 'NONE', *, *, #2109, .T. ) ;
#1074 = ORIENTED_EDGE ( 'NONE', *, *, #501, .F. ) ;
#1075 = VERTEX_POINT ( 'NONE', #1741 ) ;
#1076 = DIRECTION ( 'NONE',  ( -1.000000000000000000, -0.0000000000000000000, -0.0000000000000000000 ) ) ;
#1077 = DIRECTION ( 'NONE',  ( -1.000000000000000000, -0.0000000000000000000, -0.0000000000000000000 ) ) ;
#1078 = EDGE_CURVE ( 'NONE', #1249, #2208, #3440, .T. ) ;
#1079 = CARTESIAN_POINT ( 'NONE',  ( -5.364884905714277800, -6.398338443327072700, 29.00000000000000000 ) ) ;
#1080 = CARTESIAN_POINT ( 'NONE',  ( 6.635115094285720400, -4.498338443327073200, 29.00000000000000000 ) ) ;
#1081 = ORIENTED_EDGE ( 'NONE', *, *, #1346, .T. ) ;
#1082 = DIRECTION ( 'NONE',  ( 0.0000000000000000000, -7.950815931560359000E-015, -1.000000000000000000 ) ) ;
#1083 = CARTESIAN_POINT ( 'NONE',  ( 0.03511509428572121700, -3.082729403098118000, 32.83629609308661700 ) ) ;
#1084 = EDGE_LOOP ( 'NONE', ( #899, #2779, #2291, #2528, #2428, #1237 ) ) ;
#1085 = EDGE_CURVE ( 'NONE', #2553, #1333, #3349, .T. ) ;
#1086 = ADVANCED_FACE ( 'NONE', ( #2588 ), #2677, .F. ) ;
#1087 = DIRECTION ( 'NONE',  ( -1.000000000000000000, -0.0000000000000000000, 0.0000000000000000000 ) ) ;
#1088 = ORIENTED_EDGE ( 'NONE', *, *, #3443, .T. ) ;
#1089 = ORIENTED_EDGE ( 'NONE', *, *, #1394, .F. ) ;
#1090 = DIRECTION ( 'NONE',  ( 0.0000000000000000000, 0.0000000000000000000, 1.000000000000000000 ) ) ;
#1091 = DIRECTION ( 'NONE',  ( 0.0000000000000000000, 0.0000000000000000000, 1.000000000000000000 ) ) ;
#1092 = DIRECTION ( 'NONE',  ( -0.0000000000000000000, -0.0000000000000000000, -1.000000000000000000 ) ) ;
#1093 = VERTEX_POINT ( 'NONE', #3165 ) ;
#1094 = AXIS2_PLACEMENT_3D ( 'NONE', #3587, #499, #2669 ) ;
#1095 = VECTOR ( 'NONE', #977, 1000.000000000000000 ) ;
#1096 = CARTESIAN_POINT ( 'NONE',  ( -0.3748849057142759600, -4.498338443327075000, 33.50000000000000700 ) ) ;
#1097 = VECTOR ( 'NONE', #2271, 1000.000000000000000 ) ;
#1098 = CARTESIAN_POINT ( 'NONE',  ( -1.057777195621699500, -1.682014111109328100, 32.00332417516017400 ) ) ;
#1099 = CIRCLE ( 'NONE', #2563, 0.5000000000000004400 ) ;
#1100 = CC_DESIGN_PERSON_AND_ORGANIZATION_ASSIGNMENT ( #2097, #242, ( #907 ) ) ;
#1101 = ADVANCED_FACE ( 'NONE', ( #1060 ), #318, .T. ) ;
#1102 = FACE_OUTER_BOUND ( 'NONE', #550, .T. ) ;
#1103 = DIRECTION ( 'NONE',  ( 0.0000000000000000000, -0.0000000000000000000, -1.000000000000000000 ) ) ;
#1104 = CARTESIAN_POINT ( 'NONE',  ( 0.03511509428571991900, -3.338161425097203600, -3.735628983591847700 ) ) ;
#1105 = CARTESIAN_POINT ( 'NONE',  ( -0.2654523322325189100, -0.2983384433270716600, -9.675393026291473600 ) ) ;
#1106 = EDGE_CURVE ( 'NONE', #3523, #3636, #3266, .T. ) ;
#1107 = FACE_OUTER_BOUND ( 'NONE', #90, .T. ) ;
#1108 = CARTESIAN_POINT ( 'NONE',  ( 0.03511509428572110600, -3.790157235151792900, 32.22602080043933600 ) ) ;
#1109 = ORIENTED_EDGE ( 'NONE', *, *, #3074, .F. ) ;
#1110 = CARTESIAN_POINT ( 'NONE',  ( -0.7484937696810133300, -0.5634120571065165400, -10.35686980928934500 ) ) ;
#1111 = LINE ( 'NONE', #1167, #1790 ) ;
#1112 = DIRECTION ( 'NONE',  ( 0.0000000000000000000, 0.0000000000000000000, -1.000000000000000000 ) ) ;
#1113 = CARTESIAN_POINT ( 'NONE',  ( -0.7648849057142873600, -1.407867030639784000, 32.10317488257326300 ) ) ;
#1114 = ORIENTED_EDGE ( 'NONE', *, *, #2301, .F. ) ;
#1115 = AXIS2_PLACEMENT_3D ( 'NONE', #2138, #143, #1844 ) ;
#1116 = CARTESIAN_POINT ( 'NONE',  ( -1.117133310064120800, -3.062007237527292900, 32.00000000000000700 ) ) ;
#1117 = ORIENTED_EDGE ( 'NONE', *, *, #930, .F. ) ;
#1118 = DIRECTION ( 'NONE',  ( 0.0000000000000000000, 0.0000000000000000000, -1.000000000000000000 ) ) ;
#1119 = CARTESIAN_POINT ( 'NONE',  ( 0.03511509428572025200, -3.790157235151790300, -3.226020800439330900 ) ) ;
#1120 = ADVANCED_FACE ( 'NONE', ( #1740 ), #3187, .F. ) ;
#1121 = ORIENTED_EDGE ( 'NONE', *, *, #3316, .T. ) ;
#1122 = EDGE_LOOP ( 'NONE', ( #2396, #864, #1482, #386 ) ) ;
#1123 = EDGE_CURVE ( 'NONE', #1649, #906, #236, .T. ) ;
#1124 = CARTESIAN_POINT ( 'NONE',  ( -1.252980940231152000, -1.933264619253491500, 32.00000000771261500 ) ) ;
#1125 = ORIENTED_EDGE ( 'NONE', *, *, #1267, .T. ) ;
#1126 = ORIENTED_EDGE ( 'NONE', *, *, #1329, .F. ) ;
#1127 = CARTESIAN_POINT ( 'NONE',  ( -7.364884905714278700, -7.198338443327074300, 29.00000000000000000 ) ) ;
#1128 = EDGE_CURVE ( 'NONE', #2839, #2487, #965, .T. ) ;
#1129 = ORIENTED_EDGE ( 'NONE', *, *, #79, .T. ) ;
#1130 = VERTEX_POINT ( 'NONE', #1839 ) ;
#1131 = EDGE_LOOP ( 'NONE', ( #3637, #123, #730, #2357 ) ) ;
#1132 = CIRCLE ( 'NONE', #73, 4.400000000000000400 ) ;
#1133 = CARTESIAN_POINT ( 'NONE',  ( -0.7648849057142801400, -2.262979047495087500, -3.262342024348402300 ) ) ;
#1134 = CYLINDRICAL_SURFACE ( 'NONE', #2405, 0.5000000000000004400 ) ;
#1135 = ADVANCED_FACE ( 'NONE', ( #1651 ), #1386, .F. ) ;
#1136 = CARTESIAN_POINT ( 'NONE',  ( -0.7648849057142789200, -2.713291062399405500, 32.90517512901686800 ) ) ;
#1137 = ADVANCED_FACE ( 'NONE', ( #1832, #3104 ), #407, .T. ) ;
#1138 = DIRECTION ( 'NONE',  ( -0.0000000000000000000, -0.0000000000000000000, -1.000000000000000000 ) ) ;
#1139 = VECTOR ( 'NONE', #2041, 1000.000000000000000 ) ;
#1140 = LINE ( 'NONE', #3307, #3345 ) ;
#1141 = AXIS2_PLACEMENT_3D ( 'NONE', #475, #1090, #3106 ) ;
#1142 = DIRECTION ( 'NONE',  ( -0.0000000000000000000, -0.0000000000000000000, 1.000000000000000000 ) ) ;
#1143 = CARTESIAN_POINT ( 'NONE',  ( -7.964884905714280100, -1.798338443327074400, 40.00000000000000000 ) ) ;
#1144 = LINE ( 'NONE', #462, #402 ) ;
#1145 = VECTOR ( 'NONE', #3084, 1000.000000000000000 ) ;
#1146 = CARTESIAN_POINT ( 'NONE',  ( 4.135115094285719600, -6.398338443327077100, 0.0000000000000000000 ) ) ;
#1147 = EDGE_CURVE ( 'NONE', #2123, #2604, #2329, .T. ) ;
#1148 = CARTESIAN_POINT ( 'NONE',  ( 0.0000000000000000000, 0.0000000000000000000, 18.80000000000000100 ) ) ;
#1149 = DIRECTION ( 'NONE',  ( 0.0000000000000000000, -0.0000000000000000000, -1.000000000000000000 ) ) ;
#1150 = CARTESIAN_POINT ( 'NONE',  ( -1.164884905714286700, -1.798338443327084800, 32.00000000000000000 ) ) ;
#1151 = CARTESIAN_POINT ( 'NONE',  ( -0.7648849057142789200, -3.234421678869212600, 32.23190748696954000 ) ) ;
#1152 = VERTEX_POINT ( 'NONE', #1663 ) ;
#1153 = FACE_OUTER_BOUND ( 'NONE', #1813, .T. ) ;
#1154 = EDGE_CURVE ( 'NONE', #3113, #1916, #145, .T. ) ;
#1155 = DIRECTION ( 'NONE',  ( 1.000000000000000000, 2.065146995210484700E-016, -0.0000000000000000000 ) ) ;
#1156 = CARTESIAN_POINT ( 'NONE',  ( -6.114884905714277800, -3.198338443327073400, 0.0000000000000000000 ) ) ;
#1157 = CARTESIAN_POINT ( 'NONE',  ( -0.7648849057142804700, -3.461577965885279000, -3.664196127904270700 ) ) ;
#1158 = ADVANCED_FACE ( 'NONE', ( #884 ), #1692, .F. ) ;
#1159 = CIRCLE ( 'NONE', #3261, 4.400000000000000400 ) ;
#1160 = ORIENTED_EDGE ( 'NONE', *, *, #1147, .F. ) ;
#1161 = VERTEX_POINT ( 'NONE', #2849 ) ;
#1162 = CARTESIAN_POINT ( 'NONE',  ( -0.4644644335023078200, -0.3060612272632384800, 33.32433548585278500 ) ) ;
#1163 = CARTESIAN_POINT ( 'NONE',  ( 0.03511509428571990600, -3.009926086900880400, -3.854881627437826800 ) ) ;
#1164 = ORIENTED_EDGE ( 'NONE', *, *, #84, .T. ) ;
#1165 = AXIS2_PLACEMENT_3D ( 'NONE', #3046, #691, #885 ) ;
#1166 = VERTEX_POINT ( 'NONE', #3450 ) ;
#1167 = CARTESIAN_POINT ( 'NONE',  ( -7.964884905714280100, -2.998338443327063900, 40.00000000000000000 ) ) ;
#1168 = DIRECTION ( 'NONE',  ( -0.0000000000000000000, 0.0000000000000000000, -1.000000000000000000 ) ) ;
#1169 = CARTESIAN_POINT ( 'NONE',  ( -0.7648849057142805800, -1.050492049279515300, -3.359635397412775900 ) ) ;
#1170 = ORIENTED_EDGE ( 'NONE', *, *, #3383, .F. ) ;
#1171 = AXIS2_PLACEMENT_3D ( 'NONE', #465, #2465, #753 ) ;
#1172 = ORIENTED_EDGE ( 'NONE', *, *, #3668, .F. ) ;
#1173 = CARTESIAN_POINT ( 'NONE',  ( 4.635115094285720400, 0.9016615566729273600, 29.00000000000000000 ) ) ;
#1174 = ORIENTED_EDGE ( 'NONE', *, *, #3443, .F. ) ;
#1175 = VERTEX_POINT ( 'NONE', #653 ) ;
#1176 = EDGE_CURVE ( 'NONE', #2990, #2220, #804, .T. ) ;
#1177 = DIRECTION ( 'NONE',  ( -0.0000000000000000000, -0.0000000000000000000, -1.000000000000000000 ) ) ;
#1178 = CARTESIAN_POINT ( 'NONE',  ( 0.03511509428572110600, -2.398338443327067400, -6.099999999999998800 ) ) ;
#1179 = ORIENTED_EDGE ( 'NONE', *, *, #3102, .F. ) ;
#1180 = CARTESIAN_POINT ( 'NONE',  ( -0.3748849057142761800, -4.498338443327075000, 40.00000000000000000 ) ) ;
#1181 = VECTOR ( 'NONE', #3246, 1000.000000000000000 ) ;
#1182 = DIRECTION ( 'NONE',  ( 1.000000000000000000, 0.0000000000000000000, 0.0000000000000000000 ) ) ;
#1183 = VECTOR ( 'NONE', #3543, 1000.000000000000000 ) ;
#1184 = CYLINDRICAL_SURFACE ( 'NONE', #3244, 0.3899999999999998500 ) ;
#1185 = AXIS2_PLACEMENT_3D ( 'NONE', #1372, #3109, #1082 ) ;
#1186 = FACE_OUTER_BOUND ( 'NONE', #1432, .T. ) ;
#1187 = CARTESIAN_POINT ( 'NONE',  ( 0.03511509428572110600, -0.6883384433270741700, 39.50891030324801500 ) ) ;
#1188 = DIRECTION ( 'NONE',  ( 0.0000000000000000000, -1.000000000000000000, 0.0000000000000000000 ) ) ;
#1189 = CARTESIAN_POINT ( 'NONE',  ( 2.935115094285721100, 4.701661556672927800, 0.0000000000000000000 ) ) ;
#1190 = VECTOR ( 'NONE', #1331, 1000.000000000000000 ) ;
#1191 = AXIS2_PLACEMENT_3D ( 'NONE', #3123, #1388, #3388 ) ;
#1192 = CARTESIAN_POINT ( 'NONE',  ( 0.03511509428572007900, -0.6883384433270743900, -11.00000000000000000 ) ) ;
#1193 = CARTESIAN_POINT ( 'NONE',  ( -0.06379984124822132800, -4.372423975573593000, -10.10841545149083700 ) ) ;
#1194 = FACE_OUTER_BOUND ( 'NONE', #2637, .T. ) ;
#1195 = CARTESIAN_POINT ( 'NONE',  ( 7.235115094285720100, -0.2983384433270716600, -4.500000000000000900 ) ) ;
#1196 = EDGE_CURVE ( 'NONE', #2566, #1249, #64, .T. ) ;
#1197 = CIRCLE ( 'NONE', #1258, 1.650000000000000400 ) ;
#1198 = DIRECTION ( 'NONE',  ( -0.0000000000000000000, -0.0000000000000000000, -1.000000000000000000 ) ) ;
#1199 = EDGE_CURVE ( 'NONE', #687, #3675, #1291, .T. ) ;
#1200 = VERTEX_POINT ( 'NONE', #793 ) ;
#1201 = DIRECTION ( 'NONE',  ( 0.0000000000000000000, 0.0000000000000000000, 1.000000000000000000 ) ) ;
#1202 = ORIENTED_EDGE ( 'NONE', *, *, #146, .T. ) ;
#1203 = ORIENTED_EDGE ( 'NONE', *, *, #955, .T. ) ;
#1204 = ORIENTED_EDGE ( 'NONE', *, *, #2479, .T. ) ;
#1205 = PLANE ( 'NONE',  #326 ) ;
#1206 = ORIENTED_EDGE ( 'NONE', *, *, #3568, .F. ) ;
#1207 = CARTESIAN_POINT ( 'NONE',  ( -11.91488490571428100, -9.598338443327074600, 5.350000000000000500 ) ) ;
#1208 = DIRECTION ( 'NONE',  ( -1.000000000000000000, -0.0000000000000000000, -0.0000000000000000000 ) ) ;
#1209 = DIRECTION ( 'NONE',  ( 1.000000000000000000, 0.0000000000000000000, -0.0000000000000000000 ) ) ;
#1210 = AXIS2_PLACEMENT_3D ( 'NONE', #491, #3232, #1921 ) ;
#1211 = CARTESIAN_POINT ( 'NONE',  ( 0.1821544953511004800, -1.500137595521625800, -3.028228141399282900 ) ) ;
#1212 = ORIENTED_EDGE ( 'NONE', *, *, #2361, .F. ) ;
#1213 = PLANE ( 'NONE',  #536 ) ;
#1214 = DIRECTION ( 'NONE',  ( -1.000000000000000000, 0.0000000000000000000, 0.0000000000000000000 ) ) ;
#1215 = CARTESIAN_POINT ( 'NONE',  ( 5.385115094285720400, -4.498338443327073200, 29.00000000000000000 ) ) ;
#1216 = VERTEX_POINT ( 'NONE', #1436 ) ;
#1217 = ORIENTED_EDGE ( 'NONE', *, *, #3436, .F. ) ;
#1218 = B_SPLINE_CURVE_WITH_KNOTS ( 'NONE', 3,
 ( #1425, #3425, #19, #2006, #298, #2294, #582, #2576 ),
 .UNSPECIFIED., .F., .F.,
 ( 4, 2, 2, 4 ),
 ( 4.735866574734685900E-018, 0.0002952764659501095700, 0.0005905529319002144900, 0.001181105863800425300 ),
 .UNSPECIFIED. ) ;
#1219 = DIRECTION ( 'NONE',  ( -0.0000000000000000000, -0.0000000000000000000, 1.000000000000000000 ) ) ;
#1220 = ORIENTED_EDGE ( 'NONE', *, *, #1033, .F. ) ;
#1221 = CARTESIAN_POINT ( 'NONE',  ( -0.7648849057142788100, -0.6216564775693527200, 32.56445298955690500 ) ) ;
#1222 = APPROVAL_PERSON_ORGANIZATION ( #1996, #1483, #2517 ) ;
#1223 = EDGE_CURVE ( 'NONE', #3206, #209, #1554, .T. ) ;
#1224 = ORIENTED_EDGE ( 'NONE', *, *, #2197, .T. ) ;
#1225 = DIRECTION ( 'NONE',  ( 1.000000000000000000, -0.0000000000000000000, -0.0000000000000000000 ) ) ;
#1226 = FACE_OUTER_BOUND ( 'NONE', #2525, .T. ) ;
#1227 = FACE_OUTER_BOUND ( 'NONE', #3674, .T. ) ;
#1228 = CARTESIAN_POINT ( 'NONE',  ( -10.26488490571428100, -7.198338443327074300, 5.350000000000000500 ) ) ;
#1229 = ORIENTED_EDGE ( 'NONE', *, *, #2618, .T. ) ;
#1230 = DIRECTION ( 'NONE',  ( 0.0000000000000000000, -1.000000000000000000, 0.0000000000000000000 ) ) ;
#1231 = CARTESIAN_POINT ( 'NONE',  ( -6.114884905714277800, -1.798338443327072800, 29.00000000000000000 ) ) ;
#1232 = CIRCLE ( 'NONE', #1929, 1.000000000000000000 ) ;
#1233 = DIRECTION ( 'NONE',  ( -1.000000000000000000, -0.0000000000000000000, -0.0000000000000000000 ) ) ;
#1234 = VECTOR ( 'NONE', #1077, 1000.000000000000000 ) ;
#1235 = CARTESIAN_POINT ( 'NONE',  ( -0.7648849057142791400, -2.998338443327075000, 33.50000000000000000 ) ) ;
#1236 = AXIS2_PLACEMENT_3D ( 'NONE', #3578, #1885, #183 ) ;
#1237 = ORIENTED_EDGE ( 'NONE', *, *, #2085, .F. ) ;
#1238 = VECTOR ( 'NONE', #774, 1000.000000000000000 ) ;
#1239 = DIRECTION ( 'NONE',  ( 1.000000000000000000, 0.0000000000000000000, 0.0000000000000000000 ) ) ;
#1240 = DIRECTION ( 'NONE',  ( 1.000000000000000000, -2.569960705150823900E-016, -0.0000000000000000000 ) ) ;
#1241 = CARTESIAN_POINT ( 'NONE',  ( 5.385115094285720400, -4.498338443327073200, 29.00000000000000000 ) ) ;
#1242 = LINE ( 'NONE', #1935, #2774 ) ;
#1243 = CARTESIAN_POINT ( 'NONE',  ( -14.11488490571428200, -9.598338443327074600, 0.0000000000000000000 ) ) ;
#1244 = CARTESIAN_POINT ( 'NONE',  ( 0.03511509428572121700, -3.728376732846522000, 32.39122349153132800 ) ) ;
#1245 = CARTESIAN_POINT ( 'NONE',  ( -6.114884905714277800, -0.4983384433270728300, 29.00000000000000000 ) ) ;
#1246 = EDGE_CURVE ( 'NONE', #1044, #3454, #2338, .T. ) ;
#1247 = ORIENTED_EDGE ( 'NONE', *, *, #2128, .T. ) ;
#1248 = DIRECTION ( 'NONE',  ( -1.000000000000000000, 0.0000000000000000000, 0.0000000000000000000 ) ) ;
#1249 = VERTEX_POINT ( 'NONE', #1937 ) ;
#1250 = CARTESIAN_POINT ( 'NONE',  ( 2.935115094285721100, 4.701661556672927800, 29.00000000000000000 ) ) ;
#1251 = ORIENTED_EDGE ( 'NONE', *, *, #1924, .F. ) ;
#1252 = EDGE_CURVE ( 'NONE', #144, #3490, #1466, .T. ) ;
#1253 = EDGE_LOOP ( 'NONE', ( #3634, #597, #2328, #1859 ) ) ;
#1254 = PLANE ( 'NONE',  #650 ) ;
#1255 = CARTESIAN_POINT ( 'NONE',  ( -7.364884905714278700, -1.798338443327073000, 29.00000000000000000 ) ) ;
#1256 = CARTESIAN_POINT ( 'NONE',  ( 0.03511509428574125000, -2.845089086202835300, 32.27733727510725700 ) ) ;
#1257 = ORIENTED_EDGE ( 'NONE', *, *, #3321, .T. ) ;
#1258 = AXIS2_PLACEMENT_3D ( 'NONE', #362, #2073, #82 ) ;
#1259 = ORIENTED_EDGE ( 'NONE', *, *, #501, .T. ) ;
#1260 = ORIENTED_EDGE ( 'NONE', *, *, #1913, .F. ) ;
#1261 = AXIS2_PLACEMENT_3D ( 'NONE', #1805, #403, #2397 ) ;
#1262 = EDGE_LOOP ( 'NONE', ( #2226, #1352, #390, #113 ) ) ;
#1263 = ORIENTED_EDGE ( 'NONE', *, *, #1913, .T. ) ;
#1264 = DIRECTION ( 'NONE',  ( 0.0000000000000000000, 0.0000000000000000000, 1.000000000000000000 ) ) ;
#1265 = DIRECTION ( 'NONE',  ( 0.0000000000000000000, -1.000000000000000000, 0.0000000000000000000 ) ) ;
#1266 = CARTESIAN_POINT ( 'NONE',  ( 0.6144047969211675600, -2.174936269675329400, 32.00000000618130300 ) ) ;
#1267 = EDGE_CURVE ( 'NONE', #1939, #1672, #716, .T. ) ;
#1268 = CYLINDRICAL_SURFACE ( 'NONE', #3678, 1.000000000000000900 ) ;
#1269 = FACE_OUTER_BOUND ( 'NONE', #2307, .T. ) ;
#1270 = DIRECTION ( 'NONE',  ( -0.0000000000000000000, -0.0000000000000000000, -1.000000000000000000 ) ) ;
#1271 = ORIENTED_EDGE ( 'NONE', *, *, #686, .F. ) ;
#1272 = CARTESIAN_POINT ( 'NONE',  ( -0.4643174791964421700, -4.498338443327072300, -9.675393026291271100 ) ) ;
#1273 = DIRECTION ( 'NONE',  ( 0.0000000000000000000, -1.000000000000000000, 0.0000000000000000000 ) ) ;
#1274 = CARTESIAN_POINT ( 'NONE',  ( 4.635115094285724000, -7.198338443327073400, 29.00000000000000000 ) ) ;
#1275 = LINE ( 'NONE', #696, #2809 ) ;
#1276 = EDGE_CURVE ( 'NONE', #678, #1392, #3654, .T. ) ;
#1277 = LINE ( 'NONE', #858, #2453 ) ;
#1278 = ORIENTED_EDGE ( 'NONE', *, *, #2232, .T. ) ;
#1279 = CIRCLE ( 'NONE', #2190, 5.990826320300065800 ) ;
#1280 = PLANE ( 'NONE',  #158 ) ;
#1281 = DIRECTION ( 'NONE',  ( -3.614007241618346300E-016, 1.000000000000000000, -0.0000000000000000000 ) ) ;
#1282 = CARTESIAN_POINT ( 'NONE',  ( 0.03511509428572121700, -1.053019547973840700, 32.36509804138487600 ) ) ;
#1283 = CARTESIAN_POINT ( 'NONE',  ( -0.7648849057142804700, -1.243146326429540100, -3.596090917009109800 ) ) ;
#1284 = CIRCLE ( 'NONE', #2698, 3.133974596215561600 ) ;
#1285 = ORIENTED_EDGE ( 'NONE', *, *, #2322, .T. ) ;
#1286 = CARTESIAN_POINT ( 'NONE',  ( -7.964884905714280100, -2.998338443327064300, 32.00000000000000000 ) ) ;
#1287 = FACE_BOUND ( 'NONE', #715, .T. ) ;
#1288 = CARTESIAN_POINT ( 'NONE',  ( 4.035115094285721700, -2.398338443327074500, 28.50000000000000000 ) ) ;
#1289 = AXIS2_PLACEMENT_3D ( 'NONE', #1037, #1248, #2516 ) ;
#1290 = CARTESIAN_POINT ( 'NONE',  ( -0.7648849057142789200, -4.108338443327072700, 40.00000000000000000 ) ) ;
#1291 = B_SPLINE_CURVE_WITH_KNOTS ( 'NONE', 3,
 ( #1541, #2625, #2780, #1351, #3601, #2292, #3097, #2947, #3122, #556 ),
 .UNSPECIFIED., .F., .F.,
 ( 4, 2, 2, 2, 4 ),
 ( 0.002555254720672905300, 0.002848526076688118600, 0.003141797432703331900, 0.003435068788718545700, 0.003728340144733759000 ),
 .UNSPECIFIED. ) ;
#1292 = CC_DESIGN_DATE_AND_TIME_ASSIGNMENT ( #2755, #2237, ( #907 ) ) ;
#1293 = DATE_AND_TIME ( #2071, #3422 ) ;
#1294 = PLANE ( 'NONE',  #803 ) ;
#1295 = CARTESIAN_POINT ( 'NONE',  ( -0.3748849057142776800, -0.2983384433270716600, -4.500000000000010700 ) ) ;
#1296 = CARTESIAN_POINT ( 'NONE',  ( -0.7648849057142804700, -3.392925525598081000, -3.706968775465909500 ) ) ;
#1297 = ORIENTED_EDGE ( 'NONE', *, *, #2968, .F. ) ;
#1298 = CARTESIAN_POINT ( 'NONE',  ( 5.385115094285720400, -1.798338443327072800, 29.00000000000000000 ) ) ;
#1299 = EDGE_CURVE ( 'NONE', #592, #832, #1341, .T. ) ;
#1300 = ORIENTED_EDGE ( 'NONE', *, *, #2769, .T. ) ;
#1301 = DIRECTION ( 'NONE',  ( 1.000000000000000000, 0.0000000000000000000, 0.0000000000000000000 ) ) ;
#1302 = CARTESIAN_POINT ( 'NONE',  ( -0.7648849057142811400, -3.653170970089071500, -3.140879458307570100 ) ) ;
#1303 = EDGE_LOOP ( 'NONE', ( #2169, #1217 ) ) ;
#1304 = DIRECTION ( 'NONE',  ( 1.000000000000000000, -0.0000000000000000000, -0.0000000000000000000 ) ) ;
#1305 = ORIENTED_EDGE ( 'NONE', *, *, #1246, .T. ) ;
#1306 = ORIENTED_EDGE ( 'NONE', *, *, #713, .T. ) ;
#1307 = CARTESIAN_POINT ( 'NONE',  ( 0.01872398791682766000, -4.233264723162670300, 32.64313004612651500 ) ) ;
#1308 = ORIENTED_EDGE ( 'NONE', *, *, #3492, .F. ) ;
#1309 = DIRECTION ( 'NONE',  ( 1.000000000000000000, -0.0000000000000000000, -0.0000000000000000000 ) ) ;
#1310 = AXIS2_PLACEMENT_3D ( 'NONE', #131, #1830, #3526 ) ;
#1311 = ORIENTED_EDGE ( 'NONE', *, *, #1662, .T. ) ;
#1312 = DIRECTION ( 'NONE',  ( 0.0000000000000000000, 1.734723475976805500E-015, -1.000000000000000000 ) ) ;
#1313 = ORIENTED_EDGE ( 'NONE', *, *, #1823, .T. ) ;
#1314 = CARTESIAN_POINT ( 'NONE',  ( -0.7648849057142789200, -4.108338443327072700, 39.50891030324806500 ) ) ;
#1315 = ORIENTED_EDGE ( 'NONE', *, *, #1645, .F. ) ;
#1316 = DIRECTION ( 'NONE',  ( -0.0000000000000000000, 1.000000000000000000, -0.0000000000000000000 ) ) ;
#1317 = COORDINATED_UNIVERSAL_TIME_OFFSET ( 0, 0, .AHEAD. ) ;
#1318 = ORIENTED_EDGE ( 'NONE', *, *, #2568, .F. ) ;
#1319 = CARTESIAN_POINT ( 'NONE',  ( -0.7648849057142788100, -2.259460451881906400, 32.91649349788609400 ) ) ;
#1320 = VECTOR ( 'NONE', #1071, 1000.000000000000000 ) ;
#1321 = CARTESIAN_POINT ( 'NONE',  ( 6.635115094285720400, -0.4983384433270728300, 29.00000000000000000 ) ) ;
#1322 = VECTOR ( 'NONE', #3215, 1000.000000000000000 ) ;
#1323 = EDGE_CURVE ( 'NONE', #3586, #905, #456, .T. ) ;
#1324 = ADVANCED_FACE ( 'NONE', ( #1379 ), #3559, .T. ) ;
#1325 = LINE ( 'NONE', #1732, #2762 ) ;
#1326 = DIRECTION ( 'NONE',  ( 0.0000000000000000000, 0.0000000000000000000, 1.000000000000000000 ) ) ;
#1327 = CARTESIAN_POINT ( 'NONE',  ( -6.114884905714277800, -0.4983384433270728300, 0.0000000000000000000 ) ) ;
#1328 = CARTESIAN_POINT ( 'NONE',  ( 0.03511509428571997500, -1.395696461445150800, -3.046478290197168500 ) ) ;
#1329 = EDGE_CURVE ( 'NONE', #334, #786, #3005, .T. ) ;
#1330 = FACE_OUTER_BOUND ( 'NONE', #1122, .T. ) ;
#1331 = DIRECTION ( 'NONE',  ( -9.912705577010328000E-017, 1.000000000000000000, -0.0000000000000000000 ) ) ;
#1332 = DIRECTION ( 'NONE',  ( -1.000000000000000000, 0.0000000000000000000, -0.0000000000000000000 ) ) ;
#1333 = VERTEX_POINT ( 'NONE', #2102 ) ;
#1334 = DIRECTION ( 'NONE',  ( -9.912705577010328000E-017, 1.000000000000000000, -0.0000000000000000000 ) ) ;
#1335 = LINE ( 'NONE', #2205, #2771 ) ;
#1336 = PLANE ( 'NONE',  #1556 ) ;
#1337 = CARTESIAN_POINT ( 'NONE',  ( 6.635115094285720400, -5.898338443327073600, 29.00000000000000000 ) ) ;
#1338 = PLANE ( 'NONE',  #180 ) ;
#1339 = CIRCLE ( 'NONE', #1574, 1.000000000000000000 ) ;
#1340 = DIRECTION ( 'NONE',  ( -1.000000000000000000, -0.0000000000000000000, -0.0000000000000000000 ) ) ;
#1341 = B_SPLINE_CURVE_WITH_KNOTS ( 'NONE', 3,
 ( #243, #264, #217, #580, #1360, #1971, #2390, #2702, #2753, #3270 ),
 .UNSPECIFIED., .F., .F.,
 ( 4, 2, 2, 2, 4 ),
 ( 0.002555254720672989900, 0.002848526076688211900, 0.003141797432703433400, 0.003435068788718654900, 0.003728340144733876900 ),
 .UNSPECIFIED. ) ;
#1342 = AXIS2_PLACEMENT_3D ( 'NONE', #1429, #3432, #1718 ) ;
#1343 = ORIENTED_EDGE ( 'NONE', *, *, #2784, .T. ) ;
#1344 = ADVANCED_FACE ( 'NONE', ( #2813 ), #539, .T. ) ;
#1345 = DIRECTION ( 'NONE',  ( 1.000000000000000000, 0.0000000000000000000, 0.0000000000000000000 ) ) ;
#1346 = EDGE_CURVE ( 'NONE', #1952, #3131, #1284, .T. ) ;
#1347 = CARTESIAN_POINT ( 'NONE',  ( -7.964884905714280100, -2.998338443327075000, 33.50000000000000000 ) ) ;
#1348 = CARTESIAN_POINT ( 'NONE',  ( -7.364884905714278700, 0.9016615566729271300, 0.0000000000000000000 ) ) ;
#1349 = ORIENTED_EDGE ( 'NONE', *, *, #2884, .F. ) ;
#1350 = ORIENTED_EDGE ( 'NONE', *, *, #2814, .T. ) ;
#1351 = CARTESIAN_POINT ( 'NONE',  ( -0.03092713128523159200, -0.4643364602054139700, -3.807528764848009400 ) ) ;
#1352 = ORIENTED_EDGE ( 'NONE', *, *, #780, .F. ) ;
#1353 = CARTESIAN_POINT ( 'NONE',  ( -0.3548849057142798900, -0.6883384433270716100, -11.00000000000000000 ) ) ;
#1354 = EDGE_CURVE ( 'NONE', #3515, #29, #2151, .T. ) ;
#1355 = EDGE_LOOP ( 'NONE', ( #2733, #1074, #3250, #3071 ) ) ;
#1356 = ORIENTED_EDGE ( 'NONE', *, *, #146, .F. ) ;
#1357 = ORIENTED_EDGE ( 'NONE', *, *, #1252, .T. ) ;
#1358 = DIRECTION ( 'NONE',  ( 0.0000000000000000000, 0.0000000000000000000, 1.000000000000000000 ) ) ;
#1359 = APPROVAL_STATUS ( 'not_yet_approved' ) ;
#1360 = CARTESIAN_POINT ( 'NONE',  ( -0.06414272758141011100, -0.4238300308811729400, 32.89246755025221300 ) ) ;
#1361 = CARTESIAN_POINT ( 'NONE',  ( 0.03511509428572100200, -3.653657213033050200, 32.14118167383870200 ) ) ;
#1362 = ORIENTED_EDGE ( 'NONE', *, *, #3460, .T. ) ;
#1363 = ADVANCED_FACE ( 'NONE', ( #3474 ), #1280, .F. ) ;
#1364 = ORIENTED_EDGE ( 'NONE', *, *, #2227, .F. ) ;
#1365 = DIRECTION ( 'NONE',  ( -9.912705577010328000E-017, 1.000000000000000000, -0.0000000000000000000 ) ) ;
#1366 = FACE_OUTER_BOUND ( 'NONE', #3630, .T. ) ;
#1367 = CYLINDRICAL_SURFACE ( 'NONE', #1171, 1.000000000000000000 ) ;
#1368 = AXIS2_PLACEMENT_3D ( 'NONE', #1903, #1608, #200 ) ;
#1369 = VECTOR ( 'NONE', #966, 1000.000000000000000 ) ;
#1370 = VECTOR ( 'NONE', #2620, 1000.000000000000000 ) ;
#1371 = DIRECTION ( 'NONE',  ( 0.0000000000000000000, 0.0000000000000000000, 1.000000000000000000 ) ) ;
#1372 = CARTESIAN_POINT ( 'NONE',  ( 0.03511509428572110600, -1.798338443327074400, 33.50000000000000000 ) ) ;
#1373 = VECTOR ( 'NONE', #2179, 1000.000000000000000 ) ;
#1374 = EDGE_CURVE ( 'NONE', #3328, #2782, #3338, .T. ) ;
#1375 = CARTESIAN_POINT ( 'NONE',  ( 0.03511509428572121700, -2.260461989582863000, 32.91653670192140900 ) ) ;
#1376 = DIRECTION ( 'NONE',  ( 0.0000000000000000000, -1.000000000000000000, 0.0000000000000000000 ) ) ;
#1377 = VERTEX_POINT ( 'NONE', #380 ) ;
#1378 = ORIENTED_EDGE ( 'NONE', *, *, #3156, .T. ) ;
#1379 = FACE_OUTER_BOUND ( 'NONE', #2923, .T. ) ;
#1380 = CARTESIAN_POINT ( 'NONE',  ( 0.03511509428572000300, -1.798338443327071700, -11.00000000000000000 ) ) ;
#1381 = FACE_OUTER_BOUND ( 'NONE', #1522, .T. ) ;
#1382 = CARTESIAN_POINT ( 'NONE',  ( 0.03511509428572014800, -1.131422815037913100, -3.476581888555929600 ) ) ;
#1383 = AXIS2_PLACEMENT_3D ( 'NONE', #2520, #523, #2240 ) ;
#1384 = DIRECTION ( 'NONE',  ( 1.000000000000000000, -0.0000000000000000000, -0.0000000000000000000 ) ) ;
#1385 = VECTOR ( 'NONE', #651, 1000.000000000000000 ) ;
#1386 = PLANE ( 'NONE',  #799 ) ;
#1387 = B_SPLINE_CURVE_WITH_KNOTS ( 'NONE', 3,
 ( #2967, #1968, #2927, #3265, #3520, #3242, #1302, #820 ),
 .UNSPECIFIED., .F., .F.,
 ( 4, 2, 2, 4 ),
 ( 3.826983747505950600E-015, 0.0002349714702866831600, 0.0004699429405695395100, 0.0009398858811352519000 ),
 .UNSPECIFIED. ) ;
#1388 = DIRECTION ( 'NONE',  ( 0.0000000000000000000, 0.0000000000000000000, 1.000000000000000000 ) ) ;
#1389 = ADVANCED_FACE ( 'NONE', ( #2717 ), #1213, .F. ) ;
#1390 = AXIS2_PLACEMENT_3D ( 'NONE', #2810, #257, #2253 ) ;
#1391 = VERTEX_POINT ( 'NONE', #3015 ) ;
#1392 = VERTEX_POINT ( 'NONE', #233 ) ;
#1393 = EDGE_LOOP ( 'NONE', ( #2255, #623, #3495, #1117 ) ) ;
#1394 = EDGE_CURVE ( 'NONE', #1676, #1649, #2714, .T. ) ;
#1395 = CARTESIAN_POINT ( 'NONE',  ( 0.03511509428571969000, -3.664803777114845800, -3.477162729307651000 ) ) ;
#1396 = VERTEX_POINT ( 'NONE', #256 ) ;
#1397 = CARTESIAN_POINT ( 'NONE',  ( -0.3548849057142802200, -0.2983384433270716600, -9.499999999999989300 ) ) ;
#1398 = CARTESIAN_POINT ( 'NONE',  ( 0.03511509428572111300, -3.746355923911572000, 32.35911553359282100 ) ) ;
#1399 = CARTESIAN_POINT ( 'NONE',  ( -0.6659699701803407600, -0.4242529110805539100, -10.10841545149083700 ) ) ;
#1400 = ORIENTED_EDGE ( 'NONE', *, *, #3590, .F. ) ;
#1401 = EDGE_CURVE ( 'NONE', #3075, #3449, #624, .T. ) ;
#1402 = ORIENTED_EDGE ( 'NONE', *, *, #910, .F. ) ;
#1403 = ORIENTED_EDGE ( 'NONE', *, *, #425, .T. ) ;
#1404 = CARTESIAN_POINT ( 'NONE',  ( -7.364884905714278700, -9.598338443327074600, 10.20000000000000100 ) ) ;
#1405 = ORIENTED_EDGE ( 'NONE', *, *, #3535, .F. ) ;
#1406 = ADVANCED_FACE ( 'NONE', ( #444 ), #2628, .F. ) ;
#1407 = MANIFOLD_SOLID_BREP ( 'Cut-Extrude8', #2297 ) ;
#1408 = CARTESIAN_POINT ( 'NONE',  ( -0.7648849057142789200, -1.068300153807610700, 32.39122349153132800 ) ) ;
#1409 = PRODUCT ( 'WH25', 'WH25', '', ( #229 ) ) ;
#1410 = CARTESIAN_POINT ( 'NONE',  ( -0.9541514616524989800, -3.234658618695727100, 32.01751035843330600 ) ) ;
#1411 = DATE_AND_TIME ( #2181, #2940 ) ;
#1412 = AXIS2_PLACEMENT_3D ( 'NONE', #2639, #1706, #2939 ) ;
#1413 = CARTESIAN_POINT ( 'NONE',  ( 6.635115094285720400, -7.198338443327073400, -0.0000000000000000000 ) ) ;
#1414 = VECTOR ( 'NONE', #205, 1000.000000000000000 ) ;
#1415 = CARTESIAN_POINT ( 'NONE',  ( 0.1794022658546858800, -3.301018466702198200, -3.029161366158506800 ) ) ;
#1416 = LINE ( 'NONE', #1192, #1322 ) ;
#1417 = VECTOR ( 'NONE', #1998, 1000.000000000000000 ) ;
#1418 = CARTESIAN_POINT ( 'NONE',  ( 0.03511509428572014100, -1.405306507335970300, -3.707854163275356600 ) ) ;
#1419 = LINE ( 'NONE', #208, #666 ) ;
#1420 = CARTESIAN_POINT ( 'NONE',  ( -0.7648849057142950200, -1.951587800451347400, 32.27733727510726400 ) ) ;
#1421 = DIRECTION ( 'NONE',  ( 0.0000000000000000000, 1.000000000000000000, 0.0000000000000000000 ) ) ;
#1422 = EDGE_CURVE ( 'NONE', #1166, #1333, #3390, .T. ) ;
#1423 = ORIENTED_EDGE ( 'NONE', *, *, #3121, .F. ) ;
#1424 = VECTOR ( 'NONE', #193, 1000.000000000000000 ) ;
#1425 = CARTESIAN_POINT ( 'NONE',  ( -0.7648849057142803600, -4.108338443327072700, -3.491089696751986000 ) ) ;
#1426 = CARTESIAN_POINT ( 'NONE',  ( 9.535115094285719900, -9.598338443327074600, 23.65000000000000200 ) ) ;
#1427 = ADVANCED_FACE ( 'NONE', ( #2063 ), #3332, .F. ) ;
#1428 = LINE ( 'NONE', #841, #672 ) ;
#1429 = CARTESIAN_POINT ( 'NONE',  ( 0.03511509428572110600, -1.798338443327074400, 38.50000000000000000 ) ) ;
#1430 = CARTESIAN_POINT ( 'NONE',  ( 0.03511509428572006500, -1.002813569452577700, -3.261728145774762200 ) ) ;
#1431 = CARTESIAN_POINT ( 'NONE',  ( -1.344174608349714800, -2.621740616978788900, 32.00000000618131000 ) ) ;
#1432 = EDGE_LOOP ( 'NONE', ( #878, #606, #3452, #883, #1766, #3116 ) ) ;
#1433 = CARTESIAN_POINT ( 'NONE',  ( -0.3548849057142816600, -4.498338443327075000, 40.00000000000000000 ) ) ;
#1434 = AXIS2_PLACEMENT_3D ( 'NONE', #2156, #160, #3290 ) ;
#1435 = ORIENTED_EDGE ( 'NONE', *, *, #237, .F. ) ;
#1436 = CARTESIAN_POINT ( 'NONE',  ( -0.3548849057142816600, -4.498338443327075000, 33.50000000000000000 ) ) ;
#1437 = EDGE_LOOP ( 'NONE', ( #3613, #3413, #1795, #1516, #3076, #2969 ) ) ;
#1438 = ORIENTED_EDGE ( 'NONE', *, *, #3648, .T. ) ;
#1439 = AXIS2_PLACEMENT_3D ( 'NONE', #2334, #338, #886 ) ;
#1440 = ORIENTED_EDGE ( 'NONE', *, *, #3138, .F. ) ;
#1441 = DIRECTION ( 'NONE',  ( 0.0000000000000000000, -1.000000000000000000, 0.0000000000000000000 ) ) ;
#1442 = EDGE_LOOP ( 'NONE', ( #683, #776, #429, #336 ) ) ;
#1443 = CARTESIAN_POINT ( 'NONE',  ( -0.3548849057142820000, -0.2983384433270742700, 33.50000000000000700 ) ) ;
#1444 = ADVANCED_FACE ( 'NONE', ( #363 ), #416, .F. ) ;
#1445 = EDGE_CURVE ( 'NONE', #2699, #2553, #3309, .T. ) ;
#1446 = CARTESIAN_POINT ( 'NONE',  ( -0.7648849057142789200, -3.743657338680309400, 32.36509804138487600 ) ) ;
#1447 = ADVANCED_FACE ( 'NONE', ( #1782, #1102 ), #1888, .T. ) ;
#1448 = ORIENTED_EDGE ( 'NONE', *, *, #2479, .F. ) ;
#1449 = ORIENTED_EDGE ( 'NONE', *, *, #1489, .T. ) ;
#1450 = CARTESIAN_POINT ( 'NONE',  ( 6.635115094285720400, -7.198338443327073400, 18.80000000000000100 ) ) ;
#1451 = CARTESIAN_POINT ( 'NONE',  ( -0.7648849057142804700, -3.082729403098115800, -3.836296093086605900 ) ) ;
#1452 = EDGE_CURVE ( 'NONE', #383, #3161, #1875, .T. ) ;
#1453 = ORIENTED_EDGE ( 'NONE', *, *, #245, .T. ) ;
#1454 = VERTEX_POINT ( 'NONE', #752 ) ;
#1455 = CARTESIAN_POINT ( 'NONE',  ( 6.635115094285722200, -9.598338443327074600, 0.0000000000000000000 ) ) ;
#1456 = AXIS2_PLACEMENT_3D ( 'NONE', #2376, #3486, #1491 ) ;
#1457 = VECTOR ( 'NONE', #2933, 1000.000000000000000 ) ;
#1458 = FACE_OUTER_BOUND ( 'NONE', #2922, .T. ) ;
#1459 = FACE_OUTER_BOUND ( 'NONE', #1355, .T. ) ;
#1460 = VECTOR ( 'NONE', #2805, 1000.000000000000000 ) ;
#1461 = AXIS2_PLACEMENT_3D ( 'NONE', #3007, #1270, #3287 ) ;
#1462 = DIRECTION ( 'NONE',  ( -0.0000000000000000000, -1.000000000000000000, -0.0000000000000000000 ) ) ;
#1463 = VECTOR ( 'NONE', #1208, 1000.000000000000000 ) ;
#1464 = VERTEX_POINT ( 'NONE', #533 ) ;
#1465 = ORIENTED_EDGE ( 'NONE', *, *, #2434, .T. ) ;
#1466 = CIRCLE ( 'NONE', #2141, 0.5000000000000004400 ) ;
#1467 = EDGE_CURVE ( 'NONE', #790, #1739, #2459, .T. ) ;
#1468 = VERTEX_POINT ( 'NONE', #1064 ) ;
#1469 = DIRECTION ( 'NONE',  ( -0.0000000000000000000, -0.0000000000000000000, 1.000000000000000000 ) ) ;
#1470 = VECTOR ( 'NONE', #2395, 1000.000000000000000 ) ;
#1471 = CARTESIAN_POINT ( 'NONE',  ( 4.135115094285719600, -6.398338443327077100, 29.00000000000000000 ) ) ;
#1472 = PLANE ( 'NONE',  #2607 ) ;
#1473 = EDGE_CURVE ( 'NONE', #2175, #29, #275, .T. ) ;
#1474 = CARTESIAN_POINT ( 'NONE',  ( -14.11488490571428200, -9.598338443327074600, 10.20000000000000100 ) ) ;
#1475 = LINE ( 'NONE', #2099, #1385 ) ;
#1476 = DIRECTION ( 'NONE',  ( -0.0000000000000000000, -0.0000000000000000000, -1.000000000000000000 ) ) ;
#1477 = ORIENTED_EDGE ( 'NONE', *, *, #640, .T. ) ;
#1478 = CARTESIAN_POINT ( 'NONE',  ( 4.635115094285724000, -7.198338443327074300, 29.00000000000000000 ) ) ;
#1479 = CARTESIAN_POINT ( 'NONE',  ( 0.01872395825245531900, -0.5634120571065227600, 39.35686980928935700 ) ) ;
#1480 = ORIENTED_EDGE ( 'NONE', *, *, #2039, .T. ) ;
#1481 = CARTESIAN_POINT ( 'NONE',  ( -0.2654643642630487600, -4.498338443327072300, -9.675369429359831100 ) ) ;
#1482 = ORIENTED_EDGE ( 'NONE', *, *, #213, .T. ) ;
#1483 = APPROVAL ( #519, 'UNSPECIFIED' ) ;
#1484 = ORIENTED_EDGE ( 'NONE', *, *, #1176, .F. ) ;
#1485 = DIRECTION ( 'NONE',  ( -0.0000000000000000000, 1.000000000000000000, -0.0000000000000000000 ) ) ;
#1486 = ORIENTED_EDGE ( 'NONE', *, *, #2994, .F. ) ;
#1487 = CARTESIAN_POINT ( 'NONE',  ( 5.385115094285720400, -0.4983384433270728300, 29.00000000000000000 ) ) ;
#1488 = VERTEX_POINT ( 'NONE', #1010 ) ;
#1489 = EDGE_CURVE ( 'NONE', #1580, #2787, #1007, .T. ) ;
#1490 = DIRECTION ( 'NONE',  ( 1.000000000000000000, 0.0000000000000000000, -0.0000000000000000000 ) ) ;
#1491 = DIRECTION ( 'NONE',  ( -1.000000000000000000, 0.0000000000000000000, -0.0000000000000000000 ) ) ;
#1492 = CARTESIAN_POINT ( 'NONE',  ( -7.964884905714280100, -2.398338443327074500, 37.10000000000000100 ) ) ;
#1493 = PERSON_AND_ORGANIZATION ( #840, #995 ) ;
#1494 = ORIENTED_EDGE ( 'NONE', *, *, #171, .F. ) ;
#1495 = B_SPLINE_CURVE_WITH_KNOTS ( 'NONE', 3,
 ( #2725, #461, #2462, #745, #2740, #1019, #3050, #1314 ),
 .UNSPECIFIED., .F., .F.,
 ( 4, 2, 2, 4 ),
 ( -7.745982956779366500E-006, 0.0005828864111228533300, 0.0008782026081626785500, 0.001173518805202503800 ),
 .UNSPECIFIED. ) ;
#1496 = VECTOR ( 'NONE', #2189, 1000.000000000000000 ) ;
#1497 = FACE_OUTER_BOUND ( 'NONE', #2564, .T. ) ;
#1498 = CARTESIAN_POINT ( 'NONE',  ( -10.26488490571428100, -9.598338443327074600, 5.350000000000000500 ) ) ;
#1499 = AXIS2_PLACEMENT_3D ( 'NONE', #2421, #1545, #2989 ) ;
#1500 = DIRECTION ( 'NONE',  ( -0.0000000000000000000, -0.0000000000000000000, 1.000000000000000000 ) ) ;
#1501 = LINE ( 'NONE', #361, #2949 ) ;
#1502 = ORIENTED_EDGE ( 'NONE', *, *, #2364, .T. ) ;
#1503 = CARTESIAN_POINT ( 'NONE',  ( 0.4351150942857282500, -1.798338443327082400, -3.000000000000000000 ) ) ;
#1504 = VECTOR ( 'NONE', #738, 1000.000000000000000 ) ;
#1505 = DIRECTION ( 'NONE',  ( -0.0000000000000000000, -0.0000000000000000000, -1.000000000000000000 ) ) ;
#1506 = PLANE ( 'NONE',  #186 ) ;
#1507 = CYLINDRICAL_SURFACE ( 'NONE', #1627, 0.3899999999999999600 ) ;
#1508 = DIRECTION ( 'NONE',  ( 0.0000000000000000000, 0.0000000000000000000, -1.000000000000000000 ) ) ;
#1509 = EDGE_CURVE ( 'NONE', #1672, #1557, #919, .T. ) ;
#1510 = EDGE_LOOP ( 'NONE', ( #2468, #2514, #1449, #1349 ) ) ;
#1511 = VECTOR ( 'NONE', #277, 1000.000000000000000 ) ;
#1512 = CARTESIAN_POINT ( 'NONE',  ( -0.5498654176480606300, -0.3368527648654412500, 33.15098864951787800 ) ) ;
#1513 = CARTESIAN_POINT ( 'NONE',  ( -5.364884905714281300, -5.898338443327072700, 29.00000000000000000 ) ) ;
#1514 = EDGE_CURVE ( 'NONE', #2415, #258, #3223, .T. ) ;
#1515 = ORIENTED_EDGE ( 'NONE', *, *, #263, .T. ) ;
#1516 = ORIENTED_EDGE ( 'NONE', *, *, #2510, .F. ) ;
#1517 = CARTESIAN_POINT ( 'NONE',  ( 13.38511509428572500, -7.198338443327075200, 18.80000000000000100 ) ) ;
#1518 = ORIENTED_EDGE ( 'NONE', *, *, #707, .F. ) ;
#1519 = EDGE_CURVE ( 'NONE', #599, #1036, #1599, .T. ) ;
#1520 = ORIENTED_EDGE ( 'NONE', *, *, #3182, .F. ) ;
#1521 = DIRECTION ( 'NONE',  ( 0.0000000000000000000, -3.469446951953611000E-015, -1.000000000000000000 ) ) ;
#1522 = EDGE_LOOP ( 'NONE', ( #2206, #2380, #427, #332, #1553, #89 ) ) ;
#1523 = DIRECTION ( 'NONE',  ( 0.0000000000000000000, 1.000000000000000000, -0.0000000000000000000 ) ) ;
#1524 = AXIS2_PLACEMENT_3D ( 'NONE', #1148, #3580, #3030 ) ;
#1525 = DESIGN_CONTEXT ( 'detailed design', #504, 'design' ) ;
#1526 = DIRECTION ( 'NONE',  ( 2.065146995210484400E-016, -1.000000000000000000, 0.0000000000000000000 ) ) ;
#1527 = VERTEX_POINT ( 'NONE', #3572 ) ;
#1528 = CARTESIAN_POINT ( 'NONE',  ( -0.06379984124822044000, -4.372423975573597400, 39.10841545149084900 ) ) ;
#1529 = CARTESIAN_POINT ( 'NONE',  ( 0.3597421208520141200, -3.088663873455360900, 31.99999999613464800 ) ) ;
#1530 = ORIENTED_EDGE ( 'NONE', *, *, #936, .F. ) ;
#1531 = VERTEX_POINT ( 'NONE', #2464 ) ;
#1532 = EDGE_CURVE ( 'NONE', #1672, #2565, #845, .T. ) ;
#1533 = PLANE ( 'NONE',  #1658 ) ;
#1534 = ORIENTED_EDGE ( 'NONE', *, *, #3274, .F. ) ;
#1535 = EDGE_CURVE ( 'NONE', #2880, #1990, #727, .T. ) ;
#1536 = VERTEX_POINT ( 'NONE', #675 ) ;
#1537 = CARTESIAN_POINT ( 'NONE',  ( -0.3648849057142789500, -2.398338443327074500, 29.00000000000000000 ) ) ;
#1538 = DIRECTION ( 'NONE',  ( -0.0000000000000000000, 0.0000000000000000000, -1.000000000000000000 ) ) ;
#1539 = VECTOR ( 'NONE', #2862, 1000.000000000000000 ) ;
#1540 = VECTOR ( 'NONE', #2184, 1000.000000000000000 ) ;
#1541 = CARTESIAN_POINT ( 'NONE',  ( 0.03511509428572048800, -0.6883384433270743900, -3.491089696751982900 ) ) ;
#1542 = DIRECTION ( 'NONE',  ( -0.0000000000000000000, -0.0000000000000000000, -1.000000000000000000 ) ) ;
#1543 = CARTESIAN_POINT ( 'NONE',  ( 0.03511509428572121700, -2.682575589082090200, 32.90811757451881900 ) ) ;
#1544 = VECTOR ( 'NONE', #2384, 1000.000000000000000 ) ;
#1545 = DIRECTION ( 'NONE',  ( 1.000000000000000000, -0.0000000000000000000, -0.0000000000000000000 ) ) ;
#1546 = LINE ( 'NONE', #1664, #137 ) ;
#1547 = LINE ( 'NONE', #1633, #3000 ) ;
#1548 = CARTESIAN_POINT ( 'NONE',  ( -7.364884905714278700, -4.498338443327073200, 29.00000000000000000 ) ) ;
#1549 = DIRECTION ( 'NONE',  ( 1.000000000000000000, 0.0000000000000000000, -0.0000000000000000000 ) ) ;
#1550 = AXIS2_PLACEMENT_3D ( 'NONE', #3387, #2804, #1851 ) ;
#1551 = CARTESIAN_POINT ( 'NONE',  ( -1.343577645572961300, -2.172508731246420900, -3.000000006185478400 ) ) ;
#1552 = CARTESIAN_POINT ( 'NONE',  ( -3.498859501929840700, -2.398338443327074500, 29.00000000000000000 ) ) ;
#1553 = ORIENTED_EDGE ( 'NONE', *, *, #1631, .F. ) ;
#1554 = LINE ( 'NONE', #279, #2244 ) ;
#1555 = DIRECTION ( 'NONE',  ( 0.0000000000000000000, 0.0000000000000000000, 1.000000000000000000 ) ) ;
#1556 = AXIS2_PLACEMENT_3D ( 'NONE', #3336, #3611, #1922 ) ;
#1557 = VERTEX_POINT ( 'NONE', #486 ) ;
#1558 = CYLINDRICAL_SURFACE ( 'NONE', #1499, 1.000000000000000900 ) ;
#1559 = CARTESIAN_POINT ( 'NONE',  ( 0.03511509428572116100, -1.930842794956575400, 32.27801961970931900 ) ) ;
#1560 = CARTESIAN_POINT ( 'NONE',  ( -1.065722206895284100, -1.685017283348394300, -3.000000000000000000 ) ) ;
#1561 = CARTESIAN_POINT ( 'NONE',  ( -7.364884905714278700, -7.198338443327074300, 29.00000000000000000 ) ) ;
#1562 = EDGE_CURVE ( 'NONE', #3490, #3506, #12, .T. ) ;
#1563 = LINE ( 'NONE', #2983, #811 ) ;
#1564 = PLANE ( 'NONE',  #581 ) ;
#1565 = DIRECTION ( 'NONE',  ( -1.000000000000000000, 1.228445443971150800E-016, 0.0000000000000000000 ) ) ;
#1566 = B_SPLINE_CURVE_WITH_KNOTS ( 'NONE', 3,
 ( #537, #2262, #1110, #3133, #1399, #3401, #1693, #3677 ),
 .UNSPECIFIED., .F., .F.,
 ( 4, 2, 2, 4 ),
 ( 4.385326393719471400E-018, 0.0002952764659501081100, 0.0005905529319002117800, 0.001181105863800424000 ),
 .UNSPECIFIED. ) ;
#1567 = DIRECTION ( 'NONE',  ( -0.0000000000000000000, -0.0000000000000000000, -1.000000000000000000 ) ) ;
#1568 = EDGE_LOOP ( 'NONE', ( #3329, #935, #1793, #697 ) ) ;
#1569 = DIRECTION ( 'NONE',  ( -9.912705577010326800E-017, 1.000000000000000000, 0.0000000000000000000 ) ) ;
#1570 = CARTESIAN_POINT ( 'NONE',  ( -0.3648849057142798400, -2.398338443327071800, 0.5000000000000000000 ) ) ;
#1571 = CARTESIAN_POINT ( 'NONE',  ( 0.3558201871243317200, -1.704058099179705400, 31.99999999634532000 ) ) ;
#1572 = ORIENTED_EDGE ( 'NONE', *, *, #3121, .T. ) ;
#1573 = CARTESIAN_POINT ( 'NONE',  ( -0.7648849057142802500, -2.501823671921016500, -3.261440826715361000 ) ) ;
#1574 = AXIS2_PLACEMENT_3D ( 'NONE', #3643, #1655, #3362 ) ;
#1575 = ORIENTED_EDGE ( 'NONE', *, *, #807, .T. ) ;
#1576 = CARTESIAN_POINT ( 'NONE',  ( -0.5551512981133824900, -4.467630449954366900, -9.852565724147217100 ) ) ;
#1577 = VERTEX_POINT ( 'NONE', #3060 ) ;
#1578 = DIRECTION ( 'NONE',  ( -0.0000000000000000000, -0.0000000000000000000, -1.000000000000000000 ) ) ;
#1579 = CARTESIAN_POINT ( 'NONE',  ( 0.03511509428571964900, -3.743869843425973600, -3.364547366967418200 ) ) ;
#1580 = VERTEX_POINT ( 'NONE', #764 ) ;
#1581 = CARTESIAN_POINT ( 'NONE',  ( -0.7648849057142806900, -0.6216564775693532700, -3.564452989556890400 ) ) ;
#1582 = AXIS2_PLACEMENT_3D ( 'NONE', #548, #2543, #830 ) ;
#1583 = EDGE_LOOP ( 'NONE', ( #1259, #2999 ) ) ;
#1584 = VERTEX_POINT ( 'NONE', #2761 ) ;
#1585 = CARTESIAN_POINT ( 'NONE',  ( -0.3548849057142816600, -4.498338443327075000, 33.50000000000000000 ) ) ;
#1586 = CARTESIAN_POINT ( 'NONE',  ( -4.864884905714277800, -6.698338443327069000, 0.0000000000000000000 ) ) ;
#1587 = CARTESIAN_POINT ( 'NONE',  ( -0.7648849057142803600, -3.214495029887992400, -3.239874820119554900 ) ) ;
#1588 = EDGE_CURVE ( 'NONE', #2406, #210, #1419, .T. ) ;
#1589 = PERSON_AND_ORGANIZATION ( #840, #995 ) ;
#1590 = ORIENTED_EDGE ( 'NONE', *, *, #761, .T. ) ;
#1591 = CARTESIAN_POINT ( 'NONE',  ( -0.3748849057142775700, -4.498338443327072300, -11.00000000000000000 ) ) ;
#1592 = LINE ( 'NONE', #743, #96 ) ;
#1593 = EDGE_CURVE ( 'NONE', #1619, #144, #102, .T. ) ;
#1594 = LINE ( 'NONE', #3193, #3134 ) ;
#1595 = LINE ( 'NONE', #3571, #750 ) ;
#1596 = CARTESIAN_POINT ( 'NONE',  ( 0.03511509428572110600, -4.108338443327075300, 32.49108969675199200 ) ) ;
#1597 = CARTESIAN_POINT ( 'NONE',  ( -3.498859501929840700, -2.398338443327074500, 28.00000000000000000 ) ) ;
#1598 = CARTESIAN_POINT ( 'NONE',  ( -7.964884905714280100, -2.398338443327067400, -6.099999999999998800 ) ) ;
#1599 = CIRCLE ( 'NONE', #2261, 3.133974596215561600 ) ;
#1600 = DIRECTION ( 'NONE',  ( -1.000000000000000000, 0.0000000000000000000, 0.0000000000000000000 ) ) ;
#1601 = VECTOR ( 'NONE', #3026, 1000.000000000000000 ) ;
#1602 = AXIS2_PLACEMENT_3D ( 'NONE', #503, #2490, #3653 ) ;
#1603 = CARTESIAN_POINT ( 'NONE',  ( 0.4351150942857303100, -2.998338443327059000, -3.000000000000000000 ) ) ;
#1604 = CARTESIAN_POINT ( 'NONE',  ( -7.964884905714280100, -1.798338443327074400, 38.50000000000000000 ) ) ;
#1605 = CYLINDRICAL_SURFACE ( 'NONE', #3198, 4.400000000000000400 ) ;
#1606 = ADVANCED_FACE ( 'NONE', ( #2278 ), #2107, .T. ) ;
#1607 = CARTESIAN_POINT ( 'NONE',  ( -0.3648849057142798900, -2.398338443327074500, 29.00000000000000000 ) ) ;
#1608 = DIRECTION ( 'NONE',  ( -0.0000000000000000000, -0.0000000000000000000, 1.000000000000000000 ) ) ;
#1609 = CARTESIAN_POINT ( 'NONE',  ( -0.7648849057142788100, -2.673626097573186500, 32.90812667377907300 ) ) ;
#1610 = ORIENTED_EDGE ( 'NONE', *, *, #1924, .T. ) ;
#1611 = DIRECTION ( 'NONE',  ( 0.0000000000000000000, -0.0000000000000000000, -1.000000000000000000 ) ) ;
#1612 = ORIENTED_EDGE ( 'NONE', *, *, #2361, .T. ) ;
#1613 = DIRECTION ( 'NONE',  ( 3.614007241618346300E-016, -1.000000000000000000, 0.0000000000000000000 ) ) ;
#1614 = EDGE_CURVE ( 'NONE', #80, #1468, #2191, .T. ) ;
#1615 = VERTEX_POINT ( 'NONE', #2743 ) ;
#1616 = ORIENTED_EDGE ( 'NONE', *, *, #3498, .F. ) ;
#1617 = DIRECTION ( 'NONE',  ( 0.0000000000000000000, -1.000000000000000000, 0.0000000000000000000 ) ) ;
#1618 = DIRECTION ( 'NONE',  ( 1.000000000000000000, -0.0000000000000000000, -0.0000000000000000000 ) ) ;
#1619 = VERTEX_POINT ( 'NONE', #748 ) ;
#1620 = DIRECTION ( 'NONE',  ( -1.000000000000000000, 0.0000000000000000000, 0.0000000000000000000 ) ) ;
#1621 = CARTESIAN_POINT ( 'NONE',  ( -0.7482387727893378100, -0.5627896431017968000, -3.644086068830558700 ) ) ;
#1622 = DIRECTION ( 'NONE',  ( 0.0000000000000000000, 0.0000000000000000000, 1.000000000000000000 ) ) ;
#1623 = DIRECTION ( 'NONE',  ( 0.0000000000000000000, 0.0000000000000000000, 1.000000000000000000 ) ) ;
#1624 = ORIENTED_EDGE ( 'NONE', *, *, #401, .T. ) ;
#1625 = CARTESIAN_POINT ( 'NONE',  ( -0.03105895251044772700, -4.332675103818109700, 39.19196439642870900 ) ) ;
#1626 = ADVANCED_FACE ( 'NONE', ( #1330 ), #2768, .F. ) ;
#1627 = AXIS2_PLACEMENT_3D ( 'NONE', #711, #1578, #991 ) ;
#1628 = ORIENTED_EDGE ( 'NONE', *, *, #1670, .T. ) ;
#1629 = CARTESIAN_POINT ( 'NONE',  ( -0.7648849057142803600, -1.798338443327071700, -9.500000000000000000 ) ) ;
#1630 = ORIENTED_EDGE ( 'NONE', *, *, #1670, .F. ) ;
#1631 = EDGE_CURVE ( 'NONE', #2080, #1939, #2853, .T. ) ;
#1632 = CARTESIAN_POINT ( 'NONE',  ( -3.498859501929841600, -2.398338443327071800, 0.0000000000000000000 ) ) ;
#1633 = CARTESIAN_POINT ( 'NONE',  ( -7.364884905714278700, 0.9016615566729271300, 29.00000000000000000 ) ) ;
#1634 = EDGE_LOOP ( 'NONE', ( #969, #2697, #1848, #1850 ) ) ;
#1635 = ORIENTED_EDGE ( 'NONE', *, *, #149, .F. ) ;
#1636 = AXIS2_PLACEMENT_3D ( 'NONE', #353, #75, #2344 ) ;
#1637 = CARTESIAN_POINT ( 'NONE',  ( -14.11488490571428200, -7.198338443327075200, 10.20000000000000100 ) ) ;
#1638 = VECTOR ( 'NONE', #2578, 1000.000000000000000 ) ;
#1639 = LINE ( 'NONE', #3283, #3256 ) ;
#1640 = EDGE_CURVE ( 'NONE', #3131, #1952, #576, .T. ) ;
#1641 = CARTESIAN_POINT ( 'NONE',  ( -6.114884905714277800, -0.4983384433270728300, 29.00000000000000000 ) ) ;
#1642 = VECTOR ( 'NONE', #2650, 1000.000000000000000 ) ;
#1643 = LINE ( 'NONE', #1054, #876 ) ;
#1644 = CARTESIAN_POINT ( 'NONE',  ( -14.11488490571428200, -9.598338443327074600, 10.20000000000000100 ) ) ;
#1645 = EDGE_CURVE ( 'NONE', #3280, #41, #2008, .T. ) ;
#1646 = CIRCLE ( 'NONE', #1797, 1.500000000000001300 ) ;
#1647 = ADVANCED_FACE ( 'NONE', ( #3511 ), #2730, .F. ) ;
#1648 = EDGE_LOOP ( 'NONE', ( #3669, #511, #3419, #3240 ) ) ;
#1649 = VERTEX_POINT ( 'NONE', #1796 ) ;
#1650 = DIRECTION ( 'NONE',  ( 1.000000000000000000, 0.0000000000000000000, -0.0000000000000000000 ) ) ;
#1651 = FACE_OUTER_BOUND ( 'NONE', #1510, .T. ) ;
#1652 = PERSON_AND_ORGANIZATION_ROLE ( 'creator' ) ;
#1653 = CARTESIAN_POINT ( 'NONE',  ( 0.03511509428572110600, -4.108338443327075300, 39.50891030324800800 ) ) ;
#1654 = DIRECTION ( 'NONE',  ( 0.0000000000000000000, -1.000000000000000000, 0.0000000000000000000 ) ) ;
#1655 = DIRECTION ( 'NONE',  ( 1.000000000000000000, 0.0000000000000000000, 0.0000000000000000000 ) ) ;
#1656 = CIRCLE ( 'NONE', #553, 1.000000000000000200 ) ;
#1657 = DIRECTION ( 'NONE',  ( -0.0000000000000000000, -0.0000000000000000000, -1.000000000000000000 ) ) ;
#1658 = AXIS2_PLACEMENT_3D ( 'NONE', #3530, #135, #2130 ) ;
#1659 = LINE ( 'NONE', #126, #3110 ) ;
#1660 = CARTESIAN_POINT ( 'NONE',  ( 0.5543864077215037200, -2.803011573438501700, -2.999999993813053000 ) ) ;
#1661 = CARTESIAN_POINT ( 'NONE',  ( 5.385115094285720400, -3.198338443327073400, 0.0000000000000000000 ) ) ;
#1662 = EDGE_CURVE ( 'NONE', #1676, #1990, #2668, .T. ) ;
#1663 = CARTESIAN_POINT ( 'NONE',  ( -0.3748849057142762400, -0.2983384433270742700, 33.50000000000000000 ) ) ;
#1664 = CARTESIAN_POINT ( 'NONE',  ( -14.11488490571428200, -7.198338443327075200, 29.00000000000000000 ) ) ;
#1665 = EDGE_LOOP ( 'NONE', ( #986, #893, #317, #3582 ) ) ;
#1666 = ORIENTED_EDGE ( 'NONE', *, *, #2492, .T. ) ;
#1667 = VERTEX_POINT ( 'NONE', #112 ) ;
#1668 = DIRECTION ( 'NONE',  ( 0.0000000000000000000, 0.0000000000000000000, -1.000000000000000000 ) ) ;
#1669 = ORIENTED_EDGE ( 'NONE', *, *, #2765, .F. ) ;
#1670 = EDGE_CURVE ( 'NONE', #144, #2604, #1144, .T. ) ;
#1671 = ORIENTED_EDGE ( 'NONE', *, *, #2250, .T. ) ;
#1672 = VERTEX_POINT ( 'NONE', #3013 ) ;
#1673 = CARTESIAN_POINT ( 'NONE',  ( 7.235115094285720100, -1.798338443327071700, -9.500000000000000000 ) ) ;
#1674 = ADVANCED_FACE ( 'NONE', ( #3346 ), #161, .F. ) ;
#1675 = CARTESIAN_POINT ( 'NONE',  ( 0.03511509428571991900, -1.457360459542651300, -3.734828978145466700 ) ) ;
#1676 = VERTEX_POINT ( 'NONE', #1863 ) ;
#1677 = CARTESIAN_POINT ( 'NONE',  ( 2.935115094285720700, 2.601661556672927300, 0.0000000000000000000 ) ) ;
#1678 = ORIENTED_EDGE ( 'NONE', *, *, #497, .F. ) ;
#1679 = DIRECTION ( 'NONE',  ( 1.000000000000000000, 0.0000000000000000000, 0.0000000000000000000 ) ) ;
#1680 = AXIS2_PLACEMENT_3D ( 'NONE', #1471, #474, #2875 ) ;
#1681 = CARTESIAN_POINT ( 'NONE',  ( 0.03511509428591478400, -3.653997104956106900, -3.141392927532596700 ) ) ;
#1682 = COORDINATED_UNIVERSAL_TIME_OFFSET ( 0, 0, .AHEAD. ) ;
#1683 = CC_DESIGN_APPROVAL ( #1483, ( #907 ) ) ;
#1684 = VECTOR ( 'NONE', #731, 1000.000000000000000 ) ;
#1685 = CARTESIAN_POINT ( 'NONE',  ( 0.03511509428571991900, -2.269612403298900900, -3.917437903461347600 ) ) ;
#1686 = LINE ( 'NONE', #1156, #838 ) ;
#1687 = B_SPLINE_CURVE_WITH_KNOTS ( 'NONE', 3,
 ( #2626, #631, #1777, #86, #2076, #364, #2355, #641 ),
 .UNSPECIFIED., .F., .F.,
 ( 4, 2, 2, 4 ),
 ( -7.745982956771141800E-006, 0.0005828864111228612500, 0.0008782026081626863500, 0.001173518805202511800 ),
 .UNSPECIFIED. ) ;
#1688 = CARTESIAN_POINT ( 'NONE',  ( 0.03511509428572025200, -3.790157235151790300, -3.226020800439330900 ) ) ;
#1689 = CARTESIAN_POINT ( 'NONE',  ( 6.635115094285720400, -1.798338443327073000, 0.0000000000000000000 ) ) ;
#1690 = CIRCLE ( 'NONE', #2757, 1.000000000000000900 ) ;
#1691 = EDGE_CURVE ( 'NONE', #224, #1391, #1926, .T. ) ;
#1692 = PLANE ( 'NONE',  #1748 ) ;
#1693 = CARTESIAN_POINT ( 'NONE',  ( -0.4643054471649275500, -0.2983384433270716600, -9.675369429360127800 ) ) ;
#1694 = ADVANCED_FACE ( 'NONE', ( #1056 ), #1254, .F. ) ;
#1695 = VECTOR ( 'NONE', #957, 1000.000000000000000 ) ;
#1696 = LINE ( 'NONE', #1290, #923 ) ;
#1697 = CARTESIAN_POINT ( 'NONE',  ( -1.089511932280596200, -1.708013013198804700, 31.99999999613463300 ) ) ;
#1698 = CIRCLE ( 'NONE', #2422, 1.500000000000001300 ) ;
#1699 = AXIS2_PLACEMENT_3D ( 'NONE', #399, #2118, #119 ) ;
#1700 = CARTESIAN_POINT ( 'NONE',  ( 6.635115094285721300, -9.598338443327074600, 18.80000000000000100 ) ) ;
#1701 = CARTESIAN_POINT ( 'NONE',  ( 0.03511509428572110600, -2.998338443327063900, 40.00000000000000000 ) ) ;
#1702 = CARTESIAN_POINT ( 'NONE',  ( 0.3274692015991715300, -3.115143498467855700, -3.003342952906546500 ) ) ;
#1703 = EDGE_LOOP ( 'NONE', ( #975, #669, #737, #2825 ) ) ;
#1704 = VERTEX_POINT ( 'NONE', #2236 ) ;
#1705 = ORIENTED_EDGE ( 'NONE', *, *, #2574, .F. ) ;
#1706 = DIRECTION ( 'NONE',  ( 1.000000000000000000, 0.0000000000000000000, -0.0000000000000000000 ) ) ;
#1707 = ADVANCED_FACE ( 'NONE', ( #1826, #3435 ), #649, .F. ) ;
#1708 = EDGE_CURVE ( 'NONE', #905, #1216, #2502, .T. ) ;
#1709 = CARTESIAN_POINT ( 'NONE',  ( -0.7648849057142789200, -2.114101297571995700, 32.90811757451881900 ) ) ;
#1710 = EDGE_LOOP ( 'NONE', ( #513, #2230, #2481, #2346 ) ) ;
#1711 = CARTESIAN_POINT ( 'NONE',  ( -3.664884905714277600, 2.601661556672927300, 29.00000000000000000 ) ) ;
#1712 = DIRECTION ( 'NONE',  ( 1.000000000000000000, 0.0000000000000000000, 0.0000000000000000000 ) ) ;
#1713 = DIRECTION ( 'NONE',  ( 0.0000000000000000000, 0.0000000000000000000, 1.000000000000000000 ) ) ;
#1714 = ORIENTED_EDGE ( 'NONE', *, *, #3477, .F. ) ;
#1715 = EDGE_CURVE ( 'NONE', #351, #1809, #315, .T. ) ;
#1716 = ORIENTED_EDGE ( 'NONE', *, *, #3020, .T. ) ;
#1717 = ORIENTED_EDGE ( 'NONE', *, *, #245, .F. ) ;
#1718 = DIRECTION ( 'NONE',  ( 0.0000000000000000000, 0.0000000000000000000, -1.000000000000000000 ) ) ;
#1719 = EDGE_CURVE ( 'NONE', #2487, #3503, #3262, .T. ) ;
#1720 = ORIENTED_EDGE ( 'NONE', *, *, #2712, .T. ) ;
#1721 = EDGE_LOOP ( 'NONE', ( #3114, #1705 ) ) ;
#1722 = CARTESIAN_POINT ( 'NONE',  ( -0.7648849057142629300, -2.865834091697605100, 32.27801961970931900 ) ) ;
#1723 = AXIS2_PLACEMENT_3D ( 'NONE', #3172, #1441, #3445 ) ;
#1724 = CARTESIAN_POINT ( 'NONE',  ( 5.385115094285720400, -0.4983384433270728300, 29.00000000000000000 ) ) ;
#1725 = LINE ( 'NONE', #2837, #3254 ) ;
#1726 = CARTESIAN_POINT ( 'NONE',  ( -0.3648849057142798400, -2.398338443327071800, -3.000000000000000000 ) ) ;
#1727 = LINE ( 'NONE', #2971, #952 ) ;
#1728 = ADVANCED_FACE ( 'NONE', ( #232 ), #2412, .T. ) ;
#1729 = ADVANCED_FACE ( 'NONE', ( #139 ), #2327, .F. ) ;
#1730 = LINE ( 'NONE', #1195, #2497 ) ;
#1731 = VECTOR ( 'NONE', #214, 1000.000000000000000 ) ;
#1732 = CARTESIAN_POINT ( 'NONE',  ( -11.91488490571428100, -9.698338443327074300, 5.350000000000000500 ) ) ;
#1733 = EDGE_CURVE ( 'NONE', #790, #2656, #3099, .T. ) ;
#1734 = CARTESIAN_POINT ( 'NONE',  ( 0.4408604686071136400, -2.994614706504650200, -2.999999992078022700 ) ) ;
#1735 = LINE ( 'NONE', #2019, #802 ) ;
#1736 = CARTESIAN_POINT ( 'NONE',  ( -1.085589998552931800, -3.092618787474396200, 31.99999999634532000 ) ) ;
#1737 = CARTESIAN_POINT ( 'NONE',  ( 5.385115094285720400, -0.4983384433270728300, 29.00000000000000000 ) ) ;
#1738 = EDGE_CURVE ( 'NONE', #906, #249, #881, .T. ) ;
#1739 = VERTEX_POINT ( 'NONE', #699 ) ;
#1740 = FACE_OUTER_BOUND ( 'NONE', #3327, .T. ) ;
#1741 = CARTESIAN_POINT ( 'NONE',  ( -7.364884905714278700, 0.9016615566729271300, 0.0000000000000000000 ) ) ;
#1742 = CARTESIAN_POINT ( 'NONE',  ( 3.635115094285720400, -2.398338443327071400, 0.5000000000000000000 ) ) ;
#1743 = CARTESIAN_POINT ( 'NONE',  ( -0.7648849057142806900, -2.674545165296295500, -3.908080349938641600 ) ) ;
#1744 = VECTOR ( 'NONE', #1013, 1000.000000000000000 ) ;
#1745 = CARTESIAN_POINT ( 'NONE',  ( 0.6351150942857211000, -2.398338443327074500, 32.00000000000000000 ) ) ;
#1746 = CARTESIAN_POINT ( 'NONE',  ( 2.769089690501282500, -2.398338443327074000, 29.00000000000000000 ) ) ;
#1747 = FACE_OUTER_BOUND ( 'NONE', #648, .T. ) ;
#1748 = AXIS2_PLACEMENT_3D ( 'NONE', #798, #3150, #1103 ) ;
#1749 = ORIENTED_EDGE ( 'NONE', *, *, #1758, .T. ) ;
#1750 = DIRECTION ( 'NONE',  ( -0.0000000000000000000, 0.0000000000000000000, -1.000000000000000000 ) ) ;
#1751 = ORIENTED_EDGE ( 'NONE', *, *, #1962, .F. ) ;
#1752 = PLANE ( 'NONE',  #2545 ) ;
#1753 = EDGE_LOOP ( 'NONE', ( #3529, #1220, #1802, #2841 ) ) ;
#1754 = ORIENTED_EDGE ( 'NONE', *, *, #5, .F. ) ;
#1755 = CARTESIAN_POINT ( 'NONE',  ( -0.3648849057142789500, -2.398338443327074500, 29.00000000000000000 ) ) ;
#1756 = ORIENTED_EDGE ( 'NONE', *, *, #2174, .T. ) ;
#1757 = DIRECTION ( 'NONE',  ( -0.0000000000000000000, -0.0000000000000000000, -1.000000000000000000 ) ) ;
#1758 = EDGE_CURVE ( 'NONE', #2554, #3618, #1735, .T. ) ;
#1759 = DIRECTION ( 'NONE',  ( 1.000000000000000000, 0.0000000000000000000, 0.0000000000000000000 ) ) ;
#1760 = DIRECTION ( 'NONE',  ( -1.219727444046192500E-016, -1.000000000000000000, 0.0000000000000000000 ) ) ;
#1761 = EDGE_LOOP ( 'NONE', ( #88, #601, #1247, #489 ) ) ;
#1762 = DIRECTION ( 'NONE',  ( -0.0000000000000000000, -0.0000000000000000000, -1.000000000000000000 ) ) ;
#1763 = DIRECTION ( 'NONE',  ( -0.0000000000000000000, -0.0000000000000000000, -1.000000000000000000 ) ) ;
#1764 = PLANE ( 'NONE',  #2931 ) ;
#1765 = ORIENTED_EDGE ( 'NONE', *, *, #1733, .F. ) ;
#1766 = ORIENTED_EDGE ( 'NONE', *, *, #2884, .T. ) ;
#1767 = CARTESIAN_POINT ( 'NONE',  ( 6.635115094285720400, 0.9016615566729271300, 29.00000000000000000 ) ) ;
#1768 = AXIS2_PLACEMENT_3D ( 'NONE', #796, #2507, #510 ) ;
#1769 = SHAPE_DEFINITION_REPRESENTATION ( #821, #2068 ) ;
#1770 = EDGE_LOOP ( 'NONE', ( #1438, #1343, #2121, #3291 ) ) ;
#1771 = CARTESIAN_POINT ( 'NONE',  ( -0.06379984124821958000, -0.4242529110805552900, 39.10841545149083500 ) ) ;
#1772 = CARTESIAN_POINT ( 'NONE',  ( -0.7648849057142803600, -4.108338443327069100, -11.00000000000000000 ) ) ;
#1773 = CARTESIAN_POINT ( 'NONE',  ( -0.3648849057142798400, -2.398338443327071800, 1.000000000000000000 ) ) ;
#1774 = LINE ( 'NONE', #1286, #3218 ) ;
#1775 = LINE ( 'NONE', #844, #999 ) ;
#1776 = AXIS2_PLACEMENT_3D ( 'NONE', #1426, #3427, #1713 ) ;
#1777 = CARTESIAN_POINT ( 'NONE',  ( -0.5551512981133790400, -0.3290464366997776200, 38.85256572414721900 ) ) ;
#1778 = CARTESIAN_POINT ( 'NONE',  ( 6.635115094285720400, -3.198338443327073400, 0.0000000000000000000 ) ) ;
#1779 = VECTOR ( 'NONE', #2437, 1000.000000000000000 ) ;
#1780 = B_SPLINE_CURVE_WITH_KNOTS ( 'NONE', 3,
 ( #3224, #1791, #99, #2088, #372, #2367, #654, #2647 ),
 .UNSPECIFIED., .F., .F.,
 ( 4, 2, 2, 4 ),
 ( 9.965227682168975300E-018, 0.0002952764659501093000, 0.0005905529319002086300, 0.001181105863800425300 ),
 .UNSPECIFIED. ) ;
#1781 = ORIENTED_EDGE ( 'NONE', *, *, #3255, .T. ) ;
#1782 = FACE_BOUND ( 'NONE', #1721, .T. ) ;
#1783 = EDGE_CURVE ( 'NONE', #2172, #1075, #1547, .T. ) ;
#1784 = CARTESIAN_POINT ( 'NONE',  ( -5.364884905714277800, 0.9016615566729273600, 29.00000000000000000 ) ) ;
#1785 = VECTOR ( 'NONE', #2609, 1000.000000000000000 ) ;
#1786 = CARTESIAN_POINT ( 'NONE',  ( 4.135115094285719600, -6.398338443327077100, 29.00000000000000000 ) ) ;
#1787 = PLANE ( 'NONE',  #1456 ) ;
#1788 = EDGE_CURVE ( 'NONE', #507, #2487, #59, .T. ) ;
#1789 = CARTESIAN_POINT ( 'NONE',  ( -0.1746185133151789700, -4.467630449954366900, -4.147434275852781100 ) ) ;
#1790 = VECTOR ( 'NONE', #2888, 1000.000000000000000 ) ;
#1791 = CARTESIAN_POINT ( 'NONE',  ( -0.7648849057142793600, -4.175496735233760000, 32.56497704211503200 ) ) ;
#1792 = CARTESIAN_POINT ( 'NONE',  ( -0.7648849057142800300, -2.398338443327067400, -7.099999999999999600 ) ) ;
#1793 = ORIENTED_EDGE ( 'NONE', *, *, #3213, .F. ) ;
#1794 = DIRECTION ( 'NONE',  ( 0.0000000000000000000, 0.0000000000000000000, 1.000000000000000000 ) ) ;
#1795 = ORIENTED_EDGE ( 'NONE', *, *, #3477, .T. ) ;
#1796 = CARTESIAN_POINT ( 'NONE',  ( -1.164884905714288000, -1.798338443327082400, -3.000000000000000000 ) ) ;
#1797 = AXIS2_PLACEMENT_3D ( 'NONE', #3433, #1087, #2256 ) ;
#1798 = ORIENTED_EDGE ( 'NONE', *, *, #60, .T. ) ;
#1799 = CARTESIAN_POINT ( 'NONE',  ( 0.3878836545305865400, -1.735363190320918800, -3.000000000000128300 ) ) ;
#1800 = ORIENTED_EDGE ( 'NONE', *, *, #1196, .F. ) ;
#1801 = DIRECTION ( 'NONE',  ( -1.000000000000000000, 0.0000000000000000000, 0.0000000000000000000 ) ) ;
#1802 = ORIENTED_EDGE ( 'NONE', *, *, #220, .F. ) ;
#1803 = DIRECTION ( 'NONE',  ( 0.0000000000000000000, 0.0000000000000000000, -1.000000000000000000 ) ) ;
#1804 = VERTEX_POINT ( 'NONE', #184 ) ;
#1805 = CARTESIAN_POINT ( 'NONE',  ( -5.364884905714277800, 0.9016615566729273600, 29.00000000000000000 ) ) ;
#1806 = ORIENTED_EDGE ( 'NONE', *, *, #3621, .F. ) ;
#1807 = DIRECTION ( 'NONE',  ( -1.219727444046192500E-016, -1.000000000000000000, 0.0000000000000000000 ) ) ;
#1808 = CARTESIAN_POINT ( 'NONE',  ( 6.635115094285720400, -7.198338443327073400, 18.80000000000000100 ) ) ;
#1809 = VERTEX_POINT ( 'NONE', #1808 ) ;
#1810 = EDGE_CURVE ( 'NONE', #26, #636, #709, .T. ) ;
#1811 = DIRECTION ( 'NONE',  ( 1.000000000000000000, 0.0000000000000000000, 0.0000000000000000000 ) ) ;
#1812 = DIRECTION ( 'NONE',  ( -0.0000000000000000000, -0.0000000000000000000, 1.000000000000000000 ) ) ;
#1813 = EDGE_LOOP ( 'NONE', ( #3665, #1251, #471, #1798 ) ) ;
#1814 = DIRECTION ( 'NONE',  ( 1.734723475976807300E-016, -1.000000000000000000, 0.0000000000000000000 ) ) ;
#1815 = ORIENTED_EDGE ( 'NONE', *, *, #1128, .F. ) ;
#1816 = FACE_OUTER_BOUND ( 'NONE', #2684, .T. ) ;
#1817 = CIRCLE ( 'NONE', #2986, 1.000000000000000200 ) ;
#1818 = PLANE ( 'NONE',  #1261 ) ;
#1819 = AXIS2_PLACEMENT_3D ( 'NONE', #760, #2758, #1034 ) ;
#1820 = CARTESIAN_POINT ( 'NONE',  ( -0.7648849057142791400, -1.006519651502356400, 32.22602080043933600 ) ) ;
#1821 = FACE_OUTER_BOUND ( 'NONE', #2619, .T. ) ;
#1822 = VECTOR ( 'NONE', #2171, 1000.000000000000000 ) ;
#1823 = EDGE_CURVE ( 'NONE', #1454, #2183, #1646, .T. ) ;
#1824 = DIRECTION ( 'NONE',  ( -9.912705577010328000E-017, 1.000000000000000000, -0.0000000000000000000 ) ) ;
#1825 = CARTESIAN_POINT ( 'NONE',  ( 5.385115094285720400, -1.798338443327072800, 0.0000000000000000000 ) ) ;
#1826 = FACE_BOUND ( 'NONE', #2026, .T. ) ;
#1827 = DIRECTION ( 'NONE',  ( -1.000000000000000000, 0.0000000000000000000, 0.0000000000000000000 ) ) ;
#1828 = AXIS2_PLACEMENT_3D ( 'NONE', #2634, #2932, #1201 ) ;
#1829 = CARTESIAN_POINT ( 'NONE',  ( 0.03511509428573367200, -3.218536487642555500, 32.23841204935862900 ) ) ;
#1830 = DIRECTION ( 'NONE',  ( -1.000000000000000000, 1.228445443971150800E-016, 0.0000000000000000000 ) ) ;
#1831 = VERTEX_POINT ( 'NONE', #3159 ) ;
#1832 = FACE_BOUND ( 'NONE', #3197, .T. ) ;
#1833 = EDGE_CURVE ( 'NONE', #827, #1831, #1387, .T. ) ;
#1834 = LINE ( 'NONE', #3057, #408 ) ;
#1835 = DIRECTION ( 'NONE',  ( -0.0000000000000000000, 0.0000000000000000000, -1.000000000000000000 ) ) ;
#1836 = ORIENTED_EDGE ( 'NONE', *, *, #2784, .F. ) ;
#1837 = CARTESIAN_POINT ( 'NONE',  ( -6.114884905714277800, -0.4983384433270728300, 29.00000000000000000 ) ) ;
#1838 = EDGE_CURVE ( 'NONE', #1036, #599, #2145, .T. ) ;
#1839 = CARTESIAN_POINT ( 'NONE',  ( -6.114884905714277800, -4.498338443327073200, 29.00000000000000000 ) ) ;
#1840 = VECTOR ( 'NONE', #1812, 1000.000000000000000 ) ;
#1841 = DIRECTION ( 'NONE',  ( -0.0000000000000000000, -0.0000000000000000000, -1.000000000000000000 ) ) ;
#1842 = CARTESIAN_POINT ( 'NONE',  ( 0.6190622262174746400, -2.601095330872331200, 32.00000000577745900 ) ) ;
#1843 = VERTEX_POINT ( 'NONE', #3051 ) ;
#1844 = DIRECTION ( 'NONE',  ( 0.0000000000000000000, 0.0000000000000000000, 1.000000000000000000 ) ) ;
#1845 = VERTEX_POINT ( 'NONE', #3417 ) ;
#1846 = AXIS2_PLACEMENT_3D ( 'NONE', #2061, #72, #1760 ) ;
#1847 = EDGE_LOOP ( 'NONE', ( #778, #2103, #3581, #1948 ) ) ;
#1848 = ORIENTED_EDGE ( 'NONE', *, *, #1838, .F. ) ;
#1849 = AXIS2_PLACEMENT_3D ( 'NONE', #169, #2166, #447 ) ;
#1850 = ORIENTED_EDGE ( 'NONE', *, *, #2119, .F. ) ;
#1851 = DIRECTION ( 'NONE',  ( 1.000000000000000000, 0.0000000000000000000, 0.0000000000000000000 ) ) ;
#1852 = DIRECTION ( 'NONE',  ( -0.0000000000000000000, -0.0000000000000000000, -1.000000000000000000 ) ) ;
#1853 = CARTESIAN_POINT ( 'NONE',  ( 0.03511509428572118900, -1.643768970992163900, 32.81602558043882600 ) ) ;
#1854 = VERTEX_POINT ( 'NONE', #3394 ) ;
#1855 = CARTESIAN_POINT ( 'NONE',  ( -0.7648849057142804700, -0.9734005550507329700, -3.069088006101422300 ) ) ;
#1856 = EDGE_CURVE ( 'NONE', #383, #1704, #622, .T. ) ;
#1857 = VERTEX_POINT ( 'NONE', #1644 ) ;
#1858 = CARTESIAN_POINT ( 'NONE',  ( -0.7648849057142803600, -0.6883384433270716100, -10.50891030324801400 ) ) ;
#1859 = ORIENTED_EDGE ( 'NONE', *, *, #1519, .F. ) ;
#1860 = CARTESIAN_POINT ( 'NONE',  ( -0.7648849057142809200, -4.175496675586871700, -10.43502302350829000 ) ) ;
#1861 = EDGE_CURVE ( 'NONE', #1468, #460, #2241, .T. ) ;
#1862 = ORIENTED_EDGE ( 'NONE', *, *, #3251, .F. ) ;
#1863 = CARTESIAN_POINT ( 'NONE',  ( -0.7648849057142803600, -1.006519651502354700, -3.226020800439330500 ) ) ;
#1864 = DIRECTION ( 'NONE',  ( -0.0000000000000000000, -0.0000000000000000000, -1.000000000000000000 ) ) ;
#1865 = DIRECTION ( 'NONE',  ( -1.000000000000000000, 0.0000000000000000000, 0.0000000000000000000 ) ) ;
#1866 = CARTESIAN_POINT ( 'NONE',  ( 0.03511509428568369800, -1.401246246987998700, 32.09078634754769900 ) ) ;
#1867 = LINE ( 'NONE', #156, #2536 ) ;
#1868 = CARTESIAN_POINT ( 'NONE',  ( -0.7648849057142804700, -2.528296157016685100, -3.917393043785289700 ) ) ;
#1869 = LINE ( 'NONE', #2928, #1097 ) ;
#1870 = FACE_OUTER_BOUND ( 'NONE', #2975, .T. ) ;
#1871 = CARTESIAN_POINT ( 'NONE',  ( 4.635115094285720400, -6.698338443327072500, 29.00000000000000000 ) ) ;
#1872 = CARTESIAN_POINT ( 'NONE',  ( -7.364884905714278700, -4.498338443327073200, 29.00000000000000000 ) ) ;
#1873 = AXIS2_PLACEMENT_3D ( 'NONE', #3041, #2747, #3267 ) ;
#1874 = CARTESIAN_POINT ( 'NONE',  ( 0.6333759603044151200, -2.520582308317644800, -2.999999998975887200 ) ) ;
#1875 = LINE ( 'NONE', #3626, #2544 ) ;
#1876 = DIRECTION ( 'NONE',  ( -1.000000000000000000, 0.0000000000000000000, 0.0000000000000000000 ) ) ;
#1877 = CC_DESIGN_SECURITY_CLASSIFICATION ( #907, ( #3661 ) ) ;
#1878 = VECTOR ( 'NONE', #2899, 1000.000000000000000 ) ;
#1879 = DIRECTION ( 'NONE',  ( 0.0000000000000000000, 0.0000000000000000000, 1.000000000000000000 ) ) ;
#1880 = DIRECTION ( 'NONE',  ( -0.0000000000000000000, 1.000000000000000000, -0.0000000000000000000 ) ) ;
#1881 = ORIENTED_EDGE ( 'NONE', *, *, #1323, .F. ) ;
#1882 = CARTESIAN_POINT ( 'NONE',  ( -1.090776107275308800, -3.087360616615933800, -2.999999996040573900 ) ) ;
#1883 = VECTOR ( 'NONE', #901, 1000.000000000000000 ) ;
#1884 = EDGE_CURVE ( 'NONE', #1857, #3148, #2812, .T. ) ;
#1885 = DIRECTION ( 'NONE',  ( 0.0000000000000000000, 0.0000000000000000000, -1.000000000000000000 ) ) ;
#1886 = CARTESIAN_POINT ( 'NONE',  ( -1.364884905714280000, -2.398338443327071800, -3.000000000000000000 ) ) ;
#1887 = ORIENTED_EDGE ( 'NONE', *, *, #1614, .T. ) ;
#1888 = PLANE ( 'NONE',  #2072 ) ;
#1889 = ORIENTED_EDGE ( 'NONE', *, *, #3356, .F. ) ;
#1890 = CARTESIAN_POINT ( 'NONE',  ( -1.364884905714280000, -2.398338443327071800, 0.0000000000000000000 ) ) ;
#1891 = DIRECTION ( 'NONE',  ( 0.0000000000000000000, 0.0000000000000000000, -1.000000000000000000 ) ) ;
#1892 = VERTEX_POINT ( 'NONE', #2856 ) ;
#1893 = AXIS2_PLACEMENT_3D ( 'NONE', #109, #1803, #2913 ) ;
#1894 = ORIENTED_EDGE ( 'NONE', *, *, #1299, .T. ) ;
#1895 = CARTESIAN_POINT ( 'NONE',  ( -14.11488490571428200, -9.598338443327074600, 29.00000000000000000 ) ) ;
#1896 = CARTESIAN_POINT ( 'NONE',  ( 0.4060747204811375200, -3.036340744359728100, -3.000000003628548600 ) ) ;
#1897 = ORIENTED_EDGE ( 'NONE', *, *, #732, .F. ) ;
#1898 = AXIS2_PLACEMENT_3D ( 'NONE', #1080, #3108, #1371 ) ;
#1899 = ORIENTED_EDGE ( 'NONE', *, *, #2597, .T. ) ;
#1900 = ORIENTED_EDGE ( 'NONE', *, *, #2180, .F. ) ;
#1901 = DIRECTION ( 'NONE',  ( -1.000000000000000000, -0.0000000000000000000, -0.0000000000000000000 ) ) ;
#1902 = DIRECTION ( 'NONE',  ( -0.0000000000000000000, -0.0000000000000000000, -1.000000000000000000 ) ) ;
#1903 = CARTESIAN_POINT ( 'NONE',  ( -0.3648849057142789500, -2.398338443327074500, 28.50000000000000000 ) ) ;
#1904 = CARTESIAN_POINT ( 'NONE',  ( -0.7648849057142790300, -3.077827449706928700, 32.83788321626557400 ) ) ;
#1905 = PLANE ( 'NONE',  #3484 ) ;
#1906 = EDGE_LOOP ( 'NONE', ( #3448, #3003, #902, #2340, #1465, #2833, #1204, #2521 ) ) ;
#1907 = EDGE_CURVE ( 'NONE', #1704, #1488, #1279, .T. ) ;
#1908 = PLANE ( 'NONE',  #3377 ) ;
#1909 = ORIENTED_EDGE ( 'NONE', *, *, #271, .T. ) ;
#1910 = DIRECTION ( 'NONE',  ( 0.0000000000000000000, -1.000000000000000000, 0.0000000000000000000 ) ) ;
#1911 = CARTESIAN_POINT ( 'NONE',  ( 0.6136574669605718800, -2.624777991594997100, -3.000000006186947400 ) ) ;
#1912 = LINE ( 'NONE', #3647, #3340 ) ;
#1913 = EDGE_CURVE ( 'NONE', #2604, #643, #535, .T. ) ;
#1914 = CIRCLE ( 'NONE', #2217, 1.000000000000000000 ) ;
#1915 = DIRECTION ( 'NONE',  ( 0.0000000000000000000, -1.000000000000000000, 0.0000000000000000000 ) ) ;
#1916 = VERTEX_POINT ( 'NONE', #3381 ) ;
#1917 = ADVANCED_FACE ( 'NONE', ( #1967 ), #440, .F. ) ;
#1918 = CIRCLE ( 'NONE', #2308, 0.5000000000000004400 ) ;
#1919 = CARTESIAN_POINT ( 'NONE',  ( -0.3648849057142798400, -2.398338443327071800, 0.0000000000000000000 ) ) ;
#1920 = LINE ( 'NONE', #2457, #1822 ) ;
#1921 = DIRECTION ( 'NONE',  ( -1.000000000000000000, 0.0000000000000000000, 0.0000000000000000000 ) ) ;
#1922 = DIRECTION ( 'NONE',  ( 0.0000000000000000000, -0.0000000000000000000, 1.000000000000000000 ) ) ;
#1923 = CARTESIAN_POINT ( 'NONE',  ( -1.164884905714286700, -1.798338443327084800, 32.00000000000000000 ) ) ;
#1924 = EDGE_CURVE ( 'NONE', #1584, #1391, #2710, .T. ) ;
#1925 = DIRECTION ( 'NONE',  ( 1.000000000000000000, 0.0000000000000000000, 0.0000000000000000000 ) ) ;
#1926 = LINE ( 'NONE', #3560, #1234 ) ;
#1927 = DIRECTION ( 'NONE',  ( 0.0000000000000000000, 0.0000000000000000000, 1.000000000000000000 ) ) ;
#1928 = CYLINDRICAL_SURFACE ( 'NONE', #2399, 1.000000000000000000 ) ;
#1929 = AXIS2_PLACEMENT_3D ( 'NONE', #1755, #68, #2055 ) ;
#1930 = CARTESIAN_POINT ( 'NONE',  ( -0.3648849057142789500, -2.398338443327074500, 32.00000000000000000 ) ) ;
#1931 = CIRCLE ( 'NONE', #2722, 0.5000000000000004400 ) ;
#1932 = DIRECTION ( 'NONE',  ( 1.000000000000000000, 0.0000000000000000000, 0.0000000000000000000 ) ) ;
#1933 = EDGE_CURVE ( 'NONE', #168, #3622, #3472, .T. ) ;
#1934 = DIRECTION ( 'NONE',  ( -0.0000000000000000000, -0.0000000000000000000, -1.000000000000000000 ) ) ;
#1935 = CARTESIAN_POINT ( 'NONE',  ( -7.964884905714280100, -4.498338443327075000, 38.49999999999999300 ) ) ;
#1936 = FACE_OUTER_BOUND ( 'NONE', #2265, .T. ) ;
#1937 = CARTESIAN_POINT ( 'NONE',  ( 0.4351150942857285300, -2.998338443327064300, 32.00000000000000000 ) ) ;
#1938 = ADVANCED_FACE ( 'NONE', ( #1186 ), #3305, .T. ) ;
#1939 = VERTEX_POINT ( 'NONE', #1274 ) ;
#1940 = CARTESIAN_POINT ( 'NONE',  ( -0.3748849057142785700, -0.2983384433270742700, 38.49999999999999300 ) ) ;
#1941 = EDGE_CURVE ( 'NONE', #2990, #784, #1970, .T. ) ;
#1942 = ORIENTED_EDGE ( 'NONE', *, *, #2688, .T. ) ;
#1943 = ORIENTED_EDGE ( 'NONE', *, *, #1640, .F. ) ;
#1944 = VERTEX_POINT ( 'NONE', #2996 ) ;
#1945 = ORIENTED_EDGE ( 'NONE', *, *, #564, .F. ) ;
#1946 = SECURITY_CLASSIFICATION_LEVEL ( 'unclassified' ) ;
#1947 = CARTESIAN_POINT ( 'NONE',  ( -0.7648849057142791400, -2.398338443327074500, 36.10000000000000100 ) ) ;
#1948 = ORIENTED_EDGE ( 'NONE', *, *, #787, .T. ) ;
#1949 = CARTESIAN_POINT ( 'NONE',  ( 4.635115094285724000, -5.898338443327073600, 29.00000000000000000 ) ) ;
#1950 = CARTESIAN_POINT ( 'NONE',  ( 0.03511509428572121700, -3.461577965885280800, 32.66419612790426900 ) ) ;
#1951 = AXIS2_PLACEMENT_3D ( 'NONE', #325, #937, #2958 ) ;
#1952 = VERTEX_POINT ( 'NONE', #1552 ) ;
#1953 = DIRECTION ( 'NONE',  ( 1.000000000000000000, -0.0000000000000000000, -0.0000000000000000000 ) ) ;
#1954 = ORIENTED_EDGE ( 'NONE', *, *, #2982, .T. ) ;
#1955 = VERTEX_POINT ( 'NONE', #1380 ) ;
#1956 = DIRECTION ( 'NONE',  ( -1.000000000000000000, 1.084202172485504400E-016, -0.0000000000000000000 ) ) ;
#1957 = ORIENTED_EDGE ( 'NONE', *, *, #1176, .T. ) ;
#1958 = CARTESIAN_POINT ( 'NONE',  ( 0.03511509428572121700, -1.852352423458446300, 32.86876653466151100 ) ) ;
#1959 = CARTESIAN_POINT ( 'NONE',  ( -4.764884905714279900, -2.398338443327071800, 0.5000000000000000000 ) ) ;
#1960 = FACE_OUTER_BOUND ( 'NONE', #2770, .T. ) ;
#1961 = DIRECTION ( 'NONE',  ( -1.000000000000000000, 0.0000000000000000000, -0.0000000000000000000 ) ) ;
#1962 = EDGE_CURVE ( 'NONE', #1557, #463, #1099, .T. ) ;
#1963 = ORIENTED_EDGE ( 'NONE', *, *, #1823, .F. ) ;
#1964 = CIRCLE ( 'NONE', #1461, 0.5000000000000004400 ) ;
#1965 = LINE ( 'NONE', #346, #1370 ) ;
#1966 = ADVANCED_FACE ( 'NONE', ( #1870 ), #3379, .F. ) ;
#1967 = FACE_OUTER_BOUND ( 'NONE', #1665, .T. ) ;
#1968 = CARTESIAN_POINT ( 'NONE',  ( -1.117620473355215100, -3.061357686471800800, -3.000000000000129700 ) ) ;
#1969 = VECTOR ( 'NONE', #1334, 1000.000000000000000 ) ;
#1970 = B_SPLINE_CURVE_WITH_KNOTS ( 'NONE', 3,
 ( #1150, #194, #1098, #2773, #516, #2096, #953, #529 ),
 .UNSPECIFIED., .F., .F.,
 ( 4, 2, 2, 4 ),
 ( 3.831146400352653000E-015, 0.0002360849123196400900, 0.0004721698246354490500, 0.0009443396492670709700 ),
 .UNSPECIFIED. ) ;
#1971 = CARTESIAN_POINT ( 'NONE',  ( -0.1385230964011096600, -0.3601871339120002500, 33.06400703605584100 ) ) ;
#1972 = CARTESIAN_POINT ( 'NONE',  ( 0.03511509428571992600, -1.850331729787588500, -3.868384461570901300 ) ) ;
#1973 = VECTOR ( 'NONE', #1757, 1000.000000000000000 ) ;
#1974 = CARTESIAN_POINT ( 'NONE',  ( -6.114884905714277800, -0.4983384433270728300, 29.00000000000000000 ) ) ;
#1975 = DIRECTION ( 'NONE',  ( -0.0000000000000000000, 0.0000000000000000000, -1.000000000000000000 ) ) ;
#1976 = ADVANCED_FACE ( 'NONE', ( #273 ), #3221, .F. ) ;
#1977 = EDGE_CURVE ( 'NONE', #695, #728, #1008, .T. ) ;
#1978 = CARTESIAN_POINT ( 'NONE',  ( -0.7648849057142792500, -1.394600704145038100, 32.04168413148460100 ) ) ;
#1979 = EDGE_LOOP ( 'NONE', ( #2429, #1635, #2973, #1590 ) ) ;
#1980 = EDGE_LOOP ( 'NONE', ( #1179, #1031, #644, #549 ) ) ;
#1981 = DIRECTION ( 'NONE',  ( 1.000000000000000000, -0.0000000000000000000, -0.0000000000000000000 ) ) ;
#1982 = EDGE_LOOP ( 'NONE', ( #2808, #1889, #2086, #458 ) ) ;
#1983 = CARTESIAN_POINT ( 'NONE',  ( -0.7648849057142789200, -1.798338443327074400, 40.00000000000000000 ) ) ;
#1984 = EDGE_CURVE ( 'NONE', #1391, #786, #2541, .T. ) ;
#1985 = ORIENTED_EDGE ( 'NONE', *, *, #1719, .F. ) ;
#1986 = ORIENTED_EDGE ( 'NONE', *, *, #2857, .T. ) ;
#1987 = CARTESIAN_POINT ( 'NONE',  ( -0.7648849057142791400, -1.578140399011577700, 32.23841204935862900 ) ) ;
#1988 = EDGE_LOOP ( 'NONE', ( #2163, #509, #2653, #288 ) ) ;
#1989 = DIRECTION ( 'NONE',  ( 1.000000000000000000, 0.0000000000000000000, 0.0000000000000000000 ) ) ;
#1990 = VERTEX_POINT ( 'NONE', #157 ) ;
#1991 = CARTESIAN_POINT ( 'NONE',  ( -0.9091720772832447800, -1.495658419951944700, -3.029161366158506800 ) ) ;
#1992 = AXIS2_PLACEMENT_3D ( 'NONE', #39, #3085, #3557 ) ;
#1993 = CARTESIAN_POINT ( 'NONE',  ( 0.4351150942857303100, -2.998338443327059000, -3.000000000000000000 ) ) ;
#1994 = ADVANCED_FACE ( 'NONE', ( #3386 ), #1564, .F. ) ;
#1995 = VERTEX_POINT ( 'NONE', #722 ) ;
#1996 = PERSON_AND_ORGANIZATION ( #840, #995 ) ;
#1997 = ORIENTED_EDGE ( 'NONE', *, *, #2005, .F. ) ;
#1998 = DIRECTION ( 'NONE',  ( 0.0000000000000000000, -1.000000000000000000, 0.0000000000000000000 ) ) ;
#1999 = EDGE_CURVE ( 'NONE', #1944, #1854, #1001, .T. ) ;
#2000 = LINE ( 'NONE', #235, #1320 ) ;
#2001 = FACE_OUTER_BOUND ( 'NONE', #2751, .T. ) ;
#2002 = ORIENTED_EDGE ( 'NONE', *, *, #3545, .T. ) ;
#2003 = CARTESIAN_POINT ( 'NONE',  ( -1.348832037646015900, -2.195581555781754600, 32.00000000577745900 ) ) ;
#2004 = LINE ( 'NONE', #2883, #3431 ) ;
#2005 = EDGE_CURVE ( 'NONE', #1392, #678, #1690, .T. ) ;
#2006 = CARTESIAN_POINT ( 'NONE',  ( -0.6987108589181124700, -4.332675103818107100, -3.808035603571287500 ) ) ;
#2007 = CARTESIAN_POINT ( 'NONE',  ( 7.885115094285719600, -9.598338443327074600, 23.65000000000000200 ) ) ;
#2008 = LINE ( 'NONE', #138, #485 ) ;
#2009 = EDGE_LOOP ( 'NONE', ( #2683, #3310, #261, #2343 ) ) ;
#2010 = FACE_OUTER_BOUND ( 'NONE', #922, .T. ) ;
#2011 = CARTESIAN_POINT ( 'NONE',  ( 4.635115094285724000, -7.198338443327074300, 0.0000000000000000000 ) ) ;
#2012 = UNCERTAINTY_MEASURE_WITH_UNIT (LENGTH_MEASURE( 1.000000000000000100E-005 ), #2776, 'distance_accuracy_value', 'NONE');
#2013 = CARTESIAN_POINT ( 'NONE',  ( -0.7648849057142804700, -1.787469429245044400, -3.855061025722939000 ) ) ;
#2014 = CARTESIAN_POINT ( 'NONE',  ( 0.03511509428572013500, -0.9790498691994299300, -3.113090202051906900 ) ) ;
#2015 = ADVANCED_FACE ( 'NONE', ( #3136, #2362 ), #2663, .F. ) ;
#2016 = CARTESIAN_POINT ( 'NONE',  ( -0.7648849057142789200, -3.152907915661953300, 32.81602558043882600 ) ) ;
#2017 = VECTOR ( 'NONE', #2750, 1000.000000000000000 ) ;
#2018 = ADVANCED_FACE ( 'NONE', ( #2454 ), #3089, .F. ) ;
#2019 = CARTESIAN_POINT ( 'NONE',  ( -7.964884905714280100, -0.2983384433270742700, 38.49999999999999300 ) ) ;
#2020 = AXIS2_PLACEMENT_3D ( 'NONE', #352, #2646, #2985 ) ;
#2021 = DIRECTION ( 'NONE',  ( 1.000000000000000000, 0.0000000000000000000, -0.0000000000000000000 ) ) ;
#2022 = EDGE_CURVE ( 'NONE', #1577, #3021, #101, .T. ) ;
#2023 = DIRECTION ( 'NONE',  ( -0.0000000000000000000, 0.0000000000000000000, 1.000000000000000000 ) ) ;
#2024 = AXIS2_PLACEMENT_3D ( 'NONE', #3488, #927, #1214 ) ;
#2025 = EDGE_LOOP ( 'NONE', ( #1164, #3331, #940, #1043 ) ) ;
#2026 = EDGE_LOOP ( 'NONE', ( #2038, #3423 ) ) ;
#2027 = DIRECTION ( 'NONE',  ( -9.912705577010328000E-017, 1.000000000000000000, -0.0000000000000000000 ) ) ;
#2028 = ORIENTED_EDGE ( 'NONE', *, *, #1562, .T. ) ;
#2029 = CARTESIAN_POINT ( 'NONE',  ( -0.3648849057142798400, -2.398338443327071800, -3.000000000000000000 ) ) ;
#2030 = EDGE_LOOP ( 'NONE', ( #860, #110, #708, #3542 ) ) ;
#2031 = EDGE_CURVE ( 'NONE', #1161, #1130, #918, .T. ) ;
#2032 = CARTESIAN_POINT ( 'NONE',  ( -0.7648849057143949400, -3.395430639666169500, 32.09078634754768400 ) ) ;
#2033 = ORIENTED_EDGE ( 'NONE', *, *, #910, .T. ) ;
#2034 = DIRECTION ( 'NONE',  ( 0.0000000000000000000, 6.216092455583553500E-015, -1.000000000000000000 ) ) ;
#2035 = CARTESIAN_POINT ( 'NONE',  ( 6.635115094285720400, -5.898338443327073600, 0.0000000000000000000 ) ) ;
#2036 = DIRECTION ( 'NONE',  ( 0.0000000000000000000, -1.000000000000000000, 0.0000000000000000000 ) ) ;
#2037 = CARTESIAN_POINT ( 'NONE',  ( -0.7648849057142804700, -2.260461989582860800, -3.916536701921398600 ) ) ;
#2038 = ORIENTED_EDGE ( 'NONE', *, *, #1276, .T. ) ;
#2039 = EDGE_CURVE ( 'NONE', #1857, #3456, #1595, .T. ) ;
#2040 = ORIENTED_EDGE ( 'NONE', *, *, #2381, .F. ) ;
#2041 = DIRECTION ( 'NONE',  ( 1.000000000000000000, -0.0000000000000000000, -0.0000000000000000000 ) ) ;
#2042 = AXIS2_PLACEMENT_3D ( 'NONE', #2352, #1198, #2632 ) ;
#2043 = ORIENTED_EDGE ( 'NONE', *, *, #3027, .F. ) ;
#2044 = CARTESIAN_POINT ( 'NONE',  ( -0.7648849057142801400, -2.945549761039782900, -3.280620681832636000 ) ) ;
#2045 = ORIENTED_EDGE ( 'NONE', *, *, #1977, .F. ) ;
#2046 = DIRECTION ( 'NONE',  ( -0.0000000000000000000, -0.0000000000000000000, -1.000000000000000000 ) ) ;
#2047 = CARTESIAN_POINT ( 'NONE',  ( -14.11488490571428200, -7.198338443327075200, 29.00000000000000000 ) ) ;
#2048 = ORIENTED_EDGE ( 'NONE', *, *, #780, .T. ) ;
#2049 = AXIS2_PLACEMENT_3D ( 'NONE', #470, #2469, #757 ) ;
#2050 = LINE ( 'NONE', #1492, #611 ) ;
#2051 = CARTESIAN_POINT ( 'NONE',  ( 0.1794533865104460700, -1.495744608667555900, 32.02914247658740300 ) ) ;
#2052 = CYLINDRICAL_SURFACE ( 'NONE', #1368, 4.400000000000000400 ) ;
#2053 = FACE_BOUND ( 'NONE', #558, .T. ) ;
#2054 = CYLINDRICAL_SURFACE ( 'NONE', #3061, 5.990826320300064000 ) ;
#2055 = DIRECTION ( 'NONE',  ( 1.000000000000000000, 0.0000000000000000000, 0.0000000000000000000 ) ) ;
#2056 = EDGE_CURVE ( 'NONE', #1161, #1093, #1501, .T. ) ;
#2057 = EDGE_LOOP ( 'NONE', ( #2658, #3025, #2124, #3499 ) ) ;
#2058 = VECTOR ( 'NONE', #1953, 1000.000000000000000 ) ;
#2059 = CARTESIAN_POINT ( 'NONE',  ( -7.364884905714278700, -9.598338443327074600, 10.20000000000000100 ) ) ;
#2060 = CARTESIAN_POINT ( 'NONE',  ( -0.6986442056175916600, -0.4639826388021531200, -3.808144464328932600 ) ) ;
#2061 = CARTESIAN_POINT ( 'NONE',  ( 0.03511509428572035000, -2.998338443327072300, -9.500000000000000000 ) ) ;
#2062 = EDGE_CURVE ( 'NONE', #636, #1, #8, .T. ) ;
#2063 = FACE_OUTER_BOUND ( 'NONE', #1982, .T. ) ;
#2064 = PLANE ( 'NONE',  #1828 ) ;
#2065 = EDGE_LOOP ( 'NONE', ( #1403, #1300, #3363, #2571, #3154, #300, #1486, #3537 ) ) ;
#2066 = CARTESIAN_POINT ( 'NONE',  ( -0.7648849057142803600, -1.798338443327082400, -11.00000000000000000 ) ) ;
#2067 = VECTOR ( 'NONE', #1500, 1000.000000000000000 ) ;
#2068 = ADVANCED_BREP_SHAPE_REPRESENTATION ( 'WH25', ( #1407, #2336 ), #970 ) ;
#2069 = DIRECTION ( 'NONE',  ( -0.0000000000000000000, 1.000000000000000000, -0.0000000000000000000 ) ) ;
#2070 = CARTESIAN_POINT ( 'NONE',  ( -0.2654643642648887300, -0.2983384433270739900, 38.67536942936077800 ) ) ;
#2071 = CALENDAR_DATE ( 2015, 11, 9 ) ;
#2072 = AXIS2_PLACEMENT_3D ( 'NONE', #3313, #1555, #1650 ) ;
#2073 = DIRECTION ( 'NONE',  ( -9.912705577010326800E-017, 1.000000000000000000, 0.0000000000000000000 ) ) ;
#2074 = CARTESIAN_POINT ( 'NONE',  ( -0.3748849057142804000, -4.108338443327072700, -11.00000000000000000 ) ) ;
#2075 = ORIENTED_EDGE ( 'NONE', *, *, #3389, .F. ) ;
#2076 = CARTESIAN_POINT ( 'NONE',  ( -0.6987109618983279300, -0.4640019413259372500, 39.19196469122862000 ) ) ;
#2077 = DIRECTION ( 'NONE',  ( 0.0000000000000000000, 1.000000000000000000, 0.0000000000000000000 ) ) ;
#2078 = ORIENTED_EDGE ( 'NONE', *, *, #2640, .T. ) ;
#2079 = PRODUCT_RELATED_PRODUCT_CATEGORY ( 'detail', '', ( #1409 ) ) ;
#2080 = VERTEX_POINT ( 'NONE', #2567 ) ;
#2081 = CARTESIAN_POINT ( 'NONE',  ( -7.364884905714278700, 0.9016615566729271300, 29.00000000000000000 ) ) ;
#2082 = ORIENTED_EDGE ( 'NONE', *, *, #3208, .F. ) ;
#2083 = DIRECTION ( 'NONE',  ( -0.0000000000000000000, -0.0000000000000000000, -1.000000000000000000 ) ) ;
#2084 = CARTESIAN_POINT ( 'NONE',  ( 0.03511509428570802600, -1.666662755043531800, -3.262268145838482800 ) ) ;
#2085 = EDGE_CURVE ( 'NONE', #1615, #209, #3047, .T. ) ;
#2086 = ORIENTED_EDGE ( 'NONE', *, *, #587, .F. ) ;
#2087 = DIRECTION ( 'NONE',  ( -0.0000000000000000000, -0.0000000000000000000, -1.000000000000000000 ) ) ;
#2088 = CARTESIAN_POINT ( 'NONE',  ( -0.6987108589181101300, -4.332675103818108800, 32.80803560357129100 ) ) ;
#2089 = DIRECTION ( 'NONE',  ( 0.0000000000000000000, 0.0000000000000000000, -1.000000000000000000 ) ) ;
#2090 = ORIENTED_EDGE ( 'NONE', *, *, #1199, .F. ) ;
#2091 = EDGE_LOOP ( 'NONE', ( #1129, #2349, #689, #2865 ) ) ;
#2092 = ORIENTED_EDGE ( 'NONE', *, *, #2533, .T. ) ;
#2093 = ORIENTED_EDGE ( 'NONE', *, *, #1662, .F. ) ;
#2094 = AXIS2_PLACEMENT_3D ( 'NONE', #2111, #389, #1807 ) ;
#2095 = DIRECTION ( 'NONE',  ( -0.0000000000000000000, -0.0000000000000000000, 1.000000000000000000 ) ) ;
#2096 = CARTESIAN_POINT ( 'NONE',  ( -0.8017126689585724100, -1.290924171859851000, 32.08124779245047600 ) ) ;
#2097 = PERSON_AND_ORGANIZATION ( #840, #995 ) ;
#2098 = ORIENTED_EDGE ( 'NONE', *, *, #2574, .T. ) ;
#2099 = CARTESIAN_POINT ( 'NONE',  ( -5.364884905714281300, -7.198338443327074300, 0.0000000000000000000 ) ) ;
#2100 = VECTOR ( 'NONE', #2783, 1000.000000000000000 ) ;
#2101 = FACE_OUTER_BOUND ( 'NONE', #1979, .T. ) ;
#2102 = CARTESIAN_POINT ( 'NONE',  ( 11.18511509428572000, -7.198338443327072500, 23.65000000000000200 ) ) ;
#2103 = ORIENTED_EDGE ( 'NONE', *, *, #640, .F. ) ;
#2104 = DIRECTION ( 'NONE',  ( 0.0000000000000000000, 0.0000000000000000000, 1.000000000000000000 ) ) ;
#2105 = CIRCLE ( 'NONE', #1723, 1.000000000000000000 ) ;
#2106 = CARTESIAN_POINT ( 'NONE',  ( 4.635115094285724000, -7.198338443327073400, 29.00000000000000000 ) ) ;
#2107 = CYLINDRICAL_SURFACE ( 'NONE', #2824, 1.500000000000001300 ) ;
#2108 = DIRECTION ( 'NONE',  ( 1.000000000000000000, 0.0000000000000000000, 0.0000000000000000000 ) ) ;
#2109 = EDGE_CURVE ( 'NONE', #1130, #2113, #663, .T. ) ;
#2110 = CARTESIAN_POINT ( 'NONE',  ( 0.03511509428571991900, -3.404471165283106300, -3.028433572656249200 ) ) ;
#2111 = CARTESIAN_POINT ( 'NONE',  ( 0.03511509428572035000, -1.798338443327071700, -9.500000000000000000 ) ) ;
#2112 = DIRECTION ( 'NONE',  ( 1.000000000000000000, 0.0000000000000000000, 0.0000000000000000000 ) ) ;
#2113 = VERTEX_POINT ( 'NONE', #2285 ) ;
#2114 = VECTOR ( 'NONE', #1910, 1000.000000000000000 ) ;
#2115 = CARTESIAN_POINT ( 'NONE',  ( 6.635115094285720400, -3.198338443327073400, 0.0000000000000000000 ) ) ;
#2116 = EDGE_CURVE ( 'NONE', #3205, #2978, #2188, .T. ) ;
#2117 = CIRCLE ( 'NONE', #1383, 1.650000000000000400 ) ;
#2118 = DIRECTION ( 'NONE',  ( 0.0000000000000000000, 0.0000000000000000000, 1.000000000000000000 ) ) ;
#2119 = EDGE_CURVE ( 'NONE', #2693, #1036, #2105, .T. ) ;
#2120 = VERTEX_POINT ( 'NONE', #2866 ) ;
#2121 = ORIENTED_EDGE ( 'NONE', *, *, #1884, .T. ) ;
#2122 = CARTESIAN_POINT ( 'NONE',  ( -0.3648849057142798400, -2.398338443327071800, 0.0000000000000000000 ) ) ;
#2123 = VERTEX_POINT ( 'NONE', #2582 ) ;
#2124 = ORIENTED_EDGE ( 'NONE', *, *, #825, .F. ) ;
#2125 = CARTESIAN_POINT ( 'NONE',  ( -0.3648849057142798400, -2.398338443327071800, -3.000000000000000000 ) ) ;
#2126 = CARTESIAN_POINT ( 'NONE',  ( 0.03511509428572121700, -3.399422580322022400, 32.70323868595441000 ) ) ;
#2127 = ORIENTED_EDGE ( 'NONE', *, *, #545, .T. ) ;
#2128 = EDGE_CURVE ( 'NONE', #809, #3515, #1325, .T. ) ;
#2129 = VERTEX_POINT ( 'NONE', #1146 ) ;
#2130 = DIRECTION ( 'NONE',  ( 0.0000000000000000000, 0.0000000000000000000, -1.000000000000000000 ) ) ;
#2131 = ORIENTED_EDGE ( 'NONE', *, *, #1738, .T. ) ;
#2132 = CARTESIAN_POINT ( 'NONE',  ( 6.635115094285720400, -5.898338443327073600, 29.00000000000000000 ) ) ;
#2133 = ORIENTED_EDGE ( 'NONE', *, *, #3156, .F. ) ;
#2134 = EDGE_CURVE ( 'NONE', #3636, #507, #3509, .T. ) ;
#2135 = ORIENTED_EDGE ( 'NONE', *, *, #3279, .T. ) ;
#2136 = DIRECTION ( 'NONE',  ( -1.000000000000000000, 0.0000000000000000000, 0.0000000000000000000 ) ) ;
#2137 = CARTESIAN_POINT ( 'NONE',  ( 0.03511509428572116100, -2.505799981839023500, 32.26153002198481800 ) ) ;
#2138 = CARTESIAN_POINT ( 'NONE',  ( 5.385115094285720400, -0.4983384433270728300, 29.00000000000000000 ) ) ;
#2139 = FACE_OUTER_BOUND ( 'NONE', #2009, .T. ) ;
#2140 = LINE ( 'NONE', #2764, #51 ) ;
#2141 = AXIS2_PLACEMENT_3D ( 'NONE', #1079, #252, #3663 ) ;
#2142 = CARTESIAN_POINT ( 'NONE',  ( 0.03511509428572014100, -0.6883384433270743900, -11.00000000000000000 ) ) ;
#2143 = CYLINDRICAL_SURFACE ( 'NONE', #1072, 4.400000000000000400 ) ;
#2144 = LINE ( 'NONE', #3190, #1460 ) ;
#2145 = CIRCLE ( 'NONE', #1992, 3.133974596215561600 ) ;
#2146 = DIRECTION ( 'NONE',  ( 1.000000000000000000, 0.0000000000000000000, 0.0000000000000000000 ) ) ;
#2147 = CARTESIAN_POINT ( 'NONE',  ( 0.5159925400745276600, -1.919920081432553200, 32.00000000797373900 ) ) ;
#2148 = CARTESIAN_POINT ( 'NONE',  ( -0.7648849057142475000, -1.401309575545580700, -3.090793328891701600 ) ) ;
#2149 = ORIENTED_EDGE ( 'NONE', *, *, #1452, .F. ) ;
#2150 = ORIENTED_EDGE ( 'NONE', *, *, #873, .F. ) ;
#2151 = CIRCLE ( 'NONE', #2902, 1.650000000000000400 ) ;
#2152 = DIRECTION ( 'NONE',  ( 1.000000000000000000, -0.0000000000000000000, -0.0000000000000000000 ) ) ;
#2153 = EDGE_CURVE ( 'NONE', #2611, #1216, #2004, .T. ) ;
#2154 = VECTOR ( 'NONE', #2885, 1000.000000000000000 ) ;
#2155 = CARTESIAN_POINT ( 'NONE',  ( -0.6987109618983303700, -4.332674945328208500, -10.19196469122862100 ) ) ;
#2156 = CARTESIAN_POINT ( 'NONE',  ( -0.3648849057142798400, -2.398338443327071800, -3.000000000000000000 ) ) ;
#2157 = DIRECTION ( 'NONE',  ( 0.0000000000000000000, 0.0000000000000000000, 1.000000000000000000 ) ) ;
#2158 = DIRECTION ( 'NONE',  ( -1.000000000000000000, 0.0000000000000000000, 0.0000000000000000000 ) ) ;
#2159 = VECTOR ( 'NONE', #1225, 1000.000000000000000 ) ;
#2160 = CARTESIAN_POINT ( 'NONE',  ( 6.635115094285720400, -5.898338443327073600, 29.00000000000000000 ) ) ;
#2161 = CARTESIAN_POINT ( 'NONE',  ( 0.03511509428572121700, -0.9733554120524641200, 32.06862143997890500 ) ) ;
#2162 = CARTESIAN_POINT ( 'NONE',  ( -0.7648849057142804700, -2.677223964767109400, -3.908559539613859700 ) ) ;
#2163 = ORIENTED_EDGE ( 'NONE', *, *, #2818, .F. ) ;
#2164 = AXIS2_PLACEMENT_3D ( 'NONE', #783, #2494, #496 ) ;
#2165 = VERTEX_POINT ( 'NONE', #1455 ) ;
#2166 = DIRECTION ( 'NONE',  ( -1.224646799147353200E-016, 1.000000000000000000, 0.0000000000000000000 ) ) ;
#2167 = DIRECTION ( 'NONE',  ( -0.0000000000000000000, 0.0000000000000000000, -1.000000000000000000 ) ) ;
#2168 = VERTEX_POINT ( 'NONE', #3188 ) ;
#2169 = ORIENTED_EDGE ( 'NONE', *, *, #452, .F. ) ;
#2170 = EDGE_LOOP ( 'NONE', ( #1285, #1306, #2930, #2075 ) ) ;
#2171 = DIRECTION ( 'NONE',  ( 0.0000000000000000000, -1.000000000000000000, 0.0000000000000000000 ) ) ;
#2172 = VERTEX_POINT ( 'NONE', #877 ) ;
#2173 = CARTESIAN_POINT ( 'NONE',  ( -0.7648849057142804700, -3.723490047350922700, -3.398847626935811200 ) ) ;
#2174 = EDGE_CURVE ( 'NONE', #2990, #2324, #2665, .T. ) ;
#2175 = VERTEX_POINT ( 'NONE', #38 ) ;
#2176 = CARTESIAN_POINT ( 'NONE',  ( 5.385115094285720400, -4.498338443327073200, 0.0000000000000000000 ) ) ;
#2177 = VERTEX_POINT ( 'NONE', #2330 ) ;
#2178 = CARTESIAN_POINT ( 'NONE',  ( 0.4351150942857282500, -1.798338443327082400, -3.000000000000000000 ) ) ;
#2179 = DIRECTION ( 'NONE',  ( 1.000000000000000000, -0.0000000000000000000, -0.0000000000000000000 ) ) ;
#2180 = EDGE_CURVE ( 'NONE', #2208, #1995, #3342, .T. ) ;
#2181 = CALENDAR_DATE ( 2015, 11, 9 ) ;
#2182 = PLANE ( 'NONE',  #1068 ) ;
#2183 = VERTEX_POINT ( 'NONE', #610 ) ;
#2184 = DIRECTION ( 'NONE',  ( -1.000000000000000000, -0.0000000000000000000, -0.0000000000000000000 ) ) ;
#2185 = CARTESIAN_POINT ( 'NONE',  ( -0.7648849057142788100, -1.050320962742576900, 32.35911553359281400 ) ) ;
#2186 = CIRCLE ( 'NONE', #3203, 1.499999999999999600 ) ;
#2187 = VECTOR ( 'NONE', #1763, 1000.000000000000000 ) ;
#2188 = LINE ( 'NONE', #2011, #574 ) ;
#2189 = DIRECTION ( 'NONE',  ( 1.000000000000000000, 0.0000000000000000000, 0.0000000000000000000 ) ) ;
#2190 = AXIS2_PLACEMENT_3D ( 'NONE', #2870, #1358, #3407 ) ;
#2191 = LINE ( 'NONE', #3053, #2950 ) ;
#2192 = DIRECTION ( 'NONE',  ( 1.000000000000000000, 0.0000000000000000000, 0.0000000000000000000 ) ) ;
#2193 = DIRECTION ( 'NONE',  ( -1.000000000000000000, 0.0000000000000000000, 0.0000000000000000000 ) ) ;
#2194 = ORIENTED_EDGE ( 'NONE', *, *, #2914, .T. ) ;
#2195 = LINE ( 'NONE', #3606, #2114 ) ;
#2196 = DIRECTION ( 'NONE',  ( -1.000000000000000000, 0.0000000000000000000, 0.0000000000000000000 ) ) ;
#2197 = EDGE_CURVE ( 'NONE', #1667, #1995, #1232, .T. ) ;
#2198 = CARTESIAN_POINT ( 'NONE',  ( -0.7648849057142789200, -3.460804157417093100, 32.66474185760982600 ) ) ;
#2199 = DIRECTION ( 'NONE',  ( -0.0000000000000000000, -0.0000000000000000000, -1.000000000000000000 ) ) ;
#2200 = FACE_OUTER_BOUND ( 'NONE', #290, .T. ) ;
#2201 = ADVANCED_FACE ( 'NONE', ( #1821 ), #3196, .F. ) ;
#2202 = CARTESIAN_POINT ( 'NONE',  ( 13.38511509428572500, -7.198338443327075200, 29.00000000000000000 ) ) ;
#2203 = EDGE_CURVE ( 'NONE', #3506, #345, #1918, .T. ) ;
#2204 = EDGE_LOOP ( 'NONE', ( #1909, #166, #814, #2150, #1313, #1318, #1765, #2302 ) ) ;
#2205 = CARTESIAN_POINT ( 'NONE',  ( -5.364884905714281300, -7.198338443327074300, 29.00000000000000000 ) ) ;
#2206 = ORIENTED_EDGE ( 'NONE', *, *, #84, .F. ) ;
#2207 = CARTESIAN_POINT ( 'NONE',  ( 4.635115094285724000, -7.198338443327073400, 0.0000000000000000000 ) ) ;
#2208 = VERTEX_POINT ( 'NONE', #2912 ) ;
#2209 = ORIENTED_EDGE ( 'NONE', *, *, #213, .F. ) ;
#2210 = CARTESIAN_POINT ( 'NONE',  ( 0.0000000000000000000, 0.0000000000000000000, 28.50000000000000000 ) ) ;
#2211 = VERTEX_POINT ( 'NONE', #2617 ) ;
#2212 = ORIENTED_EDGE ( 'NONE', *, *, #313, .T. ) ;
#2213 = EDGE_CURVE ( 'NONE', #2168, #383, #309, .T. ) ;
#2214 = DIRECTION ( 'NONE',  ( -1.000000000000000000, 0.0000000000000000000, 0.0000000000000000000 ) ) ;
#2215 = CARTESIAN_POINT ( 'NONE',  ( 0.03511509428571980800, -3.355117337044334100, -3.148895489463053200 ) ) ;
#2216 = ORIENTED_EDGE ( 'NONE', *, *, #445, .F. ) ;
#2217 = AXIS2_PLACEMENT_3D ( 'NONE', #2657, #938, #2960 ) ;
#2218 = ADVANCED_FACE ( 'NONE', ( #1050 ), #78, .F. ) ;
#2219 = ORIENTED_EDGE ( 'NONE', *, *, #3068, .F. ) ;
#2220 = VERTEX_POINT ( 'NONE', #625 ) ;
#2221 = PLANE ( 'NONE',  #3080 ) ;
#2222 = PERSON_AND_ORGANIZATION_ROLE ( 'design_owner' ) ;
#2223 = DIRECTION ( 'NONE',  ( 0.0000000000000000000, 0.0000000000000000000, -1.000000000000000000 ) ) ;
#2224 = CARTESIAN_POINT ( 'NONE',  ( -5.364884905714281300, -7.198338443327074300, 29.00000000000000000 ) ) ;
#2225 = DIRECTION ( 'NONE',  ( 0.0000000000000000000, 0.0000000000000000000, -1.000000000000000000 ) ) ;
#2226 = ORIENTED_EDGE ( 'NONE', *, *, #3535, .T. ) ;
#2227 = EDGE_CURVE ( 'NONE', #210, #2211, #483, .T. ) ;
#2228 = CARTESIAN_POINT ( 'NONE',  ( 0.01872395825245360600, -4.233264829547632500, 39.35686980928933600 ) ) ;
#2229 = DIRECTION ( 'NONE',  ( -1.000000000000000000, 0.0000000000000000000, 0.0000000000000000000 ) ) ;
#2230 = ORIENTED_EDGE ( 'NONE', *, *, #2402, .F. ) ;
#2231 = CYLINDRICAL_SURFACE ( 'NONE', #2354, 1.000000000000000200 ) ;
#2232 = EDGE_CURVE ( 'NONE', #3675, #2880, #1730, .T. ) ;
#2233 = FACE_OUTER_BOUND ( 'NONE', #2881, .T. ) ;
#2234 = CYLINDRICAL_SURFACE ( 'NONE', #700, 1.500000000000001300 ) ;
#2235 = VECTOR ( 'NONE', #1092, 1000.000000000000000 ) ;
#2236 = CARTESIAN_POINT ( 'NONE',  ( 4.635115094285721300, 0.9016615566729275800, 29.00000000000000000 ) ) ;
#2237 = DATE_TIME_ROLE ( 'classification_date' ) ;
#2238 = CARTESIAN_POINT ( 'NONE',  ( -0.3748849057142776800, -0.2983384433270716600, -9.499999999999989300 ) ) ;
#2239 = AXIS2_PLACEMENT_3D ( 'NONE', #1773, #2621, #3467 ) ;
#2240 = DIRECTION ( 'NONE',  ( -1.000000000000000000, 0.0000000000000000000, 0.0000000000000000000 ) ) ;
#2241 = LINE ( 'NONE', #775, #2058 ) ;
#2242 = EDGE_LOOP ( 'NONE', ( #1202, #2483, #852, #76 ) ) ;
#2243 = EDGE_LOOP ( 'NONE', ( #1575, #1494, #698, #1986 ) ) ;
#2244 = VECTOR ( 'NONE', #546, 1000.000000000000000 ) ;
#2245 = AXIS2_PLACEMENT_3D ( 'NONE', #1016, #3048, #1312 ) ;
#2246 = DIRECTION ( 'NONE',  ( -1.000000000000000000, 0.0000000000000000000, 0.0000000000000000000 ) ) ;
#2247 = ORIENTED_EDGE ( 'NONE', *, *, #2712, .F. ) ;
#2248 = LINE ( 'NONE', #681, #1470 ) ;
#2249 = ADVANCED_FACE ( 'NONE', ( #398 ), #91, .F. ) ;
#2250 = EDGE_CURVE ( 'NONE', #809, #2175, #2409, .T. ) ;
#2251 = CARTESIAN_POINT ( 'NONE',  ( 9.535115094285719900, -9.698338443327072500, 23.65000000000000200 ) ) ;
#2252 = VECTOR ( 'NONE', #2388, 1000.000000000000000 ) ;
#2253 = DIRECTION ( 'NONE',  ( 1.000000000000000000, -1.734723475976807300E-016, 0.0000000000000000000 ) ) ;
#2254 = EDGE_CURVE ( 'NONE', #678, #1916, #3179, .T. ) ;
#2255 = ORIENTED_EDGE ( 'NONE', *, *, #3230, .F. ) ;
#2256 = DIRECTION ( 'NONE',  ( 0.0000000000000000000, 5.204170427930416600E-015, -1.000000000000000000 ) ) ;
#2257 = ORIENTED_EDGE ( 'NONE', *, *, #2662, .T. ) ;
#2258 = CARTESIAN_POINT ( 'NONE',  ( 0.03511509428571991900, -2.259460451881902800, -3.916493497886101200 ) ) ;
#2259 = ORIENTED_EDGE ( 'NONE', *, *, #850, .T. ) ;
#2260 = CARTESIAN_POINT ( 'NONE',  ( 0.03511509428572056500, -0.6211802110672720600, -10.43502302350829000 ) ) ;
#2261 = AXIS2_PLACEMENT_3D ( 'NONE', #2122, #2887, #1239 ) ;
#2262 = CARTESIAN_POINT ( 'NONE',  ( -0.7648849057142809200, -0.6211801514203870700, -10.43502295788497000 ) ) ;
#2263 = ORIENTED_EDGE ( 'NONE', *, *, #3138, .T. ) ;
#2264 = ADVANCED_FACE ( 'NONE', ( #136, #225 ), #1205, .F. ) ;
#2265 = EDGE_LOOP ( 'NONE', ( #652, #1206, #749, #2530, #3073, #2289, #446, #1260, #1160, #2369, #2443, #818, #684, #1315, #2648, #2523, #114, #2219, #2082, #1405, #3372, #207, #2377, #2965, #2133, #2785, #3348, #3293, #897, #2383, #1356, #1985, #3430, #3292, #120, #3062, #3096, #2040 ) ) ;
#2266 = ORIENTED_EDGE ( 'NONE', *, *, #1106, .T. ) ;
#2267 = ORIENTED_EDGE ( 'NONE', *, *, #2662, .F. ) ;
#2268 = CARTESIAN_POINT ( 'NONE',  ( -0.7648849057142789200, -0.9772773065606934500, 32.10138711131722300 ) ) ;
#2269 = DATE_AND_TIME ( #3039, #93 ) ;
#2270 = EDGE_CURVE ( 'NONE', #3506, #2936, #3090, .T. ) ;
#2271 = DIRECTION ( 'NONE',  ( -0.0000000000000000000, -0.0000000000000000000, -1.000000000000000000 ) ) ;
#2272 = CIRCLE ( 'NONE', #2049, 4.000000000000000000 ) ;
#2273 = CARTESIAN_POINT ( 'NONE',  ( 0.03511509428572025200, -3.790157235151790300, -3.226020800439330900 ) ) ;
#2274 = VECTOR ( 'NONE', #2325, 1000.000000000000000 ) ;
#2275 = VECTOR ( 'NONE', #823, 1000.000000000000000 ) ;
#2276 = CARTESIAN_POINT ( 'NONE',  ( 0.4152098079424105800, -1.771337216119283100, -3.000000003981998300 ) ) ;
#2277 = ADVANCED_FACE ( 'NONE', ( #54 ), #2234, .T. ) ;
#2278 = FACE_OUTER_BOUND ( 'NONE', #1084, .T. ) ;
#2279 = CARTESIAN_POINT ( 'NONE',  ( -0.7648849057142789200, -1.397254306332159000, 32.70323868595441000 ) ) ;
#2280 = AXIS2_PLACEMENT_3D ( 'NONE', #2638, #921, #2938 ) ;
#2281 = CARTESIAN_POINT ( 'NONE',  ( -0.3648849057142798900, -2.398338443327074500, 29.00000000000000000 ) ) ;
#2282 = CIRCLE ( 'NONE', #856, 4.000000000000000000 ) ;
#2283 = AXIS2_PLACEMENT_3D ( 'NONE', #2251, #253, #3656 ) ;
#2284 = CIRCLE ( 'NONE', #1185, 1.500000000000001300 ) ;
#2285 = CARTESIAN_POINT ( 'NONE',  ( -6.114884905714277800, -4.498338443327073200, 0.0000000000000000000 ) ) ;
#2286 = EDGE_LOOP ( 'NONE', ( #3459, #3361, #758, #170, #2257, #1350, #2752, #3323 ) ) ;
#2287 = EDGE_CURVE ( 'NONE', #2177, #351, #2321, .T. ) ;
#2288 = CARTESIAN_POINT ( 'NONE',  ( -0.7648849057142788100, -2.290876904815192500, 32.26153002198483200 ) ) ;
#2289 = ORIENTED_EDGE ( 'NONE', *, *, #520, .F. ) ;
#2290 = DIRECTION ( 'NONE',  ( -1.000000000000000000, 0.0000000000000000000, 0.0000000000000000000 ) ) ;
#2291 = ORIENTED_EDGE ( 'NONE', *, *, #3389, .T. ) ;
#2292 = CARTESIAN_POINT ( 'NONE',  ( -0.1385230964011126800, -0.3601871339119959700, -4.064007036055850000 ) ) ;
#2293 = VERTEX_POINT ( 'NONE', #671 ) ;
#2294 = CARTESIAN_POINT ( 'NONE',  ( -0.5551510039951297300, -4.467630617189999300, -4.147434893965461300 ) ) ;
#2295 = CARTESIAN_POINT ( 'NONE',  ( 2.935115094285721100, 4.701661556672927800, 29.00000000000000000 ) ) ;
#2296 = EDGE_CURVE ( 'NONE', #1396, #867, #2997, .T. ) ;
#2297 = CLOSED_SHELL ( 'NONE', ( #593, #1406, #2754, #3414, #292, #3623, #1728, #3645, #3088, #1626, #198, #2318, #861, #3146, #23, #316, #3376, #2552, #833, #1135, #3602, #3395, #1707, #791, #3670, #880, #2570, #1363, #3135, #2299, #2249, #2218, #43, #2872, #1694, #2798, #3333, #1158, #1994, #1674, #218, #3170, #3434, #2264, #262, #2496, #2513, #770, #2474, #1444, #1120, #812, #3070, #3438, #1427, #1389, #1059, #2595, #590, #551, #1647, #2201, #40, #847, #538, #1447, #4, #2775, #3168, #1086, #2018, #1976, #1917, #2298, #512, #1137, #1101, #1038, #2852, #3354, #2592, #2819, #1606, #2277, #1344, #314, #3117, #2874, #281, #487, #2015, #239, #863, #21, #1938, #3455, #2538, #1324, #573, #1966, #1729, #2829 ) ) ;
#2298 = ADVANCED_FACE ( 'NONE', ( #1459 ), #2143, .F. ) ;
#2299 = ADVANCED_FACE ( 'NONE', ( #705 ), #1818, .F. ) ;
#2300 = ORIENTED_EDGE ( 'NONE', *, *, #263, .F. ) ;
#2301 = EDGE_CURVE ( 'NONE', #1804, #2782, #2896, .T. ) ;
#2302 = ORIENTED_EDGE ( 'NONE', *, *, #1467, .T. ) ;
#2303 = CARTESIAN_POINT ( 'NONE',  ( -0.7648849057142808100, -1.928848052962384400, -3.278073643369554500 ) ) ;
#2304 = CARTESIAN_POINT ( 'NONE',  ( -1.245762351503102400, -2.876756805221591500, 32.00000000797372500 ) ) ;
#2305 = ORIENTED_EDGE ( 'NONE', *, *, #3565, .T. ) ;
#2306 = DIRECTION ( 'NONE',  ( -1.000000000000000000, 0.0000000000000000000, 0.0000000000000000000 ) ) ;
#2307 = EDGE_LOOP ( 'NONE', ( #1009, #1678, #77, #2871 ) ) ;
#2308 = AXIS2_PLACEMENT_3D ( 'NONE', #3207, #1476, #3475 ) ;
#2309 = CARTESIAN_POINT ( 'NONE',  ( 6.635115094285720400, -1.798338443327073000, 0.0000000000000000000 ) ) ;
#2310 = CARTESIAN_POINT ( 'NONE',  ( -0.7648849057142803600, -3.790157235151789400, -3.226020800439330900 ) ) ;
#2311 = EDGE_LOOP ( 'NONE', ( #563, #1894, #3415, #340 ) ) ;
#2312 = ORIENTED_EDGE ( 'NONE', *, *, #756, .T. ) ;
#2313 = CARTESIAN_POINT ( 'NONE',  ( 6.635115094285720400, -4.498338443327073200, 0.0000000000000000000 ) ) ;
#2314 = EDGE_CURVE ( 'NONE', #1704, #2120, #800, .T. ) ;
#2315 = FACE_OUTER_BOUND ( 'NONE', #490, .T. ) ;
#2316 = DIRECTION ( 'NONE',  ( 0.0000000000000000000, 0.0000000000000000000, 1.000000000000000000 ) ) ;
#2317 = LINE ( 'NONE', #2430, #797 ) ;
#2318 = ADVANCED_FACE ( 'NONE', ( #2053, #618 ), #1533, .F. ) ;
#2319 = CARTESIAN_POINT ( 'NONE',  ( -0.7648849057142789200, -3.823321474601685000, 32.06862143997890500 ) ) ;
#2320 = CARTESIAN_POINT ( 'NONE',  ( -0.7648849057142791400, -1.798338443327074400, 33.50000000000000000 ) ) ;
#2321 = LINE ( 'NONE', #387, #1544 ) ;
#2322 = EDGE_CURVE ( 'NONE', #2554, #1152, #531, .T. ) ;
#2323 = CARTESIAN_POINT ( 'NONE',  ( 0.03511509428572111300, -1.050492049279519600, 32.35963539741278100 ) ) ;
#2324 = VERTEX_POINT ( 'NONE', #2413 ) ;
#2325 = DIRECTION ( 'NONE',  ( 1.000000000000000000, -0.0000000000000000000, -0.0000000000000000000 ) ) ;
#2326 = CARTESIAN_POINT ( 'NONE',  ( -0.7648849057142804700, -1.852352423458442800, -3.868766534661510100 ) ) ;
#2327 = CYLINDRICAL_SURFACE ( 'NONE', #1602, 1.000000000000000000 ) ;
#2328 = ORIENTED_EDGE ( 'NONE', *, *, #2119, .T. ) ;
#2329 = LINE ( 'NONE', #163, #405 ) ;
#2330 = CARTESIAN_POINT ( 'NONE',  ( 13.38511509428572500, -9.598338443327074600, 18.80000000000000100 ) ) ;
#2331 = CARTESIAN_POINT ( 'NONE',  ( -0.3648849057142798400, -0.2983384433270716600, -11.00000000000000000 ) ) ;
#2332 = FACE_OUTER_BOUND ( 'NONE', #990, .T. ) ;
#2333 = AXIS2_PLACEMENT_3D ( 'NONE', #3655, #1864, #2793 ) ;
#2334 = CARTESIAN_POINT ( 'NONE',  ( -0.3548849057142788300, -4.108338443327075300, 40.00000000000000000 ) ) ;
#2335 = CARTESIAN_POINT ( 'NONE',  ( 0.3274991711663454200, -1.681560326546935700, 32.00334184461511500 ) ) ;
#2336 = AXIS2_PLACEMENT_3D ( 'NONE', #212, #1622, #1932 ) ;
#2337 = LINE ( 'NONE', #945, #151 ) ;
#2338 = B_SPLINE_CURVE_WITH_KNOTS ( 'NONE', 3,
 ( #1108, #1398, #3399, #1950, #247, #1083, #2542, #2835, #805, #1375, #505, #1958, #2823, #98, #521, #3676, #2323, #494 ),
 .UNSPECIFIED., .F., .F.,
 ( 4, 2, 2, 2, 2, 2, 2, 2, 4 ),
 ( 0.0000000000000000000, 0.0004202810472254013700, 0.0008405620944508027500, 0.001260843141676204200, 0.001681124188901605500, 0.002101405236127007000, 0.002521686283352408400, 0.002941967330577809700, 0.003362248377803211000 ),
 .UNSPECIFIED. ) ;
#2339 = DIRECTION ( 'NONE',  ( 1.000000000000000000, -1.084202172485504600E-016, 0.0000000000000000000 ) ) ;
#2340 = ORIENTED_EDGE ( 'NONE', *, *, #337, .T. ) ;
#2341 = ORIENTED_EDGE ( 'NONE', *, *, #2937, .F. ) ;
#2342 = EDGE_CURVE ( 'NONE', #2415, #1892, #1275, .T. ) ;
#2343 = ORIENTED_EDGE ( 'NONE', *, *, #5, .T. ) ;
#2344 = DIRECTION ( 'NONE',  ( 1.000000000000000000, 0.0000000000000000000, 0.0000000000000000000 ) ) ;
#2345 = CARTESIAN_POINT ( 'NONE',  ( 0.03511509428572003700, -4.175496735233755500, -10.43502295788497100 ) ) ;
#2346 = ORIENTED_EDGE ( 'NONE', *, *, #3498, .T. ) ;
#2347 = EDGE_LOOP ( 'NONE', ( #1022, #1630, #773, #3446 ) ) ;
#2348 = AXIS2_PLACEMENT_3D ( 'NONE', #2796, #2225, #231 ) ;
#2349 = ORIENTED_EDGE ( 'NONE', *, *, #2547, .F. ) ;
#2350 = ORIENTED_EDGE ( 'NONE', *, *, #3639, .F. ) ;
#2351 = CARTESIAN_POINT ( 'NONE',  ( -4.864884905714277800, -6.398338443327077100, 29.00000000000000000 ) ) ;
#2352 = CARTESIAN_POINT ( 'NONE',  ( -5.364884905714277800, -6.398338443327072700, 29.00000000000000000 ) ) ;
#2353 = CARTESIAN_POINT ( 'NONE',  ( 0.03511509428572110600, -2.398338443327074500, 36.10000000000000100 ) ) ;
#2354 = AXIS2_PLACEMENT_3D ( 'NONE', #1726, #34, #3442 ) ;
#2355 = CARTESIAN_POINT ( 'NONE',  ( -0.7648849057142792500, -0.6211802110672745000, 39.43502302350828600 ) ) ;
#2356 = APPROVAL_DATE_TIME ( #3130, #2910 ) ;
#2357 = ORIENTED_EDGE ( 'NONE', *, *, #2863, .F. ) ;
#2358 = FACE_BOUND ( 'NONE', #74, .T. ) ;
#2359 = LINE ( 'NONE', #3441, #915 ) ;
#2360 = DIRECTION ( 'NONE',  ( 1.000000000000000000, 0.0000000000000000000, -0.0000000000000000000 ) ) ;
#2361 = EDGE_CURVE ( 'NONE', #1944, #1619, #3468, .T. ) ;
#2362 = FACE_OUTER_BOUND ( 'NONE', #3368, .T. ) ;
#2363 = DIRECTION ( 'NONE',  ( 1.000000000000000000, 0.0000000000000000000, -0.0000000000000000000 ) ) ;
#2364 = EDGE_CURVE ( 'NONE', #906, #1649, #2707, .T. ) ;
#2365 = VECTOR ( 'NONE', #3253, 1000.000000000000000 ) ;
#2366 = CARTESIAN_POINT ( 'NONE',  ( 0.03511509428572144600, -4.175496735233760000, 39.43502295788498200 ) ) ;
#2367 = CARTESIAN_POINT ( 'NONE',  ( -0.5551510039951272900, -4.467630617190003800, 33.14743489396546000 ) ) ;
#2368 = DIRECTION ( 'NONE',  ( 0.0000000000000000000, 0.0000000000000000000, -1.000000000000000000 ) ) ;
#2369 = ORIENTED_EDGE ( 'NONE', *, *, #2914, .F. ) ;
#2370 = CYLINDRICAL_SURFACE ( 'NONE', #1434, 1.000000000000000200 ) ;
#2371 = DIRECTION ( 'NONE',  ( 9.912705577010326800E-017, -1.000000000000000000, 0.0000000000000000000 ) ) ;
#2372 = FACE_OUTER_BOUND ( 'NONE', #1393, .T. ) ;
#2373 = DIRECTION ( 'NONE',  ( -9.912705577010328000E-017, 1.000000000000000000, -0.0000000000000000000 ) ) ;
#2374 = CARTESIAN_POINT ( 'NONE',  ( -0.3548849057142830500, -4.498338443327072300, -11.00000000000000000 ) ) ;
#2375 = AXIS2_PLACEMENT_3D ( 'NONE', #3300, #602, #3620 ) ;
#2376 = CARTESIAN_POINT ( 'NONE',  ( -0.3648849057142798400, -2.398338443327071800, -3.000000000000000000 ) ) ;
#2377 = ORIENTED_EDGE ( 'NONE', *, *, #868, .F. ) ;
#2378 = CARTESIAN_POINT ( 'NONE',  ( 7.235115094285720100, -1.798338443327071700, -4.500000000000000900 ) ) ;
#2379 = PLANE ( 'NONE',  #559 ) ;
#2380 = ORIENTED_EDGE ( 'NONE', *, *, #2742, .T. ) ;
#2381 = EDGE_CURVE ( 'NONE', #2978, #2565, #1964, .T. ) ;
#2382 = ORIENTED_EDGE ( 'NONE', *, *, #2227, .T. ) ;
#2383 = ORIENTED_EDGE ( 'NONE', *, *, #376, .F. ) ;
#2384 = DIRECTION ( 'NONE',  ( -1.000000000000000000, -0.0000000000000000000, -0.0000000000000000000 ) ) ;
#2385 = VERTEX_POINT ( 'NONE', #710 ) ;
#2386 = CARTESIAN_POINT ( 'NONE',  ( -0.4193230167203718700, -0.2983384433270738200, 33.41284903794986900 ) ) ;
#2387 = EDGE_CURVE ( 'NONE', #3328, #1377, #2622, .T. ) ;
#2388 = DIRECTION ( 'NONE',  ( -1.000000000000000000, 0.0000000000000000000, 0.0000000000000000000 ) ) ;
#2389 = VERTEX_POINT ( 'NONE', #1561 ) ;
#2390 = CARTESIAN_POINT ( 'NONE',  ( -0.1794237868212678100, -0.3370806951326026400, 33.14999287923885900 ) ) ;
#2391 = DIRECTION ( 'NONE',  ( -0.0000000000000000000, -0.0000000000000000000, -1.000000000000000000 ) ) ;
#2392 = CARTESIAN_POINT ( 'NONE',  ( 7.235115094285720100, -1.798338443327071700, -11.00000000000000000 ) ) ;
#2393 = ORIENTED_EDGE ( 'NONE', *, *, #3144, .F. ) ;
#2394 = EDGE_LOOP ( 'NONE', ( #1534, #2876, #2098, #125 ) ) ;
#2395 = DIRECTION ( 'NONE',  ( -0.0000000000000000000, -0.0000000000000000000, -1.000000000000000000 ) ) ;
#2396 = ORIENTED_EDGE ( 'NONE', *, *, #2618, .F. ) ;
#2397 = DIRECTION ( 'NONE',  ( 1.000000000000000000, 1.084202172485504600E-016, 0.0000000000000000000 ) ) ;
#2398 = VERTEX_POINT ( 'NONE', #1858 ) ;
#2399 = AXIS2_PLACEMENT_3D ( 'NONE', #1930, #221, #2214 ) ;
#2400 = CARTESIAN_POINT ( 'NONE',  ( 0.03511509428571991900, -3.428103616185812700, -3.685970004118790800 ) ) ;
#2401 = B_SPLINE_CURVE_WITH_KNOTS ( 'NONE', 3,
 ( #111, #2386, #1162, #1512, #3508, #661, #3241, #2953, #1221, #2652 ),
 .UNSPECIFIED., .F., .F.,
 ( 4, 2, 2, 2, 4 ),
 ( -7.745982956177851100E-006, 0.0002857330816814331900, 0.0005792121463190442900, 0.0008726912109566553400, 0.001166170275594266400 ),
 .UNSPECIFIED. ) ;
#2402 = EDGE_CURVE ( 'NONE', #2475, #41, #1867, .T. ) ;
#2403 = VECTOR ( 'NONE', #2851, 1000.000000000000000 ) ;
#2404 = LINE ( 'NONE', #2160, #2992 ) ;
#2406 = VERTEX_POINT ( 'NONE', #434 ) ;
#2405 = AXIS2_PLACEMENT_3D ( 'NONE', #3236, #1505, #1801 ) ;
#2407 = DIRECTION ( 'NONE',  ( -1.000000000000000000, 0.0000000000000000000, 0.0000000000000000000 ) ) ;
#2408 = CARTESIAN_POINT ( 'NONE',  ( 0.4488623051837005700, -2.983849964685209700, 31.99999999228737800 ) ) ;
#2409 = CIRCLE ( 'NONE', #3268, 1.650000000000000400 ) ;
#2410 = CARTESIAN_POINT ( 'NONE',  ( -5.364884905714281300, -7.198338443327074300, 0.0000000000000000000 ) ) ;
#2411 = LINE ( 'NONE', #2224, #3092 ) ;
#2412 = TOROIDAL_SURFACE ( 'NONE', #1210, 3.133974596215561600, 1.000000000000000000 ) ;
#2413 = CARTESIAN_POINT ( 'NONE',  ( 0.4351150942857299800, -1.798338443327086400, 32.00000000000000000 ) ) ;
#2414 = EDGE_CURVE ( 'NONE', #26, #981, #355, .T. ) ;
#2415 = VERTEX_POINT ( 'NONE', #2711 ) ;
#2416 = VECTOR ( 'NONE', #3512, 1000.000000000000000 ) ;
#2417 = EDGE_CURVE ( 'NONE', #3131, #2649, #436, .T. ) ;
#2418 = LINE ( 'NONE', #974, #1744 ) ;
#2419 = CARTESIAN_POINT ( 'NONE',  ( 5.385115094285720400, -3.198338443327073400, 0.0000000000000000000 ) ) ;
#2420 = CARTESIAN_POINT ( 'NONE',  ( 0.03511509428572121700, -2.232302573880011700, 32.91574847236477600 ) ) ;
#2421 = CARTESIAN_POINT ( 'NONE',  ( -7.964884905714280100, -2.398338443327074500, 36.10000000000000100 ) ) ;
#2422 = AXIS2_PLACEMENT_3D ( 'NONE', #2320, #324, #2034 ) ;
#2423 = FACE_OUTER_BOUND ( 'NONE', #2838, .T. ) ;
#2424 = ORIENTED_EDGE ( 'NONE', *, *, #1422, .T. ) ;
#2425 = DIRECTION ( 'NONE',  ( -2.065146995210484700E-016, -1.000000000000000000, 0.0000000000000000000 ) ) ;
#2426 = CARTESIAN_POINT ( 'NONE',  ( 0.03511509428572012800, -1.678871534707812500, -3.827084028759467000 ) ) ;
#2427 = AXIS2_PLACEMENT_3D ( 'NONE', #1871, #3577, #3035 ) ;
#2428 = ORIENTED_EDGE ( 'NONE', *, *, #2735, .T. ) ;
#2429 = ORIENTED_EDGE ( 'NONE', *, *, #1535, .F. ) ;
#2430 = CARTESIAN_POINT ( 'NONE',  ( 6.635115094285720400, -7.198338443327073400, -0.0000000000000000000 ) ) ;
#2431 = CARTESIAN_POINT ( 'NONE',  ( 0.03511509428572921100, -1.643740495136194500, 32.25737346051891300 ) ) ;
#2432 = ORIENTED_EDGE ( 'NONE', *, *, #1933, .F. ) ;
#2433 = CARTESIAN_POINT ( 'NONE',  ( -1.085557488445924500, -1.704033086517122700, -2.999999996365651600 ) ) ;
#2434 = EDGE_CURVE ( 'NONE', #2566, #1249, #1774, .T. ) ;
#2435 = ORIENTED_EDGE ( 'NONE', *, *, #526, .T. ) ;
#2436 = DIRECTION ( 'NONE',  ( -0.0000000000000000000, -0.0000000000000000000, -1.000000000000000000 ) ) ;
#2437 = DIRECTION ( 'NONE',  ( 2.065146995210484400E-016, -1.000000000000000000, 0.0000000000000000000 ) ) ;
#2438 = CARTESIAN_POINT ( 'NONE',  ( 2.935115094285721100, 4.701661556672927800, 0.0000000000000000000 ) ) ;
#2439 = EDGE_LOOP ( 'NONE', ( #3585, #2149, #824, #1477 ) ) ;
#2440 = EDGE_CURVE ( 'NONE', #154, #2389, #3301, .T. ) ;
#2441 = CARTESIAN_POINT ( 'NONE',  ( -0.7648849057142803600, -1.798338443327071700, -4.500000000000000900 ) ) ;
#2442 = ORIENTED_EDGE ( 'NONE', *, *, #1085, .F. ) ;
#2443 = ORIENTED_EDGE ( 'NONE', *, *, #122, .F. ) ;
#2444 = DIRECTION ( 'NONE',  ( 0.0000000000000000000, 0.0000000000000000000, 1.000000000000000000 ) ) ;
#2445 = CARTESIAN_POINT ( 'NONE',  ( 0.3359410980729389800, -1.685006183846516200, 32.00000000000000000 ) ) ;
#2446 = CARTESIAN_POINT ( 'NONE',  ( -0.7648849057142962400, -2.840672795965139700, -3.277170487119288800 ) ) ;
#2447 = APPROVAL_PERSON_ORGANIZATION ( #3217, #2910, #2791 ) ;
#2448 = ORIENTED_EDGE ( 'NONE', *, *, #3255, .F. ) ;
#2449 = CARTESIAN_POINT ( 'NONE',  ( 0.3394853547155907100, -3.108188471296448700, -2.999999999831163900 ) ) ;
#2450 = B_SPLINE_CURVE_WITH_KNOTS ( 'NONE', 3,
 ( #506, #3351, #794, #2794, #1067, #3098, #1361, #3360 ),
 .UNSPECIFIED., .F., .F.,
 ( 4, 2, 2, 4 ),
 ( 3.830910390390318600E-015, 0.0002360849123196395800, 0.0004721698246354482400, 0.0009443396492670709700 ),
 .UNSPECIFIED. ) ;
#2451 = AXIS2_PLACEMENT_3D ( 'NONE', #1537, #1052, #1811 ) ;
#2452 = FACE_OUTER_BOUND ( 'NONE', #1648, .T. ) ;
#2453 = VECTOR ( 'NONE', #1142, 1000.000000000000000 ) ;
#2454 = FACE_OUTER_BOUND ( 'NONE', #2025, .T. ) ;
#2455 = CARTESIAN_POINT ( 'NONE',  ( -0.4193230167206035100, -0.2983384433270716000, -4.412849037949985800 ) ) ;
#2456 = ORIENTED_EDGE ( 'NONE', *, *, #1154, .T. ) ;
#2457 = CARTESIAN_POINT ( 'NONE',  ( -7.364884905714278700, -4.498338443327073200, 0.0000000000000000000 ) ) ;
#2458 = CARTESIAN_POINT ( 'NONE',  ( -0.7648849057143702900, -3.386737827409346900, -3.106709700350663600 ) ) ;
#2459 = LINE ( 'NONE', #934, #1695 ) ;
#2460 = EDGE_CURVE ( 'NONE', #2211, #3286, #270, .T. ) ;
#2461 = FACE_BOUND ( 'NONE', #1303, .T. ) ;
#2462 = CARTESIAN_POINT ( 'NONE',  ( -0.5551512981133792700, -4.467630449954372200, 38.85256572414721200 ) ) ;
#2463 = CIRCLE ( 'NONE', #2806, 1.500000000000000400 ) ;
#2464 = CARTESIAN_POINT ( 'NONE',  ( 4.035115094285720800, -2.398338443327071400, 0.0000000000000000000 ) ) ;
#2465 = DIRECTION ( 'NONE',  ( -0.0000000000000000000, -0.0000000000000000000, -1.000000000000000000 ) ) ;
#2466 = CARTESIAN_POINT ( 'NONE',  ( -0.7648849057142788100, -1.335098920768866600, 32.66419612790426200 ) ) ;
#2467 = DIRECTION ( 'NONE',  ( 0.0000000000000000000, 1.000000000000000000, -0.0000000000000000000 ) ) ;
#2468 = ORIENTED_EDGE ( 'NONE', *, *, #950, .T. ) ;
#2469 = DIRECTION ( 'NONE',  ( -0.0000000000000000000, 0.0000000000000000000, 1.000000000000000000 ) ) ;
#2470 = ORIENTED_EDGE ( 'NONE', *, *, #127, .F. ) ;
#2471 = CARTESIAN_POINT ( 'NONE',  ( 0.03511509428572014100, -0.6883384433270743900, -11.00000000000000000 ) ) ;
#2472 = DIRECTION ( 'NONE',  ( 0.0000000000000000000, 0.0000000000000000000, -1.000000000000000000 ) ) ;
#2473 = DIRECTION ( 'NONE',  ( 1.000000000000000000, -0.0000000000000000000, -0.0000000000000000000 ) ) ;
#2474 = ADVANCED_FACE ( 'NONE', ( #2452 ), #836, .F. ) ;
#2475 = VERTEX_POINT ( 'NONE', #182 ) ;
#2476 = CARTESIAN_POINT ( 'NONE',  ( -0.7648849057142789200, -3.746184837374629600, 32.35963539741278100 ) ) ;
#2477 = ORIENTED_EDGE ( 'NONE', *, *, #149, .T. ) ;
#2478 = CARTESIAN_POINT ( 'NONE',  ( 0.03511509428572044700, -1.006519651502353800, -3.226020800439330900 ) ) ;
#2479 = EDGE_CURVE ( 'NONE', #1044, #639, #3132, .T. ) ;
#2480 = CARTESIAN_POINT ( 'NONE',  ( -0.8018496415892688600, -1.290500555894038800, -3.081540760722445000 ) ) ;
#2481 = ORIENTED_EDGE ( 'NONE', *, *, #3337, .F. ) ;
#2482 = DIRECTION ( 'NONE',  ( -1.000000000000000000, 0.0000000000000000000, 0.0000000000000000000 ) ) ;
#2483 = ORIENTED_EDGE ( 'NONE', *, *, #3020, .F. ) ;
#2484 = DIRECTION ( 'NONE',  ( -1.000000000000000000, -9.912705577010325500E-017, 0.0000000000000000000 ) ) ;
#2485 = CARTESIAN_POINT ( 'NONE',  ( 0.5641227627691164400, -2.015972793627977200, -2.999999994296786500 ) ) ;
#2486 = EDGE_CURVE ( 'NONE', #460, #3161, #1592, .T. ) ;
#2487 = VERTEX_POINT ( 'NONE', #2176 ) ;
#2488 = DIRECTION ( 'NONE',  ( 1.000000000000000000, 0.0000000000000000000, 0.0000000000000000000 ) ) ;
#2489 = FACE_BOUND ( 'NONE', #204, .T. ) ;
#2490 = DIRECTION ( 'NONE',  ( 1.000000000000000000, -0.0000000000000000000, -0.0000000000000000000 ) ) ;
#2491 = CARTESIAN_POINT ( 'NONE',  ( -7.964884905714280100, -0.2983384433270738200, 33.50000000000000000 ) ) ;
#2492 = EDGE_CURVE ( 'NONE', #2601, #2649, #2272, .T. ) ;
#2493 = VECTOR ( 'NONE', #2826, 1000.000000000000000 ) ;
#2494 = DIRECTION ( 'NONE',  ( -0.0000000000000000000, 0.0000000000000000000, 1.000000000000000000 ) ) ;
#2495 = VECTOR ( 'NONE', #1841, 1000.000000000000000 ) ;
#2496 = ADVANCED_FACE ( 'NONE', ( #2358, #3043, #914 ), #3589, .F. ) ;
#2497 = VECTOR ( 'NONE', #3482, 1000.000000000000000 ) ;
#2498 = DIRECTION ( 'NONE',  ( -0.0000000000000000000, -0.0000000000000000000, 1.000000000000000000 ) ) ;
#2499 = LINE ( 'NONE', #1337, #1731 ) ;
#2500 = AXIS2_PLACEMENT_3D ( 'NONE', #1173, #342, #2339 ) ;
#2501 = CARTESIAN_POINT ( 'NONE',  ( 0.6366242085476212500, -2.306426508188499800, -3.000000001024113700 ) ) ;
#2502 = LINE ( 'NONE', #1433, #2584 ) ;
#2503 = ORIENTED_EDGE ( 'NONE', *, *, #614, .T. ) ;
#2504 = VECTOR ( 'NONE', #85, 1000.000000000000000 ) ;
#2505 = APPLICATION_PROTOCOL_DEFINITION ( 'international standard', 'config_control_design', 1994, #504 ) ;
#2506 = EDGE_CURVE ( 'NONE', #41, #1093, #2, .T. ) ;
#2507 = DIRECTION ( 'NONE',  ( -1.000000000000000000, 0.0000000000000000000, 0.0000000000000000000 ) ) ;
#2508 = FACE_OUTER_BOUND ( 'NONE', #1030, .T. ) ;
#2509 = CARTESIAN_POINT ( 'NONE',  ( -1.164884905714288900, -2.998338443327061200, 32.00000000000000000 ) ) ;
#2510 = EDGE_CURVE ( 'NONE', #249, #1843, #2944, .T. ) ;
#2511 = CARTESIAN_POINT ( 'NONE',  ( 9.535115094285719900, -9.698338443327072500, 23.65000000000000200 ) ) ;
#2512 = CIRCLE ( 'NONE', #320, 4.400000000000000400 ) ;
#2513 = ADVANCED_FACE ( 'NONE', ( #746 ), #1908, .F. ) ;
#2514 = ORIENTED_EDGE ( 'NONE', *, *, #24, .T. ) ;
#2515 = CARTESIAN_POINT ( 'NONE',  ( 0.03511509428575699400, -2.178645987532848800, -3.267048015676863300 ) ) ;
#2516 = DIRECTION ( 'NONE',  ( 0.0000000000000000000, 0.0000000000000000000, 1.000000000000000000 ) ) ;
#2517 = APPROVAL_ROLE ( '' ) ;
#2518 = PLANE ( 'NONE',  #1898 ) ;
#2519 = EDGE_LOOP ( 'NONE', ( #2904, #1957, #2305, #2926, #269 ) ) ;
#2520 = CARTESIAN_POINT ( 'NONE',  ( 9.535115094285719900, -7.198338443327072500, 23.65000000000000200 ) ) ;
#2521 = ORIENTED_EDGE ( 'NONE', *, *, #3615, .F. ) ;
#2522 = AXIS2_PLACEMENT_3D ( 'NONE', #1947, #2907, #2223 ) ;
#2523 = ORIENTED_EDGE ( 'NONE', *, *, #955, .F. ) ;
#2524 = DIRECTION ( 'NONE',  ( -0.0000000000000000000, 0.0000000000000000000, 1.000000000000000000 ) ) ;
#2525 = EDGE_LOOP ( 'NONE', ( #2090, #1170, #2890, #1781 ) ) ;
#2526 = CC_DESIGN_PERSON_AND_ORGANIZATION_ASSIGNMENT ( #268, #2222, ( #1409 ) ) ;
#2527 = DIRECTION ( 'NONE',  ( 1.000000000000000000, 0.0000000000000000000, -0.0000000000000000000 ) ) ;
#2528 = ORIENTED_EDGE ( 'NONE', *, *, #1733, .T. ) ;
#2529 = CARTESIAN_POINT ( 'NONE',  ( 0.03511509428572010700, -1.050320962742572700, -3.359115533592819300 ) ) ;
#2530 = ORIENTED_EDGE ( 'NONE', *, *, #3517, .F. ) ;
#2531 = DIRECTION ( 'NONE',  ( -1.000000000000000000, 0.0000000000000000000, 0.0000000000000000000 ) ) ;
#2532 = ORIENTED_EDGE ( 'NONE', *, *, #1006, .T. ) ;
#2533 = EDGE_CURVE ( 'NONE', #2398, #2787, #2186, .T. ) ;
#2534 = ORIENTED_EDGE ( 'NONE', *, *, #2682, .T. ) ;
#2535 = EDGE_LOOP ( 'NONE', ( #1502, #378 ) ) ;
#2536 = VECTOR ( 'NONE', #2436, 1000.000000000000000 ) ;
#2537 = VECTOR ( 'NONE', #568, 1000.000000000000000 ) ;
#2538 = ADVANCED_FACE ( 'NONE', ( #2842 ), #569, .T. ) ;
#2539 = CARTESIAN_POINT ( 'NONE',  ( 0.03511509428571993300, -2.673626097573185100, -3.908126673779058100 ) ) ;
#2540 = CARTESIAN_POINT ( 'NONE',  ( -0.03105884953023011300, -0.4640019413259358100, -10.19196469122862100 ) ) ;
#2541 = LINE ( 'NONE', #3288, #1779 ) ;
#2542 = CARTESIAN_POINT ( 'NONE',  ( 0.03511509428572121700, -2.946345156866557100, 32.86838446157090500 ) ) ;
#2543 = DIRECTION ( 'NONE',  ( 0.0000000000000000000, 1.000000000000000000, 0.0000000000000000000 ) ) ;
#2544 = VECTOR ( 'NONE', #2763, 1000.000000000000000 ) ;
#2545 = AXIS2_PLACEMENT_3D ( 'NONE', #2909, #1182, #3204 ) ;
#2546 = FACE_OUTER_BOUND ( 'NONE', #3591, .T. ) ;
#2547 = EDGE_CURVE ( 'NONE', #1557, #2129, #658, .T. ) ;
#2548 = TOROIDAL_SURFACE ( 'NONE', #2239, 3.133974596215561600, 1.000000000000000000 ) ;
#2549 = ORIENTED_EDGE ( 'NONE', *, *, #1783, .T. ) ;
#2550 = CARTESIAN_POINT ( 'NONE',  ( -7.364884905714278700, -9.598338443327074600, 29.00000000000000000 ) ) ;
#2551 = EDGE_CURVE ( 'NONE', #3148, #154, #3593, .T. ) ;
#2552 = ADVANCED_FACE ( 'NONE', ( #1226 ), #3426, .T. ) ;
#2553 = VERTEX_POINT ( 'NONE', #3633 ) ;
#2554 = VERTEX_POINT ( 'NONE', #1940 ) ;
#2555 = B_SPLINE_CURVE_WITH_KNOTS ( 'NONE', 3,
 ( #872, #2591, #66, #2051, #339, #2335, #621, #2614 ),
 .UNSPECIFIED., .F., .F.,
 ( 4, 2, 2, 4 ),
 ( 1.096331598429867900E-018, 0.0004741405156765050300, 0.0007112107735147570100, 0.0009482810313530089800 ),
 .UNSPECIFIED. ) ;
#2556 = ORIENTED_EDGE ( 'NONE', *, *, #595, .F. ) ;
#2557 = CARTESIAN_POINT ( 'NONE',  ( 0.03511509428571991900, -2.120757068671944800, -3.908666227440778000 ) ) ;
#2558 = ORIENTED_EDGE ( 'NONE', *, *, #1154, .F. ) ;
#2559 = CARTESIAN_POINT ( 'NONE',  ( -1.178632116612264900, -1.812826921968969000, 31.99999999228738500 ) ) ;
#2560 = VERTEX_POINT ( 'NONE', #514 ) ;
#2561 = CARTESIAN_POINT ( 'NONE',  ( -5.364884905714281300, -7.198338443327074300, 29.00000000000000000 ) ) ;
#2562 = CARTESIAN_POINT ( 'NONE',  ( -0.3648849057142798400, -2.398338443327071800, -3.000000000000000000 ) ) ;
#2563 = AXIS2_PLACEMENT_3D ( 'NONE', #3650, #712, #358 ) ;
#2564 = EDGE_LOOP ( 'NONE', ( #1121, #657, #3209, #35 ) ) ;
#2565 = VERTEX_POINT ( 'NONE', #3082 ) ;
#2566 = VERTEX_POINT ( 'NONE', #2509 ) ;
#2567 = CARTESIAN_POINT ( 'NONE',  ( 13.38511509428572500, -7.198338443327075200, 29.00000000000000000 ) ) ;
#2568 = EDGE_CURVE ( 'NONE', #2656, #2183, #2000, .T. ) ;
#2569 = ORIENTED_EDGE ( 'NONE', *, *, #2492, .F. ) ;
#2570 = ADVANCED_FACE ( 'NONE', ( #480 ), #393, .T. ) ;
#2571 = ORIENTED_EDGE ( 'NONE', *, *, #1941, .T. ) ;
#2572 = CARTESIAN_POINT ( 'NONE',  ( -0.7648849057142789200, -2.564374312774104800, 32.91574847236477600 ) ) ;
#2573 = CARTESIAN_POINT ( 'NONE',  ( -7.964884905714280100, -2.998338443327075000, 38.50000000000000000 ) ) ;
#2574 = EDGE_CURVE ( 'NONE', #1527, #3021, #1132, .T. ) ;
#2575 = CARTESIAN_POINT ( 'NONE',  ( -0.3548849057142785000, -4.498338443327075000, 38.49999999999999300 ) ) ;
#2576 = CARTESIAN_POINT ( 'NONE',  ( -0.3748849057142775700, -4.498338443327072300, -4.500000000000000900 ) ) ;
#2577 = CIRCLE ( 'NONE', #1582, 1.650000000000000400 ) ;
#2578 = DIRECTION ( 'NONE',  ( 1.000000000000000000, -0.0000000000000000000, -0.0000000000000000000 ) ) ;
#2579 = LINE ( 'NONE', #3524, #305 ) ;
#2580 = VECTOR ( 'NONE', #330, 1000.000000000000000 ) ;
#2581 = CIRCLE ( 'NONE', #925, 1.000000000000000000 ) ;
#2582 = CARTESIAN_POINT ( 'NONE',  ( -7.364884905714278700, -5.898338443327073600, 0.0000000000000000000 ) ) ;
#2583 = PLANE ( 'NONE',  #294 ) ;
#2584 = VECTOR ( 'NONE', #1902, 1000.000000000000000 ) ;
#2585 = CARTESIAN_POINT ( 'NONE',  ( -0.7648849057142869100, -3.152936391517988200, 32.25737346051891300 ) ) ;
#2586 = AXIS2_PLACEMENT_3D ( 'NONE', #3384, #3640, #1091 ) ;
#2587 = CARTESIAN_POINT ( 'NONE',  ( 2.769089690501281600, -2.398338443327071400, 1.000000000000000000 ) ) ;
#2588 = FACE_OUTER_BOUND ( 'NONE', #1703, .T. ) ;
#2589 = EDGE_CURVE ( 'NONE', #3449, #1531, #1912, .T. ) ;
#2590 = DIRECTION ( 'NONE',  ( 0.0000000000000000000, -1.000000000000000000, 0.0000000000000000000 ) ) ;
#2591 = CARTESIAN_POINT ( 'NONE',  ( 0.03511509428591605400, -1.142685512219296900, 32.14138936583048400 ) ) ;
#2592 = ADVANCED_FACE ( 'NONE', ( #1816 ), #248, .F. ) ;
#2593 = AXIS2_PLACEMENT_3D ( 'NONE', #396, #2391, #679 ) ;
#2594 = VECTOR ( 'NONE', #2199, 1000.000000000000000 ) ;
#2595 = ADVANCED_FACE ( 'NONE', ( #2659 ), #3660, .F. ) ;
#2596 = DIRECTION ( 'NONE',  ( -0.0000000000000000000, 1.000000000000000000, -0.0000000000000000000 ) ) ;
#2597 = EDGE_CURVE ( 'NONE', #2324, #2990, #3504, .T. ) ;
#2598 = CARTESIAN_POINT ( 'NONE',  ( -1.065710909501496900, -3.111670702807632700, 32.00000000000000000 ) ) ;
#2599 = FACE_OUTER_BOUND ( 'NONE', #3465, .T. ) ;
#2600 = CARTESIAN_POINT ( 'NONE',  ( -0.3648849057142798400, -2.398338443327071800, 0.5000000000000000000 ) ) ;
#2601 = VERTEX_POINT ( 'NONE', #2817 ) ;
#2602 = CARTESIAN_POINT ( 'NONE',  ( -6.114884905714277800, -3.198338443327073400, 29.00000000000000000 ) ) ;
#2603 = CARTESIAN_POINT ( 'NONE',  ( -0.7648849057142803600, -1.458515461556940500, -3.735628983591847300 ) ) ;
#2604 = VERTEX_POINT ( 'NONE', #819 ) ;
#2605 = ORIENTED_EDGE ( 'NONE', *, *, #3298, .F. ) ;
#2606 = ORIENTED_EDGE ( 'NONE', *, *, #1445, .F. ) ;
#2607 = AXIS2_PLACEMENT_3D ( 'NONE', #2047, #62, #1750 ) ;
#2608 = ORIENTED_EDGE ( 'NONE', *, *, #2180, .T. ) ;
#2609 = DIRECTION ( 'NONE',  ( -1.000000000000000000, -1.734723475976806800E-016, 0.0000000000000000000 ) ) ;
#2610 = CARTESIAN_POINT ( 'NONE',  ( -0.3548849057142830500, -4.498338443327072300, -9.500000000000000000 ) ) ;
#2611 = VERTEX_POINT ( 'NONE', #1096 ) ;
#2612 = DIRECTION ( 'NONE',  ( 0.0000000000000000000, -0.0000000000000000000, 1.000000000000000000 ) ) ;
#2613 = DIRECTION ( 'NONE',  ( 0.0000000000000000000, 1.000000000000000000, 0.0000000000000000000 ) ) ;
#2614 = CARTESIAN_POINT ( 'NONE',  ( 0.4351150942857299800, -1.798338443327086400, 32.00000000000000000 ) ) ;
#2615 = ORIENTED_EDGE ( 'NONE', *, *, #2031, .T. ) ;
#2616 = ORIENTED_EDGE ( 'NONE', *, *, #1196, .T. ) ;
#2617 = CARTESIAN_POINT ( 'NONE',  ( 6.635115094285720400, -1.798338443327073000, 29.00000000000000000 ) ) ;
#2618 = EDGE_CURVE ( 'NONE', #2175, #809, #2577, .T. ) ;
#2619 = EDGE_LOOP ( 'NONE', ( #1378, #2745, #374, #896 ) ) ;
#2620 = DIRECTION ( 'NONE',  ( -1.000000000000000000, 1.084202172485504400E-016, -0.0000000000000000000 ) ) ;
#2621 = DIRECTION ( 'NONE',  ( -0.0000000000000000000, -0.0000000000000000000, -1.000000000000000000 ) ) ;
#2622 = LINE ( 'NONE', #2696, #1095 ) ;
#2623 = EDGE_CURVE ( 'NONE', #2398, #3067, #1566, .T. ) ;
#2624 = LINE ( 'NONE', #2850, #3302 ) ;
#2625 = CARTESIAN_POINT ( 'NONE',  ( 0.03511509428572062000, -0.6219281656882619200, -3.564154079127470600 ) ) ;
#2626 = CARTESIAN_POINT ( 'NONE',  ( -0.3748849057142785700, -0.2983384433270742700, 38.49999999999999300 ) ) ;
#2627 = VECTOR ( 'NONE', #3534, 1000.000000000000000 ) ;
#2628 = CYLINDRICAL_SURFACE ( 'NONE', #1094, 1.000000000000000000 ) ;
#2629 = DIRECTION ( 'NONE',  ( 0.0000000000000000000, -0.0000000000000000000, 1.000000000000000000 ) ) ;
#2630 = DIRECTION ( 'NONE',  ( 0.0000000000000000000, 0.0000000000000000000, -1.000000000000000000 ) ) ;
#2631 = LINE ( 'NONE', #2995, #1785 ) ;
#2632 = DIRECTION ( 'NONE',  ( -1.000000000000000000, 0.0000000000000000000, 0.0000000000000000000 ) ) ;
#2633 = LINE ( 'NONE', #2919, #1883 ) ;
#2634 = CARTESIAN_POINT ( 'NONE',  ( 0.03511509428572110600, -4.108338443327072700, 40.00000000000000000 ) ) ;
#2635 = DIRECTION ( 'NONE',  ( -1.000000000000000000, 0.0000000000000000000, 0.0000000000000000000 ) ) ;
#2636 = ORIENTED_EDGE ( 'NONE', *, *, #331, .T. ) ;
#2637 = EDGE_LOOP ( 'NONE', ( #1515, #2952, #518, #417 ) ) ;
#2638 = CARTESIAN_POINT ( 'NONE',  ( -0.3648849057142789500, -2.398338443327074500, 29.00000000000000000 ) ) ;
#2639 = CARTESIAN_POINT ( 'NONE',  ( -0.7648849057142791400, -1.798338443327074400, 38.50000000000000000 ) ) ;
#2640 = EDGE_CURVE ( 'NONE', #636, #2941, #303, .T. ) ;
#2641 = EDGE_LOOP ( 'NONE', ( #1271, #1530 ) ) ;
#2642 = ORIENTED_EDGE ( 'NONE', *, *, #2968, .T. ) ;
#2643 = DIRECTION ( 'NONE',  ( -1.000000000000000000, 0.0000000000000000000, 0.0000000000000000000 ) ) ;
#2644 = ORIENTED_EDGE ( 'NONE', *, *, #787, .F. ) ;
#2645 = CARTESIAN_POINT ( 'NONE',  ( 0.03511509428572044700, -1.006519651502353800, -3.226020800439330900 ) ) ;
#2646 = DIRECTION ( 'NONE',  ( -1.000000000000000000, 1.228445443971150800E-016, 0.0000000000000000000 ) ) ;
#2647 = CARTESIAN_POINT ( 'NONE',  ( -0.3748849057142759600, -4.498338443327075000, 33.50000000000000700 ) ) ;
#2648 = ORIENTED_EDGE ( 'NONE', *, *, #831, .F. ) ;
#2649 = VERTEX_POINT ( 'NONE', #557 ) ;
#2650 = DIRECTION ( 'NONE',  ( -0.0000000000000000000, -0.0000000000000000000, -1.000000000000000000 ) ) ;
#2651 = EDGE_LOOP ( 'NONE', ( #467, #3317, #3063, #865 ) ) ;
#2652 = CARTESIAN_POINT ( 'NONE',  ( -0.7648849057142791400, -0.6883384433270770500, 32.49108969675198500 ) ) ;
#2653 = ORIENTED_EDGE ( 'NONE', *, *, #3436, .T. ) ;
#2654 = CARTESIAN_POINT ( 'NONE',  ( -4.864884905714277800, -6.398338443327077100, 29.00000000000000000 ) ) ;
#2655 = CARTESIAN_POINT ( 'NONE',  ( -7.364884905714278700, -7.198338443327074300, 10.20000000000000100 ) ) ;
#2656 = VERTEX_POINT ( 'NONE', #1983 ) ;
#2657 = CARTESIAN_POINT ( 'NONE',  ( 0.03511509428572110600, -2.398338443327067400, -7.099999999999999600 ) ) ;
#2658 = ORIENTED_EDGE ( 'NONE', *, *, #2506, .T. ) ;
#2659 = FACE_OUTER_BOUND ( 'NONE', #2243, .T. ) ;
#2660 = LINE ( 'NONE', #1255, #2495 ) ;
#2661 = CARTESIAN_POINT ( 'NONE',  ( -0.3648849057142789500, -2.398338443327074500, 28.50000000000000000 ) ) ;
#2662 = EDGE_CURVE ( 'NONE', #2672, #979, #347, .T. ) ;
#2663 = PLANE ( 'NONE',  #1141 ) ;
#2664 = CARTESIAN_POINT ( 'NONE',  ( -0.3748849057142776800, -4.498338443327072300, -9.499999999999989300 ) ) ;
#2665 = LINE ( 'NONE', #56, #1139 ) ;
#2666 = VECTOR ( 'NONE', #3031, 1000.000000000000000 ) ;
#2667 = EDGE_CURVE ( 'NONE', #1, #3624, #1725, .T. ) ;
#2668 = CIRCLE ( 'NONE', #3222, 1.500000000000000400 ) ;
#2669 = DIRECTION ( 'NONE',  ( 0.0000000000000000000, 0.0000000000000000000, -1.000000000000000000 ) ) ;
#2670 = CARTESIAN_POINT ( 'NONE',  ( 0.03511509428572121700, -3.798008061986337200, 32.25091352277160400 ) ) ;
#2671 = DIRECTION ( 'NONE',  ( -1.000000000000000000, 0.0000000000000000000, 0.0000000000000000000 ) ) ;
#2672 = VERTEX_POINT ( 'NONE', #1119 ) ;
#2673 = FACE_OUTER_BOUND ( 'NONE', #118, .T. ) ;
#2674 = FACE_BOUND ( 'NONE', #2935, .T. ) ;
#2675 = CARTESIAN_POINT ( 'NONE',  ( 4.635115094285720400, 0.9016615566729273600, 29.00000000000000000 ) ) ;
#2676 = DIRECTION ( 'NONE',  ( -0.0000000000000000000, -0.0000000000000000000, 1.000000000000000000 ) ) ;
#2677 = PLANE ( 'NONE',  #3531 ) ;
#2678 = VECTOR ( 'NONE', #1901, 1000.000000000000000 ) ;
#2679 = CARTESIAN_POINT ( 'NONE',  ( -4.864884905714277800, -6.398338443327077100, 29.00000000000000000 ) ) ;
#2680 = CARTESIAN_POINT ( 'NONE',  ( 0.03511509428573349200, -2.950025361936787800, 32.28058831567462800 ) ) ;
#2681 = EDGE_LOOP ( 'NONE', ( #943, #822, #911, #2549 ) ) ;
#2682 = EDGE_CURVE ( 'NONE', #2699, #1166, #1048, .T. ) ;
#2683 = ORIENTED_EDGE ( 'NONE', *, *, #2834, .F. ) ;
#2684 = EDGE_LOOP ( 'NONE', ( #3022, #1040, #3152, #1749 ) ) ;
#2685 = CARTESIAN_POINT ( 'NONE',  ( -0.3748849057142762400, -0.2983384433270742700, 40.00000000000000000 ) ) ;
#2686 = ORIENTED_EDGE ( 'NONE', *, *, #2857, .F. ) ;
#2687 = CARTESIAN_POINT ( 'NONE',  ( 5.385115094285720400, -4.498338443327073200, 0.0000000000000000000 ) ) ;
#2688 = EDGE_CURVE ( 'NONE', #3202, #2389, #951, .T. ) ;
#2689 = CARTESIAN_POINT ( 'NONE',  ( 6.635115094285720400, -7.198338443327073400, 18.80000000000000100 ) ) ;
#2690 = EDGE_LOOP ( 'NONE', ( #22, #2898, #1172, #1073 ) ) ;
#2691 = CARTESIAN_POINT ( 'NONE',  ( -4.864884905714277800, -6.698338443327069000, 29.00000000000000000 ) ) ;
#2692 = CARTESIAN_POINT ( 'NONE',  ( 0.6338608081135569400, -2.279761958592512600, 32.00000000032572700 ) ) ;
#2693 = VERTEX_POINT ( 'NONE', #20 ) ;
#2694 = PLANE ( 'NONE',  #1115 ) ;
#2695 = VERTEX_POINT ( 'NONE', #299 ) ;
#2696 = CARTESIAN_POINT ( 'NONE',  ( 7.235115094285720100, -4.498338443327072300, -4.500000000000010700 ) ) ;
#2697 = ORIENTED_EDGE ( 'NONE', *, *, #287, .T. ) ;
#2698 = AXIS2_PLACEMENT_3D ( 'NONE', #3461, #3424, #1712 ) ;
#2699 = VERTEX_POINT ( 'NONE', #2007 ) ;
#2700 = DIRECTION ( 'NONE',  ( -1.000000000000000000, 9.912705577010325500E-017, -0.0000000000000000000 ) ) ;
#2701 = LINE ( 'NONE', #939, #3464 ) ;
#2702 = CARTESIAN_POINT ( 'NONE',  ( -0.2649607828389770000, -0.3061313502022268200, 33.32365606766952500 ) ) ;
#2704 = ORIENTED_EDGE ( 'NONE', *, *, #1962, .T. ) ;
#2703 = PRODUCT_DEFINITION ( 'UNKNOWN', '', #3661, #1525 ) ;
#2705 = CARTESIAN_POINT ( 'NONE',  ( -0.3648849057142798900, -2.398338443327074500, 0.0000000000000000000 ) ) ;
#2706 = CARTESIAN_POINT ( 'NONE',  ( 0.03511509428572121700, -1.244019178932630500, 32.59693347950966600 ) ) ;
#2707 = LINE ( 'NONE', #147, #3380 ) ;
#2708 = CARTESIAN_POINT ( 'NONE',  ( -0.7648849057142804700, -1.052884011245331500, -3.364715469084163900 ) ) ;
#2709 = FACE_OUTER_BOUND ( 'NONE', #46, .T. ) ;
#2710 = LINE ( 'NONE', #2786, #3651 ) ;
#2711 = CARTESIAN_POINT ( 'NONE',  ( -0.7648849057142800300, -2.398338443327067400, -8.099999999999999600 ) ) ;
#2712 = EDGE_CURVE ( 'NONE', #1488, #1536, #3173, .T. ) ;
#2713 = CARTESIAN_POINT ( 'NONE',  ( -0.7648849057142803600, -4.108338443327072700, -10.50891030324801400 ) ) ;
#2714 = B_SPLINE_CURVE_WITH_KNOTS ( 'NONE', 3,
 ( #482, #2737, #2480, #1991, #140, #3561, #419, #3538 ),
 .UNSPECIFIED., .F., .F.,
 ( 4, 2, 2, 4 ),
 ( 0.0000000000000000000, 0.0004740294205503741500, 0.0007110441308255608700, 0.0009480588411007474200 ),
 .UNSPECIFIED. ) ;
#2715 = CARTESIAN_POINT ( 'NONE',  ( -0.7648849057142813600, -4.108338443327118000, 32.49108969675193500 ) ) ;
#2716 = CARTESIAN_POINT ( 'NONE',  ( 0.03511509428572015500, -1.074355391178668700, -3.400645714322194600 ) ) ;
#2717 = FACE_OUTER_BOUND ( 'NONE', #2242, .T. ) ;
#2718 = DIRECTION ( 'NONE',  ( 0.0000000000000000000, 0.0000000000000000000, 1.000000000000000000 ) ) ;
#2719 = VECTOR ( 'NONE', #2966, 1000.000000000000000 ) ;
#2720 = CARTESIAN_POINT ( 'NONE',  ( 0.03511509428572110600, -4.108338443327075300, 39.50891030324800800 ) ) ;
#2721 = CARTESIAN_POINT ( 'NONE',  ( -0.7648849057142804700, -2.971602820355543400, -3.863738792217607600 ) ) ;
#2722 = AXIS2_PLACEMENT_3D ( 'NONE', #1042, #2767, #767 ) ;
#2723 = CARTESIAN_POINT ( 'NONE',  ( 0.03511509428571976700, -3.808591174847782300, -3.220317181376120000 ) ) ;
#2724 = ORIENTED_EDGE ( 'NONE', *, *, #3208, .T. ) ;
#2725 = CARTESIAN_POINT ( 'NONE',  ( -0.3748849057142785700, -4.498338443327075000, 38.49999999999999300 ) ) ;
#2726 = CARTESIAN_POINT ( 'NONE',  ( -7.364884905714278700, -5.898338443327073600, 29.00000000000000000 ) ) ;
#2727 = AXIS2_PLACEMENT_3D ( 'NONE', #1792, #100, #2089 ) ;
#2728 = ORIENTED_EDGE ( 'NONE', *, *, #2062, .F. ) ;
#2729 = ORIENTED_EDGE ( 'NONE', *, *, #1593, .T. ) ;
#2730 = PLANE ( 'NONE',  #3400 ) ;
#2731 = CARTESIAN_POINT ( 'NONE',  ( -0.1746185133151783900, -4.467630449954372200, 33.14743427585277400 ) ) ;
#2732 = CARTESIAN_POINT ( 'NONE',  ( -6.114884905714277800, -0.4983384433270728300, 0.0000000000000000000 ) ) ;
#2733 = ORIENTED_EDGE ( 'NONE', *, *, #48, .F. ) ;
#2734 = CARTESIAN_POINT ( 'NONE',  ( -1.067048814830821000, -3.110353783565031900, -3.000000000000000000 ) ) ;
#2735 = EDGE_CURVE ( 'NONE', #2656, #209, #222, .T. ) ;
#2736 =( BOUNDED_SURFACE ( )  B_SPLINE_SURFACE ( 3, 2, ( 
 ( #397, #668, #680 ),
 ( #2670, #948, #2972 ),
 ( #1244, #3258, #1529 ),
 ( #3525, #1829, #130 ),
 ( #2126, #410, #2408 ),
 ( #693, #2680, #962 ),
 ( #2988, #1256, #3273 ),
 ( #1543, #3541, #1842 ),
 ( #142, #2137, #420 ),
 ( #2420, #704, #2692 ),
 ( #973, #3002, #1266 ),
 ( #3284, #1559, #3550 ),
 ( #1853, #152, #2147 ),
 ( #430, #2431, #718 ),
 ( #2706, #985, #3018 ),
 ( #1282, #3295, #1571 ),
 ( #3564, #1866, #165 ),
 ( #2161, #442, #2445 ) ),
 .UNSPECIFIED., .F., .F., .F. ) 
 B_SPLINE_SURFACE_WITH_KNOTS ( ( 4, 2, 2, 2, 2, 2, 2, 2, 4 ),
 ( 3, 3 ),
 ( 0.0001010583509932705900, 0.0005509077341292285500, 0.001000757117265186600, 0.001450606500401144700, 0.001900455883537102800, 0.002350305266673060800, 0.002800154649809018700, 0.003250004032944976500, 0.003699853416080934800 ),
 ( 0.0000000000000000000, 1.000000000000000000 ),
 .UNSPECIFIED. ) 
 GEOMETRIC_REPRESENTATION_ITEM ( )  RATIONAL_B_SPLINE_SURFACE ( (
 ( 1.000000000000000000, 0.9214640006195840000, 1.000000000000000000),
 ( 1.000000000000000000, 0.9200462520910941400, 1.000000000000000000),
 ( 1.000000000000000000, 0.9152816107464700800, 1.000000000000000000),
 ( 1.000000000000000000, 0.9005925342010743200, 1.000000000000000000),
 ( 1.000000000000000000, 0.8906390429141022300, 1.000000000000000000),
 ( 1.000000000000000000, 0.8695191188955524500, 1.000000000000000000),
 ( 1.000000000000000000, 0.8581727717968028500, 1.000000000000000000),
 ( 1.000000000000000000, 0.8414844391483575800, 1.000000000000000000),
 ( 1.000000000000000000, 0.8363220379513440800, 1.000000000000000000),
 ( 1.000000000000000000, 0.8370348081849219300, 1.000000000000000000),
 ( 1.000000000000000000, 0.8428703847184073600, 1.000000000000000000),
 ( 1.000000000000000000, 0.8602294723363461700, 1.000000000000000000),
 ( 1.000000000000000000, 0.8715923000417660200, 1.000000000000000000),
 ( 1.000000000000000000, 0.8927448605619119300, 1.000000000000000000),
 ( 1.000000000000000000, 0.9024496077321916300, 1.000000000000000000),
 ( 1.000000000000000000, 0.9163491424499509200, 1.000000000000000000),
 ( 1.000000000000000000, 0.9207977156419460100, 1.000000000000000000),
 ( 1.000000000000000000, 0.9217304367907089800, 1.000000000000000000) ) ) 
 REPRESENTATION_ITEM ( '' )  SURFACE ( )  );
#2737 = CARTESIAN_POINT ( 'NONE',  ( -0.7648849057144757600, -1.142679781698037600, -3.141392927532598900 ) ) ;
#2738 = ORIENTED_EDGE ( 'NONE', *, *, #3457, .T. ) ;
#2739 = DIRECTION ( 'NONE',  ( -0.0000000000000000000, 1.000000000000000000, -0.0000000000000000000 ) ) ;
#2740 = CARTESIAN_POINT ( 'NONE',  ( -0.6987109618983279300, -4.332674945328212100, 39.19196469122862000 ) ) ;
#2741 = ORIENTED_EDGE ( 'NONE', *, *, #127, .T. ) ;
#2742 = EDGE_CURVE ( 'NONE', #1809, #3205, #3086, .T. ) ;
#2743 = CARTESIAN_POINT ( 'NONE',  ( 0.03511509428572110600, -0.6883384433270741700, 39.50891030324801500 ) ) ;
#2744 = ORIENTED_EDGE ( 'NONE', *, *, #2834, .T. ) ;
#2745 = ORIENTED_EDGE ( 'NONE', *, *, #2314, .F. ) ;
#2746 = DIRECTION ( 'NONE',  ( -0.0000000000000000000, 0.0000000000000000000, 1.000000000000000000 ) ) ;
#2747 = DIRECTION ( 'NONE',  ( 1.000000000000000000, -0.0000000000000000000, 0.0000000000000000000 ) ) ;
#2748 = CARTESIAN_POINT ( 'NONE',  ( 6.635115094285720400, -5.898338443327073600, 0.0000000000000000000 ) ) ;
#2749 = CARTESIAN_POINT ( 'NONE',  ( -0.7648849057142790300, -1.713947483556031300, 32.83629609308660200 ) ) ;
#2750 = DIRECTION ( 'NONE',  ( -0.0000000000000000000, -0.0000000000000000000, -1.000000000000000000 ) ) ;
#2751 = EDGE_LOOP ( 'NONE', ( #1448, #1305, #3485, #2605, #301, #857, #179, #736 ) ) ;
#2752 = ORIENTED_EDGE ( 'NONE', *, *, #1833, .T. ) ;
#2753 = CARTESIAN_POINT ( 'NONE',  ( -0.3104782454089613000, -0.2983384433270739300, 33.41291071878948300 ) ) ;
#2754 = ADVANCED_FACE ( 'NONE', ( #795 ), #2231, .T. ) ;
#2755 = DATE_AND_TIME ( #3502, #566 ) ;
#2756 = DIRECTION ( 'NONE',  ( 0.0000000000000000000, 1.000000000000000000, 0.0000000000000000000 ) ) ;
#2757 = AXIS2_PLACEMENT_3D ( 'NONE', #3406, #2527, #1112 ) ;
#2758 = DIRECTION ( 'NONE',  ( 0.0000000000000000000, 0.0000000000000000000, -1.000000000000000000 ) ) ;
#2759 = VECTOR ( 'NONE', #1047, 1000.000000000000000 ) ;
#2760 = TOROIDAL_SURFACE ( 'NONE', #2024, 3.133974596215561600, 1.000000000000000000 ) ;
#2761 = CARTESIAN_POINT ( 'NONE',  ( -3.664884905714278900, 4.701661556672927800, 29.00000000000000000 ) ) ;
#2762 = VECTOR ( 'NONE', #2027, 1000.000000000000000 ) ;
#2763 = DIRECTION ( 'NONE',  ( -0.0000000000000000000, -0.0000000000000000000, -1.000000000000000000 ) ) ;
#2764 = CARTESIAN_POINT ( 'NONE',  ( -14.11488490571428200, -7.198338443327075200, 10.20000000000000100 ) ) ;
#2765 = EDGE_CURVE ( 'NONE', #1831, #1676, #984, .T. ) ;
#2766 = CARTESIAN_POINT ( 'NONE',  ( 0.03511509428571948200, -2.998338443327061200, -11.00000000000000000 ) ) ;
#2767 = DIRECTION ( 'NONE',  ( -0.0000000000000000000, -0.0000000000000000000, -1.000000000000000000 ) ) ;
#2768 = CYLINDRICAL_SURFACE ( 'NONE', #3037, 1.650000000000000400 ) ;
#2769 = EDGE_CURVE ( 'NONE', #3454, #2324, #2555, .T. ) ;
#2770 = EDGE_LOOP ( 'NONE', ( #2043, #291, #285, #3277, #37 ) ) ;
#2771 = VECTOR ( 'NONE', #2484, 1000.000000000000000 ) ;
#2772 = DIRECTION ( 'NONE',  ( 1.000000000000000000, 0.0000000000000000000, 0.0000000000000000000 ) ) ;
#2773 = CARTESIAN_POINT ( 'NONE',  ( -0.9551761042921931300, -1.563339482891411100, 32.01731818534116100 ) ) ;
#2774 = VECTOR ( 'NONE', #1384, 1000.000000000000000 ) ;
#2775 = ADVANCED_FACE ( 'NONE', ( #2315 ), #1752, .F. ) ;
#2776 =( LENGTH_UNIT ( ) NAMED_UNIT ( * ) SI_UNIT ( .MILLI., .METRE. ) );
#2777 = DIRECTION ( 'NONE',  ( -1.000000000000000000, 0.0000000000000000000, 0.0000000000000000000 ) ) ;
#2778 = PLANE ( 'NONE',  #2925 ) ;
#2779 = ORIENTED_EDGE ( 'NONE', *, *, #1758, .F. ) ;
#2780 = CARTESIAN_POINT ( 'NONE',  ( 0.01838929790660624000, -0.5626726286969550000, -3.644308643820723100 ) ) ;
#2781 = AXIS2_PLACEMENT_3D ( 'NONE', #916, #3118, #2146 ) ;
#2782 = VERTEX_POINT ( 'NONE', #895 ) ;
#2783 = DIRECTION ( 'NONE',  ( -0.0000000000000000000, -0.0000000000000000000, -1.000000000000000000 ) ) ;
#2784 = EDGE_CURVE ( 'NONE', #3004, #1857, #49, .T. ) ;
#2785 = ORIENTED_EDGE ( 'NONE', *, *, #2486, .F. ) ;
#2786 = CARTESIAN_POINT ( 'NONE',  ( -3.664884905714278900, 4.701661556672927800, 29.00000000000000000 ) ) ;
#2787 = VERTEX_POINT ( 'NONE', #2066 ) ;
#2788 = AXIS2_PLACEMENT_3D ( 'NONE', #2948, #1230, #3245 ) ;
#2789 = ORIENTED_EDGE ( 'NONE', *, *, #3517, .T. ) ;
#2790 = DIRECTION ( 'NONE',  ( -0.0000000000000000000, 0.0000000000000000000, -1.000000000000000000 ) ) ;
#2791 = APPROVAL_ROLE ( '' ) ;
#2792 = B_SPLINE_CURVE_WITH_KNOTS ( 'NONE', 3,
 ( #813, #2529, #1382, #3385, #1675, #3664, #1972, #265, #2258, #543, #2539, #826, #2821, #1104, #3128, #1395, #3396, #1688 ),
 .UNSPECIFIED., .F., .F.,
 ( 4, 2, 2, 2, 2, 2, 2, 2, 4 ),
 ( 0.0000000000000000000, 0.0004202810472254025100, 0.0008405620944508050300, 0.001260843141676207400, 0.001681124188901609200, 0.002101405236127010900, 0.002521686283352413100, 0.002941967330577815300, 0.003362248377803217100 ),
 .UNSPECIFIED. ) ;
#2793 = DIRECTION ( 'NONE',  ( -1.000000000000000000, 0.0000000000000000000, 0.0000000000000000000 ) ) ;
#2794 = CARTESIAN_POINT ( 'NONE',  ( 0.2254062928636350900, -3.233337403762737600, 32.01731818534116100 ) ) ;
#2795 = EDGE_LOOP ( 'NONE', ( #1887, #2644, #976, #3169 ) ) ;
#2796 = CARTESIAN_POINT ( 'NONE',  ( 0.0000000000000000000, 0.0000000000000000000, 0.5000000000000000000 ) ) ;
#2797 = EDGE_CURVE ( 'NONE', #1804, #251, #567, .T. ) ;
#2798 = ADVANCED_FACE ( 'NONE', ( #701 ), #1764, .F. ) ;
#2799 = DIRECTION ( 'NONE',  ( -0.0000000000000000000, -0.0000000000000000000, -1.000000000000000000 ) ) ;
#2800 = VERTEX_POINT ( 'NONE', #1778 ) ;
#2801 = EDGE_LOOP ( 'NONE', ( #3281, #1126, #2470, #1610 ) ) ;
#2802 = ORIENTED_EDGE ( 'NONE', *, *, #1783, .F. ) ;
#2803 = CARTESIAN_POINT ( 'NONE',  ( 0.03511509428580594100, -1.410439069887342100, -3.107543805501673100 ) ) ;
#2804 = DIRECTION ( 'NONE',  ( 0.0000000000000000000, 0.0000000000000000000, 1.000000000000000000 ) ) ;
#2805 = DIRECTION ( 'NONE',  ( -0.0000000000000000000, -0.0000000000000000000, 1.000000000000000000 ) ) ;
#2806 = AXIS2_PLACEMENT_3D ( 'NONE', #578, #2290, #296 ) ;
#2807 = CYLINDRICAL_SURFACE ( 'NONE', #3487, 0.3899999999999998500 ) ;
#2808 = ORIENTED_EDGE ( 'NONE', *, *, #1719, .T. ) ;
#2809 = VECTOR ( 'NONE', #2993, 1000.000000000000000 ) ;
#2810 = CARTESIAN_POINT ( 'NONE',  ( 5.385115094285720400, -1.798338443327072800, 29.00000000000000000 ) ) ;
#2811 = LINE ( 'NONE', #335, #532 ) ;
#2812 = LINE ( 'NONE', #1404, #1373 ) ;
#2813 = FACE_OUTER_BOUND ( 'NONE', #1906, .T. ) ;
#2814 = EDGE_CURVE ( 'NONE', #979, #827, #3642, .T. ) ;
#2815 = CARTESIAN_POINT ( 'NONE',  ( -0.3648849057142798400, -2.398338443327071800, -3.000000000000000000 ) ) ;
#2816 = LINE ( 'NONE', #3229, #2067 ) ;
#2817 = CARTESIAN_POINT ( 'NONE',  ( -4.364884905714278700, -2.398338443327074500, 28.50000000000000000 ) ) ;
#2818 = EDGE_CURVE ( 'NONE', #258, #2415, #871, .T. ) ;
#2819 = ADVANCED_FACE ( 'NONE', ( #2893 ), #2807, .T. ) ;
#2820 = VECTOR ( 'NONE', #105, 1000.000000000000000 ) ;
#2821 = CARTESIAN_POINT ( 'NONE',  ( 0.03511509428571991900, -3.077827449706926900, -3.837883216265565600 ) ) ;
#2822 = EDGE_LOOP ( 'NONE', ( #2724, #2802, #1945, #2048 ) ) ;
#2823 = CARTESIAN_POINT ( 'NONE',  ( 0.03511509428572121700, -1.718849436947220700, 32.83788321626556000 ) ) ;
#2824 = AXIS2_PLACEMENT_3D ( 'NONE', #1604, #1618, #3322 ) ;
#2825 = ORIENTED_EDGE ( 'NONE', *, *, #3492, .T. ) ;
#2826 = DIRECTION ( 'NONE',  ( -0.0000000000000000000, -0.0000000000000000000, -1.000000000000000000 ) ) ;
#2827 = ORIENTED_EDGE ( 'NONE', *, *, #195, .T. ) ;
#2828 = ORIENTED_EDGE ( 'NONE', *, *, #3460, .F. ) ;
#2829 = ADVANCED_FACE ( 'NONE', ( #2139 ), #1268, .F. ) ;
#2830 = CARTESIAN_POINT ( 'NONE',  ( -0.7648849057142789200, -0.9986688246677152300, 32.25091352277161900 ) ) ;
#2831 = EDGE_LOOP ( 'NONE', ( #2212, #3330, #1311, #423, #2092, #1003, #3032, #724 ) ) ;
#2832 = CARTESIAN_POINT ( 'NONE',  ( -1.164884905714288900, -2.998338443327061200, 32.00000000000000000 ) ) ;
#2833 = ORIENTED_EDGE ( 'NONE', *, *, #3027, .T. ) ;
#2834 = EDGE_CURVE ( 'NONE', #1392, #3113, #2050, .T. ) ;
#2835 = CARTESIAN_POINT ( 'NONE',  ( 0.03511509428572121700, -2.674545165296299000, 32.90808034993864300 ) ) ;
#2836 = CARTESIAN_POINT ( 'NONE',  ( -0.3648849057142798400, -2.398338443327071800, -3.000000000000000000 ) ) ;
#2837 = CARTESIAN_POINT ( 'NONE',  ( -6.114884905714277800, -1.798338443327072800, 29.00000000000000000 ) ) ;
#2838 = EDGE_LOOP ( 'NONE', ( #1203, #2828, #2728, #2078 ) ) ;
#2839 = VERTEX_POINT ( 'NONE', #1215 ) ;
#2840 = PERSON_AND_ORGANIZATION ( #840, #995 ) ;
#2841 = ORIENTED_EDGE ( 'NONE', *, *, #2889, .F. ) ;
#2842 = FACE_OUTER_BOUND ( 'NONE', #2286, .T. ) ;
#2843 = DIRECTION ( 'NONE',  ( 0.0000000000000000000, 0.0000000000000000000, 1.000000000000000000 ) ) ;
#2844 = VECTOR ( 'NONE', #2908, 1000.000000000000000 ) ;
#2845 = CARTESIAN_POINT ( 'NONE',  ( -0.7648849057142789200, -1.846651524717296300, 32.28058831567462100 ) ) ;
#2846 = AXIS2_PLACEMENT_3D ( 'NONE', #1478, #369, #3220 ) ;
#2847 = CARTESIAN_POINT ( 'NONE',  ( -0.7648849057144739800, -3.653991374434852900, 32.14138936583048400 ) ) ;
#2848 = VECTOR ( 'NONE', #575, 1000.000000000000000 ) ;
#2849 = CARTESIAN_POINT ( 'NONE',  ( -6.114884905714277800, -3.198338443327073400, 29.00000000000000000 ) ) ;
#2850 = CARTESIAN_POINT ( 'NONE',  ( 7.235115094285720100, -4.498338443327072300, -9.500000000000000000 ) ) ;
#2851 = DIRECTION ( 'NONE',  ( -0.0000000000000000000, 1.000000000000000000, -0.0000000000000000000 ) ) ;
#2852 = ADVANCED_FACE ( 'NONE', ( #1366 ), #1506, .T. ) ;
#2853 = LINE ( 'NONE', #3093, #3600 ) ;
#2854 = LINE ( 'NONE', #788, #1145 ) ;
#2855 = CARTESIAN_POINT ( 'NONE',  ( -0.7648849057142804700, -2.228166874220418100, -3.915511180769893700 ) ) ;
#2856 = CARTESIAN_POINT ( 'NONE',  ( 0.03511509428572110600, -2.398338443327067400, -8.099999999999999600 ) ) ;
#2857 = EDGE_CURVE ( 'NONE', #2211, #3282, #2701, .T. ) ;
#2858 = CARTESIAN_POINT ( 'NONE',  ( -1.363630619542121700, -2.516914928061603400, 32.00000000032572700 ) ) ;
#2859 = CIRCLE ( 'NONE', #988, 1.500000000000001300 ) ;
#2860 = DIRECTION ( 'NONE',  ( -1.000000000000000000, 0.0000000000000000000, 0.0000000000000000000 ) ) ;
#2861 = DIRECTION ( 'NONE',  ( -0.0000000000000000000, 1.000000000000000000, -0.0000000000000000000 ) ) ;
#2862 = DIRECTION ( 'NONE',  ( -0.0000000000000000000, -0.0000000000000000000, -1.000000000000000000 ) ) ;
#2863 = EDGE_CURVE ( 'NONE', #3075, #3672, #3547, .T. ) ;
#2864 = ORIENTED_EDGE ( 'NONE', *, *, #664, .T. ) ;
#2865 = ORIENTED_EDGE ( 'NONE', *, *, #1532, .T. ) ;
#2866 = CARTESIAN_POINT ( 'NONE',  ( 4.635115094285721300, 0.9016615566729275800, 0.0000000000000000000 ) ) ;
#2867 = ORIENTED_EDGE ( 'NONE', *, *, #1354, .F. ) ;
#2868 = AXIS2_PLACEMENT_3D ( 'NONE', #779, #2488, #488 ) ;
#2869 = CARTESIAN_POINT ( 'NONE',  ( -0.7648849057142885800, -1.826130516243249300, -3.280226151751015600 ) ) ;
#2870 = CARTESIAN_POINT ( 'NONE',  ( -0.3648849057142798900, -2.398338443327074500, 29.00000000000000000 ) ) ;
#2871 = ORIENTED_EDGE ( 'NONE', *, *, #2153, .T. ) ;
#2872 = ADVANCED_FACE ( 'NONE', ( #433 ), #2379, .F. ) ;
#2873 = CARTESIAN_POINT ( 'NONE',  ( -0.7648849057142789200, -3.552657707721519100, 32.59693347950966600 ) ) ;
#2874 = ADVANCED_FACE ( 'NONE', ( #1960 ), #2736, .F. ) ;
#2875 = DIRECTION ( 'NONE',  ( 0.0000000000000000000, 0.0000000000000000000, 1.000000000000000000 ) ) ;
#2876 = ORIENTED_EDGE ( 'NONE', *, *, #48, .T. ) ;
#2877 = DIRECTION ( 'NONE',  ( -1.000000000000000000, 0.0000000000000000000, 0.0000000000000000000 ) ) ;
#2878 = DIRECTION ( 'NONE',  ( -0.0000000000000000000, -0.0000000000000000000, -1.000000000000000000 ) ) ;
#2879 = CARTESIAN_POINT ( 'NONE',  ( -0.7648849057142804700, -3.665254071616229400, -3.476581888555929200 ) ) ;
#2880 = VERTEX_POINT ( 'NONE', #1295 ) ;
#2881 = EDGE_LOOP ( 'NONE', ( #3493, #2608, #2312, #274, #1484, #2920 ) ) ;
#2882 = ORIENTED_EDGE ( 'NONE', *, *, #1833, .F. ) ;
#2883 = CARTESIAN_POINT ( 'NONE',  ( -7.964884905714280100, -4.498338443327075000, 33.50000000000000700 ) ) ;
#2884 = EDGE_CURVE ( 'NONE', #1955, #2787, #3378, .T. ) ;
#2885 = DIRECTION ( 'NONE',  ( -0.0000000000000000000, -0.0000000000000000000, -1.000000000000000000 ) ) ;
#2886 = ORIENTED_EDGE ( 'NONE', *, *, #3364, .F. ) ;
#2887 = DIRECTION ( 'NONE',  ( -0.0000000000000000000, -0.0000000000000000000, -1.000000000000000000 ) ) ;
#2888 = DIRECTION ( 'NONE',  ( 1.000000000000000000, -0.0000000000000000000, -0.0000000000000000000 ) ) ;
#2889 = EDGE_CURVE ( 'NONE', #3034, #2080, #1140, .T. ) ;
#2890 = ORIENTED_EDGE ( 'NONE', *, *, #379, .F. ) ;
#2891 = CARTESIAN_POINT ( 'NONE',  ( -0.1746188074334308600, -4.467630617190002900, 38.85256510603453300 ) ) ;
#2892 = DIRECTION ( 'NONE',  ( 1.000000000000000000, 0.0000000000000000000, -0.0000000000000000000 ) ) ;
#2893 = FACE_OUTER_BOUND ( 'NONE', #418, .T. ) ;
#2894 = CARTESIAN_POINT ( 'NONE',  ( -0.7648849057142804700, -1.131873109539299800, -3.477162729307651900 ) ) ;
#2895 = LINE ( 'NONE', #3325, #613 ) ;
#2896 = LINE ( 'NONE', #685, #3646 ) ;
#2897 = VECTOR ( 'NONE', #1177, 1000.000000000000000 ) ;
#2898 = ORIENTED_EDGE ( 'NONE', *, *, #1999, .F. ) ;
#2899 = DIRECTION ( 'NONE',  ( 1.000000000000000000, 0.0000000000000000000, 0.0000000000000000000 ) ) ;
#2900 = VECTOR ( 'NONE', #2112, 1000.000000000000000 ) ;
#2901 = CARTESIAN_POINT ( 'NONE',  ( 2.935115094285720700, 2.601661556672927300, 29.00000000000000000 ) ) ;
#2902 = AXIS2_PLACEMENT_3D ( 'NONE', #1228, #1569, #2158 ) ;
#2903 = CARTESIAN_POINT ( 'NONE',  ( -14.11488490571428200, -9.598338443327074600, 29.00000000000000000 ) ) ;
#2904 = ORIENTED_EDGE ( 'NONE', *, *, #1941, .F. ) ;
#2905 = ORIENTED_EDGE ( 'NONE', *, *, #3383, .T. ) ;
#2906 = VECTOR ( 'NONE', #3628, 1000.000000000000000 ) ;
#2907 = DIRECTION ( 'NONE',  ( 1.000000000000000000, 0.0000000000000000000, -0.0000000000000000000 ) ) ;
#2908 = DIRECTION ( 'NONE',  ( -0.0000000000000000000, -0.0000000000000000000, -1.000000000000000000 ) ) ;
#2909 = CARTESIAN_POINT ( 'NONE',  ( -7.364884905714278700, -7.198338443327074300, 10.20000000000000100 ) ) ;
#2910 = APPROVAL ( #792, 'UNSPECIFIED' ) ;
#2911 = LINE ( 'NONE', #2106, #2154 ) ;
#2912 = CARTESIAN_POINT ( 'NONE',  ( 0.6351150942857211000, -2.398338443327074500, 32.00000000000000000 ) ) ;
#2913 = DIRECTION ( 'NONE',  ( -1.000000000000000000, 0.0000000000000000000, 0.0000000000000000000 ) ) ;
#2914 = EDGE_CURVE ( 'NONE', #1854, #2123, #1920, .T. ) ;
#2915 = CARTESIAN_POINT ( 'NONE',  ( 0.03511509428572158500, -0.6211801514203896300, 39.43502295788498200 ) ) ;
#2916 = LINE ( 'NONE', #2115, #2159 ) ;
#2917 = CARTESIAN_POINT ( 'NONE',  ( -0.4644644335023104800, -0.3060612272632363700, -4.324335485852786000 ) ) ;
#2918 = ORIENTED_EDGE ( 'NONE', *, *, #3230, .T. ) ;
#2919 = CARTESIAN_POINT ( 'NONE',  ( 13.38511509428572500, -7.198338443327075200, 29.00000000000000000 ) ) ;
#2920 = ORIENTED_EDGE ( 'NONE', *, *, #2597, .F. ) ;
#2921 = CARTESIAN_POINT ( 'NONE',  ( -0.03105895251044975300, -4.332675103818107900, -10.19196439642870500 ) ) ;
#2922 = EDGE_LOOP ( 'NONE', ( #3103, #2616 ) ) ;
#2923 = EDGE_LOOP ( 'NONE', ( #3303, #3476, #428, #942, #197, #2918 ) ) ;
#2924 = CARTESIAN_POINT ( 'NONE',  ( 6.635115094285720400, -1.798338443327073000, 29.00000000000000000 ) ) ;
#2925 = AXIS2_PLACEMENT_3D ( 'NONE', #2210, #215, #1925 ) ;
#2926 = ORIENTED_EDGE ( 'NONE', *, *, #337, .F. ) ;
#2927 = CARTESIAN_POINT ( 'NONE',  ( -1.058012623064432200, -3.114457485379554600, -3.003317857251673200 ) ) ;
#2928 = CARTESIAN_POINT ( 'NONE',  ( 4.635115094285724000, -5.898338443327073600, 29.00000000000000000 ) ) ;
#2929 = CARTESIAN_POINT ( 'NONE',  ( 0.03511509428572110600, -1.798338443327084800, 40.00000000000000000 ) ) ;
#2930 = ORIENTED_EDGE ( 'NONE', *, *, #1467, .F. ) ;
#2931 = AXIS2_PLACEMENT_3D ( 'NONE', #87, #2077, #365 ) ;
#2932 = DIRECTION ( 'NONE',  ( -1.000000000000000000, 0.0000000000000000000, 0.0000000000000000000 ) ) ;
#2933 = DIRECTION ( 'NONE',  ( -1.000000000000000000, -0.0000000000000000000, -0.0000000000000000000 ) ) ;
#2934 = ORIENTED_EDGE ( 'NONE', *, *, #889, .F. ) ;
#2935 = EDGE_LOOP ( 'NONE', ( #2569, #2934 ) ) ;
#2936 = VERTEX_POINT ( 'NONE', #1586 ) ;
#2937 = EDGE_CURVE ( 'NONE', #1952, #2601, #1051, .T. ) ;
#2938 = DIRECTION ( 'NONE',  ( 1.000000000000000000, 0.0000000000000000000, 0.0000000000000000000 ) ) ;
#2939 = DIRECTION ( 'NONE',  ( 0.0000000000000000000, 0.0000000000000000000, -1.000000000000000000 ) ) ;
#2940 = LOCAL_TIME ( 10, 11, 40.00000000000000000, #3679 ) ;
#2941 = VERTEX_POINT ( 'NONE', #2732 ) ;
#2942 = CARTESIAN_POINT ( 'NONE',  ( -0.7648849057142789200, -0.6883384433270770500, 40.00000000000000000 ) ) ;
#2943 = CARTESIAN_POINT ( 'NONE',  ( 0.07297621979808646700, -1.293710985861636000, -3.080318441775573600 ) ) ;
#2944 = LINE ( 'NONE', #3604, #1414 ) ;
#2945 = EDGE_CURVE ( 'NONE', #784, #1396, #1061, .T. ) ;
#2946 = LINE ( 'NONE', #3471, #2187 ) ;
#2947 = CARTESIAN_POINT ( 'NONE',  ( -0.2649607828389802800, -0.3061313502022237100, -4.323656067669531000 ) ) ;
#2948 = CARTESIAN_POINT ( 'NONE',  ( 5.385115094285720400, -4.498338443327073200, 29.00000000000000000 ) ) ;
#2949 = VECTOR ( 'NONE', #500, 1000.000000000000000 ) ;
#2950 = VECTOR ( 'NONE', #1316, 1000.000000000000000 ) ;
#2951 = DIRECTION ( 'NONE',  ( 1.000000000000000000, -0.0000000000000000000, -0.0000000000000000000 ) ) ;
#2952 = ORIENTED_EDGE ( 'NONE', *, *, #1223, .T. ) ;
#2953 = CARTESIAN_POINT ( 'NONE',  ( -0.7482387727893363700, -0.5627896431017991300, 32.64408606883056800 ) ) ;
#2954 = DIRECTION ( 'NONE',  ( -0.0000000000000000000, -0.0000000000000000000, -1.000000000000000000 ) ) ;
#2955 = LINE ( 'NONE', #2471, #1424 ) ;
#2956 = AXIS2_PLACEMENT_3D ( 'NONE', #2511, #1365, #2980 ) ;
#2957 = CARTESIAN_POINT ( 'NONE',  ( -0.3748849057142775700, -0.2983384433270716600, -11.00000000000000000 ) ) ;
#2958 = DIRECTION ( 'NONE',  ( 1.000000000000000000, 0.0000000000000000000, 0.0000000000000000000 ) ) ;
#2959 = LINE ( 'NONE', #1689, #1511 ) ;
#2960 = DIRECTION ( 'NONE',  ( 0.0000000000000000000, 0.0000000000000000000, -1.000000000000000000 ) ) ;
#2961 = DIRECTION ( 'NONE',  ( -0.0000000000000000000, -0.0000000000000000000, -1.000000000000000000 ) ) ;
#2962 = CARTESIAN_POINT ( 'NONE',  ( -3.664884905714278900, 4.701661556672927800, 29.00000000000000000 ) ) ;
#2963 = EDGE_CURVE ( 'NONE', #2208, #2324, #2581, .T. ) ;
#2964 = VERTEX_POINT ( 'NONE', #2766 ) ;
#2965 = ORIENTED_EDGE ( 'NONE', *, *, #635, .F. ) ;
#2966 = DIRECTION ( 'NONE',  ( -1.000000000000000000, 1.734723475976806800E-016, -0.0000000000000000000 ) ) ;
#2967 = CARTESIAN_POINT ( 'NONE',  ( -1.164884905714288000, -2.998338443327061200, -3.000000000000000000 ) ) ;
#2968 = EDGE_CURVE ( 'NONE', #463, #1464, #2499, .T. ) ;
#2969 = ORIENTED_EDGE ( 'NONE', *, *, #1123, .F. ) ;
#2970 = ORIENTED_EDGE ( 'NONE', *, *, #190, .F. ) ;
#2971 = CARTESIAN_POINT ( 'NONE',  ( 6.635115094285721300, -9.598338443327074600, 18.80000000000000100 ) ) ;
#2972 = CARTESIAN_POINT ( 'NONE',  ( 0.3422378136629100600, -3.105468641552049800, 31.99999999963118600 ) ) ;
#2973 = ORIENTED_EDGE ( 'NONE', *, *, #2623, .F. ) ;
#2974 = CARTESIAN_POINT ( 'NONE',  ( -0.3648849057142798400, -2.398338443327071800, -3.000000000000000000 ) ) ;
#2975 = EDGE_LOOP ( 'NONE', ( #2970, #2131, #2738, #2267, #343 ) ) ;
#2976 = DIRECTION ( 'NONE',  ( -0.0000000000000000000, -0.0000000000000000000, -1.000000000000000000 ) ) ;
#2977 = AXIS2_PLACEMENT_3D ( 'NONE', #3069, #3214, #2136 ) ;
#2978 = VERTEX_POINT ( 'NONE', #2207 ) ;
#2979 = CARTESIAN_POINT ( 'NONE',  ( -1.363242807108094000, -2.276821986980452500, -2.999999998991338800 ) ) ;
#2980 = DIRECTION ( 'NONE',  ( -1.000000000000000000, 0.0000000000000000000, 0.0000000000000000000 ) ) ;
#2981 = ORIENTED_EDGE ( 'NONE', *, *, #2270, .T. ) ;
#2982 = EDGE_CURVE ( 'NONE', #2385, #3067, #400, .T. ) ;
#2983 = CARTESIAN_POINT ( 'NONE',  ( 13.38511509428572500, -7.198338443327075200, 18.80000000000000100 ) ) ;
#2984 = ORIENTED_EDGE ( 'NONE', *, *, #3565, .F. ) ;
#2985 = DIRECTION ( 'NONE',  ( -1.219727444046192500E-016, -1.000000000000000000, 0.0000000000000000000 ) ) ;
#2986 = AXIS2_PLACEMENT_3D ( 'NONE', #3272, #1542, #3540 ) ;
#2987 = CARTESIAN_POINT ( 'NONE',  ( -7.364884905714278700, -1.798338443327073000, 29.00000000000000000 ) ) ;
#2988 = CARTESIAN_POINT ( 'NONE',  ( 0.03511509428572121700, -2.977684158659349200, 32.86242531984270700 ) ) ;
#2989 = DIRECTION ( 'NONE',  ( 0.0000000000000000000, 0.0000000000000000000, -1.000000000000000000 ) ) ;
#2990 = VERTEX_POINT ( 'NONE', #1923 ) ;
#2991 = VECTOR ( 'NONE', #1462, 1000.000000000000000 ) ;
#2992 = VECTOR ( 'NONE', #996, 1000.000000000000000 ) ;
#2993 = DIRECTION ( 'NONE',  ( 1.000000000000000000, -0.0000000000000000000, -0.0000000000000000000 ) ) ;
#2994 = EDGE_CURVE ( 'NONE', #832, #1152, #310, .T. ) ;
#2995 = CARTESIAN_POINT ( 'NONE',  ( -6.114884905714277800, -1.798338443327072800, 0.0000000000000000000 ) ) ;
#2996 = CARTESIAN_POINT ( 'NONE',  ( -7.364884905714278700, -4.498338443327073200, 29.00000000000000000 ) ) ;
#2997 = CIRCLE ( 'NONE', #515, 1.500000000000001300 ) ;
#2998 = FACE_OUTER_BOUND ( 'NONE', #3352, .T. ) ;
#2999 = ORIENTED_EDGE ( 'NONE', *, *, #3274, .T. ) ;
#3000 = VECTOR ( 'NONE', #837, 1000.000000000000000 ) ;
#3001 = CARTESIAN_POINT ( 'NONE',  ( 4.635115094285724000, -5.898338443327073600, 0.0000000000000000000 ) ) ;
#3002 = CARTESIAN_POINT ( 'NONE',  ( 0.03511509428572116100, -2.149725425551089100, 32.26861020637006300 ) ) ;
#3003 = ORIENTED_EDGE ( 'NONE', *, *, #3411, .F. ) ;
#3004 = VERTEX_POINT ( 'NONE', #1637 ) ;
#3005 = LINE ( 'NONE', #230, #2906 ) ;
#3006 = AXIS2_PLACEMENT_3D ( 'NONE', #2587, #594, #2306 ) ;
#3007 = CARTESIAN_POINT ( 'NONE',  ( 4.635115094285720400, -6.698338443327072500, 0.0000000000000000000 ) ) ;
#3008 = LINE ( 'NONE', #2962, #3191 ) ;
#3009 = CARTESIAN_POINT ( 'NONE',  ( 0.3359527264251851400, -3.111659278139253800, -3.000000000000000000 ) ) ;
#3010 = B_SPLINE_CURVE_WITH_KNOTS ( 'NONE', 3,
 ( #1503, #1799, #3497, #3234, #1211, #2943, #924, #2645 ),
 .UNSPECIFIED., .F., .F.,
 ( 4, 2, 2, 4 ),
 ( 3.825478659188252100E-015, 0.0002347319906794301600, 0.0004694639813550348700, 0.0009389279627062442500 ),
 .UNSPECIFIED. ) ;
#3011 = CARTESIAN_POINT ( 'NONE',  ( -4.864884905714277800, -6.398338443327077100, 0.0000000000000000000 ) ) ;
#3012 = CARTESIAN_POINT ( 'NONE',  ( 0.03511509428571981500, -3.235151825795927700, -3.231542772560558800 ) ) ;
#3013 = CARTESIAN_POINT ( 'NONE',  ( 4.135115094285719600, -6.698338443327069000, 29.00000000000000000 ) ) ;
#3014 = AXIS2_PLACEMENT_3D ( 'NONE', #1895, #2756, #1032 ) ;
#3015 = CARTESIAN_POINT ( 'NONE',  ( -3.664884905714278900, 4.701661556672927800, 0.0000000000000000000 ) ) ;
#3016 = LINE ( 'NONE', #392, #721 ) ;
#3017 = DIRECTION ( 'NONE',  ( 1.000000000000000000, 0.0000000000000000000, 0.0000000000000000000 ) ) ;
#3018 = CARTESIAN_POINT ( 'NONE',  ( 0.4063811077829873600, -1.760694533675115400, 32.00000000365468400 ) ) ;
#3019 = CARTESIAN_POINT ( 'NONE',  ( -1.170738774639819200, -1.802199215066718100, -2.999999992067732700 ) ) ;
#3020 = EDGE_CURVE ( 'NONE', #210, #2800, #1643, .T. ) ;
#3021 = VERTEX_POINT ( 'NONE', #3629 ) ;
#3022 = ORIENTED_EDGE ( 'NONE', *, *, #103, .T. ) ;
#3023 = DIRECTION ( 'NONE',  ( -0.0000000000000000000, -0.0000000000000000000, -1.000000000000000000 ) ) ;
#3024 = CARTESIAN_POINT ( 'NONE',  ( -0.7484937993453872900, -4.233264723162666800, -10.35686995387349500 ) ) ;
#3025 = ORIENTED_EDGE ( 'NONE', *, *, #2056, .F. ) ;
#3026 = DIRECTION ( 'NONE',  ( 2.065146995210484400E-016, 1.000000000000000000, -0.0000000000000000000 ) ) ;
#3027 = EDGE_CURVE ( 'NONE', #1249, #1044, #2450, .T. ) ;
#3028 = DIRECTION ( 'NONE',  ( -1.000000000000000000, 0.0000000000000000000, 0.0000000000000000000 ) ) ;
#3029 = ORIENTED_EDGE ( 'NONE', *, *, #2797, .F. ) ;
#3030 = DIRECTION ( 'NONE',  ( 1.000000000000000000, 0.0000000000000000000, -0.0000000000000000000 ) ) ;
#3031 = DIRECTION ( 'NONE',  ( -1.000000000000000000, -0.0000000000000000000, -0.0000000000000000000 ) ) ;
#3032 = ORIENTED_EDGE ( 'NONE', *, *, #472, .T. ) ;
#3033 = CARTESIAN_POINT ( 'NONE',  ( -0.7648849057142801400, -3.131036505494482600, -3.262067900116833100 ) ) ;
#3034 = VERTEX_POINT ( 'NONE', #3641 ) ;
#3035 = DIRECTION ( 'NONE',  ( -1.000000000000000000, 0.0000000000000000000, 0.0000000000000000000 ) ) ;
#3036 = EDGE_LOOP ( 'NONE', ( #1174, #1714 ) ) ;
#3037 = AXIS2_PLACEMENT_3D ( 'NONE', #3369, #3569, #1876 ) ;
#3038 = DIRECTION ( 'NONE',  ( -0.0000000000000000000, 0.0000000000000000000, 1.000000000000000000 ) ) ;
#3039 = CALENDAR_DATE ( 2015, 11, 9 ) ;
#3040 = ORIENTED_EDGE ( 'NONE', *, *, #2270, .F. ) ;
#3041 = CARTESIAN_POINT ( 'NONE',  ( -0.7648849057142800300, -2.398338443327067400, -7.099999999999999600 ) ) ;
#3042 = CARTESIAN_POINT ( 'NONE',  ( -0.03105884953022986000, -4.332674945328213000, 32.80803530877138700 ) ) ;
#3043 = FACE_BOUND ( 'NONE', #3652, .T. ) ;
#3044 = CARTESIAN_POINT ( 'NONE',  ( -0.7648849057142803600, -3.401199009529490600, -3.045563563883420900 ) ) ;
#3045 = LINE ( 'NONE', #3183, #2274 ) ;
#3046 = CARTESIAN_POINT ( 'NONE',  ( -0.3648849057142798900, -2.398338443327074500, 29.00000000000000000 ) ) ;
#3047 = CIRCLE ( 'NONE', #1342, 1.500000000000001300 ) ;
#3048 = DIRECTION ( 'NONE',  ( -1.000000000000000000, 0.0000000000000000000, -0.0000000000000000000 ) ) ;
#3049 = EDGE_CURVE ( 'NONE', #345, #609, #2411, .T. ) ;
#3050 = CARTESIAN_POINT ( 'NONE',  ( -0.7648849057142793600, -4.175496675586877900, 39.43502302350830000 ) ) ;
#3051 = CARTESIAN_POINT ( 'NONE',  ( 0.6351150942857204400, -2.398338443327071800, 0.0000000000000000000 ) ) ;
#3052 = VECTOR ( 'NONE', #2192, 1000.000000000000000 ) ;
#3053 = CARTESIAN_POINT ( 'NONE',  ( 5.385115094285720400, -0.4983384433270728300, 0.0000000000000000000 ) ) ;
#3054 = DIRECTION ( 'NONE',  ( -0.0000000000000000000, -0.0000000000000000000, -1.000000000000000000 ) ) ;
#3055 = CIRCLE ( 'NONE', #1236, 4.400000000000000400 ) ;
#3056 = CARTESIAN_POINT ( 'NONE',  ( -0.7648849057142789200, -2.122131721357850800, 32.90808034993864300 ) ) ;
#3057 = CARTESIAN_POINT ( 'NONE',  ( -5.364884905714277800, 0.9016615566729273600, 29.00000000000000000 ) ) ;
#3058 = CYLINDRICAL_SURFACE ( 'NONE', #3554, 4.400000000000000400 ) ;
#3059 = CARTESIAN_POINT ( 'NONE',  ( -7.364884905714278700, -3.198338443327073400, 0.0000000000000000000 ) ) ;
#3060 = CARTESIAN_POINT ( 'NONE',  ( 4.035115094285721700, -2.398338443327074500, 28.50000000000000000 ) ) ;
#3061 = AXIS2_PLACEMENT_3D ( 'NONE', #552, #2046, #61 ) ;
#3062 = ORIENTED_EDGE ( 'NONE', *, *, #306, .F. ) ;
#3063 = ORIENTED_EDGE ( 'NONE', *, *, #1810, .F. ) ;
#3064 = CARTESIAN_POINT ( 'NONE',  ( -0.3548849057142802200, -4.108338443327072700, -11.00000000000000000 ) ) ;
#3065 = ORIENTED_EDGE ( 'NONE', *, *, #1810, .T. ) ;
#3066 = CARTESIAN_POINT ( 'NONE',  ( 6.635115094285720400, -4.498338443327073200, 29.00000000000000000 ) ) ;
#3067 = VERTEX_POINT ( 'NONE', #2238 ) ;
#3068 = EDGE_CURVE ( 'NONE', #1075, #981, #3260, .T. ) ;
#3069 = CARTESIAN_POINT ( 'NONE',  ( 9.535115094285719900, -7.198338443327072500, 23.65000000000000200 ) ) ;
#3070 = ADVANCED_FACE ( 'NONE', ( #801 ), #2518, .F. ) ;
#3071 = ORIENTED_EDGE ( 'NONE', *, *, #31, .T. ) ;
#3072 = CARTESIAN_POINT ( 'NONE',  ( 13.38511509428572500, -9.598338443327074600, 18.80000000000000100 ) ) ;
#3073 = ORIENTED_EDGE ( 'NONE', *, *, #195, .F. ) ;
#3074 = EDGE_CURVE ( 'NONE', #3004, #1200, #1546, .T. ) ;
#3075 = VERTEX_POINT ( 'NONE', #1959 ) ;
#3076 = ORIENTED_EDGE ( 'NONE', *, *, #1738, .F. ) ;
#3077 = CARTESIAN_POINT ( 'NONE',  ( -0.3648849057142798400, -2.398338443327071800, -3.000000000000000000 ) ) ;
#3078 =( NAMED_UNIT ( * ) SI_UNIT ( $, .STERADIAN. ) SOLID_ANGLE_UNIT ( ) );
#3079 = CARTESIAN_POINT ( 'NONE',  ( 0.03511509428572202900, -4.108338443327115300, -3.491089696751936700 ) ) ;
#3080 = AXIS2_PLACEMENT_3D ( 'NONE', #226, #240, #3091 ) ;
#3081 = ORIENTED_EDGE ( 'NONE', *, *, #1062, .F. ) ;
#3082 = CARTESIAN_POINT ( 'NONE',  ( 4.135115094285719600, -6.698338443327069000, 0.0000000000000000000 ) ) ;
#3083 = AXIS2_PLACEMENT_3D ( 'NONE', #357, #634, #2629 ) ;
#3084 = DIRECTION ( 'NONE',  ( -0.0000000000000000000, -0.0000000000000000000, -1.000000000000000000 ) ) ;
#3085 = DIRECTION ( 'NONE',  ( -0.0000000000000000000, -0.0000000000000000000, -1.000000000000000000 ) ) ;
#3086 = LINE ( 'NONE', #583, #1539 ) ;
#3087 = CIRCLE ( 'NONE', #3539, 5.990826320300064000 ) ;
#3088 = ADVANCED_FACE ( 'NONE', ( #2998 ), #706, .F. ) ;
#3089 = PLANE ( 'NONE',  #1524 ) ;
#3090 = LINE ( 'NONE', #929, #1642 ) ;
#3091 = DIRECTION ( 'NONE',  ( 1.000000000000000000, 0.0000000000000000000, -0.0000000000000000000 ) ) ;
#3092 = VECTOR ( 'NONE', #244, 1000.000000000000000 ) ;
#3093 = CARTESIAN_POINT ( 'NONE',  ( 4.635115094285724000, -7.198338443327074300, 29.00000000000000000 ) ) ;
#3094 = DATE_TIME_ROLE ( 'creation_date' ) ;
#3095 = EDGE_CURVE ( 'NONE', #524, #2672, #2792, .T. ) ;
#3096 = ORIENTED_EDGE ( 'NONE', *, *, #79, .F. ) ;
#3097 = CARTESIAN_POINT ( 'NONE',  ( -0.1794237868212719400, -0.3370806951325984700, -4.149992879238866700 ) ) ;
#3098 = CARTESIAN_POINT ( 'NONE',  ( 0.07194285753001483700, -3.505752714794298600, 32.08124779245047600 ) ) ;
#3099 = CIRCLE ( 'NONE', #1412, 1.500000000000001300 ) ;
#3100 = DIRECTION ( 'NONE',  ( 0.0000000000000000000, 0.0000000000000000000, -1.000000000000000000 ) ) ;
#3101 = CARTESIAN_POINT ( 'NONE',  ( -0.3748849057142790200, -0.6883384433270741700, 40.00000000000000000 ) ) ;
#3102 = EDGE_CURVE ( 'NONE', #3586, #639, #55, .T. ) ;
#3103 = ORIENTED_EDGE ( 'NONE', *, *, #2434, .F. ) ;
#3104 = FACE_OUTER_BOUND ( 'NONE', #388, .T. ) ;
#3105 = CIRCLE ( 'NONE', #1699, 5.990826320300065800 ) ;
#3106 = DIRECTION ( 'NONE',  ( 1.000000000000000000, 0.0000000000000000000, -0.0000000000000000000 ) ) ;
#3107 = CARTESIAN_POINT ( 'NONE',  ( 6.635115094285720400, 0.9016615566729271300, 29.00000000000000000 ) ) ;
#3108 = DIRECTION ( 'NONE',  ( -1.000000000000000000, 0.0000000000000000000, 0.0000000000000000000 ) ) ;
#3109 = DIRECTION ( 'NONE',  ( -1.000000000000000000, 0.0000000000000000000, -0.0000000000000000000 ) ) ;
#3110 = VECTOR ( 'NONE', #406, 1000.000000000000000 ) ;
#3111 = AXIS2_PLACEMENT_3D ( 'NONE', #1066, #3192, #65 ) ;
#3112 = CARTESIAN_POINT ( 'NONE',  ( -0.3648849057142789500, -0.2983384433270742700, 40.00000000000000000 ) ) ;
#3113 = VERTEX_POINT ( 'NONE', #276 ) ;
#3114 = ORIENTED_EDGE ( 'NONE', *, *, #31, .F. ) ;
#3115 = CC_DESIGN_APPROVAL ( #2910, ( #2703 ) ) ;
#3116 = ORIENTED_EDGE ( 'NONE', *, *, #2533, .F. ) ;
#3117 = ADVANCED_FACE ( 'NONE', ( #3649 ), #32, .F. ) ;
#3118 = DIRECTION ( 'NONE',  ( 0.0000000000000000000, 0.0000000000000000000, 1.000000000000000000 ) ) ;
#3119 = CARTESIAN_POINT ( 'NONE',  ( 0.03511509428572110600, -4.108338443327072700, 40.00000000000000000 ) ) ;
#3120 = ORIENTED_EDGE ( 'NONE', *, *, #1907, .T. ) ;
#3121 = EDGE_CURVE ( 'NONE', #3148, #3202, #2144, .T. ) ;
#3122 = CARTESIAN_POINT ( 'NONE',  ( -0.3104782454084252200, -0.2983384433270716600, -4.412910718789750500 ) ) ;
#3123 = CARTESIAN_POINT ( 'NONE',  ( -0.3648849057142789500, -2.398338443327074500, 32.00000000000000000 ) ) ;
#3124 = EDGE_LOOP ( 'NONE', ( #3248, #1616, #412, #1362 ) ) ;
#3125 = CARTESIAN_POINT ( 'NONE',  ( 0.3432591376751862300, -1.692221954508758200, -2.999999999543846700 ) ) ;
#3126 = EDGE_LOOP ( 'NONE', ( #946, #2300, #1963, #1402, #3458, #1881 ) ) ;
#3127 = ORIENTED_EDGE ( 'NONE', *, *, #1884, .F. ) ;
#3128 = CARTESIAN_POINT ( 'NONE',  ( 0.03511509428571971100, -3.460804157417090900, -3.664741857609824700 ) ) ;
#3129 = CARTESIAN_POINT ( 'NONE',  ( -0.1746185133151777200, -0.3290464366997760700, -9.852565724147217100 ) ) ;
#3130 = DATE_AND_TIME ( #174, #909 ) ;
#3131 = VERTEX_POINT ( 'NONE', #1746 ) ;
#3132 = CIRCLE ( 'NONE', #2245, 1.500000000000001300 ) ;
#3133 = CARTESIAN_POINT ( 'NONE',  ( -0.6987108589181121300, -0.4640017828360366600, -10.19196439642871300 ) ) ;
#3134 = VECTOR ( 'NONE', #2036, 1000.000000000000000 ) ;
#3135 = ADVANCED_FACE ( 'NONE', ( #3553 ), #2054, .T. ) ;
#3136 = FACE_BOUND ( 'NONE', #3036, .T. ) ;
#3137 = VECTOR ( 'NONE', #348, 1000.000000000000000 ) ;
#3138 = EDGE_CURVE ( 'NONE', #1488, #384, #619, .T. ) ;
#3139 = CARTESIAN_POINT ( 'NONE',  ( -1.072007625091453000, -1.691208245102083100, 31.99999999963117900 ) ) ;
#3140 = CARTESIAN_POINT ( 'NONE',  ( -1.057268982594904000, -3.115116560107212600, 32.00334184461511500 ) ) ;
#3141 = CIRCLE ( 'NONE', #1819, 4.000000000000000000 ) ;
#3142 = DIRECTION ( 'NONE',  ( -1.000000000000000000, 0.0000000000000000000, 0.0000000000000000000 ) ) ;
#3143 = CARTESIAN_POINT ( 'NONE',  ( 0.07207983016070859700, -3.506176330760103700, -3.081540760722444100 ) ) ;
#3144 = EDGE_CURVE ( 'NONE', #728, #260, #2811, .T. ) ;
#3145 = FACE_OUTER_BOUND ( 'NONE', #1131, .T. ) ;
#3146 = ADVANCED_FACE ( 'NONE', ( #2709 ), #1184, .T. ) ;
#3147 = CARTESIAN_POINT ( 'NONE',  ( -0.7648849057142789200, -1.818992727994865700, 32.86242531984270700 ) ) ;
#3148 = VERTEX_POINT ( 'NONE', #2059 ) ;
#3149 = DIRECTION ( 'NONE',  ( 0.0000000000000000000, -0.0000000000000000000, 1.000000000000000000 ) ) ;
#3150 = DIRECTION ( 'NONE',  ( 0.0000000000000000000, -1.000000000000000000, 0.0000000000000000000 ) ) ;
#3151 = AXIS2_PLACEMENT_3D ( 'NONE', #1673, #1076, #2843 ) ;
#3152 = ORIENTED_EDGE ( 'NONE', *, *, #2322, .F. ) ;
#3153 = DIRECTION ( 'NONE',  ( -1.000000000000000000, -0.0000000000000000000, -0.0000000000000000000 ) ) ;
#3154 = ORIENTED_EDGE ( 'NONE', *, *, #271, .F. ) ;
#3155 = CARTESIAN_POINT ( 'NONE',  ( -6.114884905714277800, -4.498338443327073200, 29.00000000000000000 ) ) ;
#3156 = EDGE_CURVE ( 'NONE', #3161, #2120, #1965, .T. ) ;
#3157 = ORIENTED_EDGE ( 'NONE', *, *, #3668, .T. ) ;
#3158 = CARTESIAN_POINT ( 'NONE',  ( -0.7648849057142804700, -3.119347802356063700, -3.826617032682065200 ) ) ;
#3159 = CARTESIAN_POINT ( 'NONE',  ( -0.7648849057142803600, -3.790157235151789400, -3.226020800439330900 ) ) ;
#3160 = CARTESIAN_POINT ( 'NONE',  ( -0.7648849057142952400, -2.646951461103028300, 32.26861020637006300 ) ) ;
#3161 = VERTEX_POINT ( 'NONE', #3201 ) ;
#3162 = CARTESIAN_POINT ( 'NONE',  ( 4.635115094285720400, -6.398338443327072700, 0.0000000000000000000 ) ) ;
#3163 = ORIENTED_EDGE ( 'NONE', *, *, #950, .F. ) ;
#3164 = EDGE_CURVE ( 'NONE', #1615, #3618, #3671, .T. ) ;
#3165 = CARTESIAN_POINT ( 'NONE',  ( -6.114884905714277800, -3.198338443327073400, 0.0000000000000000000 ) ) ;
#3166 = CARTESIAN_POINT ( 'NONE',  ( -7.364884905714278700, -1.798338443327073000, 0.0000000000000000000 ) ) ;
#3167 = EDGE_LOOP ( 'NONE', ( #3243, #3235, #1070, #2981 ) ) ;
#3168 = ADVANCED_FACE ( 'NONE', ( #3382 ), #3211, .F. ) ;
#3169 = ORIENTED_EDGE ( 'NONE', *, *, #171, .T. ) ;
#3170 = ADVANCED_FACE ( 'NONE', ( #3469 ), #900, .F. ) ;
#3171 = ORIENTED_EDGE ( 'NONE', *, *, #1631, .T. ) ;
#3172 = CARTESIAN_POINT ( 'NONE',  ( -3.498859501929841600, -2.398338443327071800, 1.000000000000000000 ) ) ;
#3173 = LINE ( 'NONE', #2295, #133 ) ;
#3174 = CARTESIAN_POINT ( 'NONE',  ( 2.935115094285721100, 4.701661556672927800, 29.00000000000000000 ) ) ;
#3175 = CARTESIAN_POINT ( 'NONE',  ( 0.03511509428571991900, -1.826542382297648800, -3.864053364349927700 ) ) ;
#3176 = CIRCLE ( 'NONE', #238, 1.000000000000000000 ) ;
#3177 = CARTESIAN_POINT ( 'NONE',  ( -1.136150919211503600, -3.035982352979081700, 32.00000000365468400 ) ) ;
#3178 = DIRECTION ( 'NONE',  ( -0.0000000000000000000, -0.0000000000000000000, -1.000000000000000000 ) ) ;
#3179 = LINE ( 'NONE', #3227, #875 ) ;
#3180 = VECTOR ( 'NONE', #1654, 1000.000000000000000 ) ;
#3181 = CARTESIAN_POINT ( 'NONE',  ( -3.664884905714278900, 4.701661556672927800, 29.00000000000000000 ) ) ;
#3182 = EDGE_CURVE ( 'NONE', #827, #168, #437, .T. ) ;
#3183 = CARTESIAN_POINT ( 'NONE',  ( 6.635115094285720400, -0.4983384433270728300, 29.00000000000000000 ) ) ;
#3184 = CARTESIAN_POINT ( 'NONE',  ( -0.7648849057142804700, -3.339316427111492600, -3.734828978145466700 ) ) ;
#3185 = VECTOR ( 'NONE', #150, 1000.000000000000000 ) ;
#3186 = AXIS2_PLACEMENT_3D ( 'NONE', #2125, #409, #2407 ) ;
#3187 = CYLINDRICAL_SURFACE ( 'NONE', #414, 0.5000000000000004400 ) ;
#3188 = CARTESIAN_POINT ( 'NONE',  ( 6.635115094285720400, -0.4983384433270728300, 29.00000000000000000 ) ) ;
#3189 = EDGE_CURVE ( 'NONE', #463, #3523, #1869, .T. ) ;
#3190 = CARTESIAN_POINT ( 'NONE',  ( -7.364884905714278700, -9.598338443327074600, 10.20000000000000100 ) ) ;
#3191 = VECTOR ( 'NONE', #1233, 1000.000000000000000 ) ;
#3192 = DIRECTION ( 'NONE',  ( -1.000000000000000000, -0.0000000000000000000, -0.0000000000000000000 ) ) ;
#3193 = CARTESIAN_POINT ( 'NONE',  ( -7.364884905714278700, -1.798338443327073000, 29.00000000000000000 ) ) ;
#3194 = CARTESIAN_POINT ( 'NONE',  ( -0.7648849057142803600, -1.006519651502354700, -3.226020800439330500 ) ) ;
#3195 = CYLINDRICAL_SURFACE ( 'NONE', #879, 5.990826320300065800 ) ;
#3196 = PLANE ( 'NONE',  #2500 ) ;
#3197 = EDGE_LOOP ( 'NONE', ( #714, #469 ) ) ;
#3198 = AXIS2_PLACEMENT_3D ( 'NONE', #2600, #882, #605 ) ;
#3199 = CARTESIAN_POINT ( 'NONE',  ( -7.364884905714278700, -3.198338443327073400, 29.00000000000000000 ) ) ;
#3200 = EDGE_LOOP ( 'NONE', ( #2194, #2350, #1212, #371 ) ) ;
#3201 = CARTESIAN_POINT ( 'NONE',  ( 6.635115094285720400, 0.9016615566729271300, 0.0000000000000000000 ) ) ;
#3202 = VERTEX_POINT ( 'NONE', #2550 ) ;
#3203 = AXIS2_PLACEMENT_3D ( 'NONE', #1629, #3617, #1927 ) ;
#3204 = DIRECTION ( 'NONE',  ( 0.0000000000000000000, 0.0000000000000000000, -1.000000000000000000 ) ) ;
#3205 = VERTEX_POINT ( 'NONE', #1413 ) ;
#3206 = VERTEX_POINT ( 'NONE', #1701 ) ;
#3207 = CARTESIAN_POINT ( 'NONE',  ( -5.364884905714277800, -6.698338443327072500, 29.00000000000000000 ) ) ;
#3208 = EDGE_CURVE ( 'NONE', #522, #1075, #1775, .T. ) ;
#3209 = ORIENTED_EDGE ( 'NONE', *, *, #2031, .F. ) ;
#3210 = ORIENTED_EDGE ( 'NONE', *, *, #2551, .F. ) ;
#3211 = PLANE ( 'NONE',  #3429 ) ;
#3212 = CARTESIAN_POINT ( 'NONE',  ( -1.180445240810132200, -2.981354479690423000, -2.999999992253972600 ) ) ;
#3213 = EDGE_CURVE ( 'NONE', #1464, #2293, #356, .T. ) ;
#3214 = DIRECTION ( 'NONE',  ( -9.912705577010326800E-017, 1.000000000000000000, 0.0000000000000000000 ) ) ;
#3215 = DIRECTION ( 'NONE',  ( -0.0000000000000000000, -0.0000000000000000000, 1.000000000000000000 ) ) ;
#3216 = CARTESIAN_POINT ( 'NONE',  ( -0.1746188074334307500, -4.467630617190000200, -9.852565106034541400 ) ) ;
#3217 = PERSON_AND_ORGANIZATION ( #840, #995 ) ;
#3218 = VECTOR ( 'NONE', #2152, 1000.000000000000000 ) ;
#3219 = CIRCLE ( 'NONE', #302, 4.400000000000000400 ) ;
#3220 = DIRECTION ( 'NONE',  ( 1.000000000000000000, -9.912705577010326800E-017, 0.0000000000000000000 ) ) ;
#3221 = CYLINDRICAL_SURFACE ( 'NONE', #391, 1.650000000000000400 ) ;
#3222 = AXIS2_PLACEMENT_3D ( 'NONE', #2441, #438, #2157 ) ;
#3223 = CIRCLE ( 'NONE', #1873, 1.000000000000000000 ) ;
#3224 = CARTESIAN_POINT ( 'NONE',  ( -0.7648849057142813600, -4.108338443327118000, 32.49108969675193500 ) ) ;
#3225 = DIRECTION ( 'NONE',  ( -0.0000000000000000000, -0.0000000000000000000, -1.000000000000000000 ) ) ;
#3226 = LINE ( 'NONE', #3011, #366 ) ;
#3227 = CARTESIAN_POINT ( 'NONE',  ( -7.964884905714280100, -2.398338443327074500, 35.10000000000000100 ) ) ;
#3228 = FACE_OUTER_BOUND ( 'NONE', #1442, .T. ) ;
#3229 = CARTESIAN_POINT ( 'NONE',  ( -0.7648849057142803600, -0.6883384433270743900, -11.00000000000000000 ) ) ;
#3230 = EDGE_CURVE ( 'NONE', #251, #695, #2624, .T. ) ;
#3231 = B_SPLINE_CURVE_WITH_KNOTS ( 'NONE', 3,
 ( #1397, #1105, #3129, #828, #2540, #544, #2260, #267 ),
 .UNSPECIFIED., .F., .F.,
 ( 4, 2, 2, 4 ),
 ( -7.745982956775368500E-006, 0.0005828864111228667800, 0.0008782026081626878700, 0.001173518805202509000 ),
 .UNSPECIFIED. ) ;
#3232 = DIRECTION ( 'NONE',  ( -0.0000000000000000000, -0.0000000000000000000, -1.000000000000000000 ) ) ;
#3233 = ORIENTED_EDGE ( 'NONE', *, *, #2460, .T. ) ;
#3234 = CARTESIAN_POINT ( 'NONE',  ( 0.2260294781859450400, -1.564137805570892300, -3.017203360030106000 ) ) ;
#3235 = ORIENTED_EDGE ( 'NONE', *, *, #3049, .F. ) ;
#3236 = CARTESIAN_POINT ( 'NONE',  ( -5.364884905714277800, -6.698338443327072500, 29.00000000000000000 ) ) ;
#3237 = ORIENTED_EDGE ( 'NONE', *, *, #1078, .F. ) ;
#3238 = CARTESIAN_POINT ( 'NONE',  ( -7.964884905714280100, -1.798338443327074400, 33.50000000000000000 ) ) ;
#3239 = AXIS2_PLACEMENT_3D ( 'NONE', #124, #1835, #344 ) ;
#3240 = ORIENTED_EDGE ( 'NONE', *, *, #690, .T. ) ;
#3241 = CARTESIAN_POINT ( 'NONE',  ( -0.6986442056175907700, -0.4639826388021566800, 32.80814446432892600 ) ) ;
#3242 = CARTESIAN_POINT ( 'NONE',  ( -0.8024432230967855100, -3.503678945492314500, -3.080536443336268100 ) ) ;
#3243 = ORIENTED_EDGE ( 'NONE', *, *, #520, .T. ) ;
#3244 = AXIS2_PLACEMENT_3D ( 'NONE', #3466, #616, #1759 ) ;
#3245 = DIRECTION ( 'NONE',  ( 0.0000000000000000000, -0.0000000000000000000, -1.000000000000000000 ) ) ;
#3246 = DIRECTION ( 'NONE',  ( -0.0000000000000000000, -0.0000000000000000000, -1.000000000000000000 ) ) ;
#3247 = ORIENTED_EDGE ( 'NONE', *, *, #1856, .T. ) ;
#3248 = ORIENTED_EDGE ( 'NONE', *, *, #831, .T. ) ;
#3249 = DIRECTION ( 'NONE',  ( -1.000000000000000000, -0.0000000000000000000, 0.0000000000000000000 ) ) ;
#3250 = ORIENTED_EDGE ( 'NONE', *, *, #2022, .T. ) ;
#3251 = EDGE_CURVE ( 'NONE', #260, #1377, #1218, .T. ) ;
#3252 = PLANE ( 'NONE',  #3603 ) ;
#3253 = DIRECTION ( 'NONE',  ( 0.0000000000000000000, 1.000000000000000000, 0.0000000000000000000 ) ) ;
#3254 = VECTOR ( 'NONE', #570, 1000.000000000000000 ) ;
#3255 = EDGE_CURVE ( 'NONE', #2385, #3675, #1277, .T. ) ;
#3256 = VECTOR ( 'NONE', #1852, 1000.000000000000000 ) ;
#3257 = CARTESIAN_POINT ( 'NONE',  ( -0.3648849057142789500, -2.398338443327074500, 28.00000000000000000 ) ) ;
#3258 = CARTESIAN_POINT ( 'NONE',  ( 0.03511509428570906700, -3.345448685991098800, 32.15919931513787600 ) ) ;
#3259 = VECTOR ( 'NONE', #2069, 1000.000000000000000 ) ;
#3260 = LINE ( 'NONE', #1348, #3180 ) ;
#3261 = AXIS2_PLACEMENT_3D ( 'NONE', #1919, #3610, #1620 ) ;
#3262 = LINE ( 'NONE', #1661, #3185 ) ;
#3263 = CARTESIAN_POINT ( 'NONE',  ( 4.635115094285721300, 0.9016615566729275800, 29.00000000000000000 ) ) ;
#3264 = CARTESIAN_POINT ( 'NONE',  ( -0.7648849057142804700, -1.641404375712370400, -3.815177981796863600 ) ) ;
#3265 = CARTESIAN_POINT ( 'NONE',  ( -0.9557073010558874100, -3.232656470535044700, -3.017220134182328400 ) ) ;
#3266 = LINE ( 'NONE', #2035, #2504 ) ;
#3267 = DIRECTION ( 'NONE',  ( 0.0000000000000000000, 0.0000000000000000000, -1.000000000000000000 ) ) ;
#3268 = AXIS2_PLACEMENT_3D ( 'NONE', #1498, #3491, #1794 ) ;
#3269 = DIRECTION ( 'NONE',  ( -0.0000000000000000000, -0.0000000000000000000, -1.000000000000000000 ) ) ;
#3270 = CARTESIAN_POINT ( 'NONE',  ( -0.3548849057142820000, -0.2983384433270742700, 33.50000000000000700 ) ) ;
#3271 = LINE ( 'NONE', #1598, #967 ) ;
#3272 = CARTESIAN_POINT ( 'NONE',  ( -0.3648849057142798400, -2.398338443327071800, 0.0000000000000000000 ) ) ;
#3273 = CARTESIAN_POINT ( 'NONE',  ( 0.5623333276360875700, -2.785027860839414800, 31.99999999422254500 ) ) ;
#3274 = EDGE_CURVE ( 'NONE', #377, #1577, #3219, .T. ) ;
#3275 = CYLINDRICAL_SURFACE ( 'NONE', #508, 0.3899999999999998500 ) ;
#3276 = CARTESIAN_POINT ( 'NONE',  ( -7.364884905714278700, -4.498338443327073200, 29.00000000000000000 ) ) ;
#3277 = ORIENTED_EDGE ( 'NONE', *, *, #2769, .F. ) ;
#3278 = CARTESIAN_POINT ( 'NONE',  ( -0.7648849057142810300, -2.146900419662207700, -3.268763328754064300 ) ) ;
#3279 = EDGE_CURVE ( 'NONE', #3286, #283, #272, .T. ) ;
#3280 = VERTEX_POINT ( 'NONE', #3166 ) ;
#3281 = ORIENTED_EDGE ( 'NONE', *, *, #1984, .T. ) ;
#3282 = VERTEX_POINT ( 'NONE', #2309 ) ;
#3283 = CARTESIAN_POINT ( 'NONE',  ( -4.864884905714277800, -6.398338443327077100, 29.00000000000000000 ) ) ;
#3284 = CARTESIAN_POINT ( 'NONE',  ( 0.03511509428572121700, -1.790250395311125100, 32.85575584560346800 ) ) ;
#3285 = ORIENTED_EDGE ( 'NONE', *, *, #2440, .T. ) ;
#3286 = VERTEX_POINT ( 'NONE', #598 ) ;
#3287 = DIRECTION ( 'NONE',  ( -1.000000000000000000, 0.0000000000000000000, 0.0000000000000000000 ) ) ;
#3288 = CARTESIAN_POINT ( 'NONE',  ( -3.664884905714278900, 4.701661556672927800, 0.0000000000000000000 ) ) ;
#3289 = AXIS2_PLACEMENT_3D ( 'NONE', #1347, #1981, #629 ) ;
#3290 = DIRECTION ( 'NONE',  ( 1.000000000000000000, 0.0000000000000000000, 0.0000000000000000000 ) ) ;
#3291 = ORIENTED_EDGE ( 'NONE', *, *, #2551, .T. ) ;
#3292 = ORIENTED_EDGE ( 'NONE', *, *, #2134, .F. ) ;
#3293 = ORIENTED_EDGE ( 'NONE', *, *, #1614, .F. ) ;
#3294 = CC_DESIGN_PERSON_AND_ORGANIZATION_ASSIGNMENT ( #1589, #1065, ( #2703 ) ) ;
#3295 = CARTESIAN_POINT ( 'NONE',  ( 0.03511509428572930100, -1.441692607471016600, 32.14912239858409000 ) ) ;
#3296 = CARTESIAN_POINT ( 'NONE',  ( -0.7648849057142799200, -1.561696361180078500, -3.231625729303481400 ) ) ;
#3297 = CARTESIAN_POINT ( 'NONE',  ( -7.364884905714278700, -7.198338443327074300, 10.20000000000000100 ) ) ;
#3298 = EDGE_CURVE ( 'NONE', #1615, #592, #2359, .T. ) ;
#3299 = DIRECTION ( 'NONE',  ( -1.000000000000000000, 0.0000000000000000000, 0.0000000000000000000 ) ) ;
#3300 = CARTESIAN_POINT ( 'NONE',  ( -5.364884905714277800, -6.398338443327072700, 0.0000000000000000000 ) ) ;
#3301 = LINE ( 'NONE', #3297, #1684 ) ;
#3302 = VECTOR ( 'NONE', #3153, 1000.000000000000000 ) ;
#3303 = ORIENTED_EDGE ( 'NONE', *, *, #1977, .T. ) ;
#3304 = DIRECTION ( 'NONE',  ( -0.0000000000000000000, -0.0000000000000000000, -1.000000000000000000 ) ) ;
#3305 = CYLINDRICAL_SURFACE ( 'NONE', #3151, 1.499999999999999600 ) ;
#3306 = CARTESIAN_POINT ( 'NONE',  ( -0.3548849057142820000, -0.2983384433270742700, 38.49999999999999300 ) ) ;
#3307 = CARTESIAN_POINT ( 'NONE',  ( 13.38511509428572500, -7.198338443327075200, 29.00000000000000000 ) ) ;
#3308 = CARTESIAN_POINT ( 'NONE',  ( -1.144570105404127500, -3.025841886954364400, -3.000000003959426100 ) ) ;
#3309 = LINE ( 'NONE', #228, #1969 ) ;
#3310 = ORIENTED_EDGE ( 'NONE', *, *, #1276, .F. ) ;
#3311 = FACE_OUTER_BOUND ( 'NONE', #3558, .T. ) ;
#3312 = FACE_OUTER_BOUND ( 'NONE', #1253, .T. ) ;
#3313 = CARTESIAN_POINT ( 'NONE',  ( -0.3648849057142798900, -2.398338443327074500, 29.00000000000000000 ) ) ;
#3314 = CARTESIAN_POINT ( 'NONE',  ( 0.03511509428572144600, -4.175496675586874300, 32.56497697649171400 ) ) ;
#3315 = CARTESIAN_POINT ( 'NONE',  ( -0.7648849057142804700, -3.817980585839550600, -3.110856208501065800 ) ) ;
#3316 = EDGE_CURVE ( 'NONE', #1093, #2113, #1686, .T. ) ;
#3317 = ORIENTED_EDGE ( 'NONE', *, *, #2640, .F. ) ;
#3318 = VERTEX_POINT ( 'NONE', #1742 ) ;
#3319 = DIRECTION ( 'NONE',  ( -0.0000000000000000000, -0.0000000000000000000, 1.000000000000000000 ) ) ;
#3320 = CARTESIAN_POINT ( 'NONE',  ( 0.03511509428571991900, -2.569534069569196600, -3.915451780299768800 ) ) ;
#3321 = EDGE_CURVE ( 'NONE', #283, #2168, #3045, .T. ) ;
#3322 = DIRECTION ( 'NONE',  ( 0.0000000000000000000, 0.0000000000000000000, -1.000000000000000000 ) ) ;
#3323 = ORIENTED_EDGE ( 'NONE', *, *, #313, .F. ) ;
#3324 = CARTESIAN_POINT ( 'NONE',  ( -6.114884905714277800, -3.198338443327073400, 29.00000000000000000 ) ) ;
#3325 = CARTESIAN_POINT ( 'NONE',  ( -7.364884905714278700, -5.898338443327073600, 29.00000000000000000 ) ) ;
#3326 = CARTESIAN_POINT ( 'NONE',  ( -0.7648849057142787000, -2.536214897071285900, 32.91653670192140200 ) ) ;
#3327 = EDGE_LOOP ( 'NONE', ( #3404, #341, #1751, #63 ) ) ;
#3328 = VERTEX_POINT ( 'NONE', #327 ) ;
#3329 = ORIENTED_EDGE ( 'NONE', *, *, #2134, .T. ) ;
#3330 = ORIENTED_EDGE ( 'NONE', *, *, #2765, .T. ) ;
#3331 = ORIENTED_EDGE ( 'NONE', *, *, #1033, .T. ) ;
#3332 = PLANE ( 'NONE',  #1289 ) ;
#3333 = ADVANCED_FACE ( 'NONE', ( #1497 ), #607, .F. ) ;
#3334 = DIRECTION ( 'NONE',  ( 0.0000000000000000000, 0.0000000000000000000, -1.000000000000000000 ) ) ;
#3335 = ORIENTED_EDGE ( 'NONE', *, *, #60, .F. ) ;
#3336 = CARTESIAN_POINT ( 'NONE',  ( -0.3748849057142761800, -4.498338443327075000, 40.00000000000000000 ) ) ;
#3337 = EDGE_CURVE ( 'NONE', #3624, #2475, #1594, .T. ) ;
#3338 = B_SPLINE_CURVE_WITH_KNOTS ( 'NONE', 3,
 ( #596, #1058, #1789, #3659, #667, #18, #703, #3079 ),
 .UNSPECIFIED., .F., .F.,
 ( 4, 2, 2, 4 ),
 ( -7.745982956775500600E-006, 0.0005828864111228662400, 0.0008782026081626871100, 0.001173518805202508100 ),
 .UNSPECIFIED. ) ;
#3339 = CARTESIAN_POINT ( 'NONE',  ( -0.3648849057142789500, -2.398338443327074500, 32.00000000000000000 ) ) ;
#3340 = VECTOR ( 'NONE', #1657, 1000.000000000000000 ) ;
#3341 = CIRCLE ( 'NONE', #3186, 1.000000000000000200 ) ;
#3342 = LINE ( 'NONE', #1745, #2580 ) ;
#3343 = CARTESIAN_POINT ( 'NONE',  ( 7.235115094285720100, -2.998338443327072300, -4.500000000000000900 ) ) ;
#3344 = EDGE_CURVE ( 'NONE', #1166, #2699, #747, .T. ) ;
#3345 = VECTOR ( 'NONE', #1880, 1000.000000000000000 ) ;
#3346 = FACE_OUTER_BOUND ( 'NONE', #2347, .T. ) ;
#3347 = PLANE ( 'NONE',  #132 ) ;
#3348 = ORIENTED_EDGE ( 'NONE', *, *, #1861, .F. ) ;
#3349 = CIRCLE ( 'NONE', #2977, 1.650000000000000400 ) ;
#3350 = APPLICATION_PROTOCOL_DEFINITION ( 'international standard', 'config_control_design', 1994, #3627 ) ;
#3351 = CARTESIAN_POINT ( 'NONE',  ( 0.3876741471957230200, -3.061593039446376200, 32.00000000000012800 ) ) ;
#3352 = EDGE_LOOP ( 'NONE', ( #25, #2424, #3463, #2606 ) ) ;
#3353 = LINE ( 'NONE', #3066, #2594 ) ;
#3354 = ADVANCED_FACE ( 'NONE', ( #97 ), #659, .T. ) ;
#3355 = DIRECTION ( 'NONE',  ( 1.000000000000000000, 0.0000000000000000000, 0.0000000000000000000 ) ) ;
#3356 = EDGE_CURVE ( 'NONE', #2406, #3503, #2946, .T. ) ;
#3357 = AXIS2_PLACEMENT_3D ( 'NONE', #2378, #947, #116 ) ;
#3358 = FACE_OUTER_BOUND ( 'NONE', #473, .T. ) ;
#3359 = APPROVAL_ROLE ( '' ) ;
#3360 = CARTESIAN_POINT ( 'NONE',  ( 0.03511509428572110600, -3.790157235151792900, 32.22602080043933600 ) ) ;
#3361 = ORIENTED_EDGE ( 'NONE', *, *, #2387, .F. ) ;
#3362 = DIRECTION ( 'NONE',  ( 0.0000000000000000000, 0.0000000000000000000, -1.000000000000000000 ) ) ;
#3363 = ORIENTED_EDGE ( 'NONE', *, *, #2174, .F. ) ;
#3364 = EDGE_CURVE ( 'NONE', #1845, #2611, #3, .T. ) ;
#3365 = ORIENTED_EDGE ( 'NONE', *, *, #3521, .F. ) ;
#3366 = CARTESIAN_POINT ( 'NONE',  ( 0.03511509428571992600, -2.717883034911557200, -3.904677442494437000 ) ) ;
#3367 = ORIENTED_EDGE ( 'NONE', *, *, #868, .T. ) ;
#3368 = EDGE_LOOP ( 'NONE', ( #931, #1018 ) ) ;
#3369 = CARTESIAN_POINT ( 'NONE',  ( -10.26488490571428100, -9.698338443327074300, 5.350000000000000500 ) ) ;
#3370 = DIRECTION ( 'NONE',  ( -0.0000000000000000000, -0.0000000000000000000, -1.000000000000000000 ) ) ;
#3371 = AXIS2_PLACEMENT_3D ( 'NONE', #3162, #1138, #2860 ) ;
#3372 = ORIENTED_EDGE ( 'NONE', *, *, #1984, .F. ) ;
#3373 = ORIENTED_EDGE ( 'NONE', *, *, #3648, .F. ) ;
#3374 = DIRECTION ( 'NONE',  ( 0.0000000000000000000, -0.0000000000000000000, -1.000000000000000000 ) ) ;
#3375 = ORIENTED_EDGE ( 'NONE', *, *, #873, .T. ) ;
#3376 = ADVANCED_FACE ( 'NONE', ( #2101 ), #3505, .T. ) ;
#3377 = AXIS2_PLACEMENT_3D ( 'NONE', #2202, #2482, #772 ) ;
#3378 = LINE ( 'NONE', #2392, #2666 ) ;
#3379 =( BOUNDED_SURFACE ( )  B_SPLINE_SURFACE ( 3, 2, ( 
 ( #2014, #1328, #451 ),
 ( #1430, #2803, #3125 ),
 ( #2716, #562, #589 ),
 ( #3592, #1035, #2276 ),
 ( #1418, #2084, #662 ),
 ( #2426, #1005, #908 ),
 ( #3175, #241, #2485 ),
 ( #2557, #2515, #789 ),
 ( #1685, #1020, #2501 ),
 ( #3320, #540, #1874 ),
 ( #3366, #674, #1911 ),
 ( #1163, #3607, #1660 ),
 ( #992, #3391, #58 ),
 ( #2400, #933, #1734 ),
 ( #647, #3012, #1896 ),
 ( #1579, #2215, #92 ),
 ( #2723, #744, #2449 ),
 ( #733, #2110, #3009 ) ),
 .UNSPECIFIED., .F., .F., .F. ) 
 B_SPLINE_SURFACE_WITH_KNOTS ( ( 4, 2, 2, 2, 2, 2, 2, 2, 4 ),
 ( 3, 3 ),
 ( 0.0001128902000084384300, 0.0005612011688790464900, 0.001009512137749654500, 0.001457823106620262600, 0.001906134075490870600, 0.002354445044361478600, 0.002802756013232086900, 0.003251066982102694700, 0.003699377950973302900 ),
 ( 0.0000000000000000000, 1.000000000000000000 ),
 .UNSPECIFIED. ) 
 GEOMETRIC_REPRESENTATION_ITEM ( )  RATIONAL_B_SPLINE_SURFACE ( (
 ( 1.000000000000000000, 0.9213434290197525200, 1.000000000000000000),
 ( 1.000000000000000000, 0.9197682619723365200, 1.000000000000000000),
 ( 1.000000000000000000, 0.9148542059048305800, 1.000000000000000000),
 ( 1.000000000000000000, 0.9000043194162019600, 1.000000000000000000),
 ( 1.000000000000000000, 0.8900078671671506300, 1.000000000000000000),
 ( 1.000000000000000000, 0.8689158653235401500, 1.000000000000000000),
 ( 1.000000000000000000, 0.8576501300022547600, 1.000000000000000000),
 ( 1.000000000000000000, 0.8412084882453825200, 1.000000000000000000),
 ( 1.000000000000000000, 0.8362091118033195800, 1.000000000000000000),
 ( 1.000000000000000000, 0.8371796713906528600, 1.000000000000000000),
 ( 1.000000000000000000, 0.8430922080890315100, 1.000000000000000000),
 ( 1.000000000000000000, 0.8604882314233983600, 1.000000000000000000),
 ( 1.000000000000000000, 0.8718219864034564300, 1.000000000000000000),
 ( 1.000000000000000000, 0.8928819579153703900, 1.000000000000000000),
 ( 1.000000000000000000, 0.9025342085815036800, 1.000000000000000000),
 ( 1.000000000000000000, 0.9163629886658725100, 1.000000000000000000),
 ( 1.000000000000000000, 0.9207905040801480600, 1.000000000000000000),
 ( 1.000000000000000000, 0.9217272828392719700, 1.000000000000000000) ) ) 
 REPRESENTATION_ITEM ( '' )  SURFACE ( )  );
#3380 = VECTOR ( 'NONE', #424, 1000.000000000000000 ) ;
#3381 = CARTESIAN_POINT ( 'NONE',  ( 0.03511509428572110600, -2.398338443327074500, 35.10000000000000100 ) ) ;
#3382 = FACE_OUTER_BOUND ( 'NONE', #1770, .T. ) ;
#3383 = EDGE_CURVE ( 'NONE', #2560, #687, #1416, .T. ) ;
#3384 = CARTESIAN_POINT ( 'NONE',  ( 6.635115094285720400, -1.798338443327073000, 29.00000000000000000 ) ) ;
#3385 = CARTESIAN_POINT ( 'NONE',  ( 0.03511509428572012100, -1.335098920768864200, -3.664196127904271200 ) ) ;
#3386 = FACE_OUTER_BOUND ( 'NONE', #3200, .T. ) ;
#3387 = CARTESIAN_POINT ( 'NONE',  ( -0.3648849057142789500, -2.398338443327074500, 32.00000000000000000 ) ) ;
#3388 = DIRECTION ( 'NONE',  ( 1.000000000000000000, 0.0000000000000000000, 0.0000000000000000000 ) ) ;
#3389 = EDGE_CURVE ( 'NONE', #2554, #790, #1687, .T. ) ;
#3390 = LINE ( 'NONE', #3496, #1190 ) ;
#3391 = CARTESIAN_POINT ( 'NONE',  ( 0.03511509428569067900, -2.970978399085376900, -3.280208000381008100 ) ) ;
#3392 = VECTOR ( 'NONE', #2083, 1000.000000000000000 ) ;
#3393 = EDGE_LOOP ( 'NONE', ( #1263, #3365, #53, #1628 ) ) ;
#3394 = CARTESIAN_POINT ( 'NONE',  ( -7.364884905714278700, -4.498338443327073200, 0.0000000000000000000 ) ) ;
#3395 = ADVANCED_FACE ( 'NONE', ( #3594, #2001 ), #2064, .F. ) ;
#3396 = CARTESIAN_POINT ( 'NONE',  ( 0.03511509428571976700, -3.746184837374631400, -3.359635397412775900 ) ) ;
#3397 = CIRCLE ( 'NONE', #1846, 1.500000000000000000 ) ;
#3398 = CARTESIAN_POINT ( 'NONE',  ( -4.764884905714279000, -2.398338443327074000, 28.50000000000000000 ) ) ;
#3399 = CARTESIAN_POINT ( 'NONE',  ( 0.03511509428572122400, -3.665254071616232100, 32.47658188855594100 ) ) ;
#3400 = AXIS2_PLACEMENT_3D ( 'NONE', #3107, #3028, #2718 ) ;
#3401 = CARTESIAN_POINT ( 'NONE',  ( -0.5551510039951310600, -0.3290462694641456700, -9.852565106034541400 ) ) ;
#3402 = ORIENTED_EDGE ( 'NONE', *, *, #2287, .F. ) ;
#3403 = ORIENTED_EDGE ( 'NONE', *, *, #564, .T. ) ;
#3404 = ORIENTED_EDGE ( 'NONE', *, *, #306, .T. ) ;
#3405 = EDGE_LOOP ( 'NONE', ( #3373, #3285, #3549, #36, #2827, #1109 ) ) ;
#3406 = CARTESIAN_POINT ( 'NONE',  ( -0.7648849057142791400, -2.398338443327074500, 36.10000000000000100 ) ) ;
#3407 = DIRECTION ( 'NONE',  ( -1.000000000000000000, 0.0000000000000000000, 0.0000000000000000000 ) ) ;
#3408 = CARTESIAN_POINT ( 'NONE',  ( -0.7648849057142791400, -1.451228200663065700, 32.15919931513786900 ) ) ;
#3409 = ORIENTED_EDGE ( 'NONE', *, *, #1394, .T. ) ;
#3410 = CARTESIAN_POINT ( 'NONE',  ( -0.9092231979390045200, -3.300932277986593700, 32.02914247658741000 ) ) ;
#3411 = EDGE_CURVE ( 'NONE', #867, #2611, #1780, .T. ) ;
#3412 = CARTESIAN_POINT ( 'NONE',  ( 0.2243232423263718000, -3.234734141234133700, -3.017521395927762000 ) ) ;
#3413 = ORIENTED_EDGE ( 'NONE', *, *, #1933, .T. ) ;
#3414 = ADVANCED_FACE ( 'NONE', ( #481 ), #2760, .T. ) ;
#3415 = ORIENTED_EDGE ( 'NONE', *, *, #103, .F. ) ;
#3416 = ORIENTED_EDGE ( 'NONE', *, *, #2417, .T. ) ;
#3417 = CARTESIAN_POINT ( 'NONE',  ( -0.3748849057142785700, -4.498338443327075000, 38.49999999999999300 ) ) ;
#3418 = ORIENTED_EDGE ( 'NONE', *, *, #2510, .T. ) ;
#3419 = ORIENTED_EDGE ( 'NONE', *, *, #1267, .F. ) ;
#3420 = CARTESIAN_POINT ( 'NONE',  ( -1.292103139064662700, -2.011649025814799900, 31.99999999422254500 ) ) ;
#3421 = CARTESIAN_POINT ( 'NONE',  ( -0.7648849057142791400, -3.790157235151793400, 32.22602080043933600 ) ) ;
#3422 = LOCAL_TIME ( 10, 11, 40.00000000000000000, #476 ) ;
#3423 = ORIENTED_EDGE ( 'NONE', *, *, #2005, .T. ) ;
#3424 = DIRECTION ( 'NONE',  ( 0.0000000000000000000, 0.0000000000000000000, 1.000000000000000000 ) ) ;
#3425 = CARTESIAN_POINT ( 'NONE',  ( -0.7648849057142812500, -4.175496735233757300, -3.564977042115030000 ) ) ;
#3426 = CYLINDRICAL_SURFACE ( 'NONE', #439, 0.3899999999999999600 ) ;
#3427 = DIRECTION ( 'NONE',  ( 0.0000000000000000000, 1.000000000000000000, 0.0000000000000000000 ) ) ;
#3428 = FACE_OUTER_BOUND ( 'NONE', #3167, .T. ) ;
#3430 = ORIENTED_EDGE ( 'NONE', *, *, #1788, .F. ) ;
#3429 = AXIS2_PLACEMENT_3D ( 'NONE', #637, #2630, #912 ) ;
#3431 = VECTOR ( 'NONE', #319, 1000.000000000000000 ) ;
#3432 = DIRECTION ( 'NONE',  ( 1.000000000000000000, -0.0000000000000000000, 0.0000000000000000000 ) ) ;
#3433 = CARTESIAN_POINT ( 'NONE',  ( -0.7648849057142791400, -2.998338443327075000, 38.50000000000000000 ) ) ;
#3434 = ADVANCED_FACE ( 'NONE', ( #3428 ), #1134, .F. ) ;
#3435 = FACE_OUTER_BOUND ( 'NONE', #2204, .T. ) ;
#3436 = EDGE_CURVE ( 'NONE', #250, #1892, #1914, .T. ) ;
#3437 = CARTESIAN_POINT ( 'NONE',  ( -0.7648849057142789200, -3.006426491343056300, 32.85575584560346800 ) ) ;
#3438 = ADVANCED_FACE ( 'NONE', ( #1227 ), #381, .F. ) ;
#3439 = ORIENTED_EDGE ( 'NONE', *, *, #2417, .F. ) ;
#3440 = CIRCLE ( 'NONE', #2781, 1.000000000000000000 ) ;
#3441 = CARTESIAN_POINT ( 'NONE',  ( 0.03511509428572110600, -0.6883384433270770500, 40.00000000000000000 ) ) ;
#3442 = DIRECTION ( 'NONE',  ( 1.000000000000000000, 0.0000000000000000000, 0.0000000000000000000 ) ) ;
#3443 = EDGE_CURVE ( 'NONE', #1843, #3622, #394, .T. ) ;
#3444 = FACE_OUTER_BOUND ( 'NONE', #1583, .T. ) ;
#3445 = DIRECTION ( 'NONE',  ( 0.0000000000000000000, 0.0000000000000000000, -1.000000000000000000 ) ) ;
#3446 = ORIENTED_EDGE ( 'NONE', *, *, #3639, .T. ) ;
#3447 = CARTESIAN_POINT ( 'NONE',  ( -0.7648849057142791400, -3.354984279183052600, 32.14912239858409000 ) ) ;
#3448 = ORIENTED_EDGE ( 'NONE', *, *, #2153, .F. ) ;
#3449 = VERTEX_POINT ( 'NONE', #3513 ) ;
#3450 = CARTESIAN_POINT ( 'NONE',  ( 11.18511509428572000, -9.598338443327074600, 23.65000000000000200 ) ) ;
#3451 = AXIS2_PLACEMENT_3D ( 'NONE', #2081, #2360, #645 ) ;
#3452 = ORIENTED_EDGE ( 'NONE', *, *, #379, .T. ) ;
#3453 = CARTESIAN_POINT ( 'NONE',  ( -0.7648849057142804700, -2.946345156866555300, -3.868384461570900900 ) ) ;
#3454 = VERTEX_POINT ( 'NONE', #107 ) ;
#3455 = ADVANCED_FACE ( 'NONE', ( #572 ), #1049, .T. ) ;
#3456 = VERTEX_POINT ( 'NONE', #1243 ) ;
#3457 = EDGE_CURVE ( 'NONE', #249, #979, #3341, .T. ) ;
#3458 = ORIENTED_EDGE ( 'NONE', *, *, #497, .T. ) ;
#3459 = ORIENTED_EDGE ( 'NONE', *, *, #3251, .T. ) ;
#3460 = EDGE_CURVE ( 'NONE', #1, #2695, #2579, .T. ) ;
#3461 = CARTESIAN_POINT ( 'NONE',  ( -0.3648849057142789500, -2.398338443327074500, 29.00000000000000000 ) ) ;
#3462 = ORIENTED_EDGE ( 'NONE', *, *, #3521, .T. ) ;
#3463 = ORIENTED_EDGE ( 'NONE', *, *, #445, .T. ) ;
#3464 = VECTOR ( 'NONE', #2961, 1000.000000000000000 ) ;
#3465 = EDGE_LOOP ( 'NONE', ( #3029, #835, #266, #1897 ) ) ;
#3466 = CARTESIAN_POINT ( 'NONE',  ( -0.3748849057142804000, -4.108338443327072700, -11.00000000000000000 ) ) ;
#3467 = DIRECTION ( 'NONE',  ( -1.000000000000000000, 0.0000000000000000000, 0.0000000000000000000 ) ) ;
#3468 = LINE ( 'NONE', #1548, #1183 ) ;
#3469 = FACE_OUTER_BOUND ( 'NONE', #561, .T. ) ;
#3470 = CARTESIAN_POINT ( 'NONE',  ( 6.635115094285720400, -3.198338443327073400, 29.00000000000000000 ) ) ;
#3471 = CARTESIAN_POINT ( 'NONE',  ( 5.385115094285720400, -3.198338443327073400, 29.00000000000000000 ) ) ;
#3472 = LINE ( 'NONE', #1886, #2627 ) ;
#3473 = CC_DESIGN_DATE_AND_TIME_ASSIGNMENT ( #2269, #3094, ( #2703 ) ) ;
#3474 = FACE_OUTER_BOUND ( 'NONE', #2801, .T. ) ;
#3475 = DIRECTION ( 'NONE',  ( 1.000000000000000000, 0.0000000000000000000, 0.0000000000000000000 ) ) ;
#3476 = ORIENTED_EDGE ( 'NONE', *, *, #472, .F. ) ;
#3477 = EDGE_CURVE ( 'NONE', #3622, #1843, #1817, .T. ) ;
#3478 = CARTESIAN_POINT ( 'NONE',  ( -0.03105895251044548900, -0.4640017828360414300, 39.19196439642871600 ) ) ;
#3479 = LINE ( 'NONE', #3199, #1878 ) ;
#3480 = CARTESIAN_POINT ( 'NONE',  ( -0.7648849057142800300, -2.398338443327067400, -6.099999999999998800 ) ) ;
#3481 = CARTESIAN_POINT ( 'NONE',  ( -0.3548849057142830500, -4.498338443327072300, -9.500000000000000000 ) ) ;
#3482 = DIRECTION ( 'NONE',  ( -1.000000000000000000, -0.0000000000000000000, -0.0000000000000000000 ) ) ;
#3483 = ORIENTED_EDGE ( 'NONE', *, *, #3621, .T. ) ;
#3484 = AXIS2_PLACEMENT_3D ( 'NONE', #203, #3599, #1611 ) ;
#3485 = ORIENTED_EDGE ( 'NONE', *, *, #425, .F. ) ;
#3486 = DIRECTION ( 'NONE',  ( 0.0000000000000000000, 0.0000000000000000000, -1.000000000000000000 ) ) ;
#3487 = AXIS2_PLACEMENT_3D ( 'NONE', #917, #3225, #2635 ) ;
#3488 = CARTESIAN_POINT ( 'NONE',  ( -0.3648849057142798400, -2.398338443327071800, 1.000000000000000000 ) ) ;
#3489 = ORIENTED_EDGE ( 'NONE', *, *, #3457, .F. ) ;
#3490 = VERTEX_POINT ( 'NONE', #2679 ) ;
#3491 = DIRECTION ( 'NONE',  ( 0.0000000000000000000, 1.000000000000000000, 0.0000000000000000000 ) ) ;
#3492 = EDGE_CURVE ( 'NONE', #351, #2165, #1727, .T. ) ;
#3493 = ORIENTED_EDGE ( 'NONE', *, *, #2963, .F. ) ;
#3494 = PLANE ( 'NONE',  #2846 ) ;
#3495 = ORIENTED_EDGE ( 'NONE', *, *, #2387, .T. ) ;
#3496 = CARTESIAN_POINT ( 'NONE',  ( 11.18511509428572000, -9.698338443327072500, 23.65000000000000200 ) ) ;
#3497 = CARTESIAN_POINT ( 'NONE',  ( 0.3282787137508306800, -1.682249757071062800, -3.003317257681255900 ) ) ;
#3498 = EDGE_CURVE ( 'NONE', #3624, #3280, #2660, .T. ) ;
#3499 = ORIENTED_EDGE ( 'NONE', *, *, #2402, .T. ) ;
#3500 = DIRECTION ( 'NONE',  ( -1.000000000000000000, 0.0000000000000000000, 0.0000000000000000000 ) ) ;
#3501 = CARTESIAN_POINT ( 'NONE',  ( -0.3648849057142789500, -2.398338443327074500, 32.00000000000000000 ) ) ;
#3502 = CALENDAR_DATE ( 2015, 11, 9 ) ;
#3503 = VERTEX_POINT ( 'NONE', #2419 ) ;
#3504 = CIRCLE ( 'NONE', #1191, 1.000000000000000000 ) ;
#3505 = CYLINDRICAL_SURFACE ( 'NONE', #1636, 0.3899999999999999600 ) ;
#3506 = VERTEX_POINT ( 'NONE', #2691 ) ;
#3507 = CARTESIAN_POINT ( 'NONE',  ( -0.3748849057142776800, -4.498338443327072300, -9.499999999999989300 ) ) ;
#3508 = CARTESIAN_POINT ( 'NONE',  ( -0.5908193695204080300, -0.3598824265933661700, 33.06494927053189100 ) ) ;
#3509 = LINE ( 'NONE', #2313, #3595 ) ;
#3510 = CARTESIAN_POINT ( 'NONE',  ( -1.364884905714280000, -2.398338443327071800, -3.000000000000000000 ) ) ;
#3511 = FACE_OUTER_BOUND ( 'NONE', #2439, .T. ) ;
#3512 = DIRECTION ( 'NONE',  ( -0.0000000000000000000, -0.0000000000000000000, -1.000000000000000000 ) ) ;
#3513 = CARTESIAN_POINT ( 'NONE',  ( 4.035115094285720800, -2.398338443327071400, 0.5000000000000000000 ) ) ;
#3514 = CARTESIAN_POINT ( 'NONE',  ( -4.864884905714277800, -6.398338443327077100, 0.0000000000000000000 ) ) ;
#3515 = VERTEX_POINT ( 'NONE', #972 ) ;
#3516 = LINE ( 'NONE', #3072, #1238 ) ;
#3517 = EDGE_CURVE ( 'NONE', #1200, #3456, #874, .T. ) ;
#3518 = FACE_BOUND ( 'NONE', #2641, .T. ) ;
#3519 = CARTESIAN_POINT ( 'NONE',  ( 5.385115094285720400, -1.798338443327072800, 0.0000000000000000000 ) ) ;
#3520 = CARTESIAN_POINT ( 'NONE',  ( -0.9117769470351955200, -3.296747937859902900, -3.028261834927921600 ) ) ;
#3521 = EDGE_CURVE ( 'NONE', #3490, #643, #1639, .T. ) ;
#3522 = DIRECTION ( 'NONE',  ( -0.0000000000000000000, -0.0000000000000000000, -1.000000000000000000 ) ) ;
#3523 = VERTEX_POINT ( 'NONE', #3001 ) ;
#3524 = CARTESIAN_POINT ( 'NONE',  ( -6.114884905714277800, -1.798338443327072800, 29.00000000000000000 ) ) ;
#3525 = CARTESIAN_POINT ( 'NONE',  ( 0.03511509428572121700, -3.527886569929918000, 32.61769549832492700 ) ) ;
#3526 = DIRECTION ( 'NONE',  ( -1.219727444046192500E-016, -1.000000000000000000, 0.0000000000000000000 ) ) ;
#3527 = ORIENTED_EDGE ( 'NONE', *, *, #3182, .T. ) ;
#3528 = ORIENTED_EDGE ( 'NONE', *, *, #2440, .F. ) ;
#3529 = ORIENTED_EDGE ( 'NONE', *, *, #1057, .T. ) ;
#3530 = CARTESIAN_POINT ( 'NONE',  ( -0.7648849057142803600, -4.108338443327069100, -11.00000000000000000 ) ) ;
#3531 = AXIS2_PLACEMENT_3D ( 'NONE', #1450, #960, #1613 ) ;
#3532 = ORIENTED_EDGE ( 'NONE', *, *, #1788, .T. ) ;
#3533 = PLANE ( 'NONE',  #3239 ) ;
#3534 = DIRECTION ( 'NONE',  ( -0.0000000000000000000, -0.0000000000000000000, 1.000000000000000000 ) ) ;
#3535 = EDGE_CURVE ( 'NONE', #786, #522, #3087, .T. ) ;
#3536 = DIRECTION ( 'NONE',  ( 1.000000000000000000, 0.0000000000000000000, -0.0000000000000000000 ) ) ;
#3537 = ORIENTED_EDGE ( 'NONE', *, *, #1299, .F. ) ;
#3538 = CARTESIAN_POINT ( 'NONE',  ( -1.164884905714288000, -1.798338443327082400, -3.000000000000000000 ) ) ;
#3539 = AXIS2_PLACEMENT_3D ( 'NONE', #2705, #983, #3017 ) ;
#3540 = DIRECTION ( 'NONE',  ( 1.000000000000000000, 0.0000000000000000000, 0.0000000000000000000 ) ) ;
#3541 = CARTESIAN_POINT ( 'NONE',  ( 0.03511509428570078200, -2.623201616195158800, 32.26732381473409800 ) ) ;
#3542 = ORIENTED_EDGE ( 'NONE', *, *, #452, .T. ) ;
#3543 = DIRECTION ( 'NONE',  ( 0.0000000000000000000, -1.000000000000000000, 0.0000000000000000000 ) ) ;
#3544 = ORIENTED_EDGE ( 'NONE', *, *, #376, .T. ) ;
#3545 = EDGE_CURVE ( 'NONE', #3449, #3075, #223, .T. ) ;
#3546 = CARTESIAN_POINT ( 'NONE',  ( -0.7648849057142804700, -1.368960449755555900, -3.686226429622773800 ) ) ;
#3547 = LINE ( 'NONE', #108, #1181 ) ;
#3548 = LINE ( 'NONE', #478, #530 ) ;
#3549 = ORIENTED_EDGE ( 'NONE', *, *, #1006, .F. ) ;
#3550 = CARTESIAN_POINT ( 'NONE',  ( 0.5552762685503513900, -1.995572615366203000, 31.99999999381870100 ) ) ;
#3551 = VECTOR ( 'NONE', #2976, 1000.000000000000000 ) ;
#3552 = CARTESIAN_POINT ( 'NONE',  ( -0.7648849057142806900, -1.392204904270657900, -3.028427976223506700 ) ) ;
#3553 = FACE_OUTER_BOUND ( 'NONE', #1262, .T. ) ;
#3554 = AXIS2_PLACEMENT_3D ( 'NONE', #45, #3178, #2877 ) ;
#3555 = VECTOR ( 'NONE', #1956, 1000.000000000000000 ) ;
#3556 = DIRECTION ( 'NONE',  ( -1.228445443971150800E-016, -1.000000000000000000, 0.0000000000000000000 ) ) ;
#3557 = DIRECTION ( 'NONE',  ( 1.000000000000000000, 0.0000000000000000000, 0.0000000000000000000 ) ) ;
#3558 = EDGE_LOOP ( 'NONE', ( #2556, #155, #3081, #1114, #1435, #3163, #1518, #2905 ) ) ;
#3559 = CYLINDRICAL_SURFACE ( 'NONE', #3111, 1.499999999999999600 ) ;
#3560 = CARTESIAN_POINT ( 'NONE',  ( -3.664884905714278900, 4.701661556672927800, 0.0000000000000000000 ) ) ;
#3561 = CARTESIAN_POINT ( 'NONE',  ( -1.057239013027729200, -1.681533388186286600, -3.003342952906547000 ) ) ;
#3562 = VECTOR ( 'NONE', #2095, 1000.000000000000000 ) ;
#3563 = DIRECTION ( 'NONE',  ( 0.0000000000000000000, 0.0000000000000000000, -1.000000000000000000 ) ) ;
#3564 = CARTESIAN_POINT ( 'NONE',  ( 0.03511509428572121700, -0.9879884691240522500, 32.22037604505841600 ) ) ;
#3565 = EDGE_CURVE ( 'NONE', #2220, #2566, #3176, .T. ) ;
#3566 = LINE ( 'NONE', #665, #2820 ) ;
#3567 = CARTESIAN_POINT ( 'NONE',  ( -10.26488490571428100, -9.698338443327074300, 5.350000000000000500 ) ) ;
#3568 = EDGE_CURVE ( 'NONE', #2165, #3205, #2317, .T. ) ;
#3569 = DIRECTION ( 'NONE',  ( -9.912705577010328000E-017, 1.000000000000000000, -0.0000000000000000000 ) ) ;
#3570 = ORIENTED_EDGE ( 'NONE', *, *, #2937, .T. ) ;
#3571 = CARTESIAN_POINT ( 'NONE',  ( -14.11488490571428200, -9.598338443327074600, 29.00000000000000000 ) ) ;
#3572 = CARTESIAN_POINT ( 'NONE',  ( -4.764884905714279000, -2.398338443327074000, 29.00000000000000000 ) ) ;
#3573 = CARTESIAN_POINT ( 'NONE',  ( -0.3648849057142789500, -2.398338443327074500, 32.00000000000000000 ) ) ;
#3574 = EDGE_LOOP ( 'NONE', ( #3439, #3673, #3570, #1666 ) ) ;
#3575 = CARTESIAN_POINT ( 'NONE',  ( -0.7648849057142804700, -3.521599104733636600, -3.622573031713954200 ) ) ;
#3576 = ORIENTED_EDGE ( 'NONE', *, *, #1401, .T. ) ;
#3577 = DIRECTION ( 'NONE',  ( -0.0000000000000000000, -0.0000000000000000000, -1.000000000000000000 ) ) ;
#3578 = CARTESIAN_POINT ( 'NONE',  ( -0.3648849057142798400, -2.398338443327071800, 0.0000000000000000000 ) ) ;
#3579 = ORIENTED_EDGE ( 'NONE', *, *, #3213, .T. ) ;
#3580 = DIRECTION ( 'NONE',  ( 0.0000000000000000000, 0.0000000000000000000, 1.000000000000000000 ) ) ;
#3581 = ORIENTED_EDGE ( 'NONE', *, *, #3321, .F. ) ;
#3582 = ORIENTED_EDGE ( 'NONE', *, *, #1085, .T. ) ;
#3583 = CARTESIAN_POINT ( 'NONE',  ( 5.385115094285720400, -4.498338443327073200, 29.00000000000000000 ) ) ;
#3584 = DIRECTION ( 'NONE',  ( 0.0000000000000000000, -1.000000000000000000, 0.0000000000000000000 ) ) ;
#3585 = ORIENTED_EDGE ( 'NONE', *, *, #2486, .T. ) ;
#3586 = VERTEX_POINT ( 'NONE', #2720 ) ;
#3587 = CARTESIAN_POINT ( 'NONE',  ( -7.964884905714280100, -2.398338443327067400, -7.099999999999999600 ) ) ;
#3588 = PERSON_AND_ORGANIZATION ( #840, #995 ) ;
#3589 = PLANE ( 'NONE',  #3014 ) ;
#3590 = EDGE_CURVE ( 'NONE', #1464, #3636, #2404, .T. ) ;
#3591 = EDGE_LOOP ( 'NONE', ( #83, #2448, #1954, #2477 ) ) ;
#3592 = CARTESIAN_POINT ( 'NONE',  ( 0.03511509428572011400, -1.276581451943638000, -3.623729462376307900 ) ) ;
#3593 = LINE ( 'NONE', #219, #2759 ) ;
#3594 = FACE_BOUND ( 'NONE', #162, .T. ) ;
#3595 = VECTOR ( 'NONE', #2596, 1000.000000000000000 ) ;
#3596 = CARTESIAN_POINT ( 'NONE',  ( -7.364884905714278700, -0.4983384433270728300, 29.00000000000000000 ) ) ;
#3597 = DIRECTION ( 'NONE',  ( -0.0000000000000000000, -0.0000000000000000000, -1.000000000000000000 ) ) ;
#3598 = CARTESIAN_POINT ( 'NONE',  ( -0.7648849057142788100, -2.944324463195702200, 32.86876653466151100 ) ) ;
#3599 = DIRECTION ( 'NONE',  ( 0.0000000000000000000, -1.000000000000000000, 0.0000000000000000000 ) ) ;
#3600 = VECTOR ( 'NONE', #2700, 1000.000000000000000 ) ;
#3601 = CARTESIAN_POINT ( 'NONE',  ( -0.06414272758141083300, -0.4238300308811702700, -3.892467550252211300 ) ) ;
#3602 = ADVANCED_FACE ( 'NONE', ( #1458 ), #1294, .T. ) ;
#3603 = AXIS2_PLACEMENT_3D ( 'NONE', #2132, #1523, #2316 ) ;
#3604 = CARTESIAN_POINT ( 'NONE',  ( 0.6351150942857204400, -2.398338443327071800, -3.000000000000000000 ) ) ;
#3605 = VECTOR ( 'NONE', #1617, 1000.000000000000000 ) ;
#3606 = CARTESIAN_POINT ( 'NONE',  ( -7.364884905714278700, 0.9016615566729271300, 29.00000000000000000 ) ) ;
#3607 = CARTESIAN_POINT ( 'NONE',  ( 0.03511509428567597500, -2.868344223208547200, -3.278087450744986000 ) ) ;
#3608 = AXIS2_PLACEMENT_3D ( 'NONE', #2836, #1118, #3142 ) ;
#3609 = CIRCLE ( 'NONE', #815, 1.000000000000000200 ) ;
#3610 = DIRECTION ( 'NONE',  ( 0.0000000000000000000, 0.0000000000000000000, -1.000000000000000000 ) ) ;
#3611 = DIRECTION ( 'NONE',  ( 0.0000000000000000000, 1.000000000000000000, 0.0000000000000000000 ) ) ;
#3612 = DIRECTION ( 'NONE',  ( 1.000000000000000000, 0.0000000000000000000, 0.0000000000000000000 ) ) ;
#3613 = ORIENTED_EDGE ( 'NONE', *, *, #614, .F. ) ;
#3614 = CARTESIAN_POINT ( 'NONE',  ( -5.364884905714277800, 0.9016615566729273600, 0.0000000000000000000 ) ) ;
#3615 = EDGE_CURVE ( 'NONE', #1216, #639, #528, .T. ) ;
#3616 = EDGE_LOOP ( 'NONE', ( #27, #2093, #3409, #367, #989, #782, #769, #1278 ) ) ;
#3617 = DIRECTION ( 'NONE',  ( -1.000000000000000000, 0.0000000000000000000, 0.0000000000000000000 ) ) ;
#3618 = VERTEX_POINT ( 'NONE', #3306 ) ;
#3619 = CARTESIAN_POINT ( 'NONE',  ( 0.03511509428572110600, -3.790157235151792900, 32.22602080043933600 ) ) ;
#3620 = DIRECTION ( 'NONE',  ( 1.000000000000000000, 0.0000000000000000000, 0.0000000000000000000 ) ) ;
#3621 = EDGE_CURVE ( 'NONE', #2293, #2839, #702, .T. ) ;
#3622 = VERTEX_POINT ( 'NONE', #1890 ) ;
#3623 = ADVANCED_FACE ( 'NONE', ( #2233 ), #1367, .T. ) ;
#3624 = VERTEX_POINT ( 'NONE', #1025 ) ;
#3625 = CARTESIAN_POINT ( 'NONE',  ( -6.114884905714277800, -1.798338443327072800, 29.00000000000000000 ) ) ;
#3626 = CARTESIAN_POINT ( 'NONE',  ( 6.635115094285720400, 0.9016615566729271300, 29.00000000000000000 ) ) ;
#3627 = APPLICATION_CONTEXT ( 'configuration controlled 3d designs of mechanical parts and assemblies' ) ;
#3628 = DIRECTION ( 'NONE',  ( -0.0000000000000000000, -0.0000000000000000000, -1.000000000000000000 ) ) ;
#3629 = CARTESIAN_POINT ( 'NONE',  ( 4.035115094285721700, -2.398338443327074500, 29.00000000000000000 ) ) ;
#3630 = EDGE_LOOP ( 'NONE', ( #1899, #1756 ) ) ;
#3631 = DIRECTION ( 'NONE',  ( -2.065146995210484700E-016, 1.000000000000000000, 0.0000000000000000000 ) ) ;
#3632 = ORIENTED_EDGE ( 'NONE', *, *, #401, .F. ) ;
#3633 = CARTESIAN_POINT ( 'NONE',  ( 7.885115094285719600, -7.198338443327072500, 23.65000000000000200 ) ) ;
#3634 = ORIENTED_EDGE ( 'NONE', *, *, #287, .F. ) ;
#3635 = ORIENTED_EDGE ( 'NONE', *, *, #3074, .T. ) ;
#3636 = VERTEX_POINT ( 'NONE', #2748 ) ;
#3637 = ORIENTED_EDGE ( 'NONE', *, *, #3545, .F. ) ;
#3638 = PERSON_AND_ORGANIZATION_ROLE ( 'design_supplier' ) ;
#3639 = EDGE_CURVE ( 'NONE', #1619, #2123, #2895, .T. ) ;
#3640 = DIRECTION ( 'NONE',  ( -1.000000000000000000, 0.0000000000000000000, 0.0000000000000000000 ) ) ;
#3641 = CARTESIAN_POINT ( 'NONE',  ( 13.38511509428572500, -9.598338443327074600, 29.00000000000000000 ) ) ;
#3642 = LINE ( 'NONE', #642, #1457 ) ;
#3643 = CARTESIAN_POINT ( 'NONE',  ( 0.03511509428572110600, -2.398338443327067400, -7.099999999999999600 ) ) ;
#3644 = FACE_OUTER_BOUND ( 'NONE', #2394, .T. ) ;
#3645 = ADVANCED_FACE ( 'NONE', ( #3644 ), #2052, .F. ) ;
#3646 = VECTOR ( 'NONE', #121, 1000.000000000000000 ) ;
#3647 = CARTESIAN_POINT ( 'NONE',  ( 4.035115094285720800, -2.398338443327071400, 0.5000000000000000000 ) ) ;
#3648 = EDGE_CURVE ( 'NONE', #154, #3004, #2140, .T. ) ;
#3649 = FACE_OUTER_BOUND ( 'NONE', #2519, .T. ) ;
#3650 = CARTESIAN_POINT ( 'NONE',  ( 4.635115094285720400, -6.398338443327072700, 29.00000000000000000 ) ) ;
#3651 = VECTOR ( 'NONE', #2954, 1000.000000000000000 ) ;
#3652 = EDGE_LOOP ( 'NONE', ( #1671, #1229 ) ) ;
#3653 = DIRECTION ( 'NONE',  ( 0.0000000000000000000, 0.0000000000000000000, -1.000000000000000000 ) ) ;
#3654 = CIRCLE ( 'NONE', #2522, 1.000000000000000900 ) ;
#3655 = CARTESIAN_POINT ( 'NONE',  ( 4.635115094285720400, -6.698338443327072500, 29.00000000000000000 ) ) ;
#3656 = DIRECTION ( 'NONE',  ( -1.000000000000000000, 0.0000000000000000000, 0.0000000000000000000 ) ) ;
#3657 = DIRECTION ( 'NONE',  ( 0.0000000000000000000, -3.469446951953611000E-015, -1.000000000000000000 ) ) ;
#3658 = CIRCLE ( 'NONE', #2094, 1.500000000000000000 ) ;
#3659 = CARTESIAN_POINT ( 'NONE',  ( -0.06379969303458653300, -4.372423805516898000, -3.891584175862235400 ) ) ;
#3660 = PLANE ( 'NONE',  #1390 ) ;
#3661 = PRODUCT_DEFINITION_FORMATION_WITH_SPECIFIED_SOURCE ( 'ANY', '', #1409, .NOT_KNOWN. ) ;
#3662 = LINE ( 'NONE', #2957, #1840 ) ;
#3663 = DIRECTION ( 'NONE',  ( 1.000000000000000000, 0.0000000000000000000, 0.0000000000000000000 ) ) ;
#3664 = CARTESIAN_POINT ( 'NONE',  ( 0.03511509428571990600, -1.713947483556027300, -3.836296093086606400 ) ) ;
#3665 = ORIENTED_EDGE ( 'NONE', *, *, #1691, .T. ) ;
#3666 = ORIENTED_EDGE ( 'NONE', *, *, #587, .T. ) ;
#3667 = CARTESIAN_POINT ( 'NONE',  ( 6.635115094285720400, 0.9016615566729271300, 29.00000000000000000 ) ) ;
#3668 = EDGE_CURVE ( 'NONE', #1130, #1944, #3548, .T. ) ;
#3669 = ORIENTED_EDGE ( 'NONE', *, *, #2381, .T. ) ;
#3670 = ADVANCED_FACE ( 'NONE', ( #1269 ), #1336, .F. ) ;
#3671 = B_SPLINE_CURVE_WITH_KNOTS ( 'NONE', 3,
 ( #1187, #2915, #1479, #3478, #1771, #81, #2070, #360 ),
 .UNSPECIFIED., .F., .F.,
 ( 4, 2, 2, 4 ),
 ( 1.001076846113263700E-018, 0.0002952764659501119100, 0.0005905529319002227300, 0.001181105863800426200 ),
 .UNSPECIFIED. ) ;
#3672 = VERTEX_POINT ( 'NONE', #765 ) ;
#3673 = ORIENTED_EDGE ( 'NONE', *, *, #1346, .F. ) ;
#3674 = EDGE_LOOP ( 'NONE', ( #3532, #1815, #1806, #2435 ) ) ;
#3675 = VERTEX_POINT ( 'NONE', #493 ) ;
#3676 = CARTESIAN_POINT ( 'NONE',  ( 0.03511509428572122400, -1.131873109539304000, 32.47716272930765100 ) ) ;
#3677 = CARTESIAN_POINT ( 'NONE',  ( -0.3748849057142776800, -0.2983384433270716600, -9.499999999999989300 ) ) ;
#3678 = AXIS2_PLACEMENT_3D ( 'NONE', #655, #928, #2368 ) ;
#3679 = COORDINATED_UNIVERSAL_TIME_OFFSET ( 0, 0, .AHEAD. ) ;
ENDSEC;
END-ISO-10303-21;
